date,open,high,low,close,volume
2006-11-09,14.0,14.4,13.99,14.4,74100
2006-11-10,14.26,14.35,13.75,13.76,4400
2006-11-13,13.57,14.01,13.55,14.0,165400
2006-11-14,13.66,14.39,13.66,13.75,13400
2006-11-15,14.38,14.39,13.6,13.75,163600
2006-11-16,13.5,14.4,13.5,14.4,23600
2006-11-17,14.4,14.42,13.95,13.95,3600
2006-11-20,13.23,14.5,13.0,14.2,9900
2006-11-21,14.42,14.42,14.02,14.03,16100
2006-11-22,14.22,14.41,14.0,14.2,1600
2006-11-24,14.2,14.2,13.85,14.0,13300
2006-11-27,14.01,14.01,13.75,13.77,5800
2006-11-28,13.81,13.88,13.25,13.88,5700
2006-11-29,13.9,14.5,13.85,14.26,4000
2006-11-30,14.4,14.4,14.01,14.1,3000
2006-12-01,14.05,16.71,14.05,15.25,54500
2006-12-04,15.12,16.05,15.01,15.99,10400
2006-12-05,16.25,17.19,16.2,17.19,80600
2006-12-06,16.76,17.25,16.56,16.97,12900
2006-12-07,17.35,17.94,17.28,17.58,4200
2006-12-08,17.8,17.8,17.4,17.52,2600
2006-12-11,17.52,17.62,17.52,17.57,600
2006-12-12,17.4,17.4,16.42,16.5,19600
2006-12-13,16.4,16.4,16.25,16.4,18300
2006-12-14,16.2,16.3,15.68,15.9,5400
2006-12-15,15.8,15.8,14.75,14.75,3100
2006-12-18,14.85,14.85,14.25,14.83,9300
2006-12-19,15.08,15.08,14.75,14.75,600
2006-12-20,14.77,15.69,14.45,15.45,114600
2006-12-21,14.95,15.49,14.95,15.27,23300
2006-12-22,15.27,15.4,15.27,15.4,15400
2006-12-26,15.49,15.7,15.49,15.55,1200
2006-12-27,15.68,15.68,15.45,15.5,2300
2006-12-28,15.45,15.45,15.29,15.39,1100
2006-12-29,15.45,16.36,15.4,16.11,18000
2007-01-03,16.43,17.28,16.06,17.28,54900
2007-01-04,17.44,17.5,17.04,17.45,2500
2007-01-05,17.24,17.24,16.7,17.08,95800
2007-01-08,17.14,17.44,17.1,17.44,29400
2007-01-09,17.49,17.6,16.97,16.97,194000
2007-01-10,16.87,17.0,16.87,16.99,800
2007-01-11,16.87,17.03,16.66,17.0,8400
2007-01-12,17.05,17.12,16.99,17.0,3400
2007-01-16,17.05,17.2,16.62,16.83,3500
2007-01-17,16.85,16.85,16.6,16.6,14300
2007-01-18,16.55,16.63,16.5,16.5,20100
2007-01-19,16.49,16.5,16.25,16.34,22700
2007-01-22,16.35,16.42,16.13,16.13,1100
2007-01-23,15.91,16.1,15.63,15.65,7700
2007-01-24,15.78,16.04,15.78,16.04,2200
2007-01-25,16.04,16.2,16.04,16.14,1300
2007-01-26,16.24,16.94,16.24,16.69,4900
2007-01-29,16.76,17.95,16.76,17.81,9600
2007-01-30,18.0,18.76,17.84,18.58,14900
2007-01-31,18.72,19.26,18.56,19.26,13800
2007-02-01,19.01,20.0,19.01,19.61,23000
2007-02-02,19.79,19.79,18.66,19.15,28100
2007-02-05,19.12,19.15,18.43,19.0,48500
2007-02-06,18.91,19.16,18.69,18.99,30800
2007-02-07,18.91,19.1,18.62,18.67,11600
2007-02-08,18.56,18.93,17.96,17.99,8900
2007-02-09,8.9,9.2,8.56,8.87,559200
2007-02-12,9.22,9.36,8.75,8.86,145400
2007-02-13,8.87,8.97,8.7901,8.89,42500
2007-02-14,8.89,9.05,8.75,8.9,66400
2007-02-15,9.0,9.0,8.7,8.85,98300
2007-02-16,8.852,8.91,8.5,8.79,185400
2007-02-20,8.82,8.82,8.42,8.45,77300
2007-02-21,8.58,8.6,8.11,8.38,48900
2007-02-22,8.32,8.57,8.3,8.5,579000
2007-02-23,8.55,8.6,8.413,8.413,20500
2007-02-26,8.54,8.6499,8.3,8.4,8200
2007-02-27,8.36,8.39,8.0,8.02,55400
2007-02-28,8.01,8.01,7.62,7.9,15400
2007-03-01,7.9,7.91,7.71,7.75,12900
2007-03-02,7.7,7.75,7.45,7.46,25800
2007-03-05,7.84,7.84,6.81,6.92,75300
2007-03-06,6.95,7.16,6.85,7.0,31800
2007-03-07,7.03,7.4899,7.01,7.4899,18800
2007-03-08,7.49,7.8,7.39,7.51,20700
2007-03-09,7.55,7.68,7.4,7.46,12200
2007-03-12,7.39,7.5,7.11,7.5,19300
2007-03-13,7.44,8.0,7.36,7.46,87500
2007-03-14,7.5,7.5,7.01,7.04,24600
2007-03-15,7.04,7.2,7.02,7.02,37400
2007-03-16,7.06,7.06,6.77,6.79,9700
2007-03-19,6.82,6.82,6.21,6.36,53500
2007-03-20,6.5,6.52,6.27,6.27,22200
2007-03-21,6.29,6.29,6.04,6.04,86400
2007-03-22,6.31,6.31,6.01,6.01,21900
2007-03-23,6.05,6.19,6.04,6.08,22200
2007-03-26,6.13,6.17,6.09,6.1,6300
2007-03-27,6.05,6.1,5.93,5.96,20300
2007-03-28,6.0,6.0,5.78,5.9,25300
2007-03-29,5.88,5.98,5.77,5.8393,35900
2007-03-30,5.76,5.86,5.71,5.81,23300
2007-04-02,5.76,5.87,5.76,5.78,9400
2007-04-03,5.78,5.85,5.71,5.71,12800
2007-04-04,5.78,5.81,5.75,5.75,11400
2007-04-05,5.79,6.04,5.58,6.0,23900
2007-04-09,6.05,6.66,6.05,6.12,27600
2007-04-10,6.05,6.05,5.88,5.88,23400
2007-04-11,5.88,5.94,5.76,5.9,18100
2007-04-12,5.9,6.2,5.8,6.13,78600
2007-04-13,6.25,6.56,6.01,6.16,31700
2007-04-16,7.06,7.41,6.3,6.3,45500
2007-04-17,6.39,6.5,6.14,6.14,46500
2007-04-18,6.3,6.35,5.95,6.16,21600
2007-04-19,6.35,6.35,5.9604,6.0,19900
2007-04-20,6.11,6.11,5.94,5.95,7200
2007-04-23,6.0,6.1,5.64,5.79,22100
2007-04-24,5.79,5.86,5.79,5.81,7600
2007-04-25,5.81,5.92,5.65,5.72,15000
2007-04-26,5.72,5.9,5.67,5.82,80800
2007-04-27,5.8301,5.86,5.39,5.76,104000
2007-04-30,5.76,6.15,5.76,6.1,35400
2007-05-01,6.11,6.47,5.92,6.22,81700
2007-05-02,6.27,6.27,5.93,5.95,22900
2007-05-03,5.96,6.05,5.93,5.93,14600
2007-05-04,5.99,5.99,5.8,5.8,8100
2007-05-07,5.89,6.05,5.81,5.93,13400
2007-05-08,5.95,6.1,5.95,6.05,47200
2007-05-09,5.92,6.0248,5.92,6.01,196000
2007-05-10,6.03,6.03,5.94,5.94,27000
2007-05-11,5.92,5.94,5.56,5.6,21800
2007-05-14,5.57,5.7,5.3,5.34,25300
2007-05-15,5.4,5.45,4.95,5.05,71900
2007-05-16,5.1,5.13,5.01,5.1,22600
2007-05-17,5.1,5.18,5.06,5.08,8400
2007-05-18,5.01,5.16,4.91,5.02,13200
2007-05-21,5.0101,5.09,5.0,5.07,13700
2007-05-22,5.18,5.18,5.07,5.08,5200
2007-05-23,5.08,5.3,5.08,5.29,10200
2007-05-24,5.29,5.29,5.01,5.14,3100
2007-05-25,5.22,5.27,5.2,5.2,3600
2007-05-29,5.25,5.25,5.16,5.16,3200
2007-05-30,5.16,5.4324,5.16,5.4324,341000
2007-05-31,5.34,5.58,5.34,5.35,38300
2007-06-01,5.31,5.3388,5.25,5.28,237000
2007-06-04,5.27,5.28,5.1001,5.25,21600
2007-06-05,5.25,5.4,5.25,5.33,8100
2007-06-06,5.34,5.41,5.32,5.41,9400
2007-06-07,5.46,5.54,5.25,5.4,15500
2007-06-08,5.26,5.43,5.26,5.38,5300
2007-06-11,5.21,5.3,5.06,5.29,12900
2007-06-12,5.38,5.38,5.04,5.19,18800
2007-06-13,5.18,5.23,5.1,5.2,18700
2007-06-14,5.24,5.24,5.15,5.2,18800
2007-06-15,5.23,5.23,5.18,5.18,3400
2007-06-18,5.25,5.28,5.19,5.25,149900
2007-06-19,5.3899,5.78,5.26,5.71,20700
2007-06-20,5.75,5.75,5.61,5.61,7700
2007-06-21,5.61,6.04,5.42,6.01,315300
2007-06-22,5.95,6.25,5.8,5.99,381300
2007-06-25,6.13,6.162,5.78,5.89,18700
2007-06-26,5.95,5.95,5.75,5.79,6300
2007-06-27,5.7,5.73,5.6921,5.7,2400
2007-06-28,5.73,5.75,5.5,5.5,6700
2007-06-29,5.46,6.0,5.46,5.98,57200
2007-07-02,5.88,5.9248,5.61,5.8,12000
2007-07-03,5.85,5.92,5.76,5.85,79100
2007-07-05,5.97,5.97,5.61,5.76,13100
2007-07-06,5.868,6.0,5.7,5.85,23300
2007-07-09,5.9,6.0,5.84,5.95,18900
2007-07-10,5.95,5.95,5.73,5.82,13700
2007-07-11,5.89,5.9,5.75,5.77,21300
2007-07-12,5.7678,6.1,5.7678,5.98,13700
2007-07-13,5.98,5.98,5.83,5.92,10800
2007-07-16,5.92,6.5,5.72,6.04,223800
2007-07-17,5.92,6.07,5.9,6.02,84900
2007-07-18,6.18,6.27,6.01,6.19,16200
2007-07-19,6.101,6.26,6.0,6.05,38000
2007-07-20,6.07,6.29,6.0,6.26,18800
2007-07-23,6.3,6.3,6.02,6.21,4100
2007-07-24,6.07,6.18,5.91,6.05,12700
2007-07-25,6.12,6.13,6.0,6.04,33400
2007-07-26,6.0,6.15,6.0,6.09,59100
2007-07-27,6.1001,6.1001,5.99,6.04,58500
2007-07-30,5.93,6.15,5.85,6.02,113500
2007-07-31,6.05,6.2,5.86,6.07,12600
2007-08-01,6.03,6.09,6.0,6.05,41400
2007-08-02,6.0,6.08,6.0,6.01,117500
2007-08-03,5.91,6.1,5.82,6.05,52700
2007-08-06,6.0501,6.2499,6.0,6.07,21900
2007-08-07,6.13,6.15,5.91,5.91,67600
2007-08-08,6.05,6.15,5.83,5.89,16000
2007-08-09,5.89,6.33,5.85,6.25,18200
2007-08-10,6.22,7.17,6.16,6.71,74700
2007-08-13,6.95,7.3,6.57,7.12,87400
2007-08-14,7.0601,7.35,6.57,7.0264,27700
2007-08-15,6.56,7.25,6.56,7.24,19800
2007-08-16,7.4,7.86,7.08,7.18,20500
2007-08-17,7.25,7.71,6.65,7.71,43700
2007-08-20,7.82,7.82,6.95,7.44,24800
2007-08-21,7.39,7.44,7.32,7.44,1800
2007-08-22,7.43,7.44,6.76,7.2171,15100
2007-08-23,7.07,7.35,6.84,7.34,7700
2007-08-24,7.33,7.4,7.21,7.26,11300
2007-08-27,7.38,7.65,7.35,7.46,27000
2007-08-28,7.12,7.71,7.12,7.7,14000
2007-08-29,7.7399,8.0,7.26,7.5001,19000
2007-08-30,7.59,7.6,7.19,7.49,45700
2007-08-31,7.5,7.5,7.0,7.24,96600
2007-09-04,7.19,7.5,6.94,7.12,8200
2007-09-05,6.95,7.03,6.92,7.03,10100
2007-09-06,6.99,7.02,6.95,7.0,5000
2007-09-07,7.19,7.39,7.0901,7.38,12900
2007-09-10,7.35,7.35,7.31,7.31,73900
2007-09-11,7.27,7.27,6.94,7.24,11300
2007-09-12,7.05,7.06,6.78,6.98,34600
2007-09-13,6.82,6.82,6.31,6.52,90600
2007-09-14,6.495,6.55,6.25,6.55,13000
2007-09-17,6.56,6.56,6.13,6.47,12200
2007-09-18,6.24,6.24,5.86,6.01,79700
2007-09-19,5.99,6.05,5.91,5.95,15500
2007-09-20,5.95,6.03,5.8,5.89,18800
2007-09-21,5.97,6.16,5.97,6.09,5800
2007-09-24,6.11,6.11,6.11,6.11,700
2007-09-25,6.15,6.31,6.15,6.23,5400
2007-09-26,6.2708,6.302,6.2708,6.302,1900
2007-09-27,6.29,6.54,6.29,6.54,2400
2007-09-28,6.502,6.51,6.28,6.46,7600
2007-10-01,6.31,6.48,6.3,6.47,172200
2007-10-02,6.5,6.5,6.21,6.27,73100
2007-10-03,6.18,6.22,5.9,5.9,38900
2007-10-04,6.16,6.16,5.9,5.96,7300
2007-10-05,5.87,5.87,5.65,5.76,48400
2007-10-08,5.7,5.7,5.58,5.58,15100
2007-10-09,5.59,5.6,5.45,5.45,14800
2007-10-10,5.41,5.41,5.09,5.13,42700
2007-10-11,5.1,5.15,5.1,5.11,12000
2007-10-12,5.14,5.14,4.95,4.99,72000
2007-10-15,5.06,5.07,4.9,4.99,64700
2007-10-16,5.09,5.29,4.91,5.09,69900
2007-10-17,5.12,5.23,4.99,5.05,56000
2007-10-18,5.02,5.02,4.95,4.9997,50500
2007-10-19,4.96,5.04,4.91,4.97,68000
2007-10-22,4.97,5.21,4.97,5.21,13900
2007-10-23,5.21,5.22,5.01,5.18,8300
2007-10-24,5.19,5.25,5.1,5.25,11400
2007-10-25,5.28,5.55,5.2701,5.5199,22900
2007-10-26,5.53,5.53,5.41,5.46,12500
2007-10-29,5.57,5.79,5.51,5.79,9700
2007-10-30,5.6,5.61,5.34,5.5,58400
2007-10-31,5.5,5.62,5.44,5.62,52500
2007-11-01,5.66,5.75,5.57,5.71,81300
2007-11-02,5.7,5.7,5.0,5.0,31000
2007-11-05,5.03,5.095,4.96,5.0,28200
2007-11-06,4.92,5.06,4.9,4.93,15200
2007-11-07,4.98,5.01,4.72,4.88,13400
2007-11-08,4.8301,4.86,4.8301,4.86,1200
2007-11-09,4.8701,5.04,4.81,4.81,100600
2007-11-12,4.84,4.85,4.7,4.71,15200
2007-11-13,4.69,4.7799,4.37,4.38,13000
2007-11-14,4.41,4.41,4.26,4.35,7400
2007-11-15,4.48,4.82,4.21,4.38,8400
2007-11-16,4.178,5.0,4.178,4.36,16300
2007-11-19,4.33,4.5,3.68,4.33,43600
2007-11-20,4.44,4.99,4.34,4.75,52800
2007-11-21,4.47,5.09,4.47,5.0,224200
2007-11-23,5.05,5.15,4.98,5.1,9600
2007-11-26,5.13,5.2,4.85,4.9,13900
2007-11-27,4.91,4.91,4.58,4.65,11900
2007-11-28,4.55,4.57,4.21,4.53,112100
2007-11-29,4.56,4.75,4.49,4.73,10600
2007-11-30,4.75,5.2,4.75,4.97,47300
2007-12-03,4.99,5.0,4.94,5.0,25100
2007-12-04,5.02,5.02,4.61,4.75,13400
2007-12-05,4.66,5.1,4.5,4.97,14300
2007-12-06,5.02,5.1,4.91,4.91,19600
2007-12-07,4.88,4.98,4.88,4.98,800
2007-12-10,5.01,5.06,4.84,4.84,6600
2007-12-11,4.81,4.81,4.67,4.71,9100
2007-12-12,4.76,4.93,4.46,4.58,10100
2007-12-13,4.68,4.82,4.68,4.82,4000
2007-12-14,4.84,4.85,4.82,4.82,1400
2007-12-17,4.82,4.95,4.7101,4.85,26400
2007-12-18,4.88,5.006,4.85,4.85,7000
2007-12-19,4.82,4.87,4.3,4.65,51900
2007-12-20,4.68,4.83,4.5,4.5,19000
2007-12-21,4.49,4.71,4.49,4.59,4300
2007-12-24,4.6,4.6501,4.47,4.61,12000
2007-12-26,4.83,4.97,4.45,4.48,9800
2007-12-27,4.4,4.46,4.17,4.25,51800
2007-12-28,4.25,4.74,4.2,4.29,20000
2007-12-31,4.21,4.99,4.05,4.99,54700
2008-01-02,4.93,4.93,4.2,4.21,34000
2008-01-03,4.28,4.4,4.28,4.35,4000
2008-01-04,4.5,4.5,4.09,4.29,16700
2008-01-07,4.15,4.25,4.03,4.16,24800
2008-01-08,4.17,4.47,4.17,4.31,20500
2008-01-09,4.39,4.68,4.35,4.39,21000
2008-01-10,4.34,4.37,4.246,4.26,6300
2008-01-11,4.37,4.51,4.28,4.28,4000
2008-01-14,4.22,4.99,3.99,4.8,301200
2008-01-15,4.87,4.98,4.79,4.79,10600
2008-01-16,4.91,5.23,4.91,5.15,23500
2008-01-17,5.26,5.41,5.13,5.18,8000
2008-01-18,5.2,5.2,4.7901,5.0,8300
2008-01-22,4.62,5.0,3.9,4.64,22300
2008-01-23,4.56,4.76,4.5,4.65,3400
2008-01-24,4.57,4.57,3.75,3.87,29200
2008-01-25,3.97,4.25,3.92,4.17,9100
2008-01-28,4.14,4.14,3.95,4.01,12200
2008-01-29,4.1,4.2,3.26,4.2,55600
2008-01-30,4.05,4.27,3.74,3.78,60200
2008-01-31,3.8,4.1601,3.75,3.81,36800
2008-02-01,4.05,5.38,3.91,5.38,118700
2008-02-04,5.25,6.6,4.54,6.6,110900
2008-02-05,6.47,6.75,5.99,6.1,54800
2008-02-06,6.22,6.6,5.65,5.73,12400
2008-02-07,5.59,5.81,5.16,5.23,47900
2008-02-08,5.23,5.23,4.96,5.0,10100
2008-02-11,5.22,5.22,4.85,4.88,9700
2008-02-12,4.85,4.9299,4.6,4.9,10900
2008-02-13,4.94,5.08,4.91,4.92,19900
2008-02-14,5.04,5.08,4.99,5.01,16200
2008-02-15,5.02,5.02,4.81,4.81,5600
2008-02-19,4.76,4.92,4.36,4.75,29700
2008-02-20,4.81,4.81,4.25,4.26,5800
2008-02-21,4.34,4.43,4.18,4.2,37600
2008-02-22,4.3,4.35,4.3,4.31,8800
2008-02-25,4.34,4.76,4.25,4.73,8100
2008-02-26,4.65,5.11,4.58,5.11,17500
2008-02-27,5.06,5.24,5.05,5.1,16700
2008-02-28,4.59,5.49,4.5,4.84,14100
2008-02-29,5.08,5.24,4.82,5.13,13600
2008-03-03,5.35,5.4301,5.18,5.18,20600
2008-03-04,5.17,5.2,5.1,5.1,1400
2008-03-05,4.95,4.95,4.37,4.5299,24400
2008-03-06,4.45,4.45,4.29,4.44,493000
2008-03-07,4.59,4.59,4.235,4.4801,16100
2008-03-10,4.6199,4.62,4.44,4.5,5500
2008-03-11,4.42,4.45,4.24,4.24,6500
2008-03-12,4.37,4.4,4.27,4.27,2900
2008-03-13,4.15,4.39,4.15,4.39,3300
2008-03-14,4.38,4.5,4.17,4.17,4800
2008-03-17,4.36,4.605,4.18,4.3,1500
2008-03-18,4.24,4.24,4.05,4.17,2300
2008-03-19,4.29,4.43,4.2,4.39,4400
2008-03-20,4.28,4.5,4.19,4.21,5200
2008-03-24,4.27,4.35,4.23,4.29,12300
2008-03-25,4.31,4.41,4.31,4.4,3500
2008-03-26,4.45,4.46,4.32,4.32,18700
2008-03-27,4.39,4.42,4.1,4.1,50900
2008-03-28,4.08,4.2,3.91,4.05,25900
2008-03-31,4.41,4.63,4.02,4.43,20100
2008-04-01,4.25,4.25,4.0,4.0,11800
2008-04-02,3.99,4.11,3.5501,3.9001,32400
2008-04-03,4.06,4.36,3.95,4.15,19900
2008-04-04,4.31,4.31,3.9,4.0,5000
2008-04-07,3.95,4.2,3.95,4.14,2000
2008-04-08,4.3,4.35,4.02,4.14,27100
2008-04-09,4.11,4.11,4.07,4.07,47800
2008-04-10,4.05,4.49,4.05,4.45,3600
2008-04-11,4.35,4.4,4.16,4.17,7300
2008-04-14,4.1,4.1,4.03,4.07,3100
2008-04-15,4.02,4.17,3.95,4.04,66600
2008-04-16,4.14,4.24,3.83,3.83,7300
2008-04-17,3.94,4.29,3.77,3.82,6500
2008-04-18,3.85,4.18,3.85,4.05,17100
2008-04-21,4.0,4.0,3.89,3.98,3900
2008-04-22,3.9,3.94,3.87,3.94,1800
2008-04-23,3.91,4.15,3.88,3.94,7400
2008-04-24,3.9,4.0,3.9,4.0,3600
2008-04-25,4.02,4.05,3.96,3.96,5300
2008-04-28,4.02,4.05,3.95,3.95,3900
2008-04-29,3.89,4.02,3.73,3.75,25000
2008-04-30,3.89,4.5,3.73,4.45,43700
2008-05-01,4.4,4.43,3.73,3.73,40400
2008-05-02,3.75,4.02,3.7,3.7,13600
2008-05-05,3.74,4.09,3.73,3.87,4700
2008-05-06,3.91,4.18,3.76,3.95,5700
2008-05-07,3.98,4.04,3.98,4.0,1500
2008-05-08,3.96,4.0,3.95,3.95,2600
2008-05-09,3.9,4.0,3.87,3.87,5300
2008-05-12,3.98,4.0,3.66,3.75,25400
2008-05-13,3.72,3.9,3.72,3.76,2600
2008-05-14,3.77,3.82,3.64,3.64,2300
2008-05-15,3.72,3.79,3.64,3.64,2900
2008-05-16,3.85,4.042,3.64,3.66,20800
2008-05-19,3.79,3.79,3.71,3.74,600
2008-05-20,3.73,3.73,3.52,3.53,2800
2008-05-21,3.6,3.6,3.48,3.48,4400
2008-05-22,3.5,3.55,3.33,3.33,13500
2008-05-23,3.31,3.45,2.37,3.1,47100
2008-05-27,4.01,4.01,3.0,3.01,24700
2008-05-28,2.99,3.01,2.8,2.94,8400
2008-05-29,2.82,3.01,2.8,2.99,16700
2008-05-30,3.03,3.5,2.91,3.1,26500
2008-06-02,2.65,3.0,2.65,2.98,7400
2008-06-03,2.75,3.0,2.71,2.9301,8300
2008-06-04,2.86,2.99,2.75,2.99,5800
2008-06-05,3.0,3.0,2.85,2.91,9900
2008-06-06,2.8,2.9,2.72,2.8799,3100
2008-06-09,3.24,3.24,2.75,2.75,3400
2008-06-10,2.68,2.87,2.31,2.87,80600
2008-06-11,2.73,2.82,2.65,2.82,11500
2008-06-12,2.79,2.83,2.65,2.65,7900
2008-06-13,3.14,3.14,2.76,3.0,72300
2008-06-16,3.0,3.16,2.89,2.92,77700
2008-06-17,2.91,2.95,2.85,2.85,58600
2008-06-18,2.88,2.93,2.85,2.85,63000
2008-06-19,2.8,2.95,2.8,2.8,79400
2008-06-20,2.72,2.81,1.98,2.1,490200
2008-06-23,2.17,2.4499,1.96,2.16,163500
2008-06-24,2.2,2.2,2.05,2.16,97600
2008-06-25,2.16,2.35,2.15,2.25,28800
2008-06-26,2.31,2.3152,2.2,2.25,32100
2008-06-27,2.29,2.38,2.26,2.26,29700
2008-06-30,2.29,2.35,2.12,2.23,38600
2008-07-01,2.27,2.28,2.05,2.09,18900
2008-07-02,2.07,2.19,2.05,2.06,25300
2008-07-03,2.11,2.24,1.99,2.24,115000
2008-07-07,2.28,2.28,2.1,2.11,67000
2008-07-08,2.1,2.18,2.02,2.02,46300
2008-07-09,1.99,2.161,1.98,2.02,42900
2008-07-10,2.06,2.06,1.87,2.0,32000
2008-07-11,1.88,2.0,1.8051,1.94,46300
2008-07-14,1.99,2.06,1.95,1.97,7200
2008-07-15,1.99,2.2,1.99,2.05,71400
2008-07-16,2.08,2.18,1.9999,2.03,25900
2008-07-17,2.04,2.0879,1.96,1.9799,17200
2008-07-18,2.02,2.05,1.97,1.99,13200
2008-07-21,2.05,2.06,1.95,2.02,20100
2008-07-22,2.05,2.13,1.95,2.01,11100
2008-07-23,2.09,3.02,2.0,2.7999,81800
2008-07-24,2.89,2.9824,2.64,2.68,42800
2008-07-25,2.75,2.8899,2.7201,2.8,27900
2008-07-28,2.84,2.85,2.73,2.79,6200
2008-07-29,2.64,2.9,2.5,2.66,27500
2008-07-30,2.72,2.8,2.44,2.53,29400
2008-07-31,2.65,2.84,2.45,2.83,50700
2008-08-01,2.83,2.87,2.77,2.79,12000
2008-08-04,2.85,3.0,2.8,2.85,21100
2008-08-05,2.86,2.9,2.79,2.84,10900
2008-08-06,2.8,2.83,2.8,2.82,14000
2008-08-07,2.81,2.83,2.77,2.8,4800
2008-08-08,2.8,2.8199,2.8,2.8,2000
2008-08-11,2.7601,2.8076,2.76,2.79,9100
2008-08-12,2.75,2.77,2.75,2.77,1300
2008-08-13,2.89,2.89,2.75,2.75,8200
2008-08-14,2.78,2.78,2.6901,2.74,4100
2008-08-15,2.74,2.75,2.7,2.7,2000
2008-08-18,2.79,2.79,2.61,2.66,3700
2008-08-19,2.65,2.65,2.56,2.5899,5000
2008-08-20,2.57,2.62,2.56,2.6099,1400
2008-08-21,2.99,3.0,2.71,2.71,1900
2008-08-22,2.8,2.88,2.7,2.7,4400
2008-08-25,2.66,2.68,2.66,2.68,600
2008-08-26,2.62,2.68,2.56,2.5899,7600
2008-08-27,2.54,2.78,2.05,2.15,79400
2008-08-28,2.2,2.46,2.0,2.3,37200
2008-08-29,2.0301,2.62,2.0301,2.43,26100
2008-09-02,2.54,2.6,2.29,2.48,10200
2008-09-03,2.41,2.53,2.4,2.4499,3700
2008-09-04,2.29,2.31,2.17,2.26,7500
2008-09-05,2.23,2.23,2.1,2.1399,13800
2008-09-08,2.4,2.4001,2.2,2.2,6900
2008-09-09,2.3599,2.37,2.24,2.24,4500
2008-09-10,2.2,2.2,2.11,2.11,8600
2008-09-11,2.06,2.54,1.9,1.9,14000
2008-09-12,2.49,2.49,1.93,2.15,15700
2008-09-15,2.43,2.43,1.96,1.96,57600
2008-09-16,1.89,2.16,1.85,2.03,17100
2008-09-17,2.01,2.01,1.2,1.79,71100
2008-09-18,2.08,2.08,1.4,1.75,33200
2008-09-19,1.76,1.99,1.57,1.57,28300
2008-09-22,1.54,1.73,1.38,1.42,27100
2008-09-23,1.35,1.6,1.34,1.6,8400
2008-09-24,1.61,1.68,1.49,1.62,3700
2008-09-25,1.3,1.35,1.15,1.32,164200
2008-09-26,1.35,1.35,1.2,1.22,34200
2008-09-29,1.2999,1.34,1.0,1.03,68700
2008-09-30,1.05,1.31,0.85,1.3,234800
2008-10-01,1.3,1.31,1.1,1.15,294400
2008-10-02,1.12,1.45,1.12,1.23,40900
2008-10-03,1.28,1.43,1.25,1.4,13400
2008-10-06,1.43,1.65,1.28,1.65,126700
2008-10-07,1.99,1.99,1.5,1.67,35400
2008-10-08,1.65,1.8604,1.45,1.5,30900
2008-10-09,1.69,1.75,1.65,1.75,5000
2008-10-10,1.69,2.0,1.5,1.55,27200
2008-10-13,1.97,1.98,1.51,1.51,18400
2008-10-14,1.51,1.68,1.51,1.65,7700
2008-10-15,1.67,1.72,1.55,1.62,8800
2008-10-16,1.74,1.74,1.68,1.68,1700
2008-10-17,1.85,1.94,1.55,1.79,16900
2008-10-20,1.6,1.95,1.6,1.84,16900
2008-10-21,1.9,1.9,1.79,1.79,3700
2008-10-22,1.8,1.8,1.6,1.72,8700
2008-10-23,1.58,1.58,1.27,1.36,46100
2008-10-24,1.5,1.5,1.48,1.48,1800
2008-10-27,1.47,1.5,1.22,1.32,254000
2008-10-28,1.5,1.5,0.9,1.35,94400
2008-10-29,1.38,1.38,1.02,1.29,24400
2008-10-30,1.06,1.37,1.06,1.14,8700
2008-10-31,1.15,1.89,1.0,1.6,41400
2008-11-03,1.78,1.78,1.48,1.49,15400
2008-11-04,1.49,1.51,1.37,1.37,10300
2008-11-05,1.42,1.51,1.42,1.42,7100
2008-11-06,1.37,1.38,1.36,1.36,2200
2008-11-07,1.3,1.36,1.3,1.36,1900
2008-11-10,1.43,1.43,1.3,1.3,4800
2008-11-11,1.3,1.31,1.28,1.2962,1200
2008-11-12,1.2801,1.4072,1.2,1.2478,24400
2008-11-13,1.3,1.3,1.25,1.26,2000
2008-11-14,1.22,1.22,1.2,1.21,400
2008-11-17,1.06,1.18,1.05,1.15,14100
2008-11-18,1.05,1.17,1.05,1.15,16700
2008-11-19,1.1199,1.1199,1.05,1.07,2800
2008-11-20,1.05,1.05,1.0,1.0,5600
2008-11-21,0.96,1.02,0.9,1.0,21800
2008-11-24,1.0,1.04,1.0,1.0,18900
2008-11-25,1.02,1.15,1.0,1.0,24700
2008-11-26,1.0,1.1099,0.98,1.02,61000
2008-11-28,1.02,1.14,1.02,1.14,3700
2008-12-01,1.16,1.35,1.01,1.02,14100
2008-12-02,1.0001,1.07,1.0,1.0,17900
2008-12-03,1.01,1.01,1.0,1.0,4100
2008-12-04,1.0,1.03,0.97,1.0,322200
2008-12-05,0.96,1.15,0.95,1.01,4600
2008-12-08,1.0,1.09,0.9999,0.9999,161200
2008-12-09,0.975,1.03,0.975,1.01,97700
2008-12-10,1.08,1.08,1.01,1.01,8800
2008-12-11,1.01,1.03,0.99,1.0,30500
2008-12-12,0.99,1.0188,0.99,1.0,4300
2008-12-15,1.03,1.05,1.03,1.05,1200
2008-12-16,1.09,1.09,1.01,1.01,4400
2008-12-17,1.0,1.0,0.99,0.99,8000
2008-12-18,1.0001,1.0001,0.95,0.95,364100
2008-12-19,0.94,1.06,0.85,0.85,15600
2008-12-22,0.85,0.9,0.85,0.87,3600
2008-12-23,0.95,1.0001,0.94,0.9401,31100
2008-12-24,0.9399,0.99,0.9328,0.99,11200
2008-12-26,0.9901,0.9901,0.88,0.88,14300
2008-12-29,0.88,1.05,0.88,0.88,38500
2008-12-30,1.02,1.02,0.88,0.8808,46200
2008-12-31,0.88,0.92,0.65,0.68,217800
2009-01-02,0.745,0.7799,0.7,0.75,280300
2009-01-05,0.84,0.84,0.7301,0.82,307200
2009-01-06,0.85,0.85,0.82,0.82,107300
2009-01-07,0.83,0.865,0.8297,0.83,58700
2009-01-08,0.86,0.96,0.83,0.93,155100
2009-01-09,0.97,1.36,0.96,1.25,145600
2009-01-12,1.3,1.3,1.1,1.197,42300
2009-01-13,1.08,1.1801,1.06,1.08,19600
2009-01-14,1.12,1.1799,1.06,1.13,15100
2009-01-15,1.19,1.19,1.07,1.09,6000
2009-01-16,1.07,1.08,0.96,1.042,11900
2009-01-20,1.0,1.0,0.93,0.93,6400
2009-01-21,0.95,0.99,0.93,0.97,7200
2009-01-22,0.93,0.9512,0.914,0.93,8100
2009-01-23,0.93,1.0054,0.92,1.0,12700
2009-01-26,1.05,1.1,1.04,1.04,34300
2009-01-27,1.09,1.11,1.06,1.08,5500
2009-01-28,1.13,1.25,1.09,1.18,52300
2009-01-29,1.18,1.2,1.15,1.2,9800
2009-01-30,1.15,1.15,1.05,1.06,2500
2009-02-02,1.12,1.15,1.1,1.1101,8100
2009-02-03,1.28,1.28,1.13,1.2399,32700
2009-02-04,1.2,1.2392,1.2,1.22,4200
2009-02-05,1.21,1.27,1.21,1.25,5300
2009-02-06,1.28,1.3,1.28,1.3,13000
2009-02-09,1.31,1.4,1.3,1.3999,25400
2009-02-10,1.36,1.4,1.35,1.35,23300
2009-02-11,1.37,1.4199,1.34,1.4,13300
2009-02-12,1.42,1.56,1.36,1.55,19800
2009-02-13,1.55,1.75,1.46,1.75,26800
2009-02-17,1.7,1.7001,1.5,1.69,66700
2009-02-18,1.66,1.72,1.6,1.72,51100
2009-02-19,1.72,1.72,1.66,1.686,8700
2009-02-20,1.65,1.6501,1.5601,1.59,19800
2009-02-23,1.55,1.58,1.5,1.53,15400
2009-02-24,1.55,1.5699,1.52,1.5399,5500
2009-02-25,1.55,1.72,1.52,1.6,12100
2009-02-26,1.65,1.72,1.5,1.56,18800
2009-02-27,1.5101,1.6,1.51,1.58,4900
2009-03-02,1.52,1.52,1.3,1.3,24800
2009-03-03,1.38,1.47,1.31,1.4,16900
2009-03-04,1.4,1.65,1.4,1.4,15700
2009-03-05,1.4,1.4001,1.35,1.373,4500
2009-03-06,1.32,1.48,1.3105,1.48,29700
2009-03-09,1.64,1.6501,1.51,1.51,22200
2009-03-10,1.5,1.5499,1.49,1.49,3100
2009-03-11,1.72,1.72,1.49,1.63,2900
2009-03-12,1.71,1.71,1.4,1.56,34100
2009-03-13,1.69,1.72,1.42,1.4756,39700
2009-03-16,1.55,1.5501,1.46,1.47,1700
2009-03-17,1.4999,1.5,1.3201,1.4699,2300
2009-03-18,1.53,1.546,1.3024,1.38,12800
2009-03-19,1.38,1.38,1.38,1.38,0
2009-03-20,1.4,1.52,1.4,1.52,6100
2009-03-23,1.58,1.58,1.4,1.52,12300
2009-03-24,1.55,1.68,1.5499,1.68,42800
2009-03-25,1.69,1.7637,1.6,1.69,21700
2009-03-26,1.8,1.8,1.62,1.68,3900
2009-03-27,1.73,1.7928,1.68,1.68,5200
2009-03-30,1.61,1.61,1.55,1.56,5700
2009-03-31,1.56,1.57,1.56,1.57,3900
2009-04-01,1.54,1.55,1.49,1.55,2700
2009-04-02,1.57,1.73,1.57,1.65,7300
2009-04-03,1.64,1.65,1.49,1.6301,1600
2009-04-06,1.79,1.79,1.7099,1.7099,2200
2009-04-07,1.71,1.71,1.42,1.6,6900
2009-04-08,1.5201,1.65,1.47,1.5299,3800
2009-04-09,1.56,1.67,1.55,1.67,5000
2009-04-13,1.61,1.61,1.6,1.6,700
2009-04-14,1.55,1.67,1.55,1.61,10500
2009-04-15,1.68,1.75,1.65,1.65,8200
2009-04-16,1.66,2.0,1.6154,1.63,43000
2009-04-17,1.84,1.84,1.64,1.64,13800
2009-04-20,1.6201,1.6201,1.41,1.59,20800
2009-04-21,1.6,1.89,1.6,1.6101,3800
2009-04-22,1.64,1.65,1.61,1.61,3800
2009-04-23,1.6201,1.68,1.59,1.68,23900
2009-04-24,1.9,2.0,1.68,1.85,42900
2009-04-27,1.69,1.71,1.5201,1.6,14800
2009-04-28,1.62,1.754,1.62,1.7001,13300
2009-04-29,1.76,1.77,1.63,1.7699,6200
2009-04-30,1.78,1.81,1.69,1.742,8600
2009-05-01,1.79,1.79,1.69,1.73,26200
2009-05-04,1.75,1.75,1.65,1.6899,11800
2009-05-05,1.69,1.69,1.63,1.65,3300
2009-05-06,1.7202,1.7499,1.6601,1.6601,8700
2009-05-07,1.74,1.77,1.65,1.67,37600
2009-05-08,1.66,1.77,1.65,1.74,15000
2009-05-11,1.65,1.8,1.65,1.8,14100
2009-05-12,1.74,1.94,1.66,1.7,16100
2009-05-13,1.77,2.08,1.73,2.04,64400
2009-05-14,2.0,2.1,2.0,2.05,31200
2009-05-15,2.04,2.05,1.49,1.62,146800
2009-05-18,1.55,1.55,1.48,1.48,100600
2009-05-19,1.5,1.55,1.43,1.44,48300
2009-05-20,1.5299,1.5299,1.4,1.46,20600
2009-05-21,1.48,1.4997,1.4,1.4,21700
2009-05-22,1.4,1.42,1.28,1.29,31700
2009-05-26,1.29,1.3147,1.26,1.26,7300
2009-05-27,1.26,1.26,1.2,1.25,19700
2009-05-28,1.21,1.37,1.1,1.26,22900
2009-05-29,1.2201,1.23,1.16,1.2299,4300
2009-06-01,1.19,1.2,1.13,1.14,19300
2009-06-02,1.1899,1.2,1.17,1.17,9000
2009-06-03,1.2,1.2,1.1,1.16,14300
2009-06-04,1.17,1.1899,1.17,1.1899,1300
2009-06-05,1.23,1.23,1.18,1.18,7100
2009-06-08,1.2001,1.22,1.2,1.21,16800
2009-06-09,1.25,1.575,1.235,1.44,41600
2009-06-10,1.4,1.52,1.3901,1.5199,33400
2009-06-11,1.5,1.5168,1.44,1.49,8300
2009-06-12,1.45,1.49,1.4001,1.46,3800
2009-06-15,1.56,1.56,1.4,1.5099,7700
2009-06-16,1.5,1.59,1.5,1.5599,11200
2009-06-17,1.59,1.59,1.56,1.56,20000
2009-06-18,1.38,1.52,1.37,1.5,4300
2009-06-19,1.51,1.5199,1.2499,1.3,31400
2009-06-22,1.29,1.29,1.25,1.28,5600
2009-06-23,1.25,1.29,1.24,1.29,6700
2009-06-24,1.3,1.34,1.3,1.34,1500
2009-06-25,1.4,1.4,1.33,1.33,7000
2009-06-26,1.35,1.36,1.29,1.35,5200
2009-06-29,1.35,1.78,1.3,1.4,121300
2009-06-30,1.76,1.76,1.45,1.6,49600
2009-07-01,1.67,1.69,1.66,1.69,21100
2009-07-02,1.75,1.75,1.5452,1.68,7300
2009-07-06,1.65,1.69,1.65,1.69,11000
2009-07-07,1.71,1.75,1.55,1.64,11700
2009-07-08,1.485,1.58,1.48,1.55,7300
2009-07-09,1.5,1.5084,1.38,1.38,6200
2009-07-10,1.3925,1.4099,1.3925,1.4,1300
2009-07-13,1.41,1.41,1.3,1.3901,4200
2009-07-14,1.39,1.42,1.37,1.41,3900
2009-07-15,1.47,2.05,1.42,1.9999,108400
2009-07-16,2.07,2.41,1.8852,2.38,99400
2009-07-17,2.42,2.42,1.57,1.95,93500
2009-07-20,1.84,1.85,1.6,1.82,61500
2009-07-21,1.8,1.9,1.68,1.69,6400
2009-07-22,1.69,1.92,1.69,1.75,9100
2009-07-23,1.76,1.85,1.62,1.7,19200
2009-07-24,1.72,1.78,1.71,1.76,9900
2009-07-27,1.75,2.0,1.72,1.8916,22800
2009-07-28,1.95,2.0,1.91,1.9494,13500
2009-07-29,2.0,2.3022,2.0,2.25,62600
2009-07-30,2.18,2.33,2.18,2.29,16700
2009-07-31,2.216,2.42,2.0,2.05,38800
2009-08-03,2.05,2.13,2.01,2.09,22400
2009-08-04,2.0,2.0011,1.84,1.95,23500
2009-08-05,2.0,2.42,1.95,2.02,25900
2009-08-06,2.0336,2.04,1.95,2.01,15800
2009-08-07,2.09,2.1789,2.04,2.04,23100
2009-08-10,2.03,2.03,1.96,1.99,7600
2009-08-11,2.01,2.03,1.9873,1.99,16800
2009-08-12,2.0297,2.08,1.9,1.9901,27200
2009-08-13,1.99,2.0299,1.9419,1.97,5300
2009-08-14,2.0299,2.0299,1.75,1.83,39000
2009-08-17,1.81,1.83,1.75,1.79,8200
2009-08-18,1.7901,1.7901,1.6499,1.7899,42000
2009-08-19,1.7501,1.7799,1.73,1.75,6600
2009-08-20,1.99,1.99,1.73,1.73,2800
2009-08-21,1.8,1.8,1.79,1.8,7600
2009-08-24,1.59,1.8,1.59,1.66,49600
2009-08-25,1.79,1.79,1.55,1.6799,16200
2009-08-26,1.74,1.78,1.68,1.78,15000
2009-08-27,1.8,1.99,1.6901,1.8699,31200
2009-08-28,1.97,1.99,1.78,1.89,29500
2009-08-31,1.9399,1.9399,1.75,1.8099,13200
2009-09-01,1.75,1.83,1.7,1.73,15300
2009-09-02,1.73,1.73,1.43,1.62,36900
2009-09-03,1.5612,1.58,1.46,1.48,27200
2009-09-04,1.59,1.67,1.55,1.58,15700
2009-09-08,1.6468,1.6468,1.38,1.4405,45000
2009-09-09,1.5,1.61,1.43,1.49,64600
2009-09-10,1.61,1.66,1.38,1.53,36700
2009-09-11,1.65,1.7199,1.62,1.7,49100
2009-09-14,1.66,1.71,1.65,1.7,10300
2009-09-15,1.71,1.77,1.66,1.77,38200
2009-09-16,1.82,1.93,1.8,1.93,19600
2009-09-17,1.9001,1.92,1.8,1.8499,21200
2009-09-18,1.81,1.9,1.78,1.9,8600
2009-09-21,1.9,1.97,1.84,1.95,29900
2009-09-22,1.96,1.96,1.9,1.9,31400
2009-09-23,1.88,1.886,1.69,1.73,29600
2009-09-24,1.76,1.76,1.71,1.72,7700
2009-09-25,1.76,1.76,1.59,1.59,43500
2009-09-28,1.75,1.76,1.65,1.73,25500
2009-09-29,1.74,1.74,1.64,1.65,18500
2009-09-30,1.6601,1.68,1.6,1.6,15600
2009-10-01,1.6,1.62,1.59,1.59,13000
2009-10-02,1.55,1.6085,1.51,1.55,11700
2009-10-05,1.53,1.53,1.5,1.5199,23300
2009-10-06,1.5,1.7,1.48,1.7,35600
2009-10-07,1.66,1.79,1.66,1.78,41800
2009-10-08,1.8,1.84,1.63,1.7099,37200
2009-10-09,1.74,1.95,1.67,1.83,47300
2009-10-12,1.89,1.89,1.52,1.67,62000
2009-10-13,1.72,1.81,1.72,1.79,10900
2009-10-14,1.8,1.8,1.75,1.7999,3300
2009-10-15,2.0,2.24,1.95,1.96,283800
2009-10-16,2.0,2.0,1.8,1.8799,29000
2009-10-19,1.93,1.99,1.92,1.99,23200
2009-10-20,2.01,2.0299,1.85,1.87,19000
2009-10-21,1.86,1.96,1.85,1.93,19600
2009-10-22,1.9,1.94,1.85,1.85,12300
2009-10-23,1.9,1.9,1.85,1.8501,15400
2009-10-26,1.92,1.94,1.88,1.9,11400
2009-10-27,1.93,1.97,1.91,1.95,36400
2009-10-28,2.0,2.1,1.75,1.89,31700
2009-10-29,1.8602,1.8602,1.75,1.75,13200
2009-10-30,1.8,1.8,1.66,1.66,11700
2009-11-02,1.68,1.78,1.65,1.6998,23800
2009-11-03,1.8,1.8,1.73,1.774,2100
2009-11-04,1.71,1.7676,1.71,1.75,2000
2009-11-05,1.7101,1.7101,1.47,1.59,74400
2009-11-06,1.5,1.76,1.5,1.71,25500
2009-11-09,1.63,1.81,1.63,1.78,24700
2009-11-10,1.8,1.8,1.65,1.6899,15500
2009-11-11,1.67,1.83,1.67,1.81,41100
2009-11-12,1.87,1.94,1.83,1.92,74000
2009-11-13,1.9001,1.94,1.9001,1.92,10900
2009-11-16,2.0,2.0,1.91,1.9401,40700
2009-11-17,1.97,2.02,1.94,2.02,40600
2009-11-18,2.0115,2.05,1.85,2.02,163100
2009-11-19,2.03,2.03,1.86,1.9,34300
2009-11-20,1.94,1.99,1.92,1.92,14500
2009-11-23,1.8748,1.88,1.85,1.8699,5900
2009-11-24,1.8768,1.89,1.8768,1.8803,29700
2009-11-25,1.88,1.88,1.88,1.88,1900
2009-11-27,1.9,1.98,1.8,1.88,54600
2009-11-30,2.05,2.1,1.89,2.1,185300
2009-12-01,2.14,2.25,2.14,2.23,139900
2009-12-02,2.24,2.28,2.2,2.21,61500
2009-12-03,2.29,2.3,2.15,2.15,76400
2009-12-04,2.2,2.24,2.18,2.24,57800
2009-12-07,2.25,2.3,2.199,2.25,119400
2009-12-08,2.32,2.32,2.163,2.2,62200
2009-12-09,2.2,2.2,2.07,2.09,33800
2009-12-10,2.17,2.17,2.1,2.17,32500
2009-12-11,2.15,2.1591,2.1,2.1,37300
2009-12-14,2.15,2.15,2.06,2.09,23900
2009-12-15,2.09,2.17,2.0701,2.15,27500
2009-12-16,3.74,3.89,3.13,3.19,8967000
2009-12-17,3.11,3.5,3.05,3.5,2036900
2009-12-18,3.42,3.5,3.25,3.28,328300
2009-12-21,3.28,3.61,3.26,3.36,478500
2009-12-22,3.4,3.45,3.02,3.18,389900
2009-12-23,3.72,3.88,3.37,3.48,3454500
2009-12-24,3.59,3.6,3.3,3.33,406900
2009-12-28,3.43,3.43,3.13,3.18,366700
2009-12-29,3.17,3.23,2.98,3.16,592600
2009-12-30,3.15,3.15,2.9,3.04,365000
2009-12-31,3.04,3.3,2.9,3.11,389000
2010-01-04,3.1,3.23,3.1,3.13,198600
2010-01-05,3.13,3.23,3.03,3.2,359700
2010-01-06,3.25,3.6,3.12,3.34,1425000
2010-01-07,3.31,3.5,3.31,3.47,465100
2010-01-08,3.46,3.46,3.37,3.39,299100
2010-01-11,3.78,3.8,3.05,3.05,4831900
2010-01-12,3.15,3.24,2.98,3.12,793400
2010-01-13,3.12,3.17,3.0,3.01,309500
2010-01-14,3.01,3.1,2.83,2.83,405800
2010-01-15,2.87,2.9,2.65,2.7,596100
2010-01-19,2.66,2.81,2.58,2.68,400100
2010-01-20,2.72,2.7299,2.59,2.7,296900
2010-01-21,2.69,2.71,2.45,2.6,658700
2010-01-22,2.44,2.44,2.24,2.28,2549700
2010-01-25,2.25,2.38,2.18,2.29,583200
2010-01-26,2.32,2.54,2.29,2.32,1016000
2010-01-27,2.3,2.33,2.15,2.244,298000
2010-01-28,2.28,2.69,2.24,2.38,2297900
2010-01-29,2.42,2.67,2.28,2.36,981500
2010-02-01,2.4,2.5,2.38,2.42,873100
2010-02-02,2.6,2.87,2.49,2.7,3074400
2010-02-03,2.62,2.78,2.61,2.71,720000
2010-02-04,2.72,2.7301,2.42,2.52,709300
2010-02-05,2.49,2.5,2.3506,2.38,473300
2010-02-08,2.42,2.5,2.31,2.42,389600
2010-02-09,2.47,2.5099,2.32,2.37,344600
2010-02-10,2.41,2.5201,2.33,2.51,253100
2010-02-11,2.5,2.56,2.38,2.5,215500
2010-02-12,2.5,2.5,2.36,2.41,334200
2010-02-16,2.44,2.48,2.35,2.39,449000
2010-02-17,2.48,2.5,2.33,2.35,421000
2010-02-18,2.35,2.4,2.32,2.38,110000
2010-02-19,2.41,2.42,2.37,2.385,83600
2010-02-22,2.37,2.44,2.33,2.4,121300
2010-02-23,2.36,2.36,2.3,2.3,159400
2010-02-24,2.34,2.34,2.21,2.23,161400
2010-02-25,2.22,2.28,2.12,2.28,209400
2010-02-26,2.26,2.34,2.25,2.33,109000
2010-03-01,2.36,2.38,2.25,2.27,134100
2010-03-02,2.31,2.31,2.1899,2.3,153600
2010-03-03,2.27,2.3296,2.24,2.31,69200
2010-03-04,2.31,2.33,2.28,2.32,74200
2010-03-05,2.32,2.44,2.3,2.43,231200
2010-03-08,2.43,2.45,2.35,2.44,150300
2010-03-09,2.43,2.83,2.39,2.64,955800
2010-03-10,2.68,2.75,2.61,2.7,424300
2010-03-11,2.7,2.7376,2.6201,2.7,141200
2010-03-12,2.69,2.74,2.51,2.62,229000
2010-03-15,2.66,2.74,2.62,2.65,137100
2010-03-16,2.7,2.92,2.59,2.87,566600
2010-03-17,2.91,2.95,2.76,2.87,252300
2010-03-18,2.89,2.91,2.76,2.84,101400
2010-03-19,2.83,2.833,2.64,2.76,226100
2010-03-22,2.79,2.86,2.69,2.8,203000
2010-03-23,2.81,2.81,2.76,2.8,67800
2010-03-24,2.76,2.79,2.6601,2.78,96600
2010-03-25,2.78,2.8,2.62,2.62,243800
2010-03-26,2.61,2.67,2.54,2.58,158500
2010-03-29,2.59,2.75,2.59,2.74,124500
2010-03-30,2.74,2.84,2.68,2.75,154800
2010-03-31,2.75,2.81,2.7,2.77,154100
2010-04-01,2.78,2.8,2.7,2.8,99100
2010-04-05,2.78,2.9101,2.76,2.9,132900
2010-04-06,2.9,2.98,2.81,2.95,261200
2010-04-07,2.95,3.08,2.92,3.02,279200
2010-04-08,3.0,3.1,2.96,3.0,253900
2010-04-09,3.04,3.0799,2.99,3.02,127400
2010-04-12,3.04,3.0998,2.96,2.98,199900
2010-04-13,3.0,3.12,3.0,3.08,248400
2010-04-14,3.08,3.27,3.06,3.255,752800
2010-04-15,3.3,3.3,2.86,2.9,677800
2010-04-16,2.9,2.91,2.67,2.75,343500
2010-04-19,2.75,2.8511,2.71,2.74,126000
2010-04-20,2.8,2.82,2.7,2.77,99800
2010-04-21,2.81,2.84,2.65,2.65,89100
2010-04-22,2.66,2.8,2.61,2.77,116500
2010-04-23,2.78,2.81,2.75,2.75,134900
2010-04-26,2.82,2.9,2.76,2.79,210000
2010-04-27,2.82,2.9,2.79,2.83,158300
2010-04-28,2.83,2.84,2.6,2.64,300300
2010-04-29,2.66,2.8,2.66,2.69,285400
2010-04-30,2.72,2.8,2.63,2.63,97900
2010-05-03,2.69,2.72,2.64,2.7,167700
2010-05-04,2.64,2.74,2.64,2.71,218700
2010-05-05,2.68,2.68,2.5,2.52,160100
2010-05-06,2.51,2.51,2.25,2.39,281200
2010-05-07,2.35,2.37,2.12,2.29,166400
2010-05-10,2.37,2.45,2.15,2.35,170400
2010-05-11,2.36,2.39,2.29,2.36,277900
2010-05-12,2.86,2.94,2.59,2.7,1032100
2010-05-13,2.7,2.7001,2.52,2.58,293400
2010-05-14,2.59,2.59,2.45,2.57,124600
2010-05-17,2.59,2.59,2.45,2.5,99600
2010-05-18,2.57,2.57,2.4,2.48,146300
2010-05-19,2.4201,2.47,2.33,2.4,162700
2010-05-20,2.3,2.3299,2.07,2.24,300200
2010-05-21,2.17,2.35,1.99,2.27,193100
2010-05-24,2.3,2.38,2.2701,2.28,29500
2010-05-25,2.23,2.3,2.144,2.3,127500
2010-05-26,2.2974,2.33,2.205,2.2796,78100
2010-05-27,2.31,2.31,2.21,2.26,60900
2010-05-28,2.22,2.26,2.21,2.25,62400
2010-06-01,2.21,2.25,2.17,2.2,64700
2010-06-02,2.25,2.34,2.2,2.32,86700
2010-06-03,2.36,2.6,2.32,2.55,255000
2010-06-04,2.5,2.58,2.42,2.44,164000
2010-06-07,2.49,2.52,2.3,2.32,94800
2010-06-08,2.37,2.37,2.24,2.28,134000
2010-06-09,2.27,2.4,2.19,2.37,71700
2010-06-10,2.4,2.4,2.31,2.36,54100
2010-06-11,2.28,2.4995,2.2,2.49,85900
2010-06-14,2.49,2.51,2.4,2.48,48400
2010-06-15,2.47,2.48,2.33,2.48,71700
2010-06-16,2.48,2.48,2.3699,2.42,64500
2010-06-17,2.38,2.42,2.26,2.3,105500
2010-06-18,2.32,2.32,2.2,2.2,97800
2010-06-21,2.17,2.28,2.15,2.27,122400
2010-06-22,2.31,2.3194,2.2,2.22,82100
2010-06-23,2.25,2.29,2.22,2.25,46500
2010-06-24,2.2,2.3,2.1875,2.29,46100
2010-06-25,2.29,2.43,2.24,2.4,121400
2010-06-28,2.37,2.41,2.31,2.32,30400
2010-06-29,2.27,2.34,2.18,2.21,60600
2010-06-30,2.25,2.2601,2.17,2.2,40800
2010-07-01,2.18,2.18,2.05,2.13,82900
2010-07-02,2.13,2.28,2.0,2.16,86900
2010-07-06,2.17,2.2294,2.17,2.18,33500
2010-07-07,2.23,2.3,2.18,2.3,97800
2010-07-08,2.35,2.35,2.25,2.34,66500
2010-07-09,2.34,2.4,2.34,2.4,94500
2010-07-12,2.43,2.48,2.42,2.42,83200
2010-07-13,2.42,2.48,2.31,2.44,86700
2010-07-14,2.45,2.5,2.42,2.48,179800
2010-07-15,2.5,2.5,2.37,2.47,86000
2010-07-16,2.45,2.53,2.4201,2.47,56100
2010-07-19,2.5,2.5,2.44,2.45,44200
2010-07-20,2.41,2.45,2.34,2.37,21300
2010-07-21,2.42,2.42,2.25,2.42,41700
2010-07-22,2.37,2.51,2.37,2.51,111900
2010-07-23,2.54,2.55,2.49,2.5224,41600
2010-07-26,2.56,2.6,2.46,2.5,84400
2010-07-27,2.46,2.51,2.37,2.51,38200
2010-07-28,2.54,2.54,2.39,2.41,20700
2010-07-29,2.41,2.43,2.38,2.41,20800
2010-07-30,2.41,2.48,2.35,2.48,20500
2010-08-02,2.49,2.54,2.47,2.51,133000
2010-08-03,2.51,2.57,2.5,2.55,91400
2010-08-04,2.56,2.64,2.56,2.61,118700
2010-08-05,2.62,2.65,2.6101,2.65,29400
2010-08-06,2.64,2.65,2.52,2.65,51500
2010-08-09,2.64,2.65,2.53,2.62,31200
2010-08-10,2.56,2.59,2.51,2.57,34400
2010-08-11,2.47,2.55,2.47,2.5,73200
2010-08-12,2.45,2.59,2.4,2.5,266100
2010-08-13,2.57,2.59,2.48,2.51,215900
2010-08-16,2.57,2.57,2.47,2.5,315500
2010-08-17,2.54,2.55,2.5,2.52,56800
2010-08-18,2.48,2.62,2.48,2.61,74800
2010-08-19,2.6,2.66,2.49,2.6,100200
2010-08-20,2.59,2.6,2.53,2.58,18600
2010-08-23,2.62,2.62,2.55,2.6,42400
2010-08-24,2.52,2.6,2.52,2.55,73200
2010-08-25,2.5,2.61,2.5,2.6,132100
2010-08-26,2.6,2.66,2.6,2.63,14700
2010-08-27,2.55,2.63,2.55,2.63,77100
2010-08-30,2.58,2.64,2.58,2.6,57900
2010-08-31,2.57,2.62,2.5699,2.6,15300
2010-09-01,2.59,2.73,2.55,2.68,99700
2010-09-02,2.7,2.81,2.66,2.7,61700
2010-09-03,2.76,2.8,2.68,2.75,65500
2010-09-07,2.69,2.83,2.6,2.72,53600
2010-09-08,2.73,2.81,2.72,2.78,52000
2010-09-09,2.78,2.85,2.77,2.8,43100
2010-09-10,2.79,2.81,2.77,2.7725,15700
2010-09-13,2.75,2.89,2.6796,2.8,91100
2010-09-14,2.77,2.83,2.74,2.8,60200
2010-09-15,2.8,2.89,2.8,2.82,64000
2010-09-16,2.85,2.88,2.8,2.82,64500
2010-09-17,2.75,2.95,2.7401,2.82,108000
2010-09-20,2.82,2.91,2.75,2.82,93600
2010-09-21,2.82,2.97,2.82,2.86,147800
2010-09-22,2.86,3.04,2.86,2.95,256500
2010-09-23,2.95,3.03,2.94,3.0,58600
2010-09-24,3.03,3.04,2.96,2.96,54700
2010-09-27,2.97,3.03,2.861,2.93,65000
2010-09-28,2.94,3.01,2.93,2.95,25800
2010-09-29,3.01,3.1,2.98,3.05,51800
2010-09-30,3.05,3.1,2.96,3.02,81500
2010-10-01,3.02,3.05,2.9,2.96,234600
2010-10-04,2.99,3.06,2.95,3.01,214700
2010-10-05,3.0,3.05,2.99,3.05,49300
2010-10-06,3.05,3.05,2.92,2.99,127600
2010-10-07,2.99,3.03,2.99,3.0,40600
2010-10-08,2.99,3.05,2.65,2.82,344800
2010-10-11,2.82,2.99,2.82,2.95,158800
2010-10-12,2.91,3.0,2.8,2.84,102600
2010-10-13,2.89,2.98,2.88,2.94,56400
2010-10-14,2.93,2.95,2.86,2.9,43400
2010-10-15,2.8999,2.8999,2.79,2.84,439200
2010-10-18,2.8,2.85,2.8,2.8,48600
2010-10-19,2.83,2.87,2.8,2.81,65500
2010-10-20,2.84,3.0,2.83,3.0,74300
2010-10-21,3.0,3.0,2.81,2.87,101600
2010-10-22,2.9,2.93,2.76,2.8,128200
2010-10-25,2.82,2.92,2.74,2.77,51600
2010-10-26,2.74,2.83,2.73,2.83,41400
2010-10-27,2.79,2.83,2.75,2.77,44700
2010-10-28,2.83,3.05,2.78,2.9,189900
2010-10-29,2.8701,2.9,2.8,2.84,71800
2010-11-01,3.05,3.15,2.95,3.03,303600
2010-11-02,3.04,3.0999,2.9701,2.98,126100
2010-11-03,3.03,3.13,3.0,3.05,64800
2010-11-04,3.08,3.1,3.03,3.08,65400
2010-11-05,3.12,3.2,3.07,3.16,113800
2010-11-08,3.21,3.25,3.17,3.23,54800
2010-11-09,3.21,3.24,3.1,3.2,52500
2010-11-10,3.2,3.23,3.01,3.06,87300
2010-11-11,3.05,3.17,3.05,3.12,20000
2010-11-12,3.11,3.11,3.05,3.05,38600
2010-11-15,3.05,3.13,3.05,3.11,40100
2010-11-16,3.1,3.1,3.06,3.08,46000
2010-11-17,3.08,3.08,2.91,2.99,80900
2010-11-18,3.0,3.08,2.95,2.9601,46800
2010-11-19,2.95,2.99,2.88,2.96,41100
2010-11-22,2.99,2.99,2.85,2.94,62600
2010-11-23,2.92,2.93,2.8601,2.89,32800
2010-11-24,2.93,2.979,2.84,2.91,41700
2010-11-26,2.88,2.92,2.88,2.9,8900
2010-11-29,2.9,2.918,2.83,2.87,31300
2010-11-30,2.83,2.93,2.83,2.86,22800
2010-12-01,2.9,2.98,2.83,2.83,60800
2010-12-02,2.85,2.89,2.74,2.76,138000
2010-12-03,2.74,2.77,2.73,2.75,71300
2010-12-06,2.74,2.8192,2.73,2.73,54700
2010-12-07,2.73,2.77,2.6999,2.6999,146100
2010-12-08,2.72,2.72,2.6,2.7,105400
2010-12-09,2.74,2.86,2.73,2.82,214700
2010-12-10,2.8199,2.87,2.8,2.87,52100
2010-12-13,2.86,2.94,2.85,2.9,46600
2010-12-14,3.18,3.18,2.9799,3.1,174200
2010-12-15,3.08,3.15,3.0701,3.14,157800
2010-12-16,3.14,3.17,3.07,3.1,93700
2010-12-17,3.1,3.15,3.0,3.03,198600
2010-12-20,3.07,3.15,3.05,3.12,86100
2010-12-21,3.16,3.37,3.13,3.285,291400
2010-12-22,3.33,3.62,3.31,3.62,229300
2010-12-23,3.6,3.65,3.54,3.64,154800
2010-12-27,3.61,3.67,3.56,3.64,82000
2010-12-28,3.66,3.88,3.65,3.82,223900
2010-12-29,3.87,4.11,3.84,4.0,290800
2010-12-30,4.0,4.15,3.9201,4.06,236500
2010-12-31,4.05,4.2,4.0,4.15,205900
2011-01-03,4.16,4.29,4.02,4.1,278800
2011-01-04,4.07,4.07,3.57,3.8,267600
2011-01-05,3.8,4.1,3.8,4.02,251400
2011-01-06,3.8119,4.14,3.8119,4.14,146500
2011-01-07,4.15,4.3,4.15,4.16,109100
2011-01-10,4.16,4.27,4.09,4.27,107100
2011-01-11,4.31,4.38,4.27,4.33,79400
2011-01-12,4.37,4.89,4.35,4.69,283900
2011-01-13,4.72,5.17,4.63,5.07,308300
2011-01-14,5.04,5.15,4.79,4.95,203500
2011-01-18,4.95,5.0,4.73,4.75,142000
2011-01-19,4.71,4.85,4.6,4.63,81800
2011-01-20,4.61,4.7,4.16,4.27,293000
2011-01-21,4.27,4.65,4.25,4.31,175900
2011-01-24,4.35,4.68,4.338,4.48,110500
2011-01-25,4.51,4.69,4.45,4.59,152200
2011-01-26,4.64,4.74,4.52,4.55,140500
2011-01-27,4.5101,4.5101,4.35,4.47,155100
2011-01-28,4.45,4.48,4.28,4.4,84900
2011-01-31,4.42,4.48,4.37,4.43,54400
2011-02-01,4.48,4.51,4.2,4.21,97400
2011-02-02,4.2,4.46,3.82,4.44,270500
2011-02-03,4.42,4.8,4.39,4.7,135600
2011-02-04,5.0,5.4,4.97,5.32,604400
2011-02-07,5.36,5.68,5.34,5.6,507600
2011-02-08,5.55,5.59,5.12,5.3,255800
2011-02-09,5.3,5.31,5.0,5.18,195200
2011-02-10,5.21,5.5,5.1,5.4,158800
2011-02-11,5.35,5.44,5.28,5.38,87400
2011-02-14,5.34,5.34,5.03,5.08,844000
2011-02-15,5.1,5.2,4.81,4.98,252900
2011-02-16,5.03,5.13,4.98,5.13,198800
2011-02-17,5.14,5.14,4.9,4.93,161500
2011-02-18,4.9,5.03,4.8499,4.98,135500
2011-02-22,4.92,5.27,4.9,5.16,356600
2011-02-23,5.12,5.24,5.0,5.21,187600
2011-02-24,5.25,5.83,5.19,5.81,390700
2011-02-25,5.84,6.1597,5.73,5.85,419900
2011-02-28,5.92,6.2,5.62,5.81,190100
2011-03-01,6.18,6.19,5.7519,5.93,291600
2011-03-02,6.0,6.0,5.83,5.88,206200
2011-03-03,5.95,6.05,5.79,5.99,236600
2011-03-04,5.97,6.13,5.92,5.99,490000
2011-03-07,5.96,6.25,5.82,6.11,743200
2011-03-08,6.1,6.36,5.93,6.13,874500
2011-03-09,6.16,6.41,6.12,6.24,520200
2011-03-10,6.24,6.24,6.02,6.16,518900
2011-03-11,6.1,6.3,5.96,5.99,1197800
2011-03-14,6.0,6.12,5.81,6.05,311000
2011-03-15,5.9,6.15,5.76,6.1,214500
2011-03-16,6.11,6.3,5.88,5.91,158600
2011-03-17,5.97,5.98,5.7,5.81,209500
2011-03-18,5.86,6.1,5.76,6.1,800400
2011-03-21,6.15,6.45,5.99,6.34,1877900
2011-03-22,6.34,6.59,6.25,6.48,1656400
2011-03-23,6.45,6.68,6.45,6.55,580200
2011-03-24,6.58,6.75,6.55,6.59,473000
2011-03-25,6.57,6.78,6.56,6.78,567400
2011-03-28,6.83,7.24,6.6,6.79,1725700
2011-03-29,6.82,7.17,6.78,7.05,973800
2011-03-30,7.42,7.5,6.92,7.14,3577500
2011-03-31,7.15,7.48,7.08,7.15,2445500
2011-04-01,7.18,7.18,7.11,7.14,360700
2011-04-04,7.13,7.38,7.12,7.38,594600
2011-04-05,7.3,7.5,7.26,7.32,348300
2011-04-06,7.38,7.6,7.25,7.26,1370500
2011-04-07,7.29,7.33,7.1,7.16,426200
2011-04-08,7.16,7.2399,6.9152,6.98,427900
2011-04-11,7.0,7.28,6.77,6.95,418000
2011-04-12,6.94,6.95,6.75,6.87,343600
2011-04-13,6.88,6.88,6.75,6.77,278300
2011-04-14,6.78,6.86,6.41,6.44,556600
2011-04-15,6.44,7.2,6.44,7.05,846000
2011-04-18,6.9,6.98,6.43,6.49,822500
2011-04-19,6.51,6.77,6.4,6.48,1149500
2011-04-20,6.57,6.71,6.51,6.59,955900
2011-04-21,6.64,6.69,6.43,6.65,1007000
2011-04-25,6.69,6.79,6.36,6.43,472500
2011-04-26,6.43,6.47,6.26,6.3,944400
2011-04-27,6.32,6.32,5.75,6.01,1118800
2011-04-28,6.04,6.16,5.81,5.82,614700
2011-04-29,5.82,5.9,5.58,5.58,819000
2011-05-02,5.64,5.69,5.35,5.35,796500
2011-05-03,5.35,5.57,5.27,5.32,1147400
2011-05-04,5.35,5.35,4.88,4.91,730700
2011-05-05,4.92,4.92,4.55,4.67,1073200
2011-05-06,4.7,5.81,4.56,5.68,1817000
2011-05-09,5.42,5.53,5.24,5.31,1313400
2011-05-10,5.31,5.4,5.1001,5.28,745700
2011-05-11,5.3,5.34,5.0,5.1,999600
2011-05-12,5.13,5.48,5.08,5.39,1200000
2011-05-13,5.41,5.46,5.1,5.24,592800
2011-05-16,5.2,5.353,5.03,5.09,578900
2011-05-17,5.05,5.24,5.04,5.12,1815200
2011-05-18,5.15,5.33,5.09,5.2,905400
2011-05-19,5.22,5.44,5.17,5.36,671300
2011-05-20,5.33,5.81,5.31,5.57,1919400
2011-05-23,5.5,6.0,5.4,5.91,1400000
2011-05-24,5.94,6.06,5.69,5.75,703700
2011-05-25,5.7,6.15,5.68,6.09,577100
2011-05-26,6.2,6.885,6.17,6.78,1333200
2011-05-27,6.84,7.24,6.52,7.17,1308600
2011-05-31,7.2,7.54,7.2,7.49,2535700
2011-06-01,7.43,7.46,7.21,7.39,944000
2011-06-02,7.45,7.65,7.25,7.392,642800
2011-06-03,7.29,7.48,7.07,7.31,874500
2011-06-06,7.15,7.35,6.96,7.02,443200
2011-06-07,7.05,7.18,6.95,7.02,535100
2011-06-08,7.01,7.04,6.81,6.96,375700
2011-06-09,6.96,7.16,6.86,7.05,483900
2011-06-10,6.99,7.14,6.54,6.61,748900
2011-06-13,6.68,6.83,6.52,6.62,864600
2011-06-14,6.71,7.04,6.6,6.86,679600
2011-06-15,6.77,6.86,6.32,6.44,500600
2011-06-16,6.44,6.6,6.07,6.18,638100
2011-06-17,6.3,6.739,6.07,6.19,646600
2011-06-20,6.17,6.2,6.01,6.09,315900
2011-06-21,5.78,6.07,5.67,6.01,1582800
2011-06-22,6.5,7.53,6.33,7.26,7831100
2011-06-23,7.1,7.55,6.91,7.03,2705700
2011-06-24,7.08,7.5,6.76,7.23,7877400
2011-06-27,7.23,7.37,6.89,7.3,1105200
2011-06-28,7.39,8.95,7.3,7.7,3160600
2011-06-29,7.67,7.67,7.16,7.36,807900
2011-06-30,7.32,7.51,7.25,7.44,565200
2011-07-01,7.44,7.525,7.22,7.22,487200
2011-07-05,7.27,7.39,7.0,7.39,494700
2011-07-06,7.35,7.52,7.1,7.22,991600
2011-07-07,7.32,8.6,7.22,8.209,2566400
2011-07-08,7.9,8.2,7.76,8.08,841100
2011-07-11,7.98,8.04,7.6,7.76,655400
2011-07-12,7.77,8.11,7.62,7.66,1313900
2011-07-13,7.72,8.01,7.69,8.01,1008500
2011-07-14,8.05,8.2,7.76,7.79,772200
2011-07-15,7.79,7.835,7.4,7.49,570700
2011-07-18,7.49,7.6,7.42,7.54,457800
2011-07-19,7.6,7.65,7.41,7.55,410900
2011-07-20,7.55,7.56,7.44,7.5,260500
2011-07-21,7.59,8.35,7.53,8.31,1357400
2011-07-22,8.37,8.54,7.56,7.64,856600
2011-07-25,7.51,7.85,7.51,7.72,498400
2011-07-26,7.75,7.86,7.48,7.56,509500
2011-07-27,7.49,7.65,7.34,7.47,696000
2011-07-28,7.51,7.74,7.32,7.51,672300
2011-07-29,7.42,7.63,7.38,7.41,917300
2011-08-01,7.53,7.59,7.38,7.4,610900
2011-08-02,7.44,7.64,7.1,7.1,546800
2011-08-03,7.1,7.23,6.82,7.07,679400
2011-08-04,6.97,7.06,6.74,6.74,1023000
2011-08-05,6.82,6.82,6.39,6.68,644600
2011-08-08,6.11,6.48,5.75,5.78,1197300
2011-08-09,5.89,6.13,5.305,5.99,922400
2011-08-10,5.81,6.05,5.41,5.48,753500
2011-08-11,5.51,5.92,5.34,5.87,549500
2011-08-12,5.89,6.03,5.56,5.58,444300
2011-08-15,5.64,6.28,5.64,6.15,387000
2011-08-16,6.0,6.24,5.9,5.91,829400
2011-08-17,5.95,6.07,5.65,5.82,233500
2011-08-18,5.61,5.61,5.18,5.22,363400
2011-08-19,5.09,5.48,5.07,5.31,362000
2011-08-22,5.45,5.53,5.09,5.16,645200
2011-08-23,5.2,5.77,5.12,5.64,716600
2011-08-24,5.65,5.65,5.322,5.56,331100
2011-08-25,5.55,5.75,5.3,5.39,353300
2011-08-26,5.35,5.62,5.3,5.56,381400
2011-08-29,5.69,6.04,5.58,6.0,491100
2011-08-30,5.94,5.96,5.76,5.89,388700
2011-08-31,5.94,6.15,5.91,6.14,697400
2011-09-01,6.16,6.25,5.99,6.11,540000
2011-09-02,5.88,6.01,5.52,5.56,532400
2011-09-06,5.32,5.54,5.26,5.52,457200
2011-09-07,5.61,5.73,5.48,5.72,289100
2011-09-08,5.74,7.13,5.74,6.2,2752400
2011-09-09,6.08,6.08,5.74,5.81,942200
2011-09-12,5.6705,5.83,5.57,5.78,351100
2011-09-13,5.8,6.1,5.7,6.05,278400
2011-09-14,6.1,6.15,5.75,5.89,394800
2011-09-15,5.96,6.0,5.83,5.86,282200
2011-09-16,5.9,5.9,5.71,5.8,362700
2011-09-19,5.64,5.66,5.44,5.48,367900
2011-09-20,5.48,5.61,5.3,5.35,627500
2011-09-21,5.34,5.43,5.03,5.03,378300
2011-09-22,4.99,5.0,4.59,4.64,1247700
2011-09-23,4.64,4.94,4.64,4.79,905600
2011-09-26,4.82,4.91,4.59,4.63,451900
2011-09-27,4.78,5.1458,4.68,5.05,843600
2011-09-28,5.04,5.18,4.8,4.84,421200
2011-09-29,5.04,5.05,4.74,5.0,439100
2011-09-30,4.91,4.97,4.5,4.72,971800
2011-10-03,4.66,4.7,4.01,4.01,536500
2011-10-04,3.97,4.22,3.81,4.15,761700
2011-10-05,4.15,4.33,3.95,4.13,342600
2011-10-06,4.13,4.54,4.03,4.5,396400
2011-10-07,4.53,4.59,4.37,4.42,400700
2011-10-10,4.53,4.97,4.5,4.95,515300
2011-10-11,4.9,5.04,4.69,4.9,277300
2011-10-12,4.94,5.1,4.86,4.91,368200
2011-10-13,4.86,5.02,4.72,4.93,217600
2011-10-14,5.0,5.92,4.98,5.82,603400
2011-10-17,5.9,6.4,5.62,5.89,1619500
2011-10-18,5.9,6.05,5.7,6.01,1033800
2011-10-19,5.91,6.26,5.91,6.25,838600
2011-10-20,6.21,6.24,5.83,6.0,580100
2011-10-21,6.16,6.16,5.44,5.98,516200
2011-10-24,5.99,6.24,5.88,6.13,223600
2011-10-25,6.09,6.09,5.66,5.73,238700
2011-10-26,5.88,6.11,5.66,6.08,214600
2011-10-27,6.38,6.76,6.15,6.58,603100
2011-10-28,6.54,6.78,6.41,6.52,214400
2011-10-31,6.38,6.45,6.25,6.32,211500
2011-11-01,6.0,6.28,5.95,6.05,441700
2011-11-02,6.2,6.31,5.97,6.17,290100
2011-11-03,6.26,6.61,6.12,6.57,275600
2011-11-04,6.51,6.61,6.28,6.45,265500
2011-11-07,6.45,6.58,6.02,6.06,321400
2011-11-08,6.13,6.13,5.5,5.57,592100
2011-11-09,5.45,5.6,5.18,5.19,461400
2011-11-10,5.27,5.45,5.23,5.25,344400
2011-11-11,5.32,5.5,5.26,5.3,289100
2011-11-14,5.27,5.35,5.12,5.27,486400
2011-11-15,5.28,5.46,5.21,5.34,653900
2011-11-16,5.28,5.49,5.13,5.32,732900
2011-11-17,5.32,5.58,5.3,5.4,911700
2011-11-18,5.41,6.3,5.23,5.84,1761400
2011-11-21,6.03,6.05,5.64,5.94,828700
2011-11-22,6.05,6.18,5.87,5.88,589800
2011-11-23,5.88,5.96,5.64,5.69,371800
2011-11-25,5.67,5.77,5.5,5.6,153600
2011-11-28,5.86,6.13,5.71,5.95,485800
2011-11-29,6.22,6.84,5.91,6.36,1514400
2011-11-30,6.59,6.9,6.31,6.65,1815200
2011-12-01,6.6,7.06,6.45,6.9,1395700
2011-12-02,7.01,7.15,6.75,6.85,769000
2011-12-05,7.1,7.15,6.87,6.96,973600
2011-12-06,6.99,7.13,6.9,7.07,800800
2011-12-07,7.03,7.51,6.87,7.4,1007200
2011-12-08,7.33,7.74,6.81,6.83,962800
2011-12-09,6.85,7.63,6.85,7.52,1117600
2011-12-12,7.42,7.62,7.35,7.59,678000
2011-12-13,7.69,7.9,7.29,7.33,886400
2011-12-14,7.26,7.43,7.05,7.26,510400
2011-12-15,7.4,7.5,7.26,7.38,614000
2011-12-16,7.18,7.87,7.15,7.58,1562500
2011-12-19,7.51,7.9,7.51,7.73,632400
2011-12-20,7.96,8.0,7.65,7.72,694700
2011-12-21,7.69,7.96,7.28,7.94,681100
2011-12-22,7.99,8.2201,7.89,8.0,717700
2011-12-23,8.0,8.0,7.77,7.79,215400
2011-12-27,7.76,8.0,7.69,7.98,158100
2011-12-28,7.96,7.96,7.75,7.78,205800
2011-12-29,7.79,7.8099,7.6,7.73,165500
2011-12-30,7.73,7.9,7.51,7.62,279600
2012-01-03,7.81,7.98,7.5,7.63,319000
2012-01-04,8.0,8.15,7.65,7.71,968000
2012-01-05,7.69,7.88,7.6,7.83,301800
2012-01-06,7.86,7.95,7.76,7.92,560800
2012-01-09,9.34,9.86,8.66,9.72,6037600
2012-01-10,10.06,12.24,9.3335,11.9,6823600
2012-01-11,11.89,12.51,11.06,11.66,4751900
2012-01-12,11.44,12.2,10.85,11.76,2364800
2012-01-13,11.32,12.95,11.31,12.37,3987200
2012-01-17,12.35,12.5,11.14,11.18,2300400
2012-01-18,11.5599,11.5599,10.66,10.88,1730000
2012-01-19,10.96,11.17,10.28,10.62,2579500
2012-01-20,10.24,10.33,9.08,9.47,3667700
2012-01-23,9.45,9.6,8.92,9.21,1561100
2012-01-24,9.33,10.9,9.111,10.75,4930700
2012-01-25,10.39,10.73,10.21,10.5,1622300
2012-01-26,10.54,10.55,10.01,10.34,1213800
2012-01-27,10.16,11.17,10.02,10.56,1769400
2012-01-30,10.45,11.2,10.2,11.05,1065400
2012-01-31,11.1,11.28,10.8,11.09,933400
2012-02-01,11.2,11.48,10.84,11.09,1279300
2012-02-02,11.13,12.46,10.9,12.375,2696600
2012-02-03,11.47,12.07,10.9,11.73,2652500
2012-02-06,11.5,11.82,11.45,11.57,613500
2012-02-07,10.76,10.77,9.52,10.375,4518900
2012-02-08,10.17,10.67,9.77,9.77,1409200
2012-02-09,9.81,10.0,9.4,9.47,1013700
2012-02-10,9.47,10.2,9.319,9.895,1504700
2012-02-13,9.97,10.0868,9.55,9.66,769200
2012-02-14,9.61,9.61,9.32,9.33,874200
2012-02-15,9.51,9.58,8.47,8.709,2453200
2012-02-16,8.74,9.081,8.7,8.75,882300
2012-02-17,10.6,11.14,10.43,11.04,6504200
2012-02-21,10.98,11.05,10.53,10.68,1328500
2012-02-22,10.58,10.69,10.3,10.32,746600
2012-02-23,10.3,10.65,10.02,10.5,1121300
2012-02-24,10.53,11.05,10.395,10.72,1267100
2012-02-27,10.64,10.66,10.355,10.54,622400
2012-02-28,10.51,11.12,10.5,10.9,1016000
2012-02-29,10.9,10.9,10.22,10.5,1015500
2012-03-01,10.21,10.78,10.21,10.68,528800
2012-03-02,10.67,10.98,10.25,10.27,661900
2012-03-05,10.3,10.3,9.74,10.02,810100
2012-03-06,9.89,10.15,9.36,10.0,1161400
2012-03-07,10.02,10.26,9.94,10.23,1139200
2012-03-08,10.37,10.89,10.12,10.751,1701600
2012-03-09,10.93,11.25,10.72,10.82,1609000
2012-03-12,10.82,10.9992,10.64,10.74,803500
2012-03-13,10.79,10.95,10.45,10.67,789900
2012-03-14,10.77,10.79,10.49,10.78,691700
2012-03-15,10.7,11.15,10.59,10.8,1065300
2012-03-16,10.87,10.96,10.34,10.54,4108600
2012-03-19,10.52,10.73,10.38,10.52,462000
2012-03-20,10.49,10.53,9.84,9.94,866500
2012-03-21,10.07,10.499,9.9,10.41,1204400
2012-03-22,10.42,10.52,9.855,9.93,677800
2012-03-23,9.96,10.08,9.76,9.92,389200
2012-03-26,10.02,10.44,9.95,10.22,547500
2012-03-27,10.25,10.33,10.08,10.09,659200
2012-03-28,10.21,10.44,9.55,9.73,697000
2012-03-29,9.66,10.03,9.44,9.96,885100
2012-03-30,10.05,10.05,9.56,9.58,478700
2012-04-02,9.63,10.48,9.56,10.17,1338600
2012-04-03,10.17,10.49,10.08,10.46,614400
2012-04-04,10.36,10.58,10.15,10.47,1512600
2012-04-05,10.59,11.08,10.48,10.95,1639900
2012-04-09,10.81,10.84,10.42,10.57,970500
2012-04-10,10.59,10.73,10.29,10.36,1292200
2012-04-11,10.57,10.68,10.04,10.15,544100
2012-04-12,10.13,10.21,9.59,9.64,919400
2012-04-13,9.59,9.61,9.01,9.02,847000
2012-04-16,9.12,9.15,8.57,8.77,920800
2012-04-17,8.88,9.44,8.88,9.05,896800
2012-04-18,9.02,9.51,8.91,9.5,1082300
2012-04-19,7.63,8.4,7.16,8.3,6292000
2012-04-20,8.31,8.4,8.09,8.28,796600
2012-04-23,7.2,7.45,6.63,6.745,4861300
2012-04-24,6.77,7.14,6.56,6.97,1022600
2012-04-25,7.08,7.19,6.68,6.88,881900
2012-04-26,6.86,6.95,6.6,6.79,989400
2012-04-27,6.83,7.08,6.6401,6.9,694100
2012-04-30,6.86,6.86,6.62,6.65,731000
2012-05-01,6.67,6.77,6.59,6.6,527200
2012-05-02,6.52,6.71,6.5,6.59,435900
2012-05-03,6.55,6.58,6.31,6.43,565300
2012-05-04,6.44,6.4685,5.96,5.99,752900
2012-05-07,6.07,6.1845,5.9,5.99,620700
2012-05-08,5.96,6.06,5.83,6.05,579700
2012-05-09,5.93,6.51,5.78,6.5,1122800
2012-05-10,6.49,6.96,6.4207,6.8,1125300
2012-05-11,6.75,7.32,6.68,7.2,761900
2012-05-14,7.11,7.18,6.88,6.89,391200
2012-05-15,7.31,7.4,6.77,6.82,1285100
2012-05-16,6.83,7.0,6.6,6.69,398400
2012-05-17,6.69,6.72,6.495,6.5,731600
2012-05-18,6.51,6.75,6.14,6.5,706000
2012-05-21,6.56,7.29,6.5,7.21,960300
2012-05-22,7.18,7.3,6.85,6.93,606400
2012-05-23,6.89,7.19,6.68,7.1,645000
2012-05-24,7.14,7.37,6.97,7.32,558100
2012-05-25,7.28,7.35,7.116,7.35,396300
2012-05-29,7.46,7.64,7.352,7.57,714500
2012-05-30,7.46,7.57,7.38,7.51,630700
2012-05-31,7.53,7.53,7.02,7.18,737000
2012-06-01,7.08,7.15,6.81,6.89,712700
2012-06-04,6.97,7.1088,6.81,6.96,290700
2012-06-05,6.7,6.7,6.03,6.29,3448000
2012-06-06,6.37,6.49,6.24,6.47,1288600
2012-06-07,6.25,6.285,6.12,6.21,1637800
2012-06-08,6.17,6.48,6.05,6.41,731200
2012-06-11,6.48,6.5091,6.11,6.12,573600
2012-06-12,6.14,6.23,6.02,6.16,515200
2012-06-13,6.31,6.65,6.11,6.17,1149500
2012-06-14,6.41,6.89,6.21,6.77,1398800
2012-06-15,6.77,6.81,6.4,6.67,1268900
2012-06-18,6.63,6.9,6.53,6.58,800100
2012-06-19,6.59,6.67,6.21,6.3,1067700
2012-06-20,6.34,6.36,6.06,6.08,910900
2012-06-21,6.09,6.4799,6.09,6.36,810400
2012-06-22,6.42,6.615,6.2205,6.6,1303500
2012-06-25,6.48,6.53,6.31,6.38,347300
2012-06-26,6.42,6.42,6.1,6.15,490000
2012-06-27,6.15,6.28,5.92,6.2,1344900
2012-06-28,6.17,6.26,6.0,6.18,669500
2012-06-29,6.3,6.45,6.11,6.2,669300
2012-07-02,6.2,6.66,6.1,6.66,966100
2012-07-03,6.68,6.9,6.6,6.89,665200
2012-07-05,6.81,7.12,6.7,7.06,984400
2012-07-06,7.02,7.1,6.81,6.96,468700
2012-07-09,6.92,6.99,6.3818,6.47,915000
2012-07-10,6.56,6.63,6.07,6.11,684600
2012-07-11,6.11,6.23,6.0,6.17,664200
2012-07-12,6.14,6.42,6.09,6.35,645600
2012-07-13,6.36,6.56,6.3,6.52,383000
2012-07-16,6.47,6.6,6.3,6.54,357300
2012-07-17,6.58,6.72,6.39,6.68,320900
2012-07-18,6.64,6.8,6.58,6.75,490700
2012-07-19,6.78,6.86,6.65,6.65,377400
2012-07-20,6.59,6.68,6.34,6.37,641300
2012-07-23,6.27,6.36,6.02,6.11,661200
2012-07-24,6.15,6.19,6.06,6.11,475100
2012-07-25,6.25,6.37,6.09,6.22,416300
2012-07-26,6.35,6.55,6.24,6.52,511000
2012-07-27,6.55,6.75,6.43,6.69,693100
2012-07-30,6.69,6.69,6.26,6.26,343800
2012-07-31,6.28,6.72,6.26,6.62,759200
2012-08-01,6.66,6.74,6.51,6.57,611100
2012-08-02,6.68,6.8,6.48,6.69,1060300
2012-08-03,6.8,6.9,6.64,6.72,480700
2012-08-06,6.72,6.89,6.5915,6.81,424800
2012-08-07,6.84,6.93,6.78,6.9,631300
2012-08-08,7.0,7.22,6.35,6.38,1197400
2012-08-09,6.36,6.36,5.73,5.82,2084700
2012-08-10,5.8,5.83,5.42,5.61,1631200
2012-08-13,5.61,5.8,5.52,5.76,412200
2012-08-14,5.8,6.01,5.742,5.85,773500
2012-08-15,5.83,5.99,5.78,5.9,286100
2012-08-16,6.15,6.25,6.0,6.14,2173300
2012-08-17,6.13,6.24,6.05,6.23,889900
2012-08-20,6.23,6.48,6.17,6.48,516200
2012-08-21,6.54,6.86,6.49,6.61,994600
2012-08-22,6.62,6.84,6.52,6.67,581200
2012-08-23,6.66,6.67,6.54,6.61,451600
2012-08-24,6.72,6.89,6.72,6.86,982400
2012-08-27,6.87,6.94,6.64,6.68,483100
2012-08-28,6.69,6.8,6.57,6.63,318400
2012-08-29,6.75,7.0,6.72,6.75,1436300
2012-08-30,6.74,6.82,6.42,6.57,600200
2012-08-31,6.64,7.14,6.59,7.03,1722600
2012-09-04,7.02,7.15,7.0,7.1,934500
2012-09-05,7.08,7.24,7.0,7.01,1009300
2012-09-06,7.09,7.25,7.025,7.205,1356500
2012-09-07,7.26,7.39,7.16,7.32,1044400
2012-09-10,7.31,7.38,7.15,7.32,634300
2012-09-11,7.35,7.83,7.3,7.78,1120000
2012-09-12,7.9,8.115,7.81,8.01,1887600
2012-09-13,8.04,8.48,8.0,8.3,1156300
2012-09-14,8.43,8.7,8.27,8.42,1089300
2012-09-17,8.29,8.39,8.05,8.28,1332100
2012-09-18,8.3,8.41,8.06,8.1,1249500
2012-09-19,9.26,9.67,9.01,9.39,8066100
2012-09-20,9.3799,9.45,9.07,9.33,1497300
2012-09-21,9.36,9.6,9.21,9.52,3900100
2012-09-24,9.49,9.55,9.22,9.51,1658900
2012-09-25,9.5,9.88,9.405,9.77,1836600
2012-09-26,9.66,9.8,9.35,9.49,1826800
2012-09-27,10.0,11.01,9.76,10.295,6258800
2012-09-28,10.44,10.82,10.21,10.405,4752100
2012-10-01,10.54,10.7,10.45,10.68,1450200
2012-10-02,10.75,10.75,10.39,10.65,1093200
2012-10-03,10.69,10.8,10.5,10.8,1219100
2012-10-04,10.82,10.838,10.45,10.8,741700
2012-10-05,10.81,11.2,10.61,11.1,1175800
2012-10-08,10.95,11.01,10.68,10.81,735200
2012-10-09,10.89,10.89,10.32,10.34,1066100
2012-10-10,10.37,10.55,10.06,10.31,913100
2012-10-11,10.45,10.55,10.18,10.38,502200
2012-10-12,10.44,11.07,10.43,10.79,1026900
2012-10-15,10.8,10.98,10.31,10.64,1431500
2012-10-16,11.0,11.36,10.76,10.81,1614000
2012-10-17,10.78,11.15,10.7,10.94,907400
2012-10-18,10.96,11.24,10.84,10.92,1050600
2012-10-19,10.79,10.8899,9.96,10.25,1947600
2012-10-22,10.19,10.21,9.84,10.05,1410100
2012-10-23,9.91,10.155,9.7,9.76,972300
2012-10-24,10.02,10.1,9.8,9.82,673500
2012-10-25,9.94,10.1999,9.8,9.91,408700
2012-10-26,9.88,9.9,9.32,9.54,495900
2012-10-31,9.52,9.69,9.2,9.44,615700
2012-11-01,9.48,9.71,9.18,9.35,958200
2012-11-02,9.42,9.7,8.92,9.14,1008000
2012-11-05,9.15,9.35,9.0,9.1,699100
2012-11-06,9.19,9.56,9.02,9.13,1148900
2012-11-07,9.12,9.12,8.49,8.75,1068900
2012-11-08,8.64,8.74,8.22,8.41,1402000
2012-11-09,8.35,9.05,8.24,9.01,1405300
2012-11-12,9.0,9.0,7.25,7.9,5264400
2012-11-13,7.82,8.135,7.75,7.92,926100
2012-11-14,7.97,8.2,7.35,7.41,1665500
2012-11-15,7.43,7.5,7.25,7.42,808300
2012-11-16,7.41,7.51,7.11,7.2,1122400
2012-11-19,7.38,7.57,7.13,7.2103,1063300
2012-11-20,7.24,7.56,7.2,7.49,635800
2012-11-21,7.55,7.7,7.45,7.61,350900
2012-11-23,7.65,7.74,7.455,7.65,213300
2012-11-26,7.65,7.75,7.52,7.68,395200
2012-11-27,7.68,7.85,7.56,7.6,480000
2012-11-28,7.52,7.65,7.36,7.61,409000
2012-11-29,7.67,7.9785,7.67,7.83,705900
2012-11-30,7.81,7.82,7.65,7.79,592300
2012-12-03,7.86,7.89,7.26,7.3,1514300
2012-12-04,7.29,7.65,7.29,7.64,512000
2012-12-05,7.65,7.7,7.42,7.48,487300
2012-12-06,7.45,7.482,7.2912,7.4,354000
2012-12-07,7.47,7.74,7.39,7.48,398200
2012-12-10,7.49,7.895,7.487,7.7115,1286500
2012-12-11,7.77,7.89,7.71,7.83,524100
2012-12-12,7.92,8.17,7.8,7.89,952100
2012-12-13,7.94,8.35,7.94,8.2,644500
2012-12-14,8.21,8.8,8.17,8.52,1103000
2012-12-17,8.57,8.71,8.42,8.71,527000
2012-12-18,8.7,8.77,8.36,8.64,612400
2012-12-19,8.58,8.69,8.4201,8.49,677000
2012-12-20,8.47,8.77,8.404,8.75,554700
2012-12-21,8.63,8.88,8.13,8.8,3210300
2012-12-24,8.77,8.77,8.495,8.63,304900
2012-12-26,8.63,8.748,8.49,8.57,415800
2012-12-27,8.55,8.72,8.0,8.29,733800
2012-12-28,8.2,8.28,7.98,8.02,453100
2012-12-31,7.99,8.04,7.82,8.01,556900
2013-01-02,8.31,8.76,8.3,8.64,935900
2013-01-03,8.63,8.85,8.43,8.76,921100
2013-01-04,8.98,9.79,8.9,9.4499,2323500
2013-01-07,9.16,9.175,8.35,8.57,2122600
2013-01-08,8.57,9.15,8.515,9.05,1227900
2013-01-09,9.11,9.24,8.99,9.15,713700
2013-01-10,9.22,9.22,8.92,9.02,480800
2013-01-11,9.02,9.47,8.94,9.4,856600
2013-01-14,9.44,9.47,9.14,9.19,571200
2013-01-15,9.15,9.4,9.0,9.17,457800
2013-01-16,9.16,9.16,8.81,9.07,797200
2013-01-17,9.1,9.235,9.035,9.2,830800
2013-01-18,9.0,9.33,8.82,9.25,1300900
2013-01-22,9.27,9.33,9.05,9.31,622500
2013-01-23,9.27,9.51,9.2,9.46,695800
2013-01-24,9.35,9.63,9.22,9.3,825100
2013-01-25,9.32,9.42,9.17,9.36,420000
2013-01-28,9.4,9.4,9.05,9.14,678000
2013-01-29,9.14,9.33,9.04,9.22,576500
2013-01-30,9.22,9.25,9.0,9.07,427000
2013-01-31,9.02,9.03,8.61,8.98,981000
2013-02-01,9.09,9.425,8.94,9.19,770200
2013-02-04,9.15,9.32,9.07,9.25,551000
2013-02-05,9.31,9.55,9.21,9.48,536800
2013-02-06,9.48,9.5,9.23,9.47,408800
2013-02-07,9.44,9.44,9.12,9.2,525500
2013-02-08,9.21,9.36,9.07,9.12,510700
2013-02-11,9.09,9.28,9.09,9.14,722900
2013-02-12,9.16,9.47,9.16,9.43,603000
2013-02-13,9.75,10.17,9.73,10.06,1721300
2013-02-14,10.1,10.16,9.98,9.99,615100
2013-02-15,10.01,10.0497,9.6999,9.78,692600
2013-02-19,9.77,9.98,9.75,9.911,480300
2013-02-20,9.94,10.12,9.38,9.53,873000
2013-02-21,9.39,9.39,8.425,8.5,2208200
2013-02-22,8.65,8.87,8.35,8.86,6228200
2013-02-25,8.9,8.9477,8.35,8.37,1124800
2013-02-26,8.41,8.42,7.96,7.97,1966300
2013-02-27,7.98,8.13,7.85,8.01,691800
2013-02-28,7.98,8.13,7.78,8.1,894700
2013-03-01,7.98,8.27,7.88,8.15,925000
2013-03-04,7.94,8.76,7.94,8.7,1159000
2013-03-05,8.8,9.03,8.68,8.84,1537900
2013-03-06,8.91,9.3,8.82,9.3,1314800
2013-03-07,9.3,9.41,9.09,9.21,750000
2013-03-08,9.37,9.37,9.13,9.17,831900
2013-03-11,9.15,9.38,9.08,9.3,1178900
2013-03-12,9.29,9.39,9.08,9.1,838200
2013-03-13,9.12,9.12,8.75,8.97,875000
2013-03-14,9.04,9.138,8.81,8.84,755600
2013-03-15,8.86,8.97,8.48,8.85,3486300
2013-03-18,8.75,9.068,8.73,8.84,652500
2013-03-19,8.85,8.89,8.659,8.73,339900
2013-03-20,8.8,8.846,8.69,8.75,443000
2013-03-21,8.67,8.81,8.55,8.75,479900
2013-03-22,8.79,8.925,8.69,8.8,712800
2013-03-25,8.82,8.91,8.67,8.78,405700
2013-03-26,8.83,8.99,8.61,8.74,518400
2013-03-27,8.68,8.82,8.5,8.82,451200
2013-03-28,8.86,8.9,8.51,8.75,2175500
2013-04-01,8.76,8.8,8.48,8.52,630100
2013-04-02,8.66,8.76,8.45,8.61,1419400
2013-04-03,8.66,8.69,8.1,8.16,1017000
2013-04-04,8.13,8.13,7.35,7.83,2706600
2013-04-05,7.71,7.87,7.5,7.7,1230800
2013-04-08,7.72,7.75,7.57,7.74,563000
2013-04-09,7.77,7.77,7.58,7.61,570600
2013-04-10,7.62,7.7,7.5,7.54,875800
2013-04-11,7.56,7.56,7.16,7.39,2695400
2013-04-12,7.4,7.445,7.29,7.38,1053000
2013-04-15,7.37,7.43,7.12,7.18,1012300
2013-04-16,7.26,7.43,7.07,7.25,1131300
2013-04-17,7.17,7.37,7.02,7.35,913800
2013-04-18,7.34,7.47,7.205,7.46,1388100
2013-04-19,7.53,7.57,7.29,7.4,835700
2013-04-22,7.5,7.57,7.25,7.47,596600
2013-04-23,7.4,7.43,7.12,7.24,1860500
2013-04-24,7.21,7.24,6.91,6.99,1110700
2013-04-25,7.0,7.12,6.91,6.99,1159300
2013-04-26,6.99,7.49,6.9,7.4,1965200
2013-04-29,7.43,7.46,7.25,7.4,582000
2013-04-30,7.38,7.9,7.36,7.54,1256900
2013-05-01,7.5,7.54,7.055,7.08,1367000
2013-05-02,7.0,7.0,6.7,6.82,1050500
2013-05-03,6.91,7.1,6.86,6.94,912500
2013-05-06,6.96,7.09,6.86,7.01,484300
2013-05-07,7.01,7.04,6.78,6.97,1113400
2013-05-08,6.99,7.07,6.9,6.92,480400
2013-05-09,7.07,7.2,6.79,7.12,967500
2013-05-10,7.15,7.15,6.9,7.11,509900
2013-05-13,7.11,7.25,7.01,7.25,534700
2013-05-14,7.28,7.35,7.18,7.3,502600
2013-05-15,7.33,7.41,7.28,7.41,686700
2013-05-16,7.37,7.58,7.34,7.56,653300
2013-05-17,7.6,7.815,7.56,7.77,823400
2013-05-20,7.71,7.83,7.54,7.55,708000
2013-05-21,7.57,7.83,7.5,7.75,1220900
2013-05-22,7.78,7.95,7.68,7.74,937600
2013-05-23,7.66,7.765,7.44,7.64,900000
2013-05-24,7.63,7.67,7.4,7.58,482500
2013-05-28,7.69,7.8,7.54,7.59,800300
2013-05-29,7.52,7.68,7.32,7.44,851800
2013-05-30,7.5,7.9,7.5,7.81,1932600
2013-05-31,7.75,8.46,7.74,8.34,2722300
2013-06-03,8.35,8.43,7.85,8.02,1475200
2013-06-04,8.0,8.0199,7.7,7.75,1142900
2013-06-05,7.95,8.34,7.56,7.76,1509900
2013-06-06,7.8,8.4,7.8,8.35,1250300
2013-06-07,8.37,8.46,8.21,8.27,897400
2013-06-10,8.29,8.38,8.14,8.27,497100
2013-06-11,8.15,8.28,7.96,7.98,812400
2013-06-12,8.04,8.09,7.79,7.82,772600
2013-06-13,7.8,7.8,7.605,7.72,1264900
2013-06-14,7.68,7.83,7.65,7.7,556500
2013-06-17,7.78,8.05,7.74,7.93,816400
2013-06-18,7.96,8.11,7.93,8.01,952800
2013-06-19,8.03,8.25,7.86,8.13,744400
2013-06-20,8.04,8.04,7.72,7.9,893200
2013-06-21,7.89,7.96,7.52,7.89,2570700
2013-06-24,7.77,7.98,7.45,7.84,1009400
2013-06-25,7.97,8.04,7.78,7.85,567400
2013-06-26,8.08,8.21,7.91,8.11,1509100
2013-06-27,8.21,8.35,8.15,8.24,830400
2013-06-28,8.22,8.26,8.12,8.18,3781800
2013-07-01,8.17,8.49,8.17,8.36,1430200
2013-07-02,6.58,6.72,6.17,6.26,11792200
2013-07-03,6.31,6.34,6.17,6.3,1933800
2013-07-05,6.35,6.37,6.12,6.19,1496000
2013-07-08,6.37,6.4,6.24,6.33,2006500
2013-07-09,6.4,6.4,6.24,6.29,1053200
2013-07-10,6.31,6.44,6.29,6.4,1014900
2013-07-11,6.49,6.59,6.42,6.585,1537500
2013-07-12,6.63,7.05,6.6,6.95,1653400
2013-07-15,7.08,7.14,6.8,7.03,2094900
2013-07-16,7.13,7.27,7.08,7.1,1880000
2013-07-17,7.11,7.15,6.96,7.05,1455300
2013-07-18,7.06,7.17,7.03,7.07,648300
2013-07-19,7.11,7.27,6.96,7.24,937900
2013-07-22,7.23,7.319,7.1,7.15,955700
2013-07-23,7.17,7.27,7.065,7.17,648000
2013-07-24,7.18,7.27,7.07,7.14,691400
2013-07-25,7.11,7.245,7.06,7.21,1043100
2013-07-26,7.16,7.23,7.01,7.01,801400
2013-07-29,7.0,7.04,6.85,6.91,792600
2013-07-30,6.95,6.9799,6.82,6.91,563600
2013-07-31,6.97,7.23,6.94,7.14,1341800
2013-08-01,7.2,7.21,7.0,7.03,667200
2013-08-02,7.0,7.07,6.93,7.06,729900
2013-08-05,7.07,7.16,7.01,7.13,565900
2013-08-06,7.14,7.15,6.93,6.94,698600
2013-08-07,6.92,6.99,6.67,6.81,1005900
2013-08-08,6.8,7.01,6.43,6.51,1195200
2013-08-09,6.48,6.58,6.265,6.43,1183400
2013-08-12,6.44,6.63,6.4,6.44,615900
2013-08-13,6.52,6.62,6.44,6.56,730800
2013-08-14,6.59,6.89,6.59,6.79,1018100
2013-08-15,6.75,6.845,6.6201,6.71,742600
2013-08-16,6.67,6.72,6.56,6.56,552000
2013-08-19,6.54,6.76,6.54,6.67,679800
2013-08-20,6.66,6.9,6.65,6.8,694900
2013-08-21,6.8,6.88,6.62,6.76,795300
2013-08-22,6.8,6.85,6.7,6.76,585600
2013-08-23,6.79,6.79,6.63,6.66,720700
2013-08-26,6.67,6.68,6.53,6.58,1264600
2013-08-27,6.6,6.6,6.36,6.42,1413100
2013-08-28,6.41,6.44,6.32,6.41,725400
2013-08-29,6.42,6.56,6.385,6.52,1094200
2013-08-30,6.51,6.517,6.41,6.45,460400
2013-09-03,6.5,6.6,6.391,6.58,561600
2013-09-04,6.56,6.69,6.5,6.66,690500
2013-09-05,6.69,7.04,6.64,7.02,2294600
2013-09-06,7.19,7.25,7.0,7.2,2080700
2013-09-09,7.21,7.39,7.1,7.38,914200
2013-09-10,7.41,7.5,7.28,7.491,1558400
2013-09-11,7.49,7.49,7.16,7.29,1159100
2013-09-12,7.26,7.33,7.09,7.18,1030000
2013-09-13,7.21,7.395,7.1,7.28,1059200
2013-09-16,7.34,7.6,7.24,7.27,1495500
2013-09-17,7.28,7.47,7.27,7.42,1086100
2013-09-18,7.44,7.54,7.03,7.18,2423100
2013-09-19,7.2,7.35,7.15,7.29,690500
2013-09-20,7.33,7.43,7.19,7.29,3954500
2013-09-23,7.33,7.43,7.1,7.41,1270000
2013-09-24,7.45,7.45,7.17,7.241,960300
2013-09-25,7.23,7.33,7.07,7.08,1005900
2013-09-26,7.12,7.46,7.0601,7.39,1095000
2013-09-27,7.36,7.4,7.2,7.24,3073900
2013-09-30,3.44,3.62,2.87,3.02,38851500
2013-10-01,2.99,3.04,2.62,2.65,12200700
2013-10-02,2.7,2.94,2.67,2.88,7436200
2013-10-03,2.9,2.93,2.72,2.78,3469200
2013-10-04,2.77,2.81,2.71,2.72,2505300
2013-10-07,2.8,2.84,2.75,2.79,4043400
2013-10-08,2.81,2.85,2.73,2.74,2565400
2013-10-09,2.74,2.74,2.4,2.435,6073800
2013-10-10,2.48,2.61,2.42,2.47,2932200
2013-10-11,2.45,2.67,2.45,2.66,5112200
2013-10-14,2.65,2.87,2.6,2.86,8562600
2013-10-15,2.83,2.9,2.7,2.78,3160600
2013-10-16,2.76,2.869,2.735,2.84,2467200
2013-10-17,2.85,2.95,2.79,2.945,3085900
2013-10-18,2.97,2.98,2.86,2.91,2306500
2013-10-21,2.93,2.93,2.75,2.77,1635000
2013-10-22,2.76,2.79,2.7,2.72,1425300
2013-10-23,2.71,2.77,2.7,2.705,965300
2013-10-24,2.73,2.77,2.6,2.61,1496900
2013-10-25,2.51,2.6399,2.45,2.5,2656600
2013-10-28,2.5,2.51,2.4,2.43,1577500
2013-10-29,2.44,2.58,2.44,2.52,2071400
2013-10-30,2.54,2.58,2.43,2.48,1804100
2013-10-31,2.47,2.51,2.26,2.505,3561800
2013-11-01,2.5,2.54,2.41,2.53,1282900
2013-11-04,2.65,2.81,2.63,2.71,3142400
2013-11-05,2.7,2.73,2.6,2.62,1071900
2013-11-06,2.63,2.69,2.45,2.47,1799100
2013-11-07,2.46,2.57,2.44,2.44,1385700
2013-11-08,2.46,2.53,2.44,2.49,1284200
2013-11-11,2.5,2.55,2.46,2.5,1027900
2013-11-12,2.52,2.79,2.4601,2.79,4400100
2013-11-13,2.78,2.85,2.615,2.69,2965600
2013-11-14,2.72,2.75,2.66,2.749,906600
2013-11-15,2.76,2.86,2.72,2.73,2559600
2013-11-18,2.74,2.81,2.58,2.58,1761900
2013-11-19,2.59,2.65,2.52,2.55,2469500
2013-11-20,2.58,2.68,2.52,2.66,2608200
2013-11-21,2.75,2.95,2.71,2.92,5418700
2013-11-22,2.98,3.095,2.82,3.07,5262200
2013-11-25,3.12,3.2,2.94,3.15,3280700
2013-11-26,3.16,3.23,3.04,3.16,1947300
2013-11-27,3.2,3.24,3.12,3.19,1421600
2013-11-29,3.22,3.48,3.17,3.46,2028700
2013-12-02,3.55,3.65,3.37,3.45,3120500
2013-12-03,3.46,3.46,3.15,3.26,2153000
2013-12-04,3.24,3.445,3.2,3.42,2930400
2013-12-05,3.53,3.55,3.33,3.37,1634000
2013-12-06,3.41,3.46,3.31,3.36,1100300
2013-12-09,3.36,3.39,3.25,3.37,1521800
2013-12-10,3.37,3.39,3.18,3.24,1630700
2013-12-11,3.24,3.26,2.99,3.02,1995000
2013-12-12,2.98,3.18,2.95,3.13,1226700
2013-12-13,3.15,3.19,3.08,3.13,808300
2013-12-16,3.14,3.26,3.1,3.14,1059800
2013-12-17,3.13,3.165,2.9901,3.02,1270200
2013-12-18,3.04,3.15,3.0,3.15,1310300
2013-12-19,3.14,3.199,3.05,3.13,1726100
2013-12-20,3.14,3.19,3.11,3.13,6388800
2013-12-23,3.18,3.48,3.14,3.46,3661200
2013-12-24,3.5,3.5,3.35,3.39,982400
2013-12-26,3.4,3.51,3.36,3.39,1262100
2013-12-27,3.42,3.46,3.31,3.38,957700
2013-12-30,3.37,3.39,3.24,3.26,1546500
2013-12-31,3.31,3.4,3.25,3.319,1438200
2014-01-02,3.33,3.4,3.22,3.3,1412000
2014-01-03,3.3,3.57,3.3,3.47,2219200
2014-01-06,3.48,3.55,3.28,3.38,1882400
2014-01-07,3.39,3.41,3.28,3.31,2052700
2014-01-08,3.3,3.75,3.28,3.75,5233700
2014-01-09,3.9,3.99,3.58,3.66,6139000
2014-01-10,3.67,3.83,3.65,3.82,2296500
2014-01-13,3.95,3.96,3.57,3.65,3067400
2014-01-14,3.67,3.77,3.61,3.69,1252800
2014-01-15,3.74,3.75,3.62,3.73,2301300
2014-01-16,3.73,4.115,3.71,3.98,3904100
2014-01-17,4.05,4.36,4.0,4.12,4715300
2014-01-21,4.18,4.24,4.0,4.2,2350400
2014-01-22,4.21,4.22,4.0,4.08,1609800
2014-01-23,4.04,4.05,3.812,3.94,2215300
2014-01-24,3.94,3.95,3.642,3.67,2875400
2014-01-27,3.66,3.7,3.27,3.44,2746400
2014-01-28,3.44,3.54,3.365,3.46,1318700
2014-01-29,3.46,3.46,3.32,3.34,1582000
2014-01-30,3.35,3.495,3.34,3.39,1345500
2014-01-31,3.32,3.38,3.28,3.31,1229700
2014-02-03,3.27,3.315,3.08,3.08,1962200
2014-02-04,3.1,3.36,3.06,3.2,2346900
2014-02-05,3.18,3.265,2.98,3.1,1613100
2014-02-06,3.11,3.17,3.05,3.085,1052300
2014-02-07,3.07,3.2597,3.02,3.19,1159100
2014-02-10,3.17,3.39,3.1503,3.31,1242600
2014-02-11,3.38,3.4,3.25,3.32,896100
2014-02-12,3.32,3.7,3.22,3.66,4729700
2014-02-13,3.7,3.87,3.45,3.6,3228900
2014-02-14,3.62,3.71,3.52,3.57,1241200
2014-02-18,3.61,3.69,3.47,3.67,1388600
2014-02-19,3.64,3.647,3.45,3.47,1812400
2014-02-20,3.47,3.502,3.35,3.43,2070300
2014-02-21,3.46,3.54,3.35,3.38,1692700
2014-02-24,3.4,3.58,3.3806,3.55,1800300
2014-02-25,3.56,3.69,3.51,3.55,1542700
2014-02-26,3.57,3.69,3.44,3.68,2065400
2014-02-27,3.67,3.76,3.5499,3.71,1766600
2014-02-28,3.74,3.75,3.44,3.5,1955200
2014-03-03,3.44,3.6,3.35,3.6,1721100
2014-03-04,3.66,3.77,3.57,3.66,1769600
2014-03-05,3.63,3.66,3.56,3.63,1044100
2014-03-06,3.63,3.63,3.4,3.43,2372700
2014-03-07,3.47,3.4884,3.26,3.41,2369500
2014-03-10,3.39,3.435,3.26,3.31,1902500
2014-03-11,3.3,3.38,3.15,3.16,1761800
2014-03-12,3.15,3.24,3.09,3.22,1213000
2014-03-13,3.24,3.3,3.15,3.17,1238700
2014-03-14,3.38,3.59,3.26,3.295,2871900
2014-03-17,3.19,3.49,3.19,3.46,1623800
2014-03-18,3.48,3.55,3.37,3.52,1284000
2014-03-19,3.5,3.56,3.45,3.46,878800
2014-03-20,3.45,3.55,3.4,3.505,655100
2014-03-21,3.52,3.5301,3.3,3.38,2174900
2014-03-24,3.63,3.68,3.42,3.609,3506500
2014-03-25,3.62,3.8,3.52,3.7,2836400
2014-03-26,3.69,3.83,3.43,3.43,1930400
2014-03-27,3.43,3.5,3.26,3.31,1427300
2014-03-28,3.3,3.37,3.135,3.18,1448900
2014-03-31,3.23,3.3099,3.1701,3.29,847800
2014-04-01,3.31,3.43,3.21,3.32,1342700
2014-04-02,3.36,3.37,3.2,3.23,1657400
2014-04-03,3.24,3.26,3.12,3.16,1420500
2014-04-04,3.16,3.24,3.0,3.02,2269900
2014-04-07,3.03,3.09,2.9,3.005,2061900
2014-04-08,3.02,3.13,2.97,3.05,1387200
2014-04-09,3.06,3.2,3.06,3.18,1046200
2014-04-10,3.19,3.2,2.97,3.0,1771700
2014-04-11,2.95,3.1,2.84,2.88,1945300
2014-04-14,2.9,3.0,2.72,2.74,1714300
2014-04-15,2.77,2.9,2.49,2.61,3464400
2014-04-16,2.64,2.81,2.6,2.79,1717300
2014-04-17,2.79,2.9,2.71,2.83,961200
2014-04-21,2.85,2.89,2.75,2.84,803800
2014-04-22,2.86,3.11,2.86,3.08,1347600
2014-04-23,3.07,3.17,2.95,3.08,1761400
2014-04-24,3.11,3.139,2.86,2.91,1125500
2014-04-25,2.9,2.96,2.68,2.73,1223700
2014-04-28,2.71,2.79,2.6,2.73,1173200
2014-04-29,2.77,2.79,2.67,2.7,1466100
2014-04-30,2.7,2.87,2.63,2.85,1634300
2014-05-01,2.73,2.82,2.6701,2.78,1611400
2014-05-02,2.71,2.82,2.669,2.69,926500
2014-05-05,2.67,2.81,2.6075,2.81,862100
2014-05-06,2.78,2.815,2.62,2.64,1107800
2014-05-07,2.66,2.71,2.45,2.7,1934500
2014-05-08,2.7,2.74,2.48,2.52,1763200
2014-05-09,2.49,2.8,2.48,2.79,1896600
2014-05-12,2.82,2.95,2.78,2.95,1201600
2014-05-13,2.93,3.0,2.845,2.89,1311900
2014-05-14,2.85,2.9,2.7,2.7,1143400
2014-05-15,2.68,2.77,2.61,2.69,1247100
2014-05-16,2.68,2.7,2.57,2.67,729600
2014-05-19,2.67,2.8,2.64,2.76,1085500
2014-05-20,2.77,2.91,2.66,2.75,1995400
2014-05-21,2.78,2.79,2.65,2.72,652300
2014-05-22,2.74,2.88,2.685,2.88,856900
2014-05-23,2.89,2.95,2.81,2.83,706000
2014-05-27,2.85,2.95,2.83,2.92,862000
2014-05-28,2.9,2.95,2.79,2.86,690600
2014-05-29,2.89,2.94,2.78,2.78,733300
2014-05-30,2.77,2.855,2.7,2.71,976500
2014-06-02,2.71,2.78,2.65,2.78,738600
2014-06-03,2.72,2.73,2.68,2.69,604800
2014-06-04,2.67,2.8,2.67,2.71,454900
2014-06-05,2.7,2.84,2.69,2.84,774200
2014-06-06,2.85,2.92,2.82,2.88,755800
2014-06-09,3.97,4.82,3.72,4.25,47723500
2014-06-10,6.06,7.81,6.02,7.79,73138400
2014-06-11,7.4,7.62,6.89,7.291,34175800
2014-06-12,7.25,7.28,6.27,6.83,21015700
2014-06-13,6.74,6.75,6.26,6.47,9003900
2014-06-16,7.34,8.05,7.25,7.82,35421200
2014-06-17,7.55,7.72,7.25,7.58,13122100
2014-06-18,7.45,7.83,7.4,7.69,7556100
2014-06-19,7.66,8.3,7.46,8.08,14460400
2014-06-20,8.42,8.61,7.97,8.13,24897700
2014-06-23,8.12,8.33,7.51,7.77,9257100
2014-06-24,7.86,7.96,7.515,7.59,5757300
2014-06-25,7.58,7.64,7.26,7.45,4664100
2014-06-26,7.42,7.725,7.32,7.64,3165700
2014-06-27,7.59,7.78,7.55,7.7401,5462600
2014-06-30,7.71,7.74,7.48,7.57,3444000
2014-07-01,7.53,7.57,7.415,7.44,2445800
2014-07-02,7.5,7.8,7.4527,7.71,3981000
2014-07-03,7.74,7.83,7.49,7.68,2047200
2014-07-07,7.66,7.7324,7.33,7.34,2477600
2014-07-08,7.28,7.31,6.73,6.9,4229700
2014-07-09,6.96,7.24,6.8319,7.17,2169300
2014-07-10,6.85,7.14,6.65,7.03,2673000
2014-07-11,6.98,7.96,6.97,7.64,7830100
2014-07-14,7.68,7.69,7.26,7.41,4108900
2014-07-15,7.41,7.48,7.02,7.1,4051800
2014-07-16,7.17,7.225,6.81,6.85,3215200
2014-07-17,6.8,7.02,6.64,6.65,2953900
2014-07-18,6.65,6.85,6.64,6.82,2677000
2014-07-21,6.78,6.87,6.61,6.71,2003100
2014-07-22,6.74,7.16,6.71,6.83,2604100
2014-07-23,6.92,7.12,6.84,6.91,2658000
2014-07-24,6.91,7.4,6.91,7.3,3115200
2014-07-25,7.17,7.32,7.08,7.22,2176900
2014-07-28,7.21,7.3,7.03,7.07,2105900
2014-07-29,7.08,7.4599,7.07,7.22,1904600
2014-07-30,7.3,7.5,7.26,7.28,1998000
2014-07-31,7.19,7.3,6.83,6.85,2656400
2014-08-01,6.82,7.34,6.8,7.04,4480300
2014-08-04,7.03,7.11,6.755,7.1,1997700
2014-08-05,7.0,7.33,6.97,7.14,2122600
2014-08-06,7.06,7.215,6.99,7.06,1724200
2014-08-07,7.07,7.18,6.905,7.0,1691700
2014-08-08,7.14,7.44,6.96,7.36,2714600
2014-08-11,7.8,7.96,7.57,7.59,4595400
2014-08-12,7.59,7.75,7.4698,7.65,1991800
2014-08-13,7.68,8.04,7.65,7.92,2910900
2014-08-14,7.92,8.68,7.88,8.44,4696900
2014-08-15,9.39,9.94,9.06,9.25,21904300
2014-08-18,9.75,10.1,9.33,9.54,16914400
2014-08-19,9.66,9.93,9.35,9.87,7174300
2014-08-20,10.0,10.18,9.63,9.79,7248300
2014-08-21,9.75,9.84,9.38,9.47,3841400
2014-08-22,9.49,9.86,9.36,9.76,4188500
2014-08-25,9.78,11.15,9.75,10.78,14842800
2014-08-26,11.22,12.059,10.9,11.75,20151700
2014-08-27,11.65,11.94,11.15,11.45,13531400
2014-08-28,11.34,11.73,11.15,11.45,5190600
2014-08-29,11.44,11.59,11.2828,11.57,4362200
2014-09-02,11.81,12.29,11.8001,12.27,10372700
2014-09-03,12.57,13.24,12.56,13.06,13228500
2014-09-04,13.22,13.8,13.01,13.22,13045300
2014-09-05,13.06,13.09,11.33,12.17,19238300
2014-09-08,12.06,13.15,11.74,12.75,9183900
2014-09-09,12.58,12.72,12.22,12.38,7119700
2014-09-10,12.41,12.77,12.39,12.61,5432900
2014-09-11,12.49,12.79,12.0801,12.67,7427500
2014-09-12,12.3,12.5399,12.02,12.18,6373100
2014-09-15,11.75,11.76,10.75,11.06,6837800
2014-09-16,11.0,11.98,10.85,11.86,5175700
2014-09-17,11.84,12.24,11.625,11.95,4320200
2014-09-18,11.97,12.2,11.755,11.95,3693700
2014-09-19,12.01,12.06,11.42,11.5,9557600
2014-09-22,11.43,11.49,10.82,11.06,5051700
2014-09-23,10.88,11.33,10.76,11.14,4723600
2014-09-24,11.12,11.4,10.98,11.29,4167884
2014-09-25,11.22,11.4,10.6,10.92,5262297
2014-09-26,10.98,11.246,10.83,11.16,3739928
2014-09-29,10.91,11.18,10.7,10.77,3814561
2014-09-30,10.87,10.94,9.8601,9.98,8524994
2014-10-01,9.88,9.94,9.32,9.78,5511486
2014-10-02,9.71,10.28,9.65,10.14,3374246
2014-10-03,10.29,10.74,10.071,10.62,4023299
2014-10-06,10.62,10.69,9.8,9.97,3237823
2014-10-07,9.93,10.13,9.44,9.76,3007649
2014-10-08,9.76,10.87,9.38,10.73,8193160
2014-10-09,10.88,10.99,9.94,10.18,4747988
2014-10-10,9.98,10.46,9.8,9.9,4086134
2014-10-13,9.88,10.31,9.55,9.87,3616291
2014-10-14,9.95,10.3199,9.66,10.01,2969381
2014-10-15,9.75,10.2,9.73,10.125,3781962
2014-10-16,9.87,11.11,9.86,10.89,4211725
2014-10-17,11.46,11.89,10.75,10.97,8042578
2014-10-20,10.98,11.35,10.76,10.99,3548485
2014-10-21,11.09,11.44,11.01,11.43,3528984
2014-10-22,11.5,11.725,11.04,11.06,4648247
2014-10-23,11.18,11.54,11.06,11.22,3690261
2014-10-24,11.21,11.74,11.16,11.71,4116574
2014-10-27,11.6,11.91,11.13,11.77,3813684
2014-10-28,11.82,12.62,11.78,11.94,6624318
2014-10-29,11.8,11.93,11.51,11.71,3008136
2014-10-30,11.63,12.05,11.55,11.95,2903560
2014-10-31,12.2,12.38,11.57,11.75,4163037
2014-11-03,11.8,12.15,11.8,12.12,3772964
2014-11-04,11.63,11.7,9.63,10.23,19663194
2014-11-05,10.35,10.54,10.05,10.15,5752305
2014-11-06,10.23,10.35,9.95,10.26,3584547
2014-11-07,10.2,10.26,9.95,10.11,3143386
2014-11-10,10.85,12.95,10.67,12.85,28839302
2014-11-11,13.13,13.38,12.2201,12.48,14935696
2014-11-12,12.25,14.86,12.0,14.85,19765951
2014-11-13,14.26,15.0,13.35,13.49,13484092
2014-11-14,13.55,14.35,13.43,13.965,7795493
2014-11-17,13.87,14.18,13.07,13.32,6014880
2014-11-18,13.3,13.885,13.13,13.31,5017139
2014-11-19,13.25,13.59,12.6,12.91,5437417
2014-11-20,12.76,13.43,12.61,13.3,3635119
2014-11-21,13.52,13.68,13.04,13.16,3625127
2014-11-24,13.21,13.45,13.0368,13.12,3627259
2014-11-25,13.2,13.25,12.53,12.755,2967653
2014-11-26,12.75,13.3,12.63,13.21,3225951
2014-11-28,13.21,13.49,12.83,12.87,2396340
2014-12-01,12.87,13.05,12.15,12.33,3895234
2014-12-02,12.33,13.46,12.33,13.24,5257576
2014-12-03,13.22,13.92,13.03,13.77,5103323
2014-12-04,13.8,14.139,13.55,13.8,3786223
2014-12-05,13.94,14.82,13.83,14.81,6276362
2014-12-08,14.82,15.31,13.32,13.475,8284880
2014-12-09,13.08,14.22,12.88,14.12,3426078
2014-12-10,13.97,14.3,13.325,13.4,3650624
2014-12-11,13.46,14.12,13.21,13.39,4409562
2014-12-12,13.35,13.75,13.01,13.28,3941829
2014-12-15,13.49,13.69,12.57,12.72,4426983
2014-12-16,12.69,13.42,12.41,12.92,3163477
2014-12-17,13.0,14.21,12.92,14.2,4670092
2014-12-18,14.81,14.95,14.28,14.545,4456319
2014-12-19,14.36,14.536,13.9,14.21,6566041
2014-12-22,15.2,16.87,14.56,15.49,45519818
2014-12-23,14.75,15.15,11.41,11.84,29155510
2014-12-24,12.56,13.48,12.3,13.06,13313800
2014-12-26,13.31,13.62,12.43,12.82,9472686
2014-12-29,12.87,13.15,12.46,12.655,5051274
2014-12-30,12.52,12.73,12.19,12.29,3613407
2014-12-31,12.27,12.75,12.23,12.25,3970020
2015-01-02,12.33,13.59,12.33,13.33,6661996
2015-01-05,13.02,13.78,12.95,13.32,4699604
2015-01-06,13.4,13.61,12.38,12.815,4743446
2015-01-07,13.11,13.52,12.9,13.4,3537601
2015-01-08,13.53,13.88,13.22,13.56,3706458
2015-01-09,13.55,14.81,13.23,14.56,7611515
2015-01-12,14.6,14.78,14.0,14.64,5211017
2015-01-13,14.67,15.07,13.88,14.34,5322948
2015-01-14,13.77,14.76,13.7,14.27,3708985
2015-01-15,14.31,14.5999,13.66,13.72,3987197
2015-01-16,13.67,14.57,13.5501,14.515,4264871
2015-01-20,14.37,14.924,14.03,14.84,5039943
2015-01-21,14.63,15.33,14.6,14.89,5842172
2015-01-22,15.02,15.72,14.7,15.48,5961530
2015-01-23,15.36,16.32,15.23,15.99,5283861
2015-01-26,15.94,16.54,15.41,15.595,6424518
2015-01-27,15.24,15.98,15.2,15.42,4844197
2015-01-28,15.58,15.7,14.55,14.81,4263886
2015-01-29,14.85,15.4599,14.58,15.22,3162811
2015-01-30,15.11,15.44,14.74,14.85,2791494
2015-02-02,14.9,15.1,14.0699,14.36,3180474
2015-02-03,14.41,14.61,13.75,14.5,3955279
2015-02-04,13.01,13.08,11.65,12.05,15735730
2015-02-05,12.2,12.29,11.02,11.08,11296098
2015-02-06,11.05,11.7422,10.75,10.82,10217856
2015-02-09,12.09,12.85,11.5386,11.66,23808905
2015-02-10,11.81,12.05,11.24,11.475,5722876
2015-02-11,10.83,11.52,10.76,11.23,7552336
2015-02-12,10.75,11.2,10.61,11.085,13129004
2015-02-13,11.18,11.3,10.7799,10.89,4899611
2015-02-17,11.04,11.25,10.86,11.195,3923469
2015-02-18,11.33,12.11,11.27,12.1,7346266
2015-02-19,12.08,12.6,11.95,12.39,7159148
2015-02-20,12.4,12.56,12.07,12.16,5043876
2015-02-23,12.2,12.81,12.1,12.63,5354479
2015-02-24,12.63,12.89,12.05,12.26,5201559
2015-02-25,12.18,12.75,12.18,12.64,4260119
2015-02-26,12.66,12.94,12.29,12.49,2707887
2015-02-27,12.5,12.55,12.02,12.14,5401415
2015-03-02,12.26,12.65,12.2,12.345,2992614
2015-03-03,12.34,12.35,11.75,12.14,3334241
2015-03-04,11.44,11.88,11.32,11.63,5603219
2015-03-05,11.21,11.52,10.125,10.99,11475602
2015-03-06,11.07,11.42,10.8501,11.39,4643972
2015-03-09,11.4,11.45,10.87,11.065,3740331
2015-03-10,10.96,11.36,10.8601,11.13,4510177
2015-03-11,11.2,11.355,10.99,11.22,3114559
2015-03-12,11.21,11.68,10.98,11.29,3969301
2015-03-13,11.21,11.44,10.96,11.3,4562550
2015-03-16,11.33,11.42,11.11,11.205,2567192
2015-03-17,11.19,11.5,11.1,11.44,2321357
2015-03-18,11.42,11.55,11.27,11.45,3124246
2015-03-19,11.49,11.75,11.36,11.42,2647734
2015-03-20,11.47,11.6399,11.04,11.055,4452326
2015-03-23,10.87,11.16,10.78,10.845,2595394
2015-03-24,10.87,10.88,10.52,10.56,3522529
2015-03-25,10.33,10.57,10.15,10.17,3670127
2015-03-26,10.05,10.26,9.7501,10.0,2900049
2015-03-27,10.01,10.3,9.85,10.16,2343666
2015-03-30,10.29,10.5,10.0502,10.24,2657950
2015-03-31,10.16,10.21,9.86,9.86,2819594
2015-04-01,9.82,10.04,9.56,10.01,2899785
2015-04-02,10.05,10.21,9.79,10.19,2586396
2015-04-06,10.0,10.19,9.78,9.92,2269416
2015-04-07,9.95,10.27,9.92,9.95,1978575
2015-04-08,10.02,10.39,9.97,10.275,2229039
2015-04-09,10.27,10.41,10.03,10.22,1278165
2015-04-10,10.27,10.49,10.24,10.36,1745144
2015-04-13,10.35,10.71,10.311,10.54,1635900
2015-04-14,10.59,10.7,10.41,10.535,1153783
2015-04-15,10.6,10.6,10.31,10.43,1179433
2015-04-16,10.36,10.65,10.34,10.55,1096245
2015-04-17,10.45,10.5,10.13,10.26,1497833
2015-04-20,10.27,10.3,10.03,10.05,1989189
2015-04-21,10.1,10.3,10.03,10.14,1970555
2015-04-22,10.18,10.28,9.91,10.01,2308514
2015-04-23,10.01,10.12,9.825,10.0,3729893
2015-04-24,10.0,10.58,9.93,10.06,3973071
2015-04-27,10.21,10.36,9.39,9.41,4590139
2015-04-28,9.46,9.6,8.86,9.18,4379783
2015-04-29,9.14,9.41,9.01,9.2,2543132
2015-04-30,9.13,9.38,8.68,8.75,3026770
2015-05-01,8.86,9.27,8.825,9.13,2680370
2015-05-04,9.18,9.6,9.14,9.41,2569039
2015-05-05,9.49,9.5,9.1,9.21,2341364
2015-05-06,9.29,9.4545,9.09,9.14,2520144
2015-05-07,9.23,9.45,9.1399,9.28,2690954
2015-05-08,9.44,9.56,9.33,9.43,2316207
2015-05-11,9.45,9.78,9.44,9.62,1681470
2015-05-12,9.56,9.72,9.41,9.62,1738035
2015-05-13,9.59,9.74,9.39,9.45,1339921
2015-05-14,9.45,9.6063,9.17,9.52,1151836
2015-05-15,9.53,9.69,9.4,9.57,1407185
2015-05-18,9.52,11.05,9.47,11.03,10227920
2015-05-19,10.6,10.9,10.23,10.68,9782355
2015-05-20,9.55,9.55,8.96,9.05,23618542
2015-05-21,9.1,9.32,9.02,9.11,5123944
2015-05-22,9.13,9.27,9.05,9.23,4080971
2015-05-26,9.2,9.33,9.17,9.24,3956625
2015-05-27,9.27,9.42,9.18,9.36,2706091
2015-05-28,9.36,9.365,9.09,9.34,2546324
2015-05-29,9.29,9.91,9.27,9.89,4973073
2015-06-01,9.85,9.89,9.23,9.345,4931893
2015-06-02,9.32,9.52,9.29,9.41,5682882
2015-06-03,9.48,9.65,9.4,9.59,2184048
2015-06-04,9.54,9.6,9.14,9.2,2988002
2015-06-05,9.18,9.295,8.93,9.2,3022046
2015-06-08,9.23,9.2532,8.97,9.07,2166680
2015-06-09,9.09,9.1,8.62,8.69,3608927
2015-06-10,8.65,8.72,8.39,8.5,3921116
2015-06-11,8.52,8.67,8.38,8.44,3868620
2015-06-12,8.42,8.42,8.185,8.24,3935999
2015-06-15,8.13,8.77,8.13,8.73,3709562
2015-06-16,8.64,8.7,8.51,8.64,1964823
2015-06-17,8.59,8.74,8.55,8.66,1471427
2015-06-18,8.72,8.99,8.67,8.93,2236438
2015-06-19,8.87,9.04,8.76,8.79,4360475
2015-06-22,8.81,9.07,8.545,9.05,2666037
2015-06-23,9.07,9.12,8.95,9.1,1590747
2015-06-24,9.11,9.2,9.0,9.03,1755403
2015-06-25,9.06,9.1499,8.72,8.825,2388261
2015-06-26,8.82,8.82,8.58,8.69,4948735
2015-06-29,8.59,8.81,8.51,8.55,2513948
2015-06-30,8.59,8.87,8.52,8.86,2462624
2015-07-01,8.93,9.09,8.63,8.65,2024237
2015-07-02,8.64,8.73,8.48,8.58,1601294
2015-07-06,8.5,8.74,8.3601,8.7,1705580
2015-07-07,8.73,8.78,8.55,8.75,1857588
2015-07-08,8.68,8.74,8.35,8.43,2328449
2015-07-09,8.51,8.59,8.37,8.54,1703445
2015-07-10,8.63,8.7,8.45,8.68,2132158
2015-07-13,8.8,9.09,8.71,9.08,2387995
2015-07-14,9.15,9.48,9.1,9.36,2770956
2015-07-15,9.46,9.62,9.25,9.33,2172993
2015-07-16,9.4,9.48,9.34,9.47,1693085
2015-07-17,9.5,9.525,9.27,9.43,1864466
2015-07-20,9.49,9.52,9.31,9.36,2135558
2015-07-21,9.34,9.39,9.11,9.26,2042859
2015-07-22,9.14,9.16,8.86,9.09,1906382
2015-07-23,9.06,9.17,8.94,8.97,1721581
2015-07-24,8.92,9.09,8.65,8.69,1727784
2015-07-27,8.6,8.6,8.16,8.28,2570903
2015-07-28,8.33,8.55,7.86,8.41,3023242
2015-07-29,8.47,8.576,8.28,8.41,2654940
2015-07-30,8.38,8.54,8.23,8.39,1667510
2015-07-31,8.43,8.59,8.33,8.52,1264632
2015-08-03,8.51,8.53,8.095,8.14,1765596
2015-08-04,8.12,8.26,8.05,8.11,1970356
2015-08-05,8.19,8.28,8.005,8.11,971218
2015-08-06,8.09,8.15,7.58,7.74,2194334
2015-08-07,7.69,7.74,7.28,7.6,2436307
2015-08-10,7.29,7.7151,7.13,7.3,3816486
2015-08-11,7.3,7.59,7.22,7.31,1807589
2015-08-12,7.2,7.87,7.15,7.84,2276482
2015-08-13,7.82,7.98,7.56,7.57,1799930
2015-08-14,7.54,7.62,7.25,7.41,2055967
2015-08-17,7.42,8.87,7.25,8.65,7293242
2015-08-18,8.52,9.0,8.35,8.62,3529965
2015-08-19,8.64,8.79,8.3,8.33,1858966
2015-08-20,8.33,8.33,7.95,7.97,2635378
2015-08-21,7.76,8.19,7.64,7.86,2811824
2015-08-24,6.98,7.725,6.71,7.25,4561758
2015-08-25,7.42,7.63,7.095,7.1,2702755
2015-08-26,7.27,7.38,6.93,7.34,2735784
2015-08-27,7.5,7.66,7.36,7.51,2697290
2015-08-28,7.45,7.815,7.43,7.76,2382829
2015-08-31,7.74,7.87,7.37,7.39,2005422
2015-09-01,7.26,7.37,7.04,7.09,2114762
2015-09-02,7.21,7.57,7.01,7.57,3903886
2015-09-03,7.58,7.75,7.45,7.55,2760853
2015-09-04,7.42,7.76,7.35,7.74,2452391
2015-09-08,8.07,8.15,7.77,8.04,5955653
2015-09-09,8.03,8.18,7.62,7.65,2906462
2015-09-10,7.59,7.84,7.43,7.73,2112020
2015-09-11,7.68,7.77,7.59,7.77,1174444
2015-09-14,7.8,7.91,7.66,7.78,1589695
2015-09-15,7.78,7.88,7.725,7.8,921681
2015-09-16,7.84,8.01,7.56,7.99,2220529
2015-09-17,8.22,8.62,8.015,8.58,3936645
2015-09-18,8.42,8.71,8.31,8.69,3534396
2015-09-21,8.85,9.24,8.48,8.71,6118168
2015-09-22,8.51,8.64,8.23,8.5,3282017
2015-09-23,8.54,8.68,8.36,8.56,2775049
2015-09-24,8.48,8.53,8.16,8.45,2773627
2015-09-25,8.57,8.59,7.35,7.595,3466720
2015-09-28,7.42,7.58,6.7,6.85,3846080
2015-09-29,6.83,7.11,6.52,6.56,3095354
2015-09-30,6.67,6.935,6.46,6.91,3190317
2015-10-01,6.88,6.95,6.41,6.74,2173814
2015-10-02,6.6,7.24,6.56,7.2,2415062
2015-10-05,7.27,7.58,7.17,7.55,1935626
2015-10-06,7.52,7.52,6.83,7.38,3042627
2015-10-07,7.42,7.82,7.19,7.63,2703450
2015-10-08,7.58,7.77,7.225,7.67,1841426
2015-10-09,7.68,7.78,7.5,7.57,1563651
2015-10-12,7.68,7.68,7.31,7.39,1239796
2015-10-13,7.34,7.67,7.18,7.22,2131171
2015-10-14,7.26,7.55,7.08,7.19,1981105
2015-10-15,7.12,7.65,7.0,7.6,3006568
2015-10-16,7.68,8.061,7.24,7.53,2757105
2015-10-19,7.57,7.99,7.44,7.94,2088764
2015-10-20,7.95,8.05,7.76,7.86,2380336
2015-10-21,7.95,8.06,7.57,7.83,1838443
2015-10-22,7.85,8.59,7.405,7.99,4451633
2015-10-23,8.09,8.1401,7.49,8.1,5452049
2015-10-26,8.1,8.3,7.98,8.09,1414483
2015-10-27,8.07,8.17,7.901,8.13,3152779
2015-10-28,8.15,8.15,7.52,7.87,3836924
2015-10-29,7.86,7.95,7.73,7.76,2522366
2015-10-30,7.78,7.915,7.68,7.82,1269577
2015-11-02,7.86,8.71,7.8249,8.68,3182005
2015-11-03,8.56,8.97,8.46,8.93,2116745
2015-11-04,8.99,9.12,8.69,8.96,1637196
2015-11-05,8.96,9.0,8.68,8.99,1266418
2015-11-06,9.37,10.165,9.21,10.05,4960338
2015-11-09,9.9,10.535,9.8,10.38,3765937
2015-11-10,10.38,10.63,10.185,10.4,3140370
2015-11-11,10.4,10.47,10.08,10.1,2427753
2015-11-12,10.03,10.18,9.77,9.85,2044697
2015-11-13,9.81,10.3,9.64,9.965,1711361
2015-11-16,10.02,10.24,9.685,9.99,1733104
2015-11-17,10.01,10.305,9.87,9.98,2003926
2015-11-18,10.02,10.17,9.86,10.06,2631286
2015-11-19,10.08,10.17,9.75,9.88,1672551
2015-11-20,9.98,10.0,9.81,9.84,1334980
2015-11-23,9.83,9.965,9.8,9.86,2001370
2015-11-24,9.82,10.06,9.81,9.93,2400206
2015-11-25,9.92,10.305,9.9025,10.09,2887339
2015-11-27,10.09,10.39,10.09,10.15,934970
2015-11-30,10.3,10.49,10.0701,10.18,3021981
2015-12-01,10.23,10.3,9.96,10.04,4245305
2015-12-02,10.03,10.21,9.85,9.88,1802685
2015-12-03,9.92,10.0,9.39,9.49,2363398
2015-12-04,9.49,9.73,9.33,9.58,2254746
2015-12-07,9.69,9.95,9.44,9.75,5299222
2015-12-08,9.65,9.91,9.65,9.8,1771683
2015-12-09,9.78,9.82,9.331,9.46,1555438
2015-12-10,9.46,9.99,9.36,9.9,2654758
2015-12-11,9.67,9.88,9.185,9.22,1651634
2015-12-14,9.09,9.51,8.87,9.13,2096184
2015-12-15,9.25,9.82,9.24,9.71,1901807
2015-12-16,9.8,9.96,9.66,9.92,1678257
2015-12-17,10.0,10.0262,9.53,9.66,1104667
2015-12-18,9.66,9.995,9.47,9.81,4201444
2015-12-21,9.88,9.905,9.51,9.81,1255271
2015-12-22,9.87,10.115,9.72,9.89,1082954
2015-12-23,9.98,10.18,9.94,10.13,854651
2015-12-24,10.14,10.39,10.14,10.28,609625
2015-12-28,10.17,10.21,9.961,10.05,952893
2015-12-29,10.1,10.49,10.08,10.42,1464074
2015-12-30,10.38,10.95,10.17,10.76,3463570
2015-12-31,10.78,10.83,10.57,10.79,1603452
2016-01-04,10.55,10.66,10.16,10.35,3352080
2016-01-05,10.4,10.5,10.11,10.3,2114842
2016-01-06,10.11,10.16,9.66,9.89,1934685
2016-01-07,9.5,9.65,8.92,9.0,2424324
2016-01-08,9.1,9.4,8.75,8.89,1932642
2016-01-11,8.91,9.05,7.99,8.29,2290611
2016-01-12,8.38,8.76,8.0801,8.57,1709224
2016-01-13,8.61,8.61,7.76,7.84,2048570
2016-01-14,7.87,8.16,7.23,7.95,2325428
2016-01-15,7.49,7.76,7.15,7.56,1907671
2016-01-19,7.7,7.7,7.08,7.29,1295909
2016-01-20,7.11,7.8101,6.82,7.61,2303645
2016-01-21,7.63,7.97,7.18,7.19,1898004
2016-01-22,7.43,7.54,7.08,7.42,1967113
2016-01-25,7.33,7.77,7.21,7.54,2077058
2016-01-26,7.63,7.7,7.11,7.5,1663327
2016-01-27,7.48,7.65,7.125,7.17,1467952
2016-01-28,7.25,7.35,6.69,6.99,1638766
2016-01-29,7.09,7.1325,6.43,6.76,2923466
2016-02-01,6.73,6.88,6.51,6.79,1537162
2016-02-02,6.62,6.675,6.21,6.41,1805256
2016-02-03,6.45,6.55,6.04,6.45,1498232
2016-02-04,6.45,6.962,6.35,6.7,1627145
2016-02-05,6.61,6.71,6.24,6.32,2560942
2016-02-08,6.21,6.345,5.67,5.86,2094783
2016-02-09,5.75,6.15,5.681,5.96,1119290
2016-02-10,6.02,6.28,5.91,5.92,887547
2016-02-11,5.75,5.935,5.61,5.63,1652116
2016-02-12,5.7,6.26,5.57,6.07,2050166
2016-02-16,6.21,6.4419,6.09,6.27,2452137
2016-02-17,6.3,6.59,6.05,6.48,1614102
2016-02-18,6.34,6.56,6.225,6.41,2212660
2016-02-19,6.38,6.74,6.31,6.7,1392922
2016-02-22,6.84,6.98,6.785,6.9,1361332
2016-02-23,6.86,6.95,6.6601,6.7,1745471
2016-02-24,6.62,6.69,6.25,6.65,1419967
2016-02-25,6.65,7.3,6.65,6.85,2165540
2016-02-26,7.18,7.61,7.03,7.35,2258833
2016-02-29,7.33,7.51,7.26,7.39,1525832
2016-03-01,7.46,7.65,7.29,7.6,2319433
2016-03-02,7.59,7.8,7.455,7.8,2189230
2016-03-03,7.78,7.82,7.35,7.63,1732286
2016-03-04,7.65,7.695,7.23,7.29,2294541
2016-03-07,7.27,7.88,7.16,7.86,1545779
2016-03-08,7.82,7.83,7.45,7.48,1323183
2016-03-09,7.57,7.6,7.14,7.24,2025047
2016-03-10,7.27,7.44,7.04,7.12,1315250
2016-03-11,7.18,7.51,7.08,7.5,1429370
2016-03-14,7.5,7.69,7.33,7.55,1420517
2016-03-15,7.52,7.6,7.12,7.14,1959516
2016-03-16,7.09,7.28,6.87,7.06,1895937
2016-03-17,7.07,7.2,6.9,7.02,2204949
2016-03-18,7.14,7.37,7.0,7.26,3884259
2016-03-21,7.23,7.43,7.11,7.23,1218138
2016-03-22,7.17,7.495,7.17,7.44,1373941
2016-03-23,7.39,7.57,7.15,7.15,1240130
2016-03-24,7.09,7.49,6.98,7.38,1181629
2016-03-28,7.4,7.46,7.23,7.29,867873
2016-03-29,7.25,7.67,7.195,7.56,1497105
2016-03-30,7.58,7.77,7.42,7.52,1734076
2016-03-31,7.51,7.92,7.51,7.72,1832116
2016-04-01,7.7,8.03,7.55,7.92,1907148
2016-04-04,7.99,8.145,7.83,7.85,1785771
2016-04-05,7.82,8.0292,7.69,7.89,1013272
2016-04-06,7.9,8.19,7.86,8.19,2052771
2016-04-07,8.1,8.28,7.95,8.05,1595815
2016-04-08,8.18,8.18,7.83,8.05,1001480
2016-04-11,8.09,8.25,7.88,7.88,983814
2016-04-12,7.9,8.15,7.86,8.12,1268565
2016-04-13,8.22,8.37,8.16,8.36,966700
2016-04-14,8.33,8.56,8.18,8.52,1054883
2016-04-15,8.49,8.67,8.395,8.6,1216580
2016-04-18,8.59,8.75,8.48,8.65,1087743
2016-04-19,8.65,8.68,8.38,8.45,988964
2016-04-20,8.54,8.6,8.29,8.425,1317636
2016-04-21,8.45,9.21,8.403,9.03,1842504
2016-04-22,9.1,9.26,8.8407,9.1,2031631
2016-04-25,9.1,9.35,9.04,9.14,1108616
2016-04-26,9.15,9.15,8.82,8.88,871201
2016-04-27,8.84,9.05,8.75,8.87,1086557
2016-04-28,8.88,9.125,8.73,8.8,1163143
2016-04-29,8.73,8.88,8.55,8.55,1310514
2016-05-02,8.57,8.84,8.36,8.82,1360039
2016-05-03,8.65,8.76,8.12,8.25,2234500
2016-05-04,8.14,8.325,7.99,8.02,1598376
2016-05-05,8.1,8.19,7.77,7.93,1323629
2016-05-06,7.84,8.01,7.65,7.92,1549920
2016-05-09,7.9,8.44,7.9,8.31,1706627
2016-05-10,8.33,8.49,8.05,8.31,1014258
2016-05-11,8.28,8.43,7.96,7.97,1038104
2016-05-12,8.02,8.18,7.7,7.91,1432311
2016-05-13,7.91,8.17,7.88,8.14,1125119
2016-05-16,8.19,8.36,8.07,8.24,1348619
2016-05-17,8.19,8.3,7.96,8.01,1332056
2016-05-18,8.0,8.29,7.99,8.16,1258033
2016-05-19,8.12,8.35,7.97,8.15,1152589
2016-05-20,8.2,8.55,8.143,8.42,1411010
2016-05-23,8.43,8.68,8.38,8.49,851227
2016-05-24,8.57,8.9,8.45,8.89,1327594
2016-05-25,8.94,9.15,8.9,9.05,1321690
2016-05-26,9.04,9.15,8.87,9.05,1138748
2016-05-27,9.06,9.16,8.96,9.1,912630
2016-05-31,9.17,9.44,9.1602,9.35,1409709
2016-06-01,9.31,9.55,9.23,9.42,1332474
2016-06-02,9.42,9.85,9.34,9.83,1603189
2016-06-03,9.84,9.85,9.445,9.64,1762289
2016-06-06,9.66,9.87,9.44,9.86,1438520
2016-06-07,9.87,9.87,9.51,9.51,1131213
2016-06-08,9.52,9.65,9.35,9.61,1211510
2016-06-09,9.51,10.06,9.47,9.73,2199132
2016-06-10,9.95,9.95,9.52,9.55,2053746
2016-06-13,9.51,9.63,9.08,9.11,1820627
2016-06-14,9.11,9.3,9.01,9.18,1278960
2016-06-15,9.24,9.42,9.01,9.02,2212429
2016-06-16,8.97,9.13,8.83,9.1,971930
2016-06-17,9.1,9.17,8.5,8.52,3384723
2016-06-20,8.69,8.79,8.6001,8.63,1203314
2016-06-21,8.67,8.67,8.35,8.42,1014042
2016-06-22,8.41,8.69,8.31,8.4,1027436
2016-06-23,8.54,8.76,8.38,8.71,1207857
2016-06-24,8.1,8.44,8.04,8.06,1628047
2016-06-27,7.85,8.0339,7.48,7.48,2413891
2016-06-28,7.66,7.92,7.66,7.78,1716741
2016-06-29,7.91,7.91,7.6478,7.84,1434199
2016-06-30,7.88,7.94,7.72,7.8,966829
2016-07-01,7.82,8.13,7.78,8.03,981957
2016-07-05,7.9,8.04,7.81,7.87,790960
2016-07-06,7.81,8.26,7.81,8.17,900862
2016-07-07,8.66,8.89,8.4975,8.88,1956037
2016-07-08,8.84,9.2,8.8267,9.14,1593567
2016-07-11,9.23,9.32,9.19,9.21,1566092
2016-07-12,9.3,9.36,9.125,9.24,1348202
2016-07-13,9.33,9.33,8.925,8.93,1400199
2016-07-14,8.54,8.75,8.405,8.64,2453128
2016-07-15,8.7,8.85,8.62,8.76,1538587
2016-07-18,8.8,8.88,8.7,8.79,990131
2016-07-19,8.68,8.9,8.48,8.49,1315016
2016-07-20,8.57,8.75,8.49,8.68,916150
2016-07-21,8.72,8.9,8.67,8.77,1148924
2016-07-22,8.76,8.84,8.555,8.6,926612
2016-07-25,8.58,8.59,8.33,8.42,857101
2016-07-26,8.41,8.55,8.37,8.39,852125
2016-07-27,8.4,8.5,8.35,8.4,1426698
2016-07-28,8.35,8.4,8.145,8.27,1630280
2016-07-29,8.18,8.37,8.1405,8.28,1419716
2016-08-01,8.3,8.46,8.255,8.43,1369212
2016-08-02,8.43,8.71,8.32,8.67,1978812
2016-08-03,8.63,8.8,8.53,8.72,767380
2016-08-04,8.67,8.81,8.54,8.55,612361
2016-08-05,8.58,9.14,8.58,9.12,1312001
2016-08-08,9.12,9.21,8.97,8.99,805626
2016-08-09,9.01,9.1,8.95,9.04,732650
2016-08-10,9.06,9.07,8.75,8.8,594972
2016-08-11,8.84,9.04,8.75,8.85,800631
2016-08-12,8.86,8.87,8.625,8.74,1098139
2016-08-15,8.8,8.945,8.77,8.86,781068
2016-08-16,8.81,8.91,8.74,8.82,1105560
2016-08-17,8.8,8.8,8.62,8.65,597997
2016-08-18,8.62,8.8,8.57,8.77,508068
2016-08-19,8.75,8.95,8.75,8.85,910304
2016-08-22,8.88,9.3,8.8,9.29,1691905
2016-08-23,9.38,9.43,9.15,9.22,980968
2016-08-24,9.17,9.495,8.6,8.6,2584814
2016-08-25,8.61,8.96,8.38,8.6,1527058
2016-08-26,8.59,8.73,8.41,8.54,1050599
2016-08-29,8.56,8.655,8.35,8.4,983592
2016-08-30,8.37,8.53,8.34,8.36,918481
2016-08-31,8.32,8.43,8.2,8.26,1384861
2016-09-01,8.26,8.33,8.1042,8.23,928170
2016-09-02,8.28,8.31,8.09,8.12,758927
2016-09-06,8.18,8.4,8.09,8.36,1680671
2016-09-07,8.38,8.49,8.34,8.46,765891
2016-09-08,8.44,8.61,8.33,8.57,819611
2016-09-09,8.66,8.73,8.05,8.05,2574331
2016-09-12,8.01,8.1,7.88,7.93,1880692
2016-09-13,7.82,7.98,7.36,7.63,2201500
2016-09-14,7.65,7.9,7.58,7.7,1138913
2016-09-15,8.0,8.32,7.88,8.06,4344332
2016-09-16,8.01,8.2,7.97,8.07,2314677
2016-09-19,8.15,8.15,7.8,7.81,2115755
2016-09-20,7.9,8.0,7.8,7.96,2433592
2016-09-21,8.0,8.12,7.84,8.1,1975613
2016-09-22,8.16,8.52,8.07,8.44,2048206
2016-09-23,8.71,9.19,8.54,8.69,4856974
2016-09-26,8.86,8.86,8.3,8.34,2068465
2016-09-27,8.32,8.47,8.18,8.25,1584960
2016-09-28,8.26,8.33,8.04,8.29,1457683
2016-09-29,8.24,8.27,7.91,7.93,1651760
2016-09-30,7.98,8.145,7.89,8.1,1095631
2016-10-03,8.06,8.09,7.875,8.04,1167258
2016-10-04,8.05,8.09,7.86,7.91,852752
2016-10-05,7.96,8.25,7.94,8.08,1307508
2016-10-06,7.99,8.08,7.86,7.87,1212984
2016-10-07,7.89,7.925,7.66,7.79,1037707
2016-10-10,7.89,7.975,7.86,7.96,1001299
2016-10-11,7.9,7.95,7.43,7.53,1698278
2016-10-12,7.54,7.6,7.11,7.14,1426057
2016-10-13,7.0,7.285,7.0,7.14,1476511
2016-10-14,7.22,7.34,6.97,7.0,995920
2016-10-17,6.95,7.04,6.84,6.99,1132483
2016-10-18,7.11,7.22,6.98,7.04,1065731
2016-10-19,7.03,7.18,6.85,6.89,827287
2016-10-20,6.87,7.03,6.86,7.01,1218987
2016-10-21,7.01,7.07,6.925,6.98,962848
2016-10-24,7.02,7.1,6.83,6.84,914089
2016-10-25,6.84,6.84,6.68,6.72,960227
2016-10-26,6.68,6.87,6.625,6.7,821888
2016-10-27,6.76,6.8,6.53,6.53,837289
2016-10-28,6.49,6.56,6.33,6.47,967860
2016-10-31,6.48,6.48,6.28,6.28,936411
2016-11-01,6.35,6.36,6.07,6.2,1683125
2016-11-02,6.16,6.2,6.01,6.04,1674423
2016-11-03,5.99,6.01,3.78,4.32,15668196
2016-11-04,4.44,4.77,4.33,4.36,5658708
2016-11-07,4.4,4.61,4.4,4.46,3441686
2016-11-08,4.4,4.44,4.22,4.34,2202938
2016-11-09,4.54,4.73,4.35,4.52,3957704
2016-11-10,4.65,4.87,4.6,4.76,3265261
2016-11-11,4.76,4.83,4.57,4.67,2178693
2016-11-14,4.72,4.78,4.6,4.74,3632011
2016-11-15,4.72,4.82,4.63,4.68,2249719
2016-11-16,4.64,4.73,4.54,4.55,2133752
2016-11-17,4.55,4.68,4.54,4.61,3354548
2016-11-18,4.62,4.64,4.4,4.47,1854324
2016-11-21,4.48,4.51,4.39,4.42,2882184
2016-11-22,4.42,4.47,4.12,4.21,2961694
2016-11-23,4.15,4.62,4.1,4.55,4983619
2016-11-25,4.56,4.67,4.42,4.43,1488002
2016-11-28,4.51,4.54,4.12,4.15,2780540
2016-11-29,4.18,4.26,4.125,4.19,2576312
2016-11-30,4.2,4.24,4.095,4.14,1508845
2016-12-01,4.17,4.19,3.96,3.97,1980699
2016-12-02,3.97,4.12,3.91,4.06,948503
2016-12-05,4.11,4.23,4.09,4.2,1614185
2016-12-06,4.31,4.4,4.19,4.37,2038732
2016-12-07,4.24,4.31,4.02,4.11,2559788
2016-12-08,4.19,4.24,4.05,4.23,2172389
2016-12-09,4.23,4.45,4.23,4.34,1405283
2016-12-12,4.32,4.34,4.135,4.2,1421434
2016-12-13,4.23,4.2557,4.085,4.13,2357204
2016-12-14,4.1,4.14,3.95,4.03,2361468
2016-12-15,4.05,4.14,4.02,4.105,1068743
2016-12-16,4.12,4.26,4.11,4.18,3480076
2016-12-19,4.21,4.26,4.08,4.1,1296804
2016-12-20,4.12,4.19,4.095,4.17,1295833
2016-12-21,4.17,4.21,4.04,4.13,1128546
2016-12-22,4.1,4.14,3.94,3.99,1456542
2016-12-23,4.01,4.4,4.0,4.38,2534601
2016-12-27,4.39,4.5,4.18,4.18,1188181
2016-12-28,4.38,4.4,4.05,4.07,1489080
2016-12-29,4.1,4.18,4.0607,4.1,1746200
2016-12-30,4.1,4.16,4.07,4.13,1418134
2017-01-03,4.15,4.18,4.01,4.11,1655436
2017-01-04,4.12,4.315,4.095,4.31,1981374
2017-01-05,4.3,4.39,4.23,4.38,1120279
2017-01-06,4.36,4.48,4.32,4.45,923389
2017-01-09,4.56,4.6,4.33,4.47,1667264
2017-01-10,4.51,4.51,4.255,4.47,1395790
2017-01-11,4.43,4.45,4.05,4.19,2852952
2017-01-12,4.15,4.29,4.125,4.25,1588549
2017-01-13,4.26,4.34,4.15,4.2,1308239
2017-01-17,4.16,4.2,4.08,4.11,1643219
2017-01-18,4.14,4.16,4.08,4.15,1001449
2017-01-19,4.13,4.18,4.05,4.09,1239763
2017-01-20,4.09,4.11,4.02,4.06,714109
2017-01-23,4.06,4.14,4.0,4.07,1286282
2017-01-24,4.08,4.18,3.98,4.17,1788514
2017-01-25,4.22,4.24,4.15,4.17,1016992
2017-01-26,4.17,4.215,4.06,4.09,769084
2017-01-27,4.09,4.13,4.06,4.09,602496
2017-01-30,4.07,4.09,3.94,3.99,1188337
2017-01-31,4.0,4.18,3.935,4.17,1694600
2017-02-01,4.18,4.23,4.08,4.11,1114421
2017-02-02,4.25,4.44,4.16,4.21,3330420
2017-02-03,4.24,4.36,4.2,4.32,1775128
2017-02-06,4.31,4.45,4.3,4.43,888970
2017-02-07,4.43,4.51,4.37,4.38,1022523
2017-02-08,4.35,4.4,4.21,4.24,1163413
2017-02-09,4.26,4.38,4.24,4.31,881544
2017-02-10,4.3,4.38,4.28,4.28,571829
2017-02-13,4.33,4.38,4.28,4.35,580840
2017-02-14,4.36,4.47,4.32,4.46,1006688
2017-02-15,4.45,4.72,4.4,4.71,1985332
2017-02-16,4.72,4.74,4.21,4.27,3369434
2017-02-17,4.27,4.36,4.17,4.27,1338970
2017-02-21,4.29,4.39,4.28,4.35,1756124
2017-02-22,4.36,4.39,4.2,4.2,1131501
2017-02-23,4.22,4.28,4.14,4.24,1144176
2017-02-24,4.05,4.15,3.75,3.86,3221917
2017-02-27,3.84,4.13,3.81,4.12,1906384
2017-02-28,4.11,4.12,3.94,4.01,1593816
2017-03-01,4.09,4.19,4.02,4.08,1997513
2017-03-02,4.06,4.17,3.97,3.99,1290727
2017-03-03,4.05,4.1,4.02,4.08,961002
2017-03-06,4.06,4.1,4.0,4.01,698585
2017-03-07,4.02,4.06,3.93,3.99,1204445
2017-03-08,4.01,4.17,4.0,4.1,1466202
2017-03-09,4.11,4.16,4.03,4.11,669391
2017-03-10,4.13,4.17,4.05,4.14,757747
2017-03-13,4.12,4.15,4.02,4.05,754680
2017-03-14,4.03,4.06,3.96,3.96,1197900
2017-03-15,3.96,4.07,3.93,4.07,1168648
2017-03-16,4.06,4.1,4.01,4.05,868847
2017-03-17,4.02,4.07,3.96,3.99,2575673
2017-03-20,3.97,4.07,3.95,4.01,1057939
2017-03-21,4.02,4.05,3.81,3.84,1945899
2017-03-22,3.97,3.99,3.78,3.87,1456379
2017-03-23,3.87,3.9,3.77,3.79,1209116
2017-03-24,3.8,3.85,3.75,3.76,1104844
2017-03-27,3.72,3.9,3.71,3.89,1000679
2017-03-28,3.87,3.94,3.79,3.79,920943
2017-03-29,3.81,4.27,3.77,4.27,3087201
2017-03-30,4.21,4.34,4.19,4.28,1637202
2017-03-31,4.3,4.45,4.2,4.21,1662459
2017-04-03,4.22,4.27,4.0,4.01,1349892
2017-04-04,4.02,4.07,3.92,3.95,1219081
2017-04-05,3.96,3.99,3.77,3.8,1910744
2017-04-06,3.81,3.86,3.7,3.85,1969283
2017-04-07,3.82,3.82,3.71,3.72,1380606
2017-04-10,3.74,3.87,3.7,3.74,1216422
2017-04-11,3.72,3.77,3.64,3.67,1326149
2017-04-12,3.69,3.72,3.61,3.62,892963
2017-04-13,3.61,3.73,3.6,3.62,1061472
2017-04-17,3.64,3.7,3.59,3.63,755301
2017-04-18,3.62,3.65,3.55,3.61,1303208
2017-04-19,3.62,3.7,3.54,3.54,879206
2017-04-20,3.55,3.66,3.54,3.66,974095
2017-04-21,3.64,3.67,3.54,3.64,1410986
2017-04-24,3.7,3.74,3.15,3.21,4641975
2017-04-25,3.25,3.52,3.22,3.48,2030573
2017-04-26,3.47,3.56,3.42,3.5,974932
2017-04-27,3.53,3.55,3.42,3.42,781969
2017-04-28,3.44,3.44,3.36,3.41,686090
2017-05-01,3.4,3.57,3.37,3.53,978662
2017-05-02,3.57,3.69,3.47,3.5,1045391
2017-05-03,3.5,3.63,3.5,3.52,831171
2017-05-04,3.52,3.58,3.3,3.44,1500785
2017-05-05,3.49,3.74,3.42,3.71,1617938
2017-05-08,3.72,3.93,3.69,3.8,1622676
2017-05-09,3.8,3.89,3.74,3.88,1104639
2017-05-10,3.88,3.98,3.84,3.92,913851
2017-05-11,3.92,3.96,3.85,3.88,733331
2017-05-12,3.87,3.94,3.83,3.87,602124
2017-05-15,3.89,3.97,3.87,3.91,905567
2017-05-16,3.91,3.93,3.85,3.92,745576
2017-05-17,3.85,3.87,3.71,3.78,1090017
2017-05-18,3.97,4.47,3.96,4.41,5721153
2017-05-19,4.31,4.41,4.2,4.27,1954147
2017-05-22,4.25,4.35,4.12,4.15,1019382
2017-05-23,4.12,4.23,4.11,4.13,684319
2017-05-24,4.15,4.22,4.07,4.14,708625
2017-05-25,4.17,4.19,4.1,4.15,866120
2017-05-26,4.13,4.32,4.13,4.21,1378799
2017-05-30,4.22,4.37,4.19,4.35,2086087
2017-05-31,4.39,4.52,4.35,4.45,3079101
2017-06-01,4.43,4.51,4.38,4.51,1436968
2017-06-02,4.5,5.17,4.5,5.03,5112750
2017-06-05,4.95,4.97,4.54,4.8,2556476
2017-06-06,4.79,4.88,4.64,4.67,929507
2017-06-07,4.71,4.72,4.45,4.5,1132115
2017-06-08,4.48,4.56,4.32,4.35,1719835
2017-06-09,4.35,4.35,4.16,4.19,1579569
2017-06-12,4.16,4.2,4.03,4.12,988135
2017-06-13,4.12,4.37,4.08,4.26,921781
2017-06-14,4.27,4.36,4.18,4.26,642440
2017-06-15,4.21,4.27,4.09,4.16,733754
2017-06-16,4.11,4.23,4.07,4.23,2443662
2017-06-19,4.22,4.39,4.22,4.37,933010
2017-06-20,4.38,4.61,4.34,4.51,1896209
2017-06-21,4.55,4.58,4.2,4.23,1849857
2017-06-22,4.24,4.42,4.24,4.3,1151613
2017-06-23,4.29,4.4,4.26,4.38,1896237
2017-06-26,4.4,4.48,4.36,4.4,1639874
2017-06-27,4.4,4.5,4.37,4.42,1913995
2017-06-28,4.45,4.54,4.36,4.44,2560019
2017-06-29,4.45,4.59,4.4,4.5,1017235
2017-06-30,4.52,4.64,4.47,4.59,1608391
2017-07-03,4.59,4.77,4.58,4.72,752068
2017-07-05,4.7,5.2,4.63,5.15,2977718
2017-07-06,5.1,5.13,4.85,4.87,1559712
2017-07-07,4.89,5.0,4.76,4.78,1173492
2017-07-10,4.75,4.83,4.58,4.6,1291706
2017-07-11,4.58,4.64,4.37,4.5,1482840
2017-07-12,4.54,4.63,4.46,4.6,797043
2017-07-13,4.58,4.66,4.47,4.59,1061223
2017-07-14,4.61,4.69,4.46,4.48,775161
2017-07-17,4.51,4.54,4.39,4.41,770113
2017-07-18,4.4,4.4,4.3,4.36,706872
2017-07-19,4.39,4.49,4.31,4.36,635526
2017-07-20,4.36,4.44,4.29,4.32,972066
2017-07-21,4.38,4.38,4.09,4.11,1657230
2017-07-24,4.09,4.29,4.09,4.27,1124326
2017-07-25,4.3,4.33,4.16,4.22,843572
2017-07-26,4.22,4.28,4.16,4.2,962566
2017-07-27,4.21,4.28,4.11,4.12,992315
2017-07-28,4.1,4.24,4.05,4.21,504923
2017-07-31,4.22,4.23,4.1,4.1,1037992
2017-08-01,4.14,4.14,3.9,4.03,1631505
2017-08-02,4.02,4.12,3.99,4.01,1052271
2017-08-03,3.99,4.06,3.9,3.9,932451
2017-08-04,3.9,3.97,3.86,3.94,755446
2017-08-07,3.95,4.02,3.94,3.97,1081534
2017-08-08,4.0,4.14,3.98,4.01,1556135
2017-08-09,4.7,5.66,4.61,4.81,25208379
2017-08-10,4.55,4.65,4.23,4.43,4819667
2017-08-11,4.44,4.7,4.3,4.7,1774076
2017-08-14,4.73,4.94,4.65,4.87,2393996
2017-08-15,4.84,5.05,4.82,5.0,1636394
2017-08-16,5.04,5.1,4.83,4.88,1660265
2017-08-17,4.87,5.02,4.83,4.88,1520009
2017-08-18,4.83,4.86,4.67,4.67,1456507
2017-08-21,4.66,4.74,4.55,4.65,739631
2017-08-22,4.66,4.82,4.65,4.82,742309
2017-08-23,4.79,4.86,4.72,4.82,955274
2017-08-24,4.83,4.97,4.78,4.96,843584
2017-08-25,4.97,4.98,4.86,4.92,1084198
2017-08-28,4.96,5.01,4.84,5.0,1093198
2017-08-29,4.97,5.01,4.935,4.98,680213
2017-08-30,4.96,5.11,4.92,5.04,879834
2017-08-31,5.07,5.19,5.0,5.11,1521902
2017-09-01,5.1,5.14,4.91,4.99,1424798
2017-09-05,4.96,4.98,4.8,4.84,1214276
2017-09-06,4.85,4.89,4.76,4.83,666190
2017-09-07,4.8,4.93,4.72,4.9,805955
2017-09-08,4.88,5.0,4.84,4.91,997278
2017-09-11,3.77,4.49,3.61,3.83,11058219
2017-09-12,3.85,3.95,3.72,3.73,2974720
2017-09-13,3.7,3.7,3.57,3.66,2446171
2017-09-14,3.63,3.7,3.54,3.57,1509423
2017-09-15,3.6,3.72,3.56,3.7,2368837
2017-09-18,3.72,3.8,3.65,3.74,2097904
2017-09-19,3.74,3.89,3.73,3.86,1300725
2017-09-20,3.83,4.14,3.82,4.09,1896780
2017-09-21,4.2,4.21,3.94,4.1,1864823
2017-09-22,4.08,4.16,4.0,4.11,793906
2017-09-25,4.12,4.25,4.1,4.19,929272
2017-09-26,4.2,4.23,3.99,4.07,1207981
2017-09-27,4.08,4.43,4.06,4.37,1636949
2017-09-28,4.34,4.39,4.27,4.37,992568
2017-09-29,4.4,4.53,4.31,4.49,1090660
2017-10-02,4.49,4.79,4.49,4.72,1585166
2017-10-03,4.75,4.75,4.51,4.69,1086960
2017-10-04,4.66,4.68,4.51,4.52,1009031
2017-10-05,4.5,4.73,4.5,4.71,948093
2017-10-06,4.66,4.82,4.61,4.76,1002093
2017-10-09,4.75,4.81,4.63,4.7,811076
2017-10-10,4.71,4.72,4.61,4.67,806391
2017-10-11,4.69,4.69,4.53,4.58,1223430
2017-10-12,4.55,4.67,4.55,4.59,733994
2017-10-13,4.6,4.6,4.45,4.59,830931
2017-10-16,4.59,4.63,4.35,4.4,1256277
2017-10-17,4.37,4.43,4.29,4.31,538303
2017-10-18,4.29,4.37,4.23,4.28,732331
2017-10-19,4.26,4.34,4.12,4.16,2817090
2017-10-20,4.2,4.25,4.02,4.15,1959047
2017-10-23,4.18,4.18,4.0,4.01,3440075
2017-10-24,4.04,4.1,3.82,3.83,1883851
2017-10-25,3.83,3.88,3.72,3.74,1438967
2017-10-26,3.72,3.81,3.64,3.71,850353
2017-10-27,3.71,3.93,3.67,3.93,1061275
2017-10-30,3.94,4.11,3.91,4.06,1106299
2017-10-31,4.09,4.18,3.98,4.02,836488
2017-11-01,4.06,4.06,3.86,3.9,788630
2017-11-02,3.88,4.08,3.86,4.0,1260379
2017-11-03,3.96,4.1,3.87,4.05,1276549
2017-11-06,4.05,4.17,3.98,4.0,1013193
2017-11-07,4.02,4.05,3.87,3.98,932239
2017-11-08,3.95,4.01,3.85,3.89,672956
2017-11-09,3.88,3.89,3.73,3.85,1984876
2017-11-10,3.83,3.94,3.83,3.89,501025
2017-11-13,3.9,3.91,3.76,3.85,706017
2017-11-14,3.85,3.85,3.64,3.69,1101916
2017-11-15,3.35,3.44,2.95,3.03,8040162
2017-11-16,3.26,3.7,3.18,3.56,14863935
2017-11-17,3.55,3.55,3.38,3.43,1995612
2017-11-20,3.44,3.51,3.43,3.45,1600619
2017-11-21,3.49,3.52,3.39,3.43,1296521
2017-11-22,3.45,3.54,3.34,3.36,1383861
2017-11-24,3.36,3.4,3.23,3.24,1577965
2017-11-27,3.28,3.36,3.25,3.27,1463735
2017-11-28,3.29,3.31,3.23,3.25,2529804
2017-11-29,3.24,3.305,3.19,3.2,1534856
2017-11-30,3.18,3.21,3.09,3.12,3230473
2017-12-01,3.14,3.2,2.92,3.02,3914093
2017-12-04,3.07,3.135,2.96,2.99,5465739
2017-12-05,2.99,3.04,2.985,3.01,1809645
2017-12-06,3.03,3.07,2.95,2.99,1248651
2017-12-07,3.0,3.0,2.89,2.9,2075506
2017-12-08,2.91,2.95,2.88,2.9,1879812
2017-12-11,3.0,3.0,2.85,2.86,1195879
2017-12-12,2.9,2.91,2.8032,2.83,1438063
2017-12-13,2.82,3.0,2.81,2.89,6631750
2017-12-14,2.9,3.0,2.86,2.89,2585453
2017-12-15,2.85,2.91,2.69,2.76,9657138
2017-12-18,2.77,2.94,2.75,2.82,6179014
2017-12-19,2.84,3.0,2.81,2.88,4442950
2017-12-20,2.92,2.99,2.8,2.94,2761180
2017-12-21,2.93,2.98,2.86,2.9,1341553
2017-12-22,2.9,3.0,2.86,2.96,2197012
2017-12-26,2.96,3.04,2.92,2.95,1909101
2017-12-27,2.98,3.03,2.95,2.98,3369963
2017-12-28,2.97,3.005,2.91,2.95,1815955
2017-12-29,2.94,3.01,2.87,2.88,2140719
2018-01-02,2.89,3.1,2.86,3.09,2848414
2018-01-03,3.11,3.16,3.05,3.15,2261936
2018-01-04,3.18,3.22,3.04,3.13,3025205
2018-01-05,3.11,3.15,3.02,3.045,1475520
2018-01-08,3.03,3.04,2.92,2.97,2084375
2018-01-09,2.99,3.015,2.97,2.98,1445667
2018-01-10,2.96,3.0,2.915,2.97,1071351
2018-01-11,2.99,3.0,2.92,2.99,1218737
2018-01-12,3.0,3.04,2.89,2.99,1467199
2018-01-16,3.01,3.025,2.895,2.93,1390064
2018-01-17,2.95,2.96,2.83,2.9,1924576
2018-01-18,2.87,2.98,2.76,2.95,1621618
2018-01-19,2.93,2.99,2.84,2.99,1673785
2018-01-22,3.01,3.01,2.86,3.01,3270703
2018-01-23,3.0,3.04,2.96,2.99,1282262
2018-01-24,2.98,3.0,2.86,2.86,1714234
2018-01-25,2.89,2.93,2.83,2.87,1150644
2018-01-26,2.85,2.91,2.8,2.84,1149597
2018-01-29,2.81,2.89,2.79,2.82,943658
2018-01-30,2.81,2.81,2.73,2.77,1230725
2018-01-31,2.79,2.79,2.6,2.65,1916387
2018-02-01,2.62,2.75,2.58,2.72,1131529
2018-02-02,2.69,2.76,2.67,2.68,1284429
2018-02-05,2.65,2.76,2.62,2.67,1690603
2018-02-06,2.62,2.81,2.6,2.8,2415013
2018-02-07,2.81,2.93,2.76,2.92,1958530
2018-02-08,2.93,2.94,2.815,2.85,1648658
2018-02-09,2.88,2.95,2.74,2.9,3208078
2018-02-12,2.9,2.99,2.805,2.94,1726569
2018-02-13,2.92,2.995,2.88,2.98,1322061
2018-02-14,2.92,3.055,2.92,3.01,1699815
2018-02-15,3.04,3.14,2.98,3.07,3227130
2018-02-16,3.1,3.24,3.07,3.2,8027932
2018-02-20,3.15,3.22,2.99,3.01,2233605
2018-02-21,3.02,3.12,2.97,3.0,1823801
2018-02-22,2.94,3.04,2.7,2.95,2875004
2018-02-23,2.99,3.01,2.935,2.955,1124415
2018-02-26,3.07,3.4599,3.05,3.41,6532492
2018-02-27,3.42,3.53,3.37,3.44,2880262
2018-02-28,3.45,3.48,3.25,3.25,2031058
2018-03-01,3.26,3.35,3.205,3.32,2117002
2018-03-02,3.3,3.55,3.285,3.51,1945091
2018-03-05,3.51,3.64,3.51,3.62,2312300
2018-03-06,3.65,3.685,3.485,3.62,1151587
2018-03-07,3.56,3.72,3.52,3.72,1824538
2018-03-08,3.72,4.025,3.68,4.01,2380887
2018-03-09,4.06,4.25,3.975,4.23,4078585
2018-03-12,4.2,4.3,4.14,4.21,3107952
2018-03-13,4.24,4.34,4.025,4.05,2428741
2018-03-14,4.04,4.175,4.04,4.14,1569527
2018-03-15,4.15,4.18,3.965,4.0,2130586
2018-03-16,4.01,4.025,3.9,3.92,3498236
2018-03-19,3.9,3.9078,3.74,3.87,1496804
2018-03-20,3.85,3.905,3.765,3.87,1075283
2018-03-21,3.83,4.02,3.8,4.0,3494884
2018-03-22,3.96,4.06,3.87,3.89,1171260
2018-03-23,3.91,3.9333,3.77,3.83,1255697
2018-03-26,3.86,3.97,3.74,3.95,1504254
2018-03-27,3.95,3.985,3.78,3.79,1665813
2018-03-28,3.77,3.81,3.63,3.71,1438134
2018-03-29,3.74,3.77,3.66,3.71,1052176
2018-04-02,3.71,3.71,3.43,3.49,1567580
2018-04-03,3.51,3.58,3.41,3.51,1593068
2018-04-04,3.44,3.55,3.435,3.55,2047438
2018-04-05,3.58,3.58,3.46,3.49,1178505
2018-04-06,3.45,3.54,3.43,3.49,1057497
2018-04-09,3.53,3.589,3.49,3.56,872465
2018-04-10,3.59,3.625,3.53,3.56,804407
2018-04-11,3.54,3.65,3.53,3.6,812304
2018-04-12,3.63,3.72,3.62,3.69,634780
2018-04-13,3.7,3.73,3.625,3.68,632893
2018-04-16,3.7,3.7,3.54,3.56,563825
2018-04-17,3.59,3.86,3.55,3.84,1388879
2018-04-18,3.83,3.83,3.67,3.69,790988
2018-04-19,3.69,3.76,3.59,3.63,736607
2018-04-20,3.61,3.7,3.6,3.65,462699
2018-04-23,3.67,3.73,3.595,3.63,595070
2018-04-24,3.61,3.65,3.545,3.58,943103
2018-04-25,3.6,3.72,3.53,3.68,806224
2018-04-26,3.7,3.83,3.55,3.82,1352639
2018-04-27,3.84,3.86,3.75,3.84,390722
2018-04-30,3.87,3.88,3.77,3.77,488735
2018-05-01,3.75,3.805,3.72,3.78,463947
2018-05-02,3.68,3.75,3.4608,3.69,1810101
2018-05-03,3.67,3.76,3.47,3.55,1258757
2018-05-04,3.55,3.7,3.4786,3.69,1135593
2018-05-07,3.69,3.7,3.595,3.61,640356
2018-05-08,3.6,3.71,3.535,3.67,1026009
2018-05-09,3.67,3.75,3.63,3.69,1255608
2018-05-10,3.7,3.719,3.46,3.48,1012106
2018-05-11,3.48,3.56,3.45,3.54,764691
2018-05-14,3.53,3.605,3.52,3.59,814297
2018-05-15,3.62,3.62,3.515,3.56,622604
2018-05-16,3.57,3.58,3.507,3.57,900852
2018-05-17,3.56,3.62,3.51,3.59,888520
2018-05-18,3.61,3.74,3.57,3.7,1396259
2018-05-21,3.85,3.93,3.625,3.66,1315445
2018-05-22,3.69,3.775,3.65,3.73,1786487
2018-05-23,3.73,3.76,3.66,3.68,681974
2018-05-24,3.66,3.69,3.61,3.64,390099
2018-05-25,3.62,3.62,3.54,3.59,688608
2018-05-29,3.6,3.6,3.43,3.43,1032883
2018-05-30,3.45,3.53,3.44,3.47,1171647
2018-05-31,3.47,3.51,3.38,3.39,2970200
2018-06-01,3.41,3.44,3.24,3.25,1534481
2018-06-04,3.26,3.28,3.11,3.14,1087854
2018-06-05,3.12,3.19,3.11,3.13,1513827
2018-06-06,3.15,3.18,3.08,3.1,822700
2018-06-07,3.1,3.11,3.02,3.02,1548338
2018-06-08,3.0,3.1258,2.98,3.06,818798
2018-06-11,3.14,3.157,3.07,3.1,2141532
2018-06-12,3.1,3.13,2.98,2.99,1293963
2018-06-13,2.99,3.05,2.95,2.98,887721
2018-06-14,2.98,3.07,2.9411,2.99,1273528
2018-06-15,2.99,3.02,2.945,2.97,1694359
2018-06-18,2.95,3.01,2.9,2.99,876629
2018-06-19,2.98,3.0,2.86,2.87,1858952
2018-06-20,2.89,3.07,2.85,3.05,1028487
2018-06-21,3.03,3.03,2.82,2.83,1272868
2018-06-22,2.85,2.89,2.67,2.84,2506673
2018-06-25,2.81,2.87,2.72,2.84,1815886
2018-06-26,2.83,2.8693,2.75,2.81,624223
2018-06-27,2.88,2.91,2.7,2.73,1575080
2018-06-28,2.74,2.865,2.68,2.86,1105399
2018-06-29,2.86,2.97,2.79,2.83,892276
2018-07-02,2.8,2.88,2.79,2.88,465859
2018-07-03,2.9,2.94,2.88,2.91,1295985
2018-07-05,2.92,2.95,2.86,2.94,715425
2018-07-06,2.95,3.02,2.92,2.99,780578
2018-07-09,3.0,3.03,2.93,2.98,640253
2018-07-10,3.01,3.01,2.85,2.86,782893
2018-07-11,2.85,2.899,2.8,2.81,552217
2018-07-12,2.83,2.94,2.8,2.93,806066
2018-07-13,2.93,3.405,2.9281,3.14,3530464
2018-07-16,3.22,3.28,3.0,3.03,902574
2018-07-17,3.04,3.06,2.94,2.95,794384
2018-07-18,2.94,3.0,2.86,2.96,781512
2018-07-19,2.97,3.01,2.89,2.98,792825
2018-07-20,2.98,3.02,2.84,2.86,844416
2018-07-23,2.86,2.8668,2.8,2.82,520189
2018-07-24,2.84,2.87,2.75,2.75,722948
2018-07-25,2.75,2.8,2.7,2.71,1172659
2018-07-26,2.7,2.81,2.65,2.74,1025822
2018-07-27,2.75,2.76,2.62,2.64,1147367
2018-07-30,2.65,2.73,2.61,2.65,812688
2018-07-31,2.66,2.66,2.5,2.58,2148230
2018-08-01,2.57,2.63,2.53,2.57,675816
2018-08-02,2.56,2.57,2.5,2.57,637751
2018-08-03,2.59,2.59,2.48,2.5,900931
2018-08-06,2.49,2.53,2.33,2.52,711879
2018-08-07,2.52,2.59,2.52,2.56,503680
2018-08-08,2.56,2.58,2.49,2.51,320089
2018-08-09,2.59,2.7852,2.49,2.71,1861525
2018-08-10,2.72,2.79,2.61,2.67,1076612
2018-08-13,2.69,2.77,2.6,2.67,1038262
2018-08-14,2.68,2.6964,2.605,2.64,565951
2018-08-15,2.62,2.64,2.51,2.53,781048
2018-08-16,2.55,2.61,2.48,2.58,1003359
2018-08-17,2.57,2.61,2.53,2.53,585781
2018-08-20,2.53,2.56,2.445,2.49,492886
2018-08-21,2.49,2.65,2.48,2.63,2259680
2018-08-22,2.61,2.94,2.57,2.93,1851515
2018-08-23,2.88,2.905,2.73,2.8,1010193
2018-08-24,2.82,2.85,2.73,2.82,594702
2018-08-27,2.82,2.85,2.755,2.8,1014385
2018-08-28,2.8,2.88,2.76,2.84,560125
2018-08-29,2.85,3.195,2.831,3.17,1715506
2018-08-30,3.16,3.24,3.0,3.18,2328273
2018-08-31,3.21,3.545,3.125,3.45,2233094
2018-09-04,3.44,3.615,3.39,3.6,3140574
2018-09-05,3.55,3.69,3.5,3.51,1320551
2018-09-06,3.54,3.56,3.27,3.38,1865701
2018-09-07,3.35,3.45,3.24,3.27,995198
2018-09-10,3.29,3.44,3.25,3.34,1387239
2018-09-11,3.36,3.38,3.24,3.32,1065890
2018-09-12,3.25,3.31,3.19,3.3,537004
2018-09-13,3.3,3.34,3.21,3.23,633579
2018-09-14,3.26,3.37,3.17,3.19,649017
2018-09-17,3.2,3.25,3.095,3.16,469922
2018-09-18,3.17,3.29,3.145,3.21,549631
2018-09-19,3.21,3.27,3.15,3.26,422801
2018-09-20,3.28,3.5899,3.16,3.54,1384041
2018-09-21,3.44,3.58,3.38,3.51,3381084
2018-09-24,3.52,3.63,3.46,3.51,683124
2018-09-25,3.52,3.67,3.51,3.53,636374
2018-09-26,3.56,3.832,3.51,3.73,2102925
2018-09-27,3.76,3.86,3.6503,3.71,1219070
2018-09-28,3.68,3.83,3.65,3.68,3286825
2018-10-01,3.67,3.79,3.6,3.64,1015831
2018-10-02,3.62,3.89,3.62,3.87,1482175
2018-10-03,3.89,3.98,3.79,3.89,1938176
2018-10-04,3.86,3.86,3.73,3.78,2360912
2018-10-05,3.8,3.88,3.64,3.71,760550
2018-10-08,3.7,3.7,3.405,3.44,1051135
2018-10-09,3.43,3.505,3.27,3.27,732846
2018-10-10,3.27,3.32,3.0,3.01,1261949
2018-10-11,3.01,3.263,2.93,3.08,982824
2018-10-12,3.14,3.23,3.11,3.13,964529
2018-10-15,3.14,3.16,2.9,2.91,3995665
2018-10-16,2.96,3.3,2.91,3.16,5546946
2018-10-17,3.13,3.17,2.98,3.1,1517982
2018-10-18,3.1,3.1,2.96,3.04,681137
2018-10-19,3.01,3.23,2.925,2.96,1246546
2018-10-22,3.0,3.09,2.87,3.03,1550773
2018-10-23,2.99,3.15,2.94,3.03,1302889
2018-10-24,3.02,3.09,2.82,2.87,1190267
2018-10-25,2.91,3.05,2.85,3.01,2156796
2018-10-26,2.96,3.08,2.9,3.01,1102094
2018-10-29,3.03,3.07,2.7769,2.84,2365859
2018-10-30,2.81,2.92,2.77,2.83,616004
2018-10-31,2.86,2.92,2.8,2.86,1018843
2018-11-01,2.88,3.11,2.8757,3.09,1419674
2018-11-02,3.1,3.245,3.1,3.15,831157
2018-11-05,3.15,3.2,3.06,3.08,2026651
2018-11-06,3.1,3.1,2.88,2.95,507147
2018-11-07,2.9,3.18,2.9,3.06,2322033
2018-11-08,3.08,3.1,2.98,2.99,1964736
2018-11-09,3.0,3.015,2.78,2.86,1663512
2018-11-12,2.92,2.92,2.71,2.72,2175985
2018-11-13,2.75,2.88,2.66,2.7,1259550
2018-11-14,2.74,2.81,2.55,2.62,1285452
2018-11-15,2.6,2.78,2.5901,2.72,1233686
2018-11-16,2.7,2.9,2.65,2.88,2293440
2018-11-19,2.84,2.875,2.76,2.77,1751163
2018-11-20,2.7,2.91,2.68,2.9,2047333
2018-11-21,2.89,3.04,2.89,3.03,1715907
2018-11-23,2.96,3.125,2.87,2.92,1099267
2018-11-26,2.93,3.0,2.86,2.94,2171377
2018-11-27,2.93,2.935,2.75,2.75,1446201
2018-11-28,2.78,2.93,2.74,2.9,1755752
2018-11-29,2.87,2.945,2.83,2.84,798931
2018-11-30,2.85,2.94,2.82,2.89,770835
2018-12-03,2.94,3.13,2.94,3.12,1410032
2018-12-04,3.13,3.18,3.0,3.01,2365632
2018-12-06,2.97,3.2,2.92,3.13,2524608
2018-12-07,3.15,3.1801,3.07,3.11,1202096
2018-12-10,3.13,3.14,3.03,3.09,1135437
2018-12-11,3.12,3.14,2.96,3.05,1343307
2018-12-12,3.11,3.295,3.05,3.19,2185216
2018-12-13,3.22,3.25,3.0512,3.07,2059851
2018-12-14,3.16,3.17,3.03,3.11,2911238
2018-12-17,3.13,3.19,2.39,2.4,5822996
2018-12-18,2.51,2.5611,1.9,1.95,10520812
2018-12-19,1.93,1.97,1.62,1.64,5278538
2018-12-20,1.68,1.7175,1.29,1.32,9059050
2018-12-21,1.34,1.52,1.31,1.47,12719831
2018-12-24,1.4,1.42,1.305,1.31,2257225
2018-12-26,1.31,1.42,1.31,1.41,3248309
2018-12-27,1.39,1.44,1.34,1.41,3520159
2018-12-28,1.43,1.51,1.39,1.48,4039558
2018-12-31,1.48,1.61,1.48,1.59,2400281
2019-01-02,1.57,1.72,1.54,1.69,5355686
2019-01-03,1.69,1.765,1.645,1.65,3689983
2019-01-04,1.69,1.82,1.6506,1.8,2809568
2019-01-07,1.81,2.0,1.8,1.99,3330176
2019-01-08,2.05,2.08,1.91,2.01,3991059
2019-01-09,2.01,2.13,2.0,2.06,2182769
2019-01-10,2.04,2.07,1.94,2.06,1271148
2019-01-11,2.04,2.14,2.02,2.12,1576045
2019-01-14,2.12,2.2,2.05,2.1,2730838
2019-01-15,2.11,2.2,2.08,2.18,2643570
2019-01-16,2.19,2.33,2.13,2.15,2579121
2019-01-17,2.15,2.44,2.14,2.3,3829238
2019-01-18,2.3,2.3282,2.17,2.19,2185460
2019-01-22,2.18,2.21,2.06,2.11,1847495
2019-01-23,2.12,2.27,2.11,2.18,1722793
2019-01-24,2.18,2.24,2.12,2.19,2291860
2019-01-25,2.21,2.36,2.17,2.28,2098453
2019-01-28,2.26,2.26,2.14,2.22,1655198
2019-01-29,2.24,2.24,2.1,2.12,1576336
2019-01-30,2.14,2.18,2.065,2.17,1266091
2019-01-31,2.17,2.24,2.15,2.19,2646960
2019-02-01,2.19,2.28,2.17,2.24,1436224
2019-02-04,2.24,2.27,2.22,2.24,1728674
2019-02-05,2.24,2.32,2.15,2.26,867496
2019-02-06,2.27,2.27,2.19,2.21,1737806
2019-02-07,2.19,2.25,2.09,2.14,1752674
2019-02-08,2.12,2.22,2.06,2.22,921813
2019-02-11,2.22,2.29,2.16,2.29,1257005
2019-02-12,2.29,2.37,2.28,2.35,2339996
2019-02-13,2.36,2.41,2.31,2.36,2160248
2019-02-14,2.36,2.38,2.3,2.35,552157
2019-02-15,2.35,2.44,2.33,2.38,1111260
2019-02-19,2.38,2.47,2.37,2.43,1000713
2019-02-20,2.44,2.46,2.375,2.45,1045979
2019-02-21,2.46,2.49,2.41,2.47,856846
2019-02-22,2.49,2.52,2.36,2.5,1549084
2019-02-25,2.5,2.62,2.4688,2.62,2453550
2019-02-26,2.63,2.68,2.54,2.55,1013271
2019-02-27,2.54,2.67,2.53,2.59,756348
2019-02-28,2.6,2.6532,2.5,2.51,870288
2019-03-01,2.54,2.67,2.525,2.67,1650740
2019-03-04,2.68,2.93,2.565,2.63,3615025
2019-03-05,2.64,2.82,2.635,2.76,1975484
2019-03-06,2.76,2.865,2.645,2.67,1425684
2019-03-07,2.76,2.76,2.56,2.66,1054329
2019-03-08,2.65,2.74,2.65,2.69,537389
2019-03-11,2.67,2.855,2.67,2.83,2409906
2019-03-12,2.83,2.93,2.81,2.92,1781388
2019-03-13,2.94,3.0599,2.9,3.04,1819807
2019-03-14,3.02,3.12,2.935,3.01,2194507
2019-03-15,3.01,3.07,2.95,3.05,4511190
2019-03-18,3.05,3.13,2.95,3.06,1230963
2019-03-19,3.09,3.13,3.025,3.13,1460108
2019-03-20,3.13,3.3,2.975,2.99,3475389
2019-03-21,2.96,3.16,2.93,3.13,1364802
2019-03-22,3.11,3.16,2.93,2.93,1405634
2019-03-25,2.95,2.99,2.87,2.96,2371493
2019-03-26,2.99,3.0399,2.92,3.0,800400
2019-03-27,2.99,3.04,2.87,2.91,710533
2019-03-28,2.91,2.99,2.9,2.95,1782780
2019-03-29,2.98,3.01,2.91,2.96,669307
2019-04-01,3.01,3.1,2.94,3.05,1385481
2019-04-02,3.04,3.185,3.015,3.14,2736892
2019-04-03,3.25,3.48,3.2,3.29,3580530
2019-04-04,3.27,3.3,3.19,3.25,1348614
2019-04-05,3.26,3.39,3.22,3.34,2451845
2019-04-08,3.34,3.4,3.08,3.21,1578805
2019-04-09,3.2,3.26,3.1,3.12,2113912
2019-04-10,3.12,3.26,3.12,3.19,1029255
2019-04-11,3.18,3.23,3.11,3.17,1063313
2019-04-12,3.18,3.25,3.1,3.22,1515214
2019-04-15,3.22,3.29,3.12,3.17,687435
2019-04-16,3.19,3.25,3.1,3.13,1643410
2019-04-17,3.14,3.17,2.9,2.94,1736873
2019-04-18,2.92,2.97,2.82,2.93,1077767
2019-04-22,2.93,3.125,2.91,3.06,1289425
2019-04-23,3.06,3.25,3.025,3.2,1335914
2019-04-24,3.21,3.23,3.08,3.15,1852314
2019-04-25,3.1,3.15,3.05,3.11,687857
2019-04-26,3.09,3.19,3.07,3.17,430432
2019-04-29,3.19,3.21,3.05,3.08,869002
2019-04-30,3.09,3.1068,2.95,2.96,1012419
2019-05-01,2.97,3.04,2.9,2.91,1129733
2019-05-02,2.95,3.01,2.87,3.01,713087
2019-05-03,2.8,2.96,2.67,2.96,1315745
2019-05-06,2.85,2.98,2.82,2.98,742993
2019-05-07,2.94,2.95,2.75,2.77,1107812
2019-05-08,2.78,2.91,2.75,2.78,934097
2019-05-09,2.81,2.94,2.72,2.84,1053312
2019-05-10,2.79,2.97,2.77,2.91,1024189
2019-05-13,2.81,2.9,2.74,2.74,1168915
2019-05-14,2.8,2.99,2.775,2.95,1389334
2019-05-15,2.93,3.1,2.89,3.05,1503942
2019-05-16,3.03,3.095,2.97,3.06,1392867
2019-05-17,3.22,3.25,2.73,3.06,4428981
2019-05-20,2.97,3.0028,2.88,2.93,1045715
2019-05-21,2.93,2.98,2.86,2.87,1828002
2019-05-22,2.85,2.87,2.76,2.8,1089845
2019-05-23,2.76,2.83,2.73,2.81,592045
2019-05-24,2.82,2.8956,2.79,2.84,1975469
2019-05-28,2.85,3.03,2.79,2.89,2931434
2019-05-29,2.87,2.89,2.8,2.83,791900
2019-05-30,2.87,2.915,2.82,2.86,692495
2019-05-31,2.79,2.865,2.76,2.78,740464
2019-06-03,2.79,2.86,2.78,2.86,796141
2019-06-04,2.87,2.87,2.75,2.87,960175
2019-06-05,2.89,2.92,2.81,2.81,1577968
2019-06-06,2.82,2.84,2.68,2.7,978140
2019-06-07,2.7,2.8,2.69,2.8,1853666
2019-06-10,2.82,2.93,2.7746,2.89,826946
2019-06-11,2.92,2.94,2.81,2.82,754389
2019-06-12,2.81,2.87,2.81,2.87,380199
2019-06-13,2.9,2.94,2.855,2.94,604910
2019-06-14,2.91,2.94,2.79,2.79,600204
2019-06-17,2.83,2.985,2.805,2.98,1054603
2019-06-18,2.98,3.07,2.945,3.01,750459
2019-06-19,3.02,3.0325,2.96,2.99,602840
2019-06-20,3.01,3.06,2.85,2.88,534357
2019-06-21,2.85,2.855,2.76,2.79,1827519
2019-06-24,2.77,2.84,2.75,2.78,604332
2019-06-25,2.83,2.83,2.72,2.72,525845
2019-06-26,2.75,2.78,2.68,2.68,479692
2019-06-27,2.69,2.8,2.64,2.66,1002739
2019-06-28,2.65,2.74,2.64,2.68,1401241
2019-07-01,2.75,2.81,2.69,2.74,1189840
2019-07-02,2.74,2.75,2.62,2.65,821310
2019-07-03,2.66,2.8,2.65,2.79,433540
2019-07-05,2.76,2.78,2.705,2.71,523462
2019-07-08,2.68,2.715,2.61,2.61,848231
2019-07-09,2.59,2.65,2.55,2.6,1062921
2019-07-10,2.61,2.67,2.57,2.61,667293
2019-07-11,2.6,2.64,2.5,2.51,689746
2019-07-12,2.51,2.54,2.43,2.5,526688
2019-07-15,2.49,2.52,2.45,2.47,575443
2019-07-16,2.47,2.49,2.44,2.47,485261
2019-07-17,2.45,2.48,2.36,2.4,779996
2019-07-18,2.37,2.43,2.35,2.42,611741
2019-07-19,2.39,2.46,2.38,2.38,520082
2019-07-22,2.38,2.8,2.365,2.77,2563268
2019-07-23,2.93,3.72,2.8439,3.57,10261406
2019-07-24,3.6,3.71,3.41,3.6,4751878
2019-07-25,3.54,3.98,3.46,3.94,3089548
2019-07-26,3.98,5.03,3.885,4.65,12728451
2019-07-29,4.5,4.6,4.24,4.34,4543677
2019-07-30,4.27,4.6,4.21,4.54,2493848
2019-07-31,4.62,4.7399,4.39,4.41,1660814
2019-08-01,4.46,4.73,4.41,4.51,1880678
2019-08-02,4.38,4.58,4.25,4.48,1336939
2019-08-05,4.34,4.6,4.27,4.5,1749503
2019-08-06,4.54,4.58,4.21,4.57,2263178
2019-08-07,4.55,4.6,4.35,4.44,804164
2019-08-08,4.49,4.85,4.38,4.82,2094723
2019-08-09,4.77,4.85,4.49,4.68,1312992
2019-08-12,4.68,4.84,4.55,4.6,1273402
2019-08-13,4.62,4.78,4.57,4.69,1068184
2019-08-14,4.57,5.0,4.47,4.76,2290917
2019-08-15,4.78,4.87,4.62,4.72,1062441
2019-08-16,4.75,4.85,4.71,4.77,1028501
2019-08-19,4.86,4.91,4.565,4.65,946382
2019-08-20,4.63,4.67,4.52,4.6,1075907
2019-08-21,4.62,4.75,4.585,4.74,881824
2019-08-22,4.77,4.77,4.55,4.57,1761067
2019-08-23,4.69,4.69,4.21,4.26,1711399
2019-08-26,4.24,4.48,4.2001,4.47,1232294
2019-08-27,4.5,4.54,4.23,4.3,707615
2019-08-28,4.29,4.51,4.25,4.47,788898
2019-08-29,4.52,4.59,4.425,4.46,953879
2019-08-30,4.48,4.49,4.29,4.35,389862
2019-09-03,4.29,4.39,4.19,4.31,847042
2019-09-04,4.35,4.35,4.14,4.22,776771
2019-09-05,4.27,4.41,4.2,4.35,720345
2019-09-06,4.38,4.43,4.255,4.28,655121
2019-09-09,4.42,4.42,4.11,4.14,633345
2019-09-10,4.12,4.17,3.96,4.16,1054962
2019-09-11,4.19,4.25,4.07,4.1,1141850
2019-09-12,4.08,4.11,3.97,3.99,795939
2019-09-13,3.97,4.02,3.81,3.93,1002550
2019-09-16,3.89,3.995,3.82,3.95,711733
2019-09-17,3.95,4.0308,3.86,3.89,491899
2019-09-18,3.91,3.94,3.72,3.81,722116
2019-09-19,3.8,3.9,3.72,3.78,1630917
2019-09-20,3.75,3.86,3.7,3.74,3116099
2019-09-23,3.71,3.83,3.71,3.76,504172
2019-09-24,3.78,3.79,3.58,3.605,1321331
2019-09-25,3.82,4.26,3.59,3.705,12028591
2019-09-26,3.67,3.7175,3.55,3.65,1129340
2019-09-27,3.62,3.86,3.56,3.67,821153
2019-09-30,3.64,3.7,3.574,3.6,611442
2019-10-01,3.64,3.9,3.6,3.67,2908383
2019-10-02,3.63,3.78,3.52,3.76,1534876
2019-10-03,3.76,3.792,3.65,3.76,1139621
2019-10-04,3.75,3.88,3.71,3.85,1224719
2019-10-07,3.83,3.99,3.79,3.82,1136405
2019-10-08,3.76,3.8,3.7,3.71,653519
2019-10-09,3.75,3.78,3.58,3.58,542081
2019-10-10,3.61,3.68,3.485,3.59,790720
2019-10-11,3.63,3.735,3.61,3.63,1487079
2019-10-14,3.62,3.75,3.54,3.55,1109248
2019-10-15,3.52,3.67,3.48,3.65,764315
2019-10-16,6.38,6.44,6.1,6.27,46955147
2019-10-17,6.2,6.27,6.13,6.2,22416508
2019-10-18,6.15,6.21,6.07,6.09,6386438
2019-10-21,6.1,6.15,6.09,6.13,3564773
2019-10-22,6.15,6.19,6.125,6.16,4405294
2019-10-23,6.13,6.16,6.05,6.08,8333177
2019-10-24,6.05,6.2,6.05,6.19,5350166
2019-10-25,6.17,6.26,6.11,6.24,3588347
2019-10-28,6.27,6.28,6.25,6.27,2161260
2019-10-29,6.25,6.35,6.25,6.33,2299682
2019-10-30,6.33,6.42,6.315,6.4,1816263
2019-10-31,6.43,6.44,6.4,6.41,1514027
2019-11-01,6.44,6.46,6.42,6.45,1755875
2019-11-04,6.45,6.46,6.22,6.23,2335002
2019-11-05,6.28,6.39,6.25,6.36,5102738
2019-11-06,6.36,6.44,6.24,6.31,1908987
2019-11-07,6.35,6.36,6.32,6.35,1209853
2019-11-08,6.35,6.42,6.31,6.36,1598861
2019-11-11,6.34,6.37,6.33,6.35,958549
2019-11-12,6.35,6.36,6.32,6.34,1344246
2019-11-13,6.35,6.35,6.3,6.33,2383347
2019-11-14,6.34,6.37,6.33,6.34,1258754
2019-11-15,6.39,6.39,6.235,6.25,1426512
2019-11-18,6.28,6.28,6.25,6.26,1009778
2019-11-19,6.28,6.345,6.24,6.275,2772187
2019-11-20,6.26,6.29,6.17,6.23,4077597
2019-11-21,6.18,6.25,6.11,6.14,2426797
2019-11-22,6.18,6.2,6.15,6.2,1717962
2019-11-25,6.19,6.25,6.18,6.2,1506869
2019-11-26,6.21,6.21,6.15,6.17,1026517
2019-11-27,6.19,6.2,6.15,6.19,604208
2019-11-29,6.21,6.23,6.15,6.21,985092
2019-12-02,6.23,6.23,6.16,6.18,1139371
2019-12-03,6.18,6.25,6.15,6.21,1687245
2019-12-04,6.22,6.25,6.16,6.17,1249021
2019-12-05,6.19,6.22,6.15,6.15,1182181
2019-12-06,6.17,6.22,6.15,6.17,1358546
2019-12-09,6.19,6.235,6.17,6.21,1995063
2019-12-10,6.2,6.27,6.2,6.24,1660526
2019-12-11,6.24,6.24,6.18,6.19,1819372
2019-12-12,6.21,6.225,6.185,6.21,1584429
2019-12-13,6.23,6.2761,6.22,6.26,774147
2019-12-16,6.26,6.28,6.21,6.22,587583
2019-12-17,6.24,6.33,6.22,6.31,1924234
2019-12-18,6.29,6.31,6.16,6.18,1698525
2019-12-19,6.21,6.23,6.13,6.15,2920368
2019-12-20,6.15,6.16,6.06,6.085,4018352
2019-12-23,6.1,6.19,6.08,6.15,2927151
2019-12-24,6.15,6.16,6.13,6.14,392907
2019-12-26,6.14,6.16,6.13,6.14,1582931
2019-12-27,6.15,6.16,6.065,6.07,1788587
2019-12-30,6.09,6.1,6.06,6.07,1093134
2019-12-31,6.07,6.08,6.0,6.03,3039462
2020-01-02,6.07,6.07,6.03,6.07,3508697
2020-01-03,6.05,6.09,6.04,6.07,1267377
2020-01-06,6.06,6.135,6.05,6.13,2815385
2020-01-07,6.12,6.18,6.1,6.17,2678598
2020-01-08,6.18,6.23,6.175,6.22,1282080
2020-01-09,6.25,6.25,6.2,6.23,2238185
2020-01-10,6.24,6.25,6.14,6.15,2143672
2020-01-13,6.15,6.18,6.05,6.06,3175456
2020-01-14,6.08,6.16,6.06,6.13,1168067
2020-01-15,6.15,6.15,6.1,6.15,1331355
2020-01-16,6.12,6.24,6.12,6.24,3015362
2020-01-17,6.25,6.25,6.18,6.19,3404540
2020-01-21,6.2,6.23,6.19,6.225,2166210
2020-01-22,6.22,6.23,6.1,6.11,2002868
2020-01-23,6.12,6.23,6.11,6.16,3159761
2020-01-24,6.16,6.2,6.13,6.13,2449781
2020-01-27,6.98,7.015,6.75,6.76,105653227
2020-01-28,6.76,6.76,6.76,6.76,0
