date,open,high,low,close,volume
2000-01-03,2.31,2.44,2.25,2.25,2100
2000-01-04,2.19,2.31,2.06,2.19,5900
2000-01-05,2.0,2.06,2.0,2.0,2900
2000-01-06,2.12,2.12,2.0,2.0,700
2000-01-07,2.12,2.12,2.0,2.0,2400
2000-01-10,2.0,2.38,2.0,2.38,15100
2000-01-11,2.44,2.44,2.44,2.44,3100
2000-01-12,2.38,2.38,2.25,2.25,4400
2000-01-13,2.25,2.31,2.25,2.31,1500
2000-01-14,2.31,2.44,2.31,2.38,4300
2000-01-18,2.44,2.5,2.44,2.44,2500
2000-01-19,2.5,2.5,2.5,2.5,5500
2000-01-20,2.5,2.62,2.5,2.56,10000
2000-01-21,2.5,2.5,2.25,2.38,5900
2000-01-24,2.38,2.38,2.12,2.12,5700
2000-01-25,2.12,2.25,2.12,2.12,7200
2000-01-26,2.06,2.06,2.06,2.06,600
2000-01-27,2.0,2.0,2.0,2.0,2800
2000-01-28,1.94,2.0,1.94,2.0,5500
2000-01-31,1.88,1.88,1.88,1.88,2100
2000-02-01,2.0,2.38,2.0,2.38,12100
2000-02-02,2.38,2.38,2.0,2.0,13600
2000-02-03,2.12,2.12,1.94,1.94,7800
2000-02-04,2.0,2.0,1.94,1.94,1200
2000-02-07,1.94,2.06,1.88,2.06,9400
2000-02-08,2.12,2.25,2.12,2.25,6200
2000-02-09,2.38,2.38,2.38,2.38,5800
2000-02-10,2.44,2.44,2.38,2.38,2900
2000-02-11,2.31,2.44,2.31,2.38,3100
2000-02-14,2.25,2.25,2.25,2.25,3500
2000-02-15,2.25,2.25,2.25,2.25,0
2000-02-16,2.31,2.31,2.19,2.19,3000
2000-02-17,2.12,2.12,2.06,2.12,8500
2000-02-18,2.06,2.06,1.75,1.94,21300
2000-02-22,2.0,2.0,1.94,2.0,6200
2000-02-23,1.88,1.94,1.88,1.94,3100
2000-02-24,1.94,1.94,1.94,1.94,10900
2000-02-25,1.88,2.0,1.88,2.0,8400
2000-02-28,2.0,2.0,2.0,2.0,0
2000-02-29,2.0,2.0,1.88,1.94,5700
2000-03-01,1.88,1.88,1.88,1.88,2500
2000-03-02,1.81,1.88,1.75,1.81,2600
2000-03-03,1.81,1.81,1.75,1.81,1000
2000-03-06,1.81,1.81,1.62,1.69,6200
2000-03-07,1.5,1.5,1.44,1.5,33900
2000-03-08,1.5,1.75,1.5,1.75,16500
2000-03-09,1.75,1.88,1.75,1.88,4400
2000-03-10,1.81,1.81,1.81,1.81,200
2000-03-13,1.75,1.88,1.69,1.69,7100
2000-03-14,1.75,1.75,1.75,1.75,7000
2000-03-15,1.62,1.81,1.5,1.81,13200
2000-03-16,1.75,1.75,1.75,1.75,1600
2000-03-17,1.69,1.75,1.62,1.75,2100
2000-03-20,1.69,1.69,1.62,1.62,2500
2000-03-21,1.56,1.62,1.5,1.62,9100
2000-03-22,1.56,1.56,1.56,1.56,1000
2000-03-23,1.56,1.62,1.56,1.62,1400
2000-03-24,1.62,1.62,1.5,1.62,9900
2000-03-27,1.62,1.75,1.62,1.62,19200
2000-03-28,1.62,1.62,1.56,1.56,3300
2000-03-29,1.56,1.56,1.56,1.56,2700
2000-03-30,1.5,1.69,1.5,1.69,3500
2000-03-31,1.62,1.62,1.62,1.62,1600
2000-04-03,1.69,1.75,1.62,1.62,6300
2000-04-04,1.5,1.75,1.5,1.56,8300
2000-04-05,1.5,1.5,1.38,1.44,12700
2000-04-06,1.38,1.5,1.38,1.5,2700
2000-04-07,1.5,1.5,1.5,1.5,1000
2000-04-10,1.56,1.62,1.5,1.62,3300
2000-04-11,1.5,1.5,1.44,1.44,5800
2000-04-12,1.5,1.5,1.38,1.38,4900
2000-04-13,1.5,1.56,1.5,1.56,7400
2000-04-14,1.44,1.44,1.25,1.38,16800
2000-04-17,1.38,1.38,1.19,1.19,27600
2000-04-18,1.25,1.25,1.12,1.25,5600
2000-04-19,1.31,1.44,1.25,1.25,15700
2000-04-20,1.12,1.25,1.12,1.25,11300
2000-04-24,1.19,1.25,1.19,1.25,5000
2000-04-25,1.25,1.38,1.25,1.38,2100
2000-04-26,1.38,1.62,1.38,1.62,9200
2000-04-27,1.62,1.88,1.62,1.75,25800
2000-04-28,1.88,1.88,1.75,1.88,52500
2000-05-01,1.88,2.0,1.88,2.0,30800
2000-05-02,2.0,2.0,1.88,1.88,14500
2000-05-03,1.75,2.0,1.75,2.0,3000
2000-05-04,2.0,2.0,1.88,1.88,200
2000-05-05,1.94,1.94,1.88,1.88,3500
2000-05-08,1.88,1.88,1.88,1.88,100
2000-05-09,1.75,1.81,1.75,1.81,2600
2000-05-10,1.75,1.81,1.69,1.75,10300
2000-05-11,1.75,1.75,1.75,1.75,1000
2000-05-12,1.81,1.81,1.75,1.81,2600
2000-05-15,1.94,2.0,1.75,1.75,8000
2000-05-16,1.94,1.94,1.69,1.69,11800
2000-05-17,1.75,1.88,1.62,1.88,7200
2000-05-18,1.75,1.75,1.69,1.75,9400
2000-05-19,1.75,1.75,1.5,1.5,8700
2000-05-22,1.5,1.5,1.5,1.5,4500
2000-05-23,1.44,1.5,1.44,1.5,8200
2000-05-24,1.5,1.5,1.5,1.5,300
2000-05-25,1.5,1.5,1.5,1.5,100
2000-05-26,1.62,1.62,1.5,1.56,25300
2000-05-30,1.56,1.56,1.56,1.56,0
2000-05-31,1.62,1.69,1.56,1.56,7300
2000-06-01,1.56,1.62,1.56,1.62,1200
2000-06-02,1.62,1.62,1.62,1.62,0
2000-06-05,1.69,2.19,1.69,1.94,50800
2000-06-06,1.94,1.94,1.88,1.88,900
2000-06-07,1.94,2.0,1.75,1.75,17200
2000-06-08,1.94,2.12,1.94,2.12,36800
2000-06-09,2.12,2.25,2.12,2.12,7200
2000-06-12,2.12,2.25,2.12,2.12,5900
2000-06-13,2.19,2.25,2.19,2.25,2500
2000-06-14,2.12,2.25,2.12,2.12,15500
2000-06-15,2.06,2.06,2.0,2.0,12700
2000-06-16,2.12,2.12,2.12,2.12,100
2000-06-19,2.12,2.12,2.12,2.12,3500
2000-06-20,2.12,2.19,2.12,2.12,6800
2000-06-21,2.12,2.12,2.12,2.12,4200
2000-06-22,2.19,2.25,2.19,2.19,93700
2000-06-23,2.19,2.19,2.12,2.12,1400
2000-06-26,2.0,2.0,2.0,2.0,1000
2000-06-27,2.12,2.12,2.0,2.0,5000
2000-06-28,2.06,2.12,2.0,2.06,13000
2000-06-29,2.0,2.0,1.88,1.88,4300
2000-06-30,1.88,2.0,1.88,2.0,4000
2000-07-03,2.0,2.0,2.0,2.0,0
2000-07-05,2.0,2.0,2.0,2.0,900
2000-07-06,1.88,1.94,1.88,1.94,9700
2000-07-07,2.0,2.06,2.0,2.06,2200
2000-07-10,2.06,2.06,2.06,2.06,0
2000-07-11,2.06,2.06,2.06,2.06,0
2000-07-12,1.94,1.94,1.88,1.88,5700
2000-07-13,1.94,2.12,1.88,2.12,2700
2000-07-14,2.12,2.12,2.0,2.12,10600
2000-07-17,2.06,2.12,2.0,2.06,2600
2000-07-18,2.12,2.12,2.06,2.06,11300
2000-07-19,2.06,2.12,2.06,2.12,10500
2000-07-20,2.06,2.12,2.06,2.06,7900
2000-07-21,2.12,2.19,2.06,2.19,9000
2000-07-24,2.25,2.38,2.25,2.25,23000
2000-07-25,2.25,2.44,2.25,2.38,9700
2000-07-26,2.31,2.31,2.25,2.25,1700
2000-07-27,2.25,2.31,2.12,2.19,5800
2000-07-28,2.19,2.19,2.19,2.19,0
2000-07-31,2.19,2.19,2.19,2.19,0
2000-08-01,2.19,2.56,2.19,2.44,10900
2000-08-02,2.69,2.75,2.38,2.38,14400
2000-08-03,2.38,2.44,2.25,2.25,12300
2000-08-04,2.25,2.25,2.19,2.19,3000
2000-08-07,2.12,2.25,2.12,2.25,2400
2000-08-08,2.12,2.19,2.12,2.19,2200
2000-08-09,2.06,2.25,2.06,2.25,11800
2000-08-10,2.19,2.25,2.19,2.25,2200
2000-08-11,2.25,2.44,2.25,2.38,3700
2000-08-14,2.38,2.38,2.31,2.38,3100
2000-08-15,2.25,2.25,2.19,2.19,2000
2000-08-16,2.25,2.5,2.19,2.5,9700
2000-08-17,2.5,2.5,2.38,2.38,1500
2000-08-18,2.38,2.38,2.38,2.38,500
2000-08-21,2.25,2.25,2.19,2.19,4700
2000-08-22,2.12,2.12,2.12,2.12,400
2000-08-23,2.06,2.12,2.06,2.12,1900
2000-08-24,2.12,2.12,2.12,2.12,0
2000-08-25,2.19,2.19,2.12,2.12,3200
2000-08-28,2.12,2.12,2.12,2.12,0
2000-08-29,2.19,2.19,2.12,2.12,2200
2000-08-30,2.0,2.0,2.0,2.0,1000
2000-08-31,2.0,2.0,2.0,2.0,900
2000-09-01,2.19,2.19,2.0,2.0,2600
2000-09-05,2.19,2.19,2.12,2.12,3100
2000-09-06,2.12,2.12,2.12,2.12,0
2000-09-07,2.12,2.19,2.12,2.19,2000
2000-09-08,2.12,2.25,2.0,2.12,8500
2000-09-11,2.12,2.12,2.06,2.06,2000
2000-09-12,2.0,2.0,2.0,2.0,4200
2000-09-13,2.0,2.12,2.0,2.12,600
2000-09-14,2.19,2.19,2.19,2.19,600
2000-09-15,2.19,2.19,2.0,2.12,8500
2000-09-18,2.0,2.06,2.0,2.0,4400
2000-09-19,2.06,2.06,1.88,2.0,6600
2000-09-20,1.94,1.94,1.94,1.94,1400
2000-09-21,1.88,1.88,1.75,1.88,1700
2000-09-22,1.88,1.88,1.88,1.88,0
2000-09-25,1.81,1.94,1.81,1.88,7600
2000-09-26,1.94,1.94,1.81,1.81,3100
2000-09-27,1.88,1.94,1.88,1.88,4300
2000-09-28,1.94,2.0,1.88,1.88,4000
2000-09-29,1.88,1.88,1.81,1.81,600
2000-10-02,1.69,1.94,1.69,1.88,6300
2000-10-03,1.94,1.94,1.94,1.94,500
2000-10-04,1.88,2.0,1.88,2.0,200
2000-10-05,2.0,2.0,2.0,2.0,0
2000-10-06,1.88,1.88,1.88,1.88,1500
2000-10-09,1.75,1.75,1.62,1.62,2700
2000-10-10,1.62,1.62,1.62,1.62,0
2000-10-11,1.75,1.75,1.75,1.75,2000
2000-10-12,1.75,1.75,1.75,1.75,3800
2000-10-13,1.75,1.75,1.69,1.75,5900
2000-10-16,1.75,1.81,1.75,1.81,9500
2000-10-17,1.81,1.88,1.81,1.88,3100
2000-10-18,1.88,1.88,1.75,1.75,8000
2000-10-19,1.75,1.75,1.75,1.75,1200
2000-10-20,1.75,1.88,1.75,1.88,13100
2000-10-23,1.75,1.75,1.75,1.75,2500
2000-10-24,1.75,1.75,1.75,1.75,7400
2000-10-25,1.75,1.75,1.75,1.75,3700
2000-10-26,1.75,1.75,1.75,1.75,800
2000-10-27,1.75,1.75,1.75,1.75,0
2000-10-30,1.75,1.75,1.75,1.75,1500
2000-10-31,1.75,1.75,1.75,1.75,300
2000-11-01,1.88,1.88,1.88,1.88,3000
2000-11-02,1.88,1.88,1.88,1.88,0
2000-11-03,1.88,1.88,1.75,1.75,1800
2000-11-06,1.75,1.75,1.75,1.75,2400
2000-11-07,1.69,1.69,1.69,1.69,400
2000-11-08,1.62,1.81,1.62,1.81,2500
2000-11-09,1.75,1.81,1.69,1.81,9900
2000-11-10,1.69,1.69,1.56,1.62,11000
2000-11-13,1.56,1.69,1.56,1.69,1700
2000-11-14,1.62,1.81,1.62,1.81,10500
2000-11-15,1.81,1.81,1.62,1.62,4600
2000-11-16,1.62,1.62,1.62,1.62,0
2000-11-17,1.75,1.75,1.5,1.5,3800
2000-11-20,1.5,1.5,1.38,1.38,5000
2000-11-21,1.38,1.38,1.38,1.38,1000
2000-11-22,1.38,1.38,1.12,1.25,9200
2000-11-24,1.38,1.5,1.38,1.5,9500
2000-11-27,1.31,1.31,1.31,1.31,900
2000-11-28,1.31,1.31,1.31,1.31,0
2000-11-29,1.44,1.5,1.44,1.5,3000
2000-11-30,1.5,1.5,1.5,1.5,6200
2000-12-01,1.5,1.62,1.44,1.5,6700
2000-12-04,1.44,1.44,1.31,1.38,6600
2000-12-05,1.31,1.38,1.31,1.31,3200
2000-12-06,1.25,1.25,1.12,1.19,18000
2000-12-07,1.31,1.31,1.12,1.12,5100
2000-12-08,1.12,1.25,1.06,1.25,12600
2000-12-11,1.12,1.12,1.12,1.12,7000
2000-12-12,1.12,1.25,1.12,1.25,2300
2000-12-13,1.25,1.25,1.06,1.06,22000
2000-12-14,1.06,1.12,1.06,1.06,1900
2000-12-15,1.06,1.06,1.0,1.0,7400
2000-12-18,1.0,1.0,0.94,1.0,13000
2000-12-19,0.94,1.19,0.94,1.06,26000
2000-12-20,1.0,1.19,1.0,1.19,3800
2000-12-21,1.12,1.12,0.94,0.94,1200
2000-12-22,0.94,1.0,0.88,0.94,7600
2000-12-26,0.94,1.12,0.94,1.0,9300
2000-12-27,1.0,1.0,0.94,0.94,7400
2000-12-28,0.94,0.94,0.88,0.88,14900
2000-12-29,0.81,0.88,0.5,0.75,42800
2001-01-02,0.75,0.88,0.75,0.88,2700
2001-01-03,0.88,0.88,0.88,0.88,1500
2001-01-04,0.81,0.81,0.81,0.81,400
2001-01-05,0.81,0.81,0.81,0.81,100
2001-01-08,0.88,0.94,0.88,0.94,5000
2001-01-09,0.88,0.88,0.88,0.88,5100
2001-01-10,0.81,0.81,0.81,0.81,3000
2001-01-11,0.81,0.81,0.81,0.81,7200
2001-01-12,0.81,0.81,0.81,0.81,10100
2001-01-16,0.81,0.81,0.81,0.81,1500
2001-01-17,0.75,0.75,0.75,0.75,13300
2001-01-18,0.88,1.0,0.88,0.94,6500
2001-01-19,0.94,0.94,0.94,0.94,2200
2001-01-22,0.94,0.94,0.94,0.94,1000
2001-01-23,0.94,0.94,0.94,0.94,5000
2001-01-24,0.94,1.12,0.94,1.12,7900
2001-01-25,1.31,1.38,1.31,1.38,12400
2001-01-26,1.5,1.56,1.5,1.5,3000
2001-01-29,1.45,1.45,1.45,1.45,1000
2001-01-30,1.35,1.35,1.25,1.25,3600
2001-01-31,1.25,1.25,1.25,1.25,0
2001-02-01,1.3,1.5,1.3,1.5,13500
2001-02-02,1.4,1.4,1.4,1.4,1000
2001-02-05,1.4,1.5,1.4,1.4,1800
2001-02-06,1.5,1.5,1.4,1.4,1200
2001-02-07,1.4,1.4,1.4,1.4,0
2001-02-08,1.4,1.4,1.4,1.4,0
2001-02-09,1.4,1.4,1.4,1.4,0
2001-02-12,1.4,1.5,1.4,1.4,5400
2001-02-13,1.45,1.45,1.4,1.4,2000
2001-02-14,1.3,1.3,1.3,1.3,2900
2001-02-15,1.3,1.3,1.3,1.3,0
2001-02-16,1.3,1.3,1.3,1.3,300
2001-02-20,1.25,1.25,1.2,1.2,2600
2001-02-21,1.2,1.2,1.2,1.2,0
2001-02-22,1.2,1.25,1.2,1.25,2000
2001-02-23,1.1,1.1,1.1,1.1,1000
2001-02-26,1.1,1.1,1.1,1.1,0
2001-02-27,1.1,1.1,1.1,1.1,0
2001-02-28,1.1,1.1,1.1,1.1,0
2001-03-01,1.15,1.15,1.15,1.15,1000
2001-03-02,1.15,1.15,0.95,1.0,3700
2001-03-05,0.95,0.95,0.9,0.9,2400
2001-03-06,1.0,1.2,1.0,1.15,10400
2001-03-07,1.15,1.15,1.05,1.1,2300
2001-03-08,1.1,1.1,1.0,1.0,6200
2001-03-09,1.0,1.0,1.0,1.0,0
2001-03-12,1.0,1.0,1.0,1.0,0
2001-03-13,0.8,0.83,0.8,0.83,4300
2001-03-14,0.83,0.88,0.81,0.88,5600
2001-03-15,0.8,0.85,0.8,0.8,1400
2001-03-16,0.8,0.8,0.8,0.8,100
2001-03-19,0.8,0.8,0.8,0.8,100
2001-03-20,0.8,0.8,0.8,0.8,300
2001-03-21,0.8,0.85,0.8,0.8,9300
2001-03-22,0.85,0.85,0.8,0.8,2500
2001-03-23,0.8,0.8,0.76,0.8,3000
2001-03-26,0.8,0.8,0.7,0.7,5700
2001-03-27,0.7,0.7,0.68,0.7,4500
2001-03-28,0.7,0.7,0.7,0.7,900
2001-03-29,0.7,0.8,0.68,0.8,7300
2001-03-30,0.8,0.8,0.8,0.8,0
2001-04-02,0.8,0.8,0.8,0.8,0
2001-04-03,0.75,0.75,0.72,0.72,800
2001-04-04,0.65,0.65,0.65,0.65,1000
2001-04-05,0.8,0.8,0.75,0.75,2000
2001-04-06,0.85,0.95,0.85,0.9,10100
2001-04-09,0.9,0.9,0.9,0.9,0
2001-04-10,0.85,0.85,0.85,0.85,1000
2001-04-11,0.8,0.8,0.8,0.8,3800
2001-04-12,0.8,0.8,0.8,0.8,0
2001-04-16,0.8,0.8,0.75,0.75,400
2001-04-17,0.75,0.75,0.75,0.75,0
2001-04-18,0.75,0.75,0.75,0.75,1000
2001-04-19,0.75,0.75,0.75,0.75,0
2001-04-20,0.75,0.8,0.75,0.8,2900
2001-04-23,0.85,0.85,0.85,0.85,500
2001-04-24,0.8,0.8,0.8,0.8,1600
2001-04-25,0.8,0.8,0.8,0.8,0
2001-04-26,0.8,0.8,0.8,0.8,0
2001-04-27,0.75,0.8,0.75,0.79,7100
2001-04-30,0.8,0.8,0.8,0.8,100
2001-05-01,0.8,0.8,0.8,0.8,0
2001-05-02,0.75,0.9,0.75,0.9,4100
2001-05-03,1.0,1.25,1.0,1.25,23000
2001-05-04,1.25,1.25,1.25,1.25,0
2001-05-07,1.15,1.15,0.95,0.95,2500
2001-05-08,1.05,1.05,1.05,1.05,500
2001-05-09,1.1,1.15,1.1,1.15,1000
2001-05-10,1.2,1.44,1.2,1.44,3800
2001-05-11,1.44,1.44,1.44,1.44,0
2001-05-14,1.44,1.5,1.41,1.46,2100
2001-05-15,1.35,1.35,1.26,1.26,4000
2001-05-16,1.25,1.25,1.2,1.2,7900
2001-05-17,1.15,1.15,1.15,1.15,100
2001-05-18,1.05,1.1,1.05,1.1,3000
2001-05-21,1.0,1.25,1.0,1.15,3500
2001-05-22,1.05,1.15,1.05,1.15,1600
2001-05-23,1.15,1.15,1.15,1.15,0
2001-05-24,1.2,1.2,1.2,1.2,300
2001-05-25,1.3,1.3,1.3,1.3,800
2001-05-29,1.4,1.4,1.3,1.3,2300
2001-05-30,1.2,1.2,1.15,1.15,1900
2001-05-31,1.15,1.15,1.15,1.15,0
2001-06-01,1.05,1.1,1.05,1.1,900
2001-06-04,1.15,1.25,1.15,1.25,400
2001-06-05,1.25,1.25,1.25,1.25,1500
2001-06-06,1.25,1.44,1.25,1.35,3000
2001-06-07,1.44,1.44,1.44,1.44,500
2001-06-08,1.45,1.45,1.45,1.45,100
2001-06-11,1.45,1.45,1.35,1.45,1800
2001-06-12,1.55,1.95,1.55,1.85,8900
2001-06-13,1.9,1.94,1.5,1.5,8800
2001-06-14,1.45,1.45,1.35,1.35,1400
2001-06-15,1.45,1.45,1.45,1.45,500
2001-06-18,1.45,1.45,1.45,1.45,0
2001-06-19,1.4,1.4,1.4,1.4,10000
2001-06-20,1.31,1.45,1.31,1.45,200
2001-06-21,1.45,1.45,1.45,1.45,0
2001-06-22,1.35,1.55,1.35,1.4,3800
2001-06-25,1.4,1.4,1.4,1.4,0
2001-06-26,1.3,1.3,1.3,1.3,400
2001-06-27,1.5,1.5,1.5,1.5,3000
2001-06-28,1.5,1.5,1.5,1.5,18100
2001-06-29,1.45,1.5,1.4,1.5,4000
2001-07-02,1.5,1.5,1.45,1.45,300
2001-07-03,1.5,1.5,1.5,1.5,1500
2001-07-05,1.6,1.6,1.57,1.6,10500
2001-07-06,1.55,1.55,1.5,1.5,600
2001-07-09,1.5,1.5,1.5,1.5,0
2001-07-10,1.6,1.65,1.25,1.25,6100
2001-07-11,1.25,1.25,1.25,1.25,0
2001-07-12,1.4,1.75,1.4,1.7,5200
2001-07-13,1.6,1.6,1.6,1.6,400
2001-07-16,1.8,1.89,1.6,1.6,6100
2001-07-17,1.6,1.6,1.6,1.6,0
2001-07-18,1.5,1.5,1.4,1.4,1500
2001-07-19,1.55,1.55,1.55,1.55,1500
2001-07-20,1.55,1.55,1.55,1.55,0
2001-07-23,1.6,1.8,1.6,1.79,6600
2001-07-24,1.63,1.63,1.63,1.63,1000
2001-07-25,1.63,1.63,1.63,1.63,0
2001-07-26,1.63,1.63,1.63,1.63,0
2001-07-27,1.73,1.8,1.73,1.75,14200
2001-07-30,1.85,1.85,1.6,1.6,11400
2001-07-31,1.6,1.6,1.6,1.6,0
2001-08-01,1.5,1.5,1.4,1.5,3500
2001-08-02,1.4,1.4,1.4,1.4,4200
2001-08-03,1.4,1.4,1.4,1.4,0
2001-08-06,1.3,1.4,1.1,1.4,2200
2001-08-07,1.5,1.6,1.42,1.6,3600
2001-08-08,1.7,1.7,1.6,1.6,8900
2001-08-09,1.6,1.6,1.6,1.6,0
2001-08-10,1.5,1.5,1.35,1.5,2100
2001-08-13,1.5,1.5,1.5,1.5,0
2001-08-14,1.45,1.75,1.45,1.5,5300
2001-08-15,1.45,1.45,1.26,1.26,2500
2001-08-16,1.26,1.26,1.21,1.25,8400
2001-08-17,1.25,1.25,1.25,1.25,0
2001-08-20,1.15,1.15,1.15,1.15,100
2001-08-21,1.05,1.15,1.05,1.15,3100
2001-08-22,1.15,1.15,1.15,1.15,0
2001-08-23,1.15,1.15,1.15,1.15,0
2001-08-24,1.25,1.35,1.25,1.35,3000
2001-08-27,1.45,1.5,1.11,1.15,8900
2001-08-28,1.1,1.1,1.1,1.1,1000
2001-08-29,1.1,1.1,1.1,1.1,0
2001-08-30,1.15,1.15,1.15,1.15,200
2001-08-31,1.15,1.15,1.15,1.15,0
2001-09-04,1.1,1.3,1.1,1.3,2500
2001-09-05,1.21,1.21,1.21,1.21,100
2001-09-06,1.3,1.3,1.3,1.3,300
2001-09-07,1.35,1.35,1.3,1.35,2300
2001-09-10,1.35,1.35,1.35,1.35,2400
2001-09-17,1.3,1.55,1.3,1.4,6300
2001-09-18,1.3,1.4,1.15,1.4,11500
2001-09-19,1.3,1.3,1.0,1.05,12700
2001-09-20,0.95,0.95,0.85,0.85,1700
2001-09-21,0.95,1.3,0.95,1.1,11900
2001-09-24,0.95,1.05,0.85,0.85,8900
2001-09-25,0.9,0.9,0.9,0.9,1100
2001-09-26,0.9,0.9,0.9,0.9,500
2001-09-27,0.8,1.01,0.8,1.0,5200
2001-09-28,1.0,1.2,1.0,1.2,4100
2001-10-01,1.3,1.3,1.3,1.3,100
2001-10-02,1.3,1.3,1.3,1.3,0
2001-10-03,1.2,1.2,1.1,1.1,2200
2001-10-04,1.2,1.2,1.2,1.2,1800
2001-10-05,1.2,1.2,1.2,1.2,0
2001-10-08,1.1,1.1,1.0,1.0,3500
2001-10-09,1.1,1.1,1.01,1.01,900
2001-10-10,1.0,1.0,1.0,1.0,3000
2001-10-11,1.1,1.4,1.1,1.4,4400
2001-10-12,1.4,1.4,1.4,1.4,2400
2001-10-15,1.4,1.4,1.3,1.3,4300
2001-10-16,1.25,1.35,1.25,1.35,300
2001-10-17,1.35,1.55,1.35,1.55,8100
2001-10-18,1.55,1.55,1.36,1.39,9300
2001-10-19,1.39,1.39,1.39,1.39,0
2001-10-22,1.3,1.3,1.05,1.25,24800
2001-10-23,1.15,1.2,0.95,1.15,10400
2001-10-24,1.05,1.15,1.05,1.15,900
2001-10-25,1.15,1.15,1.15,1.15,0
2001-10-26,1.15,1.15,1.15,1.15,0
2001-10-29,1.15,1.15,1.15,1.15,0
2001-10-30,1.1,1.1,1.0,1.0,700
2001-10-31,1.0,1.0,1.0,1.0,0
2001-11-01,0.95,0.95,0.95,0.95,1400
2001-11-02,1.05,1.25,1.05,1.25,10500
2001-11-05,1.15,1.25,1.15,1.25,500
2001-11-06,1.25,1.25,1.25,1.25,0
2001-11-07,1.2,1.25,1.05,1.1,12700
2001-11-08,1.15,1.2,1.15,1.2,400
2001-11-09,1.29,1.4,1.29,1.4,7300
2001-11-12,1.3,1.3,1.2,1.2,1100
2001-11-13,1.2,1.2,1.05,1.05,4600
2001-11-14,1.05,1.05,1.05,1.05,0
2001-11-15,1.15,1.35,1.15,1.31,1600
2001-11-16,1.21,1.21,1.21,1.21,500
2001-11-19,1.11,1.11,1.1,1.1,1200
2001-11-20,1.06,1.06,0.95,1.0,20300
2001-11-21,0.82,1.0,0.82,0.86,14200
2001-11-23,0.86,0.86,0.86,0.86,0
2001-11-26,0.99,0.99,0.85,0.95,10800
2001-11-27,1.05,1.05,1.05,1.05,6000
2001-11-28,0.95,0.95,0.76,0.8,4000
2001-11-29,0.81,0.81,0.81,0.81,1600
2001-11-30,0.82,1.0,0.82,1.0,4100
2001-12-03,1.1,1.24,1.05,1.15,8000
2001-12-04,1.1,1.1,1.0,1.1,3600
2001-12-05,1.15,1.15,1.15,1.15,4500
2001-12-06,1.2,1.3,1.2,1.2,8100
2001-12-07,1.2,1.4,1.2,1.4,15600
2001-12-10,1.3,1.3,1.21,1.21,1600
2001-12-11,1.3,1.4,1.3,1.4,2200
2001-12-12,1.49,1.49,1.4,1.4,1500
2001-12-13,1.43,1.65,1.43,1.56,2800
2001-12-14,1.66,1.9,1.15,1.4,24400
2001-12-17,1.35,1.35,1.32,1.32,900
2001-12-18,1.32,1.33,1.32,1.33,2200
2001-12-19,1.34,1.6,1.34,1.6,1700
2001-12-20,1.46,1.46,1.25,1.35,8100
2001-12-21,1.5,1.51,1.36,1.45,5500
2001-12-24,1.39,1.39,1.38,1.38,4700
2001-12-26,1.48,1.58,1.48,1.58,700
2001-12-27,1.46,1.55,1.46,1.47,5000
2001-12-28,1.48,1.65,1.48,1.65,1900
2001-12-31,1.55,1.55,1.47,1.47,7000
2002-01-02,1.47,1.47,1.47,1.47,800
2002-01-03,1.38,1.6,1.38,1.6,1100
2002-01-04,1.6,1.6,1.6,1.6,0
2002-01-07,1.59,1.79,1.59,1.75,4500
2002-01-08,1.79,1.79,1.79,1.79,100
2002-01-09,1.6,1.65,1.55,1.65,1500
2002-01-10,1.79,1.79,1.6,1.6,4100
2002-01-11,1.6,1.6,1.6,1.6,0
2002-01-14,1.65,1.65,1.55,1.65,3900
2002-01-15,1.65,1.65,1.65,1.65,0
2002-01-16,1.65,1.65,1.65,1.65,0
2002-01-17,1.55,1.55,1.48,1.48,2000
2002-01-18,1.48,1.48,1.48,1.48,0
2002-01-22,1.45,1.45,1.4,1.4,1700
2002-01-23,1.4,1.4,1.37,1.37,1100
2002-01-24,1.37,1.37,1.37,1.37,0
2002-01-25,1.3,1.3,1.3,1.3,100
2002-01-28,1.2,1.2,1.07,1.2,5400
2002-01-29,1.1,1.15,1.1,1.15,2700
2002-01-30,1.19,1.4,1.19,1.4,2300
2002-01-31,1.3,1.3,1.25,1.25,2200
2002-02-01,1.25,1.25,1.25,1.25,0
2002-02-04,1.3,1.3,1.3,1.3,100
2002-02-05,1.4,1.4,1.3,1.3,2600
2002-02-06,1.35,1.35,1.15,1.15,3200
2002-02-07,1.05,1.05,1.05,1.05,2400
2002-02-08,1.03,1.29,1.03,1.15,5000
2002-02-11,1.15,1.15,1.15,1.15,0
2002-02-12,1.35,1.39,1.35,1.39,700
2002-02-13,1.4,1.45,1.3,1.3,3700
2002-02-14,1.15,1.65,1.15,1.35,5500
2002-02-15,1.35,1.35,1.31,1.31,1400
2002-02-19,1.31,1.31,1.31,1.31,0
2002-02-20,1.31,1.31,1.31,1.31,0
2002-02-21,1.3,1.3,1.3,1.3,3200
2002-02-22,1.3,1.3,1.3,1.3,300
2002-02-25,1.3,1.3,1.3,1.3,0
2002-02-26,1.3,1.3,1.3,1.3,3800
2002-02-27,1.4,1.45,1.25,1.25,8000
2002-02-28,1.26,1.5,1.26,1.5,7600
2002-03-01,1.5,1.51,1.5,1.51,2200
2002-03-04,1.55,1.6,1.55,1.6,3600
2002-03-05,1.6,1.6,1.5,1.5,1500
2002-03-06,1.45,1.45,1.45,1.45,600
2002-03-07,1.55,1.55,1.46,1.55,1600
2002-03-08,1.45,1.45,1.3,1.3,14400
2002-03-11,1.3,1.3,1.3,1.3,1500
2002-03-12,1.26,1.39,1.26,1.39,400
2002-03-13,1.31,1.5,1.31,1.5,8300
2002-03-14,1.45,1.45,1.35,1.35,1600
2002-03-15,1.35,1.35,1.35,1.35,0
2002-03-18,1.55,1.6,1.55,1.6,2500
2002-03-19,1.55,1.55,1.45,1.45,500
2002-03-20,1.5,1.5,1.25,1.25,12500
2002-03-21,1.3,1.45,1.27,1.45,5100
2002-03-22,1.45,1.45,1.45,1.45,0
2002-03-25,1.44,1.44,1.3,1.3,3300
2002-03-26,1.35,1.44,1.35,1.44,1200
2002-03-27,1.4,1.45,1.4,1.45,1400
2002-03-28,1.4,1.55,1.35,1.5,7200
2002-04-01,1.5,1.5,1.5,1.5,0
2002-04-02,1.4,1.4,1.36,1.4,1500
2002-04-03,1.4,1.4,1.4,1.4,0
2002-04-04,1.46,1.55,1.46,1.55,1900
2002-04-05,1.55,1.55,1.55,1.55,1700
2002-04-08,1.6,1.6,1.6,1.6,5100
2002-04-09,1.68,1.7,1.6,1.6,4900
2002-04-10,1.7,1.7,1.7,1.7,2300
2002-04-11,1.68,1.68,1.68,1.68,1100
2002-04-12,1.68,1.68,1.68,1.68,0
2002-04-15,1.7,1.7,1.7,1.7,5000
2002-04-16,1.8,1.8,1.54,1.54,8700
2002-04-17,1.54,1.54,1.54,1.54,0
2002-04-18,1.5,1.5,1.5,1.5,5000
2002-04-19,1.5,1.5,1.5,1.5,100
2002-04-22,1.5,1.5,1.5,1.5,0
2002-04-23,1.5,1.8,1.5,1.55,10100
2002-04-24,1.65,1.7,1.65,1.7,300
2002-04-25,1.6,1.6,1.6,1.6,1000
2002-04-26,1.6,1.6,1.6,1.6,0
2002-04-29,1.6,1.6,1.55,1.55,6100
2002-04-30,1.51,1.51,1.5,1.5,1900
2002-05-01,1.5,1.7,1.45,1.6,5300
2002-05-02,1.6,1.6,1.52,1.52,3000
2002-05-03,1.52,1.52,1.52,1.52,0
2002-05-06,1.6,1.75,1.6,1.62,5500
2002-05-07,1.62,1.62,1.62,1.62,0
2002-05-08,1.62,1.62,1.6,1.6,10300
2002-05-09,1.7,2.25,1.7,2.25,44400
2002-05-10,2.15,2.35,2.15,2.24,49500
2002-05-13,2.23,2.29,2.21,2.29,21500
2002-05-14,2.35,2.35,2.1,2.1,23600
2002-05-15,2.2,2.2,1.92,2.05,4700
2002-05-16,2.05,2.2,1.95,2.2,5400
2002-05-17,2.29,2.29,2.0,2.1,13200
2002-05-20,2.0,2.05,1.85,2.0,7700
2002-05-21,1.9,1.9,1.85,1.85,900
2002-05-22,1.95,2.05,1.95,2.05,800
2002-05-23,2.2,2.2,1.86,1.92,14300
2002-05-24,1.92,1.92,1.92,1.92,200
2002-05-28,2.02,2.24,2.02,2.24,600
2002-05-29,2.12,2.22,2.12,2.22,1300
2002-05-30,2.2,2.2,2.2,2.2,400
2002-05-31,2.2,2.2,2.2,2.2,4100
2002-06-03,2.22,2.25,2.2,2.2,4300
2002-06-04,2.11,2.11,2.1,2.1,400
2002-06-05,2.06,2.2,1.96,2.2,8900
2002-06-06,2.1,2.1,2.1,2.1,1100
2002-06-07,2.2,2.25,2.2,2.25,5300
2002-06-10,2.22,2.25,2.22,2.25,1400
2002-06-11,2.25,2.25,2.05,2.15,3200
2002-06-12,2.05,2.1,2.05,2.1,400
2002-06-13,2.1,2.1,2.1,2.1,0
2002-06-14,2.18,2.18,2.18,2.18,1000
2002-06-17,2.1,2.14,2.1,2.14,1000
2002-06-18,2.15,2.15,2.15,2.15,6000
2002-06-19,2.25,2.25,2.1,2.1,2600
2002-06-20,2.06,2.06,2.05,2.05,1500
2002-06-21,2.01,2.01,1.85,1.85,12600
2002-06-24,1.85,1.85,1.75,1.75,1200
2002-06-25,1.66,1.85,1.6,1.6,13100
2002-06-26,1.5,1.6,1.5,1.55,6600
2002-06-27,1.55,1.55,1.55,1.55,0
2002-06-28,1.45,1.5,1.2,1.5,7500
2002-07-01,1.5,1.5,1.4,1.45,1200
2002-07-02,1.5,1.5,1.25,1.25,2000
2002-07-03,1.21,1.21,1.2,1.2,1500
2002-07-05,1.1,1.1,1.1,1.1,500
2002-07-08,1.19,1.19,1.15,1.15,1500
2002-07-09,1.19,1.2,1.15,1.15,3600
2002-07-10,1.15,1.15,1.15,1.15,2600
2002-07-11,1.15,1.15,1.1,1.15,4700
2002-07-12,1.2,1.35,1.2,1.25,6100
2002-07-15,1.35,1.35,1.25,1.3,800
2002-07-16,1.25,1.25,1.25,1.25,1000
2002-07-17,1.3,1.3,1.3,1.3,200
2002-07-18,1.35,1.45,1.25,1.3,5400
2002-07-19,1.21,1.21,1.21,1.21,300
2002-07-22,1.2,1.21,1.05,1.05,7000
2002-07-23,1.06,1.14,1.05,1.05,2400
2002-07-24,1.05,1.05,1.0,1.0,2000
2002-07-25,1.01,1.2,1.01,1.2,25800
2002-07-26,1.23,1.23,1.15,1.2,400
2002-07-29,1.25,1.25,1.2,1.2,16400
2002-07-30,1.24,1.24,1.24,1.24,200
2002-07-31,1.15,1.15,1.15,1.15,100
2002-08-01,1.24,1.24,1.2,1.2,200
2002-08-02,1.15,1.15,1.15,1.15,300
2002-08-05,1.15,1.15,1.15,1.15,0
2002-08-06,1.11,1.11,1.11,1.11,100
2002-08-07,1.1,1.1,1.1,1.1,1600
2002-08-08,1.1,1.16,1.1,1.15,20700
2002-08-09,1.15,1.15,1.15,1.15,9000
2002-08-12,1.11,1.11,1.1,1.1,1000
2002-08-13,1.1,1.1,1.05,1.1,7600
2002-08-14,1.1,1.25,1.1,1.25,4700
2002-08-15,1.35,1.39,1.35,1.39,9200
2002-08-16,1.35,1.39,1.35,1.39,1000
2002-08-19,1.39,1.42,1.21,1.42,14300
2002-08-20,1.43,1.5,1.3,1.5,20100
2002-08-21,1.49,1.5,1.46,1.46,1400
2002-08-22,1.49,1.49,1.46,1.46,14700
2002-08-23,1.36,1.36,1.36,1.36,600
2002-08-26,1.36,1.36,1.36,1.36,200
2002-08-27,1.36,1.36,1.36,1.36,0
2002-08-28,1.42,1.42,1.41,1.42,1200
2002-08-29,1.42,1.55,1.4,1.4,11700
2002-08-30,1.4,1.4,1.4,1.4,0
2002-09-03,1.5,1.5,1.5,1.5,3700
2002-09-04,1.5,1.5,1.5,1.5,4300
2002-09-05,1.5,1.5,1.5,1.5,0
2002-09-06,1.4,1.4,1.4,1.4,400
2002-09-09,1.4,1.4,1.4,1.4,1000
2002-09-10,1.4,1.4,1.4,1.4,300
2002-09-11,1.45,1.45,1.45,1.45,5900
2002-09-12,1.45,1.45,1.45,1.45,2000
2002-09-13,1.45,1.45,1.45,1.45,3900
2002-09-16,1.4,1.4,1.4,1.4,1000
2002-09-17,1.4,1.4,1.4,1.4,0
2002-09-18,1.4,1.4,1.4,1.4,0
2002-09-19,1.4,1.4,1.25,1.25,4800
2002-09-20,1.15,1.2,1.04,1.1,11200
2002-09-23,1.2,1.25,1.2,1.2,2100
2002-09-24,1.2,1.2,1.1,1.1,5100
2002-09-25,1.15,1.15,1.09,1.09,7300
2002-09-26,1.09,1.09,1.09,1.09,0
2002-09-27,1.11,1.21,1.1,1.2,9300
2002-09-30,1.2,1.2,1.2,1.2,4400
2002-10-01,1.2,1.2,1.2,1.2,0
2002-10-02,1.2,1.2,1.2,1.2,100
2002-10-03,1.2,1.2,1.2,1.2,0
2002-10-04,1.15,1.15,1.15,1.15,100
2002-10-07,1.25,1.25,1.25,1.25,5000
2002-10-08,1.2,1.2,1.1,1.2,5100
2002-10-09,1.2,1.2,1.2,1.2,400
2002-10-10,1.15,1.15,1.05,1.05,7600
2002-10-11,1.01,1.09,1.0,1.09,1200
2002-10-14,1.09,1.09,1.09,1.09,0
2002-10-15,1.09,1.09,1.01,1.01,42000
2002-10-16,1.02,1.02,1.0,1.0,131000
2002-10-17,0.9,1.1,0.9,1.1,6700
2002-10-18,1.0,1.01,1.0,1.01,2600
2002-10-21,1.01,1.01,1.01,1.01,0
2002-10-22,1.09,1.1,1.06,1.06,26000
2002-10-23,1.0,1.0,1.0,1.0,2000
2002-10-24,0.91,1.1,0.91,1.1,7700
2002-10-25,1.1,1.1,1.1,1.1,2100
2002-10-28,1.12,1.25,1.07,1.25,4900
2002-10-29,1.15,1.24,1.05,1.2,6200
2002-10-30,1.25,1.25,1.15,1.25,2100
2002-10-31,1.25,1.25,1.25,1.25,0
2002-11-01,1.25,1.25,1.25,1.25,5300
2002-11-04,1.21,1.21,1.2,1.2,12000
2002-11-05,1.2,1.2,1.19,1.19,2800
2002-11-06,1.2,1.2,1.02,1.02,7200
2002-11-07,1.03,1.15,1.03,1.15,18600
2002-11-08,1.05,1.05,1.05,1.05,1000
2002-11-11,1.14,1.2,1.14,1.15,6200
2002-11-12,1.15,1.5,1.15,1.2,23000
2002-11-13,1.25,1.3,1.25,1.3,1000
2002-11-14,1.35,1.35,1.2,1.2,2500
2002-11-15,1.16,1.16,1.02,1.1,17000
2002-11-18,1.13,1.13,1.1,1.1,8600
2002-11-19,1.05,1.05,1.05,1.05,1000
2002-11-20,1.1,1.1,1.05,1.1,21100
2002-11-21,1.15,1.3,1.15,1.15,16800
2002-11-22,1.15,1.45,1.11,1.15,32000
2002-11-25,1.15,1.15,1.11,1.11,1200
2002-11-26,1.2,1.2,1.2,1.2,200
2002-11-27,1.1,1.3,1.1,1.3,3300
2002-11-29,1.29,1.29,1.2,1.2,1600
2002-12-02,1.3,1.35,1.2,1.2,19000
2002-12-03,1.21,1.21,1.11,1.11,15900
2002-12-04,1.11,1.11,1.11,1.11,100
2002-12-05,1.25,1.25,1.1,1.1,4300
2002-12-06,1.1,1.15,1.1,1.15,5100
2002-12-09,1.15,1.15,1.15,1.15,0
2002-12-10,1.25,1.3,1.1,1.3,9300
2002-12-11,1.4,1.45,1.25,1.25,11400
2002-12-12,1.2,1.35,1.2,1.2,10400
2002-12-13,1.2,1.42,1.17,1.35,13200
2002-12-16,1.4,1.4,1.35,1.35,5700
2002-12-17,1.4,1.45,1.4,1.45,18100
2002-12-18,1.35,1.35,1.05,1.15,16100
2002-12-19,1.11,1.15,1.11,1.11,13000
2002-12-20,1.1,1.3,1.1,1.3,8000
2002-12-23,1.2,1.2,1.15,1.15,2600
2002-12-24,1.15,1.15,1.15,1.15,0
2002-12-26,1.25,1.34,1.2,1.2,6500
2002-12-27,1.3,1.32,1.05,1.15,8000
2002-12-30,1.1,1.25,1.1,1.25,1900
2002-12-31,1.11,1.2,1.1,1.1,8000
2003-01-02,1.1,1.11,1.1,1.1,2600
2003-01-03,1.12,1.18,1.12,1.18,1100
2003-01-06,1.2,1.25,1.15,1.25,5000
2003-01-07,1.2,1.2,1.1,1.1,1000
2003-01-08,1.2,1.3,1.04,1.1,11400
2003-01-09,1.07,1.15,1.07,1.15,2700
2003-01-10,1.08,1.24,1.08,1.24,2000
2003-01-13,1.24,1.25,1.24,1.25,3200
2003-01-14,1.15,1.15,1.15,1.15,200
2003-01-15,1.15,1.15,1.15,1.15,0
2003-01-16,1.24,1.24,1.05,1.05,1800
2003-01-17,1.15,1.15,1.15,1.15,200
2003-01-21,1.24,1.24,1.24,1.24,100
2003-01-22,1.16,1.24,1.16,1.24,1400
2003-01-23,1.24,1.24,1.24,1.24,0
2003-01-24,1.24,1.24,1.24,1.24,0
2003-01-27,1.16,1.16,1.15,1.15,1400
2003-01-28,1.15,1.15,1.1,1.1,2000
2003-01-29,1.15,1.15,1.1,1.1,7400
2003-01-30,1.25,1.25,1.25,1.25,0
2003-01-31,1.24,1.24,1.23,1.23,200
2003-02-03,1.23,1.23,1.23,1.23,0
2003-02-04,1.23,1.23,1.23,1.23,0
2003-02-05,1.23,1.23,1.23,1.23,0
2003-02-06,1.23,1.23,1.23,1.23,0
2003-02-07,1.24,1.24,1.22,1.22,500
2003-02-10,1.12,1.12,1.12,1.12,1000
2003-02-11,1.1,1.15,1.1,1.15,1600
2003-02-12,1.2,1.25,1.2,1.25,6500
2003-02-13,1.24,1.25,1.24,1.25,9300
2003-02-14,1.25,1.26,1.25,1.25,2300
2003-02-18,1.27,1.3,1.27,1.3,7800
2003-02-19,1.3,1.34,1.26,1.3,7600
2003-02-20,1.3,1.31,1.3,1.31,5200
2003-02-21,1.31,1.31,1.31,1.31,0
2003-02-24,1.31,1.31,1.31,1.31,0
2003-02-25,1.32,1.35,1.32,1.35,7700
2003-02-26,1.35,1.35,1.35,1.35,1300
2003-02-27,1.3,1.3,1.25,1.26,2300
2003-02-28,1.26,1.26,1.25,1.25,4100
2003-03-03,1.26,1.26,1.25,1.25,4000
2003-03-04,1.25,1.25,1.25,1.25,2000
2003-03-05,1.25,1.25,1.25,1.25,1000
2003-03-06,1.25,1.25,1.25,1.25,5000
2003-03-07,1.25,1.25,1.25,1.25,3500
2003-03-10,1.25,1.4,1.25,1.35,6100
2003-03-11,1.35,1.35,1.35,1.35,0
2003-03-12,1.3,1.35,1.25,1.35,3600
2003-03-13,1.35,1.35,1.35,1.35,0
2003-03-14,1.35,1.35,1.35,1.35,0
2003-03-17,1.25,1.36,1.25,1.25,3500
2003-03-18,1.25,1.25,1.25,1.25,500
2003-03-19,1.25,1.25,1.25,1.25,5000
2003-03-20,1.25,1.25,1.25,1.25,0
2003-03-21,1.25,1.25,1.25,1.25,0
2003-03-24,1.3,1.3,1.3,1.3,100
2003-03-25,1.3,1.3,1.25,1.25,600
2003-03-26,1.35,1.45,1.26,1.4,7300
2003-03-27,1.4,1.4,1.3,1.4,4000
2003-03-28,1.4,1.47,1.4,1.45,11100
2003-03-31,1.5,1.5,1.45,1.45,1700
2003-04-01,1.45,1.45,1.45,1.45,0
2003-04-02,1.5,1.5,1.5,1.5,9800
2003-04-03,1.5,1.5,1.5,1.5,0
2003-04-04,1.5,1.5,1.45,1.45,300
2003-04-07,1.45,1.45,1.35,1.36,2400
2003-04-08,1.36,1.36,1.32,1.32,2800
2003-04-09,1.31,1.31,1.25,1.25,1600
2003-04-10,1.25,1.25,1.25,1.25,0
2003-04-11,1.35,1.43,1.35,1.43,2600
2003-04-14,1.33,1.33,1.33,1.33,500
2003-04-15,1.35,1.35,1.35,1.35,2600
2003-04-16,1.44,1.44,1.44,1.44,1000
2003-04-17,1.4,1.41,1.4,1.41,1200
2003-04-21,1.41,1.45,1.41,1.45,8700
2003-04-22,1.45,1.45,1.45,1.45,0
2003-04-23,1.35,1.35,1.35,1.35,1500
2003-04-24,1.49,1.5,1.49,1.49,1600
2003-04-25,1.45,1.45,1.35,1.45,10400
2003-04-28,1.45,1.45,1.45,1.45,0
2003-04-29,1.45,1.55,1.45,1.45,4900
2003-04-30,1.4,1.4,1.31,1.31,1800
2003-05-01,1.4,1.4,1.4,1.4,400
2003-05-02,1.4,1.4,1.4,1.4,0
2003-05-05,1.33,1.55,1.33,1.5,12800
2003-05-06,1.55,1.75,1.55,1.75,15600
2003-05-07,1.74,1.74,1.64,1.64,2400
2003-05-08,1.65,1.7,1.65,1.7,2400
2003-05-09,1.75,1.75,1.75,1.75,200
2003-05-12,1.75,1.75,1.65,1.7,2900
2003-05-13,1.6,1.7,1.41,1.7,6800
2003-05-14,1.65,1.65,1.65,1.65,100
2003-05-15,1.65,1.65,1.65,1.65,200
2003-05-16,1.65,1.65,1.65,1.65,500
2003-05-19,1.65,1.65,1.65,1.65,0
2003-05-20,1.65,1.69,1.6,1.65,1600
2003-05-21,1.6,1.6,1.6,1.6,5500
2003-05-22,1.6,1.7,1.6,1.7,3100
2003-05-23,1.59,1.84,1.58,1.78,14000
2003-05-27,1.66,1.75,1.66,1.75,4500
2003-05-28,1.85,1.95,1.85,1.9,2400
2003-05-29,1.9,1.9,1.9,1.9,0
2003-05-30,1.82,1.89,1.8,1.89,4800
2003-06-02,1.97,2.0,1.95,1.95,6300
2003-06-03,2.0,2.25,2.0,2.11,22200
2003-06-04,2.2,2.59,2.2,2.44,51100
2003-06-05,2.45,2.6,2.4,2.55,31400
2003-06-06,2.5,2.6,2.4,2.4,21600
2003-06-09,2.45,2.48,2.3,2.3,8400
2003-06-10,2.25,2.25,1.99,1.99,18400
2003-06-11,2.0,2.0,1.99,1.99,9700
2003-06-12,2.03,2.4,2.0,2.22,45000
2003-06-13,2.15,2.16,2.02,2.12,9600
2003-06-16,2.12,2.19,2.01,2.05,7100
2003-06-17,2.11,2.2,2.1,2.19,6900
2003-06-18,2.21,2.21,2.1,2.1,2100
2003-06-19,2.1,2.11,2.05,2.05,5000
2003-06-20,2.1,2.1,2.09,2.09,600
2003-06-23,2.09,2.09,2.09,2.09,0
2003-06-24,2.1,2.17,1.9,2.0,15900
2003-06-25,2.0,2.09,2.0,2.09,3800
2003-06-26,2.08,2.09,1.94,1.94,2200
2003-06-27,2.0,2.0,1.96,1.96,1700
2003-06-30,1.95,1.95,1.95,1.95,1500
2003-07-01,2.0,2.05,1.95,1.95,3800
2003-07-02,1.95,1.99,1.89,1.98,8000
2003-07-03,1.88,2.0,1.88,2.0,900
2003-07-07,2.04,2.07,2.04,2.06,2700
2003-07-08,2.06,2.09,1.92,2.04,4700
2003-07-09,2.0,2.06,1.94,2.06,5100
2003-07-10,2.03,2.08,2.03,2.08,1200
2003-07-11,2.04,2.1,2.03,2.03,6300
2003-07-14,2.01,2.01,2.01,2.01,1000
2003-07-15,2.01,2.05,2.0,2.0,2500
2003-07-16,2.0,2.0,1.82,1.82,5100
2003-07-17,1.84,1.87,1.84,1.87,2100
2003-07-18,1.87,1.87,1.86,1.86,800
2003-07-21,1.96,1.96,1.96,1.96,2000
2003-07-22,1.97,1.97,1.83,1.9,2000
2003-07-23,1.85,1.88,1.81,1.88,2900
2003-07-24,1.95,1.96,1.89,1.95,21300
2003-07-25,1.85,1.85,1.8,1.85,3000
2003-07-28,1.92,2.08,1.92,2.02,15600
2003-07-29,2.1,2.17,1.91,2.0,13300
2003-07-30,1.95,1.95,1.92,1.92,1000
2003-07-31,1.95,1.96,1.95,1.96,5500
2003-08-01,1.96,1.96,1.96,1.96,800
2003-08-04,1.96,1.96,1.95,1.95,3500
2003-08-05,1.95,1.95,1.95,1.95,4000
2003-08-06,1.96,1.96,1.95,1.95,2000
2003-08-07,1.85,1.93,1.83,1.93,4100
2003-08-08,2.02,2.03,1.81,1.93,5100
2003-08-11,1.95,2.07,1.95,2.07,1400
2003-08-12,2.0,2.0,1.77,1.93,2400
2003-08-13,1.9,2.05,1.9,2.05,1100
2003-08-14,2.08,2.15,2.0,2.15,9300
2003-08-15,2.2,2.2,2.2,2.2,400
2003-08-18,2.15,2.4,2.15,2.39,8300
2003-08-19,2.22,2.31,2.22,2.25,1400
2003-08-20,2.25,2.25,2.17,2.25,2900
2003-08-21,2.29,2.31,2.1,2.31,17900
2003-08-22,2.31,2.47,2.31,2.47,1900
2003-08-25,2.6,3.25,2.6,3.15,57400
2003-08-26,3.25,3.34,2.81,3.0,67000
2003-08-27,2.9,3.09,2.76,3.05,29700
2003-08-28,3.05,3.09,3.0,3.05,12300
2003-08-29,3.0,3.0,2.91,3.0,19100
2003-09-02,3.08,3.08,3.0,3.01,17000
2003-09-03,3.06,3.07,2.95,3.0,13400
2003-09-04,3.07,3.08,3.0,3.05,9300
2003-09-05,3.05,3.05,2.97,2.97,3600
2003-09-08,2.97,3.1,2.96,3.1,6100
2003-09-09,3.1,3.1,3.05,3.05,1100
2003-09-10,3.1,3.1,2.95,3.0,29900
2003-09-11,2.91,3.07,2.91,2.95,3200
2003-09-12,3.04,3.04,3.0,3.0,3300
2003-09-15,2.91,2.99,2.91,2.99,4700
2003-09-16,3.0,3.13,2.9,2.93,11800
2003-09-17,3.0,3.09,2.94,3.09,7200
2003-09-18,2.96,3.09,2.96,3.01,3200
2003-09-19,3.08,3.08,3.01,3.01,2200
2003-09-22,3.08,3.1,3.03,3.07,22500
2003-09-23,3.07,3.07,2.94,2.94,18900
2003-09-24,3.0,3.15,2.95,3.15,24600
2003-09-25,3.12,3.12,3.1,3.1,400
2003-09-26,3.05,3.05,2.85,2.9,14500
2003-09-29,2.95,2.96,2.95,2.95,2500
2003-09-30,3.1,3.1,2.95,3.02,9900
2003-10-01,3.07,3.1,2.76,3.0,20700
2003-10-02,2.86,3.0,2.86,2.92,19200
2003-10-03,2.94,3.11,2.9,2.99,6500
2003-10-06,3.0,3.0,2.9,2.9,2300
2003-10-07,2.75,3.05,2.75,2.96,19600
2003-10-08,3.05,3.05,2.95,3.05,4900
2003-10-09,3.1,3.3,3.1,3.19,30600
2003-10-10,3.28,3.44,3.27,3.44,17400
2003-10-13,3.4,3.49,3.32,3.4,11600
2003-10-14,3.39,3.39,3.3,3.35,8900
2003-10-15,3.32,3.32,3.3,3.31,600
2003-10-16,3.35,3.49,3.35,3.36,13500
2003-10-17,3.35,3.41,3.35,3.39,2200
2003-10-20,3.21,3.22,3.21,3.21,6800
2003-10-21,3.34,3.4,3.25,3.38,3000
2003-10-22,3.39,3.39,3.27,3.27,1200
2003-10-23,3.34,3.4,3.28,3.4,5300
2003-10-24,3.36,3.41,3.36,3.39,1400
2003-10-27,3.37,3.4,3.33,3.33,3900
2003-10-28,3.34,3.34,3.26,3.27,1800
2003-10-29,3.27,3.27,3.27,3.27,0
2003-10-30,3.14,3.18,3.13,3.17,12000
2003-10-31,3.17,3.17,3.1,3.11,8600
2003-11-03,3.19,3.2,3.11,3.16,20300
2003-11-04,3.2,3.2,3.17,3.18,4000
2003-11-05,3.19,3.2,3.19,3.2,4000
2003-11-06,3.11,3.48,3.01,3.15,71000
2003-11-07,3.02,3.27,3.02,3.27,3100
2003-11-10,3.25,3.27,3.03,3.27,3500
2003-11-11,3.27,3.27,3.27,3.27,0
2003-11-12,3.2,3.26,3.06,3.08,4300
2003-11-13,3.0,3.0,2.86,2.89,28900
2003-11-14,2.85,2.99,2.8,2.9,9400
2003-11-17,2.9,3.0,2.77,3.0,9300
2003-11-18,2.9,2.98,2.9,2.98,400
2003-11-19,3.02,3.02,2.93,2.93,3000
2003-11-20,2.9,2.9,2.9,2.9,1800
2003-11-21,3.05,3.05,3.0,3.0,800
2003-11-24,3.04,3.04,2.91,3.0,10400
2003-11-25,2.95,3.0,2.85,2.9,6200
2003-11-26,2.88,2.88,2.88,2.88,100
2003-11-28,3.01,3.01,3.01,3.01,100
2003-12-01,3.05,3.05,2.85,2.85,5300
2003-12-02,2.96,2.96,2.86,2.86,8200
2003-12-03,2.9,2.94,2.9,2.94,1100
2003-12-04,2.82,3.0,2.82,2.99,7300
2003-12-05,2.91,2.95,2.8,2.8,4600
2003-12-08,2.95,2.99,2.78,2.99,6900
2003-12-09,2.95,2.95,2.79,2.9,4300
2003-12-10,2.9,2.9,2.78,2.8,5200
2003-12-11,2.79,2.81,2.68,2.81,4300
2003-12-12,2.85,2.85,2.75,2.85,3100
2003-12-15,2.9,2.99,2.9,2.99,12500
2003-12-16,3.0,3.0,2.6,2.91,38800
2003-12-17,2.91,2.99,2.91,2.91,900
2003-12-18,2.87,2.88,2.56,2.81,8900
2003-12-19,2.8,2.9,2.8,2.89,1900
2003-12-22,2.8,2.905,2.79,2.9,31000
2003-12-23,2.9,2.9,2.9,2.9,0
2003-12-24,2.83,2.83,2.78,2.78,2000
2003-12-26,2.78,2.8,2.78,2.8,1300
2003-12-29,2.8,2.98,2.8,2.98,10500
2003-12-30,2.92,2.92,2.9,2.9,1100
2003-12-31,2.92,2.95,2.87,2.92,6700
2004-01-02,2.97,2.97,2.95,2.95,6400
2004-01-05,2.95,3.04,2.91,2.96,35700
2004-01-06,3.03,3.27,2.98,3.0,13100
2004-01-07,3.0,3.1,3.0,3.04,10900
2004-01-08,3.06,3.49,3.06,3.42,32600
2004-01-09,3.32,3.49,3.21,3.38,29400
2004-01-12,3.4,3.46,3.26,3.27,9300
2004-01-13,3.29,3.3,3.25,3.25,9500
2004-01-14,3.25,3.25,3.21,3.25,8600
2004-01-15,3.3,3.32,3.3,3.31,3600
2004-01-16,3.33,3.33,3.2,3.25,12500
2004-01-20,3.25,3.39,3.11,3.25,9400
2004-01-21,3.3,3.5,3.3,3.5,4300
2004-01-22,3.5,3.67,3.5,3.6,22800
2004-01-23,3.64,3.65,3.64,3.65,3100
2004-01-26,3.05,3.31,3.05,3.1,333600
2004-01-27,3.05,3.25,3.01,3.2,64100
2004-01-28,3.1,3.25,3.05,3.16,46000
2004-01-29,3.15,3.2,3.06,3.2,18400
2004-01-30,3.29,3.3,3.17,3.17,10400
2004-02-02,3.24,3.25,3.16,3.25,2800
2004-02-03,3.25,3.25,3.16,3.16,3400
2004-02-04,3.35,3.37,3.25,3.3,38300
2004-02-05,3.22,3.43,3.22,3.34,4400
2004-02-06,3.42,3.5,3.34,3.5,14200
2004-02-09,3.88,4.0,3.44,3.61,56800
2004-02-10,3.72,3.99,3.7,3.86,15700
2004-02-11,3.81,3.93,3.81,3.92,28900
2004-02-12,4.0,4.15,3.9,3.9,42600
2004-02-13,3.91,4.0,3.88,3.9,38600
2004-02-17,3.95,3.98,3.9,3.97,13600
2004-02-18,3.98,4.0,3.91,3.95,8700
2004-02-19,4.07,4.07,3.9,3.9,18000
2004-02-20,3.99,3.99,3.9,3.9,5900
2004-02-23,3.98,3.98,3.9,3.9,8100
2004-02-24,3.81,3.81,3.75,3.75,10200
2004-02-25,3.73,3.75,3.7,3.71,7600
2004-02-26,3.75,3.75,3.74,3.74,300
2004-02-27,3.71,3.71,3.71,3.71,100
2004-03-01,3.74,3.75,3.73,3.75,7800
2004-03-02,3.76,3.76,3.75,3.75,1800
2004-03-03,3.85,4.1,3.85,3.85,10200
2004-03-04,3.89,3.89,3.72,3.72,5600
2004-03-05,3.72,3.78,3.7,3.7,5300
2004-03-08,3.71,3.85,3.7,3.85,4100
2004-03-09,3.75,3.75,3.7,3.71,2300
2004-03-10,3.7,3.7,3.69,3.69,500
2004-03-11,3.75,3.75,3.7,3.7,300
2004-03-12,3.7,3.7,3.61,3.61,2100
2004-03-15,3.61,3.61,3.61,3.61,1000
2004-03-16,3.61,3.61,3.61,3.61,1000
2004-03-17,3.7,3.84,3.61,3.84,9000
2004-03-18,3.71,3.71,3.71,3.71,100
2004-03-19,3.71,3.72,3.71,3.71,2400
2004-03-22,3.75,3.75,3.71,3.71,3900
2004-03-23,3.72,3.83,3.7,3.83,1000
2004-03-24,3.8,3.84,3.7,3.7,800
2004-03-25,3.7,3.7,3.65,3.7,1200
2004-03-26,3.79,3.79,3.73,3.73,200
2004-03-29,3.72,3.72,3.72,3.72,1000
2004-03-30,3.7,4.0,3.7,4.0,10600
2004-03-31,4.0,4.05,3.92,4.05,2200
2004-04-01,4.05,4.05,4.0,4.0,7600
2004-04-02,4.05,4.05,4.04,4.04,2300
2004-04-05,4.05,4.07,4.0,4.0,3600
2004-04-06,4.05,4.05,3.95,4.0,22900
2004-04-07,4.0,4.0,3.96,4.0,51400
2004-04-08,4.0,4.0,3.96,4.0,7600
2004-04-12,3.92,4.0,3.85,3.85,12500
2004-04-13,3.95,3.97,3.78,3.78,3800
2004-04-14,3.81,3.82,3.81,3.81,500
2004-04-15,3.72,3.72,3.69,3.7,5700
2004-04-16,3.8,3.8,3.55,3.65,4300
2004-04-19,3.75,3.85,3.65,3.85,15700
2004-04-20,3.92,3.95,3.8,3.95,16800
2004-04-21,3.81,3.81,3.81,3.81,300
2004-04-22,3.85,3.9,3.8,3.81,4400
2004-04-23,3.8,3.8,3.8,3.8,6500
2004-04-26,3.76,3.76,3.55,3.58,4400
2004-04-27,3.68,3.68,3.68,3.68,400
2004-04-28,3.56,3.56,3.43,3.5,3400
2004-04-29,3.6,3.6,3.4,3.5,18400
2004-04-30,3.4,3.4,3.3,3.32,3600
2004-05-03,3.22,3.3,3.1,3.2,4700
2004-05-04,3.2,3.24,3.2,3.24,800
2004-05-05,3.3,3.3,3.3,3.3,500
2004-05-06,3.34,3.64,3.32,3.63,13600
2004-05-07,3.63,3.65,3.62,3.65,6500
2004-05-10,3.75,3.76,3.56,3.58,11800
2004-05-11,3.58,3.58,3.58,3.58,0
2004-05-12,3.58,3.58,3.48,3.54,4200
2004-05-13,3.6,3.6,3.58,3.58,300
2004-05-14,3.52,3.58,3.47,3.47,2300
2004-05-17,3.42,3.99,3.42,3.5,50000
2004-05-18,3.5,3.5,3.5,3.5,0
2004-05-19,3.5,3.54,3.41,3.54,1500
2004-05-20,3.45,3.46,3.45,3.45,3200
2004-05-21,3.38,3.38,3.38,3.38,1100
2004-05-24,3.3,3.31,3.27,3.28,1100
2004-05-25,3.2,3.49,3.2,3.49,6000
2004-05-26,3.49,3.57,3.49,3.57,2700
2004-05-27,3.55,3.55,3.4,3.4,3200
2004-05-28,3.5,3.55,3.49,3.5,1500
2004-06-01,3.5,3.5,3.5,3.5,0
2004-06-02,3.49,3.49,3.44,3.44,400
2004-06-03,3.36,3.37,3.36,3.37,1700
2004-06-04,3.42,3.42,3.22,3.35,5500
2004-06-07,3.45,3.45,3.45,3.45,1300
2004-06-08,3.45,3.45,3.35,3.35,1200
2004-06-09,3.25,3.48,3.25,3.35,2400
2004-06-10,3.38,3.49,3.38,3.46,50200
2004-06-14,3.49,3.56,3.39,3.4,17600
2004-06-15,3.4,3.45,3.35,3.37,2300
2004-06-16,3.44,3.45,3.37,3.37,8900
2004-06-17,3.35,3.44,3.25,3.44,6900
2004-06-18,3.44,3.44,3.35,3.35,1000
2004-06-21,3.35,3.42,3.35,3.35,4000
2004-06-22,3.28,3.3,3.27,3.3,1100
2004-06-23,3.32,3.32,3.2,3.32,5000
2004-06-24,3.3,3.44,3.27,3.35,5500
2004-06-25,3.27,3.41,3.27,3.41,1800
2004-06-28,3.41,3.44,3.39,3.44,3400
2004-06-29,3.44,3.44,3.44,3.44,900
2004-06-30,3.34,3.45,3.25,3.45,1500
2004-07-01,3.25,3.25,3.25,3.25,100
2004-07-02,3.25,3.25,3.15,3.24,2100
2004-07-06,3.15,3.15,2.9,3.1,2800
2004-07-07,3.0,3.09,3.0,3.09,2900
2004-07-08,3.09,3.09,2.85,2.85,2600
2004-07-09,2.8,3.18,2.78,2.95,7600
2004-07-12,2.75,3.0,2.65,2.97,10200
2004-07-13,2.95,3.02,2.95,3.02,600
2004-07-14,3.01,3.3,3.01,3.24,4700
2004-07-15,3.2,3.27,3.2,3.2,4400
2004-07-16,3.1,3.1,3.05,3.06,2600
2004-07-19,3.07,3.3,3.07,3.3,4200
2004-07-20,3.29,3.29,3.28,3.28,400
2004-07-21,3.28,3.28,3.28,3.28,0
2004-07-22,3.22,3.23,3.1,3.13,2100
2004-07-23,3.11,3.11,3.0,3.06,4400
2004-07-26,3.11,3.11,3.11,3.11,100
2004-07-27,3.11,3.11,3.11,3.11,0
2004-07-28,3.0,3.07,3.0,3.07,1000
2004-07-29,3.02,3.05,3.02,3.05,3100
2004-07-30,3.05,3.11,3.05,3.11,6300
2004-08-02,2.91,3.3,2.91,3.22,16600
2004-08-03,3.22,3.22,3.22,3.22,900
2004-08-04,3.12,3.12,3.1015,3.1015,1500
2004-08-05,3.12,3.12,3.0,3.0,2500
2004-08-06,2.94,3.01,2.94,3.01,600
2004-08-09,2.95,2.98,2.88,2.88,1800
2004-08-10,2.9,2.9,2.75,2.75,1400
2004-08-11,2.75,2.75,2.75,2.75,0
2004-08-12,2.75,2.79,2.75,2.79,400
2004-08-13,2.73,2.73,2.63,2.7,8000
2004-08-16,2.6,2.8,2.6,2.8,6100
2004-08-17,2.9,3.1,2.6,2.6,13600
2004-08-18,2.7,2.81,2.45,2.8,7200
2004-08-19,2.8,2.94,2.8,2.9,9800
2004-08-20,2.91,2.99,2.9,2.99,5600
2004-08-23,3.05,3.24,3.05,3.24,9700
2004-08-24,3.16,3.16,3.03,3.12,3500
2004-08-25,3.11,3.11,2.99,3.0,900
2004-08-26,3.0,3.0,3.0,3.0,0
2004-08-27,3.1,3.1,3.1,3.1,500
2004-08-30,3.1,3.11,3.1,3.1015,2200
2004-08-31,3.1,3.1,3.06,3.06,800
2004-09-01,3.0,3.0,2.6,2.65,7900
2004-09-02,2.7,3.01,2.7,3.0,19000
2004-09-03,3.03,3.2,2.91,3.1,18200
2004-09-07,3.1,3.1,3.06,3.06,6600
2004-09-08,3.1,3.1,3.06,3.06,3400
2004-09-09,2.96,3.08,2.96,3.08,6600
2004-09-10,3.08,3.08,3.08,3.08,0
2004-09-13,3.0,3.0,2.9,3.0,2300
2004-09-14,2.91,2.95,2.7,2.95,18500
2004-09-15,2.9,2.95,2.9,2.95,1700
2004-09-16,2.98,3.1,2.93,3.1,2800
2004-09-17,3.2,3.2,3.13,3.15,4600
2004-09-20,3.15,3.15,3.0,3.0,2600
2004-09-21,3.06,3.06,3.06,3.06,500
2004-09-22,3.08,3.16,3.08,3.16,1000
2004-09-23,3.06,3.06,2.89,2.89,1100
2004-09-24,2.9,2.9,2.88,2.88,1700
2004-09-27,2.85,2.85,2.65,2.8,6400
2004-09-28,2.75,2.75,2.65,2.65,5500
2004-09-29,2.8,2.9485,2.8,2.9485,2100
2004-09-30,2.8,2.8,2.6,2.69,6400
2004-10-01,2.69,2.78,2.69,2.78,4300
2004-10-04,2.68,3.0,2.68,3.0,6500
2004-10-05,3.0,3.0,3.0,3.0,0
2004-10-06,3.0,3.0,3.0,3.0,0
2004-10-07,2.99,2.99,2.84,2.84,800
2004-10-08,2.85,2.85,2.84,2.85,2200
2004-10-11,2.85,2.85,2.81,2.81,6500
2004-10-12,2.7,2.7,2.7,2.7,2700
2004-10-13,2.71,2.76,2.67,2.76,1500
2004-10-14,2.66,2.66,2.52,2.52,6400
2004-10-15,2.57,2.57,2.31,2.4515,9600
2004-10-18,2.47,2.73,2.47,2.73,2500
2004-10-19,2.73,2.73,2.73,2.73,0
2004-10-20,2.6315,2.68,2.6315,2.68,200
2004-10-21,2.65,2.65,2.65,2.65,200
2004-10-22,2.63,2.73,2.63,2.73,700
2004-10-25,2.74,2.74,2.65,2.65,2300
2004-10-26,2.66,2.66,2.65,2.65,3400
2004-10-27,2.65,2.65,2.5,2.59,2600
2004-10-28,2.57,2.57,2.57,2.57,300
2004-10-29,2.52,2.55,2.4,2.45,11800
2004-11-01,2.5,2.51,2.4,2.4,3300
2004-11-02,2.45,2.45,2.31,2.31,1400
2004-11-03,2.32,2.5,2.32,2.5,1500
2004-11-04,2.52,2.95,2.52,2.94,28200
2004-11-05,3.0,3.05,2.72,2.72,28900
2004-11-08,2.9,3.0385,2.8,2.9,20900
2004-11-09,2.95,3.0,2.92,2.95,13700
2004-11-10,2.95,3.1,2.95,3.1,14400
2004-11-11,3.1,3.1,2.8,2.91,10600
2004-11-12,3.0,3.08,2.92,3.08,2800
2004-11-15,3.03,3.03,2.93,3.0,5300
2004-11-16,2.99,3.05,2.99,3.05,6300
2004-11-17,3.05,3.05,2.92,2.92,10700
2004-11-18,2.82,2.9,2.82,2.84,2500
2004-11-19,2.85,2.95,2.85,2.95,1400
2004-11-22,2.88,3.05,2.82,2.82,10400
2004-11-23,2.82,2.84,2.75,2.8,13000
2004-11-24,2.75,2.82,2.7,2.82,3600
2004-11-26,2.82,2.82,2.82,2.82,0
2004-11-29,2.8,2.85,2.7,2.7,1200
2004-11-30,2.8,2.8,2.66,2.67,15300
2004-12-01,2.6,2.6,2.51,2.51,243000
2004-12-02,2.51,2.57,2.5,2.53,6800
2004-12-03,2.61,2.7,2.51,2.51,6600
2004-12-06,2.55,2.65,2.55,2.59,4600
2004-12-07,2.51,2.54,2.48,2.49,23500
2004-12-08,2.49,2.55,2.49,2.49,1500
2004-12-09,2.5015,2.5015,2.48,2.5,10300
2004-12-10,2.5,2.5,2.45,2.45,10700
2004-12-13,2.48,2.48,2.46,2.47,3700
2004-12-14,2.45,2.48,2.45,2.45,10700
2004-12-15,2.47,2.48,2.44,2.44,13100
2004-12-16,2.48,2.5,2.47,2.5,11100
2004-12-17,2.48,2.5,2.4,2.5,14800
2004-12-20,2.49,2.49,2.32,2.33,20300
2004-12-21,2.4,2.41,2.35,2.35,12100
2004-12-22,2.35,2.99,2.35,2.89,19700
2004-12-23,2.85,2.85,2.71,2.75,13800
2004-12-27,2.81,2.9,2.77,2.78,14200
2004-12-28,2.75,2.75,2.63,2.7,10800
2004-12-29,2.61,2.69,2.59,2.67,5300
2004-12-30,2.68,2.72,2.68,2.7,2100
2004-12-31,2.69,2.77,2.67,2.77,1300
2005-01-03,2.75,2.76,2.75,2.76,1300
2005-01-04,2.76,2.77,2.65,2.65,2900
2005-01-05,2.77,2.77,2.67,2.73,2400
2005-01-06,2.71,2.77,2.71,2.71,2200
2005-01-07,2.67,2.67,2.67,2.67,300
2005-01-10,2.66,2.75,2.65,2.7,1900
2005-01-11,2.7,2.7,2.68,2.68,1200
2005-01-12,2.95,3.0,2.75,2.79,55600
2005-01-13,2.89,2.9,2.79,2.85,16100
2005-01-14,2.87,2.9,2.77,2.8,21100
2005-01-18,2.95,2.97,2.83,2.83,47100
2005-01-19,2.95,3.1,2.95,3.0,53900
2005-01-20,3.0,3.05,2.96,3.0,6800
2005-01-21,3.0,3.0,2.95,2.99,25600
2005-01-24,3.0,3.0,2.95,3.0,8100
2005-01-25,3.0,3.0,2.97,2.99,7900
2005-01-26,3.0,3.07,3.0,3.05,7500
2005-01-27,3.05,3.05,2.99,2.99,9400
2005-01-28,3.05,3.05,2.95,2.95,11400
2005-01-31,3.03,3.05,2.95,3.04,33000
2005-02-01,3.07,3.19,3.05,3.18,67200
2005-02-02,3.38,3.44,3.2,3.39,56000
2005-02-03,3.44,3.48,3.4,3.4,30900
2005-02-04,3.55,3.58,3.44,3.46,24100
2005-02-07,3.51,3.6,3.46,3.56,21500
2005-02-08,3.59,3.6,3.54,3.6,18400
2005-02-09,3.57,3.57,3.4,3.43,19700
2005-02-10,3.49,3.6,3.35,3.57,20100
2005-02-11,3.54,3.59,3.26,3.46,14600
2005-02-14,3.5,3.5,3.35,3.35,13200
2005-02-15,3.4,3.58,3.25,3.58,12400
2005-02-16,3.6,3.6,3.44,3.48,22600
2005-02-17,3.6,3.6,3.35,3.4,21000
2005-02-18,3.5,3.52,3.27,3.39,6600
2005-02-22,3.29,3.29,2.9215,3.08,63900
2005-02-23,2.98,3.04,2.9,3.01,18200
2005-02-24,3.0,3.05,2.95,3.01,4100
2005-02-25,2.91,3.05,2.91,3.05,11000
2005-02-28,3.0,3.062,2.86,3.01,16500
2005-03-01,3.11,3.28,3.09,3.1,5900
2005-03-02,3.08,3.08,3.0,3.04,9700
2005-03-03,3.0115,3.02,2.99,3.0,34400
2005-03-04,3.02,3.03,3.01,3.01,1100
2005-03-07,3.03,3.1,2.99,3.1,9400
2005-03-08,3.01,3.08,3.01,3.08,7400
2005-03-09,3.08,3.09,3.08,3.08,13800
2005-03-10,3.0,3.0,3.0,3.0,700
2005-03-11,3.1,3.15,3.04,3.05,3300
2005-03-14,3.15,3.35,3.0,3.09,20100
2005-03-15,3.2,3.46,3.2,3.3,10200
2005-03-16,3.28,3.5,3.28,3.3,19400
2005-03-17,3.2,3.28,3.1,3.21,16400
2005-03-18,3.29,3.29,3.25,3.25,1300
2005-03-21,3.3,3.3,3.21,3.26,6800
2005-03-22,3.51,4.54,3.51,4.54,394600
2005-03-23,4.6,5.4,4.59,4.7,318500
2005-03-24,4.75,5.0,4.31,4.76,149400
2005-03-28,4.79,5.3,4.63,5.23,178200
2005-03-29,5.13,5.59,4.4,4.73,243100
2005-03-30,4.72,4.99,4.3,4.51,121000
2005-03-31,4.51,5.0,4.5,4.99,51200
2005-04-01,5.0,5.4,5.0,5.06,94600
2005-04-04,5.0,5.2,4.9,4.95,38700
2005-04-05,4.86,4.99,4.8,4.92,24700
2005-04-06,4.94,5.3,4.94,5.28,60800
2005-04-07,5.38,6.37,5.38,6.01,413500
2005-04-08,6.26,6.65,6.15,6.49,305600
2005-04-11,6.58,6.68,5.75,5.79,186500
2005-04-12,5.8,5.89,5.18,5.3,137000
2005-04-13,5.27,6.26,5.27,5.93,245300
2005-04-14,6.1,6.36,5.76,6.03,90100
2005-04-15,5.8,6.18,5.43,5.75,103900
2005-04-18,5.7,5.7,4.5,4.77,212500
2005-04-19,4.57,5.42,4.57,5.41,141400
2005-04-20,5.55,5.9,5.25,5.3,68600
2005-04-21,5.25,5.89,5.25,5.89,116400
2005-04-22,5.79,5.95,5.5,5.57,61400
2005-04-25,5.6,6.19,5.6,5.75,70200
2005-04-26,5.9,6.19,5.8,5.95,129900
2005-04-27,6.0,6.27,5.95,6.13,57800
2005-04-28,6.15,6.7,6.15,6.5,102500
2005-04-29,6.5,6.65,6.02,6.19,151300
2005-05-02,6.21,6.49,6.2,6.48,73500
2005-05-03,6.5,6.55,6.14,6.55,78600
2005-05-04,6.5,6.65,6.4,6.56,107400
2005-05-05,6.6,6.65,6.45,6.49,123900
2005-05-06,6.64,6.85,6.51,6.66,231000
2005-05-09,6.9,7.0,6.68,6.86,212300
2005-05-10,7.49,7.5,7.0015,7.25,209000
2005-05-11,7.5,7.6,7.25,7.58,152600
2005-05-12,8.15,8.87,7.7,8.15,471600
2005-05-13,8.19,8.23,7.31,7.31,227300
2005-05-16,8.04,8.04,6.79,7.03,185000
2005-05-17,7.0,7.8,6.81,7.62,163700
2005-05-18,7.77,8.05,7.63,7.71,194100
2005-05-19,7.9,8.2,7.85,8.05,255600
2005-05-20,8.05,8.4,8.05,8.25,146500
2005-05-23,8.39,8.45,8.15,8.22,131600
2005-05-24,8.15,8.39,7.4,8.38,200000
2005-05-25,8.28,8.39,7.7542,8.11,82600
2005-05-26,8.12,8.67,8.12,8.62,93000
2005-05-27,8.65,8.85,8.0,8.39,170700
2005-05-31,8.86,9.5,8.69,9.4,420600
2005-06-01,9.7,9.93,9.4,9.84,345800
2005-06-02,9.93,10.45,9.93,10.22,311500
2005-06-03,10.5,10.95,10.24,10.8,253900
2005-06-06,11.0,12.17,11.0,11.94,442100
2005-06-07,12.44,13.0,12.38,12.85,429500
2005-06-08,13.0,13.0,10.11,10.84,1147400
2005-06-09,10.81,11.48,9.5,10.55,718200
2005-06-10,10.55,11.24,10.36,10.96,244100
2005-06-13,11.0,11.79,10.91,11.6,276900
2005-06-14,11.8,12.47,11.78,12.4,327400
2005-06-15,12.64,12.85,11.81,12.74,314900
2005-06-16,12.74,12.97,12.25,12.44,176400
2005-06-17,12.49,12.5,11.4,11.79,306300
2005-06-20,11.99,12.0,10.71,11.33,281600
2005-06-21,11.53,12.35,11.33,12.07,230600
2005-06-22,12.12,12.38,11.064,11.59,239100
2005-06-23,11.6,11.6,10.7,11.18,203100
2005-06-24,11.18,11.18,9.5,10.25,409300
2005-06-27,10.22,10.3,9.7,9.83,214000
2005-06-28,9.99,10.69,9.99,10.6,113200
2005-06-29,10.7,10.74,9.82,10.13,107400
2005-06-30,10.1,10.13,9.36,9.71,108600
2005-07-01,9.51,9.7,8.75,9.3,220900
2005-07-05,9.25,9.25,8.15,9.0,275900
2005-07-06,9.1,9.99,8.74,9.75,191900
2005-07-07,9.68,9.78,9.41,9.61,80100
2005-07-08,9.61,9.98,9.53,9.65,75800
2005-07-11,9.74,10.72,9.71,10.53,169700
2005-07-12,10.63,11.2,10.6,11.2,201400
2005-07-13,11.2,11.34,10.28,10.75,144200
2005-07-14,10.85,11.2,10.32,10.5411,76100
2005-07-15,10.44,10.54,10.19,10.43,54200
2005-07-18,10.3,10.7,9.9,10.18,93600
2005-07-19,10.25,10.73,10.19,10.47,87600
2005-07-20,10.37,11.23,10.3,11.1,186800
2005-07-21,11.31,11.77,11.25,11.7,186200
2005-07-22,11.7,11.79,11.15,11.3,71700
2005-07-25,11.31,11.36,8.56,8.92,957600
2005-07-26,8.92,8.99,8.6,8.77,196900
2005-07-27,8.77,9.0,8.59,8.94,107400
2005-07-28,8.94,8.95,8.0,8.39,233700
2005-07-29,8.35,8.35,7.98,8.02,193900
2005-08-01,8.02,8.74,8.02,8.6,211100
2005-08-02,8.15,8.15,7.0,7.05,654600
2005-08-03,6.75,7.43,6.75,7.15,194700
2005-08-04,7.35,8.14,7.35,7.7,756600
2005-08-05,7.7,7.8,7.5,7.76,94000
2005-08-08,7.7,7.7,7.05,7.12,135600
2005-08-09,7.1,7.11,6.66,6.89,144200
2005-08-10,6.83,7.18,6.8,6.96,83800
2005-08-11,6.96,7.27,6.94,7.1,76600
2005-08-12,7.05,7.05,6.84,6.99,61800
2005-08-15,6.9,6.9,6.0,6.3,209700
2005-08-16,6.25,6.4,5.924,6.17,137700
2005-08-17,6.15,6.25,5.8,5.93,163900
2005-08-18,5.93,6.0,5.5,5.7,186800
2005-08-19,5.7,6.34,5.52,6.2,312100
2005-08-22,6.3,7.0,6.3,7.0,459800
2005-08-23,7.05,7.4,7.05,7.21,254900
2005-08-24,7.22,7.22,6.54,6.65,247500
2005-08-25,6.6,6.75,6.51,6.74,84200
2005-08-26,6.73,6.73,6.3,6.57,116600
2005-08-29,6.47,6.68,6.11,6.45,132500
2005-08-30,6.31,6.53,6.2,6.42,91400
2005-08-31,6.32,6.69,6.21,6.64,92900
2005-09-01,6.75,6.98,6.6,6.85,105800
2005-09-02,6.8,6.8,6.4,6.51,80300
2005-09-06,6.5,6.5,6.23,6.38,64900
2005-09-07,6.4,6.51,6.39,6.47,69100
2005-09-08,6.42,6.51,6.41,6.5,28400
2005-09-09,6.51,6.65,6.41,6.59,72700
2005-09-12,6.65,6.69,6.574,6.65,44600
2005-09-13,6.65,6.65,6.56,6.61,34400
2005-09-14,6.55,6.59,6.12,6.25,105800
2005-09-15,6.25,6.48,6.21,6.48,49100
2005-09-16,6.45,6.45,6.15,6.34,61900
2005-09-19,6.39,6.39,6.05,6.1,73900
2005-09-20,6.05,6.34,6.05,6.14,48200
2005-09-21,6.18,6.18,6.0,6.12,72700
2005-09-22,6.0,6.1,5.75,6.03,65800
2005-09-23,6.03,6.18,5.85,6.18,54200
2005-09-26,6.19,6.33,5.97,6.1,30900
2005-09-27,6.02,6.09,5.9,5.98,26400
2005-09-28,5.93,5.97,5.55,5.69,94300
2005-09-29,5.66,5.69,5.53,5.58,50700
2005-09-30,5.4,5.75,5.25,5.67,37900
2005-10-03,5.67,5.67,5.28,5.44,66500
2005-10-04,5.4,5.4,4.99,5.2,141500
2005-10-05,5.1,5.1,4.6,4.84,148700
2005-10-06,4.8,4.91,4.7,4.7701,57900
2005-10-07,4.84,4.94,4.7,4.94,66700
2005-10-10,4.9,4.96,4.9,4.95,12900
2005-10-11,4.9,4.94,4.82,4.9,13300
2005-10-12,4.8,4.81,4.67,4.7499,28000
2005-10-13,4.65,4.65,4.3,4.5,70500
2005-10-14,4.45,4.46,4.21,4.4,51300
2005-10-17,4.39,4.39,4.2,4.27,46600
2005-10-18,4.27,4.67,4.24,4.63,79900
2005-10-19,4.63,4.73,4.54,4.67,50000
2005-10-20,4.67,4.7499,4.42,4.6,39200
2005-10-21,4.85,4.9,4.6,4.68,49800
2005-10-24,4.84,4.84,4.68,4.69,45300
2005-10-25,4.74,4.81,4.66,4.8,24800
2005-10-26,4.86,4.99,4.81,4.93,36600
2005-10-27,4.86,5.0,4.85,4.96,24500
2005-10-28,4.93,4.93,4.7,4.73,18800
2005-10-31,4.73,4.73,4.42,4.45,65100
2005-11-01,4.45,4.97,4.45,4.88,34900
2005-11-02,4.98,5.61,4.97,5.51,95800
2005-11-03,6.99,6.99,5.8,6.72,442500
2005-11-04,6.8,7.25,6.53,7.0299,286800
2005-11-07,7.21,7.9,7.16,7.89,293400
2005-11-08,8.0,8.03,7.4,7.53,214700
2005-11-09,7.52,7.64,7.02,7.05,175600
2005-11-10,6.91,6.92,6.01,6.37,291300
2005-11-11,6.13,7.16,6.1,7.16,162900
2005-11-14,7.16,7.55,7.12,7.35,104100
2005-11-15,7.48,7.84,7.42,7.64,107100
2005-11-16,7.8,7.84,7.13,7.24,82700
2005-11-17,7.08,7.25,6.73,7.16,79400
2005-11-18,7.2,7.3,6.99,7.29,55700
2005-11-21,7.2,7.6,6.85,7.45,48600
2005-11-22,7.55,7.55,7.27,7.37,42900
2005-11-23,7.36,7.4,6.9,7.2,90800
2005-11-25,7.19,7.44,7.15,7.4,29700
2005-11-28,7.36,7.39,6.95,7.1,36900
2005-11-29,7.2,7.22,6.88,6.945,33900
2005-11-30,6.82,7.06,6.74,6.85,61400
2005-12-01,6.9,7.75,6.9,7.75,218800
2005-12-02,7.84,8.9,7.81,8.49,452600
2005-12-05,8.5,9.2,8.5,9.1,358900
2005-12-06,9.25,9.4,8.6,8.65,205200
2005-12-07,8.65,8.8,8.14,8.7,177300
2005-12-08,8.75,8.75,7.9,8.2,175700
2005-12-09,8.25,8.5,7.948,8.26,100400
2005-12-12,8.3,8.74,8.3,8.4099,97900
2005-12-13,8.22,8.65,8.03,8.58,103500
2005-12-14,8.75,8.75,8.13,8.15,99900
2005-12-15,8.2,8.49,7.4601,7.58,199700
2005-12-16,7.54,7.79,7.01,7.49,194100
2005-12-19,7.4,7.7,7.3,7.69,78500
2005-12-20,7.7,7.71,7.36,7.5,40900
2005-12-21,7.5,7.5,7.25,7.32,42400
2005-12-22,7.25,7.5,7.07,7.25,52000
2005-12-23,7.2,7.23,7.08,7.1,44000
2005-12-27,6.55,6.79,6.35,6.48,177700
2005-12-28,6.36,6.73,6.35,6.73,80800
2005-12-29,6.73,7.4,6.65,7.35,180600
2005-12-30,7.33,7.6899,7.33,7.65,115200
2006-01-03,7.95,7.98,7.25,7.459,89700
2006-01-04,7.35,7.68,7.08,7.68,122400
2006-01-05,7.53,7.6,7.4,7.53,67300
2006-01-06,7.6,7.6,7.35,7.45,51100
2006-01-09,7.45,8.0,7.35,7.54,105000
2006-01-10,7.8,7.95,7.6,7.87,69800
2006-01-11,7.98,8.1,7.75,7.76,73900
2006-01-12,7.9,8.0,7.7,7.86,33400
2006-01-13,7.95,8.0,7.7,7.7,39500
2006-01-17,7.5,7.58,7.01,7.25,92400
2006-01-18,7.15,7.36,7.07,7.16,30200
2006-01-19,7.2,7.3,6.8101,7.09,79100
2006-01-20,7.1,7.21,6.88,6.99,44500
2006-01-23,6.98,7.0,6.75,6.841,55200
2006-01-24,6.8,7.2,6.76,6.8,76600
2006-01-25,6.75,7.08,6.7,7.009,48000
2006-01-26,7.1,7.23,6.85,6.95,58400
2006-01-27,7.0,7.18,7.0,7.15,29600
2006-01-30,7.1,7.19,7.01,7.1,30000
2006-01-31,7.2,8.01,7.2,7.64,157000
2006-02-01,7.8,8.49,7.8,8.24,167400
2006-02-02,8.34,8.7,8.26,8.43,158000
2006-02-03,8.45,8.68,7.78,7.95,130500
2006-02-06,7.95,8.25,7.95,7.9932,31800
2006-02-07,8.0,8.05,7.73,7.97,59500
2006-02-08,8.0,8.08,7.6,7.78,37800
2006-02-09,8.03,8.03,7.82,7.86,25500
2006-02-10,7.88,8.1,7.6,7.8,33100
2006-02-13,7.641,7.7,7.25,7.38,84400
2006-02-14,7.27,7.44,7.27,7.35,48200
2006-02-15,7.37,7.69,7.25,7.64,23600
2006-02-16,7.75,7.85,7.25,7.62,72000
2006-02-17,7.62,7.62,7.3,7.41,29400
2006-02-21,7.58,7.58,7.31,7.4,29500
2006-02-22,7.4,7.53,7.324,7.45,22600
2006-02-23,7.48,7.94,7.41,7.79,42900
2006-02-24,7.94,8.14,7.85,7.91,29600
2006-02-27,8.05,8.14,8.012,8.1,25700
2006-02-28,8.14,8.14,7.71,7.96,24200
2006-03-01,7.86,8.04,7.78,8.0,26100
2006-03-02,8.1,8.99,8.07,8.73,181800
2006-03-03,8.75,8.92,8.6001,8.65,69900
2006-03-06,8.65,8.66,8.11,8.23,84600
2006-03-07,8.24,8.24,7.9,7.96,64400
2006-03-08,7.97,8.24,7.8,8.15,29300
2006-03-09,8.2,8.3,7.82,7.85,29700
2006-03-10,7.77,8.23,7.75,8.23,35200
2006-03-13,8.25,8.47,8.06,8.2,14700
2006-03-14,8.2,8.4,8.2,8.21,22800
2006-03-15,8.32,8.52,8.25,8.28,31700
2006-03-16,8.35,8.58,8.35,8.47,27800
2006-03-17,8.45,8.5,8.2,8.3,34600
2006-03-20,8.4,8.45,8.35,8.38,19900
2006-03-21,7.05,7.05,5.63,5.72,1055500
2006-03-22,5.8,5.9,5.6,5.65,189800
2006-03-23,5.67,5.8,5.61,5.73,107500
2006-03-24,5.8,5.8,5.66,5.69,91000
2006-03-27,5.7,5.7,5.2,5.2601,132000
2006-03-28,5.26,5.35,5.05,5.21,83500
2006-03-29,5.22,5.38,5.11,5.25,60800
2006-03-30,5.26,5.45,5.26,5.3999,61600
2006-03-31,5.48,5.65,5.41,5.6,49400
2006-04-03,5.63,5.82,5.6,5.7,82700
2006-04-04,5.83,5.9,5.61,5.9,85400
2006-04-05,5.97,5.97,5.61,5.82,63700
2006-04-06,5.82,5.84,5.61,5.76,35800
2006-04-07,5.73,5.73,5.5,5.55,21800
2006-04-10,5.51,5.59,5.3,5.47,54300
2006-04-11,5.47,5.49,5.38,5.43,34600
2006-04-12,5.5,5.7,5.37,5.6,22300
2006-04-13,5.65,5.65,5.58,5.6323,12600
2006-04-17,5.6,5.61,5.44,5.4999,17600
2006-04-18,5.5,5.58,5.4501,5.58,31900
2006-04-19,5.58,5.63,5.5,5.54,47700
2006-04-20,5.59,5.66,5.56,5.58,44600
2006-04-21,5.6,5.62,5.47,5.54,43700
2006-04-24,5.5,5.54,5.45,5.45,19200
2006-04-25,5.4,5.4,5.21,5.33,41300
2006-04-26,5.4,5.41,5.31,5.4001,40900
2006-04-27,5.46,5.46,5.34,5.35,22200
2006-04-28,5.34,5.45,5.29,5.39,12500
2006-05-01,5.38,5.45,5.21,5.25,35500
2006-05-02,5.21,5.21,5.02,5.13,80700
2006-05-03,5.06,5.34,5.03,5.34,24400
2006-05-04,5.35,7.32,5.3,7.29,861200
2006-05-05,7.41,7.9,7.04,7.35,293500
2006-05-08,7.35,7.35,6.85,6.87,158900
2006-05-09,6.9,7.8,6.88,7.65,112400
2006-05-10,7.8,7.8,7.25,7.45,75700
2006-05-11,7.38,7.4,7.06,7.21,44600
2006-05-12,7.1,7.1,6.68,6.84,81200
2006-05-15,6.76,7.09,6.45,6.45,58000
2006-05-16,6.55,7.0,6.55,6.9,54800
2006-05-17,6.8,6.8,6.59,6.71,26500
2006-05-18,6.8,6.85,6.58,6.62,13000
2006-05-19,6.7,6.75,6.35,6.36,32300
2006-05-22,6.3,6.39,5.76,6.31,78400
2006-05-23,6.3,6.5,6.11,6.11,27700
2006-05-24,6.1,6.1,5.81,6.0,78800
2006-05-25,5.99,6.08,5.8,6.02,24000
2006-05-26,6.02,6.49,6.02,6.26,27600
2006-05-30,6.35,6.35,5.89,6.18,31400
2006-05-31,6.1,6.27,6.0,6.27,18400
2006-06-01,6.1,6.43,6.1,6.25,24100
2006-06-02,6.26,6.34,6.2,6.29,17500
2006-06-05,6.3,6.3301,6.2,6.25,17800
2006-06-06,6.2,6.25,6.1,6.17,7800
2006-06-07,6.25,6.4,6.15,6.18,26400
2006-06-08,6.13,6.26,6.08,6.15,32200
2006-06-09,6.05,6.2624,6.01,6.21,21800
2006-06-12,6.16,6.16,6.03,6.05,16400
2006-06-13,6.01,6.12,5.98,5.98,28100
2006-06-14,5.93,5.97,5.75,5.84,59900
2006-06-15,5.91,6.1,5.83,6.0,10000
2006-06-16,6.15,6.15,5.96,6.04,5600
2006-06-19,5.9,6.05,5.88,5.9,7000
2006-06-20,5.9,5.95,5.83,5.9499,11700
2006-06-21,5.94,6.05,5.89,5.92,14800
2006-06-22,5.89,5.93,5.52,5.63,98100
2006-06-23,5.55,5.87,5.55,5.87,39400
2006-06-26,5.86,6.04,5.76,6.03,11500
2006-06-27,6.01,6.01,5.85,5.95,15600
2006-06-28,5.97,5.97,5.78,5.78,22900
2006-06-29,5.8,5.93,5.8,5.93,9700
2006-06-30,6.01,6.04,5.94,5.94,15000
2006-07-03,5.97,6.5,5.97,6.48,38800
2006-07-05,6.48,6.54,6.37,6.44,56500
2006-07-06,6.36,6.37,6.14,6.16,10900
2006-07-07,6.15,6.35,6.14,6.35,9100
2006-07-10,6.4,6.5,5.96,5.99,25100
2006-07-11,6.0,6.0999,5.77,5.86,44500
2006-07-12,5.9,5.91,5.75,5.779,30000
2006-07-13,5.65,5.8,5.56,5.63,25700
2006-07-14,5.61,5.85,5.6,5.65,19800
2006-07-17,5.75,6.0,5.66,6.0,28500
2006-07-18,5.9,6.1899,5.87,5.95,26100
2006-07-19,5.85,6.05,5.68,5.7,38000
2006-07-20,5.69,5.82,5.6,5.67,28000
2006-07-21,5.6,5.6,5.3,5.48,37200
2006-07-24,5.43,5.43,5.36,5.43,7400
2006-07-25,5.35,5.7,5.25,5.7,38100
2006-07-26,5.7,5.9476,5.6,5.89,14300
2006-07-27,5.7,5.93,5.7,5.8,12800
2006-07-28,5.75,5.92,5.62,5.9,21100
2006-07-31,5.89,5.9299,5.76,5.89,20700
2006-08-01,5.8,5.8,5.4,5.66,47000
2006-08-02,5.7,5.8,5.57,5.73,36700
2006-08-03,5.83,5.93,5.64,5.82,31500
2006-08-04,5.86,5.89,5.61,5.69,11800
2006-08-07,5.66,5.82,5.62,5.7,26500
2006-08-08,5.7,5.88,5.65,5.8,14800
2006-08-09,5.76,5.81,5.61,5.63,21400
2006-08-10,6.2,6.5,5.9,5.98,256200
2006-08-11,6.05,6.05,5.73,5.8,36400
2006-08-14,5.87,5.9,5.76,5.9,43700
2006-08-15,5.75,5.9,5.75,5.8,27300
2006-08-16,5.77,5.97,5.77,5.95,28400
2006-08-17,5.96,6.03,5.9,6.03,52100
2006-08-18,6.05,6.35,6.04,6.35,80400
2006-08-21,6.4,6.58,6.3001,6.32,47900
2006-08-22,6.3,6.41,6.3,6.35,15200
2006-08-23,6.4,6.4,6.21,6.21,10400
2006-08-24,6.2,6.2,6.0,6.15,35600
2006-08-25,6.06,6.25,6.06,6.24,16100
2006-08-28,6.25,6.45,6.22,6.36,27300
2006-08-29,6.3,6.38,6.06,6.23,28200
2006-08-30,6.18,6.34,6.17,6.22,15800
2006-08-31,6.26,6.37,6.22,6.3,26300
2006-09-01,6.31,6.37,6.2,6.2,43300
2006-09-05,6.11,6.46,6.11,6.36,35400
2006-09-06,6.35,6.3624,6.26,6.32,13200
2006-09-07,6.31,6.3224,6.26,6.31,13400
2006-09-08,6.26,6.28,6.2,6.28,8100
2006-09-11,6.2299,6.28,6.13,6.15,9000
2006-09-12,6.2,6.25,6.1706,6.2,10000
2006-09-13,6.18,6.22,6.1212,6.15,19900
2006-09-14,6.14,6.39,6.14,6.39,10600
2006-09-15,6.19,6.39,6.16,6.35,22900
2006-09-18,6.35,6.45,6.26,6.26,18800
2006-09-19,6.34,6.34,6.27,6.3,10000
2006-09-20,6.29,6.4,6.2,6.4,18800
2006-09-21,6.45,6.73,6.41,6.73,61300
2006-09-22,6.75,6.75,6.61,6.71,20500
2006-09-25,6.75,6.75,6.62,6.72,26200
2006-09-26,6.71,6.75,6.61,6.75,6100
2006-09-27,6.75,6.85,6.71,6.8,21700
2006-09-28,6.85,7.1,6.8,7.03,36700
2006-09-29,7.1,7.1,6.89,6.9,17600
2006-10-02,7.0,7.1,6.95,6.96,13300
2006-10-03,6.8,7.0,6.8,6.9163,13500
2006-10-04,6.82,6.82,6.68,6.69,18600
2006-10-05,6.6,6.74,6.59,6.66,13700
2006-10-06,6.68,6.85,6.68,6.79,2100
2006-10-09,6.85,6.9,6.85,6.9,30500
2006-10-10,6.85,7.1,6.85,7.08,18800
2006-10-11,7.08,7.44,6.95,7.23,54800
2006-10-12,7.15,7.32,7.15,7.29,6100
2006-10-13,7.26,7.5,7.26,7.49,20500
2006-10-16,7.5,7.5,7.0,7.25,40100
2006-10-17,7.35,7.68,7.3184,7.5899,38700
2006-10-18,7.65,7.85,7.3,7.3601,95500
2006-10-19,7.44,7.5,7.3,7.3888,12400
2006-10-20,7.48,7.5,7.32,7.43,13200
2006-10-23,7.45,7.62,7.45,7.6,12800
2006-10-24,7.65,7.65,7.41,7.47,11300
2006-10-25,7.45,7.59,7.16,7.2701,32100
2006-10-26,7.22,7.26,7.15,7.1801,27400
2006-10-27,7.21,7.29,7.15,7.25,9800
2006-10-30,7.2,7.49,7.2,7.4799,18800
2006-10-31,7.39,7.4,7.28,7.4,9200
2006-11-01,7.39,7.39,7.32,7.3301,3800
2006-11-02,7.35,7.35,7.25,7.27,7100
2006-11-03,7.2,7.3,7.2,7.21,6800
2006-11-06,7.14,7.15,6.99,7.0796,27500
2006-11-07,6.97,7.05,6.86,6.95,24500
2006-11-08,7.49,8.47,7.42,8.47,558200
2006-11-09,8.6,8.6,8.08,8.45,184300
2006-11-10,8.5,8.81,8.46,8.6999,172500
2006-11-13,8.76,9.29,8.71,9.09,266900
2006-11-14,9.1,9.19,8.75,9.06,87500
2006-11-15,9.14,9.19,8.91,9.14,58100
2006-11-16,8.95,9.2,8.91,8.95,42000
2006-11-17,8.83,8.85,8.7,8.85,35800
2006-11-20,8.7,8.85,8.7,8.85,39200
2006-11-21,8.9,9.48,8.74,9.43,130700
2006-11-22,9.65,9.98,9.55,9.82,219400
2006-11-24,10.0,10.23,9.85,10.06,142000
2006-11-27,10.21,10.5981,9.55,9.6601,238000
2006-11-28,9.56,9.9,9.31,9.84,94200
2006-11-29,9.95,10.28,9.85,10.01,76000
2006-11-30,10.26,10.7,10.02,10.66,122800
2006-12-01,10.54,11.22,10.2,10.68,234300
2006-12-04,10.73,11.19,10.7,10.7999,287700
2006-12-05,10.8,10.84,10.41,10.48,90700
2006-12-06,10.3,10.5399,10.16,10.219,93600
2006-12-07,10.26,10.69,10.111,10.14,103700
2006-12-08,10.25,10.31,10.05,10.16,39500
2006-12-11,10.29,10.89,10.2,10.3801,169800
2006-12-12,10.39,10.7,10.2,10.31,97700
2006-12-13,10.35,10.43,9.66,9.9,161700
2006-12-14,9.9,9.9899,9.3,9.55,167300
2006-12-15,9.45,9.57,8.76,9.11,215200
2006-12-18,9.12,9.7,9.05,9.1,117400
2006-12-19,8.95,9.55,8.9,9.16,75100
2006-12-20,9.25,9.45,9.2,9.25,25700
2006-12-21,9.25,9.36,9.01,9.15,30100
2006-12-22,9.14,9.15,8.85,9.01,33700
2006-12-26,8.92,9.05,8.91,8.96,21200
2006-12-27,8.98,9.7,8.5,9.53,166800
2006-12-28,9.9,10.0,9.65,9.85,90300
2006-12-29,9.75,9.9,9.65,9.65,31400
2007-01-03,9.7,9.95,8.88,9.34,163700
2007-01-04,9.4,9.4,8.75,8.9101,91100
2007-01-05,8.8,9.2,8.65,9.1,122800
2007-01-08,9.75,9.91,9.15,9.18,95000
2007-01-09,9.32,9.4199,9.0,9.06,36100
2007-01-10,9.01,9.15,8.8,9.15,68200
2007-01-11,9.15,9.43,9.01,9.34,88600
2007-01-12,9.34,9.55,9.34,9.37,41700
2007-01-16,9.38,9.55,9.3,9.5096,52100
2007-01-17,9.65,10.35,9.59,9.9658,173200
2007-01-18,9.98,10.2,9.6,9.7,84200
2007-01-19,9.6,9.62,9.05,9.44,93800
2007-01-22,9.44,9.75,9.0,9.04,78200
2007-01-23,9.04,9.2,8.851,9.15,84200
2007-01-24,9.16,9.16,8.98,8.98,25000
2007-01-25,9.03,9.35,8.9625,9.2922,40400
2007-01-26,9.45,9.45,8.98,9.19,53000
2007-01-29,9.14,9.44,8.76,9.0,83200
2007-01-30,8.92,9.0,8.55,8.69,121300
2007-01-31,8.85,9.0,8.6001,8.77,75500
2007-02-01,8.71,8.99,8.6,8.75,43100
2007-02-02,8.68,8.8,8.55,8.7,49800
2007-02-05,8.55,8.7,8.55,8.65,42300
2007-02-06,8.55,8.9,8.5101,8.85,53500
2007-02-07,8.9,8.9,8.64,8.68,49600
2007-02-08,8.69,8.69,7.82,7.88,167900
2007-02-09,7.94,8.35,7.94,8.1601,71300
2007-02-12,8.16,8.25,7.57,8.0356,87200
2007-02-13,8.05,8.3,8.0496,8.2,61800
2007-02-14,8.23,8.31,8.22,8.29,59800
2007-02-15,8.26,8.42,8.17,8.31,42300
2007-02-16,8.0,8.6,8.0,8.57,64300
2007-02-20,8.58,8.8,8.51,8.51,47800
2007-02-21,8.45,8.6,8.45,8.59,19200
2007-02-22,8.65,8.74,8.5,8.5495,21600
2007-02-23,8.5301,8.62,8.5,8.5899,14100
2007-02-26,8.51,8.57,8.2,8.34,36100
2007-02-27,8.21,8.3,7.8,7.94,105600
2007-02-28,8.0,8.0,7.29,7.5,66600
2007-03-01,7.45,7.95,7.05,7.7,132300
2007-03-02,7.69,7.85,7.6499,7.81,31100
2007-03-05,7.7382,7.8,7.5,7.51,40000
2007-03-06,7.5,7.75,7.5,7.74,22000
2007-03-07,7.71,7.83,7.7,7.75,22300
2007-03-08,7.75,7.79,7.71,7.74,41800
2007-03-09,7.77,8.05,7.75,7.93,40800
2007-03-12,7.989,9.0,7.989,8.3701,106300
2007-03-13,8.38,8.64,8.38,8.4,29700
2007-03-14,8.5,8.5,8.21,8.26,14200
2007-03-15,8.49,9.49,7.35,7.8,237600
2007-03-16,7.8,7.98,7.55,7.73,36200
2007-03-19,7.71,7.7589,7.55,7.55,35100
2007-03-20,7.5,7.64,7.08,7.3,65900
2007-03-21,7.22,7.57,7.22,7.45,54400
2007-03-22,7.55,7.75,7.5,7.7498,26500
2007-03-23,7.75,7.8099,7.5,7.76,46100
2007-03-26,7.76,7.9,7.74,7.9,43500
2007-03-27,7.95,7.98,7.94,7.9502,44800
2007-03-28,7.98,7.98,7.85,7.85,27000
2007-03-29,7.95,7.95,7.65,7.79,11300
2007-03-30,7.8,7.85,7.67,7.85,14800
2007-04-02,7.85,7.9669,7.75,7.8201,68900
2007-04-03,7.82,7.94,7.35,7.35,92900
2007-04-04,7.4,7.5,7.27,7.37,44800
2007-04-05,7.34,7.5468,7.31,7.41,43600
2007-04-09,7.4,7.62,7.4,7.41,46000
2007-04-10,7.4,7.51,7.28,7.28,27400
2007-04-11,7.34,7.44,7.02,7.02,92300
2007-04-12,7.08,7.3,6.85,7.3,62900
2007-04-13,7.37,7.48,7.3,7.36,32600
2007-04-16,7.44,7.9,7.44,7.87,51800
2007-04-17,7.82,8.2,7.8,8.13,52000
2007-04-18,8.19,8.19,7.96,7.97,17000
2007-04-19,7.96,8.3,7.95,8.28,22600
2007-04-20,8.33,8.48,8.25,8.37,67000
2007-04-23,8.39,8.4,8.21,8.22,15300
2007-04-24,8.22,8.41,8.05,8.06,34600
2007-04-25,8.18,8.18,8.04,8.05,20800
2007-04-26,8.1,8.29,8.1,8.26,24800
2007-04-27,8.3,8.36,8.27,8.3206,14900
2007-04-30,8.35,8.45,8.25,8.25,19600
2007-05-01,8.27,8.37,8.21,8.23,12900
2007-05-02,8.19,8.19,8.0,8.17,24500
2007-05-03,8.2,8.3,8.15,8.26,20300
2007-05-04,8.27,8.45,8.25,8.39,32900
2007-05-07,8.38,8.38,8.05,8.1742,19500
2007-05-08,8.15,8.3,8.05,8.26,13800
2007-05-09,8.29,8.31,8.15,8.22,17700
2007-05-10,8.15,8.15,7.05,7.15,287400
2007-05-11,7.11,7.3,7.1,7.21,31700
2007-05-14,7.32,7.32,7.05,7.06,24400
2007-05-15,7.05,7.13,7.04,7.1,33500
2007-05-16,7.06,7.23,7.05,7.17,14500
2007-05-17,7.1,7.4,7.1,7.35,17600
2007-05-18,7.3,7.35,7.08,7.11,27300
2007-05-21,7.05,7.15,7.05,7.11,17200
2007-05-22,7.05,7.24,7.05,7.24,13200
2007-05-23,7.23,7.28,7.2101,7.28,16900
2007-05-24,7.27,7.28,7.05,7.15,28500
2007-05-25,7.1,7.14,7.08,7.1,9600
2007-05-29,7.15,7.16,7.05,7.15,26400
2007-05-30,7.06,7.2,7.05,7.17,14100
2007-05-31,7.2,7.25,7.16,7.24,17900
2007-06-01,7.24,7.31,7.1601,7.22,46300
2007-06-04,7.2,7.22,7.16,7.22,12700
2007-06-05,7.22,7.31,7.18,7.25,28500
2007-06-06,7.19,7.31,7.19,7.25,14300
2007-06-07,7.21,7.35,7.2,7.23,13800
2007-06-08,7.25,7.29,7.05,7.11,28300
2007-06-11,7.07,7.15,7.06,7.08,14000
2007-06-12,7.06,7.19,7.05,7.05,54800
2007-06-13,7.15,7.16,7.0,7.06,38400
2007-06-14,7.07,7.18,7.0,7.05,31700
2007-06-15,7.02,7.1,6.88,6.98,70600
2007-06-18,7.0,7.05,6.56,6.97,108100
2007-06-19,6.88,7.05,6.8601,7.04,25000
2007-06-20,6.9,7.09,6.9,7.0,10900
2007-06-21,7.08,7.2,7.04,7.14,15500
2007-06-22,7.16,7.22,7.14,7.18,13800
2007-06-25,7.1,7.29,7.1,7.24,16300
2007-06-26,7.26,7.26,7.1,7.2,5900
2007-06-27,7.1,7.14,7.04,7.1,14300
2007-06-28,7.05,7.1,7.04,7.1,9600
2007-06-29,7.02,7.25,7.02,7.15,12600
2007-07-02,7.2,7.2,6.94,7.05,15600
2007-07-03,7.04,7.05,6.9,6.97,11200
2007-07-05,6.92,7.02,6.82,7.0,18700
2007-07-06,6.97,7.05,6.82,7.02,16700
2007-07-09,6.92,7.0,6.85,6.94,35200
2007-07-10,6.94,7.15,6.9,7.04,35900
2007-07-11,6.98,7.05,6.97,6.97,11100
2007-07-12,6.97,7.03,6.95,6.97,9900
2007-07-13,6.95,7.04,6.9,7.02,35500
2007-07-16,7.04,7.05,6.9,7.01,21500
2007-07-17,6.98,7.01,6.91,6.99,11500
2007-07-18,6.99,7.15,6.97,6.98,23100
2007-07-19,7.5,8.74,7.5,8.48,291800
2007-07-20,8.4,8.48,8.12,8.41,43900
2007-07-23,8.42,8.48,8.24,8.25,49500
2007-07-24,8.24,8.28,8.14,8.25,62300
2007-07-25,8.28,8.33,8.21,8.25,22400
2007-07-26,8.3299,8.3299,7.99,8.1,94000
2007-07-27,8.05,8.19,8.0101,8.02,19300
2007-07-30,8.04,8.1,7.95,8.05,12400
2007-07-31,8.02,8.1,8.0,8.0,8900
2007-08-01,7.9,7.96,7.3,7.46,19700
2007-08-02,7.4,7.56,7.4,7.52,13400
2007-08-03,7.45,7.53,7.3,7.42,13200
2007-08-06,7.41,7.61,7.41,7.47,17500
2007-08-07,7.43,7.49,7.37,7.45,3900
2007-08-08,7.35,7.62,7.27,7.54,15200
2007-08-09,7.5,7.5299,7.25,7.25,14900
2007-08-10,7.29,7.29,7.0,7.1,92100
2007-08-13,7.14,7.3,7.1,7.11,32900
2007-08-14,7.2,7.25,7.15,7.25,7400
2007-08-15,7.1,7.25,7.07,7.25,16200
2007-08-16,7.09,7.11,6.7,6.85,31900
2007-08-17,7.2501,7.2501,6.7001,6.74,36700
2007-08-20,6.84,6.94,6.78,6.8,14300
2007-08-21,6.8,7.09,6.8,7.04,11700
2007-08-22,7.09,7.1,6.95,6.96,4900
2007-08-23,6.93,7.1,6.92,7.0,20100
2007-08-24,7.01,7.1,6.97,7.0,14500
2007-08-27,6.97,7.07,6.95,7.05,5400
2007-08-28,7.05,7.17,6.98,6.98,10300
2007-08-29,6.92,6.93,6.91,6.91,5600
2007-08-30,6.82,6.9,6.79,6.9,18900
2007-08-31,6.85,6.9,6.83,6.89,4000
2007-09-04,6.9,7.1,6.9,7.07,15200
2007-09-05,7.1,7.17,6.92,7.054,6000
2007-09-06,7.0,7.05,6.97,7.04,4300
2007-09-07,6.9,7.03,6.9,7.02,3200
2007-09-10,7.04,7.13,7.04,7.11,3300
2007-09-11,7.05,7.11,7.0,7.11,16500
2007-09-12,7.08,7.13,7.08,7.1,3400
2007-09-13,7.06,7.12,7.05,7.09,8300
2007-09-14,7.1,7.17,7.05,7.17,13900
2007-09-17,7.12,7.17,7.12,7.17,16400
2007-09-18,7.15,7.2,7.15,7.2,5500
2007-09-19,7.15,7.24,7.15,7.2,4700
2007-09-20,7.2,7.25,7.2,7.24,6700
2007-09-21,7.28,7.325,7.2,7.3,4600
2007-09-24,7.3,7.37,7.25,7.26,7200
2007-09-25,7.26,7.26,7.21,7.2124,10100
2007-09-26,7.25,7.56,7.2,7.56,19600
2007-09-27,7.56,7.61,7.56,7.61,2800
2007-09-28,7.63,7.68,7.63,7.65,3000
2007-10-01,7.6,7.71,7.21,7.24,9300
2007-10-02,7.21,7.4699,7.21,7.4,7000
2007-10-03,7.3,7.33,7.3,7.31,11400
2007-10-04,7.31,7.31,7.21,7.25,25100
2007-10-05,7.25,7.41,7.21,7.36,8700
2007-10-08,7.25,7.52,7.25,7.45,5200
2007-10-09,7.45,7.55,7.45,7.46,7800
2007-10-10,7.45,7.65,7.45,7.5,9100
2007-10-11,7.52,7.52,7.45,7.52,7400
2007-10-12,7.5,7.55,7.47,7.5,5700
2007-10-15,7.53,7.55,7.45,7.5,18800
2007-10-16,7.45,7.5,7.4,7.45,22100
2007-10-17,7.5,7.6,7.5,7.52,18200
2007-10-18,7.53,7.62,7.45,7.55,10000
2007-10-19,7.57,7.57,7.36,7.42,12900
2007-10-22,7.4,7.4999,7.4,7.45,8500
2007-10-23,7.45,7.48,7.42,7.45,4000
2007-10-24,7.1,7.36,7.1,7.32,7500
2007-10-25,7.35,7.38,7.3,7.38,1400
2007-10-26,7.35,7.43,7.3,7.35,3700
2007-10-29,7.4,7.45,7.3501,7.4499,4200
2007-10-30,7.35,7.65,7.3,7.38,6500
2007-10-31,7.4,7.48,7.34,7.34,14600
2007-11-01,7.35,7.5,7.35,7.35,4500
2007-11-02,7.35,7.42,7.21,7.35,15600
2007-11-05,7.27,7.42,7.17,7.3,10800
2007-11-06,7.27,7.3,6.98,7.01,47800
2007-11-07,7.0,7.1,6.99,7.1,7400
2007-11-08,7.1,7.15,6.85,6.85,113600
2007-11-09,7.0,7.09,6.95,7.03,14200
2007-11-12,7.03,7.08,6.96,7.01,4800
2007-11-13,6.85,6.95,6.8,6.89,16500
2007-11-14,6.82,7.0,6.75,6.91,18900
2007-11-15,7.0,7.01,6.955,6.99,3300
2007-11-16,7.0,7.01,6.8599,6.89,26600
2007-11-19,7.01,7.1,6.8,6.9001,26200
2007-11-20,7.0,7.35,6.85,7.1,27500
2007-11-21,7.05,7.24,7.0,7.18,5300
2007-11-23,7.14,7.1799,7.0501,7.14,1500
2007-11-26,7.14,7.14,7.0,7.1,9100
2007-11-27,7.03,7.17,6.98,7.17,4800
2007-11-28,7.11,7.15,7.05,7.07,4400
2007-11-29,7.0,7.1,7.0,7.09,4300
2007-11-30,7.11,7.2,7.0501,7.07,1000
2007-12-03,7.0,7.15,7.0,7.14,12500
2007-12-04,7.21,7.22,7.0301,7.05,3900
2007-12-05,7.02,7.19,7.01,7.19,1000
2007-12-06,7.05,7.16,7.02,7.02,5700
2007-12-07,7.05,7.11,7.03,7.06,3700
2007-12-10,7.03,7.09,7.01,7.04,3800
2007-12-11,7.05,7.1,7.0,7.05,9400
2007-12-12,7.05,7.1,6.87,7.05,8400
2007-12-13,7.0,7.06,7.0,7.05,3900
2007-12-14,6.96,7.1,6.96,7.05,11900
2007-12-17,7.08,7.09,7.0,7.02,9800
2007-12-18,7.01,7.15,7.0,7.05,18800
2007-12-19,7.05,7.12,6.95,7.1,9500
2007-12-20,7.02,7.1,7.02,7.05,3000
2007-12-21,7.0,7.07,6.95,6.95,16700
2007-12-24,7.0,7.1,6.9,7.09,2600
2007-12-26,7.0,7.21,6.96,7.05,13600
2007-12-27,7.0,7.15,7.0,7.11,4200
2007-12-28,7.05,7.2,6.99,7.06,18100
2007-12-31,7.0,7.07,7.0,7.06,13700
2008-01-02,7.0,7.15,7.0,7.1,6700
2008-01-03,7.05,7.15,7.05,7.1,7900
2008-01-04,7.24,7.24,7.05,7.0501,23900
2008-01-07,7.02,7.25,7.0,7.25,8300
2008-01-08,7.22,7.25,7.1,7.19,11400
2008-01-09,7.18,7.2,7.1,7.2,7400
2008-01-10,7.24,7.24,7.1,7.1,2300
2008-01-11,7.15,7.19,7.1,7.1,4600
2008-01-14,7.11,7.13,7.1,7.1,15800
2008-01-15,7.1,7.15,7.1,7.1,26300
2008-01-16,7.1,7.2,7.1,7.2,12100
2008-01-17,7.2,7.2,7.1,7.19,6300
2008-01-18,7.06,7.2,7.06,7.15,8400
2008-01-22,6.97,7.02,6.79,7.02,11300
2008-01-23,7.0,7.1,6.85,7.0,17000
2008-01-24,7.1,7.1,6.95,6.984,12200
2008-01-25,7.02,7.1,7.0,7.07,3500
2008-01-28,7.0,7.08,6.95,7.0012,5100
2008-01-29,6.97,7.1,6.92,7.1,18700
2008-01-30,7.11,7.2,7.0,7.2,6000
2008-01-31,7.16,7.2,7.05,7.07,6400
2008-02-01,7.01,7.13,7.0001,7.01,6300
2008-02-04,7.0,7.12,7.0,7.07,12200
2008-02-05,7.01,7.25,7.0,7.02,3500
2008-02-06,7.0,7.11,7.0,7.05,3600
2008-02-07,7.11,7.11,6.97,7.03,17000
2008-02-08,7.03,7.11,7.02,7.02,6500
2008-02-11,7.0,7.17,7.0,7.06,29800
2008-02-12,7.0,7.25,7.0,7.2,27300
2008-02-13,7.13,7.33,6.71,7.05,16800
2008-02-14,7.09,7.14,7.02,7.06,3800
2008-02-15,7.18,7.19,6.99,7.15,3000
2008-02-19,7.18,7.2,7.0001,7.15,4900
2008-02-20,7.03,7.2,7.03,7.18,5000
2008-02-21,7.05,7.05,7.05,7.05,600
2008-02-22,7.09,7.15,7.09,7.14,1800
2008-02-25,7.05,7.11,6.9,7.04,6100
2008-02-26,7.04,7.04,7.04,7.04,0
2008-02-27,6.92,6.96,6.9001,6.95,4900
2008-02-28,7.0,7.08,6.48,7.07,1300
2008-02-29,7.0001,7.1,7.0001,7.04,600
2008-03-03,7.15,7.74,7.0,7.7,21800
2008-03-04,7.78,7.9,7.0,7.48,6500
2008-03-05,7.2,7.5,7.05,7.5,3600
2008-03-06,7.3001,7.65,7.2,7.35,4100
2008-03-07,7.2,7.31,7.1,7.31,1100
2008-03-10,7.08,7.18,6.79,6.9,13300
2008-03-11,7.2,7.4,7.05,7.4,2800
2008-03-12,7.49,7.5,7.44,7.5,900
2008-03-13,7.25,7.3,7.05,7.2001,6300
2008-03-14,7.05,7.45,6.53,7.0,44300
2008-03-17,7.01,7.35,6.8,6.94,9800
2008-03-18,6.84,7.1,6.64,7.0001,22700
2008-03-19,7.05,7.23,7.0,7.0,12200
2008-03-20,7.05,7.15,7.0,7.1,1500
2008-03-24,7.05,7.2,7.0,7.05,6100
2008-03-25,7.05,7.24,7.05,7.24,300
2008-03-26,7.46,7.46,7.1,7.1,12300
2008-03-27,7.1,7.2,7.0,7.2,1200
2008-03-28,7.1,7.15,7.05,7.05,3800
2008-03-31,7.1,7.1,7.1,7.1,100
2008-04-01,7.07,7.2,7.05,7.15,1300
2008-04-02,6.94,7.1,6.91,7.05,4300
2008-04-03,7.05,7.15,7.05,7.05,13600
2008-04-04,6.85,7.06,6.85,7.0,1400
2008-04-07,7.0,7.08,6.85,6.85,1700
2008-04-08,6.91,7.08,6.91,7.05,3400
2008-04-09,7.0,7.07,7.0,7.05,2500
2008-04-10,7.05,7.08,7.05,7.05,2900
2008-04-11,7.05,7.08,7.05,7.05,8600
2008-04-14,7.05,7.1,7.05,7.05,8700
2008-04-15,7.1,7.1,6.75,6.92,54400
2008-04-16,6.95,7.08,6.95,6.95,20600
2008-04-17,6.9,7.05,6.9,7.0,4600
2008-04-18,6.95,7.05,6.9,7.0,19100
2008-04-21,6.9,7.05,6.9,7.05,7300
2008-04-22,6.99,7.08,6.99,7.08,1300
2008-04-23,7.03,7.12,7.03,7.12,1500
2008-04-24,7.05,7.1,7.05,7.1,1500
2008-04-25,7.05,7.15,7.05,7.05,1100
2008-04-28,7.0,7.0,6.59,6.99,8300
2008-04-29,7.0,7.26,7.0,7.26,8000
2008-04-30,7.0,7.0,6.85,6.9,6000
2008-05-01,6.82,6.96,6.55,6.96,3100
2008-05-02,6.95,7.2,6.95,7.18,4300
2008-05-05,7.01,7.01,6.9,6.95,2600
2008-05-06,7.0,7.23,7.0,7.2,1200
2008-05-07,7.2,7.2,7.0,7.0,900
2008-05-08,7.15,7.17,6.9,6.9,2800
2008-05-09,7.14,7.15,7.04,7.15,3000
2008-05-12,7.03,7.14,6.98,6.98,1900
2008-05-13,6.88,6.95,6.74,6.9,9800
2008-05-14,7.0,7.1,6.92,7.1,7800
2008-05-15,7.05,7.1,7.0,7.05,4900
2008-05-16,7.0,7.14,7.0,7.14,7700
2008-05-19,7.1,7.13,7.01,7.12,3500
2008-05-20,7.05,7.14,7.05,7.1,1500
2008-05-21,7.14,7.25,7.14,7.25,1500
2008-05-22,7.35,7.35,7.05,7.05,2900
2008-05-23,7.2,7.24,7.16,7.24,900
2008-05-27,7.06,7.24,7.05,7.24,13500
2008-05-28,7.32,7.35,7.32,7.35,900
2008-05-29,7.38,7.38,7.05,7.06,2400
2008-05-30,7.1,7.4,7.1,7.4,3500
2008-06-02,7.4,7.4,7.32,7.32,1100
2008-06-03,7.3201,7.36,7.06,7.34,5100
2008-06-04,7.4,7.4,7.1,7.22,2300
2008-06-05,7.2,7.35,7.1,7.11,800
2008-06-06,7.32,7.32,7.05,7.29,1600
2008-06-09,7.3,7.3,7.05,7.25,600
2008-06-10,7.29,7.29,7.07,7.25,500
2008-06-11,7.3,7.3,7.05,7.25,1200
2008-06-12,7.05,7.25,7.05,7.25,600
2008-06-13,7.25,7.25,7.24,7.25,300
2008-06-16,7.15,7.25,7.02,7.05,3100
2008-06-17,6.91,7.11,6.91,7.05,2200
2008-06-18,7.05,7.05,7.05,7.05,300
2008-06-19,6.86,7.17,6.86,7.05,2100
2008-06-20,7.05,7.09,6.8,6.8,1800
2008-06-23,6.9,7.0501,6.9,7.0501,8200
2008-06-24,7.05,7.06,7.05,7.06,1400
2008-06-25,7.05,7.05,7.05,7.05,3100
2008-06-26,7.1,7.15,7.05,7.05,5200
2008-06-27,7.05,7.1,7.05,7.1,600
2008-06-30,7.1,7.1,7.1,7.1,0
2008-07-01,7.05,7.15,7.05,7.05,41800
2008-07-02,7.05,7.07,7.05,7.07,900
2008-07-03,7.05,7.05,7.05,7.05,200
2008-07-07,6.9501,7.0534,6.9501,7.0534,1300
2008-07-08,7.05,7.06,6.89,7.0,2700
2008-07-09,7.05,7.07,7.05,7.05,5000
2008-07-10,7.05,7.14,7.05,7.14,400
2008-07-11,7.11,7.11,7.05,7.11,700
2008-07-14,7.0,7.07,7.0,7.05,3000
2008-07-15,7.05,7.09,7.05,7.09,6900
2008-07-16,7.05,7.05,7.05,7.05,3200
2008-07-17,7.07,7.09,7.0,7.09,41600
2008-07-18,6.9,7.05,6.9,7.05,400
2008-07-21,6.86,7.09,6.3,6.58,3700
2008-07-22,6.74,6.74,6.4,6.6,700
2008-07-23,6.5,6.8,6.5,6.8,4300
2008-07-24,6.75,6.75,6.69,6.69,200
2008-07-25,6.5,6.62,6.39,6.62,1100
2008-07-28,6.45,6.45,6.4,6.44,500
2008-07-29,6.4499,6.7,6.449,6.7,11300
2008-07-30,6.9,6.9,6.9,6.9,100
2008-07-31,6.71,6.9,6.71,6.9,700
2008-08-01,6.9,6.9,6.9,6.9,100
2008-08-04,6.89,7.0,6.89,7.0,4700
2008-08-05,6.7,6.7,5.5,6.1,13700
2008-08-06,7.33,7.35,6.41,7.234,45300
2008-08-07,7.15,7.23,7.01,7.07,2800
2008-08-08,7.23,7.24,7.05,7.16,3600
2008-08-11,7.1,7.15,7.1,7.11,2000
2008-08-12,7.05,7.2,7.05,7.2,1700
2008-08-13,7.12,7.12,7.1,7.1,400
2008-08-14,7.19,7.2,7.1,7.2,2400
2008-08-15,7.25,7.3,7.25,7.25,1600
2008-08-18,7.25,7.4,7.25,7.3,8800
2008-08-19,7.3,7.31,7.2,7.2,10200
2008-08-20,7.2001,7.25,7.05,7.05,2700
2008-08-21,7.05,7.05,7.05,7.05,700
2008-08-22,7.05,7.15,7.01,7.15,1100
2008-08-25,7.2201,7.2201,7.22,7.22,800
2008-08-26,7.1,7.3,7.1,7.3,3100
2008-08-27,7.3,7.49,7.3,7.49,10400
2008-08-28,7.3,7.4,7.25,7.25,800
2008-08-29,7.2,7.35,7.16,7.16,500
2008-09-02,7.3,7.3,7.09,7.15,2300
2008-09-03,7.09,7.25,7.09,7.25,600
2008-09-04,7.29,7.3,6.96,7.1,5500
2008-09-05,7.09,7.201,6.96,7.09,8100
2008-09-08,6.99,7.16,6.99,7.06,2900
2008-09-09,7.06,7.0625,7.06,7.06,1700
2008-09-10,7.06,7.1,7.06,7.07,2800
2008-09-11,7.05,7.0501,7.05,7.05,1100
2008-09-12,7.1,7.1,7.1,7.1,200
2008-09-15,7.0,7.05,6.8,7.0,4100
2008-09-16,7.0,7.25,6.95,6.95,2700
2008-09-17,6.77,6.773,6.75,6.75,1500
2008-09-18,6.75,6.85,6.75,6.75,7600
2008-09-19,6.85,7.0,6.85,6.906,500
2008-09-22,6.9001,6.9001,6.3,6.6,4600
2008-09-23,6.6,6.6,6.4,6.4,21000
2008-09-24,6.413,6.9,6.413,6.7,23000
2008-09-25,6.61,6.75,6.45,6.46,3200
2008-09-26,6.5568,6.5568,6.5,6.5,700
2008-09-29,6.3,6.3,6.0,6.0,12200
2008-09-30,5.9999,6.3,5.9,5.92,21800
2008-10-01,5.86,6.24,5.85,6.0,9900
2008-10-02,6.001,6.18,6.0,6.18,900
2008-10-03,6.1799,6.1799,6.1799,6.1799,100
2008-10-06,6.0018,6.0018,4.95,4.95,21100
2008-10-07,5.05,5.08,5.05,5.08,3000
2008-10-08,4.58,4.9,4.58,4.9,22900
2008-10-09,4.9,5.0701,4.9,5.07,2800
2008-10-10,4.58,4.95,4.58,4.8,9000
2008-10-13,5.02,5.08,4.7,4.7,26400
2008-10-14,5.12,5.12,4.75,4.78,18600
2008-10-15,4.78,4.8152,4.02,4.1485,37200
2008-10-16,3.86,3.9999,3.86,3.95,2000
2008-10-17,3.95,4.19,3.9,4.15,3700
2008-10-20,4.2,4.231,3.85,4.05,10500
2008-10-21,4.05,4.05,4.05,4.05,0
2008-10-22,4.05,4.05,4.05,4.05,0
2008-10-23,3.86,4.02,3.86,4.002,2900
2008-10-24,4.0,4.0,4.0,4.0,0
2008-10-27,3.9,4.0,3.85,4.0,1700
2008-10-28,3.85,3.8501,3.4172,3.4172,14000
2008-10-29,3.45,3.45,3.38,3.4,1900
2008-10-30,3.5,3.55,2.94,2.95,20300
2008-10-31,2.94,3.4,2.94,3.28,11200
2008-11-03,3.28,3.28,3.05,3.05,49000
2008-11-04,3.05,3.05,2.98,3.0,17000
2008-11-05,3.08,3.1,2.9,3.03,6600
2008-11-06,3.0,3.0,2.93,2.95,52300
2008-11-07,3.07,3.3,3.07,3.25,64300
2008-11-10,3.33,3.33,3.15,3.15,20500
2008-11-11,3.23,3.25,3.1,3.2,12100
2008-11-12,3.18,3.18,3.0,3.0501,14800
2008-11-13,3.05,3.1,3.0,3.1,27000
2008-11-14,2.83,3.0124,2.78,2.8,38400
2008-11-17,3.0,3.01,2.74,2.8,8100
2008-11-18,3.0,3.0,2.87,2.9701,5600
2008-11-19,2.91,2.91,2.48,2.57,5300
2008-11-20,2.584,2.75,2.55,2.55,8800
2008-11-21,2.72,2.7381,2.31,2.31,5600
2008-11-24,2.5,2.5,2.17,2.27,7700
2008-11-25,2.3,2.34,2.25,2.3399,6600
2008-11-26,2.2,2.4,2.15,2.21,5800
2008-11-28,2.3,2.44,2.3,2.44,1400
2008-12-01,2.5,2.58,2.5,2.53,6400
2008-12-02,2.42,2.53,2.4,2.53,1600
2008-12-03,2.44,2.44,2.33,2.4,4100
2008-12-04,2.43,2.43,2.13,2.25,7900
2008-12-05,2.25,2.3,2.15,2.15,4300
2008-12-08,2.28,2.3,2.15,2.15,6500
2008-12-09,2.16,2.2,2.1,2.1,9400
2008-12-10,2.1,2.18,2.05,2.06,13500
2008-12-11,2.125,2.3,2.125,2.2,35300
2008-12-12,2.25,2.3,2.1944,2.296,4600
2008-12-15,2.3,2.3001,2.25,2.3,3300
2008-12-16,2.21,2.3,2.2,2.3,2100
2008-12-17,2.22,2.32,2.13,2.23,6900
2008-12-18,2.3,2.3,2.2,2.3,6100
2008-12-19,2.29,2.29,2.2,2.2,2000
2008-12-22,2.29,2.35,2.2,2.33,6400
2008-12-23,2.22,2.3,2.15,2.3,5300
2008-12-24,2.35,2.45,2.34,2.4,9800
2008-12-26,2.45,2.5001,2.4,2.5,15000
2008-12-29,2.57,2.61,2.5,2.6,25700
2008-12-30,2.64,2.75,2.64,2.74,29900
2008-12-31,2.75,2.79,2.59,2.6,11700
2009-01-02,2.53,2.88,2.53,2.88,25600
2009-01-05,2.74,2.9,2.74,2.88,5600
2009-01-06,2.99,2.99,2.78,2.87,6500
2009-01-07,2.79,2.79,2.75,2.75,1900
2009-01-08,2.75,2.75,2.65,2.65,5100
2009-01-09,2.65,2.65,2.6,2.65,3600
2009-01-12,2.7,2.77,2.66,2.6899,2700
2009-01-13,2.63,2.63,2.58,2.61,1700
2009-01-14,2.66,2.66,2.66,2.66,1100
2009-01-15,2.6,2.6,2.39,2.5,3700
2009-01-16,2.67,2.67,2.4,2.4,1800
2009-01-20,2.51,2.51,2.25,2.35,3700
2009-01-21,2.3,2.3,2.15,2.15,5700
2009-01-22,2.15,2.15,2.1,2.1,2100
2009-01-23,2.1,2.12,2.0999,2.0999,5900
2009-01-26,2.15,2.1544,2.06,2.09,11800
2009-01-27,2.1,2.1,2.04,2.06,3200
2009-01-28,2.03,2.04,2.03,2.04,13400
2009-01-29,2.07,2.1695,2.07,2.12,3300
2009-01-30,2.17,2.17,2.09,2.09,4300
2009-02-02,2.13,2.15,2.09,2.103,12200
2009-02-03,2.1,2.15,2.09,2.1376,3900
2009-02-04,2.14,2.5,2.14,2.21,24300
2009-02-05,2.22,2.22,2.08,2.22,16800
2009-02-06,2.37,2.37,2.22,2.22,7200
2009-02-09,2.3,2.45,2.3,2.35,15100
2009-02-10,2.4,2.56,2.3,2.3,5900
2009-02-11,2.3,2.3,2.3,2.3,0
2009-02-12,2.23,2.23,2.08,2.08,7800
2009-02-13,2.09,2.09,2.06,2.06,200
2009-02-17,2.082,2.09,2.01,2.01,5300
2009-02-18,2.0,2.0,1.85,1.9,12900
2009-02-19,1.95,2.01,1.86,1.89,6100
2009-02-20,1.84,1.99,1.83,1.94,2200
2009-02-23,1.9,1.99,1.9,1.94,700
2009-02-24,1.89,1.9001,1.81,1.89,4600
2009-02-25,1.8894,1.9,1.52,1.53,14800
2009-02-26,1.65,1.79,1.65,1.75,2000
2009-02-27,1.85,1.85,1.553,1.65,133900
2009-03-02,1.6,1.6,1.35,1.35,4500
2009-03-03,1.5,1.5,1.35,1.37,7200
2009-03-04,1.37,1.37,1.3,1.3,2700
2009-03-05,1.38,1.41,1.38,1.41,500
2009-03-06,1.31,1.3887,1.26,1.28,3200
2009-03-09,1.25,1.3,1.24,1.3,600
2009-03-10,1.29,1.31,1.1899,1.1899,6200
2009-03-11,1.2,1.2,1.16,1.1899,900
2009-03-12,1.22,1.23,1.2,1.2,500
2009-03-13,1.33,1.45,1.25,1.45,3300
2009-03-16,1.6,1.78,1.6,1.61,6900
2009-03-17,1.65,1.7,1.6,1.6,8800
2009-03-18,1.65,1.65,1.55,1.6,1100
2009-03-19,1.65,1.67,1.63,1.67,19900
2009-03-20,1.63,1.65,1.56,1.56,21200
2009-03-23,1.6,1.6,1.57,1.58,13200
2009-03-24,1.75,1.75,1.51,1.58,8700
2009-03-25,1.58,1.58,1.45,1.5,3500
2009-03-26,1.55,1.55,1.45,1.5,3200
2009-03-27,1.5499,1.5499,1.45,1.45,2000
2009-03-30,1.6,1.6,1.4,1.44,7700
2009-03-31,1.44,1.45,1.4,1.4,13300
2009-04-01,1.4,1.45,1.35,1.37,7800
2009-04-02,1.48,2.0,1.4,1.54,331500
2009-04-03,1.6,1.6,1.47,1.55,90400
2009-04-06,1.5,1.5,1.4,1.49,23800
2009-04-07,1.5,1.5,1.43,1.43,13900
2009-04-08,1.43,1.43,1.3,1.3,49100
2009-04-09,1.42,1.57,1.35,1.5,96400
2009-04-13,1.64,1.65,1.5,1.51,66000
2009-04-14,1.55,1.57,1.51,1.54,42100
2009-04-15,1.53,1.57,1.52,1.57,19100
2009-04-16,1.57,1.62,1.56,1.6,42900
2009-04-17,1.62,1.7,1.62,1.69,48300
2009-04-20,1.7,1.77,1.69,1.76,27900
2009-04-21,1.7,1.76,1.7,1.72,50800
2009-04-22,1.75,1.76,1.7,1.7,19000
2009-04-23,1.72,1.75,1.7,1.7296,9700
2009-04-24,1.74,1.79,1.74,1.76,28800
2009-04-27,1.78,1.92,1.7602,1.78,36800
2009-04-28,1.84,1.95,1.79,1.95,22900
2009-04-29,1.98,2.27,1.88,2.24,44600
2009-04-30,2.33,2.5,2.27,2.4,49200
2009-05-01,2.5,2.59,2.48,2.55,37000
2009-05-04,2.7,2.76,2.15,2.5,56400
2009-05-05,2.45,2.5499,2.45,2.54,38600
2009-05-06,2.78,2.78,2.48,2.48,44200
2009-05-07,2.73,2.73,2.06,2.23,80000
2009-05-08,2.23,2.5435,2.23,2.48,21000
2009-05-11,2.4501,2.65,2.4,2.55,18100
2009-05-12,2.55,2.65,2.4999,2.53,10700
2009-05-13,2.5001,2.5001,2.19,2.45,49200
2009-05-14,2.41,2.46,2.4,2.4495,4700
2009-05-15,2.4,2.5,2.4,2.5,20500
2009-05-18,2.5,2.71,2.48,2.62,28700
2009-05-19,2.67,2.73,2.65,2.7,15700
2009-05-20,2.75,2.75,2.65,2.65,9600
2009-05-21,2.6,2.75,2.504,2.74,35100
2009-05-22,2.75,3.0,2.75,2.8,42300
2009-05-26,2.85,2.9,2.75,2.8,5700
2009-05-27,2.88,2.88,2.65,2.65,10800
2009-05-28,2.6,2.6001,2.52,2.5209,7000
2009-05-29,2.55,2.81,2.5,2.5736,18400
2009-06-01,2.6,2.6524,2.55,2.5751,5000
2009-06-02,2.57,2.57,2.51,2.54,16700
2009-06-03,2.52,2.59,2.52,2.55,5400
2009-06-04,2.6,2.6,2.52,2.52,6200
2009-06-05,2.55,2.64,2.54,2.5565,8200
2009-06-08,2.51,2.6,2.5,2.51,14700
2009-06-09,2.5,2.5,2.35,2.36,14700
2009-06-10,2.4,2.4,2.2,2.2,23000
2009-06-11,2.35,2.35,2.21,2.3,16900
2009-06-12,2.3,2.35,2.3,2.3,11300
2009-06-15,2.4,2.44,2.35,2.36,23400
2009-06-16,2.3708,2.46,2.36,2.41,11500
2009-06-17,2.4,2.5,2.3501,2.5,26800
2009-06-18,2.5,2.5001,2.5,2.5,2600
2009-06-19,2.43,2.62,2.43,2.5,4700
2009-06-22,2.57,2.57,2.4,2.4,10800
2009-06-23,2.33,2.365,2.2,2.3,6900
2009-06-24,2.25,2.3,2.25,2.3,15500
2009-06-25,2.35,2.4,2.35,2.4,1300
2009-06-26,2.4,2.4,2.4,2.4,1600
2009-06-29,2.4,2.4,2.21,2.21,11600
2009-06-30,2.25,2.3,2.21,2.24,14800
2009-07-01,2.26,2.26,2.22,2.22,4400
2009-07-02,2.22,2.22,2.22,2.22,0
2009-07-06,2.25,2.2615,2.22,2.25,11600
2009-07-07,2.25,2.35,2.25,2.3,12500
2009-07-08,2.26,2.3,2.25,2.25,6900
2009-07-09,2.25,2.34,2.25,2.27,12000
2009-07-10,2.16,2.27,2.16,2.18,13500
2009-07-13,2.25,2.26,2.2,2.26,17000
2009-07-14,2.3,2.3,2.2501,2.3,11800
2009-07-15,2.2501,2.3,2.25,2.3,13700
2009-07-16,2.4,2.7395,2.4,2.54,13700
2009-07-17,2.6,2.73,2.6,2.73,25100
2009-07-20,2.79,2.79,2.6,2.74,20800
2009-07-21,2.73,2.73,2.6,2.65,1100
2009-07-22,2.69,2.69,2.6,2.6,3300
2009-07-23,2.65,2.75,2.65,2.75,4400
2009-07-24,2.85,3.05,2.79,3.0,25600
2009-07-27,3.2,3.2,3.1271,3.1799,24400
2009-07-28,3.25,3.25,2.96,2.9999,30300
2009-07-29,2.96,2.96,2.75,2.84,29700
2009-07-30,2.84,3.05,2.84,3.05,15700
2009-07-31,3.0999,3.15,2.98,3.06,16900
2009-08-03,3.29,3.29,3.05,3.19,6700
2009-08-04,3.18,3.2051,3.13,3.19,8200
2009-08-05,3.17,3.38,3.1225,3.29,28500
2009-08-06,3.25,3.26,3.25,3.26,1100
2009-08-07,3.19,3.27,3.15,3.15,4500
2009-08-10,3.14,3.23,3.14,3.2,5100
2009-08-11,3.14,3.34,3.14,3.2,6600
2009-08-12,3.25,3.25,3.18,3.18,3500
2009-08-13,3.18,3.18,2.75,3.1,38600
2009-08-14,3.1,3.2,3.1,3.2,12400
2009-08-17,3.1,3.28,3.1,3.2,21600
2009-08-18,3.2499,3.25,3.15,3.15,800
2009-08-19,3.14,3.33,3.14,3.16,5100
2009-08-20,3.16,3.2,3.14,3.18,4300
2009-08-21,3.1839,3.29,3.18,3.18,3900
2009-08-24,3.37,3.37,3.15,3.25,10700
2009-08-25,3.3001,3.3799,3.3,3.3,17400
2009-08-26,3.3,3.35,3.3,3.31,5100
2009-08-27,3.25,3.3201,3.25,3.3201,3600
2009-08-28,3.37,3.47,3.35,3.47,9600
2009-08-31,3.8,3.8,3.47,3.75,15600
2009-09-01,3.78,3.88,3.34,3.7,25500
2009-09-02,3.6,3.78,3.3,3.75,23800
2009-09-03,3.7,3.7968,3.7,3.75,5600
2009-09-04,3.88,3.88,3.75,3.79,18100
2009-09-08,3.85,3.85,3.8,3.85,22800
2009-09-09,3.9,3.95,3.87,3.87,1300
2009-09-10,3.9199,3.92,3.42,3.55,14500
2009-09-11,3.5,3.5,3.3,3.38,13100
2009-09-14,3.08,3.72,3.08,3.68,16400
2009-09-15,3.69,3.95,3.64,3.84,6800
2009-09-16,4.19,4.19,3.46,3.5,40600
2009-09-17,3.52,3.6468,3.47,3.5,29300
2009-09-18,3.67,3.67,3.4,3.4,12100
2009-09-21,3.39,3.39,3.15,3.24,14300
2009-09-22,3.1,3.4599,3.1,3.4599,3000
2009-09-23,3.48,3.5299,3.37,3.4,1200
2009-09-24,3.38,3.38,3.28,3.2801,4600
2009-09-25,3.28,3.28,3.1,3.14,10100
2009-09-28,3.14,3.14,3.0,3.02,15000
2009-09-29,3.14,3.14,3.0,3.08,5600
2009-09-30,3.36,3.36,3.11,3.26,18300
2009-10-01,3.39,3.39,3.21,3.21,4800
2009-10-02,3.18,3.18,3.1268,3.1599,1800
2009-10-05,3.17,3.17,3.17,3.17,200
2009-10-06,3.14,3.2,3.08,3.11,5900
2009-10-07,2.94,3.1,2.94,3.1,2300
2009-10-08,3.15,3.18,3.15,3.18,19600
2009-10-09,3.15,3.15,3.05,3.05,21700
2009-10-12,3.03,3.1499,3.03,3.09,13200
2009-10-13,3.13,3.13,3.03,3.03,13700
2009-10-14,3.07,3.07,3.02,3.0683,2900
2009-10-15,3.0501,3.1,3.05,3.0999,3800
2009-10-16,3.1,3.1,3.05,3.05,4800
2009-10-19,3.08,3.08,2.99,3.05,6700
2009-10-20,3.02,3.0201,2.93,2.95,7200
2009-10-21,2.94,3.0101,2.89,2.9101,13100
2009-10-22,2.9001,2.9001,2.89,2.8932,2600
2009-10-23,2.89,2.92,2.87,2.87,11800
2009-10-26,2.92,2.98,2.92,2.94,2600
2009-10-27,2.92,2.939,2.89,2.89,2000
2009-10-28,2.88,2.88,2.77,2.77,4600
2009-10-29,2.77,2.95,2.77,2.95,4300
2009-10-30,2.87,2.87,2.8,2.81,1500
2009-11-02,2.79,2.91,2.77,2.91,5700
2009-11-03,2.9,3.11,2.9,3.11,9600
2009-11-04,3.1,3.1,2.98,2.98,2900
2009-11-05,2.98,2.98,2.98,2.98,0
2009-11-06,2.98,2.98,2.92,2.92,1300
2009-11-09,2.95,2.95,2.83,2.83,1800
2009-11-10,2.9399,3.0096,2.9399,2.94,3200
2009-11-11,2.97,3.16,2.97,3.1589,3000
2009-11-12,3.16,3.1745,3.16,3.17,11600
2009-11-13,3.09,3.09,3.05,3.05,17600
2009-11-16,3.05,3.05,2.85,2.9,10800
2009-11-17,2.95,2.95,2.78,2.8,11200
2009-11-18,2.75,2.94,2.75,2.78,16200
2009-11-19,2.82,2.89,2.77,2.7975,4500
2009-11-20,2.77,2.77,2.76,2.76,500
2009-11-23,2.85,2.94,2.75,2.75,13100
2009-11-24,2.82,2.9,2.77,2.85,6700
2009-11-25,2.89,2.89,2.82,2.82,300
2009-11-27,2.84,2.86,2.77,2.79,3400
2009-11-30,2.86,2.94,2.75,2.86,13200
2009-12-01,2.86,2.86,2.8,2.8,1000
2009-12-02,2.8,2.8,2.8,2.8,1800
2009-12-03,2.85,2.94,2.79,2.79,10100
2009-12-04,2.85,2.93,2.79,2.79,26800
2009-12-07,2.8,2.83,2.79,2.83,10500
2009-12-08,2.84,2.867,2.71,2.71,3400
2009-12-09,2.83,2.88,2.74,2.83,1800
2009-12-10,2.77,2.85,2.69,2.73,2200
2009-12-11,2.8,2.85,2.77,2.77,5100
2009-12-14,2.78,2.9001,2.7,2.74,9900
2009-12-15,2.71,2.71,2.71,2.71,500
2009-12-16,2.7899,2.7899,2.73,2.73,3600
2009-12-17,2.7001,2.73,2.7,2.73,1500
2009-12-18,2.73,2.75,2.71,2.71,2100
2009-12-21,2.74,2.7511,2.74,2.75,3200
2009-12-22,2.71,2.93,2.69,2.72,23900
2009-12-23,2.7399,2.8,2.7399,2.74,4900
2009-12-24,2.74,2.8199,2.74,2.8,3500
2009-12-28,2.85,2.93,2.85,2.86,23900
2009-12-29,2.92,2.9201,2.9,2.92,17600
2009-12-30,2.9,2.95,2.9,2.95,7700
2009-12-31,2.97,2.98,2.87,2.87,50000
2010-01-04,2.87,3.1,2.85,2.88,8500
2010-01-05,2.89,2.9772,2.875,2.95,9400
2010-01-06,2.97,3.05,2.85,2.86,12900
2010-01-07,2.9,3.0199,2.9,3.0,4000
2010-01-08,2.929,2.9301,2.929,2.93,2500
2010-01-11,2.86,3.05,2.86,3.01,12600
2010-01-12,3.0,3.037,3.0,3.0,3400
2010-01-13,3.0,3.05,3.0,3.0,8400
2010-01-14,3.04,3.05,3.0007,3.03,1500
2010-01-15,3.04,3.04,3.0,3.0,8200
2010-01-19,3.05,3.1,3.03,3.1,8100
2010-01-20,3.07,3.07,2.96,3.03,1500
2010-01-21,2.98,2.997,2.89,2.96,10900
2010-01-22,2.98,2.99,2.96,2.96,300
2010-01-25,3.02,3.02,2.97,2.97,3500
2010-01-26,2.97,2.97,2.97,2.97,0
2010-01-27,2.97,2.97,2.97,2.97,0
2010-01-28,2.99,2.99,2.97,2.9701,7800
2010-01-29,2.99,3.0,2.99,2.9901,21800
2010-02-01,3.0,3.0,2.92,3.0,3100
2010-02-02,3.06,3.08,3.0,3.0,45500
2010-02-03,3.0099,3.21,3.0,3.21,2100
2010-02-04,3.14,3.14,2.94,2.98,4300
2010-02-05,2.95,2.99,2.92,2.95,6400
2010-02-08,2.98,3.05,2.98,3.05,1700
2010-02-09,3.07,3.15,3.0,3.01,9300
2010-02-10,3.05,3.05,3.05,3.05,100
2010-02-11,3.07,3.07,2.96,2.96,17800
2010-02-12,2.92,3.0,2.92,2.96,4700
2010-02-16,3.005,3.03,2.955,2.99,800
2010-02-17,3.11,3.15,3.06,3.15,36000
2010-02-18,3.13,3.13,3.07,3.12,2500
2010-02-19,3.15,3.15,3.13,3.13,6600
2010-02-22,3.1801,3.2,3.15,3.15,2200
2010-02-23,3.21,3.22,3.1,3.117,7200
2010-02-24,3.1,3.13,3.07,3.07,4500
2010-02-25,3.05,3.05,2.9,2.912,13800
2010-02-26,2.96,3.1,2.93,2.93,4200
2010-03-01,3.0,3.17,3.0,3.17,3200
2010-03-02,3.13,3.22,3.13,3.22,11200
2010-03-03,3.22,3.22,3.07,3.22,8300
2010-03-04,3.2001,3.2025,3.2,3.2,2200
2010-03-05,3.22,3.52,3.2199,3.4201,17800
2010-03-08,3.4828,3.5,3.42,3.5,2900
2010-03-09,3.43,3.8,3.43,3.78,12500
2010-03-10,3.78,3.78,3.36,3.52,24100
2010-03-11,3.56,3.6,3.35,3.4,8700
2010-03-12,3.46,3.46,3.37,3.46,4000
2010-03-15,3.45,3.48,3.39,3.48,3100
2010-03-16,3.44,3.52,3.37,3.41,6600
2010-03-17,3.39,3.5,3.38,3.45,1900
2010-03-18,3.5,3.6,3.4701,3.5599,2700
2010-03-19,3.58,3.58,3.41,3.45,6100
2010-03-22,3.41,3.47,3.41,3.41,4800
2010-03-23,3.51,3.51,3.36,3.45,1800
2010-03-24,3.41,3.41,3.32,3.32,900
2010-03-25,3.38,3.4,3.25,3.25,7300
2010-03-26,3.27,3.56,3.25,3.27,6900
2010-03-29,3.33,3.3804,3.33,3.3804,5600
2010-03-30,3.4,3.54,3.4,3.505,5100
2010-03-31,3.5,3.5,3.32,3.33,5100
2010-04-01,3.4,3.54,3.4,3.5,4400
2010-04-05,3.5,3.5,3.44,3.46,8500
2010-04-06,3.4601,3.5,3.45,3.45,3700
2010-04-07,3.45,3.7,3.45,3.59,7100
2010-04-08,3.78,4.35,3.77,4.168,124900
2010-04-09,4.3,4.63,4.2,4.36,28200
2010-04-12,4.43,6.12,4.4,5.77,193700
2010-04-13,5.65,5.83,5.18,5.59,31600
2010-04-14,5.48,5.83,4.75,4.98,210400
2010-04-15,5.04,5.74,4.77,5.4,108000
2010-04-16,5.42,5.485,4.82,5.01,95300
2010-04-19,5.01,5.14,4.95,4.95,10100
2010-04-20,5.0,5.1599,4.96,5.104,15800
2010-04-21,4.98,5.08,4.98,5.02,1800
2010-04-22,5.0,5.1399,5.0,5.0201,2000
2010-04-23,5.05,5.77,5.05,5.56,80100
2010-04-26,5.63,5.7,5.11,5.2301,104800
2010-04-27,5.24,5.55,5.24,5.3599,47000
2010-04-28,5.38,5.54,5.31,5.468,26600
2010-04-29,5.76,5.76,5.22,5.3001,34000
2010-04-30,5.26,5.4,5.17,5.3,19200
2010-05-03,5.35,5.49,5.35,5.45,17100
2010-05-04,5.45,5.46,5.24,5.35,15800
2010-05-05,5.33,5.35,5.2,5.3,6700
2010-05-06,5.3,5.45,5.25,5.25,5900
2010-05-07,5.41,5.41,5.1,5.13,2300
2010-05-10,5.25,5.4273,5.245,5.4001,12800
2010-05-11,5.2501,5.56,5.2501,5.37,6800
2010-05-12,5.49,5.49,5.3,5.3,1400
2010-05-13,5.32,5.62,5.3,5.62,8800
2010-05-14,5.54,5.64,5.34,5.36,15200
2010-05-17,5.3,5.5,5.3,5.45,9300
2010-05-18,5.3701,5.38,5.37,5.37,1200
2010-05-19,5.3,5.3,5.1,5.15,6000
2010-05-20,5.02,5.06,4.9,5.0,4900
2010-05-21,4.97,5.25,4.97,5.17,10100
2010-05-24,5.1836,5.1836,5.01,5.1,14200
2010-05-25,5.09,5.1,4.91,4.91,2400
2010-05-26,5.04,5.1,4.96,5.05,3500
2010-05-27,5.06,5.2,5.06,5.2,8900
2010-05-28,5.1999,5.2,5.15,5.15,1500
2010-06-01,5.15,5.25,5.06,5.2,4900
2010-06-02,5.25,5.2501,5.12,5.25,6900
2010-06-03,5.25,5.4,5.25,5.4,4800
2010-06-04,5.43,5.43,5.178,5.26,5200
2010-06-07,5.2,5.2,5.14,5.16,5700
2010-06-08,5.1,5.125,5.06,5.06,5300
2010-06-09,5.17,5.17,5.08,5.1,1900
2010-06-10,5.1,5.1007,4.86,5.0,8400
2010-06-11,4.83,5.02,4.71,5.0,4900
2010-06-14,5.06,5.06,4.92,4.9715,7300
2010-06-15,4.955,5.1,4.95,5.1,11500
2010-06-16,5.23,5.23,5.12,5.14,15100
2010-06-17,5.15,5.2001,5.13,5.2,7500
2010-06-18,5.13,5.35,5.12,5.35,2700
2010-06-21,5.31,5.31,5.22,5.25,3300
2010-06-22,5.31,5.33,5.31,5.33,900
2010-06-23,5.31,5.59,5.29,5.46,4300
2010-06-24,5.5,5.5,5.38,5.4,7000
2010-06-25,5.4,5.4,5.3,5.39,7800
2010-06-28,5.35,5.35,5.35,5.35,2300
2010-06-29,5.35,5.35,5.15,5.15,10700
2010-06-30,5.31,5.54,5.2,5.45,3200
2010-07-01,5.42,5.42,4.9,5.0,17600
2010-07-02,5.0,5.0,4.95,4.98,1200
2010-07-06,4.91,4.91,4.86,4.9,2600
2010-07-07,4.995,5.15,4.95,5.15,2000
2010-07-08,5.0434,5.0434,5.0434,5.0434,500
2010-07-09,5.019,5.15,5.0,5.02,4700
2010-07-12,5.09,5.1,5.0,5.1,1400
2010-07-13,5.02,5.174,5.02,5.15,2100
2010-07-14,5.15,5.15,5.15,5.15,0
2010-07-15,5.0201,5.28,5.0201,5.25,1000
2010-07-16,5.2752,5.2752,5.25,5.25,5000
2010-07-19,5.27,5.27,5.0,5.1001,9500
2010-07-20,5.1,5.2001,5.1,5.18,17300
2010-07-21,5.13,5.13,5.1,5.1,1200
2010-07-22,5.1,5.22,5.09,5.15,8800
2010-07-23,5.15,5.24,5.15,5.15,6300
2010-07-26,5.15,5.45,5.1,5.45,14200
2010-07-27,5.98,5.98,5.3799,5.826,26000
2010-07-28,5.83,6.15,5.73,5.85,10000
2010-07-29,5.85,5.85,5.79,5.79,300
2010-07-30,5.66,5.66,5.61,5.61,600
2010-08-02,5.51,5.5334,5.22,5.3,13000
2010-08-03,5.28,5.3,5.25,5.3,1300
2010-08-04,5.3,5.3,4.98,5.18,8000
2010-08-05,5.2,5.3,5.14,5.3,4300
2010-08-06,5.23,5.23,5.23,5.23,100
2010-08-09,5.17,5.17,5.1,5.17,700
2010-08-10,5.1,5.1,5.01,5.07,5400
2010-08-11,5.07,5.07,4.84,4.9,7400
2010-08-12,4.9,4.9,4.9,4.9,0
2010-08-13,4.99,5.0,4.7701,5.0,500
2010-08-16,4.88,4.88,4.56,4.6699,8600
2010-08-17,4.65,4.65,4.4,4.48,16500
2010-08-18,4.51,4.84,4.51,4.55,7800
2010-08-19,4.51,4.51,4.22,4.4201,6200
2010-08-20,4.42,4.42,4.42,4.42,0
2010-08-23,4.36,4.36,4.2,4.36,1700
2010-08-24,4.36,4.36,4.36,4.36,0
2010-08-25,4.23,4.39,4.12,4.39,2300
2010-08-26,4.31,4.31,3.99,4.21,5100
2010-08-27,4.3,4.47,4.3,4.3001,7600
2010-08-30,4.34,4.85,4.3,4.7,4200
2010-08-31,4.68,4.69,4.49,4.69,1300
2010-09-01,4.78,4.78,4.51,4.53,2100
2010-09-02,4.49,4.49,4.4,4.41,1300
2010-09-03,4.33,4.43,4.24,4.34,2100
2010-09-07,4.46,4.5,4.35,4.35,1500
2010-09-08,4.3,4.7,4.27,4.5,11100
2010-09-09,4.48,4.5,4.44,4.5,9900
2010-09-10,4.5,4.5,4.35,4.35,1200
2010-09-13,4.25,4.41,4.25,4.41,1600
2010-09-14,4.377,4.4,4.35,4.4,400
2010-09-15,4.35,4.35,4.35,4.35,200
2010-09-16,4.4,4.58,4.4,4.53,9300
2010-09-17,4.46,4.46,4.35,4.46,2600
2010-09-20,4.38,4.38,4.38,4.38,400
2010-09-21,4.38,4.38,4.35,4.35,9300
2010-09-22,4.35,4.35,4.35,4.35,0
2010-09-23,4.35,4.35,4.35,4.35,0
2010-09-24,4.44,4.4499,4.35,4.36,2500
2010-09-27,4.39,4.45,4.3,4.3006,1100
2010-09-28,4.43,4.43,4.23,4.23,2400
2010-09-29,4.28,4.38,4.28,4.38,500
2010-09-30,4.44,4.44,4.4,4.4,200
2010-10-01,4.44,4.45,4.44,4.4401,1600
2010-10-04,4.45,4.652,4.44,4.652,12200
2010-10-05,4.62,4.83,4.62,4.83,4100
2010-10-06,4.96,5.24,4.75,5.2,7300
2010-10-07,5.22,5.5,5.22,5.5,4500
2010-10-08,5.26,5.26,5.25,5.26,400
2010-10-11,5.185,5.185,5.16,5.16,700
2010-10-12,5.39,5.39,5.2308,5.2308,1400
2010-10-13,5.2918,5.3,5.12,5.3,4500
2010-10-14,5.17,5.1713,5.06,5.06,1700
2010-10-15,5.2,5.21,5.1,5.1,2200
2010-10-18,5.1,5.46,4.94,5.3,6400
2010-10-19,5.34,5.5,5.34,5.49,1600
2010-10-20,5.48,5.49,5.24,5.3,2300
2010-10-21,5.33,5.33,5.17,5.205,1200
2010-10-22,5.05,5.1,4.97,5.1,700
2010-10-25,5.09,5.28,5.01,5.07,4300
2010-10-26,5.04,5.04,5.0,5.0,800
2010-10-27,4.97,5.02,4.94,4.956,5700
2010-10-28,4.96,4.96,4.71,4.73,5500
2010-10-29,4.73,4.73,4.73,4.73,0
2010-11-01,4.7,4.999,4.69,4.76,3100
2010-11-02,4.7999,4.7999,4.74,4.74,500
2010-11-03,4.81,4.81,4.8,4.8,600
2010-11-04,4.84,5.04,4.7508,5.04,4600
2010-11-05,5.04,5.38,5.04,5.38,11700
2010-11-08,5.5,5.5,5.4,5.4,4200
2010-11-09,5.5,5.5,5.2,5.2,5000
2010-11-10,5.2,5.2,5.2,5.2,0
2010-11-11,5.2301,5.2301,4.29,4.38,49600
2010-11-12,4.38,4.65,4.38,4.6499,5200
2010-11-15,4.72,4.73,4.6,4.6,3100
2010-11-16,4.59,4.59,4.45,4.45,5500
2010-11-17,4.57,4.57,4.52,4.52,1300
2010-11-18,4.65,4.69,4.63,4.64,1700
2010-11-19,4.64,4.72,4.64,4.72,2900
2010-11-22,4.81,5.0001,4.81,4.92,5000
2010-11-23,5.0,5.0899,4.91,4.91,900
2010-11-24,4.8192,4.99,4.81,4.99,4400
2010-11-26,5.0,5.16,5.0,5.13,2200
2010-11-29,5.12,5.12,5.12,5.12,500
2010-11-30,5.08,5.08,5.05,5.05,6700
2010-12-01,5.18,5.2,5.05,5.15,1900
2010-12-02,5.14,5.14,5.05,5.05,2300
2010-12-03,5.05,5.3,5.05,5.3,4100
2010-12-06,5.35,5.4399,5.24,5.4,7100
2010-12-07,5.31,5.31,5.11,5.11,1500
2010-12-08,5.2,5.24,5.2,5.2,1100
2010-12-09,5.3,5.3,5.25,5.25,1000
2010-12-10,5.29,5.29,5.25,5.25,400
2010-12-13,5.25,5.39,5.25,5.3,5900
2010-12-14,5.22,5.25,5.22,5.23,3200
2010-12-15,5.34,5.3699,5.34,5.34,1200
2010-12-16,5.38,5.45,5.34,5.34,2000
2010-12-17,5.3699,5.45,5.3,5.45,11700
2010-12-20,5.5,5.52,5.48,5.51,4000
2010-12-21,5.52,5.8,5.51,5.8,10500
2010-12-22,5.73,6.07,5.73,6.0,17700
2010-12-23,6.0,6.0,5.89,5.99,1500
2010-12-27,6.0,6.0,5.84,5.96,2800
2010-12-28,5.72,5.81,5.61,5.81,2600
2010-12-29,5.68,5.75,5.6,5.73,1800
2010-12-30,5.6001,5.73,5.6,5.73,900
2010-12-31,5.71,5.87,5.71,5.76,4100
2011-01-03,5.75,5.8899,5.75,5.8899,2400
2011-01-04,5.72,5.81,5.6,5.685,9200
2011-01-05,5.77,5.99,5.73,5.989,6600
2011-01-06,5.99,6.0,5.95,6.0,11800
2011-01-07,6.0,6.11,5.9,5.98,21800
2011-01-10,5.97,6.11,5.97,6.11,1800
2011-01-11,6.11,6.11,5.98,6.06,4700
2011-01-12,6.0,6.0,5.9,5.96,3300
2011-01-13,6.12,6.5,6.1,6.5,18600
2011-01-14,6.5,6.72,6.3699,6.5999,46600
2011-01-18,6.6,6.7099,6.2101,6.53,7800
2011-01-19,6.52,6.52,6.05,6.05,8400
2011-01-20,6.05,6.21,5.9,5.95,11100
2011-01-21,5.92,6.0499,5.8,5.85,13600
2011-01-24,5.83,5.95,5.75,5.76,6000
2011-01-25,5.76,5.9,5.66,5.82,4900
2011-01-26,5.95,5.95,5.7,5.9,2500
2011-01-27,6.0,6.16,5.87,6.05,11100
2011-01-28,6.05,6.2,6.05,6.2,7400
2011-01-31,6.09,6.32,5.88,6.14,15100
2011-02-01,6.14,6.32,6.14,6.3,6600
2011-02-02,6.32,6.4,6.17,6.3,7800
2011-02-03,6.33,6.4,6.0499,6.05,8700
2011-02-04,6.1,6.18,5.52,6.0,13100
2011-02-07,6.12,6.12,6.07,6.07,2100
2011-02-08,6.1,6.1,5.75,5.76,14500
2011-02-09,5.88,6.1989,5.88,6.1989,11400
2011-02-10,6.16,6.27,5.85,6.14,5300
2011-02-11,6.16,6.29,6.16,6.2,18300
2011-02-14,6.2,6.28,6.08,6.2,2600
2011-02-15,6.2,6.3,6.19,6.2001,2600
2011-02-16,6.3,6.4,6.17,6.38,9200
2011-02-17,6.39,6.474,6.39,6.4,6100
2011-02-18,6.4,6.49,6.4,6.47,7700
2011-02-22,6.44,6.45,6.19,6.3,8200
2011-02-23,6.26,6.28,6.13,6.1301,4200
2011-02-24,6.1301,6.23,6.13,6.13,1100
2011-02-25,6.14,6.29,5.93,6.23,10200
2011-02-28,6.36,6.47,6.24,6.24,4300
2011-03-01,6.15,6.25,6.0201,6.2,1200
2011-03-02,6.32,6.37,6.2105,6.37,1500
2011-03-03,6.43,6.55,6.43,6.5,19500
2011-03-04,6.42,6.48,6.35,6.45,4100
2011-03-07,6.37,6.37,6.1,6.13,5100
2011-03-08,6.088,6.29,6.088,6.29,1900
2011-03-09,6.3799,6.4,6.37,6.38,5200
2011-03-10,6.45,6.45,6.16,6.22,5300
2011-03-11,6.23,6.41,5.93,6.4,10100
2011-03-14,6.37,6.37,6.08,6.09,4100
2011-03-15,6.0,6.0899,6.0,6.061,2100
2011-03-16,6.1,6.29,6.0,6.0001,6900
2011-03-17,6.06,6.06,6.06,6.06,100
2011-03-18,6.17,6.17,6.0,6.1,1600
2011-03-21,6.16,7.69,6.16,7.52,106300
2011-03-22,7.5999,8.06,7.5,7.6,48000
2011-03-23,7.6,7.82,7.6,7.82,12100
2011-03-24,7.88,7.88,7.4301,7.4301,11300
2011-03-25,7.35,7.74,7.25,7.68,11500
2011-03-28,7.65,7.65,7.52,7.63,7000
2011-03-29,7.73,7.8199,7.63,7.7,7900
2011-03-30,7.8,7.8,7.5701,7.7,13300
2011-03-31,7.6,7.73,7.6,7.7299,2600
2011-04-01,7.55,7.85,7.55,7.81,8700
2011-04-04,7.8,7.86,7.57,7.57,13900
2011-04-05,7.65,8.29,7.65,8.22,43400
2011-04-06,8.34,8.79,8.26,8.38,34400
2011-04-07,8.4,8.4,8.2,8.26,5700
2011-04-08,8.22,8.48,8.21,8.48,3200
2011-04-11,8.5,8.57,8.23,8.28,11600
2011-04-12,8.25,8.3,8.25,8.3,1800
2011-04-13,8.25,8.25,8.04,8.19,3500
2011-04-14,8.03,8.19,8.03,8.15,1100
2011-04-15,8.03,8.19,8.03,8.13,5900
2011-04-18,7.75,7.94,7.6,7.91,12500
2011-04-19,7.9199,8.05,7.91,8.02,5200
2011-04-20,8.15,8.43,8.15,8.3,16700
2011-04-21,8.21,8.3,8.2001,8.28,9200
2011-04-25,8.25,8.35,8.19,8.26,12000
2011-04-26,8.39,8.5,8.3001,8.43,11700
2011-04-27,8.41,8.54,8.36,8.54,4500
2011-04-28,8.53,8.53,8.44,8.47,1300
2011-04-29,8.5,8.5,8.4,8.45,2000
2011-05-02,8.45,8.85,8.35,8.75,43000
2011-05-03,8.77,8.77,8.55,8.71,10500
2011-05-04,8.66,8.71,8.13,8.48,30000
2011-05-05,9.41,9.67,8.6,8.6,101700
2011-05-06,8.82,9.4,8.7,8.898,55200
2011-05-09,9.0,9.48,8.83,9.48,52100
2011-05-10,9.5,9.59,9.4,9.55,37400
2011-05-11,9.57,9.57,9.38,9.44,30600
2011-05-12,9.415,9.415,9.2,9.25,37100
2011-05-13,9.3,9.405,9.24,9.3899,17100
2011-05-16,9.25,9.37,9.25,9.3,32000
2011-05-17,9.3,9.4499,9.25,9.39,2600
2011-05-18,9.42,9.5,9.3901,9.49,26800
2011-05-19,9.5,9.5,9.499,9.5,9500
2011-05-20,9.5,9.63,9.5,9.54,10900
2011-05-23,9.25,9.65,9.25,9.461,8600
2011-05-24,9.5,9.58,9.4,9.43,13000
2011-05-25,9.44,9.5,9.34,9.5,14900
2011-05-26,9.53,9.53,9.4,9.45,11300
2011-05-27,9.49,9.59,9.4565,9.52,4200
2011-05-31,9.59,9.6,9.5001,9.6,12900
2011-06-01,9.6,9.69,9.475,9.63,19600
2011-06-02,9.66,9.66,9.49,9.53,2400
2011-06-03,9.44,9.52,9.35,9.43,17800
2011-06-06,9.47,9.5099,9.39,9.455,9900
2011-06-07,9.4,9.44,9.248,9.2499,21000
2011-06-08,9.16,9.21,8.8,8.8,49500
2011-06-09,8.81,8.99,8.8,8.9,13200
2011-06-10,8.85,8.85,8.73,8.73,8600
2011-06-13,8.84,8.84,8.6,8.61,15100
2011-06-14,8.6,8.7,8.55,8.6,23500
2011-06-15,8.59,8.59,8.43,8.55,14300
2011-06-16,8.6,8.85,8.5,8.5,9900
2011-06-17,8.56,8.6599,8.47,8.58,33300
2011-06-20,8.57,8.76,8.5101,8.56,12600
2011-06-21,8.5999,8.6,8.55,8.6,9700
2011-06-22,8.56,8.6591,8.45,8.4779,10000
2011-06-23,8.35,8.43,8.22,8.34,4800
2011-06-24,8.32,9.0,8.32,9.0,18200
2011-06-27,8.91,8.91,8.71,8.71,2800
2011-06-28,8.82,8.97,8.82,8.97,3800
2011-06-29,9.0,9.0,8.7,8.83,22900
2011-06-30,8.81,8.97,8.8009,8.97,4500
2011-07-01,8.97,9.5,8.87,9.1455,23600
2011-07-05,9.23,9.25,9.15,9.2,8300
2011-07-06,9.17,9.25,9.14,9.14,2600
2011-07-07,9.22,9.22,9.06,9.18,5300
2011-07-08,9.1,9.1,8.974,9.01,6500
2011-07-11,8.99,9.05,8.94,9.02,13600
2011-07-12,8.85,8.96,8.85,8.9,2200
2011-07-13,8.92,9.08,8.92,9.05,8500
2011-07-14,9.09,9.09,8.93,9.0,3000
2011-07-15,8.93,8.95,8.83,8.95,10600
2011-07-18,8.95,9.04,8.8901,8.95,4100
2011-07-19,9.05,9.1,9.02,9.02,4400
2011-07-20,8.98,9.12,8.88,8.95,13300
2011-07-21,9.0,9.1,8.98,9.1,3300
2011-07-22,9.12,9.15,9.0201,9.12,46600
2011-07-25,9.0,9.0,8.6,8.88,22600
2011-07-26,8.88,9.1,8.78,9.03,17600
2011-07-27,9.19,9.19,9.08,9.09,12200
2011-07-28,9.18,9.2501,9.113,9.25,5800
2011-07-29,9.19,9.19,9.09,9.11,7600
2011-08-01,9.19,9.25,9.1,9.22,5000
2011-08-02,9.1,9.1892,9.09,9.09,7400
2011-08-03,9.09,9.0901,8.599,8.6,67200
2011-08-04,8.55,8.55,8.03,8.31,43800
2011-08-05,8.19,8.2,7.39,8.1,28000
2011-08-08,7.75,7.75,6.95,7.19,18200
2011-08-09,7.22,7.22,6.61,6.9,20700
2011-08-10,7.75,8.3,7.75,7.98,74800
2011-08-11,8.01,8.45,8.01,8.45,29400
2011-08-12,8.46,9.5,8.46,8.65,97500
2011-08-15,8.8,9.25,8.7,9.0,60500
2011-08-16,9.11,9.25,8.91,9.0,45900
2011-08-17,9.12,9.18,8.8,8.8,23600
2011-08-18,8.71,8.71,8.3,8.45,19400
2011-08-19,8.42,8.42,7.95,8.1,41700
2011-08-22,8.25,8.7,8.1,8.45,30000
2011-08-23,8.49,9.08,8.25,9.0,157400
2011-08-24,9.05,9.15,8.7,9.07,70800
2011-08-25,9.1,9.11,8.5,8.7,29700
2011-08-26,8.65,9.02,8.65,8.771,34200
2011-08-29,8.89,9.45,8.835,9.2,161200
2011-08-30,9.38,9.82,9.11,9.16,588200
2011-08-31,9.22,9.22,8.3999,8.63,259900
2011-09-01,8.6,8.68,8.28,8.3299,85600
2011-09-02,8.25,8.47,8.139,8.219,27400
2011-09-06,8.01,8.5668,7.86,8.08,50300
2011-09-07,8.3,8.48,8.2,8.27,59400
2011-09-08,8.34,8.39,8.12,8.12,11200
2011-09-09,8.15,8.15,7.91,7.98,34200
2011-09-12,8.03,8.1,7.8,7.89,19700
2011-09-13,7.85,7.98,7.76,7.861,23600
2011-09-14,8.07,8.18,7.85,8.14,35000
2011-09-15,8.18,8.58,8.11,8.3308,57800
2011-09-16,8.33,8.52,8.298,8.52,29600
2011-09-19,8.48,8.6,8.437,8.55,7600
2011-09-20,8.51,8.56,8.31,8.3415,14300
2011-09-21,8.41,8.41,8.26,8.36,16600
2011-09-22,8.52,8.52,7.81,7.95,17000
2011-09-23,8.0,8.049,7.8,7.945,24000
2011-09-26,8.05,8.18,7.8901,7.8901,13700
2011-09-27,8.0,8.1,7.81,8.0,18600
2011-09-28,8.05,8.05,7.8601,7.9292,33200
2011-09-29,7.95,7.99,7.791,7.84,8000
2011-09-30,7.79,7.8999,7.73,7.73,10100
2011-10-03,7.66,7.66,6.916,7.0401,19900
2011-10-04,7.0,7.01,6.47,6.54,15500
2011-10-05,6.56,6.9855,6.56,6.93,50300
2011-10-06,7.03,7.1,7.03,7.06,27800
2011-10-07,7.08,7.13,7.01,7.08,16000
2011-10-10,7.05,7.35,7.05,7.11,17600
2011-10-11,7.11,7.212,7.0,7.2,11200
2011-10-12,7.16,7.49,7.16,7.33,30500
2011-10-13,7.38,7.41,7.3507,7.36,5300
2011-10-14,7.46,7.83,7.46,7.781,57200
2011-10-17,7.83,7.85,7.55,7.801,18500
2011-10-18,7.76,8.03,7.7,8.0,8100
2011-10-19,7.94,8.18,7.9,7.99,22000
2011-10-20,7.96,8.2,7.96,8.12,16000
2011-10-21,8.11,8.26,8.11,8.19,9600
2011-10-24,8.24,8.45,8.2,8.44,14400
2011-10-25,8.49,8.5,8.3,8.3,19100
2011-10-26,8.39,8.55,8.39,8.42,14900
2011-10-27,8.5,8.68,8.201,8.656,35600
2011-10-28,8.63,8.68,8.49,8.61,22100
2011-10-31,8.52,8.78,8.5,8.68,13700
2011-11-01,8.54,8.6,8.3999,8.4965,9500
2011-11-02,8.56,8.65,8.46,8.6,7500
2011-11-03,8.55,9.01,8.55,8.91,23400
2011-11-04,9.0,9.05,8.9,8.9338,16000
2011-11-07,8.96,9.1,8.86,8.96,18700
2011-11-08,8.97,8.97,8.71,8.84,7600
2011-11-09,8.71,9.675,8.71,8.96,59000
2011-11-10,9.07,9.2692,8.52,8.95,85900
2011-11-11,9.14,9.29,9.0,9.05,21200
2011-11-14,9.06,9.2,8.92,9.1,31900
2011-11-15,8.53,9.25,8.53,9.0,73100
2011-11-16,8.91,8.97,8.53,8.69,23300
2011-11-17,8.7,8.79,8.45,8.5892,36100
2011-11-18,8.5,8.66,8.4,8.66,34100
2011-11-21,8.52,8.52,8.37,8.45,9900
2011-11-22,8.46,8.51,8.28,8.35,26800
2011-11-23,8.31,8.33,8.05,8.1,28500
2011-11-25,8.09,8.29,8.09,8.29,2000
2011-11-28,8.4,8.62,8.4,8.4,18800
2011-11-29,8.44,8.49,8.04,8.1535,28300
2011-11-30,8.3,8.3,8.11,8.26,17500
2011-12-01,8.26,8.49,8.2508,8.49,11100
2011-12-02,8.51,8.67,8.47,8.62,18800
2011-12-05,8.66,8.73,8.64,8.71,20600
2011-12-06,8.75,8.75,8.56,8.61,10300
2011-12-07,8.56,8.56,8.41,8.49,12900
2011-12-08,8.44,8.49,8.35,8.38,2400
2011-12-09,8.48,8.48,8.28,8.31,9400
2011-12-12,8.31,8.43,8.16,8.35,8200
2011-12-13,8.36,8.41,8.2,8.25,10000
2011-12-14,8.15,8.2501,8.12,8.2,13400
2011-12-15,8.19,8.24,8.1,8.24,17000
2011-12-16,8.24,8.35,8.145,8.35,15200
2011-12-19,8.4,8.4,8.295,8.3,10900
2011-12-20,8.4,8.4,8.25,8.26,6500
2011-12-21,8.37,8.37,8.1,8.21,21600
2011-12-22,8.25,8.35,8.23,8.34,1900
2011-12-23,8.31,8.35,8.25,8.35,5200
2011-12-27,8.21,8.3434,8.15,8.19,23000
2011-12-28,8.14,8.15,8.01,8.07,20300
2011-12-29,8.06,8.1,8.01,8.01,2600
2011-12-30,8.01,8.1,8.01,8.09,7900
2012-01-03,8.12,8.33,8.12,8.2401,11300
2012-01-04,8.27,8.4,8.27,8.4,19000
2012-01-05,8.33,8.45,8.3,8.4,23700
2012-01-06,8.35,8.35,8.25,8.29,9300
2012-01-09,8.4,8.4,8.36,8.4,19500
2012-01-10,8.4,8.81,8.4,8.62,40900
2012-01-11,8.65,8.65,8.55,8.57,6100
2012-01-12,8.57,8.6,8.537,8.55,5300
2012-01-13,8.55,8.6,8.55,8.6,8900
2012-01-17,8.6,8.6,8.4,8.6,20400
2012-01-18,8.6,8.7,8.6,8.61,12400
2012-01-19,8.6,8.6392,8.25,8.35,18500
2012-01-20,8.29,8.35,8.29,8.32,5300
2012-01-23,8.67,8.67,8.36,8.48,8100
2012-01-24,8.47,8.56,8.42,8.42,13000
2012-01-25,8.42,8.48,8.42,8.442,8800
2012-01-26,8.42,8.5,8.4,8.4899,18600
2012-01-27,8.55,8.7,8.45,8.53,31700
2012-01-30,8.48,8.53,8.42,8.5,9400
2012-01-31,8.51,8.55,8.45,8.49,7500
2012-02-01,8.55,8.85,8.55,8.85,32800
2012-02-02,8.85,8.99,8.79,8.85,27100
2012-02-03,8.9,9.0,8.8701,8.99,47000
2012-02-06,9.0,9.0,8.9,8.95,13300
2012-02-07,9.0,9.2,8.9899,9.15,48900
2012-02-08,9.18,9.3506,9.13,9.25,48000
2012-02-09,9.3,9.449,9.26,9.26,42200
2012-02-10,9.25,9.36,9.25,9.31,9400
2012-02-13,9.31,9.809,9.31,9.54,34100
2012-02-14,9.59,9.64,9.4,9.48,22700
2012-02-15,9.52,9.67,9.48,9.59,36200
2012-02-16,9.59,9.69,9.55,9.57,9600
2012-02-17,9.61,9.71,9.61,9.67,7600
2012-02-21,9.68,9.8,9.67,9.73,53900
2012-02-22,9.75,9.795,9.6801,9.71,22300
2012-02-23,9.73,9.76,9.65,9.6707,45200
2012-02-24,9.6501,9.72,9.56,9.58,45100
2012-02-27,9.58,9.72,9.58,9.6,26900
2012-02-28,9.64,9.76,9.54,9.65,40900
2012-02-29,9.7,9.7001,9.55,9.57,4500
2012-03-01,9.6,9.6899,8.75,9.52,70400
2012-03-02,9.53,9.65,9.53,9.57,48500
2012-03-05,9.58,9.68,9.23,9.52,18400
2012-03-06,8.67,9.49,8.67,9.16,71900
2012-03-07,9.15,9.5002,9.15,9.27,48400
2012-03-08,9.31,9.31,8.8,9.0199,57300
2012-03-09,8.98,9.1,8.965,9.1,20200
2012-03-12,9.37,9.93,9.37,9.82,136600
2012-03-13,9.88,10.04,9.75,9.88,83200
2012-03-14,9.72,9.72,9.32,9.4099,189600
2012-03-15,9.39,9.49,9.3,9.35,67200
2012-03-16,9.4,9.49,9.3,9.35,88200
2012-03-19,9.49,9.59,9.35,9.4356,19600
2012-03-20,9.4,9.45,9.37,9.41,12600
2012-03-21,9.37,9.42,9.31,9.31,24000
2012-03-22,9.34,9.34,9.25,9.26,15000
2012-03-23,9.27,9.34,9.23,9.28,22500
2012-03-26,9.34,9.6,9.2,9.47,63600
2012-03-27,9.48,9.5,9.31,9.4,46600
2012-03-28,9.47,9.47,9.32,9.36,11300
2012-03-29,9.36,9.36,9.25,9.27,16900
2012-03-30,9.34,9.41,9.2,9.2,9800
2012-04-02,9.17,9.47,9.16,9.43,44800
2012-04-03,9.33,9.4013,9.23,9.23,30400
2012-04-04,9.22,9.27,9.172,9.21,43200
2012-04-05,9.22,9.32,9.192,9.32,12900
2012-04-09,9.43,9.43,9.23,9.23,43200
2012-04-10,9.29,9.3995,9.2,9.24,18500
2012-04-11,9.3,9.39,9.2,9.23,44000
2012-04-12,9.21,9.3,9.11,9.2,43500
2012-04-13,9.17,9.17,8.8,8.84,31100
2012-04-16,8.93,8.96,8.71,8.75,22500
2012-04-17,8.81,8.81,8.636,8.71,35000
2012-04-18,8.72,9.275,8.69,8.93,25400
2012-04-19,8.91,9.55,8.91,9.0,97000
2012-04-20,9.07,9.22,9.06,9.12,45900
2012-04-23,8.74,8.74,8.33,8.59,84500
2012-04-24,8.58,8.5938,8.45,8.57,37100
2012-04-25,8.72,8.72,8.35,8.56,41400
2012-04-26,8.53,8.58,8.5201,8.55,13700
2012-04-27,8.45,8.5,8.25,8.2701,63000
2012-04-30,8.33,8.33,8.21,8.31,24200
2012-05-01,8.25,8.589,8.249,8.589,41000
2012-05-02,8.68,8.7499,8.62,8.62,45300
2012-05-03,8.65,8.74,8.63,8.64,16300
2012-05-04,8.62,8.63,8.53,8.53,9000
2012-05-07,8.38,8.4415,8.25,8.34,8600
2012-05-08,8.3,8.36,8.22,8.31,26200
2012-05-09,8.0,8.12,7.73,8.03,74000
2012-05-10,8.02,8.15,7.93,8.14,32800
2012-05-11,7.99,8.11,7.9,7.99,39000
2012-05-14,7.7,7.95,7.45,7.82,41200
2012-05-15,7.74,7.799,7.6401,7.75,21400
2012-05-16,7.72,7.91,7.72,7.75,18500
2012-05-17,7.71,7.81,7.6401,7.66,39900
2012-05-18,7.81,7.81,7.65,7.67,33000
2012-05-21,7.7,8.1,7.7,8.05,20800
2012-05-22,8.05,8.05,7.87,7.87,11300
2012-05-23,7.78,7.78,7.66,7.69,10100
2012-05-24,7.71,7.81,7.61,7.78,8700
2012-05-25,7.7401,7.9,7.71,7.85,5400
2012-05-29,7.8,7.8,7.63,7.74,10800
2012-05-30,7.6699,7.7,7.6308,7.7,10600
2012-05-31,7.66,7.73,7.66,7.71,5900
2012-06-01,7.63,7.69,7.49,7.49,23500
2012-06-04,7.48,7.68,7.46,7.6,15400
2012-06-05,7.55,7.63,7.45,7.45,7200
2012-06-06,7.46,7.57,7.4,7.57,49800
2012-06-07,7.6,7.6,7.23,7.45,55300
2012-06-08,7.38,7.58,7.38,7.58,2100
2012-06-11,7.62,7.88,7.62,7.85,47600
2012-06-12,7.9,7.9,7.62,7.68,19600
2012-06-13,7.67,7.69,7.4864,7.61,13800
2012-06-14,7.53,7.8,7.4419,7.6089,12000
2012-06-15,7.57,7.66,7.41,7.46,8000
2012-06-18,7.5,7.87,7.5,7.87,14900
2012-06-19,7.9,8.07,7.9,8.02,8000
2012-06-20,8.0355,8.05,7.83,8.05,7700
2012-06-21,8.02,8.02,7.9505,8.0189,5400
2012-06-22,8.05,8.24,8.05,8.24,9800
2012-06-25,8.21,8.3182,8.09,8.3182,6400
2012-06-26,8.1601,8.34,8.16,8.24,2000
2012-06-27,8.24,8.34,8.19,8.19,9400
2012-06-28,8.05,8.25,7.73,8.25,16300
2012-06-29,8.33,8.33,8.22,8.24,7000
2012-07-02,8.31,8.31,8.03,8.12,12000
2012-07-03,8.0916,8.22,8.0916,8.22,1800
2012-07-05,8.18,8.3,8.1,8.3,9600
2012-07-06,8.2,8.23,7.95,8.2,9400
2012-07-09,8.21,8.3,8.21,8.3,8100
2012-07-10,8.25,8.38,7.9,8.0,34000
2012-07-11,7.9,8.01,7.81,8.01,13900
2012-07-12,7.92,7.92,7.85,7.8701,6200
2012-07-13,7.8701,8.05,7.8701,8.05,7000
2012-07-16,8.13,8.13,7.9,7.93,3000
2012-07-17,7.98,8.06,7.918,7.95,3100
2012-07-18,8.06,8.08,7.97,8.08,12100
2012-07-19,7.99,8.01,7.8999,8.01,2000
2012-07-20,8.01,8.01,8.0,8.0,700
2012-07-23,7.92,7.968,7.85,7.85,4200
2012-07-24,7.87,7.9005,7.86,7.9005,8400
2012-07-25,7.9287,8.04,7.86,7.9599,5500
2012-07-26,7.95,7.99,7.95,7.95,4700
2012-07-27,7.87,8.0528,7.87,8.0528,1500
2012-07-30,8.0,8.09,8.0,8.09,9200
2012-07-31,8.02,8.09,8.01,8.01,4500
2012-08-01,8.0,8.2,7.85,7.85,9500
2012-08-02,7.86,7.99,7.85,7.91,8200
2012-08-03,7.86,8.05,7.86,8.0,2300
2012-08-06,8.01,8.21,7.95,7.9889,19500
2012-08-07,8.0001,8.0001,7.44,7.75,16200
2012-08-08,7.89,7.89,7.5,7.6,14200
2012-08-09,7.5,7.66,7.36,7.47,52000
2012-08-10,7.33,7.5,7.33,7.5,10600
2012-08-13,7.4,7.61,7.4,7.54,3000
2012-08-14,7.58,7.62,7.47,7.56,4700
2012-08-15,7.63,7.71,7.57,7.58,5900
2012-08-16,7.51,7.67,7.5,7.62,8500
2012-08-17,7.62,7.76,7.62,7.76,1200
2012-08-20,7.81,7.81,7.71,7.7714,3500
2012-08-21,7.8154,7.84,7.8154,7.84,400
2012-08-22,7.8,7.8,7.6,7.64,1600
2012-08-23,7.6401,7.6401,7.4,7.41,12300
2012-08-24,7.44,7.45,7.27,7.38,3100
2012-08-27,7.3705,7.3705,7.27,7.35,10400
2012-08-28,7.35,7.43,7.34,7.43,3300
2012-08-29,7.49,7.49,7.35,7.47,1100
2012-08-30,7.45,7.46,7.38,7.38,6200
2012-08-31,7.49,7.49,7.35,7.46,6400
2012-09-04,7.49,7.5,7.3701,7.45,5100
2012-09-05,7.4,7.45,7.4,7.45,1800
2012-09-06,7.41,7.49,7.4,7.45,4800
2012-09-07,7.42,7.49,7.4,7.4408,9500
2012-09-10,7.4201,7.45,7.4201,7.4499,2900
2012-09-11,7.45,7.59,7.45,7.5404,9800
2012-09-12,7.59,7.61,7.54,7.59,7000
2012-09-13,7.5328,7.748,7.5328,7.73,5900
2012-09-14,7.73,7.75,7.6,7.69,12700
2012-09-17,7.7,7.7,7.5001,7.55,6700
2012-09-18,7.58,7.63,7.57,7.6299,1600
2012-09-19,7.55,7.55,7.4617,7.55,23000
2012-09-20,7.54,7.54,7.4,7.43,30300
2012-09-21,7.4,7.45,7.4,7.45,9000
2012-09-24,7.4101,7.5,7.4101,7.5,1900
2012-09-25,7.4,7.45,7.35,7.41,4300
2012-09-26,7.38,7.38,7.35,7.35,27400
2012-09-27,7.35,7.36,7.3,7.32,6200
2012-09-28,7.32,7.348,7.3,7.348,8900
2012-10-01,7.39,7.4,7.31,7.34,7200
2012-10-02,7.31,7.35,7.1,7.1,16100
2012-10-03,7.23,7.3,7.15,7.27,11600
2012-10-04,7.2,7.3,7.2,7.3,1600
2012-10-05,7.32,7.44,7.32,7.38,6400
2012-10-08,7.37,7.37,7.37,7.37,500
2012-10-09,7.32,7.32,7.15,7.16,7600
2012-10-10,7.15,7.2,7.1,7.1,5100
2012-10-11,7.12,7.12,7.1,7.1,3200
2012-10-12,7.1,7.1,7.06,7.0601,4000
2012-10-15,7.11,7.179,7.0,7.05,9900
2012-10-16,7.05,7.05,6.9,6.91,5100
2012-10-17,6.93,7.2,6.91,7.07,30000
2012-10-18,7.11,7.2,7.08,7.2,1600
2012-10-19,7.28,7.37,7.2001,7.2301,4700
2012-10-22,7.24,7.24,7.044,7.14,3000
2012-10-23,7.1,7.1,6.99,7.0,3200
2012-10-24,7.02,7.06,6.99,7.06,6600
2012-10-25,7.07,7.1,7.031,7.08,1600
2012-10-26,7.08,7.12,7.0201,7.12,2200
2012-10-31,7.03,7.05,7.02,7.02,1700
2012-11-01,7.03,7.07,7.0,7.05,2700
2012-11-02,7.03,7.052,6.98,7.04,52600
2012-11-05,7.08,7.08,6.99,6.99,10800
2012-11-06,6.94,7.08,6.94,6.97,8600
2012-11-07,6.9601,6.9601,6.95,6.95,4200
2012-11-08,6.9,7.02,6.85,7.02,64700
2012-11-09,6.95,7.0,6.92,6.99,15600
2012-11-12,6.96,6.99,6.95,6.96,3900
2012-11-13,6.9608,7.05,6.95,6.95,9400
2012-11-14,6.95,6.99,6.9201,6.99,4800
2012-11-15,6.9221,6.9221,6.7,6.82,12400
2012-11-16,6.78,6.78,6.65,6.69,15400
2012-11-19,6.69,6.69,6.6899,6.6899,400
2012-11-20,6.64,6.64,6.59,6.599,400
2012-11-21,6.61,6.61,6.53,6.53,3300
2012-11-23,6.52,6.72,6.5199,6.67,4300
2012-11-26,7.19,7.19,6.65,6.73,4200
2012-11-27,6.65,6.79,6.65,6.79,4300
2012-11-28,6.76,6.86,6.76,6.86,1800
2012-11-29,6.85,6.91,6.85,6.85,3300
2012-11-30,6.85,6.85,6.85,6.85,400
2012-12-03,6.8541,6.95,6.8541,6.95,600
2012-12-04,6.9,6.9,6.7499,6.85,9400
2012-12-05,6.83,6.9737,6.83,6.88,6100
2012-12-06,6.82,6.82,6.82,6.82,500
2012-12-07,6.83,6.8301,6.6,6.61,16400
2012-12-10,6.61,6.68,6.61,6.66,23800
2012-12-11,6.68,6.7185,6.61,6.679,10200
2012-12-12,6.62,6.98,6.62,6.98,7800
2012-12-13,6.92,6.95,6.9,6.94,12600
2012-12-14,6.85,6.85,6.82,6.8201,1000
2012-12-17,6.82,6.9,6.77,6.77,7500
2012-12-18,6.86,6.9501,6.77,6.78,3200
2012-12-19,6.85,6.85,6.7708,6.7708,1600
2012-12-20,6.8,6.9,6.7,6.9,9600
2012-12-21,6.85,6.85,6.85,6.85,200
2012-12-24,6.8,6.8,6.5,6.65,16000
2012-12-26,6.8,6.89,6.58,6.79,3600
2012-12-27,6.7,6.7,6.62,6.66,1800
2012-12-28,6.65,6.65,6.5,6.57,7900
2012-12-31,6.55,6.62,6.55,6.62,2200
2013-01-02,6.65,6.77,6.6,6.75,15800
2013-01-03,6.74,6.76,6.7,6.76,9500
2013-01-04,6.75,6.76,6.6,6.64,18600
2013-01-07,6.65,6.7,6.501,6.53,27600
2013-01-08,6.55,6.56,6.45,6.47,22200
2013-01-09,6.65,6.9,6.65,6.7,12900
2013-01-10,6.7566,6.78,6.6,6.68,16600
2013-01-11,6.66,6.66,6.51,6.54,26700
2013-01-14,6.56,6.5999,6.56,6.5999,1000
2013-01-15,6.5502,6.67,6.46,6.67,13200
2013-01-16,6.99,7.0,6.55,6.95,36400
2013-01-17,6.91,6.94,6.85,6.86,2900
2013-01-18,6.89,6.89,6.66,6.68,12400
2013-01-22,6.75,6.75,6.35,6.42,132900
2013-01-23,6.46,6.5099,6.41,6.4558,3800
2013-01-24,6.51,6.61,6.51,6.6,24000
2013-01-25,6.639,6.75,6.639,6.73,7000
2013-01-28,6.75,6.99,6.75,6.98,13400
2013-01-29,6.98,6.98,6.79,6.8636,12000
2013-01-30,6.83,7.0,6.83,7.0,10400
2013-01-31,6.95,7.06,6.935,7.06,6800
2013-02-01,7.09,7.09,6.95,6.96,17400
2013-02-04,6.95,6.95,6.6,6.75,71700
2013-02-05,6.81,6.859,6.77,6.85,9100
2013-02-06,6.93,6.96,6.87,6.87,3300
2013-02-07,6.85,6.9352,6.81,6.9352,7400
2013-02-08,7.0,7.0,6.9,6.97,2700
2013-02-11,6.99,7.0,6.91,6.93,10900
2013-02-12,6.95,6.95,6.86,6.86,7700
2013-02-13,6.9,6.949,6.85,6.85,6000
2013-02-14,6.9,6.94,6.88,6.9,1500
2013-02-15,6.97,7.0,6.8865,6.8865,7100
2013-02-19,6.95,6.95,6.86,6.86,500
2013-02-20,6.85,6.89,6.81,6.88,1100
2013-02-21,6.9,6.95,6.8,6.82,4400
2013-02-22,6.87,6.92,6.87,6.92,2100
2013-02-25,6.85,6.86,6.76,6.76,17600
2013-02-26,6.79,6.8399,6.76,6.76,3100
2013-02-27,6.79,6.89,6.79,6.86,4100
2013-02-28,6.8914,7.0,6.8,6.9799,8000
2013-03-01,7.0,7.0,6.99,7.0,8900
2013-03-04,7.02,7.02,6.75,6.85,14700
2013-03-05,6.889,6.889,6.75,6.763,1600
2013-03-06,6.75,6.75,6.62,6.73,8900
2013-03-07,6.67,6.78,6.55,6.78,8900
2013-03-08,6.8,7.06,6.76,7.0,16200
2013-03-11,7.0,7.01,6.99,6.99,28900
2013-03-12,6.99,7.0,6.94,7.0,19100
2013-03-13,7.06,7.1,6.96,7.1,4700
2013-03-14,7.1,7.18,7.1,7.15,4900
2013-03-15,7.2,7.24,7.08,7.2,15900
2013-03-18,7.21,7.25,7.07,7.2,6600
2013-03-19,7.1863,7.29,7.1501,7.29,7600
2013-03-20,7.2,7.4,7.2,7.39,10200
2013-03-21,7.71,8.9,7.71,8.75,138800
2013-03-22,8.8,9.0,8.75,8.95,49200
2013-03-25,8.88,9.008,8.85,8.85,38600
2013-03-26,9.25,9.2961,8.9501,8.96,37700
2013-03-27,9.0,9.08,8.6,8.84,57300
2013-03-28,8.8,8.96,8.75,8.83,18400
2013-04-01,8.91,8.98,8.75,8.91,18100
2013-04-02,8.87,8.95,8.75,8.77,15300
2013-04-03,8.8044,8.8044,8.75,8.77,9400
2013-04-04,8.84,8.84,8.651,8.7,13900
2013-04-05,8.65,8.94,8.65,8.9,9900
2013-04-08,8.84,8.89,8.59,8.74,13000
2013-04-09,8.65,8.84,8.58,8.84,3500
2013-04-10,8.87,8.94,8.6734,8.71,17600
2013-04-11,8.754,8.8,8.55,8.8,18100
2013-04-12,8.7849,8.7849,8.48,8.7,7300
2013-04-15,8.7,8.78,8.5,8.57,7000
2013-04-16,8.51,8.6,8.4,8.42,16800
2013-04-17,8.43,8.52,8.35,8.52,7100
2013-04-18,8.38,8.46,8.34,8.34,4100
2013-04-19,8.42,8.42,8.3,8.36,5600
2013-04-22,8.37,8.48,8.3,8.32,12400
2013-04-23,8.32,8.7029,8.32,8.7,12600
2013-04-24,8.6,8.8,8.6,8.8,10500
2013-04-25,8.79,8.83,8.72,8.75,12000
2013-04-26,8.78,8.78,8.6,8.6,7700
2013-04-29,8.7,8.99,8.7,8.86,16900
2013-04-30,8.9,8.98,8.7601,8.91,13100
2013-05-01,8.93,8.9799,8.7,8.7,14600
2013-05-02,8.7,8.77,8.6,8.6,2200
2013-05-03,8.68,8.82,8.6,8.62,27600
2013-05-06,8.58,8.72,8.58,8.71,8100
2013-05-07,8.78,8.83,8.7,8.8,16600
2013-05-08,8.7748,8.91,8.71,8.88,42200
2013-05-09,8.8,8.85,8.7,8.77,17300
2013-05-10,8.76,8.82,8.7,8.8,27800
2013-05-13,8.81,8.95,8.81,8.95,10500
2013-05-14,8.95,9.13,8.925,9.1,34600
2013-05-15,9.06,9.21,9.02,9.19,20400
2013-05-16,9.12,9.49,9.1,9.45,27900
2013-05-17,9.46,9.49,9.3964,9.41,9000
2013-05-20,9.52,9.52,9.379,9.45,13500
2013-05-21,9.37,9.5,9.37,9.45,9000
2013-05-22,9.45,9.45,9.31,9.33,18500
2013-05-23,9.26,9.33,9.05,9.2,6300
2013-05-24,9.25,9.3,9.23,9.23,3100
2013-05-28,9.26,9.35,9.25,9.31,10500
2013-05-29,9.39,9.4,9.28,9.37,9200
2013-05-30,9.4,9.4,9.3406,9.35,4300
2013-05-31,9.3855,9.44,9.36,9.36,6000
2013-06-03,9.35,9.41,9.27,9.27,12400
2013-06-04,9.35,9.43,9.15,9.35,7600
2013-06-05,9.25,9.33,9.0,9.15,10000
2013-06-06,9.1,9.18,9.0342,9.05,7500
2013-06-07,9.0,9.15,9.0,9.1,18700
2013-06-10,9.05,9.06,9.0,9.05,4500
2013-06-11,9.08,9.15,9.0,9.1,5600
2013-06-12,9.0201,9.122,8.92,9.0,10200
2013-06-13,8.95,8.99,8.91,8.91,6300
2013-06-14,8.9376,9.15,8.91,9.0,3300
2013-06-17,9.1,9.1,8.78,8.8,5100
2013-06-18,8.72,8.8799,8.6501,8.75,11500
2013-06-19,8.71,8.78,8.6301,8.7,10400
2013-06-20,8.66,8.72,8.66,8.7,6100
2013-06-21,8.71,8.92,8.66,8.9,8700
2013-06-24,8.88,8.96,8.74,8.78,3400
2013-06-25,8.8,9.0,8.8,8.9,8400
2013-06-26,8.88,8.9425,8.83,8.85,1500
2013-06-27,8.919,9.0,8.78,8.85,2300
2013-06-28,8.8,8.92,8.8,8.92,1100
2013-07-01,8.92,8.92,8.78,8.78,4300
2013-07-02,8.73,8.87,8.73,8.83,13500
2013-07-03,8.86,8.89,8.75,8.75,1200
2013-07-05,8.85,8.89,8.78,8.89,1800
2013-07-08,8.89,8.89,8.75,8.81,13400
2013-07-09,8.89,8.92,8.6,8.73,12800
2013-07-10,8.74,8.79,8.72,8.75,4100
2013-07-11,8.819,8.91,8.81,8.9,1600
2013-07-12,8.92,9.02,8.91,8.96,5800
2013-07-15,8.96,9.02,8.96,8.96,1600
2013-07-16,9.06,9.12,8.99,9.03,2200
2013-07-17,9.0,9.1,9.0,9.045,3100
2013-07-18,9.05,9.21,9.05,9.16,6700
2013-07-19,9.16,9.1601,9.01,9.06,2900
2013-07-22,9.36,9.36,9.25,9.29,7700
2013-07-23,9.25,9.358,9.21,9.3,6200
2013-07-24,9.36,9.5,9.28,9.45,31600
2013-07-25,9.38,9.45,9.38,9.45,2300
2013-07-26,9.45,9.45,9.125,9.35,2600
2013-07-29,9.42,9.42,9.13,9.4,4100
2013-07-30,9.38,9.455,9.23,9.37,7800
2013-07-31,9.3,9.4367,9.23,9.23,800
2013-08-01,9.3101,9.42,9.31,9.31,5500
2013-08-02,9.12,9.209,9.03,9.08,9600
2013-08-05,9.15,9.29,9.09,9.15,1600
2013-08-06,9.2,9.355,9.0601,9.35,5900
2013-08-07,9.28,9.3,9.22,9.25,600
2013-08-08,9.15,9.25,9.0,9.17,5600
2013-08-09,9.101,9.37,9.06,9.3,6900
2013-08-12,9.19,9.23,9.0,9.14,71900
2013-08-13,9.1,9.339,9.05,9.23,22300
2013-08-14,9.25,9.25,9.09,9.14,34000
2013-08-15,9.25,9.3,9.25,9.3,400
2013-08-16,9.2052,9.25,8.5,9.25,695800
2013-08-19,9.37,9.4,9.2601,9.39,16600
2013-08-20,9.37,9.5,9.2101,9.23,16000
2013-08-21,9.29,9.36,9.24,9.25,2600
2013-08-22,9.3,9.45,9.3,9.35,1500
2013-08-23,9.3,9.39,9.3,9.3,7900
2013-08-26,9.17,9.3,9.1,9.1,7300
2013-08-27,9.1,9.24,9.1,9.21,5100
2013-08-28,9.33,9.4,9.1601,9.32,5400
2013-08-29,9.38,9.38,9.2877,9.38,3000
2013-08-30,9.39,9.4,9.3301,9.36,9200
2013-09-03,9.27,9.47,9.27,9.45,19300
2013-09-04,9.49,9.49,9.379,9.38,8800
2013-09-05,9.45,9.45,9.22,9.22,3800
2013-09-06,9.25,9.3942,9.25,9.37,19100
2013-09-09,9.37,9.5,9.1101,9.5,86500
2013-09-10,9.44,9.5,9.236,9.5,26100
2013-09-11,9.5,9.5,9.14,9.5,18400
2013-09-12,9.32,9.47,9.27,9.31,4600
2013-09-13,9.29,9.46,9.29,9.45,9100
2013-09-16,9.5,9.5,9.35,9.41,5600
2013-09-17,9.41,9.41,9.22,9.34,13700
2013-09-18,9.1,9.33,9.1,9.23,2200
2013-09-19,9.25,9.4261,9.2,9.24,7200
2013-09-20,9.16,9.23,9.15,9.15,6700
2013-09-23,9.11,9.3,9.11,9.15,14100
2013-09-24,9.3,9.43,9.1997,9.38,13800
2013-09-25,9.4377,9.44,9.4,9.44,1700
2013-09-26,9.44,9.6,9.27,9.49,21300
2013-09-27,9.54,9.6399,9.5001,9.62,18800
2013-09-30,9.62,9.62,9.37,9.58,5200
2013-10-01,9.55,9.61,9.4601,9.58,3300
2013-10-02,9.57,9.65,9.36,9.63,7100
2013-10-03,9.6299,9.63,9.49,9.5,1400
2013-10-04,9.35,9.63,9.35,9.57,14700
2013-10-07,9.58,9.58,9.46,9.46,6300
2013-10-08,9.5,9.51,9.43,9.43,5200
2013-10-09,9.45,9.59,9.45,9.5,13700
2013-10-10,9.38,9.62,9.38,9.53,8600
2013-10-11,9.5573,9.6,9.51,9.53,6500
2013-10-14,9.53,9.53,9.53,9.53,900
2013-10-15,9.6,9.6,9.57,9.57,1600
2013-10-16,9.57,9.65,9.5301,9.57,7400
2013-10-17,9.65,9.849,9.55,9.71,13100
2013-10-18,9.75,9.9,9.7,9.86,10500
2013-10-21,9.86,9.95,9.72,9.73,9800
2013-10-22,9.77,10.45,9.77,10.14,46000
2013-10-23,10.18,10.4,10.08,10.3,12900
2013-10-24,10.45,11.0,10.45,10.8,50100
2013-10-25,10.89,11.25,10.7545,11.04,30500
2013-10-28,11.05,11.4,10.71,11.29,7000
2013-10-29,11.38,11.38,10.5,10.59,26300
2013-10-30,10.6,10.98,10.6,10.7,8000
2013-10-31,10.7,10.95,10.61,10.8,4200
2013-11-01,10.87,10.91,10.701,10.82,1600
2013-11-04,11.0,11.3999,10.651,11.21,15000
2013-11-05,10.88,11.5,10.8101,11.02,10200
2013-11-06,11.09,11.1,10.7885,10.86,4500
2013-11-07,11.17,11.5,10.8,11.0,73000
2013-11-08,11.0,11.05,10.95,11.04,17300
2013-11-11,10.95,10.95,10.83,10.94,7100
2013-11-12,10.91,10.95,10.9001,10.95,7700
2013-11-13,10.97,11.4,10.8301,11.0,8500
2013-11-14,11.05,11.129,10.94,10.95,11500
2013-11-15,10.95,10.95,10.8501,10.95,3300
2013-11-18,10.95,11.17,10.83,11.13,40500
2013-11-19,11.02,11.08,10.82,11.05,10400
2013-11-20,10.95,11.0,10.8701,11.0,5700
2013-11-21,11.02,11.08,10.849,11.08,9800
2013-11-22,11.01,11.02,10.96,11.0,4200
2013-11-25,11.03,11.09,10.976,10.99,4800
2013-11-26,11.05,11.21,10.85,11.01,25200
2013-11-27,11.1,11.22,11.05,11.22,6300
2013-11-29,11.54,11.54,11.25,11.45,1500
2013-12-02,11.59,11.7702,11.0101,11.24,10300
2013-12-03,11.39,11.39,11.1801,11.3,5300
2013-12-04,11.3799,11.5,11.21,11.38,6800
2013-12-05,11.46,11.55,11.3,11.55,56100
2013-12-06,11.5,11.55,11.5,11.53,28300
2013-12-09,11.55,11.55,11.5,11.5,12100
2013-12-10,11.55,11.55,11.5,11.5,9800
2013-12-11,11.45,11.6,11.45,11.5,7200
2013-12-12,11.55,11.55,11.5,11.5,9900
2013-12-13,11.5,11.53,11.46,11.51,12200
2013-12-16,11.55,12.13,11.52,11.96,57400
2013-12-17,12.01,12.14,11.9,11.98,28900
2013-12-18,12.15,12.19,12.061,12.07,6000
2013-12-19,12.15,12.1899,12.02,12.02,14100
2013-12-20,12.0561,12.18,12.03,12.06,8900
2013-12-23,12.19,12.46,11.9001,12.1,17400
2013-12-24,11.92,12.47,11.92,12.4,5300
2013-12-26,12.49,12.98,12.481,12.83,14300
2013-12-27,12.802,13.2399,12.801,13.08,9000
2013-12-30,13.16,13.82,13.14,13.8,43800
2013-12-31,13.8,14.0,13.7,13.7,36400
2014-01-02,13.57,13.87,13.1999,13.4,37500
2014-01-03,13.37,13.5,13.24,13.35,27400
2014-01-06,13.35,13.4,13.23,13.3,17900
2014-01-07,13.25,13.3098,12.63,12.71,33000
2014-01-08,12.59,13.12,12.5,13.04,22200
2014-01-09,13.04,13.59,12.85,13.59,18300
2014-01-10,13.68,13.81,13.59,13.75,22100
2014-01-13,13.75,13.75,13.37,13.7,22000
2014-01-14,13.75,13.75,13.09,13.35,15600
2014-01-15,13.31,13.5999,13.31,13.52,3800
2014-01-16,13.6,13.63,13.2501,13.34,11500
2014-01-17,13.3301,13.6,13.1043,13.26,8600
2014-01-21,13.14,13.35,12.661,13.0,15000
2014-01-22,12.91,13.0,12.68,12.86,10100
2014-01-23,12.84,12.86,12.25,12.53,13900
2014-01-24,12.58,12.58,12.25,12.44,8500
2014-01-27,12.0255,12.28,11.21,11.64,40800
2014-01-28,11.55,12.11,11.55,12.11,8300
2014-01-29,12.05,12.27,11.786,12.05,13500
2014-01-30,12.03,12.2799,11.87,12.05,5600
2014-01-31,11.85,12.25,11.85,12.25,15500
2014-02-03,12.25,12.25,11.58,11.59,28800
2014-02-04,11.51,12.0801,11.51,12.0,24900
2014-02-05,12.04,12.4,11.82,12.22,17400
2014-02-06,12.17,12.5273,12.1,12.28,10100
2014-02-07,12.55,13.49,12.32,12.75,12400
2014-02-10,12.83,12.9,12.61,12.74,9000
2014-02-11,12.88,13.24,12.8,13.05,21300
2014-02-12,13.2,13.71,13.2,13.45,31500
2014-02-13,13.38,13.4,13.15,13.2,12700
2014-02-14,13.38,14.65,13.38,13.98,31800
2014-02-18,14.04,14.34,13.98,14.01,25900
2014-02-19,13.98,14.1,13.98,13.98,11500
2014-02-20,13.98,14.3499,13.98,14.19,43000
2014-02-21,14.3,14.45,14.01,14.45,16200
2014-02-24,14.45,15.25,14.3,15.03,88900
2014-02-25,15.0,15.25,14.9,14.9,44300
2014-02-26,15.05,15.15,14.7326,14.89,11300
2014-02-27,15.09,15.15,14.6801,15.06,8400
2014-02-28,15.09,15.16,14.85,14.85,9300
2014-03-03,14.59,14.95,14.5,14.95,14900
2014-03-04,14.98,15.36,14.9201,15.27,15600
2014-03-05,15.48,15.48,15.1101,15.31,17100
2014-03-06,15.47,15.49,15.18,15.35,7800
2014-03-07,15.25,15.25,15.05,15.15,16100
2014-03-10,15.15,15.15,14.862,14.97,7900
2014-03-11,14.581,14.95,14.581,14.95,7300
2014-03-12,14.59,14.59,12.8101,13.65,44700
2014-03-13,13.45,13.73,13.2516,13.73,11500
2014-03-14,13.55,13.95,13.55,13.9,12600
2014-03-17,13.75,13.75,12.45,12.94,103600
2014-03-18,12.85,13.2399,12.65,13.04,39200
2014-03-19,13.0,13.31,12.85,13.0,40500
2014-03-20,13.0,13.19,12.95,13.0,32000
2014-03-21,12.8,13.19,12.8,13.0,21500
2014-03-24,13.0,13.01,12.85,12.86,9900
2014-03-25,12.98,12.99,12.0501,12.64,22300
2014-03-26,12.9,12.95,12.72,12.72,7100
2014-03-27,12.79,12.88,12.65,12.72,36400
2014-03-28,12.72,12.89,12.7,12.89,6000
2014-03-31,12.9,12.9,12.1,12.73,31300
2014-04-01,12.6601,12.98,12.6601,12.82,15200
2014-04-02,12.81,12.98,12.72,12.84,16700
2014-04-03,12.9484,12.95,12.79,12.79,16000
2014-04-04,12.8,12.8,12.44,12.66,31200
2014-04-07,12.42,12.53,12.05,12.2,18400
2014-04-08,12.39,12.599,12.1,12.22,14900
2014-04-09,12.3,12.64,12.1,12.47,34200
2014-04-10,12.53,12.54,12.16,12.4,4600
2014-04-11,12.39,12.58,12.35,12.35,7100
2014-04-14,12.55,12.57,12.0688,12.18,15600
2014-04-15,12.0129,12.29,12.0129,12.2,7800
2014-04-16,12.2,12.44,12.1999,12.35,13800
2014-04-17,12.3001,12.386,12.16,12.32,21100
2014-04-21,12.07,12.42,12.0101,12.36,11100
2014-04-22,12.2899,12.36,12.15,12.29,23300
2014-04-23,12.245,12.25,12.07,12.07,23500
2014-04-24,12.23,12.23,12.0,12.08,23100
2014-04-25,12.0,12.23,11.95,12.07,36300
2014-04-28,10.18,12.13,10.18,12.02,14600
2014-04-29,12.0,12.18,11.96,12.06,16000
2014-04-30,12.0,12.1,11.9301,12.01,13700
2014-05-01,12.01,12.177,11.93,12.01,14100
2014-05-02,12.03,12.21,12.03,12.14,13700
2014-05-05,12.24,12.89,12.24,12.57,41300
2014-05-06,12.6,12.6,11.99,12.3,22100
2014-05-07,12.26,12.5,12.19,12.37,25700
2014-05-08,12.43,12.49,12.3,12.46,8400
2014-05-09,12.1801,12.4487,12.18,12.27,5500
2014-05-12,12.3,12.46,12.06,12.36,30400
2014-05-13,12.35,12.35,12.16,12.18,7400
2014-05-14,12.15,12.23,11.86,11.9,24900
2014-05-15,12.1,12.11,11.97,12.08,5800
2014-05-16,11.98,12.11,11.96,12.06,16400
2014-05-19,12.011,12.2,11.9,11.91,23400
2014-05-20,11.91,12.13,11.91,12.0,6600
2014-05-21,12.07,12.08,12.0,12.01,1700
2014-05-22,11.9,12.02,11.9,11.91,16400
2014-05-23,11.96,12.16,11.96,12.0,1800
2014-05-27,12.05,12.19,12.05,12.13,6600
2014-05-28,12.06,12.2,11.72,12.05,14700
2014-05-29,12.05,12.17,11.68,12.1,12100
2014-05-30,12.11,12.18,12.1,12.17,8100
2014-06-02,12.19,12.2,12.03,12.15,5200
2014-06-03,12.03,12.15,12.03,12.15,3200
2014-06-04,12.06,12.15,12.06,12.15,3700
2014-06-05,12.09,12.14,11.93,12.14,33400
2014-06-06,12.14,12.15,11.81,11.97,35800
2014-06-09,11.92,12.2,11.88,12.1,7300
2014-06-10,12.15,12.2,11.92,12.2,3100
2014-06-11,12.14,12.19,11.92,12.18,7300
2014-06-12,12.19,12.2,12.1,12.1,5000
2014-06-13,12.2,12.25,11.91,12.15,8800
2014-06-16,12.22,12.46,12.22,12.34,19700
2014-06-17,12.42,12.7,12.36,12.56,12300
2014-06-18,12.62,13.25,12.43,13.05,20700
2014-06-19,13.126,13.77,13.126,13.49,16300
2014-06-20,13.59,13.8,13.32,13.5,16300
2014-06-23,13.68,13.8,13.65,13.75,10300
2014-06-24,13.61,13.95,13.61,13.64,19300
2014-06-25,13.67,13.7999,13.18,13.32,25100
2014-06-26,13.45,13.71,13.11,13.47,5700
2014-06-27,13.55,13.6499,13.12,13.3,11600
2014-06-30,13.2,13.24,13.0,13.0,9700
2014-07-01,13.0001,13.01,12.7501,12.85,7600
2014-07-02,12.91,13.22,12.91,13.13,10900
2014-07-03,13.29,13.29,12.96,13.11,1500
2014-07-07,13.1,13.1,12.921,13.03,2900
2014-07-08,12.85,12.85,12.5,12.7,9100
2014-07-09,12.8,13.1299,12.711,13.1,7000
2014-07-10,12.7,13.17,12.7,13.1,12100
2014-07-11,13.21,13.27,13.03,13.15,12800
2014-07-14,13.3,13.3,12.9701,13.15,7300
2014-07-15,13.25,13.32,13.14,13.2,1200
2014-07-16,13.17,13.1775,12.88,13.16,2900
2014-07-17,13.2,13.2,12.96,13.15,11400
2014-07-18,13.0,13.15,12.95,13.05,11700
2014-07-21,12.98,13.12,12.9,13.03,8500
2014-07-22,13.02,13.4699,13.0,13.35,11900
2014-07-23,13.26,13.2601,12.97,13.1,8600
2014-07-24,13.1,13.1,12.73,13.05,6600
2014-07-25,13.01,13.02,12.94,12.94,1100
2014-07-28,13.04,13.06,12.845,13.0,11800
2014-07-29,13.0,13.36,12.99,13.2,16600
2014-07-30,13.1,13.32,12.96,13.2,9600
2014-07-31,13.19,13.5,13.05,13.25,11100
2014-08-01,13.23,13.57,13.04,13.19,10000
2014-08-04,13.37,13.49,12.97,13.17,24700
2014-08-05,13.02,13.41,13.02,13.14,10800
2014-08-06,13.11,13.11,12.71,12.82,20900
2014-08-07,13.25,13.7,13.2,13.55,65600
2014-08-08,13.64,13.65,13.35,13.65,12000
2014-08-11,13.69,13.8,13.55,13.65,6200
2014-08-12,13.61,13.8,13.54,13.8,11900
2014-08-13,13.93,13.94,13.78,13.81,5600
2014-08-14,13.72,14.48,13.72,14.239,50300
2014-08-15,14.27,14.7099,14.27,14.555,27200
2014-08-18,14.77,14.78,14.6,14.68,15500
2014-08-19,14.62,14.75,14.0,14.31,22700
2014-08-20,14.47,14.47,14.15,14.15,8000
2014-08-21,14.15,14.15,14.0,14.01,9200
2014-08-22,14.0001,14.0861,13.87,13.87,7800
2014-08-25,14.02,14.02,13.88,13.9,11300
2014-08-26,14.0,14.0,13.85,13.98,3700
2014-08-27,13.99,13.99,13.83,13.86,7400
2014-08-28,13.8431,14.01,13.8431,14.0,6300
2014-08-29,14.15,14.15,13.7501,13.91,8800
2014-09-02,13.91,14.14,13.91,14.0,10600
2014-09-03,14.12,14.12,13.92,13.92,8300
2014-09-04,13.77,13.94,13.08,13.28,32000
2014-09-05,13.41,13.6997,13.25,13.68,17200
2014-09-08,13.69,13.9,13.291,13.67,4900
2014-09-09,13.72,13.94,13.7,13.87,11200
2014-09-10,13.85,14.15,13.85,14.03,15800
2014-09-11,14.11,14.15,13.85,13.85,16400
2014-09-12,13.96,14.1,13.95,14.0,8800
2014-09-15,14.07,14.13,13.9,13.97,8400
2014-09-16,14.07,14.17,13.95,14.17,12000
2014-09-17,14.1,14.13,13.75,14.0,11600
2014-09-18,13.9587,14.24,13.9587,14.24,4200
2014-09-19,14.25,14.3,13.83,13.83,10000
2014-09-22,13.8,14.15,13.75,13.8,32029
2014-09-23,14.0,14.1,13.86,14.05,2476
2014-09-24,13.96,14.45,13.8601,14.42,9815
2014-09-25,14.39,14.45,14.101,14.26,2763
2014-09-26,14.09,14.31,14.03,14.04,4737
2014-09-29,13.96,14.4,13.9,14.15,13852
2014-09-30,14.18,14.32,13.95,14.32,25514
2014-10-01,14.2,14.27,13.77,13.8,12201
2014-10-02,13.8,14.24,13.8,14.1,13313
2014-10-03,14.019,14.24,14.01,14.125,10223
2014-10-06,14.03,14.2,14.01,14.08,5080
2014-10-07,14.059,14.18,14.0,14.03,1616
2014-10-08,13.98,13.98,13.574,13.84,13587
2014-10-09,13.75,13.95,13.75,13.81,3227
2014-10-10,13.86,13.95,13.6,13.95,30131
2014-10-13,13.73,13.73,13.5,13.5,5946
2014-10-14,13.5,13.76,13.27,13.3,10595
2014-10-15,13.26,13.49,13.22,13.22,48162
2014-10-16,13.073,13.63,13.073,13.62,2000
2014-10-17,13.62,14.09,13.62,14.0,10494
2014-10-20,13.8571,13.8571,13.76,13.76,3289
2014-10-21,13.74,13.81,13.67,13.75,5786
2014-10-22,13.95,13.95,13.11,13.26,29564
2014-10-23,13.65,13.65,13.41,13.55,7960
2014-10-24,13.5,13.6,13.45,13.52,11245
2014-10-27,13.39,13.49,13.25,13.35,17534
2014-10-28,13.35,13.88,13.35,13.4801,4121
2014-10-29,13.55,13.74,13.5,13.56,6791
2014-10-30,13.52,13.52,12.85,12.85,10012
2014-10-31,13.0,13.49,13.0,13.3,11131
2014-11-03,13.4,13.49,13.25,13.41,14633
2014-11-04,13.47,13.98,13.33,13.35,10562
2014-11-05,13.75,13.99,13.51,13.51,16869
2014-11-06,13.74,13.99,13.66,13.96,5965
2014-11-07,13.82,13.95,13.72,13.79,7829
2014-11-10,13.7,13.94,13.6701,13.6701,7772
2014-11-11,13.79,13.96,13.57,13.6,9820
2014-11-12,13.76,13.76,13.58,13.69,2441
2014-11-13,13.6,13.64,13.19,13.19,16916
2014-11-14,13.16,13.27,13.15,13.19,11904
2014-11-17,13.19,13.19,12.8,12.8601,8854
2014-11-18,12.88,13.09,12.62,12.7,16109
2014-11-19,12.73,12.73,12.5001,12.52,4743
2014-11-20,12.53,12.69,12.47,12.69,19490
2014-11-21,12.53,13.205,12.53,13.06,28969
2014-11-24,13.2,13.21,12.9101,12.9101,6411
2014-11-25,13.05,13.1999,12.908,12.99,6502
2014-11-26,13.09,13.09,12.669,12.76,10621
2014-11-28,12.9,12.9438,12.88,12.88,1020
2014-12-01,13.0,13.0,12.7801,12.84,7050
2014-12-02,12.7001,12.92,12.7001,12.9048,930
2014-12-03,13.0,13.71,12.99,13.62,16059
2014-12-04,13.35,13.64,13.12,13.44,17366
2014-12-05,13.52,13.8,13.38,13.4,7945
2014-12-08,13.43,13.69,13.345,13.42,4992
2014-12-09,13.33,13.57,12.52,13.44,18172
2014-12-10,13.49,13.65,13.1801,13.2,2904
2014-12-11,13.22,13.64,13.22,13.63,5390
2014-12-12,13.22,13.5,13.22,13.5,766
2014-12-15,13.5001,13.5001,13.09,13.29,9652
2014-12-16,13.31,13.54,13.31,13.5,17866
2014-12-17,13.58,13.73,13.56,13.7,7811
2014-12-18,13.65,13.79,13.42,13.64,7454
2014-12-19,13.51,13.67,13.45,13.57,15663
2014-12-22,13.49,13.73,13.49,13.68,1285
2014-12-23,13.689,13.84,13.63,13.7,1945
2014-12-24,13.5578,13.7,13.49,13.68,6144
2014-12-26,13.53,13.7,13.5,13.65,10371
2014-12-29,13.48,13.81,13.48,13.75,6682
2014-12-30,13.84,14.0,13.58,13.97,17317
2014-12-31,13.68,14.0,13.51,13.9999,2228
2015-01-02,13.651,14.0,13.65,13.92,5086
2015-01-05,14.02,14.2,13.86,14.2,4248
2015-01-06,13.95,14.25,13.77,14.25,2095
2015-01-07,14.25,14.25,14.15,14.25,2792
2015-01-08,14.24,14.56,14.22,14.5,5496
2015-01-09,14.5001,14.9,14.5,14.83,5517
2015-01-12,14.71,15.0,14.52,14.56,8692
2015-01-13,14.84,15.0,14.7501,14.95,14070
2015-01-14,14.65,14.9,14.65,14.73,10262
2015-01-15,14.42,14.55,13.75,13.81,15325
2015-01-16,13.81,13.8922,13.61,13.72,6318
2015-01-20,13.77,14.0,13.75,13.9,5083
2015-01-21,14.3699,14.424,13.66,13.85,7413
2015-01-22,13.75,14.0499,13.75,14.0,3368
2015-01-23,14.21,14.847,13.84,14.7,16277
2015-01-26,14.8,14.8,14.34,14.5,3971
2015-01-27,14.65,14.8701,14.61,14.815,8274
2015-01-28,15.0,15.2499,14.95,15.15,20811
2015-01-29,14.6039,15.18,14.6039,15.0101,12976
2015-01-30,14.85,14.85,14.5,14.5,4613
2015-02-02,14.78,14.78,14.3,14.7,6989
2015-02-03,14.69,14.81,14.25,14.6899,8011
2015-02-04,14.25,14.78,14.25,14.48,19661
2015-02-05,14.37,14.83,14.31,14.37,9072
2015-02-06,14.3,14.54,14.3,14.42,12684
2015-02-09,14.26,14.5,14.26,14.49,8024
2015-02-10,14.39,14.489,14.26,14.4,6600
2015-02-11,14.38,14.55,14.36,14.4,7587
2015-02-12,14.4732,14.69,14.4,14.69,2814
2015-02-13,14.849,14.849,14.6,14.75,3470
2015-02-17,14.7,14.7,13.85,14.7,23448
2015-02-18,14.69,14.6999,14.3801,14.5,1793
2015-02-19,14.28,14.43,14.19,14.43,14833
2015-02-20,14.58,14.65,14.25,14.5,9003
2015-02-23,14.22,14.47,14.0,14.01,12026
2015-02-24,14.23,14.36,14.0501,14.25,4335
2015-02-25,13.9,14.0519,13.85,14.0,3670
2015-02-26,13.96,14.2,13.86,14.2,6652
2015-02-27,14.2,14.2,14.051,14.1,2878
2015-03-02,14.2899,14.2899,14.02,14.22,5950
2015-03-03,14.23,14.23,13.91,14.04,1593
2015-03-04,13.86,13.96,13.85,13.96,683
2015-03-05,14.07,14.28,13.981,14.115,5731
2015-03-06,14.12,14.2099,13.99,14.06,2584
2015-03-09,14.0,14.25,14.0,14.05,5342
2015-03-10,14.24,14.29,13.99,14.11,7276
2015-03-11,14.18,14.29,13.98,14.02,6355
2015-03-12,14.25,15.1,14.25,14.8,32107
2015-03-13,14.89,14.89,14.67,14.87,8813
2015-03-16,14.87,15.0,14.5,14.82,17745
2015-03-17,15.01,15.01,14.5925,14.82,6311
2015-03-18,14.9,15.68,14.8071,15.498,26904
2015-03-19,15.5,15.6,15.3,15.49,8097
2015-03-20,15.202,15.5,15.202,15.38,9073
2015-03-23,15.56,15.75,15.42,15.7,21583
2015-03-24,15.7,16.39,15.6001,16.3585,49251
2015-03-25,16.45,16.69,16.4001,16.55,22483
2015-03-26,16.55,16.76,16.0,16.4026,37520
2015-03-27,16.3,16.3,16.07,16.3,14834
2015-03-30,16.3,16.69,16.3,16.62,39531
2015-03-31,16.49,17.3145,16.49,17.17,30262
2015-04-01,17.28,17.5,17.02,17.4,34712
2015-04-02,17.25,17.79,17.25,17.7,126955
2015-04-06,17.85,19.4,17.85,18.65,300917
2015-04-07,19.05,19.1715,18.26,18.27,58792
2015-04-08,18.46,19.0,17.76,19.0,47386
2015-04-09,19.0,19.4,18.27,18.42,50669
2015-04-10,18.53,18.97,18.4701,18.73,23031
2015-04-13,18.73,19.25,18.33,18.89,88300
2015-04-14,19.05,19.05,18.2665,18.75,40602
2015-04-15,18.3,19.24,18.3,18.5,25696
2015-04-16,18.7,18.89,18.57,18.84,22233
2015-04-17,18.93,18.94,18.51,18.69,26863
2015-04-20,18.83,19.24,18.8,19.07,65345
2015-04-21,19.15,19.88,19.1,19.7,37284
2015-04-22,19.7,19.89,19.25,19.55,26773
2015-04-23,19.5,19.5,19.16,19.161,17842
2015-04-24,19.2,19.2,18.8,19.2,58804
2015-04-27,19.2,20.52,19.2,19.92,125279
2015-04-28,20.13,21.21,20.0,21.21,151991
2015-04-29,21.82,22.0,21.42,21.95,135205
2015-04-30,22.0,22.0,21.03,21.88,65688
2015-05-01,21.63,21.85,21.15,21.77,50157
2015-05-04,22.0,22.0,21.73,21.76,66801
2015-05-05,21.97,21.97,21.095,21.48,50938
2015-05-06,21.52,21.68,21.0,21.55,36753
2015-05-07,21.78,22.79,21.25,22.23,117025
2015-05-08,22.63,23.5,22.48,23.1,163576
2015-05-11,23.77,24.4,21.41,22.0,160745
2015-05-12,21.57,22.495,21.57,22.2,144864
2015-05-13,22.6,24.208,22.33,23.8,205860
2015-05-14,24.14,25.0,23.7757,24.73,292666
2015-05-15,25.17,25.49,24.71,24.8,172394
2015-05-18,25.79,26.0,24.8,25.45,306947
2015-05-19,25.15,25.96,24.85,25.6,177813
2015-05-20,25.82,26.0,25.14,26.0,150125
2015-05-21,26.249,27.5,26.19,27.33,235421
2015-05-22,27.5,28.0,27.04,27.5,198610
2015-05-26,27.6,27.6,24.35,25.35,327290
2015-05-27,25.64,26.46,25.01,26.22,125551
2015-05-28,26.23,27.33,26.0087,27.05,125963
2015-05-29,27.25,27.25,24.5,26.01,192510
2015-06-01,26.23,27.28,25.76,27.28,183730
2015-06-02,27.2,27.33,26.11,26.97,168252
2015-06-03,27.05,28.18,26.6301,28.05,300531
2015-06-04,28.08,28.19,27.39,28.19,137611
2015-06-05,28.19,28.49,27.5001,28.4,115482
2015-06-08,28.47,28.68,27.7,28.25,211393
2015-06-09,28.19,28.48,28.03,28.41,98471
2015-06-10,28.32,28.68,28.2,28.55,90290
2015-06-11,28.95,28.95,27.9,28.46,150625
2015-06-12,28.16,28.55,27.95,28.34,87087
2015-06-15,27.15,27.95,24.56,26.05,353400
2015-06-16,26.05,26.05,23.0,23.15,483113
2015-06-17,22.82,24.6,22.76,24.02,199153
2015-06-18,24.02,24.2,21.12,22.96,414518
2015-06-19,22.68,23.4199,22.0,23.35,228323
2015-06-22,23.34,24.3699,23.12,23.94,186244
2015-06-23,23.94,24.15,23.27,23.56,94058
2015-06-24,23.39,23.71,22.79,23.11,95638
2015-06-25,22.62,23.33,22.54,23.25,109125
2015-06-26,23.13,23.22,22.18,22.49,630707
2015-06-29,19.65,22.25,19.4005,21.73,165400
2015-06-30,22.04,23.02,21.81,22.84,104497
2015-07-01,23.4,23.4,22.19,22.28,82427
2015-07-02,22.11,22.15,20.08,20.46,109335
2015-07-06,20.01,21.47,20.01,20.71,203082
2015-07-07,20.17,20.4,19.26,20.18,115673
2015-07-08,20.03,20.636,19.68,20.52,91474
2015-07-09,20.4,20.62,20.0,20.3,66620
2015-07-10,20.62,21.27,20.32,20.85,63629
2015-07-13,20.84,21.42,20.14,20.42,75578
2015-07-14,20.23,20.94,20.11,20.76,52018
2015-07-15,20.57,20.57,20.06,20.06,56970
2015-07-16,20.37,21.81,20.15,21.16,79453
2015-07-17,21.14,21.14,20.155,20.59,47532
2015-07-20,20.39,20.52,19.35,20.41,100608
2015-07-21,20.15,20.66,20.085,20.49,39377
2015-07-22,20.49,20.52,19.73,19.88,56144
2015-07-23,19.82,20.31,19.48,20.3,48721
2015-07-24,20.05,20.15,18.7969,18.93,91071
2015-07-27,18.73,19.37,18.37,18.49,44595
2015-07-28,18.44,18.8,17.97,18.67,105378
2015-07-29,18.47,19.42,18.47,19.24,43111
2015-07-30,19.23,19.61,18.95,19.6,41022
2015-07-31,19.86,19.86,18.64,19.08,47471
2015-08-03,18.61,19.1804,17.82,18.02,73464
2015-08-04,17.91,18.46,17.69,18.07,33069
2015-08-05,18.4,18.89,18.12,18.82,72346
2015-08-06,18.73,18.73,17.92,18.1,31505
2015-08-07,17.95,18.11,17.501,17.7,41950
2015-08-10,18.76,20.99,18.76,20.71,112608
2015-08-11,19.63,20.76,19.63,20.76,62594
2015-08-12,20.76,21.63,19.928,21.39,79296
2015-08-13,21.35,22.35,21.1,21.42,49854
2015-08-14,21.9,22.07,20.47,22.01,59329
2015-08-17,21.99,22.49,21.55,21.91,43891
2015-08-18,21.63,21.77,20.58,20.66,34050
2015-08-19,20.85,20.85,20.02,20.41,53392
2015-08-20,20.28,20.6699,19.824,19.92,32701
2015-08-21,19.8,20.42,19.32,20.23,38287
2015-08-24,19.32,20.38,18.96,19.38,77908
2015-08-25,19.67,19.72,19.25,19.38,45324
2015-08-26,19.84,20.2878,18.7,19.79,57172
2015-08-27,19.98,20.54,19.45,20.32,52767
2015-08-28,20.1,21.75,20.06,21.75,55295
2015-08-31,21.63,22.02,21.53,21.85,64347
2015-09-01,21.53,21.729,19.88,20.02,37165
2015-09-02,20.42,20.42,19.045,20.03,43881
2015-09-03,19.78,20.0,19.54,19.56,29682
2015-09-04,19.36,19.58,19.11,19.43,36540
2015-09-08,19.77,20.15,19.37,19.95,47162
2015-09-09,20.28,20.28,19.18,19.26,26064
2015-09-10,19.18,20.09,19.18,20.09,30268
2015-09-11,19.78,19.88,19.33,19.46,28286
2015-09-14,19.39,19.39,19.09,19.13,30718
2015-09-15,19.32,19.7999,19.14,19.56,15464
2015-09-16,19.55,19.7,19.26,19.5,18662
2015-09-17,19.38,20.09,19.38,19.83,39226
2015-09-18,19.49,19.96,19.0,19.31,102771
2015-09-21,19.56,19.56,18.5,18.75,47784
2015-09-22,18.0,18.824,18.0,18.62,32256
2015-09-23,18.526,18.54,18.12,18.26,25290
2015-09-24,18.19,19.3,18.11,19.21,37473
2015-09-25,19.42,19.42,17.69,17.81,33755
2015-09-28,17.77,17.77,16.86,17.46,35215
2015-09-29,17.36,18.87,17.33,18.81,43017
2015-09-30,18.68,18.92,17.37,18.45,62952
2015-10-01,18.57,18.97,18.2504,18.8,23821
2015-10-02,18.74,18.91,18.16,18.61,23732
2015-10-05,18.55,18.91,18.465,18.71,30584
2015-10-06,18.87,19.14,18.87,19.07,23515
2015-10-07,19.12,20.45,19.12,20.03,32871
2015-10-08,20.05,20.49,19.75,20.47,13651
2015-10-09,20.64,20.64,19.8,20.23,18184
2015-10-12,19.8,20.0099,19.44,19.66,12839
2015-10-13,19.68,20.19,19.44,19.51,14615
2015-10-14,19.48,19.65,18.9,19.04,14735
2015-10-15,19.02,19.78,18.6,19.75,22164
2015-10-16,19.74,19.74,19.138,19.16,13521
2015-10-19,19.14,19.85,18.97,19.7,17202
2015-10-20,19.75,19.99,19.42,19.8,17621
2015-10-21,19.9,19.9699,19.5,19.52,14757
2015-10-22,19.41,20.08,19.41,19.64,27099
2015-10-23,19.74,20.23,19.42,20.13,23604
2015-10-26,20.1,20.48,20.1,20.46,14193
2015-10-27,20.32,20.32,19.26,19.42,78141
2015-10-28,19.73,20.75,19.73,20.72,27200
2015-10-29,20.39,20.68,19.64,19.82,24759
2015-10-30,19.64,20.19,19.6,20.04,33108
2015-11-02,20.148,21.49,19.99,21.46,33027
2015-11-03,21.49,21.98,20.0,21.97,33854
2015-11-04,22.0,22.0,20.2,21.23,29888
2015-11-05,18.0,18.0,15.27,15.61,196772
2015-11-06,15.78,16.25,14.77,15.0,133409
2015-11-09,15.0,15.64,14.8,15.37,50002
2015-11-10,15.11,15.541,15.11,15.35,14597
2015-11-11,15.3,15.35,14.8,15.12,46938
2015-11-12,14.92,15.16,14.52,14.58,44096
2015-11-13,14.39,14.698,14.25,14.26,41924
2015-11-16,14.3,14.61,13.95,14.54,61632
2015-11-17,14.6,14.63,13.5,13.69,48757
2015-11-18,13.92,14.19,13.41,14.16,42263
2015-11-19,14.31,14.31,13.5,13.56,27988
2015-11-20,13.55,13.6899,12.91,13.48,78086
2015-11-23,13.29,13.78,13.263,13.44,31574
2015-11-24,13.59,13.63,13.44,13.55,14843
2015-11-25,13.39,14.01,13.31,13.8,22130
2015-11-27,13.67,13.93,13.5,13.82,4084
2015-11-30,13.85,14.5,13.85,14.25,31675
2015-12-01,14.4,14.7,13.96,14.67,19660
2015-12-02,14.59,14.715,14.03,14.24,21810
2015-12-03,14.26,14.28,13.5,13.54,20129
2015-12-04,13.45,13.45,12.59,12.6,132611
2015-12-07,12.63,12.72,12.0,12.24,51483
2015-12-08,12.0,12.2,11.39,11.7,31930
2015-12-09,11.72,12.16,11.51,11.61,33409
2015-12-10,11.6356,11.77,11.38,11.5,43457
2015-12-11,11.19,11.44,11.0,11.19,75002
2015-12-14,11.35,12.19,11.19,12.12,94732
2015-12-15,12.1,12.43,11.94,12.36,32309
2015-12-16,12.44,12.9,12.44,12.76,28033
2015-12-17,13.1,13.1,12.25,12.5,21452
2015-12-18,12.51,13.0,12.25,13.0,56814
2015-12-21,13.09,13.09,12.22,12.72,39761
2015-12-22,12.686,12.73,12.54,12.66,27185
2015-12-23,12.66,13.38,12.66,13.32,25792
2015-12-24,13.18,13.295,13.14,13.15,5983
2015-12-28,13.37,13.4,12.76,12.85,20608
2015-12-29,13.01,13.487,12.75,13.37,28267
2015-12-30,13.37,13.37,12.82,12.82,19525
2015-12-31,13.19,13.19,12.8,12.83,39105
2016-01-04,12.75,12.76,11.9,12.25,50106
2016-01-05,12.4,12.4,11.72,11.82,32097
2016-01-06,11.73,11.85,11.42,11.63,30380
2016-01-07,11.37,11.5,10.7299,10.84,33605
2016-01-08,10.76,10.76,10.01,10.02,48600
2016-01-11,10.07,10.1265,9.81,9.84,44304
2016-01-12,10.0,10.025,9.4,9.67,48605
2016-01-13,9.81,9.81,9.27,9.45,38866
2016-01-14,9.51,10.22,9.46,10.06,19158
2016-01-15,9.75,9.9499,9.5,9.76,27061
2016-01-19,9.85,9.98,9.52,9.84,32799
2016-01-20,9.73,10.3,9.4,10.12,39812
2016-01-21,10.22,10.48,10.1,10.39,17772
2016-01-22,10.57,10.83,10.38,10.6,20020
2016-01-25,10.54,10.6,10.165,10.25,23918
2016-01-26,10.45,10.48,10.05,10.33,17912
2016-01-27,10.31,10.55,10.035,10.12,20887
2016-01-28,10.43,10.43,10.14,10.3,14076
2016-01-29,10.25,10.915,10.25,10.83,23608
2016-02-01,10.85,10.9,10.3801,10.73,16535
2016-02-02,10.57,10.93,10.41,10.63,16128
2016-02-03,10.82,10.88,10.28,10.66,17037
2016-02-04,10.72,11.3,10.71,10.78,19641
2016-02-05,10.8,11.28,10.6,10.6,21919
2016-02-08,10.51,10.51,10.24,10.28,33363
2016-02-09,10.28,10.28,10.08,10.15,29181
2016-02-10,10.29,10.6932,9.99,10.0,48145
2016-02-11,9.71,10.07,9.23,9.92,39062
2016-02-12,10.05,10.34,9.65,10.3,11085
2016-02-16,10.5,10.86,10.29,10.85,19477
2016-02-17,10.86,11.06,10.86,10.98,15933
2016-02-18,10.98,11.03,10.8,11.01,22196
2016-02-19,10.99,11.1,10.74,10.99,16061
2016-02-22,11.15,11.81,11.08,11.69,23964
2016-02-23,11.48,11.6099,11.22,11.35,26094
2016-02-24,11.15,11.55,10.82,11.43,21223
2016-02-25,11.44,11.54,11.0,11.06,23780
2016-02-26,11.1,11.6,11.1,11.49,18244
2016-02-29,11.43,11.62,11.29,11.38,19349
2016-03-01,11.51,11.51,11.34,11.48,17331
2016-03-02,11.37,11.75,11.3026,11.71,9390
2016-03-03,11.76,12.13,11.66,12.03,25967
2016-03-04,12.06,12.85,11.82,12.78,23593
2016-03-07,12.74,13.25,12.68,13.13,22154
2016-03-08,13.02,13.03,12.57,12.57,21915
2016-03-09,12.59,12.8099,12.5331,12.8,10539
2016-03-10,12.8,12.8,11.76,11.94,27530
2016-03-11,12.0,12.46,11.79,12.44,24440
2016-03-14,12.45,12.45,12.25,12.35,22250
2016-03-15,12.45,12.45,12.18,12.26,14675
2016-03-16,12.15,12.15,11.96,12.03,7863
2016-03-17,12.12,12.45,12.12,12.37,16264
2016-03-18,12.35,12.52,12.26,12.35,35860
2016-03-21,12.35,12.5,12.32,12.35,22532
2016-03-22,12.34,12.52,12.32,12.35,18342
2016-03-23,12.27,12.48,12.035,12.12,32090
2016-03-24,12.11,12.17,12.0,12.12,17773
2016-03-28,12.42,12.42,12.1,12.15,26613
2016-03-29,12.15,13.19,12.15,13.06,21427
2016-03-30,13.39,13.39,12.84,12.93,30145
2016-03-31,12.94,12.95,12.48,12.48,21705
2016-04-01,12.24,12.44,12.16,12.23,15624
2016-04-04,12.41,12.41,11.76,11.85,18783
2016-04-05,11.89,12.04,11.41,11.54,24385
2016-04-06,11.6,11.61,11.2701,11.53,13532
2016-04-07,11.47,11.68,11.31,11.44,23408
2016-04-08,11.34,11.525,11.0,11.07,26042
2016-04-11,11.25,11.26,10.96,10.98,17312
2016-04-12,10.97,11.25,10.815,11.03,39214
2016-04-13,11.17,11.17,10.81,10.95,25683
2016-04-14,10.96,10.96,10.86,10.89,13504
2016-04-15,10.91,10.96,10.75,10.77,20073
2016-04-18,10.73,10.94,10.65,10.87,63461
2016-04-19,10.96,11.36,10.9125,11.23,22744
2016-04-20,11.25,11.59,11.09,11.45,43439
2016-04-21,11.33,11.54,11.33,11.46,12762
2016-04-22,11.52,11.84,11.52,11.75,17009
2016-04-25,11.8,11.94,11.48,11.77,19105
2016-04-26,11.85,12.08,11.85,12.05,26370
2016-04-27,12.02,12.41,11.7,12.18,47116
2016-04-28,12.14,12.4,12.02,12.13,41006
2016-04-29,12.1,12.1,11.65,11.73,23785
2016-05-02,11.7,11.7,11.2868,11.47,31579
2016-05-03,11.45,11.45,11.08,11.34,27680
2016-05-04,11.45,12.45,11.23,12.45,266095
2016-05-05,12.33,12.33,11.25,11.38,43251
2016-05-06,11.38,11.6168,11.32,11.46,33792
2016-05-09,11.75,12.91,11.53,12.24,55108
2016-05-10,12.39,13.45,12.39,13.25,65236
2016-05-11,13.16,13.19,12.26,12.36,42254
2016-05-12,12.53,13.0,12.1,12.8,35701
2016-05-13,12.71,12.99,12.68,12.96,16641
2016-05-16,12.86,13.095,12.25,12.51,28351
2016-05-17,12.38,12.59,11.77,11.88,50902
2016-05-18,12.0,12.19,11.89,12.0,13311
2016-05-19,11.95,11.98,11.54,11.88,21543
2016-05-20,12.0,12.64,12.0,12.32,19551
2016-05-23,12.17,12.66,12.04,12.37,28749
2016-05-24,12.32,12.8,12.32,12.8,22391
2016-05-25,12.73,13.43,12.73,13.09,34595
2016-05-26,13.39,13.39,12.86,13.0,13778
2016-05-27,12.94,13.133,12.43,12.68,32286
2016-05-31,12.68,12.8999,12.48,12.61,38314
2016-06-01,12.48,13.0,12.405,12.9,14900
2016-06-02,12.9,12.9,12.56,12.8,12418
2016-06-03,12.85,12.85,12.37,12.53,18422
2016-06-06,12.49,13.02,12.47,12.88,35946
2016-06-07,12.87,13.5,12.87,13.42,58234
2016-06-08,13.49,13.503,12.91,13.31,31351
2016-06-09,13.22,13.31,12.85,12.91,32511
2016-06-10,12.69,12.93,12.57,12.74,16275
2016-06-13,12.74,13.25,12.74,13.16,33325
2016-06-14,13.2,13.32,12.83,12.94,24510
2016-06-15,13.01,13.25,12.89,13.03,19933
2016-06-16,12.86,13.15,12.7515,13.03,39515
2016-06-17,13.08,13.47,12.98,13.43,46661
2016-06-20,13.72,13.92,13.427,13.66,54936
2016-06-21,13.68,13.78,13.19,13.61,51944
2016-06-22,13.72,14.38,13.0,13.14,101001
2016-06-23,13.34,14.34,13.28,14.31,75009
2016-06-24,13.5,13.79,13.125,13.45,656253
2016-06-27,13.38,13.72,12.83,13.3,73328
2016-06-28,13.69,13.9837,13.06,13.26,69548
2016-06-29,13.4,13.66,13.0,13.0,51727
2016-06-30,13.16,13.79,13.12,13.65,50824
2016-07-01,13.7,14.245,13.7,14.22,55180
2016-07-05,14.33,14.33,13.6842,14.15,46536
2016-07-06,14.18,14.38,13.63,14.22,25757
2016-07-07,14.21,14.369,14.05,14.08,31523
2016-07-08,14.28,14.3,14.04,14.25,33861
2016-07-11,14.19,14.36,14.04,14.08,37697
2016-07-12,14.26,14.365,14.0101,14.09,31838
2016-07-13,14.0,14.21,12.51,13.96,109717
2016-07-14,14.26,14.47,13.91,14.24,29942
2016-07-15,14.35,14.755,14.04,14.43,46097
2016-07-18,14.64,14.83,14.33,14.46,48691
2016-07-19,14.4,14.67,13.98,14.14,45857
2016-07-20,14.11,14.992,14.11,14.86,121747
2016-07-21,14.88,15.6,14.84,15.19,86621
2016-07-22,15.32,15.85,15.06,15.38,84093
2016-07-25,15.55,16.27,15.49,15.76,90697
2016-07-26,15.99,16.73,15.91,16.23,101802
2016-07-27,16.35,17.13,16.04,17.11,79858
2016-07-28,17.08,17.25,16.35,16.57,102838
2016-07-29,16.53,16.76,15.92,15.92,50024
2016-08-01,15.75,16.64,15.71,16.3,159574
2016-08-02,16.47,16.66,15.94,16.23,33744
2016-08-03,16.37,16.4999,16.26,16.34,9491
2016-08-04,16.35,16.76,16.11,16.15,54488
2016-08-05,16.33,16.88,16.2973,16.36,30139
2016-08-08,16.21,16.7,16.135,16.44,47880
2016-08-09,14.9,14.9,13.5101,13.61,160091
2016-08-10,13.56,13.69,12.76,12.97,163108
2016-08-11,13.03,13.1,12.85,12.98,48021
2016-08-12,13.03,13.13,12.51,12.74,63126
2016-08-15,12.5,13.24,11.86,13.16,144768
2016-08-16,13.22,13.85,13.09,13.68,102495
2016-08-17,13.85,14.0369,13.5377,13.95,157414
2016-08-18,14.1,14.1,13.65,14.02,109986
2016-08-19,13.96,14.38,13.6,14.27,125761
2016-08-22,14.4,14.74,13.91,14.66,135081
2016-08-23,14.66,15.04,14.26,14.68,147908
2016-08-24,14.72,15.13,14.33,14.38,110742
2016-08-25,14.68,14.95,14.28,14.64,99456
2016-08-26,14.72,14.74,13.695,13.86,67518
2016-08-29,14.0,14.79,13.89,14.71,91476
2016-08-30,14.59,15.02,14.36,14.86,72665
2016-08-31,14.56,14.86,14.56,14.65,35336
2016-09-01,14.68,15.02,14.3,14.99,109898
2016-09-02,14.95,15.32,14.46,15.16,157785
2016-09-06,15.08,15.1399,14.43,15.01,179393
2016-09-07,14.83,15.21,14.55,15.06,132990
2016-09-08,14.7,15.61,14.7,15.21,95623
2016-09-09,15.15,15.42,14.99,15.23,74092
2016-09-12,15.07,15.205,14.75,14.78,155993
2016-09-13,14.8,14.895,14.36,14.53,71327
2016-09-14,14.35,14.85,14.2633,14.61,77117
2016-09-15,14.63,15.04,14.27,15.0,66442
2016-09-16,14.84,15.13,14.56,14.72,39822
2016-09-19,14.94,15.7,14.53,15.57,114473
2016-09-20,15.62,16.1,15.04,15.56,72493
2016-09-21,15.71,16.14,15.56,15.84,30426
2016-09-22,15.85,16.0,15.67,15.92,74021
2016-09-23,15.81,16.05,15.71,15.99,20881
2016-09-26,15.79,15.93,15.59,15.61,82903
2016-09-27,15.78,15.95,15.28,15.93,51540
2016-09-28,15.99,16.2,15.49,16.2,47765
2016-09-29,16.09,16.64,16.09,16.56,56394
2016-09-30,16.56,17.032,16.25,16.9,80048
2016-10-03,16.99,17.408,16.76,17.28,78016
2016-10-04,17.15,18.145,16.8548,18.04,252175
2016-10-05,17.85,18.33,17.41,18.17,62808
2016-10-06,18.18,18.76,17.76,18.76,222497
2016-10-07,18.62,18.99,18.32,18.84,139714
2016-10-10,18.96,19.47,18.72,19.25,85199
2016-10-11,19.16,19.63,18.5689,18.72,147505
2016-10-12,18.56,19.14,18.25,18.9792,79699
2016-10-13,18.8,18.95,18.42,18.91,37850
2016-10-14,19.01,19.05,18.6,18.74,58405
2016-10-17,18.77,18.98,18.452,18.78,41713
2016-10-18,19.12,19.12,18.12,18.28,45754
2016-10-19,18.3,18.4,18.0,18.25,32807
2016-10-20,18.28,18.91,18.262,18.91,29972
2016-10-21,18.68,18.74,18.06,18.16,34054
2016-10-24,18.24,18.65,17.66,17.76,33799
2016-10-25,17.87,18.08,17.755,17.97,48656
2016-10-26,17.8,18.0,17.7425,17.84,23312
2016-10-27,18.04,18.0599,17.53,17.67,39901
2016-10-28,17.81,17.81,17.28,17.3,30561
2016-10-31,17.31,17.53,17.11,17.42,21374
2016-11-01,17.73,17.98,17.3713,17.91,42413
2016-11-02,17.65,17.96,17.57,17.67,30451
2016-11-03,16.35,16.65,13.5525,13.68,135051
2016-11-04,13.6,14.64,13.6,14.4,77719
2016-11-07,14.45,15.0,14.19,14.98,50396
2016-11-08,14.97,15.4959,14.74,15.33,41443
2016-11-09,14.91,15.65,14.0,15.57,33717
2016-11-10,15.6,16.05,15.18,15.39,43468
2016-11-11,15.28,15.5,15.0,15.43,38080
2016-11-14,15.47,16.25,15.39,16.03,55913
2016-11-15,15.97,16.2,15.91,16.08,58586
2016-11-16,16.06,16.35,15.91,16.19,28573
2016-11-17,16.07,16.26,15.87,15.95,35219
2016-11-18,15.87,16.24,15.75,16.03,27999
2016-11-21,16.09,16.39,15.87,16.15,15144
2016-11-22,16.18,16.72,16.03,16.39,39777
2016-11-23,16.23,16.67,16.2,16.29,32717
2016-11-25,16.29,16.39,16.12,16.29,11721
2016-11-28,16.3,16.37,15.9,16.25,37684
2016-11-29,16.15,17.24,16.13,16.9,31118
2016-11-30,16.98,17.33,15.94,15.95,84865
2016-12-01,16.1,16.91,15.51,16.59,93018
2016-12-02,16.5,17.3,16.25,16.35,93282
2016-12-05,16.31,16.7,15.55,15.79,78526
2016-12-06,15.69,16.55,15.66,16.41,42369
2016-12-07,16.28,17.08,16.28,16.79,47778
2016-12-08,16.74,17.225,16.676,16.79,27677
2016-12-09,16.87,17.4,16.87,16.91,47452
2016-12-12,16.91,17.09,16.91,17.02,23533
2016-12-13,17.0,17.38,16.895,17.06,14497
2016-12-14,17.0,17.3999,16.9,16.95,11455
2016-12-15,17.05,17.39,16.94,17.32,26302
2016-12-16,17.3,17.56,17.25,17.5,42230
2016-12-19,17.5,17.7,17.5,17.56,17975
2016-12-20,17.53,17.7583,17.53,17.68,17874
2016-12-21,17.71,18.04,17.65,17.72,38374
2016-12-22,17.69,17.95,17.14,17.24,11588
2016-12-23,17.31,17.4,16.98,17.38,16515
2016-12-27,17.31,17.38,17.17,17.25,11639
2016-12-28,17.12,17.26,16.89,17.1,21755
2016-12-29,17.06,17.3,16.91,17.3,24044
2016-12-30,17.07,17.25,16.8,17.11,16542
2017-01-03,17.09,17.145,16.42,16.57,20010
2017-01-04,16.5,16.99,16.5,16.69,17392
2017-01-05,16.79,17.21,16.79,17.02,29899
2017-01-06,17.18,17.27,16.65,16.84,17511
2017-01-09,16.76,17.06,16.33,16.33,22761
2017-01-10,16.46,16.665,16.25,16.64,15077
2017-01-11,16.6,16.7537,16.19,16.56,17064
2017-01-12,16.52,16.915,15.85,15.86,15318
2017-01-13,15.85,15.99,15.75,15.79,19082
2017-01-17,15.76,15.849,15.75,15.75,10135
2017-01-18,15.82,15.8959,15.75,15.81,21245
2017-01-19,15.75,15.77,15.055,15.61,59129
2017-01-20,15.61,15.98,15.61,15.74,15226
2017-01-23,15.77,16.0,15.6975,15.72,14375
2017-01-24,15.81,16.0,15.7,15.91,12165
2017-01-25,16.0,16.0,15.7801,15.85,6423
2017-01-26,15.86,16.0,15.81,15.94,21941
2017-01-27,15.95,16.0,15.62,15.8,5593
2017-01-30,15.74,15.89,15.32,15.54,13067
2017-01-31,15.39,15.59,15.34,15.42,21288
2017-02-01,15.58,15.82,15.325,15.41,8234
2017-02-02,15.41,15.49,15.25,15.25,16368
2017-02-03,15.4,15.4,14.98,15.09,17759
2017-02-06,14.53,15.27,14.53,15.0,13785
2017-02-07,15.07,15.19,14.71,14.71,18699
2017-02-08,14.69,14.7,14.42,14.46,19525
2017-02-09,14.5,14.84,14.45,14.62,20299
2017-02-10,14.48,15.8283,14.48,15.78,38290
2017-02-13,15.84,15.84,15.51,15.52,17030
2017-02-14,15.63,15.81,15.46,15.79,23359
2017-02-15,15.71,15.95,15.71,15.89,12067
2017-02-16,15.84,16.74,15.56,16.48,34953
2017-02-17,16.44,16.68,16.145,16.32,13095
2017-02-21,16.2747,16.61,16.2747,16.51,15447
2017-02-22,16.51,16.8561,16.22,16.46,17046
2017-02-23,16.5,16.5,16.0,16.01,13343
2017-02-24,16.0,16.53,15.89,15.92,9491
2017-02-27,15.92,16.35,15.92,16.2,19689
2017-02-28,16.85,16.85,15.85,16.19,14916
2017-03-01,16.4,16.65,16.2,16.34,22788
2017-03-02,16.29,16.32,15.94,16.02,16824
2017-03-03,15.97,16.275,15.78,16.14,11086
2017-03-06,16.02,16.14,15.6,15.63,31437
2017-03-07,15.7,15.94,15.655,15.82,20036
2017-03-08,15.95,15.98,15.37,15.37,10567
2017-03-09,15.49,15.94,15.34,15.39,9488
2017-03-10,15.51,15.88,15.48,15.64,11956
2017-03-13,15.79,15.98,15.295,15.77,11711
2017-03-14,15.73,15.73,15.34,15.45,7870
2017-03-15,15.49,16.0,15.47,15.68,21287
2017-03-16,15.72,16.26,15.72,16.11,12602
2017-03-17,16.08,16.69,16.015,16.49,29672
2017-03-20,16.37,16.52,16.11,16.13,10816
2017-03-21,16.23,16.66,15.8,16.42,15893
2017-03-22,16.3,16.65,15.95,16.51,14301
2017-03-23,16.55,16.75,16.33,16.615,10132
2017-03-24,16.74,16.74,16.18,16.59,21438
2017-03-27,16.32,16.68,16.23,16.33,18575
2017-03-28,16.44,17.92,16.11,17.56,50748
2017-03-29,17.74,18.05,17.12,17.7,55473
2017-03-30,17.66,18.11,17.4,18.04,9108
2017-03-31,17.87,18.19,17.34,17.83,10639
2017-04-03,17.69,17.69,17.15,17.22,4785
2017-04-04,17.22,17.75,16.38,16.76,85704
2017-04-05,17.34,17.37,16.45,17.35,43660
2017-04-06,17.2,18.17,16.89,18.03,43829
2017-04-07,17.88,18.1,17.47,17.77,11202
2017-04-10,18.08,18.08,17.1301,17.41,21394
2017-04-11,17.06,18.04,16.9164,17.73,31805
2017-04-12,17.83,18.03,17.1509,17.71,25064
2017-04-13,17.67,17.7,17.1,17.42,10288
2017-04-17,17.43,17.92,17.21,17.8,15128
2017-04-18,17.7,17.92,17.7,17.8,12050
2017-04-19,17.93,18.09,17.76,18.09,5082
2017-04-20,18.11,18.5,18.0,18.46,25336
2017-04-21,18.44,19.0,18.355,18.85,37651
2017-04-24,19.12,19.21,18.98,19.13,49002
2017-04-25,19.4,19.6,18.85,19.24,41464
2017-04-26,19.53,19.84,19.1001,19.55,24394
2017-04-27,19.6,19.87,19.482,19.86,24242
2017-04-28,19.85,19.87,19.44,19.78,8288
2017-05-01,19.86,19.87,19.51,19.73,13498
2017-05-02,19.75,19.92,19.5048,19.8,18016
2017-05-03,19.91,19.91,19.55,19.89,8033
2017-05-04,19.95,19.95,19.55,19.66,20373
2017-05-05,19.68,19.95,18.87,19.81,25711
2017-05-08,19.81,20.72,19.4599,20.24,32561
2017-05-09,20.46,20.83,20.08,20.49,40834
2017-05-10,20.38,20.8,19.69,19.96,23503
2017-05-11,19.92,20.82,18.85,19.15,35848
2017-05-12,18.99,19.5736,18.805,19.23,38563
2017-05-15,19.31,19.5,19.04,19.39,32484
2017-05-16,19.41,19.5,19.4,19.49,24557
2017-05-17,19.41,19.99,19.41,19.72,19147
2017-05-18,19.66,19.97,19.59,19.65,16157
2017-05-19,19.67,19.93,19.451,19.73,19687
2017-05-22,19.85,19.92,19.58,19.62,18952
2017-05-23,19.87,20.72,19.635,20.56,31055
2017-05-24,20.46,20.9,19.9856,20.83,47982
2017-05-25,20.8,20.9,20.098,20.7,59446
2017-05-26,20.7,21.0,20.475,20.77,35142
2017-05-30,20.67,21.3,20.42,21.18,52353
2017-05-31,21.35,21.395,20.63,20.93,28076
2017-06-01,20.85,21.11,20.735,20.82,17731
2017-06-02,20.865,21.0,20.7682,20.9,41362
2017-06-05,20.82,20.9,19.86,20.81,19018
2017-06-06,20.57,20.79,19.82,20.28,11819
2017-06-07,20.45,20.8,19.92,20.8,19192
2017-06-08,20.68,21.46,20.21,21.31,28805
2017-06-09,21.45,22.25,21.35,21.96,34240
2017-06-12,22.13,22.25,20.54,21.28,30917
2017-06-13,21.23,22.43,21.18,22.1,39468
2017-06-14,21.94,22.58,20.97,21.41,33083
2017-06-15,21.4,21.4,20.29,20.49,34917
2017-06-16,20.56,21.05,20.075,21.05,51558
2017-06-19,20.83,20.98,20.15,20.65,59919
2017-06-20,20.78,20.89,20.39,20.52,21236
2017-06-21,20.47,20.8,20.03,20.25,32346
2017-06-22,20.31,20.52,19.99,20.04,25612
2017-06-23,20.06,21.4,19.55,20.7,694146
2017-06-26,21.0,22.83,20.99,22.45,99746
2017-06-27,22.44,22.44,21.305,21.5,38485
2017-06-28,21.83,22.18,21.2701,21.49,18877
2017-06-29,21.59,22.27,20.8,22.06,38421
2017-06-30,22.07,22.11,21.6,21.61,29295
2017-07-03,21.5,21.98,21.19,21.7,19692
2017-07-05,21.79,22.23,21.16,21.64,29501
2017-07-06,21.75,21.75,21.34,21.55,44662
2017-07-07,21.83,21.83,20.96,21.56,16365
2017-07-10,21.5,21.9,21.5,21.75,32166
2017-07-11,21.86,22.01,21.5,21.65,16867
2017-07-12,21.66,22.06,21.39,21.99,16054
2017-07-13,21.86,21.86,20.68,20.85,21761
2017-07-14,20.8,21.15,20.53,20.86,32290
2017-07-17,20.75,20.945,20.5042,20.62,31229
2017-07-18,20.62,21.02,20.385,20.59,22886
2017-07-19,20.44,21.36,20.09,20.21,28155
2017-07-20,20.18,20.68,20.01,20.34,27196
2017-07-21,20.78,20.78,19.77,19.99,15928
2017-07-24,20.03,20.03,19.52,19.93,28608
2017-07-25,19.96,20.75,19.96,20.09,24751
2017-07-26,20.0399,20.86,19.92,20.08,32693
2017-07-27,20.28,20.28,19.4,19.61,50721
2017-07-28,19.02,19.82,19.02,19.49,34069
2017-07-31,19.22,19.85,18.85,19.07,35531
2017-08-01,18.9,19.75,18.9,19.6,22387
2017-08-02,20.02,20.72,19.78,19.89,73804
2017-08-03,20.25,22.5,20.22,22.5,52671
2017-08-04,24.5,24.5,21.78,22.01,29286
2017-08-07,20.36,22.045,20.36,22.0,55515
2017-08-08,21.89,22.44,21.77,22.1,38816
2017-08-09,21.305,22.45,20.566,22.03,43054
2017-08-10,21.745,21.97,21.485,21.7,33695
2017-08-11,21.85,22.1,21.085,21.85,25591
2017-08-14,22.1,22.39,21.77,22.05,26652
2017-08-15,22.21,22.28,21.68,21.92,12731
2017-08-16,21.8199,22.09,21.19,21.43,21253
2017-08-17,21.395,21.99,20.82,21.07,19745
2017-08-18,20.05,21.5,20.05,20.77,24617
2017-08-21,21.06,21.34,20.1,20.55,25435
2017-08-22,20.42,21.75,20.21,20.54,31597
2017-08-23,20.32,20.74,20.03,20.48,25697
2017-08-24,20.36,20.5,20.04,20.23,18956
2017-08-25,20.56,20.56,20.05,20.31,14291
2017-08-28,20.11,20.34,20.02,20.03,16165
2017-08-29,20.53,20.65,20.22,20.47,10738
2017-08-30,20.58,20.68,20.22,20.49,12031
2017-08-31,20.28,20.74,20.28,20.57,36943
2017-09-01,20.75,21.0,20.41,21.0,11739
2017-09-05,20.76,20.98,20.34,20.55,29154
2017-09-06,20.53,20.96,20.51,20.77,35335
2017-09-07,20.52,20.5895,20.22,20.29,18915
2017-09-08,20.17,20.98,20.04,20.55,17455
2017-09-11,20.7,20.99,20.58,20.96,21526
2017-09-12,20.82,20.89,20.63,20.63,14294
2017-09-13,20.48,20.9116,20.48,20.7,14634
2017-09-14,20.75,21.42,20.35,21.14,20186
2017-09-15,21.39,21.64,20.5,21.14,34179
2017-09-18,21.15,22.0,21.15,21.3,19537
2017-09-19,21.48,21.83,21.41,21.77,29171
2017-09-20,21.95,22.0,21.55,21.74,13696
2017-09-21,21.6216,22.04,21.55,21.75,21166
2017-09-22,21.01,21.96,21.01,21.81,19657
2017-09-25,21.88,22.12,21.55,21.66,16207
2017-09-26,21.45,21.88,21.45,21.6,19045
2017-09-27,21.825,22.0,21.44,22.0,16672
2017-09-28,21.62,22.15,21.5,21.5,18258
2017-09-29,21.6288,22.1,21.5,21.94,21582
2017-10-02,21.85,22.2,21.83,22.0,27119
2017-10-03,22.19,22.19,21.545,21.61,66075
2017-10-04,21.5,22.8,21.4,22.59,26553
2017-10-05,22.25,22.89,22.25,22.89,10587
2017-10-06,23.1,23.2399,22.5856,23.0,13937
2017-10-09,23.03,23.18,22.66,22.66,7665
2017-10-10,22.925,23.39,22.65,23.31,16766
2017-10-11,22.93,23.36,22.79,22.94,12930
2017-10-12,22.79,22.8999,22.62,22.74,7333
2017-10-13,22.7,22.795,22.55,22.55,9524
2017-10-16,22.75,22.75,21.8,22.64,8241
2017-10-17,22.68,22.68,22.28,22.63,5222
2017-10-18,22.4356,23.1699,22.35,22.65,9578
2017-10-19,22.9,23.25,22.28,22.93,14107
2017-10-20,23.31,23.7399,23.22,23.7,6012
2017-10-23,23.7,23.7,22.72,22.82,9695
2017-10-24,22.7,23.8,22.7,23.12,46989
2017-10-25,22.71,23.55,22.71,23.23,11729
2017-10-26,23.35,23.36,23.0,23.36,18559
2017-10-27,23.8499,23.8499,23.03,23.73,17084
2017-10-30,23.67,23.745,23.01,23.21,7564
2017-10-31,23.2475,23.4,23.0,23.21,69123
2017-11-01,23.15,23.4,23.01,23.08,18867
2017-11-02,22.9011,23.3139,21.001,22.33,40585
2017-11-03,22.44,22.44,21.25,21.25,11763
2017-11-06,21.43,21.98,21.27,21.49,6974
2017-11-07,21.34,21.4,20.76,20.86,18931
2017-11-08,20.64,20.75,20.45,20.45,13171
2017-11-09,20.22,20.84,19.94,20.6,14622
2017-11-10,20.65,21.4,19.87,20.36,5346
2017-11-13,20.16,20.7,19.9,20.68,9471
2017-11-14,20.69,21.04,20.2,21.04,14918
2017-11-15,21.1,21.1,20.13,20.73,11366
2017-11-16,20.87,21.11,20.66,21.04,16752
2017-11-17,20.7,21.41,20.45,21.41,27467
2017-11-20,21.41,22.35,21.41,22.35,18856
2017-11-21,22.5,22.93,22.16,22.93,18398
2017-11-22,22.6,22.6,22.3,22.3,19719
2017-11-24,22.72,22.72,22.0608,22.47,5043
2017-11-27,22.36,22.36,21.91,22.3,7983
2017-11-28,22.09,22.36,21.91,22.36,13679
2017-11-29,22.39,22.69,22.04,22.69,8741
2017-11-30,22.61,22.61,21.51,21.52,14378
2017-12-01,21.48,21.71,20.98,21.09,18172
2017-12-04,21.2,21.2,20.38,20.38,31393
2017-12-05,20.5,20.69,20.44,20.44,32798
2017-12-06,20.5,20.56,20.13,20.28,19285
2017-12-07,20.33,20.48,20.14,20.26,17541
2017-12-08,20.26,20.46,19.74,20.07,37185
2017-12-11,20.2,20.74,20.2,20.47,27822
2017-12-12,20.66,21.5,20.52,20.78,15536
2017-12-13,20.88,22.0,20.73,21.74,17047
2017-12-14,21.66,21.96,20.65,20.72,28470
2017-12-15,20.69,22.49,20.69,22.29,63670
2017-12-18,22.2,23.24,22.2,22.69,23564
2017-12-19,22.99,23.12,22.42,22.98,22277
2017-12-20,22.87,23.1,22.26,22.32,20006
2017-12-21,22.38,23.48,22.35,23.22,34090
2017-12-22,23.2,23.21,22.13,22.25,19828
2017-12-26,22.2,22.96,21.5,22.6,26403
2017-12-27,22.6,23.8,22.6,23.01,23666
2017-12-28,22.8,23.0,22.69,22.69,7668
2017-12-29,22.95,23.04,21.57,21.7,12433
2018-01-02,21.95,21.95,20.63,20.74,16964
2018-01-03,20.67,21.67,20.67,21.0,12281
2018-01-04,21.87,21.87,20.71,21.18,13413
2018-01-05,20.96,21.35,20.91,20.92,7352
2018-01-08,20.83,21.39,20.58,20.92,13519
2018-01-09,20.86,21.19,20.5,20.5,6919
2018-01-10,19.6,20.7,19.6,20.52,16138
2018-01-11,20.75,21.11,20.01,21.06,13893
2018-01-12,21.11,21.77,21.06,21.34,13248
2018-01-16,21.4,21.4,20.83,20.85,5775
2018-01-17,21.65,22.36,21.33,21.65,20478
2018-01-18,21.61,21.61,20.67,20.67,10234
2018-01-19,20.71,21.33,20.71,21.28,17507
2018-01-22,20.98,21.14,20.8,21.12,6473
2018-01-23,21.03,21.03,20.78,20.81,5802
2018-01-24,21.19,21.2,20.82,20.96,11309
2018-01-25,20.75,21.02,20.62,20.76,29856
2018-01-26,20.88,21.15,20.6,21.14,47415
2018-01-29,20.92,21.09,20.81,21.03,11715
2018-01-30,20.84,21.08,20.63,20.7,13144
2018-01-31,20.85,21.0,20.65,20.8,10102
2018-02-01,20.76,20.94,20.76,20.94,15348
2018-02-02,20.92,20.92,20.43,20.43,12965
2018-02-05,20.07,20.52,19.5,19.5,27441
2018-02-06,19.0,20.43,19.0,19.18,16401
2018-02-07,20.13,20.4,19.32,19.78,4125
2018-02-08,19.5,19.5,19.0,19.0,27258
2018-02-09,18.8,20.43,18.8,19.58,20343
2018-02-12,19.82,20.37,19.22,20.08,8281
2018-02-13,19.78,20.02,19.46,19.59,20697
2018-02-14,19.34,19.97,19.12,19.14,11352
2018-02-15,19.46,19.82,19.25,19.82,10573
2018-02-16,19.55,20.78,19.25,20.11,45451
2018-02-20,19.82,20.77,19.51,19.78,71281
2018-02-21,20.05,20.05,19.37,19.37,5883
2018-02-22,19.5,19.5,19.1,19.29,5119
2018-02-23,19.3,19.3,18.75,18.88,14399
2018-02-26,18.78,19.18,18.29,18.85,25074
2018-02-27,19.27,19.49,18.94,18.94,27667
2018-02-28,18.11,18.86,18.11,18.2,10797
2018-03-01,18.22,18.53,18.12,18.52,10907
2018-03-02,18.18,19.04,18.18,19.0,7230
2018-03-05,19.19,19.19,18.53,19.05,8930
2018-03-06,19.04,19.05,18.3,18.41,8907
2018-03-07,17.5,17.86,16.67,17.55,31538
2018-03-08,17.77,18.52,17.68,18.26,17245
2018-03-09,18.26,18.99,18.26,18.67,24542
2018-03-12,18.65,18.78,17.66,17.69,69321
2018-03-13,17.83,19.75,17.83,18.85,54027
2018-03-14,18.89,19.17,18.48,18.51,17463
2018-03-15,18.57,19.87,18.35,18.38,14200
2018-03-16,18.26,18.76,17.61,17.67,130231
2018-03-19,17.84,18.59,17.73,18.5,47941
2018-03-20,18.45,18.74,18.16,18.16,17086
2018-03-21,18.3,18.66,18.11,18.32,16011
2018-03-22,18.09,18.99,17.81,18.5,16068
2018-03-23,18.4,18.93,17.88,17.94,36877
2018-03-26,18.12,18.24,17.09,17.14,37113
2018-03-27,17.36,17.68,16.51,16.64,38370
2018-03-28,16.8,17.4,16.47,17.13,19978
2018-03-29,17.44,18.25,16.71,17.83,70011
2018-04-02,17.4,17.95,16.54,17.25,83083
2018-04-03,17.35,18.03,16.85,17.4,17616
2018-04-04,17.84,17.84,17.5,17.5,27353
2018-04-05,17.61,17.82,17.25,17.3,23948
2018-04-06,17.1,17.43,17.0,17.01,40031
2018-04-09,17.25,17.72,16.86,16.99,21200
2018-04-10,17.16,17.57,16.86,16.98,42594
2018-04-11,16.82,17.31,16.78,16.84,17974
2018-04-12,17.07,17.54,16.89,16.9,13488
2018-04-13,16.9,17.06,16.82,17.06,12510
2018-04-16,17.21,17.22,16.82,17.05,12416
2018-04-17,17.05,17.4,16.96,17.22,22057
2018-04-18,16.91,17.4,16.91,17.24,17674
2018-04-19,17.43,17.83,17.2,17.72,16181
2018-04-20,17.65,17.99,17.2,17.5,16133
2018-04-23,17.65,17.77,17.18,17.25,16635
2018-04-24,17.32,18.09,17.13,17.16,17985
2018-04-25,17.29,17.9,16.72,16.85,31710
2018-04-26,16.98,17.19,16.8,16.8,16348
2018-04-27,17.01,17.01,16.0,16.13,28943
2018-04-30,15.85,16.08,15.45,15.5,36533
2018-05-01,15.37,15.7,14.95,15.26,22375
2018-05-02,15.18,16.01,15.18,15.77,45588
2018-05-03,15.5,16.21,15.42,15.92,33351
2018-05-04,15.65,16.61,15.62,16.61,12324
2018-05-07,16.54,16.54,16.0,16.07,5776
2018-05-08,16.1,16.1,15.27,15.68,24988
2018-05-09,15.85,15.85,15.1,15.1,33582
2018-05-10,15.1,15.58,14.91,15.0,25411
2018-05-11,15.0,15.59,13.85,13.99,43114
2018-05-14,14.0,14.24,13.8,13.8,30016
2018-05-15,13.53,14.08,13.53,13.69,27082
2018-05-16,13.7,14.36,13.6,14.24,36854
2018-05-17,13.84,14.37,13.81,13.96,29371
2018-05-18,14.18,14.26,13.98,14.14,23316
2018-05-21,14.15,14.55,14.09,14.45,15610
2018-05-22,14.85,14.85,14.07,14.22,25367
2018-05-23,14.43,14.62,14.22,14.57,12032
2018-05-24,14.4,14.51,14.13,14.34,20309
2018-05-25,14.43,14.63,14.38,14.62,9168
2018-05-29,15.3,15.3,14.23,14.59,33897
2018-05-30,14.74,14.84,13.95,14.6,61758
2018-05-31,14.42,14.87,14.42,14.42,18033
2018-06-01,14.14,14.74,14.11,14.6,25416
2018-06-04,14.51,14.76,14.36,14.46,19513
2018-06-05,13.91,14.9,13.91,14.57,23309
2018-06-06,14.33,14.8,14.33,14.44,12279
2018-06-07,14.51,14.62,14.09,14.28,201426
2018-06-08,14.11,14.81,14.09,14.17,29124
2018-06-11,14.25,14.57,14.14,14.45,18918
2018-06-12,14.26,14.84,14.09,14.55,52755
2018-06-13,14.5,14.69,14.43,14.69,15988
2018-06-14,14.71,14.71,14.13,14.71,26685
2018-06-15,14.61,15.17,14.23,14.87,35293
2018-06-18,14.91,15.25,14.6,14.91,30990
2018-06-19,14.55,14.97,14.55,14.75,23386
2018-06-20,14.53,15.13,14.26,14.65,34637
2018-06-21,14.72,15.44,14.0,14.35,55912
2018-06-22,14.28,15.22,13.7,13.72,702273
2018-06-25,15.03,17.4,14.14,14.65,49810
2018-06-26,14.55,14.81,14.29,14.29,23397
2018-06-27,14.56,14.56,13.71,14.01,27716
2018-06-28,13.9,15.28,13.7,14.01,9049
2018-06-29,14.12,14.28,14.01,14.28,15029
2018-07-02,14.18,14.61,13.97,14.25,4427
2018-07-03,14.22,14.37,13.89,14.36,12209
2018-07-05,14.32,15.3199,14.0,14.0,10026
2018-07-06,14.31,14.96,13.98,14.6,50283
2018-07-09,14.69,14.82,14.14,14.15,11113
2018-07-10,14.2,14.7,13.9,14.0,18750
2018-07-11,13.89,14.85,13.75,13.8,14495
2018-07-12,13.92,14.15,13.56,13.85,27484
2018-07-13,13.95,14.64,13.65,13.89,12999
2018-07-16,13.76,14.07,13.4,13.45,30985
2018-07-17,13.55,13.92,13.27,13.7,8122
2018-07-18,13.42,13.85,13.42,13.65,33258
2018-07-19,13.5,14.1,13.31,13.39,10318
2018-07-20,13.48,13.81,13.35,13.81,5639
2018-07-23,13.63,13.65,13.35,13.5,12711
2018-07-24,13.46,13.51,13.01,13.07,46933
2018-07-25,13.17,13.43,13.05,13.21,42697
2018-07-26,13.31,13.59,13.07,13.32,3217
2018-07-27,13.42,13.96,13.15,13.52,2936
2018-07-30,13.42,13.74,13.16,13.43,18489
2018-07-31,13.5,13.66,13.45,13.45,7924
2018-08-01,13.55,13.57,13.05,13.3,23272
2018-08-02,13.19,13.27,13.0,13.02,9063
2018-08-03,13.63,13.94,13.17,13.35,20107
2018-08-06,13.8,14.11,13.32,13.42,47441
2018-08-07,13.63,13.85,13.37,13.68,24819
2018-08-08,13.13,13.13,9.42,9.8,259457
2018-08-09,9.4,10.0,9.4,9.93,81164
2018-08-10,9.97,10.1,9.02,9.4,409841
2018-08-13,9.45,9.89,9.36,9.56,135455
2018-08-14,9.5,9.6,9.25,9.4,21983
2018-08-15,9.46,9.46,9.25,9.25,17357
2018-08-16,9.3,9.73,9.3,9.55,64700
2018-08-17,9.75,10.4,9.6,9.75,89905
2018-08-20,9.63,10.57,9.46,9.55,64972
2018-08-21,9.55,9.85,9.5,9.73,26108
2018-08-22,9.65,9.87,9.51,9.68,12704
2018-08-23,9.55,9.81,9.39,9.39,21993
2018-08-24,9.4,9.76,9.4,9.59,25063
2018-08-27,9.65,9.74,9.43,9.43,199965
2018-08-28,9.4,9.67,9.36,9.36,28588
2018-08-29,9.34,9.61,9.3,9.3,26971
2018-08-30,9.36,9.65,9.24,9.24,38689
2018-08-31,9.24,9.4,9.13,9.17,14648
2018-09-04,9.21,9.46,9.2,9.24,34343
2018-09-05,9.31,9.37,9.2,9.2,51930
2018-09-06,9.39,9.57,9.36,9.4,38402
2018-09-07,9.43,9.61,9.24,9.52,36544
2018-09-10,9.52,9.52,8.96,8.96,19939
2018-09-11,9.09,9.1462,8.47,8.64,28169
2018-09-12,8.51,8.65,8.2,8.26,23790
2018-09-13,8.44,8.44,7.95,7.96,62834
2018-09-14,8.0,8.14,7.81,7.81,45401
2018-09-17,7.67,8.54,7.67,7.85,16124
2018-09-18,7.94,8.15,7.85,8.01,41326
2018-09-19,8.0,8.3,7.7,7.75,230825
2018-09-20,7.75,7.85,7.67,7.75,48737
2018-09-21,7.63,7.75,7.45,7.5,55658
2018-09-24,7.5,7.64,7.4,7.4,63207
2018-09-25,7.3,7.48,7.16,7.16,59259
2018-09-26,7.15,7.16,6.9,6.9,18443
2018-09-27,6.95,7.3,6.83,6.84,64523
2018-09-28,6.85,7.3,6.58,6.67,241176
2018-10-01,6.8,7.18,6.56,6.69,81391
2018-10-02,6.64,6.84,6.4,6.4,25374
2018-10-03,6.37,6.85,6.37,6.45,56021
2018-10-04,6.6,6.89,6.6,6.62,76402
2018-10-05,6.93,6.93,6.6,6.69,16364
2018-10-08,6.88,6.88,6.52,6.67,18603
2018-10-09,6.56,6.64,6.44,6.59,24452
2018-10-10,6.6,6.65,6.4,6.4,14099
2018-10-11,6.41,6.7,6.41,6.6,78560
2018-10-12,6.6,6.88,6.5,6.59,106887
2018-10-15,6.59,6.73,6.5,6.64,26603
2018-10-16,6.64,6.8,6.53,6.72,25794
2018-10-17,6.65,8.58,6.52,7.77,223248
2018-10-18,8.1,8.1,6.99,7.08,40091
2018-10-19,7.04,7.26,6.95,7.18,23850
2018-10-22,7.11,7.25,6.99,7.02,11422
2018-10-23,7.0,7.74,6.85,6.85,24459
2018-10-24,6.95,7.03,6.91,7.0,23068
2018-10-25,7.0,7.01,6.7,6.8,14820
2018-10-26,7.39,7.39,6.72,7.15,20330
2018-10-29,7.11,7.16,6.8,6.97,40098
2018-10-30,7.06,7.06,6.81,6.92,2741
2018-10-31,6.87,7.02,6.81,6.81,25008
2018-11-01,7.01,7.48,6.98,7.48,12336
2018-11-02,7.32,7.6,6.73,7.01,85693
2018-11-05,6.98,7.47,6.98,7.18,5606
2018-11-06,7.11,7.3,7.11,7.21,10709
2018-11-07,7.25,7.72,7.08,7.16,28191
2018-11-08,7.06,7.47,7.01,7.08,28832
2018-11-09,6.56,7.3,6.56,7.21,13545
2018-11-12,7.5,7.91,6.97,7.12,31281
2018-11-13,7.12,7.68,6.76,7.3,15177
2018-11-14,7.56,7.66,7.35,7.47,28425
2018-11-15,7.47,7.62,7.1,7.22,23777
2018-11-16,7.17,7.23,6.97,7.01,8500
2018-11-19,6.95,7.21,6.95,7.0,17462
2018-11-20,7.02,7.63,6.92,7.52,24959
2018-11-21,7.55,7.69,6.91,7.11,24299
2018-11-23,7.7,7.7,7.15,7.51,7219
2018-11-26,7.68,7.68,7.1,7.42,8502
2018-11-27,7.26,7.53,7.2,7.4,51766
2018-11-28,7.55,7.55,7.35,7.41,25049
2018-11-29,7.37,7.8,7.35,7.78,38924
2018-11-30,7.67,7.94,7.41,7.8,60177
2018-12-03,8.0,8.09,7.92,8.09,43736
2018-12-04,8.17,8.19,8.02,8.08,13953
2018-12-06,8.13,8.17,7.97,8.04,16277
2018-12-07,8.24,8.25,7.96,8.2,20508
2018-12-10,8.05,8.2,8.0,8.08,17553
2018-12-11,8.13,8.38,8.0,8.26,28708
2018-12-12,8.36,8.6,8.1,8.27,13995
2018-12-13,8.41,8.41,7.85,8.02,18436
2018-12-14,7.79,8.07,7.76,7.76,18086
2018-12-17,7.8,7.83,7.24,7.25,15609
2018-12-18,7.42,7.81,7.09,7.15,14588
2018-12-19,7.08,7.57,7.08,7.14,26947
2018-12-20,7.89,7.89,6.67,7.05,15435
2018-12-21,7.22,7.27,7.0,7.0,43739
2018-12-24,6.9,7.66,6.56,7.21,25310
2018-12-26,7.07,7.4,6.99,7.14,15705
2018-12-27,7.1,7.27,7.1,7.1,10960
2018-12-28,7.24,7.61,7.2,7.4,14635
2018-12-31,7.4,7.4,7.11,7.11,9392
2019-01-02,7.09,7.64,7.011,7.64,5348
2019-01-03,7.73,8.0,7.33,7.64,5155
2019-01-04,7.85,8.11,7.57,7.59,14013
2019-01-07,7.55,7.98,7.55,7.7,6875
2019-01-08,7.55,8.13,7.55,7.82,14004
2019-01-09,8.09,8.2,7.81,8.04,11074
2019-01-10,8.2,8.21,7.81,8.21,5774
2019-01-11,8.1,8.45,7.75,8.28,17794
2019-01-14,8.25,8.6,8.2,8.37,9266
2019-01-15,8.21,8.92,8.21,8.66,23845
2019-01-16,8.81,8.85,8.11,8.33,21966
2019-01-17,8.35,8.85,7.9,8.21,116810
2019-01-18,8.4,8.65,8.25,8.31,14241
2019-01-22,8.2,8.5968,8.2,8.39,4067
2019-01-23,8.35,8.54,8.35,8.35,6439
2019-01-24,8.35,8.47,8.35,8.35,10812
2019-01-25,8.59,8.7,8.4,8.63,5111
2019-01-28,8.64,8.68,8.6,8.68,1977
2019-01-29,8.55,8.71,8.32,8.37,11442
2019-01-30,8.34,8.47,8.34,8.36,2060
2019-01-31,8.98,8.98,8.57,8.7,6389
2019-02-01,8.88,9.0,8.7,8.96,9522
2019-02-04,8.92,8.93,8.82,8.89,1420
2019-02-05,8.88,8.99,8.76,8.78,6322
2019-02-06,8.8,8.8,8.61,8.61,3108
2019-02-07,8.46,8.67,8.38,8.49,3464
2019-02-08,8.68,8.68,8.32,8.32,12738
2019-02-11,8.48,8.54,8.36,8.38,4686
2019-02-12,8.49,8.6,8.4,8.59,1673
2019-02-13,8.59,8.59,8.4,8.45,7915
2019-02-14,8.45,8.61,8.37,8.42,11387
2019-02-15,8.5,8.5,8.45,8.46,4308
2019-02-19,8.41,8.41,7.98,8.16,8796
2019-02-20,8.02,8.37,8.02,8.11,9614
2019-02-21,8.13,8.13,8.13,8.13,111
2019-02-22,8.3297,8.3297,7.88,7.975,36792
2019-02-25,7.8847,7.91,7.8,7.8,10214
2019-02-26,7.94,7.95,7.83,7.83,12106
2019-02-27,7.85,7.95,7.85,7.9,4475
2019-02-28,7.94,7.94,7.63,7.63,10059
2019-03-01,7.71,7.71,7.5,7.59,3559
2019-03-04,7.54,7.54,7.32,7.33,14410
2019-03-05,7.66,7.66,6.84,7.35,19750
2019-03-06,7.23,7.23,7.17,7.17,2374
2019-03-07,7.04,7.13,7.01,7.07,4229
2019-03-08,7.04,7.08,6.89,7.0,18073
2019-03-11,7.08,7.12,7.03,7.07,10206
2019-03-12,7.04,7.25,7.04,7.24,3494
2019-03-13,7.01,7.27,7.01,7.2,20408
2019-03-14,7.16,7.23,7.16,7.18,9949
2019-03-15,7.2,7.35,7.18,7.35,9969
2019-03-18,7.25,7.28,6.79,7.28,17470
2019-03-19,7.15,7.33,7.0132,7.11,4328
2019-03-20,7.11,7.42,7.11,7.25,4579
2019-03-21,7.3,7.54,7.3,7.43,11072
2019-03-22,7.35,7.54,7.3,7.31,5844
2019-03-25,7.4,7.54,7.17,7.28,8811
2019-03-26,7.3,7.45,7.14,7.25,12281
2019-03-27,7.26,7.3,7.15,7.3,3082
2019-03-28,7.61,7.61,7.4,7.42,7504
2019-03-29,7.55,7.6,7.3,7.38,11298
2019-04-01,7.67,7.67,7.28,7.32,7370
2019-04-02,7.56,7.73,7.56,7.73,38900
2019-04-03,7.94,7.94,7.72,7.8,1821
2019-04-04,7.67,7.81,7.67,7.69,3486
2019-04-05,7.9,7.9,7.36,7.54,16569
2019-04-08,7.6,7.77,7.6,7.77,2754
2019-04-09,7.49,7.74,7.39,7.74,13169
2019-04-10,7.68,7.82,7.6,7.6,6319
2019-04-11,7.67,7.8,7.67,7.69,623
2019-04-12,7.67,7.67,7.59,7.59,1943
2019-04-15,7.59,7.59,7.48,7.48,3148
2019-04-16,7.55,7.55,7.41,7.5,3791
2019-04-17,7.6,7.6,7.49,7.49,981
2019-04-18,7.37,7.42,7.32,7.37,5901
2019-04-22,7.39,7.4,7.32,7.36,3395
2019-04-23,7.4,7.48,7.22,7.48,14443
2019-04-24,7.32,7.45,7.32,7.4,4057
2019-04-25,7.35,7.57,7.3,7.46,9434
2019-04-26,7.5257,7.64,7.51,7.56,2578
2019-04-29,7.65,7.65,7.56,7.64,4938
2019-04-30,7.36,8.12,7.36,8.12,11314
2019-05-01,8.0,8.2,7.8,8.1,12982
2019-05-02,8.0,8.35,8.0,8.35,11553
2019-05-03,8.38,8.5,7.94,7.94,21454
2019-05-06,7.51,8.18,7.51,7.91,9560
2019-05-07,7.3,7.59,7.3,7.35,3509
2019-05-08,7.33,7.78,7.17,7.75,11773
2019-05-09,7.58,8.02,7.58,7.84,11827
2019-05-10,8.0,8.0,7.86,7.86,1307
2019-05-13,7.8,7.8,7.5,7.5,1670
2019-05-14,7.5,7.79,7.5,7.71,3336
2019-05-15,7.7,7.7,7.52,7.52,1236
2019-05-16,7.66,7.69,7.61,7.69,3629
2019-05-17,7.97,7.97,7.95,7.95,477
2019-05-20,7.8,7.84,7.62,7.66,3633
2019-05-21,7.79,7.79,7.31,7.33,2181
2019-05-22,7.41,7.49,7.3,7.49,6137
2019-05-23,7.44,7.59,7.3,7.57,12917
2019-05-24,8.0,8.22,7.79,7.79,22315
2019-05-28,8.06,8.23,7.86,8.05,9802
2019-05-29,7.99,8.0,7.81,7.99,1545
2019-05-30,7.99,7.99,7.99,7.99,94
2019-05-31,7.63,7.79,7.55,7.67,2646
2019-06-03,7.56,7.56,7.55,7.55,1612
2019-06-04,7.55,7.55,7.55,7.55,84
2019-06-05,7.79,7.79,7.06,7.06,12185
2019-06-06,7.13,7.33,7.0,7.11,1083
2019-06-07,7.21,7.21,6.97,7.05,6453
2019-06-10,6.83,7.31,6.8,7.31,5934
2019-06-11,7.07,7.12,7.0,7.1,6167
2019-06-12,7.1,7.33,7.1,7.33,2855
2019-06-13,7.15,7.53,7.15,7.36,2727
2019-06-14,7.35,7.38,7.15,7.25,5222
2019-06-17,7.25,7.25,7.25,7.25,1064
2019-06-18,7.02,7.64,7.02,7.46,1670
2019-06-19,7.1657,7.97,7.1657,7.97,11589
2019-06-20,7.8,7.8089,7.62,7.62,1132
2019-06-21,7.62,7.62,7.62,7.62,90
2019-06-24,7.55,7.68,7.36,7.68,3549
2019-06-25,7.38,7.38,7.12,7.24,12919
2019-06-26,7.25,7.5,6.73,6.97,4985
2019-06-27,7.27,7.27,7.0,7.12,1845
2019-06-28,7.05,7.47,7.05,7.47,4691
2019-07-01,7.58,7.58,7.2,7.4,519
2019-07-02,7.33,7.33,7.3,7.3,515
2019-07-03,7.52,7.56,7.49,7.54,755
2019-07-05,7.25,7.3,7.25,7.3,458
2019-07-08,7.38,7.39,7.02,7.04,2028
2019-07-09,7.18,7.19,7.07,7.11,1546
2019-07-10,7.04,7.25,7.0,7.13,6047
2019-07-11,6.93,7.09,6.93,7.04,5916
2019-07-12,6.82,7.24,6.82,7.0,6975
2019-07-15,6.96,7.0,6.96,7.0,1870
2019-07-16,6.99,7.01,6.99,7.01,3410
2019-07-17,7.08,7.1,6.55,6.55,2157
2019-07-18,6.81,7.03,6.61,6.71,63730
2019-07-19,7.0,7.08,6.83,7.0,3662
2019-07-22,6.59,7.1,6.59,7.0,7333
2019-07-23,7.09,7.14,6.79,6.79,12600
2019-07-24,7.06,7.18,6.8,6.8,18216
2019-07-25,6.92,7.08,6.9,7.08,4741
2019-07-26,7.04,7.04,6.83,6.98,19371
2019-07-29,6.99,7.0,6.79,6.79,4126
2019-07-30,6.81,6.95,6.61,6.89,5886
2019-07-31,6.9,6.91,6.64,6.65,18747
2019-08-01,6.57,6.69,6.45,6.45,5727
2019-08-02,6.5,6.68,6.15,6.19,4211
2019-08-05,6.24,6.51,6.0,6.0,2710
2019-08-06,6.15,6.22,6.0,6.01,4364
2019-08-07,6.0,6.0,5.75,5.75,2325
2019-08-08,6.0,6.74,5.9,6.48,26705
2019-08-09,6.31,6.62,6.22,6.52,16568
2019-08-12,6.43,6.6,6.2,6.21,14536
2019-08-13,6.26,6.67,6.15,6.28,12419
2019-08-14,6.49,6.49,6.01,6.14,10579
2019-08-15,6.28,6.28,6.01,6.05,10060
2019-08-16,6.0,6.2396,6.0,6.11,5770
2019-08-19,6.29,6.35,6.0,6.0,9375
2019-08-20,6.35,6.35,6.0,6.06,6866
2019-08-21,6.1,6.64,6.06,6.27,13100
2019-08-22,6.25,6.5,6.13,6.49,20284
2019-08-23,6.2,6.6,6.17,6.6,13779
2019-08-26,6.7,6.7,6.24,6.37,15386
2019-08-27,6.48,6.7,6.28,6.45,34320
2019-08-28,6.35,6.43,6.11,6.2,19327
2019-08-29,6.09,6.28,6.08,6.08,12688
2019-08-30,6.08,6.2,5.86,6.0,11247
2019-09-03,6.01,6.19,6.01,6.14,7973
2019-09-04,6.14,6.25,6.1,6.18,2700
2019-09-05,6.24,6.24,6.0,6.23,1889
2019-09-06,6.18,6.37,6.18,6.25,7053
2019-09-09,6.43,6.67,6.28,6.51,5998
2019-09-10,6.19,6.51,6.09,6.28,32410
2019-09-11,6.28,6.34,6.15,6.28,11721
2019-09-12,6.33,6.33,6.26,6.26,1418
2019-09-13,6.51,6.51,6.27,6.27,10689
2019-09-16,6.35,6.48,6.25,6.27,1503
2019-09-17,6.1,6.2,5.99,6.0,7692
2019-09-18,6.11,6.27,5.92,5.95,8998
2019-09-19,5.95,6.1,5.95,5.96,5053
2019-09-20,6.06,6.35,5.96,6.35,6842
2019-09-23,6.25,6.25,6.03,6.09,5465
2019-09-24,5.97,6.38,5.97,6.18,3497
2019-09-25,6.02,6.32,6.01,6.01,8675
2019-09-26,6.06,6.06,6.0,6.0,1300
2019-09-27,6.06,6.18,5.95,5.95,2818
2019-09-30,5.95,6.47,5.95,6.41,13287
2019-10-01,6.48,6.49,6.4,6.46,4602
2019-10-02,6.08,6.08,6.08,6.08,270
2019-10-03,6.01,6.25,6.01,6.06,6840
2019-10-04,6.1,6.1,6.05,6.08,2487
2019-10-07,6.27,6.27,6.1,6.11,3637
2019-10-08,6.13,6.21,5.93,6.21,5514
2019-10-09,6.15,6.15,5.95,6.1,1875
2019-10-10,6.1,6.1,5.95,6.0,2448
2019-10-11,6.01,6.17,6.0,6.1,15056
2019-10-14,6.1,6.1,6.1,6.1,140
2019-10-15,5.99,6.19,5.95,6.03,8835
2019-10-16,6.0,6.07,5.95,6.07,4658
2019-10-17,5.95,6.38,5.72,5.95,28234
2019-10-18,5.89,6.36,5.73,5.85,8152
2019-10-21,5.85,6.2,5.84,5.84,11857
2019-10-22,5.85,5.86,5.74,5.83,2822
2019-10-23,5.9,6.0,5.85,5.9,11395
2019-10-24,5.9,6.0,5.74,5.95,11422
2019-10-25,5.95,5.95,5.95,5.95,1
2019-10-28,5.76,5.9,5.76,5.85,7106
2019-10-29,5.78,5.81,5.59,5.59,9890
2019-10-30,5.65,5.85,5.65,5.84,2284
2019-10-31,5.74,5.74,5.62,5.71,3788
2019-11-01,5.56,5.8,5.56,5.66,4130
2019-11-04,5.72,5.84,5.62,5.75,2186
2019-11-05,5.69,6.0,5.58,5.99,16139
2019-11-06,5.64,5.8,5.62,5.8,3227
2019-11-07,5.91,6.0,5.74,5.99,12213
2019-11-08,5.99,5.99,5.8,5.8,2654
2019-11-11,5.88,5.88,5.88,5.88,800
2019-11-12,5.87,5.87,5.84,5.84,449
2019-11-13,5.76,5.76,3.1,3.4,306268
2019-11-14,3.46,3.61,2.8,2.92,204655
2019-11-15,2.92,3.14,2.92,2.95,24118
2019-11-18,3.07,3.19,2.81,2.86,66730
2019-11-19,2.85,3.39,2.83,2.9,58517
2019-11-20,3.29,3.35,2.91,2.91,60243
2019-11-21,2.9,3.05,2.86,2.89,28104
2019-11-22,2.86,3.09,2.86,3.0,26315
2019-11-25,3.05,3.13,3.0,3.09,22487
2019-11-26,3.09,3.27,3.03,3.11,56034
2019-11-27,3.1,3.19,3.05,3.1,39610
2019-11-29,3.11,3.69,3.11,3.69,24064
2019-12-02,3.68,3.68,3.5,3.52,4997
2019-12-03,3.54,3.6,3.47,3.47,15800
2019-12-04,3.42,3.42,3.29,3.29,19507
2019-12-05,3.26,3.37,3.25,3.27,17358
2019-12-06,3.28,3.35,3.11,3.14,18410
2019-12-09,3.2,3.4,3.15,3.2,5233
2019-12-10,3.39,3.39,3.16,3.18,5340
2019-12-11,3.18,3.18,3.02,3.07,33969
2019-12-12,3.1,3.25,3.1,3.2,4311
2019-12-13,3.18,3.2,3.06,3.06,23157
2019-12-16,3.03,3.25,3.03,3.04,15430
2019-12-17,3.06,3.2,3.01,3.06,28924
2019-12-18,3.07,3.17,3.0,3.0,21194
2019-12-19,3.1,3.2,3.06,3.1,13833
2019-12-20,3.12,3.12,3.04,3.06,10846
2019-12-23,3.08,3.1,3.08,3.09,1350
2019-12-24,3.06,3.09,3.05,3.08,8023
2019-12-26,3.1,3.2,3.08,3.15,31866
2019-12-27,3.14,3.19,3.13,3.13,11944
2019-12-30,3.05,3.12,3.0,3.08,26999
2019-12-31,3.02,3.26,3.02,3.25,8474
2020-01-02,3.25,3.3,3.21,3.3,5255
2020-01-03,3.29,3.3,3.25,3.27,6357
2020-01-06,3.25,3.32,3.25,3.32,2946
2020-01-07,3.35,3.48,3.35,3.44,7869
2020-01-08,3.49,3.5,3.39,3.49,6091
2020-01-09,3.44,3.48,3.36,3.45,6075
2020-01-10,3.44,3.44,3.36,3.39,5886
2020-01-13,3.38,3.39,3.37,3.38,2011
2020-01-14,3.4,3.44,3.4,3.43,3833
2020-01-15,3.46,3.49,3.42,3.42,4525
2020-01-16,3.42,3.42,3.42,3.42,108
2020-01-17,3.41,3.47,3.37,3.37,1817
2020-01-21,3.37,3.49,3.36,3.47,5664
2020-01-22,3.38,3.48,3.38,3.47,3068
2020-01-23,3.48,3.48,3.39,3.42,3055
2020-01-24,3.41,3.48,3.41,3.41,5135
2020-01-27,3.37,3.42,3.37,3.37,3609
2020-01-28,3.38,3.39,3.37,3.37,3895
2020-01-29,3.38,3.38,3.37,3.38,3416
2020-01-30,3.37,3.37,3.15,3.1599,7916
2020-01-31,3.17,3.24,3.16,3.16,5498
2020-02-03,3.11,3.11,3.05,3.05,6475
2020-02-04,3.12,3.12,3.04,3.1,13135
2020-02-05,3.17,3.17,3.11,3.11,416
2020-02-06,3.11,3.23,3.11,3.23,4557
2020-02-07,3.16,3.21,3.1,3.15,11749
2020-02-10,3.12,3.19,3.12,3.16,4943
2020-02-11,3.2,3.2,3.2,3.2,324
2020-02-12,3.15,3.2,3.0,3.05,22021
2020-02-13,3.08,3.1,3.05,3.07,12184
2020-02-14,3.09,3.09,3.01,3.08,5437
2020-02-18,3.04,3.08,3.0,3.04,12297
2020-02-19,3.02,3.09,3.02,3.05,3749
2020-02-20,3.03,3.09,2.94,3.06,13516
2020-02-21,2.95,3.07,2.95,3.06,2471
2020-02-24,3.02,3.1,2.84,2.84,2201
2020-02-25,2.95,2.98,2.85,2.97,3877
2020-02-26,2.97,2.98,2.95,2.95,6027
2020-02-27,2.95,2.98,2.86,2.98,8023
2020-02-28,2.97,2.98,2.88,2.88,1157
2020-03-02,2.88,2.89,2.85,2.85,3330
2020-03-03,2.85,2.98,2.85,2.85,13021
2020-03-04,2.85,2.85,2.7,2.76,5921
2020-03-05,2.75,2.87,2.7,2.74,5255
2020-03-06,2.72,2.82,2.47,2.52,7208
2020-03-09,2.45,2.45,1.96,2.0,17054
2020-03-10,2.0,2.0,1.75,1.88,30334
2020-03-11,1.81,1.9,1.75,1.9,13481
2020-03-12,1.77,2.0,1.67,1.99,8001
2020-03-13,2.48,2.51,2.13,2.35,54260
2020-03-16,1.99,2.66,1.99,2.0,19737
2020-03-17,2.0,2.19,1.98,1.99,36547
2020-03-18,1.99,2.04,1.5,2.0,47165
2020-03-19,2.0,2.01,1.74,1.75,32272
2020-03-20,1.67,1.87,1.55,1.7,7757
2020-03-23,1.75,1.88,1.74,1.88,7432
2020-03-24,1.87,1.96,1.75,1.85,26817
2020-03-25,2.15,2.23,1.92,2.05,41393
2020-03-26,2.1,2.12,1.98,2.06,18480
2020-03-27,2.05,2.15,2.02,2.07,21616
2020-03-30,2.15,2.15,1.76,1.8,14925
2020-03-31,1.75,1.92,1.5,1.54,23190
2020-04-01,1.62,1.62,1.07,1.08,23969
2020-04-02,1.15,1.36,1.11,1.21,31216
2020-04-03,1.15,1.18,1.04,1.16,16203
2020-04-06,1.16,1.28,1.12,1.12,18144
2020-04-07,1.03,1.21,1.03,1.17,39177
2020-04-08,1.16,1.23,1.06,1.07,39700
2020-04-09,1.15,1.25,1.14,1.14,34944
2020-04-13,1.44,1.44,1.15,1.22,23703
2020-04-14,1.3,1.3,1.15,1.18,27445
2020-04-15,1.19,1.35,1.18,1.35,47322
2020-04-16,1.5,1.53,1.3,1.32,41668
2020-04-17,1.37,2.46,1.35,2.3,231513
2020-04-20,2.47,2.47,2.01,2.4,285582
2020-04-21,2.38,3.35,2.25,2.96,388878
2020-04-22,2.95,3.28,2.65,2.81,130343
2020-04-23,2.74,2.86,2.6,2.73,55787
2020-04-24,2.67,2.78,2.63,2.66,12932
2020-04-27,2.53,2.6,2.41,2.59,35359
2020-04-28,2.6,2.6,2.44,2.47,24550
2020-04-29,2.33,2.58,2.33,2.51,22046
2020-04-30,2.5,2.53,2.32,2.52,53836
2020-05-01,2.91,2.91,2.21,2.29,34931
2020-05-04,2.17,3.19,2.02,2.41,87373
2020-05-05,2.43,2.66,2.27,2.33,23100
2020-05-06,2.36,2.49,2.25,2.45,17749
2020-05-07,2.49,2.7,2.49,2.7,12562
2020-05-08,2.75,2.81,2.6,2.69,16799
2020-05-11,3.0,4.86,2.91,3.5,1741490
2020-05-12,3.59,3.8,3.47,3.63,126690
2020-05-13,3.65,3.69,3.4,3.49,68568
2020-05-14,3.46,3.46,3.05,3.12,37176
2020-05-15,3.25,3.28,2.96,3.25,26526
2020-05-18,3.46,3.5,3.22,3.42,51618
2020-05-19,3.5,3.5,3.22,3.25,15194
2020-05-20,3.29,3.44,3.24,3.34,28910
2020-05-21,3.37,3.49,3.25,3.3,20330
2020-05-22,3.46,3.88,3.31,3.76,107674
2020-05-26,3.94,3.96,3.62,3.63,43414
2020-05-27,3.9,4.15,3.75,4.15,84195
2020-05-28,4.17,4.23,4.05,4.1,42700
2020-05-29,3.97,4.75,3.97,4.75,76574
2020-06-01,4.25,4.75,4.25,4.71,39082
2020-06-02,4.74,4.74,4.38,4.39,55807
2020-06-03,4.5,4.65,4.15,4.53,51669
2020-06-04,4.53,4.53,4.23,4.37,44415
2020-06-05,4.59,5.35,4.39,5.09,115019
2020-06-08,5.23,5.29,5.01,5.09,49316
2020-06-09,4.99,5.19,4.43,4.61,68584
2020-06-10,4.7,4.7,4.4,4.58,20341
2020-06-11,4.27,4.52,4.27,4.43,19246
2020-06-12,4.4,4.41,4.21,4.4,11120
2020-06-15,4.62,4.83,4.4,4.55,22033
2020-06-16,4.68,4.76,4.21,4.35,19449
2020-06-17,4.23,4.46,4.23,4.46,20509
2020-06-18,4.4,4.68,4.36,4.57,14570
2020-06-19,4.65,4.65,4.3,4.46,18100
2020-06-22,4.3,4.49,4.3,4.49,12957
2020-06-23,4.59,4.59,4.27,4.31,23989
2020-06-24,4.24,4.38,3.97,4.27,32865
2020-06-25,4.23,4.49,4.15,4.4,35707
2020-06-26,4.59,4.59,3.9,4.0,45167
2020-06-29,3.93,4.29,3.93,4.01,16685
2020-06-30,4.0,4.18,4.0,4.12,7040
2020-07-01,4.28,4.28,4.01,4.11,16187
2020-07-02,4.1,4.28,4.0,4.0,35743
2020-07-06,4.0,4.15,3.98,4.0,16855
2020-07-07,3.81,4.09,3.81,4.01,26269
2020-07-08,3.89,4.08,3.89,4.04,16997
2020-07-09,4.0,4.08,3.86,3.92,11436
2020-07-10,3.91,4.15,3.91,4.15,17448
2020-07-13,4.24,4.38,4.11,4.24,15623
2020-07-14,4.27,4.35,4.22,4.35,2808
2020-07-15,4.31,4.42,4.03,4.15,9644
2020-07-16,4.1,4.45,4.06,4.25,8896
2020-07-17,4.42,4.44,4.18,4.43,16690
2020-07-20,4.5,4.5,4.23,4.3,3316
2020-07-21,4.22,4.47,4.21,4.44,13926
2020-07-22,4.11,4.5,4.11,4.49,13011
2020-07-23,4.48,4.48,4.29,4.29,2494
2020-07-24,4.1901,4.34,4.1901,4.25,10646
2020-07-27,4.4,4.4736,4.4,4.45,10731
2020-07-28,4.48,4.6,4.38,4.6,34845
2020-07-29,4.59,4.7,4.55,4.69,5568
2020-07-30,4.71,4.75,4.51,4.51,11535
2020-07-31,4.73,4.73,4.54,4.6,9945
2020-08-03,4.66,5.175,4.66,5.175,27337
2020-08-04,5.49,6.0,5.26,5.99,33067
2020-08-05,5.99,6.75,5.99,6.31,74769
2020-08-06,6.31,6.6304,5.27,5.27,22720
2020-08-07,5.8,5.86,5.35,5.53,10974
2020-08-10,5.01,6.21,5.01,6.21,49203
2020-08-11,6.26,6.26,5.4801,5.97,42239
2020-08-12,5.92,6.17,5.7434,6.06,19650
2020-08-13,6.06,6.175,6.0232,6.15,15717
2020-08-14,6.14,6.19,6.035,6.07,38393
2020-08-17,5.41,6.16,5.41,6.12,29029
2020-08-18,6.15,6.2001,6.0,6.1401,22197
2020-08-19,6.26,6.26,5.93,6.25,5043
2020-08-20,6.18,6.2199,6.0,6.13,6649
2020-08-21,6.0,6.0332,5.5724,5.66,15785
2020-08-24,5.795,5.795,5.51,5.55,10033
2020-08-25,5.57,5.76,5.5027,5.56,8314
2020-08-26,5.6116,6.0,5.4367,5.86,21778
2020-08-27,5.67,6.09,5.5,6.01,20740
2020-08-28,6.37,6.39,6.03,6.3,33158
2020-08-31,6.3,6.3,6.09,6.1,6605
2020-09-01,5.99,6.42,5.99,6.42,9870
2020-09-02,6.45,7.58,6.2997,7.58,83005
2020-09-03,7.67,8.35,7.36,7.5523,59672
2020-09-04,7.75,7.775,6.78,6.81,31466
2020-09-08,6.82,7.91,6.82,7.8585,29501
2020-09-09,6.63,7.47,6.6,7.3526,69633
2020-09-10,7.3,7.5026,7.3,7.39,8274
2020-09-11,7.41,7.58,7.06,7.485,12050
2020-09-14,7.47,7.7401,7.36,7.5,56227
2020-09-15,7.65,8.81,7.63,8.62,90563
2020-09-16,8.89,9.8,8.705,9.4,79369
2020-09-17,9.39,10.27,9.15,10.06,94165
2020-09-18,10.06,10.82,9.2,9.83,95165
2020-09-21,9.85,10.5,9.7801,10.39,26480
2020-09-22,10.44,10.75,10.3321,10.62,40726
2020-09-23,10.62,10.63,9.0701,9.19,43751
2020-09-24,9.01,9.01,7.65,9.0,80534
2020-09-25,9.04,9.3799,9.005,9.19,29354
2020-09-28,9.35,9.35,8.72,8.9362,41383
2020-09-29,8.21,9.0,7.97,8.8,57407
2020-09-30,8.9559,9.0,8.8,8.86,22506
2020-10-01,8.85,9.01,8.7274,8.91,8556
2020-10-02,8.91,9.27,8.7301,9.21,17897
2020-10-05,9.085,9.3199,8.71,8.73,31348
2020-10-06,8.73,9.11,8.73,8.75,17897
2020-10-07,9.1035,9.15,8.65,9.0,21640
2020-10-08,8.895,9.28,8.88,9.28,10872
2020-10-09,9.22,9.26,8.8,9.09,51678
2020-10-12,9.54,9.54,8.66,8.96,10005
2020-10-13,8.99,8.99,8.67,8.84,13692
2020-10-14,8.7172,8.76,8.1,8.44,10964
2020-10-15,8.46,8.76,8.04,8.45,7103
2020-10-16,8.28,8.711,8.28,8.48,5477
2020-10-19,8.33,8.725,8.33,8.64,1629
2020-10-20,8.65,8.72,8.54,8.72,11922
2020-10-21,8.82,8.84,8.6,8.81,3977
2020-10-22,8.585,8.89,8.585,8.59,7203
2020-10-23,9.15,9.15,8.74,9.11,22371
2020-10-26,8.8,8.96,8.68,8.79,6052
2020-10-27,8.79,8.93,8.48,8.78,2697
2020-10-28,9.24,9.24,8.23,8.32,15447
2020-10-29,8.4,8.5197,8.0,8.35,8426
2020-10-30,8.43,8.43,7.69,7.69,20980
2020-11-02,7.91,8.4937,7.91,8.37,14919
2020-11-03,9.0,9.25,8.63,9.0,57892
2020-11-04,9.03,9.03,8.0,8.9085,11955
2020-11-05,9.02,10.4499,9.02,9.96,104811
2020-11-06,10.0,10.69,10.0,10.09,70681
2020-11-09,10.09,10.35,9.8,9.95,39326
2020-11-10,10.04,10.2499,9.7501,9.82,29821
2020-11-11,9.7403,10.0,9.66,9.96,8422
2020-11-12,9.92,10.3,9.91,10.3,16435
2020-11-13,10.7,11.14,10.28,10.38,62369
2020-11-16,10.5,11.61,10.5,11.24,52221
2020-11-17,11.0,11.7,11.0,11.21,20782
2020-11-18,11.46,11.46,10.64,10.85,21808
2020-11-19,10.76,11.0452,10.76,10.98,6793
2020-11-20,11.0,11.1,10.47,10.49,20799
2020-11-23,10.55,10.84,10.55,10.71,29621
2020-11-24,10.99,11.1,10.78,10.78,23179
2020-11-25,10.75,11.56,10.75,11.33,13292
2020-11-27,11.4,11.72,11.39,11.46,17518
2020-11-30,11.73,11.8,11.0,11.2,26564
2020-12-01,11.07,11.6345,11.02,11.05,21197
2020-12-02,11.41,12.04,11.41,12.03,146974
2020-12-03,12.15,13.0,12.15,12.64,60516
2020-12-04,12.48,12.9799,12.4,12.64,51551
2020-12-07,12.73,13.24,12.4,12.91,53052
2020-12-08,13.02,13.22,12.56,12.7,72155
2020-12-09,12.54,12.9813,12.08,12.08,24306
2020-12-10,12.1,12.17,11.78,12.13,20250
2020-12-11,12.13,12.8,11.77,12.79,25723
2020-12-14,12.85,13.12,12.71,12.8,22358
2020-12-15,12.9,13.665,12.825,13.25,45111
2020-12-16,13.41,13.66,13.23,13.55,34295
2020-12-17,13.65,13.69,13.01,13.6,27036
2020-12-18,14.21,14.225,13.44,13.57,34269
2020-12-21,13.5,13.99,13.28,13.99,40474
2020-12-22,13.79,14.22,13.25,13.4,31983
2020-12-23,13.6,13.86,13.25,13.32,15160
2020-12-24,13.43,13.514,13.2501,13.2501,2469
2020-12-28,13.3,13.8369,13.21,13.83,30837
2020-12-29,13.85,13.85,12.72,12.79,46712
2020-12-30,12.75,13.18,12.7,12.92,15033
2020-12-31,12.9,14.1,12.7301,14.08,46240
2021-01-04,14.08,14.0893,12.9801,13.35,17228
2021-01-05,13.41,13.86,13.375,13.61,18523
2021-01-06,13.5266,14.5,11.77,12.5,217286
2021-01-07,12.06,14.01,12.06,13.92,125085
2021-01-08,14.41,14.92,13.68,13.7,33314
2021-01-11,13.72,14.37,13.7,13.99,18160
2021-01-12,14.2,14.25,13.77,14.03,24610
2021-01-13,14.03,14.6,13.809,13.84,28245
2021-01-14,13.9105,14.25,13.7334,13.75,19839
2021-01-15,13.54,13.96,13.5,13.77,8623
2021-01-19,13.7616,14.38,13.51,13.97,33589
2021-01-20,14.0,14.26,13.71,13.71,27870
2021-01-21,13.75,13.96,13.61,13.61,13923
2021-01-22,13.35,13.725,12.75,12.89,27481
2021-01-25,12.81,13.06,11.85,12.16,99458
2021-01-26,12.29,12.635,12.16,12.2,29383
2021-01-27,11.9,12.099,11.5,12.0,50114
2021-01-28,12.34,12.35,11.6001,12.32,13919
2021-01-29,12.59,12.59,11.8,11.98,19693
2021-02-01,11.9,12.43,11.8277,12.4,17275
2021-02-02,12.71,12.89,12.58,12.79,19662
2021-02-03,13.25,13.25,12.7,12.8,19912
2021-02-04,12.61,12.9187,12.57,12.85,20309
2021-02-05,12.87,12.96,12.53,12.88,21980
2021-02-08,12.79,12.85,11.86,12.39,41091
2021-02-09,12.24,12.4001,11.9,12.25,18228
2021-02-10,12.239,13.0,11.98,12.65,38757
2021-02-11,12.9354,12.9354,12.1,12.21,15319
2021-02-12,12.38,12.48,12.15,12.43,8344
2021-02-16,12.45,12.88,12.2804,12.7,32281
2021-02-17,12.62,13.4838,12.52,13.25,29795
2021-02-18,13.24,13.24,12.1803,12.6233,23217
2021-02-19,12.5188,12.67,12.3,12.55,20894
2021-02-22,12.3,12.4502,12.06,12.36,35329
2021-02-23,12.21,12.3,11.5,12.1,37609
2021-02-24,12.07,12.52,11.95,12.31,20436
2021-02-25,12.3,12.78,12.25,12.51,24232
2021-02-26,12.64,12.64,12.15,12.15,13140
2021-03-01,12.25,13.5,12.25,12.55,57675
2021-03-02,12.51,12.73,12.186,12.25,16384
2021-03-03,12.23,12.45,11.7,11.82,31982
2021-03-04,11.65,12.125,11.6001,11.98,30939
2021-03-05,12.235,12.41,11.8923,12.38,9949
2021-03-08,12.12,12.4332,11.71,11.71,25801
2021-03-09,12.05,12.8,11.87,12.8,15064
2021-03-10,12.9,13.17,12.61,12.83,33720
2021-03-11,13.14,14.23,12.21,12.4,69276
2021-03-12,12.3,12.32,11.61,11.89,54161
2021-03-15,11.89,12.2,11.5,12.04,63918
2021-03-16,12.05,12.09,11.61,11.78,39028
2021-03-17,11.65,11.9,11.16,11.61,31539
2021-03-18,11.57,12.13,11.57,11.76,52360
2021-03-19,11.76,12.46,11.76,12.35,24788
2021-03-22,12.43,12.59,12.02,12.19,31384
2021-03-23,11.99,12.44,11.93,11.96,18179
2021-03-24,12.2,12.44,11.7,11.81,12322
2021-03-25,12.25,12.25,11.16,11.79,31096
2021-03-26,11.7201,11.845,11.7201,11.75,8769
2021-03-29,12.87,12.87,11.08,11.69,48315
2021-03-30,11.4,11.85,11.4,11.5,5567
2021-03-31,11.7,11.91,11.6,11.7265,12341
2021-04-01,12.01,12.39,11.27,12.12,82601
2021-04-05,11.23,12.55,11.23,11.9,43143
2021-04-06,11.75,12.26,11.75,12.11,3280
2021-04-07,12.0801,12.235,11.41,11.64,10328
2021-04-08,11.44,12.24,11.13,11.62,38274
2021-04-09,11.76,11.88,11.63,11.76,14106
2021-04-12,11.75,11.86,11.4,11.86,36923
2021-04-13,11.8,11.99,11.5,11.89,53070
2021-04-14,11.76,11.89,11.07,11.63,61347
2021-04-15,11.59,11.62,11.38,11.38,24018
2021-04-16,11.33,11.54,11.195,11.24,35827
2021-04-19,11.31,11.59,11.31,11.52,40964
2021-04-20,11.35,11.57,11.2001,11.21,20342
2021-04-21,11.15,11.46,11.08,11.4,16477
2021-04-22,11.505,11.6,11.29,11.6,11177
2021-04-23,11.59,11.65,11.5,11.5,11913
2021-04-26,11.59,11.59,11.17,11.31,16306
2021-04-27,11.35,11.55,11.05,11.05,29039
2021-04-28,11.19,11.35,11.008,11.1,10039
2021-04-29,11.309,11.55,11.1,11.5,23755
2021-04-30,11.45,11.5,11.01,11.01,29132
2021-05-03,11.01,11.91,11.01,11.782,32627
2021-05-04,11.78,11.79,11.6025,11.72,5108
2021-05-05,11.67,11.67,11.35,11.39,5200
2021-05-06,11.48,11.48,11.32,11.32,2761
2021-05-07,11.83,14.07,11.8213,13.98,132542
2021-05-10,13.71,14.5,13.4,14.01,57503
2021-05-11,13.72,14.49,13.15,14.0,38251
2021-05-12,13.89,14.31,13.52,14.0,90613
2021-05-13,14.0028,14.01,13.4601,13.68,33327
2021-05-14,13.72,13.9048,13.66,13.89,15328
2021-05-17,13.5639,13.9372,13.5639,13.79,11043
2021-05-18,13.99,14.33,13.79,14.0,17480
2021-05-19,13.79,13.85,13.65,13.738,4383
2021-05-20,13.7548,13.9,13.48,13.695,21448
2021-05-21,14.0,14.0,13.6363,13.91,5409
2021-05-24,13.97,13.99,13.65,13.66,3065
2021-05-25,13.77,13.8575,13.4,13.4,39985
2021-05-26,13.49,13.89,13.4,13.739,15426
2021-05-27,13.73,13.76,13.36,13.36,5703
2021-05-28,13.53,13.54,13.195,13.5,23315
2021-06-01,13.5,13.5,13.01,13.06,23570
2021-06-02,13.01,13.43,12.85,12.92,22937
2021-06-03,12.9,13.205,12.65,13.17,10460
2021-06-04,12.99,13.0,12.72,12.72,14321
2021-06-07,12.72,12.96,12.7,12.83,39975
2021-06-08,12.93,13.12,12.75,13.12,26076
2021-06-09,12.9988,13.2,12.9988,13.03,7687
2021-06-10,13.18,13.18,13.03,13.12,2168
2021-06-11,13.18,13.7034,13.05,13.3,44617
2021-06-14,13.8,13.8,13.5,13.5,8503
2021-06-15,13.06,13.78,13.02,13.02,8721
2021-06-16,13.52,14.4999,13.4,13.8,86593
2021-06-17,13.85,14.1499,13.8,13.95,67516
2021-06-18,13.95,14.17,13.75,13.75,40131
2021-06-21,13.88,14.65,13.7001,14.46,111282
2021-06-22,14.52,14.9199,14.4,14.7,253032
2021-06-23,14.88,15.66,14.85,15.46,88893
2021-06-24,15.85,16.0,15.2138,15.78,69638
2021-06-25,15.85,15.855,15.33,15.65,59191
2021-06-28,15.23,15.6756,14.83,15.24,46643
2021-06-29,15.44,15.64,15.22,15.46,26705
2021-06-30,15.45,16.0,15.33,15.43,80087
2021-07-01,15.65,17.17,15.5,17.05,223650
2021-07-02,17.02,17.35,17.02,17.28,57679
2021-07-06,17.34,17.34,16.3999,16.72,81807
2021-07-07,16.85,17.0599,16.51,16.79,30695
2021-07-08,16.43,16.6,16.08,16.44,11411
2021-07-09,16.6,16.6,15.94,16.07,32984
2021-07-12,15.92,15.955,15.78,15.78,32113
2021-07-13,15.75,16.1599,15.65,15.795,7065
2021-07-14,16.12,16.12,15.5001,15.62,32546
2021-07-15,15.6,15.7636,14.58,15.1,36431
2021-07-16,15.18,15.417,14.17,14.35,53126
2021-07-19,13.77,14.46,13.7137,14.13,19725
2021-07-20,14.39,14.58,14.16,14.42,23873
2021-07-21,14.22,14.8,14.17,14.65,23435
2021-07-22,14.71,14.7794,14.51,14.72,3701
2021-07-23,14.68,14.77,14.4,14.66,8467
2021-07-26,14.66,15.02,14.66,14.68,5319
2021-07-27,14.66,14.66,14.0,14.1,18546
2021-07-28,14.28,14.59,14.1,14.59,21095
2021-07-29,14.64,14.64,14.12,14.12,4024
2021-07-30,14.1,14.8159,14.1,14.23,5020
2021-08-02,14.5,14.82,14.2,14.32,25875
2021-08-03,14.39,14.85,14.2,14.57,63032
2021-08-04,14.645,14.645,14.19,14.39,9405
2021-08-05,14.28,14.36,13.88,14.14,26537
2021-08-06,15.85,15.85,14.47,15.14,221124
2021-08-09,15.25,15.8907,14.8564,15.75,68241
2021-08-10,16.0,16.0,15.0001,15.21,43783
2021-08-11,15.12,15.58,15.0046,15.32,23886
2021-08-12,15.5075,15.5075,14.64,14.84,25944
2021-08-13,14.71,14.915,14.6,14.63,31929
2021-08-16,14.68,15.27,14.68,15.07,36070
2021-08-17,14.71,15.04,14.5,14.51,22646
2021-08-18,14.64,14.87,14.46,14.65,23408
2021-08-19,14.31,14.62,13.65,14.15,56889
2021-08-20,14.1,14.32,13.85,13.86,5341
2021-08-23,13.87,14.23,13.6901,14.11,17841
2021-08-24,14.12,14.522,13.88,14.13,17599
2021-08-25,14.79,14.79,14.0,14.23,10271
2021-08-26,14.04,14.4,13.905,14.26,8190
2021-08-27,14.4,14.4,14.1,14.1,5088
2021-08-30,14.384,14.384,13.7,13.86,19795
2021-08-31,13.7871,14.68,13.61,13.77,38484
2021-09-01,13.97,14.55,13.74,14.01,23502
2021-09-02,13.85,14.1614,13.7,14.03,15669
2021-09-03,14.05,14.05,13.71,13.75,18522
2021-09-07,13.92,13.92,13.35,13.36,31094
2021-09-08,13.493,13.51,13.3,13.37,39532
2021-09-09,13.48,13.48,13.34,13.34,5377
2021-09-10,13.34,13.35,12.6,13.0,37108
2021-09-13,12.82,13.23,12.675,13.11,17729
2021-09-14,13.06,13.06,12.4,12.46,30851
2021-09-15,12.44,12.8899,12.4,12.56,33572
2021-09-16,12.5,12.62,12.05,12.25,54039
2021-09-17,12.22,12.6402,12.0,12.26,54950
2021-09-20,11.95,12.09,11.65,11.91,55378
2021-09-21,11.97,11.97,11.66,11.75,18333
2021-09-22,11.91,12.09,11.56,11.82,30645
2021-09-23,11.78,11.87,11.599,11.7,22538
2021-09-24,11.7,11.9081,11.6,11.6,13617
2021-09-27,11.6,11.79,11.555,11.62,24998
2021-09-28,11.62,11.9,11.56,11.6,15742
2021-09-29,11.95,11.95,11.445,11.46,25670
2021-09-30,11.55,11.58,11.41,11.51,15922
2021-10-01,11.57,11.84,11.5,11.71,11770
2021-10-04,11.82,11.82,11.05,11.31,49443
2021-10-05,11.37,11.98,11.2,11.52,12675
2021-10-06,11.48,11.491,11.3,11.42,5271
2021-10-07,11.58,11.58,11.13,11.18,14187
2021-10-08,11.355,11.5,11.25,11.25,13324
2021-10-11,11.25,11.55,11.072,11.49,30828
2021-10-12,11.46,11.82,11.4,11.7699,39651
2021-10-13,11.7,11.76,11.4,11.49,24307
2021-10-14,11.52,11.735,11.42,11.46,15710
2021-10-15,12.0,12.0,11.47,11.5,17977
2021-10-18,11.67,11.68,11.22,11.38,34824
2021-10-19,11.39,11.44,11.22,11.3891,29565
2021-10-20,11.33,11.9,11.3,11.5,28376
2021-10-21,11.51,12.0,11.3,11.45,81363
2021-10-22,11.615,11.6805,11.47,11.52,10257
2021-10-25,11.65,11.88,11.41,11.6,29564
2021-10-26,11.71,11.8185,11.41,11.54,15433
2021-10-27,11.5,11.514,11.32,11.37,7574
2021-10-28,11.3,11.635,11.2,11.57,16078
2021-10-29,11.55,11.6312,11.0,11.0,44966
2021-11-01,10.97,11.4599,10.96,11.23,34910
2021-11-02,11.14,11.34,11.02,11.34,11760
2021-11-03,11.2012,11.38,11.05,11.25,46751
2021-11-04,11.69,11.69,11.01,11.5,14061
2021-11-05,11.05,11.09,9.395,10.62,310709
2021-11-08,10.54,10.609,9.96,10.0,31401
2021-11-09,9.9,9.95,9.57,9.57,41393
2021-11-10,9.6,10.17,9.6,9.98,60074
2021-11-11,10.0075,10.4,10.0075,10.39,68051
2021-11-12,10.31,10.5,10.0,10.215,17138
2021-11-15,10.0,10.31,9.76,10.01,75300
2021-11-16,10.14,10.17,9.62,9.8,58241
2021-11-17,9.8,9.99,9.8,9.85,27319
2021-11-18,9.75,9.75,9.33,9.51,60023
2021-11-19,9.41,9.6,9.33,9.42,17856
2021-11-22,9.4,9.6,9.4,9.45,78951
2021-11-23,9.45,9.55,9.35,9.36,20246
2021-11-24,9.3933,9.5,9.3933,9.46,4603
2021-11-26,9.26,9.4982,9.1368,9.34,3543
2021-11-29,9.4,9.4,9.15,9.2,16965
2021-11-30,9.2495,9.2495,8.9,9.05,29346
2021-12-01,9.23,9.23,8.75,8.75,23880
2021-12-02,8.84,8.9814,8.51,8.53,34975
2021-12-03,8.47,8.634,8.25,8.56,27294
2021-12-06,8.51,8.51,8.2,8.2,38491
2021-12-07,8.3,8.4,8.28,8.35,7148
2021-12-08,8.43,8.5,8.29,8.37,25120
2021-12-09,8.16,8.7,8.16,8.4,33424
2021-12-10,8.55,8.9596,8.55,8.85,42622
2021-12-13,8.77,8.85,8.65,8.76,55324
2021-12-14,8.76,9.05,8.36,8.64,84422
2021-12-15,8.7366,9.0328,8.58,8.85,17136
2021-12-16,8.87,9.04,8.8,8.95,27586
2021-12-17,8.95,9.1999,8.77,8.91,38425
2021-12-20,8.9,8.9,8.55,8.55,24758
2021-12-21,8.55,8.85,8.55,8.77,12172
2021-12-22,8.683,8.9302,8.683,8.86,11886
2021-12-23,8.75,8.75,8.625,8.64,5184
2021-12-27,8.5001,8.59,8.36,8.48,11210
2021-12-28,8.3501,8.54,8.34,8.35,8673
2021-12-29,8.35,8.455,8.32,8.32,8589
2021-12-30,8.3,8.5896,8.3,8.48,23645
2021-12-31,8.42,8.67,8.41,8.51,24483
2022-01-03,8.38,8.56,8.35,8.51,14299
2022-01-04,8.6784,9.0,8.35,8.49,40531
2022-01-05,8.5,8.7373,8.35,8.38,13218
2022-01-06,8.36,8.78,8.36,8.78,11979
2022-01-07,8.54,8.88,8.51,8.67,2498
2022-01-10,8.3,8.572,8.3,8.42,10266
2022-01-11,8.49,8.95,8.42,8.45,47302
2022-01-12,8.8577,8.86,8.55,8.85,3077
2022-01-13,9.2,9.2,8.825,9.07,17618
2022-01-14,9.1,9.14,8.87,8.87,9706
2022-01-18,8.5,9.08,8.5,8.87,30573
2022-01-19,9.0874,9.0874,8.375,8.52,16063
2022-01-20,8.52,8.78,8.52,8.61,2473
2022-01-21,8.6,8.6415,8.4,8.4,9051
2022-01-24,8.4317,8.446,8.05,8.38,19226
2022-01-25,7.96,8.5399,7.96,8.415,19767
2022-01-26,8.778,8.778,8.36,8.5,3781
2022-01-27,8.2888,8.5,8.2888,8.35,7864
2022-01-28,8.2935,8.6,8.0001,8.1,7126
2022-01-31,9.05,9.05,7.98,8.01,21930
2022-02-01,8.24,8.4,8.12,8.15,10928
2022-02-02,8.1,8.44,8.1,8.34,8767
2022-02-03,8.25,8.33,8.15,8.3298,6558
2022-02-04,8.17,8.327,8.17,8.25,5518
2022-02-07,8.2871,8.3551,8.2538,8.2538,6070
2022-02-08,8.11,8.6,8.11,8.6,20520
2022-02-09,8.5,8.615,8.49,8.49,1533
2022-02-10,8.812,8.812,8.32,8.55,3919
2022-02-11,8.64,8.64,8.25,8.34,12047
2022-02-14,8.74,8.8399,8.3,8.35,5963
2022-02-15,8.625,8.625,8.5,8.5,1648
2022-02-16,8.5479,8.89,8.5479,8.68,4787
2022-02-17,8.745,8.84,8.61,8.81,3211
2022-02-18,8.78,8.82,8.38,8.38,2011
2022-02-22,8.5,8.6491,8.3567,8.5,5086
2022-02-23,8.6332,8.693,8.5,8.67,3968
2022-02-24,8.41,8.52,8.2512,8.435,12265
2022-02-25,8.6593,8.6687,8.286,8.55,6152
2022-02-28,8.67,8.78,8.58,8.58,4365
2022-03-01,8.72,8.72,8.455,8.5,4638
2022-03-02,8.75,8.89,8.5,8.5,4402
2022-03-03,8.665,8.73,8.5,8.73,5431
2022-03-04,8.42,8.6957,8.4013,8.54,8187
2022-03-07,8.89,8.89,8.2722,8.33,10890
2022-03-08,8.5,9.85,8.5,9.65,28134
2022-03-09,9.47,10.61,9.47,10.0,38787
2022-03-10,10.0298,10.71,10.015,10.7,16710
2022-03-11,10.355,10.71,10.0004,10.23,6839
2022-03-14,10.69,10.7899,10.0,10.2,36611
2022-03-15,10.15,10.57,10.15,10.25,12152
2022-03-16,10.2543,10.57,10.2543,10.36,12831
2022-03-17,10.61,11.1773,10.41,11.06,30761
2022-03-18,11.06,11.51,11.0201,11.51,19633
2022-03-21,11.17,11.48,10.73,11.08,9827
2022-03-22,11.39,11.48,10.75,11.05,7832
2022-03-23,11.0,11.17,10.86,11.01,2771
2022-03-24,11.0,11.3437,10.8,11.3,25214
2022-03-25,10.962,11.5,10.9,11.3775,3853
2022-03-28,11.38,11.38,10.65,10.9001,23382
2022-03-29,11.0,11.17,10.8,11.05,29743
2022-03-30,11.21,11.21,10.5,10.72,15797
2022-03-31,10.87,10.91,10.63,10.76,8835
2022-04-01,10.91,10.95,10.75,10.75,6415
2022-04-04,10.75,10.75,10.45,10.5,10790
2022-04-05,10.74,10.75,10.49,10.49,4454
2022-04-06,10.49,10.49,10.11,10.3,36657
2022-04-07,10.2704,10.48,10.16,10.48,6612
2022-04-08,10.2331,10.33,10.185,10.25,4850
2022-04-11,10.36,10.41,10.1,10.33,5397
2022-04-12,10.2632,10.2917,10.0,10.06,6950
2022-04-13,10.08,10.24,10.08,10.1762,3044
2022-04-14,10.22,10.25,9.91,10.0,12110
2022-04-18,10.0,10.39,9.9879,10.01,16449
2022-04-19,10.19,10.2828,10.1,10.1,3572
2022-04-20,10.25,10.39,10.25,10.38,1773
2022-04-21,10.25,10.25,10.11,10.15,2860
2022-04-22,10.15,10.2721,10.1,10.27,3863
2022-04-25,10.11,10.22,10.1,10.22,14791
2022-04-26,10.32,10.32,10.0,10.0,8405
2022-04-27,9.95,10.15,9.7182,9.7182,9415
2022-04-28,9.75,10.03,9.72,10.03,1337
2022-04-29,10.3511,10.3511,9.85,10.0,4178
2022-05-02,9.87,10.27,9.85,9.98,19757
2022-05-03,10.0,10.24,10.0,10.05,1775
2022-05-04,10.3,10.3,10.1577,10.29,2344
2022-05-05,10.18,10.18,9.9767,10.16,5616
2022-05-06,10.07,10.29,9.8833,10.29,11295
2022-05-09,9.91,10.2,9.75,10.2,20788
2022-05-10,10.5,11.36,10.36,10.6265,51781
2022-05-11,10.4857,10.9927,10.3485,10.6144,25600
2022-05-12,10.5542,10.5542,10.25,10.4,19651
2022-05-13,10.2631,10.4848,10.2631,10.4253,14856
2022-05-16,10.45,10.48,10.27,10.34,10983
2022-05-17,10.3698,10.8594,10.3698,10.6,38232
2022-05-18,10.75,10.75,10.31,10.46,12945
2022-05-19,10.23,10.85,10.15,10.54,55191
2022-05-20,10.69,10.69,10.35,10.35,4302
2022-05-23,10.41,10.41,10.26,10.26,4225
2022-05-24,10.18,10.21,10.0,10.2,3465
2022-05-25,10.03,10.19,9.8038,10.14,39756
2022-05-26,9.97,10.16,9.9,9.9,7272
2022-05-27,10.01,10.2,10.0,10.0,3184
2022-05-31,10.1899,10.1899,10.0,10.0,6324
2022-06-01,10.05,10.05,9.92,9.92,3165
2022-06-02,9.97,10.12,9.97,10.12,3080
2022-06-03,9.9,10.1411,9.9,10.0901,2339
2022-06-06,10.0,10.0,9.86,9.88,10554
2022-06-07,9.92,10.005,9.8,9.95,5860
2022-06-08,9.95,10.02,9.9,10.01,2816
2022-06-09,9.91,9.97,9.75,9.89,9674
2022-06-10,10.18,10.18,9.7475,10.05,2639
2022-06-13,10.03,10.03,9.51,9.55,42284
2022-06-14,9.5,9.9,9.2,9.2,13208
2022-06-15,9.435,9.59,9.23,9.29,7150
2022-06-16,9.41,9.42,9.1901,9.25,5086
2022-06-17,9.35,9.35,9.21,9.21,4227
2022-06-21,9.2,9.23,9.1,9.15,7610
2022-06-22,9.15,9.25,9.0501,9.25,14676
2022-06-23,9.0999,9.0999,8.92,9.0,8682
2022-06-24,9.15,9.8,9.15,9.39,12415
2022-06-27,9.33,9.65,9.26,9.645,6290
2022-06-28,9.56,9.6,9.16,9.33,4069
2022-06-29,9.13,9.38,8.8949,9.32,5863
2022-06-30,9.31,9.31,8.95,9.19,5984
2022-07-01,8.9,9.6,8.5,9.13,23526
2022-07-05,9.01,9.11,8.85,8.85,12383
2022-07-06,8.99,9.28,8.82,8.87,15965
2022-07-07,8.89,9.43,8.89,9.43,2313
2022-07-08,9.23,9.66,9.11,9.22,9736
2022-07-11,9.285,9.81,9.16,9.43,7603
2022-07-12,9.5001,9.665,9.3,9.5,7830
2022-07-13,9.5,9.51,9.42,9.5,3841
2022-07-14,9.42,9.8,9.3,9.45,4579
2022-07-15,9.55,9.69,9.34,9.3506,5695
2022-07-18,9.99,9.99,9.5,9.62,24653
2022-07-19,9.95,10.59,9.95,10.25,26380
2022-07-20,10.32,10.43,9.96,10.31,20552
2022-07-21,10.37,10.4,10.04,10.4,25606
2022-07-22,10.39,10.64,10.1005,10.22,3246
2022-07-25,10.4,10.41,10.09,10.18,18310
2022-07-26,10.39,10.39,10.02,10.02,21803
2022-07-27,10.02,10.4938,10.0,10.05,16559
2022-07-28,10.05,10.3659,10.0,10.26,11820
2022-07-29,10.3056,11.33,10.3056,10.86,17398
2022-08-01,10.97,11.36,10.05,11.36,28484
2022-08-02,11.18,12.35,11.18,11.74,34718
2022-08-03,11.3865,12.1,11.25,11.77,13819
2022-08-04,11.75,11.75,11.0,11.185,10154
2022-08-05,11.0,11.48,11.0,11.12,10555
2022-08-08,11.135,11.4984,11.09,11.36,5340
2022-08-09,11.5,11.74,11.0,11.05,19635
2022-08-10,11.48,12.5,11.48,11.99,54840
2022-08-11,12.04,12.75,12.04,12.67,45407
2022-08-12,12.95,13.49,12.44,13.4,61800
2022-08-15,13.33,13.3799,12.96,13.3,25357
2022-08-16,13.01,13.5,13.01,13.21,18600
2022-08-17,13.1,13.45,12.58,12.97,21391
2022-08-18,12.95,12.98,12.58,12.78,58253
2022-08-19,12.51,12.86,12.51,12.55,12587
2022-08-22,12.5,12.71,12.14,12.5,16744
2022-08-23,12.8,13.14,12.6528,13.13,13265
2022-08-24,12.9204,13.47,12.9204,13.47,16436
2022-08-25,13.235,13.5985,13.23,13.3316,17208
2022-08-26,13.35,13.5499,13.25,13.455,10407
2022-08-29,13.33,13.35,12.89,12.98,10814
2022-08-30,12.98,13.5434,12.66,12.66,10105
2022-08-31,12.75,13.2074,12.4,12.4,8984
2022-09-01,12.27,12.33,11.81,12.098,15130
2022-09-02,12.1,12.1,11.66,11.66,4746
2022-09-06,11.68,11.92,11.5,11.5,6409
2022-09-07,11.5,11.9,11.5,11.9,10237
2022-09-08,11.64,11.9999,11.64,11.75,13340
2022-09-09,11.89,12.32,11.62,12.21,18905
2022-09-12,12.21,12.53,11.995,12.03,15283
2022-09-13,11.75,11.8,11.5,11.5,8014
2022-09-14,11.71,11.71,11.1707,11.36,18261
2022-09-15,11.484,11.6,11.28,11.49,9160
2022-09-16,11.4415,11.4415,10.8,11.01,27110
2022-09-19,10.8,11.183,10.8,11.15,4961
2022-09-20,11.01,11.11,10.81,10.95,3829
2022-09-21,10.8,11.06,10.8,11.06,1298
2022-09-22,10.89,10.92,10.07,10.15,13530
2022-09-23,10.03,10.03,9.5,9.6,9457
2022-09-26,10.55,10.55,9.5,9.71,3005
2022-09-27,10.06,10.06,9.4789,9.63,7523
2022-09-28,10.16,10.16,9.4,9.56,4013
2022-09-29,9.5,9.94,9.41,9.92,13945
2022-09-30,9.95,10.085,9.815,9.93,2742
2022-10-03,9.1,9.95,9.1,9.95,4795
2022-10-04,10.1,10.29,9.97,10.06,12908
2022-10-05,9.5,10.15,9.5,9.95,15393
2022-10-06,9.8,10.16,9.75,10.16,3298
2022-10-07,9.9,10.02,9.56,9.56,5645
2022-10-10,9.56,9.68,9.0227,9.15,10446
2022-10-11,9.5366,9.5366,9.01,9.01,7012
2022-10-12,9.2,9.2,9.0,9.09,6478
2022-10-13,8.95,9.2,8.8,9.19,6296
2022-10-14,9.08,9.48,8.7901,8.95,7909
2022-10-17,9.0,9.1198,8.74,9.0,11339
2022-10-18,9.095,9.095,8.85,8.85,5533
2022-10-19,8.8,9.137,8.8,8.8,2901
2022-10-20,8.8984,9.17,8.85,9.17,1804
2022-10-21,9.101,9.101,8.8,8.81,4944
2022-10-24,9.51,10.46,8.99,9.84,18223
2022-10-25,9.1,10.15,9.1,9.99,5387
2022-10-26,10.14,10.14,9.81,9.81,6318
2022-10-27,10.0,10.0,9.84,10.0,1748
2022-10-28,9.05,10.14,9.05,10.13,7135
2022-10-31,10.1,10.2062,9.82,9.91,9724
2022-11-01,10.1,10.13,10.02,10.02,16504
2022-11-02,10.0,10.27,10.0,10.135,12320
2022-11-03,9.93,10.4883,9.93,9.96,13472
2022-11-04,9.85,10.105,9.84,9.8856,4404
2022-11-07,10.4078,10.4078,9.82,10.05,67308
2022-11-08,11.0,11.2,10.36,10.78,42844
2022-11-09,11.0,11.0,10.64,10.91,35142
2022-11-10,10.855,10.95,10.7,10.92,12293
2022-11-11,10.92,11.1817,10.8,10.875,13720
2022-11-14,10.88,11.27,10.88,11.25,48434
2022-11-15,11.4,11.5,11.37,11.41,22165
2022-11-16,11.33,11.375,11.14,11.27,8904
2022-11-17,11.31,11.41,11.0,11.24,9652
2022-11-18,11.1019,11.265,10.9,11.0,21128
2022-11-21,11.02,11.4148,10.83,10.83,16060
2022-11-22,11.04,11.05,10.81,10.91,6205
2022-11-23,10.8,11.155,10.8,10.91,8166
2022-11-25,10.82,11.36,10.82,10.97,2594
2022-11-28,10.97,11.17,10.82,10.82,10408
2022-11-29,10.6636,11.0,10.6636,10.77,6572
2022-11-30,10.82,10.91,10.66,10.81,7428
2022-12-01,10.92,10.95,10.6201,10.83,9021
2022-12-02,10.57,10.9,10.57,10.77,9650
2022-12-05,10.72,10.775,10.5,10.5,4178
2022-12-06,10.71,10.72,10.36,10.59,7753
2022-12-07,10.41,10.645,10.41,10.61,3897
2022-12-08,10.65,10.85,10.565,10.62,4070
2022-12-09,10.5317,10.76,10.5,10.7,4099
2022-12-12,10.7,10.7,10.41,10.59,5414
2022-12-13,10.72,10.9205,10.4,10.4,10458
2022-12-14,11.45,12.45,11.15,11.63,105974
2022-12-15,12.45,12.45,11.75,11.99,32149
2022-12-16,11.99,12.8,11.84,12.78,22130
2022-12-19,12.93,12.93,12.7,12.7,37569
2022-12-20,12.75,12.8199,12.11,12.14,46667
2022-12-21,12.26,12.68,12.16,12.16,29948
2022-12-22,12.15,12.355,12.15,12.16,6840
2022-12-23,12.81,12.81,12.3,12.6,8196
2022-12-27,12.73,12.74,12.61,12.7,8834
2022-12-28,12.7,13.0,12.7,12.97,35510
2022-12-29,12.8,13.0,12.74,12.85,20132
2022-12-30,12.79,12.99,12.65,12.99,17097
2023-01-03,12.97,13.1,12.66,13.1,38615
2023-01-04,13.01,13.09,12.82,13.01,18096
2023-01-05,12.94,13.05,12.9,12.9,31901
2023-01-06,12.9,13.0,12.6601,13.0,10259
2023-01-09,13.1,13.7,13.1,13.58,76153
2023-01-10,13.59,13.83,13.21,13.46,66890
2023-01-11,13.6,13.78,13.46,13.7,22739
2023-01-12,13.58,13.7993,13.5,13.74,20837
2023-01-13,13.75,13.81,13.5201,13.71,9830
2023-01-17,14.06,14.3302,13.84,14.16,81292
2023-01-18,14.31,14.345,13.72,13.72,32536
2023-01-19,13.61,13.71,13.07,13.32,33801
2023-01-20,13.33,13.72,13.32,13.72,13661
2023-01-23,13.72,14.37,13.4527,14.28,46964
2023-01-24,14.25,14.625,14.17,14.49,28315
2023-01-25,14.26,14.62,14.26,14.6,41089
2023-01-26,14.7,14.73,14.25,14.73,27779
2023-01-27,14.55,15.07,14.55,15.0,56968
2023-01-30,15.07,15.34,14.755,15.25,85484
2023-01-31,15.25,15.69,15.195,15.6,61059
2023-02-01,15.73,15.9,15.57,15.71,65558
2023-02-02,15.7,15.795,15.55,15.68,44418
2023-02-03,15.58,15.74,15.5,15.63,22629
2023-02-06,15.63,15.7,15.23,15.63,47725
2023-02-07,15.7,15.7,15.3383,15.5,39477
2023-02-08,15.48,15.5,15.3224,15.47,15103
2023-02-09,15.42,15.42,14.54,14.64,38347
2023-02-10,14.36,14.81,14.2888,14.81,11649
2023-02-13,14.58,15.44,14.58,15.44,49119
2023-02-14,15.48,16.2588,15.44,15.95,78636
2023-02-15,15.9,15.98,15.5301,15.88,36030
2023-02-16,15.88,16.17,15.48,16.06,49399
2023-02-17,16.03,16.47,15.8901,16.45,53837
2023-02-21,16.37,16.455,15.7099,15.87,71853
2023-02-22,15.69,16.1815,15.62,15.98,38204
2023-02-23,16.1,16.4,15.98,16.33,33970
2023-02-24,16.15,17.2,16.11,17.1,160459
2023-02-27,17.1,17.1007,15.97,16.82,121938
2023-02-28,16.61,17.2,16.29,16.81,75533
2023-03-01,16.8,17.45,16.8,17.0,62801
2023-03-02,17.02,17.46,16.79,17.33,84440
2023-03-03,17.35,17.41,16.9925,17.34,52108
2023-03-06,17.39,17.39,17.06,17.35,50981
2023-03-07,17.32,17.32,17.06,17.25,54802
2023-03-08,17.25,17.25,16.84,17.25,71827
2023-03-09,17.25,17.25,16.78,16.91,27035
2023-03-10,16.74,16.74,15.28,15.3,63121
2023-03-13,15.13,15.53,14.8307,15.15,64522
2023-03-14,16.67,17.25,16.125,16.93,66276
2023-03-15,16.83,16.98,16.52,16.85,43436
2023-03-16,16.61,17.08,16.61,17.05,74651
2023-03-17,17.1,17.125,16.56,16.59,53473
2023-03-20,16.58,16.93,16.445,16.62,40278
2023-03-21,16.78,17.0,16.31,16.94,62225
2023-03-22,16.78,17.1,16.55,16.85,169975
2023-03-23,16.84,17.185,16.38,16.41,56535
2023-03-24,16.35,16.87,16.0101,16.7,170839
2023-03-27,17.13,17.14,16.78,16.85,117396
2023-03-28,16.95,17.255,16.91,17.05,131512
2023-03-29,17.19,17.57,17.18,17.57,103053
2023-03-30,17.79,18.0,17.73,17.93,39411
2023-03-31,17.99,18.27,17.8,17.99,73047
2023-04-03,17.91,18.48,17.76,18.38,79942
2023-04-04,18.5,18.5,18.1001,18.33,34999
2023-04-05,18.35,18.39,17.95,18.33,38227
2023-04-06,18.3,18.415,18.0,18.06,20197
2023-04-10,18.02,18.76,18.02,18.61,70033
2023-04-11,18.6,18.89,18.6,18.8,78790
2023-04-12,18.9,19.0808,18.82,19.02,56434
2023-04-13,19.02,19.23,19.01,19.1,52771
2023-04-14,19.07,19.68,19.07,19.38,58533
2023-04-17,19.46,19.575,19.08,19.37,109985
2023-04-18,19.35,19.4399,19.12,19.3,40621
2023-04-19,19.28,19.3,19.12,19.22,41743
2023-04-20,19.22,19.39,19.075,19.15,35239
2023-04-21,19.15,19.34,19.04,19.14,54314
2023-04-24,19.16,19.5816,19.14,19.58,125137
2023-04-25,19.5,19.5,18.79,18.96,53464
2023-04-26,18.9,18.98,18.41,18.54,47625
2023-04-27,18.6,18.695,18.25,18.42,35432
2023-04-28,18.28,18.87,18.22,18.75,61868
2023-05-01,18.81,19.4099,18.6279,19.38,144167
2023-05-02,19.38,19.49,18.94,19.35,41341
2023-05-03,19.3499,19.87,19.22,19.59,66194
2023-05-04,19.59,19.6732,18.92,19.09,46342
2023-05-05,19.35,19.35,19.065,19.3,34851
2023-05-08,19.24,19.315,18.62,19.06,60137
2023-05-09,20.0,20.22,19.51,19.98,169536
2023-05-10,20.12,20.555,20.12,20.46,107536
2023-05-11,20.41,20.64,19.77,19.83,48235
2023-05-12,20.03,20.72,20.03,20.44,53170
2023-05-15,20.63,20.645,19.185,19.69,105758
2023-05-16,19.54,19.66,18.75,18.8,57920
2023-05-17,19.09,19.377,18.75,19.32,64054
2023-05-18,19.22,19.22,18.8601,18.97,37570
2023-05-19,18.89,19.2,18.89,19.18,27957
2023-05-22,19.18,19.94,19.0,19.61,95671
2023-05-23,19.72,20.38,19.43,19.67,48154
2023-05-24,19.36,19.6,18.5,18.76,72379
2023-05-25,18.53,18.585,18.09,18.33,48543
2023-05-26,18.43,18.87,17.74,18.57,77066
2023-05-30,18.84,18.98,17.39,17.79,83858
2023-05-31,17.78,18.39,17.6612,18.39,42851
2023-06-01,18.22,18.672,18.22,18.5,35695
2023-06-02,18.56,19.44,18.56,19.38,48167
2023-06-05,19.04,19.36,18.88,19.29,37521
2023-06-06,19.2,20.0,19.1,19.97,44279
2023-06-07,19.93,20.31,19.6201,19.86,44833
2023-06-08,19.75,19.97,19.3805,19.6,33412
2023-06-09,19.4,19.86,19.34,19.41,24433
2023-06-12,19.3,19.5924,19.13,19.17,50929
2023-06-13,19.33,19.76,19.18,19.51,38042
2023-06-14,19.75,19.9699,19.1801,19.4,49330
2023-06-15,18.53,19.3505,18.35,19.16,75113
2023-06-16,19.02,19.36,19.02,19.24,41509
2023-06-20,19.37,19.39,18.86,19.39,51307
2023-06-21,19.31,20.4,19.25,20.35,82761
2023-06-22,20.14,21.0,20.035,20.97,130292
2023-06-23,20.92,21.17,20.09,20.19,903171
2023-06-26,20.36,21.23,20.0958,20.41,95412
2023-06-27,20.55,20.67,19.85,20.62,70904
2023-06-28,20.95,21.95,20.75,21.95,106520
2023-06-29,22.0,22.25,21.8001,22.22,61864
2023-06-30,22.4,22.85,22.25,22.75,63952
2023-07-03,22.69,22.87,22.37,22.72,37853
2023-07-05,22.72,22.77,22.065,22.11,52404
2023-07-06,22.33,22.9,22.08,22.9,50077
2023-07-07,22.96,23.8299,22.7273,23.67,114786
2023-07-10,23.78,24.0,22.91,23.31,111677
2023-07-11,23.68,23.75,22.67,22.79,57500
2023-07-12,22.96,23.2504,22.25,22.38,63214
2023-07-13,22.59,23.1599,22.5,23.11,50664
2023-07-14,23.06,23.375,22.1,22.18,40745
2023-07-17,22.15,23.48,21.5701,23.41,104858
2023-07-18,23.42,23.59,23.1838,23.38,27868
2023-07-19,23.44,23.6881,23.02,23.15,34154
2023-07-20,23.67,23.67,22.4,22.65,40527
2023-07-21,22.71,22.91,22.42,22.61,32906
2023-07-24,22.5,22.8093,22.145,22.76,37621
2023-07-25,22.62,23.1,22.6028,22.9,29387
2023-07-26,23.0,23.67,22.97,23.67,39652
2023-07-27,23.65,23.7,23.2475,23.43,33979
2023-07-28,23.75,24.4,23.43,24.17,68649
2023-07-31,23.95,24.2326,23.79,24.12,96328
2023-08-01,24.25,24.4,23.94,24.29,34133
2023-08-02,24.13,24.2194,23.33,23.37,35630
2023-08-03,23.47,24.0,23.4,23.82,31632
2023-08-04,23.95,24.17,23.6,23.99,32630
2023-08-07,24.02,24.38,22.1,22.45,73020
2023-08-08,23.25,25.3,22.775,24.92,105045
2023-08-09,25.13,26.34,24.7933,25.92,147467
2023-08-10,26.27,26.27,24.91,25.96,93778
2023-08-11,25.96,26.8374,25.79,25.96,64423
2023-08-14,26.05,27.645,26.05,26.75,213980
2023-08-15,26.97,27.9474,26.8501,27.78,134650
2023-08-16,27.93,28.34,25.5148,26.16,133308
2023-08-17,26.15,27.0399,25.68,26.21,55900
2023-08-18,26.02,27.74,25.93,27.67,77014
2023-08-21,27.8,27.875,26.4859,27.48,85564
2023-08-22,26.94,27.65,26.94,27.52,57290
2023-08-23,27.84,27.84,26.82,27.22,72589
2023-08-24,27.23,27.3711,26.59,26.79,32591
2023-08-25,26.86,27.13,26.3,26.97,42172
2023-08-28,27.25,27.69,26.755,27.45,49906
2023-08-29,27.49,27.54,26.88,27.51,34406
2023-08-30,27.3,27.835,27.0101,27.4,29713
2023-08-31,27.43,27.75,26.84,27.11,48751
2023-09-01,27.08,27.83,27.08,27.37,48224
2023-09-05,27.37,27.37,24.6901,25.3,97103
2023-09-06,25.14,25.56,24.47,25.2,49430
2023-09-07,25.31,25.5,24.28,25.4,92596
2023-09-08,25.21,25.72,24.368,24.8,44860
2023-09-11,24.96,25.93,24.96,25.88,83306
2023-09-12,26.22,26.36,25.14,25.29,54493
2023-09-13,25.29,25.539,24.61,25.43,58181
2023-09-14,25.58,25.755,25.14,25.52,35074
2023-09-15,25.23,26.19,24.56,25.7,178429
2023-09-18,25.55,25.55,24.72,24.84,51023
2023-09-19,24.69,25.41,24.21,25.2,63383
2023-09-20,25.41,26.855,25.3,26.54,106261
2023-09-21,26.52,26.98,26.17,26.59,55851
2023-09-22,26.94,27.26,26.36,26.38,62224
2023-09-25,26.41,28.29,26.1853,27.62,171320
2023-09-26,27.81,28.09,26.7,27.33,97309
2023-09-27,27.5,27.625,26.8201,27.26,85497
2023-09-28,27.5,29.15,27.5,28.26,149723
2023-09-29,28.39,29.05,28.2,28.49,326450
2023-10-02,28.59,30.09,28.59,29.65,239466
2023-10-03,29.79,29.79,27.8997,28.04,150719
2023-10-04,28.44,28.71,27.09,28.3,152646
2023-10-05,28.33,28.63,27.0,27.41,88903
2023-10-06,27.5,28.37,27.2,28.15,117251
2023-10-09,28.0,28.44,27.6,28.33,97214
2023-10-10,28.45,28.8199,27.84,27.97,75455
2023-10-11,28.33,28.425,27.83,28.04,63650
2023-10-12,28.09,28.5799,26.35,27.28,98313
2023-10-13,27.33,27.45,26.8004,27.27,45674
2023-10-16,27.41,28.455,27.27,27.32,66147
2023-10-17,27.33,28.44,27.33,27.9,71876
2023-10-18,28.0,28.0,26.5,26.74,80171
2023-10-19,27.03,27.935,26.7629,27.08,57496
2023-10-20,27.67,28.045,27.12,27.51,97863
2023-10-23,27.51,27.88,27.24,27.57,69270
2023-10-24,27.63,28.83,27.58,28.03,76080
2023-10-25,27.9,27.93,26.77,27.1,55830
2023-10-26,27.3,27.485,26.51,26.67,76423
2023-10-27,26.72,26.9752,25.2,25.76,104170
2023-10-30,25.66,26.2143,25.36,25.84,70158
2023-10-31,25.92,25.95,25.38,25.58,82342
2023-11-01,25.33,26.0,25.15,25.41,86433
2023-11-02,25.69,26.2894,24.87,25.17,99456
2023-11-03,25.34,25.93,25.0901,25.73,68188
2023-11-06,26.1,26.505,25.14,25.37,76719
2023-11-07,20.29,20.9973,16.11,17.48,409456
2023-11-08,17.61,17.61,16.0,16.07,256150
2023-11-09,16.12,17.69,16.1,17.18,295320
2023-11-10,17.06,17.1922,16.52,16.81,122355
2023-11-13,16.62,16.8,16.1,16.61,145357
2023-11-14,16.61,17.32,16.16,16.84,155115
2023-11-15,16.71,17.97,16.56,17.44,161911
2023-11-16,17.37,18.74,17.37,18.33,150068
2023-11-17,18.04,18.08,16.89,17.25,193709
2023-11-20,17.23,18.11,17.11,18.1,162551
2023-11-21,18.0,18.28,17.258,17.99,108775
2023-11-22,17.84,18.6095,17.84,18.2,84398
2023-11-24,18.17,18.35,17.475,17.62,30268
2023-11-27,17.88,18.23,17.71,18.19,70700
2023-11-28,18.02,18.061,17.06,17.25,91606
2023-11-29,17.36,18.31,17.3,18.31,101471
2023-11-30,18.2,18.49,17.9,17.99,70211
2023-12-01,17.85,18.51,17.85,18.01,121186
2023-12-04,18.15,18.1899,17.75,17.91,142663
2023-12-05,18.44,18.95,18.185,18.65,86573
2023-12-06,18.6,19.37,18.6,19.25,113765
2023-12-07,19.17,19.62,18.69,19.12,140567
2023-12-08,19.1,19.13,18.36,18.65,123288
2023-12-11,18.64,18.64,17.46,18.35,125674
2023-12-12,18.19,18.6939,18.08,18.39,63434
2023-12-13,18.18,18.34,17.23,18.32,119824
2023-12-14,18.25,18.78,18.24,18.56,95415
2023-12-15,18.79,18.81,18.35,18.39,130059
2023-12-18,18.26,18.39,17.8701,18.04,53333
2023-12-19,18.0,19.07,18.0,19.07,134140
2023-12-20,19.0,19.84,18.885,19.0,72513
2023-12-21,19.17,19.42,18.93,19.34,60342
2023-12-22,19.24,19.33,18.62,18.64,84438
2023-12-26,18.66,18.75,18.21,18.41,81818
2023-12-27,18.5,19.03,18.31,19.0,72404
2023-12-28,18.85,19.1,18.72,18.98,69377
2023-12-29,18.87,18.99,18.08,18.53,299054
2024-01-02,18.53,18.73,17.72,17.8,81994
2024-01-03,17.62,17.985,17.24,17.37,95482
2024-01-04,17.54,17.54,16.86,17.12,84751
2024-01-05,16.7,17.29,16.7,17.16,67594
2024-01-08,17.11,17.34,16.92,17.23,62125
2024-01-09,17.09,17.52,17.02,17.41,61158
2024-01-10,17.25,17.34,16.93,17.12,45500
2024-01-11,16.98,17.28,16.7261,17.14,67633
2024-01-12,17.23,17.62,16.969,17.08,61171
2024-01-16,16.99,17.365,16.8762,16.98,77051
2024-01-17,16.69,17.24,16.69,17.13,119042
2024-01-18,17.22,17.64,17.2,17.46,91838
2024-01-19,17.5,17.61,17.14,17.61,79114
2024-01-22,17.61,18.37,17.5,18.35,101479
2024-01-23,18.35,18.5,17.81,17.83,66471
2024-01-24,18.12,18.21,17.66,17.81,53663
2024-01-25,17.84,17.98,17.47,17.78,39370
2024-01-26,17.85,17.85,17.31,17.41,38511
2024-01-29,17.22,17.595,17.13,17.53,42733
2024-01-30,17.43,17.91,17.245,17.64,48358
2024-01-31,17.61,17.86,17.21,17.3,56460
2024-02-01,17.46,17.86,17.46,17.73,45975
2024-02-02,17.66,17.8,17.25,17.27,42319
2024-02-05,17.02,17.02,16.4,16.6,51828
2024-02-06,16.98,16.98,16.36,16.42,41145
2024-02-07,16.62,16.679,16.18,16.55,40327
2024-02-08,16.54,17.04,16.54,16.92,38028
2024-02-09,16.56,17.22,16.56,17.02,50329
2024-02-12,17.01,17.895,17.0,17.62,61524
2024-02-13,17.27,17.4355,16.71,16.79,67700
2024-02-14,17.02,17.23,16.83,17.19,29468
2024-02-15,17.22,17.875,17.22,17.86,52834
2024-02-16,17.78,18.3,17.78,17.85,38445
2024-02-20,17.75,17.78,16.88,16.89,21010
2024-02-21,16.65,17.07,16.65,16.86,24205
2024-02-22,16.81,17.14,16.61,17.13,34097
2024-02-23,17.02,17.42,16.955,17.41,21340
2024-02-26,17.21,17.86,17.21,17.74,29492
2024-02-27,17.75,18.33,17.75,18.18,55095
2024-02-28,18.08,18.29,18.04,18.25,33708
2024-02-29,18.31,18.95,18.196,18.37,67833
2024-03-01,18.31,18.79,18.31,18.54,32909
2024-03-04,18.53,18.91,18.53,18.65,28798
2024-03-05,18.73,18.955,18.4481,18.81,38199
2024-03-06,18.92,19.75,18.86,19.32,60942
2024-03-07,19.43,19.46,18.9,19.13,35986
2024-03-08,19.25,19.49,19.1672,19.36,28731
2024-03-11,19.65,19.83,19.18,19.37,61694
2024-03-12,19.5,20.3,18.855,19.23,117703
2024-03-13,19.4,19.51,18.9501,19.19,37773
2024-03-14,18.99,18.99,18.1,18.19,60689
2024-03-15,18.16,19.04,18.16,18.39,118555
2024-03-18,18.49,18.56,17.95,18.11,68713
2024-03-19,18.02,18.7,18.01,18.67,65976
2024-03-20,18.63,19.7,18.53,19.51,54563
2024-03-21,19.5,19.96,19.28,19.86,61760
2024-03-22,19.85,19.85,18.72,18.72,39268
2024-03-25,18.99,19.2,17.94,18.65,62087
2024-03-26,18.63,18.925,18.32,18.38,31905
2024-03-27,18.6,18.6,18.21,18.54,30804
2024-03-28,18.45,19.1,18.37,18.93,40849
2024-04-01,18.91,18.92,18.61,18.65,20819
2024-04-02,18.5,18.71,17.845,17.93,42267
2024-04-03,17.81,18.46,17.81,18.11,36210
2024-04-04,18.2,18.25,17.38,17.57,41063
2024-04-05,17.52,18.18,17.52,17.93,29111
2024-04-08,18.0,18.0,17.04,17.72,84369
2024-04-09,17.84,18.22,17.52,18.14,58294
2024-04-10,17.57,17.89,17.51,17.88,35555
2024-04-11,17.94,18.33,17.8975,18.3,25765
2024-04-12,18.21,18.686,18.1701,18.39,34140
2024-04-15,18.43,19.915,18.25,19.76,118169
2024-04-16,19.65,19.92,19.34,19.54,50295
2024-04-17,19.72,19.72,18.6716,19.06,46952
2024-04-18,19.09,19.42,19.0,19.04,33347
2024-04-19,19.0,19.8,18.82,19.8,51646
2024-04-22,19.7,19.7,19.34,19.34,48237
2024-04-23,19.34,19.85,19.1,19.57,36007
2024-04-24,19.54,19.59,18.735,19.19,44311
2024-04-25,18.88,19.11,18.335,18.66,34220
2024-04-26,18.72,19.97,18.43,19.37,47985
2024-04-29,19.47,19.49,18.92,19.0,40329
2024-04-30,19.13,19.23,17.98,18.02,43087
2024-05-01,18.24,18.24,17.85,17.93,22615
2024-05-02,17.91,18.0568,17.67,17.96,27526
2024-05-03,18.09,18.55,17.91,18.55,24404
2024-05-06,18.64,19.31,18.275,19.31,45337
2024-05-07,17.81,19.33,17.81,18.08,29950
2024-05-08,18.31,19.63,18.25,19.62,37075
2024-05-09,19.45,19.92,19.26,19.61,33927
2024-05-10,19.66,20.07,19.46,20.05,33357
2024-05-13,20.15,21.0,19.65,19.67,86194
2024-05-14,20.02,20.02,19.02,19.02,55812
2024-05-15,19.53,19.91,19.06,19.77,24172
2024-05-16,19.42,20.13,19.2993,20.13,36552
2024-05-17,20.29,20.29,18.81,18.85,36289
2024-05-20,18.76,18.92,18.47,18.69,32186
2024-05-21,18.56,19.11,18.24,18.89,37263
2024-05-22,18.11,19.0,18.11,19.0,33368
2024-05-23,18.9,19.04,18.44,18.99,34233
2024-05-24,19.09,19.89,18.88,19.78,24277
2024-05-28,19.88,20.0,19.3441,19.98,46665
2024-05-29,19.625,19.79,18.98,19.04,33827
2024-05-30,19.38,19.52,19.03,19.05,33912
2024-05-31,19.03,19.28,18.72,19.24,30245
2024-06-03,19.39,19.39,18.39,18.72,61314
2024-06-04,18.87,18.87,17.88,18.21,22228
2024-06-05,18.11,18.11,17.46,17.54,32342
2024-06-06,17.52,17.73,17.09,17.22,19514
2024-06-07,17.09,17.31,16.6889,17.03,33101
2024-06-10,16.7,16.9499,16.52,16.61,37892
2024-06-11,16.5,16.785,16.48,16.57,19095
2024-06-12,16.94,17.53,16.69,17.11,25007
2024-06-13,17.04,17.04,16.57,16.67,15560
2024-06-14,16.4,16.51,16.1,16.3,28044
2024-06-17,16.1,16.8589,16.1,16.69,29064
2024-06-18,16.69,16.94,16.58,16.74,39539
2024-06-20,16.58,16.6701,16.25,16.4,19945
2024-06-21,16.39,16.43,15.84,15.97,64643
2024-06-24,16.05,16.305,15.98,15.99,50654
2024-06-25,16.06,16.6,15.98,16.4,22926
2024-06-26,16.42,16.98,16.42,16.91,32421
2024-06-27,16.91,16.94,16.275,16.5,34673
2024-06-28,16.66,16.66,15.7,15.94,146835
2024-07-01,15.86,16.24,15.3,15.58,49536
2024-07-02,15.58,15.92,15.39,15.91,30427
2024-07-03,15.93,16.16,15.69,16.02,9531
2024-07-05,15.83,15.85,14.7101,15.06,65651
2024-07-08,15.03,15.34,14.96,15.05,30109
2024-07-09,14.95,15.06,14.64,14.65,30280
2024-07-10,14.88,15.43,14.73,15.4,31017
2024-07-11,15.5,16.36,15.465,16.35,47365
2024-07-12,16.44,16.72,15.65,16.21,56973
2024-07-15,16.27,16.86,16.27,16.65,45597
2024-07-16,16.91,18.23,16.735,17.98,70859
2024-07-17,17.85,18.17,17.23,17.65,36065
2024-07-18,17.7,17.795,17.24,17.37,25357
2024-07-19,17.41,17.5,16.92,17.18,15774
2024-07-22,17.25,17.74,16.85,17.5,38187
2024-07-23,17.63,18.28,17.5,18.02,41270
2024-07-24,18.13,18.13,17.54,17.77,29995
2024-07-25,17.97,18.72,17.61,18.27,39544
2024-07-26,18.56,18.56,17.88,18.42,18849
2024-07-29,18.54,18.69,18.0,18.01,23809
2024-07-30,18.01,18.515,18.01,18.42,182960
2024-07-31,18.54,19.2,18.235,18.45,35498
2024-08-01,18.43,18.44,17.65,18.01,57357
2024-08-02,17.65,17.74,17.43,17.63,32843
2024-08-05,17.4,17.4,16.2,17.0,46778
2024-08-06,17.36,18.69,17.25,17.42,45189
2024-08-07,17.28,17.28,15.5,15.72,51886
2024-08-08,15.98,17.04,15.72,17.03,33192
2024-08-09,17.04,17.82,16.82,17.66,46033
2024-08-12,17.57,17.57,16.9,16.9,34663
2024-08-13,17.09,18.07,16.88,17.95,36342
2024-08-14,17.89,18.24,17.7,18.09,25205
2024-08-15,18.5,18.5,17.65,17.77,43141
2024-08-16,17.77,18.025,17.54,17.59,56788
2024-08-19,17.9,18.06,17.78,17.9,36449
2024-08-20,17.96,18.095,17.62,17.92,43118
2024-08-21,17.9,18.16,17.71,17.9,56659
2024-08-22,18.01,18.08,17.59,17.85,32338
2024-08-23,17.93,18.71,17.93,18.71,84669
2024-08-26,18.6,18.6718,17.92,18.52,86648
2024-08-27,18.36,18.43,17.9543,18.26,31599
2024-08-28,18.25,18.25,17.392,17.75,48630
2024-08-29,17.79,18.04,17.61,17.87,19253
2024-08-30,17.89,18.04,17.51,17.85,17725
2024-09-03,17.85,17.87,17.15,17.73,46900
2024-09-04,17.44,17.69,17.4,17.5,30998
2024-09-05,17.43,17.75,17.43,17.56,19961
2024-09-06,17.46,17.6999,17.17,17.24,27754
2024-09-09,17.5,17.64,16.92,16.98,73817
2024-09-10,17.06,17.555,16.7103,17.5,42866
2024-09-11,17.19,18.0,17.19,17.84,38314
2024-09-12,17.85,18.08,17.75,17.83,54740
2024-09-13,18.0,18.1,17.81,18.0,64939
2024-09-16,18.0,18.43,18.0,18.37,16770
2024-09-17,18.4,18.62,18.0,18.08,22812
2024-09-18,18.08,18.62,17.8,18.0,55896
2024-09-19,18.65,18.65,18.0,18.49,18312
2024-09-20,18.39,18.405,18.0,18.0,54239
2024-09-23,18.25,18.25,17.52,17.52,17220
2024-09-24,17.65,17.87,17.29,17.75,45220
2024-09-25,17.65,17.69,17.3101,17.62,14606
2024-09-26,17.81,18.07,17.76,17.9,24553
2024-09-27,18.1,18.1,17.79,17.93,20413
2024-09-30,17.81,17.92,16.84,17.21,60624
2024-10-01,17.4,17.4,16.35,16.4,37863
2024-10-02,16.35,16.51,16.05,16.15,28315
2024-10-03,16.15,16.2,15.78,15.85,27938
2024-10-04,16.21,16.225,15.73,16.21,30300
2024-10-07,16.04,16.5,16.04,16.48,37817
2024-10-08,16.36,16.73,16.2901,16.67,128926
2024-10-09,16.66,17.5,16.66,16.96,38549
2024-10-10,16.74,17.275,16.6,17.14,39567
2024-10-11,17.0,17.4,17.0,17.24,15485
2024-10-14,17.45,17.45,17.1279,17.17,19310
2024-10-15,17.15,17.515,16.96,16.96,30893
2024-10-16,17.03,17.256,17.03,17.18,23860
2024-10-17,17.05,17.34,16.92,17.32,23813
2024-10-18,17.32,17.3701,17.0,17.11,22484
2024-10-21,17.09,17.17,16.6,16.73,28605
2024-10-22,16.8,17.0,16.15,16.16,22239
2024-10-23,16.14,16.37,15.91,16.21,17466
2024-10-24,16.15,16.42,15.8925,15.93,20145
2024-10-25,16.21,16.21,15.5,15.5,21516
2024-10-28,15.61,16.03,15.61,15.8,24204
2024-10-29,15.62,15.845,15.5,15.5,23226
2024-10-30,15.61,15.82,15.5,15.5,20617
2024-10-31,15.62,15.62,15.05,15.05,26489
2024-11-01,15.3,15.43,15.052,15.13,25862
2024-11-04,15.16,15.78,15.16,15.73,32172
2024-11-05,15.38,15.86,15.345,15.36,27701
2024-11-06,15.92,17.1,15.595,16.91,75579
2024-11-07,16.8,17.01,16.75,16.78,30901
2024-11-08,16.79,17.09,16.63,17.0,52159
2024-11-11,17.0,17.49,16.83,17.27,66106
2024-11-12,17.29,17.29,16.55,16.65,35170
2024-11-13,16.93,16.93,16.395,16.41,39755
2024-11-14,16.41,16.79,16.41,16.74,32257
2024-11-15,16.47,16.61,16.015,16.11,31560
2024-11-18,16.12,16.53,16.12,16.31,36364
2024-11-19,16.19,16.395,15.9201,16.1,19841
2024-11-20,16.17,16.19,15.81,15.86,32627
2024-11-21,16.0335,16.95,15.89,16.88,63618
2024-11-22,16.89,17.65,16.89,17.5,54564
2024-11-25,17.69,17.865,17.4612,17.77,56629
2024-11-26,17.6093,17.955,17.44,17.48,58453
2024-11-27,17.73,17.89,16.55,16.61,41882
2024-11-29,16.66,16.92,16.45,16.54,16387
2024-12-02,16.76,17.2,16.425,17.07,58814
2024-12-03,17.14,17.14,16.77,17.01,40995
2024-12-04,16.89,17.22,16.7733,17.01,30667
2024-12-05,16.9,17.01,16.43,16.55,25147
2024-12-06,16.66,16.7802,16.32,16.4,27870
2024-12-09,16.52,16.7777,16.43,16.43,30809
2024-12-10,16.43,16.51,16.11,16.16,48103
2024-12-11,16.1827,16.32,15.95,16.07,39095
2024-12-12,16.08,16.27,15.77,16.13,48007
2024-12-13,16.17,16.48,15.93,16.31,37198
2024-12-16,16.45,16.55,16.09,16.09,28960
2024-12-17,16.19,16.23,15.935,15.97,31142
2024-12-18,15.89,16.25,15.51,15.57,49571
2024-12-19,15.725,16.21,15.58,15.98,39863
2024-12-20,15.76,16.29,15.5892,16.2,95602
2024-12-23,16.1,16.51,16.1,16.45,41688
2024-12-24,16.29,16.67,16.29,16.59,42728
2024-12-26,16.6,16.6,16.4,16.58,36668
2024-12-27,16.29,16.68,16.29,16.51,44975
2024-12-30,16.49,16.56,16.0,16.41,68580
2024-12-31,16.5,16.8699,16.4723,16.54,67550
2025-01-02,16.79,16.79,15.6,15.6,34297
2025-01-03,15.7879,16.02,15.6031,15.73,46328
2025-01-06,15.8,15.9899,15.52,15.61,93901
2025-01-07,15.63,15.72,15.33,15.35,50349
2025-01-08,15.35,15.35,14.6671,14.86,73153
2025-01-10,14.81,15.005,14.42,14.48,62472
2025-01-13,14.24,14.79,14.23,14.69,54090
2025-01-14,14.9,15.105,14.63,14.91,58172
2025-01-15,15.22,15.52,15.04,15.52,40335
2025-01-16,15.57,15.57,15.17,15.2,43705
2025-01-17,15.33,15.33,14.915,15.03,31998
2025-01-21,15.24,15.32,15.03,15.13,36226
2025-01-22,15.18,15.18,14.86,14.86,32623
2025-01-23,14.83,14.8817,14.5301,14.72,42912
2025-01-24,14.7,15.05,14.7,14.9,27858
2025-01-27,15.04,15.1,14.83,14.92,33628
2025-01-28,14.8,15.02,14.71,14.86,27056
2025-01-29,14.8,14.95,14.6869,14.95,33865
2025-01-30,15.08,15.08,14.81,14.86,20133
2025-01-31,14.9,15.0,14.66,14.77,38292
2025-02-03,14.65,14.65,14.05,14.17,38606
2025-02-04,14.17,14.48,14.17,14.33,20286
2025-02-05,14.18,14.4,13.89,14.07,55719
2025-02-06,14.09,14.46,14.0,14.46,31876
2025-02-07,14.39,14.435,14.02,14.02,33695
2025-02-10,14.1,14.18,13.81,13.83,38114
2025-02-11,13.86,13.94,13.5,13.55,27738
2025-02-12,13.43,13.55,13.0,13.08,75088
2025-02-13,13.22,13.57,13.0752,13.48,27805
2025-02-14,13.47,13.6,13.41,13.44,16521
2025-02-18,13.56,14.01,13.4401,13.91,46918
2025-02-19,13.95,14.19,13.715,14.06,54940
2025-02-20,14.11,14.2213,13.6,13.71,25749
2025-02-21,13.88,13.88,13.25,13.26,31914
2025-02-24,13.4,13.48,13.1984,13.32,34139
2025-02-25,13.43,13.86,13.34,13.55,39646
2025-02-26,13.48,13.79,13.32,13.74,37332
2025-02-27,13.59,13.82,13.56,13.69,41163
2025-02-28,13.69,13.81,13.58,13.73,27851
2025-03-03,13.76,13.86,13.0,13.06,61063
2025-03-04,13.0,13.1608,12.7,13.06,62185
2025-03-05,13.09,13.66,13.09,13.33,29383
2025-03-06,13.33,13.67,13.33,13.6,25926
2025-03-07,13.58,13.82,13.425,13.76,22049
2025-03-10,13.75,13.93,13.11,13.22,53283
2025-03-11,12.87,13.36,12.25,13.17,107285
2025-03-12,13.33,13.72,13.17,13.55,34483
2025-03-13,13.66,13.66,13.36,13.6,46265
2025-03-14,13.81,14.14,13.78,14.02,29053
2025-03-17,13.92,14.325,13.9,14.01,28573
2025-03-18,14.08,14.39,13.97,14.35,27728
2025-03-19,14.12,14.6393,14.12,14.6,41445
2025-03-20,14.55,15.16,14.55,15.13,40892
2025-03-21,14.92,15.11,14.77,14.96,67976
2025-03-24,15.27,15.27,14.58,14.63,59078
2025-03-25,14.64,14.88,14.48,14.85,48499
2025-03-26,14.82,15.15,14.79,14.88,55363
2025-03-27,14.9,15.18,14.825,15.03,30982
2025-03-28,14.95,15.29,14.86,15.22,35112
2025-03-31,15.0,15.27,14.96,15.2,32449
2025-04-01,15.1,15.76,14.99,15.68,52418
2025-04-02,15.42,15.78,15.26,15.78,36433
2025-04-03,15.34,15.45,14.95,15.2,39581
2025-04-04,14.65,15.1099,14.36,14.97,67311
2025-04-07,14.58,15.3438,14.25,14.65,53033
2025-04-08,14.91,14.91,13.99,14.11,56627
2025-04-09,14.06,15.57,14.06,14.94,53241
2025-04-10,14.75,15.21,14.35,14.78,31737
2025-04-11,14.69,15.33,14.69,15.08,19122
2025-04-14,15.04,15.4,14.85,14.92,32867
2025-04-15,15.08,15.175,14.8827,14.95,25659
2025-04-16,15.01,15.19,14.84,15.07,23875
2025-04-17,15.11,15.385,15.06,15.19,27870
2025-04-21,14.86,15.19,14.7901,15.08,26474
2025-04-22,15.3,15.37,15.03,15.19,21048
2025-04-23,15.43,15.43,14.89,15.03,38958
2025-04-24,15.0553,15.36,15.0553,15.25,18352
2025-04-25,15.2,15.27,14.99,15.09,15106
2025-04-28,15.32,15.32,14.97,15.09,15605
2025-04-29,15.17,15.37,14.9,14.91,32273
2025-04-30,14.83,15.39,14.6901,15.38,34231
2025-05-01,15.22,15.4,14.95,15.22,32032
2025-05-02,15.39,15.78,15.3365,15.57,31054
2025-05-05,15.74,15.7471,15.46,15.53,27751
2025-05-06,15.26,15.66,15.15,15.17,24002
2025-05-07,15.37,15.51,15.19,15.42,19421
2025-05-08,15.23,15.23,14.48,14.91,29826
2025-05-09,14.895,15.88,14.895,15.59,50864
2025-05-12,16.0,16.0,15.33,15.48,38526
2025-05-13,15.5,15.66,15.5,15.57,10748
2025-05-14,15.53,15.53,15.3258,15.43,27177
2025-05-15,15.48,15.7,15.375,15.66,18255
2025-05-16,15.64,15.75,15.49,15.6,18642
2025-05-19,15.49,15.825,15.02,15.7,17195
2025-05-20,15.78,16.06,15.78,15.88,31227
2025-05-21,15.71,15.99,15.66,15.96,21201
2025-05-22,15.83,16.1,15.83,15.9,34294
2025-05-23,15.87,15.94,15.62,15.67,21754
2025-05-27,15.9,16.24,15.85,16.17,27910
2025-05-28,16.09,16.2,15.9,15.96,16671
2025-05-29,15.905,16.72,15.905,16.66,36275
2025-05-30,16.66,16.89,16.26,16.67,27047
2025-06-02,16.73,16.765,16.18,16.18,50587
2025-06-03,16.29,16.43,15.96,16.08,70415
2025-06-04,16.07,16.096,15.8096,16.08,32709
2025-06-05,16.155,16.29,15.89,16.02,38868
2025-06-06,16.1,16.3252,15.961,16.05,39403
2025-06-09,16.07,16.275,15.94,15.99,26120
2025-06-10,16.09,16.57,16.09,16.5,33646
2025-06-11,16.58,16.65,16.5182,16.55,15414
2025-06-12,16.55,16.7,16.495,16.68,14110
2025-06-13,16.52,16.65,16.41,16.47,20434
2025-06-16,16.47,16.73,16.41,16.68,34967
2025-06-17,16.57,16.68,16.45,16.45,25291
2025-06-18,16.45,16.65,16.12,16.62,30275
2025-06-20,16.61,16.64,16.35,16.44,76246
2025-06-23,16.5,16.7,16.16,16.52,91597
2025-06-24,16.62,16.7081,16.26,16.51,51033
2025-06-25,16.51,16.65,16.35,16.57,42150
2025-06-26,16.64,17.17,16.64,17.16,40991
2025-06-27,17.15,17.2,16.54,16.86,159605
2025-06-30,17.05,17.11,16.59,16.59,44692
2025-07-01,16.7,17.45,16.56,17.3,32437
2025-07-02,17.27,17.3,17.02,17.24,19732
2025-07-03,17.21,17.3,17.05,17.3,14740
2025-07-07,17.21,17.36,17.05,17.09,23385
2025-07-08,17.245,17.575,17.14,17.35,26835
2025-07-09,17.45,17.49,17.2501,17.49,16168
2025-07-10,17.53,17.545,17.2325,17.29,15287
2025-07-11,17.08,17.3604,16.865,17.02,22177
2025-07-14,16.9,17.0,16.7,16.72,21816
2025-07-15,16.84,16.84,16.5,16.51,34092
2025-07-16,16.67,16.925,16.5,16.82,33129
2025-07-17,16.7,16.99,16.65,16.79,15146
2025-07-18,16.99,17.0,16.645,16.85,26275
2025-07-21,16.87,16.87,16.5,16.74,36552
2025-07-22,16.66,17.54,16.66,17.25,36427
2025-07-23,17.38,17.45,17.19,17.42,13703
2025-07-24,17.34,17.34,16.98,17.18,26646
2025-07-25,17.32,17.42,17.115,17.42,9494
2025-07-28,17.34,17.69,17.34,17.62,17047
2025-07-29,17.73,17.73,17.255,17.64,18662
2025-07-30,17.59,17.75,16.62,16.7,24130
2025-07-31,16.5,16.73,16.48,16.64,16180
2025-08-01,16.52,16.6895,16.44,16.5,24821
2025-08-04,16.37,16.79,16.37,16.79,23265
2025-08-05,17.08,17.5,16.502,17.29,31554
2025-08-06,17.03,17.3499,16.995,17.0,22107
2025-08-07,17.12,17.185,16.945,17.05,29090
2025-08-08,17.1,17.28,16.79,17.02,19678
2025-08-11,16.91,17.2279,16.91,17.05,17716
2025-08-12,17.18,17.27,17.0604,17.15,39329
2025-08-13,17.32,17.41,17.15,17.2,19796
2025-08-14,17.14,17.5,17.14,17.47,11846
2025-08-15,17.53,17.63,17.32,17.35,14694
2025-08-18,17.5,17.94,17.375,17.9,14316
2025-08-19,17.98,18.105,17.15,18.09,29195
2025-08-20,17.96,18.13,17.79,18.11,16754
2025-08-21,17.98,18.34,17.84,18.34,33724
2025-08-22,18.33,19.47,18.33,19.47,35466
2025-08-25,19.4,19.4,18.68,18.75,30739
2025-08-26,18.84,19.27,18.407,19.27,28306
2025-08-27,19.11,19.21,19.0,19.16,11682
2025-08-28,19.13,19.2,18.94,18.98,9708
2025-08-29,18.99,19.41,18.92,19.2,19957
2025-09-02,19.09,19.145,18.7161,18.93,20869
2025-09-03,19.0,19.25,18.64,19.08,26999
2025-09-04,19.2,19.45,19.08,19.45,18681
2025-09-05,19.36,19.79,19.275,19.79,23651
2025-09-08,19.79,19.95,19.72,19.86,35171
2025-09-09,19.91,20.85,19.25,19.39,144278
2025-09-10,19.27,21.0,19.01,20.98,119914
2025-09-11,20.94,21.4,20.91,21.08,30457
2025-09-12,20.83,21.42,20.7242,21.22,46952
2025-09-15,21.32,21.9,21.285,21.75,24905
2025-09-16,21.86,22.0,21.04,21.05,30319
2025-09-17,21.29,21.74,20.96,21.12,37607
2025-09-18,20.97,21.99,20.97,21.92,62055
2025-09-19,21.91,22.0,21.25,21.5,64745
2025-09-22,21.5,21.82,21.25,21.55,26846
2025-09-23,21.64,22.2921,21.55,21.61,23117
2025-09-24,21.72,21.87,21.28,21.87,21713
2025-09-25,21.8,22.2,21.48,21.48,17263
2025-09-26,21.5,22.0025,21.5,21.68,25952
2025-09-29,21.79,21.79,20.95,20.96,15851
2025-09-30,20.93,21.01,20.09,20.55,33826
2025-10-01,20.32,20.58,19.54,19.94,33547
2025-10-02,19.84,19.8999,19.35,19.35,27107
2025-10-03,19.36,19.685,18.79,18.88,21320
2025-10-06,18.91,19.335,18.3,19.15,50553
2025-10-07,19.2,19.2,18.43,18.68,27122
2025-10-08,18.82,19.1599,18.3799,18.78,10220
2025-10-09,18.82,18.8899,18.31,18.31,16165
2025-10-10,18.44,18.7612,18.0,18.05,22949
2025-10-13,17.91,18.74,17.5,18.23,17178
2025-10-14,18.03,18.4899,17.88,18.24,21075
2025-10-15,18.25,18.98,18.25,18.82,15676
2025-10-16,18.8,18.88,18.585,18.61,14913
2025-10-17,18.41,18.8407,18.41,18.49,14961
2025-10-20,18.31,18.801,18.31,18.66,17569
2025-10-21,18.56,19.45,18.56,18.8,16788
2025-10-22,18.805,19.19,18.7,19.19,15437
2025-10-23,19.24,19.3,19.0644,19.17,8330
2025-10-24,19.5531,19.84,19.0,19.11,10934
2025-10-27,19.25,19.25,18.12,18.13,25668
2025-10-28,18.29,18.6708,18.25,18.32,25563
2025-10-29,18.19,18.66,17.85,18.3,23576
2025-10-30,18.07,18.42,17.79,17.79,13383
2025-10-31,17.7,18.03,17.7,17.91,9647
2025-11-03,17.93,18.56,17.93,18.34,20661
2025-11-04,17.0,18.535,16.6,18.31,27041
2025-11-05,18.35,18.9,18.34,18.86,31237
2025-11-06,18.66,19.07,18.66,19.06,16499
2025-11-07,18.93,20.3,18.6891,19.24,15597
2025-11-10,19.13,19.89,19.03,19.73,28793
2025-11-11,19.44,19.87,18.56,18.85,18317
2025-11-12,18.47,19.215,18.35,19.12,26581
2025-11-13,18.7,19.2,18.7,19.2,12084
2025-11-14,18.795,19.0703,18.54,18.54,8451
2025-11-17,18.1139,18.45,17.55,17.56,42206
2025-11-18,17.36,18.07,17.36,17.87,24926
2025-11-19,17.98,18.4,17.665,18.1,30974
2025-11-20,18.35,18.72,17.92,18.5,24049
2025-11-21,18.43,19.17,18.175,18.78,19013
2025-11-24,18.8,18.8,17.87,18.53,13001
2025-11-25,18.78,19.3349,18.78,19.23,11456
2025-11-26,18.88,19.42,18.72,18.86,13167
2025-11-28,18.7045,19.24,18.7045,18.9,10126
2025-12-01,18.82,19.25,18.53,18.6,31290
2025-12-02,18.6,18.92,18.44,18.69,20718
2025-12-03,18.59,19.25,18.59,19.2,27495
2025-12-04,19.05,19.05,18.68,18.74,8970
2025-12-05,18.81,19.06,18.66,18.75,10683
2025-12-08,18.75,19.24,18.65,18.82,17028
2025-12-09,19.22,19.25,18.96,18.96,13975
2025-12-10,18.6239,19.89,18.6239,19.63,34077
2025-12-11,19.98,20.8,19.98,20.69,32038
2025-12-12,20.5,20.84,19.78,20.47,44391
2025-12-15,20.39,20.58,20.15,20.34,32186
2025-12-16,20.06,20.92,20.01,20.73,25303
2025-12-17,20.83,20.9,20.52,20.9,17035
2025-12-18,21.0,21.33,19.815,21.03,24498
2025-12-19,21.12,21.38,20.78,21.29,83435
2025-12-22,21.14,21.425,19.78,20.27,36340
2025-12-23,20.13,20.58,20.055,20.17,10209
2025-12-24,20.14,20.94,20.14,20.63,12503
2025-12-26,20.391,21.47,20.391,21.28,19105
2025-12-29,21.12,21.4,20.93,21.39,13239
2025-12-30,21.21,21.3,20.16,20.16,31985
2025-12-31,20.44,20.73,19.75,20.05,52350
2026-01-02,20.0,20.13,19.14,19.46,40488
2026-01-05,19.53,20.0007,19.3917,20.0,27053
2026-01-06,19.83,20.3,19.445,19.99,40944
2026-01-07,19.86,20.0,18.41,18.42,30229
2026-01-08,18.49,19.68,18.3,19.68,61625
2026-01-09,19.5,19.552,18.875,19.17,51715
2026-01-12,19.2,19.5,18.92,19.44,13775
2026-01-13,19.39,19.39,18.82,18.89,13066
2026-01-14,19.08,19.4,18.76,19.0,8378
2026-01-15,18.95,19.57,18.8701,18.91,15625
2026-01-16,18.94,19.2909,18.67,18.82,15973
2026-01-20,18.51,18.67,18.1,18.34,24369
2026-01-21,18.43,19.29,18.43,19.13,14363
2026-01-22,19.22,19.43,18.45,19.42,32501
2026-01-23,19.1,19.1,18.61,18.7,10063
2026-01-26,18.57,19.06,18.57,18.66,16772
2026-01-27,18.42,18.98,18.42,18.77,7976
2026-01-28,18.99,19.19,18.72,18.8,17286
2026-01-29,18.99,19.42,18.77,19.42,13266
2026-01-30,18.79,19.88,18.76,19.52,25919
2026-02-02,19.81,20.16,19.25,19.73,29406
2026-02-03,19.63,19.95,19.63,19.71,29961
2026-02-04,19.8,20.33,19.8,20.25,23258
2026-02-05,20.03,20.59,20.0,20.55,12454
2026-02-06,20.63,20.98,20.45,20.45,24161
2026-02-09,19.94,20.36,19.94,20.1,21590
2026-02-10,20.095,20.235,19.66,19.66,19699
2026-02-11,20.11,20.3,19.31,20.06,16103
2026-02-12,20.01,20.01,19.52,19.89,20696
2026-02-13,19.65,19.89,19.16,19.16,17100
2026-02-17,18.77,19.26,18.7001,19.0,25937
2026-02-18,19.05,19.66,19.02,19.45,19402
2026-02-19,18.9,19.9,18.9,19.47,15808
2026-02-20,19.42,19.42,18.92,19.2,8280
2026-02-23,19.2,19.96,18.74,19.29,37960
2026-02-24,19.36,19.36,19.05,19.2,14851
2026-02-25,19.22,19.6,19.0,19.42,19952
2026-02-26,18.66,19.815,18.66,19.17,12496
2026-02-27,18.93,19.04,18.25,18.25,20299
2026-03-02,18.41,19.77,18.41,19.76,47881
2026-03-03,18.96,19.75,18.88,19.32,12738
2026-03-04,19.36,20.12,19.31,19.31,23203
2026-03-05,19.34,19.34,18.94,19.18,26890
2026-03-06,18.62,18.98,18.57,18.81,12882
2026-03-09,18.83,19.11,17.71,18.05,47404
2026-03-10,19.86,20.98,19.06,19.56,65650
2026-03-11,19.25,20.0,18.3,18.48,19603
2026-03-12,18.71,19.58,18.615,19.47,58798
2026-03-13,19.4,19.78,19.03,19.32,18790
2026-03-16,19.78,20.0,19.25,19.75,13846
2026-03-17,19.9,20.85,19.9,20.46,25515
2026-03-18,20.25,20.81,20.12,20.74,30068
2026-03-19,20.45,20.67,20.1,20.44,19433
2026-03-20,20.37,20.55,19.7,20.06,68171
2026-03-23,20.37,21.79,20.37,21.72,26951
2026-03-24,21.13,21.79,21.06,21.06,33259
2026-03-25,21.72,21.72,20.465,20.91,36719
2026-03-26,20.7,22.66,20.7,22.54,38292
2026-03-27,22.42,22.97,21.52,21.96,43060
2026-03-30,22.97,22.97,21.905,22.6,34346
2026-03-31,22.97,22.97,22.1152,22.4,35031
2026-04-01,22.48,22.785,22.2502,22.4,17735
2026-04-02,22.12,22.4,21.64,22.17,18976
2026-04-06,22.36,22.78,21.8482,22.41,28198
2026-04-07,22.35,23.0,22.17,22.74,28286
2026-04-08,23.4,23.4,22.83,23.02,30862
2026-04-09,23.22,23.34,22.84,23.27,36625
2026-04-10,23.11,23.89,22.17,23.81,39119
2026-04-13,23.98,25.89,23.51,25.57,88648
2026-04-14,25.47,26.47,25.2,25.93,54569
2026-04-15,25.85,26.4,25.31,26.36,36169
2026-04-16,26.35,26.54,26.0,26.3,34861
2026-04-17,26.6,27.93,26.3,27.27,58379
2026-04-20,27.41,28.69,27.25,28.35,59003
2026-04-21,28.41,28.56,27.11,27.6,47430
2026-04-22,27.77,27.77,26.285,26.73,18245
2026-04-23,27.06,27.8,26.75,27.29,22076
2026-04-24,27.02,28.1,26.5501,28.1,58853
2026-04-27,28.29,28.41,27.1001,27.74,34892
2026-04-28,27.76,28.65,27.76,28.07,30460
2026-04-29,28.1,28.565,27.1965,27.39,27903
2026-04-30,27.32,27.825,26.78,26.95,33272
2026-05-01,27.14,27.29,26.3501,26.61,20784
2026-05-04,26.45,26.8413,25.33,25.66,35236
2026-05-05,25.61,26.34,25.4001,25.58,22964
2026-05-06,25.96,25.96,24.41,24.53,16964
2026-05-07,23.91,26.3,22.39,24.96,47269
2026-05-08,24.68,26.845,24.44,26.0,36985
2026-05-11,25.72,25.89,23.87,24.17,64466
2026-05-12,23.93,25.225,23.8,24.41,34436
2026-05-13,24.2,24.5,23.55,24.16,25156
2026-05-14,24.32,25.1,24.25,24.69,14198
2026-05-15,24.4,25.2,23.9,23.91,15035
2026-05-18,23.87,23.985,23.12,23.26,32731
2026-05-19,23.52,23.965,23.185,23.42,27287
2026-05-20,23.23,24.05,23.2,23.4,21658
2026-05-21,23.3,24.335,23.185,24.2,46704
2026-05-22,24.18,24.97,23.2172,23.53,38750
2026-05-26,23.74,24.3076,23.58,23.64,16167
2026-05-27,23.98,24.275,23.64,23.81,19205
2026-05-28,24.05,24.6,23.73,24.49,24234
2026-05-29,24.9,25.2,23.45,23.69,24089
2026-06-01,23.69,23.69,22.8384,23.35,31392
2026-06-02,23.36,23.54,22.6955,23.32,20904
2026-06-03,23.62,23.68,23.0052,23.51,24754
2026-06-04,23.58,24.0,23.25,23.67,20734
2026-06-05,23.7,23.93,22.84,23.08,12531
2026-06-08,23.59,23.59,23.035,23.25,15449
2026-06-09,23.1825,23.9599,22.9701,23.24,25146
2026-06-10,23.72,23.83,23.01,23.69,43090
2026-06-11,23.89,24.77,23.62,24.67,28731
2026-06-12,24.57,25.15,24.2036,24.64,32624
2026-06-15,25.07,25.35,24.59,24.83,33489
2026-06-16,25.12,25.2774,23.15,23.43,28440
2026-06-17,23.61,24.428,23.29,23.31,24361
2026-06-18,23.71,23.97,23.235,23.8,40975
