date,open,high,low,close,volume,splitfactor,divcash
2000-01-03,52.12,52.12,49.0,49.06,962800,1.0,0.0
2000-01-04,51.0,51.81,50.38,51.13,1324800,1.0,0.0
2000-01-05,52.0,55.25,51.88,55.0,1737400,1.0,0.0
2000-01-06,54.63,55.56,54.0,54.81,1448500,1.0,0.0
2000-01-07,55.25,57.56,55.19,56.25,1136700,1.0,0.0
2000-01-10,56.63,57.25,55.25,55.75,1218800,1.0,0.0
2000-01-11,55.5,55.56,54.63,55.0,399200,1.0,0.0
2000-01-12,54.38,54.56,52.75,53.0,1352400,1.0,0.24
2000-01-13,54.0,54.38,52.13,53.0,616500,1.0,0.0
2000-01-14,53.5,54.38,52.06,53.38,635100,1.0,0.0
2000-01-18,51.63,53.19,51.5,51.81,923000,1.0,0.0
2000-01-19,51.25,51.63,50.13,50.75,674400,1.0,0.0
2000-01-20,50.5,50.56,48.69,49.32,913600,1.0,0.0
2000-01-21,49.63,49.75,49.25,49.38,870200,1.0,0.0
2000-01-24,49.63,50.0,45.75,46.44,840800,1.0,0.0
2000-01-25,46.44,47.38,45.38,47.06,1225000,1.0,0.0
2000-01-26,47.31,47.81,45.69,46.94,1419300,1.0,0.0
2000-01-27,48.94,49.0,46.81,47.0,1052700,1.0,0.0
2000-01-28,47.25,48.0,46.63,47.25,1147300,1.0,0.0
2000-01-31,47.13,47.31,46.0,47.13,404400,1.0,0.0
2000-02-01,47.25,48.44,46.44,48.31,566800,1.0,0.0
2000-02-02,49.13,49.44,47.44,47.5,759900,1.0,0.0
2000-02-03,48.25,48.38,45.88,46.25,885200,1.0,0.0
2000-02-04,45.56,47.25,45.5,45.56,1124000,1.0,0.0
2000-02-07,46.06,46.13,42.25,44.5,2692900,1.0,0.0
2000-02-08,44.13,44.63,42.69,43.0,2071700,1.0,0.0
2000-02-09,42.5,42.5,40.94,41.75,1656900,1.0,0.0
2000-02-10,41.81,43.25,41.69,42.19,603600,1.0,0.0
2000-02-11,42.13,42.19,41.44,41.44,777000,1.0,0.0
2000-02-14,42.0,42.06,41.0,41.56,571500,1.0,0.0
2000-02-15,41.56,42.0,40.88,41.31,1165000,1.0,0.0
2000-02-16,42.0,42.31,41.25,41.69,650100,1.0,0.0
2000-02-17,41.63,43.38,41.44,43.13,1006500,1.0,0.0
2000-02-18,43.25,43.31,41.44,41.88,949900,1.0,0.0
2000-02-22,42.0,43.5,41.88,43.0,504000,1.0,0.0
2000-02-23,43.25,43.5,42.56,43.13,559200,1.0,0.0
2000-02-24,43.0,43.06,41.56,42.25,1318200,1.0,0.0
2000-02-25,42.19,43.44,42.13,42.94,495800,1.0,0.0
2000-02-28,43.19,43.44,42.38,43.06,367700,1.0,0.0
2000-02-29,43.0,43.94,42.75,43.25,578900,1.0,0.0
2000-03-01,43.25,43.25,42.19,42.38,752400,1.0,0.0
2000-03-02,42.25,42.31,40.81,41.13,863600,1.0,0.0
2000-03-03,41.13,41.13,38.75,38.88,1989300,1.0,0.0
2000-03-06,39.0,39.75,37.75,37.81,1386200,1.0,0.0
2000-03-07,37.0,37.56,36.25,37.0,889300,1.0,0.0
2000-03-08,37.63,39.69,37.38,37.5,2240600,1.0,0.0
2000-03-09,37.06,40.13,36.75,39.81,1137900,1.0,0.0
2000-03-10,39.88,40.0,37.25,39.31,1147800,1.0,0.0
2000-03-13,38.5,39.19,38.25,39.06,761600,1.0,0.0
2000-03-14,39.25,40.38,39.25,40.13,1138300,1.0,0.0
2000-03-15,41.13,45.0,40.69,43.38,1296600,1.0,0.0
2000-03-16,44.75,45.19,43.06,45.13,1436600,1.0,0.0
2000-03-17,45.13,46.63,45.06,45.75,1308000,1.0,0.0
2000-03-20,45.63,46.25,45.25,46.06,908100,1.0,0.0
2000-03-21,46.0,46.75,45.63,46.5,902900,1.0,0.0
2000-03-22,46.13,46.5,45.25,45.94,850900,1.0,0.0
2000-03-23,45.88,46.88,44.94,46.44,414500,1.0,0.0
2000-03-24,46.44,48.94,46.0,48.25,761600,1.0,0.0
2000-03-27,48.0,48.25,47.5,47.81,533100,1.0,0.0
2000-03-28,47.0,48.5,47.0,47.13,380300,1.0,0.0
2000-03-29,47.38,47.44,46.38,47.06,327500,1.0,0.0
2000-03-30,47.31,48.88,47.31,48.31,528600,1.0,0.0
2000-03-31,48.44,51.44,48.19,49.75,1085400,1.0,0.0
2000-04-03,50.0,51.25,49.06,50.88,680300,1.0,0.0
2000-04-04,50.69,53.88,50.25,51.94,1467900,1.0,0.0
2000-04-05,51.38,51.38,50.31,50.88,920200,1.0,0.26
2000-04-06,50.88,51.88,50.19,51.13,573700,1.0,0.0
2000-04-07,51.0,51.63,50.5,50.75,599800,1.0,0.0
2000-04-10,50.5,51.0,49.88,50.75,474100,1.0,0.0
2000-04-11,49.0,51.38,49.0,51.19,924400,1.0,0.0
2000-04-12,51.13,53.13,51.13,52.31,999800,1.0,0.0
2000-04-13,52.31,53.94,51.44,52.75,853700,1.0,0.0
2000-04-14,52.38,52.38,50.75,51.38,822200,1.0,0.0
2000-04-17,50.0,50.75,48.81,50.44,790100,1.0,0.0
2000-04-18,48.5,51.5,48.0,50.25,606900,1.0,0.0
2000-04-19,50.44,53.38,50.38,52.0,681800,1.0,0.0
2000-04-20,54.0,57.13,53.56,53.56,2007300,1.0,0.0
2000-04-24,53.31,58.13,53.31,58.0,1868600,1.0,0.0
2000-04-25,58.0,59.94,56.94,59.31,1885600,1.0,0.0
2000-04-26,59.25,59.63,56.13,56.88,2051300,1.0,0.0
2000-04-27,55.19,59.38,55.19,59.38,1940300,1.0,0.0
2000-04-28,58.75,58.94,57.44,58.5,1018200,1.0,0.0
2000-05-01,57.06,59.0,56.38,58.94,1691900,1.0,0.0
2000-05-02,57.81,58.31,57.0,57.19,668600,1.0,0.0
2000-05-03,56.94,57.13,55.63,55.81,450900,1.0,0.0
2000-05-04,55.5,56.63,54.88,55.81,655200,1.0,0.0
2000-05-05,55.69,57.81,55.31,57.0,326200,1.0,0.0
2000-05-08,56.75,57.06,55.88,56.06,346200,1.0,0.0
2000-05-09,56.0,57.81,55.38,57.5,646900,1.0,0.0
2000-05-10,56.63,57.88,55.5,55.75,615600,1.0,0.0
2000-05-11,56.0,57.19,55.94,56.5,283300,1.0,0.0
2000-05-12,55.81,57.75,55.81,56.44,455500,1.0,0.0
2000-05-15,56.19,57.44,56.19,56.94,840500,1.0,0.0
2000-05-16,56.94,57.94,56.13,56.25,943500,1.0,0.0
2000-05-17,54.63,55.56,54.56,54.63,975300,1.0,0.0
2000-05-18,54.81,56.56,54.81,55.69,799200,1.0,0.0
2000-05-19,55.5,57.0,55.44,56.81,821700,1.0,0.0
2000-05-22,56.56,57.13,55.63,56.19,624200,1.0,0.0
2000-05-23,55.94,57.38,55.94,56.94,455900,1.0,0.0
2000-05-24,57.19,60.0,57.13,58.31,1012900,1.0,0.0
2000-05-25,58.13,58.63,57.13,57.13,539100,1.0,0.0
2000-05-26,57.38,57.88,56.44,56.44,288200,1.0,0.0
2000-05-30,56.38,58.38,56.38,58.13,457100,1.0,0.0
2000-05-31,58.5,59.38,58.5,59.06,569900,1.0,0.0
2000-06-01,58.81,60.38,58.38,60.38,881400,1.0,0.0
2000-06-02,60.88,61.19,58.0,58.63,652100,1.0,0.0
2000-06-05,58.25,58.25,57.06,57.38,462500,1.0,0.0
2000-06-06,57.56,58.25,57.5,57.88,368300,1.0,0.0
2000-06-07,57.88,58.88,57.06,57.44,354000,1.0,0.0
2000-06-08,57.25,57.25,55.0,55.44,955200,1.0,0.0
2000-06-09,55.25,56.31,54.63,55.19,793500,1.0,0.0
2000-06-12,55.38,55.75,54.88,55.19,550800,1.0,0.0
2000-06-13,55.06,55.19,53.88,54.13,543900,1.0,0.0
2000-06-14,54.63,56.31,54.5,55.38,451500,1.0,0.0
2000-06-15,55.13,56.94,55.0,56.25,370300,1.0,0.0
2000-06-16,57.19,57.19,55.0,55.03,603700,1.0,0.0
2000-06-19,54.81,55.38,53.75,53.75,924900,1.0,0.0
2000-06-20,53.81,54.63,52.75,54.0,897800,1.0,0.0
2000-06-21,53.63,54.19,52.56,53.13,593000,1.0,0.0
2000-06-22,53.31,53.75,51.94,52.56,444500,1.0,0.0
2000-06-23,53.5,54.75,52.75,54.19,667600,1.0,0.0
2000-06-26,54.13,55.25,54.06,54.13,356100,1.0,0.0
2000-06-27,54.88,55.25,54.38,54.44,913900,1.0,0.0
2000-06-28,54.38,54.38,53.0,53.48,660500,1.0,0.0
2000-06-29,52.25,53.88,52.0,52.81,958800,1.0,0.0
2000-06-30,52.44,52.75,52.0,52.25,771700,1.0,0.0
2000-07-03,52.38,52.63,52.06,52.44,174400,1.0,0.0
2000-07-05,52.25,53.0,52.06,52.5,761300,1.0,0.0
2000-07-06,52.5,53.0,52.13,52.19,414400,1.0,0.0
2000-07-07,52.5,52.81,52.25,52.56,525800,1.0,0.0
2000-07-10,52.81,53.28,52.56,52.63,411400,1.0,0.0
2000-07-11,52.38,53.44,51.88,53.25,486000,1.0,0.0
2000-07-12,52.69,53.81,52.13,53.81,371900,1.0,0.26
2000-07-13,53.94,53.94,53.19,53.44,427500,1.0,0.0
2000-07-14,53.56,53.75,53.13,53.63,485300,1.0,0.0
2000-07-17,53.63,54.81,53.44,54.38,530300,1.0,0.0
2000-07-18,54.56,54.63,52.88,53.06,317000,1.0,0.0
2000-07-19,53.31,55.44,53.31,54.13,747100,1.0,0.0
2000-07-20,54.25,58.0,54.25,57.88,732700,1.0,0.0
2000-07-21,58.06,58.38,56.31,57.94,573300,1.0,0.0
2000-07-24,58.13,59.56,57.5,59.25,734800,1.0,0.0
2000-07-25,59.38,59.94,58.13,58.69,515800,1.0,0.0
2000-07-26,58.75,59.31,56.81,56.81,692300,1.0,0.0
2000-07-27,57.0,57.44,55.31,57.19,585100,1.0,0.0
2000-07-28,57.0,57.06,56.44,56.75,1099600,1.0,0.0
2000-07-31,56.75,57.75,56.31,56.44,449100,1.0,0.0
2000-08-01,56.69,59.81,56.56,58.56,908100,1.0,0.0
2000-08-02,58.56,59.19,58.31,58.69,1094500,1.0,0.0
2000-08-03,58.94,59.88,58.5,59.56,589200,1.0,0.0
2000-08-04,59.88,62.0,59.75,61.13,950400,1.0,0.0
2000-08-07,61.5,62.19,61.25,61.81,612500,1.0,0.0
2000-08-08,61.56,62.44,61.06,62.38,914200,1.0,0.0
2000-08-09,62.13,62.94,62.0,62.94,779000,1.0,0.0
2000-08-10,62.94,62.94,62.31,62.44,409800,1.0,0.0
2000-08-11,62.44,62.44,61.0,61.56,446600,1.0,0.0
2000-08-14,61.31,61.63,60.63,61.31,329400,1.0,0.0
2000-08-15,61.44,62.19,61.0,61.25,405900,1.0,0.0
2000-08-16,60.56,60.94,60.06,60.75,542600,1.0,0.0
2000-08-17,61.13,61.5,60.75,61.13,248300,1.0,0.0
2000-08-18,61.06,61.44,60.56,60.69,275900,1.0,0.0
2000-08-21,60.69,62.25,60.63,62.06,333400,1.0,0.0
2000-08-22,62.0,64.38,61.94,63.94,530900,1.0,0.0
2000-08-23,63.75,64.63,63.38,64.13,649900,1.0,0.0
2000-08-24,64.13,64.25,63.13,63.44,313900,1.0,0.0
2000-08-25,63.44,64.19,63.44,64.13,505600,1.0,0.0
2000-08-28,64.13,64.13,62.88,63.5,695700,1.0,0.0
2000-08-29,63.63,63.94,63.06,63.56,432600,1.0,0.0
2000-08-30,63.5,64.81,63.5,63.81,777800,1.0,0.0
2000-08-31,63.88,64.25,62.88,62.94,512000,1.0,0.0
2000-09-01,62.38,64.0,62.38,62.88,608400,1.0,0.0
2000-09-05,62.0,62.25,60.75,61.63,894400,1.0,0.0
2000-09-06,60.38,63.31,60.38,62.63,623300,1.0,0.0
2000-09-07,62.88,64.13,62.88,63.63,709400,1.0,0.0
2000-09-08,63.56,63.75,62.06,63.25,588900,1.0,0.0
2000-09-11,62.69,64.69,62.69,64.56,575400,1.0,0.0
2000-09-12,64.25,64.44,63.19,64.38,461400,1.0,0.0
2000-09-13,64.13,64.56,63.56,64.0,611300,1.0,0.0
2000-09-14,63.75,64.13,62.75,63.31,614000,1.0,0.0
2000-09-15,63.44,64.0,62.06,62.06,754000,1.0,0.0
2000-09-18,62.25,63.38,62.0,62.81,735500,1.0,0.0
2000-09-19,62.81,64.0,62.44,62.5,643800,1.0,0.0
2000-09-20,62.06,63.56,61.94,62.44,469400,1.0,0.0
2000-09-21,62.25,64.13,62.25,62.94,609900,1.0,0.0
2000-09-22,63.0,63.94,62.63,63.81,617900,1.0,0.0
2000-09-25,62.69,64.94,62.69,63.25,1332200,1.0,0.0
2000-09-26,63.0,63.0,62.13,62.13,6790200,1.0,0.0
2000-09-27,62.56,62.63,62.13,62.13,1287000,1.0,0.0
2000-09-28,64.0,64.0,62.31,64.0,1157700,1.0,0.0
2000-09-29,63.31,63.94,62.0,62.81,1737700,1.0,0.0
2000-10-02,62.94,63.19,61.63,62.75,977200,1.0,0.0
2000-10-03,62.56,63.69,62.31,62.56,1324400,1.0,0.0
2000-10-04,61.94,63.0,61.88,62.0,1334000,1.0,0.26
2000-10-05,61.88,62.38,60.0,60.13,1617400,1.0,0.0
2000-10-06,60.0,61.44,60.0,60.44,1745100,1.0,0.0
2000-10-09,59.5,60.38,58.75,59.75,1341600,1.0,0.0
2000-10-10,59.81,64.25,59.63,63.56,2201400,1.0,0.0
2000-10-11,63.5,64.81,63.44,64.56,2331800,1.0,0.0
2000-10-12,64.63,66.0,64.38,65.5,2455700,1.0,0.0
2000-10-13,66.0,67.38,65.75,66.44,1496800,1.0,0.0
2000-10-16,66.25,67.81,65.94,66.38,1678400,1.0,0.0
2000-10-17,66.25,66.56,64.81,65.75,1010500,1.0,0.0
2000-10-18,65.5,66.31,64.38,66.13,1245400,1.0,0.0
2000-10-19,66.13,66.94,64.31,66.5,1568000,1.0,0.0
2000-10-20,65.0,66.75,64.0,66.69,1356600,1.0,0.0
2000-10-23,67.44,68.94,66.81,68.13,1232000,1.0,0.0
2000-10-24,68.19,69.31,67.63,68.94,960900,1.0,0.0
2000-10-25,69.19,70.0,68.0,68.19,1246400,1.0,0.0
2000-10-26,68.0,68.38,67.0,67.31,1124500,1.0,0.0
2000-10-27,67.5,69.44,66.63,67.94,593100,1.0,0.0
2000-10-30,68.44,70.63,68.44,70.13,1493800,1.0,0.0
2000-10-31,70.44,71.69,69.94,71.56,1037600,1.0,0.0
2000-11-01,71.31,71.38,69.44,70.38,747400,1.0,0.0
2000-11-02,70.88,71.13,69.44,69.44,783700,1.0,0.0
2000-11-03,69.88,69.88,68.25,68.69,607100,1.0,0.0
2000-11-06,69.5,70.44,69.38,69.81,1118500,1.0,0.0
2000-11-07,69.81,70.06,68.88,69.13,468600,1.0,0.0
2000-11-08,69.88,69.94,68.44,69.19,630700,1.0,0.0
2000-11-09,68.88,70.94,68.38,70.0,953800,1.0,0.0
2000-11-10,70.0,70.25,68.75,69.75,696900,1.0,0.0
2000-11-13,70.0,72.25,69.94,72.25,1608800,1.0,0.0
2000-11-14,72.25,73.25,71.69,72.0,1736200,1.0,0.0
2000-11-15,72.13,73.25,71.88,73.19,997900,1.0,0.0
2000-11-16,73.06,73.69,72.63,73.06,945900,1.0,0.0
2000-11-17,73.31,73.94,72.5,73.13,1046500,1.0,0.0
2000-11-20,73.13,73.25,72.5,73.0,680600,1.0,0.0
2000-11-21,73.19,75.19,73.06,74.75,1530800,1.0,0.0
2000-11-22,72.25,74.0,71.88,72.0,1098500,1.0,0.0
2000-11-24,73.0,73.63,72.75,73.38,293300,1.0,0.0
2000-11-27,73.38,73.44,70.19,70.19,976900,1.0,0.0
2000-11-28,69.56,70.75,68.69,69.94,1055800,1.0,0.0
2000-11-29,70.75,75.88,70.75,74.94,1560300,1.0,0.0
2000-11-30,74.0,76.63,72.69,76.25,1874000,1.0,0.0
2000-12-01,74.75,75.13,72.75,73.56,1846800,1.0,0.0
2000-12-04,73.56,73.63,70.38,71.0,1451300,1.0,0.0
2000-12-05,71.0,72.13,71.0,72.0,1684800,1.0,0.0
2000-12-06,72.0,72.0,68.5,69.19,1547200,1.0,0.0
2000-12-07,69.19,70.31,69.13,69.81,1025600,1.0,0.0
2000-12-08,70.06,72.38,69.25,71.94,932100,1.0,0.0
2000-12-11,71.94,74.38,70.13,73.63,1263200,1.0,0.0
2000-12-12,73.63,74.81,73.38,73.56,813800,1.0,0.0
2000-12-13,73.75,75.81,73.63,74.5,1288100,1.0,0.0
2000-12-14,74.31,76.19,73.19,74.0,943800,1.0,0.0
2000-12-15,73.63,74.38,72.88,74.19,1121200,1.0,0.0
2000-12-18,74.06,76.88,73.56,76.19,1221900,1.0,0.0
2000-12-19,76.38,77.94,74.88,75.75,803200,1.0,0.0
2000-12-20,75.38,75.44,71.63,73.06,909900,1.0,0.0
2000-12-21,73.31,74.75,73.31,74.5,1199200,1.0,0.0
2000-12-22,74.5,75.88,74.0,74.5,969200,1.0,0.0
2000-12-26,74.69,75.19,74.5,74.94,684500,1.0,0.0
2000-12-27,74.81,75.19,74.63,75.19,824900,1.0,0.0
2000-12-28,75.63,77.75,74.94,76.81,639300,1.0,0.0
2000-12-29,76.81,79.0,76.63,78.0,995500,1.0,0.0
2001-01-02,78.19,78.19,74.81,75.06,1326900,1.0,0.0
2001-01-03,75.06,75.06,72.13,72.94,1480900,1.0,0.0
2001-01-04,72.94,72.94,67.5,69.31,2477100,1.0,0.0
2001-01-05,69.19,70.38,68.63,69.19,1176400,1.0,0.0
2001-01-08,69.06,69.94,69.0,69.56,658600,1.0,0.0
2001-01-09,69.44,70.63,69.38,69.81,613600,1.0,0.0
2001-01-10,69.88,72.13,69.31,70.0,1053000,1.0,0.0
2001-01-11,69.88,70.0,68.38,68.44,938000,1.0,0.0
2001-01-12,68.5,69.0,67.31,67.56,900800,1.0,0.0
2001-01-16,67.94,69.0,66.75,68.63,833100,1.0,0.0
2001-01-17,68.44,69.19,65.38,66.75,1079100,1.0,0.26
2001-01-18,67.0,68.56,67.0,67.88,1186400,1.0,0.0
2001-01-19,68.0,69.25,67.44,68.38,788300,1.0,0.0
2001-01-22,68.63,70.13,68.06,69.94,721700,1.0,0.0
2001-01-23,69.94,70.06,69.0,69.38,613000,1.0,0.0
2001-01-24,69.94,70.88,69.25,69.88,1085100,1.0,0.0
2001-01-25,69.88,72.88,69.81,72.38,1653200,1.0,0.0
2001-01-26,72.5,72.75,71.31,71.75,509500,1.0,0.0
2001-01-29,71.15,71.2,70.0,70.8,673800,1.0,0.0
2001-01-30,70.9,70.9,70.1,70.68,854300,1.0,0.0
2001-01-31,70.75,71.27,70.7,70.98,1288400,1.0,0.0
2001-02-01,71.0,71.0,69.27,69.93,855100,1.0,0.0
2001-02-02,69.99,70.09,69.5,69.88,1032300,1.0,0.0
2001-02-05,69.3,69.66,67.15,68.1,1212500,1.0,0.0
2001-02-06,68.35,68.35,67.0,67.3,883000,1.0,0.0
2001-02-07,67.3,67.3,65.0,65.86,1472900,1.0,0.0
2001-02-08,66.85,68.0,66.7,67.48,1500200,1.0,0.0
2001-02-09,67.5,67.76,66.3,66.75,741700,1.0,0.0
2001-02-12,66.76,66.8,65.41,66.41,1148600,1.0,0.0
2001-02-13,67.25,68.75,66.9,68.25,1014900,1.0,0.0
2001-02-14,69.0,69.29,68.45,69.15,990800,1.0,0.0
2001-02-15,68.8,69.09,68.2,68.91,1333800,1.0,0.0
2001-02-16,69.6,70.75,68.21,70.59,1140700,1.0,0.0
2001-02-20,70.8,70.94,69.55,69.99,867500,1.0,0.0
2001-02-21,69.99,71.05,69.52,69.81,947400,1.0,0.0
2001-02-22,69.95,70.15,68.25,68.93,458800,1.0,0.0
2001-02-23,68.93,69.38,68.0,69.37,840300,1.0,0.0
2001-02-26,69.37,70.75,69.27,70.68,648000,1.0,0.0
2001-02-27,69.9,70.5,69.66,69.72,816300,1.0,0.0
2001-02-28,69.97,70.15,67.63,68.18,666800,1.0,0.0
2001-03-01,68.0,68.0,66.13,67.1,1209500,1.0,0.0
2001-03-02,66.85,67.45,65.98,66.6,1094300,1.0,0.0
2001-03-05,67.95,69.92,67.6,69.1,821000,1.0,0.0
2001-03-06,69.9,70.1,69.28,69.73,531000,1.0,0.0
2001-03-07,70.3,72.14,69.85,72.07,855900,1.0,0.0
2001-03-08,71.85,72.19,71.11,72.14,507000,1.0,0.0
2001-03-09,72.0,72.55,71.1,71.95,655900,1.0,0.0
2001-03-12,71.95,71.95,69.04,69.12,667300,1.0,0.0
2001-03-13,69.95,70.14,69.11,69.79,1003600,1.0,0.0
2001-03-14,69.6,69.96,69.25,69.4,781000,1.0,0.0
2001-03-15,70.0,70.05,68.05,68.61,1020000,1.0,0.0
2001-03-16,68.61,69.52,67.8,67.9,1276000,1.0,0.0
2001-03-19,67.7,68.55,67.7,68.34,503300,1.0,0.0
2001-03-20,68.34,68.35,67.15,67.25,516600,1.0,0.0
2001-03-21,67.1,67.11,65.39,65.5,825100,1.0,0.0
2001-03-22,67.0,67.35,63.53,64.36,1306700,1.0,0.0
2001-03-23,64.5,64.99,63.85,64.8,988600,1.0,0.0
2001-03-26,65.0,65.15,63.27,64.0,1793600,1.0,0.0
2001-03-27,64.15,64.37,62.5,62.54,2338300,1.0,0.0
2001-03-28,62.54,62.54,60.5,61.0,2241300,1.0,0.0
2001-03-29,61.3,62.58,61.0,61.95,1265100,1.0,0.0
2001-03-30,62.75,62.95,61.8,62.74,1017300,1.0,0.0
2001-04-02,62.99,64.53,62.95,64.53,1518000,1.0,0.0
2001-04-03,64.3,64.83,63.5,63.65,1100000,1.0,0.0
2001-04-04,63.9,64.6,63.3,63.73,969100,1.0,0.0
2001-04-05,64.5,65.0,63.8,64.7,724100,1.0,0.0
2001-04-06,64.7,65.6,63.45,64.85,955900,1.0,0.0
2001-04-09,64.6,65.95,64.58,65.71,550200,1.0,0.0
2001-04-10,66.25,68.1,65.66,68.02,1100600,1.0,0.28
2001-04-11,68.15,71.2,66.7,67.67,1350000,1.0,0.0
2001-04-12,67.55,69.35,67.0,69.35,1066600,1.0,0.0
2001-04-16,69.3,69.36,67.54,68.49,582400,1.0,0.0
2001-04-17,68.3,69.05,67.5,67.8,663800,1.0,0.0
2001-04-18,68.6,70.85,68.2,70.49,1103700,1.0,0.0
2001-04-19,71.8,73.88,71.7,73.5,1494500,1.0,0.0
2001-04-20,73.45,73.45,71.9,71.9,1348700,1.0,0.0
2001-04-23,73.3,73.3,71.42,71.9,1362500,1.0,0.0
2001-04-24,72.15,74.13,72.15,74.11,2197200,1.0,0.0
2001-04-25,72.5,73.36,71.7,72.73,2560300,1.0,0.0
2001-04-26,73.7,77.0,73.15,75.5,2305800,1.0,0.0
2001-04-27,75.5,78.0,75.45,76.5,1568200,1.0,0.0
2001-04-30,77.0,77.35,76.5,77.08,955700,1.0,0.0
2001-05-01,77.1,78.5,76.9,77.7,2216700,1.0,0.0
2001-05-02,77.4,79.35,77.2,78.94,1895700,1.0,0.0
2001-05-03,77.94,79.15,76.96,78.66,1671500,1.0,0.0
2001-05-04,77.9,78.8,77.15,78.52,1595500,1.0,0.0
2001-05-07,77.0,78.3,77.0,78.0,1189100,1.0,0.0
2001-05-08,77.85,78.95,77.8,78.3,787300,1.0,0.0
2001-05-09,78.15,78.23,75.9,78.15,2754600,1.0,0.0
2001-05-10,78.0,78.3,77.55,77.9,859500,1.0,0.0
2001-05-11,78.0,78.75,77.75,78.25,589600,1.0,0.0
2001-05-14,78.0,78.7,77.3,78.67,636100,1.0,0.0
2001-05-15,79.4,80.09,78.55,79.47,1375200,1.0,0.0
2001-05-16,78.3,80.75,78.3,80.02,1021900,1.0,0.0
2001-05-17,80.05,82.95,80.02,81.88,1194500,1.0,0.0
2001-05-18,80.7,82.5,80.7,81.97,1001500,1.0,0.0
2001-05-21,81.72,83.05,81.72,82.89,1048200,1.0,0.0
2001-05-22,82.9,84.0,82.51,83.65,712900,1.0,0.0
2001-05-23,83.9,84.28,79.69,80.01,1392000,1.0,0.0
2001-05-24,79.9,80.35,76.7,77.18,1179000,1.0,0.0
2001-05-25,77.2,78.08,76.78,77.48,835900,1.0,0.0
2001-05-29,77.23,77.68,76.27,76.5,571100,1.0,0.0
2001-05-30,76.49,79.47,76.49,79.17,948900,1.0,0.0
2001-05-31,79.16,79.17,77.3,77.52,889900,1.0,0.0
2001-06-01,77.9,78.75,77.6,78.56,717700,1.0,0.0
2001-06-04,78.55,78.85,77.2,78.46,455300,1.0,0.0
2001-06-05,79.07,80.28,78.9,80.12,584700,1.0,0.0
2001-06-06,79.92,80.0,77.83,78.1,713500,1.0,0.0
2001-06-07,78.0,78.18,76.6,77.79,790200,1.0,0.0
2001-06-08,77.5,77.5,75.73,77.23,603300,1.0,0.0
2001-06-11,77.35,77.74,76.15,76.43,632300,1.0,0.0
2001-06-12,76.43,77.39,75.51,76.8,827600,1.0,0.0
2001-06-13,76.85,77.3,75.48,75.88,624000,1.0,0.0
2001-06-14,75.4,75.63,73.85,74.12,629900,1.0,0.0
2001-06-15,73.5,75.3,73.45,74.35,1126200,1.0,0.0
2001-06-18,75.0,75.1,74.1,74.73,584800,1.0,0.0
2001-06-19,75.25,75.8,74.17,75.48,984000,1.0,0.0
2001-06-20,75.48,76.5,75.48,76.16,1103000,1.0,0.0
2001-06-21,76.15,76.15,74.41,75.66,1170900,1.0,0.0
2001-06-22,74.4,74.52,73.25,73.64,1106000,1.0,0.0
2001-06-25,73.64,74.28,72.62,73.17,679900,1.0,0.0
2001-06-26,72.95,75.0,72.5,74.49,595800,1.0,0.0
2001-06-27,74.57,75.2,74.4,74.8,610700,1.0,0.0
2001-06-28,74.1,75.2,74.0,75.0,668600,1.0,0.0
2001-06-29,75.0,78.0,74.55,77.81,1302200,1.0,0.0
2001-07-02,77.0,77.26,76.01,76.38,711800,1.0,0.0
2001-07-03,76.13,76.48,75.4,76.3,414100,1.0,0.0
2001-07-05,76.3,76.7,75.64,76.7,653700,1.0,0.0
2001-07-06,76.45,76.65,74.5,74.73,560400,1.0,0.0
2001-07-09,74.98,75.75,74.55,75.45,645300,1.0,0.0
2001-07-10,75.2,75.44,74.6,74.66,415900,1.0,0.0
2001-07-11,74.4,75.35,73.76,74.9,554300,1.0,0.28
2001-07-12,74.9,78.84,74.9,78.5,834000,1.0,0.0
2001-07-13,78.0,79.64,77.4,78.74,627600,1.0,0.0
2001-07-16,78.94,80.5,78.93,80.46,910700,1.0,0.0
2001-07-17,79.7,79.7,78.56,79.22,1430900,1.0,0.0
2001-07-18,79.0,81.6,78.75,81.0,980900,1.0,0.0
2001-07-19,81.6,85.2,81.51,83.96,2362800,1.0,0.0
2001-07-20,83.85,83.86,81.6,82.95,831800,1.0,0.0
2001-07-23,81.55,81.84,80.5,81.61,906600,1.0,0.0
2001-07-24,80.7,80.85,79.31,79.89,1507500,1.0,0.0
2001-07-25,78.75,80.14,78.75,80.14,1077000,1.0,0.0
2001-07-26,80.2,81.45,80.2,80.7,1532100,1.0,0.0
2001-07-27,80.6,81.38,80.54,81.21,445600,1.0,0.0
2001-07-30,82.4,82.4,80.86,81.3,617700,1.0,0.0
2001-07-31,81.1,81.5,80.75,80.89,964100,1.0,0.0
2001-08-01,80.75,83.35,80.35,83.35,798400,1.0,0.0
2001-08-02,82.95,83.75,81.9,83.41,1110300,1.0,0.0
2001-08-03,83.16,83.28,81.52,82.67,476600,1.0,0.0
2001-08-06,82.68,83.5,81.7,81.81,628900,1.0,0.0
2001-08-07,81.82,83.49,81.82,83.49,809100,1.0,0.0
2001-08-08,83.3,83.72,81.66,82.01,595200,1.0,0.0
2001-08-09,82.0,83.85,81.95,83.85,920000,1.0,0.0
2001-08-10,84.1,85.23,84.0,85.08,894100,1.0,0.0
2001-08-13,85.15,85.48,84.25,84.33,1045000,1.0,0.0
2001-08-14,83.9,84.3,82.65,82.74,893200,1.0,0.0
2001-08-15,82.5,83.45,81.73,81.85,775000,1.0,0.0
2001-08-16,81.98,83.25,81.5,83.24,1166500,1.0,0.0
2001-08-17,82.85,82.85,81.17,81.71,618900,1.0,0.0
2001-08-20,81.55,82.5,81.26,82.46,702500,1.0,0.0
2001-08-21,82.21,82.64,81.91,82.3,765300,1.0,0.0
2001-08-22,82.34,82.4,79.7,80.38,962500,1.0,0.0
2001-08-23,80.38,81.5,80.38,81.06,897200,1.0,0.0
2001-08-24,82.3,83.0,81.59,83.0,901600,1.0,0.0
2001-08-27,82.75,83.01,81.9,82.6,967300,1.0,0.0
2001-08-28,81.75,83.03,81.41,81.46,496500,1.0,0.0
2001-08-29,81.0,81.45,80.3,80.33,493000,1.0,0.0
2001-08-30,80.08,80.88,79.15,79.5,908200,1.0,0.0
2001-08-31,79.5,79.5,78.8,78.96,564900,1.0,0.0
2001-09-04,78.95,79.0,77.56,77.86,1325100,1.0,0.0
2001-09-05,77.7,77.95,76.7,77.6,728900,1.0,0.0
2001-09-06,77.61,78.5,77.3,77.73,802300,1.0,0.0
2001-09-07,77.73,78.1,76.25,76.43,698200,1.0,0.0
2001-09-10,75.9,76.62,75.1,75.97,692800,1.0,0.0
2001-09-17,86.5,86.6,80.77,82.9,6142300,1.0,0.0
2001-09-18,82.78,83.97,80.65,82.45,2823200,1.0,0.0
2001-09-19,83.4,83.4,80.0,82.79,3345300,1.0,0.0
2001-09-20,83.1,83.1,79.26,79.36,2541300,1.0,0.0
2001-09-21,85.0,85.0,77.5,84.02,2019800,1.0,0.0
2001-09-24,84.03,87.13,84.02,86.2,2029000,1.0,0.0
2001-09-25,84.6,86.9,82.85,85.82,1429400,1.0,0.0
2001-09-26,86.25,86.31,83.2,85.39,1084900,1.0,0.0
2001-09-27,84.75,89.8,84.41,89.6,1552300,1.0,0.0
2001-09-28,89.5,90.2,86.75,88.32,1630900,1.0,0.0
2001-10-01,88.32,89.0,86.4,86.87,1264900,1.0,0.0
2001-10-02,88.91,88.91,86.2,86.95,1493300,1.0,0.0
2001-10-03,90.6,90.6,86.65,89.83,1137400,1.0,0.28
2001-10-04,92.5,92.5,88.4,91.48,1620000,1.0,0.0
2001-10-05,93.4,93.4,91.23,92.6,1847500,1.0,0.0
2001-10-08,96.0,96.0,92.99,94.99,3455300,1.0,0.0
2001-10-09,94.75,94.75,90.72,90.73,2874000,1.0,0.0
2001-10-10,90.75,92.5,89.35,90.0,1819700,1.0,0.0
2001-10-11,90.5,90.7,87.5,88.0,2546200,1.0,0.0
2001-10-12,88.0,89.05,87.49,87.9,1433400,1.0,0.0
2001-10-15,88.4,90.27,88.4,89.95,1575800,1.0,0.0
2001-10-16,90.2,92.5,89.35,91.1,1458400,1.0,0.0
2001-10-17,91.35,91.6,83.74,83.75,4542300,1.0,0.0
2001-10-18,83.75,83.76,79.45,80.36,5872100,1.0,0.0
2001-10-19,80.9,83.8,80.88,82.86,2314700,1.0,0.0
2001-10-22,83.1,85.69,82.35,84.8,1423700,1.0,0.0
2001-10-23,84.95,84.95,81.75,81.76,1398400,1.0,0.0
2001-10-24,84.75,84.75,80.0,82.99,1849300,1.0,0.0
2001-10-25,82.86,86.33,82.5,85.09,1213600,1.0,0.0
2001-10-26,84.25,87.5,84.25,86.0,1423000,1.0,0.0
2001-10-29,86.1,86.45,82.1,82.1,880900,1.0,0.0
2001-10-30,83.5,83.5,80.6,81.5,1423900,1.0,0.0
2001-10-31,81.7,82.75,81.25,81.6,987200,1.0,0.0
2001-11-01,81.5,84.25,80.8,84.0,1175300,1.0,0.0
2001-11-02,83.9,85.8,83.61,85.48,1686700,1.0,0.0
2001-11-05,85.48,86.05,84.0,84.5,1028800,1.0,0.0
2001-11-06,83.53,84.65,82.1,84.38,988600,1.0,0.0
2001-11-07,84.37,84.37,81.9,82.0,975500,1.0,0.0
2001-11-08,82.25,82.69,80.25,80.95,1584300,1.0,0.0
2001-11-09,80.85,83.66,80.75,82.73,1263900,1.0,0.0
2001-11-12,82.73,82.95,81.7,82.32,605700,1.0,0.0
2001-11-13,82.32,83.15,78.8,79.25,2412800,1.0,0.0
2001-11-14,79.2,80.26,78.32,79.5,2153500,1.0,0.0
2001-11-15,79.0,79.51,76.45,76.84,2021700,1.0,0.0
2001-11-16,76.84,80.25,76.5,79.61,1829100,1.0,0.0
2001-11-19,81.25,82.74,81.2,82.39,1458900,1.0,0.0
2001-11-20,81.42,83.35,80.8,82.71,1042500,1.0,0.0
2001-11-21,82.96,82.96,81.25,82.25,782200,1.0,0.0
2001-11-23,84.1,84.1,81.9,83.17,264400,1.0,0.0
2001-11-26,83.0,84.12,82.98,83.7,924400,1.0,0.0
2001-11-27,83.92,83.92,82.05,83.35,669300,1.0,0.0
2001-11-28,83.1,83.1,82.13,82.14,625600,1.0,0.0
2001-11-29,82.1,82.98,81.75,82.75,1053900,1.0,0.0
2001-11-30,83.27,83.27,82.4,83.15,655000,1.0,0.0
2001-12-03,83.15,83.15,81.82,81.97,959000,1.0,0.0
2001-12-04,82.2,82.3,81.55,81.58,805700,1.0,0.0
2001-12-05,81.8,81.85,80.7,81.85,1372400,1.0,0.0
2001-12-06,83.95,83.95,81.48,81.64,1361200,1.0,0.0
2001-12-07,81.69,81.69,79.77,80.2,994200,1.0,0.0
2001-12-10,80.7,80.7,77.41,77.75,1223400,1.0,0.0
2001-12-11,78.7,79.1,75.6,76.87,2490300,1.0,0.0
2001-12-12,77.7,80.63,76.9,79.98,1220400,1.0,0.0
2001-12-13,79.92,80.75,79.32,79.42,1117900,1.0,0.0
2001-12-14,79.67,80.76,79.35,80.02,980200,1.0,0.0
2001-12-17,80.3,80.84,79.86,79.92,1238200,1.0,0.0
2001-12-18,80.1,80.42,78.6,78.71,1379300,1.0,0.0
2001-12-19,78.71,79.04,78.2,78.51,1599500,1.0,0.0
2001-12-20,78.4,79.65,78.1,78.1,1308000,1.0,0.0
2001-12-21,78.9,79.16,77.21,78.1,1273600,1.0,0.0
2001-12-24,78.25,78.3,78.0,78.04,268000,1.0,0.0
2001-12-26,78.05,78.5,77.9,77.91,1026700,1.0,0.0
2001-12-27,78.0,78.61,77.92,78.52,1897300,1.0,0.0
2001-12-28,78.7,79.2,78.53,78.97,653900,1.0,0.0
2001-12-31,79.1,80.35,79.03,79.64,890700,1.0,0.0
2002-01-02,79.5,80.05,78.76,80.01,1075000,1.0,0.0
2002-01-03,81.6,81.6,80.0,81.0,928100,1.0,0.0
2002-01-04,83.35,83.35,81.6,82.81,924800,1.0,0.0
2002-01-07,84.3,84.3,82.85,83.95,1389500,1.0,0.0
2002-01-08,83.5,83.7,82.15,82.2,809400,1.0,0.0
2002-01-09,82.2,82.8,80.99,81.0,1381300,1.0,0.0
2002-01-10,80.75,80.75,79.0,79.27,1831300,1.0,0.0
2002-01-11,78.27,78.74,77.15,77.4,1838900,1.0,0.0
2002-01-14,77.5,78.35,77.46,77.6,1361100,1.0,0.0
2002-01-15,77.95,78.53,77.05,77.25,1501800,1.0,0.0
2002-01-16,76.97,77.0,75.25,75.27,2138100,1.0,0.28
2002-01-17,76.27,76.3,75.2,75.7,1637200,1.0,0.0
2002-01-18,75.7,78.69,75.6,77.52,1848700,1.0,0.0
2002-01-22,78.4,78.93,78.25,78.75,1427200,1.0,0.0
2002-01-23,80.55,80.55,78.6,79.15,2404300,1.0,0.0
2002-01-24,84.4,84.4,80.2,83.38,2136900,1.0,0.0
2002-01-25,83.63,84.0,81.62,84.0,1824600,1.0,0.0
2002-01-28,86.5,86.5,83.5,85.91,1249100,1.0,0.0
2002-01-29,86.25,86.25,83.84,84.55,1308300,1.0,0.0
2002-01-30,84.7,86.85,83.85,85.35,1964900,1.0,0.0
2002-01-31,86.15,89.89,85.8,89.56,2565100,1.0,0.0
2002-02-01,91.05,91.05,88.1,89.45,2840700,1.0,0.0
2002-02-04,89.45,89.64,88.26,88.98,2007100,1.0,0.0
2002-02-05,86.55,89.4,86.0,88.25,1987200,1.0,0.0
2002-02-06,88.0,88.25,87.3,88.0,1229000,1.0,0.0
2002-02-07,87.25,87.73,85.39,85.9,1443600,1.0,0.0
2002-02-08,85.7,88.12,85.49,87.7,1501600,1.0,0.0
2002-02-11,87.7,88.88,87.28,88.71,713400,1.0,0.0
2002-02-12,88.71,88.73,87.89,88.18,685800,1.0,0.0
2002-02-13,88.0,88.66,87.77,88.35,758500,1.0,0.0
2002-02-14,88.35,88.39,87.94,88.37,604500,1.0,0.0
2002-02-15,91.31,91.31,88.15,90.03,1108900,1.0,0.0
2002-02-19,90.0,90.35,88.85,89.58,786700,1.0,0.0
2002-02-20,92.95,92.95,89.25,92.47,896600,1.0,0.0
2002-02-21,92.29,93.75,91.45,92.17,1174100,1.0,0.0
2002-02-22,88.35,89.25,86.15,87.7,2515600,1.0,0.0
2002-02-25,87.7,88.9,87.12,88.39,1560300,1.0,0.0
2002-02-26,88.35,90.0,88.15,89.71,1536900,1.0,0.0
2002-02-27,89.9,92.1,89.9,91.58,1307300,1.0,0.0
2002-02-28,91.33,92.5,90.88,90.88,1265400,1.0,0.0
2002-03-01,91.45,93.44,91.1,91.3,1286700,1.0,0.0
2002-03-04,91.25,95.25,91.25,94.76,1284700,1.0,0.0
2002-03-05,93.5,93.91,91.8,92.72,1060700,1.0,0.0
2002-03-06,92.97,95.5,92.33,94.0,1030800,1.0,0.0
2002-03-07,94.0,94.0,89.34,90.14,1815400,1.0,0.0
2002-03-08,91.75,91.75,86.5,87.0,3827000,1.0,0.0
2002-03-11,88.0,91.23,87.4,90.85,2510300,1.0,0.0
2002-03-12,91.1,91.1,88.79,90.5,1169700,1.0,0.0
2002-03-13,90.49,91.95,90.4,91.1,1090900,1.0,0.0
2002-03-14,92.45,92.45,90.35,90.87,993300,1.0,0.0
2002-03-15,90.88,92.4,90.67,91.83,1311500,1.0,0.0
2002-03-18,92.7,93.45,90.75,91.05,799500,1.0,0.0
2002-03-19,91.3,93.45,90.81,93.11,1480400,1.0,0.0
2002-03-20,92.85,95.1,92.67,94.0,1545600,1.0,0.0
2002-03-21,94.32,94.32,93.0,93.16,1112100,1.0,0.0
2002-03-22,92.99,93.63,91.75,92.35,1245000,1.0,0.0
2002-03-25,91.4,92.4,90.79,91.68,1476100,1.0,0.0
2002-03-26,91.69,93.47,91.69,93.26,889000,1.0,0.0
2002-03-27,96.8,96.8,93.24,95.24,1385200,1.0,0.0
2002-03-28,95.0,95.6,93.95,93.95,1025000,1.0,0.0
2002-04-01,96.8,96.8,94.0,95.98,1342100,1.0,0.0
2002-04-02,97.0,97.0,94.8,94.9,1080400,1.0,0.0
2002-04-03,94.0,95.39,93.5,94.18,909700,1.0,0.0
2002-04-04,94.4,95.44,93.65,94.35,688800,1.0,0.0
2002-04-05,94.85,95.5,94.4,94.64,537400,1.0,0.0
2002-04-08,94.3,95.25,93.75,95.03,655200,1.0,0.0
2002-04-09,95.5,95.64,94.5,95.01,1250100,1.0,0.0
2002-04-10,94.75,96.4,94.75,96.07,1248500,1.0,0.3
2002-04-11,95.97,96.1,94.88,95.5,1311300,1.0,0.0
2002-04-12,95.51,95.65,93.06,94.61,871100,1.0,0.0
2002-04-15,94.61,94.94,93.4,93.65,870800,1.0,0.0
2002-04-16,93.66,93.99,92.0,92.55,1563800,1.0,0.0
2002-04-17,92.0,94.6,91.01,93.01,2736200,1.0,0.0
2002-04-18,94.3,94.7,92.53,93.7,2338400,1.0,0.0
2002-04-19,94.6,94.6,92.99,94.28,1086300,1.0,0.0
2002-04-22,93.6,94.3,92.37,92.86,956200,1.0,0.0
2002-04-23,93.95,95.95,93.41,94.92,1837700,1.0,0.0
2002-04-24,96.16,97.5,95.6,96.0,2305000,1.0,0.0
2002-04-25,96.75,98.1,96.0,98.1,1597300,1.0,0.0
2002-04-26,98.4,98.5,96.36,97.36,965000,1.0,0.0
2002-04-29,96.75,97.45,94.79,95.06,934800,1.0,0.0
2002-04-30,93.5,97.99,93.5,97.09,1914600,1.0,0.0
2002-05-01,96.75,98.97,96.57,98.5,1206200,1.0,0.0
2002-05-02,98.85,99.8,97.81,99.5,1156900,1.0,0.0
2002-05-03,98.15,99.66,98.0,99.65,1086200,1.0,0.0
2002-05-06,98.8,99.42,98.3,99.05,961500,1.0,0.0
2002-05-07,98.75,98.76,97.25,97.73,1363700,1.0,0.0
2002-05-08,97.95,99.25,97.85,98.97,1158000,1.0,0.0
2002-05-09,98.77,101.0,98.34,99.87,1374100,1.0,0.0
2002-05-10,99.61,101.0,99.36,100.1,1089400,1.0,0.0
2002-05-13,99.0,100.5,99.0,99.74,1072100,1.0,0.0
2002-05-14,100.0,100.3,98.49,99.51,915600,1.0,0.0
2002-05-15,99.76,99.99,98.41,99.75,907600,1.0,0.0
2002-05-16,99.98,101.7,99.6,100.9,1457900,1.0,0.0
2002-05-17,100.4,101.2,99.5,100.8,882100,1.0,0.0
2002-05-20,100.1,101.5,99.3,99.65,741000,1.0,0.0
2002-05-21,99.85,101.3,99.11,100.1,1079600,1.0,0.0
2002-05-22,100.4,101.7,100.3,101.7,868100,1.0,0.0
2002-05-23,101.8,102.5,99.54,100.9,925400,1.0,0.0
2002-05-24,100.9,100.9,98.3,99.57,929500,1.0,0.0
2002-05-28,100.1,100.2,98.2,98.92,640300,1.0,0.0
2002-05-29,98.75,99.07,98.25,98.55,528100,1.0,0.0
2002-05-30,98.55,99.83,98.3,99.8,874300,1.0,0.0
2002-05-31,100.5,101.9,100.0,100.6,1166900,1.0,0.0
2002-06-03,100.9,101.8,100.0,100.0,926800,1.0,0.0
2002-06-04,100.2,100.2,98.62,99.66,1108600,1.0,0.0
2002-06-05,99.5,99.75,98.59,99.0,941900,1.0,0.0
2002-06-06,99.25,99.6,98.38,98.88,937900,1.0,0.0
2002-06-07,98.7,99.47,97.11,98.5,1365800,1.0,0.0
2002-06-10,99.25,100.9,98.07,99.89,932100,1.0,0.0
2002-06-11,99.01,101.3,99.0,100.6,1238600,1.0,0.0
2002-06-12,100.7,103.7,100.6,103.4,1798000,1.0,0.0
2002-06-13,103.6,105.0,103.0,103.5,1132100,1.0,0.0
2002-06-14,103.0,103.5,101.8,102.5,1000700,1.0,0.0
2002-06-17,103.0,106.4,102.6,105.8,1250100,1.0,0.0
2002-06-18,105.0,108.6,104.9,107.2,1672400,1.0,0.0
2002-06-19,107.0,109.4,106.3,107.5,1445700,1.0,0.0
2002-06-20,106.8,109.6,106.8,109.3,1612500,1.0,0.0
2002-06-21,109.2,110.9,109.2,110.6,2296500,1.0,0.0
2002-06-24,110.4,111.2,107.4,108.0,2300600,1.0,0.0
2002-06-25,106.1,106.5,102.0,103.1,3518700,1.0,0.0
2002-06-26,101.0,104.0,98.99,103.1,2437800,1.0,0.0
2002-06-27,104.0,106.5,103.6,105.3,2775300,1.0,0.0
2002-06-28,104.8,109.8,104.5,106.4,2738700,1.0,0.0
2002-07-01,107.2,108.0,104.0,104.8,1293300,1.0,0.0
2002-07-02,104.5,104.7,101.9,101.9,1332000,1.0,0.3
2002-07-03,102.0,104.4,102.0,103.9,2078400,1.0,0.0
2002-07-05,104.0,106.2,104.0,106.2,465700,1.0,0.0
2002-07-08,106.2,107.5,105.4,106.1,880800,1.0,0.0
2002-07-09,106.6,108.8,106.5,106.7,1048300,1.0,0.0
2002-07-10,106.7,107.1,102.3,103.3,1668700,1.0,0.0
2002-07-11,102.9,103.1,96.71,98.6,2524100,1.0,0.0
2002-07-12,99.75,99.93,92.84,96.31,2812600,1.0,0.0
2002-07-15,96.31,96.31,90.65,94.25,2528700,1.0,0.0
2002-07-16,94.25,98.7,94.1,97.77,1969500,1.0,0.0
2002-07-17,99.7,100.5,89.0,90.16,6197000,1.0,0.0
2002-07-18,89.6,90.1,85.5,87.33,3794000,1.0,0.0
2002-07-19,85.0,85.65,79.65,80.17,3220400,1.0,0.0
2002-07-22,79.5,82.5,78.2,80.31,3168700,1.0,0.0
2002-07-23,80.83,83.25,80.02,82.13,2896600,1.0,0.0
2002-07-24,81.4,86.09,79.92,85.6,3316500,1.0,0.0
2002-07-25,85.6,87.75,83.94,87.05,2199700,1.0,0.0
2002-07-26,87.05,87.68,82.9,84.7,2077600,1.0,0.0
2002-07-29,85.0,85.4,80.28,81.68,4142300,1.0,0.0
2002-07-30,81.68,83.87,81.1,82.85,2561100,1.0,0.0
2002-07-31,82.3,82.38,78.5,80.92,3475600,1.0,0.0
2002-08-01,80.92,82.1,80.39,81.15,1721300,1.0,0.0
2002-08-02,81.9,83.03,79.08,82.4,2597800,1.0,0.0
2002-08-05,82.4,82.85,78.7,78.81,1799700,1.0,0.0
2002-08-06,80.5,82.65,79.2,80.51,1777600,1.0,0.0
2002-08-07,81.4,82.94,78.75,81.04,2178600,1.0,0.0
2002-08-08,81.16,85.05,80.88,84.76,1983100,1.0,0.0
2002-08-09,84.76,85.3,82.66,84.62,1274900,1.0,0.0
2002-08-12,82.85,84.9,82.6,83.85,1122000,1.0,0.0
2002-08-13,82.45,82.68,78.3,79.0,2895600,1.0,0.0
2002-08-14,79.75,80.5,75.6,78.61,3399800,1.0,0.0
2002-08-15,78.8,78.95,73.25,76.3,5279700,1.0,0.0
2002-08-16,75.6,79.05,75.01,78.01,3578700,1.0,0.0
2002-08-19,79.75,82.17,78.95,80.06,2268900,1.0,0.0
2002-08-20,80.5,81.19,78.88,79.28,1636500,1.0,0.0
2002-08-21,80.0,80.74,79.22,79.99,1372500,1.0,0.0
2002-08-22,80.45,81.35,79.65,80.12,1414200,1.0,0.0
2002-08-23,79.5,79.81,78.0,78.24,1215700,1.0,0.0
2002-08-26,78.5,78.53,73.5,74.93,3057000,1.0,0.0
2002-08-27,75.95,76.8,74.55,76.2,2367400,1.0,0.0
2002-08-28,76.2,76.2,74.45,75.4,1785100,1.0,0.0
2002-08-29,75.15,77.3,73.9,76.75,2031500,1.0,0.0
2002-08-30,76.75,80.0,76.15,78.64,2072600,1.0,0.0
2002-09-03,78.0,78.01,74.56,74.57,1759400,1.0,0.0
2002-09-04,74.06,76.8,74.06,75.87,1685400,1.0,0.0
2002-09-05,75.75,78.11,74.45,77.82,1947900,1.0,0.0
2002-09-06,80.0,80.28,76.8,77.0,2155800,1.0,0.0
2002-09-09,76.81,79.75,76.55,79.26,1760400,1.0,0.0
2002-09-10,79.51,81.81,78.02,81.25,2735400,1.0,0.0
2002-09-11,82.93,82.93,79.69,80.48,1340200,1.0,0.0
2002-09-12,80.55,84.01,80.5,83.01,2570000,1.0,0.0
2002-09-13,82.35,83.75,81.77,83.02,2455500,1.0,0.0
2002-09-16,83.8,88.02,83.71,86.6,3297900,1.0,0.0
2002-09-17,86.63,86.63,81.86,82.7,3829600,1.0,0.0
2002-09-18,82.3,85.23,82.25,83.91,2300000,1.0,0.0
2002-09-19,83.91,84.94,83.0,83.17,1582300,1.0,0.0
2002-09-20,83.41,84.5,82.65,83.07,2301300,1.0,0.0
2002-09-23,83.07,84.99,82.8,84.47,1710700,1.0,0.0
2002-09-24,84.4,85.05,82.2,82.33,1948700,1.0,0.0
2002-09-25,82.8,83.5,81.6,82.05,1966600,1.0,0.0
2002-09-26,82.7,84.27,82.41,83.9,1856200,1.0,0.0
2002-09-27,83.45,84.12,81.65,82.19,1419800,1.0,0.0
2002-09-30,80.45,82.09,79.5,81.33,1833100,1.0,0.0
2002-10-01,81.33,84.11,81.33,83.98,1634700,1.0,0.0
2002-10-02,83.98,85.4,83.0,83.2,2144400,1.0,0.0
2002-10-03,83.21,84.95,82.57,83.09,1441900,1.0,0.0
2002-10-04,83.09,83.7,80.02,81.64,1645700,1.0,0.0
2002-10-07,81.64,84.67,81.56,82.4,1868600,1.0,0.0
2002-10-08,82.4,82.41,76.49,76.73,4012500,1.0,0.0
2002-10-09,76.64,77.95,74.08,75.82,2980000,1.0,0.3
2002-10-10,75.82,79.0,75.81,78.02,1562400,1.0,0.0
2002-10-11,79.7,80.87,79.28,79.95,1503400,1.0,0.0
2002-10-14,79.75,81.63,78.75,80.23,1335400,1.0,0.0
2002-10-15,81.25,81.4,79.4,80.22,1712800,1.0,0.0
2002-10-16,80.23,80.23,77.8,78.6,2235400,1.0,0.0
2002-10-17,79.5,79.6,76.76,77.87,3965700,1.0,0.0
2002-10-18,76.5,78.69,76.05,76.58,2066800,1.0,0.0
2002-10-21,76.39,79.24,75.77,78.8,2044200,1.0,0.0
2002-10-22,78.45,78.95,77.1,78.56,1042300,1.0,0.0
2002-10-23,78.15,81.44,78.13,81.43,1534500,1.0,0.0
2002-10-24,82.0,83.35,80.16,81.04,1632000,1.0,0.0
2002-10-25,80.83,80.9,79.53,79.8,1558400,1.0,0.0
2002-10-28,79.8,79.95,77.08,77.65,1575500,1.0,0.0
2002-10-29,77.66,78.78,77.2,78.48,1357300,1.0,0.0
2002-10-30,78.9,79.57,78.49,79.05,899700,1.0,0.0
2002-10-31,79.06,80.0,78.79,79.13,852100,1.0,0.0
2002-11-01,78.9,79.9,78.57,79.3,1108600,1.0,0.0
2002-11-04,79.7,79.72,77.32,77.5,1743700,1.0,0.0
2002-11-05,78.5,79.33,78.2,78.73,2050700,1.0,0.0
2002-11-06,79.96,82.09,79.96,82.05,2408500,1.0,0.0
2002-11-07,82.03,82.94,80.9,81.52,1272100,1.0,0.0
2002-11-08,81.32,83.07,81.01,81.6,1301200,1.0,0.0
2002-11-11,81.4,81.8,78.99,79.7,921200,1.0,0.0
2002-11-12,79.92,81.66,79.77,80.06,957400,1.0,0.0
2002-11-13,80.3,80.75,77.76,78.99,2050400,1.0,0.0
2002-11-14,78.99,79.77,77.27,77.7,2233500,1.0,0.0
2002-11-15,77.7,79.47,77.7,78.8,2159700,1.0,0.0
2002-11-18,78.8,79.6,76.9,79.14,1998600,1.0,0.0
2002-11-19,79.14,81.56,79.14,80.7,1646400,1.0,0.0
2002-11-20,80.47,81.4,79.9,80.43,1079400,1.0,0.0
2002-11-21,81.9,84.2,81.5,83.57,1957500,1.0,0.0
2002-11-22,83.05,84.58,81.85,82.8,935500,1.0,0.0
2002-11-25,83.04,83.27,80.85,82.2,649300,1.0,0.0
2002-11-26,81.5,81.74,79.89,80.03,1238000,1.0,0.0
2002-11-27,81.0,82.15,80.45,82.13,1096000,1.0,0.0
2002-11-29,82.6,82.75,81.3,81.45,397600,1.0,0.0
2002-12-02,81.49,82.88,80.36,82.75,1104600,1.0,0.0
2002-12-03,82.75,83.96,81.52,82.0,1771200,1.0,0.0
2002-12-04,82.15,83.1,82.1,82.89,1122300,1.0,0.0
2002-12-05,82.89,82.89,81.06,81.38,619700,1.0,0.0
2002-12-06,80.95,82.23,80.59,81.42,1321900,1.0,0.0
2002-12-09,81.42,81.78,79.95,80.1,837600,1.0,0.0
2002-12-10,80.34,80.91,78.85,80.36,804500,1.0,0.0
2002-12-11,80.36,82.22,80.1,80.75,1030400,1.0,0.0
2002-12-12,80.85,81.0,79.51,79.91,644800,1.0,0.0
2002-12-13,79.92,79.92,77.21,77.55,1935700,1.0,0.0
2002-12-16,77.56,78.65,76.86,78.49,1707800,1.0,0.0
2002-12-17,78.4,79.25,77.21,77.56,1144300,1.0,0.0
2002-12-18,77.57,78.98,76.62,78.13,1588500,1.0,0.0
2002-12-19,78.25,79.94,78.25,79.85,2321200,1.0,0.0
2002-12-20,79.9,80.1,78.05,78.87,2307700,1.0,0.0
2002-12-23,79.4,79.42,78.0,78.89,1564000,1.0,0.0
2002-12-24,79.25,79.49,78.7,78.82,790100,1.0,0.0
2002-12-26,79.04,79.52,78.51,78.76,770100,1.0,0.0
2002-12-27,78.95,79.99,78.9,79.1,704700,1.0,0.0
2002-12-30,79.6,79.8,78.5,78.98,990300,1.0,0.0
2002-12-31,79.23,79.84,78.14,79.37,820900,1.0,0.0
2003-01-02,79.37,81.08,79.37,80.9,1313600,1.0,0.0
2003-01-03,81.3,81.8,80.5,81.2,725800,1.0,0.0
2003-01-06,81.35,81.6,81.05,81.17,973400,1.0,0.0
2003-01-07,81.15,81.19,79.28,79.85,1329100,1.0,0.0
2003-01-08,80.09,80.55,79.1,79.39,1078600,1.0,0.0
2003-01-09,79.8,79.85,78.5,79.7,1271800,1.0,0.0
2003-01-10,79.6,79.61,78.79,79.42,1050700,1.0,0.0
2003-01-13,79.5,79.5,78.4,78.5,1083500,1.0,0.0
2003-01-14,78.63,78.8,77.91,78.55,1367200,1.0,0.0
2003-01-15,78.25,78.25,77.0,77.11,1267500,1.0,0.3
2003-01-16,77.15,77.94,76.94,77.08,1192400,1.0,0.0
2003-01-17,77.22,77.6,73.5,74.15,3671100,1.0,0.0
2003-01-21,74.72,75.29,73.91,74.01,1564000,1.0,0.0
2003-01-22,69.99,70.01,64.2,64.85,16266400,1.0,0.0
2003-01-23,64.85,65.7,63.36,65.25,5093000,1.0,0.0
2003-01-24,65.1,65.9,64.36,65.5,4164200,1.0,0.0
2003-01-27,65.35,66.4,65.0,65.35,3396200,1.0,0.0
2003-01-28,66.1,66.98,65.55,66.89,2681700,1.0,0.0
2003-01-29,66.1,66.98,65.55,66.89,2027100,1.0,0.0
2003-01-30,66.35,66.6,65.37,66.1,2284000,1.0,0.0
2003-01-31,65.7,66.83,65.66,66.14,1681900,1.0,0.0
2003-02-03,66.15,66.35,65.43,65.88,1490100,1.0,0.0
2003-02-04,65.88,66.23,65.5,66.08,1267700,1.0,0.0
2003-02-05,66.09,66.8,65.65,66.0,1164500,1.0,0.0
2003-02-06,66.0,66.36,65.3,65.67,999800,1.0,0.0
2003-02-07,66.0,66.0,65.08,65.75,1058400,1.0,0.0
2003-02-10,65.7,66.33,65.14,65.97,997100,1.0,0.0
2003-02-11,66.08,66.5,65.24,65.4,1014500,1.0,0.0
2003-02-12,65.3,65.33,64.0,64.75,1405900,1.0,0.0
2003-02-13,64.95,65.0,63.4,64.4,1239000,1.0,0.0
2003-02-14,64.65,65.3,64.32,65.23,1264400,1.0,0.0
2003-02-18,65.41,66.13,64.64,65.27,1042500,1.0,0.0
2003-02-19,65.53,65.54,64.81,65.52,1064800,1.0,0.0
2003-02-20,65.52,65.52,63.9,64.01,1212800,1.0,0.0
2003-02-21,64.01,64.45,63.71,63.9,1768300,1.0,0.0
2003-02-24,63.45,63.51,61.3,61.9,2477800,1.0,0.0
2003-02-25,60.8,61.77,60.6,61.15,2748400,1.0,0.0
2003-02-26,61.16,61.44,59.9,60.35,1789100,1.0,0.0
2003-02-27,60.35,60.5,59.08,60.18,1959400,1.0,0.0
2003-02-28,60.18,60.46,58.4,59.26,1765200,1.0,0.0
2003-03-03,60.54,60.54,58.46,58.6,2095300,1.0,0.0
2003-03-04,57.85,58.55,57.13,58.0,4025000,1.0,0.0
2003-03-05,57.09,57.5,56.39,56.39,3321300,1.0,0.0
2003-03-06,55.71,56.61,54.23,54.79,4577800,1.0,0.0
2003-03-07,54.79,56.13,54.4,55.15,3348900,1.0,0.0
2003-03-10,55.16,55.62,54.39,54.52,1485900,1.0,0.0
2003-03-11,54.5,55.47,53.15,53.3,2185700,1.0,0.0
2003-03-12,53.16,53.45,50.0,52.37,5313300,1.0,0.0
2003-03-13,52.38,53.1,52.02,52.58,2540000,1.0,0.0
2003-03-14,52.8,53.95,52.3,52.67,2977600,1.0,0.0
2003-03-17,53.0,56.41,52.75,56.26,3397000,1.0,0.0
2003-03-18,56.85,58.35,56.3,57.75,3099200,1.0,0.0
2003-03-19,57.75,60.01,57.75,58.42,3967200,1.0,0.0
2003-03-20,58.43,58.66,56.63,57.08,3109700,1.0,0.0
2003-03-21,57.09,58.0,56.0,57.12,3331500,1.0,0.0
2003-03-24,57.12,58.45,56.45,57.0,2026900,1.0,0.0
2003-03-25,57.25,57.25,56.25,56.49,1986000,1.0,0.0
2003-03-26,56.49,57.7,56.0,56.1,2307900,1.0,0.0
2003-03-27,55.75,56.72,55.57,56.46,1404300,1.0,0.0
2003-03-28,56.0,56.7,55.73,56.34,1085900,1.0,0.0
2003-03-31,55.76,56.38,55.05,55.07,1453100,1.0,0.0
2003-04-01,55.07,55.58,54.54,55.4,1295200,1.0,0.0
2003-04-02,55.05,56.7,54.98,56.08,2107600,1.0,0.0
2003-04-03,56.25,56.46,55.17,55.33,1300900,1.0,0.0
2003-04-04,55.33,55.45,54.24,54.49,1587300,1.0,0.0
2003-04-07,54.5,56.12,54.37,55.12,1757300,1.0,0.0
2003-04-08,55.13,55.64,54.51,55.27,1574000,1.0,0.0
2003-04-09,54.5,55.65,53.77,53.92,2651700,1.0,0.32
2003-04-10,54.05,54.1,53.3,53.9,1781200,1.0,0.0
2003-04-11,54.14,54.24,52.2,53.97,3059200,1.0,0.0
2003-04-14,53.85,55.6,53.83,55.6,2417400,1.0,0.0
2003-04-15,55.6,56.13,55.14,56.1,2621600,1.0,0.0
2003-04-16,56.1,58.65,56.1,58.28,4588300,1.0,0.0
2003-04-17,58.65,59.73,58.56,59.52,2717100,1.0,0.0
2003-04-21,59.52,60.79,59.52,60.45,2207900,1.0,0.0
2003-04-22,60.45,62.23,60.45,62.16,2332100,1.0,0.0
2003-04-23,62.17,62.86,61.64,62.44,2078500,1.0,0.0
2003-04-24,62.45,62.75,61.75,62.57,1533900,1.0,0.0
2003-04-25,62.05,62.49,61.89,61.89,1399200,1.0,0.0
2003-04-28,61.89,62.75,60.96,62.56,1537800,1.0,0.0
2003-04-29,61.95,62.68,61.59,62.64,2494000,1.0,0.0
2003-04-30,62.64,62.64,61.92,62.07,1909700,1.0,0.0
2003-05-01,62.07,62.07,59.65,60.21,3251400,1.0,0.0
2003-05-02,60.21,61.78,60.1,61.47,2206000,1.0,0.0
2003-05-05,61.47,61.47,60.01,61.2,1719300,1.0,0.0
2003-05-06,61.0,62.04,60.691,61.76,1698400,1.0,0.0
2003-05-07,61.76,62.3,61.3,61.55,935500,1.0,0.0
2003-05-08,61.35,61.35,60.1,60.33,1719600,1.0,0.0
2003-05-09,60.5,61.54,60.3,61.21,1455900,1.0,0.0
2003-05-12,61.21,62.75,60.92,62.7,1517000,1.0,0.0
2003-05-13,62.72,62.97,61.75,62.59,1673300,1.0,0.0
2003-05-14,62.45,63.23,62.25,63.12,1488900,1.0,0.0
2003-05-15,63.8,65.05,63.8,64.9,2776900,1.0,0.0
2003-05-16,64.9,65.34,64.4,64.8,1874400,1.0,0.0
2003-05-19,62.28,64.3,62.28,63.2,1480300,1.0,0.0
2003-05-20,63.2,63.35,62.45,63.06,2259000,1.0,0.0
2003-05-21,62.85,63.28,62.39,62.7,2110200,1.0,0.0
2003-05-22,62.7,63.96,62.5,63.9,1225500,1.0,0.0
2003-05-23,63.5,65.1,62.83,64.91,1230300,1.0,0.0
2003-05-27,64.8,65.96,64.32,64.95,1709100,1.0,0.0
2003-05-28,65.0,65.65,64.75,65.14,2636900,1.0,0.0
2003-05-29,65.13,66.16,65.02,65.54,1501200,1.0,0.0
2003-05-30,65.75,67.17,65.64,66.82,1914100,1.0,0.0
2003-06-02,67.55,70.0,67.08,67.64,2084200,1.0,0.0
2003-06-03,67.64,67.64,66.5,67.39,1630100,1.0,0.0
2003-06-04,68.12,69.85,68.05,68.69,2192600,1.0,0.0
2003-06-05,68.7,69.09,67.58,68.21,1310500,1.0,0.0
2003-06-06,68.25,69.24,68.19,68.61,1624900,1.0,0.0
2003-06-09,68.25,68.5,67.16,67.19,3410900,1.0,0.0
2003-06-10,67.0,69.76,66.55,68.92,1827100,1.0,0.0
2003-06-11,69.16,72.02,69.002,72.02,2756400,1.0,0.0
2003-06-12,73.2,74.0,72.41,73.27,2501500,1.0,0.0
2003-06-13,73.2,73.2,70.88,72.01,1706100,1.0,0.0
2003-06-16,72.2,73.89,72.15,73.34,1216900,1.0,0.0
2003-06-17,73.3,76.88,72.8,76.07,2167200,1.0,0.0
2003-06-18,75.83,77.52,75.72,76.97,1585700,1.0,0.0
2003-06-19,76.9,76.9,73.77,73.77,1874900,1.0,0.0
2003-06-20,74.18,76.49,73.55,76.31,2639600,1.0,0.0
2003-06-23,75.05,75.06,73.4,73.83,1979800,1.0,0.0
2003-06-24,73.83,74.38,72.58,73.35,1270000,1.0,0.0
2003-06-25,73.12,75.23,73.0,73.81,1564700,1.0,0.0
2003-06-26,73.9,74.89,73.19,74.15,902400,1.0,0.0
2003-06-27,74.15,74.15,72.4,72.94,1561600,1.0,0.0
2003-06-30,72.7,73.01,71.39,72.5,1837000,1.0,0.0
2003-07-01,72.51,73.81,72.2,73.78,1260500,1.0,0.0
2003-07-02,73.46,73.5,72.76,73.5,1195000,1.0,0.32
2003-07-03,72.9,73.12,72.31,72.6,730200,1.0,0.0
2003-07-07,72.65,74.05,72.65,73.77,1118700,1.0,0.0
2003-07-08,73.8,75.52,73.6,75.4,1404800,1.0,0.0
2003-07-09,75.25,75.65,74.61,75.13,1254300,1.0,0.0
2003-07-10,75.0,75.37,73.35,73.74,1413400,1.0,0.0
2003-07-11,73.62,73.85,72.65,73.02,1628700,1.0,0.0
2003-07-14,73.5,73.5,72.25,72.53,1285100,1.0,0.0
2003-07-15,74.05,74.72,73.0,74.0,1903700,1.0,0.0
2003-07-16,75.1,78.38,75.02,77.49,3029400,1.0,0.0
2003-07-17,78.0,78.05,76.14,76.31,1206700,1.0,0.0
2003-07-18,77.5,79.5,76.89,79.44,1485100,1.0,0.0
2003-07-21,79.44,79.7,78.67,78.95,1140500,1.0,0.0
2003-07-22,78.96,79.9,78.58,79.34,894100,1.0,0.0
2003-07-23,79.35,79.35,78.25,78.81,660000,1.0,0.0
2003-07-24,78.81,79.87,78.01,78.31,1218000,1.0,0.0
2003-07-25,78.31,79.05,76.81,78.88,1039600,1.0,0.0
2003-07-28,79.09,79.97,78.19,79.18,802400,1.0,0.0
2003-07-29,78.89,79.3,77.56,78.32,643000,1.0,0.0
2003-07-30,78.15,78.98,77.76,78.29,591300,1.0,0.0
2003-07-31,79.45,80.44,78.97,79.34,1152900,1.0,0.0
2003-08-01,79.52,80.15,79.0,79.24,763400,1.0,0.0
2003-08-04,78.8,79.74,77.11,79.37,956600,1.0,0.0
2003-08-05,79.15,79.38,77.97,78.25,940200,1.0,0.0
2003-08-06,78.0,78.94,77.24,78.5,912300,1.0,0.0
2003-08-07,78.5,79.15,77.98,78.9,836800,1.0,0.0
2003-08-08,78.9,79.0,77.5,78.17,703200,1.0,0.0
2003-08-11,77.9,79.08,77.67,78.9,830300,1.0,0.0
2003-08-12,79.12,79.5,78.39,79.48,676700,1.0,0.0
2003-08-13,79.32,79.54,78.0,79.25,774400,1.0,0.0
2003-08-14,79.0,80.76,78.7,80.35,919800,1.0,0.0
2003-08-15,80.35,81.18,79.83,79.92,932800,1.0,0.0
2003-08-18,80.5,83.95,80.4,83.65,1486900,1.0,0.0
2003-08-19,83.15,83.56,82.15,83.47,916700,1.0,0.0
2003-08-20,83.0,84.48,82.85,83.65,944700,1.0,0.0
2003-08-21,83.65,84.5,82.65,84.05,690700,1.0,0.0
2003-08-22,85.25,85.5,82.94,82.96,878200,1.0,0.0
2003-08-25,83.49,83.95,81.8,83.12,716100,1.0,0.0
2003-08-26,83.77,85.44,83.77,85.06,1348400,1.0,0.0
2003-08-27,84.96,85.25,84.0,85.25,878000,1.0,0.0
2003-08-28,85.2,85.99,84.21,85.87,545200,1.0,0.0
2003-08-29,85.8,86.15,85.56,86.11,690000,1.0,0.0
2003-09-02,86.3,87.0,85.71,86.74,950800,1.0,0.0
2003-09-03,86.99,87.45,86.71,87.18,1013300,1.0,0.0
2003-09-04,87.18,87.18,85.51,86.99,1069800,1.0,0.0
2003-09-05,85.6,86.19,84.45,85.85,1289200,1.0,0.0
2003-09-08,86.01,86.27,84.62,85.58,981600,1.0,0.0
2003-09-09,85.1,85.38,84.7,85.06,1091400,1.0,0.0
2003-09-10,85.06,85.06,82.78,83.78,1033100,1.0,0.0
2003-09-11,83.45,85.18,83.02,84.3,1650100,1.0,0.0
2003-09-12,84.0,84.44,83.05,84.14,1136300,1.0,0.0
2003-09-15,84.39,84.9,83.9,84.61,1258200,1.0,0.0
2003-09-16,84.5,86.49,84.41,86.36,978300,1.0,0.0
2003-09-17,86.36,86.38,85.3,85.68,852800,1.0,0.0
2003-09-18,85.76,85.9,84.75,85.48,839800,1.0,0.0
2003-09-19,85.4,85.46,83.95,84.22,950500,1.0,0.0
2003-09-22,83.8,83.87,82.76,83.23,751100,1.0,0.0
2003-09-23,80.3,80.64,79.04,79.69,2892700,1.0,0.0
2003-09-24,79.69,80.05,77.25,77.47,1827100,1.0,0.0
2003-09-25,77.47,77.47,75.59,76.08,1817300,1.0,0.0
2003-09-26,76.5,77.92,76.01,77.07,1295600,1.0,0.0
2003-09-29,77.55,78.05,76.49,77.5,868200,1.0,0.0
2003-09-30,77.87,78.84,76.95,78.06,1375500,1.0,0.0
2003-10-01,78.06,79.65,77.94,79.6,928200,1.0,0.0
2003-10-02,79.27,79.27,78.01,78.77,1091100,1.0,0.0
2003-10-03,79.06,80.49,78.8,79.5,1106500,1.0,0.0
2003-10-06,79.5,79.6,78.27,79.25,865100,1.0,0.0
2003-10-07,79.0,79.81,78.2,79.76,725600,1.0,0.0
2003-10-08,79.75,80.19,79.1,79.59,644000,1.0,0.32
2003-10-09,79.84,81.07,79.56,79.81,1150600,1.0,0.0
2003-10-10,80.21,81.79,80.1,81.25,932900,1.0,0.0
2003-10-13,81.75,83.0,81.6,82.62,994700,1.0,0.0
2003-10-14,85.0,86.0,84.05,85.07,2292600,1.0,0.0
2003-10-15,85.0,85.9,83.71,85.0,2136200,1.0,0.0
2003-10-16,85.0,85.0,83.76,84.21,940200,1.0,0.0
2003-10-17,85.0,85.24,83.3,83.58,743900,1.0,0.0
2003-10-20,83.82,84.59,83.72,84.31,753200,1.0,0.0
2003-10-21,84.38,84.4,83.4,83.71,612600,1.0,0.0
2003-10-22,83.2,83.4,82.0,82.51,587000,1.0,0.0
2003-10-23,82.51,83.06,81.65,82.79,676400,1.0,0.0
2003-10-24,82.79,82.9,81.98,82.88,479200,1.0,0.0
2003-10-27,82.88,83.18,82.31,82.76,636100,1.0,0.0
2003-10-28,82.97,83.3,81.98,83.19,953400,1.0,0.0
2003-10-29,83.19,85.03,83.19,84.62,1025200,1.0,0.0
2003-10-30,84.98,85.85,83.59,83.88,672400,1.0,0.0
2003-10-31,84.13,84.2,82.91,83.7,671800,1.0,0.0
2003-11-03,83.75,84.94,83.66,84.51,575200,1.0,0.0
2003-11-04,84.05,84.25,83.04,83.67,682400,1.0,0.0
2003-11-05,83.2,83.81,82.65,83.65,436500,1.0,0.0
2003-11-06,82.9,84.12,82.76,83.84,498100,1.0,0.0
2003-11-07,83.67,83.82,82.39,83.17,809400,1.0,0.0
2003-11-10,83.17,83.17,81.61,82.17,741400,1.0,0.0
2003-11-11,82.3,82.43,81.37,82.05,398900,1.0,0.0
2003-11-12,82.14,83.41,81.72,83.08,905300,1.0,0.0
2003-11-13,82.76,83.37,82.2,83.3,646200,1.0,0.0
2003-11-14,83.35,83.85,81.41,81.94,717400,1.0,0.0
2003-11-17,81.45,81.86,80.79,81.69,600000,1.0,0.0
2003-11-18,81.69,81.79,80.2,80.66,697700,1.0,0.0
2003-11-19,80.4,81.37,79.61,81.11,852100,1.0,0.0
2003-11-20,81.12,81.75,80.35,80.83,961200,1.0,0.0
2003-11-21,81.1,81.1,80.4,80.73,595300,1.0,0.0
2003-11-24,81.13,81.48,80.65,81.0,443300,1.0,0.0
2003-11-25,80.4,80.65,78.82,79.9,1789400,1.0,0.0
2003-11-26,79.96,80.48,79.75,80.48,1011900,1.0,0.0
2003-11-28,80.48,81.31,80.26,80.87,232500,1.0,0.0
2003-12-01,80.8,81.54,80.51,81.48,665100,1.0,0.0
2003-12-02,81.35,81.74,80.87,80.95,615800,1.0,0.0
2003-12-03,82.9,84.5,82.05,83.45,1767700,1.0,0.0
2003-12-04,83.25,84.8,83.25,84.34,770600,1.0,0.0
2003-12-05,84.24,84.51,83.37,83.59,465000,1.0,0.0
2003-12-08,83.25,85.41,83.15,85.2,1005200,1.0,0.0
2003-12-09,85.21,85.98,84.53,85.04,759800,1.0,0.0
2003-12-10,84.98,85.3,83.75,83.96,722800,1.0,0.0
2003-12-11,84.0,84.94,83.73,84.74,691000,1.0,0.0
2003-12-12,84.49,84.99,83.51,84.53,472100,1.0,0.0
2003-12-15,85.5,86.12,84.18,84.32,763300,1.0,0.0
2003-12-16,84.57,86.07,84.51,85.67,967300,1.0,0.0
2003-12-17,85.68,87.82,85.6,87.35,1002200,1.0,0.0
2003-12-18,87.5,88.65,86.89,88.58,778500,1.0,0.0
2003-12-19,89.28,89.64,87.87,88.78,1091700,1.0,0.0
2003-12-22,88.87,88.95,87.76,88.66,600900,1.0,0.0
2003-12-23,89.25,89.98,88.84,89.14,575800,1.0,0.0
2003-12-24,89.1,90.49,88.89,89.92,577100,1.0,0.0
2003-12-26,89.92,90.06,89.38,89.82,199800,1.0,0.0
2003-12-29,89.7,90.26,89.31,90.26,593300,1.0,0.0
2003-12-30,89.95,90.8,89.87,90.11,384300,1.0,0.0
2003-12-31,89.75,90.6,89.56,90.39,500400,1.0,0.0
2004-01-02,90.04,90.18,89.01,89.66,549600,1.0,0.0
2004-01-05,89.71,90.17,88.75,89.39,930700,1.0,0.0
2004-01-06,89.39,89.39,88.5,89.1,569100,1.0,0.0
2004-01-07,89.8,91.65,89.38,91.0,1729500,1.0,0.0
2004-01-08,91.48,92.67,90.2,92.54,1190300,1.0,0.0
2004-01-09,92.02,92.88,91.57,92.2,1101300,1.0,0.0
2004-01-12,92.94,92.94,91.18,91.75,962700,1.0,0.0
2004-01-13,92.0,92.55,90.75,92.15,929400,1.0,0.0
2004-01-14,92.15,93.33,92.0,93.06,892900,1.0,0.32
2004-01-15,92.85,93.36,92.18,92.33,935400,1.0,0.0
2004-01-16,92.33,93.78,92.17,93.78,860000,1.0,0.0
2004-01-20,93.25,94.1,92.65,93.83,1002000,1.0,0.0
2004-01-21,93.25,94.3,90.75,92.27,2146000,1.0,0.0
2004-01-22,91.7,92.08,91.0,91.97,1331300,1.0,0.0
2004-01-23,92.15,92.45,91.43,91.63,865300,1.0,0.0
2004-01-26,91.68,94.65,91.29,94.42,956600,1.0,0.0
2004-01-27,94.42,94.45,92.97,93.2,918400,1.0,0.0
2004-01-28,93.7,93.8,92.27,92.45,798200,1.0,0.0
2004-01-29,93.0,94.14,92.39,93.66,1034200,1.0,0.0
2004-01-30,93.6,93.61,91.08,91.43,1353400,1.0,0.0
2004-02-02,92.0,92.4,90.64,91.19,852100,1.0,0.0
2004-02-03,91.19,92.04,90.57,91.92,749800,1.0,0.0
2004-02-04,93.0,94.47,92.84,93.55,1421500,1.0,0.0
2004-02-05,94.25,95.51,93.03,95.51,1202800,1.0,0.0
2004-02-06,95.13,96.97,95.13,96.88,1023400,1.0,0.0
2004-02-09,96.35,97.0,96.01,96.38,792900,1.0,0.0
2004-02-10,96.29,96.44,94.7,96.3,1308700,1.0,0.0
2004-02-11,95.75,96.34,94.5,95.87,1267600,1.0,0.0
2004-02-12,95.55,96.47,95.4,96.22,538300,1.0,0.0
2004-02-13,95.99,96.92,95.76,95.94,836200,1.0,0.0
2004-02-17,96.19,96.69,94.81,96.55,870800,1.0,0.0
2004-02-18,96.08,96.57,95.34,95.77,691500,1.0,0.0
2004-02-19,96.01,96.5,95.15,95.26,671400,1.0,0.0
2004-02-20,95.26,95.6,94.16,94.43,698400,1.0,0.0
2004-02-23,94.43,94.85,91.85,93.52,1015700,1.0,0.0
2004-02-24,93.52,93.57,90.2,91.58,1275400,1.0,0.0
2004-02-25,91.02,93.24,91.02,92.76,664600,1.0,0.0
2004-02-26,92.05,92.06,90.77,91.95,777200,1.0,0.0
2004-02-27,91.96,92.73,91.58,92.12,1059600,1.0,0.0
2004-03-01,92.38,92.44,90.99,91.66,962600,1.0,0.0
2004-03-02,91.91,92.16,91.51,91.68,1130000,1.0,0.0
2004-03-03,91.69,91.81,90.87,91.65,813100,1.0,0.0
2004-03-04,91.3,91.92,90.57,90.81,746300,1.0,0.0
2004-03-05,90.3,91.07,89.68,90.68,793400,1.0,0.0
2004-03-08,90.31,91.0,89.55,89.78,740400,1.0,0.0
2004-03-09,89.72,90.01,88.92,89.13,929100,1.0,0.0
2004-03-10,89.05,89.5,87.03,87.31,1057800,1.0,0.0
2004-03-11,86.6,88.3,86.17,86.34,828100,1.0,0.0
2004-03-12,86.5,88.02,86.16,87.91,540700,1.0,0.0
2004-03-15,87.91,88.63,86.83,87.0,921500,1.0,0.0
2004-03-16,87.0,87.22,85.7,86.94,946600,1.0,0.0
2004-03-17,87.13,87.55,86.58,86.95,874300,1.0,0.0
2004-03-18,86.85,88.26,86.79,88.06,1223300,1.0,0.0
2004-03-19,87.75,87.85,86.25,86.28,926700,1.0,0.0
2004-03-22,86.28,86.99,84.96,86.85,1052200,1.0,0.0
2004-03-23,87.1,87.49,85.9,86.1,849900,1.0,0.0
2004-03-24,86.21,88.19,86.19,87.32,1723900,1.0,0.0
2004-03-25,87.82,88.37,87.7,87.75,847600,1.0,0.0
2004-03-26,87.78,87.87,87.22,87.5,741300,1.0,0.0
2004-03-29,87.51,88.25,87.2,87.3,599600,1.0,0.0
2004-03-30,88.65,88.65,87.05,87.78,1432900,1.0,0.0
2004-03-31,87.84,89.67,87.15,89.33,1004800,1.0,0.0
2004-04-01,89.81,90.82,89.4,89.83,882100,1.0,0.0
2004-04-02,90.0,91.02,89.82,90.54,537500,1.0,0.0
2004-04-05,90.5,92.02,90.5,92.02,497700,1.0,0.0
2004-04-06,91.66,93.25,91.2,93.17,1071600,1.0,0.36
2004-04-07,92.87,93.47,92.4,93.0,663400,1.0,0.0
2004-04-08,93.65,93.75,92.09,92.43,544100,1.0,0.0
2004-04-12,92.45,93.74,92.4,93.43,355100,1.0,0.0
2004-04-13,93.68,93.88,92.24,92.43,777400,1.0,0.0
2004-04-14,92.43,93.33,92.01,92.72,860400,1.0,0.0
2004-04-15,92.9,93.29,91.07,92.07,636000,1.0,0.0
2004-04-16,92.7,92.7,91.72,92.36,516600,1.0,0.0
2004-04-19,92.2,92.46,90.82,91.06,617800,1.0,0.0
2004-04-20,90.75,91.5,90.27,91.0,801100,1.0,0.0
2004-04-21,91.84,93.35,91.34,91.96,1049300,1.0,0.0
2004-04-22,92.5,95.0,92.23,94.22,820100,1.0,0.0
2004-04-23,94.72,94.93,93.6,94.81,589800,1.0,0.0
2004-04-26,94.75,94.98,93.71,94.3,406300,1.0,0.0
2004-04-27,94.55,95.62,94.35,95.0,776800,1.0,0.0
2004-04-28,95.3,95.45,92.82,92.95,800700,1.0,0.0
2004-04-29,92.7,94.01,92.4,93.92,958300,1.0,0.0
2004-04-30,94.05,94.14,93.0,93.62,827100,1.0,0.0
2004-05-03,93.59,95.17,93.23,94.2,951500,1.0,0.0
2004-05-04,94.35,95.16,93.85,94.63,933400,1.0,0.0
2004-05-05,94.1,94.34,93.45,94.17,822900,1.0,0.0
2004-05-06,94.08,94.8,93.45,93.87,540900,1.0,0.0
2004-05-07,93.4,94.66,93.1,93.44,774200,1.0,0.0
2004-05-10,92.95,93.0,91.65,92.3,758800,1.0,0.0
2004-05-11,92.2,92.3,91.27,91.55,732800,1.0,0.0
2004-05-12,91.11,92.86,90.61,92.71,742500,1.0,0.0
2004-05-13,92.41,93.8,91.84,93.62,844000,1.0,0.0
2004-05-14,93.62,95.33,93.02,95.19,1492500,1.0,0.0
2004-05-17,94.1,94.85,93.61,94.38,1043400,1.0,0.0
2004-05-18,94.5,94.94,94.38,94.5,1121500,1.0,0.0
2004-05-19,94.85,95.25,93.72,93.72,1011300,1.0,0.0
2004-05-20,93.56,93.61,92.5,93.22,940100,1.0,0.0
2004-05-21,93.75,94.22,92.9,93.45,701100,1.0,0.0
2004-05-24,93.85,94.92,93.24,93.66,491300,1.0,0.0
2004-05-25,93.64,95.0,93.19,94.8,562500,1.0,0.0
2004-05-26,94.47,94.77,93.53,93.88,1565600,1.0,0.0
2004-05-27,94.85,95.75,94.85,95.72,1591500,1.0,0.0
2004-05-28,95.35,95.76,95.0,95.63,818200,1.0,0.0
2004-06-01,95.4,95.8,94.94,95.63,509900,1.0,0.0
2004-06-02,95.63,97.11,95.55,97.0,682200,1.0,0.0
2004-06-03,97.01,97.01,95.93,96.55,694200,1.0,0.0
2004-06-04,96.64,97.78,96.5,97.41,769700,1.0,0.0
2004-06-07,97.72,98.78,97.25,98.78,801300,1.0,0.0
2004-06-08,98.1,98.5,97.5,97.98,891100,1.0,0.0
2004-06-09,97.6,98.67,97.6,98.3,700700,1.0,0.0
2004-06-10,98.0,98.99,97.4,98.8,942400,1.0,0.0
2004-06-14,98.4,98.95,97.25,97.81,744200,1.0,0.0
2004-06-15,98.0,98.71,97.91,98.26,578600,1.0,0.0
2004-06-16,98.33,99.31,98.29,99.31,698400,1.0,0.0
2004-06-17,99.31,99.42,98.85,99.28,570800,1.0,0.0
2004-06-18,98.65,99.98,98.58,99.68,896400,1.0,0.0
2004-06-21,99.9,99.97,98.83,98.94,417000,1.0,0.0
2004-06-22,98.75,99.31,98.45,99.18,844800,1.0,0.0
2004-06-23,98.5,100.35,98.5,100.15,920800,1.0,0.0
2004-06-24,99.9,100.01,98.8,98.93,1060000,1.0,0.0
2004-06-25,98.6,100.71,98.312,100.6,1107400,1.0,0.0
2004-06-28,100.67,100.7,99.14,99.53,503800,1.0,0.0
2004-06-29,99.53,100.78,98.9,100.54,745000,1.0,0.0
2004-06-30,99.97,100.4,98.95,99.3,880800,1.0,0.36
2004-07-01,98.92,99.08,97.47,97.99,766300,1.0,0.0
2004-07-02,97.75,98.11,97.35,97.56,680600,1.0,0.0
2004-07-06,97.15,97.58,96.65,97.3,1113400,1.0,0.0
2004-07-07,97.2,98.82,97.2,98.75,667800,1.0,0.0
2004-07-08,98.75,100.51,98.6,100.26,984200,1.0,0.0
2004-07-09,100.26,101.2,99.95,100.9,591200,1.0,0.0
2004-07-12,100.75,101.92,99.94,101.57,1056800,1.0,0.0
2004-07-13,101.5,101.94,101.35,101.59,580700,1.0,0.0
2004-07-14,101.59,101.6,98.17,98.45,1419200,1.0,0.0
2004-07-15,98.05,98.13,97.04,97.33,839800,1.0,0.0
2004-07-16,98.0,98.0,96.27,97.0,876900,1.0,0.0
2004-07-19,97.0,97.91,96.75,97.9,884700,1.0,0.0
2004-07-20,97.5,97.9,97.09,97.65,968600,1.0,0.0
2004-07-21,99.52,99.75,97.08,97.55,986400,1.0,0.0
2004-07-22,97.1,97.3,95.63,96.76,737100,1.0,0.0
2004-07-23,96.7,97.94,96.69,97.42,880300,1.0,0.0
2004-07-26,97.68,97.75,96.78,97.07,479800,1.0,0.0
2004-07-27,97.35,98.31,96.3,98.14,507200,1.0,0.0
2004-07-28,97.89,99.25,97.17,98.51,681700,1.0,0.0
2004-07-29,99.0,100.34,99.0,99.35,748300,1.0,0.0
2004-07-30,99.55,100.05,98.59,98.82,535800,1.0,0.0
2004-08-02,98.83,100.3,98.47,100.03,512300,1.0,0.0
2004-08-03,99.6,99.7,98.48,98.59,480500,1.0,0.0
2004-08-04,98.34,99.3,98.01,98.75,544100,1.0,0.0
2004-08-05,99.0,99.0,97.3,97.38,484400,1.0,0.0
2004-08-06,96.85,96.85,95.06,95.51,710300,1.0,0.0
2004-08-09,95.95,96.4,94.95,95.3,669700,1.0,0.0
2004-08-10,96.02,96.46,95.39,96.18,618100,1.0,0.0
2004-08-11,95.92,96.51,95.0,96.2,426800,1.0,0.0
2004-08-12,95.3,95.77,93.618,94.05,868800,1.0,0.0
2004-08-13,94.09,94.92,93.8,94.56,492700,1.0,0.0
2004-08-16,94.81,96.5,94.6,95.63,411300,1.0,0.0
2004-08-17,95.8,96.5,95.3,95.5,344200,1.0,0.0
2004-08-18,95.46,96.6,95.09,96.4,507000,1.0,0.0
2004-08-19,96.06,96.35,95.5,96.0,416500,1.0,0.0
2004-08-20,95.99,97.5,95.5,97.44,492100,1.0,0.0
2004-08-23,97.39,98.13,96.86,97.69,404600,1.0,0.0
2004-08-24,97.94,98.24,97.01,97.45,304900,1.0,0.0
2004-08-25,97.45,98.24,97.15,97.85,478200,1.0,0.0
2004-08-26,97.5,97.63,96.62,97.5,933600,1.0,0.0
2004-08-27,97.65,98.78,97.6,98.39,324500,1.0,0.0
2004-08-30,98.0,98.75,97.51,97.6,317500,1.0,0.0
2004-08-31,97.61,97.85,96.5,97.64,532200,1.0,0.0
2004-09-01,97.72,98.79,97.6,97.94,565800,1.0,0.0
2004-09-02,98.29,98.7,97.76,98.4,829000,1.0,0.0
2004-09-03,98.4,98.7,97.5,97.7,761800,1.0,0.0
2004-09-07,98.15,98.6,97.54,97.8,501800,1.0,0.0
2004-09-08,97.7,98.27,97.28,97.45,465100,1.0,0.0
2004-09-09,97.49,97.88,97.0,97.23,813300,1.0,0.0
2004-09-10,96.98,97.4,96.73,97.28,743000,1.0,0.0
2004-09-13,97.21,97.8,97.02,97.44,769900,1.0,0.0
2004-09-14,97.44,97.64,97.14,97.45,1096500,1.0,0.0
2004-09-15,96.95,98.38,96.5,98.0,835000,1.0,0.0
2004-09-16,98.2,98.8,98.08,98.25,537900,1.0,0.0
2004-09-17,98.4,99.83,98.4,99.39,746200,1.0,0.0
2004-09-20,99.19,99.59,98.61,98.86,607200,1.0,0.0
2004-09-21,99.29,99.85,98.8,99.58,411600,1.0,0.0
2004-09-22,98.7,99.25,98.4,98.92,635200,1.0,0.0
2004-09-23,98.92,98.92,98.03,98.45,441300,1.0,0.0
2004-09-24,98.41,100.1,98.41,99.76,610000,1.0,0.0
2004-09-27,99.57,99.93,98.63,99.14,345700,1.0,0.0
2004-09-28,99.0,100.35,98.59,100.15,562600,1.0,0.0
2004-09-29,99.5,100.22,99.27,100.13,852600,1.0,0.0
2004-09-30,100.13,102.77,99.9,102.1,1179100,1.0,0.0
2004-10-01,102.85,103.2,102.26,102.75,1264500,1.0,0.0
2004-10-04,102.75,103.62,102.2,102.61,812500,1.0,0.0
2004-10-05,102.05,102.37,101.54,102.1,871100,1.0,0.0
2004-10-06,101.95,102.05,101.22,101.94,413400,1.0,0.36
2004-10-07,101.55,102.07,101.21,101.58,515700,1.0,0.0
2004-10-08,101.59,101.59,99.77,100.15,474600,1.0,0.0
2004-10-11,100.15,100.8,99.0,100.07,561400,1.0,0.0
2004-10-12,99.95,101.67,99.79,101.4,551300,1.0,0.0
2004-10-13,101.65,102.42,99.71,100.3,654700,1.0,0.0
2004-10-14,100.05,100.47,99.31,100.1,439500,1.0,0.0
2004-10-15,100.35,100.89,99.78,99.99,482100,1.0,0.0
2004-10-18,99.5,99.58,98.8,99.58,491100,1.0,0.0
2004-10-19,99.38,100.45,99.35,100.05,628200,1.0,0.0
2004-10-20,98.75,99.4,96.25,98.4,1747700,1.0,0.0
2004-10-21,98.4,100.22,98.05,100.12,946200,1.0,0.0
2004-10-22,100.33,100.8,99.39,100.01,677200,1.0,0.0
2004-10-25,99.97,99.97,98.77,99.46,817700,1.0,0.0
2004-10-26,99.96,101.55,99.74,101.51,946000,1.0,0.0
2004-10-27,101.51,103.52,100.68,103.32,764100,1.0,0.0
2004-10-28,102.67,103.24,102.4,102.72,620300,1.0,0.0
2004-10-29,102.88,103.3,101.7,102.12,865600,1.0,0.0
2004-11-01,102.15,103.58,101.77,102.34,1011000,1.0,0.0
2004-11-02,102.34,102.6,99.95,100.48,1113500,1.0,0.0
2004-11-03,103.0,105.45,102.1,104.27,1690900,1.0,0.0
2004-11-04,104.95,105.77,103.8,105.77,847800,1.0,0.0
2004-11-05,106.0,107.16,105.66,106.85,1008500,1.0,0.0
2004-11-08,107.0,108.03,106.8,107.26,985300,1.0,0.0
2004-11-09,106.0,107.36,105.24,105.44,1027700,1.0,0.0
2004-11-10,106.2,107.76,104.85,106.93,1486600,1.0,0.0
2004-11-11,107.88,109.0,107.6,108.34,1437200,1.0,0.0
2004-11-12,107.41,108.24,107.15,108.03,720500,1.0,0.0
2004-11-15,107.7,108.52,107.2,108.11,1069300,1.0,0.0
2004-11-16,109.11,109.45,107.4,107.81,573100,1.0,0.0
2004-11-17,108.51,109.0,107.51,107.84,596200,1.0,0.0
2004-11-18,107.59,108.34,107.05,107.68,476700,1.0,0.0
2004-11-19,107.69,107.85,106.29,106.44,504400,1.0,0.0
2004-11-22,105.65,108.07,105.59,107.75,687900,1.0,0.0
2004-11-23,107.3,108.18,107.24,107.7,601700,1.0,0.0
2004-11-24,108.15,108.74,107.18,108.05,424700,1.0,0.0
2004-11-26,107.7,108.43,107.7,108.23,124500,1.0,0.0
2004-11-29,108.6,109.98,107.68,108.35,727300,1.0,0.0
2004-11-30,107.6,108.51,107.45,108.36,611100,1.0,0.0
2004-12-01,108.8,109.46,108.04,109.46,806900,1.0,0.0
2004-12-02,108.86,109.35,107.98,108.46,587800,1.0,0.0
2004-12-03,108.43,109.9,107.96,109.83,675400,1.0,0.0
2004-12-06,109.5,109.5,107.9,108.69,632700,1.0,0.0
2004-12-07,108.05,108.05,105.59,105.59,961500,1.0,0.0
2004-12-08,105.65,106.0,104.61,105.14,739300,1.0,0.0
2004-12-09,105.14,105.18,103.5,105.09,897200,1.0,0.0
2004-12-10,106.98,107.65,104.45,106.5,922400,1.0,0.0
2004-12-13,107.15,108.13,106.84,107.69,516500,1.0,0.0
2004-12-14,107.9,108.25,106.65,107.09,632200,1.0,0.0
2004-12-15,107.1,107.25,106.0,106.0,542900,1.0,0.0
2004-12-16,105.8,107.42,105.25,105.36,815300,1.0,0.0
2004-12-17,104.4,106.68,104.34,106.35,1065800,1.0,0.0
2004-12-20,106.5,107.35,106.27,106.93,482300,1.0,0.0
2004-12-21,106.93,106.96,105.25,105.43,675200,1.0,0.0
2004-12-22,105.4,107.32,105.39,107.0,530000,1.0,0.0
2004-12-23,106.98,107.55,106.49,106.64,337500,1.0,0.0
2004-12-27,106.65,106.88,105.59,105.6,378600,1.0,0.0
2004-12-28,106.08,107.15,105.9,106.88,404300,1.0,0.0
2004-12-29,107.19,107.19,104.97,105.17,655500,1.0,0.0
2004-12-30,105.7,105.75,104.55,104.93,533100,1.0,0.0
2004-12-31,105.18,105.27,104.32,104.6,294000,1.0,0.0
2005-01-03,105.38,105.48,101.28,102.02,1639900,1.0,0.0
2005-01-04,101.5,101.75,97.59,99.37,3690000,1.0,0.0
2005-01-05,100.25,100.5,98.21,99.27,3281500,1.0,0.0
2005-01-06,99.95,100.6,99.22,99.45,1308700,1.0,0.0
2005-01-07,99.9,100.15,98.75,99.81,968100,1.0,0.0
2005-01-10,99.81,101.7,99.36,101.48,1616400,1.0,0.0
2005-01-11,101.4,101.9,100.75,101.51,1022900,1.0,0.0
2005-01-12,101.4,102.12,100.52,101.48,1360300,1.0,0.36
2005-01-13,101.3,102.18,101.05,101.8,1030600,1.0,0.0
2005-01-14,101.79,102.1,101.15,101.42,598800,1.0,0.0
2005-01-18,101.4,102.8,101.0,102.47,1176000,1.0,0.0
2005-01-19,101.8,102.22,100.7,101.0,773100,1.0,0.0
2005-01-20,101.01,102.2,100.6,100.9,1250000,1.0,0.0
2005-01-21,101.05,101.55,100.39,100.51,1016900,1.0,0.0
2005-01-24,100.5,100.6,99.0,99.0,960100,1.0,0.0
2005-01-25,99.25,99.85,98.6,98.77,1410600,1.0,0.0
2005-01-26,100.5,103.24,99.7,102.48,2071100,1.0,0.0
2005-01-27,102.3,104.9,102.25,103.88,1450200,1.0,0.0
2005-01-28,103.77,103.83,101.97,103.23,1125100,1.0,0.0
2005-01-31,103.23,103.86,102.66,103.25,1018300,1.0,0.0
2005-02-01,103.12,104.01,102.45,103.43,1030000,1.0,0.0
2005-02-02,103.25,104.15,102.84,104.03,672500,1.0,0.0
2005-02-03,103.7,103.88,102.87,103.15,671400,1.0,0.0
2005-02-04,102.9,104.0,102.69,103.91,761300,1.0,0.0
2005-02-07,104.93,105.41,104.45,105.14,1024800,1.0,0.0
2005-02-08,104.65,106.35,104.63,106.02,803700,1.0,0.0
2005-02-09,105.6,106.08,105.0,105.65,553800,1.0,0.0
2005-02-10,105.58,106.41,105.12,106.37,508000,1.0,0.0
2005-02-11,106.15,107.34,105.45,106.67,667100,1.0,0.0
2005-02-14,106.81,106.85,105.6,106.03,454100,1.0,0.0
2005-02-15,105.62,107.0,105.45,106.9,678300,1.0,0.0
2005-02-16,106.82,106.9,105.88,106.35,459200,1.0,0.0
2005-02-17,106.2,106.94,105.76,105.9,800400,1.0,0.0
2005-02-18,105.65,106.01,104.88,106.0,574200,1.0,0.0
2005-02-22,105.75,105.9,104.15,104.15,793000,1.0,0.0
2005-02-23,103.88,103.89,102.95,103.04,1039900,1.0,0.0
2005-02-24,102.79,104.1,102.55,103.95,531500,1.0,0.0
2005-02-25,103.5,105.7,103.5,105.58,435900,1.0,0.0
2005-02-28,105.33,105.7,104.65,105.35,596800,1.0,0.0
2005-03-01,105.35,105.57,104.5,105.21,634900,1.0,0.0
2005-03-02,104.6,106.34,104.25,106.08,728900,1.0,0.0
2005-03-03,106.08,106.1,104.48,105.44,637600,1.0,0.0
2005-03-04,105.35,106.1,104.75,105.83,666000,1.0,0.0
2005-03-07,104.55,107.18,104.25,106.65,1190000,1.0,0.0
2005-03-08,106.15,109.15,106.15,108.93,1285300,1.0,0.0
2005-03-09,107.85,108.95,107.7,108.66,1156600,1.0,0.0
2005-03-10,108.3,109.22,108.15,109.11,883800,1.0,0.0
2005-03-11,108.5,109.9,108.06,108.38,1033400,1.0,0.0
2005-03-14,108.08,109.74,108.08,109.68,789700,1.0,0.0
2005-03-15,109.77,109.96,108.34,109.0,1051200,1.0,0.0
2005-03-16,108.45,109.28,105.91,106.4,1224900,1.0,0.0
2005-03-17,105.85,107.18,105.8,106.3,946400,1.0,0.0
2005-03-18,106.0,106.3,105.25,106.1,1233600,1.0,0.0
2005-03-21,107.25,107.5,105.2,105.27,741700,1.0,0.0
2005-03-22,105.85,107.13,105.8,106.0,1023000,1.0,0.0
2005-03-23,105.6,106.0,104.7,105.09,1064300,1.0,0.0
2005-03-24,105.55,105.73,104.5,104.8,717600,1.0,0.0
2005-03-28,105.3,105.75,104.98,104.98,431600,1.0,0.0
2005-03-29,105.48,105.8,104.67,105.25,687300,1.0,0.0
2005-03-30,105.25,106.8,105.25,106.8,727200,1.0,0.0
2005-03-31,106.8,107.18,106.0,107.05,821400,1.0,0.0
2005-04-01,107.2,108.03,106.64,107.85,1242300,1.0,0.0
2005-04-04,107.85,108.3,107.43,108.05,1074100,1.0,0.0
2005-04-05,107.64,108.55,107.64,108.5,908800,1.0,0.4
2005-04-06,108.25,108.75,107.89,108.1,697600,1.0,0.0
2005-04-07,108.2,108.6,107.6,108.26,550800,1.0,0.0
2005-04-08,108.85,108.98,107.6,108.05,756600,1.0,0.0
2005-04-11,108.03,108.15,107.17,107.17,796500,1.0,0.0
2005-04-12,106.4,107.06,105.03,106.88,1740300,1.0,0.0
2005-04-13,106.25,106.84,105.99,106.33,1168200,1.0,0.0
2005-04-14,106.25,106.8,105.42,105.66,841500,1.0,0.0
2005-04-15,105.1,105.26,103.79,103.89,1167800,1.0,0.0
2005-04-18,103.25,104.72,102.75,104.25,1039000,1.0,0.0
2005-04-19,103.85,104.71,103.85,104.08,793600,1.0,0.0
2005-04-20,104.08,104.08,100.72,100.72,2105900,1.0,0.0
2005-04-21,101.9,103.68,100.85,103.55,1412300,1.0,0.0
2005-04-22,103.9,104.75,102.57,103.5,935900,1.0,0.0
2005-04-25,103.85,104.92,103.7,104.71,1042400,1.0,0.0
2005-04-26,104.46,105.1,104.2,104.23,847900,1.0,0.0
2005-04-27,104.24,105.35,103.88,105.15,1032600,1.0,0.0
2005-04-28,104.35,105.09,104.0,104.12,760100,1.0,0.0
2005-04-29,104.25,105.47,103.83,105.05,953000,1.0,0.0
2005-05-02,105.06,105.83,104.4,105.51,698000,1.0,0.0
2005-05-03,105.52,106.24,105.1,105.57,731600,1.0,0.0
2005-05-04,106.15,106.81,105.75,106.0,999400,1.0,0.0
2005-05-05,105.87,106.3,104.75,105.26,791200,1.0,0.0
2005-05-06,105.51,107.03,105.51,106.48,691600,1.0,0.0
2005-05-09,106.07,106.85,105.64,106.54,639600,1.0,0.0
2005-05-10,105.66,106.18,104.25,104.7,1206900,1.0,0.0
2005-05-11,104.01,105.75,104.01,105.75,1438800,1.0,0.0
2005-05-12,105.95,107.04,105.7,106.42,1009500,1.0,0.0
2005-05-13,106.95,106.96,104.72,105.43,698200,1.0,0.0
2005-05-16,105.43,105.49,104.7,105.21,829500,1.0,0.0
2005-05-17,104.75,106.2,104.65,106.07,755700,1.0,0.0
2005-05-18,106.6,107.49,106.05,107.49,745000,1.0,0.0
2005-05-19,107.4,107.97,107.1,107.9,651500,1.0,0.0
2005-05-20,107.99,108.43,107.35,108.1,619200,1.0,0.0
2005-05-23,107.65,108.48,107.35,108.01,740400,1.0,0.0
2005-05-24,107.81,108.35,107.7,108.06,620200,1.0,0.0
2005-05-25,107.7,108.0,106.52,107.01,455000,1.0,0.0
2005-05-26,107.0,108.16,106.99,107.68,460500,1.0,0.0
2005-05-27,107.54,108.38,107.25,107.95,679200,1.0,0.0
2005-05-31,108.0,108.59,107.87,107.98,597300,1.0,0.0
2005-06-01,107.79,108.48,107.48,108.37,460900,1.0,0.0
2005-06-02,108.38,109.04,108.38,108.8,301500,1.0,0.0
2005-06-03,108.12,108.7,107.54,108.26,590300,1.0,0.0
2005-06-06,108.1,109.58,108.0,109.51,509600,1.0,0.0
2005-06-07,110.0,112.15,109.8,109.86,1369200,1.0,0.0
2005-06-08,110.02,110.9,109.51,109.55,647100,1.0,0.0
2005-06-09,109.62,110.33,109.29,110.13,747200,1.0,0.0
2005-06-10,109.9,111.7,109.75,111.25,870400,1.0,0.0
2005-06-13,110.8,111.61,109.9,110.25,656600,1.0,0.0
2005-06-14,110.0,110.4,109.02,110.35,758200,1.0,0.0
2005-06-15,110.35,111.5,109.98,111.5,1242200,1.0,0.0
2005-06-16,111.1,111.41,110.8,111.23,427600,1.0,0.0
2005-06-17,112.0,112.29,111.49,112.04,872200,1.0,0.0
2005-06-20,111.25,112.89,110.8,112.5,869000,1.0,0.0
2005-06-21,112.2,112.34,110.97,111.46,592100,1.0,0.0
2005-06-22,111.71,111.99,110.87,111.06,489800,1.0,0.0
2005-06-23,111.31,111.86,110.49,110.49,491400,1.0,0.0
2005-06-24,110.5,111.29,109.33,109.46,605000,1.0,0.0
2005-06-27,109.46,110.26,109.15,110.02,686800,1.0,0.0
2005-06-28,110.25,111.25,110.18,111.25,920700,1.0,0.0
2005-06-29,110.85,110.9,109.36,109.97,877600,1.0,0.4
2005-06-30,110.2,110.95,109.45,109.54,881000,1.0,0.0
2005-07-01,109.8,110.2,109.5,109.95,543900,1.0,0.0
2005-07-05,109.3,111.09,109.2,110.63,863200,1.0,0.0
2005-07-06,110.3,110.75,108.5,109.1,812200,1.0,0.0
2005-07-07,108.2,108.63,107.31,108.5,1182000,1.0,0.0
2005-07-08,108.45,109.44,108.01,109.04,1066200,1.0,0.0
2005-07-11,109.73,109.95,108.69,109.5,694000,1.0,0.0
2005-07-12,109.5,109.75,108.97,109.62,377600,1.0,0.0
2005-07-13,109.62,111.06,109.62,111.02,833700,1.0,0.0
2005-07-14,111.99,112.4,111.5,112.0,895600,1.0,0.0
2005-07-15,112.01,112.31,111.56,112.31,441000,1.0,0.0
2005-07-18,110.9,111.3,110.58,111.05,688100,1.0,0.0
2005-07-19,111.25,112.05,110.25,110.57,883600,1.0,0.0
2005-07-20,111.5,115.93,110.6,115.25,1394900,1.0,0.0
2005-07-21,115.25,116.08,114.5604,115.5,1373600,1.0,0.0
2005-07-22,115.5,116.77,115.3,116.77,1211200,1.0,0.0
2005-07-25,116.77,117.62,116.53,117.3,781700,1.0,0.0
2005-07-26,117.27,117.5,116.14,116.15,989500,1.0,0.0
2005-07-27,116.15,116.26,114.79,115.24,1196400,1.0,0.0
2005-07-28,115.0,116.17,115.0,116.01,391300,1.0,0.0
2005-07-29,115.7,115.78,114.67,115.19,912900,1.0,0.0
2005-08-01,115.12,115.55,114.53,114.59,777100,1.0,0.0
2005-08-02,114.65,115.22,114.51,115.17,558200,1.0,0.0
2005-08-03,115.11,115.54,114.65,115.42,398100,1.0,0.0
2005-08-04,115.39,115.5,114.45,115.07,408100,1.0,0.0
2005-08-05,115.07,115.35,114.5,115.02,464000,1.0,0.0
2005-08-08,115.2,115.89,114.55,114.96,373500,1.0,0.0
2005-08-09,114.5,115.47,114.28,114.46,397300,1.0,0.0
2005-08-10,114.71,115.5,113.0,113.51,590300,1.0,0.0
2005-08-11,113.38,114.66,113.35,114.61,443000,1.0,0.0
2005-08-12,114.5,114.9,113.23,113.59,359300,1.0,0.0
2005-08-15,113.7,115.37,113.47,115.16,488300,1.0,0.0
2005-08-16,115.28,115.5,114.27,114.27,558300,1.0,0.0
2005-08-17,114.45,115.14,113.9,114.97,438100,1.0,0.0
2005-08-18,114.97,115.67,114.65,114.87,587300,1.0,0.0
2005-08-19,115.8,116.0,115.22,115.61,532100,1.0,0.0
2005-08-22,115.8,116.78,115.7,116.47,627500,1.0,0.0
2005-08-23,116.48,116.71,115.78,116.13,635700,1.0,0.0
2005-08-24,115.0,116.35,114.79,115.85,1016400,1.0,0.0
2005-08-25,115.85,115.98,114.8,115.15,618100,1.0,0.0
2005-08-26,115.15,115.53,114.78,114.85,611400,1.0,0.0
2005-08-29,114.16,115.05,113.86,114.88,611700,1.0,0.0
2005-08-30,114.7,114.74,113.26,114.19,444500,1.0,0.0
2005-08-31,114.03,114.67,112.65,114.59,654000,1.0,0.0
2005-09-01,114.65,116.05,114.53,114.83,638400,1.0,0.0
2005-09-02,114.95,114.95,113.57,114.14,582300,1.0,0.0
2005-09-06,114.75,116.07,114.45,115.29,537700,1.0,0.0
2005-09-07,115.2,115.64,114.91,115.45,411000,1.0,0.0
2005-09-08,115.35,116.0,114.75,115.24,508000,1.0,0.0
2005-09-09,115.24,116.35,114.8,116.35,640100,1.0,0.0
2005-09-12,116.1,116.9,115.75,116.8,558400,1.0,0.0
2005-09-13,116.84,116.91,115.88,116.01,499100,1.0,0.0
2005-09-14,115.96,116.66,115.08,116.52,802700,1.0,0.0
2005-09-15,116.8,117.0,115.81,116.2,685400,1.0,0.0
2005-09-16,116.57,117.1,115.79,117.1,1000800,1.0,0.0
2005-09-19,117.09,117.09,115.2,116.05,715400,1.0,0.0
2005-09-20,116.25,117.07,115.92,115.92,565700,1.0,0.0
2005-09-21,116.17,116.28,114.25,115.2,1034400,1.0,0.0
2005-09-22,115.0,118.08,114.67,117.91,1621900,1.0,0.0
2005-09-23,118.05,120.4,117.19,119.94,1474200,1.0,0.0
2005-09-26,120.24,120.77,118.503,119.39,833400,1.0,0.0
2005-09-27,119.39,119.66,117.89,118.6,845200,1.0,0.0
2005-09-28,118.57,120.09,118.57,118.95,565800,1.0,0.0
2005-09-29,118.76,119.38,117.83,119.25,713900,1.0,0.0
2005-09-30,119.65,120.25,118.9,119.55,568000,1.0,0.0
2005-10-03,119.56,120.41,119.22,119.6,532800,1.0,0.0
2005-10-04,119.85,122.27,119.69,120.71,879200,1.0,0.0
2005-10-05,120.59,120.59,117.76,117.76,559200,1.0,0.4
2005-10-06,117.59,118.89,117.49,118.5,708200,1.0,0.0
2005-10-07,118.75,119.73,117.98,119.59,627700,1.0,0.0
2005-10-10,119.5,120.55,119.06,119.27,681200,1.0,0.0
2005-10-11,119.05,120.0,118.94,119.41,815500,1.0,0.0
2005-10-12,119.15,120.7,119.04,119.44,700500,1.0,0.0
2005-10-13,118.75,119.65,118.74,119.14,646000,1.0,0.0
2005-10-14,119.15,120.3,118.7875,120.08,627100,1.0,0.0
2005-10-17,120.35,120.35,118.84,120.22,686300,1.0,0.0
2005-10-18,119.53,120.3,118.57,119.92,542900,1.0,0.0
2005-10-19,120.8,121.68,117.78,121.06,1701800,1.0,0.0
2005-10-20,121.06,121.06,117.61,117.98,848400,1.0,0.0
2005-10-21,118.3,118.49,116.11,116.54,1082000,1.0,0.0
2005-10-24,117.1,118.85,116.53,118.58,821100,1.0,0.0
2005-10-25,118.0,118.11,115.48,116.42,844400,1.0,0.0
2005-10-26,116.95,117.56,115.67,115.67,1242400,1.0,0.0
2005-10-27,114.75,116.42,114.3,115.16,982800,1.0,0.0
2005-10-28,116.0,116.79,114.5001,116.65,588100,1.0,0.0
2005-10-31,116.49,116.89,115.66,116.3,773700,1.0,0.0
2005-11-01,115.85,117.16,115.7,116.04,508500,1.0,0.0
2005-11-02,116.0,116.8,115.8,116.3,469400,1.0,0.0
2005-11-03,116.9,116.91,115.75,116.15,814000,1.0,0.0
2005-11-04,116.15,116.75,115.57,116.38,597200,1.0,0.0
2005-11-07,116.9,116.9,115.88,116.5,531400,1.0,0.0
2005-11-08,115.9,117.6,115.9,117.26,827000,1.0,0.0
2005-11-09,117.16,117.82,116.66,117.2,473500,1.0,0.0
2005-11-10,117.6,118.75,117.24,117.5,929800,1.0,0.0
2005-11-11,117.0,117.57,115.75,116.35,869600,1.0,0.0
2005-11-14,116.1,116.6801,115.72,115.95,733800,1.0,0.0
2005-11-15,116.19,116.7,115.48,115.5,766000,1.0,0.0
2005-11-16,115.75,116.38,115.21,116.36,542800,1.0,0.0
2005-11-17,116.75,118.22,116.36,118.1,753700,1.0,0.0
2005-11-18,119.38,119.38,116.63,117.21,778800,1.0,0.0
2005-11-21,116.98,117.95,116.4,117.0,593000,1.0,0.0
2005-11-22,117.0,117.36,115.92,116.14,924200,1.0,0.0
2005-11-23,115.42,116.61,115.42,116.16,713400,1.0,0.0
2005-11-25,116.2,116.25,115.77,115.9,264700,1.0,0.0
2005-11-28,116.1,116.3,115.01,115.04,515100,1.0,0.0
2005-11-29,116.0,116.73,115.24,115.28,994000,1.0,0.0
2005-11-30,115.75,115.95,114.1,114.3,1204700,1.0,0.0
2005-12-01,114.75,116.25,114.65,115.75,1190900,1.0,0.0
2005-12-02,115.5,115.5,112.75,113.55,1690400,1.0,0.0
2005-12-05,113.2,113.39,112.06,113.0,1700500,1.0,0.0
2005-12-06,113.04,113.85,112.47,112.57,1030500,1.0,0.0
2005-12-07,113.35,113.35,110.5,111.09,1262600,1.0,0.0
2005-12-08,111.34,112.65,110.896,112.65,1997400,1.0,0.0
2005-12-09,112.65,113.25,112.4,112.78,962800,1.0,0.0
2005-12-12,112.75,112.75,110.48,110.67,1040500,1.0,0.0
2005-12-13,110.67,113.04,110.67,112.09,1632200,1.0,0.0
2005-12-14,111.6,112.21,110.17,111.68,1123800,1.0,0.0
2005-12-15,111.78,115.0399,111.78,114.22,1543900,1.0,0.0
2005-12-16,115.0,115.66,114.38,114.43,1414200,1.0,0.0
2005-12-19,114.28,114.82,113.35,113.63,822800,1.0,0.0
2005-12-20,113.6,114.84,113.55,114.19,697200,1.0,0.0
2005-12-21,114.2,114.85,113.17,113.38,719300,1.0,0.0
2005-12-22,113.45,115.1,113.28,115.0,613100,1.0,0.0
2005-12-23,115.2,115.46,114.5,114.95,269700,1.0,0.0
2005-12-27,114.94,115.93,114.5,114.76,495000,1.0,0.0
2005-12-28,114.6,114.9,114.3,114.75,268600,1.0,0.0
2005-12-29,114.75,115.0,114.5,114.5,241200,1.0,0.0
2005-12-30,113.9,114.5,113.75,114.05,273400,1.0,0.0
2006-01-03,114.95,115.0,113.68,115.0,884500,1.0,0.0
2006-01-04,115.0,115.39,114.59,115.01,553200,1.0,0.0
2006-01-05,115.1,115.45,113.35,113.6,839800,1.0,0.0
2006-01-06,114.6,116.74,113.9,116.17,717700,1.0,0.0
2006-01-09,116.1,116.47,115.75,116.18,516600,1.0,0.0
2006-01-10,115.5,116.27,115.02,115.88,602000,1.0,0.0
2006-01-11,115.76,116.45,115.19,115.25,716200,1.0,0.0
2006-01-12,115.25,116.29,114.33,115.48,460400,1.0,0.0
2006-01-13,116.0,117.29,115.61,117.2,648900,1.0,0.0
2006-01-17,117.0,117.33,115.5,115.85,939300,1.0,0.0
2006-01-18,115.45,116.33,115.43,115.881,547800,1.0,0.4
2006-01-19,116.06,116.1,115.16,116.04,541800,1.0,0.0
2006-01-20,116.04,116.04,114.78,115.09,660000,1.0,0.0
2006-01-23,115.5,115.71,114.15,114.63,557500,1.0,0.0
2006-01-24,115.05,116.01,114.8,115.8,1021800,1.0,0.0
2006-01-25,115.75,115.75,113.54,114.34,1114100,1.0,0.0
2006-01-26,116.05,119.89,116.0,118.87,1917900,1.0,0.0
2006-01-27,119.37,119.37,117.76,118.5,616800,1.0,0.0
2006-01-30,117.5,118.11,116.3,117.29,834900,1.0,0.0
2006-01-31,117.35,117.7,116.28,116.36,970000,1.0,0.0
2006-02-01,115.05,117.1,115.03,116.2,677000,1.0,0.0
2006-02-02,116.05,116.4,114.38,116.31,963000,1.0,0.0
2006-02-03,115.5,117.09,115.3,116.83,774700,1.0,0.0
2006-02-06,116.0,117.5,115.65,117.1,672300,1.0,0.0
2006-02-07,117.7,118.0,116.47,116.9,997900,1.0,0.0
2006-02-08,117.84,117.84,115.23,116.41,946900,1.0,0.0
2006-02-09,116.29,117.84,115.6,117.6,815800,1.0,0.0
2006-02-10,117.5,120.2,117.37,119.89,1191800,1.0,0.0
2006-02-13,119.69,120.45,119.23,119.92,864000,1.0,0.0
2006-02-14,120.74,121.65,119.64,120.61,917800,1.0,0.0
2006-02-15,120.86,120.99,119.54,119.8,713500,1.0,0.0
2006-02-16,119.8,121.94,119.41,121.94,1045300,1.0,0.0
2006-02-17,121.55,121.55,120.41,121.33,610800,1.0,0.0
2006-02-21,122.0,122.12,118.81,119.0,827000,1.0,0.0
2006-02-22,119.79,121.2,119.42,120.2,1008000,1.0,0.0
2006-02-23,122.6,123.25,121.17,121.22,1145200,1.0,0.0
2006-02-24,121.22,122.25,121.0,121.9,1100000,1.0,0.0
2006-02-27,122.5,125.31,122.4,124.69,1421500,1.0,0.0
2006-02-28,124.0,124.43,122.65,123.27,1088300,1.0,0.0
2006-03-01,125.75,125.75,123.66,124.46,760300,1.0,0.0
2006-03-02,125.4,126.75,125.16,126.44,882600,1.0,0.0
2006-03-03,125.66,128.24,125.5,127.81,1111900,1.0,0.0
2006-03-06,127.14,128.12,126.86,127.17,1171900,1.0,0.0
2006-03-07,126.27,127.61,123.791,126.76,1970100,1.0,0.0
2006-03-08,126.6,127.12,126.3,126.92,984300,1.0,0.0
2006-03-09,126.85,127.94,126.52,126.91,969200,1.0,0.0
2006-03-10,126.5,126.9,125.6,126.3,1070100,1.0,0.0
2006-03-13,127.27,127.69,125.8,127.37,692600,1.0,0.0
2006-03-14,127.0,128.77,127.0,128.09,606400,1.0,0.0
2006-03-15,128.0,129.3,127.72,129.19,730400,1.0,0.0
2006-03-16,129.19,129.85,128.69,129.38,848800,1.0,0.0
2006-03-17,129.99,131.9,129.84,130.66,1177000,1.0,0.0
2006-03-20,131.0,131.88,130.66,131.16,657100,1.0,0.0
2006-03-21,131.6,131.9,129.91,130.1,1235000,1.0,0.0
2006-03-22,130.1,130.95,129.8201,130.55,721800,1.0,0.0
2006-03-23,131.1,131.8,129.9998,130.85,1042400,1.0,0.0
2006-03-24,130.43,131.67,130.27,131.27,954100,1.0,0.0
2006-03-27,65.38,65.53,64.46,64.84,1077950,2.0,0.0
2006-03-28,65.01,65.19,63.85,63.99,1635300,1.0,0.0
2006-03-29,63.99,64.9,63.99,64.5,1086700,1.0,0.0
2006-03-30,64.26,64.79,64.19,64.26,1600000,1.0,0.0
2006-03-31,64.13,64.57,63.89,63.98,1325300,1.0,0.0
2006-04-03,64.23,64.95,64.0,64.07,1405000,1.0,0.0
2006-04-04,63.75,65.14,63.28,64.86,2145900,1.0,0.0
2006-04-05,64.65,65.0652,63.87,64.5,1730200,1.0,0.23
2006-04-06,64.66,65.6,64.45,65.07,1552700,1.0,0.0
2006-04-07,65.32,65.94,64.53,64.94,1134100,1.0,0.0
2006-04-10,64.9,65.33,64.85,65.18,1421400,1.0,0.0
2006-04-11,65.01,65.58,64.62,64.83,1144600,1.0,0.0
2006-04-12,64.72,65.15,63.72,63.93,1349900,1.0,0.0
2006-04-13,63.56,64.39,63.56,63.89,948200,1.0,0.0
2006-04-17,63.95,64.6,63.9,64.25,611400,1.0,0.0
2006-04-18,64.55,66.65,64.44,66.45,1825700,1.0,0.0
2006-04-19,68.3,69.62,67.1,69.41,2931200,1.0,0.0
2006-04-20,68.55,69.02,67.91,68.33,2382100,1.0,0.0
2006-04-21,68.19,68.55,67.86,67.88,1488200,1.0,0.0
2006-04-24,68.7,68.84,68.24,68.53,1776800,1.0,0.0
2006-04-25,68.26,68.56,67.61,68.31,1370300,1.0,0.0
2006-04-26,68.56,68.75,67.39,68.03,1375700,1.0,0.0
2006-04-27,68.03,69.01,67.76,68.28,1389500,1.0,0.0
2006-04-28,67.64,67.8876,65.43,65.62,2377200,1.0,0.0
2006-05-01,65.75,66.87,65.68,66.32,1546100,1.0,0.0
2006-05-02,66.54,67.26,66.3,67.2,1667600,1.0,0.0
2006-05-03,67.0,67.5,66.63,66.92,1311900,1.0,0.0
2006-05-04,66.9,68.3,66.87,68.03,1177200,1.0,0.0
2006-05-05,68.76,69.15,68.5,68.65,1066200,1.0,0.0
2006-05-08,68.85,69.21,67.44,67.79,1215500,1.0,0.0
2006-05-09,67.45,67.88,67.13,67.88,913500,1.0,0.0
2006-05-10,67.25,68.0,66.85,67.06,1962900,1.0,0.0
2006-05-11,66.8,67.5,66.32,66.67,902700,1.0,0.0
2006-05-12,66.68,66.68,65.01,65.2,1156000,1.0,0.0
2006-05-15,64.5,65.89,63.35,65.69,1777700,1.0,0.0
2006-05-16,65.69,65.69,64.37,64.67,1514700,1.0,0.0
2006-05-17,64.0,64.4,62.57,62.97,2195600,1.0,0.0
2006-05-18,62.97,63.35,62.62,62.98,1770700,1.0,0.0
2006-05-19,63.07,64.85,62.96,64.47,2439100,1.0,0.0
2006-05-22,64.47,65.45,63.75,65.05,1858500,1.0,0.0
2006-05-23,64.8,65.05,62.84,63.0,1934200,1.0,0.0
2006-05-24,63.0,63.0,61.69,62.33,2034200,1.0,0.0
2006-05-25,62.33,63.42,62.33,62.67,1313400,1.0,0.0
2006-05-26,63.25,63.25,62.51,62.7,779100,1.0,0.0
2006-05-30,62.9,63.67,62.32,63.28,1488900,1.0,0.0
2006-05-31,63.48,63.7,63.04,63.64,1595700,1.0,0.0
2006-06-01,63.74,64.63,63.38,64.53,1067100,1.0,0.0
2006-06-02,64.45,65.0,63.67,64.07,1133900,1.0,0.0
2006-06-05,63.83,64.23,63.5,63.75,1086000,1.0,0.0
2006-06-06,63.75,63.95,62.5,63.26,1314400,1.0,0.0
2006-06-07,63.8,64.36,63.37,63.46,1423600,1.0,0.0
2006-06-08,63.35,64.03,62.69,63.95,2278000,1.0,0.0
2006-06-09,63.95,64.3,63.34,63.54,1636500,1.0,0.0
2006-06-12,63.13,63.83,62.4,62.42,1160400,1.0,0.0
2006-06-13,62.42,63.52,62.4,62.6,2273000,1.0,0.0
2006-06-14,62.25,64.1,62.19,63.99,1420200,1.0,0.0
2006-06-15,64.02,64.91,63.43,64.77,1527500,1.0,0.0
2006-06-16,64.28,66.39,64.27,66.12,2659100,1.0,0.0
2006-06-19,66.48,66.78,65.21,65.5,1300600,1.0,0.0
2006-06-20,65.37,65.7,65.08,65.21,758700,1.0,0.0
2006-06-21,65.4,65.92,65.1,65.52,1029500,1.0,0.0
2006-06-22,65.52,65.67,65.06,65.32,752400,1.0,0.0
2006-06-23,64.9,66.17,64.8,65.4,882800,1.0,0.0
2006-06-26,65.3,65.39,64.2,64.58,1482600,1.0,0.0
2006-06-27,64.68,64.98,64.12,64.15,1447700,1.0,0.0
2006-06-28,64.05,64.07,63.33,64.06,1255600,1.0,0.0
2006-06-29,64.95,65.34,64.21,65.33,1442100,1.0,0.0
2006-06-30,65.66,65.8,65.33,65.46,1316300,1.0,0.0
2006-07-03,65.46,65.71,64.97,64.97,746600,1.0,0.0
2006-07-05,65.35,65.48,64.5,64.97,1417700,1.0,0.23
2006-07-06,65.5,67.55,65.5,67.0,2095200,1.0,0.0
2006-07-07,66.85,67.14,66.48,66.52,1603300,1.0,0.0
2006-07-10,67.3,67.3,66.65,66.9,941600,1.0,0.0
2006-07-11,66.75,68.79,66.7001,68.66,1775400,1.0,0.0
2006-07-12,68.65,69.24,68.41,69.0,2036100,1.0,0.0
2006-07-13,68.85,68.85,68.01,68.56,2504500,1.0,0.0
2006-07-14,68.8,68.8,67.41,68.61,1448100,1.0,0.0
2006-07-17,68.61,68.89,67.46,67.84,1476800,1.0,0.0
2006-07-18,67.85,68.68,67.19,68.35,1789600,1.0,0.0
2006-07-19,69.0,69.55,66.19,67.99,6291600,1.0,0.0
2006-07-20,68.8,69.87,67.9,67.93,3193500,1.0,0.0
2006-07-21,68.0,68.15,67.26,67.44,1482300,1.0,0.0
2006-07-24,67.38,68.37,67.38,68.01,1123200,1.0,0.0
2006-07-25,67.5,69.55,67.11,69.38,1627500,1.0,0.0
2006-07-26,69.38,69.38,67.92,67.99,1336000,1.0,0.0
2006-07-27,68.02,68.82,67.74,68.12,1316200,1.0,0.0
2006-07-28,67.0,67.88,66.51,67.26,1782700,1.0,0.0
2006-07-31,67.41,67.44,66.629,67.02,1295900,1.0,0.0
2006-08-01,67.02,67.14,66.434,66.89,1097100,1.0,0.0
2006-08-02,66.95,67.41,66.5,67.02,967600,1.0,0.0
2006-08-03,67.05,68.25,66.96,67.39,1244800,1.0,0.0
2006-08-04,67.85,68.3,67.63,67.76,1642200,1.0,0.0
2006-08-07,67.77,67.94,67.52,67.85,1203900,1.0,0.0
2006-08-08,68.0,68.2,67.06,67.31,1251200,1.0,0.0
2006-08-09,67.7,67.9,66.35,66.43,906600,1.0,0.0
2006-08-10,66.05,67.74,66.0,67.33,1213200,1.0,0.0
2006-08-11,67.3,67.78,66.88,67.63,1067300,1.0,0.0
2006-08-14,68.04,68.42,67.5,67.5,1238300,1.0,0.0
2006-08-15,68.15,68.94,68.08,68.83,1401700,1.0,0.0
2006-08-16,69.0,69.93,68.97,69.6,1369700,1.0,0.0
2006-08-17,69.2,69.7,68.79,69.07,1431200,1.0,0.0
2006-08-18,69.08,69.3601,68.23,68.76,1166900,1.0,0.0
2006-08-21,68.76,68.93,68.25,68.69,748800,1.0,0.0
2006-08-22,68.75,69.11,67.74,68.17,1033900,1.0,0.0
2006-08-23,68.45,68.5,67.36,67.4,782900,1.0,0.0
2006-08-24,67.65,67.9,66.7,66.84,1480900,1.0,0.0
2006-08-25,66.53,67.53,66.1,67.36,941500,1.0,0.0
2006-08-28,67.1,67.7,66.98,67.39,785300,1.0,0.0
2006-08-29,67.95,68.52,67.7,67.99,886000,1.0,0.0
2006-08-30,67.8,67.9,67.49,67.6,636900,1.0,0.0
2006-08-31,67.56,67.79,67.08,67.55,1107300,1.0,0.0
2006-09-01,67.53,68.31,67.08,68.16,750800,1.0,0.0
2006-09-05,68.5,69.48,68.5,69.19,1212200,1.0,0.0
2006-09-06,69.13,69.4,68.78,69.06,676500,1.0,0.0
2006-09-07,69.2,69.25,68.85,68.98,785900,1.0,0.0
2006-09-08,69.25,69.5,68.85,69.37,965800,1.0,0.0
2006-09-11,69.01,69.79,68.71,69.74,1004200,1.0,0.0
2006-09-12,69.69,69.69,68.75,69.29,940300,1.0,0.0
2006-09-13,69.2,69.49,68.81,69.19,858700,1.0,0.0
2006-09-14,68.87,71.5,68.87,70.88,2246000,1.0,0.0
2006-09-15,71.23,72.36,71.0001,71.69,1775100,1.0,0.0
2006-09-18,71.69,71.69,70.385,70.7,1078500,1.0,0.0
2006-09-19,70.21,70.67,69.97,70.54,694000,1.0,0.0
2006-09-20,71.13,71.6,71.0,71.38,846400,1.0,0.0
2006-09-21,71.4,72.23,71.29,71.5,876100,1.0,0.0
2006-09-22,71.5,71.5,70.12,70.61,1142500,1.0,0.0
2006-09-25,71.19,71.95,70.7,71.12,1842300,1.0,0.0
2006-09-26,71.54,72.38,71.46,72.06,1236800,1.0,0.0
2006-09-27,72.05,72.67,71.45,71.45,935700,1.0,0.0
2006-09-28,71.85,72.92,71.58,72.41,1312900,1.0,0.0
2006-09-29,72.3,72.58,71.58,71.67,864300,1.0,0.0
2006-10-02,72.67,73.74,72.24,73.45,1716600,1.0,0.0
2006-10-03,73.66,74.87,73.65,73.91,1780000,1.0,0.0
2006-10-04,74.44,74.88,73.81,74.8,2221200,1.0,0.23
2006-10-05,74.79,75.03,74.03,74.96,1138500,1.0,0.0
2006-10-06,74.96,75.46,74.33,75.36,1060600,1.0,0.0
2006-10-09,75.44,75.99,74.195,74.82,1460800,1.0,0.0
2006-10-10,75.13,76.14,74.99,75.8,1645200,1.0,0.0
2006-10-11,75.8,76.1,75.2328,76.02,1690500,1.0,0.0
2006-10-12,76.95,77.98,75.78,77.69,2821900,1.0,0.0
2006-10-13,77.32,77.58,76.02,76.09,1693200,1.0,0.0
2006-10-16,76.5,77.7,76.37,77.57,1498300,1.0,0.0
2006-10-17,77.25,77.26,75.74,76.06,1826900,1.0,0.0
2006-10-18,75.0,75.75,74.32,75.03,3293000,1.0,0.0
2006-10-19,73.0,73.71,71.78,72.45,2881000,1.0,0.0
2006-10-20,72.0,72.33,71.23,72.17,2111100,1.0,0.0
2006-10-23,71.65,72.78,71.6152,72.78,1721100,1.0,0.0
2006-10-24,72.75,73.12,72.39,73.12,2131700,1.0,0.0
2006-10-25,73.43,73.48,72.1,72.74,2507000,1.0,0.0
2006-10-26,72.68,72.7,70.86,72.29,2443200,1.0,0.0
2006-10-27,72.09,72.1,70.88,70.91,1622500,1.0,0.0
2006-10-30,70.53,71.83,70.53,71.46,1011100,1.0,0.0
2006-10-31,71.46,71.64,70.83,71.1,962000,1.0,0.0
2006-11-01,71.05,72.04,71.05,71.55,1250400,1.0,0.0
2006-11-02,71.07,71.3,70.64,70.93,943400,1.0,0.0
2006-11-03,70.88,71.14,70.1715,70.53,1014000,1.0,0.0
2006-11-06,70.53,71.59,70.53,71.44,688400,1.0,0.0
2006-11-07,71.1,72.29,70.89,72.0,1263600,1.0,0.0
2006-11-08,71.99,72.0,70.09,70.49,1917700,1.0,0.0
2006-11-09,70.5,70.97,69.29,70.28,2087800,1.0,0.0
2006-11-10,70.05,70.35,69.93,70.35,1237400,1.0,0.0
2006-11-13,70.3,71.48,70.19,71.3,1227400,1.0,0.0
2006-11-14,71.17,72.0,70.59,71.91,1154400,1.0,0.0
2006-11-15,72.24,74.14,72.138,73.85,2408400,1.0,0.0
2006-11-16,74.2,75.14,73.89,74.94,2374400,1.0,0.0
2006-11-17,74.95,75.14,73.75,73.91,1825700,1.0,0.0
2006-11-20,73.5,73.54,72.79,72.98,1701000,1.0,0.0
2006-11-21,73.13,74.22,73.07,73.78,2387900,1.0,0.0
2006-11-22,73.9,74.14,73.48,73.78,1299700,1.0,0.0
2006-11-24,73.78,73.97,73.5015,73.65,548600,1.0,0.0
2006-11-27,73.6,73.74,72.31,72.56,1667800,1.0,0.0
2006-11-28,72.2,73.67,72.12,73.54,1768600,1.0,0.0
2006-11-29,73.51,75.0,73.14,74.99,1986500,1.0,0.0
2006-11-30,74.99,75.0,74.2,74.84,2163200,1.0,0.0
2006-12-01,74.84,75.09,74.21,74.81,1024200,1.0,0.0
2006-12-04,75.03,75.59,74.93,75.3,1077000,1.0,0.0
2006-12-05,75.29,75.92,75.21,75.76,1022100,1.0,0.0
2006-12-06,75.97,75.97,75.3,75.4,1405800,1.0,0.0
2006-12-07,75.66,75.86,74.68,74.73,1178700,1.0,0.0
2006-12-08,74.4,74.734,74.03,74.14,1281600,1.0,0.0
2006-12-11,74.15,74.93,74.02,74.62,745500,1.0,0.0
2006-12-12,74.62,74.84,73.31,73.79,1437500,1.0,0.0
2006-12-13,74.37,74.37,72.73,72.89,1846900,1.0,0.0
2006-12-14,73.5,73.92,73.11,73.35,1726300,1.0,0.0
2006-12-15,73.34,73.41,72.36,72.52,2570800,1.0,0.0
2006-12-18,73.0,73.75,72.53,72.8,1325200,1.0,0.0
2006-12-19,72.8,74.52,72.79,74.3,1660700,1.0,0.0
2006-12-20,74.49,74.97,74.3,74.44,1371400,1.0,0.0
2006-12-21,74.45,74.99,74.27,74.63,1387300,1.0,0.0
2006-12-22,74.45,74.52,73.6,73.98,786000,1.0,0.0
2006-12-26,73.98,74.45,73.8,74.27,824000,1.0,0.0
2006-12-27,74.75,75.02,74.4,74.88,721300,1.0,0.0
2006-12-28,74.75,75.15,74.35,74.86,834000,1.0,0.0
2006-12-29,74.76,75.24,74.25,74.35,550000,1.0,0.0
2007-01-03,75.05,75.5665,73.87,73.95,1785300,1.0,0.0
2007-01-04,74.13,74.61,73.59,74.42,1357700,1.0,0.0
2007-01-05,74.4,74.76,74.03,74.59,1497300,1.0,0.0
2007-01-08,76.1,78.03,75.85,78.0,2984300,1.0,0.0
2007-01-09,78.0,78.8,77.75,78.31,2729600,1.0,0.0
2007-01-10,78.15,79.5,77.88,79.29,1589900,1.0,0.0
2007-01-11,79.3,80.71,79.29,80.51,2029900,1.0,0.0
2007-01-12,80.2,80.59,79.5,80.09,1721100,1.0,0.0
2007-01-16,80.09,80.95,79.6,79.66,2737200,1.0,0.0
2007-01-17,79.69,80.1,79.62,80.07,1336700,1.0,0.23
2007-01-18,80.9,80.9,78.75,78.86,1756700,1.0,0.0
2007-01-19,79.15,80.23,78.85,79.53,1601200,1.0,0.0
2007-01-22,79.4,79.56,78.4,78.76,1792600,1.0,0.0
2007-01-23,78.77,81.28,78.77,80.89,2425900,1.0,0.0
2007-01-24,78.76,79.99,75.67,79.85,5444600,1.0,0.0
2007-01-25,79.5,79.95,77.7,77.75,1980200,1.0,0.0
2007-01-26,77.52,78.09,76.81,78.05,1927700,1.0,0.0
2007-01-29,78.05,78.05,76.99,77.17,1150800,1.0,0.0
2007-01-30,77.17,77.5,76.77,77.03,1141100,1.0,0.0
2007-01-31,76.7,78.5,76.64,78.15,1219400,1.0,0.0
2007-02-01,78.01,79.21,77.77,79.09,1622500,1.0,0.0
2007-02-02,79.53,79.74,78.49,78.67,1224900,1.0,0.0
2007-02-05,78.9,79.51,78.37,79.07,1231100,1.0,0.0
2007-02-06,79.45,79.76,78.98,79.57,991100,1.0,0.0
2007-02-07,79.4,79.53,79.05,79.44,626300,1.0,0.0
2007-02-08,79.49,79.49,78.76,79.24,781800,1.0,0.0
2007-02-09,79.15,79.8,79.08,79.56,1086000,1.0,0.0
2007-02-12,78.9,79.21,78.5,78.78,1456500,1.0,0.0
2007-02-13,79.0,80.48,78.76,79.81,2291700,1.0,0.0
2007-02-14,79.9,80.11,79.51,79.63,1100000,1.0,0.0
2007-02-15,79.7,79.98,79.06,79.49,1192100,1.0,0.0
2007-02-16,79.1,79.48,78.76,79.25,1901500,1.0,0.0
2007-02-20,79.27,80.39,78.7,79.29,5415600,1.0,0.0
2007-02-21,78.8,79.45,78.5,78.72,1695800,1.0,0.0
2007-02-22,78.9,79.2,78.45,79.18,1263000,1.0,0.0
2007-02-23,78.75,79.1,78.01,79.05,1194900,1.0,0.0
2007-02-26,79.13,79.68,77.76,78.09,903000,1.0,0.0
2007-02-27,77.75,77.75,74.25,75.33,2381100,1.0,0.0
2007-02-28,74.94,76.91,74.81,76.38,2551700,1.0,0.0
2007-03-01,75.05,76.83,74.43,76.41,1866500,1.0,0.0
2007-03-02,75.6,76.44,75.29,75.46,1605500,1.0,0.0
2007-03-05,74.68,75.94,74.38,75.13,1345400,1.0,0.0
2007-03-06,75.65,76.72,75.23,76.49,1807500,1.0,0.0
2007-03-07,75.88,76.58,75.88,76.03,1737400,1.0,0.0
2007-03-08,76.7,77.53,76.06,77.09,1224400,1.0,0.0
2007-03-09,77.7,77.71,76.93,77.32,877800,1.0,0.0
2007-03-12,77.0,78.92,76.89,78.78,1163000,1.0,0.0
2007-03-13,78.07,78.39,76.6624,76.77,1369600,1.0,0.0
2007-03-14,76.95,77.72,75.85,77.58,1309100,1.0,0.0
2007-03-15,77.36,77.56,76.74,77.48,864300,1.0,0.0
2007-03-16,77.67,78.33,77.37,77.55,1723800,1.0,0.0
2007-03-19,77.84,78.51,77.79,78.32,1180700,1.0,0.0
2007-03-20,78.14,78.5,77.76,78.42,967100,1.0,0.0
2007-03-21,78.26,78.6,77.37,78.54,1456200,1.0,0.0
2007-03-22,78.24,78.56,77.12,77.42,2397800,1.0,0.0
2007-03-23,77.57,78.13,77.32,77.63,1528300,1.0,0.0
2007-03-26,77.38,77.76,76.55,77.59,1198300,1.0,0.0
2007-03-27,77.07,77.86,76.77,77.55,1200600,1.0,0.0
2007-03-28,77.41,77.45,76.36,76.83,1075000,1.0,0.0
2007-03-29,77.63,77.76,76.3,76.65,1095500,1.0,0.0
2007-03-30,76.83,77.32,75.78,76.4,1544600,1.0,0.0
2007-04-02,76.47,76.7,76.01,76.27,1750100,1.0,0.0
2007-04-03,76.74,77.62,76.66,77.38,1007200,1.0,0.0
2007-04-04,77.56,78.71,77.26,78.26,1577300,1.0,0.0
2007-04-05,77.92,78.72,77.89,78.11,896400,1.0,0.0
2007-04-09,78.29,79.0,78.21,78.52,793600,1.0,0.0
2007-04-10,78.39,78.74,78.25,78.39,1065900,1.0,0.0
2007-04-11,78.08,78.27,76.51,76.72,1265400,1.0,0.29
2007-04-12,76.7,77.57,76.36,77.34,1298100,1.0,0.0
2007-04-13,78.09,78.09,76.3,76.72,868800,1.0,0.0
2007-04-16,77.1,77.62,76.85,77.18,1167100,1.0,0.0
2007-04-17,77.22,77.22,76.47,76.84,797600,1.0,0.0
2007-04-18,76.76,77.34,76.42,77.05,751100,1.0,0.0
2007-04-19,77.79,78.17,76.74,77.96,1616000,1.0,0.0
2007-04-20,79.019,80.24,78.55,79.55,2686000,1.0,0.0
2007-04-23,79.41,80.05,79.04,79.11,1046200,1.0,0.0
2007-04-24,79.0,80.24,79.0,80.07,1425700,1.0,0.0
2007-04-25,80.5,81.0,78.6,79.39,1536700,1.0,0.0
2007-04-26,79.39,80.29,78.52,79.1,1783800,1.0,0.0
2007-04-27,79.11,80.55,78.96,80.27,1297800,1.0,0.0
2007-04-30,80.0,80.28,78.46,78.5,1501700,1.0,0.0
2007-05-01,78.6,78.9,77.91,78.49,952700,1.0,0.0
2007-05-02,78.73,80.16,78.54,79.82,1182200,1.0,0.0
2007-05-03,80.17,80.92,79.89,80.47,1223900,1.0,0.0
2007-05-04,80.46,80.65,79.25,79.69,977300,1.0,0.0
2007-05-07,80.0,81.55,79.82,81.41,1465600,1.0,0.0
2007-05-08,80.0,81.11,79.53,80.32,1141200,1.0,0.0
2007-05-09,79.7,81.04,79.7,80.63,945500,1.0,0.0
2007-05-10,80.18,80.37,79.39,79.51,1134600,1.0,0.0
2007-05-11,79.91,80.25,79.72,80.15,575900,1.0,0.0
2007-05-14,80.5,80.83,80.01,80.36,658100,1.0,0.0
2007-05-15,80.75,81.69,80.58,80.95,1089800,1.0,0.0
2007-05-16,80.99,81.45,80.62,81.36,849600,1.0,0.0
2007-05-17,81.24,81.54,80.84,81.01,781500,1.0,0.0
2007-05-18,81.26,81.45,80.4924,81.26,1306900,1.0,0.0
2007-05-21,81.27,82.41,80.85,81.96,1781900,1.0,0.0
2007-05-22,81.71,81.79,80.5,80.56,1167300,1.0,0.0
2007-05-23,80.57,80.57,79.58,79.81,1464100,1.0,0.0
2007-05-24,80.17,80.67,78.42,78.61,2104000,1.0,0.0
2007-05-25,79.0,79.95,78.7,78.86,1303600,1.0,0.0
2007-05-29,79.48,80.33,79.12,80.19,2575400,1.0,0.0
2007-05-30,79.312,79.83,78.72,79.45,2976800,1.0,0.0
2007-05-31,79.65,80.69,79.65,80.24,3021200,1.0,0.0
2007-06-01,80.2343,80.93,79.59,79.88,1515300,1.0,0.0
2007-06-04,79.88,79.88,79.22,79.5,1603600,1.0,0.0
2007-06-05,79.97,79.97,78.77,78.95,1547700,1.0,0.0
2007-06-06,78.68,79.28,78.41,78.93,1399100,1.0,0.0
2007-06-07,79.75,81.07,79.62,79.62,3417600,1.0,0.0
2007-06-08,79.628,80.62,79.25,80.58,1846200,1.0,0.0
2007-06-11,80.26,80.57,79.53,80.31,1297500,1.0,0.0
2007-06-12,79.86,80.11,79.24,79.24,1824800,1.0,0.0
2007-06-13,79.43,80.3,79.08,80.19,2557600,1.0,0.0
2007-06-14,80.13,80.83,79.8,80.04,1549800,1.0,0.0
2007-06-15,80.894,81.35,80.2,80.25,2894900,1.0,0.0
2007-06-18,80.39,80.68,79.45,79.56,1223400,1.0,0.0
2007-06-19,79.55,80.64,79.55,80.36,1923600,1.0,0.0
2007-06-20,81.0,81.29,79.48,79.48,1437200,1.0,0.0
2007-06-21,79.26,79.28,78.07,78.9,2045600,1.0,0.0
2007-06-22,78.91,78.91,77.55,78.02,2382500,1.0,0.0
2007-06-25,78.82,79.21,77.97,78.57,1875200,1.0,0.0
2007-06-26,78.51,78.57,77.58,77.99,1213600,1.0,0.0
2007-06-27,77.45,78.55,77.32,78.43,1622400,1.0,0.0
2007-06-28,78.44,79.56,77.97,79.0,1490100,1.0,0.0
2007-06-29,79.2,79.55,77.59,78.22,2182400,1.0,0.0
2007-07-02,78.64,78.71,77.35,78.19,3471800,1.0,0.0
2007-07-03,78.65,78.97,78.07,78.48,1079500,1.0,0.29
2007-07-05,78.26,79.01,78.26,78.96,1422100,1.0,0.0
2007-07-06,79.35,79.98,78.93,79.75,1436900,1.0,0.0
2007-07-09,79.75,79.83,79.2,79.54,1354300,1.0,0.0
2007-07-10,78.62,79.19,77.84,77.86,1549200,1.0,0.0
2007-07-11,78.47,79.08,78.23,78.91,2616000,1.0,0.0
2007-07-12,78.86,79.83,78.53,79.83,1508500,1.0,0.0
2007-07-13,79.47,80.32,79.45,79.98,1110300,1.0,0.0
2007-07-16,79.36,79.96,78.73,79.75,1381900,1.0,0.0
2007-07-17,79.6,80.92,79.43,80.73,2052200,1.0,0.0
2007-07-18,80.04,80.59,79.08,79.69,2950200,1.0,0.0
2007-07-19,80.5,81.38,80.25,80.75,2497000,1.0,0.0
2007-07-20,78.98,81.36,78.86,80.65,2685700,1.0,0.0
2007-07-23,81.23,81.83,80.9,81.2,1312900,1.0,0.0
2007-07-24,81.98,81.98,80.3,80.3,2229000,1.0,0.0
2007-07-25,82.49,84.09,81.26,83.09,3977200,1.0,0.0
2007-07-26,82.12,82.95,79.66,80.64,3225800,1.0,0.0
2007-07-27,80.91,81.44,79.33,79.33,2183700,1.0,0.0
2007-07-30,79.01,80.17,78.59,79.51,2340500,1.0,0.0
2007-07-31,79.83,80.01,78.01,78.56,4004000,1.0,0.0
2007-08-01,78.01,79.21,77.8962,78.46,2841700,1.0,0.0
2007-08-02,78.36,80.52,78.26,80.32,2574600,1.0,0.0
2007-08-03,80.58,81.0,79.3,79.48,2283800,1.0,0.0
2007-08-06,80.11,80.4,79.51,79.91,2980000,1.0,0.0
2007-08-07,79.24,79.75,77.0,78.24,3486600,1.0,0.0
2007-08-08,77.9,78.39,77.04,78.33,3787500,1.0,0.0
2007-08-09,77.2,77.52,72.95,74.24,5635100,1.0,0.0
2007-08-10,73.0,79.63,70.61,77.31,5590100,1.0,0.0
2007-08-13,79.39,79.54,77.43,77.83,2657400,1.0,0.0
2007-08-14,77.69,77.69,75.5,75.56,2073300,1.0,0.0
2007-08-15,75.9,76.63,75.18,75.28,2374500,1.0,0.0
2007-08-16,74.54,76.01,73.18,75.73,3155200,1.0,0.0
2007-08-17,77.97,78.85,76.0,77.48,2801200,1.0,0.0
2007-08-20,77.7,77.7,76.28,77.5,1290400,1.0,0.0
2007-08-21,76.94,78.37,76.54,77.7,1298100,1.0,0.0
2007-08-22,77.96,78.5,77.46,78.17,1633600,1.0,0.0
2007-08-23,78.35,78.35,77.13,77.67,915700,1.0,0.0
2007-08-24,77.8,79.26,77.77,79.2,1065300,1.0,0.0
2007-08-27,79.31,79.98,78.84,79.47,913500,1.0,0.0
2007-08-28,79.15,79.15,76.18,76.35,1905400,1.0,0.0
2007-08-29,76.31,78.25,76.31,78.25,1375500,1.0,0.0
2007-08-30,77.36,78.79,77.11,78.09,1016900,1.0,0.0
2007-08-31,78.99,79.75,78.36,78.56,1286300,1.0,0.0
2007-09-04,78.53,79.4,77.7,79.31,1080200,1.0,0.0
2007-09-05,76.62,78.9,76.62,77.87,1087800,1.0,0.0
2007-09-06,77.63,78.87,77.4,78.85,882100,1.0,0.0
2007-09-07,77.75,79.07,77.64,78.14,1665600,1.0,0.0
2007-09-10,79.05,79.29,77.362,78.7,1152600,1.0,0.0
2007-09-11,79.07,79.89,78.44,79.53,1468000,1.0,0.0
2007-09-12,79.35,80.56,79.35,80.08,1494900,1.0,0.0
2007-09-13,80.77,81.49,80.27,80.86,1340800,1.0,0.0
2007-09-14,80.17,81.5,80.17,81.12,2154900,1.0,0.0
2007-09-17,80.83,80.95,80.03,80.48,1025900,1.0,0.0
2007-09-18,80.72,81.99,80.26,81.89,1401800,1.0,0.0
2007-09-19,82.03,83.43,82.01,83.0,1438500,1.0,0.0
2007-09-20,83.21,83.59,82.54,83.22,1161100,1.0,0.0
2007-09-21,84.18,84.9,82.96,82.96,2865900,1.0,0.0
2007-09-24,82.67,83.47,81.6,81.74,1536200,1.0,0.0
2007-09-25,81.65,84.33,81.65,84.3,1854500,1.0,0.0
2007-09-26,84.11,85.22,83.85,84.37,1617500,1.0,0.0
2007-09-27,85.04,85.09,83.75,84.79,1050200,1.0,0.0
2007-09-28,84.98,85.7,83.83,84.47,1566600,1.0,0.0
2007-10-01,84.4,86.11,84.17,84.51,1940600,1.0,0.0
2007-10-02,85.41,86.09,83.14,83.35,2438000,1.0,0.0
2007-10-03,82.8,83.41,82.41,83.27,1276000,1.0,0.29
2007-10-04,83.76,84.23,83.44,83.8,763800,1.0,0.0
2007-10-05,84.46,84.75,83.81,84.06,1010500,1.0,0.0
2007-10-08,84.28,86.66,84.28,85.9,1405500,1.0,0.0
2007-10-09,86.26,87.55,86.08,87.17,1387700,1.0,0.0
2007-10-10,87.24,87.46,85.36,85.98,1440100,1.0,0.0
2007-10-11,86.5,87.99,86.16,87.01,1657400,1.0,0.0
2007-10-12,87.42,89.19,86.764,89.01,1603900,1.0,0.0
2007-10-15,89.39,90.95,88.5,88.95,2100700,1.0,0.0
2007-10-16,88.91,89.07,87.63,88.18,1260300,1.0,0.0
2007-10-17,89.06,89.06,86.56,87.31,1487700,1.0,0.0
2007-10-18,87.2,88.12,87.05,87.74,889700,1.0,0.0
2007-10-19,87.29,87.43,85.47,85.47,1718300,1.0,0.0
2007-10-22,84.69,85.96,84.29,85.94,1121100,1.0,0.0
2007-10-23,86.77,87.65,85.78,87.1,1140600,1.0,0.0
2007-10-24,88.0,90.0,87.31,90.0,3466200,1.0,0.0
2007-10-25,90.39,90.97,89.71,90.38,2783300,1.0,0.0
2007-10-26,91.76,91.88,90.74,91.23,1542200,1.0,0.0
2007-10-29,90.74,91.0,89.91,90.45,1768300,1.0,0.0
2007-10-30,89.72,90.93,89.53,89.98,1580400,1.0,0.0
2007-10-31,90.74,90.96,89.65,90.96,1422500,1.0,0.0
2007-11-01,89.87,91.0,89.6,89.92,2227900,1.0,0.0
2007-11-02,90.2,90.6,88.72,90.13,1552700,1.0,0.0
2007-11-05,91.0,92.39,89.43,91.85,2031000,1.0,0.0
2007-11-06,91.92,93.57,91.46,93.52,2331100,1.0,0.0
2007-11-07,93.27,93.27,90.37,90.46,1992500,1.0,0.0
2007-11-08,90.9,91.63,89.31,90.94,2625800,1.0,0.0
2007-11-09,89.92,90.42,88.05,88.24,2387800,1.0,0.0
2007-11-12,88.09,89.15,86.38,86.76,2010400,1.0,0.0
2007-11-13,87.31,88.57,86.79,88.34,2857600,1.0,0.0
2007-11-14,88.79,89.69,88.29,88.48,2051000,1.0,0.0
2007-11-15,88.3,89.11,87.81,88.01,1716100,1.0,0.0
2007-11-16,88.78,89.75,88.13,89.75,2377800,1.0,0.0
2007-11-19,89.11,89.81,87.32,88.45,1961600,1.0,0.0
2007-11-20,88.77,90.3,87.306,88.46,1871900,1.0,0.0
2007-11-21,87.56,88.32,86.79,86.79,1215900,1.0,0.0
2007-11-23,87.19,88.5,87.19,88.5,669700,1.0,0.0
2007-11-26,88.5,89.91,87.12,87.3,1591000,1.0,0.0
2007-11-27,87.58,88.59,87.42,88.23,2161700,1.0,0.0
2007-11-28,89.0,90.49,88.29,90.02,1904400,1.0,0.0
2007-11-29,89.9,89.9,88.48,88.78,1847900,1.0,0.0
2007-11-30,90.02,90.02,88.07,88.78,1921400,1.0,0.0
2007-12-03,89.11,89.86,88.82,89.01,1493800,1.0,0.0
2007-12-04,89.09,90.62,88.91,89.86,1715500,1.0,0.0
2007-12-05,90.69,92.64,90.24,92.43,2376700,1.0,0.0
2007-12-06,92.4,93.85,92.06,93.07,2607700,1.0,0.0
2007-12-07,93.06,94.55,92.77,93.68,1672600,1.0,0.0
2007-12-10,93.68,94.5,93.6,94.0,1433100,1.0,0.0
2007-12-11,93.96,93.96,91.06,91.29,1785300,1.0,0.0
2007-12-12,93.19,93.38,90.95,91.68,1942000,1.0,0.0
2007-12-13,91.51,93.05,91.05,92.76,1433600,1.0,0.0
2007-12-14,91.94,92.83,91.44,91.44,1244700,1.0,0.0
2007-12-17,91.24,91.69,89.42,89.6,1310700,1.0,0.0
2007-12-18,89.81,89.9,87.2,88.28,2665800,1.0,0.0
2007-12-19,89.06,89.06,87.31,88.12,1494800,1.0,0.0
2007-12-20,88.83,89.03,87.87,88.41,1249000,1.0,0.0
2007-12-21,89.25,89.56,88.58,89.24,2189100,1.0,0.0
2007-12-24,88.95,91.18,88.95,90.71,482900,1.0,0.0
2007-12-26,90.77,90.81,89.69,90.43,665100,1.0,0.0
2007-12-27,90.07,90.64,88.85,89.22,966200,1.0,0.0
2007-12-28,90.07,90.1,88.92,89.05,836900,1.0,0.0
2007-12-31,88.58,89.53,88.16,88.99,825500,1.0,0.0
2008-01-02,88.75,89.43,86.92,87.44,1031000,1.0,0.0
2008-01-03,87.79,89.05,87.63,88.5,1363300,1.0,0.0
2008-01-04,88.1,88.24,85.86,86.0,1730700,1.0,0.0
2008-01-07,86.5,86.7,85.0601,85.91,2181800,1.0,0.0
2008-01-08,86.28,87.25,85.22,85.63,2507100,1.0,0.0
2008-01-09,85.55,89.04,84.85,88.93,2667100,1.0,0.0
2008-01-10,88.49,89.88,88.25,88.83,2214600,1.0,0.0
2008-01-11,88.19,88.21,86.06,86.56,1933100,1.0,0.0
2008-01-14,87.33,87.69,86.15,86.4,2289100,1.0,0.0
2008-01-15,85.5,87.18,84.9,85.32,2071600,1.0,0.0
2008-01-16,84.66,85.46,83.62,83.97,2270800,1.0,0.29
2008-01-17,84.17,85.6,80.39,80.79,3062100,1.0,0.0
2008-01-18,81.5,83.92,80.36,80.8,2635900,1.0,0.0
2008-01-22,76.21,80.17,74.01,78.85,3367300,1.0,0.0
2008-01-23,76.99,79.05,75.0,79.05,3354800,1.0,0.0
2008-01-24,80.53,83.86,79.81,83.07,3768800,1.0,0.0
2008-01-25,83.42,84.03,80.88,81.13,3197700,1.0,0.0
2008-01-28,81.53,82.98,81.08,82.8,2374400,1.0,0.0
2008-01-29,83.15,83.8,82.84,83.32,1659100,1.0,0.0
2008-01-30,83.28,85.52,82.93,83.71,1594400,1.0,0.0
2008-01-31,83.31,85.08,82.49,84.53,2351700,1.0,0.0
2008-02-01,84.9,85.6,84.09,85.34,1510600,1.0,0.0
2008-02-04,85.36,85.36,84.46,84.88,1156900,1.0,0.0
2008-02-05,83.57,83.99,82.77,82.93,1950600,1.0,0.0
2008-02-06,83.185,84.0,82.84,82.99,1840300,1.0,0.0
2008-02-07,82.37,83.5,82.16,83.45,2260300,1.0,0.0
2008-02-08,82.88,83.87,82.23,83.37,1562800,1.0,0.0
2008-02-11,83.51,83.79,82.74,83.3,1593000,1.0,0.0
2008-02-12,83.65,84.66,82.93,84.04,2813700,1.0,0.0
2008-02-13,84.17,84.71,83.13,84.15,2316400,1.0,0.0
2008-02-14,84.32,84.72,82.89,83.33,1957700,1.0,0.0
2008-02-15,82.67,83.81,82.42,83.43,1753500,1.0,0.0
2008-02-19,84.22,84.64,83.46,83.93,1420800,1.0,0.0
2008-02-20,83.37,84.44,82.7,84.16,1490700,1.0,0.0
2008-02-21,84.15,84.46,82.65,82.8,1919600,1.0,0.0
2008-02-22,83.2,83.76,82.59,83.65,1888100,1.0,0.0
2008-02-25,83.82,84.5,82.91,83.93,2565700,1.0,0.0
2008-02-26,83.42,83.79,82.91,83.46,1962400,1.0,0.0
2008-02-27,82.8,84.75,82.8,83.37,1628500,1.0,0.0
2008-02-28,82.94,83.45,82.69,83.0,1186800,1.0,0.0
2008-02-29,82.25,82.72,81.65,81.85,1908400,1.0,0.0
2008-03-03,81.97,82.48,81.05,81.75,2492300,1.0,0.0
2008-03-04,81.55,83.0,81.05,82.61,2589300,1.0,0.0
2008-03-05,82.86,83.62,81.94,83.52,2382800,1.0,0.0
2008-03-06,83.28,84.28,82.71,83.22,2314500,1.0,0.0
2008-03-07,82.75,84.21,82.53,82.81,2121100,1.0,0.0
2008-03-10,83.05,83.15,81.76,81.78,1910200,1.0,0.0
2008-03-11,83.46,83.82,82.0,83.33,1945000,1.0,0.0
2008-03-12,83.68,85.0,83.64,84.62,1885200,1.0,0.0
2008-03-13,83.86,86.17,83.32,86.1,3220800,1.0,0.0
2008-03-14,86.56,86.9,83.48,84.39,2440500,1.0,0.0
2008-03-17,82.92,85.01,82.92,84.28,2191900,1.0,0.0
2008-03-18,85.62,85.99,84.23,85.35,2567600,1.0,0.0
2008-03-19,86.26,87.5,85.04,85.04,2106600,1.0,0.0
2008-03-20,85.71,85.9,84.59,85.66,1895600,1.0,0.0
2008-03-24,86.39,86.49,84.68,85.36,1704500,1.0,0.0
2008-03-25,85.3,86.0,84.67,85.01,1959400,1.0,0.0
2008-03-26,84.71,85.0,83.83,84.04,1594200,1.0,0.0
2008-03-27,84.06,84.08,83.11,83.12,1367600,1.0,0.0
2008-03-28,83.55,84.42,83.17,83.36,1321300,1.0,0.0
2008-03-31,82.85,83.78,82.67,83.37,2109500,1.0,0.0
2008-04-01,84.66,86.39,83.83,85.9,1910800,1.0,0.0
2008-04-02,86.15,86.5,84.53,85.44,2036700,1.0,0.0
2008-04-03,85.0,85.59,84.46,84.65,2120200,1.0,0.0
2008-04-04,85.0,86.0,84.24,85.42,1374000,1.0,0.0
2008-04-07,85.87,86.39,85.19,85.51,1513700,1.0,0.0
2008-04-08,84.96,85.17,84.225,84.8,1442600,1.0,0.0
2008-04-09,85.01,85.4475,84.35,84.97,1853900,1.0,0.35
2008-04-10,84.81,85.29,84.33,84.76,1415400,1.0,0.0
2008-04-11,83.92,84.59,83.55,83.65,1162700,1.0,0.0
2008-04-14,83.94,84.34,83.61,83.9,1316900,1.0,0.0
2008-04-15,84.27,84.41,82.47,82.9,2068600,1.0,0.0
2008-04-16,83.8,86.08,83.37,86.03,2433900,1.0,0.0
2008-04-17,85.74,86.51,85.44,86.21,1922500,1.0,0.0
2008-04-18,87.18,89.68,87.17,88.98,2415200,1.0,0.0
2008-04-21,88.91,89.07,87.49,88.01,2002900,1.0,0.0
2008-04-22,87.98,88.29,87.36,88.01,1773800,1.0,0.0
2008-04-23,89.9,90.78,86.15,87.69,3192800,1.0,0.0
2008-04-24,88.1,89.02,87.24,88.7,2173700,1.0,0.0
2008-04-25,89.3,91.18,88.48,90.92,1735000,1.0,0.0
2008-04-28,90.45,91.4,90.09,90.23,1329800,1.0,0.0
2008-04-29,90.0,90.82,89.5,90.35,1200900,1.0,0.0
2008-04-30,90.35,91.75,89.86,90.42,1458800,1.0,0.0
2008-05-01,90.47,90.89,89.92,90.51,1873400,1.0,0.0
2008-05-02,91.15,91.32,90.23,90.69,1520000,1.0,0.0
2008-05-05,90.5,90.99,89.82,90.31,1284100,1.0,0.0
2008-05-06,89.77,90.41,89.55,90.16,2164000,1.0,0.0
2008-05-07,90.03,90.6552,89.68,89.68,2097000,1.0,0.0
2008-05-08,89.84,91.69,89.8,91.46,1846400,1.0,0.0
2008-05-09,89.7,91.33,89.7,90.92,2143300,1.0,0.0
2008-05-12,91.22,92.71,90.74,92.6,2404400,1.0,0.0
2008-05-13,92.65,93.25,92.2,92.91,1890700,1.0,0.0
2008-05-14,93.25,94.26,92.91,93.24,2248200,1.0,0.0
2008-05-15,93.01,93.78,92.31,93.23,1680200,1.0,0.0
2008-05-16,93.23,93.32,91.34,92.93,2270300,1.0,0.0
2008-05-19,92.78,95.13,92.75,94.6,2074600,1.0,0.0
2008-05-20,93.9,94.6,93.35,93.72,1538300,1.0,0.0
2008-05-21,93.74,94.39,91.38,91.64,1866800,1.0,0.0
2008-05-22,92.0,92.21,91.11,91.49,1140400,1.0,0.0
2008-05-23,91.0,91.31,90.25,90.37,1119800,1.0,0.0
2008-05-27,90.58,90.9,89.85,90.55,1074500,1.0,0.0
2008-05-28,90.6,92.19,90.6,92.1,1480400,1.0,0.0
2008-05-29,91.76,92.56,90.63,91.85,1888600,1.0,0.0
2008-05-30,92.0,92.89,91.36,92.15,1683100,1.0,0.0
2008-06-02,91.75,92.46,90.74,91.33,1774600,1.0,0.0
2008-06-03,91.47,92.06,89.21,89.83,1937200,1.0,0.0
2008-06-04,89.75,90.1,88.32,88.71,1801300,1.0,0.0
2008-06-05,88.71,89.72,88.03,89.64,2238600,1.0,0.0
2008-06-06,89.07,89.33,86.51,86.65,2326600,1.0,0.0
2008-06-09,86.65,86.98,85.25,86.13,2939400,1.0,0.0
2008-06-10,85.4,86.64,85.4,85.99,2120100,1.0,0.0
2008-06-11,85.5,86.31,84.9,85.33,2201300,1.0,0.0
2008-06-12,85.97,86.86,85.43,85.71,1817500,1.0,0.0
2008-06-13,86.1,87.37,85.88,86.45,1324900,1.0,0.0
2008-06-16,86.0,86.89,85.71,86.1,1795100,1.0,0.0
2008-06-17,86.37,86.37,85.28,85.35,1570400,1.0,0.0
2008-06-18,85.55,87.25,84.72,85.48,1662900,1.0,0.0
2008-06-19,85.38,87.6,85.05,87.59,1965600,1.0,0.0
2008-06-20,85.38,87.58,84.95,85.5,2804200,1.0,0.0
2008-06-23,86.02,87.57,85.7,87.25,1953500,1.0,0.0
2008-06-24,87.35,87.75,86.04,86.81,1738500,1.0,0.0
2008-06-25,87.37,88.19,85.83,86.05,2465800,1.0,0.0
2008-06-26,85.68,86.0,82.92,82.94,3306700,1.0,0.0
2008-06-27,83.07,83.77,82.5,83.28,2827000,1.0,0.0
2008-06-30,83.29,85.04,82.61,84.2,3045800,1.0,0.0
2008-07-01,83.08,84.07,82.51,83.61,2323100,1.0,0.35
2008-07-02,84.07,84.4,81.82,81.86,1575500,1.0,0.0
2008-07-03,82.97,83.71,82.1,83.22,1248100,1.0,0.0
2008-07-07,83.41,83.94,81.52,81.79,2758200,1.0,0.0
2008-07-08,81.32,83.64,81.13,83.64,2559100,1.0,0.0
2008-07-09,83.67,84.14,81.86,81.87,2318600,1.0,0.0
2008-07-10,81.63,82.88,80.53,81.69,3265700,1.0,0.0
2008-07-11,80.86,81.86,80.4,81.05,1988400,1.0,0.0
2008-07-14,81.5,82.41,81.0,81.69,1806200,1.0,0.0
2008-07-15,81.44,81.94,80.49,81.54,2788800,1.0,0.0
2008-07-16,81.29,82.51,80.25,82.17,1648800,1.0,0.0
2008-07-17,82.44,82.44,80.44,81.21,2833200,1.0,0.0
2008-07-18,81.28,82.24,81.0,82.07,1994100,1.0,0.0
2008-07-21,82.24,82.24,80.58,82.02,1530500,1.0,0.0
2008-07-22,81.99,83.61,81.71,83.45,1995200,1.0,0.0
2008-07-23,85.07,89.41,83.68,89.27,5949600,1.0,0.0
2008-07-24,88.9,90.16,86.4,87.06,3441000,1.0,0.0
2008-07-25,87.86,89.35,87.41,89.19,2151400,1.0,0.0
2008-07-28,88.57,89.69,87.81,87.91,2277500,1.0,0.0
2008-07-29,87.9,90.51,87.6,89.94,2617700,1.0,0.0
2008-07-30,90.22,90.3,88.71,90.0,2459400,1.0,0.0
2008-07-31,89.49,91.73,88.92,89.14,2445000,1.0,0.0
2008-08-01,89.0,90.09,87.97,89.58,2103800,1.0,0.0
2008-08-04,89.31,90.06,88.52,89.07,1339800,1.0,0.0
2008-08-05,89.94,90.83,89.05,90.79,1965200,1.0,0.0
2008-08-06,90.64,91.35,90.0,90.98,1562700,1.0,0.0
2008-08-07,90.5,90.85,89.68,90.27,1712100,1.0,0.0
2008-08-08,90.0,93.23,89.97,92.81,2489400,1.0,0.0
2008-08-11,92.46,94.31,92.15,93.92,2239300,1.0,0.0
2008-08-12,94.08,94.4,93.16,94.25,2665800,1.0,0.0
2008-08-13,93.19,94.04,91.88,93.46,2641600,1.0,0.0
2008-08-14,91.19,93.23,89.61,92.46,3920700,1.0,0.0
2008-08-15,91.01,94.19,91.01,93.41,2659200,1.0,0.0
2008-08-18,93.82,93.82,91.63,92.24,1852400,1.0,0.0
2008-08-19,91.76,93.2,90.97,91.99,2958700,1.0,0.0
2008-08-20,92.36,92.69,90.47,91.26,2244000,1.0,0.0
2008-08-21,90.62,91.95,90.09,91.77,2642000,1.0,0.0
2008-08-22,92.08,92.2,90.71,92.0,2157900,1.0,0.0
2008-08-25,91.69,92.29,90.34,91.12,2241600,1.0,0.0
2008-08-26,90.92,92.32,90.19,92.21,1572600,1.0,0.0
2008-08-27,92.19,92.74,90.82,92.31,1383500,1.0,0.0
2008-08-28,92.55,94.41,92.26,94.01,2107300,1.0,0.0
2008-08-29,93.86,94.06,92.24,92.3,1696600,1.0,0.0
2008-09-02,93.03,93.95,92.3,92.56,2072500,1.0,0.0
2008-09-03,92.26,93.06,90.44,91.17,2441700,1.0,0.0
2008-09-04,90.28,90.55,83.98,85.29,7363700,1.0,0.0
2008-09-05,85.7,86.54,84.87,85.64,2891000,1.0,0.0
2008-09-08,87.48,88.06,85.27,86.21,3860000,1.0,0.0
2008-09-09,86.2,86.99,84.51,84.55,3643100,1.0,0.0
2008-09-10,85.0,85.56,82.84,83.02,4442500,1.0,0.0
2008-09-11,82.7,84.84,82.58,84.77,4227800,1.0,0.0
2008-09-12,84.0,85.55,83.56,84.93,2286000,1.0,0.0
2008-09-15,83.27,85.01,83.01,83.91,3728000,1.0,0.0
2008-09-16,82.69,85.69,82.48,85.09,3858000,1.0,0.0
2008-09-17,84.5,84.55,82.0,82.28,3333200,1.0,0.0
2008-09-18,82.95,84.45,79.35,83.84,4890400,1.0,0.0
2008-09-19,84.13,86.38,81.39,82.39,4054500,1.0,0.0
2008-09-22,82.87,82.87,80.72,81.26,2560900,1.0,0.0
2008-09-23,81.34,81.63,79.66,79.91,1969500,1.0,0.0
2008-09-24,79.28,79.8,76.75,77.73,4669000,1.0,0.0
2008-09-25,78.0,79.32,76.57,76.74,4666100,1.0,0.0
2008-09-26,74.92,75.75,73.12,74.92,6140000,1.0,0.0
2008-09-29,74.0,74.85,70.0,71.4,5568500,1.0,0.0
2008-09-30,72.01,73.87,71.24,73.62,3799700,1.0,0.0
2008-10-01,73.07,73.62,71.66,72.0,4427300,1.0,0.0
2008-10-02,71.64,72.37,69.59,70.26,5522600,1.0,0.0
2008-10-03,70.94,71.77,67.9,68.2,4832100,1.0,0.0
2008-10-06,66.97,67.38,63.89,65.92,4804500,1.0,0.0
2008-10-07,66.97,67.94,65.05,65.05,4342000,1.0,0.0
2008-10-08,63.74,67.71,63.65,65.56,5485700,1.0,0.35
2008-10-09,66.03,66.39,60.92,60.92,4136700,1.0,0.0
2008-10-10,58.44,60.55,55.14,57.39,7376900,1.0,0.0
2008-10-13,59.23,61.41,57.1,61.1,3560300,1.0,0.0
2008-10-14,63.42,64.77,60.46,61.49,4358100,1.0,0.0
2008-10-15,61.16,61.38,56.0,56.36,3178700,1.0,0.0
2008-10-16,56.36,60.23,54.4,59.84,4299000,1.0,0.0
2008-10-17,58.6,61.2,55.53,57.12,4081700,1.0,0.0
2008-10-20,57.73,60.3,57.13,60.3,2434900,1.0,0.0
2008-10-21,59.74,60.11,55.12,55.48,4293400,1.0,0.0
2008-10-22,56.21,57.86,54.45,56.49,5401600,1.0,0.0
2008-10-23,56.38,58.33,53.32,56.96,3508000,1.0,0.0
2008-10-24,53.41,56.52,51.9,54.7,3344800,1.0,0.0
2008-10-27,53.88,55.3,52.15,52.27,3443400,1.0,0.0
2008-10-28,53.27,58.51,52.11,58.4,2799200,1.0,0.0
2008-10-29,58.25,60.78,57.42,58.24,3859200,1.0,0.0
2008-10-30,59.95,61.31,58.34,60.71,2901000,1.0,0.0
2008-10-31,60.71,61.62,59.37,60.32,2807300,1.0,0.0
2008-11-03,60.08,61.27,59.44,61.02,2367800,1.0,0.0
2008-11-04,62.42,63.86,61.83,63.77,2575300,1.0,0.0
2008-11-05,62.79,63.67,61.74,62.11,3462700,1.0,0.0
2008-11-06,62.35,62.61,60.01,60.43,4969600,1.0,0.0
2008-11-07,60.73,62.2864,60.14,61.43,3006800,1.0,0.0
2008-11-10,62.42,63.41,60.2,60.93,2092300,1.0,0.0
2008-11-11,60.23,60.67,58.36,59.29,2500200,1.0,0.0
2008-11-12,58.33,58.85,57.02,57.55,4072300,1.0,0.0
2008-11-13,57.77,59.21,52.33,56.2,7874400,1.0,0.0
2008-11-14,55.3,58.75,55.05,55.51,3496800,1.0,0.0
2008-11-17,55.54,55.8,53.04,53.51,3583700,1.0,0.0
2008-11-18,53.67,54.0,51.54,53.24,4443000,1.0,0.0
2008-11-19,53.24,54.6099,49.13,49.25,4604800,1.0,0.0
2008-11-20,48.67,51.9,48.04,48.8,5713900,1.0,0.0
2008-11-21,49.86,52.29,48.36,51.95,4750100,1.0,0.0
2008-11-24,52.7,52.99,50.0,50.21,4720200,1.0,0.0
2008-11-25,50.94,52.14,48.6,49.61,4567500,1.0,0.0
2008-11-26,49.03,50.3,47.81,50.18,3338000,1.0,0.0
2008-11-28,49.62,51.67,49.59,51.67,1057300,1.0,0.0
2008-12-01,50.52,50.745,48.43,48.54,3237900,1.0,0.0
2008-12-02,48.92,50.89,48.52,50.11,3036200,1.0,0.0
2008-12-03,49.35,51.79,49.04,51.65,3466700,1.0,0.0
2008-12-04,51.22,52.74,49.23,49.95,3253600,1.0,0.0
2008-12-05,49.16,51.65,48.16,51.5,3008400,1.0,0.0
2008-12-08,51.71,54.99,51.71,54.23,3716200,1.0,0.0
2008-12-09,54.47,55.11,53.2,54.25,2707800,1.0,0.0
2008-12-10,55.15,55.52,53.73,54.29,2772800,1.0,0.0
2008-12-11,53.89,55.05,53.22,53.81,2478400,1.0,0.0
2008-12-12,53.07,53.58,52.19,53.28,2875600,1.0,0.0
2008-12-15,53.78,53.78,52.34,53.11,2718000,1.0,0.0
2008-12-16,53.39,56.4,53.06,56.34,2450700,1.0,0.0
2008-12-17,56.68,56.68,54.65,55.49,1991900,1.0,0.0
2008-12-18,56.42,57.69,55.54,55.87,3111300,1.0,0.0
2008-12-19,57.24,57.88,55.47,55.86,3693400,1.0,0.0
2008-12-22,56.0,56.31,54.26,55.48,2353200,1.0,0.0
2008-12-23,55.29,56.69,54.53,54.73,1761900,1.0,0.0
2008-12-24,54.69,55.47,54.69,55.26,512000,1.0,0.0
2008-12-26,55.51,56.03,55.28,55.91,707100,1.0,0.0
2008-12-29,55.94,56.07,53.96,54.53,1830200,1.0,0.0
2008-12-30,54.91,56.52,54.8,56.41,1364300,1.0,0.0
2008-12-31,56.63,58.21,56.41,57.59,1626700,1.0,0.0
2009-01-02,57.76,59.87,57.19,59.76,1649100,1.0,0.0
2009-01-05,59.38,60.18,58.89,59.74,1467200,1.0,0.0
2009-01-06,61.46,61.46,59.74,61.23,2256400,1.0,0.0
2009-01-07,60.67,60.67,58.36,58.83,1751200,1.0,0.0
2009-01-08,58.47,59.27,57.65,59.21,1929400,1.0,0.0
2009-01-09,57.72,58.95,57.33,57.92,1761400,1.0,0.0
2009-01-12,57.92,58.41,57.28,57.68,1806900,1.0,0.0
2009-01-13,57.61,57.61,54.75,55.1,4161200,1.0,0.0
2009-01-14,54.48,55.31,53.89,54.47,4076200,1.0,0.35
2009-01-15,54.61,55.18,51.49,53.06,3953200,1.0,0.0
2009-01-16,53.65,54.99,53.21,54.59,2954400,1.0,0.0
2009-01-20,54.25,54.73,52.06,52.2,4021700,1.0,0.0
2009-01-21,52.64,54.21,51.92,54.01,2481900,1.0,0.0
2009-01-22,53.55,54.37,52.68,53.88,2827300,1.0,0.0
2009-01-23,52.93,53.985,51.9458,53.32,2162700,1.0,0.0
2009-01-26,52.97,54.84,52.79,54.6,3338600,1.0,0.0
2009-01-27,54.99,56.53,54.8,55.72,2636400,1.0,0.0
2009-01-28,59.32,61.38,58.56,60.01,5319200,1.0,0.0
2009-01-29,58.84,59.14,57.11,58.24,5189100,1.0,0.0
2009-01-30,58.5,58.88,56.18,56.73,2683800,1.0,0.0
2009-02-02,55.99,56.0,54.53,55.29,2578100,1.0,0.0
2009-02-03,55.79,55.97,54.13,55.3,3514100,1.0,0.0
2009-02-04,55.35,56.39,54.8,55.05,2466600,1.0,0.0
2009-02-05,54.56,56.82,54.56,56.23,2357900,1.0,0.0
2009-02-06,56.01,57.44,55.96,57.21,3254000,1.0,0.0
2009-02-09,56.96,57.54,56.35,56.75,2447200,1.0,0.0
2009-02-10,56.11,56.75,54.08,54.44,2631700,1.0,0.0
2009-02-11,54.83,55.1,53.36,53.89,2834900,1.0,0.0
2009-02-12,53.05,53.9,52.01,53.83,3510000,1.0,0.0
2009-02-13,53.8,55.37,53.64,54.49,2037100,1.0,0.0
2009-02-17,53.66,53.66,51.86,52.88,3103700,1.0,0.0
2009-02-18,53.11,53.11,51.9,51.96,2690900,1.0,0.0
2009-02-19,52.29,52.93,51.73,51.87,3040100,1.0,0.0
2009-02-20,51.22,51.64,49.92,50.82,4080700,1.0,0.0
2009-02-23,51.21,51.21,48.81,48.94,2218900,1.0,0.0
2009-02-24,49.24,49.47,47.85,49.02,3933900,1.0,0.0
2009-02-25,48.87,48.87,46.31,46.54,5078500,1.0,0.0
2009-02-26,47.09,47.2,45.39,45.68,2867600,1.0,0.0
2009-02-27,44.96,45.13,43.76,43.82,3566000,1.0,0.0
2009-03-02,42.94,42.94,40.9431,41.05,5063400,1.0,0.0
2009-03-03,41.47,41.78,39.76,39.83,4875200,1.0,0.0
2009-03-04,40.31,40.61,39.56,40.22,7107100,1.0,0.0
2009-03-05,37.5,39.41,36.98,37.38,10657700,1.0,0.0
2009-03-06,36.99,38.0,35.28,36.49,7498500,1.0,0.0
2009-03-09,36.06,36.65,35.81,36.31,5291800,1.0,0.0
2009-03-10,36.85,37.73,36.13,37.6,4291700,1.0,0.0
2009-03-11,37.77,38.07,35.85,36.41,4446000,1.0,0.0
2009-03-12,36.51,37.81,35.91,37.57,4211400,1.0,0.0
2009-03-13,37.81,38.17,37.28,37.6,3967800,1.0,0.0
2009-03-16,37.95,40.26,37.66,39.05,4302700,1.0,0.0
2009-03-17,39.21,39.57,38.26,39.55,3406500,1.0,0.0
2009-03-18,39.4,40.09,37.96,39.22,4463000,1.0,0.0
2009-03-19,39.37,39.73,37.28,37.86,5653100,1.0,0.0
2009-03-20,37.89,38.42,37.31,37.65,4414000,1.0,0.0
2009-03-23,38.05,39.67,38.05,39.64,4359900,1.0,0.0
2009-03-24,39.29,40.17,39.18,39.75,4206500,1.0,0.0
2009-03-25,40.1,41.17,39.42,40.31,3685700,1.0,0.0
2009-03-26,40.72,43.13,40.4,43.07,4874100,1.0,0.0
2009-03-27,42.63,43.45,42.22,43.12,4652500,1.0,0.0
2009-03-30,42.23,42.56,41.24,42.34,5585200,1.0,0.0
2009-03-31,42.68,42.72,41.51,41.59,4799700,1.0,0.0
2009-04-01,41.2,42.33,40.78,42.19,3398600,1.0,0.0
2009-04-02,42.89,44.15,42.62,43.12,4052900,1.0,0.0
2009-04-03,42.96,43.31,41.86,42.66,3408000,1.0,0.0
2009-04-06,42.71,45.91,42.3,45.56,5881100,1.0,0.0
2009-04-07,44.97,45.78,43.19,43.55,4316100,1.0,0.38
2009-04-08,43.61,44.15,43.29,44.0,2675400,1.0,0.0
2009-04-09,44.84,45.1,44.36,44.94,3582700,1.0,0.0
2009-04-13,44.52,44.68,43.62,44.01,2898800,1.0,0.0
2009-04-14,43.71,44.16,43.11,43.93,2654100,1.0,0.0
2009-04-15,43.82,44.39,43.37,44.3,2300400,1.0,0.0
2009-04-16,44.63,45.79,44.04,45.54,3139900,1.0,0.0
2009-04-17,45.75,46.8,45.32,46.55,4076800,1.0,0.0
2009-04-20,46.0,46.0,44.83,45.37,3543700,1.0,0.0
2009-04-21,45.26,46.59,45.06,46.47,4226800,1.0,0.0
2009-04-22,46.88,49.25,46.88,48.23,4100900,1.0,0.0
2009-04-23,48.5,49.5,47.61,49.5,4639700,1.0,0.0
2009-04-24,49.81,49.81,48.5,49.18,3371800,1.0,0.0
2009-04-27,49.82,52.62,49.42,51.28,4047700,1.0,0.0
2009-04-28,50.69,51.12,50.0,50.61,2500300,1.0,0.0
2009-04-29,52.79,54.34,52.01,53.34,4211400,1.0,0.0
2009-04-30,53.51,53.8,51.48,51.67,4642200,1.0,0.0
2009-05-01,52.02,52.78,51.26,52.38,3303600,1.0,0.0
2009-05-04,52.31,54.09,52.31,54.0,2900100,1.0,0.0
2009-05-05,53.97,54.15,53.05,53.62,2152600,1.0,0.0
2009-05-06,53.78,54.32,53.23,54.24,2152000,1.0,0.0
2009-05-07,54.53,54.84,53.19,53.66,3312400,1.0,0.0
2009-05-08,54.27,55.94,53.87,55.88,3274600,1.0,0.0
2009-05-11,55.12,55.79,54.06,54.13,2537300,1.0,0.0
2009-05-12,54.43,55.54,53.67,55.3,2463500,1.0,0.0
2009-05-13,55.06,55.37,53.51,55.3,3482200,1.0,0.0
2009-05-14,55.31,56.07,55.01,55.84,3105100,1.0,0.0
2009-05-15,55.84,56.25,54.73,55.01,3488900,1.0,0.0
2009-05-18,54.95,55.51,54.18,55.46,3297300,1.0,0.0
2009-05-19,55.6,57.32,55.55,56.87,2932700,1.0,0.0
2009-05-20,57.16,57.9599,56.91,57.17,2543300,1.0,0.0
2009-05-21,56.69,56.69,54.92,55.7,2200100,1.0,0.0
2009-05-22,55.79,56.4,55.15,55.7,1830100,1.0,0.0
2009-05-26,55.47,56.85,55.25,56.27,4603800,1.0,0.0
2009-05-27,56.37,56.94,55.69,55.72,2241900,1.0,0.0
2009-05-28,56.22,57.33,55.22,57.04,2343400,1.0,0.0
2009-05-29,57.01,57.44,55.91,56.9,2361900,1.0,0.0
2009-06-01,57.28,59.45,57.27,59.31,2066200,1.0,0.0
2009-06-02,59.28,60.3,59.17,59.98,2116600,1.0,0.0
2009-06-03,59.8,59.97,58.0,58.59,2301000,1.0,0.0
2009-06-04,58.39,59.24,57.98,59.1,2028200,1.0,0.0
2009-06-05,59.39,61.12,59.39,60.45,2769000,1.0,0.0
2009-06-08,60.03,61.06,59.42,60.46,2286100,1.0,0.0
2009-06-09,60.4,60.66,58.99,59.25,2818000,1.0,0.0
2009-06-10,59.8,60.045,57.82,59.04,2035400,1.0,0.0
2009-06-11,58.98,60.24,58.98,59.29,2023300,1.0,0.0
2009-06-12,59.17,60.03,58.63,59.76,1535800,1.0,0.0
2009-06-15,59.05,59.12,57.58,58.08,1912300,1.0,0.0
2009-06-16,58.26,58.47,57.4,57.46,1850600,1.0,0.0
2009-06-17,57.31,58.04,56.97,57.62,1456300,1.0,0.0
2009-06-18,57.73,58.54,57.43,58.21,1646700,1.0,0.0
2009-06-19,58.53,59.36,58.2,58.74,3212500,1.0,0.0
2009-06-22,58.42,58.42,57.25,57.45,2689900,1.0,0.0
2009-06-23,57.07,57.28,55.77,55.99,2377300,1.0,0.0
2009-06-24,56.17,56.45,54.32,54.54,2653500,1.0,0.0
2009-06-25,54.78,56.17,54.61,55.82,2511100,1.0,0.0
2009-06-26,55.76,55.97,55.1,55.46,4419500,1.0,0.0
2009-06-29,55.51,57.24,55.27,57.0,2972200,1.0,0.0
2009-06-30,56.75,56.85,55.15,55.39,2412100,1.0,0.38
2009-07-01,55.63,56.23,55.36,55.68,1995000,1.0,0.0
2009-07-02,55.4,55.43,53.62,53.75,2066800,1.0,0.0
2009-07-06,53.5,53.98,53.18,53.93,1866200,1.0,0.0
2009-07-07,53.72,53.94,51.9618,52.06,2489200,1.0,0.0
2009-07-08,52.14,52.68,51.49,51.91,2331400,1.0,0.0
2009-07-09,51.97,52.21,51.32,51.54,1995500,1.0,0.0
2009-07-10,51.39,52.06,51.21,51.59,1928900,1.0,0.0
2009-07-13,51.61,52.34,50.83,52.29,2474800,1.0,0.0
2009-07-14,52.46,53.29,51.99,53.1,2188500,1.0,0.0
2009-07-15,53.53,54.1796,53.32,54.14,1647800,1.0,0.0
2009-07-16,54.1,55.0,54.02,54.76,2227800,1.0,0.0
2009-07-17,54.57,54.88,53.31,53.56,2331000,1.0,0.0
2009-07-20,53.89,54.51,53.23,54.47,1516300,1.0,0.0
2009-07-21,54.88,54.88,53.78,54.55,2301200,1.0,0.0
2009-07-22,54.4,54.6,53.78,54.0,2220600,1.0,0.0
2009-07-23,54.17,54.32,53.06,53.71,3188200,1.0,0.0
2009-07-24,53.56,53.66,52.28,52.49,2811000,1.0,0.0
2009-07-27,51.9,52.49,49.85,51.89,7045600,1.0,0.0
2009-07-28,51.64,53.85,51.64,53.74,4056200,1.0,0.0
2009-07-29,53.54,54.9,53.0,54.55,3762300,1.0,0.0
2009-07-30,55.18,55.86,54.7,55.13,3081900,1.0,0.0
2009-07-31,55.21,55.94,54.77,55.39,2523700,1.0,0.0
2009-08-03,55.8,56.19,54.74,56.0,2207200,1.0,0.0
2009-08-04,55.92,56.61,55.63,56.5,1782400,1.0,0.0
2009-08-05,56.74,56.92,55.47,56.26,1924100,1.0,0.0
2009-08-06,56.33,56.67,55.67,56.44,1894000,1.0,0.0
2009-08-07,56.73,57.85,56.3,57.54,1811500,1.0,0.0
2009-08-10,57.22,57.49,56.45,56.81,1119700,1.0,0.0
2009-08-11,56.73,56.82,55.715,56.21,1350600,1.0,0.0
2009-08-12,56.05,57.69,55.84,57.13,2114700,1.0,0.0
2009-08-13,57.36,57.36,56.42,57.08,1879500,1.0,0.0
2009-08-14,56.98,57.22,55.83,56.24,1452200,1.0,0.0
2009-08-17,55.56,55.92,54.74,55.03,1709300,1.0,0.0
2009-08-18,55.09,55.75,54.87,55.38,1843900,1.0,0.0
2009-08-19,55.13,55.85,55.03,55.59,2130600,1.0,0.0
2009-08-20,55.68,56.05,55.39,55.81,2220100,1.0,0.0
2009-08-21,56.13,58.68,56.1,58.49,4204100,1.0,0.0
2009-08-24,58.78,58.98,58.33,58.74,1781400,1.0,0.0
2009-08-25,59.01,59.72,58.63,58.71,1903900,1.0,0.0
2009-08-26,58.74,58.86,57.87,58.73,2235400,1.0,0.0
2009-08-27,59.07,60.0,58.76,59.95,2480900,1.0,0.0
2009-08-28,60.17,60.17,59.34,59.77,2294100,1.0,0.0
2009-08-31,59.52,59.56,58.68,59.19,2078000,1.0,0.0
2009-09-01,59.15,59.73,58.11,58.6,1918700,1.0,0.0
2009-09-02,58.48,58.81,57.7105,58.13,1838900,1.0,0.0
2009-09-03,58.4,58.83,57.36,58.8,2027600,1.0,0.0
2009-09-04,58.83,60.71,58.83,60.48,2680500,1.0,0.0
2009-09-08,61.02,63.22,60.85,62.91,5484500,1.0,0.0
2009-09-09,63.07,63.52,61.68,62.19,3066200,1.0,0.0
2009-09-10,62.3,62.73,61.42,62.53,2223700,1.0,0.0
2009-09-11,62.79,63.43,62.4,63.34,2066100,1.0,0.0
2009-09-14,63.2,63.2,62.43,63.1,2028200,1.0,0.0
2009-09-15,63.2,63.26,62.75,63.13,1536500,1.0,0.0
2009-09-16,63.25,63.31,62.19,63.29,2109200,1.0,0.0
2009-09-17,63.03,64.86,62.84,64.43,3226900,1.0,0.0
2009-09-18,64.58,64.845,63.88,64.61,2145200,1.0,0.0
2009-09-21,64.11,64.53,63.46,63.64,1936600,1.0,0.0
2009-09-22,63.87,64.24,63.49,63.86,2462100,1.0,0.0
2009-09-23,64.1,64.11,63.1,63.23,1951000,1.0,0.0
2009-09-24,63.41,63.41,61.93,62.28,2045200,1.0,0.0
2009-09-25,62.04,63.11,61.81,62.99,3269800,1.0,0.0
2009-09-28,64.11,64.83,63.64,64.54,2310100,1.0,0.0
2009-09-29,64.57,65.16,64.16,64.47,2097000,1.0,0.0
2009-09-30,65.32,65.32,63.46,64.6,3301400,1.0,0.0
2009-10-01,64.4,64.74,63.1,63.15,4136900,1.0,0.0
2009-10-02,62.78,63.3,62.63,63.08,2935400,1.0,0.0
2009-10-05,64.62,65.0,63.76,64.77,3003200,1.0,0.0
2009-10-06,65.12,66.05,65.0,65.92,2658700,1.0,0.0
2009-10-07,65.63,65.86,64.85,65.51,2513400,1.0,0.38
2009-10-08,65.98,66.08,65.0,65.28,2545700,1.0,0.0
2009-10-09,65.25,66.16,65.01,66.16,1397900,1.0,0.0
2009-10-12,66.27,66.47,65.26,65.61,1077700,1.0,0.0
2009-10-13,65.37,65.9,65.11,65.59,1487900,1.0,0.0
2009-10-14,66.29,67.04,65.67,66.85,1711600,1.0,0.0
2009-10-15,66.76,67.44,66.54,67.32,1876600,1.0,0.0
2009-10-16,67.02,67.9,66.53,67.75,2483800,1.0,0.0
2009-10-19,67.9,68.84,67.67,68.7,2084000,1.0,0.0
2009-10-20,68.32,68.37,67.04,67.63,2589200,1.0,0.0
2009-10-21,67.68,68.4,66.62,66.7,1712700,1.0,0.0
2009-10-22,66.75,67.819,66.65,67.75,1852900,1.0,0.0
2009-10-23,67.99,67.99,66.21,66.6,1698600,1.0,0.0
2009-10-26,66.66,67.72,65.82,65.96,2450600,1.0,0.0
2009-10-27,66.05,67.08,65.69,65.78,2714000,1.0,0.0
2009-10-28,64.98,65.93,64.22,64.3,3720600,1.0,0.0
2009-10-29,64.56,64.86,62.78,63.65,3213500,1.0,0.0
2009-10-30,63.43,64.17,62.6,62.7,3082200,1.0,0.0
2009-11-02,62.71,63.75,62.52,63.02,1870400,1.0,0.0
2009-11-03,62.98,63.17,62.1903,62.55,2254000,1.0,0.0
2009-11-04,64.13,65.155,63.36,63.85,3386000,1.0,0.0
2009-11-05,64.06,65.92,64.06,65.39,2114000,1.0,0.0
2009-11-06,65.25,65.82,64.77,65.58,1677800,1.0,0.0
2009-11-09,65.9,67.41,65.82,67.31,1702300,1.0,0.0
2009-11-10,67.04,67.59,66.38,66.56,1868700,1.0,0.0
2009-11-11,66.9,67.52,66.8,66.97,1637300,1.0,0.0
2009-11-12,66.83,67.72,66.54,66.72,1202500,1.0,0.0
2009-11-13,66.77,68.0,66.58,67.68,1257200,1.0,0.0
2009-11-16,67.86,68.74,67.64,68.21,2088200,1.0,0.0
2009-11-17,68.26,68.26,67.59,67.94,1040200,1.0,0.0
2009-11-18,67.92,68.06,67.1,67.34,1481300,1.0,0.0
2009-11-19,67.15,67.15,65.84,66.38,1667700,1.0,0.0
2009-11-20,66.23,66.7,65.96,66.47,1860200,1.0,0.0
2009-11-23,66.87,67.7,66.77,67.52,1171300,1.0,0.0
2009-11-24,67.42,67.52,66.75,67.32,1314700,1.0,0.0
2009-11-25,67.45,68.3,66.8764,68.13,1584600,1.0,0.0
2009-11-27,66.95,67.54,66.19,67.08,1064700,1.0,0.0
2009-11-30,67.25,67.25,65.46,65.9,2847000,1.0,0.0
2009-12-01,66.49,67.46,66.23,67.14,1850300,1.0,0.0
2009-12-02,67.29,67.73,66.84,67.09,1893200,1.0,0.0
2009-12-03,67.36,67.73,66.68,66.78,1399700,1.0,0.0
2009-12-04,67.16,68.43,66.76,67.54,1717500,1.0,0.0
2009-12-07,67.55,68.21,67.49,67.88,1107600,1.0,0.0
2009-12-08,67.61,68.15,66.83,67.82,1959400,1.0,0.0
2009-12-09,67.96,67.96,66.94,67.9,1860300,1.0,0.0
2009-12-10,68.02,68.68,67.86,68.01,1070500,1.0,0.0
2009-12-11,68.05,69.17,68.01,69.01,1508400,1.0,0.0
2009-12-14,69.32,70.84,69.21,70.66,2569600,1.0,0.0
2009-12-15,70.4,70.58,69.48,69.67,2158600,1.0,0.0
2009-12-16,69.82,70.04,68.85,69.45,2095100,1.0,0.0
2009-12-17,69.05,69.32,68.4,68.51,1242100,1.0,0.0
2009-12-18,68.78,68.93,67.7502,68.24,2328100,1.0,0.0
2009-12-21,68.51,69.07,68.39,68.59,1106800,1.0,0.0
2009-12-22,68.59,68.95,68.025,68.2,1328800,1.0,0.0
2009-12-23,68.4,68.65,67.76,68.2,1143500,1.0,0.0
2009-12-24,68.15,68.47,68.03,68.34,446900,1.0,0.0
2009-12-28,68.51,68.94,68.27,68.57,715700,1.0,0.0
2009-12-29,68.88,69.115,68.52,68.55,919200,1.0,0.0
2009-12-30,68.53,68.93,68.3055,68.7,827100,1.0,0.0
2009-12-31,68.89,68.97,68.1,68.17,1215100,1.0,0.0
2010-01-04,68.51,69.19,68.17,69.19,1198500,1.0,0.0
2010-01-05,69.29,69.775,68.81,69.3,1535400,1.0,0.0
2010-01-06,69.03,69.36,68.75,69.24,1149700,1.0,0.0
2010-01-07,69.09,69.5,68.73,69.44,1262300,1.0,0.0
2010-01-08,69.43,69.7,68.91,69.44,1582000,1.0,0.0
2010-01-11,69.83,70.75,69.66,70.73,1508400,1.0,0.0
2010-01-12,70.27,70.65,69.85,70.3,1677200,1.0,0.0
2010-01-13,70.17,71.49,69.96,71.07,1797800,1.0,0.38
2010-01-14,70.87,71.24,70.31,71.1,2332600,1.0,0.0
2010-01-15,71.08,71.08,69.85,70.61,1829400,1.0,0.0
2010-01-19,70.49,70.83,70.02,70.69,1498700,1.0,0.0
2010-01-20,70.12,70.29,68.35,69.36,2193500,1.0,0.0
2010-01-21,69.27,69.72,67.73,68.14,1984500,1.0,0.0
2010-01-22,68.1,68.77,66.94,67.02,1868300,1.0,0.0
2010-01-25,68.68,69.036,67.85,67.86,1781100,1.0,0.0
2010-01-26,67.57,69.4,67.43,68.72,2618400,1.0,0.0
2010-01-27,68.75,68.75,65.92,67.23,3839500,1.0,0.0
2010-01-28,67.61,68.25,67.04,67.6,1839000,1.0,0.0
2010-01-29,67.41,67.73,66.72,66.85,2268400,1.0,0.0
2010-02-01,67.22,69.58,66.79,69.43,3613300,1.0,0.0
2010-02-02,69.43,70.21,68.66,70.03,3599700,1.0,0.0
2010-02-03,69.82,70.39,69.51,70.12,1902400,1.0,0.0
2010-02-04,69.64,69.98,68.06,68.16,2995400,1.0,0.0
2010-02-05,68.07,68.38,65.3,66.66,4387600,1.0,0.0
2010-02-08,66.72,67.53,65.91,66.35,2017100,1.0,0.0
2010-02-09,66.95,68.56,66.55,68.04,2008500,1.0,0.0
2010-02-10,68.05,68.34,67.42,67.64,2704100,1.0,0.0
2010-02-11,67.46,67.85,66.55,67.8,2978000,1.0,0.0
2010-02-12,67.33,68.28,66.38,67.95,2433400,1.0,0.0
2010-02-16,68.37,69.85,68.13,69.85,2745100,1.0,0.0
2010-02-17,69.76,70.1,69.1,70.1,2284400,1.0,0.0
2010-02-18,69.86,71.99,69.59,71.78,2692800,1.0,0.0
2010-02-19,71.64,73.1,71.43,72.61,2474900,1.0,0.0
2010-02-22,72.62,72.97,71.74,72.57,1753900,1.0,0.0
2010-02-23,72.28,72.88,71.53,71.81,1747700,1.0,0.0
2010-02-24,71.83,72.74,71.71,72.6,1220500,1.0,0.0
2010-02-25,72.1,72.24,70.81,72.2,1651400,1.0,0.0
2010-02-26,72.39,72.74,71.59,72.55,1504200,1.0,0.0
2010-03-01,72.54,74.13,72.54,73.91,2384900,1.0,0.0
2010-03-02,74.65,74.65,73.41,73.98,2203000,1.0,0.0
2010-03-03,74.25,74.33,72.65,72.83,3344600,1.0,0.0
2010-03-04,72.83,73.04,71.09,72.94,3061300,1.0,0.0
2010-03-05,72.88,73.78,72.53,73.73,2350000,1.0,0.0
2010-03-08,73.4,73.92,73.1,73.65,1766500,1.0,0.0
2010-03-09,73.38,74.09,72.65,73.68,1363000,1.0,0.0
2010-03-10,73.47,74.31,73.38,73.94,1903600,1.0,0.0
2010-03-11,73.5,74.22,72.75,74.15,2017000,1.0,0.0
2010-03-12,74.15,74.15,73.01,73.76,1587400,1.0,0.0
2010-03-15,73.72,73.74,72.96,73.66,1620400,1.0,0.0
2010-03-16,73.67,73.98,73.263,73.71,1380500,1.0,0.0
2010-03-17,73.91,75.0,73.59,74.98,2250100,1.0,0.0
2010-03-18,74.86,75.5,74.79,75.24,2430200,1.0,0.0
2010-03-19,75.69,76.24,75.24,75.49,2438000,1.0,0.0
2010-03-22,75.23,75.82,74.59,75.66,1340200,1.0,0.0
2010-03-23,75.88,76.96,75.79,76.94,1818800,1.0,0.0
2010-03-24,76.74,76.76,75.6,75.74,1476100,1.0,0.0
2010-03-25,76.34,76.96,75.73,76.22,2168100,1.0,0.0
2010-03-26,76.5,77.05,76.15,76.92,1644700,1.0,0.0
2010-03-29,77.35,78.62,77.17,78.48,3168600,1.0,0.0
2010-03-30,78.48,78.48,77.07,77.49,2199000,1.0,0.0
2010-03-31,77.34,77.79,76.98,77.2,2131100,1.0,0.0
2010-04-01,77.53,78.33,77.37,77.91,1285500,1.0,0.0
2010-04-05,78.47,78.96,77.74,78.23,1299200,1.0,0.0
2010-04-06,77.7,77.97,76.74,77.41,3102500,1.0,0.0
2010-04-07,76.97,77.19,76.32,76.47,1958100,1.0,0.42
2010-04-08,76.2,77.13,75.94,76.81,1221600,1.0,0.0
2010-04-09,77.08,77.58,76.68,77.54,1094000,1.0,0.0
2010-04-12,77.54,78.18,77.14,77.3,1061600,1.0,0.0
2010-04-13,77.35,77.35,76.07,76.85,1858000,1.0,0.0
2010-04-14,76.87,76.97,76.3,76.71,2395100,1.0,0.0
2010-04-15,76.43,77.06,76.19,76.46,2439500,1.0,0.0
2010-04-16,76.22,76.95,75.53,76.04,2426200,1.0,0.0
2010-04-19,75.94,76.32,75.61,76.14,1927400,1.0,0.0
2010-04-20,76.34,77.06,76.19,76.94,1704700,1.0,0.0
2010-04-21,77.02,78.24,76.75,78.05,2041300,1.0,0.0
2010-04-22,77.56,78.3,76.6,78.21,2048200,1.0,0.0
2010-04-23,78.28,78.64,77.57,78.6,1803500,1.0,0.0
2010-04-26,78.38,79.0,78.26,78.67,1629600,1.0,0.0
2010-04-27,78.5,78.7,76.52,76.56,2750300,1.0,0.0
2010-04-28,76.72,77.35,75.95,76.98,2124400,1.0,0.0
2010-04-29,77.55,78.1,76.58,77.96,1523000,1.0,0.0
2010-04-30,78.12,78.33,76.33,76.36,1563400,1.0,0.0
2010-05-03,76.83,77.58,76.36,77.55,1365300,1.0,0.0
2010-05-04,76.81,76.81,74.72,75.28,1830300,1.0,0.0
2010-05-05,74.65,75.61,74.32,74.96,1602700,1.0,0.0
2010-05-06,74.52,75.23,64.58,72.06,3256400,1.0,0.0
2010-05-07,72.1,72.1,69.46,70.5,4081500,1.0,0.0
2010-05-10,73.0,74.25,71.43,73.11,3488500,1.0,0.0
2010-05-11,72.68,73.54,72.13,72.65,2276600,1.0,0.0
2010-05-12,72.97,74.47,72.78,74.09,1418700,1.0,0.0
2010-05-13,74.03,74.39,72.88,72.96,1319900,1.0,0.0
2010-05-14,72.3,72.67,70.9,71.71,1824000,1.0,0.0
2010-05-17,72.04,72.32,70.34,71.77,1646100,1.0,0.0
2010-05-18,71.81,72.34,70.44,70.55,1556400,1.0,0.0
2010-05-19,70.14,70.3531,68.55,69.68,1979100,1.0,0.0
2010-05-20,68.22,68.26,66.3,66.3,2909700,1.0,0.0
2010-05-21,65.39,67.68,64.9,67.45,2487200,1.0,0.0
2010-05-24,67.28,67.28,65.88,65.96,2056800,1.0,0.0
2010-05-25,64.06,66.16,64.0,66.04,2136200,1.0,0.0
2010-05-26,66.52,67.45,66.18,66.38,2165000,1.0,0.0
2010-05-27,67.2,68.48,67.17,68.48,1560900,1.0,0.0
2010-05-28,68.49,68.69,67.52,67.9,1991500,1.0,0.0
2010-06-01,67.0,68.4196,66.73,66.74,1745100,1.0,0.0
2010-06-02,67.17,67.99,65.95,67.92,2028700,1.0,0.0
2010-06-03,68.2,69.1,67.65,68.07,2219600,1.0,0.0
2010-06-04,67.06,67.06,64.95,65.18,2969000,1.0,0.0
2010-06-07,65.32,65.32,61.97,62.08,5017400,1.0,0.0
2010-06-08,62.1,62.93,61.79,62.65,4364500,1.0,0.0
2010-06-09,62.79,63.84,62.33,62.55,1994100,1.0,0.0
2010-06-10,63.3,64.24,63.243,64.07,2472800,1.0,0.0
2010-06-11,63.41,64.7,62.95,64.58,1782400,1.0,0.0
2010-06-14,65.13,65.41,64.15,64.31,1728900,1.0,0.0
2010-06-15,64.89,66.67,64.65,66.62,1950900,1.0,0.0
2010-06-16,66.1,66.61,65.87,66.29,1551800,1.0,0.0
2010-06-17,66.22,66.55,65.44,66.31,1770700,1.0,0.0
2010-06-18,66.42,67.09,66.42,66.9,3334200,1.0,0.0
2010-06-21,67.98,68.08,66.45,66.78,2187700,1.0,0.0
2010-06-22,67.11,67.35,65.31,65.45,1825900,1.0,0.0
2010-06-23,65.55,65.63,64.01,64.89,2771700,1.0,0.0
2010-06-24,64.67,65.1,63.14,63.25,2864700,1.0,0.0
2010-06-25,63.35,63.68,62.31,63.22,3015700,1.0,0.0
2010-06-28,63.42,63.42,62.16,62.26,2861600,1.0,0.0
2010-06-29,61.33,61.57,59.2,59.43,4487800,1.0,0.0
2010-06-30,58.92,59.69,58.47,58.56,3261300,1.0,0.42
2010-07-01,58.61,58.84,57.68,58.5,2983600,1.0,0.0
2010-07-02,58.79,59.25,58.3,58.7,2281100,1.0,0.0
2010-07-06,59.08,59.71,58.12,58.64,2539700,1.0,0.0
2010-07-07,58.87,60.27,58.58,60.22,3237600,1.0,0.0
2010-07-08,60.58,61.08,60.31,60.97,1790500,1.0,0.0
2010-07-09,60.78,60.86,60.0,60.84,1299300,1.0,0.0
2010-07-12,60.34,60.43,59.52,59.87,1869200,1.0,0.0
2010-07-13,60.42,60.83,60.07,60.56,1946100,1.0,0.0
2010-07-14,60.26,61.61,60.16,61.61,2813900,1.0,0.0
2010-07-15,61.6,61.83,60.45,61.47,2131100,1.0,0.0
2010-07-16,60.97,61.29,58.75,58.9,2316800,1.0,0.0
2010-07-19,58.84,59.04,58.2,58.6,2013400,1.0,0.0
2010-07-20,57.91,59.22,56.93,59.21,3230100,1.0,0.0
2010-07-21,59.53,60.44,59.0,59.28,2485900,1.0,0.0
2010-07-22,59.9,61.4,59.9,61.03,1922800,1.0,0.0
2010-07-23,60.98,61.87,60.48,61.29,2056600,1.0,0.0
2010-07-26,61.31,63.08,61.29,62.49,1486700,1.0,0.0
2010-07-27,62.57,62.74,61.7,61.77,1821900,1.0,0.0
2010-07-28,61.52,62.57,61.22,61.8,2405600,1.0,0.0
2010-07-29,62.3,62.69,61.03,61.73,1852100,1.0,0.0
2010-07-30,60.99,61.52,60.58,61.25,2805900,1.0,0.0
2010-08-02,62.06,63.15,61.74,62.91,2149800,1.0,0.0
2010-08-03,62.61,63.2,62.44,62.67,1561400,1.0,0.0
2010-08-04,62.93,63.46,62.72,63.34,1584500,1.0,0.0
2010-08-05,63.07,63.79,62.89,63.77,1617000,1.0,0.0
2010-08-06,63.28,64.02,62.97,63.78,2403300,1.0,0.0
2010-08-09,64.05,64.4,63.87,64.32,1192700,1.0,0.0
2010-08-10,63.63,64.44,63.09,64.09,2083600,1.0,0.0
2010-08-11,63.17,63.18,61.02,61.32,2317600,1.0,0.0
2010-08-12,60.28,61.02,60.21,60.72,2083400,1.0,0.0
2010-08-13,60.52,61.16,60.4,60.67,1895100,1.0,0.0
2010-08-16,60.27,60.7,59.75,60.42,1551100,1.0,0.0
2010-08-17,61.1,62.79,61.03,62.34,2721300,1.0,0.0
2010-08-18,62.55,62.67,62.0025,62.49,1825200,1.0,0.0
2010-08-19,62.31,62.35,60.39,60.62,2418900,1.0,0.0
2010-08-20,60.17,60.51,59.71,60.23,2368000,1.0,0.0
2010-08-23,60.14,60.36,59.24,59.33,1987600,1.0,0.0
2010-08-24,58.45,58.79,57.62,57.87,2138400,1.0,0.0
2010-08-25,57.51,57.71,56.265,56.99,4329000,1.0,0.0
2010-08-26,57.15,57.72,56.65,56.83,2066100,1.0,0.0
2010-08-27,56.59,57.41,55.46,57.37,2812500,1.0,0.0
2010-08-30,57.13,57.53,56.52,56.57,2045800,1.0,0.0
2010-08-31,56.26,56.43,55.68,55.87,2418800,1.0,0.0
2010-09-01,56.7,58.0,56.23,57.78,1940100,1.0,0.0
2010-09-02,58.14,58.96,57.81,58.95,2034900,1.0,0.0
2010-09-03,59.54,59.99,59.25,59.72,1639300,1.0,0.0
2010-09-07,59.24,59.3,57.72,58.49,2226000,1.0,0.0
2010-09-08,58.8,59.85,58.59,59.49,2807400,1.0,0.0
2010-09-09,60.0,60.42,59.26,59.82,1839700,1.0,0.0
2010-09-10,60.11,61.25,59.85,61.13,2462300,1.0,0.0
2010-09-13,61.76,62.88,61.76,62.18,2813200,1.0,0.0
2010-09-14,61.94,62.07,61.15,61.46,2156100,1.0,0.0
2010-09-15,61.02,61.3,60.53,61.27,2314000,1.0,0.0
2010-09-16,61.17,61.37,60.87,61.31,1887000,1.0,0.0
2010-09-17,61.52,62.81,61.44,62.69,3122300,1.0,0.0
2010-09-20,63.11,63.73,62.35,63.63,1824500,1.0,0.0
2010-09-21,63.61,64.21,63.25,63.61,1347600,1.0,0.0
2010-09-22,63.63,63.92,62.58,62.87,1642900,1.0,0.0
2010-09-23,62.34,62.85,61.86,61.98,1484800,1.0,0.0
2010-09-24,62.55,63.75,62.55,63.68,1270400,1.0,0.0
2010-09-27,63.83,63.96,63.02,63.13,1288500,1.0,0.0
2010-09-28,63.25,63.35,62.23,63.27,2395700,1.0,0.0
2010-09-29,62.97,63.19,62.35,63.06,2165700,1.0,0.0
2010-09-30,63.49,64.6,62.62,62.81,2454000,1.0,0.0
2010-10-01,63.33,63.43,62.38,62.46,1756900,1.0,0.0
2010-10-04,62.42,62.73,61.51,61.75,1935500,1.0,0.0
2010-10-05,62.39,63.4799,61.89,63.41,2735600,1.0,0.0
2010-10-06,63.14,63.77,63.02,63.64,2134800,1.0,0.42
2010-10-07,63.81,64.03,62.8,63.13,1519500,1.0,0.0
2010-10-08,63.14,63.65,62.6901,63.37,1454000,1.0,0.0
2010-10-11,63.48,63.53,62.99,63.13,790100,1.0,0.0
2010-10-12,62.97,63.57,62.13,63.37,1415800,1.0,0.0
2010-10-13,63.58,64.52,63.58,64.06,1554200,1.0,0.0
2010-10-14,64.12,64.2,62.92,63.17,1760200,1.0,0.0
2010-10-15,63.5,64.05,62.9,63.93,2961800,1.0,0.0
2010-10-18,63.94,64.48,63.55,64.37,1271700,1.0,0.0
2010-10-19,63.45,63.67,62.17,62.96,2166700,1.0,0.0
2010-10-20,63.26,64.35,63.23,63.83,1795000,1.0,0.0
2010-10-21,64.17,65.16,64.17,64.55,1741500,1.0,0.0
2010-10-22,64.54,64.73,64.04,64.5,1218900,1.0,0.0
2010-10-25,65.11,65.13,63.99,64.06,1762900,1.0,0.0
2010-10-26,63.83,64.43,63.43,64.09,2025500,1.0,0.0
2010-10-27,64.24,65.53,63.48,65.42,3872300,1.0,0.0
2010-10-28,66.32,67.8765,66.02,67.78,5072000,1.0,0.0
2010-10-29,67.39,68.13,67.29,68.12,3459400,1.0,0.0
2010-11-01,68.33,68.85,67.31,67.86,1852400,1.0,0.0
2010-11-02,68.54,69.1,67.98,67.99,2069700,1.0,0.0
2010-11-03,68.21,68.77,67.27,67.95,2405600,1.0,0.0
2010-11-04,68.81,69.3,68.25,69.17,2283900,1.0,0.0
2010-11-05,69.1,69.975,68.9,69.66,1778300,1.0,0.0
2010-11-08,69.14,69.8,68.96,69.4,1342900,1.0,0.0
2010-11-09,69.53,69.6053,68.9,69.2,1714000,1.0,0.0
2010-11-10,69.06,69.1,67.98,68.21,1632100,1.0,0.0
2010-11-11,67.72,68.0,67.08,67.42,1976300,1.0,0.0
2010-11-12,67.06,67.18,66.25,66.5,1752400,1.0,0.0
2010-11-15,66.59,67.19,66.22,66.55,1278200,1.0,0.0
2010-11-16,66.04,66.38,65.08,65.54,2031300,1.0,0.0
2010-11-17,65.59,65.73,64.83,65.39,1722100,1.0,0.0
2010-11-18,65.92,67.06,65.44,67.05,2321900,1.0,0.0
2010-11-19,67.09,67.22,66.24,66.6,1654900,1.0,0.0
2010-11-22,66.3,66.6,65.57,66.26,1482000,1.0,0.0
2010-11-23,65.63,66.62,65.48,66.48,1896600,1.0,0.0
2010-11-24,66.78,68.47,66.78,68.02,1924100,1.0,0.0
2010-11-26,67.4,67.7,66.84,67.12,555800,1.0,0.0
2010-11-29,66.51,66.52,65.05,66.31,2452500,1.0,0.0
2010-11-30,65.82,66.59,65.44,66.09,2141900,1.0,0.0
2010-12-01,67.03,67.81,67.03,67.62,1712900,1.0,0.0
2010-12-02,67.85,68.4,67.38,67.8,2093800,1.0,0.0
2010-12-03,67.56,67.87,67.28,67.58,1844400,1.0,0.0
2010-12-06,67.59,67.8,66.96,67.63,1998400,1.0,0.0
2010-12-07,68.33,69.13,68.13,68.73,2380900,1.0,0.0
2010-12-08,68.72,68.765,67.92,68.47,1532700,1.0,0.0
2010-12-09,68.91,69.18,67.96,68.89,2334000,1.0,0.0
2010-12-10,68.91,69.73,68.78,69.56,1982900,1.0,0.0
2010-12-13,69.71,69.84,68.53,69.4,2564000,1.0,0.0
2010-12-14,69.1808,70.39,69.1808,69.98,2731000,1.0,0.0
2010-12-15,69.7,69.98,69.26,69.35,1685800,1.0,0.0
2010-12-16,69.76,70.49,69.31,70.42,1685600,1.0,0.0
2010-12-17,70.32,70.5,69.73,70.28,2935600,1.0,0.0
2010-12-20,70.39,70.47,69.625,70.01,1714700,1.0,0.0
2010-12-21,70.18,70.7181,70.01,70.19,1255900,1.0,0.0
2010-12-22,70.51,70.53,70.1,70.53,915700,1.0,0.0
2010-12-23,70.37,71.34,70.3101,71.02,1226000,1.0,0.0
2010-12-27,70.83,71.33,70.52,71.1,1074900,1.0,0.0
2010-12-28,71.11,71.24,70.44,71.02,1305800,1.0,0.0
2010-12-29,71.11,71.44,70.77,70.83,1397600,1.0,0.0
2010-12-30,70.54,71.11,70.324,70.77,1385400,1.0,0.0
2010-12-31,70.6,71.33,70.2419,70.96,1454900,1.0,0.0
2011-01-03,70.26,70.57,69.87,69.97,2769300,1.0,0.0
2011-01-04,70.23,70.42,69.45,70.29,2362800,1.0,0.0
2011-01-05,69.96,70.8246,69.84,70.61,2379900,1.0,0.0
2011-01-06,70.44,71.985,70.2,71.39,2030800,1.0,0.0
2011-01-07,71.74,72.3,71.4,72.01,3318200,1.0,0.0
2011-01-10,71.75,71.75,70.86,71.18,1910000,1.0,0.0
2011-01-11,71.45,71.78,71.02,71.25,1902600,1.0,0.0
2011-01-12,71.52,71.9,71.06,71.16,1187700,1.0,0.42
2011-01-13,71.85,72.15,71.44,71.78,2041300,1.0,0.0
2011-01-14,71.67,72.275,71.22,72.18,1529000,1.0,0.0
2011-01-18,72.38,73.04,71.61,72.73,3287800,1.0,0.0
2011-01-19,72.16,72.67,71.86,72.67,2221100,1.0,0.0
2011-01-20,72.49,73.47,72.47,73.45,2407700,1.0,0.0
2011-01-21,73.7,73.86,72.88,72.97,1884600,1.0,0.0
2011-01-24,72.46,73.09,72.27,72.74,1570400,1.0,0.0
2011-01-25,72.68,74.28,72.58,74.17,2882000,1.0,0.0
2011-01-26,74.2,75.19,72.92,74.64,3572900,1.0,0.0
2011-01-27,74.6,76.5,74.6,76.2,3116400,1.0,0.0
2011-01-28,76.05,76.2,73.85,74.13,2331000,1.0,0.0
2011-01-31,74.25,75.41,74.16,75.4,2152400,1.0,0.0
2011-02-01,75.49,76.13,75.06,76.03,1233900,1.0,0.0
2011-02-02,75.83,76.75,75.77,76.08,1664900,1.0,0.0
2011-02-03,76.44,76.44,75.32,75.66,1438500,1.0,0.0
2011-02-04,75.86,75.98,75.29,75.62,1319900,1.0,0.0
2011-02-07,75.93,76.49,75.72,76.44,1409500,1.0,0.0
2011-02-08,77.04,77.96,76.64,77.85,1981000,1.0,0.0
2011-02-09,77.58,78.21,77.18,77.9,1711600,1.0,0.0
2011-02-10,77.89,77.9,77.05,77.26,2082900,1.0,0.0
2011-02-11,77.08,77.72,76.59,77.45,1332100,1.0,0.0
2011-02-14,77.59,77.654,76.5,76.87,1329800,1.0,0.0
2011-02-15,76.41,77.72,76.08,77.62,1864500,1.0,0.0
2011-02-16,77.7,77.8,76.22,77.05,1458400,1.0,0.0
2011-02-17,76.77,77.51,76.5701,77.3,962300,1.0,0.0
2011-02-18,77.85,78.27,77.69,78.11,1971300,1.0,0.0
2011-02-22,77.3,77.34,75.95,76.22,1371300,1.0,0.0
2011-02-23,76.04,76.73,74.89,75.45,1683900,1.0,0.0
2011-02-24,75.54,76.45,75.13,76.11,1606600,1.0,0.0
2011-02-25,76.29,76.8,75.56,75.94,1320000,1.0,0.0
2011-02-28,76.27,76.79,75.93,76.12,2031200,1.0,0.0
2011-03-01,76.35,76.87,74.9,75.07,1779500,1.0,0.0
2011-03-02,74.74,75.44,74.18,75.11,1825200,1.0,0.0
2011-03-03,75.86,78.12,75.86,77.66,2069300,1.0,0.0
2011-03-04,76.13,76.6,74.88,76.32,3654400,1.0,0.0
2011-03-07,76.42,77.0,75.07,75.45,1941300,1.0,0.0
2011-03-08,75.54,76.88,75.48,76.56,1479600,1.0,0.0
2011-03-09,76.32,77.01,75.81,76.98,1529800,1.0,0.0
2011-03-10,76.16,76.29,75.1601,75.35,1478000,1.0,0.0
2011-03-11,75.55,76.66,74.37,76.13,1899900,1.0,0.0
2011-03-14,75.43,75.93,74.65,75.48,1372500,1.0,0.0
2011-03-15,73.51,75.28,73.31,74.83,2311400,1.0,0.0
2011-03-16,74.77,74.83,73.22,73.75,3142400,1.0,0.0
2011-03-17,75.0,75.39,73.57,73.96,2936100,1.0,0.0
2011-03-18,75.15,75.28,73.74,74.38,4492100,1.0,0.0
2011-03-21,75.03,76.44,74.96,75.71,1397800,1.0,0.0
2011-03-22,75.83,76.28,75.6711,76.04,1375100,1.0,0.0
2011-03-23,76.03,76.62,75.64,76.23,1185900,1.0,0.0
2011-03-24,76.56,76.98,76.01,76.85,1006600,1.0,0.0
2011-03-25,76.93,77.14,76.34,76.51,1166500,1.0,0.0
2011-03-28,76.59,76.7399,75.72,75.93,1570100,1.0,0.0
2011-03-29,75.91,76.5,75.56,76.27,1270900,1.0,0.0
2011-03-30,76.71,76.71,75.52,76.0,1876700,1.0,0.0
2011-03-31,75.83,76.99,75.7,76.56,1646100,1.0,0.0
2011-04-01,76.83,78.0,76.73,77.42,1700300,1.0,0.0
2011-04-04,74.7,74.7,72.12,73.37,11382300,1.0,0.0
2011-04-05,73.25,74.89,73.02,74.6,3090000,1.0,0.0
2011-04-06,74.68,74.8779,74.1,74.74,2022400,1.0,0.47
2011-04-07,74.66,75.2,74.27,74.95,1703500,1.0,0.0
2011-04-08,75.24,75.37,74.27,74.51,1660000,1.0,0.0
2011-04-11,74.44,74.76,73.56,73.75,2040800,1.0,0.0
2011-04-12,73.47,73.59,72.63,72.92,1756400,1.0,0.0
2011-04-13,73.32,73.44,70.98,71.81,2997300,1.0,0.0
2011-04-14,71.44,71.8,70.93,71.46,2316100,1.0,0.0
2011-04-15,71.81,72.38,71.14,71.88,1994400,1.0,0.0
2011-04-18,71.01,71.19,70.47,70.79,2118100,1.0,0.0
2011-04-19,71.0,71.43,70.85,71.06,1443000,1.0,0.0
2011-04-20,71.83,72.73,71.28,72.37,1424000,1.0,0.0
2011-04-21,72.86,72.86,72.15,72.25,1058800,1.0,0.0
2011-04-25,72.35,72.51,71.95,72.14,944700,1.0,0.0
2011-04-26,72.56,73.15,72.25,72.64,1800000,1.0,0.0
2011-04-27,72.92,73.64,72.26,72.72,1669200,1.0,0.0
2011-04-28,72.42,72.55,70.54,71.55,3576700,1.0,0.0
2011-04-29,71.76,72.95,71.73,72.82,2066900,1.0,0.0
2011-05-02,73.15,74.25,73.055,73.59,2571000,1.0,0.0
2011-05-03,73.42,74.45,73.1701,74.31,1884600,1.0,0.0
2011-05-04,74.4,74.86,73.64,73.71,2645600,1.0,0.0
2011-05-05,73.36,74.59,73.04,73.69,2601600,1.0,0.0
2011-05-06,74.51,74.8,73.93,74.44,2408900,1.0,0.0
2011-05-09,74.33,75.07,74.06,74.57,1381300,1.0,0.0
2011-05-10,74.17,74.8,73.78,74.49,1966500,1.0,0.0
2011-05-11,74.32,74.97,74.16,74.74,1579000,1.0,0.0
2011-05-12,74.61,75.29,74.33,74.81,1155200,1.0,0.0
2011-05-13,74.74,74.99,73.73,74.37,1879600,1.0,0.0
2011-05-16,74.22,74.625,73.66,74.24,1388300,1.0,0.0
2011-05-17,73.98,74.34,72.86,73.5,1586500,1.0,0.0
2011-05-18,73.74,74.3,73.27,74.0,1403900,1.0,0.0
2011-05-19,74.53,74.98,73.76,73.88,2009300,1.0,0.0
2011-05-20,73.8,73.89,72.86,73.03,1833400,1.0,0.0
2011-05-23,72.22,72.77,71.38,71.39,2498000,1.0,0.0
2011-05-24,71.54,71.96,70.8,70.95,2774700,1.0,0.0
2011-05-25,70.8,70.8,70.17,70.53,2721300,1.0,0.0
2011-05-26,70.29,70.61,69.83,70.2,2005500,1.0,0.0
2011-05-27,70.53,71.54,70.46,71.26,2903000,1.0,0.0
2011-05-31,73.19,74.685,72.77,74.22,5001600,1.0,0.0
2011-06-01,73.83,74.14,71.785,71.8,2946500,1.0,0.0
2011-06-02,71.97,72.5,71.35,71.42,2423400,1.0,0.0
2011-06-03,70.53,70.861,70.04,70.6,2751300,1.0,0.0
2011-06-06,70.41,71.11,70.325,70.7,2139900,1.0,0.0
2011-06-07,71.05,71.15,70.59,70.66,2269800,1.0,0.0
2011-06-08,70.63,70.85,70.04,70.4,2010400,1.0,0.0
2011-06-09,70.68,70.94,70.06,70.49,1547100,1.0,0.0
2011-06-10,70.17,70.64,69.2,69.37,2812100,1.0,0.0
2011-06-13,69.69,69.88,69.23,69.64,1929700,1.0,0.0
2011-06-14,70.33,70.82,70.3,70.44,1634300,1.0,0.0
2011-06-15,69.98,71.07,69.95,70.85,3247600,1.0,0.0
2011-06-16,71.08,72.05,70.85,71.28,1771800,1.0,0.0
2011-06-17,71.88,72.5528,71.48,71.67,1672700,1.0,0.0
2011-06-20,71.27,72.88,71.22,72.77,1744000,1.0,0.0
2011-06-21,73.02,73.74,73.02,73.4,1627800,1.0,0.0
2011-06-22,73.08,74.05,73.01,73.36,1842600,1.0,0.0
2011-06-23,72.46,73.0,72.0,72.9,2211500,1.0,0.0
2011-06-24,72.88,73.2,72.06,72.29,2355400,1.0,0.0
2011-06-27,72.47,73.48,72.2,73.26,1644600,1.0,0.0
2011-06-28,73.46,74.04,73.3,73.74,1487500,1.0,0.0
2011-06-29,73.82,73.99,73.46,73.9,1527800,1.0,0.47
2011-06-30,74.09,74.98,73.83,74.52,1481300,1.0,0.0
2011-07-01,74.44,75.93,74.34,75.81,1454400,1.0,0.0
2011-07-05,75.54,75.81,74.415,74.9,1883200,1.0,0.0
2011-07-06,75.03,75.33,74.49,74.63,1593100,1.0,0.0
2011-07-07,75.43,75.635,74.5,75.6,2238000,1.0,0.0
2011-07-08,75.05,75.05,74.3,74.66,1978400,1.0,0.0
2011-07-11,73.9,74.38,73.58,73.74,1612200,1.0,0.0
2011-07-12,73.52,73.88,72.9,72.98,1505200,1.0,0.0
2011-07-13,73.4,73.68,72.41,72.65,1321200,1.0,0.0
2011-07-14,72.73,72.74,71.2,71.37,2359900,1.0,0.0
2011-07-15,71.48,71.48,69.7,70.36,2593400,1.0,0.0
2011-07-18,69.95,70.13,69.03,69.46,1773300,1.0,0.0
2011-07-19,69.85,70.03,69.395,69.93,2070600,1.0,0.0
2011-07-20,70.62,70.85,69.66,69.94,2723000,1.0,0.0
2011-07-21,70.26,71.92,70.07,71.57,1822300,1.0,0.0
2011-07-22,71.61,71.61,70.72,70.8,1550800,1.0,0.0
2011-07-25,70.48,71.5,70.08,71.15,2185100,1.0,0.0
2011-07-26,70.92,71.09,70.27,70.32,1672200,1.0,0.0
2011-07-27,71.02,71.04,68.16,68.63,3072500,1.0,0.0
2011-07-28,68.54,69.67,67.66,67.75,2606400,1.0,0.0
2011-07-29,67.37,68.63,66.56,68.14,2525200,1.0,0.0
2011-08-01,68.45,68.45,66.34,67.51,4057800,1.0,0.0
2011-08-02,67.14,68.05,66.16,66.16,3024900,1.0,0.0
2011-08-03,66.09,66.5,64.73,65.9,2686000,1.0,0.0
2011-08-04,64.62,65.13,63.17,63.22,3974000,1.0,0.0
2011-08-05,64.06,64.88,62.66,64.44,4895200,1.0,0.0
2011-08-08,62.88,63.72,60.775,60.8,5830400,1.0,0.0
2011-08-09,60.78,62.56,58.12,62.42,7067800,1.0,0.0
2011-08-10,61.17,61.17,58.21,58.38,4580800,1.0,0.0
2011-08-11,58.65,62.335,58.578,61.51,3805200,1.0,0.0
2011-08-12,62.12,62.2425,60.82,61.18,3947800,1.0,0.0
2011-08-15,61.84,62.83,61.629,62.77,2338200,1.0,0.0
2011-08-16,61.47,62.5,61.23,62.04,1756000,1.0,0.0
2011-08-17,62.3,62.58,61.04,61.88,2461500,1.0,0.0
2011-08-18,59.89,60.09,57.75,58.23,3686300,1.0,0.0
2011-08-19,57.46,58.86,57.39,57.47,3800900,1.0,0.0
2011-08-22,58.57,58.9,57.9,58.2,2636800,1.0,0.0
2011-08-23,58.39,59.51,58.0,59.51,2238700,1.0,0.0
2011-08-24,59.48,61.12,59.34,61.0,1758400,1.0,0.0
2011-08-25,61.32,61.69,59.79,60.0,1826700,1.0,0.0
2011-08-26,59.62,61.49,58.71,61.28,1987300,1.0,0.0
2011-08-29,61.95,63.05,61.88,63.01,1382600,1.0,0.0
2011-08-30,62.96,64.29,62.3,63.95,2115900,1.0,0.0
2011-08-31,64.43,64.89,63.46,64.08,1744900,1.0,0.0
2011-09-01,64.08,64.66,62.92,63.1,1657300,1.0,0.0
2011-09-02,62.06,62.06,60.74,60.94,2223500,1.0,0.0
2011-09-06,59.27,60.41,58.72,60.3,2616800,1.0,0.0
2011-09-07,61.12,61.85,60.61,61.35,2647500,1.0,0.0
2011-09-08,60.65,61.63,60.3,60.4,2276900,1.0,0.0
2011-09-09,59.56,59.79,58.4,59.0,2599200,1.0,0.0
2011-09-12,58.12,58.95,57.77,58.9,2698400,1.0,0.0
2011-09-13,58.97,60.01,58.45,58.99,2523000,1.0,0.0
2011-09-14,59.33,60.66,57.94,59.86,3188500,1.0,0.0
2011-09-15,60.23,61.44,60.21,61.22,2426700,1.0,0.0
2011-09-16,61.75,61.75,60.2,60.6,4340900,1.0,0.0
2011-09-19,59.67,60.4,59.3,60.17,2474900,1.0,0.0
2011-09-20,60.43,60.65,59.5,59.55,2007000,1.0,0.0
2011-09-21,59.8,59.92,57.22,57.27,2595100,1.0,0.0
2011-09-22,56.08,56.2,55.27,55.87,3434000,1.0,0.0
2011-09-23,53.97,56.69,53.95,55.92,2845400,1.0,0.0
2011-09-26,56.49,57.45,56.05,56.85,2866500,1.0,0.0
2011-09-27,57.59,59.16,57.59,58.29,2511700,1.0,0.0
2011-09-28,58.37,58.95,57.35,57.44,2081200,1.0,0.0
2011-09-29,58.38,59.24,57.0901,58.18,1766700,1.0,0.0
2011-09-30,57.45,58.3597,56.88,56.89,2432100,1.0,0.0
2011-10-03,56.85,57.72,55.6,55.67,2220900,1.0,0.0
2011-10-04,55.02,57.2,54.72,57.11,3300000,1.0,0.0
2011-10-05,56.78,57.84,56.4,57.71,2513500,1.0,0.47
2011-10-06,57.85,58.97,57.57,58.95,1507100,1.0,0.0
2011-10-07,59.44,60.29,58.96,59.55,2423800,1.0,0.0
2011-10-10,60.56,61.68,60.56,61.68,1585400,1.0,0.0
2011-10-11,61.19,61.79,61.14,61.48,1769800,1.0,0.0
2011-10-12,62.04,63.2155,61.74,62.52,1771900,1.0,0.0
2011-10-13,61.9,62.05,60.91,61.81,1325500,1.0,0.0
2011-10-14,62.58,62.74,61.59,62.04,1630900,1.0,0.0
2011-10-17,61.86,62.31,60.7881,60.93,1736000,1.0,0.0
2011-10-18,61.02,63.28,60.35,62.64,1969300,1.0,0.0
2011-10-19,62.7,63.25,62.35,62.47,1809300,1.0,0.0
2011-10-20,62.63,63.46,61.81,63.15,1996900,1.0,0.0
2011-10-21,63.6,65.33,63.58,65.32,3229700,1.0,0.0
2011-10-24,65.28,65.91,64.95,65.63,1865700,1.0,0.0
2011-10-25,65.24,66.08,64.6,65.26,2382600,1.0,0.0
2011-10-26,66.42,66.42,63.56,63.89,4161900,1.0,0.0
2011-10-27,65.56,66.17,64.32,65.43,2695100,1.0,0.0
2011-10-28,65.53,66.25,65.0301,65.47,2010100,1.0,0.0
2011-10-31,64.97,65.5299,64.19,64.19,2022500,1.0,0.0
2011-11-01,62.79,63.2,60.79,61.43,2959900,1.0,0.0
2011-11-02,62.44,62.62,61.77,61.95,2760300,1.0,0.0
2011-11-03,62.47,63.97,62.47,63.63,2589200,1.0,0.0
2011-11-04,63.15,63.53,62.47,63.45,1291900,1.0,0.0
2011-11-07,63.25,64.28,62.85,64.2,1341600,1.0,0.0
2011-11-08,64.69,65.17,63.84,65.13,1712500,1.0,0.0
2011-11-09,63.65,63.89,62.72,62.96,1932300,1.0,0.0
2011-11-10,63.9,63.97,62.94,63.38,1822500,1.0,0.0
2011-11-11,64.3,65.88,64.3,65.72,1874700,1.0,0.0
2011-11-14,65.5,66.38,65.12,65.31,1676700,1.0,0.0
2011-11-15,65.3,66.35,64.84,65.99,1408500,1.0,0.0
2011-11-16,65.36,65.5845,64.76,65.02,2504000,1.0,0.0
2011-11-17,64.83,64.83,62.89,63.42,1714700,1.0,0.0
2011-11-18,64.125,64.125,63.01,63.84,2046600,1.0,0.0
2011-11-21,62.84,63.31,61.28,63.07,2679200,1.0,0.0
2011-11-22,63.13,63.82,62.15,63.62,3633300,1.0,0.0
2011-11-23,62.72,62.75,60.6,60.64,2923200,1.0,0.0
2011-11-25,60.77,62.15,60.75,61.13,913100,1.0,0.0
2011-11-28,63.9,64.35,63.24,64.06,2506900,1.0,0.0
2011-11-29,64.35,64.55,63.75,63.89,1935700,1.0,0.0
2011-11-30,65.85,66.38,65.52,66.06,3294800,1.0,0.0
2011-12-01,66.07,66.95,65.98,66.5,1428200,1.0,0.0
2011-12-02,66.87,67.36,65.63,65.72,2176900,1.0,0.0
2011-12-05,66.83,66.88,65.33,65.65,2105500,1.0,0.0
2011-12-06,65.71,66.34,65.53,65.86,1403500,1.0,0.0
2011-12-07,65.2,66.037,64.7,65.66,1344600,1.0,0.0
2011-12-08,65.41,65.77,63.98,64.15,1694400,1.0,0.0
2011-12-09,64.63,65.28,64.52,65.07,1775400,1.0,0.0
2011-12-12,64.59,64.97,63.55,64.01,1154800,1.0,0.0
2011-12-13,64.51,64.95,63.19,63.5,1404400,1.0,0.0
2011-12-14,63.39,63.76,63.11,63.21,1197400,1.0,0.0
2011-12-15,63.92,64.11,63.15,63.3,1576200,1.0,0.0
2011-12-16,63.38,64.39,62.6,63.2,2748400,1.0,0.0
2011-12-19,63.05,63.89,62.31,62.46,1140700,1.0,0.0
2011-12-20,63.43,65.13,63.42,64.84,1481700,1.0,0.0
2011-12-21,64.8,64.98,64.06,64.78,1509100,1.0,0.0
2011-12-22,64.98,66.36,64.71,66.14,1186500,1.0,0.0
2011-12-23,66.22,66.57,65.565,66.36,883000,1.0,0.0
2011-12-27,66.39,66.79,65.9995,66.56,651500,1.0,0.0
2011-12-28,66.58,66.88,65.6986,65.95,1137100,1.0,0.0
2011-12-29,66.22,67.02,66.0109,66.92,1091300,1.0,0.0
2011-12-30,67.01,67.29,66.4,66.41,1008300,1.0,0.0
2012-01-03,67.97,68.57,67.84,68.0,1683500,1.0,0.0
2012-01-04,68.57,68.99,67.89,68.12,1880800,1.0,0.0
2012-01-05,67.75,67.81,66.76,67.4,1677800,1.0,0.0
2012-01-06,67.6,67.76,67.175,67.62,1788100,1.0,0.0
2012-01-09,67.83,68.48,67.29,68.37,2064900,1.0,0.0
2012-01-10,69.7,70.44,68.99,69.93,2779500,1.0,0.0
2012-01-11,69.54,70.19,69.45,70.09,1282700,1.0,0.0
2012-01-12,70.27,71.09,70.05,70.94,4528500,1.0,0.0
2012-01-13,70.24,70.97,70.01,70.6,3780300,1.0,0.0
2012-01-17,71.3,71.83,71.3,71.45,2438400,1.0,0.0
2012-01-18,70.98,71.69,70.79,71.62,1779600,1.0,0.47
2012-01-19,71.84,72.44,71.55,72.21,1267700,1.0,0.0
2012-01-20,72.33,72.66,71.77,72.47,1984600,1.0,0.0
2012-01-23,72.35,72.89,71.67,71.74,1744800,1.0,0.0
2012-01-24,71.34,71.84,70.94,71.34,1899200,1.0,0.0
2012-01-25,70.49,71.76,69.4687,71.57,3543700,1.0,0.0
2012-01-26,70.58,71.87,70.39,71.51,1764100,1.0,0.0
2012-01-27,71.26,71.26,70.25,70.35,1413300,1.0,0.0
2012-01-30,69.62,69.82,69.03,69.17,2328000,1.0,0.0
2012-01-31,69.63,69.84,68.87,69.16,1844900,1.0,0.0
2012-02-01,69.82,69.91,69.39,69.71,2805700,1.0,0.0
2012-02-02,69.91,70.0,69.25,69.74,1374700,1.0,0.0
2012-02-03,70.16,70.93,69.97,70.51,1730800,1.0,0.0
2012-02-06,70.12,71.2,70.03,71.15,1456700,1.0,0.0
2012-02-07,70.82,71.46,70.67,71.3,1283000,1.0,0.0
2012-02-08,71.39,71.73,71.02,71.59,1660500,1.0,0.0
2012-02-09,71.77,71.82,70.75,70.85,1561700,1.0,0.0
2012-02-10,70.36,70.565,70.16,70.3,1427800,1.0,0.0
2012-02-13,70.69,70.77,70.07,70.12,1802900,1.0,0.0
2012-02-14,70.0,70.23,69.1,70.16,1978600,1.0,0.0
2012-02-15,70.22,70.3,69.56,70.05,1941600,1.0,0.0
2012-02-16,70.16,70.42,69.75,70.42,1253900,1.0,0.0
2012-02-17,70.8,71.04,70.38,70.88,1115900,1.0,0.0
2012-02-21,71.22,71.81,70.905,71.13,1327300,1.0,0.0
2012-02-22,70.96,71.18,70.24,70.4,1423200,1.0,0.0
2012-02-23,70.53,70.784,70.09,70.6,1052600,1.0,0.0
2012-02-24,70.8,73.05,70.8,72.4,1816100,1.0,0.0
2012-02-27,72.26,73.01,71.74,72.49,1357400,1.0,0.0
2012-02-28,72.58,73.15,72.41,72.74,1286100,1.0,0.0
2012-02-29,73.0,73.67,72.74,73.23,1841000,1.0,0.0
2012-03-01,72.76,73.36,72.58,72.93,1606000,1.0,0.0
2012-03-02,72.82,73.0,72.433,72.65,1057800,1.0,0.0
2012-03-05,72.41,72.61,71.8,72.5,1887800,1.0,0.0
2012-03-06,71.64,71.97,70.69,70.85,2307300,1.0,0.0
2012-03-07,70.95,71.32,70.7,71.25,1085400,1.0,0.0
2012-03-08,71.86,72.29,71.48,72.01,1197900,1.0,0.0
2012-03-09,72.07,72.29,71.54,71.78,1129900,1.0,0.0
2012-03-12,71.92,71.92,71.29,71.74,1181700,1.0,0.0
2012-03-13,72.21,73.12,71.75,73.08,1532000,1.0,0.0
2012-03-14,73.08,73.29,72.77,73.1,1113500,1.0,0.0
2012-03-15,73.09,73.62,73.0,73.34,1515000,1.0,0.0
2012-03-16,73.24,73.63,72.8,72.9,1762500,1.0,0.0
2012-03-19,72.72,73.23,72.5,72.98,906400,1.0,0.0
2012-03-20,72.61,72.68,72.0,72.34,853300,1.0,0.0
2012-03-21,72.38,72.57,72.08,72.28,910800,1.0,0.0
2012-03-22,71.8,72.36,71.71,72.25,969300,1.0,0.0
2012-03-23,72.44,72.89,72.33,72.78,1238200,1.0,0.0
2012-03-26,73.09,74.15,72.97,73.91,1867300,1.0,0.0
2012-03-27,73.98,74.05,73.43,73.55,1135400,1.0,0.0
2012-03-28,73.55,73.55,72.62,73.12,1351100,1.0,0.0
2012-03-29,73.0,73.0,71.88,72.65,1430700,1.0,0.0
2012-03-30,73.07,73.58,72.76,73.38,1259400,1.0,0.0
2012-04-02,73.39,74.5418,73.11,74.09,1222300,1.0,0.0
2012-04-03,74.0,74.05,72.65,73.1,1188800,1.0,0.0
2012-04-04,72.56,72.71,71.82,72.63,1528900,1.0,0.0
2012-04-05,72.32,72.47,71.745,71.8,1586800,1.0,0.0
2012-04-09,70.78,71.1,70.44,70.82,1365500,1.0,0.0
2012-04-10,70.6,70.67,69.26,69.48,1567400,1.0,0.0
2012-04-11,68.32,69.88,68.07,69.35,1775000,1.0,0.51
2012-04-12,69.57,70.03,69.18,69.66,1759800,1.0,0.0
2012-04-13,69.22,69.5,68.86,68.88,1541800,1.0,0.0
2012-04-16,69.24,69.74,68.95,69.2,1622300,1.0,0.0
2012-04-17,69.58,70.19,69.08,69.88,1602300,1.0,0.0
2012-04-18,69.68,69.89,69.479,69.55,1269400,1.0,0.0
2012-04-19,69.83,69.86,68.73,68.93,1397100,1.0,0.0
2012-04-20,69.27,69.91,68.97,69.76,1821300,1.0,0.0
2012-04-23,68.96,69.44,68.55,69.27,1260100,1.0,0.0
2012-04-24,69.46,70.2,69.34,70.06,1380700,1.0,0.0
2012-04-25,69.88,70.47,67.21,67.56,3670700,1.0,0.0
2012-04-26,66.79,67.51,66.44,67.05,2672000,1.0,0.0
2012-04-27,67.38,67.86,67.07,67.58,2254400,1.0,0.0
2012-04-30,67.53,67.74,67.01,67.5,2200600,1.0,0.0
2012-05-01,67.57,68.68,67.34,67.98,2327600,1.0,0.0
2012-05-02,67.75,68.24,67.55,68.24,2035900,1.0,0.0
2012-05-03,68.5,68.59,67.98,68.15,2649800,1.0,0.0
2012-05-04,67.84,68.01,66.81,67.05,2206700,1.0,0.0
2012-05-07,66.96,67.89,66.96,67.42,2306000,1.0,0.0
2012-05-08,67.2,67.57,66.7,67.53,1949600,1.0,0.0
2012-05-09,66.9,67.0,66.34,66.4,1541300,1.0,0.0
2012-05-10,66.75,67.06,66.39,66.54,1326300,1.0,0.0
2012-05-11,66.33,67.43,66.16,66.53,2060900,1.0,0.0
2012-05-14,66.09,66.82,65.8,66.3,1281800,1.0,0.0
2012-05-15,66.28,66.69,65.64,65.73,1815800,1.0,0.0
2012-05-16,65.94,66.34,65.18,65.2,1334600,1.0,0.0
2012-05-17,65.26,65.41,63.7,63.72,1621500,1.0,0.0
2012-05-18,64.17,64.42,63.17,63.34,2154400,1.0,0.0
2012-05-21,63.62,64.65,63.44,64.55,1547500,1.0,0.0
2012-05-22,64.63,64.98,64.14,64.47,1199800,1.0,0.0
2012-05-23,64.15,64.74,63.29,64.61,1856600,1.0,0.0
2012-05-24,64.12,64.62,62.77,63.34,2051000,1.0,0.0
2012-05-25,62.88,64.13,62.88,63.58,1694300,1.0,0.0
2012-05-29,64.06,64.4,63.72,64.35,1389000,1.0,0.0
2012-05-30,63.92,64.145,63.4999,63.83,1312100,1.0,0.0
2012-05-31,63.82,64.54,63.28,64.01,1695600,1.0,0.0
2012-06-01,63.14,63.325,62.68,62.72,1755800,1.0,0.0
2012-06-04,62.88,63.01,61.54,61.96,2155000,1.0,0.0
2012-06-05,61.76,62.1752,61.55,61.98,1895600,1.0,0.0
2012-06-06,62.03,63.63,62.03,63.62,1306200,1.0,0.0
2012-06-07,64.12,64.85,63.54,63.69,2732200,1.0,0.0
2012-06-08,63.61,64.07,63.6,64.06,1753600,1.0,0.0
2012-06-11,64.38,64.66,63.66,63.74,1832500,1.0,0.0
2012-06-12,63.84,64.15,63.24,64.13,1645800,1.0,0.0
2012-06-13,63.99,64.11,63.23,63.49,1051200,1.0,0.0
2012-06-14,63.55,64.28,63.37,64.01,1333300,1.0,0.0
2012-06-15,64.37,65.115,64.37,64.86,2417900,1.0,0.0
2012-06-18,64.48,65.22,64.14,64.76,1324700,1.0,0.0
2012-06-19,65.0,65.5117,64.94,65.19,1341900,1.0,0.0
2012-06-20,65.1,65.16,64.06,64.65,1706400,1.0,0.0
2012-06-21,65.03,65.11,63.2,63.25,1799800,1.0,0.0
2012-06-22,63.54,63.57,62.6211,63.26,2167900,1.0,0.0
2012-06-25,62.77,62.77,62.1,62.22,1044700,1.0,0.0
2012-06-26,62.32,62.58,61.7804,61.97,1214000,1.0,0.0
2012-06-27,62.13,63.34,62.08,63.22,1056500,1.0,0.0
2012-06-28,62.84,63.25,62.22,63.16,1060000,1.0,0.0
2012-06-29,64.65,65.96,64.41,65.96,1770000,1.0,0.0
2012-07-02,66.09,66.54,65.49,66.06,2000700,1.0,0.0
2012-07-03,65.54,66.34,65.54,66.17,791200,1.0,0.51
2012-07-05,66.22,66.59,65.9,66.24,1046500,1.0,0.0
2012-07-06,65.79,65.8,64.89,65.24,976300,1.0,0.0
2012-07-09,65.26,65.53,64.67,65.05,1273000,1.0,0.0
2012-07-10,63.89,65.69,63.89,64.43,1277300,1.0,0.0
2012-07-11,64.55,64.81,63.61,63.91,1159000,1.0,0.0
2012-07-12,63.5,63.95,62.99,63.52,973300,1.0,0.0
2012-07-13,63.75,65.04,63.6,64.86,1305300,1.0,0.0
2012-07-16,64.55,64.91,63.53,64.04,1952000,1.0,0.0
2012-07-17,64.13,64.715,63.57,64.69,1484300,1.0,0.0
2012-07-18,64.19,65.94,64.14,65.8,1424000,1.0,0.0
2012-07-19,65.92,66.34,65.55,65.99,1577800,1.0,0.0
2012-07-20,65.27,65.38,64.65,64.97,4674600,1.0,0.0
2012-07-23,64.1,64.24,63.37,63.92,1799800,1.0,0.0
2012-07-24,63.85,64.13,62.9,63.4,1785800,1.0,0.0
2012-07-25,63.75,63.99,61.3,62.0,4042900,1.0,0.0
2012-07-26,62.85,63.72,62.44,62.9,2331700,1.0,0.0
2012-07-27,63.05,64.21,62.74,63.83,1690400,1.0,0.0
2012-07-30,63.67,64.14,63.25,63.47,1450600,1.0,0.0
2012-07-31,63.29,63.95,63.09,63.44,1923200,1.0,0.0
2012-08-01,63.7,63.95,62.9525,63.05,1636400,1.0,0.0
2012-08-02,62.89,62.94,61.09,61.99,2104400,1.0,0.0
2012-08-03,62.78,63.47,62.78,63.1,1490000,1.0,0.0
2012-08-06,63.43,63.71,62.77,62.98,1211900,1.0,0.0
2012-08-07,63.07,64.24,63.0,63.9,1405600,1.0,0.0
2012-08-08,63.73,64.08,63.23,63.93,1397600,1.0,0.0
2012-08-09,63.67,63.822,62.98,63.43,1599400,1.0,0.0
2012-08-10,63.38,63.68,63.13,63.58,1110200,1.0,0.0
2012-08-13,63.45,63.77,62.88,63.34,919900,1.0,0.0
2012-08-14,63.63,63.98,63.28,63.79,1149700,1.0,0.0
2012-08-15,63.68,64.45,63.5416,64.2,1559400,1.0,0.0
2012-08-16,64.19,65.71,64.19,65.36,1713300,1.0,0.0
2012-08-17,65.5,65.77,64.7,65.7,1768400,1.0,0.0
2012-08-20,65.45,66.26,65.22,66.13,1353800,1.0,0.0
2012-08-21,66.15,66.58,65.72,66.53,1975000,1.0,0.0
2012-08-22,66.25,66.48,65.85,66.3,1767900,1.0,0.0
2012-08-23,66.01,66.24,65.409,65.61,1569100,1.0,0.0
2012-08-24,65.43,66.16,65.12,66.09,1433700,1.0,0.0
2012-08-27,66.25,66.39,65.59,65.62,1146300,1.0,0.0
2012-08-28,65.35,65.94,65.25,65.76,1730400,1.0,0.0
2012-08-29,65.87,66.19,65.34,65.85,1292200,1.0,0.0
2012-08-30,65.45,65.69,64.78,65.32,1165300,1.0,0.0
2012-08-31,65.84,66.12,65.345,65.51,1397000,1.0,0.0
2012-09-04,65.55,65.86,64.47,64.65,1511600,1.0,0.0
2012-09-05,64.87,65.15,64.29,64.78,1483400,1.0,0.0
2012-09-06,65.3,66.73,65.1,66.72,1593900,1.0,0.0
2012-09-07,66.89,67.29,66.75,67.2,1163600,1.0,0.0
2012-09-10,66.95,67.08,66.3,66.32,2214000,1.0,0.0
2012-09-11,66.3,66.35,65.9,65.98,2204300,1.0,0.0
2012-09-12,66.21,66.28,65.6,65.87,1845400,1.0,0.0
2012-09-13,65.68,66.31,65.02,66.12,2509400,1.0,0.0
2012-09-14,66.24,67.2,66.2,66.78,1870900,1.0,0.0
2012-09-17,66.57,67.1001,66.42,66.62,1087300,1.0,0.0
2012-09-18,66.58,66.845,66.41,66.65,997200,1.0,0.0
2012-09-19,66.55,66.75,66.0,66.51,1019200,1.0,0.0
2012-09-20,66.14,66.38,65.85,66.28,1182100,1.0,0.0
2012-09-21,66.48,66.83,66.05,66.15,4062100,1.0,0.0
2012-09-24,65.72,66.46,65.24,66.37,1105300,1.0,0.0
2012-09-25,66.5,66.93,66.17,66.47,2257700,1.0,0.0
2012-09-26,66.59,67.19,66.53,66.61,1671100,1.0,0.0
2012-09-27,66.77,66.89,66.11,66.46,1234100,1.0,0.0
2012-09-28,66.11,66.47,65.67,66.12,1719800,1.0,0.0
2012-10-01,66.03,67.7,66.0,67.42,2114300,1.0,0.0
2012-10-02,67.45,67.74,66.93,67.3,1405400,1.0,0.0
2012-10-03,67.17,67.17,66.31,66.46,910600,1.0,0.51
2012-10-04,66.74,67.27,66.655,66.82,940800,1.0,0.0
2012-10-05,67.18,67.88,67.11,67.29,1145100,1.0,0.0
2012-10-08,67.0,67.06,66.41,66.45,1037000,1.0,0.0
2012-10-09,66.52,66.89,65.94,65.94,978600,1.0,0.0
2012-10-10,65.92,66.0571,65.06,65.16,1331600,1.0,0.0
2012-10-11,65.57,66.04,65.53,65.59,902000,1.0,0.0
2012-10-12,65.83,66.64,65.78,66.1,920800,1.0,0.0
2012-10-15,66.25,66.36,65.9,66.16,966800,1.0,0.0
2012-10-16,66.54,67.38,66.34,67.22,1010700,1.0,0.0
2012-10-17,67.41,67.91,66.9088,67.66,1023000,1.0,0.0
2012-10-18,67.51,68.73,67.27,68.58,1486800,1.0,0.0
2012-10-19,68.26,68.35,67.06,67.17,1747400,1.0,0.0
2012-10-22,67.1,67.685,66.535,67.15,1062600,1.0,0.0
2012-10-23,66.39,66.48,65.03,66.21,2029800,1.0,0.0
2012-10-24,65.58,68.75,65.48,67.79,2983600,1.0,0.0
2012-10-25,68.23,68.56,66.96,67.61,1544500,1.0,0.0
2012-10-26,67.56,67.68,66.75,67.32,1599900,1.0,0.0
2012-10-31,67.79,68.5,67.52,68.08,1631000,1.0,0.0
2012-11-01,68.29,69.74,68.016,69.42,2200600,1.0,0.0
2012-11-02,69.74,69.88,68.655,68.81,1866900,1.0,0.0
2012-11-05,68.81,68.81,67.97,68.37,1679900,1.0,0.0
2012-11-06,68.6,69.95,68.3,69.26,1635500,1.0,0.0
2012-11-07,68.07,68.1,65.77,66.59,3075200,1.0,0.0
2012-11-08,66.45,66.58,64.14,64.33,3382900,1.0,0.0
2012-11-09,64.31,65.16,64.14,64.45,2200900,1.0,0.0
2012-11-12,64.48,64.56,63.87,64.18,1416800,1.0,0.0
2012-11-13,63.65,64.64,63.6,63.75,1376100,1.0,0.0
2012-11-14,63.92,63.94,62.02,62.2,1964600,1.0,0.0
2012-11-15,62.1,62.55,61.84,62.14,1705500,1.0,0.0
2012-11-16,62.18,62.59,61.7,62.13,2340400,1.0,0.0
2012-11-19,62.81,63.91,62.64,63.91,2273800,1.0,0.0
2012-11-20,63.83,63.85,63.12,63.75,1833100,1.0,0.0
2012-11-21,63.8,64.57,63.59,64.36,1005500,1.0,0.0
2012-11-23,64.59,65.41,64.34,65.41,553500,1.0,0.0
2012-11-26,65.0,65.19,64.64,65.06,1392600,1.0,0.0
2012-11-27,64.97,65.5,64.73,64.96,1668800,1.0,0.0
2012-11-28,64.48,65.72,64.41,65.71,1435200,1.0,0.0
2012-11-29,66.0,66.61,65.5,66.53,1946900,1.0,0.0
2012-11-30,66.5,66.61,66.1,66.5,1935000,1.0,0.0
2012-12-03,66.78,66.98,65.29,65.69,1151700,1.0,0.0
2012-12-04,65.68,66.52,65.58,66.44,1535900,1.0,0.0
2012-12-05,66.45,67.15,65.735,66.88,1760400,1.0,0.0
2012-12-06,66.8,66.85,65.87,66.7,1530600,1.0,0.0
2012-12-07,67.08,67.22,66.4,67.19,1174400,1.0,0.0
2012-12-10,67.19,68.3,66.91,68.25,1713700,1.0,0.0
2012-12-11,68.5,69.2,68.3,68.97,1864600,1.0,0.0
2012-12-12,69.13,69.57,68.79,68.9,1646700,1.0,0.0
2012-12-13,68.9,68.9875,67.9,68.0,1861400,1.0,0.0
2012-12-14,67.66,67.97,67.365,67.49,1445200,1.0,0.51
2012-12-17,67.63,68.38,67.5,68.0,1626800,1.0,0.0
2012-12-18,68.08,69.05,67.8221,69.01,1714500,1.0,0.0
2012-12-19,68.94,69.77,68.77,69.52,1713400,1.0,0.0
2012-12-20,69.61,70.28,69.17,70.28,1811000,1.0,0.0
2012-12-21,69.34,70.43,69.31,70.4,3458400,1.0,0.0
2012-12-24,70.59,70.59,68.94,69.47,1096900,1.0,0.0
2012-12-26,69.61,70.1852,69.005,69.04,1129900,1.0,0.0
2012-12-27,69.14,69.47,68.21,69.02,1057300,1.0,0.0
2012-12-28,68.42,68.79,67.835,67.88,1010100,1.0,0.0
2012-12-31,67.54,69.3099,67.14,69.27,1581900,1.0,0.0
2013-01-02,70.67,71.21,70.24,71.21,2021500,1.0,0.0
2013-01-03,71.12,71.75,70.59,71.49,1740800,1.0,0.0
2013-01-04,71.65,71.66,71.0,71.07,2406300,1.0,0.0
2013-01-07,70.78,72.01,70.76,71.86,1941700,1.0,0.0
2013-01-08,71.5,71.68,70.28,70.41,1734900,1.0,0.0
2013-01-09,70.53,70.96,70.21,70.68,1404400,1.0,0.0
2013-01-10,71.03,71.65,70.92,71.65,1176700,1.0,0.0
2013-01-11,71.93,71.93,70.74,70.74,1588100,1.0,0.0
2013-01-14,70.6,70.82,70.14,70.35,2036300,1.0,0.0
2013-01-15,70.18,70.76,69.91,70.58,1488000,1.0,0.0
2013-01-16,70.61,70.79,69.51,69.8,1966900,1.0,0.0
2013-01-17,70.09,71.2,69.61,71.02,2186800,1.0,0.0
2013-01-18,70.89,71.15,70.41,70.66,2283400,1.0,0.0
2013-01-22,70.47,70.77,70.41,70.71,1853400,1.0,0.0
2013-01-23,68.37,71.69,67.2,71.45,8097300,1.0,0.0
2013-01-24,71.36,71.45,70.03,70.64,4237700,1.0,0.0
2013-01-25,70.75,71.09,70.2,70.96,2513400,1.0,0.0
2013-01-28,70.67,70.85,69.93,70.01,2846100,1.0,0.0
2013-01-29,69.85,69.91,69.03,69.25,2953600,1.0,0.0
2013-01-30,69.33,69.35,68.24,68.43,3040900,1.0,0.0
2013-01-31,68.22,68.37,66.125,66.3,5447300,1.0,0.0
2013-02-01,66.46,66.84,64.95,65.88,7156000,1.0,0.0
2013-02-04,65.16,65.64,64.47,64.57,4565300,1.0,0.0
2013-02-05,65.02,66.02,64.9,65.14,4732800,1.0,0.0
2013-02-06,65.0,66.32,65.0,66.27,4061800,1.0,0.0
2013-02-07,66.29,67.12,65.98,66.77,3747200,1.0,0.0
2013-02-08,66.74,66.88,66.47,66.82,2099200,1.0,0.0
2013-02-11,66.82,67.09,66.3,66.66,1650700,1.0,0.0
2013-02-12,66.93,66.99,66.495,66.68,1950800,1.0,0.0
2013-02-13,66.71,66.9,65.72,66.11,2673800,1.0,0.0
2013-02-14,65.81,66.75,65.63,66.22,2642200,1.0,0.0
2013-02-15,66.18,66.49,65.9,66.4,2015400,1.0,0.0
2013-02-19,66.52,67.03,66.21,67.03,2391600,1.0,0.0
2013-02-20,67.04,67.11,66.58,66.61,2304000,1.0,0.0
2013-02-21,66.6,66.75,66.04,66.49,1910300,1.0,0.0
2013-02-22,66.71,67.77,66.71,67.32,2115100,1.0,0.0
2013-02-25,67.71,67.89,66.67,66.69,3383200,1.0,0.0
2013-02-26,67.01,67.19,66.505,66.91,2701900,1.0,0.0
2013-02-27,66.75,68.74,66.6,68.55,3236400,1.0,0.0
2013-02-28,68.45,69.04,67.96,67.97,2338200,1.0,0.0
2013-03-01,67.54,68.14,66.91,67.73,1726500,1.0,0.0
2013-03-04,67.42,67.64,66.47,67.04,1598000,1.0,0.0
2013-03-05,67.3,67.87,67.2785,67.67,1432300,1.0,0.0
2013-03-06,67.88,68.0,67.4,67.68,1945400,1.0,0.0
2013-03-07,67.9,68.32,67.57,67.74,1930400,1.0,0.0
2013-03-08,68.05,68.965,68.05,68.89,2456600,1.0,0.0
2013-03-11,68.85,69.3,68.58,69.16,1492800,1.0,0.0
2013-03-12,69.11,69.34,68.38,68.77,1341700,1.0,0.0
2013-03-13,68.9,70.18,68.88,70.11,2444300,1.0,0.0
2013-03-14,70.13,70.38,69.6,69.65,1580800,1.0,0.0
2013-03-15,69.32,69.91,69.12,69.91,3352500,1.0,0.0
2013-03-18,69.2,70.1,69.13,69.69,1314400,1.0,0.0
2013-03-19,70.0,70.49,69.68,69.92,1847600,1.0,0.0
2013-03-20,70.21,70.48,69.68,69.74,1572300,1.0,0.0
2013-03-21,69.37,69.69,68.855,68.89,1544300,1.0,0.0
2013-03-22,69.14,69.44,69.0,69.29,1138700,1.0,0.0
2013-03-25,69.53,69.92,69.16,69.53,1949200,1.0,0.0
2013-03-26,69.78,70.365,69.73,70.3,2362200,1.0,0.0
2013-03-27,69.81,70.61,69.676,70.26,2560600,1.0,0.0
2013-03-28,70.29,70.7999,70.18,70.51,2504300,1.0,0.0
2013-04-01,70.14,70.24,68.12,68.16,2788800,1.0,0.0
2013-04-02,68.54,68.66,66.65,67.0,3552900,1.0,0.0
2013-04-03,67.16,68.63,66.87,68.39,3044400,1.0,0.0
2013-04-04,68.49,68.72,67.19,67.69,2333600,1.0,0.0
2013-04-05,67.37,69.64,67.17,69.56,3411400,1.0,0.0
2013-04-08,69.55,69.56,68.63,69.08,1861500,1.0,0.0
2013-04-09,69.37,69.68,68.79,69.33,1502700,1.0,0.0
2013-04-10,68.85,69.71,68.74,69.46,1748100,1.0,0.56
2013-04-11,69.7,71.38,69.6,71.33,2784600,1.0,0.0
2013-04-12,70.78,70.91,69.99,70.6,3324400,1.0,0.0
2013-04-15,69.67,70.0,68.1,68.19,2224500,1.0,0.0
2013-04-16,68.55,68.84,67.97,68.39,1810300,1.0,0.0
2013-04-17,67.74,67.97,65.77,66.43,3789700,1.0,0.0
2013-04-18,66.5,66.66,65.3703,65.99,3396300,1.0,0.0
2013-04-19,66.35,67.13,66.27,67.0,2861600,1.0,0.0
2013-04-22,67.16,67.16,66.05,66.37,1760900,1.0,0.0
2013-04-23,66.94,67.18,66.23,67.1,1719000,1.0,0.0
2013-04-24,68.52,72.18,68.5,71.73,5152800,1.0,0.0
2013-04-25,71.56,73.96,71.12,73.53,4411900,1.0,0.0
2013-04-26,73.36,73.905,73.01,73.3,2026300,1.0,0.0
2013-04-29,73.48,73.48,72.97,73.28,1994400,1.0,0.0
2013-04-30,73.3,74.09,72.68,73.96,2080300,1.0,0.0
2013-05-01,73.68,74.54,73.67,73.78,2345900,1.0,0.0
2013-05-02,73.84,74.47,73.69,74.46,1293300,1.0,0.0
2013-05-03,74.5,75.38,74.48,75.24,1803100,1.0,0.0
2013-05-06,75.07,75.5,74.9,75.25,1480900,1.0,0.0
2013-05-07,75.29,75.6,74.89,75.2,1595700,1.0,0.0
2013-05-08,75.1,75.63,74.74,75.42,1584400,1.0,0.0
2013-05-09,75.44,75.87,75.02,75.25,1202100,1.0,0.0
2013-05-10,75.25,75.77,75.15,75.7,1876600,1.0,0.0
2013-05-13,75.42,75.7,74.76,75.2,1733300,1.0,0.0
2013-05-14,75.32,77.0,75.32,76.64,2664000,1.0,0.0
2013-05-15,76.33,76.72,75.71,76.61,2191700,1.0,0.0
2013-05-16,76.55,77.05,76.04,76.14,2057100,1.0,0.0
2013-05-17,76.39,78.29,76.38,78.29,2720900,1.0,0.0
2013-05-20,78.15,78.67,77.89,78.6,2315700,1.0,0.0
2013-05-21,78.47,78.69,77.82,77.98,1875000,1.0,0.0
2013-05-22,78.12,78.6,77.14,77.42,1742100,1.0,0.0
2013-05-23,76.44,77.269,76.16,76.94,1368300,1.0,0.0
2013-05-24,76.65,77.695,76.37,77.34,1278600,1.0,0.0
2013-05-28,78.12,78.52,77.49,77.87,1068300,1.0,0.0
2013-05-29,77.46,78.09,77.0868,77.53,1151000,1.0,0.0
2013-05-30,77.79,78.76,77.77,78.35,1167600,1.0,0.0
2013-05-31,78.0,78.38,77.1,77.1,1715800,1.0,0.0
2013-06-03,77.23,77.92,76.81,77.57,1612700,1.0,0.0
2013-06-04,77.41,77.81,76.35,77.21,1661400,1.0,0.0
2013-06-05,76.87,77.159,76.46,76.68,1310000,1.0,0.0
2013-06-06,76.69,77.88,76.38,77.85,1844100,1.0,0.0
2013-06-07,78.3,79.46,78.08,79.12,1914000,1.0,0.0
2013-06-10,79.02,79.25,78.36,78.58,1672300,1.0,0.0
2013-06-11,77.95,79.105,77.8,78.17,1448800,1.0,0.0
2013-06-12,78.66,79.0,77.91,78.3,1258500,1.0,0.0
2013-06-13,78.15,78.585,77.69,78.07,2498400,1.0,0.0
2013-06-14,78.11,79.0,77.9,78.0,1570000,1.0,0.0
2013-06-17,78.63,79.13,77.96,78.38,1322200,1.0,0.0
2013-06-18,78.58,79.48,78.53,78.85,1890300,1.0,0.0
2013-06-19,78.94,78.96,77.48,77.5,1735200,1.0,0.0
2013-06-20,76.98,77.63,76.13,76.23,2246400,1.0,0.0
2013-06-21,76.81,77.2139,76.2,76.2,3264400,1.0,0.0
2013-06-24,76.04,77.1,75.63,76.48,2283500,1.0,0.0
2013-06-25,76.97,77.12,76.1,76.42,2067900,1.0,0.0
2013-06-26,77.2,77.97,76.69,77.89,2217400,1.0,0.0
2013-06-27,78.34,79.01,78.03,78.67,1848700,1.0,0.0
2013-06-28,78.44,78.9299,78.27,78.33,2382600,1.0,0.0
2013-07-01,78.06,79.37,77.96,79.01,2260700,1.0,0.0
2013-07-02,78.21,78.73,77.6,78.07,2863900,1.0,0.56
2013-07-03,77.71,78.59,77.4,78.34,885800,1.0,0.0
2013-07-05,79.04,79.565,78.62,79.42,1172000,1.0,0.0
2013-07-08,79.91,80.15,79.38,79.72,2848800,1.0,0.0
2013-07-09,80.21,80.54,79.72,79.86,1942800,1.0,0.0
2013-07-10,79.99,80.96,79.92,80.6,2234500,1.0,0.0
2013-07-11,81.33,82.72,81.22,82.45,2794200,1.0,0.0
2013-07-12,82.28,83.06,82.233,82.6,2296900,1.0,0.0
2013-07-15,82.65,83.58,82.55,83.56,1563800,1.0,0.0
2013-07-16,83.63,83.88,82.95,83.01,3147300,1.0,0.0
2013-07-17,83.03,83.44,82.62,82.93,1020700,1.0,0.0
2013-07-18,83.25,84.15,83.094,83.72,1553400,1.0,0.0
2013-07-19,83.81,84.67,83.54,84.4,2955200,1.0,0.0
2013-07-22,84.16,84.81,83.93,84.23,1897500,1.0,0.0
2013-07-23,84.45,84.56,83.78,84.03,1469800,1.0,0.0
2013-07-24,85.02,86.6,84.94,85.31,2996300,1.0,0.0
2013-07-25,85.4,85.92,84.63,85.8,1605500,1.0,0.0
2013-07-26,85.32,85.86,85.05,85.86,1142900,1.0,0.0
2013-07-29,84.8,85.33,83.99,85.02,2024900,1.0,0.0
2013-07-30,85.17,86.01,85.0,85.65,1496400,1.0,0.0
2013-07-31,85.5,86.17,85.07,85.34,2853400,1.0,0.0
2013-08-01,85.8,86.975,85.76,86.81,1524400,1.0,0.0
2013-08-02,86.68,87.54,86.44,87.49,1761700,1.0,0.0
2013-08-05,87.04,87.82,86.551,87.69,1547900,1.0,0.0
2013-08-06,87.28,87.85,87.23,87.34,1658600,1.0,0.0
2013-08-07,87.3,87.54,86.79,87.02,2125300,1.0,0.0
2013-08-08,87.38,87.8,86.86,87.02,998500,1.0,0.0
2013-08-09,87.03,87.28,86.46,86.92,1337700,1.0,0.0
2013-08-12,86.63,86.71,85.74,85.77,1265400,1.0,0.0
2013-08-13,85.81,86.19,85.28,86.0,1266100,1.0,0.0
2013-08-14,86.03,86.04,85.16,85.29,1384400,1.0,0.0
2013-08-15,84.44,84.78,83.72,83.81,1171700,1.0,0.0
2013-08-16,83.48,84.3,83.41,83.75,1466300,1.0,0.0
2013-08-19,83.43,84.55,83.41,84.15,1299800,1.0,0.0
2013-08-20,84.14,84.78,84.06,84.11,882900,1.0,0.0
2013-08-21,84.0,84.27,83.5375,83.71,1084600,1.0,0.0
2013-08-22,84.0,84.69,83.87,84.5,1022200,1.0,0.0
2013-08-23,84.47,84.71,84.19,84.61,954500,1.0,0.0
2013-08-26,84.67,85.2,84.24,84.24,1534100,1.0,0.0
2013-08-27,83.74,84.35,82.73,82.91,1275400,1.0,0.0
2013-08-28,82.87,83.36,82.23,82.85,1265600,1.0,0.0
2013-08-29,82.69,83.77,82.46,83.58,1011300,1.0,0.0
2013-08-30,83.64,83.71,83.01,83.25,1178700,1.0,0.0
2013-09-03,84.32,84.74,83.97,84.35,1239500,1.0,0.0
2013-09-04,84.13,85.09,84.02,84.99,2013800,1.0,0.0
2013-09-05,84.84,85.05,84.33,84.99,838500,1.0,0.0
2013-09-06,85.11,85.17,83.76,84.57,973800,1.0,0.0
2013-09-09,84.76,85.49,84.76,85.28,1101100,1.0,0.0
2013-09-10,85.6,86.76,85.52,86.74,1348700,1.0,0.0
2013-09-11,86.3,86.99,86.11,86.9,1072900,1.0,0.0
2013-09-12,87.02,87.125,86.39,86.63,931400,1.0,0.0
2013-09-13,86.86,87.28,86.31,87.13,922300,1.0,0.0
2013-09-16,87.57,88.3302,87.43,88.07,1209000,1.0,0.0
2013-09-17,86.65,89.2,86.65,89.14,1315800,1.0,0.0
2013-09-18,89.0,89.7779,88.09,89.39,1319800,1.0,0.0
2013-09-19,89.38,89.94,88.9,89.65,1279800,1.0,0.0
2013-09-20,89.62,89.71,88.1,88.15,1688900,1.0,0.0
2013-09-23,88.06,88.61,87.61,87.91,1293700,1.0,0.0
2013-09-24,87.85,88.33,87.77,87.93,1536000,1.0,0.0
2013-09-25,88.04,88.16,87.585,87.74,1288100,1.0,0.0
2013-09-26,87.68,88.46,87.57,88.25,823300,1.0,0.0
2013-09-27,87.9,88.38,87.73,88.29,1126100,1.0,0.0
2013-09-30,86.25,87.91,86.17,87.52,1695600,1.0,0.0
2013-10-01,87.45,88.49,87.44,88.48,1127400,1.0,0.0
2013-10-02,88.04,88.04,86.67,87.51,1303300,1.0,0.0
2013-10-03,87.46,87.46,85.19,85.98,1472700,1.0,0.0
2013-10-04,85.87,86.28,85.41,85.91,911400,1.0,0.0
2013-10-07,85.36,86.81,85.25,86.17,1232400,1.0,0.0
2013-10-08,86.31,86.49,84.92,84.97,1491300,1.0,0.0
2013-10-09,84.52,84.9,83.61,84.28,1513200,1.0,0.56
2013-10-10,85.03,87.41,84.95,87.41,1765800,1.0,0.0
2013-10-11,87.41,87.77,87.14,87.76,963500,1.0,0.0
2013-10-14,87.13,87.94,86.79,87.81,709500,1.0,0.0
2013-10-15,87.89,88.0,86.5075,86.85,787900,1.0,0.0
2013-10-16,87.16,87.63,86.94,87.55,1025000,1.0,0.0
2013-10-17,87.47,88.495,87.178,88.38,801400,1.0,0.0
2013-10-18,88.47,88.55,87.92,88.4,1360300,1.0,0.0
2013-10-21,88.6,88.74,87.93,88.0,1980300,1.0,0.0
2013-10-22,88.45,88.69,87.99,88.16,2098200,1.0,0.0
2013-10-23,88.89,88.98,85.83,86.23,2410100,1.0,0.0
2013-10-24,86.2,87.15,85.7901,87.12,2036300,1.0,0.0
2013-10-25,86.92,88.3,86.55,88.26,1907600,1.0,0.0
2013-10-28,88.11,88.16,87.34,87.65,1750100,1.0,0.0
2013-10-29,87.82,87.92,87.1,87.88,1762700,1.0,0.0
2013-10-30,88.09,88.45,86.35,86.49,2055100,1.0,0.0
2013-10-31,86.62,86.925,86.13,86.63,1446800,1.0,0.0
2013-11-01,86.85,87.73,86.66,87.15,877700,1.0,0.0
2013-11-04,87.46,87.569,86.96,87.08,800900,1.0,0.0
2013-11-05,87.05,87.54,86.76,87.1,1081500,1.0,0.0
2013-11-06,87.59,87.85,87.2,87.67,1192200,1.0,0.0
2013-11-07,87.71,87.99,86.74,86.8,1349900,1.0,0.0
2013-11-08,86.76,87.46,86.59,87.2,1427900,1.0,0.0
2013-11-11,87.22,87.31,87.044,87.17,989400,1.0,0.0
2013-11-12,86.76,87.25,86.64,86.73,1014000,1.0,0.0
2013-11-13,86.51,87.15,86.36,87.08,1846200,1.0,0.0
2013-11-14,87.5,87.94,87.21,87.94,2238800,1.0,0.0
2013-11-15,87.82,88.78,87.29,88.71,1588600,1.0,0.0
2013-11-18,89.0,89.93,88.91,89.3,1407500,1.0,0.0
2013-11-19,89.17,89.93,89.05,89.81,1796600,1.0,0.0
2013-11-20,89.9,90.42,89.295,89.62,1688900,1.0,0.0
2013-11-21,90.0,91.16,89.83,91.1,1796900,1.0,0.0
2013-11-22,90.94,92.22,90.72,92.15,1538400,1.0,0.0
2013-11-25,92.31,92.49,91.3,91.68,1122900,1.0,0.0
2013-11-26,91.72,92.29,91.69,91.92,1004700,1.0,0.0
2013-11-27,91.99,92.75,91.92,92.27,886300,1.0,0.0
2013-11-29,92.33,92.502,91.57,91.66,776200,1.0,0.0
2013-12-02,91.4,92.08,91.02,91.22,1136900,1.0,0.0
2013-12-03,91.09,91.36,90.02,90.34,1198600,1.0,0.0
2013-12-04,90.0,90.77,88.85,89.48,1597700,1.0,0.0
2013-12-05,89.28,90.255,89.1,89.23,882000,1.0,0.0
2013-12-06,90.06,90.79,89.78,90.79,1042700,1.0,0.0
2013-12-09,90.89,90.98,90.41,90.53,690200,1.0,0.0
2013-12-10,90.23,90.96,89.99,90.55,893000,1.0,0.0
2013-12-11,90.74,90.9,89.18,89.7,1924600,1.0,0.0
2013-12-12,89.47,90.1,89.41,89.89,1141100,1.0,0.0
2013-12-13,89.89,90.62,89.38,90.26,1178100,1.0,0.0
2013-12-16,90.48,91.34,90.29,90.92,1200800,1.0,0.0
2013-12-17,91.27,91.5,91.01,91.44,1124200,1.0,0.0
2013-12-18,91.4,93.61,91.01,93.55,1926800,1.0,0.0
2013-12-19,92.95,93.13,92.05,92.66,1365600,1.0,0.0
2013-12-20,92.64,93.91,92.64,93.37,1832100,1.0,0.0
2013-12-23,93.85,93.91,93.01,93.18,1019500,1.0,0.0
2013-12-24,93.32,93.77,93.14,93.77,358400,1.0,0.0
2013-12-26,93.95,94.94,93.95,94.84,786800,1.0,0.0
2013-12-27,94.49,95.04,94.45,95.0,944600,1.0,0.0
2013-12-30,94.97,95.1,94.66,95.1,1015100,1.0,0.0
2013-12-31,94.74,95.76,94.36,95.55,1078900,1.0,0.0
2014-01-02,94.85,95.53,94.54,94.75,1816400,1.0,0.0
2014-01-03,94.76,95.37,94.34,94.74,1045600,1.0,0.0
2014-01-06,94.95,95.27,94.03,94.46,1581900,1.0,0.0
2014-01-07,94.7,95.66,94.67,95.26,1470800,1.0,0.0
2014-01-08,95.16,95.3,94.2,94.72,1842200,1.0,0.0
2014-01-09,95.02,95.97,94.99,95.23,1848500,1.0,0.0
2014-01-10,95.6,95.64,94.53,95.1,1459900,1.0,0.0
2014-01-13,94.89,96.28,94.7,95.01,1846500,1.0,0.0
2014-01-14,95.44,95.96,95.0,95.96,1659900,1.0,0.0
2014-01-15,95.23,96.65,94.93,95.59,2668300,1.0,0.56
2014-01-16,95.45,95.83,95.18,95.4,777300,1.0,0.0
2014-01-17,95.4,95.92,95.33,95.47,1748500,1.0,0.0
2014-01-21,95.84,96.87,95.21,95.3,1673100,1.0,0.0
2014-01-22,96.12,100.5999,93.85,99.65,5421000,1.0,0.0
2014-01-23,99.96,101.8,99.93,101.55,3070600,1.0,0.0
2014-01-24,100.04,100.21,98.1,98.31,3503500,1.0,0.0
2014-01-27,97.855,100.37,97.855,99.95,3145800,1.0,0.0
2014-01-28,100.02,101.73,100.02,100.5,3568800,1.0,0.0
2014-01-29,99.78,99.99,98.43,99.01,2536200,1.0,0.0
2014-01-30,99.14,100.71,99.11,100.49,2363900,1.0,0.0
2014-01-31,99.21,102.18,98.83,101.31,3304200,1.0,0.0
2014-02-03,101.0,101.77,98.4,98.47,2721800,1.0,0.0
2014-02-04,100.82,101.59,98.75,99.68,7819300,1.0,0.0
2014-02-05,99.26,99.835,97.58,98.88,4055600,1.0,0.0
2014-02-06,100.15,101.5871,99.62,101.22,3383200,1.0,0.0
2014-02-07,101.87,104.5779,101.51,104.19,3158900,1.0,0.0
2014-02-10,103.2,103.64,102.44,102.51,2759600,1.0,0.0
2014-02-11,102.76,103.75,102.56,103.22,1949100,1.0,0.0
2014-02-12,103.29,103.81,103.04,103.66,2008900,1.0,0.0
2014-02-13,103.04,104.01,102.9,103.73,1629500,1.0,0.0
2014-02-14,103.41,106.45,103.2201,106.35,2579600,1.0,0.0
2014-02-18,106.08,107.22,105.58,106.77,2246800,1.0,0.0
2014-02-19,106.33,107.25,105.05,105.26,2762400,1.0,0.0
2014-02-20,105.65,108.0,105.526,107.75,2377000,1.0,0.0
2014-02-21,108.07,108.21,107.055,107.45,2426000,1.0,0.0
2014-02-24,107.27,109.57,107.0,108.76,2642400,1.0,0.0
2014-02-25,108.61,109.26,107.98,108.27,2090400,1.0,0.0
2014-02-26,108.24,108.7,107.39,108.03,2137700,1.0,0.0
2014-02-27,107.98,109.04,107.4101,108.98,1894100,1.0,0.0
2014-02-28,109.04,110.25,108.79,109.54,2282300,1.0,0.0
2014-03-03,108.06,110.98,107.73,110.61,3125000,1.0,0.0
2014-03-04,111.13,113.57,111.1,112.66,3641800,1.0,0.0
2014-03-05,112.4,113.1,111.69,111.84,2236800,1.0,0.0
2014-03-06,110.81,112.13,110.72,111.45,2589700,1.0,0.0
2014-03-07,110.83,112.09,110.62,111.49,2642300,1.0,0.0
2014-03-10,110.52,111.28,110.01,110.41,2191300,1.0,0.0
2014-03-11,109.84,110.632,108.92,108.99,1905200,1.0,0.0
2014-03-12,108.5,109.46,108.04,109.38,1793500,1.0,0.0
2014-03-13,109.58,110.3199,107.3,107.99,3006200,1.0,0.0
2014-03-14,107.85,108.47,107.21,107.63,2445400,1.0,0.0
2014-03-17,106.36,108.92,106.29,108.41,1756700,1.0,0.0
2014-03-18,108.89,109.641,108.68,109.4,2034200,1.0,0.0
2014-03-19,109.66,110.33,107.48,108.02,2185600,1.0,0.0
2014-03-20,107.95,108.38,106.866,107.25,2057300,1.0,0.0
2014-03-21,108.28,108.44,107.04,107.08,5152100,1.0,0.0
2014-03-24,107.5,107.96,105.66,106.58,2191600,1.0,0.0
2014-03-25,107.13,108.52,106.805,107.65,1850800,1.0,0.0
2014-03-26,108.19,108.82,106.66,106.66,2073500,1.0,0.0
2014-03-27,106.2,107.225,105.5,106.37,1893000,1.0,0.0
2014-03-28,106.43,108.08,106.38,107.7,1505700,1.0,0.0
2014-03-31,108.5,109.18,108.19,108.92,1713500,1.0,0.0
2014-04-01,109.16,109.74,108.66,109.68,1441100,1.0,0.0
2014-04-02,109.77,111.21,109.75,110.61,1672500,1.0,0.0
2014-04-03,110.96,111.32,110.2,110.89,1199100,1.0,0.0
2014-04-04,111.35,111.83,108.01,108.29,2052000,1.0,0.0
2014-04-07,108.29,109.25,107.14,107.65,2338300,1.0,0.0
2014-04-08,107.65,108.0,106.1,106.38,2403500,1.0,0.0
2014-04-09,106.15,108.18,106.05,108.04,1695400,1.0,0.62
2014-04-10,108.27,108.695,105.65,105.71,1453700,1.0,0.0
2014-04-11,105.37,106.1444,104.94,104.99,1447800,1.0,0.0
2014-04-14,105.41,106.02,104.22,105.13,1718200,1.0,0.0
2014-04-15,105.45,106.92,104.7,106.7,1709900,1.0,0.0
2014-04-16,107.45,108.19,106.69,108.18,1194800,1.0,0.0
2014-04-17,108.43,109.49,107.61,109.06,1556800,1.0,0.0
2014-04-21,109.19,109.595,108.42,109.3,1280000,1.0,0.0
2014-04-22,109.36,109.91,108.01,108.04,2020900,1.0,0.0
2014-04-23,108.37,112.1,106.54,111.58,2264700,1.0,0.0
2014-04-24,111.8,111.99,109.92,110.42,2016700,1.0,0.0
2014-04-25,110.0,110.385,108.73,109.01,1258400,1.0,0.0
2014-04-28,109.87,109.91,106.58,107.39,2644200,1.0,0.0
2014-04-29,108.54,109.08,108.13,108.26,2801700,1.0,0.0
2014-04-30,108.38,109.9,107.84,109.45,2409100,1.0,0.0
2014-05-01,109.51,110.79,109.18,109.77,1880500,1.0,0.0
2014-05-02,109.97,111.69,109.71,111.01,2124700,1.0,0.0
2014-05-05,110.6,111.99,110.41,111.88,2117800,1.0,0.0
2014-05-06,111.34,112.23,111.17,111.72,1795200,1.0,0.0
2014-05-07,112.0,112.37,111.21,111.96,2503700,1.0,0.0
2014-05-08,111.97,112.56,111.43,111.93,2128800,1.0,0.0
2014-05-09,111.86,112.79,111.08,112.79,2129900,1.0,0.0
2014-05-12,113.0,114.94,112.93,114.85,2412000,1.0,0.0
2014-05-13,115.0,115.96,114.75,115.29,2225400,1.0,0.0
2014-05-14,115.34,115.87,114.57,114.66,1958600,1.0,0.0
2014-05-15,114.56,114.83,113.09,113.22,2110100,1.0,0.0
2014-05-16,113.32,113.7,112.43,113.56,2534700,1.0,0.0
2014-05-19,112.93,115.0,112.82,114.82,2027800,1.0,0.0
2014-05-20,114.04,114.56,112.63,113.08,1853500,1.0,0.0
2014-05-21,113.28,114.73,113.26,114.65,1550800,1.0,0.0
2014-05-22,114.7,115.2399,114.31,114.98,1313200,1.0,0.0
2014-05-23,115.03,115.88,114.98,115.49,1472100,1.0,0.0
2014-05-27,115.75,116.48,115.49,116.35,1151600,1.0,0.0
2014-05-28,116.07,117.75,115.56,117.56,2146700,1.0,0.0
2014-05-29,117.53,118.19,116.83,117.97,1893300,1.0,0.0
2014-05-30,117.7,118.22,116.97,118.12,1870900,1.0,0.0
2014-06-02,118.11,118.48,117.63,118.02,1508700,1.0,0.0
2014-06-03,117.0,118.76,117.0,118.36,2090900,1.0,0.0
2014-06-04,118.32,118.66,117.86,118.36,1512700,1.0,0.0
2014-06-05,118.75,120.91,118.67,120.89,1969200,1.0,0.0
2014-06-06,120.77,121.54,120.48,120.83,1871600,1.0,0.0
2014-06-09,121.0,121.68,120.29,120.62,2245200,1.0,0.0
2014-06-10,120.55,121.09,119.99,120.82,1586000,1.0,0.0
2014-06-11,120.32,120.74,119.61,119.87,1578200,1.0,0.0
2014-06-12,119.77,120.07,118.12,118.46,1049300,1.0,0.0
2014-06-13,118.76,119.57,118.26,119.14,956500,1.0,0.0
2014-06-16,118.9,119.71,118.7,119.2,1251200,1.0,0.0
2014-06-17,119.26,119.38,118.19,119.1,1197900,1.0,0.0
2014-06-18,119.32,119.79,118.46,119.64,926500,1.0,0.0
2014-06-19,119.66,120.17,118.98,120.04,1256800,1.0,0.0
2014-06-20,119.7,120.1,119.44,119.55,2210200,1.0,0.0
2014-06-23,119.82,119.82,118.43,118.74,1193200,1.0,0.0
2014-06-24,118.11,118.85,116.63,116.69,1483400,1.0,0.0
2014-06-25,116.7,117.41,116.2,117.22,1215900,1.0,0.0
2014-06-26,117.29,117.37,116.16,116.98,909200,1.0,0.0
2014-06-27,116.78,117.75,116.75,117.5,1522400,1.0,0.0
2014-06-30,117.41,117.56,116.38,116.55,1231500,1.0,0.0
2014-07-01,115.17,117.07,114.66,116.45,2174100,1.0,0.62
2014-07-02,116.19,116.445,115.13,115.5,1484300,1.0,0.0
2014-07-03,116.05,116.52,115.75,116.02,888900,1.0,0.0
2014-07-07,116.17,116.23,115.3401,115.75,1392000,1.0,0.0
2014-07-08,115.67,115.75,114.32,114.8,1316300,1.0,0.0
2014-07-09,115.0,115.6775,114.53,115.62,1094800,1.0,0.0
2014-07-10,114.07,116.12,114.04,115.53,1173200,1.0,0.0
2014-07-11,115.67,117.02,115.31,116.85,1513300,1.0,0.0
2014-07-14,117.09,117.45,116.41,116.68,1556900,1.0,0.0
2014-07-15,116.89,118.1,116.87,117.51,1596700,1.0,0.0
2014-07-16,117.96,118.15,117.15,117.51,798800,1.0,0.0
2014-07-17,117.06,117.55,116.05,116.1,795800,1.0,0.0
2014-07-18,116.65,117.88,116.51,117.64,1424900,1.0,0.0
2014-07-21,117.48,118.47,117.1,118.35,828500,1.0,0.0
2014-07-22,118.71,119.14,118.35,118.55,1382700,1.0,0.0
2014-07-23,120.35,121.11,119.11,120.73,2915400,1.0,0.0
2014-07-24,120.72,121.93,120.65,121.48,2182100,1.0,0.0
2014-07-25,120.96,122.17,120.86,121.14,1220600,1.0,0.0
2014-07-28,120.71,121.11,119.71,120.48,1239300,1.0,0.0
2014-07-29,120.48,120.705,119.18,119.18,990000,1.0,0.0
2014-07-30,119.23,119.98,118.55,119.21,1184200,1.0,0.0
2014-07-31,118.33,118.87,116.45,116.77,2168100,1.0,0.0
2014-08-01,116.44,118.06,116.44,117.38,316130,1.0,0.0
2014-08-04,117.38,117.6,115.91,117.23,432621,1.0,0.0
2014-08-05,117.0,118.5,116.16,116.35,1914300,1.0,0.0
2014-08-06,115.56,115.99,114.595,114.75,1826600,1.0,0.0
2014-08-07,114.74,116.1,114.1,114.39,1566300,1.0,0.0
2014-08-08,114.6,117.29,114.6,117.16,1873500,1.0,0.0
2014-08-11,117.86,118.51,117.42,117.82,1139000,1.0,0.0
2014-08-12,117.72,118.6,116.861,117.22,936800,1.0,0.0
2014-08-13,117.85,119.3,117.64,119.12,921100,1.0,0.0
2014-08-14,119.35,119.93,119.05,119.12,966000,1.0,0.0
2014-08-15,119.55,120.0,118.55,119.34,1879600,1.0,0.0
2014-08-18,120.2,121.49,120.17,121.18,1079400,1.0,0.0
2014-08-19,121.4,121.98,121.3,121.81,1054800,1.0,0.0
2014-08-20,121.65,123.745,121.49,123.48,1220800,1.0,0.0
2014-08-21,123.47,124.25,123.13,123.68,1254700,1.0,0.0
2014-08-22,123.67,124.38,123.12,123.85,1121600,1.0,0.0
2014-08-25,124.19,124.845,123.634,124.42,1167900,1.0,0.0
2014-08-26,123.55,124.98,123.47,124.93,760300,1.0,0.0
2014-08-27,124.6,124.76,123.68,123.99,878500,1.0,0.0
2014-08-28,123.7,123.79,122.94,123.39,1083900,1.0,0.0
2014-08-29,123.05,123.6,122.64,123.25,1140600,1.0,0.0
2014-09-02,123.35,123.84,122.54,122.66,1711300,1.0,0.0
2014-09-03,123.55,124.98,123.47,124.93,2142800,1.0,0.0
2014-09-04,124.95,126.22,124.514,124.7,1493000,1.0,0.0
2014-09-05,124.73,125.5,123.56,125.45,1459800,1.0,0.0
2014-09-08,125.26,126.445,125.04,125.77,1479400,1.0,0.0
2014-09-09,125.77,127.02,125.72,126.26,1607800,1.0,0.0
2014-09-10,126.13,127.69,126.028,127.42,1203000,1.0,0.0
2014-09-11,127.09,127.2,126.34,126.62,1241800,1.0,0.0
2014-09-12,126.61,126.685,125.8,126.4,1027200,1.0,0.0
2014-09-15,126.34,127.125,125.78,126.85,1099300,1.0,0.0
2014-09-16,126.6,128.34,126.18,127.75,1253000,1.0,0.0
2014-09-17,128.0,128.9,127.33,128.24,985100,1.0,0.0
2014-09-18,128.6,129.43,128.56,129.28,1122600,1.0,0.0
2014-09-19,130.0,130.17,129.01,129.45,2467400,1.0,0.0
2014-09-22,129.27,129.38,127.89,128.02,1155308,1.0,0.0
2014-09-23,127.62,128.03,125.88,125.97,1602808,1.0,0.0
2014-09-24,126.14,127.2,125.9001,126.98,1232044,1.0,0.0
2014-09-25,126.87,127.0,124.7,125.01,1431138,1.0,0.0
2014-09-26,125.47,127.95,125.24,127.7,1569269,1.0,0.0
2014-09-29,126.8,128.48,126.59,127.49,1303622,1.0,0.0
2014-09-30,127.5,128.39,126.89,127.09,1820477,1.0,0.0
2014-10-01,126.17,126.22,124.11,124.29,1929316,1.0,0.0
2014-10-02,123.08,123.65,120.56,121.8,5747446,1.0,0.0
2014-10-03,122.62,123.785,122.43,123.54,2679818,1.0,0.0
2014-10-06,124.16,124.92,122.39,123.11,1493756,1.0,0.0
2014-10-07,122.8,122.945,120.66,120.69,1783778,1.0,0.0
2014-10-08,120.27,123.32,119.54,123.15,1767094,1.0,0.62
2014-10-09,123.19,123.36,120.96,121.5,2090885,1.0,0.0
2014-10-10,121.67,122.45,120.55,121.22,2437331,1.0,0.0
2014-10-13,122.19,123.09,118.16,118.27,2320894,1.0,0.0
2014-10-14,118.53,120.15,118.13,118.61,2468960,1.0,0.0
2014-10-15,117.6,118.67,114.725,117.98,2292655,1.0,0.0
2014-10-16,115.99,118.64,115.63,117.85,2157130,1.0,0.0
2014-10-17,119.01,121.5,119.01,120.87,1929926,1.0,0.0
2014-10-20,120.51,121.35,120.275,121.3,1115698,1.0,0.0
2014-10-21,121.19,124.19,121.19,123.89,1780970,1.0,0.0
2014-10-22,127.18,128.219,125.585,126.31,2620861,1.0,0.0
2014-10-23,128.59,131.44,128.47,130.34,2192437,1.0,0.0
2014-10-24,130.34,132.54,129.8642,132.5,1407795,1.0,0.0
2014-10-27,132.33,133.29,131.84,133.09,1988833,1.0,0.0
2014-10-28,133.8,136.6,133.74,136.6,2045080,1.0,0.0
2014-10-29,136.42,136.92,135.6,136.45,1828950,1.0,0.0
2014-10-30,135.56,139.02,134.67,138.29,2275015,1.0,0.0
2014-10-31,139.79,140.78,138.63,139.76,2758594,1.0,0.0
2014-11-03,139.76,140.4199,138.72,139.72,2339148,1.0,0.0
2014-11-04,139.65,140.89,139.3,140.79,1965177,1.0,0.0
2014-11-05,141.14,142.38,140.27,141.95,1916194,1.0,0.0
2014-11-06,142.0,142.5699,141.36,141.56,1490880,1.0,0.0
2014-11-07,141.5,141.73,139.73,140.14,1994816,1.0,0.0
2014-11-10,140.3,141.47,139.92,140.82,1762483,1.0,0.0
2014-11-11,141.05,142.115,141.01,141.3,1276642,1.0,0.0
2014-11-12,140.88,141.65,140.71,141.3,1226831,1.0,0.0
2014-11-13,140.98,143.5,140.89,142.71,1977426,1.0,0.0
2014-11-14,142.61,143.42,141.55,142.66,1768458,1.0,0.0
2014-11-17,142.21,142.94,141.7,142.05,1298568,1.0,0.0
2014-11-18,142.24,144.7,141.93,143.93,1349062,1.0,0.0
2014-11-19,143.51,143.64,142.47,143.37,1069742,1.0,0.0
2014-11-20,142.76,143.93,141.97,143.75,1102985,1.0,0.0
2014-11-21,145.345,145.72,144.27,144.59,1404872,1.0,0.0
2014-11-24,145.09,145.92,144.64,144.88,1631934,1.0,0.0
2014-11-25,145.4,145.44,144.56,144.6,1614582,1.0,0.0
2014-11-26,144.9,145.0485,144.39,144.53,1552777,1.0,0.0
2014-11-28,145.31,146.13,145.03,145.36,840142,1.0,0.0
2014-12-01,145.0,145.2,143.7,143.76,1823468,1.0,0.0
2014-12-02,144.09,144.64,143.87,144.22,1489363,1.0,0.0
2014-12-03,144.75,145.385,144.33,145.13,1980527,1.0,0.0
2014-12-04,145.32,145.32,144.1,144.88,1365511,1.0,0.0
2014-12-05,145.0,145.5,144.72,145.15,1812500,1.0,0.0
2014-12-08,145.25,145.63,144.3,144.96,2135648,1.0,0.0
2014-12-09,143.555,145.65,142.94,145.02,1850416,1.0,0.0
2014-12-10,144.66,144.83,140.94,141.14,1996508,1.0,0.0
2014-12-11,141.76,143.35,141.67,142.4,1599711,1.0,0.0
2014-12-12,141.01,141.29,137.34,137.41,2988665,1.0,0.0
2014-12-15,137.67,138.6,135.49,135.61,2469215,1.0,0.0
2014-12-16,135.43,138.95,135.05,136.4,2210150,1.0,0.0
2014-12-17,136.6,137.8725,135.48,137.23,1954556,1.0,0.0
2014-12-18,138.72,140.25,138.72,139.82,3154527,1.0,0.0
2014-12-19,140.12,140.838,139.75,139.83,4035592,1.0,0.0
2014-12-22,140.68,142.01,140.21,141.4,3254782,1.0,0.0
2014-12-23,142.14,142.38,141.17,141.31,1554328,1.0,0.0
2014-12-24,141.6,142.05,141.43,141.54,815254,1.0,0.0
2014-12-26,141.93,142.08,141.3,141.39,570702,1.0,0.0
2014-12-29,141.0,141.31,140.23,140.67,985759,1.0,0.0
2014-12-30,140.62,140.73,139.45,139.63,965892,1.0,0.0
2014-12-31,139.2,139.89,137.51,137.62,1169391,1.0,0.0
2015-01-02,138.47,139.05,137.16,138.45,1112127,1.0,0.0
2015-01-05,137.96,138.63,135.38,135.56,1437105,1.0,0.0
2015-01-06,135.78,136.61,134.18,135.72,2772698,1.0,0.0
2015-01-07,135.79,136.67,134.97,135.2,2067315,1.0,0.0
2015-01-08,136.13,138.57,135.965,138.46,3858422,1.0,0.0
2015-01-09,138.37,139.51,137.38,138.97,3029560,1.0,0.0
2015-01-12,139.59,139.6,137.53,137.9,1386557,1.0,0.0
2015-01-13,139.51,140.75,136.69,137.79,1722098,1.0,0.0
2015-01-14,135.83,137.82,135.4,137.35,1258766,1.0,0.62
2015-01-15,138.16,138.48,136.74,137.71,1482226,1.0,0.0
2015-01-16,137.49,139.15,136.81,139.07,1681524,1.0,0.0
2015-01-20,139.09,139.89,136.61,138.09,1761889,1.0,0.0
2015-01-21,138.31,139.34,137.81,138.89,1197950,1.0,0.0
2015-01-22,139.42,141.56,138.46,141.21,1311172,1.0,0.0
2015-01-23,141.16,142.41,140.33,141.32,896415,1.0,0.0
2015-01-26,141.13,141.13,139.51,140.06,1223728,1.0,0.0
2015-01-27,138.33,138.75,137.05,137.2,1590220,1.0,0.0
2015-01-28,139.0,141.92,136.13,136.4,2764641,1.0,0.0
2015-01-29,136.32,136.84,133.04,134.48,3133026,1.0,0.0
2015-01-30,132.83,135.11,132.63,133.21,3479826,1.0,0.0
2015-02-02,133.89,136.49,132.5,136.12,2031002,1.0,0.0
2015-02-03,136.9,139.095,136.47,138.95,1893141,1.0,0.0
2015-02-04,138.75,139.87,138.26,138.53,1500466,1.0,0.0
2015-02-05,138.56,139.1999,138.02,138.69,1399490,1.0,0.0
2015-02-06,138.69,140.35,138.3,139.29,1428411,1.0,0.0
2015-02-09,138.65,139.26,136.63,136.94,1902148,1.0,0.0
2015-02-10,138.73,138.73,136.7,138.16,1361432,1.0,0.0
2015-02-11,138.09,138.24,136.32,137.21,1297443,1.0,0.0
2015-02-12,137.27,138.55,137.06,138.15,860934,1.0,0.0
2015-02-13,137.7,138.2,136.97,137.61,1361709,1.0,0.0
2015-02-17,137.31,138.26,136.26,138.05,1242485,1.0,0.0
2015-02-18,137.74,138.9,137.64,138.66,755161,1.0,0.0
2015-02-19,138.34,139.92,138.01,139.51,742822,1.0,0.0
2015-02-20,139.32,142.55,139.04,142.24,1341241,1.0,0.0
2015-02-23,141.74,142.05,140.77,141.26,747378,1.0,0.0
2015-02-24,140.88,142.06,140.82,141.68,764208,1.0,0.0
2015-02-25,141.68,141.68,139.98,140.14,735321,1.0,0.0
2015-02-26,140.2,140.641,139.0,139.43,1059622,1.0,0.0
2015-02-27,139.06,139.54,138.73,138.78,1267795,1.0,0.0
2015-03-02,139.21,140.62,138.8,139.8,1278156,1.0,0.0
2015-03-03,139.12,139.17,136.3501,137.09,1513454,1.0,0.0
2015-03-04,136.53,137.53,136.03,136.25,1866677,1.0,0.0
2015-03-05,136.21,137.28,135.74,136.43,1660498,1.0,0.0
2015-03-06,135.66,136.21,134.48,134.6,1393123,1.0,0.0
2015-03-09,134.37,136.56,134.07,135.92,1115279,1.0,0.0
2015-03-10,134.51,134.99,132.63,132.69,1997371,1.0,0.0
2015-03-11,133.45,133.77,132.07,132.3,1495151,1.0,0.0
2015-03-12,132.54,134.07,132.54,133.67,1520060,1.0,0.0
2015-03-13,133.54,134.85,131.33,132.19,1627329,1.0,0.0
2015-03-16,132.94,135.02,132.81,134.97,1899845,1.0,0.0
2015-03-17,134.27,134.548,133.4,134.13,1170209,1.0,0.0
2015-03-18,133.5,136.29,132.45,136.12,2032843,1.0,0.0
2015-03-19,135.56,136.27,135.02,135.28,1628547,1.0,0.0
2015-03-20,135.6,137.3,134.9,135.41,5233203,1.0,0.0
2015-03-23,136.45,137.03,135.83,135.88,1596608,1.0,0.0
2015-03-24,135.84,137.17,135.12,135.2,1435101,1.0,0.0
2015-03-25,135.88,136.53,133.67,133.76,1803518,1.0,0.0
2015-03-26,132.99,135.05,132.28,134.53,1856225,1.0,0.0
2015-03-27,134.35,135.32,134.14,135.04,945707,1.0,0.0
2015-03-30,135.66,138.05,135.18,137.51,1099072,1.0,0.0
2015-03-31,136.48,137.0,135.67,135.73,1286351,1.0,0.0
2015-04-01,135.07,135.14,132.68,133.98,1131993,1.0,0.0
2015-04-02,134.09,135.1799,133.62,133.73,815193,1.0,0.0
2015-04-06,133.26,136.08,133.01,135.51,1112140,1.0,0.0
2015-04-07,135.8,136.21,134.95,135.0,1611554,1.0,0.0
2015-04-08,134.2,135.71,134.2,135.24,1157845,1.0,0.69
2015-04-09,135.29,136.55,134.71,135.78,845215,1.0,0.0
2015-04-10,136.22,136.82,135.55,135.91,1028101,1.0,0.0
2015-04-13,135.64,136.4,134.55,134.77,754121,1.0,0.0
2015-04-14,134.65,134.77,132.14,133.1,1486378,1.0,0.0
2015-04-15,133.67,134.42,132.48,132.6,1257083,1.0,0.0
2015-04-16,132.29,133.85,131.47,133.15,1352484,1.0,0.0
2015-04-17,132.57,132.57,130.91,131.27,1223847,1.0,0.0
2015-04-20,132.05,133.8799,131.94,133.28,777463,1.0,0.0
2015-04-21,133.82,134.12,132.71,133.14,742259,1.0,0.0
2015-04-22,133.02,133.98,132.0,133.71,869436,1.0,0.0
2015-04-23,133.02,133.35,132.27,132.8,1613799,1.0,0.0
2015-04-24,132.8,134.2,132.52,134.1,1229013,1.0,0.0
2015-04-27,134.49,134.66,133.37,133.56,1070296,1.0,0.0
2015-04-28,133.28,133.66,132.195,133.48,1163868,1.0,0.0
2015-04-29,136.69,140.19,136.18,138.53,2822574,1.0,0.0
2015-04-30,137.91,139.16,136.79,137.32,2907986,1.0,0.0
2015-05-01,137.82,140.31,137.81,140.14,1885698,1.0,0.0
2015-05-04,139.84,140.99,138.93,140.6,1697698,1.0,0.0
2015-05-05,140.55,140.55,137.56,137.98,1652119,1.0,0.0
2015-05-06,138.6,138.72,137.16,137.63,1793564,1.0,0.0
2015-05-07,137.5,138.39,137.06,138.3,1157451,1.0,0.0
2015-05-08,140.1,141.96,138.75,141.66,1727724,1.0,0.0
2015-05-11,141.5,141.5,140.17,140.22,968263,1.0,0.0
2015-05-12,139.14,139.86,138.45,139.43,804107,1.0,0.0
2015-05-13,140.0,140.38,138.76,139.02,953333,1.0,0.0
2015-05-14,140.0,141.12,139.9,140.94,875466,1.0,0.0
2015-05-15,141.0,141.42,139.87,140.11,1278279,1.0,0.0
2015-05-18,140.2,140.73,139.87,140.28,1074634,1.0,0.0
2015-05-19,140.22,140.8,139.71,140.05,881124,1.0,0.0
2015-05-20,140.54,140.9,139.9,139.95,951473,1.0,0.0
2015-05-21,139.96,141.1,139.845,140.87,1248114,1.0,0.0
2015-05-22,139.88,140.36,138.77,139.64,1183972,1.0,0.0
2015-05-26,139.46,139.49,137.51,137.99,1092171,1.0,0.0
2015-05-27,138.65,140.99,138.53,140.56,1615566,1.0,0.0
2015-05-28,139.96,140.52,139.35,140.41,1134645,1.0,0.0
2015-05-29,140.51,140.53,138.77,140.16,1698974,1.0,0.0
2015-06-01,140.35,140.86,138.79,140.25,1221581,1.0,0.0
2015-06-02,139.62,141.09,138.55,140.6,932173,1.0,0.0
2015-06-03,140.79,141.85,140.25,140.68,1036893,1.0,0.0
2015-06-04,139.81,140.98,138.4301,138.98,1590356,1.0,0.0
2015-06-05,138.5,139.62,137.58,139.22,873755,1.0,0.0
2015-06-08,139.17,140.0,138.32,138.34,1027931,1.0,0.0
2015-06-09,138.34,139.435,137.83,138.68,1284206,1.0,0.0
2015-06-10,138.68,141.9,138.68,141.54,1335515,1.0,0.0
2015-06-11,141.68,142.67,141.12,142.25,1425012,1.0,0.0
2015-06-12,141.76,142.29,140.23,142.05,1203911,1.0,0.0
2015-06-15,140.74,142.5,140.18,142.02,1414316,1.0,0.0
2015-06-16,141.71,144.19,141.66,143.23,1888280,1.0,0.0
2015-06-17,143.52,144.79,142.88,144.5,1394980,1.0,0.0
2015-06-18,144.66,147.03,144.66,145.99,1717634,1.0,0.0
2015-06-19,145.59,146.29,145.02,145.09,1468965,1.0,0.0
2015-06-22,145.7,146.0699,144.35,145.37,1223483,1.0,0.0
2015-06-23,146.02,146.02,144.63,145.37,1293857,1.0,0.0
2015-06-24,145.25,146.1,144.69,145.52,1583319,1.0,0.0
2015-06-25,146.0,146.0,144.0801,144.13,1140797,1.0,0.0
2015-06-26,144.56,146.04,144.29,145.74,2906893,1.0,0.0
2015-06-29,144.37,144.89,141.76,141.84,1626993,1.0,0.0
2015-06-30,142.41,142.79,140.68,141.69,1363788,1.0,0.69
2015-07-01,142.43,144.29,142.36,143.17,1217421,1.0,0.0
2015-07-02,143.8,144.12,142.71,143.15,1098893,1.0,0.0
2015-07-06,142.24,144.025,141.72,143.34,1307475,1.0,0.0
2015-07-07,143.56,143.7,141.45,143.65,1539640,1.0,0.0
2015-07-08,142.73,143.56,141.82,142.26,1566269,1.0,0.0
2015-07-09,143.8,144.73,143.69,143.88,1790462,1.0,0.0
2015-07-10,145.87,146.975,145.21,146.1,1707422,1.0,0.0
2015-07-13,147.23,147.56,145.9,146.23,1723732,1.0,0.0
2015-07-14,146.57,147.635,146.57,146.97,1787615,1.0,0.0
2015-07-15,147.15,147.7399,146.73,147.25,1646000,1.0,0.0
2015-07-16,148.0,148.67,147.73,148.45,1316528,1.0,0.0
2015-07-17,148.6,148.84,146.99,148.65,1064805,1.0,0.0
2015-07-20,148.64,149.34,148.38,149.01,983171,1.0,0.0
2015-07-21,148.54,148.61,145.39,146.29,1451881,1.0,0.0
2015-07-22,146.11,146.37,144.16,145.22,2012420,1.0,0.0
2015-07-23,145.62,146.33,144.59,144.8,1467379,1.0,0.0
2015-07-24,144.81,144.83,142.31,142.62,1658988,1.0,0.0
2015-07-27,142.12,142.93,141.7986,142.41,1466168,1.0,0.0
2015-07-28,142.94,145.87,142.87,144.29,2060757,1.0,0.0
2015-07-29,149.27,153.4,149.07,149.96,4004478,1.0,0.0
2015-07-30,149.95,151.21,149.65,150.28,1603763,1.0,0.0
2015-07-31,150.56,150.635,148.75,149.11,1309361,1.0,0.0
2015-08-03,149.13,149.58,147.66,148.85,921480,1.0,0.0
2015-08-04,148.7,149.91,147.64,148.8,897209,1.0,0.0
2015-08-05,149.75,150.83,149.53,149.82,809707,1.0,0.0
2015-08-06,150.11,150.4,148.48,149.46,814098,1.0,0.0
2015-08-07,149.28,149.98,148.43,149.72,951353,1.0,0.0
2015-08-10,150.67,152.37,150.67,151.96,1011889,1.0,0.0
2015-08-11,150.67,150.9676,149.49,150.6,950364,1.0,0.0
2015-08-12,149.11,150.69,147.67,150.39,1414310,1.0,0.0
2015-08-13,150.13,151.08,149.54,150.54,851031,1.0,0.0
2015-08-14,150.41,151.7,149.705,151.61,712925,1.0,0.0
2015-08-17,151.08,153.0,150.83,152.85,1182078,1.0,0.0
2015-08-18,152.3,153.52,151.89,153.28,982588,1.0,0.0
2015-08-19,152.79,153.76,151.78,152.75,1287925,1.0,0.0
2015-08-20,151.85,152.11,148.86,148.93,1293043,1.0,0.0
2015-08-21,147.74,147.74,145.13,145.17,2651999,1.0,0.0
2015-08-24,136.01,146.078,132.02,140.81,3009338,1.0,0.0
2015-08-25,144.09,144.75,138.74,138.84,2174196,1.0,0.0
2015-08-26,141.85,144.15,139.2,144.05,1801692,1.0,0.0
2015-08-27,144.63,145.91,142.59,145.17,2418259,1.0,0.0
2015-08-28,145.12,145.37,143.39,144.53,1203176,1.0,0.0
2015-08-31,143.58,144.0,141.51,142.03,1224852,1.0,0.0
2015-09-01,139.59,140.63,138.28,138.89,2290021,1.0,0.0
2015-09-02,140.31,142.45,140.205,142.45,1171843,1.0,0.0
2015-09-03,142.66,144.54,142.46,143.41,1356383,1.0,0.0
2015-09-04,141.61,141.99,140.5,141.18,973981,1.0,0.0
2015-09-08,143.41,144.39,142.69,144.39,1375637,1.0,0.0
2015-09-09,145.58,145.85,142.18,142.47,1207931,1.0,0.0
2015-09-10,142.47,142.48,140.06,140.71,1590223,1.0,0.0
2015-09-11,140.25,141.9,140.02,141.88,1258952,1.0,0.0
2015-09-14,142.0,142.4599,140.28,140.65,1053804,1.0,0.0
2015-09-15,141.01,142.09,140.13,141.79,1124746,1.0,0.0
2015-09-16,141.83,142.0,140.93,141.84,1147294,1.0,0.0
2015-09-17,142.01,143.76,141.27,141.56,1215559,1.0,0.0
2015-09-18,139.97,140.49,138.715,139.24,3093370,1.0,0.0
2015-09-21,139.54,140.58,138.89,139.72,897833,1.0,0.0
2015-09-22,138.02,138.79,137.42,137.95,1390365,1.0,0.0
2015-09-23,137.96,138.32,136.02,136.57,951377,1.0,0.0
2015-09-24,135.67,138.985,134.64,138.51,1982677,1.0,0.0
2015-09-25,139.23,139.82,137.405,138.02,1174216,1.0,0.0
2015-09-28,136.81,137.64,135.04,135.11,1757815,1.0,0.0
2015-09-29,134.83,135.85,134.1,135.59,1869612,1.0,0.0
2015-09-30,137.38,138.51,136.29,137.95,1552030,1.0,0.0
2015-10-01,138.0,138.79,136.42,138.18,1226814,1.0,0.0
2015-10-02,135.99,139.15,135.77,139.13,1169826,1.0,0.0
2015-10-05,140.48,144.41,140.24,144.12,1774827,1.0,0.0
2015-10-06,143.51,144.59,140.48,140.66,1787020,1.0,0.0
2015-10-07,140.82,142.14,139.59,140.36,1406729,1.0,0.69
2015-10-08,139.59,142.18,138.62,141.91,1102930,1.0,0.0
2015-10-09,141.91,143.49,141.87,142.72,1265571,1.0,0.0
2015-10-12,143.07,144.01,142.7301,143.69,588586,1.0,0.0
2015-10-13,142.16,143.57,141.59,141.71,703720,1.0,0.0
2015-10-14,141.77,142.41,139.22,139.5,866048,1.0,0.0
2015-10-15,140.55,141.29,139.55,141.29,750404,1.0,0.0
2015-10-16,141.06,142.01,140.38,141.7,1058344,1.0,0.0
2015-10-19,140.93,141.32,140.37,141.25,958113,1.0,0.0
2015-10-20,141.19,141.71,140.54,141.25,990491,1.0,0.0
2015-10-21,142.0,144.83,141.66,143.09,1105046,1.0,0.0
2015-10-22,144.0,147.68,143.8901,147.25,1330657,1.0,0.0
2015-10-23,148.25,148.8,147.39,148.28,1198971,1.0,0.0
2015-10-26,148.22,148.88,147.58,148.15,852198,1.0,0.0
2015-10-27,147.68,149.07,147.4,148.4,1620738,1.0,0.0
2015-10-28,150.87,152.51,147.21,150.78,2626351,1.0,0.0
2015-10-29,150.47,150.93,147.5,149.97,1680012,1.0,0.0
2015-10-30,150.35,150.94,147.28,148.58,2127500,1.0,0.0
2015-11-02,149.24,149.3799,147.67,148.72,1651140,1.0,0.0
2015-11-03,147.58,148.104,146.17,147.17,1868031,1.0,0.0
2015-11-04,147.29,147.88,146.83,147.28,893562,1.0,0.0
2015-11-05,147.21,147.68,145.54,147.07,1272741,1.0,0.0
2015-11-06,146.69,146.99,144.84,145.92,1744556,1.0,0.0
2015-11-09,145.46,145.68,143.66,144.29,1164113,1.0,0.0
2015-11-10,143.73,144.7299,142.5,143.94,1455289,1.0,0.0
2015-11-11,144.43,144.79,143.26,143.31,1219907,1.0,0.0
2015-11-12,143.01,143.01,141.623,141.85,1667938,1.0,0.0
2015-11-13,141.23,142.24,140.18,140.6,1634115,1.0,0.0
2015-11-16,141.25,143.36,141.08,143.28,1731408,1.0,0.0
2015-11-17,143.71,144.45,142.5,142.87,1426737,1.0,0.0
2015-11-18,143.29,143.975,142.28,143.71,1037380,1.0,0.0
2015-11-19,144.83,145.92,144.28,145.2,1510545,1.0,0.0
2015-11-20,146.25,146.72,145.39,145.5,1644298,1.0,0.0
2015-11-23,145.76,146.0,144.3684,144.59,1129734,1.0,0.0
2015-11-24,143.87,146.01,143.64,145.53,1260018,1.0,0.0
2015-11-25,145.63,145.95,144.9,145.18,1157692,1.0,0.0
2015-11-27,145.53,145.99,145.14,145.56,542084,1.0,0.0
2015-11-30,146.5,147.59,146.001,146.46,1960533,1.0,0.0
2015-12-01,147.23,148.4,146.83,147.6,1618767,1.0,0.0
2015-12-02,147.41,147.4914,145.23,145.35,1576407,1.0,0.0
2015-12-03,145.44,145.72,141.58,141.96,2988723,1.0,0.0
2015-12-04,142.45,144.27,142.37,143.84,1882766,1.0,0.0
2015-12-07,143.76,144.19,141.53,143.09,1782824,1.0,0.0
2015-12-08,142.17,142.57,140.85,142.0,1423542,1.0,0.0
2015-12-09,141.9,142.6264,139.32,140.17,1653680,1.0,0.0
2015-12-10,140.2,141.04,139.51,140.0,1355323,1.0,0.0
2015-12-11,138.91,139.25,137.57,137.84,1307768,1.0,0.0
2015-12-14,138.33,139.3,137.06,139.19,1244196,1.0,0.0
2015-12-15,139.83,140.48,137.9508,138.04,2181852,1.0,0.0
2015-12-16,137.74,140.09,136.42,139.64,2163112,1.0,0.0
2015-12-17,139.57,140.08,138.01,138.16,1186677,1.0,0.0
2015-12-18,137.4,138.12,136.08,136.71,2547896,1.0,0.0
2015-12-21,137.28,139.14,136.66,138.09,941751,1.0,0.0
2015-12-22,139.13,140.51,138.505,139.94,1283572,1.0,0.0
2015-12-23,140.43,140.87,139.44,139.89,967337,1.0,0.0
2015-12-24,139.73,140.19,139.49,139.84,358100,1.0,0.0
2015-12-28,139.75,140.16,138.3,139.59,731183,1.0,0.0
2015-12-29,140.64,141.29,139.74,140.34,776888,1.0,0.0
2015-12-30,140.23,140.61,138.85,139.26,765974,1.0,0.0
2015-12-31,138.5,138.7405,136.62,137.36,786531,1.0,0.0
2016-01-04,135.62,136.1,134.81,136.07,1772183,1.0,0.0
2016-01-05,136.1,137.35,135.53,136.64,1525876,1.0,0.0
2016-01-06,135.0,136.13,134.08,135.26,1576185,1.0,0.0
2016-01-07,133.69,133.97,130.42,130.8,2096097,1.0,0.0
2016-01-08,130.94,132.21,129.87,130.19,2121060,1.0,0.0
2016-01-11,131.4,132.175,130.15,131.29,2080137,1.0,0.0
2016-01-12,132.44,132.8893,131.03,132.49,1516815,1.0,0.0
2016-01-13,132.52,132.83,128.82,129.05,1400925,1.0,0.69
2016-01-14,129.13,130.15,127.36,129.04,1713325,1.0,0.0
2016-01-15,125.83,127.11,124.57,125.99,2849105,1.0,0.0
2016-01-19,126.9,128.1,126.105,127.38,1643680,1.0,0.0
2016-01-20,125.4,126.09,121.6065,124.18,2161812,1.0,0.0
2016-01-21,124.38,125.61,123.69,124.32,1568315,1.0,0.0
2016-01-22,125.5,126.492,124.76,126.37,1195840,1.0,0.0
2016-01-25,126.01,126.33,124.43,124.6,1787958,1.0,0.0
2016-01-26,124.29,127.81,123.93,127.38,1777392,1.0,0.0
2016-01-27,124.11,135.34,122.67,129.0,5841527,1.0,0.0
2016-01-28,128.85,130.04,127.36,128.65,2504552,1.0,0.0
2016-01-29,129.15,134.23,129.15,133.77,3751566,1.0,0.0
2016-02-01,132.3,134.38,130.83,133.62,2793893,1.0,0.0
2016-02-02,132.68,133.94,131.99,133.53,2896669,1.0,0.0
2016-02-03,134.09,134.41,131.46,133.79,2047026,1.0,0.0
2016-02-04,133.76,136.09,133.1401,135.35,2306265,1.0,0.0
2016-02-05,135.21,136.13,133.84,134.2,1799121,1.0,0.0
2016-02-08,132.32,132.73,130.73,132.26,1941097,1.0,0.0
2016-02-09,130.47,132.92,130.47,132.13,2205426,1.0,0.0
2016-02-10,132.53,134.3704,132.5,133.07,1337243,1.0,0.0
2016-02-11,130.59,131.17,125.74,128.58,2580369,1.0,0.0
2016-02-12,129.64,130.55,127.68,130.18,1722094,1.0,0.0
2016-02-16,131.48,132.59,130.25,131.51,1620433,1.0,0.0
2016-02-17,132.24,135.4799,132.24,135.03,1566343,1.0,0.0
2016-02-18,134.62,136.27,134.2,135.05,1359083,1.0,0.0
2016-02-19,134.89,136.005,134.32,135.26,1370409,1.0,0.0
2016-02-22,136.32,137.72,135.71,136.62,1209063,1.0,0.0
2016-02-23,135.94,137.19,135.27,135.91,1221869,1.0,0.0
2016-02-24,135.0,135.63,132.85,135.15,1371843,1.0,0.0
2016-02-25,135.52,137.35,135.31,137.24,1091439,1.0,0.0
2016-02-26,137.61,138.53,137.01,137.11,1752840,1.0,0.0
2016-02-29,136.9,137.5548,135.55,136.27,2944268,1.0,0.0
2016-03-01,136.97,138.367,136.64,138.24,1291376,1.0,0.0
2016-03-02,137.69,138.12,133.57,135.61,2665237,1.0,0.0
2016-03-03,135.74,136.53,134.67,135.74,2012552,1.0,0.0
2016-03-04,135.74,136.52,134.882,135.28,1710244,1.0,0.0
2016-03-07,134.17,134.95,131.51,132.33,2097984,1.0,0.0
2016-03-08,131.28,132.27,130.74,131.4,1661561,1.0,0.0
2016-03-09,131.62,132.34,130.63,131.91,1503346,1.0,0.0
2016-03-10,132.8,134.26,131.94,133.57,2234647,1.0,0.0
2016-03-11,134.55,136.04,134.32,135.52,1496187,1.0,0.0
2016-03-14,134.94,135.56,134.13,134.21,1418490,1.0,0.0
2016-03-15,134.09,134.09,132.38,133.29,1468255,1.0,0.0
2016-03-16,133.28,134.43,132.54,133.99,1146604,1.0,0.0
2016-03-17,134.26,134.466,133.52,134.12,1617006,1.0,0.0
2016-03-18,134.49,136.085,134.17,135.45,2581235,1.0,0.0
2016-03-21,134.9,135.41,134.39,134.78,1152108,1.0,0.0
2016-03-22,134.68,135.98,134.02,135.24,954882,1.0,0.0
2016-03-23,135.2,135.519,134.09,134.32,785587,1.0,0.0
2016-03-24,132.4,132.4,127.74,129.08,3344481,1.0,0.0
2016-03-28,129.5,131.11,128.99,130.82,1786060,1.0,0.0
2016-03-29,130.79,132.1955,130.06,131.86,1633783,1.0,0.0
2016-03-30,132.13,132.3999,131.24,131.73,1400252,1.0,0.0
2016-03-31,131.57,131.82,130.42,131.37,1820779,1.0,0.0
2016-04-01,130.38,132.62,129.69,132.34,2060940,1.0,0.0
2016-04-04,132.29,133.065,131.52,131.69,1556101,1.0,0.0
2016-04-05,131.34,132.33,130.62,130.84,1488732,1.0,0.0
2016-04-06,129.79,131.85,129.55,131.72,1455182,1.0,0.76
2016-04-07,131.28,133.0,130.84,131.39,1419792,1.0,0.0
2016-04-08,132.42,133.8,132.29,132.91,1120784,1.0,0.0
2016-04-11,133.38,134.07,131.86,131.9,902231,1.0,0.0
2016-04-12,131.94,133.85,131.82,133.55,826841,1.0,0.0
2016-04-13,134.48,134.99,133.5,134.32,1387821,1.0,0.0
2016-04-14,134.12,134.44,132.9,133.57,1159867,1.0,0.0
2016-04-15,133.69,135.14,133.51,134.81,1158625,1.0,0.0
2016-04-18,134.62,136.51,134.34,136.29,1283500,1.0,0.0
2016-04-19,136.55,136.948,135.58,136.69,1568010,1.0,0.0
2016-04-20,136.74,139.04,136.6,136.71,1639002,1.0,0.0
2016-04-21,136.86,138.77,136.695,137.72,1493164,1.0,0.0
2016-04-22,138.03,138.43,136.44,137.9,1140928,1.0,0.0
2016-04-25,137.05,137.75,136.5,136.79,951482,1.0,0.0
2016-04-26,137.51,139.0,137.2355,138.71,1468794,1.0,0.0
2016-04-27,139.0,144.15,138.6,143.61,2888131,1.0,0.0
2016-04-28,142.21,143.45,140.67,141.16,1782892,1.0,0.0
2016-04-29,140.1,140.83,139.0,140.52,1893673,1.0,0.0
2016-05-02,140.72,142.8,139.97,141.83,1529103,1.0,0.0
2016-05-03,141.14,142.82,140.07,142.34,1291672,1.0,0.0
2016-05-04,141.99,142.35,140.66,141.43,958244,1.0,0.0
2016-05-05,141.66,142.605,141.01,142.2,1429049,1.0,0.0
2016-05-06,141.99,143.67,141.7303,143.44,1780881,1.0,0.0
2016-05-09,143.28,144.76,142.71,142.97,1399973,1.0,0.0
2016-05-10,143.74,145.8,143.595,145.71,1564991,1.0,0.0
2016-05-11,145.74,146.31,144.7142,144.96,1383472,1.0,0.0
2016-05-12,144.74,145.98,144.29,145.31,1372087,1.0,0.0
2016-05-13,144.87,145.68,144.17,144.37,991235,1.0,0.0
2016-05-16,144.06,145.8149,144.0,145.37,937312,1.0,0.0
2016-05-17,145.43,147.16,144.26,145.0,1557506,1.0,0.0
2016-05-18,144.31,145.92,143.41,144.31,1154389,1.0,0.0
2016-05-19,143.46,143.96,142.31,143.59,1236925,1.0,0.0
2016-05-20,144.48,144.94,143.72,144.62,1194496,1.0,0.0
2016-05-23,144.28,144.625,142.25,142.25,1631655,1.0,0.0
2016-05-24,142.75,143.36,142.72,142.96,1977783,1.0,0.0
2016-05-25,143.45,143.56,142.55,142.97,1349529,1.0,0.0
2016-05-26,142.95,143.28,142.47,142.83,951435,1.0,0.0
2016-05-27,142.8,143.43,142.79,143.13,761207,1.0,0.0
2016-05-31,143.54,143.91,141.54,141.87,1690851,1.0,0.0
2016-06-01,141.38,141.81,140.97,141.47,5111268,1.0,0.0
2016-06-02,140.92,141.4699,139.99,140.13,2087041,1.0,0.0
2016-06-03,140.01,140.87,138.76,140.23,2602403,1.0,0.0
2016-06-06,140.53,141.25,140.04,140.34,979923,1.0,0.0
2016-06-07,140.75,141.81,140.56,141.06,1827134,1.0,0.0
2016-06-08,140.87,141.67,140.6,141.49,870546,1.0,0.0
2016-06-09,141.19,142.13,141.0,141.98,1347258,1.0,0.0
2016-06-10,141.17,142.09,141.028,141.53,1400764,1.0,0.0
2016-06-13,141.2,141.616,139.03,139.11,1390839,1.0,0.0
2016-06-14,138.99,139.46,138.3029,139.43,1084114,1.0,0.0
2016-06-15,139.75,140.81,139.53,140.11,1462240,1.0,0.0
2016-06-16,139.54,140.65,138.43,139.76,946185,1.0,0.0
2016-06-17,139.9,140.0865,138.0801,138.99,1520413,1.0,0.0
2016-06-20,140.42,141.56,139.97,140.92,1897486,1.0,0.0
2016-06-21,141.22,141.58,139.41,139.41,1597285,1.0,0.0
2016-06-22,139.78,140.39,138.61,138.79,1359968,1.0,0.0
2016-06-23,140.15,140.15,138.87,139.78,1017859,1.0,0.0
2016-06-24,135.89,138.88,135.03,136.14,4483662,1.0,0.0
2016-06-27,135.0,135.45,132.68,133.06,2301548,1.0,0.0
2016-06-28,134.56,134.56,132.81,133.94,1912091,1.0,0.0
2016-06-29,134.74,135.8,133.25,135.63,1299856,1.0,0.76
2016-06-30,135.82,139.54,135.81,139.24,2677003,1.0,0.0
2016-07-01,139.52,141.54,139.5,141.34,3942954,1.0,0.0
2016-07-05,140.93,141.0,137.79,138.41,1948706,1.0,0.0
2016-07-06,138.14,140.03,136.71,139.89,1998622,1.0,0.0
2016-07-07,139.69,140.9,138.36,138.69,1439291,1.0,0.0
2016-07-08,139.56,140.8,139.1,140.48,2033872,1.0,0.0
2016-07-11,140.56,141.95,140.56,141.19,1331666,1.0,0.0
2016-07-12,142.1,142.689,141.44,141.54,1853713,1.0,0.0
2016-07-13,141.7,142.42,141.41,141.73,1099610,1.0,0.0
2016-07-14,142.81,143.2,142.05,142.56,1111889,1.0,0.0
2016-07-15,142.91,143.0,142.04,142.09,1448730,1.0,0.0
2016-07-18,142.05,142.29,140.92,141.0,1278037,1.0,0.0
2016-07-19,141.0,143.68,140.87,143.31,2447383,1.0,0.0
2016-07-20,143.71,144.69,143.42,144.54,1511745,1.0,0.0
2016-07-21,144.61,144.62,142.18,142.86,986870,1.0,0.0
2016-07-22,142.59,143.89,142.13,143.77,829954,1.0,0.0
2016-07-25,143.28,143.965,142.53,143.72,1142034,1.0,0.0
2016-07-26,143.99,144.61,143.49,144.51,1312925,1.0,0.0
2016-07-27,146.07,147.67,143.58,146.63,2743009,1.0,0.0
2016-07-28,146.5,147.49,145.05,147.1,2150502,1.0,0.0
2016-07-29,146.46,147.19,145.69,146.89,1591399,1.0,0.0
2016-08-01,147.15,149.37,146.9325,149.09,2237844,1.0,0.0
2016-08-02,148.59,149.31,147.37,148.22,1711352,1.0,0.0
2016-08-03,148.18,148.44,147.19,147.81,1192525,1.0,0.0
2016-08-04,147.96,148.38,146.82,147.37,1398653,1.0,0.0
2016-08-05,147.57,149.01,147.45,148.89,1138379,1.0,0.0
2016-08-08,148.56,149.16,147.8,148.11,833867,1.0,0.0
2016-08-09,148.14,148.87,148.1,148.57,921292,1.0,0.0
2016-08-10,149.59,151.6,149.59,151.47,2667832,1.0,0.0
2016-08-11,151.38,151.76,150.55,151.3,2155838,1.0,0.0
2016-08-12,150.73,151.75,150.73,151.47,1045005,1.0,0.0
2016-08-15,151.43,153.8,151.37,153.4,2128704,1.0,0.0
2016-08-16,152.75,153.35,152.02,152.4,1206412,1.0,0.0
2016-08-17,152.55,153.09,151.77,152.97,1155748,1.0,0.0
2016-08-18,152.91,153.2,151.77,152.43,1514050,1.0,0.0
2016-08-19,151.94,152.571,151.3439,152.38,1152229,1.0,0.0
2016-08-22,152.37,152.58,151.79,152.22,1086274,1.0,0.0
2016-08-23,153.0,153.0,151.65,152.15,1352161,1.0,0.0
2016-08-24,151.83,152.53,151.42,152.29,1040471,1.0,0.0
2016-08-25,152.29,153.0095,151.81,152.68,907970,1.0,0.0
2016-08-26,152.93,153.19,150.96,151.58,1153766,1.0,0.0
2016-08-29,151.48,152.9,151.39,152.82,954419,1.0,0.0
2016-08-30,152.69,153.0,151.89,152.56,665378,1.0,0.0
2016-08-31,152.56,152.7,151.61,152.22,1054206,1.0,0.0
2016-09-01,152.63,153.15,151.58,152.84,597631,1.0,0.0
2016-09-02,153.2,153.93,152.99,153.81,1041870,1.0,0.0
2016-09-06,153.74,154.98,153.59,154.63,992988,1.0,0.0
2016-09-07,154.48,154.745,152.79,153.11,1054164,1.0,0.0
2016-09-08,152.87,152.87,151.35,152.4,1002523,1.0,0.0
2016-09-09,151.6,151.68,149.9,149.91,1195939,1.0,0.0
2016-09-12,149.14,152.23,149.14,151.81,1006158,1.0,0.0
2016-09-13,150.99,151.63,150.1075,150.6,920233,1.0,0.0
2016-09-14,150.57,151.97,149.48,149.83,1427659,1.0,0.0
2016-09-15,150.15,152.24,149.85,152.16,1224128,1.0,0.0
2016-09-16,151.55,151.6616,149.57,150.75,1869328,1.0,0.0
2016-09-19,151.68,152.87,151.596,152.17,886944,1.0,0.0
2016-09-20,152.41,152.89,151.47,151.86,726799,1.0,0.0
2016-09-21,152.0,153.19,151.6774,153.1,800701,1.0,0.0
2016-09-22,153.88,154.88,153.47,154.86,1161076,1.0,0.0
2016-09-23,152.04,154.36,150.0,153.81,876828,1.0,0.0
2016-09-26,153.47,154.8799,153.07,153.87,1252583,1.0,0.0
2016-09-27,153.72,155.7,153.54,155.28,1412974,1.0,0.0
2016-09-28,155.77,156.2082,155.1,156.01,1083328,1.0,0.0
2016-09-29,155.16,156.97,154.825,155.61,1771343,1.0,0.0
2016-09-30,156.36,156.95,154.69,155.16,1856926,1.0,0.0
2016-10-03,154.58,155.65,154.21,154.71,1325952,1.0,0.0
2016-10-04,155.46,155.61,152.87,153.55,1412954,1.0,0.0
2016-10-05,153.39,154.48,153.28,153.72,1142818,1.0,0.76
2016-10-06,153.8,154.43,153.13,154.14,1685100,1.0,0.0
2016-10-07,151.83,153.22,150.26,152.96,2063784,1.0,0.0
2016-10-10,153.53,154.26,152.58,152.89,1247717,1.0,0.0
2016-10-11,152.06,152.36,149.04,149.6,1693971,1.0,0.0
2016-10-12,149.61,150.56,149.55,150.0,1151692,1.0,0.0
2016-10-13,149.49,151.46,149.49,151.01,951293,1.0,0.0
2016-10-14,152.79,152.79,151.31,151.34,862647,1.0,0.0
2016-10-17,151.28,151.61,150.35,150.48,971617,1.0,0.0
2016-10-18,151.35,152.29,151.24,151.88,703763,1.0,0.0
2016-10-19,152.1,152.7,151.41,151.42,706846,1.0,0.0
2016-10-20,151.48,151.78,150.23,150.71,944035,1.0,0.0
2016-10-21,149.58,150.325,149.13,150.18,1245660,1.0,0.0
2016-10-24,151.17,152.18,151.0,151.44,905534,1.0,0.0
2016-10-25,151.21,153.05,151.21,152.59,1448672,1.0,0.0
2016-10-26,149.67,152.95,149.05,151.14,2787418,1.0,0.0
2016-10-27,151.58,151.677,149.1,150.13,1594045,1.0,0.0
2016-10-28,150.46,152.49,150.09,151.5,1500931,1.0,0.0
2016-10-31,152.03,152.21,150.72,150.74,1568305,1.0,0.0
2016-11-01,151.07,152.12,149.4801,149.98,1529944,1.0,0.0
2016-11-02,149.69,151.1199,149.56,149.67,1309435,1.0,0.0
2016-11-03,150.0,150.49,148.76,150.03,1461185,1.0,0.0
2016-11-04,150.03,151.1,149.665,149.81,1059625,1.0,0.0
2016-11-07,151.31,152.43,150.9,152.39,1425313,1.0,0.0
2016-11-08,152.26,154.33,152.06,153.78,1216924,1.0,0.0
2016-11-09,157.67,163.56,157.67,162.09,5323064,1.0,0.0
2016-11-10,162.47,166.8169,162.47,166.51,3251817,1.0,0.0
2016-11-11,165.99,168.6,164.09,168.55,1725623,1.0,0.0
2016-11-14,169.86,171.19,168.56,170.19,2589668,1.0,0.0
2016-11-15,169.97,170.82,166.37,168.02,2508821,1.0,0.0
2016-11-16,167.72,167.89,165.29,165.84,1611686,1.0,0.0
2016-11-17,165.82,166.91,165.22,165.63,1553250,1.0,0.0
2016-11-18,165.51,167.36,164.97,166.62,1596944,1.0,0.0
2016-11-21,166.95,168.7,166.81,168.43,1523992,1.0,0.0
2016-11-22,169.7,170.38,168.42,170.18,1446399,1.0,0.0
2016-11-23,170.4,171.19,169.87,170.55,1432556,1.0,0.0
2016-11-25,170.78,172.23,170.46,172.08,627023,1.0,0.0
2016-11-28,172.24,173.55,172.0,172.67,1835445,1.0,0.0
2016-11-29,172.97,175.7,172.97,175.13,1640307,1.0,0.0
2016-11-30,175.42,176.45,174.7,175.35,2326611,1.0,0.0
2016-12-01,175.81,177.39,175.59,176.4,1691748,1.0,0.0
2016-12-02,176.5,178.73,176.3,178.67,1715405,1.0,0.0
2016-12-05,179.8,180.09,178.25,178.52,1744551,1.0,0.0
2016-12-06,177.59,178.77,176.34,178.09,1923518,1.0,0.0
2016-12-07,178.1,178.47,176.67,178.43,1941842,1.0,0.0
2016-12-08,178.08,178.125,173.44,173.67,2365889,1.0,0.0
2016-12-09,173.43,175.635,173.28,175.39,1495613,1.0,0.0
2016-12-12,172.22,174.13,168.0,173.74,2961717,1.0,0.0
2016-12-13,174.61,176.28,173.525,174.31,1462756,1.0,0.0
2016-12-14,174.49,175.5,173.51,173.74,1721119,1.0,0.0
2016-12-15,173.34,175.86,173.34,174.12,1193895,1.0,0.0
2016-12-16,174.47,176.4,173.86,174.41,3017433,1.0,0.0
2016-12-19,175.0,175.75,173.61,174.63,1358711,1.0,0.0
2016-12-20,174.96,176.07,174.11,175.26,1185617,1.0,0.0
2016-12-21,175.6,175.92,174.02,174.1,944420,1.0,0.0
2016-12-22,174.56,175.09,173.881,174.53,904699,1.0,0.0
2016-12-23,173.89,175.46,173.83,175.25,685225,1.0,0.0
2016-12-27,175.95,176.36,173.97,174.58,999496,1.0,0.0
2016-12-28,174.7,175.31,172.94,173.05,1182495,1.0,0.0
2016-12-29,173.55,174.07,172.35,173.21,967835,1.0,0.0
2016-12-30,173.75,174.27,171.65,172.66,1192293,1.0,0.0
2017-01-03,174.39,176.72,174.26,175.45,1321857,1.0,0.0
2017-01-04,176.14,176.2584,174.21,175.54,1238472,1.0,0.0
2017-01-05,175.78,178.36,175.1,176.14,1279691,1.0,0.0
2017-01-06,176.0,177.77,175.74,177.46,998624,1.0,0.0
2017-01-09,176.6,177.5,175.71,176.07,1072728,1.0,0.0
2017-01-10,176.77,177.9,175.75,176.36,1095145,1.0,0.0
2017-01-11,176.33,177.11,175.27,177.07,1425717,1.0,0.0
2017-01-12,177.23,177.23,173.5978,176.52,1275819,1.0,0.0
2017-01-13,176.77,178.08,176.41,177.89,952949,1.0,0.0
2017-01-17,177.0,177.99,174.971,175.97,1202185,1.0,0.0
2017-01-18,175.17,176.09,174.3,175.99,950155,1.0,0.76
2017-01-19,177.0,178.36,175.9,177.81,1523619,1.0,0.0
2017-01-20,178.31,178.92,176.85,178.28,1755435,1.0,0.0
2017-01-23,178.52,179.19,176.1,177.23,1265465,1.0,0.0
2017-01-24,176.34,178.42,175.85,177.25,1213848,1.0,0.0
2017-01-25,176.42,177.2,172.43,175.32,2656146,1.0,0.0
2017-01-26,175.5,177.62,175.25,177.3,1843940,1.0,0.0
2017-01-27,176.31,187.37,175.7,185.14,4338991,1.0,0.0
2017-01-30,185.23,186.31,180.681,182.47,2802115,1.0,0.0
2017-01-31,181.14,181.47,178.901,181.08,2235754,1.0,0.0
2017-02-01,181.31,182.44,180.15,181.03,1244296,1.0,0.0
2017-02-02,180.75,181.31,179.11,180.36,1130244,1.0,0.0
2017-02-03,180.03,183.25,180.02,183.12,1544711,1.0,0.0
2017-02-06,183.4,184.61,182.67,183.04,1106764,1.0,0.0
2017-02-07,183.91,185.0,183.1,183.21,1532573,1.0,0.0
2017-02-08,182.9,183.935,181.94,183.14,1249626,1.0,0.0
2017-02-09,183.68,183.84,182.42,182.59,1310645,1.0,0.0
2017-02-10,182.84,184.66,182.16,184.4,1414935,1.0,0.0
2017-02-13,184.65,187.4999,184.65,186.6,1272722,1.0,0.0
2017-02-14,187.05,187.48,184.61,187.23,1391513,1.0,0.0
2017-02-15,186.76,188.295,186.24,187.99,998618,1.0,0.0
2017-02-16,188.05,188.76,186.43,188.74,1153610,1.0,0.0
2017-02-17,188.6,189.1,187.4,189.06,1163416,1.0,0.0
2017-02-21,189.02,189.94,188.6,189.59,1102710,1.0,0.0
2017-02-22,189.58,189.98,188.74,189.89,765703,1.0,0.0
2017-02-23,189.87,190.59,187.53,188.3,1157962,1.0,0.0
2017-02-24,187.9,189.71,187.01,189.63,1147538,1.0,0.0
2017-02-27,189.65,190.89,188.27,190.4,1604973,1.0,0.0
2017-02-28,190.19,191.31,189.3,189.81,1874269,1.0,0.0
2017-03-01,190.5,193.17,190.24,192.41,2088612,1.0,0.0
2017-03-02,192.2,192.65,190.671,191.05,1064889,1.0,0.0
2017-03-03,190.99,191.05,188.74,189.65,1502617,1.0,0.0
2017-03-06,189.28,191.305,189.0109,190.94,1126918,1.0,0.0
2017-03-07,190.9,192.2,190.43,191.47,926599,1.0,0.0
2017-03-08,191.32,191.39,190.08,190.38,926557,1.0,0.0
2017-03-09,190.53,191.33,189.83,190.34,843173,1.0,0.0
2017-03-10,191.85,191.85,189.62,190.84,835755,1.0,0.0
2017-03-13,190.83,191.68,190.62,191.56,852973,1.0,0.0
2017-03-14,190.83,191.0,189.33,189.75,1055234,1.0,0.0
2017-03-15,190.08,192.0,189.75,191.66,985938,1.0,0.0
2017-03-16,191.97,192.18,189.92,190.65,1082767,1.0,0.0
2017-03-17,191.31,194.0,190.9,193.27,1824484,1.0,0.0
2017-03-20,193.2,193.65,191.77,191.98,930482,1.0,0.0
2017-03-21,192.35,193.16,188.25,188.69,1266500,1.0,0.0
2017-03-22,188.88,190.13,187.95,189.6,835908,1.0,0.0
2017-03-23,189.54,190.605,189.01,189.56,794531,1.0,0.0
2017-03-24,189.54,189.895,186.35,187.52,1498556,1.0,0.0
2017-03-27,184.89,186.18,183.7201,185.49,1930621,1.0,0.0
2017-03-28,185.0,189.45,184.88,188.44,1231018,1.0,0.0
2017-03-29,188.0,188.92,187.2,188.29,869704,1.0,0.0
2017-03-30,188.44,189.3,188.2,188.78,926293,1.0,0.0
2017-03-31,188.39,188.56,186.42,187.2,2063841,1.0,0.0
2017-04-03,187.48,188.2,186.26,187.74,1259488,1.0,0.0
2017-04-04,187.74,188.33,186.34,187.72,1073632,1.0,0.0
2017-04-05,187.62,189.32,185.73,185.85,931983,1.0,0.84
2017-04-06,185.87,187.13,185.85,186.3,746083,1.0,0.0
2017-04-07,188.8,189.42,186.6,188.04,1189368,1.0,0.0
2017-04-10,188.09,188.85,187.26,187.66,911081,1.0,0.0
2017-04-11,187.44,188.942,186.67,188.38,810587,1.0,0.0
2017-04-12,188.43,188.7,186.13,186.34,1121017,1.0,0.0
2017-04-13,186.04,188.01,185.641,186.73,1173275,1.0,0.0
2017-04-17,187.18,188.97,186.87,188.89,843945,1.0,0.0
2017-04-18,188.3,189.6,187.07,187.38,1199413,1.0,0.0
2017-04-19,187.84,188.24,187.03,187.75,1239830,1.0,0.0
2017-04-20,188.02,189.04,187.38,188.13,984129,1.0,0.0
2017-04-21,188.84,189.9,188.2,188.94,1153330,1.0,0.0
2017-04-24,191.38,192.49,190.41,191.91,1561395,1.0,0.0
2017-04-25,190.87,193.48,190.69,193.24,1702241,1.0,0.0
2017-04-26,194.67,196.97,193.74,194.85,1927262,1.0,0.0
2017-04-27,195.48,196.62,193.95,195.03,976465,1.0,0.0
2017-04-28,195.04,195.28,193.43,193.79,1191549,1.0,0.0
2017-05-01,194.24,194.9997,193.15,193.15,1004460,1.0,0.0
2017-05-02,193.9,194.07,193.0,194.07,930112,1.0,0.0
2017-05-03,193.87,194.5,192.8855,194.18,770408,1.0,0.0
2017-05-04,194.28,195.13,193.38,194.55,1093721,1.0,0.0
2017-05-05,194.75,195.99,194.27,195.97,697063,1.0,0.0
2017-05-08,195.59,196.5,195.13,196.33,883606,1.0,0.0
2017-05-09,196.49,197.0,196.07,196.59,736816,1.0,0.0
2017-05-10,195.06,195.89,193.35,194.39,1359764,1.0,0.0
2017-05-11,194.26,195.43,193.17,194.98,896878,1.0,0.0
2017-05-12,194.36,195.64,194.17,195.59,660211,1.0,0.0
2017-05-15,195.48,196.03,194.88,195.18,853973,1.0,0.0
2017-05-16,195.07,196.19,194.81,195.29,785189,1.0,0.0
2017-05-17,193.72,194.24,191.61,192.01,1367096,1.0,0.0
2017-05-18,191.79,193.51,190.305,192.64,1248474,1.0,0.0
2017-05-19,193.21,196.5,192.956,195.87,1062959,1.0,0.0
2017-05-22,197.48,199.0,196.295,197.75,1453350,1.0,0.0
2017-05-23,198.22,199.37,197.04,199.32,1012683,1.0,0.0
2017-05-24,199.6,200.608,199.08,199.98,679103,1.0,0.0
2017-05-25,200.51,201.9,200.19,201.09,1122111,1.0,0.0
2017-05-26,201.09,202.576,200.85,202.24,751108,1.0,0.0
2017-05-30,202.19,202.65,200.95,202.01,919219,1.0,0.0
2017-05-31,202.37,203.28,201.58,203.25,1443319,1.0,0.0
2017-06-01,203.16,203.47,201.88,202.52,1290887,1.0,0.0
2017-06-02,202.7,205.07,202.58,203.7,916370,1.0,0.0
2017-06-05,203.37,203.48,201.34,201.47,848438,1.0,0.0
2017-06-06,200.93,201.24,198.3,198.44,1190903,1.0,0.0
2017-06-07,198.85,199.02,197.73,198.87,938575,1.0,0.0
2017-06-08,199.36,199.83,197.59,199.64,991930,1.0,0.0
2017-06-09,199.64,200.7414,198.44,199.47,1055481,1.0,0.0
2017-06-12,199.47,200.06,197.03,198.4,1858344,1.0,0.0
2017-06-13,198.4,200.93,198.12,200.55,1263486,1.0,0.0
2017-06-14,200.55,202.45,200.35,201.28,928311,1.0,0.0
2017-06-15,199.77,202.27,199.24,202.03,820983,1.0,0.0
2017-06-16,202.37,203.3,201.66,202.67,1389079,1.0,0.0
2017-06-19,203.41,204.74,203.0,204.52,1023199,1.0,0.0
2017-06-20,203.76,205.17,203.76,203.86,833865,1.0,0.0
2017-06-21,204.4,204.88,203.5,203.89,668664,1.0,0.0
2017-06-22,203.79,203.9812,201.19,201.26,906934,1.0,0.0
2017-06-23,201.23,202.42,200.8101,201.32,1162534,1.0,0.0
2017-06-26,201.77,202.33,200.13,200.2,672893,1.0,0.0
2017-06-27,200.11,200.3582,198.83,198.84,713780,1.0,0.0
2017-06-28,199.82,201.415,199.33,200.83,787111,1.0,0.0
2017-06-29,200.99,201.07,196.13,196.96,1419995,1.0,0.0
2017-06-30,197.75,199.21,196.26,198.1,939354,1.0,0.0
2017-07-03,199.42,200.55,198.14,199.66,750575,1.0,0.0
2017-07-05,199.03,201.21,198.95,200.74,1151270,1.0,0.84
2017-07-06,200.7,201.07,198.79,199.02,797994,1.0,0.0
2017-07-07,199.5,202.18,199.115,201.26,1264496,1.0,0.0
2017-07-10,201.22,202.24,200.21,201.07,1028579,1.0,0.0
2017-07-11,200.8,201.01,198.75,199.91,1139412,1.0,0.0
2017-07-12,201.32,202.47,199.87,201.11,1402060,1.0,0.0
2017-07-13,201.19,201.47,199.97,200.15,766231,1.0,0.0
2017-07-14,200.28,201.68,200.06,201.15,1019837,1.0,0.0
2017-07-17,201.08,201.42,199.5,200.14,1150768,1.0,0.0
2017-07-18,200.25,201.67,199.28,201.42,1118532,1.0,0.0
2017-07-19,202.0,202.4599,201.25,202.34,640564,1.0,0.0
2017-07-20,202.51,203.19,201.995,202.4,1058659,1.0,0.0
2017-07-21,202.11,204.55,201.83,204.55,986160,1.0,0.0
2017-07-24,204.55,205.51,204.13,204.93,1073395,1.0,0.0
2017-07-25,205.66,205.9,202.905,203.56,1204660,1.0,0.0
2017-07-26,199.1,199.37,193.57,194.66,4074110,1.0,0.0
2017-07-27,195.73,195.93,192.84,193.84,2265716,1.0,0.0
2017-07-28,194.05,198.07,194.04,197.94,1779819,1.0,0.0
2017-07-31,198.58,198.59,196.08,196.33,1470377,1.0,0.0
2017-08-01,196.96,196.98,193.9,196.53,1390046,1.0,0.0
2017-08-02,196.53,198.175,196.08,198.04,980934,1.0,0.0
2017-08-03,198.3,199.4,197.33,199.33,1070719,1.0,0.0
2017-08-04,199.52,200.07,198.47,200.07,1247145,1.0,0.0
2017-08-07,200.34,201.55,199.43,201.14,1479902,1.0,0.0
2017-08-08,199.24,200.93,198.22,198.8,1350478,1.0,0.0
2017-08-09,199.29,201.92,198.25,201.0,1327673,1.0,0.0
2017-08-10,200.67,200.99,198.04,198.28,1120324,1.0,0.0
2017-08-11,198.52,199.86,197.8,197.89,1105900,1.0,0.0
2017-08-14,199.17,200.5,198.4884,200.3,1190583,1.0,0.0
2017-08-15,200.56,200.56,198.89,199.49,1014333,1.0,0.0
2017-08-16,200.0,201.33,199.63,200.61,866407,1.0,0.0
2017-08-17,199.36,200.1,197.89,197.99,1002204,1.0,0.0
2017-08-18,198.38,199.8,196.77,198.73,1577923,1.0,0.0
2017-08-21,198.74,199.03,196.89,198.73,1110628,1.0,0.0
2017-08-22,199.45,201.58,198.99,201.23,875071,1.0,0.0
2017-08-23,200.7,201.17,199.4,199.75,827421,1.0,0.0
2017-08-24,200.22,200.27,198.7463,199.47,719978,1.0,0.0
2017-08-25,200.32,200.7613,198.94,199.05,593050,1.0,0.0
2017-08-28,199.91,199.91,197.7,197.87,802324,1.0,0.0
2017-08-29,198.27,201.02,198.25,200.95,982979,1.0,0.0
2017-08-30,200.95,201.26,200.07,201.22,893560,1.0,0.0
2017-08-31,201.74,202.2721,201.16,201.35,828252,1.0,0.0
2017-09-01,201.77,201.87,199.98,200.0,734674,1.0,0.0
2017-09-05,200.91,200.91,198.14,198.73,1114115,1.0,0.0
2017-09-06,199.55,199.58,196.65,196.74,964458,1.0,0.0
2017-09-07,197.0,197.75,195.7,197.04,968505,1.0,0.0
2017-09-08,196.52,198.4,196.0,197.87,614044,1.0,0.0
2017-09-11,198.62,200.5,198.57,200.33,1032826,1.0,0.0
2017-09-12,199.89,200.31,198.57,199.0,749320,1.0,0.0
2017-09-13,198.3,198.5,196.8,196.85,852611,1.0,0.0
2017-09-14,196.63,197.81,196.45,197.63,920034,1.0,0.0
2017-09-15,198.1,198.715,197.6,198.27,2056370,1.0,0.0
2017-09-18,199.0,202.35,198.855,202.18,1312994,1.0,0.0
2017-09-19,201.91,203.94,201.2604,203.12,782264,1.0,0.0
2017-09-20,202.78,205.29,202.7,204.27,1291608,1.0,0.0
2017-09-21,204.56,206.57,204.0,205.72,859959,1.0,0.0
2017-09-22,206.09,206.5099,204.63,205.41,1037883,1.0,0.0
2017-09-25,205.5,205.5,203.22,204.87,1196644,1.0,0.0
2017-09-26,205.05,206.21,204.73,205.33,705291,1.0,0.0
2017-09-27,205.77,207.6,205.35,206.8,898898,1.0,0.0
2017-09-28,205.87,206.055,204.41,205.03,638864,1.0,0.0
2017-09-29,204.83,205.71,204.02,205.58,729111,1.0,0.0
2017-10-02,206.43,208.76,206.04,208.72,720468,1.0,0.0
2017-10-03,208.72,210.94,208.42,210.53,907092,1.0,0.0
2017-10-04,210.05,211.64,209.92,211.3,843038,1.0,0.0
2017-10-05,210.76,214.11,210.62,213.45,1215173,1.0,0.84
2017-10-06,212.86,213.29,211.73,212.6,941894,1.0,0.0
2017-10-09,213.02,213.59,212.24,213.53,671558,1.0,0.0
2017-10-10,214.0,214.0844,212.005,212.55,642543,1.0,0.0
2017-10-11,212.94,213.1,212.23,212.83,699624,1.0,0.0
2017-10-12,212.48,213.98,212.48,213.72,725032,1.0,0.0
2017-10-13,214.5,214.81,213.28,213.34,782666,1.0,0.0
2017-10-16,213.5,214.55,212.56,213.44,747950,1.0,0.0
2017-10-17,212.75,213.33,210.95,211.54,766850,1.0,0.0
2017-10-18,211.3,212.0,209.86,210.39,945639,1.0,0.0
2017-10-19,210.3,211.95,209.71,211.64,674486,1.0,0.0
2017-10-20,212.59,214.02,211.73,213.86,898933,1.0,0.0
2017-10-23,213.86,214.17,212.47,212.51,802463,1.0,0.0
2017-10-24,212.51,214.81,211.86,212.08,1344875,1.0,0.0
2017-10-25,208.2,211.245,206.01,207.33,1567984,1.0,0.0
2017-10-26,208.18,208.5,202.03,203.91,1474177,1.0,0.0
2017-10-27,204.5,205.68,204.1,204.99,1255128,1.0,0.0
2017-10-30,204.82,206.93,204.82,206.17,1259671,1.0,0.0
2017-10-31,206.36,206.36,202.93,202.98,990632,1.0,0.0
2017-11-01,203.57,204.21,200.54,201.62,1727319,1.0,0.0
2017-11-02,201.73,204.18,201.31,203.82,1077208,1.0,0.0
2017-11-03,204.32,205.5,203.25,204.06,995303,1.0,0.0
2017-11-06,204.0,204.02,202.34,202.37,739942,1.0,0.0
2017-11-07,202.37,203.86,202.21,203.76,918008,1.0,0.0
2017-11-08,203.89,203.96,202.5,202.62,836324,1.0,0.0
2017-11-09,202.17,202.38,198.6,198.87,1297229,1.0,0.0
2017-11-10,198.85,201.87,198.08,199.77,929810,1.0,0.0
2017-11-13,199.13,201.75,199.02,200.13,910506,1.0,0.0
2017-11-14,199.25,201.05,199.01,200.22,813639,1.0,0.0
2017-11-15,199.45,201.65,198.85,198.99,1066803,1.0,0.0
2017-11-16,199.49,200.17,198.67,199.22,1103818,1.0,0.0
2017-11-17,198.26,199.56,197.75,197.77,762499,1.0,0.0
2017-11-20,198.01,199.399,197.71,198.74,1283893,1.0,0.0
2017-11-21,198.72,200.34,197.88,200.1,1190781,1.0,0.0
2017-11-22,199.82,200.65,199.22,200.04,921844,1.0,0.0
2017-11-24,200.19,200.76,199.89,200.0,411418,1.0,0.0
2017-11-27,200.0,201.35,199.76,201.07,1018906,1.0,0.0
2017-11-28,201.89,204.73,201.145,204.19,1155465,1.0,0.0
2017-11-29,204.61,204.96,203.65,204.17,724924,1.0,0.0
2017-11-30,204.21,207.85,203.75,207.16,1912229,1.0,0.0
2017-12-01,207.11,207.18,199.79,202.64,1311450,1.0,0.0
2017-12-04,203.75,204.605,201.138,201.69,1704471,1.0,0.0
2017-12-05,202.42,202.52,199.83,199.91,905393,1.0,0.0
2017-12-06,199.93,201.34,199.93,200.21,1223005,1.0,0.0
2017-12-07,199.89,201.155,199.281,200.17,1236078,1.0,0.0
2017-12-08,200.24,201.21,198.87,201.07,1339183,1.0,0.0
2017-12-11,201.2,201.33,199.31,199.64,804185,1.0,0.0
2017-12-12,197.91,198.48,196.07,196.18,1957955,1.0,0.0
2017-12-13,196.67,198.14,196.39,196.63,1412583,1.0,0.0
2017-12-14,198.07,198.43,195.69,196.22,1136553,1.0,0.0
2017-12-15,196.33,199.89,196.33,198.84,1691110,1.0,0.0
2017-12-18,199.16,199.32,196.75,198.45,1558957,1.0,0.0
2017-12-19,198.6,200.54,198.13,199.83,1238527,1.0,0.0
2017-12-20,200.08,201.77,199.95,201.3,1049112,1.0,0.0
2017-12-21,201.45,203.16,200.69,202.48,1495909,1.0,0.0
2017-12-22,203.0,203.45,202.16,202.64,787480,1.0,0.0
2017-12-26,202.85,203.73,201.69,201.97,574814,1.0,0.0
2017-12-27,202.01,203.36,201.18,202.72,595415,1.0,0.0
2017-12-28,203.45,204.04,202.78,203.86,689665,1.0,0.0
2017-12-29,204.0,204.64,203.21,203.45,765827,1.0,0.0
2018-01-02,203.54,204.0,199.97,200.49,1578020,1.0,0.0
2018-01-03,200.21,202.15,199.5,201.74,1684547,1.0,0.0
2018-01-04,202.37,205.53,201.83,205.21,1470922,1.0,0.0
2018-01-05,205.98,206.25,203.63,204.7,1713691,1.0,0.0
2018-01-08,204.85,205.58,204.32,204.7,1041369,1.0,0.0
2018-01-09,205.49,206.98,205.0,205.88,1284869,1.0,0.0
2018-01-10,205.0,206.05,204.25,204.75,956895,1.0,0.0
2018-01-11,204.79,206.17,204.7,205.51,1245602,1.0,0.0
2018-01-12,206.53,211.75,205.59,210.59,1892689,1.0,0.0
2018-01-16,211.01,211.62,206.0,206.33,1748179,1.0,0.0
2018-01-17,207.76,209.05,206.79,208.52,1417191,1.0,0.0
2018-01-18,208.36,209.44,207.19,207.8,1241667,1.0,0.84
2018-01-19,209.41,209.41,207.53,209.1,1407526,1.0,0.0
2018-01-22,209.08,209.23,207.04,208.2,1660092,1.0,0.0
2018-01-23,208.3,208.79,206.83,207.48,2195242,1.0,0.0
2018-01-24,202.99,220.16,201.4,219.27,4128969,1.0,0.0
2018-01-25,220.0,227.71,219.6,226.53,2989691,1.0,0.0
2018-01-26,224.95,226.55,221.67,226.24,1951554,1.0,0.0
2018-01-29,226.5,229.54,225.23,225.5,1712676,1.0,0.0
2018-01-30,224.91,225.87,222.3,224.28,1580143,1.0,0.0
2018-01-31,226.09,226.91,222.38,222.48,1741648,1.0,0.0
2018-02-01,222.39,227.82,222.0,225.21,1779758,1.0,0.0
2018-02-02,220.84,225.44,220.84,221.72,1372793,1.0,0.0
2018-02-05,220.44,222.35,208.91,211.22,2330620,1.0,0.0
2018-02-06,206.32,213.09,203.9,212.46,2864214,1.0,0.0
2018-02-07,212.41,218.62,212.01,214.95,1943608,1.0,0.0
2018-02-08,216.13,217.23,205.97,206.05,1923074,1.0,0.0
2018-02-09,208.12,214.33,206.96,212.1,2552565,1.0,0.0
2018-02-12,214.17,215.09,207.87,209.53,2693774,1.0,0.0
2018-02-13,207.91,212.69,207.5,211.81,2525484,1.0,0.0
2018-02-14,211.1,218.4,210.6,218.25,2467772,1.0,0.0
2018-02-15,224.38,225.4,220.72,225.4,2622946,1.0,0.0
2018-02-16,225.6,226.0,222.5,224.19,1921075,1.0,0.0
2018-02-20,223.0,224.08,221.18,221.83,1006509,1.0,0.0
2018-02-21,221.44,224.89,220.73,220.75,1144236,1.0,0.0
2018-02-22,221.68,222.58,219.76,220.14,867343,1.0,0.0
2018-02-23,221.45,222.16,219.87,221.0,1022289,1.0,0.0
2018-02-26,222.97,227.28,222.01,226.78,1443896,1.0,0.0
2018-02-27,226.49,227.78,223.87,223.89,1081324,1.0,0.0
2018-02-28,224.6,226.39,222.45,222.45,1002951,1.0,0.0
2018-03-01,222.98,225.6,218.0,219.15,2009589,1.0,0.0
2018-03-02,217.73,224.02,217.65,223.34,2058715,1.0,0.0
2018-03-05,220.64,224.76,219.3,224.64,1965585,1.0,0.0
2018-03-06,225.08,225.44,223.16,224.81,1337306,1.0,0.0
2018-03-07,222.55,226.48,221.38,226.28,1238314,1.0,0.0
2018-03-08,227.0,227.05,224.48,226.65,984546,1.0,0.0
2018-03-09,227.94,230.0,226.74,229.95,1305897,1.0,0.0
2018-03-12,229.5,229.95,223.93,224.64,1217105,1.0,0.0
2018-03-13,225.92,226.87,222.83,223.35,1161722,1.0,0.0
2018-03-14,224.59,224.62,220.59,221.69,1002595,1.0,0.0
2018-03-15,222.51,223.87,221.26,222.6,853511,1.0,0.0
2018-03-16,223.46,223.88,221.28,222.74,1968291,1.0,0.0
2018-03-19,222.65,224.33,221.05,223.9,862479,1.0,0.0
2018-03-20,224.41,226.9,224.1,225.38,788830,1.0,0.0
2018-03-21,225.37,226.17,223.74,223.75,846146,1.0,0.0
2018-03-22,222.25,223.98,217.83,218.37,1163530,1.0,0.0
2018-03-23,218.5,224.47,218.5,218.81,1429467,1.0,0.0
2018-03-26,221.93,223.82,220.87,223.47,1276783,1.0,0.0
2018-03-27,225.0,225.78,219.79,221.07,1114901,1.0,0.0
2018-03-28,221.72,221.88,216.7,217.28,1722428,1.0,0.0
2018-03-29,219.59,223.46,218.02,220.9,1945518,1.0,0.0
2018-04-02,220.51,222.03,215.55,218.88,1345437,1.0,0.0
2018-04-03,219.95,221.45,217.21,220.32,1387657,1.0,0.0
2018-04-04,215.15,218.7,214.27,218.54,2753319,1.0,0.0
2018-04-05,220.44,221.71,218.35,221.22,2209212,1.0,0.0
2018-04-06,219.48,220.66,213.77,215.74,1496133,1.0,0.0
2018-04-09,217.01,218.25,214.54,214.96,1256927,1.0,0.0
2018-04-10,217.89,218.31,213.91,214.45,1703374,1.0,0.0
2018-04-11,214.0,217.48,214.0,216.32,1173569,1.0,0.0
2018-04-12,216.37,219.24,216.16,218.22,1248239,1.0,0.93
2018-04-13,219.42,219.82,217.18,218.41,942629,1.0,0.0
2018-04-16,219.73,220.49,218.34,218.4,1381439,1.0,0.0
2018-04-17,219.28,222.81,219.24,221.41,1143123,1.0,0.0
2018-04-18,224.62,227.7,223.51,225.49,1470672,1.0,0.0
2018-04-19,225.55,225.72,222.98,224.98,1027343,1.0,0.0
2018-04-20,225.88,225.88,222.48,223.11,1280058,1.0,0.0
2018-04-23,222.92,226.12,222.92,225.96,1822547,1.0,0.0
2018-04-24,227.75,229.74,218.08,222.02,2912523,1.0,0.0
2018-04-25,215.91,217.99,207.2,214.53,4555812,1.0,0.0
2018-04-26,214.92,215.52,210.46,211.75,2415280,1.0,0.0
2018-04-27,211.74,212.0,203.28,203.71,2217862,1.0,0.0
2018-04-30,203.79,205.25,201.24,201.31,2569934,1.0,0.0
2018-05-01,201.15,201.15,194.47,197.3,2926508,1.0,0.0
2018-05-02,197.3,200.5,195.51,195.68,1906427,1.0,0.0
2018-05-03,194.85,196.71,191.0,195.0,2053788,1.0,0.0
2018-05-04,193.96,195.75,193.19,195.07,1499409,1.0,0.0
2018-05-07,195.97,198.57,195.0,196.45,1281433,1.0,0.0
2018-05-08,196.97,199.93,196.01,199.62,2150214,1.0,0.0
2018-05-09,200.3,202.11,199.59,201.05,1755137,1.0,0.0
2018-05-10,201.71,203.0,200.9,201.67,1092360,1.0,0.0
2018-05-11,201.36,204.47,201.36,203.92,1296865,1.0,0.0
2018-05-14,203.68,204.44,201.11,203.07,1522397,1.0,0.0
2018-05-15,202.16,202.83,200.08,201.65,1012215,1.0,0.0
2018-05-16,202.0,202.7,200.23,200.5,1009864,1.0,0.0
2018-05-17,200.43,202.1,200.3,201.76,1207736,1.0,0.0
2018-05-18,201.38,203.64,201.38,202.52,2016935,1.0,0.0
2018-05-21,204.14,206.07,203.29,205.77,1088121,1.0,0.0
2018-05-22,205.63,205.77,204.09,204.37,1299227,1.0,0.0
2018-05-23,202.81,205.77,202.38,205.56,1111468,1.0,0.0
2018-05-24,205.63,208.88,205.19,208.73,1408995,1.0,0.0
2018-05-25,208.25,208.69,207.02,208.12,1179897,1.0,0.0
2018-05-29,206.34,206.79,200.09,201.81,1661837,1.0,0.0
2018-05-30,202.24,204.57,201.12,204.04,1241276,1.0,0.0
2018-05-31,204.05,204.47,201.59,201.71,1867939,1.0,0.0
2018-06-01,203.7,204.67,202.65,203.47,955018,1.0,0.0
2018-06-04,203.91,204.66,202.11,202.6,1125595,1.0,0.0
2018-06-05,202.17,202.91,199.82,201.1,1659399,1.0,0.0
2018-06-06,201.83,202.05,200.07,201.51,1601399,1.0,0.0
2018-06-07,201.98,203.34,201.5,202.85,853294,1.0,0.0
2018-06-08,202.67,202.99,199.05,202.58,1320877,1.0,0.0
2018-06-11,202.68,204.11,201.62,201.7,1077442,1.0,0.0
2018-06-12,201.32,202.53,197.53,198.5,2190375,1.0,0.0
2018-06-13,198.24,201.27,198.08,199.82,2036984,1.0,0.0
2018-06-14,200.9,201.0,195.51,195.82,2384468,1.0,0.0
2018-06-15,194.53,195.9,193.33,195.8,2854259,1.0,0.0
2018-06-18,194.73,196.5,194.61,195.97,1419312,1.0,0.0
2018-06-19,194.0,194.76,190.53,190.69,1530918,1.0,0.0
2018-06-20,191.08,191.95,190.18,191.4,1049610,1.0,0.0
2018-06-21,190.44,191.66,187.31,188.43,2401607,1.0,0.0
2018-06-22,190.1,190.14,187.46,189.38,1703453,1.0,0.0
2018-06-25,188.26,190.12,187.05,189.1,1288909,1.0,0.0
2018-06-26,189.27,189.96,187.86,188.8,1435070,1.0,0.0
2018-06-27,189.16,190.72,185.85,185.89,1762216,1.0,0.0
2018-06-28,186.12,188.25,184.21,187.44,1070562,1.0,0.0
2018-06-29,188.01,188.63,186.28,186.41,1580993,1.0,0.0
2018-07-02,185.19,187.54,184.65,187.37,1036925,1.0,0.0
2018-07-03,188.45,193.35,188.0,189.69,1765392,1.0,0.0
2018-07-05,189.41,189.86,187.66,188.7,1498677,1.0,0.93
2018-07-06,188.57,190.18,187.31,188.84,1484484,1.0,0.0
2018-07-09,189.21,192.3,188.7,191.54,1249607,1.0,0.0
2018-07-10,192.23,194.31,191.77,192.8,1353727,1.0,0.0
2018-07-11,192.04,192.08,190.83,191.51,1005204,1.0,0.0
2018-07-12,193.01,194.06,191.92,193.64,1333701,1.0,0.0
2018-07-13,193.24,195.07,192.47,192.74,1838778,1.0,0.0
2018-07-16,193.14,193.75,190.7,191.5,1163866,1.0,0.0
2018-07-17,191.53,192.55,190.46,192.32,1210836,1.0,0.0
2018-07-18,192.25,195.92,191.22,195.43,1522669,1.0,0.0
2018-07-19,194.94,195.72,193.44,194.35,1086911,1.0,0.0
2018-07-20,193.89,196.13,193.69,195.28,965008,1.0,0.0
2018-07-23,195.28,195.57,192.78,193.23,1213507,1.0,0.0
2018-07-24,195.0,198.8,193.69,196.75,2108540,1.0,0.0
2018-07-25,198.8,204.06,195.41,203.45,2556116,1.0,0.0
2018-07-26,202.02,203.68,199.34,200.48,2346798,1.0,0.0
2018-07-27,201.35,202.05,197.98,198.65,1203424,1.0,0.0
2018-07-30,198.65,200.21,195.98,196.26,1064430,1.0,0.0
2018-07-31,198.55,200.35,197.6,199.76,2239269,1.0,0.0
2018-08-01,199.39,199.89,195.56,196.01,1465087,1.0,0.0
2018-08-02,194.18,196.83,193.27,194.94,2201000,1.0,0.0
2018-08-03,194.04,194.54,191.85,194.09,2613355,1.0,0.0
2018-08-06,193.68,193.77,192.12,193.52,2042784,1.0,0.0
2018-08-07,193.68,196.41,193.68,196.28,1208447,1.0,0.0
2018-08-08,196.27,196.44,194.02,195.13,1051217,1.0,0.0
2018-08-09,194.98,195.3,192.4,192.57,861599,1.0,0.0
2018-08-10,192.38,192.77,190.66,191.81,954278,1.0,0.0
2018-08-13,191.93,192.78,190.48,191.84,813145,1.0,0.0
2018-08-14,192.0,194.17,191.75,193.63,779140,1.0,0.0
2018-08-15,192.83,193.47,190.77,192.31,1121022,1.0,0.0
2018-08-16,192.63,194.06,191.98,192.44,999914,1.0,0.0
2018-08-17,192.8,194.03,192.23,193.68,808145,1.0,0.0
2018-08-20,194.25,195.57,193.86,194.92,936044,1.0,0.0
2018-08-21,194.65,195.62,193.83,194.96,1013396,1.0,0.0
2018-08-22,194.39,194.91,192.27,192.48,806725,1.0,0.0
2018-08-23,192.38,192.99,191.4,191.59,855541,1.0,0.0
2018-08-24,192.0,192.65,191.37,192.59,619099,1.0,0.0
2018-08-27,193.0,195.77,193.0,195.29,885311,1.0,0.0
2018-08-28,196.2,196.4,194.93,195.62,1015079,1.0,0.0
2018-08-29,195.43,195.95,193.71,194.71,976789,1.0,0.0
2018-08-30,194.41,196.15,192.05,192.51,1016179,1.0,0.0
2018-08-31,191.59,193.6,191.35,193.4,1032452,1.0,0.0
2018-09-04,192.48,193.38,191.4,192.61,741076,1.0,0.0
2018-09-05,191.85,194.35,191.64,193.98,1162590,1.0,0.0
2018-09-06,194.4,195.94,194.2,195.24,741405,1.0,0.0
2018-09-07,194.77,195.42,193.75,194.71,998094,1.0,0.0
2018-09-10,195.19,196.9,195.04,195.69,1083615,1.0,0.0
2018-09-11,194.73,196.6,194.7,196.06,960738,1.0,0.0
2018-09-12,195.57,197.01,195.5,196.2,886573,1.0,0.0
2018-09-13,197.13,198.81,196.92,198.57,949259,1.0,0.0
2018-09-14,198.63,200.63,198.34,200.51,998183,1.0,0.0
2018-09-17,200.63,202.88,200.34,202.43,1072419,1.0,0.0
2018-09-18,202.8,204.95,202.43,204.61,1050935,1.0,0.0
2018-09-19,204.79,206.38,203.43,204.01,1363927,1.0,0.0
2018-09-20,204.5,205.17,200.45,202.86,1347655,1.0,0.0
2018-09-21,204.09,206.15,203.76,204.66,2464232,1.0,0.0
2018-09-24,204.3,204.61,202.28,202.83,1133634,1.0,0.0
2018-09-25,202.68,203.87,201.73,203.48,877343,1.0,0.0
2018-09-26,203.5,203.97,201.49,201.86,1223308,1.0,0.0
2018-09-27,202.27,202.53,201.09,202.08,947299,1.0,0.0
2018-09-28,201.98,204.99,201.11,204.72,1569650,1.0,0.0
2018-10-01,206.0,206.19,204.56,205.5,830613,1.0,0.0
2018-10-02,205.77,205.94,204.06,204.98,797917,1.0,0.0
2018-10-03,205.71,206.63,204.67,205.72,1095981,1.0,0.0
2018-10-04,204.3,206.18,203.81,205.91,970363,1.0,0.93
2018-10-05,206.09,207.72,205.51,206.32,1923303,1.0,0.0
2018-10-08,206.03,207.47,205.33,207.16,1528948,1.0,0.0
2018-10-09,206.54,207.0,204.01,204.16,931893,1.0,0.0
2018-10-10,204.16,204.16,197.72,197.82,1648190,1.0,0.0
2018-10-11,197.77,198.16,192.66,192.94,2066005,1.0,0.0
2018-10-12,195.64,195.65,189.42,191.85,1310429,1.0,0.0
2018-10-15,192.06,194.4,191.92,192.63,1044509,1.0,0.0
2018-10-16,193.29,195.19,191.77,194.71,1081877,1.0,0.0
2018-10-17,195.43,196.04,193.41,193.84,1014936,1.0,0.0
2018-10-18,192.29,193.68,190.0,191.22,1072906,1.0,0.0
2018-10-19,191.44,192.33,190.23,190.26,942810,1.0,0.0
2018-10-22,190.91,191.76,189.0,190.14,1138173,1.0,0.0
2018-10-23,187.62,190.08,186.75,187.75,1914380,1.0,0.0
2018-10-24,184.84,186.0,172.86,173.24,4887617,1.0,0.0
2018-10-25,172.98,173.77,169.32,170.6,3254619,1.0,0.0
2018-10-26,168.71,171.88,167.27,169.86,2877247,1.0,0.0
2018-10-29,170.72,172.52,164.76,167.04,2586698,1.0,0.0
2018-10-30,167.38,172.62,166.44,171.89,2405798,1.0,0.0
2018-10-31,173.51,175.62,172.24,172.58,2215340,1.0,0.0
2018-11-01,173.27,179.33,173.19,178.4,1848498,1.0,0.0
2018-11-02,178.97,181.82,176.44,176.98,3515873,1.0,0.0
2018-11-05,177.54,179.89,176.88,177.97,2455793,1.0,0.0
2018-11-06,177.68,182.84,177.68,182.2,1637152,1.0,0.0
2018-11-07,184.82,185.33,182.14,185.03,1879173,1.0,0.0
2018-11-08,185.02,185.81,184.03,184.56,1316992,1.0,0.0
2018-11-09,183.36,185.15,183.0,184.5,1245220,1.0,0.0
2018-11-12,184.96,185.52,180.59,181.01,1146992,1.0,0.0
2018-11-13,181.76,183.93,179.45,180.08,1298412,1.0,0.0
2018-11-14,181.44,182.47,178.94,179.84,1790392,1.0,0.0
2018-11-15,178.0,182.54,177.5,182.34,1206658,1.0,0.0
2018-11-16,181.34,184.91,180.88,183.06,1584879,1.0,0.0
2018-11-19,183.16,183.16,178.49,179.38,986715,1.0,0.0
2018-11-20,176.54,177.49,175.16,175.92,1546815,1.0,0.0
2018-11-21,177.0,178.63,176.26,176.75,1112983,1.0,0.0
2018-11-23,175.98,179.46,175.29,178.26,447167,1.0,0.0
2018-11-26,179.52,180.59,177.45,179.69,1370127,1.0,0.0
2018-11-27,178.55,179.47,176.5,178.64,1524829,1.0,0.0
2018-11-28,179.34,183.71,179.04,182.03,1589828,1.0,0.0
2018-11-29,181.66,183.24,180.84,182.17,1823219,1.0,0.0
2018-11-30,182.35,185.04,182.35,184.89,1647051,1.0,0.0
2018-12-03,187.06,187.47,180.79,181.57,1399249,1.0,0.0
2018-12-04,180.41,180.85,172.97,173.18,1760593,1.0,0.0
2018-12-06,170.89,171.92,165.3,171.02,2481726,1.0,0.0
2018-12-07,170.54,173.53,166.71,167.38,1779150,1.0,0.0
2018-12-10,169.19,173.6,168.55,172.2,2253745,1.0,0.0
2018-12-11,174.56,177.68,170.88,172.27,2391689,1.0,0.0
2018-12-12,174.54,175.36,171.0,171.22,3235232,1.0,0.0
2018-12-13,172.16,173.19,170.5,171.01,2760726,1.0,0.0
2018-12-14,169.29,171.41,168.54,168.97,1898214,1.0,0.0
2018-12-17,168.59,168.835,162.47,163.45,2420585,1.0,0.0
2018-12-18,164.71,166.5,161.82,162.81,1688897,1.0,0.0
2018-12-19,161.8,163.78,157.1648,158.99,2088729,1.0,0.0
2018-12-20,158.02,159.12,153.01,154.61,2494783,1.0,0.0
2018-12-21,151.65,154.99,149.77,150.49,4348257,1.0,0.0
2018-12-24,148.76,149.68,145.34,148.21,1572169,1.0,0.0
2018-12-26,147.95,152.26,143.87,152.17,2180697,1.0,0.0
2018-12-27,150.35,155.17,148.63,155.12,1720279,1.0,0.0
2018-12-28,155.99,157.36,154.27,155.32,1455825,1.0,0.0
2018-12-31,156.41,157.21,155.3895,157.21,1223431,1.0,0.0
2019-01-02,155.32,157.4643,153.82,157.26,1276344,1.0,0.0
2019-01-03,156.0,156.73,152.44,153.37,1436004,1.0,0.0
2019-01-04,155.35,157.83,154.12,157.77,1839965,1.0,0.0
2019-01-07,157.63,159.67,155.93,158.65,1047431,1.0,0.0
2019-01-08,159.29,159.92,156.75,158.66,1350339,1.0,0.0
2019-01-09,159.26,161.51,159.16,160.9,1483825,1.0,0.0
2019-01-10,160.27,162.55,159.37,162.43,1131560,1.0,0.0
2019-01-11,161.28,163.85,160.9,163.81,1239323,1.0,0.0
2019-01-14,162.3,164.94,162.24,164.53,1367952,1.0,0.0
2019-01-15,164.85,165.39,162.39,163.14,1906833,1.0,0.0
2019-01-16,162.79,164.68,162.69,163.6,1090766,1.0,0.0
2019-01-17,162.0,166.83,161.75,165.72,976433,1.0,0.93
2019-01-18,167.0,170.13,166.24,168.58,1665849,1.0,0.0
2019-01-22,167.65,168.79,165.5648,167.22,1298110,1.0,0.0
2019-01-23,168.48,169.91,166.14,168.81,1199772,1.0,0.0
2019-01-24,169.19,172.5,169.19,170.82,1329668,1.0,0.0
2019-01-25,172.65,172.9,170.8,171.22,1192090,1.0,0.0
2019-01-28,169.68,172.26,169.22,172.19,1285015,1.0,0.0
2019-01-29,172.73,176.16,172.73,176.0,1573800,1.0,0.0
2019-01-30,169.84,171.35,165.02,170.91,4073435,1.0,0.0
2019-01-31,169.18,173.3,169.08,171.17,2162600,1.0,0.0
2019-02-01,171.38,172.0,168.25,169.03,1716653,1.0,0.0
2019-02-04,169.38,174.61,169.22,174.61,1664657,1.0,0.0
2019-02-05,174.61,174.95,171.99,172.22,1583308,1.0,0.0
2019-02-06,171.98,174.53,171.98,172.76,1180302,1.0,0.0
2019-02-07,172.12,173.64,170.45,173.59,1538450,1.0,0.0
2019-02-08,172.86,173.27,171.3,172.12,2255589,1.0,0.0
2019-02-11,172.47,172.9,170.68,170.93,1159739,1.0,0.0
2019-02-12,171.63,173.19,171.38,172.76,1303432,1.0,0.0
2019-02-13,173.44,174.38,173.01,173.48,1053570,1.0,0.0
2019-02-14,173.02,173.08,171.49,172.1,843005,1.0,0.0
2019-02-15,172.54,175.4,171.69,175.24,1222893,1.0,0.0
2019-02-19,175.0,175.47,173.72,174.78,902428,1.0,0.0
2019-02-20,174.88,175.31,173.45,174.45,1038486,1.0,0.0
2019-02-21,174.18,174.313,170.89,171.63,979825,1.0,0.0
2019-02-22,172.17,172.72,171.63,172.54,1388412,1.0,0.0
2019-02-25,174.04,174.36,172.98,173.14,951883,1.0,0.0
2019-02-26,172.81,173.04,169.9,170.0,1424101,1.0,0.0
2019-02-27,169.4,169.99,168.23,169.34,1514879,1.0,0.0
2019-02-28,169.2,170.98,168.89,170.22,1739728,1.0,0.0
2019-03-01,171.0,171.03,168.57,169.28,1109092,1.0,0.0
2019-03-04,170.4,170.4,166.46,166.75,1706529,1.0,0.0
2019-03-05,166.75,168.38,166.75,168.03,1837263,1.0,0.0
2019-03-06,167.88,168.83,166.39,166.47,1080739,1.0,0.0
2019-03-07,166.18,166.54,163.93,166.34,1218271,1.0,0.0
2019-03-08,165.18,166.32,164.12,166.14,1324098,1.0,0.0
2019-03-11,165.12,169.86,164.68,169.51,1443774,1.0,0.0
2019-03-12,169.56,170.53,168.5,168.77,1452510,1.0,0.0
2019-03-13,169.43,173.1,169.03,171.72,1244743,1.0,0.0
2019-03-14,171.37,171.71,169.53,169.59,1261396,1.0,0.0
2019-03-15,169.64,170.96,168.657,169.79,3972139,1.0,0.0
2019-03-18,169.77,171.99,169.67,171.67,1718762,1.0,0.0
2019-03-19,172.5,173.48,170.36,170.72,1314776,1.0,0.0
2019-03-20,170.69,170.97,168.36,168.49,871287,1.0,0.0
2019-03-21,168.35,170.36,168.18,169.83,702536,1.0,0.0
2019-03-22,169.4,169.54,165.71,165.85,816523,1.0,0.0
2019-03-25,166.28,167.21,165.43,166.62,853981,1.0,0.0
2019-03-26,167.92,168.5,165.92,166.9,905911,1.0,0.0
2019-03-27,167.29,168.58,165.65,166.56,712115,1.0,0.0
2019-03-28,167.19,168.2,166.06,167.76,859052,1.0,0.0
2019-03-29,168.87,169.43,168.5,169.28,1333670,1.0,0.0
2019-04-01,170.25,172.77,170.04,172.31,1055123,1.0,0.0
2019-04-02,171.92,172.2,169.52,169.94,1367808,1.0,0.0
2019-04-03,170.6,170.6,166.75,167.75,1484859,1.0,0.0
2019-04-04,168.0,170.37,167.82,169.17,1062064,1.0,0.0
2019-04-05,169.26,171.13,168.59,171.12,1240361,1.0,0.0
2019-04-08,170.52,172.53,170.1,172.3,1159753,1.0,0.0
2019-04-09,171.17,171.57,169.06,169.17,1037087,1.0,0.0
2019-04-10,169.22,169.83,167.61,169.37,926839,1.0,0.0
2019-04-11,168.79,171.65,168.39,171.43,1212411,1.0,1.02
2019-04-12,172.67,175.49,172.05,174.93,1454065,1.0,0.0
2019-04-15,174.37,174.75,171.5,172.0,1601544,1.0,0.0
2019-04-16,172.7,174.7273,172.7,173.74,931728,1.0,0.0
2019-04-17,175.0,176.48,174.27,174.53,988403,1.0,0.0
2019-04-18,174.9,177.0,174.51,176.85,1348448,1.0,0.0
2019-04-22,175.87,177.86,175.27,177.03,1467058,1.0,0.0
2019-04-23,179.66,183.13,178.8,182.37,1948133,1.0,0.0
2019-04-24,193.11,193.11,180.24,180.73,3087278,1.0,0.0
2019-04-25,179.74,180.22,175.92,176.88,1799148,1.0,0.0
2019-04-26,177.14,178.15,176.15,178.07,852316,1.0,0.0
2019-04-29,178.0,179.64,177.6,179.21,844938,1.0,0.0
2019-04-30,179.55,179.98,176.72,178.72,1213173,1.0,0.0
2019-05-01,179.12,179.93,176.35,176.39,1224102,1.0,0.0
2019-05-02,175.81,176.35,172.8,174.57,2036484,1.0,0.0
2019-05-03,175.24,176.79,175.08,176.69,1354422,1.0,0.0
2019-05-06,173.6,175.71,172.61,175.36,992091,1.0,0.0
2019-05-07,173.4,173.98,169.94,170.48,1614675,1.0,0.0
2019-05-08,170.38,170.74,167.89,168.29,2021505,1.0,0.0
2019-05-09,167.58,173.16,167.17,172.05,2037670,1.0,0.0
2019-05-10,170.74,173.54,169.49,173.08,1254326,1.0,0.0
2019-05-13,170.54,171.02,166.79,167.99,1762657,1.0,0.0
2019-05-14,168.04,170.41,167.82,168.49,847924,1.0,0.0
2019-05-15,167.02,169.23,165.65,167.72,787512,1.0,0.0
2019-05-16,168.33,170.43,168.1,169.85,634249,1.0,0.0
2019-05-17,167.86,168.41,166.1,166.37,998067,1.0,0.0
2019-05-20,168.11,170.45,167.39,169.29,1359168,1.0,0.0
2019-05-21,170.2,172.02,169.84,171.45,1182263,1.0,0.0
2019-05-22,170.59,171.21,168.43,169.28,939232,1.0,0.0
2019-05-23,167.77,168.25,162.69,163.58,1883638,1.0,0.0
2019-05-24,163.91,164.82,161.46,164.03,1508119,1.0,0.0
2019-05-28,164.28,165.44,163.07,163.66,2609727,1.0,0.0
2019-05-29,163.55,163.95,161.86,162.31,1204148,1.0,0.0
2019-05-30,162.46,163.65,161.6,162.23,839595,1.0,0.0
2019-05-31,160.44,161.58,160.21,160.82,1306330,1.0,0.0
2019-06-03,161.37,165.49,161.03,163.15,1515265,1.0,0.0
2019-06-04,164.27,167.91,164.27,167.78,1034430,1.0,0.0
2019-06-05,168.33,171.97,168.23,171.94,1251641,1.0,0.0
2019-06-06,171.93,172.6,169.68,171.98,862066,1.0,0.0
2019-06-07,173.15,174.38,172.48,173.97,973389,1.0,0.0
2019-06-10,175.8,176.44,173.17,173.39,1054464,1.0,0.0
2019-06-11,174.04,174.44,168.53,169.73,853862,1.0,0.0
2019-06-12,169.92,170.43,168.68,170.04,585501,1.0,0.0
2019-06-13,170.16,171.94,169.45,171.94,1128028,1.0,0.0
2019-06-14,172.25,172.25,170.13,171.25,724379,1.0,0.0
2019-06-17,171.69,172.43,170.38,171.78,924973,1.0,0.0
2019-06-18,172.58,174.87,172.37,173.59,857781,1.0,0.0
2019-06-19,174.23,174.4764,172.55,173.62,531707,1.0,0.0
2019-06-20,175.84,178.405,174.39,177.96,1265964,1.0,0.0
2019-06-21,178.13,178.33,175.8,177.43,1851348,1.0,0.0
2019-06-24,176.71,178.29,176.33,177.82,976333,1.0,0.0
2019-06-25,178.07,178.81,177.1,177.64,763492,1.0,0.0
2019-06-26,177.25,179.75,176.87,178.9,1334099,1.0,0.0
2019-06-27,178.97,178.97,176.7,177.72,966477,1.0,0.0
2019-06-28,178.12,182.08,178.12,181.82,2450800,1.0,0.0
2019-07-01,183.33,184.35,181.53,182.54,1141792,1.0,0.0
2019-07-02,183.25,183.62,182.08,183.57,928214,1.0,0.0
2019-07-03,182.78,182.89,180.95,182.65,533590,1.0,1.02
2019-07-05,181.8,182.48,180.27,182.28,481765,1.0,0.0
2019-07-08,181.22,182.93,180.58,181.47,822894,1.0,0.0
2019-07-09,180.14,180.98,179.12,180.83,1378755,1.0,0.0
2019-07-10,182.35,183.86,181.57,182.54,887007,1.0,0.0
2019-07-11,182.53,183.63,182.37,183.6,707975,1.0,0.0
2019-07-12,184.56,185.95,183.7,185.84,827482,1.0,0.0
2019-07-15,185.84,186.84,185.45,186.4,1215282,1.0,0.0
2019-07-16,186.91,187.48,186.56,186.89,1078244,1.0,0.0
2019-07-17,185.73,186.05,183.43,183.55,2259796,1.0,0.0
2019-07-18,183.55,183.55,180.59,183.18,1237337,1.0,0.0
2019-07-19,184.11,184.87,183.65,183.85,939851,1.0,0.0
2019-07-22,183.83,185.01,183.12,184.62,702550,1.0,0.0
2019-07-23,185.91,186.0,183.63,185.97,1150627,1.0,0.0
2019-07-24,185.98,189.56,185.05,187.64,1368566,1.0,0.0
2019-07-25,187.39,189.0,185.5,187.61,1106288,1.0,0.0
2019-07-26,187.28,189.9,186.44,189.73,1745207,1.0,0.0
2019-07-29,189.72,190.16,188.75,189.83,924153,1.0,0.0
2019-07-30,189.13,189.46,187.46,189.12,939500,1.0,0.0
2019-07-31,189.03,189.66,184.8,185.94,1187422,1.0,0.0
2019-08-01,185.59,186.74,182.46,183.43,1273189,1.0,0.0
2019-08-02,183.34,183.58,181.14,181.97,941661,1.0,0.0
2019-08-05,179.97,179.99,175.03,176.77,1197748,1.0,0.0
2019-08-06,178.35,180.73,176.77,180.67,886416,1.0,0.0
2019-08-07,178.36,181.52,177.51,180.85,1003307,1.0,0.0
2019-08-08,182.66,185.1,182.07,184.17,778632,1.0,0.0
2019-08-09,183.32,185.13,182.75,184.1,719639,1.0,0.0
2019-08-12,183.19,183.4,180.62,181.32,899379,1.0,0.0
2019-08-13,181.15,184.61,180.65,183.11,803840,1.0,0.0
2019-08-14,181.96,182.31,179.7,180.83,1555554,1.0,0.0
2019-08-15,180.83,182.86,180.19,182.22,1200970,1.0,0.0
2019-08-16,183.69,186.39,183.35,184.35,1450866,1.0,0.0
2019-08-19,186.53,188.02,185.9,187.59,758215,1.0,0.0
2019-08-20,186.73,187.86,186.09,187.17,941717,1.0,0.0
2019-08-21,189.0,189.04,186.67,188.48,1012876,1.0,0.0
2019-08-22,189.06,189.31,186.1,187.55,633973,1.0,0.0
2019-08-23,186.76,189.27,182.47,183.55,1619705,1.0,0.0
2019-08-26,185.23,185.71,182.2,184.65,632074,1.0,0.0
2019-08-27,185.32,185.64,182.58,183.36,628268,1.0,0.0
2019-08-28,182.79,185.62,182.13,185.44,535292,1.0,0.0
2019-08-29,186.85,189.84,186.45,189.47,1301974,1.0,0.0
2019-08-30,190.5,192.22,190.0,191.27,1153481,1.0,0.0
2019-09-03,190.04,190.82,187.17,189.28,837594,1.0,0.0
2019-09-04,191.02,192.11,190.17,190.71,964521,1.0,0.0
2019-09-05,192.45,193.64,191.68,192.27,818557,1.0,0.0
2019-09-06,193.09,193.76,192.04,192.67,698663,1.0,0.0
2019-09-09,192.84,193.0,187.53,188.07,1603066,1.0,0.0
2019-09-10,187.7,187.87,185.4,187.87,1097415,1.0,0.0
2019-09-11,187.86,188.62,186.35,188.6,836251,1.0,0.0
2019-09-12,190.0,190.0,187.13,189.41,1042590,1.0,0.0
2019-09-13,190.15,190.23,189.01,189.96,1064554,1.0,0.0
2019-09-16,190.84,191.67,188.35,190.97,1536401,1.0,0.0
2019-09-17,192.58,192.58,189.56,191.31,1222902,1.0,0.0
2019-09-18,191.06,191.06,187.9,190.3,1238760,1.0,0.0
2019-09-19,189.14,190.19,187.01,188.13,1301690,1.0,0.0
2019-09-20,188.68,189.0,186.07,187.37,7649932,1.0,0.0
2019-09-23,186.25,188.56,185.06,186.79,1367390,1.0,0.0
2019-09-24,187.97,188.85,184.41,184.7,1834007,1.0,0.0
2019-09-25,185.45,186.41,184.56,186.0,1759010,1.0,0.0
2019-09-26,186.52,186.81,185.22,186.0,1180280,1.0,0.0
2019-09-27,186.81,186.89,182.54,183.02,1144014,1.0,0.0
2019-09-30,183.36,184.32,182.66,182.73,1187730,1.0,0.0
2019-10-01,183.84,184.54,177.63,178.71,1582859,1.0,0.0
2019-10-02,177.54,178.26,174.12,174.41,1208700,1.0,0.0
2019-10-03,174.31,175.0,172.01,174.88,883376,1.0,0.0
2019-10-04,175.0,176.89,173.75,176.64,912646,1.0,0.0
2019-10-07,176.23,178.2,175.88,176.7,941221,1.0,0.0
2019-10-08,175.65,178.48,174.82,176.5,1410869,1.0,0.0
2019-10-09,178.0,178.87,176.2,177.05,963350,1.0,0.0
2019-10-10,175.5,178.52,175.5,176.69,868024,1.0,1.02
2019-10-11,178.8,181.15,178.37,179.63,855801,1.0,0.0
2019-10-14,179.66,179.86,178.8,179.12,591969,1.0,0.0
2019-10-15,179.18,179.63,178.34,178.45,847711,1.0,0.0
2019-10-16,178.45,179.23,177.21,178.29,769306,1.0,0.0
2019-10-17,178.11,178.56,176.58,176.76,785208,1.0,0.0
2019-10-18,177.05,177.05,173.99,174.43,1107806,1.0,0.0
2019-10-21,175.3,176.92,174.65,175.45,944826,1.0,0.0
2019-10-22,175.32,180.06,175.32,179.88,1261734,1.0,0.0
2019-10-23,177.69,177.72,172.4,173.56,1998568,1.0,0.0
2019-10-24,175.98,177.76,174.63,174.67,2458152,1.0,0.0
2019-10-25,175.24,176.74,173.34,173.54,1894467,1.0,0.0
2019-10-28,174.28,175.97,173.97,174.93,1544552,1.0,0.0
2019-10-29,175.07,178.23,174.92,176.03,1856788,1.0,0.0
2019-10-30,176.44,178.69,176.0,178.24,1261966,1.0,0.0
2019-10-31,177.78,178.24,175.53,176.8,1373904,1.0,0.0
2019-11-01,178.03,180.19,178.03,179.73,1136051,1.0,0.0
2019-11-04,181.18,181.46,176.97,178.07,2483383,1.0,0.0
2019-11-05,177.93,179.69,177.1,179.3,2252905,1.0,0.0
2019-11-06,179.92,181.69,179.92,181.57,1445570,1.0,0.0
2019-11-07,182.0,183.23,181.53,182.95,1427546,1.0,0.0
2019-11-08,182.67,185.96,182.67,185.08,1446063,1.0,0.0
2019-11-11,184.25,184.86,182.46,184.35,684123,1.0,0.0
2019-11-12,184.05,185.65,183.53,185.28,852719,1.0,0.0
2019-11-13,185.31,186.08,184.08,184.72,961685,1.0,0.0
2019-11-14,184.59,185.81,184.52,185.19,739405,1.0,0.0
2019-11-15,186.34,187.92,185.82,187.08,1077875,1.0,0.0
2019-11-18,186.9,187.02,186.19,186.58,750081,1.0,0.0
2019-11-19,186.93,186.93,184.66,184.95,805453,1.0,0.0
2019-11-20,184.75,185.2,183.35,184.33,729218,1.0,0.0
2019-11-21,184.05,184.88,182.8,182.95,808820,1.0,0.0
2019-11-22,183.32,183.57,182.16,182.88,560156,1.0,0.0
2019-11-25,183.2,183.72,182.47,182.66,855015,1.0,0.0
2019-11-26,182.79,183.78,181.73,182.02,1849085,1.0,0.0
2019-11-27,182.44,182.88,181.64,182.35,1930415,1.0,0.0
2019-11-29,182.69,182.69,181.2,181.74,915649,1.0,0.0
2019-12-02,182.03,182.26,177.75,177.99,1963722,1.0,0.0
2019-12-03,177.0,178.2,175.7,177.04,2985857,1.0,0.0
2019-12-04,177.83,180.7,177.75,178.08,1409001,1.0,0.0
2019-12-05,179.0,182.58,178.7,182.37,2458329,1.0,0.0
2019-12-06,183.0,183.74,181.98,183.55,1467408,1.0,0.0
2019-12-09,183.04,183.93,182.25,183.17,1275057,1.0,0.0
2019-12-10,183.03,183.29,180.24,180.48,1191424,1.0,0.0
2019-12-11,180.28,180.57,177.57,179.27,1565582,1.0,0.0
2019-12-12,180.0,182.67,179.39,180.47,1204687,1.0,0.0
2019-12-13,179.9,180.92,178.41,179.03,968344,1.0,0.0
2019-12-16,179.42,180.89,178.85,180.59,1031474,1.0,0.0
2019-12-17,181.29,182.05,180.68,181.1,857512,1.0,0.0
2019-12-18,181.07,181.32,178.42,178.46,995101,1.0,0.0
2019-12-19,179.1,179.94,178.23,178.65,1161857,1.0,0.0
2019-12-20,178.76,179.54,178.11,178.33,1961946,1.0,0.0
2019-12-23,179.17,180.72,178.51,179.74,1404439,1.0,0.0
2019-12-24,180.02,180.08,178.27,178.82,321382,1.0,0.0
2019-12-26,179.12,179.27,177.41,178.19,664574,1.0,0.0
2019-12-27,178.39,178.94,177.14,177.49,781115,1.0,0.0
2019-12-30,177.54,177.87,175.77,176.01,886648,1.0,0.0
2019-12-31,175.98,176.87,175.32,176.35,726273,1.0,0.0
2020-01-02,177.45,179.04,176.92,178.43,1472055,1.0,0.0
2020-01-03,178.0,180.43,178.0,180.18,1662226,1.0,0.0
2020-01-06,181.55,182.98,181.0,182.09,1956988,1.0,0.0
2020-01-07,180.42,181.63,179.75,180.02,1454721,1.0,0.0
2020-01-08,180.2,181.94,179.6,180.48,1199890,1.0,0.0
2020-01-09,181.0,182.91,180.96,181.61,1581572,1.0,0.0
2020-01-10,181.51,181.79,179.41,179.51,831729,1.0,0.0
2020-01-13,180.24,182.09,180.04,181.13,898041,1.0,0.0
2020-01-14,181.0,181.53,179.66,180.97,917870,1.0,0.0
2020-01-15,181.07,182.96,181.07,181.61,1174680,1.0,0.0
2020-01-16,181.53,183.07,181.11,182.4,1289882,1.0,1.02
2020-01-17,182.78,183.12,181.48,181.89,1820004,1.0,0.0
2020-01-21,181.46,184.56,180.82,183.29,2074838,1.0,0.0
2020-01-22,183.86,185.58,183.09,183.1,1058678,1.0,0.0
2020-01-23,182.87,185.47,182.05,184.62,1146749,1.0,0.0
2020-01-24,185.23,185.81,184.33,185.07,925533,1.0,0.0
2020-01-27,182.36,183.73,181.59,182.57,1132317,1.0,0.0
2020-01-28,183.08,184.68,180.76,183.63,1447453,1.0,0.0
2020-01-29,183.92,184.42,179.61,183.47,2033164,1.0,0.0
2020-01-30,182.3,183.49,179.72,181.23,1842469,1.0,0.0
2020-01-31,180.24,180.91,174.79,175.44,2365667,1.0,0.0
2020-02-03,177.16,178.62,175.19,176.62,1589392,1.0,0.0
2020-02-04,179.24,180.66,179.0,179.53,1882518,1.0,0.0
2020-02-05,181.01,184.46,180.08,183.97,1273270,1.0,0.0
2020-02-06,185.65,187.31,185.2,186.13,1316944,1.0,0.0
2020-02-07,185.78,188.3,185.59,186.74,1715381,1.0,0.0
2020-02-10,186.51,188.47,185.34,186.25,1239259,1.0,0.0
2020-02-11,186.93,188.38,185.38,186.94,1599101,1.0,0.0
2020-02-12,187.36,188.75,186.44,188.75,1447903,1.0,0.0
2020-02-13,187.82,190.08,187.58,189.43,1545953,1.0,0.0
2020-02-14,189.36,189.4,186.62,188.06,1351802,1.0,0.0
2020-02-18,187.16,188.73,186.69,188.14,1139870,1.0,0.0
2020-02-19,188.23,188.69,186.33,186.55,1191219,1.0,0.0
2020-02-20,186.07,187.35,184.43,185.95,1247887,1.0,0.0
2020-02-21,184.91,187.86,183.61,187.6,1416928,1.0,0.0
2020-02-24,183.11,185.65,182.08,184.61,1857626,1.0,0.0
2020-02-25,184.95,185.64,173.27,173.92,2780080,1.0,0.0
2020-02-26,175.25,176.84,171.22,171.55,2737359,1.0,0.0
2020-02-27,169.18,172.69,165.53,166.14,2809062,1.0,0.0
2020-02-28,160.58,163.69,155.47,159.69,3827370,1.0,0.0
2020-03-02,160.56,165.23,157.6,165.03,2233151,1.0,0.0
2020-03-03,164.89,170.19,160.73,161.05,2418186,1.0,0.0
2020-03-04,163.44,169.72,161.21,168.28,2694621,1.0,0.0
2020-03-05,164.66,167.93,161.64,163.36,2951441,1.0,0.0
2020-03-06,159.35,164.19,157.11,163.03,1879333,1.0,0.0
2020-03-09,152.04,157.12,146.59,150.02,3241704,1.0,0.0
2020-03-10,155.01,155.64,149.61,155.3,2606812,1.0,0.0
2020-03-11,150.63,154.3,147.14,148.45,2753288,1.0,0.0
2020-03-12,137.64,139.46,128.53,132.23,5111489,1.0,0.0
2020-03-13,139.14,141.57,131.62,139.64,4164738,1.0,0.0
2020-03-16,126.26,137.1,126.26,126.7,3951441,1.0,0.0
2020-03-17,128.17,131.94,125.4,131.59,3327267,1.0,0.0
2020-03-18,123.39,126.32,115.71,121.11,2779952,1.0,0.0
2020-03-19,120.01,120.01,110.02,118.03,3248082,1.0,0.0
2020-03-20,118.19,121.84,113.28,113.99,3390292,1.0,0.0
2020-03-23,112.16,113.0,100.55,106.6,3724357,1.0,0.0
2020-03-24,112.21,116.03,110.58,114.21,3279981,1.0,0.0
2020-03-25,116.5,125.71,114.52,122.0,3310224,1.0,0.0
2020-03-26,124.47,134.88,124.14,133.16,2842356,1.0,0.0
2020-03-27,129.48,133.59,128.0,130.07,2431445,1.0,0.0
2020-03-30,130.0,134.46,127.08,133.6,1880687,1.0,0.0
2020-03-31,132.5,134.57,131.13,132.31,1701157,1.0,0.0
2020-04-01,126.71,129.0,125.19,127.4,1438545,1.0,0.0
2020-04-02,125.9,130.26,124.9,127.92,1434530,1.0,0.0
2020-04-03,127.24,128.59,124.7,125.68,1206728,1.0,0.0
2020-04-06,131.62,134.49,130.3,133.69,2370169,1.0,0.0
2020-04-07,140.41,141.38,134.18,134.4,2783898,1.0,0.0
2020-04-08,135.42,138.38,134.04,137.39,1700970,1.0,1.1
2020-04-09,140.35,142.46,138.61,141.01,2273648,1.0,0.0
2020-04-13,140.94,141.43,136.52,136.95,1406644,1.0,0.0
2020-04-14,139.01,141.52,138.42,138.5,1445230,1.0,0.0
2020-04-15,135.2,136.0,131.8,133.81,1609062,1.0,0.0
2020-04-16,133.61,134.06,130.56,132.44,1286591,1.0,0.0
2020-04-17,136.01,139.5,135.25,138.19,2036573,1.0,0.0
2020-04-20,137.99,138.2,135.2,135.25,1272536,1.0,0.0
2020-04-21,132.45,133.85,130.68,131.69,1328032,1.0,0.0
2020-04-22,134.57,134.88,132.58,133.37,1692683,1.0,0.0
2020-04-23,134.0,134.82,130.36,130.49,1884294,1.0,0.0
2020-04-24,131.4,131.62,128.66,129.3,2651350,1.0,0.0
2020-04-27,130.0,135.6,129.76,134.5,3679457,1.0,0.0
2020-04-28,138.41,139.22,135.8,136.49,1967203,1.0,0.0
2020-04-29,139.8,140.26,134.79,136.65,3700741,1.0,0.0
2020-04-30,133.94,135.27,129.51,130.62,2783858,1.0,0.0
2020-05-01,129.16,129.34,126.39,127.8,1880931,1.0,0.0
2020-05-04,126.08,126.55,123.53,124.78,3110962,1.0,0.0
2020-05-05,126.0,129.38,125.51,126.36,1987707,1.0,0.0
2020-05-06,126.71,127.12,121.67,121.73,1792080,1.0,0.0
2020-05-07,123.27,127.36,123.11,127.13,1855909,1.0,0.0
2020-05-08,128.8,135.58,128.8,135.35,2916776,1.0,0.0
2020-05-11,134.02,136.9,133.04,133.81,3247407,1.0,0.0
2020-05-12,134.11,134.83,131.73,132.04,4013195,1.0,0.0
2020-05-13,131.54,132.04,129.95,131.5,3236777,1.0,0.0
2020-05-14,130.0,134.31,129.11,132.91,2547592,1.0,0.0
2020-05-15,131.32,134.03,130.2,130.92,2975644,1.0,0.0
2020-05-18,136.23,140.45,134.99,139.48,1719628,1.0,0.0
2020-05-19,140.12,140.53,136.06,136.19,1415710,1.0,0.0
2020-05-20,137.85,138.42,136.55,136.99,1336257,1.0,0.0
2020-05-21,137.2,139.1,136.4,138.67,1271396,1.0,0.0
2020-05-22,139.3,139.3,136.6,138.57,884108,1.0,0.0
2020-05-26,143.08,146.05,142.56,144.65,1617638,1.0,0.0
2020-05-27,149.23,150.57,147.51,150.45,1901189,1.0,0.0
2020-05-28,152.17,152.45,148.03,148.49,1429428,1.0,0.0
2020-05-29,147.24,147.83,143.8,146.83,1611025,1.0,0.0
2020-06-01,146.75,148.8,146.48,147.27,957019,1.0,0.0
2020-06-02,148.33,149.97,147.37,149.32,1225643,1.0,0.0
2020-06-03,151.39,155.72,151.06,155.23,1284055,1.0,0.0
2020-06-04,155.22,157.44,153.87,157.09,1387746,1.0,0.0
2020-06-05,164.37,165.14,160.92,162.22,1968973,1.0,0.0
2020-06-08,164.15,168.33,164.02,167.78,1770830,1.0,0.0
2020-06-09,165.0,165.75,162.0,163.48,1389367,1.0,0.0
2020-06-10,162.81,162.81,157.97,158.05,1184865,1.0,0.0
2020-06-11,151.67,153.66,148.11,148.55,1864479,1.0,0.0
2020-06-12,153.33,153.68,147.4,149.2,1859512,1.0,0.0
2020-06-15,145.11,154.48,144.52,153.09,1338687,1.0,0.0
2020-06-16,158.69,159.48,154.15,155.99,1695760,1.0,0.0
2020-06-17,156.57,158.85,156.25,157.05,1273638,1.0,0.0
2020-06-18,156.0,160.56,155.37,159.06,1589040,1.0,0.0
2020-06-19,161.79,161.79,156.52,157.62,3180161,1.0,0.0
2020-06-22,155.73,156.63,153.2,153.8,1632832,1.0,0.0
2020-06-23,154.1,155.33,152.49,152.75,1057424,1.0,0.0
2020-06-24,151.0,151.0,145.9,146.45,1810349,1.0,0.0
2020-06-25,145.0,147.09,143.68,146.96,1589541,1.0,0.0
2020-06-26,146.48,147.32,144.52,146.05,2073069,1.0,0.0
2020-06-29,148.22,149.39,147.06,149.34,1032709,1.0,0.0
2020-06-30,148.13,150.21,147.7,149.46,1330282,1.0,0.0
2020-07-01,149.0,150.61,146.91,147.14,873955,1.0,1.1
2020-07-02,149.64,150.86,147.06,147.3,761214,1.0,0.0
2020-07-06,149.51,149.66,147.02,148.47,931345,1.0,0.0
2020-07-07,148.0,149.2,145.01,145.18,1511689,1.0,0.0
2020-07-08,145.52,145.81,143.06,143.9,1176264,1.0,0.0
2020-07-09,142.98,143.89,137.82,138.02,1301440,1.0,0.0
2020-07-10,138.2,142.06,138.2,141.97,948904,1.0,0.0
2020-07-13,142.92,144.43,141.35,142.82,1292410,1.0,0.0
2020-07-14,142.25,143.93,141.11,143.36,960146,1.0,0.0
2020-07-15,146.85,146.85,145.21,145.79,1999867,1.0,0.0
2020-07-16,145.52,149.59,144.56,148.51,1647373,1.0,0.0
2020-07-17,149.4,149.64,148.03,148.91,827074,1.0,0.0
2020-07-20,147.85,148.47,145.35,145.45,1009792,1.0,0.0
2020-07-21,146.66,149.76,146.3,147.81,880999,1.0,0.0
2020-07-22,146.92,151.58,146.617,151.53,1253552,1.0,0.0
2020-07-23,152.2,152.92,150.11,151.01,963256,1.0,0.0
2020-07-24,151.62,153.26,149.52,150.15,787717,1.0,0.0
2020-07-27,149.47,149.507,147.51,147.98,694986,1.0,0.0
2020-07-28,147.5,150.65,147.0982,148.57,1000796,1.0,0.0
2020-07-29,147.23,149.65,144.58,149.44,1918506,1.0,0.0
2020-07-30,147.02,149.685,146.8,148.86,1408789,1.0,0.0
2020-07-31,148.225,148.225,144.76,146.74,1659624,1.0,0.0
2020-08-03,145.66,148.3664,144.32,147.72,1387850,1.0,0.0
2020-08-04,148.12,149.04,146.75,147.24,2103886,1.0,0.0
2020-08-05,148.7,149.89,148.08,149.19,1152691,1.0,0.0
2020-08-06,148.99,149.65,148.33,149.14,867280,1.0,0.0
2020-08-07,149.11,152.98,148.51,152.97,1851928,1.0,0.0
2020-08-10,153.52,156.77,153.43,156.56,1144639,1.0,0.0
2020-08-11,159.48,160.84,157.95,158.85,1793441,1.0,0.0
2020-08-12,160.37,160.68,154.69,156.41,1312038,1.0,0.0
2020-08-13,154.32,156.5,153.74,154.95,1053801,1.0,0.0
2020-08-14,154.11,157.655,153.65,156.46,719343,1.0,0.0
2020-08-17,156.52,156.79,153.35,153.72,1080798,1.0,0.0
2020-08-18,153.28,154.1,152.72,153.03,617492,1.0,0.0
2020-08-19,152.96,154.5613,152.09,152.49,701970,1.0,0.0
2020-08-20,151.25,151.95,150.49,150.94,801528,1.0,0.0
2020-08-21,150.0,151.35,149.03,149.81,1518919,1.0,0.0
2020-08-24,150.49,153.39,149.75,153.3,1002331,1.0,0.0
2020-08-25,154.3,154.73,150.865,151.47,741532,1.0,0.0
2020-08-26,150.92,151.49,149.42,150.47,806588,1.0,0.0
2020-08-27,150.61,153.53,150.4,152.44,1147616,1.0,0.0
2020-08-28,152.84,152.99,150.734,152.27,670595,1.0,0.0
2020-08-31,152.07,152.4,148.95,149.35,1176679,1.0,0.0
2020-09-01,147.8,150.3165,147.36,150.19,954272,1.0,0.0
2020-09-02,150.06,154.5,149.92,153.92,1259079,1.0,0.0
2020-09-03,155.0,156.56,150.61,151.94,1338514,1.0,0.0
2020-09-04,153.5,154.376,149.79,151.7,1121699,1.0,0.0
2020-09-08,149.78,150.55,146.6,146.96,1588167,1.0,0.0
2020-09-09,147.28,147.79,145.15,146.17,1289800,1.0,0.0
2020-09-10,146.6,147.7531,142.41,142.58,1395988,1.0,0.0
2020-09-11,144.1,146.2,142.62,145.36,1131554,1.0,0.0
2020-09-14,146.46,148.52,145.75,147.47,763818,1.0,0.0
2020-09-15,147.32,148.11,144.98,145.14,831020,1.0,0.0
2020-09-16,145.25,148.55,144.3,146.78,1069684,1.0,0.0
2020-09-17,140.65,144.91,139.51,144.59,1532792,1.0,0.0
2020-09-18,143.01,145.63,142.73,142.99,1836530,1.0,0.0
2020-09-21,141.35,141.49,137.43,138.33,1373662,1.0,0.0
2020-09-22,138.36,140.2515,137.355,139.45,935623,1.0,0.0
2020-09-23,140.07,141.8201,136.19,136.51,1033661,1.0,0.0
2020-09-24,136.12,138.45,135.16,136.9,929370,1.0,0.0
2020-09-25,135.84,138.77,135.56,138.21,883224,1.0,0.0
2020-09-28,139.7,142.395,139.7,140.92,721483,1.0,0.0
2020-09-29,140.43,140.58,137.89,138.55,1074429,1.0,0.0
2020-09-30,139.16,140.14,137.07,138.43,1208740,1.0,0.0
2020-10-01,138.89,140.08,136.8,138.22,887359,1.0,0.0
2020-10-02,133.72,140.9411,133.6,140.49,1325290,1.0,0.0
2020-10-05,141.98,143.35,141.11,142.73,936260,1.0,0.0
2020-10-06,144.08,146.97,142.03,142.31,1347473,1.0,0.0
2020-10-07,143.67,145.65,143.53,144.87,1204461,1.0,0.0
2020-10-08,145.0,145.66,143.6,145.04,854632,1.0,1.1
2020-10-09,146.11,146.11,143.53,143.66,1974272,1.0,0.0
2020-10-12,144.8,146.76,143.8401,144.73,1611701,1.0,0.0
2020-10-13,144.6,144.98,141.66,143.24,1235792,1.0,0.0
2020-10-14,142.8,145.4,142.7,142.89,1350798,1.0,0.0
2020-10-15,141.7,142.0,140.18,140.81,1336286,1.0,0.0
2020-10-16,141.62,142.4999,140.25,142.24,2653296,1.0,0.0
2020-10-19,142.25,142.7716,138.195,138.68,1500418,1.0,0.0
2020-10-20,140.25,140.57,137.77,138.46,889637,1.0,0.0
2020-10-21,137.84,138.71,136.5,136.61,1007185,1.0,0.0
2020-10-22,136.58,139.67,136.36,139.42,1282498,1.0,0.0
2020-10-23,140.4,141.19,139.41,140.7,993144,1.0,0.0
2020-10-26,139.26,139.61,136.43,138.51,1646182,1.0,0.0
2020-10-27,137.95,138.11,134.87,134.87,1998231,1.0,0.0
2020-10-28,134.84,137.66,132.17,132.43,1866907,1.0,0.0
2020-10-29,131.82,133.4799,130.12,131.32,1454918,1.0,0.0
2020-10-30,130.56,132.72,129.17,131.33,2349974,1.0,0.0
2020-11-02,133.37,136.53,132.565,136.09,1417423,1.0,0.0
2020-11-03,137.75,139.59,136.97,138.2,1928535,1.0,0.0
2020-11-04,138.98,143.33,137.2394,139.09,1855862,1.0,0.0
2020-11-05,139.53,141.13,138.0,139.15,1158394,1.0,0.0
2020-11-06,139.55,140.14,138.1386,139.32,999111,1.0,0.0
2020-11-09,147.18,150.39,144.77,147.13,2276591,1.0,0.0
2020-11-10,148.8,152.03,148.15,151.31,1994811,1.0,0.0
2020-11-11,151.09,151.09,148.17,150.29,1794644,1.0,0.0
2020-11-12,148.56,149.52,146.695,147.5,1298550,1.0,0.0
2020-11-13,148.75,151.375,148.01,151.15,1217482,1.0,0.0
2020-11-16,153.83,154.09,151.755,152.93,1605494,1.0,0.0
2020-11-17,151.68,153.29,150.92,151.47,1241745,1.0,0.0
2020-11-18,152.43,155.22,151.84,153.5,1536315,1.0,0.0
2020-11-19,152.5,153.203,149.29,149.99,1413303,1.0,0.0
2020-11-20,150.0,150.3281,147.5,148.36,1358866,1.0,0.0
2020-11-23,148.99,150.76,148.86,150.02,1420140,1.0,0.0
2020-11-24,152.64,153.735,151.22,153.67,1632359,1.0,0.0
2020-11-25,153.85,153.85,151.545,152.04,845003,1.0,0.0
2020-11-27,151.62,153.03,151.2737,152.06,628950,1.0,0.0
2020-11-30,151.01,152.1693,148.65,149.35,1572287,1.0,0.0
2020-12-01,151.04,154.29,150.7,151.76,1301037,1.0,0.0
2020-12-02,150.87,153.62,150.121,153.35,1123049,1.0,0.0
2020-12-03,153.35,155.22,152.94,153.88,1081817,1.0,0.0
2020-12-04,153.92,156.1399,153.92,156.04,1065033,1.0,0.0
2020-12-07,154.95,155.63,152.5,153.0,1032966,1.0,0.0
2020-12-08,152.3,154.3,152.12,153.57,958668,1.0,0.0
2020-12-09,153.7,154.79,152.92,154.14,1204031,1.0,0.0
2020-12-10,152.57,153.59,150.08,150.37,2042456,1.0,0.0
2020-12-11,149.8,151.92,148.78,151.33,2444661,1.0,0.0
2020-12-14,152.86,155.09,152.73,153.34,1757728,1.0,0.0
2020-12-15,153.64,155.39,152.06,154.6,1258364,1.0,0.0
2020-12-16,154.9,155.3,152.63,153.4,1373400,1.0,0.0
2020-12-17,153.85,154.12,151.53,151.59,951251,1.0,0.0
2020-12-18,151.28,153.77,151.018,152.67,2447559,1.0,0.0
2020-12-21,150.01,150.91,147.32,149.67,1980367,1.0,0.0
2020-12-22,149.62,149.67,146.29,146.5,1605386,1.0,0.0
2020-12-23,147.36,149.4,147.0,148.15,1114087,1.0,0.0
2020-12-24,148.34,149.15,147.6,149.01,447419,1.0,0.0
2020-12-28,149.2,150.49,148.36,148.72,777722,1.0,0.0
2020-12-29,149.78,149.78,146.39,147.55,1105515,1.0,0.0
2020-12-30,147.49,149.41,147.475,148.3,995857,1.0,0.0
2020-12-31,148.13,148.91,147.35,148.82,1753145,1.0,0.0
2021-01-04,149.26,149.26,144.81,145.94,1426585,1.0,0.0
2021-01-05,146.2,146.71,144.5,146.01,1184444,1.0,0.0
2021-01-06,145.25,150.64,145.25,149.74,1845285,1.0,0.0
2021-01-07,150.02,152.24,148.76,151.72,1340491,1.0,0.0
2021-01-08,150.42,152.62,148.605,150.77,2245984,1.0,0.0
2021-01-11,150.25,152.24,149.41,151.78,1431331,1.0,0.0
2021-01-12,151.78,154.94,151.75,153.5,1529510,1.0,0.0
2021-01-13,152.89,153.4377,151.33,152.63,1186793,1.0,0.0
2021-01-14,152.5,155.38,151.91,154.09,1557031,1.0,1.1
2021-01-15,153.57,154.21,151.88,153.17,1822126,1.0,0.0
2021-01-19,154.38,155.36,153.06,153.13,1438998,1.0,0.0
2021-01-20,153.24,154.4,152.41,154.03,1068737,1.0,0.0
2021-01-21,153.84,154.74,150.5,151.06,1395403,1.0,0.0
2021-01-22,150.41,153.15,149.81,152.77,1171499,1.0,0.0
2021-01-25,151.82,155.7,151.11,153.16,1849138,1.0,0.0
2021-01-26,154.34,154.63,150.02,150.33,1588667,1.0,0.0
2021-01-27,150.75,158.99,148.9,152.73,2373515,1.0,0.0
2021-01-28,153.16,153.52,149.63,150.43,1993531,1.0,0.0
2021-01-29,149.12,151.07,146.62,146.68,3102570,1.0,0.0
2021-02-01,147.42,148.58,146.53,147.67,1765327,1.0,0.0
2021-02-02,148.5,151.4,148.33,149.82,2022467,1.0,0.0
2021-02-03,148.71,153.82,148.71,153.08,1500696,1.0,0.0
2021-02-04,153.71,157.68,153.05,157.53,1613311,1.0,0.0
2021-02-05,159.02,160.48,157.65,158.82,1858992,1.0,0.0
2021-02-08,159.0,159.75,157.11,159.64,1246964,1.0,0.0
2021-02-09,159.67,162.54,158.42,162.14,1108505,1.0,0.0
2021-02-10,162.64,164.03,161.89,163.13,1348401,1.0,0.0
2021-02-11,162.57,166.205,162.57,163.45,1612342,1.0,0.0
2021-02-12,163.07,165.39,162.765,164.83,1263272,1.0,0.0
2021-02-16,165.12,166.24,163.03,163.32,1361136,1.0,0.0
2021-02-17,162.97,165.09,161.57,164.49,769720,1.0,0.0
2021-02-18,164.02,164.45,162.46,163.23,672411,1.0,0.0
2021-02-19,164.27,165.24,163.8191,164.78,773927,1.0,0.0
2021-02-22,164.45,167.15,163.88,166.42,1424762,1.0,0.0
2021-02-23,168.12,168.3,164.52,167.35,1367787,1.0,0.0
2021-02-24,167.42,168.93,166.4,168.06,1163694,1.0,0.0
2021-02-25,167.67,168.97,165.53,166.2,1131574,1.0,0.0
2021-02-26,166.66,166.83,163.36,163.47,1728461,1.0,0.0
2021-03-01,165.0,168.5599,164.88,167.06,1113204,1.0,0.0
2021-03-02,166.7,168.77,166.59,167.68,1155775,1.0,0.0
2021-03-03,168.2,169.6,167.51,167.95,951103,1.0,0.0
2021-03-04,168.13,168.5,163.12,165.77,1310961,1.0,0.0
2021-03-05,166.95,171.479,165.8,170.52,1188029,1.0,0.0
2021-03-08,171.79,175.27,170.65,172.69,1344743,1.0,0.0
2021-03-09,172.69,173.2673,168.38,168.74,1846378,1.0,0.0
2021-03-10,169.57,172.8204,168.61,172.42,1079969,1.0,0.0
2021-03-11,171.28,174.45,170.4,172.67,1127849,1.0,0.0
2021-03-12,174.1,176.61,174.1,176.29,1004386,1.0,0.0
2021-03-15,176.5,177.02,173.94,176.71,1034477,1.0,0.0
2021-03-16,176.16,176.28,173.81,175.32,1089997,1.0,0.0
2021-03-17,176.6,178.8,175.15,177.52,1197204,1.0,0.0
2021-03-18,177.52,180.35,177.52,179.24,1288824,1.0,0.0
2021-03-19,178.27,178.92,174.95,177.62,2759093,1.0,0.0
2021-03-22,177.52,177.52,173.52,176.56,1041611,1.0,0.0
2021-03-23,175.88,176.99,174.32,174.87,859126,1.0,0.0
2021-03-24,176.31,179.41,176.31,176.42,920587,1.0,0.0
2021-03-25,175.81,180.26,175.75,180.06,1015417,1.0,0.0
2021-03-26,180.0,181.84,179.01,181.54,1074199,1.0,0.0
2021-03-29,181.82,184.0399,180.02,183.3,1711459,1.0,0.0
2021-03-30,183.34,184.3686,181.8,182.1,793389,1.0,0.0
2021-03-31,181.32,182.36,180.65,181.56,1052692,1.0,0.0
2021-04-01,181.63,181.73,179.85,180.83,851010,1.0,0.0
2021-04-05,182.2,185.66,182.0,185.59,1189223,1.0,0.0
2021-04-06,184.41,185.7,184.41,185.11,930508,1.0,0.0
2021-04-07,185.57,186.0,183.5,184.79,984896,1.0,0.0
2021-04-08,182.75,184.579,182.07,184.11,887427,1.0,1.19
2021-04-09,181.83,183.79,180.88,183.0,1258215,1.0,0.0
2021-04-12,183.45,185.2,182.96,184.94,1132749,1.0,0.0
2021-04-13,183.19,183.94,182.01,182.28,1237262,1.0,0.0
2021-04-14,182.73,185.03,182.44,183.48,823954,1.0,0.0
2021-04-15,184.0,184.29,182.43,183.93,922893,1.0,0.0
2021-04-16,185.22,185.24,183.27,184.47,1418303,1.0,0.0
2021-04-19,184.44,184.91,182.78,184.79,1156648,1.0,0.0
2021-04-20,184.72,185.87,183.3675,184.07,1204891,1.0,0.0
2021-04-21,183.63,185.87,183.23,185.85,863910,1.0,0.0
2021-04-22,185.44,186.09,184.26,184.5,827787,1.0,0.0
2021-04-23,184.93,186.98,184.39,186.48,795365,1.0,0.0
2021-04-26,187.51,188.45,185.05,185.19,1168790,1.0,0.0
2021-04-27,185.04,187.01,184.1932,185.89,1197098,1.0,0.0
2021-04-28,188.85,189.0,185.06,185.26,1412093,1.0,0.0
2021-04-29,188.12,191.46,187.73,190.71,1364107,1.0,0.0
2021-04-30,190.07,191.12,188.78,190.23,1492383,1.0,0.0
2021-05-03,190.99,192.74,189.38,191.69,833487,1.0,0.0
2021-05-04,191.65,192.79,191.58,191.99,1396030,1.0,0.0
2021-05-05,191.62,191.9,190.295,190.68,1098782,1.0,0.0
2021-05-06,191.72,192.75,190.67,192.68,1263222,1.0,0.0
2021-05-07,193.0,195.34,192.35,194.82,1367741,1.0,0.0
2021-05-10,195.48,197.51,194.43,194.6,1004654,1.0,0.0
2021-05-11,193.81,194.32,189.75,191.54,1091661,1.0,0.0
2021-05-12,192.0,192.4,186.7,186.88,1730508,1.0,0.0
2021-05-13,187.75,192.075,186.81,191.29,1048758,1.0,0.0
2021-05-14,191.71,192.7014,190.64,191.94,890802,1.0,0.0
2021-05-17,191.1,192.27,189.61,191.65,966817,1.0,0.0
2021-05-18,191.74,191.8075,189.32,189.35,872532,1.0,0.0
2021-05-19,187.77,188.58,185.315,188.52,927112,1.0,0.0
2021-05-20,188.84,189.76,188.1,189.06,800871,1.0,0.0
2021-05-21,189.72,191.53,188.4375,189.88,1641475,1.0,0.0
2021-05-24,190.71,190.73,188.94,189.6,891169,1.0,0.0
2021-05-25,189.36,190.7,188.7,188.91,631853,1.0,0.0
2021-05-26,189.67,189.86,187.68,189.02,709317,1.0,0.0
2021-05-27,190.89,191.56,189.82,190.67,1157036,1.0,0.0
2021-05-28,191.01,191.67,189.63,189.91,713932,1.0,0.0
2021-06-01,191.25,191.5,189.34,189.54,813192,1.0,0.0
2021-06-02,190.2,191.62,189.25,191.54,1143859,1.0,0.0
2021-06-03,191.4,192.01,190.1,190.81,885329,1.0,0.0
2021-06-04,191.5,193.85,191.03,193.57,1126172,1.0,0.0
2021-06-07,193.93,194.27,190.64,191.77,1018834,1.0,0.0
2021-06-08,191.78,193.38,191.22,192.72,1004652,1.0,0.0
2021-06-09,192.64,193.37,191.25,191.87,870551,1.0,0.0
2021-06-10,192.99,193.53,191.21,191.48,790064,1.0,0.0
2021-06-11,192.27,192.27,190.71,191.49,1385436,1.0,0.0
2021-06-14,191.0,191.41,189.44,190.84,1165757,1.0,0.0
2021-06-15,191.38,193.02,191.29,192.45,935877,1.0,0.0
2021-06-16,192.31,192.455,190.0,190.08,739918,1.0,0.0
2021-06-17,190.66,191.12,186.36,187.68,915586,1.0,0.0
2021-06-18,185.25,186.72,184.53,185.15,2567859,1.0,0.0
2021-06-21,186.79,190.89,186.735,190.78,1237412,1.0,0.0
2021-06-22,190.31,190.73,189.08,189.58,968102,1.0,0.0
2021-06-23,189.99,189.99,186.78,186.81,1017982,1.0,0.0
2021-06-24,188.04,188.3,186.24,188.11,810386,1.0,0.0
2021-06-25,187.8,190.07,187.8,189.81,849180,1.0,0.0
2021-06-28,190.06,190.185,188.245,188.87,1159401,1.0,0.0
2021-06-29,189.79,190.6,186.485,186.7,1064195,1.0,0.0
2021-06-30,186.55,188.59,186.51,188.26,1102221,1.0,0.0
2021-07-01,187.82,189.09,187.28,188.05,894458,1.0,1.19
2021-07-02,188.25,189.56,187.37,188.54,619726,1.0,0.0
2021-07-06,187.81,188.04,184.3,186.91,838432,1.0,0.0
2021-07-07,185.89,190.27,185.89,189.79,1168486,1.0,0.0
2021-07-08,187.83,189.4099,186.79,188.02,962279,1.0,0.0
2021-07-09,190.14,191.24,188.59,190.22,1077314,1.0,0.0
2021-07-12,189.51,190.5325,188.37,189.33,779100,1.0,0.0
2021-07-13,189.37,190.29,188.655,188.74,840420,1.0,0.0
2021-07-14,188.97,190.12,188.3,189.46,708168,1.0,0.0
2021-07-15,188.0,189.84,187.58,189.35,920334,1.0,0.0
2021-07-16,190.28,190.625,188.55,189.28,1057329,1.0,0.0
2021-07-19,187.17,187.638,182.66,184.09,1158217,1.0,0.0
2021-07-20,185.15,190.63,185.06,190.01,1029617,1.0,0.0
2021-07-21,191.0,192.41,190.6,191.63,699021,1.0,0.0
2021-07-22,191.2,191.2,189.8,190.57,524851,1.0,0.0
2021-07-23,191.67,192.18,190.64,191.86,455546,1.0,0.0
2021-07-26,191.25,192.6,191.25,191.92,710246,1.0,0.0
2021-07-27,191.61,195.59,190.81,194.05,1258890,1.0,0.0
2021-07-28,198.4,199.95,194.03,195.51,1267644,1.0,0.0
2021-07-29,197.31,198.91,195.45,198.14,1147762,1.0,0.0
2021-07-30,197.8,197.82,194.94,196.03,907547,1.0,0.0
2021-08-02,196.8,198.81,195.58,195.83,1038394,1.0,0.0
2021-08-03,196.51,197.41,193.36,197.32,738595,1.0,0.0
2021-08-04,195.8,197.25,194.89,195.87,610362,1.0,0.0
2021-08-05,195.52,197.81,195.52,196.69,585609,1.0,0.0
2021-08-06,198.14,199.45,197.449,199.08,876599,1.0,0.0
2021-08-09,198.4,198.59,196.8,197.24,697937,1.0,0.0
2021-08-10,196.99,199.14,196.7,199.02,596766,1.0,0.0
2021-08-11,199.43,200.74,198.57,200.69,739395,1.0,0.0
2021-08-12,200.78,201.15,198.36,199.17,526089,1.0,0.0
2021-08-13,199.47,199.61,198.0,198.37,651337,1.0,0.0
2021-08-16,198.19,200.54,196.33,200.46,629086,1.0,0.0
2021-08-17,199.48,200.46,197.89,199.32,764858,1.0,0.0
2021-08-18,198.89,199.43,196.55,196.8,1004925,1.0,0.0
2021-08-19,195.51,197.3369,194.085,195.49,738061,1.0,0.0
2021-08-20,195.63,197.9,195.24,197.3,1242340,1.0,0.0
2021-08-23,198.08,199.0978,197.12,198.01,556754,1.0,0.0
2021-08-24,198.67,199.6,198.12,198.92,416860,1.0,0.0
2021-08-25,199.57,200.07,198.2208,199.3,396109,1.0,0.0
2021-08-26,198.88,199.39,198.1245,199.07,483928,1.0,0.0
2021-08-27,199.87,200.52,199.11,199.72,622084,1.0,0.0
2021-08-30,199.93,200.01,198.53,199.19,396028,1.0,0.0
2021-08-31,199.3,200.77,199.23,200.31,786545,1.0,0.0
2021-09-01,201.0,201.0,198.53,199.79,784621,1.0,0.0
2021-09-02,200.31,202.4,200.31,202.3,948634,1.0,0.0
2021-09-03,202.0,202.8994,201.19,202.46,881296,1.0,0.0
2021-09-07,201.67,203.25,200.75,202.39,1396927,1.0,0.0
2021-09-08,202.18,205.0,201.57,204.4,1085946,1.0,0.0
2021-09-09,205.0,206.46,203.77,203.81,1237482,1.0,0.0
2021-09-10,204.95,205.1366,201.56,201.6,1044996,1.0,0.0
2021-09-13,202.34,202.88,197.44,199.42,1484880,1.0,0.0
2021-09-14,200.43,200.43,195.925,196.66,1007717,1.0,0.0
2021-09-15,196.61,199.46,196.08,198.48,930879,1.0,0.0
2021-09-16,198.91,199.5,194.83,194.88,819737,1.0,0.0
2021-09-17,194.12,195.79,193.57,195.12,2722349,1.0,0.0
2021-09-20,194.0,194.57,191.06,193.43,940409,1.0,0.0
2021-09-21,193.93,194.78,190.69,191.19,726210,1.0,0.0
2021-09-22,192.78,194.95,192.33,193.75,698311,1.0,0.0
2021-09-23,195.6,197.88,195.0,196.75,639039,1.0,0.0
2021-09-24,196.65,198.12,196.62,197.42,468901,1.0,0.0
2021-09-27,198.16,200.21,197.43,197.76,645937,1.0,0.0
2021-09-28,197.79,198.7,195.34,197.1,887724,1.0,0.0
2021-09-29,198.09,199.52,197.09,198.39,672068,1.0,0.0
2021-09-30,198.96,199.49,196.01,196.03,1059503,1.0,0.0
2021-10-01,197.27,199.3,194.06,198.22,876816,1.0,0.0
2021-10-04,197.66,199.74,195.79,197.51,853129,1.0,0.0
2021-10-05,198.23,199.66,196.62,198.16,959077,1.0,0.0
2021-10-06,197.12,199.41,195.0,199.36,727113,1.0,0.0
2021-10-07,199.89,202.19,199.745,201.73,664213,1.0,1.19
2021-10-08,201.94,202.84,200.86,202.12,723110,1.0,0.0
2021-10-11,202.5,205.84,201.8901,202.88,701681,1.0,0.0
2021-10-12,202.88,205.45,202.7,203.55,796279,1.0,0.0
2021-10-13,203.38,204.06,200.93,203.39,674081,1.0,0.0
2021-10-14,204.72,205.6724,203.4,205.14,737121,1.0,0.0
2021-10-15,205.75,208.93,205.75,208.06,1076738,1.0,0.0
2021-10-18,206.92,208.265,205.741,206.66,591473,1.0,0.0
2021-10-19,207.08,209.03,206.05,208.62,745986,1.0,0.0
2021-10-20,208.62,209.63,207.97,208.44,939477,1.0,0.0
2021-10-21,207.96,208.2,205.16,208.04,831386,1.0,0.0
2021-10-22,208.71,210.21,207.47,209.52,767858,1.0,0.0
2021-10-25,209.06,209.63,207.8,207.91,672553,1.0,0.0
2021-10-26,199.21,205.53,198.64,204.57,1855536,1.0,0.0
2021-10-27,204.99,208.71,201.27,205.79,1138782,1.0,0.0
2021-10-28,207.25,207.49,201.09,202.61,1119708,1.0,0.0
2021-10-29,202.6,204.045,201.3501,202.75,1485525,1.0,0.0
2021-11-01,202.81,203.8408,199.77,201.89,765528,1.0,0.0
2021-11-02,202.51,203.46,200.97,201.75,841304,1.0,0.0
2021-11-03,200.95,201.25,197.61,201.21,1338372,1.0,0.0
2021-11-04,200.73,201.18,197.61,198.16,1138367,1.0,0.0
2021-11-05,200.25,201.36,199.01,201.0,1306749,1.0,0.0
2021-11-08,201.91,203.1687,200.08,202.64,1086221,1.0,0.0
2021-11-09,202.82,203.625,201.23,202.88,666430,1.0,0.0
2021-11-10,203.08,203.75,201.1,201.33,625178,1.0,0.0
2021-11-11,200.77,201.45,198.81,199.09,904611,1.0,0.0
2021-11-12,199.09,201.45,198.52,200.97,931985,1.0,0.0
2021-11-15,202.04,202.04,200.15,201.07,679955,1.0,0.0
2021-11-16,200.91,201.69,198.69,198.74,860095,1.0,0.0
2021-11-17,198.67,200.1,198.67,199.46,617583,1.0,0.0
2021-11-18,199.74,199.74,196.82,198.0,749974,1.0,0.0
2021-11-19,197.8,198.38,196.05,196.31,792391,1.0,0.0
2021-11-22,197.21,200.57,196.62,199.36,690153,1.0,0.0
2021-11-23,199.9,201.73,199.49,200.29,604448,1.0,0.0
2021-11-24,200.07,200.64,198.06,198.74,524157,1.0,0.0
2021-11-26,194.2,194.545,190.8,193.37,847323,1.0,0.0
2021-11-29,195.0,195.8,193.1301,194.44,878626,1.0,0.0
2021-11-30,192.49,193.72,188.64,188.97,2084017,1.0,0.0
2021-12-01,192.0,194.5053,189.43,189.45,1320570,1.0,0.0
2021-12-02,191.44,196.78,190.32,194.48,1246451,1.0,0.0
2021-12-03,194.71,198.06,194.56,197.63,1424211,1.0,0.0
2021-12-06,200.07,201.9,198.69,199.57,820483,1.0,0.0
2021-12-07,200.0,201.19,198.97,199.32,880209,1.0,0.0
2021-12-08,199.85,202.75,199.85,200.88,781083,1.0,0.0
2021-12-09,200.0,202.14,198.68,201.93,938111,1.0,0.0
2021-12-10,203.17,205.85,201.5,204.93,1038019,1.0,0.0
2021-12-13,202.88,205.02,202.01,203.49,1017216,1.0,0.0
2021-12-14,204.71,206.56,202.3,203.47,1160356,1.0,0.0
2021-12-15,203.99,206.35,203.35,206.24,781267,1.0,0.0
2021-12-16,206.66,209.08,205.92,206.18,1030114,1.0,0.0
2021-12-17,206.05,206.35,202.19,202.2,2703125,1.0,0.0
2021-12-20,201.0,201.4,197.03,198.68,969111,1.0,0.0
2021-12-21,199.9,204.26,199.595,203.29,1251826,1.0,0.0
2021-12-22,203.43,204.89,203.27,203.76,608487,1.0,0.0
2021-12-23,204.84,205.85,203.78,204.69,665810,1.0,0.0
2021-12-27,205.07,207.21,204.54,207.13,849230,1.0,0.0
2021-12-28,206.5,208.87,206.5,207.67,899558,1.0,0.0
2021-12-29,207.77,208.56,206.13,207.89,715715,1.0,0.0
2021-12-30,207.7,209.3483,207.18,207.54,718602,1.0,0.0
2021-12-31,207.32,209.47,206.33,208.47,849907,1.0,0.0
2022-01-03,209.0,209.55,206.14,207.46,722508,1.0,0.0
2022-01-04,209.07,212.46,208.21,212.05,1129504,1.0,0.0
2022-01-05,212.77,214.43,210.03,210.31,876483,1.0,0.0
2022-01-06,212.53,214.04,210.125,211.74,864119,1.0,0.0
2022-01-07,212.57,213.87,211.6706,212.09,1408536,1.0,0.0
2022-01-10,212.6,214.7,209.5,210.61,1235299,1.0,0.0
2022-01-11,210.61,211.76,209.43,211.58,1021678,1.0,0.0
2022-01-12,212.0,212.7,210.63,211.93,968699,1.0,0.0
2022-01-13,211.41,213.115,210.4001,211.37,766530,1.0,1.19
2022-01-14,210.46,213.62,209.52,213.1,1110957,1.0,0.0
2022-01-18,212.13,212.5,208.97,211.16,1104687,1.0,0.0
2022-01-19,211.13,213.44,210.36,210.36,822651,1.0,0.0
2022-01-20,210.47,212.96,208.48,208.98,933114,1.0,0.0
2022-01-21,209.26,210.895,206.32,206.54,1237277,1.0,0.0
2022-01-24,204.435,207.56,200.6451,207.08,1464523,1.0,0.0
2022-01-25,205.0,206.84,200.935,205.96,1765985,1.0,0.0
2022-01-26,204.17,210.15,200.785,204.92,1988417,1.0,0.0
2022-01-27,205.08,211.63,205.08,208.8,2402782,1.0,0.0
2022-01-28,209.84,213.0,206.24,212.82,1500393,1.0,0.0
2022-01-31,210.46,212.62,208.3809,212.1,1566383,1.0,0.0
2022-02-01,212.19,213.605,209.745,212.87,1371704,1.0,0.0
2022-02-02,212.3,214.45,210.6,214.08,1888638,1.0,0.0
2022-02-03,207.8402,213.2483,207.84,212.17,1380752,1.0,0.0
2022-02-04,213.51,216.208,210.78,212.29,1462368,1.0,0.0
2022-02-07,213.28,213.93,211.59,212.12,1045413,1.0,0.0
2022-02-08,213.36,215.07,211.875,214.46,1064568,1.0,0.0
2022-02-09,215.72,216.17,214.5,215.44,1037906,1.0,0.0
2022-02-10,213.75,215.7899,210.31,211.52,1102345,1.0,0.0
2022-02-11,211.64,214.94,210.86,213.76,1206180,1.0,0.0
2022-02-14,213.75,214.635,210.03,211.17,1227536,1.0,0.0
2022-02-15,211.98,214.1675,211.0,212.77,690153,1.0,0.0
2022-02-16,212.68,215.32,212.5174,214.41,814126,1.0,0.0
2022-02-17,213.73,215.55,212.24,214.4,1014312,1.0,0.0
2022-02-18,213.83,218.6,213.83,215.82,1609040,1.0,0.0
2022-02-22,220.0,220.1,215.13,216.82,2160371,1.0,0.0
2022-02-23,218.06,218.88,215.81,216.27,1744294,1.0,0.0
2022-02-24,216.79,218.94,211.41,218.53,2062752,1.0,0.0
2022-02-25,218.56,228.2,218.56,227.98,1979575,1.0,0.0
2022-02-28,229.59,234.99,229.14,234.45,3284841,1.0,0.0
2022-03-01,235.0,237.03,232.1,233.32,2082497,1.0,0.0
2022-03-02,235.0,236.64,229.16,235.75,2780300,1.0,0.0
2022-03-03,236.78,239.76,236.17,238.13,1875393,1.0,0.0
2022-03-04,236.1,245.56,235.06,245.29,3317398,1.0,0.0
2022-03-07,245.51,254.99,245.48,247.29,4791788,1.0,0.0
2022-03-08,247.38,247.8593,235.25,235.31,2769764,1.0,0.0
2022-03-09,234.98,238.42,231.62,236.81,2425462,1.0,0.0
2022-03-10,235.99,238.81,234.34,235.52,1577042,1.0,0.0
2022-03-11,235.8,238.95,232.38,232.48,1804952,1.0,0.0
2022-03-14,234.35,235.6,230.465,233.83,1379575,1.0,0.0
2022-03-15,235.45,238.41,233.42,237.62,1145926,1.0,0.0
2022-03-16,234.44,236.3725,224.375,227.69,2457648,1.0,0.0
2022-03-17,230.44,232.42,227.75,230.51,1712512,1.0,0.0
2022-03-18,230.63,231.12,228.59,230.23,2487736,1.0,0.0
2022-03-21,231.0,238.49,230.99,236.07,1549753,1.0,0.0
2022-03-22,236.15,237.88,234.1,237.83,1147101,1.0,0.0
2022-03-23,238.7,241.66,238.23,239.69,1370385,1.0,0.0
2022-03-24,240.0,243.36,239.135,241.0,1179460,1.0,0.0
2022-03-25,240.83,244.44,240.364,244.36,1121361,1.0,0.0
2022-03-28,242.52,243.06,239.48,240.89,1247275,1.0,0.0
2022-03-29,237.33,241.19,234.13,241.09,1643495,1.0,0.0
2022-03-30,242.0,245.63,242.0,244.32,1377832,1.0,0.0
2022-03-31,242.14,245.57,241.15,241.18,1316321,1.0,0.0
2022-04-01,241.17,243.24,239.21,242.51,1004905,1.0,0.0
2022-04-04,242.49,242.51,236.96,239.23,1158518,1.0,0.0
2022-04-05,238.61,242.68,238.61,239.15,1206479,1.0,0.0
2022-04-06,239.03,242.05,238.745,240.76,1399767,1.0,0.0
2022-04-07,239.4,244.73,237.84,243.61,1266334,1.0,1.26
2022-04-08,244.92,246.13,241.6,242.04,1081393,1.0,0.0
2022-04-11,244.31,246.91,241.7501,243.55,1390400,1.0,0.0
2022-04-12,243.31,246.02,242.1001,243.82,754641,1.0,0.0
2022-04-13,244.96,246.65,242.54,243.71,751561,1.0,0.0
2022-04-14,244.8,245.97,243.0,243.74,957530,1.0,0.0
2022-04-18,243.42,248.73,243.3,243.86,1022522,1.0,0.0
2022-04-19,244.09,247.14,243.08,246.59,1182732,1.0,0.0
2022-04-20,247.3,249.69,246.08,247.69,857570,1.0,0.0
2022-04-21,248.0,248.25,241.77,242.06,1264989,1.0,0.0
2022-04-22,241.16,242.43,238.55,238.79,1076416,1.0,0.0
2022-04-25,239.02,239.77,234.85,239.18,1525143,1.0,0.0
2022-04-26,238.63,241.62,236.93,236.93,1295712,1.0,0.0
2022-04-27,237.66,247.0,237.1145,239.98,2281984,1.0,0.0
2022-04-28,242.43,243.28,239.35,241.2,1443610,1.0,0.0
2022-04-29,241.0,242.0,235.99,236.53,1839633,1.0,0.0
2022-05-02,236.53,238.56,230.43,233.25,1776685,1.0,0.0
2022-05-03,234.59,236.7,232.39,233.38,1829837,1.0,0.0
2022-05-04,233.99,243.36,232.11,242.92,1907257,1.0,0.0
2022-05-05,242.46,244.15,238.0,239.24,2174263,1.0,0.0
2022-05-06,238.4,240.9232,236.0,239.6,1329712,1.0,0.0
2022-05-09,237.98,238.29,228.47,229.37,1915722,1.0,0.0
2022-05-10,230.0,233.84,226.765,229.3,1748846,1.0,0.0
2022-05-11,229.34,232.48,226.0922,226.94,1830867,1.0,0.0
2022-05-12,226.02,227.99,219.43,223.49,2121718,1.0,0.0
2022-05-13,225.04,227.3,222.86,226.31,1557764,1.0,0.0
2022-05-16,226.71,228.35,225.26,227.8,1237388,1.0,0.0
2022-05-17,229.25,232.41,226.8284,231.62,1084789,1.0,0.0
2022-05-18,230.52,232.25,225.45,225.98,1929181,1.0,0.0
2022-05-19,223.9,224.39,216.66,217.78,2108665,1.0,0.0
2022-05-20,218.38,218.58,210.19,213.5,1985832,1.0,0.0
2022-05-23,215.19,217.78,214.8,216.7,1812505,1.0,0.0
2022-05-24,216.19,220.99,215.76,219.82,1480471,1.0,0.0
2022-05-25,219.78,221.11,217.6028,220.05,1498717,1.0,0.0
2022-05-26,221.73,224.05,220.72,221.26,1477349,1.0,0.0
2022-05-27,222.65,226.64,222.13,226.51,1403921,1.0,0.0
2022-05-31,224.24,226.26,223.4,224.91,1637274,1.0,0.0
2022-06-01,227.09,228.0,224.22,226.22,1204096,1.0,0.0
2022-06-02,228.67,230.74,223.839,229.44,1101724,1.0,0.0
2022-06-03,228.39,231.84,228.39,230.13,1410440,1.0,0.0
2022-06-06,231.33,232.41,229.48,229.9,956924,1.0,0.0
2022-06-07,228.87,235.82,228.15,235.58,1341434,1.0,0.0
2022-06-08,233.5,234.33,230.765,231.36,1024624,1.0,0.0
2022-06-09,230.73,231.6,226.77,226.89,823195,1.0,0.0
2022-06-10,224.45,227.11,222.9,224.63,1351968,1.0,0.0
2022-06-13,220.91,221.65,216.6615,217.53,1288531,1.0,0.0
2022-06-14,218.36,218.87,214.355,215.9,1182498,1.0,0.0
2022-06-15,217.2,220.705,215.32,217.92,1276558,1.0,0.0
2022-06-16,214.71,215.68,211.3,211.89,1338733,1.0,0.0
2022-06-17,212.21,213.39,208.12,209.78,3063845,1.0,0.0
2022-06-21,211.56,218.47,211.56,216.55,1233399,1.0,0.0
2022-06-22,213.36,218.905,212.872,216.01,1129363,1.0,0.0
2022-06-23,216.25,217.85,213.945,216.6,1181182,1.0,0.0
2022-06-24,217.43,222.725,216.91,222.33,1675582,1.0,0.0
2022-06-27,223.07,226.2476,222.08,223.5,1277122,1.0,0.0
2022-06-28,224.78,228.0,220.05,220.49,1616946,1.0,0.0
2022-06-29,221.67,221.99,218.96,219.28,1235550,1.0,0.0
2022-06-30,216.84,222.39,215.65,221.25,1343257,1.0,1.26
2022-07-01,221.24,224.48,219.735,223.86,705833,1.0,0.0
2022-07-05,220.21,221.04,209.84,214.53,1613249,1.0,0.0
2022-07-06,214.07,220.71,214.07,219.56,1095430,1.0,0.0
2022-07-07,220.56,221.94,219.3019,220.58,951142,1.0,0.0
2022-07-08,221.28,222.15,218.61,221.11,1118605,1.0,0.0
2022-07-11,219.68,221.86,218.8,219.75,652231,1.0,0.0
2022-07-12,219.92,221.0,216.14,216.63,744623,1.0,0.0
2022-07-13,213.63,216.32,213.24,213.39,850149,1.0,0.0
2022-07-14,209.94,210.91,207.42,210.45,1044390,1.0,0.0
2022-07-15,213.11,213.11,210.01,212.77,857638,1.0,0.0
2022-07-18,213.97,215.0,208.78,209.79,1040136,1.0,0.0
2022-07-19,209.7,215.3,209.0,214.68,906093,1.0,0.0
2022-07-20,214.48,217.735,212.68,216.72,1030306,1.0,0.0
2022-07-21,215.88,217.01,214.57,216.89,611437,1.0,0.0
2022-07-22,217.76,220.17,216.08,216.76,834215,1.0,0.0
2022-07-25,216.95,220.29,216.95,218.8,745059,1.0,0.0
2022-07-26,219.36,219.64,217.12,217.63,1038136,1.0,0.0
2022-07-27,219.45,222.25,214.795,219.85,1156041,1.0,0.0
2022-07-28,219.02,223.86,217.4,223.8,1032349,1.0,0.0
2022-07-29,223.52,227.45,223.39,226.67,1230163,1.0,0.0
2022-08-01,226.55,228.115,224.59,226.18,1086357,1.0,0.0
2022-08-02,227.28,229.68,224.02,227.04,1007336,1.0,0.0
2022-08-03,227.17,231.75,223.88,230.67,1215343,1.0,0.0
2022-08-04,231.32,232.84,228.85,229.16,895067,1.0,0.0
2022-08-05,228.99,229.45,225.87,228.76,699734,1.0,0.0
2022-08-08,230.36,230.43,224.72,225.79,961826,1.0,0.0
2022-08-09,226.97,228.19,226.115,227.62,878406,1.0,0.0
2022-08-10,229.01,230.89,228.55,230.46,877045,1.0,0.0
2022-08-11,230.81,231.99,229.8,231.82,1447866,1.0,0.0
2022-08-12,232.0,238.1,232.0,237.95,1409304,1.0,0.0
2022-08-15,236.7,242.19,235.68,241.25,1469473,1.0,0.0
2022-08-16,241.25,242.49,240.71,241.48,807751,1.0,0.0
2022-08-17,239.64,243.45,239.15,242.69,861098,1.0,0.0
2022-08-18,243.66,244.08,242.24,243.69,1026096,1.0,0.0
2022-08-19,243.06,243.24,241.13,241.67,724974,1.0,0.0
2022-08-22,239.31,239.905,234.29,234.49,841575,1.0,0.0
2022-08-23,234.29,235.5,233.06,234.0,864889,1.0,0.0
2022-08-24,234.86,235.2694,232.85,234.49,783812,1.0,0.0
2022-08-25,235.0,238.15,234.4,238.01,551048,1.0,0.0
2022-08-26,239.1,239.1,232.36,232.59,665441,1.0,0.0
2022-08-29,230.98,234.96,230.02,233.7,677864,1.0,0.0
2022-08-30,233.96,234.47,230.46,231.12,659050,1.0,0.0
2022-08-31,231.23,232.68,228.72,228.93,1037782,1.0,0.0
2022-09-01,228.8,228.8899,223.51,225.37,1782396,1.0,0.0
2022-09-02,227.3,229.62,224.31,224.88,930915,1.0,0.0
2022-09-06,225.14,227.4982,223.66,224.55,914387,1.0,0.0
2022-09-07,223.54,227.87,222.49,227.74,660840,1.0,0.0
2022-09-08,226.67,228.1,225.555,227.69,720809,1.0,0.0
2022-09-09,228.66,232.355,227.67,231.61,994623,1.0,0.0
2022-09-12,232.16,237.41,230.93,235.44,1559695,1.0,0.0
2022-09-13,232.08,233.6407,227.06,227.98,1367727,1.0,0.0
2022-09-14,228.59,232.41,227.53,230.73,1057476,1.0,0.0
2022-09-15,230.37,230.63,227.37,228.46,983884,1.0,0.0
2022-09-16,226.51,229.3,225.32,227.45,3317893,1.0,0.0
2022-09-19,225.8,229.2514,225.8,229.03,830793,1.0,0.0
2022-09-20,228.15,229.93,225.2201,229.11,934098,1.0,0.0
2022-09-21,232.92,236.06,228.2,228.2,983238,1.0,0.0
2022-09-22,228.79,230.53,226.39,228.09,843522,1.0,0.0
2022-09-23,225.82,226.035,219.02,221.9,920309,1.0,0.0
2022-09-26,221.32,224.05,219.23,220.43,797505,1.0,0.0
2022-09-27,222.43,222.98,217.56,218.67,741702,1.0,0.0
2022-09-28,218.26,221.91,215.82,220.45,952848,1.0,0.0
2022-09-29,219.9,220.19,212.61,214.43,987266,1.0,0.0
2022-09-30,213.23,215.51,212.03,212.17,1208759,1.0,0.0
2022-10-03,214.89,221.33,214.3,220.53,1139962,1.0,0.0
2022-10-04,222.05,226.93,222.05,226.64,801541,1.0,0.0
2022-10-05,225.49,228.855,224.42,226.68,984934,1.0,0.0
2022-10-06,224.98,226.1,223.185,223.41,929838,1.0,1.26
2022-10-07,222.64,224.11,220.835,223.68,1226920,1.0,0.0
2022-10-10,226.2,228.715,223.02,225.41,759812,1.0,0.0
2022-10-11,226.58,230.54,226.04,227.74,1138373,1.0,0.0
2022-10-12,226.23,227.0,223.3,223.32,833289,1.0,0.0
2022-10-13,220.44,229.95,219.75,229.13,792368,1.0,0.0
2022-10-14,230.0,230.0,220.94,221.17,1041692,1.0,0.0
2022-10-17,224.34,229.84,224.34,228.84,1082893,1.0,0.0
2022-10-18,232.5,238.53,231.82,237.48,1204592,1.0,0.0
2022-10-19,237.82,241.51,236.26,239.37,1158880,1.0,0.0
2022-10-20,240.0,241.02,235.87,237.44,1184123,1.0,0.0
2022-10-21,236.85,243.63,236.33,242.6,1365935,1.0,0.0
2022-10-24,244.68,246.4104,243.26,243.81,955250,1.0,0.0
2022-10-25,243.12,246.49,242.05,245.75,1283078,1.0,0.0
2022-10-26,247.5,248.8,242.81,245.7,1389183,1.0,0.0
2022-10-27,247.33,249.26,246.06,248.0,1140330,1.0,0.0
2022-10-28,247.3,252.21,245.4,250.72,1526907,1.0,0.0
2022-10-31,248.83,250.86,247.4,249.8,1480947,1.0,0.0
2022-11-01,250.55,251.47,249.2,249.91,1005291,1.0,0.0
2022-11-02,249.0,251.15,245.955,246.37,1419807,1.0,0.0
2022-11-03,243.35,251.855,243.01,248.94,1307878,1.0,0.0
2022-11-04,250.19,252.678,245.0,249.36,1384992,1.0,0.0
2022-11-07,249.87,251.83,248.18,251.58,846883,1.0,0.0
2022-11-08,251.84,253.61,250.41,252.54,883384,1.0,0.0
2022-11-09,252.34,252.93,249.45,249.52,599024,1.0,0.0
2022-11-10,253.98,254.4,249.62,253.48,1150573,1.0,0.0
2022-11-11,251.68,251.76,242.75,243.13,1395379,1.0,0.0
2022-11-14,243.85,246.97,242.79,242.82,1461205,1.0,0.0
2022-11-15,244.36,247.3,242.305,246.14,1223376,1.0,0.0
2022-11-16,246.14,247.24,244.21,244.87,709046,1.0,0.0
2022-11-17,243.0,246.81,242.52,246.52,669381,1.0,0.0
2022-11-18,247.88,250.35,247.37,248.22,1020067,1.0,0.0
2022-11-21,247.44,252.085,247.44,250.58,802447,1.0,0.0
2022-11-22,252.57,253.2,251.01,251.52,730040,1.0,0.0
2022-11-23,251.19,253.22,251.09,252.29,941247,1.0,0.0
2022-11-25,253.48,253.98,252.45,253.77,368383,1.0,0.0
2022-11-28,252.29,253.54,249.85,250.49,656353,1.0,0.0
2022-11-29,250.72,251.745,249.915,251.22,598332,1.0,0.0
2022-11-30,250.19,252.56,247.43,252.39,1907306,1.0,0.0
2022-12-01,253.19,253.56,250.37,252.27,833860,1.0,0.0
2022-12-02,250.64,256.86,250.58,255.74,1059131,1.0,0.0
2022-12-05,252.62,254.11,250.5395,250.91,966917,1.0,0.0
2022-12-06,251.27,251.47,246.51,248.28,847566,1.0,0.0
2022-12-07,247.99,249.03,245.14,246.21,898703,1.0,0.0
2022-12-08,248.41,249.1,246.5537,247.68,768943,1.0,0.0
2022-12-09,247.27,249.385,246.5,247.04,748246,1.0,0.0
2022-12-12,247.86,249.66,246.37,249.62,765488,1.0,0.0
2022-12-13,253.0,253.94,247.5,248.73,993467,1.0,0.0
2022-12-14,249.0,251.83,247.745,249.02,768936,1.0,0.0
2022-12-15,247.88,248.8595,241.92,245.14,914857,1.0,0.0
2022-12-16,244.38,247.28,242.68,246.14,2123165,1.0,0.0
2022-12-19,246.0,249.875,243.64,244.3,1134927,1.0,0.0
2022-12-20,244.36,249.34,244.0,246.62,848541,1.0,0.0
2022-12-21,248.14,250.479,246.93,249.97,701245,1.0,0.0
2022-12-22,248.5,250.0,242.54,246.59,612717,1.0,0.0
2022-12-23,246.59,248.585,246.07,247.9,581602,1.0,0.0
2022-12-27,249.24,249.79,247.84,248.74,590919,1.0,0.0
2022-12-28,249.24,250.0,246.92,246.97,384705,1.0,0.0
2022-12-29,247.53,250.3,246.78,249.23,458065,1.0,0.0
2022-12-30,248.66,249.68,244.69,248.11,725360,1.0,0.0
2023-01-03,247.85,249.41,246.32,248.6,777907,1.0,0.0
2023-01-04,247.49,248.76,242.96,245.22,1076681,1.0,0.0
2023-01-05,244.55,246.47,243.79,244.62,945813,1.0,0.0
2023-01-06,247.32,251.94,245.0,248.25,1074833,1.0,0.0
2023-01-09,248.55,249.62,244.5487,245.21,1571454,1.0,0.0
2023-01-10,246.24,248.92,245.72,247.54,1274212,1.0,0.0
2023-01-11,248.63,249.0,244.75,248.69,856423,1.0,0.0
2023-01-12,248.84,250.2599,247.19,247.7,685548,1.0,0.0
2023-01-13,243.98,245.3299,238.89,240.29,1459606,1.0,0.0
2023-01-17,240.85,242.82,239.9046,241.14,1339067,1.0,0.0
2023-01-18,241.2,242.0,236.76,237.0,1697884,1.0,0.0
2023-01-19,235.82,236.98,231.48,231.55,1200383,1.0,1.26
2023-01-20,232.11,232.79,228.26,232.79,1500149,1.0,0.0
2023-01-23,232.79,234.18,231.56,232.45,1264529,1.0,0.0
2023-01-24,232.0,235.72,230.489,235.45,1443532,1.0,0.0
2023-01-25,224.86,229.13,220.33,226.88,2727618,1.0,0.0
2023-01-26,227.0,229.9429,223.41,228.11,1429844,1.0,0.0
2023-01-27,227.36,229.13,226.02,227.49,1324473,1.0,0.0
2023-01-30,228.65,230.1,226.37,228.07,1137967,1.0,0.0
2023-01-31,228.96,233.2,227.84,233.06,1303209,1.0,0.0
2023-02-01,231.2,232.83,228.5537,230.45,1137836,1.0,0.0
2023-02-02,228.31,232.56,227.56,231.41,1541242,1.0,0.0
2023-02-03,233.73,234.87,230.95,231.54,1650136,1.0,0.0
2023-02-06,232.25,235.65,231.2,232.35,1099108,1.0,0.0
2023-02-07,231.77,232.08,228.46,231.96,1186162,1.0,0.0
2023-02-08,230.34,231.62,228.83,229.12,1138819,1.0,0.0
2023-02-09,230.39,230.575,227.57,228.66,1095505,1.0,0.0
2023-02-10,229.71,233.27,229.08,233.22,851682,1.0,0.0
2023-02-13,235.0,235.655,231.7,232.88,784774,1.0,0.0
2023-02-14,232.874,233.175,231.0,232.07,730631,1.0,0.0
2023-02-15,231.09,232.48,230.7,232.47,631162,1.0,0.0
2023-02-16,230.63,233.16,230.19,231.3,881223,1.0,0.0
2023-02-17,231.82,236.06,231.25,235.26,1504268,1.0,0.0
2023-02-21,236.62,237.76,232.59,233.52,1064036,1.0,0.0
2023-02-22,233.38,234.78,232.36,233.65,704154,1.0,0.0
2023-02-23,233.85,234.83,230.28,231.37,788426,1.0,0.0
2023-02-24,230.54,232.005,229.8181,231.95,667306,1.0,0.0
2023-02-27,232.24,232.978,229.55,230.62,985609,1.0,0.0
2023-02-28,230.58,231.0785,227.8,227.91,1049330,1.0,0.0
2023-03-01,227.2,228.5,226.55,227.69,899086,1.0,0.0
2023-03-02,227.2,230.754,227.2,230.25,1095618,1.0,0.0
2023-03-03,231.0,231.37,229.55,231.04,1576839,1.0,0.0
2023-03-06,231.0,233.4,230.54,232.6,1136578,1.0,0.0
2023-03-07,232.78,233.775,229.98,229.99,1032550,1.0,0.0
2023-03-08,229.83,230.53,224.62,227.06,1441958,1.0,0.0
2023-03-09,228.21,229.16,222.41,222.87,1653419,1.0,0.0
2023-03-10,222.27,224.11,220.649,220.93,1544453,1.0,0.0
2023-03-13,218.0,220.51,216.93,218.79,1580768,1.0,0.0
2023-03-14,221.27,221.82,217.93,219.83,1070701,1.0,0.0
2023-03-15,217.05,217.85,212.77,216.75,1419779,1.0,0.0
2023-03-16,215.78,227.79,215.4625,220.05,2634289,1.0,0.0
2023-03-17,219.15,219.99,216.6,218.15,2413857,1.0,0.0
2023-03-20,219.15,221.205,219.0,219.91,983060,1.0,0.0
2023-03-21,222.01,222.99,221.47,222.37,892968,1.0,0.0
2023-03-22,222.62,223.2339,219.23,219.23,1044027,1.0,0.0
2023-03-23,219.96,221.77,219.1,220.11,1472782,1.0,0.0
2023-03-24,220.1,223.75,219.66,223.5,1370716,1.0,0.0
2023-03-27,225.01,225.6826,223.68,225.03,865101,1.0,0.0
2023-03-28,225.02,226.47,224.82,225.5,662875,1.0,0.0
2023-03-29,226.11,226.8,225.395,226.8,722836,1.0,0.0
2023-03-30,227.28,227.71,225.46,226.49,935758,1.0,0.0
2023-03-31,227.55,228.3,226.64,228.21,1323622,1.0,0.0
2023-04-03,228.71,233.345,228.21,232.36,1027969,1.0,0.0
2023-04-04,231.9,232.5215,228.42,229.32,1437550,1.0,0.0
2023-04-05,229.05,230.75,228.07,228.98,1332220,1.0,0.0
2023-04-06,229.36,231.08,226.5202,227.71,1511484,1.0,0.0
2023-04-10,226.9,230.42,226.66,229.05,911202,1.0,0.0
2023-04-11,229.65,230.16,228.015,228.27,1145880,1.0,0.0
2023-04-12,228.42,231.07,228.42,229.24,944834,1.0,0.0
2023-04-13,227.77,229.47,226.0,228.77,901910,1.0,1.32
2023-04-14,227.69,228.5,226.23,227.69,1130446,1.0,0.0
2023-04-17,227.11,229.48,226.82,229.46,1577258,1.0,0.0
2023-04-18,229.8,232.03,229.1,229.96,972040,1.0,0.0
2023-04-19,230.1,230.63,228.55,228.8,557054,1.0,0.0
2023-04-20,228.73,228.73,226.5001,227.52,651743,1.0,0.0
2023-04-21,228.34,228.34,224.65,225.02,913343,1.0,0.0
2023-04-24,225.05,225.715,223.7,224.5,791559,1.0,0.0
2023-04-25,223.88,224.085,221.9,222.74,994035,1.0,0.0
2023-04-26,216.51,216.72,210.11,214.83,2764250,1.0,0.0
2023-04-27,215.17,216.97,214.0312,215.69,1643878,1.0,0.0
2023-04-28,215.21,218.6,214.92,218.34,2209505,1.0,0.0
2023-05-01,218.05,220.42,218.0,218.13,1845444,1.0,0.0
2023-05-02,217.55,217.55,211.89,213.01,2609208,1.0,0.0
2023-05-03,213.25,213.77,209.71,210.01,1230242,1.0,0.0
2023-05-04,209.52,209.835,205.4,208.85,1402019,1.0,0.0
2023-05-05,209.23,212.51,209.01,211.92,1050387,1.0,0.0
2023-05-08,212.91,213.04,210.0,210.71,719345,1.0,0.0
2023-05-09,211.13,211.79,209.45,211.2,1047148,1.0,0.0
2023-05-10,212.0,212.55,208.935,211.53,1263083,1.0,0.0
2023-05-11,210.1,210.6,206.56,208.05,1491095,1.0,0.0
2023-05-12,208.85,210.325,208.11,209.96,1137802,1.0,0.0
2023-05-15,210.21,211.51,209.37,210.21,787179,1.0,0.0
2023-05-16,210.11,210.36,207.56,207.59,942536,1.0,0.0
2023-05-17,208.85,211.4887,208.61,211.32,1068534,1.0,0.0
2023-05-18,210.92,211.7,208.87,210.93,774217,1.0,0.0
2023-05-19,211.74,211.96,209.1,210.65,1035338,1.0,0.0
2023-05-22,210.49,213.93,208.77,212.52,1239305,1.0,0.0
2023-05-23,212.04,212.04,206.4675,206.95,1798193,1.0,0.0
2023-05-24,206.8,208.46,205.84,206.53,1598571,1.0,0.0
2023-05-25,205.55,206.32,202.88,204.35,1502346,1.0,0.0
2023-05-26,204.71,207.225,204.52,205.25,1146523,1.0,0.0
2023-05-30,204.08,205.85,202.35,205.24,1379401,1.0,0.0
2023-05-31,204.99,205.85,202.91,204.18,1599147,1.0,0.0
2023-06-01,205.37,206.595,203.965,205.33,1137168,1.0,0.0
2023-06-02,207.07,209.645,206.33,209.09,1641735,1.0,0.0
2023-06-05,209.99,211.1,208.91,209.25,1337004,1.0,0.0
2023-06-06,209.35,211.335,208.7342,210.81,901004,1.0,0.0
2023-06-07,211.5,214.49,210.73,214.18,994051,1.0,0.0
2023-06-08,214.45,214.85,212.8,213.54,921293,1.0,0.0
2023-06-09,214.15,214.15,211.79,212.27,717164,1.0,0.0
2023-06-12,212.32,213.38,211.52,213.07,720916,1.0,0.0
2023-06-13,213.0,214.665,211.66,213.81,995486,1.0,0.0
2023-06-14,213.21,213.945,211.47,212.14,1037889,1.0,0.0
2023-06-15,212.16,215.45,212.16,214.96,880038,1.0,0.0
2023-06-16,215.64,217.8,215.41,217.34,1561700,1.0,0.0
2023-06-20,217.0,217.66,214.79,215.49,940868,1.0,0.0
2023-06-21,215.07,217.66,214.18,217.53,698588,1.0,0.0
2023-06-22,217.31,217.53,213.68,214.45,833757,1.0,0.0
2023-06-23,213.95,214.66,212.185,212.39,1113552,1.0,0.0
2023-06-26,211.51,212.45,209.51,212.09,727374,1.0,0.0
2023-06-27,212.25,212.6238,211.095,212.06,887060,1.0,0.0
2023-06-28,212.29,212.4399,209.25,211.0,914639,1.0,0.0
2023-06-29,210.92,214.5,210.655,214.31,838727,1.0,0.0
2023-06-30,215.33,216.32,213.27,215.15,933084,1.0,0.0
2023-07-03,214.46,216.93,214.23,215.78,475224,1.0,0.0
2023-07-05,214.78,215.65,213.216,215.19,832305,1.0,0.0
2023-07-06,213.15,214.82,211.94,214.28,995229,1.0,1.32
2023-07-07,213.94,217.2675,213.595,214.15,1026771,1.0,0.0
2023-07-10,214.15,216.69,213.99,214.68,1191280,1.0,0.0
2023-07-11,214.92,217.47,213.9,217.18,1482110,1.0,0.0
2023-07-12,217.94,218.62,216.435,217.61,1767154,1.0,0.0
2023-07-13,217.56,217.81,216.37,216.96,995928,1.0,0.0
2023-07-14,216.92,216.92,214.27,215.32,715039,1.0,0.0
2023-07-17,215.29,217.4374,214.9,216.37,646428,1.0,0.0
2023-07-18,217.15,219.56,212.58,213.52,1452074,1.0,0.0
2023-07-19,213.59,215.3839,212.84,213.55,1234960,1.0,0.0
2023-07-20,214.85,216.92,214.34,216.08,1726685,1.0,0.0
2023-07-21,216.58,217.15,214.79,215.47,1148486,1.0,0.0
2023-07-24,215.77,218.1,215.72,217.64,950574,1.0,0.0
2023-07-25,214.74,218.06,213.47,218.0,1392423,1.0,0.0
2023-07-26,220.2,225.435,217.52,222.78,2475426,1.0,0.0
2023-07-27,223.22,223.8,216.43,219.82,2650664,1.0,0.0
2023-07-28,221.0,223.07,219.0,222.64,1597615,1.0,0.0
2023-07-31,223.38,224.565,222.5,223.58,2232798,1.0,0.0
2023-08-01,223.36,225.48,223.27,225.34,1039927,1.0,0.0
2023-08-02,225.25,226.4,223.27,226.25,1397310,1.0,0.0
2023-08-03,226.5,227.38,224.6922,225.63,1084137,1.0,0.0
2023-08-04,226.69,227.5,223.56,224.01,1199410,1.0,0.0
2023-08-07,224.83,227.44,224.83,227.19,1022979,1.0,0.0
2023-08-08,226.21,226.88,223.76,224.47,1002694,1.0,0.0
2023-08-09,225.0,227.02,224.47,226.14,1079945,1.0,0.0
2023-08-10,226.18,227.225,225.18,225.66,861283,1.0,0.0
2023-08-11,225.67,228.73,225.505,226.99,1210434,1.0,0.0
2023-08-14,226.95,227.53,225.817,226.37,952697,1.0,0.0
2023-08-15,225.18,225.355,222.7,223.13,1150313,1.0,0.0
2023-08-16,222.71,223.98,222.32,223.59,897823,1.0,0.0
2023-08-17,224.09,225.48,222.24,222.31,990262,1.0,0.0
2023-08-18,221.75,225.16,221.22,224.42,1040617,1.0,0.0
2023-08-21,223.83,224.82,223.4554,224.28,769877,1.0,0.0
2023-08-22,224.28,225.02,223.1,224.28,689457,1.0,0.0
2023-08-23,224.63,225.2,223.22,224.86,720663,1.0,0.0
2023-08-24,224.22,225.78,223.72,223.88,673672,1.0,0.0
2023-08-25,224.97,224.97,221.92,223.59,618967,1.0,0.0
2023-08-28,223.62,225.6,223.34,225.35,747419,1.0,0.0
2023-08-29,225.44,226.21,223.95,226.15,822667,1.0,0.0
2023-08-30,226.73,228.58,226.0,227.24,649507,1.0,0.0
2023-08-31,227.77,228.37,226.43,226.64,865803,1.0,0.0
2023-09-01,227.85,227.9407,225.63,226.37,568912,1.0,0.0
2023-09-05,226.56,226.56,223.21,223.33,909208,1.0,0.0
2023-09-06,223.0,223.0,217.84,218.05,1082860,1.0,0.0
2023-09-07,218.88,219.47,217.62,218.69,798554,1.0,0.0
2023-09-08,218.98,219.27,217.36,217.87,800647,1.0,0.0
2023-09-11,217.0,217.535,215.111,216.27,1880294,1.0,0.0
2023-09-12,215.55,218.25,214.6,217.38,1211017,1.0,0.0
2023-09-13,218.01,219.79,217.42,219.69,880126,1.0,0.0
2023-09-14,220.02,221.519,219.01,221.46,909527,1.0,0.0
2023-09-15,220.71,225.09,220.525,224.05,1829031,1.0,0.0
2023-09-18,225.0,225.875,223.425,224.33,783347,1.0,0.0
2023-09-19,224.15,225.3,222.12,222.85,971836,1.0,0.0
2023-09-20,223.84,226.2,223.6,225.55,893323,1.0,0.0
2023-09-21,225.24,225.53,221.84,221.88,1067472,1.0,0.0
2023-09-22,221.06,221.665,218.31,218.34,921771,1.0,0.0
2023-09-25,217.71,219.55,217.18,219.33,648690,1.0,0.0
2023-09-26,218.64,220.01,218.08,218.18,889724,1.0,0.0
2023-09-27,219.33,221.05,218.92,221.0,666759,1.0,0.0
2023-09-28,222.06,224.095,222.06,222.39,839024,1.0,0.0
2023-09-29,223.03,223.8,220.86,220.97,764051,1.0,0.0
2023-10-02,221.5,224.1099,221.33,222.93,1207461,1.0,0.0
2023-10-03,222.36,224.285,220.47,220.74,1315254,1.0,0.0
2023-10-04,220.23,221.875,217.32,219.33,887192,1.0,0.0
2023-10-05,217.55,218.09,216.0,216.75,820240,1.0,1.32
2023-10-06,215.96,220.945,214.53,219.94,993828,1.0,0.0
2023-10-09,228.7,240.145,228.5,238.48,3399366,1.0,0.0
2023-10-10,240.0,240.0022,236.18,236.67,2340000,1.0,0.0
2023-10-11,236.31,238.74,236.18,237.78,1068482,1.0,0.0
2023-10-12,238.84,239.83,235.771,237.4,851218,1.0,0.0
2023-10-13,239.5,243.47,238.87,243.04,2151915,1.0,0.0
2023-10-16,243.53,245.06,241.56,242.87,1362382,1.0,0.0
2023-10-17,241.68,243.9049,239.81,241.27,1328932,1.0,0.0
2023-10-18,241.74,242.0575,239.29,239.81,1092718,1.0,0.0
2023-10-19,239.37,241.4521,237.94,237.95,1156976,1.0,0.0
2023-10-20,238.74,239.418,234.82,234.94,1706145,1.0,0.0
2023-10-23,234.64,236.32,232.85,233.21,1265901,1.0,0.0
2023-10-24,235.28,236.67,232.285,233.0,1060556,1.0,0.0
2023-10-25,239.055,244.38,238.47,242.4,2440625,1.0,0.0
2023-10-26,243.0,243.8,240.16,240.55,1580995,1.0,0.0
2023-10-27,237.88,239.3,236.58,238.25,1816231,1.0,0.0
2023-10-30,238.61,240.24,237.35,238.98,1485186,1.0,0.0
2023-10-31,239.65,241.79,237.5,241.31,2534276,1.0,0.0
2023-11-01,242.0,243.87,240.6342,242.7,1490484,1.0,0.0
2023-11-02,241.32,244.24,241.03,244.01,1749441,1.0,0.0
2023-11-03,245.0,245.39,243.11,243.21,1004395,1.0,0.0
2023-11-06,243.19,244.48,242.32,243.93,1286799,1.0,0.0
2023-11-07,244.06,244.08,242.205,242.73,804710,1.0,0.0
2023-11-08,243.34,244.11,241.419,242.02,695012,1.0,0.0
2023-11-09,242.0,242.0,238.31,240.1,1733062,1.0,0.0
2023-11-10,241.11,244.14,240.735,243.55,1102936,1.0,0.0
2023-11-13,243.55,247.28,243.525,246.65,1569193,1.0,0.0
2023-11-14,245.77,248.89,245.485,247.86,1115807,1.0,0.0
2023-11-15,247.56,248.2708,245.69,245.76,1073637,1.0,0.0
2023-11-16,246.28,246.88,244.53,245.26,824461,1.0,0.0
2023-11-17,246.05,246.2247,244.41,244.69,1060661,1.0,0.0
2023-11-20,244.65,247.0825,244.35,245.78,894457,1.0,0.0
2023-11-21,246.11,247.51,245.37,246.41,806460,1.0,0.0
2023-11-22,245.81,247.4508,245.46,247.33,617665,1.0,0.0
2023-11-24,247.68,248.55,247.44,247.83,338962,1.0,0.0
2023-11-27,247.71,247.71,245.512,246.36,717868,1.0,0.0
2023-11-28,247.4,247.53,245.07,245.22,846814,1.0,0.0
2023-11-29,245.22,246.0,243.87,244.83,835248,1.0,0.0
2023-11-30,245.59,247.3,245.01,246.97,951109,1.0,0.0
2023-12-01,247.09,249.69,246.81,249.69,842922,1.0,0.0
2023-12-04,248.55,252.25,248.11,252.21,1618211,1.0,0.0
2023-12-05,252.23,252.61,250.1994,250.89,925879,1.0,0.0
2023-12-06,250.89,252.85,250.26,251.95,872361,1.0,0.0
2023-12-07,252.72,254.76,250.52,251.49,895769,1.0,0.0
2023-12-08,251.75,253.19,251.75,252.29,968475,1.0,0.0
2023-12-11,252.02,253.643,252.02,252.42,704582,1.0,0.0
2023-12-12,252.01,254.35,251.6961,253.2,863986,1.0,0.0
2023-12-13,253.66,256.32,253.03,255.85,1287264,1.0,0.0
2023-12-14,255.4,255.56,248.58,251.15,1778754,1.0,0.0
2023-12-15,249.64,252.74,249.35,252.55,2410879,1.0,0.0
2023-12-18,252.66,253.93,251.77,252.87,708697,1.0,0.0
2023-12-19,252.71,253.975,252.252,253.89,738842,1.0,0.0
2023-12-20,253.12,253.97,249.4,249.56,1018223,1.0,0.0
2023-12-21,251.0,252.97,250.0,252.43,702281,1.0,0.0
2023-12-22,253.37,255.26,252.56,254.1,650642,1.0,0.0
2023-12-26,254.04,256.81,253.85,256.21,637901,1.0,0.0
2023-12-27,255.38,257.73,255.08,257.43,750664,1.0,0.0
2023-12-28,257.97,258.7879,257.465,258.14,569704,1.0,0.0
2023-12-29,258.52,259.88,257.85,259.67,812338,1.0,0.0
2024-01-02,259.67,261.14,257.62,258.6,992514,1.0,0.0
2024-01-03,259.55,261.3899,256.5,256.54,1378672,1.0,0.0
2024-01-04,258.75,259.0,256.0,256.18,1096846,1.0,0.0
2024-01-05,256.59,257.0,253.41,253.9,956794,1.0,0.0
2024-01-08,253.0,253.85,250.88,253.82,1257124,1.0,0.0
2024-01-09,253.77,253.77,250.89,251.24,1255981,1.0,0.0
2024-01-10,251.24,253.01,250.81,251.25,877919,1.0,0.0
2024-01-11,251.76,252.35,248.09,249.94,1500115,1.0,0.0
2024-01-12,251.34,254.91,251.34,254.81,1107546,1.0,0.0
2024-01-16,254.29,254.7,249.72,250.65,1038498,1.0,0.0
2024-01-17,249.23,252.1,249.0,249.97,882739,1.0,0.0
2024-01-18,249.04,251.1,247.3601,250.95,907695,1.0,1.32
2024-01-19,251.5,251.5,248.98,249.34,1410323,1.0,0.0
2024-01-22,249.5,251.315,248.7,249.76,2043282,1.0,0.0
2024-01-23,250.35,252.1012,247.88,249.37,1775553,1.0,0.0
2024-01-24,252.32,263.69,251.62,261.18,2748242,1.0,0.0
2024-01-25,261.76,265.97,261.16,265.86,1968787,1.0,0.0
2024-01-26,266.56,267.97,262.05,265.07,1329931,1.0,0.0
2024-01-29,264.57,265.91,263.2,264.78,961685,1.0,0.0
2024-01-30,266.29,269.369,265.99,268.67,2040351,1.0,0.0
2024-01-31,269.0,269.5,263.84,264.99,2305088,1.0,0.0
2024-02-01,265.65,267.24,263.07,266.87,1715158,1.0,0.0
2024-02-02,265.74,266.4003,264.33,265.27,1949414,1.0,0.0
2024-02-05,264.0,267.07,262.5,265.52,1032428,1.0,0.0
2024-02-06,266.1,267.79,264.64,267.69,814601,1.0,0.0
2024-02-07,269.5,270.15,267.945,269.09,1058802,1.0,0.0
2024-02-08,269.0,269.435,267.12,269.0,617092,1.0,0.0
2024-02-09,270.07,271.365,269.055,270.14,878245,1.0,0.0
2024-02-12,269.98,270.97,269.21,269.44,696309,1.0,0.0
2024-02-13,269.93,270.9,265.105,267.22,1164204,1.0,0.0
2024-02-14,268.31,269.22,263.103,269.1,1629840,1.0,0.0
2024-02-15,269.68,270.9583,268.54,270.0,801479,1.0,0.0
2024-02-16,269.98,271.175,268.8887,269.44,702718,1.0,0.0
2024-02-20,270.4,271.96,268.35,268.93,697551,1.0,0.0
2024-02-21,270.16,272.2799,268.91,271.9,691282,1.0,0.0
2024-02-22,271.38,272.46,270.66,272.33,636360,1.0,0.0
2024-02-23,272.5,274.9,272.1746,273.75,663926,1.0,0.0
2024-02-26,274.19,274.594,272.59,273.02,629667,1.0,0.0
2024-02-27,272.33,273.8,270.77,273.7,554426,1.0,0.0
2024-02-28,273.68,274.66,272.48,274.31,569835,1.0,0.0
2024-02-29,274.98,274.98,272.37,273.25,886287,1.0,0.0
2024-03-01,273.3,273.3,271.05,271.95,651383,1.0,0.0
2024-03-04,272.0,275.34,271.39,274.71,974559,1.0,0.0
2024-03-05,275.57,277.4266,272.39,273.6,979366,1.0,0.0
2024-03-06,274.0,275.8529,273.17,273.7,585056,1.0,0.0
2024-03-07,274.0,274.97,272.11,273.03,761791,1.0,0.0
2024-03-08,272.43,273.62,270.715,272.31,696906,1.0,0.0
2024-03-11,271.64,273.29,270.43,273.27,559720,1.0,0.0
2024-03-12,273.01,275.06,271.585,274.65,844967,1.0,0.0
2024-03-13,275.52,275.9,274.47,275.36,823999,1.0,0.0
2024-03-14,276.3,276.65,273.4,275.4,836940,1.0,0.0
2024-03-15,273.83,276.93,273.83,275.21,1305858,1.0,0.0
2024-03-18,275.99,277.72,274.67,277.6,865390,1.0,0.0
2024-03-19,279.12,280.35,277.731,279.7,703565,1.0,0.0
2024-03-20,280.0,282.98,279.31,282.55,1043440,1.0,0.0
2024-03-21,283.36,284.75,281.22,281.34,1084155,1.0,0.0
2024-03-22,282.33,283.215,281.13,281.16,730558,1.0,0.0
2024-03-25,280.93,281.45,278.39,278.98,776513,1.0,0.0
2024-03-26,278.81,280.465,278.35,278.35,567677,1.0,0.0
2024-03-27,279.56,281.93,278.945,281.9,746031,1.0,0.0
2024-03-28,282.6,283.1467,281.28,282.49,644505,1.0,0.0
2024-04-01,287.71,291.965,286.38,291.55,1742797,1.0,0.0
2024-04-02,291.8,292.5,288.44,290.54,1688413,1.0,0.0
2024-04-03,290.57,291.99,288.43,291.69,1150547,1.0,0.0
2024-04-04,293.56,294.56,291.97,293.22,1352635,1.0,0.0
2024-04-05,293.0,295.455,291.4377,295.18,858986,1.0,0.0
2024-04-08,296.0,296.5,292.89,293.13,945511,1.0,0.0
2024-04-09,292.03,294.6687,287.195,288.84,1007111,1.0,0.0
2024-04-10,287.4,290.74,286.66,290.04,935586,1.0,0.0
2024-04-11,287.83,288.64,286.16,287.5,710977,1.0,1.42
2024-04-12,288.41,290.75,286.79,287.87,1280978,1.0,0.0
2024-04-15,291.71,291.75,284.355,284.75,976557,1.0,0.0
2024-04-16,285.46,286.38,283.68,285.3,1388510,1.0,0.0
2024-04-17,286.5,286.5,283.67,284.46,708954,1.0,0.0
2024-04-18,284.02,286.91,284.02,285.27,636706,1.0,0.0
2024-04-19,287.43,289.29,286.73,288.62,1074960,1.0,0.0
2024-04-22,289.94,292.71,288.046,291.31,889033,1.0,0.0
2024-04-23,292.72,294.695,291.68,292.72,1132517,1.0,0.0
2024-04-24,289.19,290.365,274.315,281.11,4023581,1.0,0.0
2024-04-25,282.76,285.75,279.44,284.9,1769758,1.0,0.0
2024-04-26,284.73,286.77,282.8,284.41,1244205,1.0,0.0
2024-04-29,287.96,289.93,285.43,287.79,1293661,1.0,0.0
2024-04-30,286.91,289.1999,286.42,287.09,1423602,1.0,0.0
2024-05-01,286.58,288.09,284.83,286.53,890864,1.0,0.0
2024-05-02,286.04,288.58,282.51,287.36,1134891,1.0,0.0
2024-05-03,288.0,289.0,286.0,288.14,974321,1.0,0.0
2024-05-06,289.47,291.61,289.46,291.38,870254,1.0,0.0
2024-05-07,292.34,293.74,291.2,293.37,715657,1.0,0.0
2024-05-08,294.0,294.07,291.83,292.74,1008163,1.0,0.0
2024-05-09,292.75,296.27,292.0,295.97,707640,1.0,0.0
2024-05-10,296.58,297.875,296.0,296.44,1019423,1.0,0.0
2024-05-13,296.37,297.3299,292.61,293.53,1406783,1.0,0.0
2024-05-14,293.44,294.56,292.47,294.06,655290,1.0,0.0
2024-05-15,293.8,295.25,293.6836,294.59,752379,1.0,0.0
2024-05-16,294.97,297.231,294.62,295.75,613506,1.0,0.0
2024-05-17,296.59,299.14,295.46,299.02,894179,1.0,0.0
2024-05-20,298.5,301.0,298.014,300.23,940338,1.0,0.0
2024-05-21,301.0,301.48,296.35,297.06,1103517,1.0,0.0
2024-05-22,297.485,299.36,296.16,298.01,882703,1.0,0.0
2024-05-23,297.96,298.2576,295.15,296.52,720773,1.0,0.0
2024-05-24,299.0,300.48,297.22,299.62,784155,1.0,0.0
2024-05-28,299.54,299.75,297.07,297.34,800584,1.0,0.0
2024-05-29,296.03,297.13,293.25,293.48,771652,1.0,0.0
2024-05-30,293.94,296.66,293.94,296.08,728274,1.0,0.0
2024-05-31,296.02,300.23,295.38,299.77,1302879,1.0,0.0
2024-06-03,300.89,302.42,296.445,298.26,723502,1.0,0.0
2024-06-04,298.37,299.24,296.9,297.32,618207,1.0,0.0
2024-06-05,297.9,299.65,295.635,299.45,469258,1.0,0.0
2024-06-06,299.0,300.5,298.1,298.27,988175,1.0,0.0
2024-06-07,298.2,300.16,297.87,299.14,684271,1.0,0.0
2024-06-10,300.0,300.0,293.86,294.68,1013889,1.0,0.0
2024-06-11,293.6,293.66,291.135,292.65,1068734,1.0,0.0
2024-06-12,292.985,295.2,292.2,294.34,871953,1.0,0.0
2024-06-13,293.68,294.57,290.725,292.52,686683,1.0,0.0
2024-06-14,290.7,292.04,288.455,291.78,639947,1.0,0.0
2024-06-17,291.18,294.1871,290.6601,293.83,510982,1.0,0.0
2024-06-18,293.57,298.05,293.17,298.0,748596,1.0,0.0
2024-06-20,298.0,299.65,297.0,299.63,751556,1.0,0.0
2024-06-21,299.56,300.22,296.68,298.25,1686985,1.0,0.0
2024-06-24,299.48,302.7486,298.47,298.53,1124477,1.0,0.0
2024-06-25,298.21,299.09,294.72,295.28,1110356,1.0,0.0
2024-06-26,294.31,295.58,293.32,294.53,1215403,1.0,0.0
2024-06-27,295.35,295.35,291.83,292.5,989536,1.0,0.0
2024-06-28,293.92,294.48,289.54,290.14,2259932,1.0,0.0
2024-07-01,291.35,293.01,286.58,287.87,1431088,1.0,0.0
2024-07-02,285.3,286.34,284.02,285.81,1274376,1.0,0.0
2024-07-03,286.47,287.26,284.05,284.88,656719,1.0,0.0
2024-07-05,284.26,284.26,280.46,281.68,1039502,1.0,1.42
2024-07-08,281.7,283.0,279.55,280.47,1222693,1.0,0.0
2024-07-09,280.22,281.34,279.42,279.51,803812,1.0,0.0
2024-07-10,279.66,281.98,279.07,281.91,957641,1.0,0.0
2024-07-11,281.37,285.265,281.37,284.15,935541,1.0,0.0
2024-07-12,285.72,286.465,283.6925,283.89,1072025,1.0,0.0
2024-07-15,285.51,287.2,284.01,285.42,1017100,1.0,0.0
2024-07-16,285.57,291.78,285.57,291.59,1125137,1.0,0.0
2024-07-17,292.24,294.77,291.78,291.99,900255,1.0,0.0
2024-07-18,291.4,295.5,291.17,293.27,960060,1.0,0.0
2024-07-19,294.36,294.36,287.83,288.22,973642,1.0,0.0
2024-07-22,288.43,291.48,287.54,291.21,745320,1.0,0.0
2024-07-23,292.68,295.62,292.05,294.46,1288242,1.0,0.0
2024-07-24,286.0,286.49,276.79,284.67,3268633,1.0,0.0
2024-07-25,286.61,296.19,286.61,290.98,1809784,1.0,0.0
2024-07-26,290.99,292.7,287.635,290.4,1079838,1.0,0.0
2024-07-29,290.57,291.04,288.37,289.49,1171630,1.0,0.0
2024-07-30,291.02,293.66,290.06,293.01,858073,1.0,0.0
2024-07-31,294.8,299.96,293.17,298.71,1609458,1.0,0.0
2024-08-01,300.0,300.75,291.535,293.45,1108414,1.0,0.0
2024-08-02,292.69,296.89,289.51,292.39,990893,1.0,0.0
2024-08-05,288.92,290.925,282.32,285.9,1094084,1.0,0.0
2024-08-06,286.45,290.44,285.2,285.38,815078,1.0,0.0
2024-08-07,287.21,290.88,286.355,287.17,890718,1.0,0.0
2024-08-08,287.45,293.0,287.45,290.8,823820,1.0,0.0
2024-08-09,293.29,296.7,291.565,292.99,1028622,1.0,0.0
2024-08-12,294.0,294.59,290.655,291.2,1054806,1.0,0.0
2024-08-13,291.85,292.795,289.53,292.2,888759,1.0,0.0
2024-08-14,291.71,295.17,291.71,293.73,756961,1.0,0.0
2024-08-15,294.99,296.31,293.1639,295.95,890703,1.0,0.0
2024-08-16,296.36,297.1,294.74,296.59,852433,1.0,0.0
2024-08-19,296.93,297.0,294.769,295.6,685233,1.0,0.0
2024-08-20,295.36,296.12,294.215,295.8,589247,1.0,0.0
2024-08-21,296.51,296.51,293.02,294.07,1029146,1.0,0.0
2024-08-22,294.25,294.74,292.99,293.45,676227,1.0,0.0
2024-08-23,294.34,294.8299,291.29,291.45,864741,1.0,0.0
2024-08-26,292.45,293.18,290.42,291.0,814847,1.0,0.0
2024-08-27,291.01,291.46,289.83,290.2,1005336,1.0,0.0
2024-08-28,290.99,297.18,290.5,296.64,1553612,1.0,0.0
2024-08-29,298.0,300.95,295.5,297.83,1640388,1.0,0.0
2024-08-30,297.53,299.68,295.18,299.36,1033038,1.0,0.0
2024-09-03,299.0,300.98,293.34,294.92,961640,1.0,0.0
2024-09-04,295.45,297.76,293.0,294.35,711401,1.0,0.0
2024-09-05,296.51,299.83,294.16,297.29,1518801,1.0,0.0
2024-09-06,297.0,298.41,292.24,292.78,1362362,1.0,0.0
2024-09-09,295.71,303.1,295.71,301.56,1922398,1.0,0.0
2024-09-10,303.31,306.51,300.47,302.4,1040604,1.0,0.0
2024-09-11,301.21,301.21,293.36,299.59,1067209,1.0,0.0
2024-09-12,299.34,300.94,297.41,300.67,875408,1.0,0.0
2024-09-13,301.08,305.84,301.05,304.8,797557,1.0,0.0
2024-09-16,307.38,309.967,306.15,307.55,874521,1.0,0.0
2024-09-17,304.75,305.6963,302.57,303.85,1045631,1.0,0.0
2024-09-18,303.9,306.9,301.65,302.38,1155805,1.0,0.0
2024-09-19,304.84,306.645,302.52,304.73,1188154,1.0,0.0
2024-09-20,304.77,307.76,303.185,306.87,7899210,1.0,0.0
2024-09-23,307.31,309.72,306.75,308.09,951842,1.0,0.0
2024-09-24,308.0,308.515,304.07,304.67,951787,1.0,0.0
2024-09-25,305.52,306.55,301.02,301.69,915630,1.0,0.0
2024-09-26,300.93,302.92,299.66,300.49,904455,1.0,0.0
2024-09-27,300.34,302.35,299.97,300.13,909250,1.0,0.0
2024-09-30,300.0,302.26,297.6601,302.2,1364162,1.0,0.0
2024-10-01,297.64,307.05,294.5,305.33,1486552,1.0,0.0
2024-10-02,305.5,306.62,303.1,303.92,1218397,1.0,0.0
2024-10-03,304.04,304.865,299.04,299.61,1124345,1.0,0.0
2024-10-04,300.04,301.24,297.84,300.66,877409,1.0,0.0
2024-10-07,299.3,300.51,296.715,297.29,874200,1.0,0.0
2024-10-08,297.95,298.11,295.05,296.9,843373,1.0,0.0
2024-10-09,296.1,300.13,295.67,298.69,726520,1.0,0.0
2024-10-10,298.5,298.615,295.02,296.05,902423,1.0,0.0
2024-10-11,295.0,299.7725,294.29,299.44,986347,1.0,1.42
2024-10-14,299.59,302.36,298.68,301.86,583622,1.0,0.0
2024-10-15,303.59,303.8562,299.85,300.21,898661,1.0,0.0
2024-10-16,300.14,306.06,300.14,304.87,838123,1.0,0.0
2024-10-17,307.0,308.32,305.64,308.23,919149,1.0,0.0
2024-10-18,310.0,310.58,307.61,308.48,1316379,1.0,0.0
2024-10-21,309.13,310.85,307.01,308.08,1059841,1.0,0.0
2024-10-22,307.7,308.7651,303.91,305.99,1145609,1.0,0.0
2024-10-23,304.85,313.111,300.715,304.4,1506597,1.0,0.0
2024-10-24,301.73,304.99,300.52,301.27,1331812,1.0,0.0
2024-10-25,304.52,304.99,302.07,302.52,1405397,1.0,0.0
2024-10-28,303.04,304.71,302.1401,303.92,968680,1.0,0.0
2024-10-29,303.23,305.16,301.73,301.75,950599,1.0,0.0
2024-10-30,301.82,304.12,301.16,301.37,855063,1.0,0.0
2024-10-31,300.32,301.37,291.31,291.61,1704336,1.0,0.0
2024-11-01,292.96,294.87,292.314,292.99,1355480,1.0,0.0
2024-11-04,293.62,295.5573,292.35,293.6,1056112,1.0,0.0
2024-11-05,294.56,296.99,294.53,296.65,750549,1.0,0.0
2024-11-06,305.035,309.01,302.78,308.46,1659195,1.0,0.0
2024-11-07,308.51,309.065,304.52,306.0,887173,1.0,0.0
2024-11-08,307.5,310.2199,306.18,309.47,855115,1.0,0.0
2024-11-11,312.08,315.93,311.29,313.91,925476,1.0,0.0
2024-11-12,315.0,315.0,310.625,312.05,778643,1.0,0.0
2024-11-13,313.44,316.9,311.68,314.03,906763,1.0,0.0
2024-11-14,314.1,314.85,291.805,292.42,1927468,1.0,0.0
2024-11-15,290.83,295.0,285.68,287.99,1997358,1.0,0.0
2024-11-18,287.0,288.0,285.29,286.0,1287210,1.0,0.0
2024-11-19,287.29,288.0,279.61,280.96,1772396,1.0,0.0
2024-11-20,281.47,282.0,278.12,280.05,1766384,1.0,0.0
2024-11-21,280.7,283.5,279.01,279.93,1832227,1.0,0.0
2024-11-22,280.76,283.6,279.9201,281.81,1434009,1.0,0.0
2024-11-25,283.26,284.1452,279.29,281.35,1569406,1.0,0.0
2024-11-26,281.08,283.37,279.56,282.02,1095225,1.0,0.0
2024-11-27,282.92,286.01,282.26,282.31,994524,1.0,0.0
2024-11-29,283.18,284.41,282.48,284.01,538180,1.0,0.0
2024-12-02,282.9,283.155,275.62,276.44,1936909,1.0,0.0
2024-12-03,276.48,278.1262,274.44,277.42,1130908,1.0,0.0
2024-12-04,276.47,278.578041,274.99,277.66,1307554,1.0,0.0
2024-12-05,277.5,278.7267,275.15,275.15,1511844,1.0,0.0
2024-12-06,275.0,275.86,271.05,271.8,1879450,1.0,0.0
2024-12-09,271.35,272.71,269.4,269.57,2143158,1.0,0.0
2024-12-10,269.49,272.09,267.25,270.43,1279858,1.0,0.0
2024-12-11,269.56,270.025,263.4218,265.43,2263713,1.0,0.0
2024-12-12,260.0,264.15,257.2588,263.04,2408985,1.0,0.0
2024-12-13,263.0,265.07,261.93,263.11,1673421,1.0,0.0
2024-12-16,263.11,269.69,262.71,266.07,3087460,1.0,0.0
2024-12-17,264.47,267.7344,263.7901,265.22,1964000,1.0,0.0
2024-12-18,265.2,269.5,262.1,262.27,2241592,1.0,0.0
2024-12-19,259.95,262.83,257.88,260.28,2169997,1.0,0.0
2024-12-20,259.08,267.44,257.8,263.64,3546177,1.0,0.0
2024-12-23,265.8,265.8,262.895,265.19,1552933,1.0,0.0
2024-12-24,264.67,265.9,263.63,265.9,500914,1.0,0.0
2024-12-26,265.89,268.33,265.25,266.78,851474,1.0,0.0
2024-12-27,264.78,267.591,264.7201,266.14,1001380,1.0,0.0
2024-12-30,263.19,265.11,261.06,263.38,1550288,1.0,0.0
2024-12-31,264.0,265.52,262.15,263.49,895021,1.0,0.0
2025-01-02,264.9,265.83,260.5,261.01,1748979,1.0,0.0
2025-01-03,261.18,264.16,260.265,263.37,1287646,1.0,0.0
2025-01-06,262.32,264.285,257.56,257.99,1898171,1.0,0.0
2025-01-07,258.76,262.93,258.061,259.65,1303705,1.0,0.0
2025-01-08,258.76,262.5,258.76,261.47,1120620,1.0,0.0
2025-01-10,260.52,261.955,258.65,259.38,1722894,1.0,0.0
2025-01-13,259.38,264.88,259.0,263.67,1360062,1.0,0.0
2025-01-14,263.52,265.29,262.23,265.12,1096082,1.0,0.0
2025-01-15,267.53,267.85,264.02,266.09,1013606,1.0,0.0
2025-01-16,266.0,269.4,265.7,268.83,1753017,1.0,0.0
2025-01-17,268.42,268.81,266.13,266.67,1544177,1.0,1.42
2025-01-21,269.29,274.15,268.86,271.63,2444596,1.0,0.0
2025-01-22,271.63,271.68,266.71,268.84,2028955,1.0,0.0
2025-01-23,270.13,271.0,264.685,268.56,2210914,1.0,0.0
2025-01-24,268.56,269.03,265.74,266.43,1546530,1.0,0.0
2025-01-27,267.76,270.19,266.47,269.84,1694343,1.0,0.0
2025-01-28,269.99,270.02,261.275,262.57,2042648,1.0,0.0
2025-01-29,253.82,261.31,247.01,251.45,3497938,1.0,0.0
2025-01-30,253.85,257.09,252.5,256.93,2299411,1.0,0.0
2025-01-31,256.99,258.75,254.79,256.98,1902769,1.0,0.0
2025-02-03,256.0,258.07,253.83,256.59,1414586,1.0,0.0
2025-02-04,255.96,258.93,255.85,257.43,1356233,1.0,0.0
2025-02-05,258.71,259.23,256.83,258.58,1098240,1.0,0.0
2025-02-06,257.71,257.71,253.13,255.53,1154734,1.0,0.0
2025-02-07,256.02,257.21,253.92,254.83,1290620,1.0,0.0
2025-02-10,255.49,257.366,255.11,256.34,1410855,1.0,0.0
2025-02-11,255.87,257.69,254.35,256.99,1095642,1.0,0.0
2025-02-12,254.48,255.6299,250.97,251.33,1560987,1.0,0.0
2025-02-13,251.6,251.95,242.86,246.16,2825057,1.0,0.0
2025-02-14,245.75,247.05,239.87,241.94,2765005,1.0,0.0
2025-02-18,244.33,244.47,241.11,242.6,2113724,1.0,0.0
2025-02-19,242.58,246.28,242.04,244.18,1900157,1.0,0.0
2025-02-20,242.34,247.28,242.34,246.2,1567274,1.0,0.0
2025-02-21,245.2,245.33,241.645,243.06,1947507,1.0,0.0
2025-02-24,244.6,248.325,243.42,246.27,2204550,1.0,0.0
2025-02-25,247.17,250.82,246.71,249.91,1711617,1.0,0.0
2025-02-26,250.49,250.605,247.8775,249.24,1372148,1.0,0.0
2025-02-27,250.14,252.4925,249.555,251.62,1410372,1.0,0.0
2025-02-28,252.34,254.66,249.94,252.6,1755510,1.0,0.0
2025-03-03,255.17,255.9299,252.3,254.04,1333480,1.0,0.0
2025-03-04,252.98,257.49,250.41,250.8,2013526,1.0,0.0
2025-03-05,255.5,264.04,251.05,262.96,4141772,1.0,0.0
2025-03-06,261.49,266.15,259.235,264.55,2075968,1.0,0.0
2025-03-07,262.46,272.51,262.46,271.56,1979005,1.0,0.0
2025-03-10,270.0,279.25,268.17,271.94,2272602,1.0,0.0
2025-03-11,270.77,272.2199,262.2601,264.12,1827897,1.0,0.0
2025-03-12,263.06,263.71,258.08,260.01,1123233,1.0,0.0
2025-03-13,259.32,263.175,258.65,261.16,1044621,1.0,0.0
2025-03-14,261.5,262.7555,259.44,262.03,956623,1.0,0.0
2025-03-17,262.03,267.005,262.01,265.18,974426,1.0,0.0
2025-03-18,264.68,268.66,263.68,267.52,1569855,1.0,0.0
2025-03-19,267.54,270.3,266.54,267.97,1495963,1.0,0.0
2025-03-20,266.15,267.45,264.55,265.7,1251485,1.0,0.0
2025-03-21,264.53,265.29,260.1877,263.41,3313675,1.0,0.0
2025-03-24,265.0,266.2075,263.6,265.88,1023224,1.0,0.0
2025-03-25,265.91,267.9975,264.51,267.54,911978,1.0,0.0
2025-03-26,269.15,270.57,268.5729,269.58,1139947,1.0,0.0
2025-03-27,270.0,271.2999,268.6901,269.49,802239,1.0,0.0
2025-03-28,269.02,270.21,267.57,269.08,1240810,1.0,0.0
2025-03-31,269.02,273.95,268.79,272.58,1853743,1.0,0.0
2025-04-01,272.58,274.79,271.37,274.14,1470326,1.0,0.0
2025-04-02,271.73,278.27,271.25,276.04,1350019,1.0,0.0
2025-04-03,273.93,279.09,268.99,269.62,1416769,1.0,0.0
2025-04-04,264.96,265.725,249.75,250.01,3232249,1.0,0.0
2025-04-07,244.66,253.25,239.2,247.68,2328435,1.0,0.0
2025-04-08,257.02,260.99,251.655,254.4,2277411,1.0,0.0
2025-04-09,249.92,272.75,249.92,271.52,2676568,1.0,0.0
2025-04-10,269.0,274.61,263.03,271.82,2094615,1.0,0.0
2025-04-11,270.32,277.765,267.23,276.65,1568530,1.0,1.5
2025-04-14,276.83,280.39,273.89,278.78,1244658,1.0,0.0
2025-04-15,277.91,280.93,276.32,277.14,1544899,1.0,0.0
2025-04-16,277.56,280.79,275.21,276.63,1964518,1.0,0.0
2025-04-17,275.54,278.41,273.35,276.08,1722008,1.0,0.0
2025-04-21,275.01,276.255,270.6,273.18,1423111,1.0,0.0
2025-04-22,271.68,275.67,266.8902,274.8,3048733,1.0,0.0
2025-04-23,271.63,272.875,263.6,265.73,2245879,1.0,0.0
2025-04-24,264.93,272.27,262.84,271.71,1835079,1.0,0.0
2025-04-25,273.33,273.52,268.1833,271.97,947680,1.0,0.0
2025-04-28,272.93,275.1,269.63,271.94,1031061,1.0,0.0
2025-04-29,272.0,273.3954,270.92,272.08,1002088,1.0,0.0
2025-04-30,272.85,273.03,268.2896,272.12,1388940,1.0,0.0
2025-05-01,271.51,273.28,269.2401,271.51,1319923,1.0,0.0
2025-05-02,275.0,276.24,266.98,273.03,1637835,1.0,0.0
2025-05-05,273.7,274.16,271.67,272.14,1156608,1.0,0.0
2025-05-06,271.235,272.0,268.45,270.61,994505,1.0,0.0
2025-05-07,270.1,271.48,268.22,269.45,861660,1.0,0.0
2025-05-08,269.93,274.57,269.93,271.98,1339521,1.0,0.0
2025-05-09,273.35,273.67,269.41,271.56,1029203,1.0,0.0
2025-05-12,274.1,276.48,269.5,276.24,1158919,1.0,0.0
2025-05-13,275.96,277.0,272.97,273.02,1100842,1.0,0.0
2025-05-14,272.6,273.22,267.39,270.69,1000919,1.0,0.0
2025-05-15,272.55,278.89,271.295,278.51,1396795,1.0,0.0
2025-05-16,280.16,280.72,278.3539,280.71,1173839,1.0,0.0
2025-05-19,280.72,282.91,279.3001,281.37,802139,1.0,0.0
2025-05-20,280.17,282.88,280.17,281.57,734745,1.0,0.0
2025-05-21,281.01,281.955,276.9,277.7,997231,1.0,0.0
2025-05-22,276.97,278.79,275.205,277.03,1034898,1.0,0.0
2025-05-23,274.75,275.625,273.2601,274.75,835881,1.0,0.0
2025-05-27,277.05,279.82,276.31,279.23,1053318,1.0,0.0
2025-05-28,279.65,280.0,273.215,273.64,1006335,1.0,0.0
2025-05-29,272.95,275.4547,271.19,275.2,992226,1.0,0.0
2025-05-30,275.56,278.95,274.12,278.49,1657667,1.0,0.0
2025-06-02,277.84,277.84,273.855,275.71,1001790,1.0,0.0
2025-06-03,275.76,276.86,273.58,276.04,1051028,1.0,0.0
2025-06-04,276.55,277.32,274.81,275.03,772728,1.0,0.0
2025-06-05,275.97,275.97,272.6456,274.42,871030,1.0,0.0
2025-06-06,275.48,278.07,275.19,276.48,647079,1.0,0.0
2025-06-09,276.23,278.07,273.81,277.31,789562,1.0,0.0
2025-06-10,277.73,278.85,276.17,277.37,1008350,1.0,0.0
2025-06-11,276.46,277.01,268.1,275.83,969986,1.0,0.0
2025-06-12,275.22,279.96,274.88,279.93,753684,1.0,0.0
2025-06-13,284.5,286.8,281.86,283.0,1649343,1.0,0.0
2025-06-16,283.23,283.99,278.23,279.29,927511,1.0,0.0
2025-06-17,280.08,281.8315,277.355,281.3,984518,1.0,0.0
2025-06-18,281.3,283.87,278.26,278.53,731930,1.0,0.0
2025-06-20,279.45,280.08,275.49,278.78,1518769,1.0,0.0
2025-06-23,280.08,283.38,279.6401,282.32,1205558,1.0,0.0
2025-06-24,280.53,281.97,278.23,281.05,1127373,1.0,0.0
2025-06-25,283.55,287.25,281.13,285.91,2206095,1.0,0.0
2025-06-26,287.49,292.91,286.355,291.39,1857895,1.0,0.0
2025-06-27,289.83,291.6,288.62,290.74,2268340,1.0,0.0
2025-06-30,291.57,293.14,290.645,291.66,1184183,1.0,0.0
2025-07-01,291.63,294.4,289.4,294.38,1468842,1.0,0.0
2025-07-02,294.115,294.33,290.3,293.92,1086664,1.0,0.0
2025-07-03,293.07,295.43,292.34,294.76,646635,1.0,1.5
2025-07-07,295.01,297.72,293.7201,294.65,979110,1.0,0.0
2025-07-08,296.87,301.55,295.495,296.65,1427226,1.0,0.0
2025-07-09,297.93,300.0,296.84,299.96,1134634,1.0,0.0
2025-07-10,299.93,304.22,298.9202,303.38,1362953,1.0,0.0
2025-07-11,302.905,303.367,301.21,302.2,952711,1.0,0.0
2025-07-14,302.1,305.73,301.435,304.85,1147148,1.0,0.0
2025-07-15,304.4,305.3339,300.72,300.85,1147170,1.0,0.0
2025-07-16,301.14,302.0,297.89,300.0,1142951,1.0,0.0
2025-07-17,300.0,301.5417,298.505,300.09,1227409,1.0,0.0
2025-07-18,300.6,301.51,297.77,298.98,1636211,1.0,0.0
2025-07-21,298.97,300.0,296.96,297.05,1065755,1.0,0.0
2025-07-22,295.18,298.91,293.95,297.6,1597411,1.0,0.0
2025-07-23,310.0,318.77,308.63,316.94,2415764,1.0,0.0
2025-07-24,319.0,322.5,314.0,314.24,1641529,1.0,0.0
2025-07-25,314.04,314.975,311.0001,314.02,1218178,1.0,0.0
2025-07-28,313.67,313.67,311.08,313.1,1153627,1.0,0.0
2025-07-29,316.0,316.96,313.425,314.7,1140810,1.0,0.0
2025-07-30,315.1,315.3699,310.472,312.18,1518230,1.0,0.0
2025-07-31,311.35,313.31,310.3,311.61,1647998,1.0,0.0
2025-08-01,309.65,311.35,306.0268,310.74,891169,1.0,0.0
2025-08-04,311.03,313.2,310.325,312.78,852490,1.0,0.0
2025-08-05,312.195,314.665,311.975,313.76,1017686,1.0,0.0
2025-08-06,314.98,317.0,313.0,314.99,893434,1.0,0.0
2025-08-07,314.0,314.695,309.73,312.73,954373,1.0,0.0
2025-08-08,312.98,315.81,312.82,314.13,1157316,1.0,0.0
2025-08-11,313.99,315.1,313.2,314.93,1004690,1.0,0.0
2025-08-12,314.48,315.355,312.21,314.01,1034393,1.0,0.0
2025-08-13,314.75,317.73,313.915,317.49,813511,1.0,0.0
2025-08-14,319.63,321.0,315.84,315.84,843155,1.0,0.0
2025-08-15,315.965,315.965,313.31,313.69,900721,1.0,0.0
2025-08-18,313.75,316.12,313.15,313.58,818379,1.0,0.0
2025-08-19,312.68,316.47,312.66,316.4,748586,1.0,0.0
2025-08-20,317.4,318.64,316.44,317.48,798878,1.0,0.0
2025-08-21,316.87,318.1,315.84,316.53,717462,1.0,0.0
2025-08-22,318.22,320.88,317.61,319.61,917339,1.0,0.0
2025-08-25,319.84,322.2,319.83,319.89,804081,1.0,0.0
2025-08-26,319.0,322.85,319.0,322.18,952345,1.0,0.0
2025-08-27,322.81,325.8187,322.81,325.46,847229,1.0,0.0
2025-08-28,325.52,326.025,323.13,324.91,801158,1.0,0.0
2025-08-29,325.15,326.0,323.71,324.57,670208,1.0,0.0
2025-09-02,324.38,324.875,322.02,324.39,874265,1.0,0.0
2025-09-03,324.16,324.44,321.1616,322.81,657025,1.0,0.0
2025-09-04,323.27,323.755,320.91,322.44,943865,1.0,0.0
2025-09-05,324.0,324.205,320.36,322.86,860975,1.0,0.0
2025-09-08,322.5,323.14,319.73,322.72,810345,1.0,0.0
2025-09-09,321.9,322.4,318.81,321.33,789833,1.0,0.0
2025-09-10,320.78,323.77,320.645,323.05,709159,1.0,0.0
2025-09-11,322.93,330.0,322.105,329.62,834086,1.0,0.0
2025-09-12,330.0,330.18,325.772,326.15,578818,1.0,0.0
2025-09-15,326.5,328.27,325.6801,326.98,694860,1.0,0.0
2025-09-16,327.85,329.4599,325.96,326.4,1350682,1.0,0.0
2025-09-17,326.78,328.47,324.54,325.28,1343906,1.0,0.0
2025-09-18,323.97,325.42,322.48,324.57,1096263,1.0,0.0
2025-09-19,325.36,325.715,321.92,324.08,2654675,1.0,0.0
2025-09-22,323.0,324.28,320.91,322.66,1354971,1.0,0.0
2025-09-23,322.61,325.7366,321.12,323.2,1251008,1.0,0.0
2025-09-24,321.87,325.45,321.26,323.62,1452719,1.0,0.0
2025-09-25,325.32,328.52,322.5,324.43,1014071,1.0,0.0
2025-09-26,326.43,330.63,326.21,330.34,1043599,1.0,0.0
2025-09-29,335.0,337.52,331.33,332.17,1693329,1.0,0.0
2025-09-30,332.13,341.02,332.13,341.0,1622883,1.0,0.0
2025-10-01,337.9,341.19,336.31,340.75,1162604,1.0,0.0
2025-10-02,339.56,341.68,338.0682,341.05,943173,1.0,0.0
2025-10-03,341.97,345.22,341.25,343.62,710634,1.0,0.0
2025-10-06,344.52,347.365,343.39,346.5,886010,1.0,0.0
2025-10-07,344.56,347.37,342.85,343.43,740654,1.0,0.0
2025-10-08,345.22,347.2407,343.43,346.44,774259,1.0,0.0
2025-10-09,346.28,347.315,342.23,342.77,798406,1.0,0.0
2025-10-10,340.86,342.0,332.8,332.94,927300,1.0,1.5
2025-10-13,333.1,336.7967,332.24,334.39,839500,1.0,0.0
2025-10-14,333.63,338.78,333.0,335.5,862654,1.0,0.0
2025-10-15,335.93,339.99,327.33,332.04,1018373,1.0,0.0
2025-10-16,332.44,333.38,329.51,330.59,787852,1.0,0.0
2025-10-17,328.92,332.16,328.21,331.15,916715,1.0,0.0
2025-10-20,333.0,337.9361,331.755,337.19,823620,1.0,0.0
2025-10-21,337.91,341.77,337.91,340.69,946569,1.0,0.0
2025-10-22,341.24,342.28,338.09,338.24,1171945,1.0,0.0
2025-10-23,339.56,342.7,339.25,341.5,1198935,1.0,0.0
2025-10-24,357.0,360.5,343.52,350.77,2098198,1.0,0.0
2025-10-27,353.78,355.84,346.33,353.77,1675124,1.0,0.0
2025-10-28,352.03,352.65,346.6,346.68,926792,1.0,0.0
2025-10-29,345.26,346.08,339.78,343.48,1712479,1.0,0.0
2025-10-30,344.1,349.25,343.86,344.66,1304200,1.0,0.0
2025-10-31,344.56,345.43,341.345,344.9,1520430,1.0,0.0
2025-11-03,344.0,344.05,339.44,341.87,1352621,1.0,0.0
2025-11-04,340.79,345.23,339.0001,343.47,1254771,1.0,0.0
2025-11-05,342.375,346.535,341.05,342.91,1088375,1.0,0.0
2025-11-06,343.11,344.29,339.74,340.3,899002,1.0,0.0
2025-11-07,341.81,347.15,338.815,346.34,1209005,1.0,0.0
2025-11-10,345.91,349.98,344.3401,349.49,924141,1.0,0.0
2025-11-11,349.46,353.49,348.09,352.42,670995,1.0,0.0
2025-11-12,351.9,353.74,349.38,349.45,941424,1.0,0.0
2025-11-13,349.58,350.0,342.75,344.06,975800,1.0,0.0
2025-11-14,341.83,345.592,339.1,344.25,1081538,1.0,0.0
2025-11-17,345.67,346.77,341.24,341.78,909082,1.0,0.0
2025-11-18,343.57,344.9,340.54,341.29,1208784,1.0,0.0
2025-11-19,339.27,343.38,336.29,343.06,1253644,1.0,0.0
2025-11-20,347.13,349.47,338.925,339.44,892538,1.0,0.0
2025-11-21,339.01,342.21,335.45,340.34,1358421,1.0,0.0
2025-11-24,337.19,339.93,334.35,338.13,1476497,1.0,0.0
2025-11-25,338.79,343.06,338.79,341.07,1498670,1.0,0.0
2025-11-26,341.14,342.2999,338.79,340.04,693449,1.0,0.0
2025-11-28,340.47,342.09,339.6,341.63,361448,1.0,0.0
2025-12-01,339.63,340.305,332.08,332.38,1193749,1.0,0.0
2025-12-02,334.34,337.41,332.9,335.8,980184,1.0,0.0
2025-12-03,336.75,338.48,333.53,338.08,985276,1.0,0.0
2025-12-04,338.19,342.83,338.19,341.7,1412697,1.0,0.0
2025-12-05,341.01,341.5,333.99,337.31,1317905,1.0,0.0
2025-12-08,337.95,339.05,334.3541,336.01,1233980,1.0,0.0
2025-12-09,335.97,339.15,333.62,334.27,1033413,1.0,0.0
2025-12-10,333.74,344.94,333.5265,342.23,1654529,1.0,0.0
2025-12-11,342.36,344.53,340.12,341.48,1326207,1.0,0.0
2025-12-12,340.86,341.95,336.73,337.49,1226933,1.0,0.0
2025-12-15,338.32,341.215,337.37,340.69,1382490,1.0,0.0
2025-12-16,342.4,342.52,334.72,337.49,966276,1.0,0.0
2025-12-17,336.405,339.53,333.05,336.41,1003731,1.0,0.0
2025-12-18,337.22,340.43,336.4405,337.34,992663,1.0,0.0
2025-12-19,337.87,341.4199,337.0001,339.36,2663527,1.0,0.0
2025-12-22,338.87,345.67,337.44,345.19,1197943,1.0,0.0
2025-12-23,345.67,347.44,343.18,343.84,1246803,1.0,0.0
2025-12-24,343.53,346.27,343.51,345.39,314048,1.0,0.0
2025-12-26,344.87,346.07,341.43,342.2,464560,1.0,0.0
2025-12-29,341.94,343.73,340.35,340.48,783425,1.0,0.0
2025-12-30,340.38,341.0,339.21,339.47,662612,1.0,0.0
2025-12-31,340.07,340.99,336.48,336.66,522858,1.0,0.0
2026-01-02,336.54,343.47,334.28,343.4,972213,1.0,0.0
2026-01-05,347.92,356.32,346.03,355.56,1912240,1.0,0.0
2026-01-06,357.89,361.94,356.97,360.71,1387582,1.0,0.0
2026-01-07,362.0,363.0,345.34,345.64,2049821,1.0,0.0
2026-01-08,356.77,367.655,350.62,351.44,2630171,1.0,0.0
2026-01-09,352.94,356.75,351.65,353.89,2019790,1.0,0.0
2026-01-12,356.35,361.095,354.2901,360.94,1548089,1.0,0.0
2026-01-13,365.11,366.13,359.985,363.3,1247522,1.0,0.0
2026-01-14,361.88,366.01,359.67,366.0,1167200,1.0,0.0
2026-01-15,365.27,368.78,360.1301,368.69,1503485,1.0,0.0
2026-01-16,367.27,369.7,365.4201,367.38,1904171,1.0,1.5
2026-01-20,366.25,369.0,358.52,359.17,1692121,1.0,0.0
2026-01-21,360.18,367.01,359.75,364.78,1076154,1.0,0.0
2026-01-22,364.81,366.99,362.63,365.83,869636,1.0,0.0
2026-01-23,366.59,369.0,361.76,363.27,1181620,1.0,0.0
2026-01-26,363.31,364.67,360.0,363.54,1485543,1.0,0.0
2026-01-27,364.5,367.97,362.1,366.62,1334805,1.0,0.0
2026-01-28,351.79,359.6699,343.8,356.68,2327222,1.0,0.0
2026-01-29,353.96,359.0751,346.56,349.95,1766877,1.0,0.0
2026-01-30,347.25,353.28,347.16,351.09,2058331,1.0,0.0
2026-02-02,349.29,350.52,344.02,346.37,1571645,1.0,0.0
2026-02-03,349.08,355.8,346.9751,355.31,1818822,1.0,0.0
2026-02-04,355.56,357.23,346.805,353.37,1647586,1.0,0.0
2026-02-05,350.6,356.63,347.81,352.05,1215525,1.0,0.0
2026-02-06,354.55,361.65,354.015,360.07,1095981,1.0,0.0
2026-02-09,360.4,363.37,359.6,360.1,807476,1.0,0.0
2026-02-10,361.49,361.5,356.28,358.83,694273,1.0,0.0
2026-02-11,361.09,361.4199,345.12,346.34,1952453,1.0,0.0
2026-02-12,348.72,352.54,340.36,340.75,2063606,1.0,0.0
2026-02-13,341.97,349.435,341.66,347.64,1533713,1.0,0.0
2026-02-17,346.97,350.0,340.09,342.52,1699876,1.0,0.0
2026-02-18,344.86,349.55,343.68,349.49,1232448,1.0,0.0
2026-02-19,348.12,356.39,348.12,354.34,918410,1.0,0.0
2026-02-20,354.21,354.65,348.69,351.42,894550,1.0,0.0
2026-02-23,352.35,354.0,348.29,348.98,859032,1.0,0.0
2026-02-24,347.98,353.04,346.0,351.18,682195,1.0,0.0
2026-02-25,352.04,352.8999,337.32,343.14,1281899,1.0,0.0
2026-02-26,344.48,350.75,341.765,350.72,1005763,1.0,0.0
2026-02-27,351.12,357.79,348.88,357.05,1201743,1.0,0.0
2026-03-02,362.43,366.065,359.155,364.78,1508302,1.0,0.0
2026-03-03,363.09,366.5,358.2081,364.7,1850312,1.0,0.0
2026-03-04,366.0,366.75,359.28,366.12,1262954,1.0,0.0
2026-03-05,364.51,366.11,354.54,360.7,1439851,1.0,0.0
2026-03-06,360.22,364.4,354.52,363.49,1161765,1.0,0.0
2026-03-09,362.53,364.0,355.58,361.98,1444868,1.0,0.0
2026-03-10,359.84,361.36,354.6943,355.59,973189,1.0,0.0
2026-03-11,352.91,356.0,351.18,353.85,992374,1.0,0.0
2026-03-12,349.57,357.55,349.0,355.23,1227794,1.0,0.0
2026-03-13,357.46,359.82,350.405,351.52,985604,1.0,0.0
2026-03-16,353.05,357.23,351.405,354.36,1185659,1.0,0.0
2026-03-17,354.755,356.789,352.28,356.29,1017568,1.0,0.0
2026-03-18,357.18,358.6038,353.36,353.36,1382215,1.0,0.0
2026-03-19,350.0,352.01,343.585,349.63,1029868,1.0,0.0
2026-03-20,349.01,352.0499,343.08,345.78,2894137,1.0,0.0
2026-03-23,350.55,351.485,342.82,347.37,1109146,1.0,0.0
2026-03-24,344.24,348.42,343.7849,346.23,1145138,1.0,0.0
2026-03-25,349.56,354.1,347.75,352.5,1702644,1.0,0.0
2026-03-26,351.95,356.42,351.725,355.28,1446726,1.0,0.0
2026-03-27,353.72,355.666,345.681,346.76,1505704,1.0,0.0
2026-03-30,350.7,352.245,337.81,340.79,1561691,1.0,0.0
2026-03-31,344.63,348.706,340.19,343.22,1806741,1.0,0.0
2026-04-01,346.81,353.03,345.1,350.53,1118151,1.0,0.0
2026-04-02,347.5,352.9,347.05,349.09,1103160,1.0,0.0
2026-04-06,348.41,351.84,346.19,351.39,769005,1.0,0.0
2026-04-07,349.47,350.97,345.93,348.43,674995,1.0,0.0
2026-04-08,346.86,350.34,343.0,350.02,1462266,1.0,0.0
2026-04-09,348.17,350.43,343.52,343.9,1400295,1.0,0.0
2026-04-10,342.31,342.98,332.76,335.15,1695479,1.0,1.59
2026-04-13,336.59,341.38,336.25,340.76,1622889,1.0,0.0
2026-04-14,340.65,340.65,337.65,339.88,1154140,1.0,0.0
2026-04-15,340.54,341.89,337.09,338.88,1305217,1.0,0.0
2026-04-16,340.0,341.3,331.92,334.92,1540216,1.0,0.0
2026-04-17,334.81,338.5899,334.0201,336.29,1309785,1.0,0.0
2026-04-20,335.45,337.08,331.3101,332.14,1026655,1.0,0.0
2026-04-21,330.47,331.05,323.97,325.52,1636447,1.0,0.0
2026-04-22,327.45,328.78,317.65,320.74,1578021,1.0,0.0
2026-04-23,321.345,322.945,315.54,318.71,1632929,1.0,0.0
2026-04-24,316.64,317.09,310.61,313.21,1301153,1.0,0.0
2026-04-27,313.43,318.83,312.03,312.53,1412299,1.0,0.0
2026-04-28,313.94,314.75,306.77,313.68,2169746,1.0,0.0
2026-04-29,338.08,349.61,333.91,338.73,3587749,1.0,0.0
2026-04-30,340.155,345.25,338.56,344.3,2029994,1.0,0.0
2026-05-01,345.48,347.04,341.525,345.84,1480903,1.0,0.0
2026-05-04,344.14,353.57,343.04,349.08,1640517,1.0,0.0
2026-05-05,351.09,351.41,344.375,349.16,1163105,1.0,0.0
2026-05-06,349.71,350.05,344.065,347.27,1566651,1.0,0.0
2026-05-07,347.25,348.9999,344.28,347.76,1361446,1.0,0.0
2026-05-08,347.65,348.85,344.01,346.53,1558411,1.0,0.0
2026-05-11,345.24,348.61,341.81,344.03,1895597,1.0,0.0
2026-05-12,343.55,348.01,342.75,346.46,1089754,1.0,0.0
2026-05-13,343.94,343.94,339.98,341.36,898326,1.0,0.0
2026-05-14,340.87,343.989,339.17,340.62,960584,1.0,0.0
2026-05-15,339.88,341.91,333.29,334.5,1236467,1.0,0.0
2026-05-18,335.06,343.46,334.01,343.11,984750,1.0,0.0
2026-05-19,343.09,343.22,339.12,340.14,748098,1.0,0.0
2026-05-20,341.2,342.88,337.46,339.75,771887,1.0,0.0
2026-05-21,338.0,339.97,334.66,338.71,612069,1.0,0.0
2026-05-22,341.14,344.47,338.51,342.89,689531,1.0,0.0
2026-05-26,345.04,345.27,341.322467,344.64,1270334,1.0,0.0
2026-05-27,344.36,344.9,341.71,342.69,752649,1.0,0.0
2026-05-28,345.89,351.36,342.5038,348.96,1099003,1.0,0.0
2026-05-29,348.56,349.52,345.45,346.82,1245735,1.0,0.0
2026-06-01,343.35,344.32,338.17,339.2,854598,1.0,0.0
2026-06-02,336.38,340.29,335.775,337.61,961782,1.0,0.0
2026-06-03,335.71,341.97,335.02,337.04,878935,1.0,0.0
2026-06-04,340.38,343.9,340.12,341.5,1394860,1.0,0.0
2026-06-05,343.14,347.32,342.75,346.44,1192313,1.0,0.0
2026-06-08,345.34,347.19,339.27,340.86,876198,1.0,0.0
2026-06-09,340.87,346.75,340.87,345.68,1423403,1.0,0.0
2026-06-10,349.0,349.0,341.0,341.07,761375,1.0,0.0
2026-06-11,348.81,363.83,346.19,358.86,1709151,1.0,0.0
2026-06-12,360.85,363.395,356.15,360.22,988093,1.0,0.0
2026-06-15,360.6,362.5,357.21,359.53,1586017,1.0,0.0
2026-06-16,361.15,365.42,359.25,364.11,1128079,1.0,0.0
2026-06-17,361.34,366.795,361.2,362.83,1341049,1.0,0.0
2026-06-18,365.26,367.0,348.83,350.01,4242261,1.0,0.0
