date,open,high,low,close,volume,splitfactor,divcash
2000-01-03,58.81,59.44,55.0,55.75,2023400,1.0,0.0
2000-01-04,55.0,55.06,51.38,52.75,1955500,1.0,0.0
2000-01-05,52.63,53.94,51.75,52.88,1230300,1.0,0.0
2000-01-06,52.0,54.0,51.88,52.56,1129900,1.0,0.0
2000-01-07,52.94,54.44,52.75,53.75,917100,1.0,0.0
2000-01-10,54.0,55.5,53.81,55.38,1121400,1.0,0.0
2000-01-11,54.63,55.75,53.44,53.88,1047900,1.0,0.0
2000-01-12,53.81,54.19,51.75,52.94,2261100,1.0,0.035
2000-01-13,53.0,53.0,52.0,52.38,1307000,1.0,0.0
2000-01-14,53.0,54.88,52.88,54.13,2269700,1.0,0.0
2000-01-18,54.75,54.75,52.88,53.25,1155300,1.0,0.0
2000-01-19,53.5,53.69,52.75,52.88,1125700,1.0,0.0
2000-01-20,52.88,52.94,49.0,50.75,2999300,1.0,0.0
2000-01-21,50.63,50.69,46.69,47.38,3900000,1.0,0.0
2000-01-24,47.5,48.88,46.19,46.75,2165000,1.0,0.0
2000-01-25,47.0,47.19,45.0,46.0,2283400,1.0,0.0
2000-01-26,45.75,47.0,44.25,46.63,2747900,1.0,0.0
2000-01-27,46.75,46.94,45.06,45.81,2376700,1.0,0.0
2000-01-28,45.63,45.69,43.31,44.56,1738300,1.0,0.0
2000-01-31,44.69,45.31,43.06,44.63,2493500,1.0,0.0
2000-02-01,44.88,47.5,44.88,47.06,2948000,1.0,0.0
2000-02-02,46.63,48.25,45.81,47.25,2657100,1.0,0.0
2000-02-03,47.5,48.25,46.5,47.13,1493600,1.0,0.0
2000-02-04,47.06,48.81,47.06,48.38,2500200,1.0,0.0
2000-02-07,47.63,47.63,46.69,46.94,1766900,1.0,0.0
2000-02-08,47.0,48.75,45.19,48.44,1683800,1.0,0.0
2000-02-09,48.44,48.44,46.06,46.38,1239200,1.0,0.0
2000-02-10,46.25,46.31,45.19,46.06,948500,1.0,0.0
2000-02-11,46.13,47.0,45.94,46.0,834600,1.0,0.0
2000-02-14,46.06,47.31,45.63,46.81,1009000,1.0,0.0
2000-02-15,46.56,46.75,45.63,46.0,1385000,1.0,0.0
2000-02-16,45.5,45.69,43.44,43.75,1611300,1.0,0.0
2000-02-17,45.19,45.19,41.19,42.5,2781500,1.0,0.0
2000-02-18,42.56,44.44,42.5,43.5,2881900,1.0,0.0
2000-02-22,44.13,45.19,42.25,43.06,2502900,1.0,0.0
2000-02-23,42.75,43.13,41.0,42.56,2322000,1.0,0.0
2000-02-24,43.56,43.56,40.75,40.75,1812000,1.0,0.0
2000-02-25,42.5,42.88,41.38,41.75,1799600,1.0,0.0
2000-02-28,42.38,46.25,41.75,45.69,2595700,1.0,0.0
2000-02-29,47.63,47.94,46.25,47.81,2425100,1.0,0.0
2000-03-01,48.5,48.56,45.63,47.81,2506200,1.0,0.0
2000-03-02,46.88,47.19,45.75,46.0,1469400,1.0,0.0
2000-03-03,46.5,47.44,46.38,47.0,1961000,1.0,0.0
2000-03-06,47.5,47.5,44.5,45.0,1556400,1.0,0.0
2000-03-07,45.5,45.56,41.06,41.63,3415100,1.0,0.0
2000-03-08,42.44,44.81,41.94,43.88,2076800,1.0,0.0
2000-03-09,43.88,47.0,43.31,46.44,1511300,1.0,0.0
2000-03-10,46.38,47.13,45.0,45.0,818100,1.0,0.0
2000-03-13,43.0,44.38,43.0,43.5,1270500,1.0,0.0
2000-03-14,43.75,43.75,42.13,42.38,4197800,1.0,0.0
2000-03-15,42.5,45.5,41.88,45.31,2181800,1.0,0.0
2000-03-16,46.19,50.13,46.06,50.06,3745400,1.0,0.0
2000-03-17,50.06,51.81,49.13,51.44,2838100,1.0,0.0
2000-03-20,50.25,51.19,49.0,50.56,1488700,1.0,0.0
2000-03-21,50.56,52.06,50.13,50.88,1692000,1.0,0.0
2000-03-22,50.88,51.38,49.44,50.44,1443200,1.0,0.0
2000-03-23,50.38,52.69,49.94,52.56,1637900,1.0,0.0
2000-03-24,52.56,54.5,52.06,53.75,1625400,1.0,0.0
2000-03-27,52.81,53.81,52.75,53.44,1211600,1.0,0.0
2000-03-28,52.81,54.44,52.81,53.5,1223800,1.0,0.0
2000-03-29,53.38,55.13,53.06,55.06,2184100,1.0,0.0
2000-03-30,54.88,58.06,54.63,58.0,2606000,1.0,0.0
2000-03-31,59.88,59.88,57.31,58.38,2165600,1.0,0.0
2000-04-03,58.44,60.63,58.44,60.5,2433300,1.0,0.0
2000-04-04,59.63,60.06,56.44,59.69,2656800,1.0,0.0
2000-04-05,59.0,59.69,57.56,59.63,1692500,1.0,0.0
2000-04-06,59.0,60.31,57.75,60.06,1455300,1.0,0.0
2000-04-07,60.13,60.88,58.69,60.63,1746200,1.0,0.0
2000-04-10,60.5,61.75,60.0,61.44,1535500,1.0,0.0
2000-04-11,60.06,61.0,59.25,60.88,1366700,1.0,0.0
2000-04-12,62.13,67.25,62.06,63.5,4547500,1.0,0.035
2000-04-13,63.5,63.63,58.5,59.5,3511800,1.0,0.0
2000-04-14,58.5,58.5,55.06,56.73,2132200,1.0,0.0
2000-04-17,55.0,55.0,52.5,54.44,2130700,1.0,0.0
2000-04-18,53.44,55.69,52.56,55.02,2058900,1.0,0.0
2000-04-19,54.88,55.75,53.88,54.81,1035700,1.0,0.0
2000-04-20,54.56,55.38,54.25,55.31,1214600,1.0,0.0
2000-04-24,56.0,58.5,55.5,56.5,1488600,1.0,0.0
2000-04-25,55.5,55.5,54.13,54.75,2674400,1.0,0.0
2000-04-26,54.63,55.75,54.25,54.44,3544200,1.0,0.0
2000-04-27,53.5,53.69,52.44,53.44,2700100,1.0,0.0
2000-04-28,52.75,52.88,49.5,49.5,3380200,1.0,0.0
2000-05-01,50.0,52.38,49.13,52.0,2463800,1.0,0.0
2000-05-02,52.25,52.69,50.19,50.88,1511200,1.0,0.0
2000-05-03,49.25,49.38,46.81,48.0,2864400,1.0,0.0
2000-05-04,48.5,48.63,47.0,47.38,2032600,1.0,0.0
2000-05-05,47.06,48.06,47.06,47.81,1379900,1.0,0.0
2000-05-08,47.44,49.5,47.06,49.06,1390900,1.0,0.0
2000-05-09,49.5,50.5,48.81,49.25,1902300,1.0,0.0
2000-05-10,49.31,49.94,48.25,48.5,1338900,1.0,0.0
2000-05-11,48.94,48.94,48.13,48.69,1124800,1.0,0.0
2000-05-12,48.94,49.0,47.5,47.96,1695300,1.0,0.0
2000-05-15,49.13,50.81,48.88,50.69,2432500,1.0,0.0
2000-05-16,50.63,51.44,49.0,49.75,2114000,1.0,0.0
2000-05-17,49.5,49.75,47.06,48.25,1621500,1.0,0.0
2000-05-18,47.94,49.75,47.94,49.0,1749400,1.0,0.0
2000-05-19,48.25,49.06,47.81,48.13,1866500,1.0,0.0
2000-05-22,48.5,48.88,47.13,48.88,1738000,1.0,0.0
2000-05-23,48.94,49.63,48.0,48.31,1402100,1.0,0.0
2000-05-24,48.44,48.44,43.94,45.81,2744000,1.0,0.0
2000-05-25,46.13,47.44,46.06,46.75,2185700,1.0,0.0
2000-05-26,47.0,47.13,45.31,45.75,1231400,1.0,0.0
2000-05-30,46.13,47.44,45.5,47.0,1015200,1.0,0.0
2000-05-31,46.75,47.31,46.56,46.88,1136300,1.0,0.0
2000-06-01,46.69,47.94,46.5,47.94,1313400,1.0,0.0
2000-06-02,50.25,51.38,50.13,50.75,2265600,1.0,0.0
2000-06-05,50.88,50.88,48.75,49.75,1490800,1.0,0.0
2000-06-06,48.5,48.75,46.69,47.13,1751200,1.0,0.0
2000-06-07,46.88,47.0,44.75,45.19,2290000,1.0,0.0
2000-06-08,45.19,45.19,43.63,43.75,3007800,1.0,0.0
2000-06-09,44.31,44.75,42.81,43.38,1596800,1.0,0.0
2000-06-12,42.5,42.56,41.69,42.13,2067600,1.0,0.0
2000-06-13,42.13,45.31,41.88,44.5,3416700,1.0,0.0
2000-06-14,44.5,44.75,43.81,44.63,1975800,1.0,0.0
2000-06-15,44.75,44.88,43.88,44.0,1993300,1.0,0.0
2000-06-16,44.0,44.0,42.56,43.0,1887600,1.0,0.0
2000-06-19,43.0,43.0,41.5,41.94,1815000,1.0,0.0
2000-06-20,42.5,42.5,40.63,40.94,2346700,1.0,0.0
2000-06-21,41.0,42.25,41.0,41.5,1318000,1.0,0.0
2000-06-22,42.5,43.0,41.88,42.13,2119300,1.0,0.0
2000-06-23,42.06,42.88,41.25,42.13,1354400,1.0,0.0
2000-06-26,41.88,42.38,41.56,41.63,3525100,1.0,0.0
2000-06-27,41.88,43.44,41.75,42.69,4836500,1.0,0.0
2000-06-28,42.5,42.63,41.19,42.5,2938000,1.0,0.0
2000-06-29,42.5,42.5,41.06,41.25,2019100,1.0,0.0
2000-06-30,40.94,41.19,40.38,41.06,2931800,1.0,0.0
2000-07-03,41.0,41.63,40.5,41.25,1798300,1.0,0.0
2000-07-05,41.0,42.88,41.0,41.94,1668700,1.0,0.0
2000-07-06,41.63,42.63,41.63,41.94,1952100,1.0,0.0
2000-07-07,42.75,46.06,42.38,45.5,3288300,1.0,0.0
2000-07-10,45.38,48.25,45.06,46.75,3243800,1.0,0.0
2000-07-11,46.81,48.13,46.81,47.88,1911000,1.0,0.0
2000-07-12,48.13,48.44,47.25,47.88,1400100,1.0,0.035
2000-07-13,47.94,48.0,46.88,47.5,1496200,1.0,0.0
2000-07-14,47.69,48.13,47.31,47.88,972300,1.0,0.0
2000-07-17,47.0,48.19,46.69,48.0,1974000,1.0,0.0
2000-07-18,48.06,48.44,47.63,48.13,840400,1.0,0.0
2000-07-19,48.13,48.19,46.5,46.81,1231800,1.0,0.0
2000-07-20,46.88,47.19,46.06,46.25,1082400,1.0,0.0
2000-07-21,45.06,45.81,44.81,45.13,1634200,1.0,0.0
2000-07-24,45.0,45.06,43.31,43.5,1206300,1.0,0.0
2000-07-25,44.5,44.69,43.06,44.5,2131400,1.0,0.0
2000-07-26,44.25,44.75,43.94,44.06,1963500,1.0,0.0
2000-07-27,44.31,45.0,43.63,43.94,1216700,1.0,0.0
2000-07-28,43.75,43.94,41.81,42.25,2057300,1.0,0.0
2000-07-31,43.13,43.13,41.81,42.13,2226600,1.0,0.0
2000-08-01,42.75,42.88,41.75,42.88,1327900,1.0,0.0
2000-08-02,42.69,43.94,42.5,43.0,1496800,1.0,0.0
2000-08-03,42.5,43.25,41.63,42.25,1183000,1.0,0.0
2000-08-04,42.25,42.75,41.81,42.56,2036000,1.0,0.0
2000-08-07,43.0,45.19,42.44,45.0,1984500,1.0,0.0
2000-08-08,44.88,47.19,44.5,45.75,2341700,1.0,0.0
2000-08-09,45.69,45.69,43.88,44.88,2435500,1.0,0.0
2000-08-10,44.5,44.88,43.5,43.5,2834400,1.0,0.0
2000-08-11,43.69,44.25,43.38,44.0,2176200,1.0,0.0
2000-08-14,44.63,47.13,44.13,46.81,2663400,1.0,0.0
2000-08-15,44.94,46.69,44.94,46.5,3040800,1.0,0.0
2000-08-16,46.13,46.13,44.13,44.63,1773400,1.0,0.0
2000-08-17,45.88,46.88,45.5,46.5,1960100,1.0,0.0
2000-08-18,45.88,46.94,45.81,46.69,909600,1.0,0.0
2000-08-21,46.56,46.94,45.38,46.06,2852300,1.0,0.0
2000-08-22,46.06,46.94,46.0,46.5,3283600,1.0,0.0
2000-08-23,46.69,48.88,46.5,48.44,2730800,1.0,0.0
2000-08-24,48.5,49.5,47.69,49.19,1999500,1.0,0.0
2000-08-25,49.13,49.38,48.38,49.38,975700,1.0,0.0
2000-08-28,49.38,49.56,48.5,48.63,1014400,1.0,0.0
2000-08-29,48.56,48.56,47.56,48.19,914800,1.0,0.0
2000-08-30,48.19,48.25,46.94,46.94,1280000,1.0,0.0
2000-08-31,46.38,46.5,44.0,44.83,2987500,1.0,0.0
2000-09-01,44.94,46.88,44.94,46.81,1076900,1.0,0.0
2000-09-05,46.81,47.94,46.69,47.25,1818900,1.0,0.0
2000-09-06,47.06,48.56,47.06,47.63,2329000,1.0,0.0
2000-09-07,47.69,48.13,47.0,47.06,1379200,1.0,0.0
2000-09-08,47.94,51.88,47.88,51.88,3462400,1.0,0.0
2000-09-11,51.13,52.44,50.94,51.75,1794600,1.0,0.0
2000-09-12,51.44,54.5,51.25,53.75,2172300,1.0,0.0
2000-09-13,53.25,53.25,49.81,50.5,6344700,1.0,0.0
2000-09-14,50.13,50.19,48.25,48.56,2804400,1.0,0.0
2000-09-15,48.63,49.5,47.81,48.19,2121800,1.0,0.0
2000-09-18,48.19,49.31,47.5,48.81,2149100,1.0,0.0
2000-09-19,49.06,49.44,46.88,47.44,1970900,1.0,0.0
2000-09-20,47.19,47.88,46.81,47.56,1338100,1.0,0.0
2000-09-21,47.31,50.25,47.31,49.75,1743100,1.0,0.0
2000-09-22,50.0,50.75,49.31,50.75,1814500,1.0,0.0
2000-09-25,50.88,50.94,48.69,49.0,1251500,1.0,0.0
2000-09-26,49.0,49.0,46.81,47.13,1902400,1.0,0.0
2000-09-27,47.81,47.94,46.63,47.0,2978600,1.0,0.0
2000-09-28,47.0,47.13,45.88,46.25,1657100,1.0,0.0
2000-09-29,45.94,46.06,44.75,44.88,2833800,1.0,0.0
2000-10-02,44.25,45.56,44.13,44.63,2161800,1.0,0.0
2000-10-03,43.0,43.94,42.38,42.63,4447200,1.0,0.0
2000-10-04,43.0,44.19,42.88,43.0,3575000,1.0,0.0
2000-10-05,42.13,42.44,41.38,42.13,3228300,1.0,0.0
2000-10-06,40.0,41.31,39.56,40.81,5310400,1.0,0.0
2000-10-09,40.81,42.5,40.56,42.0,2032100,1.0,0.0
2000-10-10,42.0,42.19,41.31,42.13,1779700,1.0,0.0
2000-10-11,41.75,42.25,40.44,41.06,3302600,1.0,0.035
2000-10-12,37.13,38.81,34.25,37.81,9668600,1.0,0.0
2000-10-13,37.75,39.69,37.5,38.81,3093900,1.0,0.0
2000-10-16,38.88,39.75,37.94,39.25,2178700,1.0,0.0
2000-10-17,39.25,39.63,37.25,37.44,2300200,1.0,0.0
2000-10-18,36.88,39.88,36.38,39.81,2469200,1.0,0.0
2000-10-19,40.81,41.88,40.56,41.13,1949600,1.0,0.0
2000-10-20,41.0,42.19,40.88,41.13,1350600,1.0,0.0
2000-10-23,41.13,42.06,40.38,41.75,1872700,1.0,0.0
2000-10-24,42.38,42.69,41.56,42.0,1154900,1.0,0.0
2000-10-25,41.75,41.88,40.44,40.5,1190600,1.0,0.0
2000-10-26,40.88,41.69,40.5,40.94,1186900,1.0,0.0
2000-10-27,40.5,41.88,40.38,41.88,1363800,1.0,0.0
2000-10-30,42.0,44.13,42.0,43.31,1486700,1.0,0.0
2000-10-31,43.13,45.94,43.13,45.69,1497900,1.0,0.0
2000-11-01,46.5,46.75,45.69,46.13,2049700,1.0,0.0
2000-11-02,45.94,46.06,44.69,45.94,2038100,1.0,0.0
2000-11-03,45.69,45.75,44.31,44.56,1220700,1.0,0.0
2000-11-06,45.13,45.25,44.31,44.69,1478400,1.0,0.0
2000-11-07,44.69,45.06,43.81,44.31,1093800,1.0,0.0
2000-11-08,45.19,46.63,44.75,45.81,1679900,1.0,0.0
2000-11-09,44.25,44.25,40.88,42.25,2698800,1.0,0.0
2000-11-10,41.88,41.88,39.69,39.94,2622100,1.0,0.0
2000-11-13,39.19,41.88,38.31,40.0,4008500,1.0,0.0
2000-11-14,41.38,42.94,41.38,41.81,2480700,1.0,0.0
2000-11-15,41.56,41.75,39.63,40.0,2341900,1.0,0.0
2000-11-16,40.0,40.5,39.75,39.75,1388300,1.0,0.0
2000-11-17,39.94,40.94,39.81,40.81,2427100,1.0,0.0
2000-11-20,40.5,40.75,39.94,40.0,2988300,1.0,0.0
2000-11-21,40.13,40.19,38.88,39.5,2120100,1.0,0.0
2000-11-22,39.31,39.63,38.81,38.94,1650900,1.0,0.0
2000-11-24,38.94,39.25,38.88,39.06,346500,1.0,0.0
2000-11-27,39.25,41.0,39.25,39.88,1788800,1.0,0.0
2000-11-28,40.0,41.69,39.94,41.06,2947900,1.0,0.0
2000-11-29,41.06,41.06,40.25,40.94,3097600,1.0,0.0
2000-11-30,40.5,40.5,39.19,40.06,2885100,1.0,0.0
2000-12-01,39.5,39.94,38.88,38.88,1544000,1.0,0.0
2000-12-04,38.88,40.69,38.69,40.44,2444000,1.0,0.0
2000-12-05,38.5,43.69,38.5,43.19,3227100,1.0,0.0
2000-12-06,43.13,44.0,40.44,40.69,3019500,1.0,0.0
2000-12-07,40.69,40.69,39.56,39.94,2182400,1.0,0.0
2000-12-08,40.0,40.5,39.56,39.88,2202000,1.0,0.0
2000-12-11,38.25,42.0,37.75,41.81,5507200,1.0,0.0
2000-12-12,41.81,43.25,41.25,42.56,2838100,1.0,0.0
2000-12-13,42.88,43.25,42.06,42.25,1970900,1.0,0.0
2000-12-14,42.25,42.56,41.38,41.88,2033300,1.0,0.0
2000-12-15,41.0,41.75,40.13,41.06,2344400,1.0,0.0
2000-12-18,42.5,42.5,41.81,42.44,1867500,1.0,0.0
2000-12-19,41.63,43.06,41.06,41.06,2294100,1.0,0.0
2000-12-20,40.25,41.25,39.81,40.25,2611300,1.0,0.0
2000-12-21,40.13,42.38,40.0,41.81,2507200,1.0,0.0
2000-12-22,41.94,42.75,40.94,41.5,1967400,1.0,0.0
2000-12-26,41.5,41.56,40.0,40.81,1460700,1.0,0.0
2000-12-27,40.81,42.19,40.31,42.0,2222000,1.0,0.0
2000-12-28,42.0,43.0,41.56,42.69,1594800,1.0,0.0
2000-12-29,43.06,45.81,42.56,44.5,2337200,1.0,0.0
2001-01-02,45.13,45.38,44.5,44.75,1435800,1.0,0.0
2001-01-03,44.63,53.0,44.63,53.0,4899000,1.0,0.0
2001-01-04,51.63,55.5,51.13,53.63,7664700,1.0,0.0
2001-01-05,53.06,53.13,50.94,51.81,2934800,1.0,0.0
2001-01-08,51.81,51.81,48.38,49.38,2901100,1.0,0.0
2001-01-09,49.31,49.88,47.5,48.5,2116900,1.0,0.0
2001-01-10,47.13,50.5,47.13,50.38,2548200,1.0,0.0
2001-01-11,50.25,51.06,49.19,49.94,2475100,1.0,0.0
2001-01-12,49.94,50.56,49.75,50.38,1513700,1.0,0.0
2001-01-16,49.25,49.75,48.06,49.5,2975100,1.0,0.0
2001-01-17,49.44,49.44,48.06,48.13,1959100,1.0,0.035
2001-01-18,48.06,48.06,46.06,46.13,3463300,1.0,0.0
2001-01-19,46.0,46.0,43.75,44.38,4479800,1.0,0.0
2001-01-22,45.63,47.06,45.25,45.94,2995100,1.0,0.0
2001-01-23,46.38,47.88,45.75,47.88,1644400,1.0,0.0
2001-01-24,48.0,48.0,46.69,47.31,1713400,1.0,0.0
2001-01-25,47.5,49.44,46.63,48.44,1655200,1.0,0.0
2001-01-26,49.31,49.31,47.88,48.81,1766700,1.0,0.0
2001-01-29,49.29,50.05,49.18,49.8,1156500,1.0,0.0
2001-01-30,50.5,50.95,49.27,50.78,2262700,1.0,0.0
2001-01-31,51.45,54.02,51.36,53.45,4698700,1.0,0.0
2001-02-01,53.45,54.98,52.05,54.5,4223900,1.0,0.0
2001-02-02,54.6,54.84,53.7,53.84,3843300,1.0,0.0
2001-02-05,53.65,53.66,52.5,53.1,3530500,1.0,0.0
2001-02-06,53.1,53.64,52.25,52.28,2896100,1.0,0.0
2001-02-07,52.03,52.75,51.8,52.19,2493400,1.0,0.0
2001-02-08,52.3,52.35,49.57,50.0,2886000,1.0,0.0
2001-02-09,52.25,54.6,52.25,53.51,5748500,1.0,0.0
2001-02-12,52.5,54.05,52.26,54.0,5344600,1.0,0.0
2001-02-13,54.0,56.5,53.09,56.25,6100300,1.0,0.0
2001-02-14,56.25,58.0,56.08,56.41,5661300,1.0,0.0
2001-02-15,57.6,57.99,56.13,56.89,4542000,1.0,0.0
2001-02-16,56.5,57.08,55.4,56.5,5417000,1.0,0.0
2001-02-20,56.75,59.42,56.7,58.3,4520300,1.0,0.0
2001-02-21,57.6,57.93,54.26,54.31,3708700,1.0,0.0
2001-02-22,54.45,54.5,53.15,54.14,2277900,1.0,0.0
2001-02-23,54.14,55.09,53.02,54.58,3503800,1.0,0.0
2001-02-26,57.0,59.55,56.7,58.91,5864500,1.0,0.0
2001-02-27,58.25,58.9,57.17,57.5,4874100,1.0,0.0
2001-02-28,57.3,58.0,55.0,55.88,2641900,1.0,0.0
2001-03-01,56.23,56.39,53.2,55.01,2640300,1.0,0.0
2001-03-02,54.2,57.4,53.66,57.1,2458700,1.0,0.0
2001-03-05,57.1,58.45,56.8,57.15,3049300,1.0,0.0
2001-03-06,57.8,59.54,57.65,58.9,2939100,1.0,0.0
2001-03-07,59.9,62.5,59.85,62.29,4926700,1.0,0.0
2001-03-08,62.25,64.6,61.89,61.91,6556600,1.0,0.0
2001-03-09,61.66,62.95,60.0,62.47,3589000,1.0,0.0
2001-03-12,62.0,62.01,59.44,59.64,3457200,1.0,0.0
2001-03-13,60.0,60.4,57.83,59.61,3589100,1.0,0.0
2001-03-14,57.55,59.3,57.55,58.72,3097000,1.0,0.0
2001-03-15,59.65,61.5,59.65,60.7,3656100,1.0,0.0
2001-03-16,60.25,60.95,59.1,60.02,3238800,1.0,0.0
2001-03-19,60.15,61.5,59.59,61.25,2633300,1.0,0.0
2001-03-20,61.7,64.1,61.65,62.37,4558000,1.0,0.0
2001-03-21,62.37,62.9,60.99,62.05,4517900,1.0,0.0
2001-03-22,61.5,61.5,55.24,57.63,6004100,1.0,0.0
2001-03-23,57.62,57.62,55.2,55.9,4424400,1.0,0.0
2001-03-26,57.4,57.4,56.25,56.9,3734100,1.0,0.0
2001-03-27,56.91,59.02,55.65,58.6,5012500,1.0,0.0
2001-03-28,57.75,58.39,57.12,57.49,3297900,1.0,0.0
2001-03-29,56.51,58.9,55.3,58.65,3808600,1.0,0.0
2001-03-30,59.0,59.6,57.82,58.45,3423400,1.0,0.0
2001-04-02,57.85,57.95,56.51,57.44,2944600,1.0,0.0
2001-04-03,57.69,58.4,55.7,57.1,2639800,1.0,0.0
2001-04-04,56.99,57.32,55.78,56.4,2843800,1.0,0.0
2001-04-05,57.45,58.42,56.75,58.16,2272100,1.0,0.0
2001-04-06,57.91,58.49,56.4,57.35,2294500,1.0,0.0
2001-04-09,57.35,57.69,55.12,55.4,3368900,1.0,0.0
2001-04-10,55.45,58.0,55.45,56.86,3246000,1.0,0.0
2001-04-11,58.7,58.7,54.95,56.0,5961600,1.0,0.0
2001-04-12,55.0,55.0,52.74,54.5,4582500,1.0,0.0
2001-04-16,53.6,54.4,53.44,54.05,2482200,1.0,0.0
2001-04-17,54.3,54.3,52.3,52.77,2723200,1.0,0.0
2001-04-18,53.2,60.0,53.15,59.3,7020000,1.0,0.035
2001-04-19,58.3,59.19,58.1,58.96,2623800,1.0,0.0
2001-04-20,58.7,59.1,57.2,58.31,2744800,1.0,0.0
2001-04-23,58.3,60.0,57.3,58.31,3094100,1.0,0.0
2001-04-24,57.0,57.4,56.2,56.8,2909100,1.0,0.0
2001-04-25,56.6,58.0,56.25,56.6,2628800,1.0,0.0
2001-04-26,57.5,58.96,57.1,58.3,1968600,1.0,0.0
2001-04-27,59.6,63.0,59.15,62.1,5980300,1.0,0.0
2001-04-30,62.7,63.7,62.45,63.0,4263900,1.0,0.0
2001-05-01,63.0,64.88,62.65,64.72,4677900,1.0,0.0
2001-05-02,64.8,64.9,63.55,64.23,2525900,1.0,0.0
2001-05-03,64.0,64.01,62.08,62.92,2776400,1.0,0.0
2001-05-04,61.5,64.7,61.15,64.21,3359200,1.0,0.0
2001-05-07,64.41,64.41,63.0,63.5,2393400,1.0,0.0
2001-05-08,63.5,63.62,61.93,62.53,2374900,1.0,0.0
2001-05-09,62.33,62.33,60.6,60.72,2091900,1.0,0.0
2001-05-10,62.7,64.94,62.52,64.04,3465400,1.0,0.0
2001-05-11,64.04,64.89,63.7,64.21,1990800,1.0,0.0
2001-05-14,64.45,64.8,64.11,64.8,1849300,1.0,0.0
2001-05-15,65.0,66.65,65.0,65.81,4300100,1.0,0.0
2001-05-16,65.75,66.2,64.76,65.75,3342900,1.0,0.0
2001-05-17,65.97,67.94,65.75,67.7,2111200,1.0,0.0
2001-05-18,68.05,68.72,67.1,68.4,2656300,1.0,0.0
2001-05-21,70.0,73.7,69.6,72.5,7163200,1.0,0.0
2001-05-22,71.5,72.5,70.49,71.0,3652700,1.0,0.0
2001-05-23,70.0,70.6,69.4,70.0,3242800,1.0,0.0
2001-05-24,70.58,72.56,69.5,71.76,3182900,1.0,0.0
2001-05-25,72.01,73.24,71.6,71.82,2255400,1.0,0.0
2001-05-29,72.6,72.69,69.59,70.34,3077700,1.0,0.0
2001-05-30,69.9,70.77,68.85,69.5,2532200,1.0,0.0
2001-05-31,69.51,69.8,68.26,69.53,2787000,1.0,0.0
2001-06-01,69.23,69.6,68.12,69.3,2272500,1.0,0.0
2001-06-04,69.6,70.49,68.99,70.09,1500700,1.0,0.0
2001-06-05,70.75,71.74,70.5,71.18,2906100,1.0,0.0
2001-06-06,71.0,72.38,70.96,72.08,2243500,1.0,0.0
2001-06-07,71.7,74.0,71.55,74.0,2325500,1.0,0.0
2001-06-08,73.9,73.9,73.05,73.57,813800,1.0,0.0
2001-06-11,73.53,73.84,71.81,71.9,1551000,1.0,0.0
2001-06-12,71.3,72.9,70.56,72.75,1431400,1.0,0.0
2001-06-13,72.25,73.97,71.9,73.9,2282400,1.0,0.0
2001-06-14,73.6,73.89,72.31,72.93,1750300,1.0,0.0
2001-06-15,72.9,73.05,71.76,72.38,2181800,1.0,0.0
2001-06-18,72.45,75.24,72.33,74.55,2644800,1.0,0.0
2001-06-19,74.84,76.11,74.84,75.96,3179300,1.0,0.0
2001-06-20,76.3,78.45,76.11,77.39,3540300,1.0,0.0
2001-06-21,77.0,79.72,76.8,78.9,3720200,1.0,0.0
2001-06-22,78.9,78.9,76.4,77.0,3385100,1.0,0.0
2001-06-25,77.8,77.82,74.59,75.5,3443400,1.0,0.0
2001-06-26,75.5,75.9,74.7,75.8,3043100,1.0,0.0
2001-06-27,75.8,76.39,73.55,73.56,3353300,1.0,0.0
2001-06-28,74.8,75.98,74.7,75.4,3021500,1.0,0.0
2001-06-29,75.41,75.41,72.55,72.55,3612900,1.0,0.0
2001-07-02,37.15,39.09,36.8,37.07,2079650,2.0,0.0
2001-07-03,37.42,37.49,36.96,37.0,2591300,1.0,0.0
2001-07-05,37.25,37.25,36.04,36.2,3554800,1.0,0.0
2001-07-06,36.25,36.25,34.4,34.6,4850300,1.0,0.0
2001-07-09,34.64,34.81,34.18,34.4,4583100,1.0,0.0
2001-07-10,35.05,35.4,33.5,33.75,4416700,1.0,0.0
2001-07-11,33.75,34.7,33.65,34.54,5509200,1.0,0.0
2001-07-12,34.7,37.05,34.7,36.58,5978500,1.0,0.0
2001-07-13,35.8,36.44,35.4,36.44,3852400,1.0,0.0
2001-07-16,36.39,37.06,36.15,36.31,4128000,1.0,0.0
2001-07-17,36.31,36.73,35.8,36.48,2290400,1.0,0.0
2001-07-18,36.56,38.3,36.56,38.0,7474100,1.0,0.02
2001-07-19,39.25,39.25,38.45,38.74,4994200,1.0,0.0
2001-07-20,39.4,39.62,38.94,39.1,4422300,1.0,0.0
2001-07-23,39.25,39.3,38.13,38.29,2634800,1.0,0.0
2001-07-24,38.44,38.6,37.01,37.25,3088000,1.0,0.0
2001-07-25,37.3,38.35,37.15,38.26,4639800,1.0,0.0
2001-07-26,38.3,39.25,38.07,39.25,4241200,1.0,0.0
2001-07-27,38.95,39.1,38.62,38.9,2476300,1.0,0.0
2001-07-30,38.91,39.44,38.91,39.21,2301400,1.0,0.0
2001-07-31,38.8,39.04,37.6,38.18,4587200,1.0,0.0
2001-08-01,37.8,37.9,36.93,37.12,4469600,1.0,0.0
2001-08-02,37.7,37.8,36.85,37.45,3433300,1.0,0.0
2001-08-03,37.2,37.39,36.4,36.93,2296300,1.0,0.0
2001-08-06,37.5,37.51,36.0,36.41,3830900,1.0,0.0
2001-08-07,36.16,37.0,35.95,36.4,4220700,1.0,0.0
2001-08-08,36.6,37.25,35.6,35.78,3978500,1.0,0.0
2001-08-09,35.79,36.44,35.15,35.89,3681300,1.0,0.0
2001-08-10,36.0,36.3,35.39,36.11,2219400,1.0,0.0
2001-08-13,36.1,36.8,35.76,36.45,3136100,1.0,0.0
2001-08-14,36.55,37.63,36.55,37.18,3384400,1.0,0.0
2001-08-15,37.43,37.6,36.28,36.48,1793700,1.0,0.0
2001-08-16,36.45,36.46,35.4,36.1,2526300,1.0,0.0
2001-08-17,35.85,35.85,34.83,35.04,2258600,1.0,0.0
2001-08-20,35.13,37.88,35.13,37.84,6579700,1.0,0.0
2001-08-21,37.99,39.0,37.6,38.65,8028100,1.0,0.0
2001-08-22,39.0,39.2,38.12,38.8,4518300,1.0,0.0
2001-08-23,39.07,39.09,37.34,37.45,3274300,1.0,0.0
2001-08-24,37.7,39.3,37.4,39.2,4393900,1.0,0.0
2001-08-27,38.9,39.2,38.0,38.51,2906300,1.0,0.0
2001-08-28,39.22,39.25,38.12,38.56,3623400,1.0,0.0
2001-08-29,38.6,38.69,37.49,37.62,4353700,1.0,0.0
2001-08-30,37.8,38.05,36.25,36.5,5946100,1.0,0.0
2001-08-31,36.75,37.45,36.71,37.2,4285900,1.0,0.0
2001-09-04,37.3,38.23,36.77,37.35,3474200,1.0,0.0
2001-09-05,36.99,36.99,35.65,36.68,3821900,1.0,0.0
2001-09-06,36.7,36.89,34.5,34.8,6183800,1.0,0.0
2001-09-07,33.0,33.2,30.49,32.0,13300700,1.0,0.0
2001-09-10,32.0,32.51,31.0,31.86,6292800,1.0,0.0
2001-09-17,30.0,30.0,28.31,28.38,6632300,1.0,0.0
2001-09-18,28.63,31.53,28.63,28.91,8109700,1.0,0.0
2001-09-19,29.75,29.75,27.58,29.2,5622000,1.0,0.0
2001-09-20,28.35,28.35,26.75,28.16,6395000,1.0,0.0
2001-09-21,28.2,28.2,24.99,26.9,8294100,1.0,0.0
2001-09-24,28.12,29.66,28.01,29.44,5459400,1.0,0.0
2001-09-25,29.45,30.65,29.0,30.48,6035200,1.0,0.0
2001-09-26,30.48,30.91,29.89,30.49,5442800,1.0,0.0
2001-09-27,30.45,30.6,29.67,30.4,3933200,1.0,0.0
2001-09-28,30.4,31.68,29.95,31.65,4423100,1.0,0.0
2001-10-01,31.1,31.25,30.0,30.49,4939700,1.0,0.0
2001-10-02,30.9,31.76,30.5,31.75,4736500,1.0,0.0
2001-10-03,33.94,33.94,31.5,33.71,5929500,1.0,0.0
2001-10-04,33.96,33.96,32.3,32.38,3908400,1.0,0.0
2001-10-05,32.8,32.8,31.25,32.3,4399500,1.0,0.0
2001-10-08,32.29,32.29,31.35,31.49,3268800,1.0,0.0
2001-10-09,31.2,31.35,30.4,30.4,4653200,1.0,0.0
2001-10-10,30.25,31.99,30.23,31.8,4391800,1.0,0.0
2001-10-11,33.1,34.24,32.23,34.0,6302500,1.0,0.0
2001-10-12,34.0,34.69,33.03,34.69,4713000,1.0,0.0
2001-10-15,34.2,34.6,33.79,34.5,4129400,1.0,0.0
2001-10-16,33.01,34.75,33.01,34.7,11327900,1.0,0.0
2001-10-17,34.93,35.1,33.55,33.55,4904900,1.0,0.02
2001-10-18,33.6,34.4,33.25,33.85,4511500,1.0,0.0
2001-10-19,33.85,34.45,33.3,34.4,2571500,1.0,0.0
2001-10-22,34.15,34.73,33.5,34.38,3208100,1.0,0.0
2001-10-23,34.69,35.7,34.12,34.99,4094500,1.0,0.0
2001-10-24,35.4,35.4,34.26,34.3,2436900,1.0,0.0
2001-10-25,33.9,35.0,33.1,34.96,4999500,1.0,0.0
2001-10-26,34.96,35.01,34.35,34.75,3117900,1.0,0.0
2001-10-29,34.25,34.25,33.73,33.81,2912800,1.0,0.0
2001-10-30,33.56,33.56,32.4,32.8,4244700,1.0,0.0
2001-10-31,33.0,34.75,33.0,34.1,5160000,1.0,0.0
2001-11-01,34.35,35.51,33.7,35.12,3862400,1.0,0.0
2001-11-02,35.25,37.6,35.16,36.8,6884000,1.0,0.0
2001-11-05,37.24,38.54,37.24,38.34,4588200,1.0,0.0
2001-11-06,38.3,39.3,37.5,39.25,5948300,1.0,0.0
2001-11-07,39.45,39.45,38.6,38.89,4348600,1.0,0.0
2001-11-08,39.3,39.95,38.96,38.99,5077900,1.0,0.0
2001-11-09,39.1,39.1,38.33,38.42,4750000,1.0,0.0
2001-11-12,38.72,39.4,37.6,39.19,2891700,1.0,0.0
2001-11-13,40.0,41.0,39.79,40.7,6515400,1.0,0.0
2001-11-14,41.15,42.2,41.09,42.06,5999600,1.0,0.0
2001-11-15,41.85,42.63,41.38,41.71,6174900,1.0,0.0
2001-11-16,41.26,41.55,39.86,40.35,7435200,1.0,0.0
2001-11-19,41.25,43.1,41.01,43.1,9273100,1.0,0.0
2001-11-20,43.1,43.1,41.73,42.06,5479200,1.0,0.0
2001-11-21,42.1,42.1,40.8,41.95,3312300,1.0,0.0
2001-11-23,42.89,42.89,42.06,42.88,1508000,1.0,0.0
2001-11-26,42.9,43.26,42.02,42.82,4531300,1.0,0.0
2001-11-27,42.82,43.61,42.31,43.14,7569300,1.0,0.0
2001-11-28,43.8,43.8,42.75,43.69,5895000,1.0,0.0
2001-11-29,43.65,43.9,42.91,43.52,6372600,1.0,0.0
2001-11-30,43.8,45.55,43.77,45.31,8387100,1.0,0.0
2001-12-03,45.84,45.84,44.9,45.55,5828700,1.0,0.0
2001-12-04,45.4,45.52,44.79,45.52,7384000,1.0,0.0
2001-12-05,45.79,47.14,45.62,46.8,5469900,1.0,0.0
2001-12-06,46.7,46.7,46.02,46.29,4055500,1.0,0.0
2001-12-07,46.65,46.65,45.91,46.31,2931500,1.0,0.0
2001-12-10,46.2,46.25,45.62,45.7,3626400,1.0,0.0
2001-12-11,45.7,46.15,45.1,45.51,3452600,1.0,0.0
2001-12-12,45.61,46.34,45.52,46.14,2926500,1.0,0.0
2001-12-13,45.94,45.99,45.26,45.58,3231200,1.0,0.0
2001-12-14,45.99,46.14,45.25,45.89,3598900,1.0,0.0
2001-12-17,45.3,46.25,45.29,45.85,2747500,1.0,0.0
2001-12-18,46.4,46.85,45.5,45.77,3827100,1.0,0.0
2001-12-19,45.85,46.27,45.55,46.25,3307100,1.0,0.0
2001-12-20,46.6,47.2,46.04,46.25,2482800,1.0,0.0
2001-12-21,46.89,47.5,46.3,47.5,3703100,1.0,0.0
2001-12-24,47.51,47.75,47.35,47.38,1173300,1.0,0.0
2001-12-26,47.38,48.88,47.0,47.38,3109800,1.0,0.0
2001-12-27,47.8,47.8,45.93,46.65,3962100,1.0,0.0
2001-12-28,46.85,46.98,46.52,46.74,2550800,1.0,0.0
2001-12-31,46.5,46.9,46.11,46.41,2374100,1.0,0.0
2002-01-02,46.02,46.12,44.51,45.37,4656100,1.0,0.0
2002-01-03,45.5,45.5,43.54,44.25,6210000,1.0,0.0
2002-01-04,45.39,45.39,44.52,45.0,4966400,1.0,0.0
2002-01-07,45.5,45.61,44.34,44.45,3717200,1.0,0.0
2002-01-08,44.55,45.18,44.05,44.22,3225800,1.0,0.0
2002-01-09,44.47,44.5,43.15,43.15,4597900,1.0,0.0
2002-01-10,43.55,43.74,42.91,43.18,3339500,1.0,0.0
2002-01-11,43.19,43.44,41.6,42.03,6911000,1.0,0.0
2002-01-14,42.49,43.05,42.15,42.76,4691600,1.0,0.0
2002-01-15,43.0,43.04,41.33,42.0,7350100,1.0,0.0
2002-01-16,41.98,41.98,41.03,41.05,5035700,1.0,0.02
2002-01-17,41.15,42.01,40.15,41.7,8271400,1.0,0.0
2002-01-18,41.1,43.6,41.1,43.4,8056000,1.0,0.0
2002-01-22,43.42,44.45,43.25,43.9,4805200,1.0,0.0
2002-01-23,44.99,44.99,43.51,44.7,4666000,1.0,0.0
2002-01-24,44.9,45.38,43.82,44.61,6273700,1.0,0.0
2002-01-25,44.25,44.94,43.8,44.7,5838900,1.0,0.0
2002-01-28,45.9,45.9,44.5,45.79,3886500,1.0,0.0
2002-01-29,45.79,46.35,43.65,43.75,4396300,1.0,0.0
2002-01-30,43.9,44.85,43.3,44.79,4659300,1.0,0.0
2002-01-31,44.89,46.26,44.82,46.07,3365200,1.0,0.0
2002-02-01,46.3,46.3,45.55,45.7,4152700,1.0,0.0
2002-02-04,46.5,47.14,46.05,46.36,5875500,1.0,0.0
2002-02-05,46.44,46.92,45.9,46.0,4526900,1.0,0.0
2002-02-06,46.2,46.2,45.05,45.16,3121400,1.0,0.0
2002-02-07,45.16,45.6,43.5,43.58,4830400,1.0,0.0
2002-02-08,43.5,45.25,43.25,45.2,4270100,1.0,0.0
2002-02-11,45.05,46.07,45.01,45.63,3216400,1.0,0.0
2002-02-12,45.38,45.75,45.14,45.53,1666400,1.0,0.0
2002-02-13,45.5,46.59,45.5,46.16,3949100,1.0,0.0
2002-02-14,46.7,46.95,45.81,46.12,2528000,1.0,0.0
2002-02-15,46.4,46.4,45.31,45.6,3325200,1.0,0.0
2002-02-19,45.08,46.4,44.86,44.95,2942900,1.0,0.0
2002-02-20,45.99,45.99,44.73,45.86,3300500,1.0,0.0
2002-02-21,45.86,46.97,45.47,45.51,3209800,1.0,0.0
2002-02-22,45.26,46.05,44.42,46.05,4256100,1.0,0.0
2002-02-25,47.0,47.78,46.65,47.49,7119100,1.0,0.0
2002-02-26,47.55,47.7,45.91,46.47,6479000,1.0,0.0
2002-02-27,47.45,47.5,45.0,45.21,5687400,1.0,0.0
2002-02-28,45.15,45.69,43.45,45.25,7509400,1.0,0.0
2002-03-01,45.01,45.25,43.2,43.99,5693400,1.0,0.0
2002-03-04,42.8,43.3,41.69,43.3,11553000,1.0,0.0
2002-03-05,42.5,42.7,41.35,41.65,7656700,1.0,0.0
2002-03-06,41.9,43.0,41.85,42.99,4224100,1.0,0.0
2002-03-07,43.5,43.83,42.06,43.06,5378500,1.0,0.0
2002-03-08,43.8,44.03,42.48,42.75,4550100,1.0,0.0
2002-03-11,42.25,42.63,41.6,42.25,4668700,1.0,0.0
2002-03-12,43.95,43.95,41.91,43.62,3784000,1.0,0.0
2002-03-13,43.49,44.05,42.88,43.98,3738700,1.0,0.0
2002-03-14,44.79,44.79,43.62,43.77,3385200,1.0,0.0
2002-03-15,44.22,44.84,43.45,44.84,4491000,1.0,0.0
2002-03-18,45.09,45.12,43.58,43.83,3572800,1.0,0.0
2002-03-19,43.9,44.94,43.9,44.39,3508600,1.0,0.0
2002-03-20,43.8,45.22,43.7,44.89,3885700,1.0,0.0
2002-03-21,45.25,45.25,44.42,44.83,4041000,1.0,0.0
2002-03-22,44.7,45.6,44.37,45.03,3219800,1.0,0.0
2002-03-25,45.45,45.45,43.92,43.96,3209200,1.0,0.0
2002-03-26,43.71,44.25,43.35,43.95,3991800,1.0,0.0
2002-03-27,44.15,44.15,43.5,43.7,4259900,1.0,0.0
2002-03-28,44.0,44.0,42.81,43.49,4368700,1.0,0.0
2002-04-01,43.47,43.47,42.68,43.23,4304400,1.0,0.0
2002-04-02,43.23,43.45,42.91,42.96,4184200,1.0,0.0
2002-04-03,42.9,43.35,41.9,42.05,4145100,1.0,0.0
2002-04-04,42.45,43.1,42.4,42.74,2812700,1.0,0.0
2002-04-05,43.4,43.95,43.3,43.5,3412200,1.0,0.0
2002-04-08,43.5,44.3,43.3,44.2,1917200,1.0,0.0
2002-04-09,44.2,44.9,44.0,44.84,2514100,1.0,0.0
2002-04-10,44.88,45.26,44.53,45.21,3354500,1.0,0.0
2002-04-11,45.21,45.7,44.05,44.15,2909200,1.0,0.0
2002-04-12,44.25,45.2,44.05,44.78,2377000,1.0,0.0
2002-04-15,44.78,44.79,43.83,44.15,1737000,1.0,0.0
2002-04-16,44.25,45.18,43.85,45.18,2632000,1.0,0.0
2002-04-17,44.98,44.98,44.04,44.19,2331400,1.0,0.02
2002-04-18,44.65,44.79,44.05,44.56,3052300,1.0,0.0
2002-04-19,44.59,44.95,44.49,44.5,1757900,1.0,0.0
2002-04-22,44.8,45.17,44.06,44.34,2426100,1.0,0.0
2002-04-23,44.59,44.89,44.1,44.26,1899300,1.0,0.0
2002-04-24,44.6,44.85,43.1,43.35,2961900,1.0,0.0
2002-04-25,42.7,43.65,42.61,43.4,3644400,1.0,0.0
2002-04-26,43.65,43.85,42.8,42.87,2364100,1.0,0.0
2002-04-29,43.0,43.06,42.51,42.56,2226300,1.0,0.0
2002-04-30,42.5,43.06,42.0,42.29,4412400,1.0,0.0
2002-05-01,42.39,42.9,41.75,42.68,3444200,1.0,0.0
2002-05-02,42.9,43.67,42.75,43.49,3090400,1.0,0.0
2002-05-03,43.49,43.92,43.05,43.61,3058300,1.0,0.0
2002-05-06,43.4,43.48,41.9,41.9,2525200,1.0,0.0
2002-05-07,41.9,42.45,41.45,41.73,4022200,1.0,0.0
2002-05-08,42.25,42.67,41.63,42.1,3191200,1.0,0.0
2002-05-09,42.15,43.26,42.08,42.8,5071500,1.0,0.0
2002-05-10,42.85,42.85,41.57,41.8,2153500,1.0,0.0
2002-05-13,41.75,41.99,41.27,41.66,2485100,1.0,0.0
2002-05-14,42.25,43.88,42.25,43.75,3660700,1.0,0.0
2002-05-15,43.35,44.25,43.35,44.01,2941400,1.0,0.0
2002-05-16,43.74,44.21,43.55,43.66,2029200,1.0,0.0
2002-05-17,43.91,44.8,43.68,44.76,3068700,1.0,0.0
2002-05-20,46.34,47.18,46.3,46.8,9915500,1.0,0.0
2002-05-21,46.9,47.15,46.1,46.13,8528300,1.0,0.0
2002-05-22,45.75,47.03,45.75,46.98,6359800,1.0,0.0
2002-05-23,47.25,48.01,37.38,48.0,5008600,1.0,0.0
2002-05-24,48.9,49.99,47.94,48.1,6098900,1.0,0.0
2002-05-28,48.2,48.36,46.4,47.99,7087100,1.0,0.0
2002-05-29,47.6,48.61,47.58,48.04,6252700,1.0,0.0
2002-05-30,47.76,48.08,47.49,47.89,5524600,1.0,0.0
2002-05-31,47.55,48.3,45.75,47.16,12472000,1.0,0.0
2002-06-03,47.0,47.15,45.24,45.25,4778500,1.0,0.0
2002-06-04,45.35,46.2,45.0,46.0,5813300,1.0,0.0
2002-06-05,46.3,47.75,46.25,47.43,5660100,1.0,0.0
2002-06-06,47.75,47.75,46.0,46.35,3985400,1.0,0.0
2002-06-07,46.3,46.71,45.53,46.35,4201800,1.0,0.0
2002-06-10,46.85,47.61,46.72,47.0,2967700,1.0,0.0
2002-06-11,47.6,48.54,47.14,47.15,4597800,1.0,0.0
2002-06-12,46.8,47.81,46.6,47.5,4660400,1.0,0.0
2002-06-13,47.3,47.64,46.05,46.81,3460700,1.0,0.0
2002-06-14,46.81,46.9,45.51,46.84,4646200,1.0,0.0
2002-06-17,46.85,48.0,46.6,47.79,4852300,1.0,0.0
2002-06-18,47.7,47.75,45.05,45.2,8607200,1.0,0.0
2002-06-19,45.2,46.48,45.05,45.37,5263500,1.0,0.0
2002-06-20,45.9,46.25,44.41,44.6,4091200,1.0,0.0
2002-06-21,44.25,45.2,44.2,44.4,3798300,1.0,0.0
2002-06-24,44.0,45.5,43.75,44.6,5387700,1.0,0.0
2002-06-25,45.25,46.0,44.05,44.4,3705500,1.0,0.0
2002-06-26,43.6,44.7,43.35,44.41,5405000,1.0,0.0
2002-06-27,44.8,45.74,43.5,45.7,4940900,1.0,0.0
2002-06-28,45.3,46.05,44.55,45.4,4590400,1.0,0.0
2002-07-01,45.4,45.96,44.2,44.36,3158300,1.0,0.0
2002-07-02,44.36,44.6,43.15,43.8,4943600,1.0,0.0
2002-07-03,43.7,44.12,41.8,44.05,5683800,1.0,0.0
2002-07-05,44.5,45.8,44.49,45.69,1716200,1.0,0.0
2002-07-08,45.9,46.43,45.06,46.25,3281300,1.0,0.0
2002-07-09,46.18,46.35,44.3,44.65,4072200,1.0,0.0
2002-07-10,44.65,45.15,42.95,43.1,5199500,1.0,0.0
2002-07-11,42.52,43.76,40.58,43.2,7414400,1.0,0.0
2002-07-12,41.0,41.71,39.33,40.18,14481000,1.0,0.0
2002-07-15,39.9,41.0,38.04,41.0,8426100,1.0,0.0
2002-07-16,40.1,40.51,37.3,37.6,11515300,1.0,0.0
2002-07-17,38.5,39.3,36.52,38.19,7965300,1.0,0.02
2002-07-18,38.0,39.49,37.62,37.85,5649900,1.0,0.0
2002-07-19,36.75,37.4,35.85,36.03,5213000,1.0,0.0
2002-07-22,35.25,36.35,33.7,34.92,7815500,1.0,0.0
2002-07-23,34.93,36.25,34.0,34.22,6769900,1.0,0.0
2002-07-24,33.05,37.51,32.7,37.5,8399400,1.0,0.0
2002-07-25,36.98,36.98,34.41,35.08,7585300,1.0,0.0
2002-07-26,35.2,36.65,34.5,35.59,5802600,1.0,0.0
2002-07-29,35.95,37.75,35.95,37.65,5189000,1.0,0.0
2002-07-30,37.4,38.56,36.6,38.09,5417500,1.0,0.0
2002-07-31,38.1,38.15,36.6,37.85,5268200,1.0,0.0
2002-08-01,37.25,37.6,35.0,35.43,4418600,1.0,0.0
2002-08-02,34.9,35.05,32.5,33.5,7490100,1.0,0.0
2002-08-05,33.56,34.7,33.47,33.64,4590200,1.0,0.0
2002-08-06,34.2,36.5,34.1,35.65,5285000,1.0,0.0
2002-08-07,36.2,36.56,35.4,36.48,5589300,1.0,0.0
2002-08-08,36.39,36.4,33.6,35.22,9418200,1.0,0.0
2002-08-09,34.72,35.4,34.33,34.84,5589100,1.0,0.0
2002-08-12,33.9,34.8,33.67,34.64,4796200,1.0,0.0
2002-08-13,34.3,36.4,34.2,34.48,4143700,1.0,0.0
2002-08-14,34.9,36.8,34.6,36.75,5473000,1.0,0.0
2002-08-15,36.9,38.11,36.88,37.94,4445800,1.0,0.0
2002-08-16,37.7,37.7,36.59,36.79,4081900,1.0,0.0
2002-08-19,39.5,41.1,38.61,41.0,11848600,1.0,0.0
2002-08-20,41.0,42.15,40.8,42.0,8228500,1.0,0.0
2002-08-21,42.5,43.12,42.1,42.84,7352500,1.0,0.0
2002-08-22,43.0,44.2,42.61,44.01,5428300,1.0,0.0
2002-08-23,43.9,43.95,42.6,42.82,4866900,1.0,0.0
2002-08-26,43.0,43.36,42.07,43.27,4942600,1.0,0.0
2002-08-27,43.35,43.67,41.75,41.98,4088300,1.0,0.0
2002-08-28,41.25,41.72,40.59,41.05,3811500,1.0,0.0
2002-08-29,40.7,41.54,40.4,41.05,3831800,1.0,0.0
2002-08-30,40.9,42.15,40.83,41.38,2930900,1.0,0.0
2002-09-03,41.13,41.5,40.25,41.03,4710100,1.0,0.0
2002-09-04,41.0,42.51,40.75,42.27,6531800,1.0,0.0
2002-09-05,41.25,43.0,41.2,42.28,4851600,1.0,0.0
2002-09-06,43.25,44.25,43.21,44.03,6895100,1.0,0.0
2002-09-09,44.0,44.2,43.0,44.09,5601800,1.0,0.0
2002-09-10,44.34,44.61,43.6,44.52,4383600,1.0,0.0
2002-09-11,44.32,45.8,44.26,45.2,4063700,1.0,0.0
2002-09-12,44.97,44.98,43.57,43.69,3864100,1.0,0.0
2002-09-13,43.4,44.97,43.33,44.97,3177600,1.0,0.0
2002-09-16,44.97,45.7,44.7,45.47,3778800,1.0,0.0
2002-09-17,45.94,46.0,44.06,44.06,4306700,1.0,0.0
2002-09-18,43.81,45.05,43.15,44.81,6031100,1.0,0.0
2002-09-19,44.2,44.44,43.15,43.3,3536500,1.0,0.0
2002-09-20,43.3,43.64,42.29,42.39,4930000,1.0,0.0
2002-09-23,42.26,42.26,40.45,41.3,5889000,1.0,0.0
2002-09-24,41.31,41.47,39.59,40.61,5165500,1.0,0.0
2002-09-25,41.25,42.0,40.35,41.63,6761300,1.0,0.0
2002-09-26,41.88,43.72,41.63,43.65,6165800,1.0,0.0
2002-09-27,43.5,43.95,42.39,42.48,5976900,1.0,0.0
2002-09-30,42.13,42.14,40.68,41.4,7290100,1.0,0.0
2002-10-01,41.4,42.3,39.79,42.2,8522800,1.0,0.0
2002-10-02,42.15,42.32,40.65,41.17,5499700,1.0,0.0
2002-10-03,40.25,40.87,39.49,39.9,6418400,1.0,0.0
2002-10-04,40.5,40.7,38.1,39.86,8645200,1.0,0.0
2002-10-07,39.6,39.95,37.33,37.47,8455800,1.0,0.0
2002-10-08,38.0,40.25,37.62,39.35,8337000,1.0,0.0
2002-10-09,38.9,39.0,36.89,37.5,6816000,1.0,0.0
2002-10-10,36.88,37.93,36.49,37.06,8687500,1.0,0.0
2002-10-11,38.05,39.55,37.78,38.9,6359900,1.0,0.0
2002-10-14,38.75,40.68,38.5,39.71,4292000,1.0,0.0
2002-10-15,41.5,42.7,41.4,41.97,7225000,1.0,0.0
2002-10-16,41.97,41.99,41.07,41.84,4832800,1.0,0.02
2002-10-17,43.5,43.5,42.24,42.75,5716700,1.0,0.0
2002-10-18,42.75,44.15,42.21,44.15,4604800,1.0,0.0
2002-10-21,43.55,44.56,42.5,44.4,4876100,1.0,0.0
2002-10-22,44.15,44.81,42.8,43.25,4511800,1.0,0.0
2002-10-23,43.0,43.75,42.49,43.25,4928300,1.0,0.0
2002-10-24,44.0,44.8,43.5,43.82,6320400,1.0,0.0
2002-10-25,43.55,44.2,43.33,43.85,3992800,1.0,0.0
2002-10-28,44.1,44.12,42.42,42.73,3170300,1.0,0.0
2002-10-29,42.51,43.94,41.55,43.71,5379300,1.0,0.0
2002-10-30,43.72,43.72,42.55,42.95,4106200,1.0,0.0
2002-10-31,42.95,43.29,41.4,41.73,4250400,1.0,0.0
2002-11-01,41.74,42.26,40.75,42.1,6364200,1.0,0.0
2002-11-04,42.2,42.48,41.12,41.2,4563900,1.0,0.0
2002-11-05,41.05,41.9,40.9,41.9,3728500,1.0,0.0
2002-11-06,42.1,42.15,40.68,41.64,4614100,1.0,0.0
2002-11-07,41.24,41.54,39.77,39.97,5539300,1.0,0.0
2002-11-08,39.98,40.35,39.0,39.47,3209400,1.0,0.0
2002-11-11,39.4,39.6,38.4,38.72,3146300,1.0,0.0
2002-11-12,38.72,40.5,38.71,39.55,4904100,1.0,0.0
2002-11-13,39.55,40.67,38.95,40.3,4025000,1.0,0.0
2002-11-14,41.15,42.1,40.9,41.89,4408200,1.0,0.0
2002-11-15,41.85,43.01,41.6,42.5,5843900,1.0,0.0
2002-11-18,43.8,43.8,40.55,40.7,9827800,1.0,0.0
2002-11-19,40.7,40.7,37.9,38.98,15651300,1.0,0.0
2002-11-20,39.3,39.45,37.83,37.9,12188100,1.0,0.0
2002-11-21,38.77,39.65,37.91,39.16,8547900,1.0,0.0
2002-11-22,39.16,39.7,38.8,38.9,4876800,1.0,0.0
2002-11-25,39.12,40.25,38.91,39.9,5683600,1.0,0.0
2002-11-26,40.5,42.0,39.32,39.65,5039800,1.0,0.0
2002-11-27,40.45,41.7,40.25,41.5,4929000,1.0,0.0
2002-11-29,41.8,41.99,41.35,41.5,2087700,1.0,0.0
2002-12-02,42.5,42.68,40.9,41.16,4834300,1.0,0.0
2002-12-03,41.17,41.35,40.15,40.42,4681200,1.0,0.0
2002-12-04,39.95,41.9,39.75,41.6,5023400,1.0,0.0
2002-12-05,41.61,41.84,40.9,41.15,3788800,1.0,0.0
2002-12-06,40.65,41.14,40.0,40.81,4482000,1.0,0.0
2002-12-09,40.82,40.82,39.61,39.85,4461600,1.0,0.0
2002-12-10,39.95,40.8,39.8,40.6,4156800,1.0,0.0
2002-12-11,40.1,40.4,39.4,39.78,4226200,1.0,0.0
2002-12-12,40.1,40.16,39.46,39.79,2539900,1.0,0.0
2002-12-13,39.1,39.42,38.5,38.91,3837900,1.0,0.0
2002-12-16,38.65,39.92,38.5,39.92,4389600,1.0,0.0
2002-12-17,39.93,39.93,38.6,38.8,3895800,1.0,0.0
2002-12-18,38.85,39.15,37.94,38.2,4161800,1.0,0.0
2002-12-19,38.25,38.95,37.64,37.8,4091500,1.0,0.0
2002-12-20,38.3,38.65,37.36,38.36,5204000,1.0,0.0
2002-12-23,38.36,38.36,37.15,37.49,3486500,1.0,0.0
2002-12-24,37.0,37.07,36.65,36.85,1978500,1.0,0.0
2002-12-26,36.85,37.98,36.85,37.32,2660700,1.0,0.0
2002-12-27,37.22,37.37,36.5,36.8,2209900,1.0,0.0
2002-12-30,36.8,38.0,36.75,37.85,5154100,1.0,0.0
2002-12-31,37.85,38.2,37.31,37.5,3190600,1.0,0.0
2003-01-02,37.9,39.51,37.9,39.35,5182200,1.0,0.0
2003-01-03,39.35,39.35,36.12,36.92,15678800,1.0,0.0
2003-01-06,37.25,37.48,36.5,36.75,7920200,1.0,0.0
2003-01-07,37.0,37.48,36.75,36.95,7135000,1.0,0.0
2003-01-08,37.05,37.78,36.9,37.17,5524700,1.0,0.0
2003-01-09,37.58,38.55,37.58,38.42,7493200,1.0,0.0
2003-01-10,38.15,39.05,37.95,38.45,3645200,1.0,0.0
2003-01-13,39.0,39.01,37.91,38.05,3400700,1.0,0.0
2003-01-14,37.0,38.05,37.0,37.73,4212000,1.0,0.0
2003-01-15,38.0,38.25,37.62,38.0,4022900,1.0,0.025
2003-01-16,38.05,38.42,37.5,37.82,3948700,1.0,0.0
2003-01-17,37.68,37.79,36.69,36.7,5372500,1.0,0.0
2003-01-21,36.95,37.05,35.65,35.65,5255000,1.0,0.0
2003-01-22,35.66,36.09,35.14,35.15,5986700,1.0,0.0
2003-01-23,35.36,35.74,34.8,35.0,6334000,1.0,0.0
2003-01-24,35.0,35.06,33.87,34.12,5284400,1.0,0.0
2003-01-27,34.12,34.92,34.0,34.4,5375400,1.0,0.0
2003-01-28,34.65,35.06,34.56,34.6,4628200,1.0,0.0
2003-01-29,34.65,35.06,34.56,34.6,3790600,1.0,0.0
2003-01-30,34.9,35.36,33.87,34.0,4404200,1.0,0.0
2003-01-31,33.9,34.97,33.86,34.18,5459800,1.0,0.0
2003-02-03,34.55,35.55,34.51,35.3,5355200,1.0,0.0
2003-02-04,35.3,35.3,34.5,34.79,3153400,1.0,0.0
2003-02-05,35.0,35.25,34.54,34.62,3535200,1.0,0.0
2003-02-06,34.62,35.2,34.27,34.64,4687100,1.0,0.0
2003-02-07,35.25,35.44,33.8,34.08,3506700,1.0,0.0
2003-02-10,34.33,34.5,33.65,34.4,3146500,1.0,0.0
2003-02-11,34.75,35.04,34.25,34.57,3395500,1.0,0.0
2003-02-12,34.5,34.99,34.24,34.26,2266100,1.0,0.0
2003-02-13,34.3,34.3,33.37,34.01,2723700,1.0,0.0
2003-02-14,33.9,34.96,33.52,34.96,4679700,1.0,0.0
2003-02-18,34.99,36.16,34.96,35.66,3696900,1.0,0.0
2003-02-19,35.53,35.8,34.95,35.0,3214900,1.0,0.0
2003-02-20,34.9,35.45,34.87,34.95,3659500,1.0,0.0
2003-02-21,35.0,36.26,34.83,36.02,4743600,1.0,0.0
2003-02-24,37.85,38.5,37.11,38.1,13054600,1.0,0.0
2003-02-25,37.75,38.62,37.1,38.62,7727400,1.0,0.0
2003-02-26,38.35,39.87,38.35,39.0,6952600,1.0,0.0
2003-02-27,39.45,39.5,38.4,38.83,4865600,1.0,0.0
2003-02-28,39.0,39.6,38.99,39.3,4814600,1.0,0.0
2003-03-03,39.55,39.87,39.1,39.27,6422100,1.0,0.0
2003-03-04,38.41,39.0,37.49,37.55,8195100,1.0,0.0
2003-03-05,37.75,37.83,36.9,37.62,6402300,1.0,0.0
2003-03-06,37.42,38.1,36.99,37.45,4756900,1.0,0.0
2003-03-07,37.45,38.19,35.96,38.04,5235600,1.0,0.0
2003-03-10,37.6,37.93,36.8,36.98,3858000,1.0,0.0
2003-03-11,36.9,37.19,36.26,36.4,4486300,1.0,0.0
2003-03-12,36.2,36.97,35.45,36.9,3789000,1.0,0.0
2003-03-13,37.28,38.76,37.2,38.58,5330700,1.0,0.0
2003-03-14,38.58,39.38,38.34,39.05,4807100,1.0,0.0
2003-03-17,39.0,40.19,38.27,40.1,6783100,1.0,0.0
2003-03-18,40.09,40.29,39.15,40.27,4942600,1.0,0.0
2003-03-19,39.8,41.16,39.79,40.94,4760200,1.0,0.0
2003-03-20,41.68,41.68,40.0,41.16,4378100,1.0,0.0
2003-03-21,41.9,42.67,41.35,42.54,5283000,1.0,0.0
2003-03-24,41.54,41.54,40.51,40.79,4703400,1.0,0.0
2003-03-25,40.8,41.77,40.8,41.5,4801600,1.0,0.0
2003-03-26,41.45,42.51,41.4,42.03,4776500,1.0,0.0
2003-03-27,41.52,41.95,41.25,41.69,2935700,1.0,0.0
2003-03-28,41.6,41.6,40.76,40.95,4575600,1.0,0.0
2003-03-31,40.53,41.23,40.0,40.81,4469900,1.0,0.0
2003-04-01,41.05,41.34,40.3,41.13,4642800,1.0,0.0
2003-04-02,42.57,42.94,41.51,42.31,4652600,1.0,0.0
2003-04-03,42.85,43.5,42.34,43.03,5017400,1.0,0.0
2003-04-04,43.15,43.52,42.65,43.15,4003300,1.0,0.0
2003-04-07,44.0,44.3,43.35,43.4,5461600,1.0,0.0
2003-04-08,43.4,43.48,42.84,43.12,6211100,1.0,0.0
2003-04-09,43.3,43.7,42.5,42.63,4824300,1.0,0.0
2003-04-10,42.72,43.69,42.66,43.65,4688000,1.0,0.0
2003-04-11,44.29,44.46,43.71,43.9,4155400,1.0,0.0
2003-04-14,43.9,44.49,43.42,44.44,3473700,1.0,0.0
2003-04-15,44.4,45.66,44.1,45.43,6155300,1.0,0.025
2003-04-16,45.45,45.67,44.55,44.7,4905800,1.0,0.0
2003-04-17,44.71,45.77,44.33,45.65,5049900,1.0,0.0
2003-04-21,45.65,45.82,45.07,45.56,4567800,1.0,0.0
2003-04-22,45.15,46.0,45.06,45.7,4524400,1.0,0.0
2003-04-23,45.5,45.56,44.9,45.16,5284700,1.0,0.0
2003-04-24,44.7,45.05,44.34,44.8,3408100,1.0,0.0
2003-04-25,45.0,45.04,44.15,44.42,2662000,1.0,0.0
2003-04-28,44.42,45.0,44.15,44.88,3477100,1.0,0.0
2003-04-29,45.0,45.54,44.7,44.7,4423200,1.0,0.0
2003-04-30,44.6,44.6,43.65,43.89,6988100,1.0,0.0
2003-05-01,43.65,43.66,42.61,43.51,5311000,1.0,0.0
2003-05-02,43.6,44.63,43.55,44.15,4796400,1.0,0.0
2003-05-05,44.45,44.68,44.05,44.05,3503200,1.0,0.0
2003-05-06,44.4,45.42,44.31,44.49,5141200,1.0,0.0
2003-05-07,44.35,45.26,44.2,44.72,3723400,1.0,0.0
2003-05-08,44.55,45.4,44.41,44.6,3869600,1.0,0.0
2003-05-09,44.8,45.31,44.38,45.29,2760200,1.0,0.0
2003-05-12,45.3,46.43,44.9,46.2,4157400,1.0,0.0
2003-05-13,45.9,46.05,45.42,45.55,3585800,1.0,0.0
2003-05-14,45.65,45.95,44.44,44.54,3563500,1.0,0.0
2003-05-15,45.0,45.07,43.92,44.82,5592900,1.0,0.0
2003-05-16,44.66,44.82,43.95,44.3,4644600,1.0,0.0
2003-05-19,42.3,42.5,40.1,40.3,16448700,1.0,0.0
2003-05-20,40.74,41.15,38.2,39.0,22320700,1.0,0.0
2003-05-21,39.01,40.4,39.01,40.23,8635900,1.0,0.0
2003-05-22,40.45,40.45,39.85,40.15,4399300,1.0,0.0
2003-05-23,40.15,40.16,39.53,39.87,3680800,1.0,0.0
2003-05-27,39.88,41.2,39.65,40.72,6384300,1.0,0.0
2003-05-28,41.2,41.85,40.11,41.37,5073800,1.0,0.0
2003-05-29,41.4,41.9,41.0,41.09,5333300,1.0,0.0
2003-05-30,41.65,42.36,41.37,42.26,5507900,1.0,0.0
2003-06-02,42.6,43.11,42.09,42.2,6046100,1.0,0.0
2003-06-03,42.2,43.93,42.2,43.74,7306500,1.0,0.0
2003-06-04,43.77,44.55,43.66,44.4,6199700,1.0,0.0
2003-06-05,43.9,45.07,43.77,44.9,4370600,1.0,0.0
2003-06-06,45.15,45.25,43.9,43.96,6147900,1.0,0.0
2003-06-09,43.95,44.1,42.8,42.85,5313900,1.0,0.0
2003-06-10,42.9,44.439,42.9,44.22,4704100,1.0,0.0
2003-06-11,44.22,44.22,43.32,44.12,4784900,1.0,0.0
2003-06-12,44.2,44.86,44.13,44.75,4245400,1.0,0.0
2003-06-13,44.6,44.7,43.92,44.15,4488400,1.0,0.0
2003-06-16,44.7,45.25,44.27,45.17,4047100,1.0,0.0
2003-06-17,45.17,45.47,44.74,45.21,4604800,1.0,0.0
2003-06-18,44.9,45.84,44.81,45.32,4025300,1.0,0.0
2003-06-19,45.31,45.55,44.57,44.75,3707400,1.0,0.0
2003-06-20,44.75,44.96,43.95,44.2,4440000,1.0,0.0
2003-06-23,44.05,44.15,43.03,43.3,3907200,1.0,0.0
2003-06-24,43.15,43.72,43.1,43.35,3200500,1.0,0.0
2003-06-25,43.7,44.88,43.23,43.4,4688000,1.0,0.0
2003-06-26,43.4,43.69,42.79,43.63,3883200,1.0,0.0
2003-06-27,43.68,43.998,43.01,43.12,2546500,1.0,0.0
2003-06-30,43.1,43.69,42.84,42.95,3439000,1.0,0.0
2003-07-01,42.82,42.85,41.81,42.55,5098700,1.0,0.0
2003-07-02,42.73,42.99,42.42,42.56,3845600,1.0,0.0
2003-07-03,42.15,42.45,42.0,42.12,2279500,1.0,0.0
2003-07-07,42.7,43.57,42.305,43.51,4210300,1.0,0.0
2003-07-08,43.73,45.71,43.71,45.3,6420500,1.0,0.0
2003-07-09,45.4,45.46,44.95,44.95,4334300,1.0,0.0
2003-07-10,44.95,45.3,43.76,45.21,5270000,1.0,0.0
2003-07-11,45.7,47.22,45.63,46.87,7315200,1.0,0.0
2003-07-14,47.14,47.66,46.75,47.21,4686400,1.0,0.0
2003-07-15,47.57,48.05,46.4,47.09,5296700,1.0,0.0
2003-07-16,47.1,47.43,46.56,47.07,3693400,1.0,0.025
2003-07-17,47.01,47.57,46.58,46.64,3495000,1.0,0.0
2003-07-18,46.85,47.22,46.4,47.03,2875200,1.0,0.0
2003-07-21,46.75,47.24,46.47,46.5,3264000,1.0,0.0
2003-07-22,45.71,47.41,45.71,47.0,4364100,1.0,0.0
2003-07-23,47.25,47.55,46.79,47.5,2724500,1.0,0.0
2003-07-24,47.55,48.08,47.09,47.1,3372400,1.0,0.0
2003-07-25,47.2,48.34,47.15,48.23,3547500,1.0,0.0
2003-07-28,48.23,48.71,47.96,48.34,3486500,1.0,0.0
2003-07-29,48.33,48.4,47.3,47.5,4607800,1.0,0.0
2003-07-30,47.48,47.52,46.82,47.34,5072400,1.0,0.0
2003-07-31,47.66,48.5,47.29,47.56,3455800,1.0,0.0
2003-08-01,47.56,47.63,46.7,47.0,3646000,1.0,0.0
2003-08-04,46.62,46.85,45.54,46.68,3809500,1.0,0.0
2003-08-05,46.73,46.95,45.93,45.93,3640600,1.0,0.0
2003-08-06,45.87,46.25,45.65,45.81,4159800,1.0,0.0
2003-08-07,46.2,46.39,45.6,46.23,3312000,1.0,0.0
2003-08-08,46.3,47.41,46.28,46.9,2879800,1.0,0.0
2003-08-11,46.95,47.36,46.47,46.82,2035200,1.0,0.0
2003-08-12,47.15,48.39,47.09,48.35,3868700,1.0,0.0
2003-08-13,48.35,48.55,47.6,47.86,2931500,1.0,0.0
2003-08-14,47.8,48.5,47.64,48.28,2942600,1.0,0.0
2003-08-15,48.35,48.9,48.15,48.9,1764700,1.0,0.0
2003-08-18,51.0,52.36,50.35,51.96,12941600,1.0,0.0
2003-08-19,52.46,52.91,52.0,52.67,8588700,1.0,0.0
2003-08-20,52.6,53.38,52.4,53.1,4705600,1.0,0.0
2003-08-21,53.1,54.26,53.0,53.47,4191600,1.0,0.0
2003-08-22,53.28,53.94,52.73,52.91,2949100,1.0,0.0
2003-08-25,52.8,52.94,52.05,52.86,2637700,1.0,0.0
2003-08-26,52.7,52.88,51.81,52.62,3327500,1.0,0.0
2003-08-27,52.3,53.33,52.29,53.25,2839300,1.0,0.0
2003-08-28,53.3,54.88,53.3,54.51,3850800,1.0,0.0
2003-08-29,54.51,54.95,54.25,54.86,3540200,1.0,0.0
2003-09-02,54.76,54.97,53.95,54.53,3571900,1.0,0.0
2003-09-03,54.9,55.26,54.69,55.07,4429800,1.0,0.0
2003-09-04,55.07,55.9,54.07,55.88,5071900,1.0,0.0
2003-09-05,55.88,55.88,53.78,54.5,5253600,1.0,0.0
2003-09-08,54.4,54.5,53.5,53.7,4136900,1.0,0.0
2003-09-09,53.05,53.36,51.81,51.92,5494200,1.0,0.0
2003-09-10,51.5,52.17,51.04,51.06,4490000,1.0,0.0
2003-09-11,51.31,51.79,50.891,51.52,3428200,1.0,0.0
2003-09-12,51.52,51.9,50.3,51.45,5636100,1.0,0.0
2003-09-15,52.2,52.95,52.2,52.7,5959200,1.0,0.0
2003-09-16,52.68,53.53,52.02,53.3,3769700,1.0,0.0
2003-09-17,53.55,53.65,52.9,52.91,3270600,1.0,0.0
2003-09-18,52.8,53.71,52.2,53.5,3963400,1.0,0.0
2003-09-19,53.6,54.36,53.26,53.9,3021800,1.0,0.0
2003-09-22,53.3,53.75,52.53,53.11,2832800,1.0,0.0
2003-09-23,53.92,53.92,52.4,53.45,4536900,1.0,0.0
2003-09-24,53.7,53.89,52.64,52.88,4501500,1.0,0.0
2003-09-25,53.0,53.94,52.96,53.41,3560600,1.0,0.0
2003-09-26,53.41,53.6,52.55,52.64,2789400,1.0,0.0
2003-09-29,52.69,52.97,52.05,52.74,2559000,1.0,0.0
2003-09-30,52.64,52.64,50.68,51.9,5511300,1.0,0.0
2003-10-01,52.05,53.85,52.0,53.67,3613200,1.0,0.0
2003-10-02,53.42,54.19,53.231,54.0,2485100,1.0,0.0
2003-10-03,54.0,55.79,54.0,55.49,4731600,1.0,0.0
2003-10-06,55.65,57.01,55.57,56.79,3960800,1.0,0.0
2003-10-07,56.79,57.5,56.35,57.5,5160900,1.0,0.0
2003-10-08,57.4,57.69,57.13,57.26,4253800,1.0,0.0
2003-10-09,57.26,58.51,56.4,57.76,4009600,1.0,0.0
2003-10-10,57.7,58.1,56.94,56.94,3595900,1.0,0.0
2003-10-13,57.3,58.39,57.3,58.04,2472800,1.0,0.0
2003-10-14,58.04,58.52,57.45,58.5,2324000,1.0,0.0
2003-10-15,58.47,58.5,57.6,57.92,3744000,1.0,0.03
2003-10-16,57.92,58.5,57.71,58.48,2171300,1.0,0.0
2003-10-17,58.54,58.94,57.18,57.45,2954700,1.0,0.0
2003-10-20,57.7,58.34,57.44,58.29,2487000,1.0,0.0
2003-10-21,58.29,58.44,57.68,57.79,3962400,1.0,0.0
2003-10-22,57.79,57.8,57.0,57.56,2307600,1.0,0.0
2003-10-23,57.46,58.72,57.3,58.65,3905600,1.0,0.0
2003-10-24,58.4,58.7,57.06,57.85,3677600,1.0,0.0
2003-10-27,58.25,59.49,58.15,58.7,4546200,1.0,0.0
2003-10-28,58.9,59.95,58.68,59.95,5020600,1.0,0.0
2003-10-29,59.91,59.91,59.23,59.3,2940200,1.0,0.0
2003-10-30,59.7,59.8,58.73,59.45,2739000,1.0,0.0
2003-10-31,59.59,59.6,58.45,58.93,3641500,1.0,0.0
2003-11-03,59.2,60.42,59.08,60.05,2792600,1.0,0.0
2003-11-04,59.8,60.1,59.41,59.64,2308000,1.0,0.0
2003-11-05,59.64,59.64,58.31,58.8,3545200,1.0,0.0
2003-11-06,58.55,59.39,58.1,59.17,3284400,1.0,0.0
2003-11-07,59.6,59.88,59.0,59.0,2332700,1.0,0.0
2003-11-10,59.0,59.23,57.97,57.99,3291400,1.0,0.0
2003-11-11,57.99,58.85,57.85,58.65,2558800,1.0,0.0
2003-11-12,58.65,59.03,58.07,58.72,3368600,1.0,0.0
2003-11-13,58.72,58.72,57.27,57.95,3155300,1.0,0.0
2003-11-14,57.95,59.6,57.8,58.63,3802400,1.0,0.0
2003-11-17,58.36,58.92,56.8,57.91,6000300,1.0,0.0
2003-11-18,57.91,58.97,57.1,57.17,5390900,1.0,0.0
2003-11-19,57.4,57.748,56.94,57.55,2491500,1.0,0.0
2003-11-20,57.75,58.87,57.3,57.61,3247500,1.0,0.0
2003-11-21,58.0,58.17,57.29,57.51,2485800,1.0,0.0
2003-11-24,58.0,59.29,57.8,59.23,2957800,1.0,0.0
2003-11-25,58.85,59.12,58.49,58.7,2472200,1.0,0.0
2003-11-26,58.82,58.83,57.7,58.13,2228300,1.0,0.0
2003-11-28,58.13,58.5,58.05,58.3,837900,1.0,0.0
2003-12-01,58.36,58.62,57.57,58.62,3389200,1.0,0.0
2003-12-02,58.25,58.59,57.5,57.55,4445900,1.0,0.0
2003-12-03,57.75,58.13,57.1,57.1,4772300,1.0,0.0
2003-12-04,57.02,57.15,54.5,56.08,5909000,1.0,0.0
2003-12-05,55.35,56.9,55.32,55.87,3814800,1.0,0.0
2003-12-08,56.35,56.79,55.66,56.79,3325700,1.0,0.0
2003-12-09,57.0,57.0,55.6,55.88,3243900,1.0,0.0
2003-12-10,55.55,55.88,54.05,54.46,3634400,1.0,0.0
2003-12-11,54.54,56.22,54.53,55.63,3657900,1.0,0.0
2003-12-12,55.78,56.02,54.9,55.05,2735400,1.0,0.0
2003-12-15,56.3,56.403,54.15,54.18,3530300,1.0,0.0
2003-12-16,54.35,54.35,52.44,53.56,7084600,1.0,0.0
2003-12-17,53.05,55.06,53.05,54.84,4022100,1.0,0.0
2003-12-18,55.0,55.7,54.7,55.61,2860900,1.0,0.0
2003-12-19,55.8,55.8,54.84,55.33,3452400,1.0,0.0
2003-12-22,55.34,55.63,54.03,54.18,4278500,1.0,0.0
2003-12-23,54.25,54.85,53.9,54.06,2919900,1.0,0.0
2003-12-24,54.07,54.2,53.83,54.0,1042300,1.0,0.0
2003-12-26,54.0,55.17,54.0,54.86,980200,1.0,0.0
2003-12-29,54.75,55.04,54.35,55.0,2293600,1.0,0.0
2003-12-30,55.04,55.17,54.32,54.95,1717200,1.0,0.0
2003-12-31,55.2,55.59,55.11,55.39,2339500,1.0,0.0
2004-01-02,55.85,56.251,53.78,53.9,3267200,1.0,0.0
2004-01-05,53.9,53.98,53.4,53.77,3535000,1.0,0.0
2004-01-06,53.54,55.44,53.52,55.3,4201600,1.0,0.0
2004-01-07,55.05,55.59,54.158,55.3,2871100,1.0,0.0
2004-01-08,55.15,55.31,53.62,53.86,5638400,1.0,0.0
2004-01-09,53.76,54.4,53.0,53.0,5029800,1.0,0.0
2004-01-12,53.0,53.0,50.75,51.51,10966700,1.0,0.0
2004-01-13,51.51,52.41,51.5,52.35,5176900,1.0,0.0
2004-01-14,52.65,53.08,52.48,52.92,5033500,1.0,0.03
2004-01-15,52.8,53.6,51.79,53.09,4251500,1.0,0.0
2004-01-16,53.9,53.95,52.5,52.89,5088000,1.0,0.0
2004-01-20,53.02,53.31,51.95,52.35,4169000,1.0,0.0
2004-01-21,52.55,54.2,52.4,54.2,4227400,1.0,0.0
2004-01-22,54.2,55.35,54.01,55.21,4674400,1.0,0.0
2004-01-23,55.46,55.75,55.05,55.28,3672600,1.0,0.0
2004-01-26,55.18,55.62,54.7,55.62,2637100,1.0,0.0
2004-01-27,55.55,55.96,55.4,55.52,3323700,1.0,0.0
2004-01-28,55.5,55.79,53.59,53.8,5075700,1.0,0.0
2004-01-29,53.8,54.0,52.95,53.3,6148900,1.0,0.0
2004-01-30,53.2,53.95,53.06,53.55,2486700,1.0,0.0
2004-02-02,53.7,54.49,53.0,53.73,3744600,1.0,0.0
2004-02-03,53.54,53.75,53.01,53.23,2271500,1.0,0.0
2004-02-04,53.01,54.21,52.8,53.56,3189100,1.0,0.0
2004-02-05,53.32,54.1,53.18,53.69,3082400,1.0,0.0
2004-02-06,53.45,54.71,53.3,54.67,3247200,1.0,0.0
2004-02-09,54.68,55.94,54.39,55.35,3926500,1.0,0.0
2004-02-10,55.14,56.4,55.14,56.09,4152400,1.0,0.0
2004-02-11,56.09,57.85,56.0,57.66,4055400,1.0,0.0
2004-02-12,57.1,57.81,56.76,57.1,2362200,1.0,0.0
2004-02-13,57.7,57.91,57.01,57.6,4530500,1.0,0.0
2004-02-17,58.05,58.3,57.75,58.17,3616200,1.0,0.0
2004-02-18,58.5,58.5,57.27,57.47,2993400,1.0,0.0
2004-02-19,57.9,58.37,57.4,57.53,4197900,1.0,0.0
2004-02-20,57.9,58.662,57.0,58.38,4311400,1.0,0.0
2004-02-23,57.29,57.53,56.06,56.67,7770800,1.0,0.0
2004-02-24,56.3,56.9,55.72,56.2,3580300,1.0,0.0
2004-02-25,56.2,56.45,55.26,55.53,4481700,1.0,0.0
2004-02-26,55.35,56.12,54.96,55.82,3550700,1.0,0.0
2004-02-27,55.0,56.251,55.0,56.0,4800400,1.0,0.0
2004-03-01,56.1,56.94,56.1,56.75,2412000,1.0,0.0
2004-03-02,56.38,56.56,54.95,55.28,6966900,1.0,0.0
2004-03-03,55.45,55.8,55.15,55.53,3159000,1.0,0.0
2004-03-04,55.53,55.6,54.88,55.49,2354600,1.0,0.0
2004-03-05,55.03,56.65,54.76,55.47,4980900,1.0,0.0
2004-03-08,55.48,55.56,54.51,54.51,2991200,1.0,0.0
2004-03-09,54.59,54.93,54.31,54.58,3582400,1.0,0.0
2004-03-10,54.58,54.89,53.93,54.01,3307000,1.0,0.0
2004-03-11,53.58,53.85,52.23,52.4,4598800,1.0,0.0
2004-03-12,52.65,53.43,52.62,53.09,3501000,1.0,0.0
2004-03-15,53.1,53.7,52.43,52.49,3078900,1.0,0.0
2004-03-16,52.9,53.0,51.94,52.33,3980600,1.0,0.0
2004-03-17,52.1,53.79,52.07,53.7,3591600,1.0,0.0
2004-03-18,53.7,54.95,53.51,54.84,4793900,1.0,0.0
2004-03-19,54.8,54.93,54.08,54.32,2515400,1.0,0.0
2004-03-22,53.88,53.97,53.0,53.16,3417500,1.0,0.0
2004-03-23,53.2,53.37,52.79,52.89,2877600,1.0,0.0
2004-03-24,52.66,53.0,51.77,52.74,3723500,1.0,0.0
2004-03-25,52.9,54.9,52.81,54.74,4288200,1.0,0.0
2004-03-26,54.6,55.86,54.5,55.62,4278400,1.0,0.0
2004-03-29,55.87,56.64,55.75,56.56,3357100,1.0,0.0
2004-03-30,56.3,56.31,55.65,55.9,2886400,1.0,0.0
2004-03-31,55.9,56.61,55.68,56.13,3359200,1.0,0.0
2004-04-01,55.88,56.25,55.27,55.81,3573100,1.0,0.0
2004-04-02,56.2,56.3,54.6,54.9,4967100,1.0,0.0
2004-04-05,54.55,55.45,54.51,55.38,3364900,1.0,0.0
2004-04-06,55.0,55.38,55.0,55.2,2801600,1.0,0.0
2004-04-07,55.99,55.99,54.0,54.06,4917800,1.0,0.0
2004-04-08,54.82,54.84,53.15,53.5,4997700,1.0,0.0
2004-04-12,53.8,54.05,53.44,53.81,2348000,1.0,0.0
2004-04-13,54.0,54.28,52.81,53.16,5272300,1.0,0.0
2004-04-14,52.75,53.02,52.1,52.44,5352600,1.0,0.0305
2004-04-15,52.6,53.49,52.5,53.22,3365900,1.0,0.0
2004-04-16,53.22,53.41,52.69,53.24,2518200,1.0,0.0
2004-04-19,53.24,53.31,52.49,52.86,2563600,1.0,0.0
2004-04-20,53.4,53.95,52.64,52.64,2756000,1.0,0.0
2004-04-21,52.64,52.79,51.8,52.05,3176100,1.0,0.0
2004-04-22,52.05,53.6,51.86,53.29,3136800,1.0,0.0
2004-04-23,53.12,53.75,52.81,53.54,1769800,1.0,0.0
2004-04-26,53.8,54.36,53.1,53.29,3076500,1.0,0.0
2004-04-27,53.3,53.69,53.04,53.3,4264800,1.0,0.0
2004-04-28,53.1,53.35,52.36,52.8,3467200,1.0,0.0
2004-04-29,52.8,53.2,51.7,52.24,3860200,1.0,0.0
2004-04-30,53.25,53.25,52.01,52.06,3496300,1.0,0.0
2004-05-03,52.55,53.0,52.21,52.35,3126000,1.0,0.0
2004-05-04,52.35,52.38,51.53,51.75,3614700,1.0,0.0
2004-05-05,51.64,52.7,51.6,52.45,2997900,1.0,0.0
2004-05-06,52.3,52.31,51.11,51.5,3326200,1.0,0.0
2004-05-07,51.25,51.67,49.57,50.0,6698800,1.0,0.0
2004-05-10,49.0,49.54,48.1,49.04,7523300,1.0,0.0
2004-05-11,49.3,50.3225,49.3,49.96,4506600,1.0,0.0
2004-05-12,49.96,49.96,48.3,49.55,5146300,1.0,0.0
2004-05-13,49.55,50.49,49.2,50.42,5342900,1.0,0.0
2004-05-14,50.89,51.25,49.81,50.58,4026600,1.0,0.0
2004-05-17,50.58,50.59,49.3,49.68,5708500,1.0,0.0
2004-05-18,50.02,51.82,50.02,51.1,6676600,1.0,0.0
2004-05-19,51.73,51.87,50.6,50.6,5625200,1.0,0.0
2004-05-20,50.61,51.61,50.6,51.37,5411200,1.0,0.0
2004-05-21,51.38,51.48,50.73,51.2,3794400,1.0,0.0
2004-05-24,51.6,52.34,51.42,52.2,4297700,1.0,0.0
2004-05-25,52.05,54.2,51.82,54.05,5868700,1.0,0.0
2004-05-26,53.88,54.34,53.25,54.0,4977200,1.0,0.0
2004-05-27,54.0,54.49,53.74,53.97,4275200,1.0,0.0
2004-05-28,54.06,54.14,53.43,53.57,2846200,1.0,0.0
2004-06-01,53.7,54.17,53.54,53.94,3803300,1.0,0.0
2004-06-02,53.94,54.15,53.4,54.0,3977000,1.0,0.0
2004-06-03,53.75,55.09,53.6,54.49,4916700,1.0,0.0
2004-06-04,54.75,55.09,54.36,54.37,3910900,1.0,0.0
2004-06-07,54.5,55.99,54.5,55.97,4554900,1.0,0.0
2004-06-08,55.71,56.16,55.62,55.96,4395600,1.0,0.0
2004-06-09,55.75,55.83,54.95,55.0,4369200,1.0,0.0
2004-06-10,55.0,55.15,54.23,54.5,3182200,1.0,0.0
2004-06-14,54.4,54.47,53.68,54.01,2786900,1.0,0.0
2004-06-15,54.4,54.5,53.9,53.98,3396500,1.0,0.0
2004-06-16,54.15,54.3,53.52,54.15,2231900,1.0,0.0
2004-06-17,54.05,54.23,53.9,54.01,2155200,1.0,0.0
2004-06-18,53.8,53.94,53.39,53.6,1982900,1.0,0.0
2004-06-21,53.66,54.04,53.29,53.67,1663900,1.0,0.0
2004-06-22,53.4,53.55,52.71,53.3,3110300,1.0,0.0
2004-06-23,53.37,53.96,53.15,53.9,2537200,1.0,0.0
2004-06-24,53.98,54.65,53.85,54.02,4214600,1.0,0.0
2004-06-25,54.25,54.65,53.9,54.07,3196600,1.0,0.0
2004-06-28,54.22,54.4,53.78,53.98,2654100,1.0,0.0
2004-06-29,53.8,53.8,52.47,52.62,5510300,1.0,0.0
2004-06-30,52.7,52.7,51.88,52.55,5272600,1.0,0.0
2004-07-01,52.56,53.1,52.42,53.06,3911500,1.0,0.0
2004-07-02,53.05,54.09,52.65,53.48,3842900,1.0,0.0
2004-07-06,53.4,53.96,52.95,53.45,3251300,1.0,0.0
2004-07-07,53.1,53.88,53.1,53.57,1972900,1.0,0.0
2004-07-08,52.8,53.09,51.51,51.56,4370000,1.0,0.0
2004-07-09,51.9,52.15,51.51,51.51,1996000,1.0,0.0
2004-07-12,51.4,52.04,51.1,51.9,2220600,1.0,0.0
2004-07-13,52.05,52.86,51.93,52.6,3323300,1.0,0.0
2004-07-14,52.1,52.99,52.0,52.17,2227200,1.0,0.04
2004-07-15,52.17,52.45,51.43,51.44,2170000,1.0,0.0
2004-07-16,51.48,51.61,50.21,50.32,3872500,1.0,0.0
2004-07-19,49.95,49.99,47.68,48.7,12135200,1.0,0.0
2004-07-20,49.35,49.99,49.35,49.71,5922900,1.0,0.0
2004-07-21,50.0,50.0,49.25,49.3,3749000,1.0,0.0
2004-07-22,48.9,49.26,48.064,48.95,3815600,1.0,0.0
2004-07-23,48.85,49.25,48.15,48.39,2679800,1.0,0.0
2004-07-26,48.45,48.66,47.75,48.25,3013900,1.0,0.0
2004-07-27,48.35,49.5,48.35,48.87,3538700,1.0,0.0
2004-07-28,48.8,48.8,48.0,48.57,3229400,1.0,0.0
2004-07-29,48.85,49.22,48.44,48.9,2319800,1.0,0.0
2004-07-30,48.78,49.0,48.46,48.72,2209000,1.0,0.0
2004-08-02,48.44,48.8,48.12,48.65,2953400,1.0,0.0
2004-08-03,48.6,48.6,47.65,48.02,4541300,1.0,0.0
2004-08-04,47.77,48.3,47.29,48.03,3383300,1.0,0.0
2004-08-05,48.1,48.12,46.53,46.74,5069000,1.0,0.0
2004-08-06,46.7,47.0,45.9,46.49,4473000,1.0,0.0
2004-08-09,46.83,47.27,46.43,46.87,2590300,1.0,0.0
2004-08-10,47.17,47.6,46.9,47.58,2975200,1.0,0.0
2004-08-11,47.25,47.75,46.9,47.69,3847500,1.0,0.0
2004-08-12,47.69,48.19,47.0,47.22,3579300,1.0,0.0
2004-08-13,47.22,47.88,46.55,46.65,4606900,1.0,0.0
2004-08-16,47.5,49.8,47.5,49.14,8353100,1.0,0.0
2004-08-17,49.85,50.28,49.5,49.69,6032800,1.0,0.0
2004-08-18,49.66,50.84,49.38,50.68,4115100,1.0,0.0
2004-08-19,50.68,50.89,49.97,50.25,3626300,1.0,0.0
2004-08-20,50.25,50.74,50.04,50.32,2098500,1.0,0.0
2004-08-23,50.33,50.33,49.74,50.06,2511700,1.0,0.0
2004-08-24,50.43,50.65,49.91,50.15,3591900,1.0,0.0
2004-08-25,50.2,50.35,49.54,50.1,2739200,1.0,0.0
2004-08-26,50.1,50.38,49.85,50.2,1770900,1.0,0.0
2004-08-27,50.3,50.75,49.97,50.47,1871400,1.0,0.0
2004-08-30,50.12,50.46,49.99,50.02,1734400,1.0,0.0
2004-08-31,50.01,50.12,49.41,49.7,2828200,1.0,0.0
2004-09-01,49.95,50.24,49.6,50.18,2931700,1.0,0.0
2004-09-02,50.26,52.09,50.26,52.05,4539500,1.0,0.0
2004-09-03,52.1,52.89,52.05,52.35,3984600,1.0,0.0
2004-09-07,52.8,53.08,52.26,52.8,4468400,1.0,0.0
2004-09-08,52.8,52.86,52.19,52.3,3237600,1.0,0.0
2004-09-09,52.39,52.85,52.22,52.6,4150200,1.0,0.0
2004-09-10,52.6,53.85,52.57,53.57,3653900,1.0,0.0
2004-09-13,53.65,53.77,53.12,53.37,3624600,1.0,0.0
2004-09-14,53.3,53.46,52.75,53.2,2765100,1.0,0.0
2004-09-15,53.43,53.43,52.72,52.77,2267600,1.0,0.0
2004-09-16,52.88,53.69,52.82,53.2,2569300,1.0,0.0
2004-09-17,53.6,53.86,53.11,53.54,4171100,1.0,0.0
2004-09-20,53.36,53.46,52.78,53.0,2212100,1.0,0.0
2004-09-21,53.2,54.01,53.2,53.83,2596100,1.0,0.0
2004-09-22,53.45,53.55,52.9,53.11,2944400,1.0,0.0
2004-09-23,53.16,53.67,52.81,53.27,2467200,1.0,0.0
2004-09-24,53.27,53.91,53.27,53.66,2199600,1.0,0.0
2004-09-27,53.6,53.81,53.19,53.43,2589800,1.0,0.0
2004-09-28,53.43,53.92,52.55,53.76,4218200,1.0,0.0
2004-09-29,53.76,54.9,53.59,54.82,4713800,1.0,0.0
2004-09-30,54.75,55.0,54.23,54.35,4287500,1.0,0.0
2004-10-01,54.6,55.56,54.5,55.18,3827300,1.0,0.0
2004-10-04,55.38,56.21,55.38,55.65,3363700,1.0,0.0
2004-10-05,55.6,55.75,55.07,55.27,3257800,1.0,0.0
2004-10-06,55.15,55.57,54.99,55.39,1740700,1.0,0.0
2004-10-07,55.46,55.88,54.62,54.64,2690600,1.0,0.0
2004-10-08,54.55,55.15,53.89,54.2,2785800,1.0,0.0
2004-10-11,54.7,55.26,54.6,55.04,1904900,1.0,0.0
2004-10-12,54.6,55.34,54.5,54.96,2219700,1.0,0.0
2004-10-13,55.39,55.5,54.8,54.96,2915300,1.0,0.04
2004-10-14,55.15,55.61,54.63,54.77,2711700,1.0,0.0
2004-10-15,55.07,55.41,54.87,55.07,2662800,1.0,0.0
2004-10-18,54.95,56.8,54.85,56.51,3599000,1.0,0.0
2004-10-19,57.0,57.75,56.37,56.4,3715300,1.0,0.0
2004-10-20,56.37,56.5,55.85,56.08,3197900,1.0,0.0
2004-10-21,56.29,56.62,55.82,55.99,2668900,1.0,0.0
2004-10-22,56.0,56.16,55.11,55.24,2261300,1.0,0.0
2004-10-25,55.0,55.0,54.07,54.24,3664600,1.0,0.0
2004-10-26,54.05,55.0,54.04,54.79,3894600,1.0,0.0
2004-10-27,54.55,56.52,54.37,56.17,4230800,1.0,0.0
2004-10-28,55.9,56.67,55.83,56.56,2166600,1.0,0.0
2004-10-29,56.36,56.78,55.76,56.28,2292800,1.0,0.0
2004-11-01,56.38,57.75,56.27,57.45,4025400,1.0,0.0
2004-11-02,57.7,58.35,57.6,58.29,4489600,1.0,0.0
2004-11-03,59.0,59.15,58.03,58.34,4609000,1.0,0.0
2004-11-04,58.14,59.37,58.06,59.33,3746900,1.0,0.0
2004-11-05,59.33,59.82,59.17,59.44,3181700,1.0,0.0
2004-11-08,59.35,59.47,58.9,59.44,2856800,1.0,0.0
2004-11-09,59.02,59.6,58.93,59.42,3723900,1.0,0.0
2004-11-10,59.6,59.88,59.27,59.33,2530300,1.0,0.0
2004-11-11,59.52,59.91,59.3,59.89,1793400,1.0,0.0
2004-11-12,59.89,60.54,59.6668,60.25,2832100,1.0,0.0
2004-11-15,59.54,59.54,57.71,59.25,10064900,1.0,0.0
2004-11-16,59.35,59.44,57.34,58.08,4865900,1.0,0.0
2004-11-17,58.24,58.45,57.43,57.67,3859400,1.0,0.0
2004-11-18,57.45,57.74,56.91,57.6,3787000,1.0,0.0
2004-11-19,57.61,57.68,56.67,56.77,2923900,1.0,0.0
2004-11-22,56.82,57.68,56.67,57.43,4087100,1.0,0.0
2004-11-23,57.27,57.75,56.85,57.23,2390900,1.0,0.0
2004-11-24,57.51,57.84,57.01,57.44,1937100,1.0,0.0
2004-11-26,57.35,57.7,57.22,57.22,826000,1.0,0.0
2004-11-29,57.23,57.38,56.04,56.42,3758900,1.0,0.0
2004-11-30,55.42,56.26,55.05,55.33,4940200,1.0,0.0
2004-12-01,55.78,56.45,55.67,56.42,3895500,1.0,0.0
2004-12-02,56.17,58.02,55.64,57.41,4203100,1.0,0.0
2004-12-03,57.1,57.69,56.55,57.47,2828700,1.0,0.0
2004-12-06,57.13,57.55,57.08,57.24,1790500,1.0,0.0
2004-12-07,57.25,57.84,57.1,57.35,3031900,1.0,0.0
2004-12-08,57.35,58.5,57.35,58.06,3449100,1.0,0.0
2004-12-09,57.81,58.56,57.77,58.51,2683400,1.0,0.0
2004-12-10,59.56,59.56,58.3,58.58,2275800,1.0,0.0
2004-12-13,58.78,58.9,58.25,58.4,2864900,1.0,0.0
2004-12-14,58.1,58.1,57.59,57.9,3139300,1.0,0.0
2004-12-15,57.91,58.1,57.6,57.92,2522900,1.0,0.0
2004-12-16,57.72,57.84,57.13,57.54,2698500,1.0,0.0
2004-12-17,56.86,57.7,56.62,56.78,3873400,1.0,0.0
2004-12-20,57.15,57.5,56.35,56.46,2227600,1.0,0.0
2004-12-21,56.75,57.45,56.6,57.23,2615200,1.0,0.0
2004-12-22,56.97,57.78,56.89,57.49,2302500,1.0,0.0
2004-12-23,57.69,57.95,57.25,57.3,1408700,1.0,0.0
2004-12-27,57.52,57.57,56.73,56.73,1395500,1.0,0.0
2004-12-28,56.98,57.5,56.77,57.5,1560100,1.0,0.0
2004-12-29,57.55,57.86,57.54,57.78,2539700,1.0,0.0
2004-12-30,57.98,58.0,57.45,57.51,1146600,1.0,0.0
2004-12-31,57.73,57.98,57.53,57.59,1209200,1.0,0.0
2005-01-03,57.98,58.33,57.66,57.96,2689100,1.0,0.0
2005-01-04,57.96,58.17,56.75,56.75,3028900,1.0,0.0
2005-01-05,56.76,57.08,56.17,56.27,2679500,1.0,0.0
2005-01-06,56.32,56.76,55.9,56.45,3073800,1.0,0.0
2005-01-07,56.97,57.0,56.55,56.66,2524000,1.0,0.0
2005-01-10,56.35,58.07,56.29,57.84,3889200,1.0,0.0
2005-01-11,57.35,58.06,57.346,57.58,3341700,1.0,0.0
2005-01-12,57.43,57.8,56.84,57.38,3245600,1.0,0.04
2005-01-13,57.18,57.45,56.3,56.44,3058500,1.0,0.0
2005-01-14,56.74,57.19,56.45,56.87,2475100,1.0,0.0
2005-01-18,56.5,57.46,56.41,57.44,2017300,1.0,0.0
2005-01-19,57.34,57.6,57.07,57.13,1658800,1.0,0.0
2005-01-20,56.99,57.2,55.91,56.25,3169500,1.0,0.0
2005-01-21,56.17,56.45,55.81,55.91,2931100,1.0,0.0
2005-01-24,56.25,56.27,55.07,55.09,3112000,1.0,0.0
2005-01-25,55.3,55.96,55.3,55.65,2952600,1.0,0.0
2005-01-26,56.15,56.42,55.82,56.04,2766700,1.0,0.0
2005-01-27,56.1,56.2,55.71,55.91,2556400,1.0,0.0
2005-01-28,55.9,56.37,55.65,56.18,2218000,1.0,0.0
2005-01-31,57.0,57.34,56.9,56.99,3042600,1.0,0.0
2005-02-01,57.2,57.23,56.64,57.08,3058300,1.0,0.0
2005-02-02,57.2,57.3,56.93,57.3,2154100,1.0,0.0
2005-02-03,57.1,57.41,56.954,57.27,2062100,1.0,0.0
2005-02-04,57.28,58.65,57.28,58.65,2551400,1.0,0.0
2005-02-07,58.55,59.4,58.45,58.95,2765700,1.0,0.0
2005-02-08,58.78,58.99,58.55,58.71,2527900,1.0,0.0
2005-02-09,58.55,58.98,57.79,57.87,2397900,1.0,0.0
2005-02-10,57.93,59.2,57.9228,59.05,3173600,1.0,0.0
2005-02-11,59.0,59.97,58.54,59.6,3222400,1.0,0.0
2005-02-14,59.44,59.53,58.95,59.1,1722200,1.0,0.0
2005-02-15,59.08,59.48,58.95,59.2,1713000,1.0,0.0
2005-02-16,59.21,59.63,58.77,59.51,2788500,1.0,0.0
2005-02-17,59.49,59.55,58.56,59.13,2171300,1.0,0.0
2005-02-18,59.13,59.25,58.5,58.75,3436700,1.0,0.0
2005-02-22,58.1,58.27,57.32,57.53,3989700,1.0,0.0
2005-02-23,57.5,58.5,56.75,57.9,5651700,1.0,0.0
2005-02-24,58.4,59.2,57.34,59.17,4433000,1.0,0.0
2005-02-25,59.07,59.14,58.52,59.0,3962000,1.0,0.0
2005-02-28,58.69,59.3,58.59,58.78,4095200,1.0,0.0
2005-03-01,58.62,59.08,58.02,58.35,4541100,1.0,0.0
2005-03-02,57.75,58.4,57.65,58.03,5267200,1.0,0.0
2005-03-03,58.05,58.51,57.9,58.1,3704400,1.0,0.0
2005-03-04,58.25,58.31,57.7,58.2,3022100,1.0,0.0
2005-03-07,57.95,58.41,57.77,57.95,3028300,1.0,0.0
2005-03-08,57.61,57.98,57.41,57.75,2879800,1.0,0.0
2005-03-09,57.45,57.63,57.01,57.2,2937500,1.0,0.0
2005-03-10,57.17,57.84,57.16,57.65,2626300,1.0,0.0
2005-03-11,57.5,57.97,57.37,57.65,1928600,1.0,0.0
2005-03-14,57.6,57.69,57.04,57.48,2316100,1.0,0.0
2005-03-15,57.6,57.67,57.22,57.57,2402600,1.0,0.0
2005-03-16,57.25,57.45,56.9,57.37,2457000,1.0,0.0
2005-03-17,57.21,57.38,57.01,57.18,2692600,1.0,0.0
2005-03-18,57.19,57.51,56.67,57.01,4252100,1.0,0.0
2005-03-21,56.77,56.88,56.1,56.56,2391100,1.0,0.0
2005-03-22,56.56,57.0,56.12,56.25,2977000,1.0,0.0
2005-03-23,56.25,56.82,55.73,56.53,3962800,1.0,0.0
2005-03-24,56.53,57.19,56.4,56.81,3579700,1.0,0.0
2005-03-28,56.82,58.0,56.81,57.72,3897500,1.0,0.0
2005-03-29,57.5,57.64,56.73,56.86,4197500,1.0,0.0
2005-03-30,56.81,57.39,56.76,56.89,2796000,1.0,0.0
2005-03-31,56.99,57.41,56.78,57.09,3436400,1.0,0.0
2005-04-01,57.3,57.36,55.86,56.19,4921200,1.0,0.0
2005-04-04,56.3,56.75,55.57,56.47,2966100,1.0,0.0
2005-04-05,56.47,57.07,56.05,56.83,2382700,1.0,0.0
2005-04-06,56.85,56.98,56.4516,56.51,3119400,1.0,0.0
2005-04-07,56.4,56.63,55.52,56.34,4012800,1.0,0.0
2005-04-08,55.6,56.11,54.57,54.81,5900000,1.0,0.0
2005-04-11,54.5,54.97,54.38,54.47,3291600,1.0,0.0
2005-04-12,54.27,55.51,54.15,55.31,4310700,1.0,0.0
2005-04-13,55.03,55.41,53.5,53.81,5673300,1.0,0.04
2005-04-14,53.81,53.81,52.77,52.84,4139100,1.0,0.0
2005-04-15,52.2,52.5,51.63,51.64,4037800,1.0,0.0
2005-04-18,51.7,53.13,51.65,53.06,4409900,1.0,0.0
2005-04-19,52.9,53.09,52.39,52.6,3259700,1.0,0.0
2005-04-20,52.35,52.67,51.3142,51.5,4256800,1.0,0.0
2005-04-21,52.2,52.59,51.76,52.38,2984900,1.0,0.0
2005-04-22,52.3,52.48,51.63,51.88,3098000,1.0,0.0
2005-04-25,52.3,52.9,51.98,52.03,2400700,1.0,0.0
2005-04-26,52.03,52.89,51.89,52.1,2130500,1.0,0.0
2005-04-27,51.9,53.04,51.54,52.28,3035700,1.0,0.0
2005-04-28,52.3,52.6,51.41,51.74,3013800,1.0,0.0
2005-04-29,51.95,52.26,50.72,52.11,3829800,1.0,0.0
2005-05-02,52.1,52.92,52.1,52.69,2890900,1.0,0.0
2005-05-03,52.09,52.84,51.95,52.31,4034000,1.0,0.0
2005-05-04,52.31,53.51,52.01,53.39,3753600,1.0,0.0
2005-05-05,53.05,54.03,53.05,53.39,2246100,1.0,0.0
2005-05-06,53.5,54.32,53.46,53.54,3025700,1.0,0.0
2005-05-09,53.45,54.23,53.15,54.18,2261700,1.0,0.0
2005-05-10,53.7,53.99,53.28,53.75,2322300,1.0,0.0
2005-05-11,53.44,53.98,52.65,53.78,2382500,1.0,0.0
2005-05-12,53.59,54.21,52.65,52.83,5978700,1.0,0.0
2005-05-13,52.55,53.03,51.87,52.86,3321300,1.0,0.0
2005-05-16,53.24,55.8,53.24,55.8,7761100,1.0,0.0
2005-05-17,55.8,56.4,55.2,55.86,4869500,1.0,0.0
2005-05-18,55.99,57.54,55.89,57.42,6544600,1.0,0.0
2005-05-19,57.34,57.98,57.1,57.89,7281700,1.0,0.0
2005-05-20,57.89,57.89,57.05,57.44,2212700,1.0,0.0
2005-05-23,56.7,57.72,56.7,57.38,3540800,1.0,0.0
2005-05-24,57.02,57.52,56.82,57.38,2960000,1.0,0.0
2005-05-25,57.13,57.25,56.5,56.92,3351100,1.0,0.0
2005-05-26,57.21,57.99,56.9,57.89,5209900,1.0,0.0
2005-05-27,57.78,57.8,57.04,57.15,2224600,1.0,0.0
2005-05-31,56.95,57.72,56.56,57.21,3324400,1.0,0.0
2005-06-01,57.05,58.0,56.94,57.72,3458400,1.0,0.0
2005-06-02,57.37,57.87,57.24,57.75,2726900,1.0,0.0
2005-06-03,57.48,57.96,56.7,56.96,2056500,1.0,0.0
2005-06-06,57.04,57.97,56.72,57.93,2065500,1.0,0.0
2005-06-07,58.0,59.71,57.95,59.0,6356700,1.0,0.0
2005-06-08,59.01,59.9,58.94,59.07,4240300,1.0,0.0
2005-06-09,58.95,59.42,58.46,58.82,2767200,1.0,0.0
2005-06-10,59.1,59.22,57.51,58.3,4867000,1.0,0.0
2005-06-13,58.11,58.83,57.59,58.0,2433700,1.0,0.0
2005-06-14,57.95,59.25,57.81,58.72,3819800,1.0,0.0
2005-06-15,59.0,59.6,58.59,59.16,2475500,1.0,0.0
2005-06-16,59.16,59.86,58.76,59.06,3178500,1.0,0.0
2005-06-17,59.98,59.99,59.37,59.42,4279100,1.0,0.0
2005-06-20,59.1,59.51,58.57,59.45,2562500,1.0,0.0
2005-06-21,59.35,59.44,58.7,58.7,1947800,1.0,0.0
2005-06-22,58.71,59.01,58.46,58.62,1702700,1.0,0.0
2005-06-23,58.62,59.0,57.55,57.55,2800100,1.0,0.0
2005-06-24,57.2,57.6,56.52,56.75,3485000,1.0,0.0
2005-06-27,56.6,57.41,56.6,56.94,2545300,1.0,0.0
2005-06-28,57.2,58.22,57.2,58.0,2387400,1.0,0.0
2005-06-29,57.99,58.47,57.57,57.83,1939100,1.0,0.0
2005-06-30,58.75,59.2,58.1,58.22,3531200,1.0,0.0
2005-07-01,58.28,58.5,57.2,57.6,2395500,1.0,0.0
2005-07-05,57.38,58.44,57.35,58.22,2091600,1.0,0.0
2005-07-06,58.23,58.48,57.45,57.85,2082600,1.0,0.0
2005-07-07,57.26,58.33,57.0,58.26,1929500,1.0,0.0
2005-07-08,58.5,59.71,58.45,59.52,3382000,1.0,0.0
2005-07-11,59.74,60.85,59.32,60.73,6208700,1.0,0.0
2005-07-12,60.5,62.79,60.47,62.41,7386500,1.0,0.0
2005-07-13,62.25,62.45,61.87,62.2,3338700,1.0,0.06
2005-07-14,62.3,63.35,62.3,62.9,3957000,1.0,0.0
2005-07-15,62.91,63.99,62.47,63.65,2958900,1.0,0.0
2005-07-18,63.3,64.59,63.2,64.56,3810600,1.0,0.0
2005-07-19,64.65,66.62,64.64,65.98,6395000,1.0,0.0
2005-07-20,65.9,66.65,65.33,66.04,3180100,1.0,0.0
2005-07-21,65.85,65.98,64.48,65.25,4032900,1.0,0.0
2005-07-22,65.4,65.76,64.97,65.73,2005300,1.0,0.0
2005-07-25,65.56,66.0,65.17,65.57,3478600,1.0,0.0
2005-07-26,65.8,66.4,65.7,66.3,3314400,1.0,0.0
2005-07-27,66.47,66.48,65.41,66.07,2961000,1.0,0.0
2005-07-28,66.35,67.01,66.21,67.0,2968900,1.0,0.0
2005-07-29,66.8,66.85,66.01,66.22,3149100,1.0,0.0
2005-08-01,66.23,66.38,65.25,66.11,3029700,1.0,0.0
2005-08-02,66.11,66.62,65.49,66.08,2463800,1.0,0.0
2005-08-03,66.08,66.1,65.15,65.39,2905800,1.0,0.0
2005-08-04,64.7,64.71,62.83,63.39,5518000,1.0,0.0
2005-08-05,63.39,63.4,62.77,63.07,3101700,1.0,0.0
2005-08-08,63.3,63.64,62.3,62.64,2262500,1.0,0.0
2005-08-09,63.18,64.59,63.16,64.55,3674200,1.0,0.0
2005-08-10,65.09,66.0,64.97,65.32,5431900,1.0,0.0
2005-08-11,65.1,65.68,64.18,64.95,3329600,1.0,0.0
2005-08-12,64.59,65.61,64.03,65.19,3985900,1.0,0.0
2005-08-15,66.97,66.97,64.43,65.89,6036200,1.0,0.0
2005-08-16,65.7,65.81,64.63,64.69,4957400,1.0,0.0
2005-08-17,64.6,65.84,64.01,65.42,3631200,1.0,0.0
2005-08-18,65.11,65.75,64.792,65.68,3309100,1.0,0.0
2005-08-19,65.92,65.92,64.69,64.69,3892400,1.0,0.0
2005-08-22,64.77,64.88,63.55,63.91,4812300,1.0,0.0
2005-08-23,63.8,64.29,63.53,63.81,3698000,1.0,0.0
2005-08-24,63.83,63.842,62.82,62.87,3487300,1.0,0.0
2005-08-25,63.1,64.29,63.05,64.19,3546900,1.0,0.0
2005-08-26,64.02,64.26,62.87,63.18,3010400,1.0,0.0
2005-08-29,64.25,64.85,63.75,64.6,4581600,1.0,0.0
2005-08-30,64.6,64.6,62.32,62.89,5734700,1.0,0.0
2005-08-31,63.0,64.31,62.37,64.31,5025400,1.0,0.0
2005-09-01,64.21,65.56,64.12,64.64,5550100,1.0,0.0
2005-09-02,65.1,65.5,64.01,64.25,2048300,1.0,0.0
2005-09-06,64.75,66.6,64.75,66.46,4082500,1.0,0.0
2005-09-07,66.7,67.32,66.0,67.3,4663800,1.0,0.0
2005-09-08,66.86,67.5,66.61,67.0,3538200,1.0,0.0
2005-09-09,67.01,68.09,66.84,68.09,3655300,1.0,0.0
2005-09-12,67.75,68.94,67.55,68.81,3932300,1.0,0.0
2005-09-13,68.81,68.95,67.39,67.47,4424900,1.0,0.0
2005-09-14,67.47,67.51,65.51,65.99,4110900,1.0,0.0
2005-09-15,66.24,66.47,65.35,66.08,2691900,1.0,0.0
2005-09-16,66.28,66.4,64.75,65.4,7058300,1.0,0.0
2005-09-19,65.4,65.41,63.8,64.33,2992600,1.0,0.0
2005-09-20,64.65,64.88,62.77,63.13,2962700,1.0,0.0
2005-09-21,62.88,63.08,61.23,62.43,5662300,1.0,0.0
2005-09-22,62.6,65.57,62.02,65.3,6013800,1.0,0.0
2005-09-23,65.2,66.15,64.57,65.39,4139400,1.0,0.0
2005-09-26,65.68,66.29,64.61,65.27,3713300,1.0,0.0
2005-09-27,65.27,65.45,63.72,64.5,3468400,1.0,0.0
2005-09-28,64.98,64.98,62.95,63.22,4168500,1.0,0.0
2005-09-29,63.16,64.79,62.75,64.15,4858100,1.0,0.0
2005-09-30,64.2,65.17,63.8,64.4,2988100,1.0,0.0
2005-10-03,64.48,65.2,63.97,64.1,2755400,1.0,0.0
2005-10-04,64.2,64.97,63.58,63.58,3167600,1.0,0.0
2005-10-05,63.4,63.45,62.41,62.7,3530900,1.0,0.0
2005-10-06,63.27,63.89,61.2,62.54,4973000,1.0,0.0
2005-10-07,63.05,63.5,62.2,62.83,2947500,1.0,0.0
2005-10-10,62.62,62.88,61.45,61.9,2915800,1.0,0.0
2005-10-11,61.98,62.55,61.08,61.08,4122700,1.0,0.0
2005-10-12,60.6,61.62,60.17,61.4,6366300,1.0,0.06
2005-10-13,61.1,61.42,59.56,60.71,3747300,1.0,0.0
2005-10-14,61.29,61.51,60.78,61.21,3482600,1.0,0.0
2005-10-17,61.16,61.31,59.9175,61.31,4196500,1.0,0.0
2005-10-18,61.0,61.01,59.53,59.85,5801300,1.0,0.0
2005-10-19,59.8,62.0,59.08,61.89,5970600,1.0,0.0
2005-10-20,61.89,62.92,61.3,61.64,5064500,1.0,0.0
2005-10-21,62.3,62.69,60.96,61.22,4993000,1.0,0.0
2005-10-24,61.5,62.01,60.82,61.97,3451900,1.0,0.0
2005-10-25,61.98,62.16,60.61,60.9,4335900,1.0,0.0
2005-10-26,60.25,61.02,59.75,59.91,4608200,1.0,0.0
2005-10-27,59.85,60.08,57.83,58.27,4754000,1.0,0.0
2005-10-28,58.77,59.87,58.5,59.82,3754800,1.0,0.0
2005-10-31,60.55,61.38,60.48,60.77,4460700,1.0,0.0
2005-11-01,60.6,60.6,59.65,60.05,4803300,1.0,0.0
2005-11-02,59.95,60.5,59.94,60.35,8092600,1.0,0.0
2005-11-03,60.7,61.49,60.6601,61.07,7227600,1.0,0.0
2005-11-04,61.42,61.42,60.58,60.95,3556900,1.0,0.0
2005-11-07,61.25,62.05,61.14,61.95,4066900,1.0,0.0
2005-11-08,61.1,61.11,60.1,60.5,4477600,1.0,0.0
2005-11-09,60.7,60.8,59.94,60.33,3464300,1.0,0.0
2005-11-10,60.23,61.56,60.19,61.0,4052800,1.0,0.0
2005-11-11,61.17,62.19,60.8,61.97,3866300,1.0,0.0
2005-11-14,65.5,66.05,64.26,64.89,10174100,1.0,0.0
2005-11-15,64.86,65.38,63.62,64.11,4258000,1.0,0.0
2005-11-16,64.45,65.19,64.07,64.94,3492700,1.0,0.0
2005-11-17,64.94,65.68,64.52,65.6,3165100,1.0,0.0
2005-11-18,65.6,66.11,65.4,65.95,4098800,1.0,0.0
2005-11-21,65.7,66.48,64.75,66.38,3397600,1.0,0.0
2005-11-22,66.07,67.14,65.84,67.04,3602300,1.0,0.0
2005-11-23,67.08,67.35,66.24,66.62,2325800,1.0,0.0
2005-11-25,67.05,67.05,65.92,66.75,1083600,1.0,0.0
2005-11-28,67.0,67.2,65.66,66.5,3896900,1.0,0.0
2005-11-29,66.95,67.85,66.58,67.75,5675700,1.0,0.0
2005-11-30,67.75,67.87,67.12,67.48,4390100,1.0,0.0
2005-12-01,67.85,67.92,66.89,67.78,3557600,1.0,0.0
2005-12-02,67.55,67.9599,67.51,67.83,2488400,1.0,0.0
2005-12-05,67.5,67.7,66.73,66.99,3686500,1.0,0.0
2005-12-06,67.4,67.75,66.5,67.36,3528000,1.0,0.0
2005-12-07,67.3,67.87,67.12,67.83,3894900,1.0,0.0
2005-12-08,67.83,68.51,67.53,67.98,4999200,1.0,0.0
2005-12-09,67.93,68.36,67.36,68.0,2278100,1.0,0.0
2005-12-12,68.38,68.8,68.16,68.45,2225700,1.0,0.0
2005-12-13,68.0,69.07,67.41,68.81,3549700,1.0,0.0
2005-12-14,68.9,69.68,68.76,69.24,2609400,1.0,0.0
2005-12-15,69.69,69.69,68.59,69.39,2354500,1.0,0.0
2005-12-16,69.61,69.7,68.91,69.41,3215900,1.0,0.0
2005-12-19,69.1,69.41,68.36,68.54,1822200,1.0,0.0
2005-12-20,68.9,69.21,67.8,68.57,4834900,1.0,0.0
2005-12-21,68.9,69.69,68.85,69.22,2840000,1.0,0.0
2005-12-22,68.9,68.91,67.52,67.93,3536000,1.0,0.0
2005-12-23,67.99,68.0,66.95,67.46,2572400,1.0,0.0
2005-12-27,67.53,68.09,66.74,66.99,2160600,1.0,0.0
2005-12-28,67.0,67.33,66.85,67.01,1734100,1.0,0.0
2005-12-29,66.87,67.6,66.87,67.15,1157100,1.0,0.0
2005-12-30,66.9,67.51,66.61,66.66,1373800,1.0,0.0
2006-01-03,66.61,67.41,65.3,67.07,3953700,1.0,0.0
2006-01-04,65.9,66.48,65.76,66.24,4636300,1.0,0.0
2006-01-05,66.24,66.5,65.3003,65.47,3224600,1.0,0.0
2006-01-06,65.7,65.7,64.42,64.7,5318400,1.0,0.0
2006-01-09,64.52,65.27,64.33,65.08,4210700,1.0,0.0
2006-01-10,64.65,66.06,64.65,65.94,3278300,1.0,0.0
2006-01-11,65.91,67.11,65.85,66.85,3717400,1.0,0.0
2006-01-12,66.85,67.19,66.0,66.34,2956700,1.0,0.0
2006-01-13,66.49,66.72,65.9601,66.24,2265300,1.0,0.0
2006-01-17,65.65,65.79,64.93,65.33,2980800,1.0,0.0
2006-01-18,65.28,65.58,64.0,65.16,3507900,1.0,0.06
2006-01-19,64.85,65.35,64.12,64.71,2802500,1.0,0.0
2006-01-20,64.9,64.91,63.1,63.13,5352200,1.0,0.0
2006-01-23,63.47,63.7,63.05,63.26,3901400,1.0,0.0
2006-01-24,63.51,64.33,63.29,64.17,3868200,1.0,0.0
2006-01-25,64.3,64.75,63.4,63.79,3263200,1.0,0.0
2006-01-26,64.4,65.48,64.14,65.19,3766300,1.0,0.0
2006-01-27,65.0,66.27,64.78,65.11,3439400,1.0,0.0
2006-01-30,65.02,65.29,63.9,63.98,2607900,1.0,0.0
2006-01-31,63.9,64.19,63.25,63.55,3981500,1.0,0.0
2006-02-01,64.2,64.2,62.95,63.33,4042300,1.0,0.0
2006-02-02,63.58,64.54,63.06,64.17,4620600,1.0,0.0
2006-02-03,63.65,64.43,63.33,63.52,2829400,1.0,0.0
2006-02-06,63.17,63.32,62.55,62.92,2658000,1.0,0.0
2006-02-07,62.36,62.97,61.83,61.87,3812100,1.0,0.0
2006-02-08,61.52,62.67,61.16,62.5,3577400,1.0,0.0
2006-02-09,62.47,63.22,62.04,62.5,2444300,1.0,0.0
2006-02-10,62.55,63.01,61.17,62.62,3208900,1.0,0.0
2006-02-13,62.65,63.74,62.47,63.56,2830100,1.0,0.0
2006-02-14,63.93,65.54,63.5201,65.48,4912900,1.0,0.0
2006-02-15,64.5,66.05,64.5,66.04,4969300,1.0,0.0
2006-02-16,66.37,66.76,66.1,66.64,3376600,1.0,0.0
2006-02-17,66.64,66.64,65.8,66.27,2296900,1.0,0.0
2006-02-21,66.95,67.06,65.0,65.55,3261000,1.0,0.0
2006-02-22,65.98,66.35,65.7,65.99,2706600,1.0,0.0
2006-02-23,66.06,66.3,65.3,65.47,3133900,1.0,0.0
2006-02-24,65.47,65.61,64.61,65.52,2665200,1.0,0.0
2006-02-27,68.45,69.56,67.75,69.3,11298800,1.0,0.0
2006-02-28,69.15,69.65,68.11,68.18,4248700,1.0,0.0
2006-03-01,68.18,68.4,67.0,68.32,4657500,1.0,0.0
2006-03-02,67.7,68.62,67.56,68.26,4839800,1.0,0.0
2006-03-03,67.7,68.02,67.29,67.39,3372600,1.0,0.0
2006-03-06,67.16,67.35,66.65,66.68,3835100,1.0,0.0
2006-03-07,66.16,66.18,65.56,65.92,5224600,1.0,0.0
2006-03-08,66.02,67.39,65.62,66.67,4414000,1.0,0.0
2006-03-09,66.75,66.95,65.1,65.4,4335100,1.0,0.0
2006-03-10,65.5,65.69,65.16,65.4,3880100,1.0,0.0
2006-03-13,65.8,66.18,65.5,65.85,2554000,1.0,0.0
2006-03-14,65.85,67.94,65.806,67.51,4063700,1.0,0.0
2006-03-15,67.3,67.61,66.51,67.46,3358200,1.0,0.0
2006-03-16,67.95,68.22,67.72,67.8,3584300,1.0,0.0
2006-03-17,68.05,68.81,67.75,68.63,4659600,1.0,0.0
2006-03-20,68.33,68.85,67.76,68.0,2634400,1.0,0.0
2006-03-21,67.98,67.99,67.06,67.64,2591800,1.0,0.0
2006-03-22,67.5,67.6,66.91,67.25,2395000,1.0,0.0
2006-03-23,67.42,67.94,66.57,66.57,3313400,1.0,0.0
2006-03-24,66.57,66.61,65.56,66.16,2488000,1.0,0.0
2006-03-27,66.17,67.07,65.88,65.9,2899500,1.0,0.0
2006-03-28,66.05,66.4,65.4,65.68,3695200,1.0,0.0
2006-03-29,65.8,66.49,65.61,65.69,2048200,1.0,0.0
2006-03-30,65.44,66.0976,64.75,64.77,3254500,1.0,0.0
2006-03-31,65.02,65.29,64.4,64.44,3864100,1.0,0.0
2006-04-03,64.95,64.95,63.87,64.18,5706800,1.0,0.0
2006-04-04,64.7,65.6,64.55,65.51,3515100,1.0,0.0
2006-04-05,65.61,66.96,65.59,66.7,4650800,1.0,0.0
2006-04-06,66.21,66.76,65.95,66.39,2427700,1.0,0.0
2006-04-07,66.74,66.79,65.11,65.39,3055500,1.0,0.0
2006-04-10,65.35,65.7,65.0,65.17,1837800,1.0,0.0
2006-04-11,65.17,65.55,64.21,64.7,3798000,1.0,0.0
2006-04-12,64.59,64.6,63.71,64.15,1939100,1.0,0.0
2006-04-13,64.1,64.66,64.05,64.29,2384800,1.0,0.0
2006-04-17,64.3,64.39,63.29,63.51,3802300,1.0,0.0
2006-04-18,63.51,64.5,63.51,64.07,5677100,1.0,0.0
2006-04-19,63.9,64.08,63.04,63.8,3683100,1.0,0.06
2006-04-20,63.8,63.8,63.29,63.7,4211000,1.0,0.0
2006-04-21,64.35,64.4,62.9,63.28,6275000,1.0,0.0
2006-04-24,63.43,63.49,62.64,62.83,4298200,1.0,0.0
2006-04-25,62.83,63.24,62.37,62.59,3454200,1.0,0.0
2006-04-26,63.05,63.83,62.53,62.86,3605700,1.0,0.0
2006-04-27,62.87,64.25,62.3,63.35,7148800,1.0,0.0
2006-04-28,63.0,63.77,62.8,63.05,4104000,1.0,0.0
2006-05-01,63.42,64.24,63.42,63.55,3525700,1.0,0.0
2006-05-02,63.55,63.71,62.53,62.7,3298200,1.0,0.0
2006-05-03,62.5,62.79,62.01,62.35,2707900,1.0,0.0
2006-05-04,62.55,63.08,62.21,62.74,1931500,1.0,0.0
2006-05-05,63.48,65.33,63.48,65.32,4037600,1.0,0.0
2006-05-08,65.0,65.66,64.89,64.97,2437100,1.0,0.0
2006-05-09,64.86,65.7,64.86,65.43,2191800,1.0,0.0
2006-05-10,65.08,65.58,64.2,64.46,2323000,1.0,0.0
2006-05-11,64.46,64.82,64.11,64.31,2806200,1.0,0.0
2006-05-12,64.31,64.32,62.65,63.27,3328300,1.0,0.0
2006-05-15,63.24,64.13,62.75,63.24,3821500,1.0,0.0
2006-05-16,63.2,63.46,62.42,62.51,4261100,1.0,0.0
2006-05-17,62.28,62.47,61.24,61.27,3998400,1.0,0.0
2006-05-18,61.52,62.36,61.1,61.5,3955000,1.0,0.0
2006-05-19,61.9,63.5,61.3,62.64,4373900,1.0,0.0
2006-05-22,62.05,62.51,59.0,59.82,10532300,1.0,0.0
2006-05-23,59.52,60.36,59.39,59.41,5613400,1.0,0.0
2006-05-24,59.57,61.0,59.14,60.66,7214200,1.0,0.0
2006-05-25,61.75,62.25,61.23,62.04,6349400,1.0,0.0
2006-05-26,62.5,62.55,61.68,61.85,2819700,1.0,0.0
2006-05-30,61.2,61.21,60.65,60.99,3910500,1.0,0.0
2006-05-31,61.4,62.29,61.31,62.28,3826800,1.0,0.0
2006-06-01,62.1,63.51,61.98,63.46,5074900,1.0,0.0
2006-06-02,63.53,64.01,62.54,63.46,4038000,1.0,0.0
2006-06-05,63.0,63.42,62.05,62.12,3673700,1.0,0.0
2006-06-06,62.37,62.6,60.87,61.51,5825100,1.0,0.0
2006-06-07,61.51,61.85,60.84,60.99,4063100,1.0,0.0
2006-06-08,61.0,62.5,60.4,62.12,5529400,1.0,0.0
2006-06-09,62.13,62.5,61.87,62.28,3239000,1.0,0.0
2006-06-12,62.2,62.43,61.2,61.3,3567900,1.0,0.0
2006-06-13,61.3,62.35,61.0,61.76,4492500,1.0,0.0
2006-06-14,61.76,62.76,61.51,62.27,4464200,1.0,0.0
2006-06-15,62.34,63.49,62.29,63.13,5334300,1.0,0.0
2006-06-16,63.04,63.42,62.01,62.24,4396900,1.0,0.0
2006-06-19,62.45,62.72,61.4,61.58,2742400,1.0,0.0
2006-06-20,61.85,62.0,60.91,61.19,3671600,1.0,0.0
2006-06-21,60.95,62.3,60.8,61.81,2887000,1.0,0.0
2006-06-22,61.81,62.62,60.96,61.15,3021900,1.0,0.0
2006-06-23,60.75,61.38,60.67,60.86,2828100,1.0,0.0
2006-06-26,60.81,62.19,60.81,62.01,2519700,1.0,0.0
2006-06-27,61.85,62.18,60.81,61.0,2479600,1.0,0.0
2006-06-28,61.2,61.31,60.06,60.54,2331600,1.0,0.0
2006-06-29,61.15,61.79,60.76,61.79,2989400,1.0,0.0
2006-06-30,61.79,61.96,60.39,60.67,3910000,1.0,0.0
2006-07-03,30.36,31.15,30.17,30.42,1391050,2.0,0.0
2006-07-05,30.45,30.57,30.15,30.41,7181600,1.0,0.0
2006-07-06,30.55,30.58,30.16,30.28,7196800,1.0,0.0
2006-07-07,29.98,30.06,28.72,28.96,11795100,1.0,0.0
2006-07-10,29.15,29.24,28.59,28.7,6462600,1.0,0.0
2006-07-11,28.99,29.0,27.91,28.53,10379700,1.0,0.0
2006-07-12,28.55,28.56,27.37,27.44,12517800,1.0,0.0
2006-07-13,27.18,27.98,26.9,27.96,17942600,1.0,0.0
2006-07-14,27.86,28.24,27.34,27.88,11616400,1.0,0.0
2006-07-17,28.0,28.3,27.6,27.94,8084000,1.0,0.0
2006-07-18,27.9,28.25,27.43,27.72,9322400,1.0,0.0
2006-07-19,27.75,28.89,27.5701,28.68,11017100,1.0,0.05
2006-07-20,28.55,28.8,28.14,28.17,9718200,1.0,0.0
2006-07-21,28.19,28.27,27.78,28.11,7036000,1.0,0.0
2006-07-24,28.11,28.99,28.11,28.85,8084100,1.0,0.0
2006-07-25,28.77,29.44,28.61,29.31,7036800,1.0,0.0
2006-07-26,29.09,29.17,28.63,28.75,5866400,1.0,0.0
2006-07-27,28.8,29.01,28.37,28.45,6228400,1.0,0.0
2006-07-28,28.6,29.02,28.43,28.7,5921400,1.0,0.0
2006-07-31,28.61,28.83,28.32,28.35,6862100,1.0,0.0
2006-08-01,28.35,28.36,28.0,28.15,5549700,1.0,0.0
2006-08-02,27.61,28.5,27.61,28.5,8634600,1.0,0.0
2006-08-03,27.9,29.15,27.86,29.01,8287700,1.0,0.0
2006-08-04,29.5,29.84,28.12,28.78,10374300,1.0,0.0
2006-08-07,28.68,28.84,28.3,28.65,4414000,1.0,0.0
2006-08-08,28.61,28.72,28.13,28.31,5882400,1.0,0.0
2006-08-09,28.38,28.38,27.21,27.39,10781000,1.0,0.0
2006-08-10,27.3,28.02,27.26,28.02,7412100,1.0,0.0
2006-08-11,27.8,28.17,27.7,28.1,5777800,1.0,0.0
2006-08-14,28.45,28.71,28.0,28.1,5235300,1.0,0.0
2006-08-15,28.95,28.98,28.21,28.64,7661900,1.0,0.0
2006-08-16,28.9,28.92,28.24,28.85,5119200,1.0,0.0
2006-08-17,28.75,29.8,28.6,29.45,7396200,1.0,0.0
2006-08-18,29.6,29.95,29.4,29.52,7240800,1.0,0.0
2006-08-21,28.18,28.58,27.9,28.35,15824600,1.0,0.0
2006-08-22,28.31,28.32,27.88,27.92,10511000,1.0,0.0
2006-08-23,27.75,27.89,27.06,27.11,13530300,1.0,0.0
2006-08-24,27.0,27.5,26.2,26.37,20595600,1.0,0.0
2006-08-25,26.47,26.85,26.15,26.75,11346900,1.0,0.0
2006-08-28,26.85,27.35,26.77,27.13,9286700,1.0,0.0
2006-08-29,27.14,27.36,26.96,27.23,9014200,1.0,0.0
2006-08-30,27.31,27.53,27.12,27.25,6542100,1.0,0.0
2006-08-31,27.2,27.24,26.98,27.06,6716200,1.0,0.0
2006-09-01,27.08,27.5,27.06,27.33,6634800,1.0,0.0
2006-09-05,27.15,27.89,27.15,27.82,8252800,1.0,0.0
2006-09-06,27.8,27.81,27.3,27.45,7541400,1.0,0.0
2006-09-07,27.23,27.5,26.9,27.09,9264500,1.0,0.0
2006-09-08,27.27,27.36,27.05,27.24,5650400,1.0,0.0
2006-09-11,26.76,27.95,26.76,27.86,7895700,1.0,0.0
2006-09-12,27.85,29.32,27.85,28.85,13900400,1.0,0.0
2006-09-13,28.8,29.29,28.59,28.96,8534000,1.0,0.0
2006-09-14,28.57,29.41,28.35,29.33,8318100,1.0,0.0
2006-09-15,29.61,29.69,28.8,29.35,12045500,1.0,0.0
2006-09-18,28.98,29.19,28.64,28.88,6624700,1.0,0.0
2006-09-19,28.87,28.88,28.29,28.56,7930900,1.0,0.0
2006-09-20,28.8,28.8,28.28,28.31,9664100,1.0,0.0
2006-09-21,28.31,28.6,28.18,28.37,9704000,1.0,0.0
2006-09-22,28.05,28.35,27.93,28.33,8465600,1.0,0.0
2006-09-25,28.34,29.01,28.05,28.84,10906600,1.0,0.0
2006-09-26,28.399,29.5,28.37,28.85,15757400,1.0,0.0
2006-09-27,28.45,28.84,28.25,28.37,10778900,1.0,0.0
2006-09-28,28.5,28.83,28.21,28.65,10585400,1.0,0.0
2006-09-29,28.49,28.8,28.06,28.06,7288000,1.0,0.0
2006-10-02,28.099,28.34,27.85,28.16,6843800,1.0,0.0
2006-10-03,28.2,28.71,28.02,28.63,6869600,1.0,0.0
2006-10-04,28.5,29.97,28.41,29.96,15521400,1.0,0.0
2006-10-05,29.8,30.07,29.417,30.05,8659300,1.0,0.0
2006-10-06,29.8,29.94,29.1,29.21,10644100,1.0,0.0
2006-10-09,29.01,30.03,29.0,29.74,7748300,1.0,0.0
2006-10-10,29.91,30.3,29.83,30.2,7530700,1.0,0.0
2006-10-11,30.2,30.77,30.13,30.5,10528200,1.0,0.0
2006-10-12,30.64,31.24,30.61,31.08,12118200,1.0,0.0
2006-10-13,31.0,31.0,30.58,30.95,10360900,1.0,0.0
2006-10-16,31.45,31.55,31.1,31.14,8455300,1.0,0.0
2006-10-17,31.2,31.2,30.32,30.5,9813700,1.0,0.0
2006-10-18,30.86,31.37,30.62,31.3,11541100,1.0,0.05
2006-10-19,31.06,31.35,30.38,30.5,6727500,1.0,0.0
2006-10-20,30.67,30.68,30.05,30.25,9093100,1.0,0.0
2006-10-23,30.06,30.94,30.05,30.89,7212300,1.0,0.0
2006-10-24,30.61,31.0,30.35,30.45,5726700,1.0,0.0
2006-10-25,30.5,30.508,29.85,30.0,9989900,1.0,0.0
2006-10-26,30.0,30.72,29.87,30.64,10291400,1.0,0.0
2006-10-27,30.51,30.65,30.24,30.34,7999200,1.0,0.0
2006-10-30,30.46,30.53,30.17,30.29,7221400,1.0,0.0
2006-10-31,30.48,30.61,29.95,30.14,7986200,1.0,0.0
2006-11-01,30.16,30.25,29.57,29.62,9216600,1.0,0.0
2006-11-02,29.45,29.74,29.25,29.47,6827300,1.0,0.0
2006-11-03,29.47,29.77,28.8,29.05,8850800,1.0,0.0
2006-11-06,28.67,29.2,28.59,28.82,12834400,1.0,0.0
2006-11-07,28.75,29.51,28.75,29.33,26306200,1.0,0.0
2006-11-08,29.33,29.67,29.13,29.52,9144100,1.0,0.0
2006-11-09,29.2,29.51,29.08,29.1,9251000,1.0,0.0
2006-11-10,29.2,29.35,28.85,29.17,5266700,1.0,0.0
2006-11-13,29.04,29.49,28.99,29.0,7358000,1.0,0.0
2006-11-14,29.23,30.34,28.75,30.23,16943600,1.0,0.0
2006-11-15,30.48,31.19,30.4,30.54,13540400,1.0,0.0
2006-11-16,30.59,30.84,30.3,30.71,7403700,1.0,0.0
2006-11-17,30.54,30.66,30.19,30.48,8025500,1.0,0.0
2006-11-20,30.1,31.07,29.5,30.58,11690600,1.0,0.0
2006-11-21,30.5,30.86,30.35,30.68,5937300,1.0,0.0
2006-11-22,30.48,30.9,30.21,30.34,7120000,1.0,0.0
2006-11-24,30.05,30.36,30.0,30.0,2286100,1.0,0.0
2006-11-27,30.88,30.89,30.32,30.4,9432200,1.0,0.0
2006-11-28,30.19,30.38,29.87,29.92,11577800,1.0,0.0
2006-11-29,30.4,30.5,29.96,30.1,11325500,1.0,0.0
2006-11-30,30.1,30.28,29.75,30.16,9152500,1.0,0.0
2006-12-01,30.5,31.43,30.5,30.89,16432200,1.0,0.0
2006-12-04,30.8,31.09,30.6,30.79,7380600,1.0,0.0
2006-12-05,30.7,31.34,30.65,31.24,8598900,1.0,0.0
2006-12-06,31.25,31.9,31.25,31.64,10177800,1.0,0.0
2006-12-07,31.64,31.84,30.84,30.87,9089500,1.0,0.0
2006-12-08,30.88,31.38,30.74,30.81,7427100,1.0,0.0
2006-12-11,30.58,30.9,30.51,30.9,6634600,1.0,0.0
2006-12-12,30.85,30.95,30.54,30.63,7900700,1.0,0.0
2006-12-13,30.79,31.05,30.47,30.55,7366600,1.0,0.0
2006-12-14,30.6,31.6,30.5,31.46,11025600,1.0,0.0
2006-12-15,31.79,31.98,31.34,31.41,10777100,1.0,0.0
2006-12-18,31.45,31.69,30.96,31.08,8216600,1.0,0.0
2006-12-19,30.81,31.0,30.36,30.94,8066900,1.0,0.0
2006-12-20,30.83,31.05,30.37,30.51,5379700,1.0,0.0
2006-12-21,30.51,30.6,30.15,30.23,5665100,1.0,0.0
2006-12-22,30.3,30.59,30.21,30.43,3641200,1.0,0.0
2006-12-26,30.36,30.67,30.3,30.6,2753500,1.0,0.0
2006-12-27,30.62,31.34,30.62,31.2,6710400,1.0,0.0
2006-12-28,31.1,31.27,30.91,31.24,4790300,1.0,0.0
2006-12-29,31.1,31.48,30.94,31.15,7746100,1.0,0.0
2007-01-03,31.21,32.31,31.15,32.04,14143200,1.0,0.0
2007-01-04,32.45,32.5,31.61,32.18,8351900,1.0,0.0
2007-01-05,32.16,32.41,31.59,31.79,8295600,1.0,0.0
2007-01-08,31.62,31.82,31.13,31.7,6423400,1.0,0.0
2007-01-09,31.76,32.05,31.69,31.87,5053300,1.0,0.0
2007-01-10,31.71,32.59,31.7,32.47,8741800,1.0,0.0
2007-01-11,32.47,33.14,32.42,33.05,8904600,1.0,0.0
2007-01-12,33.07,33.17,32.58,33.06,7217000,1.0,0.0
2007-01-16,33.0,33.43,32.92,33.35,6380800,1.0,0.0
2007-01-17,33.39,33.52,33.15,33.2,6053300,1.0,0.05
2007-01-18,33.55,33.84,33.13,33.59,6968300,1.0,0.0
2007-01-19,33.9,33.95,33.51,33.71,6330200,1.0,0.0
2007-01-22,33.85,33.85,33.16,33.43,6427400,1.0,0.0
2007-01-23,33.51,33.81,33.25,33.64,7499500,1.0,0.0
2007-01-24,33.72,33.81,33.5,33.59,5662600,1.0,0.0
2007-01-25,33.52,33.59,32.9,33.08,6752000,1.0,0.0
2007-01-26,33.06,33.2,32.43,32.58,7389400,1.0,0.0
2007-01-29,32.79,32.96,32.54,32.67,5926000,1.0,0.0
2007-01-30,32.67,32.91,32.36,32.5,5820200,1.0,0.0
2007-01-31,32.57,33.95,32.5,33.71,11574400,1.0,0.0
2007-02-01,33.9,34.5,33.86,34.24,11452100,1.0,0.0
2007-02-02,34.39,34.65,34.02,34.15,5226900,1.0,0.0
2007-02-05,34.05,34.32,33.96,34.11,4374800,1.0,0.0
2007-02-06,34.27,34.45,33.95,34.12,3922700,1.0,0.0
2007-02-07,33.56,34.39,33.56,34.07,3092500,1.0,0.0
2007-02-08,34.07,34.09,33.55,33.75,5425700,1.0,0.0
2007-02-09,33.78,34.06,33.36,33.42,6205300,1.0,0.0
2007-02-12,33.51,33.88,33.47,33.5,4777700,1.0,0.0
2007-02-13,33.52,33.81,33.42,33.61,4379300,1.0,0.0
2007-02-14,33.56,33.63,33.17,33.44,7870700,1.0,0.0
2007-02-15,33.4,33.95,33.32,33.88,5196000,1.0,0.0
2007-02-16,33.7,33.8,33.13,33.27,6962900,1.0,0.0
2007-02-20,33.13,33.99,32.88,33.73,6556700,1.0,0.0
2007-02-21,33.5,33.85,33.42,33.73,4549300,1.0,0.0
2007-02-22,33.56,33.74,33.31,33.63,3948300,1.0,0.0
2007-02-23,35.15,35.74,34.72,34.93,20234600,1.0,0.0
2007-02-26,34.84,35.25,34.16,34.34,7107300,1.0,0.0
2007-02-27,34.03,34.03,32.78,33.26,12373100,1.0,0.0
2007-02-28,33.05,33.13,32.44,32.55,14238500,1.0,0.0
2007-03-01,32.15,32.49,31.82,32.21,12261500,1.0,0.0
2007-03-02,32.1,32.53,31.92,31.94,10923600,1.0,0.0
2007-03-05,31.77,32.36,31.74,31.77,10637500,1.0,0.0
2007-03-06,32.05,32.67,32.03,32.52,8753800,1.0,0.0
2007-03-07,32.37,32.79,32.18,32.58,6372900,1.0,0.0
2007-03-08,32.62,33.26,32.46,32.53,7611300,1.0,0.0
2007-03-09,32.75,32.91,32.11,32.34,7873900,1.0,0.0
2007-03-12,32.25,32.5,32.1,32.34,7088300,1.0,0.0
2007-03-13,32.08,32.09,30.65,30.74,21141700,1.0,0.0
2007-03-14,30.74,31.09,29.87,31.03,18295400,1.0,0.0
2007-03-15,30.97,31.34,30.87,31.21,8184300,1.0,0.0
2007-03-16,31.21,31.24,30.8,30.93,9884900,1.0,0.0
2007-03-19,31.0,31.24,30.91,31.13,8361400,1.0,0.0
2007-03-20,31.05,31.41,30.94,31.29,8047000,1.0,0.0
2007-03-21,31.35,32.47,31.25,32.26,11002800,1.0,0.0
2007-03-22,32.26,33.0,31.79,32.24,8107700,1.0,0.0
2007-03-23,32.17,32.65,32.13,32.37,8428300,1.0,0.0
2007-03-26,32.5,32.61,31.8,32.14,6212100,1.0,0.0
2007-03-27,31.96,32.0,31.41,31.74,8625900,1.0,0.0
2007-03-28,31.5,31.6,30.61,31.02,12155500,1.0,0.0
2007-03-29,31.35,31.44,30.85,31.14,9602300,1.0,0.0
2007-03-30,31.14,31.63,30.94,31.49,8125000,1.0,0.0
2007-04-02,31.43,31.47,31.01,31.08,6061900,1.0,0.0
2007-04-03,31.28,32.07,31.2,31.7,9589700,1.0,0.0
2007-04-04,31.55,31.67,31.23,31.37,6358600,1.0,0.0
2007-04-05,31.41,31.49,31.26,31.39,3225100,1.0,0.0
2007-04-09,31.52,31.66,31.33,31.5,3495500,1.0,0.0
2007-04-10,31.55,31.81,31.44,31.61,6538300,1.0,0.0
2007-04-11,31.2,31.75,31.09,31.22,7323500,1.0,0.0
2007-04-12,31.1,31.41,30.69,31.29,5281100,1.0,0.0
2007-04-13,31.89,31.89,30.9,31.14,5159100,1.0,0.0
2007-04-16,31.33,31.56,31.15,31.31,6109600,1.0,0.0
2007-04-17,31.48,32.07,31.46,31.79,7406000,1.0,0.0
2007-04-18,31.62,31.74,31.43,31.52,5396100,1.0,0.05
2007-04-19,31.27,31.98,31.2,31.51,4891600,1.0,0.0
2007-04-20,31.79,32.23,31.75,32.02,7915900,1.0,0.0
2007-04-23,32.03,32.08,31.55,31.55,4361800,1.0,0.0
2007-04-24,31.2,31.59,30.89,31.1,9322700,1.0,0.0
2007-04-25,31.34,31.6,31.09,31.15,5266100,1.0,0.0
2007-04-26,31.25,31.35,30.91,30.97,6728400,1.0,0.0
2007-04-27,30.9,31.18,30.76,30.85,7055100,1.0,0.0
2007-04-30,30.9,31.1,30.55,30.56,9503800,1.0,0.0
2007-05-01,30.65,30.85,30.39,30.7,11442300,1.0,0.0
2007-05-02,30.85,31.02,30.37,30.68,5877800,1.0,0.0
2007-05-03,30.7,30.92,30.44,30.52,6994600,1.0,0.0
2007-05-04,30.7,30.72,30.35,30.45,8000600,1.0,0.0
2007-05-07,30.73,30.75,30.4,30.69,7863200,1.0,0.0
2007-05-08,30.55,30.8,30.42,30.68,9475200,1.0,0.0
2007-05-09,30.66,31.76,30.66,31.72,11215900,1.0,0.0
2007-05-10,31.52,31.94,31.0,31.08,13430700,1.0,0.0
2007-05-11,31.23,31.43,30.71,30.87,11036300,1.0,0.0
2007-05-14,30.93,31.39,30.9,30.99,7753200,1.0,0.0
2007-05-15,30.9,31.57,30.71,30.89,10423600,1.0,0.0
2007-05-16,31.0,31.44,30.95,31.28,9194300,1.0,0.0
2007-05-17,31.29,31.56,31.15,31.33,5849500,1.0,0.0
2007-05-18,31.47,32.74,31.41,32.67,16256700,1.0,0.0
2007-05-21,31.64,32.8,31.34,31.88,27895600,1.0,0.0
2007-05-22,31.58,32.1,31.58,31.73,7730300,1.0,0.0
2007-05-23,31.84,32.31,31.599,31.79,7743500,1.0,0.0
2007-05-24,31.68,32.95,31.63,32.06,10662200,1.0,0.0
2007-05-25,32.1,32.36,31.81,32.13,6738000,1.0,0.0
2007-05-29,32.35,32.42,31.9,32.02,8851000,1.0,0.0
2007-05-30,31.97,32.32,31.85,32.3,9639400,1.0,0.0
2007-05-31,32.33,32.95,32.21,32.82,9094600,1.0,0.0
2007-06-01,32.92,33.19,32.59,32.66,8846300,1.0,0.0
2007-06-04,32.55,33.06,32.5,32.99,7087100,1.0,0.0
2007-06-05,32.7,32.81,32.31,32.42,6983200,1.0,0.0
2007-06-06,32.25,32.36,31.9,32.14,8037800,1.0,0.0
2007-06-07,31.96,32.25,31.66,31.72,10687000,1.0,0.0
2007-06-08,31.72,32.171,31.43,32.05,7786200,1.0,0.0
2007-06-11,31.85,32.05,31.64,31.8,5786900,1.0,0.0
2007-06-12,31.65,31.77,31.34,31.36,8198200,1.0,0.0
2007-06-13,31.54,31.62,31.14,31.56,9817000,1.0,0.0
2007-06-14,31.51,31.61,31.3,31.5,8053700,1.0,0.0
2007-06-15,31.65,31.87,31.5,31.55,10345000,1.0,0.0
2007-06-18,31.61,31.72,31.51,31.65,6315200,1.0,0.0
2007-06-19,31.59,31.63,31.25,31.58,5962700,1.0,0.0
2007-06-20,32.05,32.23,31.58,31.65,11728400,1.0,0.0
2007-06-21,31.59,31.93,31.24,31.9,8448600,1.0,0.0
2007-06-22,31.3,31.9,30.93,31.04,12391400,1.0,0.0
2007-06-25,31.0,31.44,30.71,31.22,9982700,1.0,0.0
2007-06-26,31.33,31.64,31.03,31.12,9169600,1.0,0.0
2007-06-27,30.91,31.35,30.9,31.25,7888000,1.0,0.0
2007-06-28,31.19,31.3,30.7,30.74,10426600,1.0,0.0
2007-06-29,30.76,31.05,30.56,30.69,7511400,1.0,0.0
2007-07-02,30.8,30.96,30.61,30.71,6709900,1.0,0.0
2007-07-03,30.71,30.81,30.49,30.79,5289900,1.0,0.0
2007-07-05,30.69,30.85,30.5,30.78,6125600,1.0,0.0
2007-07-06,30.7,31.15,30.4758,31.11,8618000,1.0,0.0
2007-07-09,31.22,31.31,30.66,30.74,8255700,1.0,0.0
2007-07-10,30.3,30.52,29.92,29.98,14138400,1.0,0.0
2007-07-11,29.87,30.05,29.53,30.02,14158300,1.0,0.0
2007-07-12,30.16,30.74,30.02,30.71,9889100,1.0,0.0
2007-07-13,30.7,30.86,30.24,30.76,5770300,1.0,0.0
2007-07-16,30.56,30.66,30.12,30.17,7736300,1.0,0.0
2007-07-17,30.17,30.17,29.74,29.86,8240700,1.0,0.0
2007-07-18,29.67,30.11,29.55,29.68,10814600,1.0,0.08
2007-07-19,30.14,30.18,29.55,29.68,9453300,1.0,0.0
2007-07-20,29.51,30.04,29.51,29.63,11547100,1.0,0.0
2007-07-23,29.52,29.98,29.36,29.43,10133200,1.0,0.0
2007-07-24,29.01,29.66,28.7842,28.92,11475400,1.0,0.0
2007-07-25,29.0,29.23,28.42,28.63,10238400,1.0,0.0
2007-07-26,28.25,28.66,27.97,28.36,16921100,1.0,0.0
2007-07-27,28.32,28.69,27.77,27.77,11886300,1.0,0.0
2007-07-30,27.96,28.32,27.38,28.21,13140100,1.0,0.0
2007-07-31,28.55,28.74,27.96,28.01,10149500,1.0,0.0
2007-08-01,27.94,28.37,27.67,28.31,12811500,1.0,0.0
2007-08-02,28.3,28.61,28.0,28.47,8309000,1.0,0.0
2007-08-03,28.48,28.48,27.4,27.45,11663000,1.0,0.0
2007-08-06,27.68,28.09,27.06,28.04,13685200,1.0,0.0
2007-08-07,27.78,28.23,27.27,27.92,13860300,1.0,0.0
2007-08-08,27.99,28.74,27.81,28.47,12637000,1.0,0.0
2007-08-09,27.73,28.39,26.08,27.43,16820600,1.0,0.0
2007-08-10,27.01,28.04,26.55,27.76,10510600,1.0,0.0
2007-08-13,27.99,28.2,27.4,27.54,8755900,1.0,0.0
2007-08-14,27.5,27.84,26.7,26.75,13572100,1.0,0.0
2007-08-15,26.78,27.3,26.21,26.33,11572300,1.0,0.0
2007-08-16,26.07,26.92,25.98,26.81,14403700,1.0,0.0
2007-08-17,27.5,28.4,26.7,26.87,16209400,1.0,0.0
2007-08-20,28.65,28.97,28.2,28.5,19168500,1.0,0.0
2007-08-21,28.56,29.3,28.51,28.91,12309500,1.0,0.0
2007-08-22,29.64,29.85,29.38,29.82,12372200,1.0,0.0
2007-08-23,29.87,30.0,29.2,29.63,11887900,1.0,0.0
2007-08-24,29.6,30.25,29.56,30.2,9192900,1.0,0.0
2007-08-27,30.18,30.3,29.56,29.62,7703200,1.0,0.0
2007-08-28,29.74,29.75,28.92,28.98,9675200,1.0,0.0
2007-08-29,29.03,30.19,29.03,30.15,9490900,1.0,0.0
2007-08-30,29.8,30.49,29.78,30.27,9425700,1.0,0.0
2007-08-31,30.44,31.29,30.12,31.06,16253200,1.0,0.0
2007-09-04,30.75,31.03,30.62,30.86,9369900,1.0,0.0
2007-09-05,30.52,30.74,29.85,30.18,10006200,1.0,0.0
2007-09-06,30.18,30.49,29.91,30.21,8587900,1.0,0.0
2007-09-07,29.42,30.07,28.6,29.43,10279200,1.0,0.0
2007-09-10,29.39,30.12,29.19,29.76,12281700,1.0,0.0
2007-09-11,29.8,30.11,29.71,30.08,9607100,1.0,0.0
2007-09-12,30.0,30.12,29.7,29.75,7858400,1.0,0.0
2007-09-13,29.98,31.04,29.8,30.67,8775500,1.0,0.0
2007-09-14,30.4,30.9,30.17,30.8,7595200,1.0,0.0
2007-09-17,30.72,31.16,30.53,30.76,6140700,1.0,0.0
2007-09-18,30.88,32.0,30.68,31.89,14560500,1.0,0.0
2007-09-19,31.88,32.53,31.71,31.92,11814000,1.0,0.0
2007-09-20,32.01,32.09,30.98,31.07,9658700,1.0,0.0
2007-09-21,31.35,31.36,30.47,30.62,13544400,1.0,0.0
2007-09-24,30.49,30.83,30.35,30.55,7758800,1.0,0.0
2007-09-25,28.71,29.37,28.43,28.51,33082100,1.0,0.0
2007-09-26,28.52,28.79,28.3,28.56,17505900,1.0,0.0
2007-09-27,28.58,28.681,28.13,28.3,11743300,1.0,0.0
2007-09-28,28.39,28.45,27.99,28.02,9874000,1.0,0.0
2007-10-01,28.17,28.77,28.03,28.7,9453700,1.0,0.0
2007-10-02,28.69,28.95,28.5,28.71,8902300,1.0,0.0
2007-10-03,28.59,29.24,28.39,28.93,10281700,1.0,0.0
2007-10-04,28.95,29.0,28.29,28.64,6729300,1.0,0.0
2007-10-05,28.99,29.48,28.7,29.29,8370200,1.0,0.0
2007-10-08,29.14,29.21,28.64,28.76,5801100,1.0,0.0
2007-10-09,28.88,29.01,28.58,29.01,7798700,1.0,0.0
2007-10-10,29.16,31.72,28.77,29.07,7262200,1.0,0.0
2007-10-11,29.12,29.98,28.79,28.97,8310900,1.0,0.0
2007-10-12,28.89,29.11,28.75,28.93,5899300,1.0,0.0
2007-10-15,28.73,28.92,28.04,28.16,10087500,1.0,0.0
2007-10-16,28.03,28.17,27.61,27.75,7259100,1.0,0.0
2007-10-17,28.0,28.05,27.0,27.38,10412700,1.0,0.08
2007-10-18,27.23,27.37,26.88,27.08,7929600,1.0,0.0
2007-10-19,27.01,27.01,26.01,26.13,21538400,1.0,0.0
2007-10-22,26.13,27.17,25.92,26.92,9311800,1.0,0.0
2007-10-23,27.35,27.35,26.4,26.72,8578200,1.0,0.0
2007-10-24,26.58,27.23,26.43,27.18,8854000,1.0,0.0
2007-10-25,27.26,27.69,26.66,26.97,12370300,1.0,0.0
2007-10-26,27.24,27.42,26.83,27.15,6507000,1.0,0.0
2007-10-29,27.29,27.44,26.93,27.2,5888900,1.0,0.0
2007-10-30,27.18,27.45,26.915,26.99,8651700,1.0,0.0
2007-10-31,27.04,27.16,26.52,26.89,10290400,1.0,0.0
2007-11-01,26.51,26.87,26.11,26.15,9298700,1.0,0.0
2007-11-02,26.3,26.46,25.71,26.0,11467400,1.0,0.0
2007-11-05,25.55,25.65,24.94,25.13,15448000,1.0,0.0
2007-11-06,25.37,25.39,24.47,24.73,17007300,1.0,0.0
2007-11-07,24.3,24.89,24.16,24.38,15960000,1.0,0.0
2007-11-08,24.4,24.68,23.87,24.53,13583400,1.0,0.0
2007-11-09,24.25,24.4,23.825,23.92,13680700,1.0,0.0
2007-11-12,24.32,24.88,24.14,24.37,12191100,1.0,0.0
2007-11-13,24.5,25.1,24.41,25.05,12912400,1.0,0.0
2007-11-14,25.25,25.48,24.78,24.84,9173400,1.0,0.0
2007-11-15,24.78,25.17,24.68,25.05,16229900,1.0,0.0
2007-11-16,25.15,25.3,24.78,25.01,11700400,1.0,0.0
2007-11-19,24.16,24.23,22.99,23.12,22918700,1.0,0.0
2007-11-20,23.24,23.56,22.2,22.51,20397200,1.0,0.0
2007-11-21,22.26,22.33,22.05,22.11,20023900,1.0,0.0
2007-11-23,22.25,22.39,22.08,22.27,7207200,1.0,0.0
2007-11-26,22.3,22.61,21.76,21.84,13043600,1.0,0.0
2007-11-27,21.88,22.32,21.8,22.09,14401900,1.0,0.0
2007-11-28,22.21,23.86,22.16,23.47,21590700,1.0,0.0
2007-11-29,23.21,24.26,23.21,23.64,17907400,1.0,0.0
2007-11-30,24.12,24.69,23.9,24.41,13914200,1.0,0.0
2007-12-03,24.41,24.45,24.04,24.13,8460800,1.0,0.0
2007-12-04,24.0,24.55,23.64,24.28,9281600,1.0,0.0
2007-12-05,24.39,24.89,24.25,24.54,9093800,1.0,0.0
2007-12-06,24.4,25.12,24.15,24.99,6245500,1.0,0.0
2007-12-07,24.99,25.29,24.8,25.08,6890300,1.0,0.0
2007-12-10,25.1,25.24,24.75,25.04,6707000,1.0,0.0
2007-12-11,24.95,25.07,23.49,23.6,10645100,1.0,0.0
2007-12-12,24.18,24.4,23.01,23.43,11011500,1.0,0.0
2007-12-13,23.27,23.9,22.6,23.08,11819800,1.0,0.0
2007-12-14,22.8,23.1,22.57,22.72,9988400,1.0,0.0
2007-12-17,22.5,22.92,21.01,22.74,11661600,1.0,0.0
2007-12-18,22.87,23.17,22.46,23.02,9955700,1.0,0.0
2007-12-19,22.83,23.11,22.58,22.83,8465900,1.0,0.0
2007-12-20,23.04,23.04,22.41,22.86,6535000,1.0,0.0
2007-12-21,23.22,23.42,22.78,23.35,11395100,1.0,0.0
2007-12-24,23.19,23.61,22.91,23.47,3391300,1.0,0.0
2007-12-26,23.42,23.45,23.01,23.19,5886300,1.0,0.0
2007-12-27,22.94,23.19,22.9,23.16,6720000,1.0,0.0
2007-12-28,23.27,23.32,22.66,22.66,6149700,1.0,0.0
2007-12-31,22.57,22.85,22.34,22.62,10029200,1.0,0.0
2008-01-02,22.78,22.79,22.03,22.18,10201100,1.0,0.0
2008-01-03,22.3,22.48,21.71,21.76,8190700,1.0,0.0
2008-01-04,21.52,21.52,20.96,21.08,14752600,1.0,0.0
2008-01-07,21.21,21.4,20.85,21.11,12646000,1.0,0.0
2008-01-08,21.2,21.58,20.42,20.52,12749400,1.0,0.0
2008-01-09,20.54,20.81,19.94,20.66,17731900,1.0,0.0
2008-01-10,20.43,21.12,20.18,20.78,16087700,1.0,0.0
2008-01-11,20.62,21.04,20.21,20.31,14320400,1.0,0.0
2008-01-14,20.655,20.95,20.34,20.84,11886400,1.0,0.0
2008-01-15,20.67,20.95,20.12,20.77,14739900,1.0,0.0
2008-01-16,20.6,21.96,20.57,21.62,16430600,1.0,0.08
2008-01-17,21.73,22.17,21.33,21.79,16750800,1.0,0.0
2008-01-18,21.91,23.1,21.91,22.19,18016100,1.0,0.0
2008-01-22,21.09,24.75,21.05,24.54,34442000,1.0,0.0
2008-01-23,24.07,26.21,23.8,26.04,30833400,1.0,0.0
2008-01-24,25.9,26.15,25.02,25.41,19564800,1.0,0.0
2008-01-25,25.55,25.92,24.39,24.71,15654200,1.0,0.0
2008-01-28,24.66,25.4203,24.27,25.4,10840000,1.0,0.0
2008-01-29,25.12,25.94,24.85,25.79,11202300,1.0,0.0
2008-01-30,25.75,25.95,25.17,25.34,21036800,1.0,0.0
2008-01-31,24.85,26.87,24.57,26.43,19133000,1.0,0.0
2008-02-01,25.96,26.35,25.23,25.55,15784600,1.0,0.0
2008-02-04,25.57,25.62,24.61,24.78,10473500,1.0,0.0
2008-02-05,24.39,24.84,24.08,24.09,13464000,1.0,0.0
2008-02-06,24.1,24.63,23.52,23.67,13109300,1.0,0.0
2008-02-07,23.57,24.94,23.57,23.98,18658400,1.0,0.0
2008-02-08,24.0,24.15,23.45,23.61,9865700,1.0,0.0
2008-02-11,23.75,24.33,23.28,24.27,8870900,1.0,0.0
2008-02-12,24.37,24.77,24.02,24.19,10314400,1.0,0.0
2008-02-13,24.35,24.59,24.04,24.17,9124700,1.0,0.0
2008-02-14,24.17,24.21,23.34,23.55,10047600,1.0,0.0
2008-02-15,23.42,23.49,22.85,23.33,12078600,1.0,0.0
2008-02-19,23.73,23.82,23.07,23.14,12335600,1.0,0.0
2008-02-20,22.92,23.48,22.7,23.31,11148000,1.0,0.0
2008-02-21,23.33,23.6,23.16,23.23,10496700,1.0,0.0
2008-02-22,23.22,23.66,22.94,23.59,13725700,1.0,0.0
2008-02-25,23.05,24.91,22.99,24.5,27034800,1.0,0.0
2008-02-26,24.08,25.11,24.08,24.99,14411600,1.0,0.0
2008-02-27,24.74,25.68,24.59,25.49,15384300,1.0,0.0
2008-02-28,25.35,25.38,24.61,24.68,11374700,1.0,0.0
2008-02-29,24.36,24.54,23.78,23.97,11623900,1.0,0.0
2008-03-03,24.14,24.57,23.35,24.33,13312600,1.0,0.0
2008-03-04,24.06,24.28,23.8,24.07,16115900,1.0,0.0
2008-03-05,24.07,24.6,23.44,23.75,12015900,1.0,0.0
2008-03-06,23.5,23.65,22.6,22.63,14214300,1.0,0.0
2008-03-07,22.35,23.01,22.0,22.4,13166900,1.0,0.0
2008-03-10,22.4,22.5,21.54,21.61,14390300,1.0,0.0
2008-03-11,22.27,22.59,21.46,22.21,22743100,1.0,0.0
2008-03-12,21.89,22.73,21.75,21.81,14416600,1.0,0.0
2008-03-13,21.47,21.84,20.91,21.66,21850300,1.0,0.0
2008-03-14,22.0,22.0,20.76,21.12,15666800,1.0,0.0
2008-03-17,20.33,20.94,20.25,20.53,17792400,1.0,0.0
2008-03-18,21.16,22.37,21.0,22.37,26369800,1.0,0.0
2008-03-19,22.45,22.9,21.94,21.99,15811900,1.0,0.0
2008-03-20,22.31,23.33,21.99,23.23,17389700,1.0,0.0
2008-03-24,23.62,24.92,23.62,24.29,15629400,1.0,0.0
2008-03-25,24.28,24.29,23.32,23.68,10699400,1.0,0.0
2008-03-26,23.45,23.52,22.86,23.21,10679300,1.0,0.0
2008-03-27,23.44,23.67,23.01,23.02,9768000,1.0,0.0
2008-03-28,23.0,23.09,22.61,22.67,8109200,1.0,0.0
2008-03-31,22.65,23.18,22.41,22.94,8150900,1.0,0.0
2008-04-01,23.27,24.58,23.21,24.49,12964100,1.0,0.0
2008-04-02,24.62,25.1,24.36,24.58,12411100,1.0,0.0
2008-04-03,24.43,24.6,24.02,24.32,8366300,1.0,0.0
2008-04-04,24.31,24.69,24.07,24.26,7614000,1.0,0.0
2008-04-07,24.44,24.49,23.89,24.21,9320500,1.0,0.0
2008-04-08,23.98,24.24,23.87,24.02,12134800,1.0,0.0
2008-04-09,24.04,24.15,23.16,23.33,9619800,1.0,0.0
2008-04-10,23.39,24.82,23.27,24.53,21843300,1.0,0.0
2008-04-11,24.05,24.42,23.91,23.99,12843900,1.0,0.0
2008-04-14,23.93,24.35,23.84,24.03,8363600,1.0,0.0
2008-04-15,24.14,24.27,23.7,24.2,8936000,1.0,0.0
2008-04-16,24.45,24.58,24.0,24.48,8268200,1.0,0.08
2008-04-17,24.36,24.74,24.24,24.53,6444100,1.0,0.0
2008-04-18,24.89,25.24,24.7,24.85,8753500,1.0,0.0
2008-04-21,24.85,24.97,24.52,24.83,6246000,1.0,0.0
2008-04-22,24.67,24.79,24.13,24.32,9413700,1.0,0.0
2008-04-23,24.37,24.92,24.04,24.43,7728800,1.0,0.0
2008-04-24,24.41,25.38,24.37,25.02,10130800,1.0,0.0
2008-04-25,25.36,26.05,24.98,26.02,11032700,1.0,0.0
2008-04-28,25.99,26.02,25.47,25.64,7028200,1.0,0.0
2008-04-29,25.44,25.8,25.05,25.52,9193300,1.0,0.0
2008-04-30,25.54,25.98,25.13,25.19,11120600,1.0,0.0
2008-05-01,25.05,27.18,25.05,26.27,21272100,1.0,0.0
2008-05-02,26.51,27.02,25.99,26.13,15534000,1.0,0.0
2008-05-05,26.16,26.18,25.4,25.45,10821600,1.0,0.0
2008-05-06,25.35,25.5703,25.0,25.41,9581200,1.0,0.0
2008-05-07,25.38,25.89,24.82,24.93,9650000,1.0,0.0
2008-05-08,25.0,25.16,24.09,24.13,14038000,1.0,0.0
2008-05-09,23.89,24.59,23.77,24.2,10391700,1.0,0.0
2008-05-12,24.31,24.77,24.17,24.69,12034200,1.0,0.0
2008-05-13,24.7,24.89,24.32,24.39,9264800,1.0,0.0
2008-05-14,24.46,25.05,24.39,24.9,10931800,1.0,0.0
2008-05-15,24.98,25.2,24.63,25.14,12582600,1.0,0.0
2008-05-16,25.24,25.24,24.51,24.89,15893300,1.0,0.0
2008-05-19,24.38,24.7,23.88,24.25,22453100,1.0,0.0
2008-05-20,24.08,24.08,23.67,23.76,15147400,1.0,0.0
2008-05-21,23.69,23.98,23.23,23.38,13765400,1.0,0.0
2008-05-22,23.39,23.6,23.09,23.46,9874300,1.0,0.0
2008-05-23,23.39,23.49,23.02,23.3,9586100,1.0,0.0
2008-05-27,23.45,24.01,23.13,23.51,11344500,1.0,0.0
2008-05-28,23.87,24.2,23.62,24.16,12863100,1.0,0.0
2008-05-29,24.12,24.51,23.99,24.39,9010100,1.0,0.0
2008-05-30,24.3,24.44,23.97,24.0,7388100,1.0,0.0
2008-06-02,24.28,24.36,23.62,24.06,11132700,1.0,0.0
2008-06-03,24.29,24.29,23.7,23.97,9582900,1.0,0.0
2008-06-04,23.98,24.35,23.81,24.04,7749800,1.0,0.0
2008-06-05,24.18,24.82,24.12,24.62,10562900,1.0,0.0
2008-06-06,24.29,24.31,23.5,23.52,12721600,1.0,0.0
2008-06-09,23.7,23.99,22.87,23.23,13786300,1.0,0.0
2008-06-10,23.09,23.56,22.85,23.31,9352100,1.0,0.0
2008-06-11,23.31,23.35,22.83,22.85,15307700,1.0,0.0
2008-06-12,23.03,23.4,23.03,23.28,15657600,1.0,0.0
2008-06-13,23.48,24.16,23.36,24.14,8524900,1.0,0.0
2008-06-16,24.03,24.31,23.68,24.05,8076000,1.0,0.0
2008-06-17,24.15,24.23,23.41,23.44,9454600,1.0,0.0
2008-06-18,23.34,23.48,22.79,23.15,9243200,1.0,0.0
2008-06-19,23.1,23.65,22.93,23.57,10066200,1.0,0.0
2008-06-20,22.83,23.52,22.7,22.83,11046500,1.0,0.0
2008-06-23,22.88,22.93,21.68,21.78,14168700,1.0,0.0
2008-06-24,21.79,22.34,21.24,21.91,12053300,1.0,0.0
2008-06-25,22.04,22.9,21.86,22.13,13566700,1.0,0.0
2008-06-26,21.84,21.95,21.2,21.2,11488900,1.0,0.0
2008-06-27,21.21,21.37,20.76,20.87,17689600,1.0,0.0
2008-06-30,20.77,21.25,20.52,20.75,17021900,1.0,0.0
2008-07-01,20.47,20.65,19.95,20.61,16341900,1.0,0.0
2008-07-02,20.65,21.07,20.23,20.23,14546200,1.0,0.0
2008-07-03,20.36,20.59,19.99,20.22,8457300,1.0,0.0
2008-07-07,20.5,20.95,19.93,20.09,13596700,1.0,0.0
2008-07-08,20.16,20.84,20.02,20.82,11683700,1.0,0.0
2008-07-09,20.81,20.93,20.13,20.22,12015500,1.0,0.0
2008-07-10,20.18,20.39,19.41,19.42,17149800,1.0,0.0
2008-07-11,19.23,19.41,18.61,18.9,20947400,1.0,0.0
2008-07-14,19.23,19.33,18.72,19.0,11740100,1.0,0.0
2008-07-15,18.6,18.77,18.059,18.28,27158200,1.0,0.0
2008-07-16,18.32,19.33,18.0,19.33,18841800,1.0,0.085
2008-07-17,19.47,20.3,18.8,20.1,13847100,1.0,0.0
2008-07-18,20.54,20.54,19.48,19.93,12409500,1.0,0.0
2008-07-21,20.06,20.21,19.51,19.75,8067800,1.0,0.0
2008-07-22,19.6,20.7,19.35,20.64,14135700,1.0,0.0
2008-07-23,20.78,21.83,20.48,21.2,14972300,1.0,0.0
2008-07-24,21.25,21.4,20.27,20.39,8965200,1.0,0.0
2008-07-25,20.4,20.84,19.88,19.98,8408700,1.0,0.0
2008-07-28,19.9,20.24,19.46,19.64,8892700,1.0,0.0
2008-07-29,19.75,20.81,19.67,20.72,10183400,1.0,0.0
2008-07-30,20.81,21.2,20.03,20.51,10742000,1.0,0.0
2008-07-31,20.35,21.07,20.25,20.32,10520400,1.0,0.0
2008-08-01,20.44,20.69,19.97,20.3,9690200,1.0,0.0
2008-08-04,20.23,20.73,19.99,20.44,8082500,1.0,0.0
2008-08-05,20.69,21.5,20.54,21.45,10186200,1.0,0.0
2008-08-06,21.39,21.39,20.96,21.24,9540800,1.0,0.0
2008-08-07,21.0,21.22,20.68,20.94,9259500,1.0,0.0
2008-08-08,21.13,22.89,21.11,22.78,17824400,1.0,0.0
2008-08-11,22.68,24.79,22.43,23.81,31603400,1.0,0.0
2008-08-12,23.58,24.32,23.52,24.06,22198400,1.0,0.0
2008-08-13,23.75,24.03,22.63,23.08,16647500,1.0,0.0
2008-08-14,22.92,24.28,22.87,23.81,13913800,1.0,0.0
2008-08-15,23.9,24.54,23.64,24.5,16879200,1.0,0.0
2008-08-18,25.26,25.47,24.27,24.54,26769500,1.0,0.0
2008-08-19,24.31,24.53,23.73,23.85,15340600,1.0,0.0
2008-08-20,24.0,24.82,23.86,24.3,15967700,1.0,0.0
2008-08-21,23.91,24.66,23.74,24.57,11464800,1.0,0.0
2008-08-22,24.66,24.9,24.5,24.86,10214900,1.0,0.0
2008-08-25,24.77,24.78,24.08,24.14,9355600,1.0,0.0
2008-08-26,24.07,24.63,23.7,24.56,8633000,1.0,0.0
2008-08-27,24.53,24.89,24.32,24.6,8279800,1.0,0.0
2008-08-28,24.81,24.9,24.56,24.9,10481000,1.0,0.0
2008-08-29,24.87,24.94,24.45,24.64,10102800,1.0,0.0
2008-09-02,25.28,26.84,25.28,26.33,27962000,1.0,0.0
2008-09-03,26.21,27.09,26.09,26.71,21026900,1.0,0.0
2008-09-04,26.53,26.71,25.7,25.77,18955600,1.0,0.0
2008-09-05,25.24,25.87,24.79,25.75,21755900,1.0,0.0
2008-09-08,27.0,28.49,26.81,27.36,37274100,1.0,0.0
2008-09-09,27.13,27.37,25.64,25.65,24022300,1.0,0.0
2008-09-10,25.83,26.1,25.0,25.23,24405100,1.0,0.0
2008-09-11,24.84,25.38,24.65,25.28,30354900,1.0,0.0
2008-09-12,24.98,25.69,24.8,25.42,18833800,1.0,0.0
2008-09-15,24.36,25.44,24.26,24.52,24314900,1.0,0.0
2008-09-16,24.07,24.78,23.81,24.4,22171200,1.0,0.0
2008-09-17,23.98,24.16,22.43,22.69,25655100,1.0,0.0
2008-09-18,23.1,24.61,21.77,24.07,34474100,1.0,0.0
2008-09-19,25.81,27.39,24.97,25.53,36762900,1.0,0.0
2008-09-22,25.29,25.37,23.61,23.79,15048600,1.0,0.0
2008-09-23,23.84,24.33,23.5,23.62,15102000,1.0,0.0
2008-09-24,23.81,24.1,23.25,23.67,14884100,1.0,0.0
2008-09-25,23.97,24.23,23.56,23.88,16255200,1.0,0.0
2008-09-26,23.38,24.52,23.25,24.46,12369600,1.0,0.0
2008-09-29,23.96,24.44,22.09,22.96,22208500,1.0,0.0
2008-09-30,23.57,24.19,23.05,23.69,21517700,1.0,0.0
2008-10-01,23.41,23.63,22.68,23.23,19759500,1.0,0.0
2008-10-02,23.03,23.33,22.3699,22.43,13600100,1.0,0.0
2008-10-03,22.97,22.98,21.35,21.52,19581700,1.0,0.0
2008-10-06,20.88,21.1,19.7614,20.7,24859200,1.0,0.0
2008-10-07,21.03,21.21,19.47,19.53,22088400,1.0,0.0
2008-10-08,18.87,20.32,18.66,19.12,33543900,1.0,0.0
2008-10-09,19.7,19.82,18.0,18.25,26916600,1.0,0.0
2008-10-10,17.21,18.99,15.76,17.9,38277000,1.0,0.0
2008-10-13,18.9,20.27,18.45,20.0,23294100,1.0,0.0
2008-10-14,21.03,21.04,18.57,19.17,20014400,1.0,0.0
2008-10-15,18.76,19.28,18.0,18.14,24050800,1.0,0.085
2008-10-16,18.15,18.6,16.88,18.35,27174900,1.0,0.0
2008-10-17,18.01,19.81,17.87,19.31,22682800,1.0,0.0
2008-10-20,19.13,19.84,19.0775,19.75,15576200,1.0,0.0
2008-10-21,19.39,20.27,19.1,19.22,12725600,1.0,0.0
2008-10-22,18.73,18.98,17.75,18.36,18703900,1.0,0.0
2008-10-23,18.49,18.75,17.16,18.11,18508900,1.0,0.0
2008-10-24,17.0,17.95,16.95,17.2,19019900,1.0,0.0
2008-10-27,16.92,17.88,16.81,16.85,13970300,1.0,0.0
2008-10-28,17.34,19.63,16.74,19.63,25953300,1.0,0.0
2008-10-29,19.26,20.64,18.73,19.36,23886500,1.0,0.0
2008-10-30,20.11,20.4,19.6,20.08,16882700,1.0,0.0
2008-10-31,19.86,22.29,19.6,21.7,20950000,1.0,0.0
2008-11-03,21.7,21.75,20.48,20.69,13011500,1.0,0.0
2008-11-04,21.17,21.79,20.44,21.62,15233600,1.0,0.0
2008-11-05,21.24,21.42,20.39,20.51,16283000,1.0,0.0
2008-11-06,20.25,20.93,18.89,19.1,18155600,1.0,0.0
2008-11-07,19.22,20.03,18.94,19.66,11447800,1.0,0.0
2008-11-10,20.05,20.33,19.11,19.42,8493600,1.0,0.0
2008-11-11,19.08,19.79,18.5,19.05,11290600,1.0,0.0
2008-11-12,18.32,18.83,18.25,18.35,13523400,1.0,0.0
2008-11-13,18.51,19.85,17.64,19.73,24406900,1.0,0.0
2008-11-14,19.24,20.12,18.14,18.23,17799100,1.0,0.0
2008-11-17,17.9,20.0,17.82,18.99,29420700,1.0,0.0
2008-11-18,19.15,19.49,18.0,19.1,21179300,1.0,0.0
2008-11-19,18.97,19.46,18.0,18.04,18580200,1.0,0.0
2008-11-20,17.76,18.48,16.61,16.82,21592200,1.0,0.0
2008-11-21,17.2,17.25,15.85,17.15,21780800,1.0,0.0
2008-11-24,17.52,20.01,16.88,19.46,21937400,1.0,0.0
2008-11-25,19.89,20.74,19.54,20.51,21509000,1.0,0.0
2008-11-26,19.93,22.0,19.83,21.26,18044200,1.0,0.0
2008-11-28,21.1,21.22,20.39,20.66,6489300,1.0,0.0
2008-12-01,20.13,20.66,18.89,19.0,16095100,1.0,0.0
2008-12-02,19.35,19.8,18.46,19.75,13832400,1.0,0.0
2008-12-03,19.25,21.53,19.1,21.26,23755600,1.0,0.0
2008-12-04,20.86,22.94,20.75,21.48,31170400,1.0,0.0
2008-12-05,21.2,22.71,20.94,22.34,28029100,1.0,0.0
2008-12-08,22.98,23.73,22.51,22.86,18455000,1.0,0.0
2008-12-09,22.56,23.45,21.76,22.09,26274500,1.0,0.0
2008-12-10,22.21,23.13,21.82,22.79,14080500,1.0,0.0
2008-12-11,22.58,22.58,21.32,21.52,17094800,1.0,0.0
2008-12-12,21.1,22.31,20.75,21.99,15673800,1.0,0.0
2008-12-15,22.06,22.5,21.55,21.94,11851800,1.0,0.0
2008-12-16,22.08,22.71,21.56,22.54,18074000,1.0,0.0
2008-12-17,22.42,23.33,22.01,22.98,19017000,1.0,0.0
2008-12-18,22.98,23.45,22.35,22.7,21609000,1.0,0.0
2008-12-19,22.48,23.0,21.64,22.54,24687800,1.0,0.0
2008-12-22,22.18,22.26,20.82,21.35,13653600,1.0,0.0
2008-12-23,21.43,21.72,20.97,21.11,8587400,1.0,0.0
2008-12-24,21.18,21.58,21.06,21.24,3290200,1.0,0.0
2008-12-26,21.35,21.69,20.92,21.13,3388700,1.0,0.0
2008-12-29,20.98,21.34,20.84,21.25,5157300,1.0,0.0
2008-12-30,21.23,21.59,21.16,21.52,7077900,1.0,0.0
2008-12-31,21.49,22.02,21.43,21.52,10909300,1.0,0.0
2009-01-02,21.5,22.73,21.5,22.64,8291400,1.0,0.0
2009-01-05,22.42,23.02,22.35,22.96,10745300,1.0,0.0
2009-01-06,23.17,23.17,22.5,22.96,13041500,1.0,0.0
2009-01-07,22.34,22.56,21.99,22.13,12310800,1.0,0.0
2009-01-08,22.06,22.14,21.48,21.95,10044700,1.0,0.0
2009-01-09,21.9,22.0,21.0,21.19,11593600,1.0,0.0
2009-01-12,21.13,21.29,20.03,20.23,13070100,1.0,0.0
2009-01-13,20.22,20.56,19.97,20.3,12422900,1.0,0.0
2009-01-14,19.96,19.96,19.41,19.56,11116200,1.0,0.085
2009-01-15,19.57,20.72,19.57,20.54,16442200,1.0,0.0
2009-01-16,20.9,21.15,20.37,21.04,15466600,1.0,0.0
2009-01-20,20.52,21.1,19.79,19.87,10481400,1.0,0.0
2009-01-21,20.0,20.31,19.56,20.25,13372400,1.0,0.0
2009-01-22,19.83,20.69,19.72,20.29,16104100,1.0,0.0
2009-01-23,19.76,20.32,19.59,20.05,13104000,1.0,0.0
2009-01-26,20.34,20.94,20.2,20.65,15559600,1.0,0.0
2009-01-27,20.73,20.8,19.64,19.94,14432600,1.0,0.0
2009-01-28,20.37,20.43,19.76,19.94,19012300,1.0,0.0
2009-01-29,19.58,20.0,19.25,19.37,10802000,1.0,0.0
2009-01-30,19.52,19.75,18.15,18.27,21416100,1.0,0.0
2009-02-02,18.0,18.71,18.0,18.41,14190500,1.0,0.0
2009-02-03,18.42,19.07,18.08,18.94,10205600,1.0,0.0
2009-02-04,19.0,19.15,18.35,18.41,11131800,1.0,0.0
2009-02-05,18.37,19.05,18.17,18.83,4320800,1.0,0.0
2009-02-06,18.85,19.41,18.85,19.24,34763400,1.0,0.0
2009-02-09,19.2,19.44,18.64,19.01,12039300,1.0,0.0
2009-02-10,18.95,19.04,18.01,18.19,17339400,1.0,0.0
2009-02-11,18.25,18.51,17.85,18.27,16091800,1.0,0.0
2009-02-12,17.97,18.59,17.61,18.53,17330100,1.0,0.0
2009-02-13,18.46,18.65,17.75,17.8,15112700,1.0,0.0
2009-02-17,17.41,17.52,17.01,17.07,21876700,1.0,0.0
2009-02-18,17.17,17.3,16.79,16.89,18041800,1.0,0.0
2009-02-19,17.09,17.25,16.94,16.98,23179400,1.0,0.0
2009-02-20,16.36,16.84,15.55,15.86,33059200,1.0,0.0
2009-02-23,16.08,16.1,14.96,15.09,15900400,1.0,0.0
2009-02-24,15.21,15.73,14.91,15.61,31154300,1.0,0.0
2009-02-25,15.55,15.84,15.09,15.37,29620800,1.0,0.0
2009-02-26,15.59,16.31,15.42,15.92,23838200,1.0,0.0
2009-02-27,15.56,16.3,15.51,15.84,16534500,1.0,0.0
2009-03-02,15.46,15.9,14.64,14.7,23504400,1.0,0.0
2009-03-03,14.9,15.09,13.97,14.14,27017200,1.0,0.0
2009-03-04,14.31,14.36,13.92,14.16,19524400,1.0,0.0
2009-03-05,13.96,14.18,13.22,13.42,20190800,1.0,0.0
2009-03-06,13.79,13.83,13.16,13.39,21445500,1.0,0.0
2009-03-09,13.2,14.16,13.0,13.68,23701400,1.0,0.0
2009-03-10,13.94,14.92,13.81,14.63,21876500,1.0,0.0
2009-03-11,14.9,15.33,14.67,15.1,18428600,1.0,0.0
2009-03-12,15.13,15.69,14.81,15.61,14599400,1.0,0.0
2009-03-13,15.72,15.91,15.2,15.89,15448100,1.0,0.0
2009-03-16,16.01,16.24,15.42,15.46,13898000,1.0,0.0
2009-03-17,15.74,16.438,15.53,16.42,17099900,1.0,0.0
2009-03-18,16.33,17.5,16.03,17.19,24934900,1.0,0.0
2009-03-19,17.36,17.92,17.13,17.61,28590400,1.0,0.0
2009-03-20,17.71,17.74,16.68,17.03,18408900,1.0,0.0
2009-03-23,17.34,18.07,16.98,18.06,18090600,1.0,0.0
2009-03-24,17.86,18.39,17.84,17.85,16428100,1.0,0.0
2009-03-25,18.04,19.04,17.9,18.46,25688700,1.0,0.0
2009-03-26,18.68,19.47,18.63,19.12,22291400,1.0,0.0
2009-03-27,18.87,19.19,18.5,18.81,14002800,1.0,0.0
2009-03-30,18.35,18.6,17.95,18.45,14489200,1.0,0.0
2009-03-31,18.38,18.5,17.69,18.25,17600100,1.0,0.0
2009-04-01,17.93,18.61,17.65,18.48,13866100,1.0,0.0
2009-04-02,18.76,19.92,18.76,19.34,18957400,1.0,0.0
2009-04-03,19.29,19.53,18.9,19.12,13409800,1.0,0.0
2009-04-06,18.96,19.53,18.84,19.4,15069900,1.0,0.0
2009-04-07,19.08,19.2,18.47,18.61,11167100,1.0,0.0
2009-04-08,18.85,19.45,18.85,19.45,14365900,1.0,0.0
2009-04-09,19.87,20.62,19.68,20.32,24146800,1.0,0.0
2009-04-13,20.12,20.43,20.0,20.28,10816600,1.0,0.0
2009-04-14,19.94,20.15,19.61,19.83,12342200,1.0,0.0
2009-04-15,19.78,19.78,19.17,19.43,18364400,1.0,0.085
2009-04-16,19.52,20.25,19.24,20.13,18205800,1.0,0.0
2009-04-17,20.42,20.87,20.34,20.73,18530800,1.0,0.0
2009-04-20,20.33,20.49,19.66,19.72,11385500,1.0,0.0
2009-04-21,19.7,20.62,19.44,20.55,19864300,1.0,0.0
2009-04-22,20.23,21.83,20.23,20.9,27124300,1.0,0.0
2009-04-23,20.84,21.22,20.03,20.37,17797600,1.0,0.0
2009-04-24,20.5,21.4,20.35,21.09,15033500,1.0,0.0
2009-04-27,20.96,21.13,20.49,20.81,10957200,1.0,0.0
2009-04-28,20.59,21.41,20.44,21.16,12700300,1.0,0.0
2009-04-29,21.35,21.94,21.09,21.26,14829500,1.0,0.0
2009-04-30,21.44,22.09,20.75,21.5,13037000,1.0,0.0
2009-05-01,21.54,21.75,20.6,20.85,11433800,1.0,0.0
2009-05-04,21.1,21.35,20.76,21.02,16369500,1.0,0.0
2009-05-05,20.97,21.11,20.8,21.02,9022600,1.0,0.0
2009-05-06,21.1,21.18,20.24,20.85,12073300,1.0,0.0
2009-05-07,21.1,21.12,20.21,20.37,17030300,1.0,0.0
2009-05-08,20.3,20.5,19.31,19.8,26317600,1.0,0.0
2009-05-11,19.12,19.3205,18.97,19.03,20261100,1.0,0.0
2009-05-12,19.15,19.34,18.77,19.23,15708400,1.0,0.0
2009-05-13,18.99,19.13,18.57,18.92,17210800,1.0,0.0
2009-05-14,18.92,19.46,18.82,18.87,16321000,1.0,0.0
2009-05-15,18.99,19.11,18.3,18.45,22605000,1.0,0.0
2009-05-18,20.31,20.65,19.185,19.94,54292900,1.0,0.0
2009-05-19,19.83,20.39,19.48,20.05,26381600,1.0,0.0
2009-05-20,20.26,20.64,19.52,19.72,20882300,1.0,0.0
2009-05-21,19.4,19.78,19.05,19.3,14419300,1.0,0.0
2009-05-22,19.36,19.64,19.09,19.37,11265400,1.0,0.0
2009-05-26,19.19,20.38,19.19,20.04,15964600,1.0,0.0
2009-05-27,20.28,20.32,19.53,19.63,12935100,1.0,0.0
2009-05-28,19.82,19.93,18.76,19.02,19222400,1.0,0.0
2009-05-29,19.19,19.34,18.58,19.01,18123500,1.0,0.0
2009-06-01,19.23,20.36,19.23,20.18,17693200,1.0,0.0
2009-06-02,20.08,20.76,19.81,20.59,12236900,1.0,0.0
2009-06-03,20.36,20.67,20.03,20.3,11302000,1.0,0.0
2009-06-04,20.32,20.4,19.65,20.09,10345400,1.0,0.0
2009-06-05,20.34,20.41,19.71,20.04,11059500,1.0,0.0
2009-06-08,20.07,20.37,19.63,20.11,11315700,1.0,0.0
2009-06-09,20.16,20.71,20.09,20.46,16328000,1.0,0.0
2009-06-10,20.93,20.99,20.08,20.37,14603000,1.0,0.0
2009-06-11,20.35,20.54,19.91,19.95,13325200,1.0,0.0
2009-06-12,19.86,19.93,19.54,19.85,11532300,1.0,0.0
2009-06-15,19.66,19.755,19.5,19.66,9750800,1.0,0.0
2009-06-16,19.79,19.85,19.03,19.1,12527900,1.0,0.0
2009-06-17,19.02,19.37,18.55,19.02,19347700,1.0,0.0
2009-06-18,19.05,19.13,18.4,18.41,19927800,1.0,0.0
2009-06-19,18.55,18.955,18.53,18.78,16475000,1.0,0.0
2009-06-22,18.6,19.03,18.03,18.66,13926500,1.0,0.0
2009-06-23,18.69,18.74,18.19,18.31,11995600,1.0,0.0
2009-06-24,18.41,18.55,18.02,18.18,17091100,1.0,0.0
2009-06-25,18.14,19.01,18.12,18.87,13558100,1.0,0.0
2009-06-26,18.83,19.62,18.76,19.22,20434100,1.0,0.0
2009-06-29,19.33,19.75,19.18,19.47,12944500,1.0,0.0
2009-06-30,19.44,19.65,19.02,19.41,11183400,1.0,0.0
2009-07-01,19.48,19.73,19.335,19.51,8192800,1.0,0.0
2009-07-02,19.25,19.43,18.51,18.7,13313900,1.0,0.0
2009-07-06,18.6,19.05,18.52,18.87,11814500,1.0,0.0
2009-07-07,18.86,18.88,18.57,18.63,9649000,1.0,0.0
2009-07-08,18.68,18.95,18.43,18.85,21406200,1.0,0.0
2009-07-09,18.98,19.1,18.62,18.95,11440000,1.0,0.0
2009-07-10,18.8,19.08,18.7,18.85,8945000,1.0,0.0
2009-07-13,18.84,19.31,18.69,19.26,15193800,1.0,0.0
2009-07-14,19.25,19.64,19.12,19.57,10000500,1.0,0.0
2009-07-15,19.68,20.06,19.46,20.03,10369500,1.0,0.09
2009-07-16,19.95,20.19,19.65,20.1,10552000,1.0,0.0
2009-07-17,20.13,20.56,20.1,20.42,15579700,1.0,0.0
2009-07-20,20.43,20.76,20.4,20.75,2142400,1.0,0.0
2009-07-21,20.8,20.85,20.23,20.56,2344200,1.0,0.0
2009-07-22,20.45,20.97,20.41,20.75,9107500,1.0,0.0
2009-07-23,20.75,21.9,20.55,21.65,17840900,1.0,0.0
2009-07-24,21.5,22.06,21.35,22.0,10519500,1.0,0.0
2009-07-27,21.72,22.0,21.02,21.28,12478600,1.0,0.0
2009-07-28,21.18,21.64,21.09,21.61,7585000,1.0,0.0
2009-07-29,21.51,22.0,21.4,21.64,7103900,1.0,0.0
2009-07-30,21.74,22.57,21.74,22.15,11685900,1.0,0.0
2009-07-31,22.14,22.68,22.1,22.46,10292000,1.0,0.0
2009-08-03,22.71,22.8,22.31,22.74,9872800,1.0,0.0
2009-08-04,22.7,22.95,22.52,22.61,12678600,1.0,0.0
2009-08-05,22.62,22.84,22.24,22.47,9297700,1.0,0.0
2009-08-06,22.54,23.0,22.41,22.73,9711900,1.0,0.0
2009-08-07,22.9,24.09,22.81,23.85,12829500,1.0,0.0
2009-08-10,23.73,23.75,23.0,23.33,10188500,1.0,0.0
2009-08-11,23.31,23.45,22.99,23.26,8601300,1.0,0.0
2009-08-12,23.23,23.48,22.73,22.85,15725100,1.0,0.0
2009-08-13,22.93,23.36,22.43,23.31,13547600,1.0,0.0
2009-08-14,23.28,23.41,22.57,22.83,11454100,1.0,0.0
2009-08-17,20.43,22.29,20.25,20.47,41075300,1.0,0.0
2009-08-18,20.63,20.67,19.87,19.99,41510400,1.0,0.0
2009-08-19,19.84,20.27,19.685,20.22,30199500,1.0,0.0
2009-08-20,20.27,20.47,20.14,20.39,18285000,1.0,0.0
2009-08-21,20.52,21.22,20.4806,21.16,18461600,1.0,0.0
2009-08-24,21.17,21.42,20.66,20.72,13778600,1.0,0.0
2009-08-25,21.13,21.24,20.81,21.07,35281800,1.0,0.0
2009-08-26,20.94,21.96,20.91,21.59,17144800,1.0,0.0
2009-08-27,21.66,21.9,21.36,21.7,12831100,1.0,0.0
2009-08-28,21.81,21.95,21.34,21.7,10567900,1.0,0.0
2009-08-31,21.55,21.61,21.27,21.5,8610800,1.0,0.0
2009-09-01,21.26,21.61,20.66,20.86,15016400,1.0,0.0
2009-09-02,20.81,20.96,20.55,20.86,10583400,1.0,0.0
2009-09-03,20.87,21.32,20.8,21.31,9293300,1.0,0.0
2009-09-04,21.37,21.65,21.23,21.62,8820600,1.0,0.0
2009-09-08,21.89,21.93,21.66,21.77,11099200,1.0,0.0
2009-09-09,21.76,21.82,21.54,21.72,10432100,1.0,0.0
2009-09-10,21.78,21.94,21.63,21.86,9882000,1.0,0.0
2009-09-11,21.93,21.95,21.34,21.43,10675400,1.0,0.0
2009-09-14,21.26,21.46,21.1,21.36,8143500,1.0,0.0
2009-09-15,21.45,21.52,20.88,21.21,17213100,1.0,0.0
2009-09-16,21.32,21.74,21.25,21.6,12479800,1.0,0.0
2009-09-17,21.69,21.97,21.5,21.66,13622400,1.0,0.0
2009-09-18,21.74,22.06,21.72,21.97,13641800,1.0,0.0
2009-09-21,21.84,22.37,21.6,21.95,13044800,1.0,0.0
2009-09-22,21.71,21.82,20.93,21.07,23918700,1.0,0.0
2009-09-23,21.43,22.06,21.25,21.53,23684800,1.0,0.0
2009-09-24,21.6,21.74,21.32,21.39,16353700,1.0,0.0
2009-09-25,21.09,21.22,20.89,21.05,14175000,1.0,0.0
2009-09-28,21.11,21.48,21.05,21.25,8242900,1.0,0.0
2009-09-29,21.26,21.49,21.17,21.21,8732400,1.0,0.0
2009-09-30,21.29,21.35,20.76,20.94,12404200,1.0,0.0
2009-10-01,21.05,21.05,20.36,20.36,17532200,1.0,0.0
2009-10-02,20.1,20.21,19.94,20.03,19365900,1.0,0.0
2009-10-05,20.26,20.57,20.07,20.46,15603200,1.0,0.0
2009-10-06,20.65,20.87,20.36,20.68,18792400,1.0,0.0
2009-10-07,20.59,20.73,20.15,20.2,15144200,1.0,0.0
2009-10-08,20.7,20.95,20.5,20.78,15740400,1.0,0.0
2009-10-09,20.77,20.95,20.52,20.94,17089300,1.0,0.0
2009-10-12,21.05,21.35,20.96,21.01,10092500,1.0,0.0
2009-10-13,21.02,21.55,20.84,21.45,18071500,1.0,0.0
2009-10-14,21.66,21.99,21.66,21.73,17717900,1.0,0.09
2009-10-15,21.65,21.75,21.33,21.65,11666900,1.0,0.0
2009-10-16,21.53,21.55,21.15,21.36,11405400,1.0,0.0
2009-10-19,21.36,21.81,21.33,21.76,11391800,1.0,0.0
2009-10-20,21.73,21.9,21.325,21.39,10759100,1.0,0.0
2009-10-21,21.34,21.69,20.76,20.76,28537400,1.0,0.0
2009-10-22,20.77,21.23,20.5,21.17,18710400,1.0,0.0
2009-10-23,21.17,21.31,20.65,20.71,17631300,1.0,0.0
2009-10-26,20.74,20.94,20.28,20.34,16922100,1.0,0.0
2009-10-27,20.36,20.42,19.88,19.93,21423700,1.0,0.0
2009-10-28,19.99,20.07,19.49,19.5,17836400,1.0,0.0
2009-10-29,19.8,20.1,19.53,19.98,14692500,1.0,0.0
2009-10-30,20.0,20.1,19.46,19.57,19405200,1.0,0.0
2009-11-02,19.6,20.0,19.34,19.58,12994800,1.0,0.0
2009-11-03,19.53,19.8,19.15,19.45,17817600,1.0,0.0
2009-11-04,19.53,19.9,19.34,19.51,14021600,1.0,0.0
2009-11-05,19.64,20.19,19.62,20.07,12327900,1.0,0.0
2009-11-06,20.22,21.055,20.22,20.94,27174300,1.0,0.0
2009-11-09,21.03,21.3,20.89,21.25,14602000,1.0,0.0
2009-11-10,21.2,21.49,20.94,21.01,15444200,1.0,0.0
2009-11-11,21.19,21.46,21.01,21.3,19021100,1.0,0.0
2009-11-12,21.25,21.69,21.25,21.47,17345600,1.0,0.0
2009-11-13,21.62,21.93,21.4,21.85,17585200,1.0,0.0
2009-11-16,21.88,22.23,21.59,21.74,25807100,1.0,0.0
2009-11-17,21.6,21.69,20.9,21.48,15744700,1.0,0.0
2009-11-18,21.35,21.72,21.25,21.59,13487800,1.0,0.0
2009-11-19,21.49,21.6,21.16,21.49,13200300,1.0,0.0
2009-11-20,21.39,21.61,21.15,21.35,12593900,1.0,0.0
2009-11-23,21.47,22.03,21.47,21.88,16228100,1.0,0.0
2009-11-24,21.95,22.1,21.84,22.01,13404400,1.0,0.0
2009-11-25,22.04,22.24,21.91,22.15,7700900,1.0,0.0
2009-11-27,21.57,22.2,21.45,21.96,5806900,1.0,0.0
2009-11-30,21.95,22.14,21.55,21.81,10674000,1.0,0.0
2009-12-01,22.09,22.69,22.02,22.58,17239500,1.0,0.0
2009-12-02,22.46,22.8,22.45,22.65,11129800,1.0,0.0
2009-12-03,22.7,22.73,22.37,22.48,11753300,1.0,0.0
2009-12-04,22.76,23.15,22.61,22.88,13239800,1.0,0.0
2009-12-07,22.83,23.0,22.64,22.78,9302900,1.0,0.0
2009-12-08,22.58,22.79,22.31,22.71,12111900,1.0,0.0
2009-12-09,22.91,22.91,22.53,22.81,11442600,1.0,0.0
2009-12-10,22.8,23.27,22.8,23.09,11644600,1.0,0.0
2009-12-11,23.26,23.9,23.15,23.88,19077500,1.0,0.0
2009-12-14,23.96,24.26,23.96,24.17,18617400,1.0,0.0
2009-12-15,23.95,24.08,23.85,24.0,13216900,1.0,0.0
2009-12-16,24.05,24.22,23.67,23.69,15213500,1.0,0.0
2009-12-17,23.51,23.97,23.51,23.69,13647200,1.0,0.0
2009-12-18,23.81,23.81,23.48,23.62,18193300,1.0,0.0
2009-12-21,23.69,24.0,23.67,23.84,7558200,1.0,0.0
2009-12-22,23.9,24.5,23.81,23.86,17401900,1.0,0.0
2009-12-23,23.88,23.95,23.31,23.56,14383800,1.0,0.0
2009-12-24,23.52,23.68,23.47,23.65,3338600,1.0,0.0
2009-12-28,23.7,23.85,23.49,23.65,5692300,1.0,0.0
2009-12-29,23.71,23.74,23.52,23.61,4503100,1.0,0.0
2009-12-30,23.47,23.69,23.39,23.53,4635300,1.0,0.0
2009-12-31,23.51,23.6,23.36,23.39,5132800,1.0,0.0
2010-01-04,23.51,23.59,23.14,23.16,9616700,1.0,0.0
2010-01-05,23.12,23.13,22.7385,22.92,14428400,1.0,0.0
2010-01-06,22.84,23.17,22.75,22.98,12448200,1.0,0.0
2010-01-07,23.24,23.81,23.07,23.64,16572300,1.0,0.0
2010-01-08,23.51,23.64,23.25,23.59,8668900,1.0,0.0
2010-01-11,23.6,23.61,23.2,23.39,7975300,1.0,0.0
2010-01-12,23.22,23.465,23.01,23.33,10248100,1.0,0.0
2010-01-13,23.46,23.5,23.11,23.22,10514000,1.0,0.0
2010-01-14,23.39,23.42,23.17,23.19,10643500,1.0,0.0
2010-01-15,23.06,23.33,23.0,23.13,12862400,1.0,0.09
2010-01-19,23.07,23.25,22.99,23.11,9619900,1.0,0.0
2010-01-20,22.94,23.32,22.71,22.8,15221200,1.0,0.0
2010-01-21,22.78,23.04,22.55,22.89,13639900,1.0,0.0
2010-01-22,22.77,23.39,22.26,22.31,12236800,1.0,0.0
2010-01-25,22.46,22.5,21.98,22.12,13266300,1.0,0.0
2010-01-26,22.01,22.39,21.94,21.96,13760700,1.0,0.0
2010-01-27,22.0,22.5,21.93,22.12,14136200,1.0,0.0
2010-01-28,22.22,22.26,21.78,21.98,15261200,1.0,0.0
2010-01-29,22.19,22.25,21.61,21.65,21935300,1.0,0.0
2010-02-01,21.72,21.99,21.67,21.99,12454300,1.0,0.0
2010-02-02,21.97,22.64,21.57,22.58,16244400,1.0,0.0
2010-02-03,22.34,22.48,21.66,22.11,38815000,1.0,0.0
2010-02-04,21.89,22.09,21.57,21.6,18434400,1.0,0.0
2010-02-05,21.59,21.815,21.29,21.59,15147100,1.0,0.0
2010-02-08,21.76,22.26,21.72,21.76,12352900,1.0,0.0
2010-02-09,22.02,22.07,21.66,21.84,16562900,1.0,0.0
2010-02-10,21.84,21.89,21.47,21.8,9638600,1.0,0.0
2010-02-11,21.9,22.23,21.62,22.17,12708300,1.0,0.0
2010-02-12,22.04,22.19,21.78,22.16,11256900,1.0,0.0
2010-02-16,22.29,22.75,22.22,22.74,8992800,1.0,0.0
2010-02-17,22.96,23.18,22.87,23.05,11773500,1.0,0.0
2010-02-18,22.98,23.2,22.81,23.15,8571100,1.0,0.0
2010-02-19,23.08,23.22,22.785,23.13,18888700,1.0,0.0
2010-02-22,23.43,23.47,22.88,23.07,25810200,1.0,0.0
2010-02-23,23.09,23.2,22.7,22.81,16679500,1.0,0.0
2010-02-24,22.83,23.65,22.83,23.64,16583800,1.0,0.0
2010-02-25,23.11,23.87,23.11,23.82,16795100,1.0,0.0
2010-02-26,23.81,23.97,23.7,23.71,13102300,1.0,0.0
2010-03-01,23.79,24.0,23.6,23.98,9701600,1.0,0.0
2010-03-02,23.98,24.0,23.61,23.69,9887000,1.0,0.0
2010-03-03,23.69,23.98,23.53,23.62,9627100,1.0,0.0
2010-03-04,23.62,23.82,23.53,23.79,10692700,1.0,0.0
2010-03-05,23.87,24.15,23.84,24.05,10758900,1.0,0.0
2010-03-08,24.08,24.13,23.92,23.95,9528200,1.0,0.0
2010-03-09,23.89,24.23,23.85,24.01,11145800,1.0,0.0
2010-03-10,23.98,24.33,23.915,24.29,9675300,1.0,0.0
2010-03-11,24.25,24.62,24.15,24.59,8535900,1.0,0.0
2010-03-12,24.77,25.0,24.62,24.95,16217100,1.0,0.0
2010-03-15,25.0,25.08,24.77,25.04,8989200,1.0,0.0
2010-03-16,25.03,25.25,24.86,25.05,12994700,1.0,0.0
2010-03-17,25.14,25.31,25.05,25.16,12615600,1.0,0.0
2010-03-18,25.2,25.27,24.82,24.9,10390100,1.0,0.0
2010-03-19,24.97,25.01,24.65,24.78,16328800,1.0,0.0
2010-03-22,24.65,25.03,24.63,24.91,12325400,1.0,0.0
2010-03-23,24.75,24.83,24.46,24.83,12291600,1.0,0.0
2010-03-24,24.75,24.75,24.35,24.38,9807300,1.0,0.0
2010-03-25,24.51,24.62,24.34,24.34,12777600,1.0,0.0
2010-03-26,24.44,24.59,24.31,24.48,12185400,1.0,0.0
2010-03-29,24.51,24.62,24.26,24.31,7946500,1.0,0.0
2010-03-30,24.39,24.55,24.31,24.34,6960400,1.0,0.0
2010-03-31,24.26,24.34,24.16,24.24,9008600,1.0,0.0
2010-04-01,24.37,24.62,24.35,24.54,10097500,1.0,0.0
2010-04-05,24.6,24.87,24.53,24.87,7051800,1.0,0.0
2010-04-06,24.88,25.06,24.73,24.98,9998200,1.0,0.0
2010-04-07,24.93,25.41,24.87,25.25,15400800,1.0,0.0
2010-04-08,25.18,25.69,25.13,25.59,13680000,1.0,0.0
2010-04-09,25.63,25.67,25.28,25.63,8599600,1.0,0.0
2010-04-12,25.59,25.6,25.37,25.6,7762400,1.0,0.0
2010-04-13,25.43,26.31,25.43,26.22,17079500,1.0,0.0
2010-04-14,26.36,26.63,26.13,26.59,18419100,1.0,0.0
2010-04-15,26.54,26.8,26.46,26.66,12021600,1.0,0.0
2010-04-16,26.56,26.72,26.12,26.29,13036500,1.0,0.0
2010-04-19,26.2,26.458,25.92,26.45,10543800,1.0,0.09
2010-04-20,26.54,26.98,26.54,26.62,13457700,1.0,0.0
2010-04-21,26.7,26.79,26.43,26.66,9195900,1.0,0.0
2010-04-22,26.61,27.7,26.45,27.53,16084500,1.0,0.0
2010-04-23,27.56,28.25,27.31,28.22,18839200,1.0,0.0
2010-04-26,28.14,28.54,28.12,28.16,18536500,1.0,0.0
2010-04-27,28.08,28.08,26.92,27.0,23812600,1.0,0.0
2010-04-28,27.28,27.55,26.75,27.03,14724000,1.0,0.0
2010-04-29,27.24,27.59,27.2,27.4,12925500,1.0,0.0
2010-04-30,27.46,27.74,27.1,27.12,17271200,1.0,0.0
2010-05-03,27.29,27.925,27.1,27.74,10810800,1.0,0.0
2010-05-04,27.5,27.63,26.9,26.97,17534400,1.0,0.0
2010-05-05,26.74,27.17,25.75,26.65,19311300,1.0,0.0
2010-05-06,26.49,26.76,24.14,25.52,19162800,1.0,0.0
2010-05-07,25.53,25.9599,24.78,25.31,22869200,1.0,0.0
2010-05-10,26.64,26.93,26.34,26.7,17308800,1.0,0.0
2010-05-11,26.57,27.26,26.43,27.1,18227400,1.0,0.0
2010-05-12,27.22,27.41,26.74,27.06,16967500,1.0,0.0
2010-05-13,27.08,27.11,26.16,26.25,15105500,1.0,0.0
2010-05-14,26.06,26.328,25.78,26.07,16935900,1.0,0.0
2010-05-17,25.77,25.9,24.579,25.26,40981500,1.0,0.0
2010-05-18,25.17,25.25,24.3,24.7,26834500,1.0,0.0
2010-05-19,24.53,24.99,24.35,24.82,19058900,1.0,0.0
2010-05-20,24.32,24.38,23.61,23.7,25295300,1.0,0.0
2010-05-21,23.37,24.31,23.09,24.2,22426500,1.0,0.0
2010-05-24,24.17,24.55,23.98,24.18,14303800,1.0,0.0
2010-05-25,23.59,24.43,23.53,24.42,18928700,1.0,0.0
2010-05-26,24.76,24.95,24.25,24.34,20492300,1.0,0.0
2010-05-27,24.68,25.15,24.46,25.12,13537400,1.0,0.0
2010-05-28,25.39,25.39,24.58,24.75,11274000,1.0,0.0
2010-06-01,24.58,24.89,24.29,24.29,10536700,1.0,0.0
2010-06-02,24.35,24.44,24.06,24.43,16284300,1.0,0.0
2010-06-03,24.45,24.7,24.0819,24.44,12868800,1.0,0.0
2010-06-04,24.05,24.09,23.4,23.52,16140300,1.0,0.0
2010-06-07,23.61,23.74,23.32,23.39,16814800,1.0,0.0
2010-06-08,23.46,23.5,22.99,23.37,16035200,1.0,0.0
2010-06-09,23.53,23.7601,23.16,23.28,11686700,1.0,0.0
2010-06-10,23.57,23.86,23.4,23.84,12304600,1.0,0.0
2010-06-11,23.59,23.83,23.23,23.48,10495800,1.0,0.0
2010-06-14,23.68,23.9075,23.39,23.45,10096900,1.0,0.0
2010-06-15,23.65,23.93,23.2,23.93,9964600,1.0,0.0
2010-06-16,23.67,23.73,22.95,23.2,18229500,1.0,0.0
2010-06-17,23.24,23.26,22.36,22.68,22320700,1.0,0.0
2010-06-18,22.7,22.97,22.53,22.62,30122400,1.0,0.0
2010-06-21,22.81,22.98,22.44,22.51,13461300,1.0,0.0
2010-06-22,22.665,22.73,21.73,21.76,20283600,1.0,0.0
2010-06-23,21.71,22.12,21.42,21.85,13977400,1.0,0.0
2010-06-24,21.35,21.625,21.06,21.24,15902100,1.0,0.0
2010-06-25,21.21,21.6,21.12,21.33,21273000,1.0,0.0
2010-06-28,21.38,21.49,21.17,21.23,8009500,1.0,0.0
2010-06-29,20.94,20.98,20.5,20.6,16668000,1.0,0.0
2010-06-30,20.58,20.86,20.36,20.42,11343100,1.0,0.0
2010-07-01,20.55,20.76,20.02,20.41,22597500,1.0,0.0
2010-07-02,20.53,20.54,20.01,20.27,11921600,1.0,0.0
2010-07-06,20.44,20.64,19.74,19.96,16062300,1.0,0.0
2010-07-07,20.04,20.42,19.64,20.39,18584100,1.0,0.0
2010-07-08,20.54,20.64,20.04,20.23,14387500,1.0,0.0
2010-07-09,20.22,20.44,20.02,20.43,19708600,1.0,0.0
2010-07-12,20.36,20.5,20.11,20.36,17236900,1.0,0.0
2010-07-13,20.55,21.305,20.47,21.16,17774900,1.0,0.0
2010-07-14,21.09,21.09,20.64,20.87,11120400,1.0,0.0
2010-07-15,20.89,20.95,20.5,20.88,9586200,1.0,0.0
2010-07-16,20.79,20.79,19.99,20.04,14778100,1.0,0.0
2010-07-19,20.03,20.06,19.75,19.93,8218900,1.0,0.11
2010-07-20,19.71,20.42,19.64,20.33,11511000,1.0,0.0
2010-07-21,20.4,20.41,19.86,19.98,10141500,1.0,0.0
2010-07-22,20.2,20.93,20.17,20.83,13812300,1.0,0.0
2010-07-23,20.76,21.14,20.59,21.11,12254300,1.0,0.0
2010-07-26,21.23,21.82,21.08,21.8,12603400,1.0,0.0
2010-07-27,21.95,21.99,21.04,21.15,14993100,1.0,0.0
2010-07-28,21.08,21.31,20.57,20.7,11207700,1.0,0.0
2010-07-29,20.98,21.01,20.13,20.48,14500600,1.0,0.0
2010-07-30,20.31,20.81,20.19,20.74,11694200,1.0,0.0
2010-08-02,21.07,21.4,20.81,21.33,9355800,1.0,0.0
2010-08-03,21.22,21.28,20.65,20.74,11929000,1.0,0.0
2010-08-04,20.92,21.13,20.81,20.81,11262100,1.0,0.0
2010-08-05,20.72,20.94,20.47,20.74,10953600,1.0,0.0
2010-08-06,20.52,20.62,20.2,20.28,15673200,1.0,0.0
2010-08-09,20.39,20.46,20.29,20.31,10990000,1.0,0.0
2010-08-10,20.16,20.19,19.82,19.92,13426500,1.0,0.0
2010-08-11,19.73,19.92,19.35,19.81,19107200,1.0,0.0
2010-08-12,19.62,19.83,19.45,19.74,9941000,1.0,0.0
2010-08-13,19.62,20.06,19.55,19.59,13805000,1.0,0.0
2010-08-16,20.08,20.3697,19.58,19.7,25994300,1.0,0.0
2010-08-17,20.02,20.34,19.78,19.99,18203600,1.0,0.0
2010-08-18,20.04,20.81,20.02,20.79,19607100,1.0,0.0
2010-08-19,20.62,20.845,20.13,20.4,17823900,1.0,0.0
2010-08-20,20.27,20.72,20.18,20.64,12040200,1.0,0.0
2010-08-23,20.94,21.0,20.23,20.23,20860700,1.0,0.0
2010-08-24,19.98,20.43,19.78,20.22,22442200,1.0,0.0
2010-08-25,20.06,20.83,20.05,20.71,19268100,1.0,0.0
2010-08-26,20.9,20.98,20.64,20.65,15372200,1.0,0.0
2010-08-27,20.77,21.15,20.52,21.1,17964900,1.0,0.0
2010-08-30,21.04,21.05,20.45,20.46,13174400,1.0,0.0
2010-08-31,20.35,20.74,20.25,20.28,16637800,1.0,0.0
2010-09-01,20.48,21.29,20.47,21.24,13041400,1.0,0.0
2010-09-02,21.33,22.1,21.28,21.94,18434900,1.0,0.0
2010-09-03,22.31,22.5,21.74,21.96,11768700,1.0,0.0
2010-09-07,21.81,21.845,21.47,21.53,8348200,1.0,0.0
2010-09-08,21.48,21.7,21.44,21.54,8348400,1.0,0.0
2010-09-09,21.72,21.84,21.5,21.57,7083500,1.0,0.0
2010-09-10,21.57,21.81,21.5,21.52,6703000,1.0,0.0
2010-09-13,21.68,21.97,21.58,21.71,6542500,1.0,0.0
2010-09-14,21.68,21.78,21.44,21.53,9771800,1.0,0.0
2010-09-15,21.42,21.54,21.19,21.48,8163900,1.0,0.0
2010-09-16,21.34,21.47,21.13,21.31,8565100,1.0,0.0
2010-09-17,21.4,21.47,20.96,21.02,14891700,1.0,0.0
2010-09-20,21.14,21.55,21.08,21.46,11164800,1.0,0.0
2010-09-21,21.56,22.0,21.4,21.69,13061200,1.0,0.0
2010-09-22,21.64,21.88,21.56,21.76,10494000,1.0,0.0
2010-09-23,21.57,21.9,21.445,21.52,8182200,1.0,0.0
2010-09-24,21.83,22.53,21.74,22.48,12670400,1.0,0.0
2010-09-27,22.42,22.47,22.24,22.27,7121700,1.0,0.0
2010-09-28,22.2,22.48,21.9,22.41,11880500,1.0,0.0
2010-09-29,22.31,22.6,22.1,22.19,12385400,1.0,0.0
2010-09-30,22.29,22.57,22.12,22.29,11853300,1.0,0.0
2010-10-01,22.38,22.7,22.19,22.35,10985400,1.0,0.0
2010-10-04,22.26,22.51,21.97,22.24,12470300,1.0,0.0
2010-10-05,22.4,22.785,22.3,22.67,11410900,1.0,0.0
2010-10-06,22.69,22.74,22.46,22.67,9561900,1.0,0.0
2010-10-07,22.71,22.905,22.44,22.63,11956400,1.0,0.0
2010-10-08,22.74,22.84,22.58,22.7,13676500,1.0,0.0
2010-10-11,22.69,22.825,22.5,22.59,5210300,1.0,0.0
2010-10-12,22.45,22.5,22.01,22.04,21676600,1.0,0.0
2010-10-13,22.18,22.2,21.76,21.89,15558800,1.0,0.0
2010-10-14,21.97,22.0,21.5,21.68,12710300,1.0,0.0
2010-10-15,21.8,21.89,21.28,21.56,20615200,1.0,0.0
2010-10-18,21.34,21.37,20.88,21.05,23215100,1.0,0.11
2010-10-19,20.83,21.41,20.8,21.05,18267300,1.0,0.0
2010-10-20,21.09,21.69,21.0,21.65,15242800,1.0,0.0
2010-10-21,21.77,22.37,21.71,22.05,21890300,1.0,0.0
2010-10-22,22.08,22.08,21.83,22.0,7189900,1.0,0.0
2010-10-25,22.07,22.18,21.83,21.86,7775000,1.0,0.0
2010-10-26,21.72,21.975,21.59,21.72,6384000,1.0,0.0
2010-10-27,21.53,21.54,21.175,21.46,14100200,1.0,0.0
2010-10-28,21.55,21.6,21.24,21.38,6832200,1.0,0.0
2010-10-29,21.36,21.405,21.22,21.34,7759100,1.0,0.0
2010-11-01,21.31,21.6,21.09,21.19,9258300,1.0,0.0
2010-11-02,21.4,22.04,21.34,21.92,11238800,1.0,0.0
2010-11-03,22.07,22.09,21.61,21.92,8872900,1.0,0.0
2010-11-04,22.17,22.32,22.04,22.3,8339500,1.0,0.0
2010-11-05,22.27,22.47,22.12,22.29,8690800,1.0,0.0
2010-11-08,22.02,22.2,21.84,22.09,7195300,1.0,0.0
2010-11-09,22.09,22.11,21.56,21.65,10207200,1.0,0.0
2010-11-10,21.71,21.88,21.55,21.86,11885300,1.0,0.0
2010-11-11,21.67,22.3,21.55,22.3,12176600,1.0,0.0
2010-11-12,22.18,22.19,21.6,21.69,14403800,1.0,0.0
2010-11-15,21.75,22.48,21.355,21.46,21399500,1.0,0.0
2010-11-16,21.44,22.09,21.34,21.57,22655500,1.0,0.0
2010-11-17,21.59,21.65,21.37,21.52,14166300,1.0,0.0
2010-11-18,21.74,21.86,21.59,21.64,10614600,1.0,0.0
2010-11-19,21.62,22.15,21.55,22.09,14257900,1.0,0.0
2010-11-22,22.02,22.4,21.87,22.33,13749900,1.0,0.0
2010-11-23,22.15,22.18,21.93,22.07,11923800,1.0,0.0
2010-11-24,22.08,22.73,22.08,22.66,13171400,1.0,0.0
2010-11-26,22.47,22.48,22.24,22.24,4467300,1.0,0.0
2010-11-29,22.15,22.5,21.97,22.36,11814900,1.0,0.0
2010-11-30,21.67,22.9,21.66,22.7,20740900,1.0,0.0
2010-12-01,22.95,23.76,22.95,23.75,20397200,1.0,0.0
2010-12-02,23.52,25.04,23.52,24.92,37056700,1.0,0.0
2010-12-03,24.64,24.94,24.43,24.86,18646300,1.0,0.0
2010-12-06,24.76,24.87,24.71,24.82,12216800,1.0,0.0
2010-12-07,24.95,25.27,24.89,25.15,24580800,1.0,0.0
2010-12-08,25.09,25.7,25.06,25.66,18275400,1.0,0.0
2010-12-09,25.71,25.8,24.92,25.18,22861200,1.0,0.0
2010-12-10,25.19,25.45,25.17,25.22,15847700,1.0,0.0
2010-12-13,25.15,25.4,24.96,25.0,15995100,1.0,0.0
2010-12-14,24.9,25.24,24.861,25.11,16494300,1.0,0.0
2010-12-15,25.12,25.39,25.04,25.16,15947000,1.0,0.0
2010-12-16,25.14,25.5,25.14,25.45,9729800,1.0,0.0
2010-12-17,25.5,25.65,25.16,25.17,22489800,1.0,0.0
2010-12-20,25.23,25.72,25.175,25.56,12928500,1.0,0.0
2010-12-21,25.66,25.86,25.65,25.68,10857800,1.0,0.0
2010-12-22,25.66,25.84,25.57,25.67,5773300,1.0,0.0
2010-12-23,25.62,25.79,25.4,25.52,7362200,1.0,0.0
2010-12-27,25.39,25.56,25.28,25.48,5792100,1.0,0.0
2010-12-28,25.29,25.43,25.03,25.15,7131700,1.0,0.0
2010-12-29,25.1,25.37,25.02,25.03,5645700,1.0,0.0
2010-12-30,25.01,25.15,24.94,24.99,5599600,1.0,0.0
2010-12-31,24.97,25.12,24.82,25.08,5001000,1.0,0.0
2011-01-03,25.21,25.42,25.14,25.16,7423700,1.0,0.0
2011-01-04,25.23,25.23,24.45,24.56,11745200,1.0,0.0
2011-01-05,24.52,24.8,24.38,24.68,12308700,1.0,0.0
2011-01-06,24.63,24.66,24.0,24.13,13235300,1.0,0.0
2011-01-07,24.21,24.38,23.885,23.99,9215400,1.0,0.0
2011-01-10,23.92,24.38,23.83,24.31,9647200,1.0,0.0
2011-01-11,24.47,24.71,24.31,24.39,8830600,1.0,0.0
2011-01-12,24.46,24.59,24.35,24.44,7136900,1.0,0.0
2011-01-13,24.36,24.67,23.54,24.55,11305300,1.0,0.0
2011-01-14,24.31,25.16,24.27,25.0,13379300,1.0,0.11
2011-01-18,25.05,25.25,24.91,25.01,7933500,1.0,0.0
2011-01-19,24.93,24.94,24.26,24.4,12044500,1.0,0.0
2011-01-20,24.47,25.5,24.46,25.3,18477200,1.0,0.0
2011-01-21,25.48,25.49,24.99,25.01,11254300,1.0,0.0
2011-01-24,24.93,25.14,24.87,25.07,6561600,1.0,0.0
2011-01-25,25.01,25.58,25.0,25.56,11001000,1.0,0.0
2011-01-26,25.65,26.27,25.59,25.85,18679100,1.0,0.0
2011-01-27,25.91,26.29,25.76,26.24,12367800,1.0,0.0
2011-01-28,26.09,26.2,25.225,25.25,12166100,1.0,0.0
2011-01-31,25.13,25.3,24.76,24.8,17394300,1.0,0.0
2011-02-01,24.89,25.15,24.66,25.0,12794000,1.0,0.0
2011-02-02,24.86,24.94,24.24,24.26,18374200,1.0,0.0
2011-02-03,24.32,24.69,24.23,24.5,11599800,1.0,0.0
2011-02-04,24.47,24.83,24.41,24.71,11168000,1.0,0.0
2011-02-07,24.76,24.82,24.55,24.62,10225300,1.0,0.0
2011-02-08,24.63,24.88,24.57,24.75,10912300,1.0,0.0
2011-02-09,24.67,24.75,24.38,24.47,12913900,1.0,0.0
2011-02-10,24.43,24.53,24.25,24.43,11646400,1.0,0.0
2011-02-11,24.36,25.16,24.13,25.09,12499400,1.0,0.0
2011-02-14,25.09,25.29,25.0,25.17,8313800,1.0,0.0
2011-02-15,24.99,25.59,24.94,25.58,13664400,1.0,0.0
2011-02-16,25.61,26.03,25.61,25.79,11011200,1.0,0.0
2011-02-17,25.65,26.19,25.55,26.14,12717200,1.0,0.0
2011-02-18,26.07,26.44,25.95,26.3,16534900,1.0,0.0
2011-02-22,26.5,26.61,25.73,25.99,21878600,1.0,0.0
2011-02-23,25.76,26.58,25.13,25.73,25671300,1.0,0.0
2011-02-24,25.67,25.7294,25.0,25.11,15930100,1.0,0.0
2011-02-25,25.27,25.51,25.17,25.27,13123500,1.0,0.0
2011-02-28,25.4,26.17,25.4,26.17,17264100,1.0,0.0
2011-03-01,26.35,26.42,25.48,25.5,13438600,1.0,0.0
2011-03-02,25.32,25.885,25.24,25.78,12932300,1.0,0.0
2011-03-03,25.95,26.35,25.78,26.28,16293600,1.0,0.0
2011-03-04,26.27,26.54,25.9,26.24,13938100,1.0,0.0
2011-03-07,26.23,26.48,25.86,26.0,12491100,1.0,0.0
2011-03-08,26.02,26.78,26.0,26.61,13295700,1.0,0.0
2011-03-09,26.52,27.0,26.47,26.82,11550500,1.0,0.0
2011-03-10,26.39,26.79,26.3,26.68,16060600,1.0,0.0
2011-03-11,26.47,27.21,26.47,26.94,14946500,1.0,0.0
2011-03-14,26.74,26.9,26.37,26.81,11427900,1.0,0.0
2011-03-15,26.45,26.76,26.15,26.64,14875900,1.0,0.0
2011-03-16,26.68,26.7,25.98,26.0,19004500,1.0,0.0
2011-03-17,26.42,26.5,25.97,26.08,15306600,1.0,0.0
2011-03-18,26.39,26.47,26.08,26.2,19753300,1.0,0.0
2011-03-21,26.49,26.54,26.16,26.32,15661300,1.0,0.0
2011-03-22,26.31,26.52,26.21,26.45,11005700,1.0,0.0
2011-03-23,26.38,26.99,26.29,26.97,12990400,1.0,0.0
2011-03-24,27.06,27.42,26.84,27.28,12413100,1.0,0.0
2011-03-25,27.18,27.45,27.1,27.19,9449700,1.0,0.0
2011-03-28,27.18,27.21,26.62,26.72,9113500,1.0,0.0
2011-03-29,26.8,26.98,26.73,26.93,8411900,1.0,0.0
2011-03-30,27.04,27.13,26.81,26.97,5161900,1.0,0.0
2011-03-31,26.88,26.9,26.26,26.43,12918300,1.0,0.0
2011-04-01,26.47,26.84,26.4,26.74,8607500,1.0,0.0
2011-04-04,26.69,26.98,26.41,26.58,7130500,1.0,0.0
2011-04-05,26.7,26.97,26.55,26.78,9479900,1.0,0.0
2011-04-06,26.835,26.97,26.52,26.67,8510900,1.0,0.0
2011-04-07,26.58,26.88,26.42,26.6,11326800,1.0,0.0
2011-04-08,26.77,26.94,26.59,26.82,9821400,1.0,0.0
2011-04-11,26.78,27.085,26.66,26.78,8499700,1.0,0.0
2011-04-12,26.61,27.2,26.59,27.09,10722100,1.0,0.0
2011-04-13,27.18,27.19,26.745,26.91,7926500,1.0,0.0
2011-04-14,26.84,27.18,26.685,27.09,8900300,1.0,0.0
2011-04-15,27.18,27.32,26.96,27.05,10331900,1.0,0.0
2011-04-18,26.54,26.82,26.36,26.46,2841778,1.0,0.11
2011-04-19,26.47,26.79,26.36,26.66,2223949,1.0,0.0
2011-04-20,27.06,27.33,26.64,26.66,11029200,1.0,0.0
2011-04-21,26.72,26.839,26.55,26.67,7398900,1.0,0.0
2011-04-25,26.57,26.6,26.27,26.34,8965500,1.0,0.0
2011-04-26,26.11,26.49,25.91,26.27,10300000,1.0,0.0
2011-04-27,26.33,26.79,26.18,26.74,12362400,1.0,0.0
2011-04-28,26.75,26.87,26.4,26.6,10977200,1.0,0.0
2011-04-29,26.62,26.7,26.14,26.25,20025200,1.0,0.0
2011-05-02,26.38,26.6,26.29,26.38,7899600,1.0,0.0
2011-05-03,26.24,26.24,25.84,26.05,14394900,1.0,0.0
2011-05-04,26.05,26.27,25.64,25.76,19315100,1.0,0.0
2011-05-05,25.72,25.98,25.56,25.76,17750900,1.0,0.0
2011-05-06,25.96,26.15,25.64,25.64,11247400,1.0,0.0
2011-05-09,25.7,25.84,25.6,25.76,8619400,1.0,0.0
2011-05-10,25.77,26.31,25.75,26.21,9825300,1.0,0.0
2011-05-11,26.08,26.27,25.63,25.94,12585600,1.0,0.0
2011-05-12,25.83,26.04,25.48,25.98,16015700,1.0,0.0
2011-05-13,26.04,26.07,25.52,25.76,11922800,1.0,0.0
2011-05-16,24.82,25.58,24.665,24.84,31368400,1.0,0.0
2011-05-17,24.95,25.09,24.63,24.75,3970103,1.0,0.0
2011-05-18,24.7,25.1,24.64,25.05,2912208,1.0,0.0
2011-05-19,25.03,25.03,24.73,24.78,15087900,1.0,0.0
2011-05-20,24.74,24.83,24.43,24.46,15534300,1.0,0.0
2011-05-23,24.25,24.57,24.25,24.38,12697200,1.0,0.0
2011-05-24,24.42,24.46,24.09,24.15,14148100,1.0,0.0
2011-05-25,24.13,24.5,24.05,24.34,13865600,1.0,0.0
2011-05-26,24.22,24.47,24.21,24.31,13474400,1.0,0.0
2011-05-27,24.42,24.47,24.19,24.25,15929900,1.0,0.0
2011-05-31,24.28,24.34,24.11,24.14,14117000,1.0,0.0
2011-06-01,24.09,24.16,23.72,23.72,18203300,1.0,0.0
2011-06-02,23.74,23.7922,23.35,23.59,16658900,1.0,0.0
2011-06-03,23.25,23.575,23.18,23.4,16135200,1.0,0.0
2011-06-06,23.07,23.29,22.86,22.87,17453600,1.0,0.0
2011-06-07,23.02,23.49,22.94,22.99,17804500,1.0,0.0
2011-06-08,22.83,22.9,22.59,22.72,21615400,1.0,0.0
2011-06-09,22.85,23.185,22.74,22.77,16354100,1.0,0.0
2011-06-10,22.72,22.72,22.2,22.26,20135500,1.0,0.0
2011-06-13,22.3,22.36,22.04,22.05,17150300,1.0,0.0
2011-06-14,22.35,22.82,22.32,22.72,18425900,1.0,0.0
2011-06-15,22.69,22.71,22.03,22.11,17569500,1.0,0.0
2011-06-16,22.16,23.08,22.16,22.68,22543400,1.0,0.0
2011-06-17,22.87,23.01,22.71,22.83,28177400,1.0,0.0
2011-06-20,22.6,23.23,22.57,23.11,11944500,1.0,0.0
2011-06-21,23.19,23.77,23.08,23.68,17278400,1.0,0.0
2011-06-22,23.57,23.64,23.19,23.19,18991000,1.0,0.0
2011-06-23,22.92,23.75,22.82,23.71,20020700,1.0,0.0
2011-06-24,23.67,23.77,23.07,23.25,26641200,1.0,0.0
2011-06-27,23.19,23.4,22.97,23.15,13019100,1.0,0.0
2011-06-28,23.24,23.7,23.17,23.47,14497500,1.0,0.0
2011-06-29,23.56,23.57,23.2,23.38,12124700,1.0,0.0
2011-06-30,23.46,23.63,23.19,23.31,11038900,1.0,0.0
2011-07-01,23.3,23.91,23.3,23.82,8819700,1.0,0.0
2011-07-05,23.81,23.81,23.44,23.48,8326500,1.0,0.0
2011-07-06,23.46,23.57,23.2,23.26,14712400,1.0,0.0
2011-07-07,23.5,24.21,23.48,23.99,16905700,1.0,0.0
2011-07-08,23.64,23.83,23.47,23.61,10516300,1.0,0.0
2011-07-11,23.35,23.445,23.0,23.18,12983800,1.0,0.0
2011-07-12,23.11,23.42,23.03,23.18,13399800,1.0,0.0
2011-07-13,23.3,23.55,23.25,23.28,9157000,1.0,0.0
2011-07-14,23.29,23.55,23.07,23.11,11512400,1.0,0.0
2011-07-15,23.16,23.16,22.64,22.86,14004700,1.0,0.0
2011-07-18,22.58,22.75,22.38,22.5,9699000,1.0,0.14
2011-07-19,22.68,23.01,22.62,22.96,12257600,1.0,0.0
2011-07-20,22.96,23.0,22.68,22.77,8283300,1.0,0.0
2011-07-21,22.91,23.25,22.83,22.94,11012400,1.0,0.0
2011-07-22,22.92,22.94,22.515,22.62,14051600,1.0,0.0
2011-07-25,22.38,22.65,22.37,22.61,11737300,1.0,0.0
2011-07-26,22.58,22.92,22.47,22.84,13850700,1.0,0.0
2011-07-27,22.67,22.81,22.42,22.46,13178500,1.0,0.0
2011-07-28,22.49,22.73,21.72,21.79,18249600,1.0,0.0
2011-07-29,21.35,21.79,21.305,21.58,20663400,1.0,0.0
2011-08-01,21.61,21.68,20.98,21.09,20701500,1.0,0.0
2011-08-02,20.93,21.08,20.45,20.46,18600300,1.0,0.0
2011-08-03,20.63,20.63,20.16,20.42,24264000,1.0,0.0
2011-08-04,20.13,20.5,19.95,20.22,27540600,1.0,0.0
2011-08-05,20.43,20.53,19.86,20.15,26207700,1.0,0.0
2011-08-08,19.75,20.08,18.66,18.67,27609600,1.0,0.0
2011-08-09,18.95,19.2,18.15,19.17,21270000,1.0,0.0
2011-08-10,18.78,18.78,18.07,18.11,27372500,1.0,0.0
2011-08-11,18.14,19.34,18.1,19.09,22410500,1.0,0.0
2011-08-12,19.3,19.51,18.97,19.51,22857600,1.0,0.0
2011-08-15,19.23,19.75,19.1,19.68,34152300,1.0,0.0
2011-08-16,19.47,20.18,19.43,20.09,23935600,1.0,0.0
2011-08-17,20.17,20.22,19.83,20.1,20300400,1.0,0.0
2011-08-18,19.47,19.73,19.26,19.58,27595700,1.0,0.0
2011-08-19,19.3,19.96,19.26,19.31,17361600,1.0,0.0
2011-08-22,19.92,19.94,19.47,19.53,13528700,1.0,0.0
2011-08-23,19.59,20.12,19.49,20.12,13371200,1.0,0.0
2011-08-24,20.1,20.38,19.86,20.34,16428000,1.0,0.0
2011-08-25,20.44,20.6,19.97,20.11,13244100,1.0,0.0
2011-08-26,20.15,20.37,19.89,20.24,19044800,1.0,0.0
2011-08-29,20.55,20.56,20.3,20.49,15440800,1.0,0.0
2011-08-30,20.34,20.45,19.93,20.03,18916200,1.0,0.0
2011-08-31,20.09,20.27,19.77,19.93,18002100,1.0,0.0
2011-09-01,19.94,20.25,19.76,19.81,17670800,1.0,0.0
2011-09-02,19.52,19.52,18.86,18.94,18192400,1.0,0.0
2011-09-06,18.35,19.26,18.28,19.21,13974500,1.0,0.0
2011-09-07,19.52,19.76,19.44,19.66,15678200,1.0,0.0
2011-09-08,19.59,19.81,19.44,19.58,15870100,1.0,0.0
2011-09-09,19.34,19.35,18.84,18.96,13284200,1.0,0.0
2011-09-12,18.78,19.14,18.695,19.13,12254400,1.0,0.0
2011-09-13,19.26,19.27,18.87,19.15,15571100,1.0,0.0
2011-09-14,19.24,19.86,19.1725,19.58,16988600,1.0,0.0
2011-09-15,19.79,20.04,19.59,19.99,9380800,1.0,0.0
2011-09-16,20.18,20.45,20.12,20.38,19529900,1.0,0.0
2011-09-19,20.01,20.26,19.66,20.01,10628600,1.0,0.0
2011-09-20,20.12,20.45,19.9,19.92,15439500,1.0,0.0
2011-09-21,19.94,20.04,19.16,19.18,14472800,1.0,0.0
2011-09-22,18.63,19.275,18.53,18.9,20543400,1.0,0.0
2011-09-23,18.85,19.87,18.85,19.74,19994400,1.0,0.0
2011-09-26,19.84,19.86,19.3,19.82,17336000,1.0,0.0
2011-09-27,20.23,20.67,20.13,20.24,14722100,1.0,0.0
2011-09-28,20.23,20.5,19.82,19.88,13325200,1.0,0.0
2011-09-29,20.19,20.31,19.5727,20.02,13661500,1.0,0.0
2011-09-30,19.66,19.85,19.33,19.34,14668600,1.0,0.0
2011-10-03,19.39,19.54,18.86,18.98,14002100,1.0,0.0
2011-10-04,18.64,19.72,18.55,19.66,16503400,1.0,0.0
2011-10-05,19.57,19.81,19.3,19.74,13745400,1.0,0.0
2011-10-06,19.78,20.26,19.38,20.24,28775200,1.0,0.0
2011-10-07,20.41,20.65,20.05,20.34,32585800,1.0,0.0
2011-10-10,20.56,20.86,20.56,20.86,1989400,1.0,0.0
2011-10-11,20.83,20.83,20.49,20.53,1773804,1.0,0.0
2011-10-12,20.64,20.86,20.51,20.62,9663600,1.0,0.0
2011-10-13,20.37,20.78,20.24,20.45,6978200,1.0,0.0
2011-10-14,20.73,21.0,20.54,20.93,10959100,1.0,0.0
2011-10-17,20.57,21.4,20.57,20.89,16940000,1.0,0.14
2011-10-18,20.98,21.71,20.79,21.49,12855600,1.0,0.0
2011-10-19,21.48,21.66,20.99,21.04,12162900,1.0,0.0
2011-10-20,21.05,21.58,21.04,21.52,12482400,1.0,0.0
2011-10-21,21.78,22.2,21.71,22.13,15755900,1.0,0.0
2011-10-24,22.11,22.48,21.74,21.78,16838300,1.0,0.0
2011-10-25,21.92,22.05,21.46,21.51,17920100,1.0,0.0
2011-10-26,21.72,21.92,21.36,21.64,13731800,1.0,0.0
2011-10-27,22.17,22.295,21.79,21.9,15974300,1.0,0.0
2011-10-28,21.85,21.85,21.26,21.37,14365600,1.0,0.0
2011-10-31,21.17,21.43,21.0,21.02,12529500,1.0,0.0
2011-11-01,20.39,20.94,20.34,20.6,14893500,1.0,0.0
2011-11-02,21.03,21.44,20.78,21.33,14293100,1.0,0.0
2011-11-03,21.39,21.65,21.06,21.63,12121000,1.0,0.0
2011-11-04,21.49,21.66,21.21,21.54,10412100,1.0,0.0
2011-11-07,21.6,22.32,21.48,22.31,16891300,1.0,0.0
2011-11-08,22.48,22.8,22.04,22.77,15432200,1.0,0.0
2011-11-09,22.37,22.83,22.05,22.2,14451500,1.0,0.0
2011-11-10,22.46,22.8,22.11,22.46,18154200,1.0,0.0
2011-11-11,22.75,23.75,22.75,23.11,27393900,1.0,0.0
2011-11-14,23.2,24.0,23.2,23.5,29351000,1.0,0.0
2011-11-15,23.34,23.56,22.89,23.2,14969300,1.0,0.0
2011-11-16,22.89,24.05,22.8,23.49,23133400,1.0,0.0
2011-11-17,23.51,23.92,23.23,23.38,18690600,1.0,0.0
2011-11-18,23.42,23.46,22.93,23.31,14795300,1.0,0.0
2011-11-21,22.94,23.22,22.82,23.09,12693700,1.0,0.0
2011-11-22,23.1,23.17,22.775,22.81,11564400,1.0,0.0
2011-11-23,22.71,22.71,22.395,22.48,11759900,1.0,0.0
2011-11-25,22.55,23.02,22.39,22.68,6049700,1.0,0.0
2011-11-28,23.16,23.68,22.96,23.36,13338100,1.0,0.0
2011-11-29,23.52,24.39,23.47,24.3,26520800,1.0,0.0
2011-11-30,24.88,25.1,23.75,24.01,27751200,1.0,0.0
2011-12-01,23.91,24.22,23.83,23.87,14051400,1.0,0.0
2011-12-02,24.12,24.38,23.95,24.31,19223500,1.0,0.0
2011-12-05,24.51,24.67,24.18,24.35,13785400,1.0,0.0
2011-12-06,24.3,24.895,24.21,24.77,18040200,1.0,0.0
2011-12-07,24.57,25.24,24.57,25.2,32269400,1.0,0.0
2011-12-08,24.97,25.22,24.83,24.88,26498300,1.0,0.0
2011-12-09,25.05,25.25,24.93,24.97,20340300,1.0,0.0
2011-12-12,24.72,24.84,24.38,24.69,14919900,1.0,0.0
2011-12-13,24.75,24.79,24.04,24.18,15660600,1.0,0.0
2011-12-14,24.16,24.58,24.12,24.48,22526300,1.0,0.0
2011-12-15,24.67,24.75,24.55,24.66,18239000,1.0,0.0
2011-12-16,24.8199,25.02,24.51,25.02,28728600,1.0,0.0
2011-12-19,25.06,25.25,24.64,24.72,15501000,1.0,0.0
2011-12-20,25.15,25.76,25.11,25.73,18940600,1.0,0.0
2011-12-21,25.76,26.04,25.475,25.96,18322700,1.0,0.0
2011-12-22,25.93,25.95,25.43,25.46,15130100,1.0,0.0
2011-12-23,25.6,25.63,25.15,25.27,11578700,1.0,0.0
2011-12-27,25.21,25.705,25.16,25.54,9002800,1.0,0.0
2011-12-28,25.61,25.67,25.01,25.06,12285200,1.0,0.0
2011-12-29,25.07,25.75,25.05,25.68,11245800,1.0,0.0
2011-12-30,25.61,25.74,25.38,25.38,7981200,1.0,0.0
2012-01-03,25.66,26.01,25.435,25.52,14332300,1.0,0.0
2012-01-04,25.52,26.51,25.46,26.47,19041200,1.0,0.0
2012-01-05,26.36,26.435,25.98,26.37,14015900,1.0,0.0
2012-01-06,26.36,26.46,26.09,26.34,12612900,1.0,0.0
2012-01-09,26.38,26.38,25.96,26.1,12291100,1.0,0.0
2012-01-10,26.31,26.54,26.26,26.43,9626300,1.0,0.0
2012-01-11,26.59,26.6,26.22,26.53,11601900,1.0,0.0
2012-01-12,26.55,26.68,26.11,26.39,16742600,1.0,0.0
2012-01-13,26.3,26.43,26.045,26.32,16140500,1.0,0.0
2012-01-17,26.51,26.89,26.46,26.8,19179400,1.0,0.0
2012-01-18,26.73,27.57,26.69,27.46,19208200,1.0,0.0
2012-01-19,27.44,27.5,26.95,27.33,14240800,1.0,0.0
2012-01-20,27.25,27.33,26.42,26.53,15995000,1.0,0.0
2012-01-23,26.46,26.46,25.93,26.33,14759200,1.0,0.14
2012-01-24,26.22,26.92,26.17,26.88,13896700,1.0,0.0
2012-01-25,26.83,27.18,26.68,26.91,17001800,1.0,0.0
2012-01-26,26.97,27.01,26.25,26.95,18113400,1.0,0.0
2012-01-27,26.89,27.12,26.73,26.91,11442800,1.0,0.0
2012-01-30,26.68,26.84,26.38,26.82,11088800,1.0,0.0
2012-01-31,27.05,27.41,26.79,26.83,18581800,1.0,0.0
2012-02-01,27.16,27.38,26.87,26.88,13939100,1.0,0.0
2012-02-02,26.88,26.98,26.495,26.82,12355200,1.0,0.0
2012-02-03,27.08,27.285,26.92,27.2,14013600,1.0,0.0
2012-02-06,27.16,27.3,26.96,27.01,11062200,1.0,0.0
2012-02-07,27.04,27.22,26.92,26.96,12073400,1.0,0.0
2012-02-08,26.89,27.04,26.84,26.88,17096300,1.0,0.0
2012-02-09,26.96,27.01,26.78,26.91,15698000,1.0,0.0
2012-02-10,26.74,27.12,26.69,27.09,10492800,1.0,0.0
2012-02-13,27.28,27.46,27.17,27.39,11777700,1.0,0.0
2012-02-14,27.2,27.5,27.045,27.19,10580800,1.0,0.0
2012-02-15,27.23,27.53,27.2,27.43,17441800,1.0,0.0
2012-02-16,27.34,27.58,27.135,27.31,12233500,1.0,0.0
2012-02-17,27.46,27.835,27.43,27.68,9268500,1.0,0.0
2012-02-21,28.23,28.46,27.65,27.76,15633200,1.0,0.0
2012-02-22,27.61,27.67,26.75,26.95,21692000,1.0,0.0
2012-02-23,26.79,27.24,26.575,27.06,19962400,1.0,0.0
2012-02-24,27.06,27.17,26.72,27.16,15136000,1.0,0.0
2012-02-27,27.24,28.06,27.2,27.34,21943500,1.0,0.0
2012-02-28,27.34,27.73,27.11,27.71,18008400,1.0,0.0
2012-02-29,27.8,28.52,27.755,28.38,19593100,1.0,0.0
2012-03-01,28.41,28.595,28.09,28.38,12494000,1.0,0.0
2012-03-02,28.34,28.67,28.11,28.13,15007800,1.0,0.0
2012-03-05,27.97,28.33,27.92,28.24,15773900,1.0,0.0
2012-03-06,27.86,28.09,27.78,27.84,14060600,1.0,0.0
2012-03-07,27.95,29.0,27.91,28.87,30483500,1.0,0.0
2012-03-08,28.86,29.44,28.86,29.36,22110700,1.0,0.0
2012-03-09,29.46,29.94,29.345,29.77,19918000,1.0,0.0
2012-03-12,29.96,30.07,29.7,29.84,12880500,1.0,0.0
2012-03-13,30.03,30.33,29.95,30.23,23876400,1.0,0.0
2012-03-14,30.43,30.6,30.18,30.49,20702200,1.0,0.0
2012-03-15,30.45,30.8003,30.21,30.69,20820300,1.0,0.0
2012-03-16,30.62,30.66,30.14,30.41,17419800,1.0,0.0
2012-03-19,30.35,30.61,30.13,30.53,11950100,1.0,0.0
2012-03-20,30.41,30.74,30.34,30.59,10104100,1.0,0.0
2012-03-21,30.69,31.0,30.64,30.86,12579800,1.0,0.0
2012-03-22,30.68,31.0,30.58,30.95,12701900,1.0,0.0
2012-03-23,30.63,30.81,30.1,30.735,17540700,1.0,0.0
2012-03-26,30.97,31.19,30.91,31.18,10578600,1.0,0.0
2012-03-27,31.16,31.49,31.0,31.18,16181100,1.0,0.0
2012-03-28,31.1,31.26,30.97,31.22,11400200,1.0,0.0
2012-03-29,30.99,31.29,30.85,31.21,10789300,1.0,0.0
2012-03-30,31.46,31.57,31.23,31.38,13346000,1.0,0.0
2012-04-02,31.31,31.49,31.16,31.38,12793700,1.0,0.0
2012-04-03,31.42,31.43,30.91,31.07,11494700,1.0,0.0
2012-04-04,30.88,31.33,30.63,31.27,13497000,1.0,0.0
2012-04-05,31.29,31.63,31.19,31.35,13355800,1.0,0.0
2012-04-09,30.83,31.2,30.7,31.09,12396500,1.0,0.0
2012-04-10,31.03,31.27,30.33,30.33,12941600,1.0,0.0
2012-04-11,30.53,31.23,30.5,31.02,13711700,1.0,0.0
2012-04-12,31.06,31.58,31.04,31.5,7571300,1.0,0.0
2012-04-13,31.49,31.86,31.395,31.69,8871200,1.0,0.0
2012-04-16,31.94,32.29,31.73,32.05,11216900,1.0,0.0
2012-04-17,32.17,32.27,31.925,32.08,10793300,1.0,0.0
2012-04-18,31.93,32.12,31.86,31.96,7322600,1.0,0.0
2012-04-19,31.9,32.145,31.59,32.0,12186900,1.0,0.0
2012-04-20,32.01,32.12,31.51,31.65,9225200,1.0,0.0
2012-04-23,31.28,31.41,30.92,31.12,8440600,1.0,0.14
2012-04-24,31.2,31.72,31.18,31.38,9385200,1.0,0.0
2012-04-25,31.52,31.85,31.52,31.73,7472500,1.0,0.0
2012-04-26,31.63,31.77,31.18,31.43,13035900,1.0,0.0
2012-04-27,31.54,31.81,31.083,31.61,10010900,1.0,0.0
2012-04-30,31.49,31.64,31.21,31.47,13206600,1.0,0.0
2012-05-01,31.52,32.0,31.33,31.61,7152000,1.0,0.0
2012-05-02,31.6,32.18,31.44,32.1,10966500,1.0,0.0
2012-05-03,32.15,32.23,31.54,31.66,7181700,1.0,0.0
2012-05-04,31.56,31.57,31.05,31.09,8042200,1.0,0.0
2012-05-07,31.34,31.37,30.72,30.79,12497500,1.0,0.0
2012-05-08,30.51,30.83,29.88,30.67,16270600,1.0,0.0
2012-05-09,30.39,30.49,29.89,30.34,11657200,1.0,0.0
2012-05-10,30.54,30.75,29.89,30.18,19543400,1.0,0.0
2012-05-11,29.93,30.07,29.57,29.62,19887900,1.0,0.0
2012-05-14,29.46,29.92,29.41,29.56,13406600,1.0,0.0
2012-05-15,28.49,29.79,28.4,29.03,26255000,1.0,0.0
2012-05-16,29.16,29.76,29.09,29.32,14050700,1.0,0.0
2012-05-17,29.25,29.27,28.35,28.37,19689300,1.0,0.0
2012-05-18,28.32,28.99,28.22,28.48,19092800,1.0,0.0
2012-05-21,26.17,26.53,25.42,25.6,50428400,1.0,0.0
2012-05-22,25.7,26.15,25.31,25.49,25461700,1.0,0.0
2012-05-23,25.31,26.28,25.28,26.19,30028300,1.0,0.0
2012-05-24,26.33,27.15,26.21,27.1,25268400,1.0,0.0
2012-05-25,26.95,27.37,26.92,27.24,16809700,1.0,0.0
2012-05-29,27.43,27.69,27.2,27.49,18137300,1.0,0.0
2012-05-30,27.17,27.59,26.68,26.99,24427500,1.0,0.0
2012-05-31,26.98,27.1,26.6,26.72,19424500,1.0,0.0
2012-06-01,26.13,26.63,26.13,26.36,19817900,1.0,0.0
2012-06-04,26.05,26.7,26.03,26.66,16113000,1.0,0.0
2012-06-05,26.49,26.58,26.18,26.43,15109200,1.0,0.0
2012-06-06,26.96,27.48,26.75,27.48,17718300,1.0,0.0
2012-06-07,27.6,28.13,27.55,27.69,21908500,1.0,0.0
2012-06-08,27.57,27.9901,27.43,27.92,12203200,1.0,0.0
2012-06-11,28.05,28.07,26.96,26.98,15812300,1.0,0.0
2012-06-12,27.08,27.61,27.02,27.44,15011700,1.0,0.0
2012-06-13,27.19,27.48,26.61,26.88,15853500,1.0,0.0
2012-06-14,26.86,27.94,26.86,27.77,15661600,1.0,0.0
2012-06-15,27.87,28.08,27.62,28.05,22257500,1.0,0.0
2012-06-18,27.88,28.56,27.84,28.43,11708800,1.0,0.0
2012-06-19,28.51,28.71,28.2,28.54,11322200,1.0,0.0
2012-06-20,28.6,28.66,28.17,28.63,11667200,1.0,0.0
2012-06-21,28.68,28.69,27.45,27.5,14978600,1.0,0.0
2012-06-22,27.67,27.84,27.25,27.31,16842000,1.0,0.0
2012-06-25,27.09,27.15,26.78,26.93,10083100,1.0,0.0
2012-06-26,27.0,27.5,26.78,27.26,13961400,1.0,0.0
2012-06-27,27.27,27.52,27.06,27.3,9672800,1.0,0.0
2012-06-28,27.17,27.55,26.84,27.24,12967200,1.0,0.0
2012-06-29,27.85,28.44,27.36,28.44,12927300,1.0,0.0
2012-07-02,28.46,28.63,27.9,28.62,9952100,1.0,0.0
2012-07-03,28.0,28.0,27.06,27.62,13071900,1.0,0.0
2012-07-05,27.68,27.75,27.415,27.58,9684700,1.0,0.0
2012-07-06,27.31,27.86,27.29,27.85,9529500,1.0,0.0
2012-07-09,27.58,27.72,27.22,27.28,10852300,1.0,0.0
2012-07-10,27.39,27.61,26.99,27.17,10561700,1.0,0.0
2012-07-11,27.2,27.37,26.64,26.67,18575400,1.0,0.0
2012-07-12,26.21,26.72,25.9,26.57,16794800,1.0,0.0
2012-07-13,26.65,26.805,26.39,26.72,10226400,1.0,0.0
2012-07-16,26.55,26.57,25.73,25.8,25123900,1.0,0.0
2012-07-17,25.6,25.74,25.3,25.55,24927800,1.0,0.0
2012-07-18,25.36,25.82,25.2,25.66,18466300,1.0,0.0
2012-07-19,25.7,26.31,25.6,26.03,13278700,1.0,0.0
2012-07-20,25.95,26.16,25.79,25.79,12072100,1.0,0.0
2012-07-23,25.18,26.1,25.11,25.77,9853200,1.0,0.16
2012-07-24,25.74,25.87,25.54,25.77,8218100,1.0,0.0
2012-07-25,26.07,26.12,25.56,25.6,8399400,1.0,0.0
2012-07-26,25.95,26.67,25.91,26.6,13969200,1.0,0.0
2012-07-27,26.73,27.25,26.51,27.07,12371100,1.0,0.0
2012-07-30,27.02,27.08,26.61,26.86,6866500,1.0,0.0
2012-07-31,26.35,26.53,25.31,25.37,22722000,1.0,0.0
2012-08-01,25.44,25.9,24.96,25.14,28243100,1.0,0.0
2012-08-02,25.07,25.55,24.76,24.85,15421900,1.0,0.0
2012-08-03,25.06,25.5,25.02,25.49,10237700,1.0,0.0
2012-08-06,25.6,25.79,25.34,25.41,12584800,1.0,0.0
2012-08-07,25.5,26.12,25.44,25.97,12326200,1.0,0.0
2012-08-08,25.92,26.46,25.71,26.42,12004700,1.0,0.0
2012-08-09,26.3,26.97,26.29,26.91,12020300,1.0,0.0
2012-08-10,26.7,26.8,26.43,26.77,10123100,1.0,0.0
2012-08-13,26.74,26.76,26.335,26.55,10952400,1.0,0.0
2012-08-14,26.89,27.0,26.36,26.54,14279800,1.0,0.0
2012-08-15,26.6,27.09,26.5,26.83,15330300,1.0,0.0
2012-08-16,26.89,27.55,26.77,27.45,12592700,1.0,0.0
2012-08-17,27.53,27.87,27.25,27.87,13596000,1.0,0.0
2012-08-20,26.19,27.09,25.97,26.26,47478900,1.0,0.0
2012-08-21,26.31,26.71,26.12,26.43,16205200,1.0,0.0
2012-08-22,26.41,27.34,26.4,27.24,20086800,1.0,0.0
2012-08-23,27.16,27.54,27.15,27.36,16086900,1.0,0.0
2012-08-24,27.28,27.81,27.25,27.73,11341700,1.0,0.0
2012-08-27,27.84,27.94,27.55,27.7,10870700,1.0,0.0
2012-08-28,27.73,28.0,27.66,27.85,9961500,1.0,0.0
2012-08-29,27.97,28.62,27.91,28.34,14765000,1.0,0.0
2012-08-30,28.17,28.47,28.13,28.18,11664300,1.0,0.0
2012-08-31,28.32,28.71,28.24,28.48,15045500,1.0,0.0
2012-09-04,28.56,28.62,28.19,28.43,10066600,1.0,0.0
2012-09-05,28.56,28.775,27.81,28.1,14271000,1.0,0.0
2012-09-06,28.34,28.75,28.16,28.38,17720500,1.0,0.0
2012-09-07,28.45,28.48,28.21,28.32,15806500,1.0,0.0
2012-09-10,28.32,29.13,28.32,28.69,12697200,1.0,0.0
2012-09-11,28.63,28.87,28.38,28.6,10131100,1.0,0.0
2012-09-12,28.65,28.82,28.115,28.22,11582000,1.0,0.0
2012-09-13,28.29,29.11,28.09,29.02,13246300,1.0,0.0
2012-09-14,29.1,29.77,29.1,29.4,11767500,1.0,0.0
2012-09-17,29.49,29.75,29.14,29.23,10046500,1.0,0.0
2012-09-18,29.27,29.36,28.85,29.18,11937200,1.0,0.0
2012-09-19,29.3,29.93,29.25,29.59,11956700,1.0,0.0
2012-09-20,29.48,30.06,29.34,30.0,13396400,1.0,0.0
2012-09-21,29.97,30.21,29.73,30.19,20802200,1.0,0.0
2012-09-24,30.0,30.09,29.695,29.8,11027800,1.0,0.0
2012-09-25,29.95,30.56,29.66,29.67,15131500,1.0,0.0
2012-09-26,29.73,30.16,29.69,30.005,15004400,1.0,0.0
2012-09-27,30.03,30.45,29.89,30.26,8243600,1.0,0.0
2012-09-28,30.1,30.56,30.1,30.24,10694100,1.0,0.0
2012-10-01,30.31,30.485,30.1,30.31,14660100,1.0,0.0
2012-10-02,30.31,30.46,30.04,30.29,10445100,1.0,0.0
2012-10-03,30.43,30.8,30.06,30.7,16087600,1.0,0.0
2012-10-04,30.78,31.22,30.71,30.95,11189600,1.0,0.0
2012-10-05,31.2,32.0,31.2,31.77,17144900,1.0,0.0
2012-10-08,31.58,31.75,31.31,31.55,6963300,1.0,0.0
2012-10-09,31.45,31.56,31.11,31.13,8701300,1.0,0.0
2012-10-10,31.16,31.27,30.77,30.89,11359800,1.0,0.0
2012-10-11,31.1,31.15,30.59,30.77,10637300,1.0,0.0
2012-10-12,30.99,31.52,30.86,31.18,11409000,1.0,0.0
2012-10-15,31.72,32.23,31.55,32.2,14301600,1.0,0.0
2012-10-16,32.35,32.63,32.16,32.35,8967300,1.0,0.0
2012-10-17,32.59,32.98,32.4,32.79,10707900,1.0,0.0
2012-10-18,32.75,32.96,32.485,32.57,9609600,1.0,0.0
2012-10-19,32.58,33.29,32.38,32.64,14524900,1.0,0.0
2012-10-22,32.45,32.73,32.16,32.71,9510900,1.0,0.16
2012-10-23,32.28,32.4,32.04,32.3,7902500,1.0,0.0
2012-10-24,32.59,32.67,32.25,32.29,7004500,1.0,0.0
2012-10-25,32.59,32.619,31.65,31.79,7751900,1.0,0.0
2012-10-26,31.87,32.075,31.1701,31.36,13419900,1.0,0.0
2012-10-31,32.69,32.84,31.79,32.38,14441500,1.0,0.0
2012-11-01,32.59,33.0,32.47,32.96,10238400,1.0,0.0
2012-11-02,33.05,33.63,33.03,33.15,13513400,1.0,0.0
2012-11-05,33.02,33.39,33.02,33.06,7020200,1.0,0.0
2012-11-06,33.03,33.415,33.03,33.29,6865900,1.0,0.0
2012-11-07,33.1,33.2,32.52,32.77,10337700,1.0,0.0
2012-11-08,32.71,32.91,32.08,32.1,9520300,1.0,0.0
2012-11-09,31.96,31.99,31.32,31.47,13777000,1.0,0.0
2012-11-12,31.77,32.21,31.5,31.98,8802200,1.0,0.0
2012-11-13,32.26,32.875,31.89,31.97,16624300,1.0,0.0
2012-11-14,32.11,32.6,31.905,31.98,11598600,1.0,0.0
2012-11-15,31.98,32.17,31.23,31.401,9935600,1.0,0.0
2012-11-16,31.52,32.23,31.4301,31.98,14885200,1.0,0.0
2012-11-19,33.78,34.5,33.73,33.96,25972800,1.0,0.0
2012-11-20,33.96,34.97,33.93,34.45,16199000,1.0,0.0
2012-11-21,34.15,34.745,34.05,34.55,10951600,1.0,0.0
2012-11-23,34.67,35.15,34.65,35.15,4507500,1.0,0.0
2012-11-26,34.89,35.35,34.55,35.345,12503400,1.0,0.0
2012-11-27,35.13,35.37,34.78,35.34,15864800,1.0,0.0
2012-11-28,35.1,35.78,34.71,35.77,12373300,1.0,0.0
2012-11-29,35.79,36.27,35.57,35.61,22956600,1.0,0.0
2012-11-30,35.53,36.2,35.26,36.09,17225900,1.0,0.0
2012-12-03,35.93,36.47,35.88,36.04,15285400,1.0,0.0
2012-12-04,35.92,36.01,35.32,35.62,12560600,1.0,0.0
2012-12-05,35.55,35.67,34.8,35.2,14365700,1.0,0.0
2012-12-06,35.16,35.25,34.81,35.17,11640700,1.0,0.0
2012-12-07,35.21,35.49,34.86,35.11,7773600,1.0,0.0
2012-12-10,35.16,35.25,34.73,34.81,6701700,1.0,0.0
2012-12-11,34.84,34.99,34.6,34.82,9153600,1.0,0.0
2012-12-12,34.79,35.03,34.46,34.73,11917100,1.0,0.0
2012-12-13,34.82,35.22,34.49,34.53,7611400,1.0,0.0
2012-12-14,34.51,34.58,34.201,34.46,7668800,1.0,0.0
2012-12-17,34.47,35.87,34.47,35.85,12348300,1.0,0.0
2012-12-18,35.72,36.14,35.51,35.8307,11575200,1.0,0.0
2012-12-19,35.8,35.98,35.1,35.11,11063800,1.0,0.0
2012-12-20,35.13,35.39,34.89,35.38,9292200,1.0,0.0
2012-12-21,35.04,35.33,34.72,35.04,18425700,1.0,0.0
2012-12-24,34.97,35.35,34.91,35.24,3300800,1.0,0.0
2012-12-26,35.24,35.45,34.97,35.2,6747800,1.0,0.0
2012-12-27,35.12,35.38,34.54,35.13,8244900,1.0,0.0
2012-12-28,34.86,35.54,34.6,34.98,8115000,1.0,0.0
2012-12-31,34.84,35.62,34.61,35.52,9869000,1.0,0.0
2013-01-02,36.13,36.375,35.83,36.19,8229700,1.0,0.0
2013-01-03,36.32,36.4,35.71,35.85,8564600,1.0,0.0
2013-01-04,35.94,36.05,35.55,35.58,7705000,1.0,0.0
2013-01-07,34.99,35.18,34.43,34.76,12497600,1.0,0.0
2013-01-08,34.93,35.31,34.65,34.78,6513700,1.0,0.0
2013-01-09,34.91,35.23,34.8,34.88,5400700,1.0,0.0
2013-01-10,35.04,35.565,34.8,35.55,8024800,1.0,0.0
2013-01-11,35.6,35.88,35.46,35.83,8307700,1.0,0.0
2013-01-14,35.8,35.85,35.31,35.38,9530900,1.0,0.0
2013-01-15,35.45,35.99,35.21,35.93,8270100,1.0,0.0
2013-01-16,35.8,36.0,35.55,35.77,4543400,1.0,0.0
2013-01-17,35.99,37.08,35.97,37.0,11461600,1.0,0.0
2013-01-18,37.06,37.15,36.63,36.99,11866400,1.0,0.16
2013-01-22,37.03,37.44,36.8,37.44,8718800,1.0,0.0
2013-01-23,37.3,37.97,37.05,37.88,12682100,1.0,0.0
2013-01-24,37.95,38.53,37.88,38.41,13364100,1.0,0.0
2013-01-25,38.5,39.26,38.23,38.58,15477200,1.0,0.0
2013-01-28,38.71,38.75,38.17,38.35,7698000,1.0,0.0
2013-01-29,38.2,38.53,38.02,38.23,7748800,1.0,0.0
2013-01-30,38.28,38.42,38.065,38.21,6144900,1.0,0.0
2013-01-31,38.2,38.57,37.96,38.19,10543000,1.0,0.0
2013-02-01,38.45,39.15,38.4,38.56,11080200,1.0,0.0
2013-02-04,38.29,38.8099,37.92,37.94,8536400,1.0,0.0
2013-02-05,38.22,38.55,38.2,38.33,8637200,1.0,0.0
2013-02-06,38.22,38.68,37.98,38.67,8650300,1.0,0.0
2013-02-07,38.52,38.9,38.31,38.77,9693900,1.0,0.0
2013-02-08,38.77,39.2,38.71,39.03,5914000,1.0,0.0
2013-02-11,39.12,39.21,38.925,39.06,5049900,1.0,0.0
2013-02-12,39.27,39.91,39.17,39.79,7696600,1.0,0.0
2013-02-13,39.87,39.98,39.48,39.77,5722600,1.0,0.0
2013-02-14,39.72,39.8801,39.41,39.57,8023000,1.0,0.0
2013-02-15,39.4,39.74,38.76,39.14,9977700,1.0,0.0
2013-02-19,39.26,39.72,38.89,39.41,8142900,1.0,0.0
2013-02-20,39.41,39.625,38.63,38.64,8441600,1.0,0.0
2013-02-21,37.8,38.16,37.23,37.67,13460000,1.0,0.0
2013-02-22,37.98,38.12,37.56,37.67,8770400,1.0,0.0
2013-02-25,38.07,38.3799,35.86,35.86,20372000,1.0,0.0
2013-02-26,36.15,37.215,35.92,36.59,18853100,1.0,0.0
2013-02-27,36.48,37.8,36.46,37.71,17520600,1.0,0.0
2013-02-28,37.74,38.46,37.6,38.15,13931600,1.0,0.0
2013-03-01,37.91,38.515,37.8,38.38,11073400,1.0,0.0
2013-03-04,38.12,38.4377,37.91,38.43,8527400,1.0,0.0
2013-03-05,38.54,38.815,38.3,38.76,7843600,1.0,0.0
2013-03-06,38.75,39.22,38.68,38.83,6575800,1.0,0.0
2013-03-07,38.83,38.89,38.24,38.7,6206800,1.0,0.0
2013-03-08,38.9,39.39,38.8,39.31,6696100,1.0,0.0
2013-03-11,39.13,39.69,39.13,39.67,6308600,1.0,0.0
2013-03-12,39.59,39.6899,38.88,39.04,7364600,1.0,0.0
2013-03-13,39.2,39.52,39.0,39.4,5383400,1.0,0.0
2013-03-14,39.38,39.55,39.1,39.2,7326300,1.0,0.0
2013-03-15,39.03,39.3,38.74,38.81,9708100,1.0,0.0
2013-03-18,38.46,38.99,38.35,38.74,7319100,1.0,0.0
2013-03-19,38.76,39.0,37.96,38.24,9333700,1.0,0.0
2013-03-20,38.47,38.74,38.345,38.41,5842100,1.0,0.0
2013-03-21,38.2,38.49,37.63,37.76,10148600,1.0,0.0
2013-03-22,37.93,37.95,37.55,37.83,7641400,1.0,0.0
2013-03-25,38.11,38.76,38.02,38.12,10506700,1.0,0.0
2013-03-26,38.39,38.435,37.915,38.22,5646600,1.0,0.0
2013-03-27,37.97,38.35,37.92,38.18,3464100,1.0,0.0
2013-03-28,38.06,38.34,37.88,37.92,9215400,1.0,0.0
2013-04-01,37.8,37.92,37.33,37.52,11165800,1.0,0.0
2013-04-02,37.59,38.14,37.59,38.02,5622400,1.0,0.0
2013-04-03,38.1,38.25,37.5,37.87,9207100,1.0,0.0
2013-04-04,37.93,38.75,37.93,38.63,11629700,1.0,0.0
2013-04-05,38.17,38.5,37.68,38.39,7626000,1.0,0.0
2013-04-08,38.36,39.03,38.32,38.98,7895600,1.0,0.0
2013-04-09,39.08,39.24,38.79,38.87,6667100,1.0,0.0
2013-04-10,38.87,39.075,38.64,39.01,7302100,1.0,0.0
2013-04-11,39.15,39.42,38.8,38.84,7878200,1.0,0.0
2013-04-12,38.69,39.38,38.565,38.92,6995900,1.0,0.0
2013-04-15,38.6,39.18,37.895,37.91,10045400,1.0,0.0
2013-04-16,38.2,38.37,37.465,37.99,11945000,1.0,0.0
2013-04-17,37.82,37.9725,37.38,37.59,8839500,1.0,0.0
2013-04-18,37.74,37.76,37.09,37.32,8215600,1.0,0.0
2013-04-19,37.48,38.35,37.47,38.12,7786800,1.0,0.0
2013-04-22,38.03,38.0599,37.39,37.69,5180100,1.0,0.16
2013-04-23,37.8,38.33,37.62,38.01,8800300,1.0,0.0
2013-04-24,38.15,38.34,37.66,37.71,7076300,1.0,0.0
2013-04-25,37.73,37.94,37.415,37.79,8312400,1.0,0.0
2013-04-26,37.79,38.02,37.7,37.7,5232900,1.0,0.0
2013-04-29,37.78,38.45,37.56,38.25,10374100,1.0,0.0
2013-04-30,38.19,38.58,38.06,38.42,5850700,1.0,0.0
2013-05-01,38.34,38.52,37.98,38.18,7105500,1.0,0.0
2013-05-02,38.29,38.87,38.12,38.87,5687700,1.0,0.0
2013-05-03,39.15,39.61,39.05,39.59,6987500,1.0,0.0
2013-05-06,39.54,40.88,39.5,40.81,10498100,1.0,0.0
2013-05-07,40.87,41.14,40.12,40.29,8953600,1.0,0.0
2013-05-08,40.7,42.4,40.215,42.35,14062900,1.0,0.0
2013-05-09,42.13,42.29,41.55,41.77,9947700,1.0,0.0
2013-05-10,41.89,42.08,41.63,42.07,4584900,1.0,0.0
2013-05-13,41.88,42.295,41.88,42.09,3863200,1.0,0.0
2013-05-14,42.21,42.9,42.21,42.78,6416800,1.0,0.0
2013-05-15,42.74,43.28,42.74,43.23,6682500,1.0,0.0
2013-05-16,43.17,43.55,42.72,42.76,7490700,1.0,0.0
2013-05-17,42.81,42.9675,42.39,42.67,7812700,1.0,0.0
2013-05-20,42.26,42.77,42.16,42.38,7161200,1.0,0.0
2013-05-21,43.08,43.4,42.18,42.45,10779500,1.0,0.0
2013-05-22,43.3,43.84,42.46,42.97,19588200,1.0,0.0
2013-05-23,42.44,42.785,42.15,42.69,8272600,1.0,0.0
2013-05-24,42.13,42.71,42.06,42.64,7603100,1.0,0.0
2013-05-28,43.12,43.42,42.71,42.86,6755800,1.0,0.0
2013-05-29,42.56,43.27,42.43,43.09,7309000,1.0,0.0
2013-05-30,43.24,43.49,42.63,42.66,6775400,1.0,0.0
2013-05-31,42.44,43.256,42.11,42.11,7494500,1.0,0.0
2013-06-03,42.12,42.36,41.62,42.36,6169800,1.0,0.0
2013-06-04,42.17,42.46,40.97,40.99,9221300,1.0,0.0
2013-06-05,40.825,40.85,39.59,39.6,12360700,1.0,0.0
2013-06-06,39.79,40.7,39.56,40.7,9583100,1.0,0.0
2013-06-07,41.01,41.67,40.89,41.6,10925100,1.0,0.0
2013-06-10,41.58,41.77,40.98,41.18,7370100,1.0,0.0
2013-06-11,40.64,41.35,40.601,40.89,4589200,1.0,0.0
2013-06-12,41.3,41.52,40.58,40.61,6525200,1.0,0.0
2013-06-13,40.6,41.35,40.515,41.18,5622400,1.0,0.0
2013-06-14,41.04,41.84,41.0,41.16,7450400,1.0,0.0
2013-06-17,41.39,41.78,41.09,41.37,1256670,1.0,0.0
2013-06-18,41.41,41.59,41.15,41.46,1153237,1.0,0.0
2013-06-19,41.59,41.65,40.99,41.03,7614100,1.0,0.0
2013-06-20,40.59,40.63,39.81,39.82,12013600,1.0,0.0
2013-06-21,40.24,40.27,39.2675,39.55,16890200,1.0,0.0
2013-06-24,39.05,39.82,38.87,39.45,8683000,1.0,0.0
2013-06-25,39.8,39.92,39.48,39.51,9647300,1.0,0.0
2013-06-26,39.95,40.66,39.95,40.53,9528600,1.0,0.0
2013-06-27,40.75,41.38,40.69,41.15,7787200,1.0,0.0
2013-06-28,41.08,41.3,40.7,40.9,12195300,1.0,0.0
2013-07-01,41.19,41.43,40.95,41.06,5924500,1.0,0.0
2013-07-02,41.45,42.84,41.34,42.37,12271900,1.0,0.0
2013-07-03,42.1,42.5,41.94,42.32,4074000,1.0,0.0
2013-07-05,42.5,42.89,42.3,42.78,4048600,1.0,0.0
2013-07-08,42.88,43.55,42.87,43.5,5727200,1.0,0.0
2013-07-09,43.56,43.98,43.41,43.81,5482000,1.0,0.0
2013-07-10,43.74,43.82,43.17,43.39,5247600,1.0,0.0
2013-07-11,44.02,44.2,43.28,43.37,7224800,1.0,0.0
2013-07-12,43.39,43.86,43.35,43.83,4507900,1.0,0.0
2013-07-15,44.0,44.42,43.75,43.75,8203400,1.0,0.0
2013-07-16,43.65,44.087,43.5,43.79,4093700,1.0,0.0
2013-07-17,44.05,44.51,43.95,44.26,5563200,1.0,0.0
2013-07-18,44.27,44.55,44.07,44.29,5431500,1.0,0.0
2013-07-19,44.32,44.37,43.9,44.27,4335500,1.0,0.0
2013-07-22,44.15,44.72,43.95,44.68,5506600,1.0,0.18
2013-07-23,44.76,45.16,44.74,45.1,6578200,1.0,0.0
2013-07-24,45.26,45.3,44.59,44.75,5612800,1.0,0.0
2013-07-25,44.6,44.695,43.78,44.13,8425800,1.0,0.0
2013-07-26,43.87,44.035,43.61,43.97,5130800,1.0,0.0
2013-07-29,43.95,44.09,43.38,43.44,6020700,1.0,0.0
2013-07-30,43.79,44.31,43.79,44.04,7083400,1.0,0.0
2013-07-31,44.01,45.03,44.0,44.58,6857900,1.0,0.0
2013-08-01,44.94,45.19,44.76,45.04,5794500,1.0,0.0
2013-08-02,44.97,45.27,44.69,44.99,6763600,1.0,0.0
2013-08-05,44.81,45.49,44.77,45.47,4488300,1.0,0.0
2013-08-06,45.37,45.46,44.69,44.87,7986700,1.0,0.0
2013-08-07,44.75,44.81,44.17,44.3,6507900,1.0,0.0
2013-08-08,45.27,46.25,45.2,46.16,11217200,1.0,0.0
2013-08-09,46.03,46.04,45.535,45.68,6613800,1.0,0.0
2013-08-12,45.59,46.25,45.59,45.8,5075200,1.0,0.0
2013-08-13,45.78,46.23,45.36,46.13,5708400,1.0,0.0
2013-08-14,46.11,46.15,44.96,45.0,8957600,1.0,0.0
2013-08-15,44.46,44.56,43.76,43.85,8911900,1.0,0.0
2013-08-16,43.86,44.64,43.79,43.96,8342100,1.0,0.0
2013-08-19,44.07,44.19,43.5511,43.67,6126100,1.0,0.0
2013-08-20,44.38,44.52,43.52,44.08,10291200,1.0,0.0
2013-08-21,45.61,47.25,45.52,45.81,30111000,1.0,0.0
2013-08-22,45.97,47.51,45.92,47.39,10274400,1.0,0.0
2013-08-23,47.24,47.5,46.57,46.98,8124400,1.0,0.0
2013-08-26,47.01,47.44,46.83,46.99,6085100,1.0,0.0
2013-08-27,46.39,46.7,45.95,46.0,7316000,1.0,0.0
2013-08-28,45.88,46.67,45.86,46.38,7153900,1.0,0.0
2013-08-29,46.28,46.77,46.0,46.42,4470600,1.0,0.0
2013-08-30,46.5,46.618,45.645,45.82,5610200,1.0,0.0
2013-09-03,46.25,46.49,45.17,45.61,7003400,1.0,0.0
2013-09-04,45.72,46.02,45.63,45.97,5468500,1.0,0.0
2013-09-05,45.88,46.22,45.78,45.86,4558000,1.0,0.0
2013-09-06,46.07,46.2,45.25,45.6,5596100,1.0,0.0
2013-09-09,45.82,46.805,45.8,46.63,5714200,1.0,0.0
2013-09-10,46.8,47.18,46.64,47.15,5887700,1.0,0.0
2013-09-11,47.29,47.58,46.96,47.37,4680700,1.0,0.0
2013-09-12,47.28,47.38,46.63,46.99,7086100,1.0,0.0
2013-09-13,47.15,47.29,46.59,46.86,6199800,1.0,0.0
2013-09-16,47.3,47.46,46.48,46.84,6485000,1.0,0.0
2013-09-17,46.76,47.05,46.6,46.85,5347900,1.0,0.0
2013-09-18,46.77,48.02,46.42,47.75,7535200,1.0,0.0
2013-09-19,48.0,49.17,48.0,48.98,11076500,1.0,0.0
2013-09-20,49.07,49.14,47.84,47.84,11704700,1.0,0.0
2013-09-23,47.66,47.74,47.1935,47.27,7187300,1.0,0.0
2013-09-24,47.19,48.43,47.02,48.04,7195300,1.0,0.0
2013-09-25,48.02,48.02,47.345,47.54,5916600,1.0,0.0
2013-09-26,47.73,48.155,47.73,47.89,4354400,1.0,0.0
2013-09-27,47.79,48.025,47.63,47.77,4107600,1.0,0.0
2013-09-30,47.31,47.96,47.2,47.61,5846500,1.0,0.0
2013-10-01,47.64,48.38,47.5,48.19,6662500,1.0,0.0
2013-10-02,47.85,48.485,47.66,48.41,5951600,1.0,0.0
2013-10-03,48.54,48.8,47.55,47.93,7403300,1.0,0.0
2013-10-04,47.97,48.22,47.845,48.14,5518600,1.0,0.0
2013-10-07,47.54,47.82,47.26,47.26,6404200,1.0,0.0
2013-10-08,47.25,47.6,46.485,46.53,7306200,1.0,0.0
2013-10-09,46.53,47.07,46.095,46.6,6652000,1.0,0.0
2013-10-10,47.27,47.89,47.16,47.82,5738400,1.0,0.0
2013-10-11,47.96,48.81,47.93,48.8,6949900,1.0,0.0
2013-10-14,48.45,48.965,48.36,48.88,4959300,1.0,0.0
2013-10-15,48.84,48.84,47.95,48.45,7282700,1.0,0.0
2013-10-16,48.72,48.79,47.84,48.47,9179900,1.0,0.0
2013-10-17,48.32,49.12,48.31,49.02,6769800,1.0,0.0
2013-10-18,48.48,48.48,47.58,47.66,12981900,1.0,0.0
2013-10-21,47.59,48.03,47.4,48.02,6482500,1.0,0.18
2013-10-22,48.19,48.53,48.12,48.19,7711400,1.0,0.0
2013-10-23,48.17,49.31,48.12,49.25,9541700,1.0,0.0
2013-10-24,49.29,50.48,49.22,50.44,8420900,1.0,0.0
2013-10-25,50.25,50.63,49.93,50.59,6014300,1.0,0.0
2013-10-28,50.49,50.52,49.83,50.11,5916400,1.0,0.0
2013-10-29,50.29,50.71,50.19,50.61,8843200,1.0,0.0
2013-10-30,50.67,50.74,49.77,50.15,6991100,1.0,0.0
2013-10-31,50.25,50.34,49.66,49.78,7212200,1.0,0.0
2013-11-01,49.83,49.99,49.15,49.18,9961600,1.0,0.0
2013-11-04,49.49,49.82,49.48,49.77,5592500,1.0,0.0
2013-11-05,49.54,50.42,49.4,50.18,5153500,1.0,0.0
2013-11-06,50.42,50.5,49.82,49.97,4104400,1.0,0.0
2013-11-07,50.11,50.43,49.025,49.07,4694500,1.0,0.0
2013-11-08,49.01,49.26,48.48,48.72,8931200,1.0,0.0
2013-11-11,48.82,49.44,48.72,49.1,5530100,1.0,0.0
2013-11-12,49.37,50.39,49.37,50.12,10150000,1.0,0.0
2013-11-13,49.81,51.28,49.81,51.28,7433500,1.0,0.0
2013-11-14,51.44,52.03,51.38,51.95,9024800,1.0,0.0
2013-11-15,52.05,52.08,51.53,51.77,10833100,1.0,0.0
2013-11-18,51.74,51.77,50.77,50.89,8655100,1.0,0.0
2013-11-19,51.5,51.85,50.18,50.44,12070900,1.0,0.0
2013-11-20,48.5,48.9,47.16,47.33,26083700,1.0,0.0
2013-11-21,47.54,48.785,47.17,48.2,11977200,1.0,0.0
2013-11-22,48.22,48.24,47.68,47.9,6142600,1.0,0.0
2013-11-25,48.05,48.2899,47.51,47.75,6472200,1.0,0.0
2013-11-26,47.86,48.32,47.84,48.01,6901400,1.0,0.0
2013-11-27,47.98,48.21,47.61,47.89,4561900,1.0,0.0
2013-11-29,47.89,47.97,47.45,47.48,3343900,1.0,0.0
2013-12-02,47.58,47.6,46.72,46.83,6834800,1.0,0.0
2013-12-03,45.82,46.55,45.75,46.5,11475200,1.0,0.0
2013-12-04,46.19,47.04,46.08,46.86,8019100,1.0,0.0
2013-12-05,46.7,47.08,46.545,46.61,5232900,1.0,0.0
2013-12-06,47.19,48.477,47.14,47.98,8217900,1.0,0.0
2013-12-09,47.89,48.18,47.69,47.76,6269600,1.0,0.0
2013-12-10,47.68,47.97,47.32,47.36,5477500,1.0,0.0
2013-12-11,47.34,47.8,47.22,47.31,5307800,1.0,0.0
2013-12-12,47.31,47.39,46.82,46.89,4552400,1.0,0.0
2013-12-13,46.9,47.38,46.9,47.11,3815800,1.0,0.0
2013-12-16,47.47,47.72,47.08,47.13,4228200,1.0,0.0
2013-12-17,47.16,47.23,46.44,46.65,5502000,1.0,0.0
2013-12-18,46.7,48.48,46.62,48.32,10359700,1.0,0.0
2013-12-19,48.06,48.92,47.745,48.39,7668100,1.0,0.0
2013-12-20,48.58,48.92,47.92,47.97,8169900,1.0,0.0
2013-12-23,47.96,48.79,47.96,48.4,4715100,1.0,0.0
2013-12-24,48.43,48.95,48.28,48.7,2281800,1.0,0.0
2013-12-26,48.83,49.23,48.73,49.03,3124500,1.0,0.0
2013-12-27,49.15,49.45,48.65,48.83,3828600,1.0,0.0
2013-12-30,48.98,49.43,48.91,49.25,3202800,1.0,0.0
2013-12-31,49.22,49.605,49.18,49.55,3457300,1.0,0.0
2014-01-02,49.55,49.86,49.15,49.44,5458300,1.0,0.0
2014-01-03,49.41,49.53,48.83,48.95,4257500,1.0,0.0
2014-01-06,48.97,49.1,48.04,48.26,4923000,1.0,0.0
2014-01-07,48.4,48.82,48.0,48.38,5541900,1.0,0.0
2014-01-08,48.28,48.75,48.25,48.55,4875800,1.0,0.0
2014-01-09,48.75,48.88,48.36,48.75,4941400,1.0,0.0
2014-01-10,48.92,49.78,48.88,49.68,5736400,1.0,0.0
2014-01-13,49.4,49.91,48.5,48.66,6403800,1.0,0.0
2014-01-14,48.61,48.93,48.365,48.9,5498900,1.0,0.0
2014-01-15,48.98,49.03,48.1,48.29,6224600,1.0,0.0
2014-01-16,48.11,48.28,47.77,48.18,4146200,1.0,0.0
2014-01-17,48.1,48.14,47.56,47.61,5764000,1.0,0.18
2014-01-21,47.59,47.86,47.26,47.82,7430100,1.0,0.0
2014-01-22,47.84,47.85,47.18,47.75,7916600,1.0,0.0
2014-01-23,47.55,48.22,47.25,48.15,6938800,1.0,0.0
2014-01-24,47.78,48.3,47.73,47.83,9086200,1.0,0.0
2014-01-27,47.78,48.32,47.34,48.0,8050300,1.0,0.0
2014-01-28,46.75,47.38,46.58,46.96,13364000,1.0,0.0
2014-01-29,46.57,46.89,45.775,45.97,9922000,1.0,0.0
2014-01-30,46.31,46.78,45.96,46.5,5772900,1.0,0.0
2014-01-31,46.01,46.7951,45.62,46.29,6767300,1.0,0.0
2014-02-03,46.26,46.525,45.48,45.6,7755000,1.0,0.0
2014-02-04,45.55,45.73,44.78,44.9,8399200,1.0,0.0
2014-02-05,44.82,45.67,44.45,45.53,8036000,1.0,0.0
2014-02-06,45.67,46.64,45.6,46.58,6486400,1.0,0.0
2014-02-07,46.11,46.26,45.44,46.07,9641200,1.0,0.0
2014-02-10,46.11,46.42,45.905,46.12,7342900,1.0,0.0
2014-02-11,45.98,46.94,45.97,46.76,6922100,1.0,0.0
2014-02-12,46.78,47.09,46.56,46.68,6788200,1.0,0.0
2014-02-13,46.47,46.81,46.03,46.64,5051600,1.0,0.0
2014-02-14,46.6,47.39,46.46,47.28,3459900,1.0,0.0
2014-02-18,47.5,47.68,46.69,46.93,5454500,1.0,0.0
2014-02-19,46.81,47.17,46.51,46.54,5460600,1.0,0.0
2014-02-20,46.67,47.09,46.595,46.66,7724200,1.0,0.0
2014-02-21,46.66,47.3,46.66,47.06,7675200,1.0,0.0
2014-02-24,47.21,47.78,47.21,47.22,7786700,1.0,0.0
2014-02-25,47.84,48.37,47.76,48.11,10095100,1.0,0.0
2014-02-26,50.2,51.28,48.81,50.72,18638100,1.0,0.0
2014-02-27,50.58,51.02,50.39,50.82,7249300,1.0,0.0
2014-02-28,50.88,50.89,49.47,50.03,9573400,1.0,0.0
2014-03-03,48.6,50.58,48.6,50.19,7203400,1.0,0.0
2014-03-04,50.42,50.78,50.27,50.63,6390300,1.0,0.0
2014-03-05,50.74,50.78,50.3,50.35,5217200,1.0,0.0
2014-03-06,49.73,50.25,49.69,50.09,4380800,1.0,0.0
2014-03-07,50.5,50.53,50.02,50.42,4340500,1.0,0.0
2014-03-10,50.28,50.5,49.98,49.99,5132100,1.0,0.0
2014-03-11,50.1,50.2,49.275,49.46,4553000,1.0,0.0
2014-03-12,49.31,49.39,48.94,49.38,4435900,1.0,0.0
2014-03-13,49.53,49.75,48.62,48.71,5587200,1.0,0.0
2014-03-14,49.09,49.62,48.96,49.09,5298700,1.0,0.0
2014-03-17,49.25,49.82,49.21,49.48,4965200,1.0,0.0
2014-03-18,49.49,49.93,49.35,49.83,3910600,1.0,0.0
2014-03-19,49.94,50.28,49.28,49.58,4315500,1.0,0.0
2014-03-20,49.41,49.61,49.23,49.55,4145500,1.0,0.0
2014-03-21,49.84,50.07,49.19,49.25,7777500,1.0,0.0
2014-03-24,49.32,49.58,48.75,49.18,5388400,1.0,0.0
2014-03-25,49.27,49.36,48.185,48.36,5955600,1.0,0.0
2014-03-26,48.46,48.83,48.16,48.53,7082300,1.0,0.0
2014-03-27,48.39,48.57,48.22,48.54,5300800,1.0,0.0
2014-03-28,48.84,49.02,48.63,48.92,4016300,1.0,0.0
2014-03-31,49.11,49.14,48.76,48.9,6694100,1.0,0.0
2014-04-01,49.07,49.79,49.05,49.43,3571000,1.0,0.0
2014-04-02,49.39,49.97,49.29,49.52,4846000,1.0,0.0
2014-04-03,49.5,49.59,48.89,49.05,4765600,1.0,0.0
2014-04-04,49.21,49.24,48.18,48.44,5951900,1.0,0.0
2014-04-07,48.45,48.52,46.58,46.77,8818100,1.0,0.0
2014-04-08,46.75,46.91,46.41,46.73,6887600,1.0,0.0
2014-04-09,46.82,47.61,46.51,47.54,6023000,1.0,0.0
2014-04-10,47.49,47.86,46.75,46.79,6203400,1.0,0.0
2014-04-11,46.66,46.72,46.19,46.31,4931500,1.0,0.0
2014-04-14,46.64,47.14,46.27,46.64,4698300,1.0,0.0
2014-04-15,46.96,46.96,45.79,46.71,5437900,1.0,0.0
2014-04-16,46.97,47.18,46.56,46.73,4270900,1.0,0.0
2014-04-17,46.51,47.08,46.29,46.8,4281000,1.0,0.0
2014-04-21,46.66,46.88,46.51,46.68,3140900,1.0,0.18
2014-04-22,46.75,47.88,46.67,47.54,4687200,1.0,0.0
2014-04-23,47.53,47.68,46.19,46.22,7862500,1.0,0.0
2014-04-24,46.46,47.18,46.34,47.16,4674800,1.0,0.0
2014-04-25,46.98,47.01,46.35,46.38,4589200,1.0,0.0
2014-04-28,46.6,47.195,45.67,46.38,7024100,1.0,0.0
2014-04-29,46.48,46.58,46.14,46.43,3888400,1.0,0.0
2014-04-30,46.3,46.37,45.65,45.91,6618800,1.0,0.0
2014-05-01,46.05,46.685,45.89,46.37,4367100,1.0,0.0
2014-05-02,46.38,47.34,46.38,46.98,4732300,1.0,0.0
2014-05-05,46.68,46.84,46.13,46.29,3984700,1.0,0.0
2014-05-06,46.19,46.25,45.31,45.39,4586800,1.0,0.0
2014-05-07,45.6,45.79,44.68,45.11,5148500,1.0,0.0
2014-05-08,45.07,45.79,44.78,45.02,3718200,1.0,0.0
2014-05-09,45.01,45.73,44.89,45.71,4023700,1.0,0.0
2014-05-12,45.83,46.45,45.82,46.28,2820500,1.0,0.0
2014-05-13,46.3,46.63,45.51,45.76,3962300,1.0,0.0
2014-05-14,45.68,45.7,44.99,45.17,5480300,1.0,0.0
2014-05-15,44.91,44.91,44.13,44.63,7721200,1.0,0.0
2014-05-16,44.77,45.4,44.77,45.36,5727100,1.0,0.0
2014-05-19,45.24,45.69,44.995,45.55,4567700,1.0,0.0
2014-05-20,46.01,46.29,45.25,45.52,8853200,1.0,0.0
2014-05-21,45.4,45.84,44.31,45.41,8572000,1.0,0.0
2014-05-22,45.2,47.15,45.2,46.89,8780800,1.0,0.0
2014-05-23,46.82,47.14,46.73,47.06,5096400,1.0,0.0
2014-05-27,47.18,47.83,47.15,47.78,5534400,1.0,0.0
2014-05-28,46.91,47.24,46.57,46.71,6889900,1.0,0.0
2014-05-29,46.86,47.15,46.45,47.01,3947800,1.0,0.0
2014-05-30,46.97,47.11,46.565,47.08,4288900,1.0,0.0
2014-06-02,47.09,47.4101,46.89,47.01,4070800,1.0,0.0
2014-06-03,46.82,47.38,46.8,47.22,3560600,1.0,0.0
2014-06-04,47.09,47.4,46.86,47.17,4501900,1.0,0.0
2014-06-05,47.34,47.61,47.06,47.4,4300100,1.0,0.0
2014-06-06,47.53,47.9,47.44,47.77,3860500,1.0,0.0
2014-06-09,47.66,48.25,47.53,47.61,3700200,1.0,0.0
2014-06-10,47.45,47.75,47.28,47.59,3588100,1.0,0.0
2014-06-11,47.38,47.52,46.82,46.91,4244900,1.0,0.0
2014-06-12,46.57,46.66,45.52,45.55,11318400,1.0,0.0
2014-06-13,45.69,45.83,45.1,45.45,6139500,1.0,0.0
2014-06-16,45.36,45.62,45.21,45.42,6713500,1.0,0.0
2014-06-17,45.34,46.065,45.24,45.84,8366900,1.0,0.0
2014-06-18,45.76,45.95,45.5,45.84,10408400,1.0,0.0
2014-06-19,45.94,46.1903,45.605,45.9,4751200,1.0,0.0
2014-06-20,46.08,46.24,45.65,46.02,13871100,1.0,0.0
2014-06-23,45.98,46.23,45.84,46.08,6532800,1.0,0.0
2014-06-24,45.96,46.86,45.7,46.51,11137700,1.0,0.0
2014-06-25,46.58,46.875,46.39,46.7,5059500,1.0,0.0
2014-06-26,46.83,47.44,46.75,47.2,5272000,1.0,0.0
2014-06-27,47.13,47.57,47.065,47.42,5216600,1.0,0.0
2014-06-30,47.32,48.06,47.07,47.99,7388700,1.0,0.0
2014-07-01,48.03,48.42,47.97,48.13,5843800,1.0,0.0
2014-07-02,48.16,48.39,48.0,48.12,3097900,1.0,0.0
2014-07-03,48.22,48.44,48.18,48.23,2132400,1.0,0.0
2014-07-07,48.1,48.4,47.97,48.21,4538000,1.0,0.0
2014-07-08,48.08,48.15,47.63,47.82,5011300,1.0,0.0
2014-07-09,48.01,48.32,47.59,47.86,5830900,1.0,0.0
2014-07-10,46.67,47.42,46.48,47.2,8008700,1.0,0.0
2014-07-11,47.18,47.51,47.09,47.44,4430800,1.0,0.0
2014-07-14,47.7,47.7,47.14,47.22,4358900,1.0,0.0
2014-07-15,47.35,47.73,47.27,47.51,5921700,1.0,0.0
2014-07-16,47.63,47.77,47.225,47.66,5318100,1.0,0.0
2014-07-17,47.36,47.77,47.215,47.3,1015988,1.0,0.0
2014-07-18,47.43,47.87,47.4,47.81,2106329,1.0,0.0
2014-07-21,47.62,47.76,47.42,47.58,3117900,1.0,0.23
2014-07-22,47.59,48.08,47.54,47.79,3222400,1.0,0.0
2014-07-23,47.77,48.0,47.6,47.91,3917900,1.0,0.0
2014-07-24,47.98,48.36,47.88,48.0,3934600,1.0,0.0
2014-07-25,47.81,48.13,47.55,47.7,4531100,1.0,0.0
2014-07-28,47.76,47.85,47.35,47.69,3192900,1.0,0.0
2014-07-29,47.72,48.26,47.7,48.04,4181400,1.0,0.0
2014-07-30,48.2,48.54,48.06,48.47,4380500,1.0,0.0
2014-07-31,48.18,48.47,47.85,47.85,4740700,1.0,0.0
2014-08-01,47.89,48.13,47.27,47.59,5231200,1.0,0.0
2014-08-04,47.61,48.05,47.6,47.91,3528100,1.0,0.0
2014-08-05,47.76,48.225,47.55,47.64,4879400,1.0,0.0
2014-08-06,47.59,48.22,47.52,48.1,3968500,1.0,0.0
2014-08-07,48.26,48.5,47.795,47.92,3175700,1.0,0.0
2014-08-08,48.26,49.79,48.2,49.72,7386400,1.0,0.0
2014-08-11,49.84,49.95,49.405,49.86,4070500,1.0,0.0
2014-08-12,49.78,49.95,49.59,49.83,3287300,1.0,0.0
2014-08-13,49.91,50.3,49.62,49.85,4397800,1.0,0.0
2014-08-14,49.96,50.41,49.75,50.41,3605200,1.0,0.0
2014-08-15,50.56,51.19,49.57,50.0,6642200,1.0,0.0
2014-08-18,50.5,50.7,50.34,50.45,4816800,1.0,0.0
2014-08-19,51.81,52.0,51.28,51.52,9344800,1.0,0.0
2014-08-20,49.95,52.66,49.7,52.33,18405900,1.0,0.0
2014-08-21,52.64,53.04,52.49,52.67,7154100,1.0,0.0
2014-08-22,52.49,52.9,52.13,52.53,5062200,1.0,0.0
2014-08-25,52.8,52.95,52.5,52.7,3779300,1.0,0.0
2014-08-26,52.7,53.04,52.36,52.91,4814000,1.0,0.0
2014-08-27,52.68,52.84,52.46,52.52,4927900,1.0,0.0
2014-08-28,52.15,52.69,52.03,52.54,4357500,1.0,0.0
2014-08-29,52.5,52.73,52.26,52.51,3510600,1.0,0.0
2014-09-02,52.66,52.94,52.03,52.61,5144200,1.0,0.0
2014-09-03,52.7,53.04,52.36,52.91,5820100,1.0,0.0
2014-09-04,53.0,53.7,52.9501,53.61,6665100,1.0,0.0
2014-09-05,53.53,54.14,53.1,54.11,5073300,1.0,0.0
2014-09-08,53.83,54.13,53.46,53.54,4019800,1.0,0.0
2014-09-09,53.44,53.54,52.91,53.03,3342000,1.0,0.0
2014-09-10,53.11,53.42,52.89,53.39,3265100,1.0,0.0
2014-09-11,53.04,53.195,52.67,53.08,6348500,1.0,0.0
2014-09-12,53.12,53.375,52.67,52.97,5443500,1.0,0.0
2014-09-15,52.95,53.24,52.71,53.13,4418200,1.0,0.0
2014-09-16,53.0,53.97,52.91,53.7,5177600,1.0,0.0
2014-09-17,53.79,54.245,53.67,53.86,5878700,1.0,0.0
2014-09-18,53.95,54.33,53.8,54.15,4199900,1.0,0.0
2014-09-19,54.38,54.81,53.815,54.09,7181400,1.0,0.0
2014-09-22,53.92,53.92,53.3,53.46,3877393,1.0,0.0
2014-09-23,53.28,53.48,53.06,53.12,3477843,1.0,0.0
2014-09-24,53.15,53.79,53.09,53.63,4560949,1.0,0.0
2014-09-25,53.45,53.7644,53.02,53.07,4216875,1.0,0.0
2014-09-26,53.16,53.35,52.89,53.18,4428689,1.0,0.0
2014-09-29,52.97,53.44,52.76,53.35,4370953,1.0,0.0
2014-09-30,53.4,53.44,52.565,52.92,5349841,1.0,0.0
2014-10-01,52.76,53.06,52.45,52.6,5502894,1.0,0.0
2014-10-02,52.62,53.34,52.5799,53.03,4471817,1.0,0.0
2014-10-03,53.31,53.72,53.21,53.59,4172527,1.0,0.0
2014-10-06,53.77,54.12,53.3835,53.6,3237135,1.0,0.0
2014-10-07,53.3,53.82,53.16,53.18,4886761,1.0,0.0
2014-10-08,53.23,54.42,53.14,54.34,5806921,1.0,0.0
2014-10-09,54.25,54.75,53.83,53.91,6799473,1.0,0.0
2014-10-10,53.98,54.581,53.68,53.7,7372014,1.0,0.0
2014-10-13,53.5,53.65,52.355,52.47,8235885,1.0,0.0
2014-10-14,52.09,52.55,51.2,52.01,11281865,1.0,0.0
2014-10-15,51.47,51.67,49.85,51.21,10547510,1.0,0.0
2014-10-16,50.72,51.83,50.29,51.41,5330155,1.0,0.0
2014-10-17,51.88,52.9,51.825,52.51,7948064,1.0,0.0
2014-10-20,52.35,53.63,52.35,53.49,5876098,1.0,0.23
2014-10-21,53.66,54.605,53.46,54.59,4316717,1.0,0.0
2014-10-22,54.5,54.85,53.93,53.94,5093312,1.0,0.0
2014-10-23,54.43,55.19,54.38,54.96,8477023,1.0,0.0
2014-10-24,54.85,55.34,54.58,55.33,4586218,1.0,0.0
2014-10-27,55.21,55.83,55.21,55.47,3365380,1.0,0.0
2014-10-28,55.66,56.06,55.62,56.06,4646399,1.0,0.0
2014-10-29,56.06,56.39,55.52,55.81,3540223,1.0,0.0
2014-10-30,56.46,56.56,55.91,56.27,5001860,1.0,0.0
2014-10-31,57.0,57.41,56.92,57.2,7772484,1.0,0.0
2014-11-03,57.2,57.5,56.93,57.45,5337193,1.0,0.0
2014-11-04,57.39,57.45,56.865,57.26,4331556,1.0,0.0
2014-11-05,57.59,57.65,56.76,56.94,4889586,1.0,0.0
2014-11-06,57.1,57.695,56.97,57.57,4127761,1.0,0.0
2014-11-07,57.51,58.04,57.5,57.69,3907313,1.0,0.0
2014-11-10,57.69,58.01,57.53,57.83,3271920,1.0,0.0
2014-11-11,57.88,58.12,57.73,58.0,3128803,1.0,0.0
2014-11-12,58.15,58.35,57.98,58.22,5107525,1.0,0.0
2014-11-13,58.36,58.76,58.29,58.61,3830676,1.0,0.0
2014-11-14,58.61,58.76,58.46,58.58,3748738,1.0,0.0
2014-11-17,58.52,59.16,58.48,58.89,4721636,1.0,0.0
2014-11-18,58.21,58.7,57.961,58.53,6583341,1.0,0.0
2014-11-19,61.23,62.48,60.84,62.26,11703621,1.0,0.0
2014-11-20,62.2,62.83,62.01,62.43,6089274,1.0,0.0
2014-11-21,62.79,63.59,62.48,63.26,7490492,1.0,0.0
2014-11-24,63.47,63.86,63.23,63.64,4630041,1.0,0.0
2014-11-25,63.76,64.14,62.94,62.95,6361428,1.0,0.0
2014-11-26,63.02,63.0699,62.33,62.86,5406636,1.0,0.0
2014-11-28,63.14,64.12,63.12,63.83,2945303,1.0,0.0
2014-12-01,63.55,63.87,62.91,63.16,4908211,1.0,0.0
2014-12-02,63.32,64.04,63.22,63.97,5063786,1.0,0.0
2014-12-03,63.78,64.54,63.69,64.3,4216778,1.0,0.0
2014-12-04,64.08,64.56,63.88,64.55,4948761,1.0,0.0
2014-12-05,64.47,64.88,64.395,64.86,4711046,1.0,0.0
2014-12-08,64.82,66.31,64.78,66.09,6447926,1.0,0.0
2014-12-09,65.24,66.02,64.92,65.84,5377647,1.0,0.0
2014-12-10,65.75,66.385,65.08,65.13,5632602,1.0,0.0
2014-12-11,65.56,67.27,65.44,65.76,7175091,1.0,0.0
2014-12-12,65.67,66.25,64.83,64.87,5567051,1.0,0.0
2014-12-15,65.79,65.96,64.45,65.32,5555885,1.0,0.0
2014-12-16,64.84,65.69,64.07,64.22,7127258,1.0,0.0
2014-12-17,64.45,66.16,64.45,65.95,4808624,1.0,0.0
2014-12-18,66.7,66.865,65.89,66.62,6990143,1.0,0.0
2014-12-19,66.88,67.19,66.06,66.9,10180278,1.0,0.0
2014-12-22,67.17,67.87,67.01,67.84,4343813,1.0,0.0
2014-12-23,68.06,68.35,67.69,67.94,3898839,1.0,0.0
2014-12-24,67.95,67.95,67.385,67.51,1607437,1.0,0.0
2014-12-26,67.67,68.11,67.49,67.5,2969495,1.0,0.0
2014-12-29,67.25,68.74,67.17,68.57,2937716,1.0,0.0
2014-12-30,68.34,68.88,68.16,68.55,2879373,1.0,0.0
2014-12-31,68.74,69.57,68.7,68.8,4352049,1.0,0.0
2015-01-02,69.0,69.33,67.34,67.7,4213195,1.0,0.0
2015-01-05,67.19,67.38,65.89,66.08,7337721,1.0,0.0
2015-01-06,66.53,66.8,65.36,66.23,5247443,1.0,0.0
2015-01-07,66.86,68.39,66.84,68.2,4719528,1.0,0.0
2015-01-08,68.94,69.989,68.83,69.64,5541296,1.0,0.0
2015-01-09,69.55,69.63,68.27,68.33,5634284,1.0,0.0
2015-01-12,68.61,68.72,67.6437,67.85,4604788,1.0,0.0
2015-01-13,68.5,69.405,67.35,67.86,6031380,1.0,0.0
2015-01-14,67.15,67.66,66.86,67.39,4810860,1.0,0.0
2015-01-15,67.64,68.21,66.2202,66.35,5288250,1.0,0.0
2015-01-16,66.0,68.11,65.9,67.99,4817245,1.0,0.23
2015-01-20,68.01,68.38,66.25,66.52,5926282,1.0,0.0
2015-01-21,67.28,67.87,66.75,67.32,5182022,1.0,0.0
2015-01-22,67.68,69.63,67.4,69.55,7069206,1.0,0.0
2015-01-23,69.52,70.14,69.13,69.71,4865336,1.0,0.0
2015-01-26,69.69,70.5,69.42,70.44,5064043,1.0,0.0
2015-01-27,69.64,70.01,69.271,69.85,5846646,1.0,0.0
2015-01-28,70.24,71.11,69.153,69.22,5372141,1.0,0.0
2015-01-29,69.43,70.24,68.85,69.93,6409355,1.0,0.0
2015-01-30,69.47,69.6169,67.67,67.76,8963372,1.0,0.0
2015-02-02,67.58,68.49,66.165,68.41,5694979,1.0,0.0
2015-02-03,69.08,69.66,68.35,69.63,5101402,1.0,0.0
2015-02-04,69.51,71.32,69.43,70.67,6143380,1.0,0.0
2015-02-05,70.81,71.5,70.73,71.47,4924508,1.0,0.0
2015-02-06,71.53,72.25,71.27,71.9,4836284,1.0,0.0
2015-02-09,71.45,71.83,70.765,70.95,2800884,1.0,0.0
2015-02-10,71.1,71.89,71.04,71.76,4090539,1.0,0.0
2015-02-11,71.59,71.87,71.12,71.43,3049367,1.0,0.0
2015-02-12,71.58,72.24,71.44,72.19,3437045,1.0,0.0
2015-02-13,72.06,72.33,71.84,72.05,2560275,1.0,0.0
2015-02-17,71.79,72.5899,71.495,72.47,3690765,1.0,0.0
2015-02-18,72.23,72.75,72.12,72.52,3765331,1.0,0.0
2015-02-19,72.54,72.85,72.09,72.29,3022934,1.0,0.0
2015-02-20,72.13,73.57,71.75,73.56,4285844,1.0,0.0
2015-02-23,73.93,74.34,73.27,73.73,4900179,1.0,0.0
2015-02-24,75.61,75.82,73.93,74.65,9780192,1.0,0.0
2015-02-25,75.9,75.98,73.25,74.43,9318144,1.0,0.0
2015-02-26,74.51,75.03,73.56,74.1,7552160,1.0,0.0
2015-02-27,73.86,74.77,73.65,74.09,4913688,1.0,0.0
2015-03-02,73.52,75.205,73.52,75.09,5186835,1.0,0.0
2015-03-03,74.9,75.19,74.22,75.01,3590714,1.0,0.0
2015-03-04,74.86,74.94,73.91,74.02,4988271,1.0,0.0
2015-03-05,74.38,74.99,74.38,74.56,3516830,1.0,0.0
2015-03-06,73.96,74.375,73.33,73.51,5833155,1.0,0.0
2015-03-09,73.53,74.415,73.4201,74.26,3292103,1.0,0.0
2015-03-10,73.76,74.15,73.06,73.06,3844623,1.0,0.0
2015-03-11,73.17,73.59,73.05,73.07,3526726,1.0,0.0
2015-03-12,73.5,74.98,73.5,74.94,3572738,1.0,0.0
2015-03-13,74.94,75.15,73.74,74.16,4138213,1.0,0.0
2015-03-16,74.69,75.55,74.69,75.44,4163316,1.0,0.0
2015-03-17,74.98,75.17,74.56,74.57,3902832,1.0,0.0
2015-03-18,74.47,74.72,72.625,74.52,7011470,1.0,0.0
2015-03-19,74.69,74.98,74.155,74.56,3786170,1.0,0.0
2015-03-20,74.64,75.595,74.25,75.23,8080533,1.0,0.0
2015-03-23,75.55,76.17,75.14,75.37,5933902,1.0,0.0
2015-03-24,75.46,76.25,75.23,75.61,4899932,1.0,0.0
2015-03-25,75.69,75.825,74.2,74.26,4142909,1.0,0.0
2015-03-26,73.56,73.69,72.48,72.86,7672926,1.0,0.0
2015-03-27,72.76,73.75,72.76,73.67,3651736,1.0,0.0
2015-03-30,73.85,74.99,73.82,74.8,3959651,1.0,0.0
2015-03-31,74.51,75.37,74.27,74.39,4518050,1.0,0.0
2015-04-01,74.32,74.85,73.7,74.39,5902486,1.0,0.0
2015-04-02,74.25,75.065,74.17,74.84,3379164,1.0,0.0
2015-04-06,74.23,75.64,74.21,75.06,4714857,1.0,0.0
2015-04-07,75.0,75.5,74.05,74.11,3125465,1.0,0.0
2015-04-08,74.19,74.95,74.1,74.81,3439159,1.0,0.0
2015-04-09,74.61,75.16,73.29,74.25,4473070,1.0,0.0
2015-04-10,74.5,74.94,74.05,74.9,3134964,1.0,0.0
2015-04-13,75.0,75.24,73.77,73.81,3448935,1.0,0.0
2015-04-14,73.79,74.31,73.011,73.98,3679520,1.0,0.0
2015-04-15,74.06,74.63,73.38,73.41,3088343,1.0,0.0
2015-04-16,73.77,74.735,73.64,74.08,3846109,1.0,0.0
2015-04-17,73.6,73.89,72.47,72.55,5547417,1.0,0.0
2015-04-20,72.89,73.13,72.55,72.63,3610914,1.0,0.23
2015-04-21,72.86,73.505,72.81,73.24,4046466,1.0,0.0
2015-04-22,73.19,73.37,72.56,73.07,3152470,1.0,0.0
2015-04-23,72.95,73.9,72.92,73.37,4169562,1.0,0.0
2015-04-24,73.42,73.62,72.99,73.16,2400993,1.0,0.0
2015-04-27,73.57,73.57,71.79,71.84,5629062,1.0,0.0
2015-04-28,71.6,72.28,71.05,71.74,4181007,1.0,0.0
2015-04-29,71.53,71.58,69.91,70.44,4526661,1.0,0.0
2015-04-30,70.37,70.89,68.6,68.86,10949461,1.0,0.0
2015-05-01,67.67,70.77,67.6,70.7,9932040,1.0,0.0
2015-05-04,70.89,71.41,70.57,71.25,4889699,1.0,0.0
2015-05-05,71.16,71.4099,70.37,70.43,4017065,1.0,0.0
2015-05-06,70.43,70.87,69.94,70.77,4356300,1.0,0.0
2015-05-07,70.88,72.68,70.87,72.29,5522786,1.0,0.0
2015-05-08,73.05,73.93,72.99,73.26,4171205,1.0,0.0
2015-05-11,73.03,73.93,72.96,73.22,3940413,1.0,0.0
2015-05-12,73.35,73.93,72.94,73.67,3849971,1.0,0.0
2015-05-13,73.88,73.88,73.0,73.11,3292398,1.0,0.0
2015-05-14,73.24,73.44,72.02,72.26,5764067,1.0,0.0
2015-05-15,72.44,73.11,72.04,73.09,4784783,1.0,0.0
2015-05-18,73.22,73.275,72.62,73.06,4982249,1.0,0.0
2015-05-19,73.68,73.75,71.8,71.83,8728252,1.0,0.0
2015-05-20,68.66,69.65,68.11,68.5,16012439,1.0,0.0
2015-05-21,68.5,69.88,68.25,68.72,8764645,1.0,0.0
2015-05-22,68.86,69.84,68.62,69.54,4862548,1.0,0.0
2015-05-26,69.52,69.96,69.19,69.58,6815967,1.0,0.0
2015-05-27,69.94,71.17,69.84,70.72,5265329,1.0,0.0
2015-05-28,70.49,70.88,70.33,70.45,2814456,1.0,0.0
2015-05-29,70.22,70.73,69.78,69.98,4131280,1.0,0.0
2015-06-01,69.96,70.39,69.7,70.14,4165401,1.0,0.0
2015-06-02,69.86,70.69,69.77,70.15,4807688,1.0,0.0
2015-06-03,70.19,71.08,70.15,70.65,3433479,1.0,0.0
2015-06-04,70.04,70.78,69.8,70.14,4554565,1.0,0.0
2015-06-05,70.05,70.25,69.72,69.79,4291481,1.0,0.0
2015-06-08,69.7,69.94,68.68,68.68,4432966,1.0,0.0
2015-06-09,68.79,69.03,67.77,68.53,5228594,1.0,0.0
2015-06-10,68.74,69.28,68.35,69.17,4768734,1.0,0.0
2015-06-11,69.33,70.15,68.93,69.04,3605644,1.0,0.0
2015-06-12,68.75,69.64,68.73,69.03,4350898,1.0,0.0
2015-06-15,68.86,69.19,68.48,69.11,4988984,1.0,0.0
2015-06-16,68.87,69.595,68.83,69.4,3425978,1.0,0.0
2015-06-17,69.4,69.96,69.13,69.67,3380615,1.0,0.0
2015-06-18,69.76,70.7,69.76,70.15,4462413,1.0,0.0
2015-06-19,69.93,70.485,69.71,69.99,11947443,1.0,0.0
2015-06-22,70.49,70.74,70.055,70.29,4052755,1.0,0.0
2015-06-23,70.93,70.9675,70.3,70.6,3634251,1.0,0.0
2015-06-24,70.55,70.99,70.06,70.08,3543932,1.0,0.0
2015-06-25,70.45,70.85,69.63,69.66,3399297,1.0,0.0
2015-06-26,69.5,69.73,68.48,68.61,9297328,1.0,0.0
2015-06-29,68.3,69.09,67.5,67.53,5310892,1.0,0.0
2015-06-30,68.19,68.201,66.69,66.97,10151052,1.0,0.0
2015-07-01,67.45,67.79,66.955,67.24,5783947,1.0,0.0
2015-07-02,67.45,67.77,66.41,66.7,6064949,1.0,0.0
2015-07-06,66.33,66.8,65.98,66.25,10279823,1.0,0.0
2015-07-07,66.46,67.43,65.83,67.37,8437868,1.0,0.0
2015-07-08,66.59,67.41,66.4801,66.53,4941558,1.0,0.0
2015-07-09,67.3,67.52,66.85,67.02,3767944,1.0,0.0
2015-07-10,67.46,68.27,67.22,67.85,4158093,1.0,0.0
2015-07-13,68.4,68.6563,68.051,68.3,4158345,1.0,0.0
2015-07-14,68.0,68.4,67.57,68.39,4981890,1.0,0.0
2015-07-15,68.16,68.67,67.93,68.27,3532819,1.0,0.0
2015-07-16,67.95,68.53,67.34,68.23,5654552,1.0,0.0
2015-07-17,67.93,68.1,67.045,67.53,6601177,1.0,0.0
2015-07-20,66.5,67.095,66.0,66.7,5333004,1.0,0.28
2015-07-21,66.58,66.92,66.17,66.39,5375148,1.0,0.0
2015-07-22,66.6,67.51,66.6,67.44,4920950,1.0,0.0
2015-07-23,67.62,68.16,67.22,67.7,4169253,1.0,0.0
2015-07-24,67.89,67.93,67.0853,67.18,3628971,1.0,0.0
2015-07-27,67.04,67.42,66.7201,67.04,3422463,1.0,0.0
2015-07-28,67.25,68.0,66.66,67.8,4397859,1.0,0.0
2015-07-29,67.96,68.87,67.78,68.74,5205899,1.0,0.0
2015-07-30,68.38,69.0,68.02,68.86,3566940,1.0,0.0
2015-07-31,69.24,69.8,68.82,69.36,4316435,1.0,0.0
2015-08-03,69.17,69.35,68.32,68.91,5576783,1.0,0.0
2015-08-04,69.11,69.84,68.78,69.36,3132509,1.0,0.0
2015-08-05,69.92,70.21,69.52,69.94,3907975,1.0,0.0
2015-08-06,69.94,70.1,69.1,69.31,4841674,1.0,0.0
2015-08-07,69.3,69.63,68.955,69.53,3310684,1.0,0.0
2015-08-10,69.98,70.175,69.4225,69.57,5759293,1.0,0.0
2015-08-11,68.89,69.64,68.87,69.42,5485950,1.0,0.0
2015-08-12,68.95,69.0499,68.07,68.97,5046576,1.0,0.0
2015-08-13,69.15,71.92,69.005,71.21,8551485,1.0,0.0
2015-08-14,71.29,72.28,71.14,72.11,5864623,1.0,0.0
2015-08-17,71.87,72.585,71.4,72.48,5238469,1.0,0.0
2015-08-18,73.17,73.5,72.71,73.02,10792752,1.0,0.0
2015-08-19,72.57,74.53,72.25,74.37,11734015,1.0,0.0
2015-08-20,73.96,74.78,73.18,73.18,7023198,1.0,0.0
2015-08-21,72.54,73.08,71.01,71.11,8210382,1.0,0.0
2015-08-24,67.61,70.07,64.22,68.31,10961049,1.0,0.0
2015-08-25,70.02,70.191,66.9,66.99,7464114,1.0,0.0
2015-08-26,68.7,69.33,66.33,68.75,6497075,1.0,0.0
2015-08-27,69.3,69.65,67.75,69.06,6607626,1.0,0.0
2015-08-28,69.09,69.3394,68.1,68.45,6283377,1.0,0.0
2015-08-31,68.5,69.46,68.24,69.17,6775069,1.0,0.0
2015-09-01,68.0,68.47,67.39,67.75,7115221,1.0,0.0
2015-09-02,68.66,69.06,68.08,69.04,4452586,1.0,0.0
2015-09-03,69.21,69.94,68.89,69.1,3419496,1.0,0.0
2015-09-04,68.3,68.5,67.28,67.8,3235651,1.0,0.0
2015-09-08,68.51,69.35,68.15,69.31,4102999,1.0,0.0
2015-09-09,69.85,69.9,67.945,68.11,4096823,1.0,0.0
2015-09-10,67.87,68.6306,67.6001,67.93,4538149,1.0,0.0
2015-09-11,67.78,68.67,67.58,68.63,3415165,1.0,0.0
2015-09-14,68.6,69.0,67.98,68.15,2645120,1.0,0.0
2015-09-15,68.58,69.86,68.005,69.44,5798850,1.0,0.0
2015-09-16,69.43,70.26,69.185,70.07,3765455,1.0,0.0
2015-09-17,70.25,71.59,69.87,70.48,4367354,1.0,0.0
2015-09-18,69.93,70.0,68.0,68.19,8800871,1.0,0.0
2015-09-21,68.39,70.03,68.32,69.6,5276066,1.0,0.0
2015-09-22,68.93,69.24,68.03,68.67,3926192,1.0,0.0
2015-09-23,68.57,68.92,68.33,68.73,2391121,1.0,0.0
2015-09-24,68.3,68.67,67.48,68.48,4179990,1.0,0.0
2015-09-25,69.14,69.53,68.35,68.69,3628609,1.0,0.0
2015-09-28,68.44,68.99,67.05,67.15,5545423,1.0,0.0
2015-09-29,67.15,67.99,66.22,66.77,4355277,1.0,0.0
2015-09-30,67.71,69.01,67.71,68.92,4857937,1.0,0.0
2015-10-01,69.04,69.85,68.33,69.79,5185067,1.0,0.0
2015-10-02,68.82,70.26,68.16,70.23,4389125,1.0,0.0
2015-10-05,70.85,71.85,70.65,71.77,4491974,1.0,0.0
2015-10-06,71.49,71.79,70.75,71.19,5256769,1.0,0.0
2015-10-07,71.61,71.93,71.09,71.79,4716583,1.0,0.0
2015-10-08,70.86,73.27,70.75,73.17,3966027,1.0,0.0
2015-10-09,73.05,73.45,72.6,73.33,3403467,1.0,0.0
2015-10-12,73.19,73.98,73.11,73.81,2789399,1.0,0.0
2015-10-13,73.67,73.96,72.8,72.97,4102028,1.0,0.0
2015-10-14,72.9,73.22,71.56,72.04,3758215,1.0,0.0
2015-10-15,72.47,72.79,71.7,72.65,3016310,1.0,0.0
2015-10-16,73.12,73.4,72.57,72.78,4149498,1.0,0.0
2015-10-19,72.37,73.45,72.27,73.43,3765576,1.0,0.28
2015-10-20,73.37,73.41,72.54,72.84,3632143,1.0,0.0
2015-10-21,73.23,73.42,72.53,72.72,2982723,1.0,0.0
2015-10-22,72.74,73.6401,72.16,73.42,3810199,1.0,0.0
2015-10-23,73.78,73.93,72.555,73.55,3344876,1.0,0.0
2015-10-26,73.62,74.415,73.0,74.16,4114415,1.0,0.0
2015-10-27,74.0,74.21,73.16,73.55,3387766,1.0,0.0
2015-10-28,73.75,74.195,72.8,74.02,3769973,1.0,0.0
2015-10-29,74.0,74.11,73.01,73.87,2941962,1.0,0.0
2015-10-30,73.84,74.57,73.78,73.83,4418884,1.0,0.0
2015-11-02,73.9,74.29,73.05,73.77,3879925,1.0,0.0
2015-11-03,73.78,74.11,73.3,73.95,3174209,1.0,0.0
2015-11-04,74.17,74.2,73.02,73.1,5475939,1.0,0.0
2015-11-05,73.36,74.07,73.01,73.58,3334413,1.0,0.0
2015-11-06,73.19,73.58,72.65,73.14,4223340,1.0,0.0
2015-11-09,72.99,73.12,71.47,72.02,5622003,1.0,0.0
2015-11-10,71.99,73.38,71.95,73.34,3789343,1.0,0.0
2015-11-11,73.25,73.25,72.11,72.12,3219624,1.0,0.0
2015-11-12,71.92,73.75,71.8,72.71,5641297,1.0,0.0
2015-11-13,72.12,72.37,69.93,70.09,6960658,1.0,0.0
2015-11-16,69.86,71.71,69.75,71.64,5583607,1.0,0.0
2015-11-17,74.15,74.37,72.6,72.85,10210191,1.0,0.0
2015-11-18,74.28,74.58,71.602,73.48,9541404,1.0,0.0
2015-11-19,73.48,74.11,73.14,73.39,7321792,1.0,0.0
2015-11-20,73.9,76.02,73.83,75.77,6589003,1.0,0.0
2015-11-23,75.78,77.255,75.78,76.67,5280364,1.0,0.0
2015-11-24,76.44,77.94,76.29,77.39,5429274,1.0,0.0
2015-11-25,77.4,78.13,76.81,77.61,5264962,1.0,0.0
2015-11-27,77.9,78.0,77.15,77.34,2255258,1.0,0.0
2015-11-30,77.39,77.47,76.43,76.6,6800306,1.0,0.0
2015-12-01,76.91,77.38,76.46,77.13,3477319,1.0,0.0
2015-12-02,76.88,77.32,76.24,76.3,7085377,1.0,0.0
2015-12-03,76.19,76.52,74.88,75.12,5191704,1.0,0.0
2015-12-04,75.33,76.87,75.09,76.76,4374774,1.0,0.0
2015-12-07,76.46,76.72,75.73,76.45,3277939,1.0,0.0
2015-12-08,76.32,77.4899,75.93,77.17,4019355,1.0,0.0
2015-12-09,76.9,77.63,75.87,76.12,3040205,1.0,0.0
2015-12-10,75.97,76.75,75.92,76.17,2942642,1.0,0.0
2015-12-11,75.36,76.13,74.77,75.01,3686501,1.0,0.0
2015-12-14,75.26,75.96,74.77,75.65,4430545,1.0,0.0
2015-12-15,76.13,76.76,74.85,74.9,4646262,1.0,0.0
2015-12-16,75.04,76.34,73.89,76.13,5063174,1.0,0.0
2015-12-17,76.22,76.6,74.66,74.9,4419358,1.0,0.0
2015-12-18,74.76,74.77,73.87,73.89,6925067,1.0,0.0
2015-12-21,74.5,75.1,74.04,74.89,3418518,1.0,0.0
2015-12-22,74.91,75.45,74.32,75.16,3428328,1.0,0.0
2015-12-23,76.11,76.43,75.44,76.16,3258174,1.0,0.0
2015-12-24,75.83,76.64,75.75,76.28,1758900,1.0,0.0
2015-12-28,75.99,76.56,75.865,76.44,2860347,1.0,0.0
2015-12-29,76.93,77.67,76.83,77.13,2661066,1.0,0.0
2015-12-30,76.98,77.53,76.79,76.86,2209384,1.0,0.0
2015-12-31,76.46,76.93,76.02,76.04,2388158,1.0,0.0
2016-01-04,74.69,75.57,74.5,75.28,6534574,1.0,0.0
2016-01-05,75.44,76.4699,74.91,75.44,5198874,1.0,0.0
2016-01-06,74.51,74.75,73.395,73.94,5326477,1.0,0.0
2016-01-07,72.84,73.88,71.75,72.07,6400786,1.0,0.0
2016-01-08,72.67,72.8,70.68,70.88,5325901,1.0,0.0
2016-01-11,71.45,73.09,71.29,72.68,5442951,1.0,0.0
2016-01-12,73.28,74.28,72.37,73.27,4649509,1.0,0.0
2016-01-13,73.64,73.73,69.535,69.9,7755289,1.0,0.0
2016-01-14,69.85,70.61,67.65,69.91,8323847,1.0,0.0
2016-01-15,67.75,70.36,67.74,68.99,7995135,1.0,0.28
2016-01-19,70.81,71.04,68.79,69.46,6642931,1.0,0.0
2016-01-20,68.87,69.52,66.93,68.07,9843798,1.0,0.0
2016-01-21,68.57,69.94,68.25,69.32,7615656,1.0,0.0
2016-01-22,70.36,70.9,70.19,70.5,5721223,1.0,0.0
2016-01-25,70.66,71.0,69.8401,69.9,5640063,1.0,0.0
2016-01-26,70.67,70.69,69.6,70.0,4638670,1.0,0.0
2016-01-27,70.02,70.95,69.022,69.55,5342101,1.0,0.0
2016-01-28,69.89,70.0,68.915,69.23,5036227,1.0,0.0
2016-01-29,70.0,71.77,69.55,71.66,6143559,1.0,0.0
2016-02-01,70.54,72.89,70.54,72.66,5384994,1.0,0.0
2016-02-02,72.3,72.63,71.31,71.87,5250715,1.0,0.0
2016-02-03,71.38,71.38,65.06,67.42,17607034,1.0,0.0
2016-02-04,67.84,68.32,66.3,67.96,8986864,1.0,0.0
2016-02-05,68.08,68.52,65.52,65.84,7501738,1.0,0.0
2016-02-08,65.38,65.39,62.6201,63.55,8311014,1.0,0.0
2016-02-09,63.07,64.86,62.9003,64.15,6025594,1.0,0.0
2016-02-10,64.45,65.4,64.0,64.06,4219137,1.0,0.0
2016-02-11,63.08,63.97,62.68,63.4,4746324,1.0,0.0
2016-02-12,64.02,64.93,63.41,64.87,4259956,1.0,0.0
2016-02-16,66.9,67.695,65.55,67.43,7763510,1.0,0.0
2016-02-17,68.0,68.28,67.56,68.0,6145096,1.0,0.0
2016-02-18,68.28,68.33,66.94,67.72,5887628,1.0,0.0
2016-02-19,67.78,68.5725,66.84,68.52,4967644,1.0,0.0
2016-02-22,69.05,69.87,68.82,69.47,6246583,1.0,0.0
2016-02-23,71.46,71.48,67.84,67.9,10979046,1.0,0.0
2016-02-24,66.09,69.25,64.85,68.62,12531886,1.0,0.0
2016-02-25,68.62,69.63,67.9,68.7,5839927,1.0,0.0
2016-02-26,69.4,69.85,68.83,69.1,5288053,1.0,0.0
2016-02-29,68.84,69.75,67.47,67.53,6372656,1.0,0.0
2016-03-01,68.18,69.1266,66.92,69.04,5590374,1.0,0.0
2016-03-02,68.85,69.53,68.47,69.09,4286221,1.0,0.0
2016-03-03,68.59,69.97,68.5,69.93,4530711,1.0,0.0
2016-03-04,69.69,70.98,69.48,70.39,5022559,1.0,0.0
2016-03-07,69.85,71.2,69.83,70.77,4778523,1.0,0.0
2016-03-08,70.32,71.88,70.15,70.99,5687454,1.0,0.0
2016-03-09,71.09,71.66,70.5,70.85,3358307,1.0,0.0
2016-03-10,71.25,71.73,69.84,70.7,3966222,1.0,0.0
2016-03-11,71.36,72.245,71.22,72.12,3912321,1.0,0.0
2016-03-14,72.0,73.1,71.96,72.75,4127386,1.0,0.0
2016-03-15,72.3,74.32,72.22,73.1,5604625,1.0,0.0
2016-03-16,72.68,74.24,72.56,73.78,5099471,1.0,0.0
2016-03-17,73.52,74.23,73.18,74.02,4150014,1.0,0.0
2016-03-18,74.08,75.16,73.97,74.93,6499902,1.0,0.0
2016-03-21,74.65,75.36,74.3,75.22,5383380,1.0,0.0
2016-03-22,74.73,75.6,74.73,75.25,5431265,1.0,0.0
2016-03-23,75.26,75.52,74.64,74.78,3777972,1.0,0.0
2016-03-24,74.35,74.88,73.83,74.77,3677351,1.0,0.0
2016-03-28,74.87,75.29,74.69,74.99,2925775,1.0,0.0
2016-03-29,75.04,75.97,74.79,75.67,4421408,1.0,0.0
2016-03-30,75.89,76.27,75.68,76.02,3170203,1.0,0.0
2016-03-31,76.0,76.38,75.61,75.75,3681644,1.0,0.0
2016-04-01,75.63,76.745,75.34,76.5,3548288,1.0,0.0
2016-04-04,77.5,77.5,76.05,76.18,3847321,1.0,0.0
2016-04-05,75.65,76.53,75.55,75.87,4080468,1.0,0.0
2016-04-06,75.83,76.4,75.487,76.09,4577782,1.0,0.0
2016-04-07,75.87,76.0,74.89,75.35,4450670,1.0,0.0
2016-04-08,75.62,75.79,74.67,75.03,3758679,1.0,0.0
2016-04-11,75.09,76.08,75.01,75.15,3852092,1.0,0.0
2016-04-12,75.38,76.01,75.2,75.73,3852395,1.0,0.0
2016-04-13,76.11,76.8,75.63,76.66,4192854,1.0,0.0
2016-04-14,76.51,76.91,75.94,76.5,3670517,1.0,0.0
2016-04-15,76.59,77.46,76.34,77.31,4967240,1.0,0.0
2016-04-18,77.12,77.63,76.89,77.36,3613250,1.0,0.28
2016-04-19,77.34,77.6252,75.93,76.41,4821957,1.0,0.0
2016-04-20,76.61,76.81,76.0187,76.34,4043945,1.0,0.0
2016-04-21,76.97,76.97,75.75,75.83,4000600,1.0,0.0
2016-04-22,75.86,76.31,75.3,76.05,2754751,1.0,0.0
2016-04-25,75.67,76.19,75.4,76.19,3258295,1.0,0.0
2016-04-26,76.34,76.7,75.65,76.32,3480875,1.0,0.0
2016-04-27,76.49,77.23,76.17,76.94,3245778,1.0,0.0
2016-04-28,76.29,76.63,75.22,75.39,3188631,1.0,0.0
2016-04-29,75.46,76.13,74.86,76.02,6631886,1.0,0.0
2016-05-02,75.33,76.73,75.02,76.14,4256369,1.0,0.0
2016-05-03,75.88,76.09,75.14,75.71,3020500,1.0,0.0
2016-05-04,75.13,76.09,74.85,75.83,2764684,1.0,0.0
2016-05-05,75.8,75.92,75.015,75.14,4079108,1.0,0.0
2016-05-06,75.11,75.62,74.56,75.54,3420827,1.0,0.0
2016-05-09,75.8,76.34,75.515,75.84,3153830,1.0,0.0
2016-05-10,76.12,77.2,75.93,76.99,4664455,1.0,0.0
2016-05-11,76.53,76.72,75.0,75.13,4770170,1.0,0.0
2016-05-12,75.32,75.815,75.01,75.4,3898099,1.0,0.0
2016-05-13,75.08,76.3,74.99,75.01,5646864,1.0,0.0
2016-05-16,75.02,77.365,75.01,77.0,6820810,1.0,0.0
2016-05-17,76.36,76.66,75.56,76.07,9061877,1.0,0.0
2016-05-18,77.5,79.49,77.36,78.6,13765660,1.0,0.0
2016-05-19,78.61,80.0,78.23,79.86,7037506,1.0,0.0
2016-05-20,80.13,80.3289,79.51,79.82,4900534,1.0,0.0
2016-05-23,79.6,79.96,78.79,78.87,5122039,1.0,0.0
2016-05-24,79.07,79.95,78.933,79.6,5556003,1.0,0.0
2016-05-25,79.66,80.61,79.65,79.94,4137522,1.0,0.0
2016-05-26,79.94,80.41,79.7,80.16,3805123,1.0,0.0
2016-05-27,80.16,80.69,79.97,80.35,2683850,1.0,0.0
2016-05-31,80.35,80.48,79.76,80.13,5581125,1.0,0.0
2016-06-01,79.86,80.56,79.49,80.27,4205721,1.0,0.0
2016-06-02,80.42,80.76,79.82,80.76,4693907,1.0,0.0
2016-06-03,80.47,80.56,79.56,80.01,3685315,1.0,0.0
2016-06-06,79.15,79.26,77.96,78.45,6643199,1.0,0.0
2016-06-07,78.77,80.14,78.64,79.54,5259717,1.0,0.0
2016-06-08,79.33,79.49,78.5,78.88,4251141,1.0,0.0
2016-06-09,78.75,79.06,78.42,78.67,3366989,1.0,0.0
2016-06-10,78.4,78.513,77.94,78.31,3883376,1.0,0.0
2016-06-13,78.29,78.45,77.42,77.5,4729576,1.0,0.0
2016-06-14,77.22,77.3,75.61,76.08,8076722,1.0,0.0
2016-06-15,76.48,77.98,76.43,77.04,6237019,1.0,0.0
2016-06-16,76.86,78.36,76.65,78.17,5775050,1.0,0.0
2016-06-17,77.87,78.73,77.78,78.42,7968576,1.0,0.0
2016-06-20,78.94,79.505,78.51,78.59,4146570,1.0,0.0
2016-06-21,78.65,78.83,78.08,78.33,3539963,1.0,0.0
2016-06-22,78.59,79.235,78.22,78.35,3572460,1.0,0.0
2016-06-23,78.96,79.12,77.96,78.57,3701856,1.0,0.0
2016-06-24,76.52,78.045,76.4,77.06,5994503,1.0,0.0
2016-06-27,76.35,76.66,75.35,76.32,5792486,1.0,0.0
2016-06-28,76.99,78.07,76.52,78.03,4651994,1.0,0.0
2016-06-29,78.25,78.7,77.491,77.76,5958774,1.0,0.0
2016-06-30,77.76,79.8,77.52,79.17,7606592,1.0,0.0
2016-07-01,79.34,80.23,79.21,79.6,4136597,1.0,0.0
2016-07-05,79.48,79.6,78.82,79.42,4100786,1.0,0.0
2016-07-06,79.4,80.11,79.34,80.09,4372814,1.0,0.0
2016-07-07,79.91,80.57,79.87,80.48,3838118,1.0,0.0
2016-07-08,81.04,82.42,80.98,82.34,5307188,1.0,0.0
2016-07-11,82.68,83.26,82.68,82.8,3479377,1.0,0.0
2016-07-12,83.11,83.65,82.615,82.94,5346670,1.0,0.0
2016-07-13,82.9,82.9,81.2901,81.65,5405388,1.0,0.0
2016-07-14,82.21,82.49,81.7,82.13,3332115,1.0,0.0
2016-07-15,82.24,82.75,81.54,81.67,5409081,1.0,0.0
2016-07-18,81.89,82.51,81.57,81.92,3727951,1.0,0.35
2016-07-19,81.75,82.05,81.17,81.42,5296091,1.0,0.0
2016-07-20,81.83,81.85,80.74,81.21,6853518,1.0,0.0
2016-07-21,80.59,80.84,79.67,80.15,6045435,1.0,0.0
2016-07-22,80.46,80.77,80.21,80.65,3385357,1.0,0.0
2016-07-25,80.86,81.18,80.43,80.99,2865518,1.0,0.0
2016-07-26,80.79,81.62,80.75,81.06,2889172,1.0,0.0
2016-07-27,81.38,81.95,80.5,80.76,2946557,1.0,0.0
2016-07-28,80.76,82.41,80.69,82.27,4343483,1.0,0.0
2016-07-29,81.97,82.54,81.88,82.28,3471414,1.0,0.0
2016-08-01,81.91,82.54,81.71,82.31,2912814,1.0,0.0
2016-08-02,82.56,82.62,81.3,81.97,3768194,1.0,0.0
2016-08-03,81.9,82.02,81.03,82.02,3398601,1.0,0.0
2016-08-04,81.18,82.09,80.52,80.94,4027005,1.0,0.0
2016-08-05,81.43,82.16,81.43,81.72,3706032,1.0,0.0
2016-08-08,81.72,81.88,81.3,81.62,2410768,1.0,0.0
2016-08-09,81.34,82.0,81.13,81.34,3172257,1.0,0.0
2016-08-10,81.63,81.84,80.56,80.98,3785173,1.0,0.0
2016-08-11,81.57,82.09,80.79,81.61,4117746,1.0,0.0
2016-08-12,81.0,82.13,81.0,81.72,4095416,1.0,0.0
2016-08-15,82.09,82.68,81.31,81.54,5315403,1.0,0.0
2016-08-16,81.6,82.32,80.81,81.48,6050191,1.0,0.0
2016-08-17,77.67,78.05,75.81,76.88,19107476,1.0,0.0
2016-08-18,76.88,77.0,76.35,76.43,7807043,1.0,0.0
2016-08-19,76.32,77.87,76.17,77.82,6490559,1.0,0.0
2016-08-22,78.0,78.58,77.2,77.29,4502677,1.0,0.0
2016-08-23,77.84,78.0,77.26,77.3,3252557,1.0,0.0
2016-08-24,78.04,78.14,76.79,76.96,5381096,1.0,0.0
2016-08-25,76.68,77.705,76.68,77.47,4935490,1.0,0.0
2016-08-26,77.43,77.99,76.64,76.9,3827380,1.0,0.0
2016-08-29,76.91,77.345,76.75,77.18,4543841,1.0,0.0
2016-08-30,77.14,77.41,76.43,76.56,3026126,1.0,0.0
2016-08-31,76.59,76.72,76.27,76.56,4638598,1.0,0.0
2016-09-01,76.69,76.84,75.8846,76.44,3852233,1.0,0.0
2016-09-02,76.75,77.08,76.55,76.96,3314874,1.0,0.0
2016-09-06,76.89,77.0,75.56,76.01,4779724,1.0,0.0
2016-09-07,75.97,76.0,75.01,75.44,5481049,1.0,0.0
2016-09-08,74.57,75.055,73.92,74.13,7495407,1.0,0.0
2016-09-09,73.54,73.77,71.77,71.77,7632804,1.0,0.0
2016-09-12,71.2,72.66,70.86,72.5,6165832,1.0,0.0
2016-09-13,71.93,72.1,70.88,71.08,5405739,1.0,0.0
2016-09-14,71.05,71.59,70.89,71.12,5596382,1.0,0.0
2016-09-15,70.83,71.53,70.407,71.31,3943121,1.0,0.0
2016-09-16,71.02,71.18,70.431,70.95,6527068,1.0,0.0
2016-09-19,70.95,71.65,70.9,71.31,5222571,1.0,0.0
2016-09-20,71.7,72.09,71.3,71.37,4487887,1.0,0.0
2016-09-21,71.36,72.12,71.11,72.05,4511824,1.0,0.0
2016-09-22,72.25,72.59,71.76,72.08,4210771,1.0,0.0
2016-09-23,72.19,72.98,71.73,72.35,6052994,1.0,0.0
2016-09-26,71.92,72.08,70.76,70.81,7549561,1.0,0.0
2016-09-27,71.01,71.7,70.73,71.5,4821944,1.0,0.0
2016-09-28,71.88,72.419,71.26,71.76,8168169,1.0,0.0
2016-09-29,72.47,73.5799,72.01,72.01,6404541,1.0,0.0
2016-09-30,72.06,72.48,71.38,72.21,6714202,1.0,0.0
2016-10-03,72.06,72.44,71.95,72.19,5366804,1.0,0.0
2016-10-04,72.24,73.05,72.18,72.7,6389128,1.0,0.0
2016-10-05,72.66,73.22,72.21,72.25,4503670,1.0,0.0
2016-10-06,70.49,72.27,70.29,72.09,6917507,1.0,0.0
2016-10-07,72.0,72.87,71.09,71.3,5418472,1.0,0.0
2016-10-10,71.75,71.85,70.9,70.97,4335114,1.0,0.0
2016-10-11,70.9,70.98,69.97,70.09,4919399,1.0,0.0
2016-10-12,70.27,71.78,70.25,71.32,5764129,1.0,0.0
2016-10-13,71.07,71.36,70.335,71.1,4403485,1.0,0.0
2016-10-14,71.57,71.93,71.24,71.35,5658045,1.0,0.0
2016-10-17,70.65,71.08,69.935,69.98,4986791,1.0,0.35
2016-10-18,70.53,70.66,69.57,70.24,5955140,1.0,0.0
2016-10-19,70.22,70.24,68.89,69.59,6770163,1.0,0.0
2016-10-20,69.53,70.12,69.37,69.89,6163826,1.0,0.0
2016-10-21,69.46,70.92,69.39,70.65,5702837,1.0,0.0
2016-10-24,71.06,71.55,70.8,70.98,4524727,1.0,0.0
2016-10-25,69.41,69.59,68.31,68.47,8713364,1.0,0.0
2016-10-26,67.19,68.0153,67.0,67.37,9070910,1.0,0.0
2016-10-27,67.75,68.0,66.96,67.16,5300448,1.0,0.0
2016-10-28,67.16,67.67,66.71,67.03,8565140,1.0,0.0
2016-10-31,66.71,66.98,66.38,66.65,6272385,1.0,0.0
2016-11-01,66.44,66.69,65.18,65.63,6392289,1.0,0.0
2016-11-02,65.72,67.27,65.66,66.56,5432320,1.0,0.0
2016-11-03,67.06,67.08,66.42,66.59,4572278,1.0,0.0
2016-11-04,66.74,67.12,66.22,66.25,4748874,1.0,0.0
2016-11-07,67.11,67.665,67.01,67.23,4539711,1.0,0.0
2016-11-08,67.12,67.25,66.635,66.81,6790087,1.0,0.0
2016-11-09,65.5,68.16,64.87,67.84,7621106,1.0,0.0
2016-11-10,68.4,70.48,68.25,69.46,9759587,1.0,0.0
2016-11-11,69.32,70.055,69.155,69.73,6572323,1.0,0.0
2016-11-14,70.04,70.45,69.685,70.01,9023436,1.0,0.0
2016-11-15,68.84,69.85,68.04,69.05,11251871,1.0,0.0
2016-11-16,66.23,68.84,65.12,67.02,17529413,1.0,0.0
2016-11-17,67.02,68.04,66.55,67.95,9521484,1.0,0.0
2016-11-18,67.92,69.58,67.77,69.31,10624567,1.0,0.0
2016-11-21,69.42,69.7,68.8299,69.41,6062407,1.0,0.0
2016-11-22,70.19,71.97,69.7,71.59,10673763,1.0,0.0
2016-11-23,71.83,72.37,71.62,71.77,5507322,1.0,0.0
2016-11-25,71.9,72.34,71.6,72.21,2710550,1.0,0.0
2016-11-28,71.84,72.18,71.15,71.2,5315860,1.0,0.0
2016-11-29,71.34,71.69,70.55,70.71,5870379,1.0,0.0
2016-11-30,70.75,71.11,70.445,70.55,6377326,1.0,0.0
2016-12-01,70.34,71.02,69.92,71.0,7626839,1.0,0.0
2016-12-02,71.14,72.81,71.08,72.31,7248569,1.0,0.0
2016-12-05,72.42,73.14,72.39,72.66,7497021,1.0,0.0
2016-12-06,72.58,73.11,72.34,72.46,6478549,1.0,0.0
2016-12-07,72.62,76.465,72.521,76.4,9268194,1.0,0.0
2016-12-08,75.47,76.37,74.97,75.24,7711492,1.0,0.0
2016-12-09,75.1,75.39,74.53,74.69,5553802,1.0,0.0
2016-12-12,74.29,74.96,74.06,74.51,6036946,1.0,0.0
2016-12-13,74.87,75.19,74.37,74.65,6357703,1.0,0.0
2016-12-14,74.71,75.23,73.45,73.56,6790149,1.0,0.0
2016-12-15,73.73,74.49,73.5,73.67,6211154,1.0,0.0
2016-12-16,73.88,74.16,72.65,72.96,7638850,1.0,0.0
2016-12-19,72.62,73.52,72.56,72.92,5056299,1.0,0.0
2016-12-20,73.05,74.48,72.8,74.27,5348533,1.0,0.0
2016-12-21,74.09,74.32,73.8,74.19,2942842,1.0,0.0
2016-12-22,73.55,74.09,72.88,73.01,4008472,1.0,0.0
2016-12-23,73.1,73.29,72.241,72.3,3591768,1.0,0.0
2016-12-27,72.59,72.75,71.96,72.23,3868790,1.0,0.0
2016-12-28,72.45,72.47,71.46,71.57,4227350,1.0,0.0
2016-12-29,71.5,71.9,71.24,71.34,4009802,1.0,0.0
2016-12-30,71.63,72.08,70.78,71.12,3877713,1.0,0.0
2017-01-03,71.71,71.92,70.49,70.95,6412188,1.0,0.0
2017-01-04,71.18,72.23,71.05,71.81,5863668,1.0,0.0
2017-01-05,71.44,71.79,70.76,71.07,4420248,1.0,0.0
2017-01-06,71.2,71.4,70.54,70.95,4645538,1.0,0.0
2017-01-09,70.93,71.32,70.9,71.07,3563619,1.0,0.0
2017-01-10,70.95,71.7,70.67,71.21,4133974,1.0,0.0
2017-01-11,71.16,71.37,70.56,71.26,3432226,1.0,0.0
2017-01-12,71.25,71.64,70.795,71.58,4310547,1.0,0.0
2017-01-13,71.4,72.615,71.39,72.15,6947951,1.0,0.0
2017-01-17,71.62,73.21,71.39,72.38,5468495,1.0,0.0
2017-01-18,72.1,72.1,71.06,71.38,8788340,1.0,0.0
2017-01-19,71.29,72.65,71.15,71.6,6274039,1.0,0.0
2017-01-20,71.63,71.93,71.26,71.76,5613940,1.0,0.0
2017-01-23,71.24,72.84,71.24,72.58,5361056,1.0,0.35
2017-01-24,72.61,74.03,72.505,74.0,5736753,1.0,0.0
2017-01-25,74.291,74.75,73.04,73.06,5372664,1.0,0.0
2017-01-26,73.38,73.83,72.8675,73.23,5268762,1.0,0.0
2017-01-27,73.29,73.43,72.72,73.25,4183467,1.0,0.0
2017-01-30,73.09,73.6397,72.57,73.57,3856045,1.0,0.0
2017-01-31,72.84,73.54,72.745,73.08,4537466,1.0,0.0
2017-02-01,72.91,73.03,72.32,72.35,4006537,1.0,0.0
2017-02-02,72.73,72.79,71.9,71.95,3538330,1.0,0.0
2017-02-03,72.12,73.4,71.79,73.29,6311664,1.0,0.0
2017-02-06,72.96,73.2,72.4,72.61,5166819,1.0,0.0
2017-02-07,72.85,72.99,72.11,72.24,3749526,1.0,0.0
2017-02-08,72.61,72.77,72.21,72.45,4029600,1.0,0.0
2017-02-09,72.71,73.695,72.43,73.53,4040972,1.0,0.0
2017-02-10,73.42,74.04,73.11,73.97,3661291,1.0,0.0
2017-02-13,74.08,74.2625,73.58,73.9,3007985,1.0,0.0
2017-02-14,74.06,75.89,73.96,75.72,8106823,1.0,0.0
2017-02-15,75.47,77.475,75.35,76.91,10410263,1.0,0.0
2017-02-16,76.91,77.4,75.66,76.32,4686165,1.0,0.0
2017-02-17,76.16,76.74,75.94,76.74,5446248,1.0,0.0
2017-02-21,77.5,77.52,76.46,77.25,5294125,1.0,0.0
2017-02-22,77.33,77.45,76.6,76.8,3711594,1.0,0.0
2017-02-23,77.15,77.21,75.73,75.8,5663360,1.0,0.0
2017-02-24,75.91,76.3353,75.405,76.1,11147738,1.0,0.0
2017-02-27,76.2,76.45,75.69,76.42,4006013,1.0,0.0
2017-02-28,75.91,75.93,74.17,74.37,10697795,1.0,0.0
2017-03-01,81.28,82.85,80.6,81.45,21443900,1.0,0.0
2017-03-02,81.37,81.4,80.28,80.4,8423508,1.0,0.0
2017-03-03,80.6,81.87,80.56,81.68,6555455,1.0,0.0
2017-03-06,81.27,81.5,81.02,81.02,6611919,1.0,0.0
2017-03-07,81.0,81.32,80.65,80.84,4718040,1.0,0.0
2017-03-08,80.84,81.72,80.84,81.33,4869181,1.0,0.0
2017-03-09,81.36,81.81,81.07,81.17,3806749,1.0,0.0
2017-03-10,81.56,82.0,81.44,81.58,4091051,1.0,0.0
2017-03-13,81.58,81.985,81.36,81.58,4303549,1.0,0.0
2017-03-14,81.68,82.18,81.31,81.94,4383366,1.0,0.0
2017-03-15,82.0,83.32,81.98,83.27,4786358,1.0,0.0
2017-03-16,83.32,84.0,83.07,83.22,4847308,1.0,0.0
2017-03-17,83.62,83.74,82.98,83.53,5706464,1.0,0.0
2017-03-20,83.53,83.53,82.144,82.35,6068255,1.0,0.0
2017-03-21,82.82,83.3,81.71,81.92,5110763,1.0,0.0
2017-03-22,82.25,82.93,81.79,82.35,4569116,1.0,0.0
2017-03-23,82.35,83.05,82.12,82.45,3408041,1.0,0.0
2017-03-24,82.52,82.89,81.885,82.21,3456871,1.0,0.0
2017-03-27,81.32,82.06,81.04,81.56,4498113,1.0,0.0
2017-03-28,81.52,82.65,81.47,82.4,4351285,1.0,0.0
2017-03-29,82.26,82.62,81.72,82.21,3968437,1.0,0.0
2017-03-30,82.09,82.545,81.885,82.3,3741424,1.0,0.0
2017-03-31,82.01,82.55,81.81,82.21,4556954,1.0,0.0
2017-04-03,83.11,83.14,81.75,82.04,5423193,1.0,0.0
2017-04-04,81.91,82.08,81.26,81.59,4994705,1.0,0.0
2017-04-05,81.75,82.69,81.57,81.62,4083108,1.0,0.0
2017-04-06,81.87,82.46,81.79,81.97,3471785,1.0,0.0
2017-04-07,81.91,82.4,81.91,82.14,3243590,1.0,0.0
2017-04-10,82.08,82.9905,82.08,82.42,2987875,1.0,0.0
2017-04-11,82.28,82.75,81.76,82.41,3111658,1.0,0.0
2017-04-12,81.85,82.17,81.29,81.87,3713820,1.0,0.0
2017-04-13,81.63,81.92,81.05,81.06,3846387,1.0,0.0
2017-04-17,81.06,81.98,81.05,81.95,3308129,1.0,0.0
2017-04-18,81.8,82.32,81.65,82.13,3036544,1.0,0.0
2017-04-19,82.49,82.74,81.96,81.99,3937279,1.0,0.0
2017-04-20,82.42,83.56,82.33,83.29,4538850,1.0,0.0
2017-04-21,83.26,83.695,82.97,83.47,5233522,1.0,0.0
2017-04-24,84.0,84.47,83.58,84.17,4553624,1.0,0.35
2017-04-25,84.78,85.305,84.0701,84.51,5612179,1.0,0.0
2017-04-26,84.61,85.65,84.41,85.23,4335180,1.0,0.0
2017-04-27,85.45,85.76,84.86,85.27,6536479,1.0,0.0
2017-04-28,85.16,85.29,84.05,84.88,4790360,1.0,0.0
2017-05-01,84.84,85.1,84.225,84.4,3836688,1.0,0.0
2017-05-02,84.76,85.43,84.19,85.38,4241246,1.0,0.0
2017-05-03,85.41,86.0,85.14,85.53,3709870,1.0,0.0
2017-05-04,85.77,85.86,85.0,85.4,3423004,1.0,0.0
2017-05-05,85.7,86.0,85.09,86.0,2997095,1.0,0.0
2017-05-08,86.0,86.18,85.41,86.0,4106434,1.0,0.0
2017-05-09,86.2,86.25,85.61,85.85,4279917,1.0,0.0
2017-05-10,85.87,86.13,85.45,86.06,5151911,1.0,0.0
2017-05-11,85.75,85.815,84.18,84.7,6355799,1.0,0.0
2017-05-12,84.7,85.03,84.29,84.82,3530399,1.0,0.0
2017-05-15,85.19,86.06,84.85,85.19,7206443,1.0,0.0
2017-05-16,86.0,86.2,85.03,85.36,5612677,1.0,0.0
2017-05-17,84.57,84.9,83.67,83.75,4751297,1.0,0.0
2017-05-18,83.75,84.44,83.63,84.05,4532262,1.0,0.0
2017-05-19,84.16,84.92,83.8968,84.59,3742702,1.0,0.0
2017-05-22,84.83,84.92,83.98,84.05,7368520,1.0,0.0
2017-05-23,84.14,84.19,82.15,82.34,9447879,1.0,0.0
2017-05-24,79.33,80.28,78.4,79.85,18988928,1.0,0.0
2017-05-25,80.06,81.655,79.98,81.33,10252585,1.0,0.0
2017-05-26,81.26,81.48,80.56,80.91,4510037,1.0,0.0
2017-05-30,80.77,80.81,79.28,79.41,6938007,1.0,0.0
2017-05-31,79.52,79.64,78.1,78.77,8663536,1.0,0.0
2017-06-01,78.77,80.43,78.29,80.43,6330189,1.0,0.0
2017-06-02,80.03,80.74,80.03,80.22,4383591,1.0,0.0
2017-06-05,80.25,80.33,79.41,79.44,3420599,1.0,0.0
2017-06-06,78.86,79.19,78.52,78.7,7215239,1.0,0.0
2017-06-07,78.8,78.93,77.7,77.79,5741196,1.0,0.0
2017-06-08,77.99,78.4808,77.55,77.64,7187047,1.0,0.0
2017-06-09,77.77,78.85,77.71,78.65,5963909,1.0,0.0
2017-06-12,78.47,79.795,78.36,79.03,6251743,1.0,0.0
2017-06-13,79.04,79.81,78.91,79.65,4450279,1.0,0.0
2017-06-14,79.81,81.04,79.32,80.56,5173608,1.0,0.0
2017-06-15,80.1,80.49,79.7,80.39,6002689,1.0,0.0
2017-06-16,80.14,80.36,79.24,79.8,7722626,1.0,0.0
2017-06-19,80.23,81.35,79.565,81.08,4465371,1.0,0.0
2017-06-20,81.0,81.4499,80.37,80.46,4217987,1.0,0.0
2017-06-21,80.48,80.81,79.04,79.14,4738110,1.0,0.0
2017-06-22,79.2,79.35,78.3,78.34,8232919,1.0,0.0
2017-06-23,78.38,78.41,75.8302,76.07,13267890,1.0,0.0
2017-06-26,76.33,76.9464,76.3,76.7,5201952,1.0,0.0
2017-06-27,76.48,77.11,75.79,76.33,7797258,1.0,0.0
2017-06-28,76.63,77.215,76.52,77.02,4321539,1.0,0.0
2017-06-29,77.1,77.19,76.16,76.6,3870839,1.0,0.0
2017-06-30,76.53,77.94,76.53,77.53,4649452,1.0,0.0
2017-07-03,78.0,78.45,77.99,78.26,2287863,1.0,0.0
2017-07-05,78.24,78.39,77.03,77.37,3919823,1.0,0.0
2017-07-06,77.07,77.3,76.43,76.59,4425856,1.0,0.0
2017-07-07,76.73,77.2999,76.65,77.15,3792444,1.0,0.0
2017-07-10,77.3,77.47,76.85,76.92,4609083,1.0,0.0
2017-07-11,76.98,77.12,76.015,76.25,5131759,1.0,0.0
2017-07-12,76.6,76.92,76.025,76.22,4333334,1.0,0.0
2017-07-13,76.51,76.905,76.28,76.52,4605516,1.0,0.0
2017-07-14,76.53,76.7,75.74,76.06,4716539,1.0,0.0
2017-07-17,76.06,76.67,75.94,76.43,3959189,1.0,0.0
2017-07-18,76.24,76.41,75.88,75.96,3161806,1.0,0.0
2017-07-19,76.24,77.15,76.21,76.83,4222415,1.0,0.0
2017-07-20,75.96,76.14,71.58,72.56,23508600,1.0,0.0
2017-07-21,72.75,74.11,72.72,73.84,9692115,1.0,0.0
2017-07-24,73.5,74.76,73.06,74.31,7714784,1.0,0.41
2017-07-25,74.69,76.18,74.51,75.69,6415834,1.0,0.0
2017-07-26,75.69,76.325,75.3,75.98,4431854,1.0,0.0
2017-07-27,75.83,77.68,75.81,77.0,6845113,1.0,0.0
2017-07-28,76.96,77.35,76.2,76.48,4946834,1.0,0.0
2017-07-31,76.57,77.52,76.37,77.4,6764248,1.0,0.0
2017-08-01,77.27,77.96,76.25,77.83,3680916,1.0,0.0
2017-08-02,77.57,78.15,77.5,77.86,3656588,1.0,0.0
2017-08-03,78.14,78.91,77.86,77.91,3202256,1.0,0.0
2017-08-04,78.46,78.57,77.68,78.37,2491881,1.0,0.0
2017-08-07,78.5,78.84,78.09,78.32,3977799,1.0,0.0
2017-08-08,78.27,78.33,77.125,77.21,3901375,1.0,0.0
2017-08-09,77.0,78.36,76.6,78.34,3428931,1.0,0.0
2017-08-10,77.8,77.99,76.62,77.01,4015516,1.0,0.0
2017-08-11,76.76,77.51,76.67,77.26,3089323,1.0,0.0
2017-08-14,77.8,78.125,77.18,77.72,3577064,1.0,0.0
2017-08-15,77.9,77.9,74.18,74.3,8731282,1.0,0.0
2017-08-16,74.66,75.55,74.61,75.35,4881765,1.0,0.0
2017-08-17,75.27,75.53,74.11,74.12,5922339,1.0,0.0
2017-08-18,74.02,74.19,73.22,73.64,5080381,1.0,0.0
2017-08-21,73.87,74.49,73.34,73.85,7680220,1.0,0.0
2017-08-22,74.08,75.93,73.91,75.82,7404819,1.0,0.0
2017-08-23,71.95,73.41,70.76,73.01,26259355,1.0,0.0
2017-08-24,73.2,73.87,72.32,72.61,10483193,1.0,0.0
2017-08-25,72.63,73.63,72.53,73.35,6272804,1.0,0.0
2017-08-28,74.4,75.23,73.63,73.8,6473485,1.0,0.0
2017-08-29,73.72,74.1701,73.28,73.45,6775600,1.0,0.0
2017-08-30,73.5,74.27,73.41,73.91,6592219,1.0,0.0
2017-08-31,74.5,74.83,73.89,73.89,8996422,1.0,0.0
2017-09-01,74.19,74.78,73.72,74.65,4804901,1.0,0.0
2017-09-05,75.27,76.14,75.03,75.68,8208706,1.0,0.0
2017-09-06,76.5,77.5169,76.42,77.47,8034085,1.0,0.0
2017-09-07,78.33,78.74,76.5,77.68,10378443,1.0,0.0
2017-09-08,78.05,79.35,77.63,78.56,11586758,1.0,0.0
2017-09-11,77.94,78.25,76.59,77.5,7385840,1.0,0.0
2017-09-12,77.88,78.8,77.53,78.66,5176779,1.0,0.0
2017-09-13,78.83,79.43,77.715,77.86,7398879,1.0,0.0
2017-09-14,77.9,78.59,77.9,78.46,5498080,1.0,0.0
2017-09-15,78.43,78.78,77.95,77.99,14356708,1.0,0.0
2017-09-18,77.83,78.195,77.31,77.67,8291266,1.0,0.0
2017-09-19,77.75,78.15,77.2,77.49,5936396,1.0,0.0
2017-09-20,77.23,78.08,77.2,77.91,6606919,1.0,0.0
2017-09-21,78.0,78.205,77.49,78.04,6174542,1.0,0.0
2017-09-22,78.08,78.44,78.0,78.23,5951554,1.0,0.0
2017-09-25,78.26,79.52,78.26,79.34,8756715,1.0,0.0
2017-09-26,79.54,79.82,78.94,79.29,4961311,1.0,0.0
2017-09-27,79.56,79.8,78.63,79.23,5070870,1.0,0.0
2017-09-28,79.1,79.69,78.9,79.45,4553173,1.0,0.0
2017-09-29,79.58,80.15,79.33,79.94,4359960,1.0,0.0
2017-10-02,80.04,81.27,79.85,80.79,7171149,1.0,0.0
2017-10-03,80.89,81.61,80.86,81.35,3855063,1.0,0.0
2017-10-04,81.32,81.74,81.06,81.46,4204426,1.0,0.0
2017-10-05,81.38,82.74,81.28,82.26,4975840,1.0,0.0
2017-10-06,82.15,82.64,81.59,81.86,4074328,1.0,0.0
2017-10-09,81.9,82.41,81.53,81.74,3586914,1.0,0.0
2017-10-10,81.64,81.87,81.02,81.1,3802566,1.0,0.0
2017-10-11,81.17,81.56,81.04,81.21,4633306,1.0,0.0
2017-10-12,81.2,81.83,80.741,81.57,3418360,1.0,0.0
2017-10-13,81.72,82.52,81.57,82.33,5159861,1.0,0.0
2017-10-16,82.24,82.44,81.1,81.2,3965276,1.0,0.0
2017-10-17,81.28,81.68,80.2301,81.11,4862832,1.0,0.0
2017-10-18,81.16,81.315,80.71,80.75,3605134,1.0,0.0
2017-10-19,80.68,81.399,80.43,81.27,3225546,1.0,0.0
2017-10-20,81.56,81.64,79.935,80.04,6085204,1.0,0.0
2017-10-23,80.23,81.2,80.12,80.41,5762417,1.0,0.0
2017-10-24,79.86,81.16,79.74,81.16,4804484,1.0,0.41
2017-10-25,81.14,81.55,80.53,80.97,3451488,1.0,0.0
2017-10-26,81.11,82.48,80.96,81.53,5128972,1.0,0.0
2017-10-27,80.75,81.02,79.42,80.61,7315743,1.0,0.0
2017-10-30,80.27,80.32,79.4,79.41,7198289,1.0,0.0
2017-10-31,79.5,80.21,79.45,79.95,5051166,1.0,0.0
2017-11-01,79.62,80.5,79.42,79.92,4523400,1.0,0.0
2017-11-02,79.2,79.3,75.361,76.65,11416714,1.0,0.0
2017-11-03,76.99,78.11,76.62,77.92,5405925,1.0,0.0
2017-11-06,78.31,78.37,77.27,77.41,3866635,1.0,0.0
2017-11-07,77.71,78.32,77.22,77.63,4558059,1.0,0.0
2017-11-08,77.5,78.52,77.19,78.09,4736778,1.0,0.0
2017-11-09,77.9,78.305,77.39,78.08,4503758,1.0,0.0
2017-11-10,77.93,78.02,77.28,77.49,6705077,1.0,0.0
2017-11-13,77.5,77.8769,77.191,77.53,6957725,1.0,0.0
2017-11-14,77.17,79.26,77.14,79.23,6058200,1.0,0.0
2017-11-15,79.0,79.04,78.27,78.37,4954248,1.0,0.0
2017-11-16,78.7,79.55,78.23,79.47,5524223,1.0,0.0
2017-11-17,79.51,80.495,79.17,80.22,6329815,1.0,0.0
2017-11-20,81.28,81.9,80.38,81.46,7507099,1.0,0.0
2017-11-21,79.7,82.22,79.5,80.59,13037434,1.0,0.0
2017-11-22,80.84,81.18,79.55,79.56,6692706,1.0,0.0
2017-11-24,79.93,79.95,79.11,79.24,2842025,1.0,0.0
2017-11-27,79.95,80.7799,79.54,79.83,6644883,1.0,0.0
2017-11-28,79.69,81.74,79.69,81.68,7445688,1.0,0.0
2017-11-29,81.75,84.36,81.6,83.3,10573499,1.0,0.0
2017-11-30,83.45,84.68,83.1,83.37,9110049,1.0,0.0
2017-12-01,83.24,84.42,82.12,84.23,4935498,1.0,0.0
2017-12-04,84.94,88.48,84.71,88.04,12890083,1.0,0.0
2017-12-05,88.03,88.55,86.28,86.31,9658243,1.0,0.0
2017-12-06,84.94,86.09,82.37,82.4,12100304,1.0,0.0
2017-12-07,82.41,83.74,82.23,83.63,10321428,1.0,0.0
2017-12-08,83.85,85.73,83.85,85.6,7653552,1.0,0.0
2017-12-11,85.58,86.1,85.21,85.54,6775368,1.0,0.0
2017-12-12,85.53,85.71,84.88,84.99,7124472,1.0,0.0
2017-12-13,85.35,85.79,85.11,85.6,5700772,1.0,0.0
2017-12-14,86.04,86.35,85.38,85.58,3864828,1.0,0.0
2017-12-15,85.98,87.14,85.97,86.69,7288470,1.0,0.0
2017-12-18,87.12,88.09,87.04,87.44,7164160,1.0,0.0
2017-12-19,87.85,89.33,87.23,88.86,5578212,1.0,0.0
2017-12-20,89.23,90.94,88.93,90.19,6521186,1.0,0.0
2017-12-21,89.96,91.03,89.9,90.73,5110761,1.0,0.0
2017-12-22,90.91,91.25,90.19,91.19,3551885,1.0,0.0
2017-12-26,91.3,92.08,91.11,91.89,2754648,1.0,0.0
2017-12-27,91.96,92.4,91.89,92.11,2691115,1.0,0.0
2017-12-28,92.54,92.94,92.17,92.86,3497093,1.0,0.0
2017-12-29,93.41,93.55,92.91,92.94,3359811,1.0,0.0
2018-01-02,93.02,93.46,91.52,91.62,6547265,1.0,0.0
2018-01-03,91.75,92.09,91.17,92.02,4431176,1.0,0.0
2018-01-04,92.19,92.82,91.58,92.74,3536931,1.0,0.0
2018-01-05,94.0,94.8,93.76,94.74,5493637,1.0,0.0
2018-01-08,94.38,95.13,93.67,93.71,6184167,1.0,0.0
2018-01-09,94.32,94.92,93.56,94.55,3805826,1.0,0.0
2018-01-10,94.46,94.83,93.85,94.17,2763200,1.0,0.0
2018-01-11,94.54,95.78,94.01,95.74,3171431,1.0,0.0
2018-01-12,96.01,102.28,95.63,100.86,14215669,1.0,0.0
2018-01-16,101.5,105.6,100.09,100.97,13548088,1.0,0.0
2018-01-17,101.26,102.29,100.56,101.68,5266729,1.0,0.0
2018-01-18,102.02,102.13,100.81,101.36,5833184,1.0,0.0
2018-01-19,104.28,105.35,102.47,104.95,9547673,1.0,0.0
2018-01-22,107.0,107.38,105.35,107.11,6699504,1.0,0.0
2018-01-23,107.0,108.31,106.15,107.11,6085878,1.0,0.41
2018-01-24,107.39,107.64,105.9,106.72,3931423,1.0,0.0
2018-01-25,108.94,108.98,106.11,106.38,4604841,1.0,0.0
2018-01-26,106.64,107.4,105.53,107.4,3911962,1.0,0.0
2018-01-29,108.0,108.38,106.68,106.84,3709513,1.0,0.0
2018-01-30,105.71,106.14,104.63,105.18,6318284,1.0,0.0
2018-01-31,105.67,106.2,104.54,104.73,7008097,1.0,0.0
2018-02-01,103.84,105.08,103.25,103.86,4917902,1.0,0.0
2018-02-02,103.85,103.86,101.15,101.5,6225836,1.0,0.0
2018-02-05,101.38,103.11,97.04,97.58,8226192,1.0,0.0
2018-02-06,95.29,100.92,94.81,100.22,9012801,1.0,0.0
2018-02-07,100.0,102.32,99.75,99.92,5236094,1.0,0.0
2018-02-08,99.92,100.11,94.89,95.01,7508035,1.0,0.0
2018-02-09,96.19,98.16,92.51,97.17,9647346,1.0,0.0
2018-02-12,98.25,99.0,97.17,97.78,7949599,1.0,0.0
2018-02-13,96.96,97.61,94.87,96.06,5536553,1.0,0.0
2018-02-14,95.09,97.4,94.4,96.93,6122739,1.0,0.0
2018-02-15,98.18,98.19,95.62,96.51,5695894,1.0,0.0
2018-02-16,96.48,97.67,95.79,96.31,5313023,1.0,0.0
2018-02-20,96.55,97.68,95.43,95.65,6348974,1.0,0.0
2018-02-21,96.0,97.2,95.22,95.34,4237678,1.0,0.0
2018-02-22,96.02,97.18,95.73,96.89,4358735,1.0,0.0
2018-02-23,97.33,97.62,96.62,97.49,4289339,1.0,0.0
2018-02-26,97.92,97.98,96.71,97.51,4725629,1.0,0.0
2018-02-27,97.62,98.41,95.48,95.79,8436848,1.0,0.0
2018-02-28,87.4,92.22,86.75,89.59,34003780,1.0,0.0
2018-03-01,89.57,89.7,87.11,87.96,15153351,1.0,0.0
2018-03-02,86.88,87.34,85.08,85.34,12476807,1.0,0.0
2018-03-05,85.06,87.02,85.05,86.33,8324617,1.0,0.0
2018-03-06,86.5,87.2,86.29,87.12,6358966,1.0,0.0
2018-03-07,86.49,86.81,85.51,86.11,6417074,1.0,0.0
2018-03-08,86.44,86.81,85.46,86.16,4570315,1.0,0.0
2018-03-09,86.75,87.33,86.23,87.28,6254570,1.0,0.0
2018-03-12,87.25,88.06,87.01,87.68,5781152,1.0,0.0
2018-03-13,87.73,88.02,85.9,86.14,5746607,1.0,0.0
2018-03-14,86.74,86.92,85.26,86.38,6998975,1.0,0.0
2018-03-15,86.55,86.65,85.29,85.54,4724736,1.0,0.0
2018-03-16,85.53,87.34,85.53,87.0,8405345,1.0,0.0
2018-03-19,86.61,87.02,85.3,85.79,6677698,1.0,0.0
2018-03-20,86.19,86.45,85.07,85.73,4742549,1.0,0.0
2018-03-21,85.89,87.98,85.67,87.25,6807532,1.0,0.0
2018-03-22,86.5,87.27,85.65,85.7,11768440,1.0,0.0
2018-03-23,85.94,86.13,83.74,83.77,7317970,1.0,0.0
2018-03-26,88.36,90.33,87.65,89.3,13626562,1.0,0.0
2018-03-27,89.0,89.0,85.51,85.96,10887964,1.0,0.0
2018-03-28,86.09,86.93,85.08,85.88,7725087,1.0,0.0
2018-03-29,86.23,88.0,85.97,87.75,8515645,1.0,0.0
2018-04-02,87.35,87.55,83.08,84.59,9611683,1.0,0.0
2018-04-03,85.02,86.01,84.34,85.45,7352909,1.0,0.0
2018-04-04,84.32,88.27,84.15,88.06,7860840,1.0,0.0
2018-04-05,88.51,89.05,88.23,88.75,5098031,1.0,0.0
2018-04-06,88.14,89.15,87.22,88.24,8757147,1.0,0.0
2018-04-09,88.46,88.6,85.07,85.24,7343910,1.0,0.0
2018-04-10,85.89,87.29,85.38,87.14,5665735,1.0,0.0
2018-04-11,86.36,87.77,86.23,86.65,4643949,1.0,0.0
2018-04-12,86.93,87.3,86.67,87.04,3931254,1.0,0.0
2018-04-13,87.35,87.63,85.77,86.23,4826147,1.0,0.0
2018-04-16,86.75,86.98,85.86,86.06,5093332,1.0,0.0
2018-04-17,86.58,86.93,86.04,86.16,5132173,1.0,0.0
2018-04-18,86.35,87.45,86.06,86.41,5119518,1.0,0.0
2018-04-19,86.3,86.3,83.98,84.88,5719438,1.0,0.0
2018-04-20,85.38,85.56,83.28,83.62,7568673,1.0,0.0
2018-04-23,84.17,84.57,83.45,84.35,5084423,1.0,0.0
2018-04-24,84.73,85.07,82.56,82.91,5437232,1.0,0.41
2018-04-25,82.56,82.76,81.31,81.48,10820243,1.0,0.0
2018-04-26,81.75,84.08,81.64,83.28,9228404,1.0,0.0
2018-04-27,83.16,84.45,82.91,84.0,3985880,1.0,0.0
2018-04-30,84.3,84.38,82.43,82.43,4193707,1.0,0.0
2018-05-01,81.75,82.98,81.16,82.96,3967402,1.0,0.0
2018-05-02,82.66,85.22,82.51,83.96,6604161,1.0,0.0
2018-05-03,83.51,83.56,81.36,82.83,5679121,1.0,0.0
2018-05-04,82.59,84.74,82.21,84.23,3242654,1.0,0.0
2018-05-07,84.38,84.52,83.34,83.85,4805852,1.0,0.0
2018-05-08,83.43,84.28,83.0,84.25,3725703,1.0,0.0
2018-05-09,84.01,85.13,83.27,84.42,4222440,1.0,0.0
2018-05-10,84.81,85.5,84.09,85.07,5140918,1.0,0.0
2018-05-11,85.2,87.74,85.2,87.45,6844510,1.0,0.0
2018-05-14,87.69,87.93,86.06,86.58,5065363,1.0,0.0
2018-05-15,85.7,86.65,85.21,85.69,4735452,1.0,0.0
2018-05-16,86.01,86.13,85.18,85.51,3975077,1.0,0.0
2018-05-17,85.6,86.18,85.21,85.47,3180876,1.0,0.0
2018-05-18,85.31,86.87,85.22,86.34,5824104,1.0,0.0
2018-05-21,86.84,87.55,86.59,87.39,4311305,1.0,0.0
2018-05-22,90.05,90.35,85.58,85.75,10770270,1.0,0.0
2018-05-23,90.7,95.14,90.52,94.69,26304830,1.0,0.0
2018-05-24,93.85,96.75,93.07,96.49,10167497,1.0,0.0
2018-05-25,96.7,97.49,96.05,96.69,7642223,1.0,0.0
2018-05-29,95.5,96.75,95.4,95.78,5033639,1.0,0.0
2018-05-30,96.31,97.98,96.05,97.42,4928175,1.0,0.0
2018-05-31,97.4,97.83,94.86,95.01,7602078,1.0,0.0
2018-06-01,95.44,96.34,95.16,95.83,4785979,1.0,0.0
2018-06-04,95.95,97.9,95.89,97.59,5010363,1.0,0.0
2018-06-05,97.12,97.69,96.74,97.5,3836676,1.0,0.0
2018-06-06,97.98,98.64,97.14,98.49,4138040,1.0,0.0
2018-06-07,98.68,99.65,98.68,99.27,4242225,1.0,0.0
2018-06-08,99.11,100.3,98.51,100.22,3680355,1.0,0.0
2018-06-11,100.44,100.93,100.0,100.5,3568280,1.0,0.0
2018-06-12,101.25,101.33,99.86,100.5,3401930,1.0,0.0
2018-06-13,100.6,100.83,99.44,99.46,4309661,1.0,0.0
2018-06-14,99.5,99.98,98.66,99.16,4129886,1.0,0.0
2018-06-15,98.36,99.67,98.17,99.18,6197751,1.0,0.0
2018-06-18,98.43,99.39,98.31,98.59,3766086,1.0,0.0
2018-06-19,97.96,98.75,97.64,98.16,6228098,1.0,0.0
2018-06-20,98.0,98.94,97.68,98.44,4419737,1.0,0.0
2018-06-21,98.34,99.39,97.87,99.06,4388100,1.0,0.0
2018-06-22,99.36,99.47,98.0,98.22,5750763,1.0,0.0
2018-06-25,97.76,98.48,96.21,96.85,4219224,1.0,0.0
2018-06-26,97.36,97.67,96.94,97.13,4443443,1.0,0.0
2018-06-27,97.28,98.24,96.21,96.31,3296529,1.0,0.0
2018-06-28,96.02,96.74,95.2,96.0,3945118,1.0,0.0
2018-06-29,96.6,97.43,95.57,95.57,4240621,1.0,0.0
2018-07-02,95.36,95.55,93.96,94.87,6036289,1.0,0.0
2018-07-03,95.25,96.2,94.89,95.06,2193134,1.0,0.0
2018-07-05,95.42,95.68,94.8,95.52,3182418,1.0,0.0
2018-07-06,95.25,96.51,94.51,96.14,3818556,1.0,0.0
2018-07-09,96.56,97.73,96.26,96.96,2645986,1.0,0.0
2018-07-10,97.99,99.41,97.64,99.01,4547782,1.0,0.0
2018-07-11,98.5,98.9,97.57,98.61,3796906,1.0,0.0
2018-07-12,99.02,99.07,97.91,98.3,2995099,1.0,0.0
2018-07-13,99.0,100.74,98.87,99.58,5197733,1.0,0.0
2018-07-16,99.67,99.85,98.75,99.63,2502173,1.0,0.0
2018-07-17,99.6,100.46,99.38,100.25,2866270,1.0,0.0
2018-07-18,100.34,101.1,100.23,101.05,2922702,1.0,0.0
2018-07-19,101.0,101.98,100.82,101.39,2742265,1.0,0.0
2018-07-20,101.11,101.25,100.45,100.66,5429718,1.0,0.0
2018-07-23,100.16,101.48,100.13,101.16,3626233,1.0,0.0
2018-07-24,101.27,101.48,99.58,100.0,3017449,1.0,0.48
2018-07-25,99.89,100.06,97.84,99.02,4281602,1.0,0.0
2018-07-26,99.1,99.42,97.98,98.52,3063385,1.0,0.0
2018-07-27,99.0,99.4,97.54,98.0,3718948,1.0,0.0
2018-07-30,98.07,99.54,98.05,99.28,4518648,1.0,0.0
2018-07-31,99.39,100.16,98.96,99.34,3239793,1.0,0.0
2018-08-01,98.99,99.32,97.71,97.96,2942138,1.0,0.0
2018-08-02,97.7,97.89,96.74,97.44,4253578,1.0,0.0
2018-08-03,97.83,98.45,97.48,97.63,3546783,1.0,0.0
2018-08-06,97.52,98.03,97.35,97.75,3247198,1.0,0.0
2018-08-07,97.66,99.0,97.38,98.78,2754803,1.0,0.0
2018-08-08,98.81,99.3,98.52,98.87,1816101,1.0,0.0
2018-08-09,99.43,100.58,98.88,99.94,4206622,1.0,0.0
2018-08-10,99.17,99.62,98.03,98.31,3068596,1.0,0.0
2018-08-13,98.31,98.61,97.04,97.09,3399275,1.0,0.0
2018-08-14,97.45,98.57,96.24,98.4,3754489,1.0,0.0
2018-08-15,97.75,97.95,96.26,96.83,3979161,1.0,0.0
2018-08-16,97.26,98.23,97.16,97.68,4325089,1.0,0.0
2018-08-17,97.67,98.23,97.33,97.98,2576143,1.0,0.0
2018-08-20,97.98,99.14,97.91,98.97,3467033,1.0,0.0
2018-08-21,99.29,100.29,98.81,99.74,5599879,1.0,0.0
2018-08-22,104.97,109.8,104.27,105.52,24973385,1.0,0.0
2018-08-23,106.93,107.64,106.2,107.15,7492909,1.0,0.0
2018-08-24,106.84,108.01,106.66,106.8,5107466,1.0,0.0
2018-08-27,107.41,107.99,106.77,106.97,3119400,1.0,0.0
2018-08-28,106.89,108.39,106.89,108.27,3794742,1.0,0.0
2018-08-29,108.25,108.86,107.62,108.68,3298189,1.0,0.0
2018-08-30,108.29,108.49,107.59,107.88,2533309,1.0,0.0
2018-08-31,107.78,108.83,107.69,108.75,4263258,1.0,0.0
2018-09-04,108.39,110.23,108.03,109.93,3883834,1.0,0.0
2018-09-05,109.66,110.78,108.38,108.41,4722927,1.0,0.0
2018-09-06,108.44,109.68,108.28,109.38,3621565,1.0,0.0
2018-09-07,108.99,110.49,108.82,109.59,3826216,1.0,0.0
2018-09-10,110.72,112.89,110.24,112.39,6210215,1.0,0.0
2018-09-11,112.95,114.53,112.1,114.18,5757662,1.0,0.0
2018-09-12,114.31,114.54,112.84,114.34,5515423,1.0,0.0
2018-09-13,113.49,113.7,112.01,112.75,4856475,1.0,0.0
2018-09-14,113.26,114.23,112.16,113.89,5294687,1.0,0.0
2018-09-17,113.68,114.15,113.41,113.74,4779979,1.0,0.0
2018-09-18,113.3,115.72,113.22,115.55,4439784,1.0,0.0
2018-09-19,115.69,116.5,115.48,116.26,3587389,1.0,0.0
2018-09-20,116.02,116.86,116.02,116.7,4663809,1.0,0.0
2018-09-21,116.94,117.35,116.34,116.84,9171808,1.0,0.0
2018-09-24,116.21,116.58,114.83,115.01,5647672,1.0,0.0
2018-09-25,115.32,116.0,114.94,115.2,3999108,1.0,0.0
2018-09-26,115.78,116.19,114.77,114.79,4293685,1.0,0.0
2018-09-27,114.59,115.18,113.57,114.5,4419893,1.0,0.0
2018-09-28,116.63,117.7,114.68,114.82,5745185,1.0,0.0
2018-10-01,115.58,115.63,114.04,114.07,4430061,1.0,0.0
2018-10-02,114.38,114.77,112.57,112.59,5055608,1.0,0.0
2018-10-03,113.0,113.51,111.54,111.75,6153914,1.0,0.0
2018-10-04,111.75,111.83,110.02,110.78,5750166,1.0,0.0
2018-10-05,110.64,111.11,108.39,109.74,5278462,1.0,0.0
2018-10-08,109.52,110.09,108.77,109.9,4187032,1.0,0.0
2018-10-09,110.09,110.98,109.15,109.17,3425810,1.0,0.0
2018-10-10,110.93,111.11,106.06,106.29,5258244,1.0,0.0
2018-10-11,106.39,108.74,103.81,104.23,6025462,1.0,0.0
2018-10-12,105.75,107.03,104.02,105.36,4504419,1.0,0.0
2018-10-15,105.36,105.91,104.64,104.67,3802175,1.0,0.0
2018-10-16,105.05,106.56,104.23,105.98,3637263,1.0,0.0
2018-10-17,102.37,103.32,101.39,102.44,5960140,1.0,0.0
2018-10-18,102.16,102.37,99.52,99.71,7071859,1.0,0.0
2018-10-19,99.78,100.56,98.95,99.59,4686650,1.0,0.0
2018-10-22,99.89,100.26,98.18,98.39,3770662,1.0,0.0
2018-10-23,96.84,98.88,95.6,98.12,6968495,1.0,0.48
2018-10-24,98.32,100.71,96.32,96.53,5724457,1.0,0.0
2018-10-25,97.06,98.78,95.76,97.95,4534896,1.0,0.0
2018-10-26,96.36,96.63,93.1,93.78,6600005,1.0,0.0
2018-10-29,94.86,95.55,91.61,92.86,4245246,1.0,0.0
2018-10-30,93.11,95.02,92.99,94.74,4913153,1.0,0.0
2018-10-31,95.82,97.55,95.04,95.22,5792046,1.0,0.0
2018-11-01,95.29,97.81,94.6,97.44,4626921,1.0,0.0
2018-11-02,98.42,99.11,95.8,96.82,4535542,1.0,0.0
2018-11-05,96.65,97.64,95.69,97.07,3309702,1.0,0.0
2018-11-06,96.78,97.59,96.33,97.51,2432422,1.0,0.0
2018-11-07,98.1,100.66,96.9,100.6,6632574,1.0,0.0
2018-11-08,99.39,100.69,98.98,99.47,4918554,1.0,0.0
2018-11-09,98.95,99.05,96.43,96.82,5187005,1.0,0.0
2018-11-12,96.6,97.66,95.4,95.65,6183608,1.0,0.0
2018-11-13,94.95,96.2,93.77,95.59,5196803,1.0,0.0
2018-11-14,96.67,97.4,94.39,94.91,4381078,1.0,0.0
2018-11-15,94.11,94.44,91.58,93.68,6747672,1.0,0.0
2018-11-16,92.84,93.47,92.01,93.25,4090629,1.0,0.0
2018-11-19,93.31,93.9,90.58,91.35,5898011,1.0,0.0
2018-11-20,85.86,89.62,84.75,86.18,10061223,1.0,0.0
2018-11-21,86.55,89.02,86.21,88.37,7344492,1.0,0.0
2018-11-23,88.02,88.6,87.54,87.81,3008423,1.0,0.0
2018-11-26,88.67,89.48,87.3,89.31,5151067,1.0,0.0
2018-11-27,89.11,91.64,89.11,91.64,5608121,1.0,0.0
2018-11-28,92.04,93.74,90.62,93.69,6964007,1.0,0.0
2018-11-29,93.35,93.55,91.96,93.2,5398758,1.0,0.0
2018-11-30,92.95,94.53,92.46,94.37,6881030,1.0,0.0
2018-12-03,95.49,96.06,93.84,94.29,5645390,1.0,0.0
2018-12-04,94.52,95.1,89.93,90.33,6113975,1.0,0.0
2018-12-06,88.84,91.02,87.48,90.95,5954334,1.0,0.0
2018-12-07,90.37,92.29,89.05,89.4,4968607,1.0,0.0
2018-12-10,89.74,90.28,87.3,89.43,3262664,1.0,0.0
2018-12-11,90.35,92.08,89.0,89.48,4137023,1.0,0.0
2018-12-12,89.99,93.74,87.67,92.11,10837472,1.0,0.0
2018-12-13,92.8,94.5,92.14,94.29,7984556,1.0,0.0
2018-12-14,93.68,94.95,92.97,93.36,7103869,1.0,0.0
2018-12-17,92.79,92.89,89.8,90.45,6047694,1.0,0.0
2018-12-18,91.37,92.96,90.75,91.46,4574542,1.0,0.0
2018-12-19,91.76,93.96,89.68,90.33,5188759,1.0,0.0
2018-12-20,89.61,90.95,87.43,89.16,6819303,1.0,0.0
2018-12-21,89.51,91.46,87.54,87.64,8070292,1.0,0.0
2018-12-24,87.07,88.38,85.9,85.96,3121748,1.0,0.0
2018-12-26,86.51,91.05,86.48,91.04,4335176,1.0,0.0
2018-12-27,89.57,91.92,88.33,91.86,4700375,1.0,0.0
2018-12-28,92.23,93.21,91.19,91.87,3825342,1.0,0.0
2018-12-31,92.8,93.64,91.52,92.36,4034076,1.0,0.0
2019-01-02,91.22,92.8365,90.78,92.27,4198179,1.0,0.0
2019-01-03,91.65,92.52,90.65,91.17,3798939,1.0,0.0
2019-01-04,91.95,94.43,91.89,93.87,4107428,1.0,0.0
2019-01-07,93.68,96.8,93.68,95.65,4884982,1.0,0.0
2019-01-08,96.66,97.86,95.61,97.63,4663534,1.0,0.0
2019-01-09,97.38,98.22,96.68,97.03,5692269,1.0,0.0
2019-01-10,96.36,96.53,94.67,95.98,4494025,1.0,0.0
2019-01-11,95.72,97.61,95.4,97.3,3682128,1.0,0.0
2019-01-14,96.34,97.19,96.18,96.91,2931597,1.0,0.0
2019-01-15,95.77,95.77,94.26,94.91,4921960,1.0,0.0
2019-01-16,94.82,95.39,93.85,93.96,4579155,1.0,0.0
2019-01-17,92.63,92.72,91.21,92.05,6947589,1.0,0.0
2019-01-18,92.83,95.03,92.68,94.98,7206610,1.0,0.0
2019-01-22,93.41,93.41,90.75,91.56,5950010,1.0,0.48
2019-01-23,91.16,92.24,90.23,91.83,4842288,1.0,0.0
2019-01-24,91.84,92.17,91.11,91.8,4047279,1.0,0.0
2019-01-25,92.55,93.86,92.55,93.82,4751469,1.0,0.0
2019-01-28,93.08,93.36,92.01,93.15,3631915,1.0,0.0
2019-01-29,92.41,93.53,92.15,93.43,3125622,1.0,0.0
2019-01-30,93.76,96.4,93.52,95.75,4965948,1.0,0.0
2019-01-31,95.29,97.49,94.91,96.16,5400491,1.0,0.0
2019-02-01,96.21,97.16,95.84,97.11,5324106,1.0,0.0
2019-02-04,97.64,98.01,96.91,97.87,2801388,1.0,0.0
2019-02-05,97.67,98.58,97.48,98.1,3667013,1.0,0.0
2019-02-06,97.92,98.23,96.85,97.19,2952581,1.0,0.0
2019-02-07,96.49,97.14,95.93,96.88,3990230,1.0,0.0
2019-02-08,96.46,97.35,95.98,97.17,6217683,1.0,0.0
2019-02-11,97.19,97.44,96.65,96.88,3045635,1.0,0.0
2019-02-12,97.55,99.89,97.26,99.47,3553232,1.0,0.0
2019-02-13,99.95,101.76,99.89,101.46,6576398,1.0,0.0
2019-02-14,100.8,101.96,99.8,101.51,3009756,1.0,0.0
2019-02-15,102.74,104.5,102.43,104.24,4666066,1.0,0.0
2019-02-19,104.02,105.71,103.8,105.06,3342913,1.0,0.0
2019-02-20,105.66,105.91,104.8,105.66,3328342,1.0,0.0
2019-02-21,105.51,106.35,105.035,105.52,3395690,1.0,0.0
2019-02-22,105.89,106.35,105.4,106.27,2734640,1.0,0.0
2019-02-25,107.0,107.0,104.63,105.01,4665053,1.0,0.0
2019-02-26,103.23,105.08,102.74,105.03,7954659,1.0,0.0
2019-02-27,109.01,109.92,105.21,107.62,8874709,1.0,0.0
2019-02-28,107.51,107.51,104.1,105.09,8144298,1.0,0.0
2019-03-01,105.9,106.1,103.25,103.96,4655308,1.0,0.0
2019-03-04,104.66,104.89,102.31,103.19,4015273,1.0,0.0
2019-03-05,103.45,103.75,102.44,103.01,3460089,1.0,0.0
2019-03-06,103.26,103.54,102.21,102.34,2730650,1.0,0.0
2019-03-07,102.03,102.06,100.41,100.71,4704816,1.0,0.0
2019-03-08,99.78,100.56,98.0,99.33,6181344,1.0,0.0
2019-03-11,99.83,100.7,97.55,100.4,4598900,1.0,0.0
2019-03-12,100.4,101.24,99.58,100.86,4928430,1.0,0.0
2019-03-13,101.1,101.92,100.61,101.17,6268161,1.0,0.0
2019-03-14,100.98,101.26,100.25,100.81,5393351,1.0,0.0
2019-03-15,101.07,101.15,99.43,100.14,6677537,1.0,0.0
2019-03-18,99.99,101.98,99.99,101.88,4471414,1.0,0.0
2019-03-19,102.49,104.35,102.44,103.45,5801512,1.0,0.0
2019-03-20,103.78,104.38,102.12,103.59,4636046,1.0,0.0
2019-03-21,103.88,106.69,103.7,106.35,4835255,1.0,0.0
2019-03-22,106.05,107.03,104.92,104.95,4106779,1.0,0.0
2019-03-25,104.76,106.8,104.76,106.03,3994856,1.0,0.0
2019-03-26,106.86,107.22,105.51,105.96,4633318,1.0,0.0
2019-03-27,106.04,108.04,105.99,107.39,4230065,1.0,0.0
2019-03-28,107.88,108.89,107.72,108.37,4099864,1.0,0.0
2019-03-29,108.78,109.94,108.44,109.47,5318752,1.0,0.0
2019-04-01,110.21,111.21,105.84,108.93,10407975,1.0,0.0
2019-04-02,108.9,110.03,108.86,109.91,3722366,1.0,0.0
2019-04-03,110.55,112.21,110.0,111.93,4127297,1.0,0.0
2019-04-04,112.14,113.35,111.71,113.32,3007758,1.0,0.0
2019-04-05,113.63,115.25,113.63,114.98,3776837,1.0,0.0
2019-04-08,115.0,116.17,114.9,115.79,4988121,1.0,0.0
2019-04-09,115.23,115.26,112.88,113.14,3694398,1.0,0.0
2019-04-10,113.82,113.85,111.9,113.76,4434937,1.0,0.0
2019-04-11,113.87,115.22,113.36,115.13,2540552,1.0,0.0
2019-04-12,115.58,116.81,115.36,116.26,3214092,1.0,0.0
2019-04-15,116.42,117.42,116.23,117.18,3110819,1.0,0.0
2019-04-16,117.5,117.94,116.56,117.03,2687929,1.0,0.0
2019-04-17,117.5,118.23,116.92,117.12,3874731,1.0,0.0
2019-04-18,117.02,117.07,113.7,113.74,6321446,1.0,0.0
2019-04-22,113.52,115.31,113.05,113.43,4674338,1.0,0.0
2019-04-23,112.99,114.74,112.04,113.54,4033892,1.0,0.48
2019-04-24,113.82,114.82,113.55,113.97,2940168,1.0,0.0
2019-04-25,113.58,114.15,112.63,113.6,4164774,1.0,0.0
2019-04-26,113.49,113.865,112.06,112.48,4064586,1.0,0.0
2019-04-29,112.02,112.51,110.59,112.22,3186888,1.0,0.0
2019-04-30,111.57,113.3,111.2,113.14,3367106,1.0,0.0
2019-05-01,113.04,113.04,110.7,110.7,2953077,1.0,0.0
2019-05-02,110.6,112.17,110.37,112.11,3206036,1.0,0.0
2019-05-03,112.62,113.13,112.15,112.36,2575243,1.0,0.0
2019-05-06,111.04,111.67,110.1,111.35,2730551,1.0,0.0
2019-05-07,110.0,110.0,106.17,107.12,4885507,1.0,0.0
2019-05-08,107.08,107.71,106.21,106.73,3366516,1.0,0.0
2019-05-09,105.74,106.5,104.63,106.29,2919723,1.0,0.0
2019-05-10,105.69,107.26,103.75,106.64,3795277,1.0,0.0
2019-05-13,104.75,105.02,103.52,104.66,4714889,1.0,0.0
2019-05-14,105.01,106.56,104.6,105.75,2961971,1.0,0.0
2019-05-15,105.41,108.05,105.13,107.62,5104231,1.0,0.0
2019-05-16,108.27,109.6,108.05,108.59,2860528,1.0,0.0
2019-05-17,107.64,110.04,107.5,109.02,3712866,1.0,0.0
2019-05-20,108.09,110.14,108.09,109.2,4452366,1.0,0.0
2019-05-21,107.75,111.71,107.62,111.1,6415472,1.0,0.0
2019-05-22,101.25,102.51,95.41,97.94,22721534,1.0,0.0
2019-05-23,97.19,97.5,94.22,94.8,12687503,1.0,0.0
2019-05-24,95.43,95.76,94.39,95.37,7096188,1.0,0.0
2019-05-28,95.19,95.68,91.67,91.87,11747167,1.0,0.0
2019-05-29,91.79,93.76,91.6,93.23,9281782,1.0,0.0
2019-05-30,93.84,94.73,93.39,93.88,5709933,1.0,0.0
2019-05-31,92.5,94.06,92.29,93.28,6530391,1.0,0.0
2019-06-03,93.03,95.06,92.9,93.84,8393931,1.0,0.0
2019-06-04,95.01,97.05,95.01,96.83,5560500,1.0,0.0
2019-06-05,97.54,97.54,95.29,96.25,5137114,1.0,0.0
2019-06-06,96.3,96.77,95.13,96.24,4569636,1.0,0.0
2019-06-07,96.98,97.62,96.7,96.76,3974720,1.0,0.0
2019-06-10,97.5,98.42,96.14,96.31,5789543,1.0,0.0
2019-06-11,97.28,97.63,96.12,96.35,3256229,1.0,0.0
2019-06-12,96.21,97.04,96.14,96.33,2878911,1.0,0.0
2019-06-13,96.85,98.67,96.73,98.62,3617561,1.0,0.0
2019-06-14,98.99,99.99,98.5,99.63,4437205,1.0,0.0
2019-06-17,99.77,100.75,99.33,100.08,4212725,1.0,0.0
2019-06-18,100.69,101.57,99.2,99.31,3960933,1.0,0.0
2019-06-19,99.19,99.33,97.53,98.73,5558055,1.0,0.0
2019-06-20,99.91,101.83,99.75,101.44,5355382,1.0,0.0
2019-06-21,101.81,102.96,100.78,100.84,7188197,1.0,0.0
2019-06-24,100.7,101.04,98.99,99.02,4920158,1.0,0.0
2019-06-25,99.65,100.19,98.1,98.22,4767924,1.0,0.0
2019-06-26,98.61,100.03,98.09,99.24,4399905,1.0,0.0
2019-06-27,99.29,99.96,98.9,99.36,3395753,1.0,0.0
2019-06-28,99.39,101.18,99.31,100.91,4298887,1.0,0.0
2019-07-01,102.1,103.77,101.44,102.2,4073827,1.0,0.0
2019-07-02,102.25,102.95,101.82,102.69,2560358,1.0,0.0
2019-07-03,103.05,103.63,102.64,103.15,1851187,1.0,0.0
2019-07-05,102.79,104.37,102.72,104.22,2536419,1.0,0.0
2019-07-08,104.12,105.18,103.79,104.66,3882856,1.0,0.0
2019-07-09,103.82,105.16,103.82,104.86,3719691,1.0,0.0
2019-07-10,104.66,104.66,102.12,103.08,4302209,1.0,0.0
2019-07-11,104.12,105.13,103.6,104.87,2977779,1.0,0.0
2019-07-12,105.4,107.76,105.36,107.4,4814239,1.0,0.0
2019-07-15,107.72,108.31,107.24,107.97,4492340,1.0,0.0
2019-07-16,107.48,108.22,106.44,106.5,4722809,1.0,0.0
2019-07-17,106.36,106.71,104.88,104.93,5159198,1.0,0.0
2019-07-18,104.06,104.3,103.34,103.75,5149568,1.0,0.0
2019-07-19,104.19,104.31,102.47,102.5,4190920,1.0,0.0
2019-07-22,102.79,103.26,101.96,102.55,4501160,1.0,0.0
2019-07-23,102.44,103.51,102.28,102.6,5064163,1.0,0.55
2019-07-24,102.45,103.99,102.22,102.8,5989181,1.0,0.0
2019-07-25,102.47,103.47,101.77,102.05,4215087,1.0,0.0
2019-07-26,102.29,103.9,101.59,103.53,4785832,1.0,0.0
2019-07-29,103.68,104.39,103.64,103.96,3909648,1.0,0.0
2019-07-30,103.4,104.23,102.97,103.77,3981449,1.0,0.0
2019-07-31,103.22,103.8,100.84,101.4,5533366,1.0,0.0
2019-08-01,101.74,102.97,99.21,99.49,5469572,1.0,0.0
2019-08-02,99.45,100.14,98.85,99.23,3917864,1.0,0.0
2019-08-05,97.59,97.66,96.11,97.04,4685062,1.0,0.0
2019-08-06,97.2,98.09,95.9,97.92,4167823,1.0,0.0
2019-08-07,97.0,98.76,96.01,98.38,3686654,1.0,0.0
2019-08-08,99.69,100.48,99.16,100.47,3495843,1.0,0.0
2019-08-09,100.37,100.75,98.18,98.55,5370930,1.0,0.0
2019-08-12,97.67,97.9,95.95,96.08,2690800,1.0,0.0
2019-08-13,95.27,98.39,95.15,96.58,5133010,1.0,0.0
2019-08-14,94.8,95.32,93.54,93.59,5746305,1.0,0.0
2019-08-15,94.32,94.56,91.82,93.38,4745131,1.0,0.0
2019-08-16,94.2,94.98,93.38,93.92,4368316,1.0,0.0
2019-08-19,95.27,96.03,94.65,95.05,7211985,1.0,0.0
2019-08-20,95.82,99.12,95.38,97.87,9301559,1.0,0.0
2019-08-21,110.02,110.24,107.11,108.0,19756401,1.0,0.0
2019-08-22,108.38,108.61,106.93,108.16,7264735,1.0,0.0
2019-08-23,107.09,107.84,105.76,106.39,5520765,1.0,0.0
2019-08-26,107.6,107.6,105.55,106.4,4720441,1.0,0.0
2019-08-27,107.08,107.53,105.98,106.04,3722670,1.0,0.0
2019-08-28,105.6,108.58,105.32,108.18,4184667,1.0,0.0
2019-08-29,109.37,112.86,109.06,112.59,5997472,1.0,0.0
2019-08-30,113.24,113.24,111.84,112.2,4608660,1.0,0.0
2019-09-03,111.37,112.52,110.65,111.18,3893504,1.0,0.0
2019-09-04,111.57,112.04,109.5,111.92,4114007,1.0,0.0
2019-09-05,113.19,115.25,113.02,114.21,3662507,1.0,0.0
2019-09-06,114.73,115.4,114.09,114.71,3462612,1.0,0.0
2019-09-09,114.89,115.4,114.04,114.79,3778098,1.0,0.0
2019-09-10,114.47,115.96,112.95,115.28,4771566,1.0,0.0
2019-09-11,115.45,115.67,113.15,113.49,4069563,1.0,0.0
2019-09-12,114.08,115.14,113.86,113.88,3471315,1.0,0.0
2019-09-13,114.47,115.15,113.15,113.36,3476547,1.0,0.0
2019-09-16,112.65,113.89,112.14,112.63,2426270,1.0,0.0
2019-09-17,111.72,112.88,110.88,112.73,2833120,1.0,0.0
2019-09-18,112.48,113.14,111.56,112.6,2358026,1.0,0.0
2019-09-19,112.64,112.88,111.68,111.87,2424978,1.0,0.0
2019-09-20,112.93,113.19,110.95,110.96,6261447,1.0,0.0
2019-09-23,110.19,112.02,109.59,110.44,5643872,1.0,0.0
2019-09-24,111.26,112.22,109.75,110.02,3947555,1.0,0.0
2019-09-25,110.21,111.25,109.96,110.75,2915147,1.0,0.0
2019-09-26,111.08,111.42,109.39,110.72,3993037,1.0,0.0
2019-09-27,111.48,111.84,108.81,109.54,3939578,1.0,0.0
2019-09-30,109.83,110.3,108.96,109.96,4025865,1.0,0.0
2019-10-01,110.09,111.93,108.85,109.52,3968548,1.0,0.0
2019-10-02,109.31,109.31,105.92,106.35,5054882,1.0,0.0
2019-10-03,106.28,106.7,104.59,106.37,5009225,1.0,0.0
2019-10-04,106.92,107.79,106.29,107.42,4323319,1.0,0.0
2019-10-07,107.63,108.96,107.2,108.23,3690282,1.0,0.0
2019-10-08,106.89,108.23,106.48,106.5,3384942,1.0,0.0
2019-10-09,107.19,107.66,105.64,106.3,3227751,1.0,0.0
2019-10-10,106.46,108.5,106.45,108.19,3300510,1.0,0.0
2019-10-11,109.89,111.65,109.4,110.81,4511747,1.0,0.0
2019-10-14,110.45,111.24,110.26,110.67,2142367,1.0,0.0
2019-10-15,111.61,113.0,111.2,112.42,3346052,1.0,0.0
2019-10-16,112.21,112.78,111.72,112.33,2915472,1.0,0.0
2019-10-17,112.86,113.42,111.96,112.6,2711491,1.0,0.0
2019-10-18,112.16,113.12,112.05,112.84,3712311,1.0,0.0
2019-10-21,113.32,113.81,111.4,111.95,2907836,1.0,0.0
2019-10-22,111.71,113.53,111.61,112.47,3655194,1.0,0.55
2019-10-23,111.96,112.27,110.76,111.51,2261049,1.0,0.0
2019-10-24,111.67,112.92,110.46,110.87,2167156,1.0,0.0
2019-10-25,110.59,112.55,110.35,111.58,2260020,1.0,0.0
2019-10-28,111.97,112.49,111.03,111.64,2489332,1.0,0.0
2019-10-29,111.27,111.52,109.21,109.53,3034798,1.0,0.0
2019-10-30,109.88,111.46,109.19,111.28,3064933,1.0,0.0
2019-10-31,112.34,112.99,110.8,111.61,3413101,1.0,0.0
2019-11-01,111.92,112.97,110.15,112.95,2801305,1.0,0.0
2019-11-04,113.06,113.64,111.71,112.62,2517956,1.0,0.0
2019-11-05,112.66,112.75,111.03,112.2,2359097,1.0,0.0
2019-11-06,113.0,113.81,111.42,112.67,3227013,1.0,0.0
2019-11-07,113.45,114.16,112.12,112.6,2656212,1.0,0.0
2019-11-08,112.74,114.07,112.26,114.0,2792399,1.0,0.0
2019-11-11,113.22,114.49,112.72,114.45,2936626,1.0,0.0
2019-11-12,114.38,115.54,114.19,114.32,4174619,1.0,0.0
2019-11-13,112.97,114.41,111.94,112.85,4331451,1.0,0.0
2019-11-14,113.52,114.84,112.7,114.54,2852377,1.0,0.0
2019-11-15,115.12,115.7,113.5,115.52,3644369,1.0,0.0
2019-11-18,115.74,116.8,115.02,115.02,5505131,1.0,0.0
2019-11-19,115.12,115.12,112.88,113.4,7150414,1.0,0.0
2019-11-20,118.28,121.22,116.96,117.83,16113817,1.0,0.0
2019-11-21,118.99,119.0,116.68,117.02,5747292,1.0,0.0
2019-11-22,117.09,118.2,116.75,118.2,4473298,1.0,0.0
2019-11-25,118.82,119.15,116.69,117.0,4468911,1.0,0.0
2019-11-26,117.56,118.34,116.95,117.78,4758202,1.0,0.0
2019-11-27,118.06,118.96,117.7,118.46,2946006,1.0,0.0
2019-11-29,118.45,118.75,117.09,117.31,1596032,1.0,0.0
2019-12-02,117.6,117.89,115.96,116.0,3324094,1.0,0.0
2019-12-03,114.8,115.26,113.61,114.55,5148807,1.0,0.0
2019-12-04,115.0,117.46,114.87,115.46,4147397,1.0,0.0
2019-12-05,115.97,116.28,114.96,115.58,2650218,1.0,0.0
2019-12-06,116.18,117.32,116.03,116.28,2463069,1.0,0.0
2019-12-09,116.33,118.33,116.14,117.87,2589469,1.0,0.0
2019-12-10,117.78,117.86,116.38,116.48,2561612,1.0,0.0
2019-12-11,115.7,117.67,115.23,117.66,3246436,1.0,0.0
2019-12-12,117.67,118.79,117.2,118.2,2533128,1.0,0.0
2019-12-13,117.67,118.61,116.82,118.5,3118866,1.0,0.0
2019-12-16,119.47,121.17,119.28,120.08,3749064,1.0,0.0
2019-12-17,120.69,121.46,119.23,119.32,3533877,1.0,0.0
2019-12-18,119.66,120.19,119.27,119.31,3309526,1.0,0.0
2019-12-19,119.33,120.57,118.9,120.21,4500748,1.0,0.0
2019-12-20,119.73,120.28,119.3,119.73,5996119,1.0,0.0
2019-12-23,120.03,120.58,119.31,119.59,3190348,1.0,0.0
2019-12-24,119.59,120.13,119.39,119.77,1126013,1.0,0.0
2019-12-26,119.93,120.3,119.48,119.73,1714218,1.0,0.0
2019-12-27,119.86,120.68,119.62,120.23,2419739,1.0,0.0
2019-12-30,120.55,120.75,118.94,120.05,2327858,1.0,0.0
2019-12-31,119.57,119.83,118.44,119.76,2651251,1.0,0.0
2020-01-02,120.05,120.46,119.26,120.46,2788792,1.0,0.0
2020-01-03,118.71,119.82,118.05,119.6,2774173,1.0,0.0
2020-01-06,118.65,120.39,118.3,120.35,3633060,1.0,0.0
2020-01-07,120.49,120.66,119.21,119.63,4220126,1.0,0.0
2020-01-08,120.15,122.73,119.58,121.53,4030092,1.0,0.0
2020-01-09,121.57,122.88,121.5,122.05,2932420,1.0,0.0
2020-01-10,121.7,121.96,120.93,121.0,2391125,1.0,0.0
2020-01-13,120.97,121.71,120.7,121.05,3817240,1.0,0.0
2020-01-14,120.85,121.68,119.62,120.07,3823017,1.0,0.0
2020-01-15,119.95,120.19,119.2,119.52,3673746,1.0,0.0
2020-01-16,119.94,120.05,118.88,119.27,3780956,1.0,0.0
2020-01-17,119.75,122.49,119.58,122.36,5913778,1.0,0.0
2020-01-21,121.17,121.75,120.16,120.93,3477772,1.0,0.55
2020-01-22,121.2,122.9,120.7,121.91,4843508,1.0,0.0
2020-01-23,121.23,123.14,121.05,122.71,3365216,1.0,0.0
2020-01-24,122.58,122.87,119.48,120.23,3670596,1.0,0.0
2020-01-27,118.25,120.86,118.25,119.76,3497366,1.0,0.0
2020-01-28,120.06,121.68,119.22,121.15,3228530,1.0,0.0
2020-01-29,121.4,122.41,120.36,120.42,2566944,1.0,0.0
2020-01-30,119.53,120.37,118.57,119.72,3471763,1.0,0.0
2020-01-31,119.47,119.67,116.09,116.24,4369759,1.0,0.0
2020-02-03,117.0,119.22,116.72,117.18,3979392,1.0,0.0
2020-02-04,118.81,120.31,118.32,119.35,4119617,1.0,0.0
2020-02-05,120.52,122.35,119.93,122.13,3215289,1.0,0.0
2020-02-06,122.44,122.87,121.5,121.51,2469140,1.0,0.0
2020-02-07,121.65,121.96,120.79,121.48,2068763,1.0,0.0
2020-02-10,120.9,121.82,120.46,121.21,2975619,1.0,0.0
2020-02-11,121.31,123.19,121.16,123.03,2316230,1.0,0.0
2020-02-12,123.9,125.2,123.62,125.03,2727460,1.0,0.0
2020-02-13,124.24,125.27,123.97,124.77,2531529,1.0,0.0
2020-02-14,125.15,125.56,124.49,125.42,2774739,1.0,0.0
2020-02-18,124.64,125.91,122.82,123.23,3429797,1.0,0.0
2020-02-19,123.67,124.48,123.16,123.44,3170465,1.0,0.0
2020-02-20,123.77,126.73,123.01,126.57,4695501,1.0,0.0
2020-02-21,125.75,126.2,124.42,125.31,3850117,1.0,0.0
2020-02-24,122.32,124.42,122.01,122.91,5399570,1.0,0.0
2020-02-25,124.39,124.39,118.52,118.52,6511932,1.0,0.0
2020-02-26,120.3,120.45,111.96,113.3,12739794,1.0,0.0
2020-02-27,110.1,112.54,107.53,107.62,8827416,1.0,0.0
2020-02-28,104.07,107.17,102.93,106.57,9987287,1.0,0.0
2020-03-02,107.2,111.18,105.09,111.04,8790258,1.0,0.0
2020-03-03,111.31,113.03,107.15,108.56,8337461,1.0,0.0
2020-03-04,110.71,113.55,109.56,113.29,5206698,1.0,0.0
2020-03-05,110.28,111.24,106.88,107.52,6617987,1.0,0.0
2020-03-06,103.95,106.05,102.17,105.31,7886905,1.0,0.0
2020-03-09,97.82,99.82,93.15,94.22,8187379,1.0,0.0
2020-03-10,98.25,104.14,95.05,104.02,9288539,1.0,0.0
2020-03-11,100.33,103.31,97.76,99.15,6205453,1.0,0.0
2020-03-12,91.21,94.9,89.11,89.92,9893833,1.0,0.0
2020-03-13,93.66,96.56,88.38,96.49,10006566,1.0,0.0
2020-03-16,85.55,87.6,71.18,72.59,14767036,1.0,0.0
2020-03-17,73.55,75.62,64.25,73.79,15287006,1.0,0.0
2020-03-18,68.51,70.12,61.0,65.02,11119925,1.0,0.0
2020-03-19,64.41,73.21,60.0,69.87,12134216,1.0,0.0
2020-03-20,72.25,72.98,65.53,66.36,11540221,1.0,0.0
2020-03-23,65.22,69.11,63.05,67.8,9589683,1.0,0.0
2020-03-24,72.76,77.59,72.05,77.3,8997261,1.0,0.0
2020-03-25,80.11,86.99,78.32,83.72,9892249,1.0,0.0
2020-03-26,86.08,90.94,85.95,88.11,10103002,1.0,0.0
2020-03-27,84.08,89.72,83.4,86.98,6884120,1.0,0.0
2020-03-30,87.4,89.54,85.43,88.71,5712216,1.0,0.0
2020-03-31,88.07,88.94,85.53,86.05,5523285,1.0,0.0
2020-04-01,80.74,83.92,79.08,80.42,8112965,1.0,0.0
2020-04-02,79.85,83.27,79.25,82.86,8207032,1.0,0.0
2020-04-03,82.13,84.24,81.15,82.2,6447189,1.0,0.0
2020-04-06,87.09,89.37,84.0,88.77,9420915,1.0,0.0
2020-04-07,94.96,96.18,90.75,90.96,7853286,1.0,0.0
2020-04-08,91.45,94.77,90.59,94.35,4715092,1.0,0.0
2020-04-09,96.44,98.4,94.77,95.31,6543055,1.0,0.0
2020-04-13,95.39,95.84,93.04,95.2,5486347,1.0,0.0
2020-04-14,97.84,99.82,96.82,99.07,5653290,1.0,0.0
2020-04-15,94.89,95.9,92.56,94.34,7377696,1.0,0.0
2020-04-16,94.0,96.08,91.79,92.44,9029623,1.0,0.0
2020-04-17,96.5,98.67,95.34,97.1,7135725,1.0,0.0
2020-04-20,95.25,97.81,94.53,95.13,5268800,1.0,0.0
2020-04-21,92.09,93.7,91.49,92.62,5501450,1.0,0.55
2020-04-22,93.8,96.03,93.16,94.95,4770889,1.0,0.0
2020-04-23,95.26,96.66,94.82,94.9,4094714,1.0,0.0
2020-04-24,96.07,99.66,95.72,98.75,5432054,1.0,0.0
2020-04-27,99.32,102.97,99.31,101.97,5335492,1.0,0.0
2020-04-28,105.45,106.57,102.43,103.52,5588293,1.0,0.0
2020-04-29,106.73,107.8,105.18,106.16,5204972,1.0,0.0
2020-04-30,104.71,106.72,103.47,104.75,4811851,1.0,0.0
2020-05-01,102.5,104.69,102.31,104.46,3811054,1.0,0.0
2020-05-04,103.41,107.38,102.83,107.35,4087599,1.0,0.0
2020-05-05,108.93,111.69,108.88,110.15,5236443,1.0,0.0
2020-05-06,110.29,111.53,108.95,109.62,4434512,1.0,0.0
2020-05-07,111.15,113.13,111.07,111.92,3206726,1.0,0.0
2020-05-08,113.77,114.63,112.1,114.23,3951316,1.0,0.0
2020-05-11,113.1,114.75,112.57,113.39,3862234,1.0,0.0
2020-05-12,114.82,115.05,111.18,111.24,3682485,1.0,0.0
2020-05-13,111.89,113.39,108.81,110.43,6639465,1.0,0.0
2020-05-14,107.25,110.42,106.2,110.39,6096776,1.0,0.0
2020-05-15,108.71,114.16,108.42,113.78,8948858,1.0,0.0
2020-05-18,118.0,118.4,116.45,116.73,7729676,1.0,0.0
2020-05-19,116.0,118.6,115.45,116.87,7021546,1.0,0.0
2020-05-20,122.61,122.69,115.52,116.99,19258077,1.0,0.0
2020-05-21,118.9,121.25,117.0,120.64,9741709,1.0,0.0
2020-05-22,121.0,122.54,119.07,122.25,6063492,1.0,0.0
2020-05-26,124.94,125.84,123.34,123.59,7683149,1.0,0.0
2020-05-27,125.31,128.46,123.26,128.01,7613403,1.0,0.0
2020-05-28,128.9,131.4,126.71,128.12,7983076,1.0,0.0
2020-05-29,128.1,130.53,127.69,130.35,7401587,1.0,0.0
2020-06-01,129.89,130.14,128.3,129.32,5136157,1.0,0.0
2020-06-02,131.16,132.46,130.22,131.98,6021905,1.0,0.0
2020-06-03,132.5,133.39,131.34,132.84,4582963,1.0,0.0
2020-06-04,131.35,131.87,127.93,128.68,7443017,1.0,0.0
2020-06-05,130.23,131.39,128.46,130.97,5549234,1.0,0.0
2020-06-08,130.12,131.24,129.43,130.81,4951077,1.0,0.0
2020-06-09,129.56,131.43,129.21,129.57,4472054,1.0,0.0
2020-06-10,130.31,131.24,128.97,130.1,3705757,1.0,0.0
2020-06-11,127.23,128.81,123.25,123.94,5996915,1.0,0.0
2020-06-12,126.76,128.39,123.47,126.05,4462318,1.0,0.0
2020-06-15,123.4,127.97,123.09,127.73,5063008,1.0,0.0
2020-06-16,131.84,132.15,128.6,131.74,5023831,1.0,0.0
2020-06-17,133.29,136.78,133.13,135.65,7237991,1.0,0.0
2020-06-18,135.22,136.04,133.31,134.55,3892867,1.0,0.0
2020-06-19,137.29,137.29,132.35,133.83,6682448,1.0,0.0
2020-06-22,132.92,135.02,132.78,134.72,3448644,1.0,0.0
2020-06-23,136.39,136.71,134.17,134.28,3382608,1.0,0.0
2020-06-24,133.27,134.45,128.97,131.98,4144129,1.0,0.0
2020-06-25,131.35,132.01,129.65,131.77,4021898,1.0,0.0
2020-06-26,132.12,132.84,128.93,129.41,5715065,1.0,0.0
2020-06-29,130.37,133.54,129.312,133.52,3327977,1.0,0.0
2020-06-30,134.3,135.94,133.13,135.12,4461856,1.0,0.0
2020-07-01,135.4,136.29,134.75,135.63,4805110,1.0,0.0
2020-07-02,137.24,138.18,135.11,135.71,3522805,1.0,0.0
2020-07-06,137.42,138.25,135.26,135.76,3697688,1.0,0.0
2020-07-07,134.51,136.76,134.34,135.02,2991492,1.0,0.0
2020-07-08,135.67,136.36,134.42,135.75,2753488,1.0,0.0
2020-07-09,136.33,136.94,134.05,135.61,3397506,1.0,0.0
2020-07-10,136.26,137.64,134.82,137.43,3256068,1.0,0.0
2020-07-13,138.45,140.79,135.9,136.55,4226470,1.0,0.0
2020-07-14,136.09,140.17,135.8,140.06,4360643,1.0,0.0
2020-07-15,142.28,142.34,139.12,141.22,3494915,1.0,0.0
2020-07-16,141.22,144.94,140.84,142.75,4124754,1.0,0.0
2020-07-17,144.29,144.63,141.89,144.39,3898687,1.0,0.0
2020-07-20,143.33,144.71,142.9,144.1,2766501,1.0,0.0
2020-07-21,143.95,145.92,143.51,145.0,2639875,1.0,0.55
2020-07-22,145.16,149.15,145.16,148.54,4612952,1.0,0.0
2020-07-23,149.3,149.65,145.4,146.5,3664786,1.0,0.0
2020-07-24,146.79,147.62,145.4,147.03,3740089,1.0,0.0
2020-07-27,147.23,149.43,147.23,149.12,2791065,1.0,0.0
2020-07-28,149.3,149.779,147.43,147.71,3571838,1.0,0.0
2020-07-29,148.04,149.81,148.0,148.71,2732768,1.0,0.0
2020-07-30,147.87,149.9,146.9,149.2,2575043,1.0,0.0
2020-07-31,149.47,149.92,146.61,148.91,3928596,1.0,0.0
2020-08-03,149.9,151.35,149.5,150.27,3137355,1.0,0.0
2020-08-04,149.75,150.74,148.78,149.67,2381645,1.0,0.0
2020-08-05,149.94,150.46,148.71,150.26,3050364,1.0,0.0
2020-08-06,150.25,152.24,149.64,151.19,2450175,1.0,0.0
2020-08-07,151.95,154.12,151.7,152.78,2904970,1.0,0.0
2020-08-10,153.23,154.71,153.02,153.72,3065394,1.0,0.0
2020-08-11,155.06,155.42,152.87,153.87,3722973,1.0,0.0
2020-08-12,156.13,157.98,154.555,156.63,3792902,1.0,0.0
2020-08-13,156.36,157.148,155.14,155.7,2272323,1.0,0.0
2020-08-14,155.57,156.08,153.91,154.34,3404870,1.0,0.0
2020-08-17,157.26,158.72,155.845,158.41,5103526,1.0,0.0
2020-08-18,159.8,160.6046,157.0,157.91,5741440,1.0,0.0
2020-08-19,161.0,162.89,156.26,158.28,9727137,1.0,0.0
2020-08-20,156.58,159.1627,156.5,158.58,4288539,1.0,0.0
2020-08-21,159.09,162.08,158.465,161.72,4568809,1.0,0.0
2020-08-24,163.69,165.65,163.01,165.63,4872703,1.0,0.0
2020-08-25,166.39,167.43,164.3687,165.92,3490852,1.0,0.0
2020-08-26,167.66,170.5,167.0306,170.39,5319007,1.0,0.0
2020-08-27,170.7,171.32,165.34,166.31,4425020,1.0,0.0
2020-08-28,166.08,166.89,164.09,165.51,3291367,1.0,0.0
2020-08-31,165.77,166.37,163.6808,164.69,3421317,1.0,0.0
2020-09-01,164.41,167.64,164.11,167.59,4285439,1.0,0.0
2020-09-02,167.86,170.83,166.6,170.49,4262700,1.0,0.0
2020-09-03,169.7,170.48,160.36,161.52,5734405,1.0,0.0
2020-09-04,162.93,163.17,153.44,156.39,6303827,1.0,0.0
2020-09-08,153.94,156.86,151.89,153.74,4892810,1.0,0.0
2020-09-09,155.89,161.19,155.1,159.53,4382558,1.0,0.0
2020-09-10,160.09,162.93,157.06,158.33,4129178,1.0,0.0
2020-09-11,160.35,162.59,159.44,161.89,4870777,1.0,0.0
2020-09-14,163.17,165.8,163.0,165.19,3583326,1.0,0.0
2020-09-15,167.44,169.88,166.615,169.03,3998096,1.0,0.0
2020-09-16,170.37,171.72,166.11,166.71,3815603,1.0,0.0
2020-09-17,163.11,165.92,161.92,163.78,3717813,1.0,0.0
2020-09-18,161.36,163.85,158.51,160.1,5485112,1.0,0.0
2020-09-21,157.95,159.62,155.2,159.6,3929497,1.0,0.0
2020-09-22,160.03,161.79,159.64,161.55,3526263,1.0,0.0
2020-09-23,162.44,162.91,157.755,158.61,3245543,1.0,0.0
2020-09-24,158.77,160.8497,156.81,158.52,3889008,1.0,0.0
2020-09-25,157.9,160.2,156.6,159.55,2828842,1.0,0.0
2020-09-28,161.59,163.1,160.51,162.59,2815732,1.0,0.0
2020-09-29,163.48,163.97,162.21,162.26,2212820,1.0,0.0
2020-09-30,162.98,167.62,162.48,165.86,4198617,1.0,0.0
2020-10-01,167.34,168.28,165.3698,167.17,2677248,1.0,0.0
2020-10-02,164.47,167.46,164.05,166.49,2026575,1.0,0.0
2020-10-05,168.11,168.97,167.01,168.54,2437416,1.0,0.0
2020-10-06,168.48,168.98,164.42,164.99,2765645,1.0,0.0
2020-10-07,167.72,169.81,166.635,168.47,2587682,1.0,0.0
2020-10-08,169.49,171.61,168.2441,170.87,3105667,1.0,0.0
2020-10-09,171.37,175.0,171.37,173.23,4594018,1.0,0.0
2020-10-12,174.84,174.84,172.37,172.73,3377890,1.0,0.0
2020-10-13,172.86,175.94,172.6318,175.33,2987766,1.0,0.0
2020-10-14,175.12,175.9,171.21,173.61,3476180,1.0,0.0
2020-10-15,171.56,176.4,171.01,176.15,3632100,1.0,0.0
2020-10-16,176.79,180.67,176.73,177.7,3879396,1.0,0.0
2020-10-19,178.23,179.91,174.82,175.13,4073635,1.0,0.0
2020-10-20,175.5,179.27,174.51,177.09,3604505,1.0,0.6
2020-10-21,177.04,179.61,174.32,174.5,3431813,1.0,0.0
2020-10-22,174.94,175.25,170.71,171.25,3267591,1.0,0.0
2020-10-23,171.46,172.17,169.22,172.14,2963323,1.0,0.0
2020-10-26,169.97,171.23,165.855,168.13,4380849,1.0,0.0
2020-10-27,169.05,169.45,165.013,165.14,4425735,1.0,0.0
2020-10-28,161.29,164.47,159.42,161.42,4947684,1.0,0.0
2020-10-29,162.26,164.05,160.64,160.75,3697758,1.0,0.0
2020-10-30,159.87,160.7,155.77,158.1,3949225,1.0,0.0
2020-11-02,159.89,162.71,158.14,160.23,2978889,1.0,0.0
2020-11-03,162.37,165.47,161.3,164.65,2908208,1.0,0.0
2020-11-04,165.41,171.44,165.25,168.22,5006468,1.0,0.0
2020-11-05,171.42,173.56,168.4,169.25,4088125,1.0,0.0
2020-11-06,169.4,169.51,167.438,168.52,2673017,1.0,0.0
2020-11-09,169.5,170.25,152.93,153.45,10765248,1.0,0.0
2020-11-10,155.6,157.34,153.01,155.71,5925070,1.0,0.0
2020-11-11,157.64,159.62,157.0,158.0,4551682,1.0,0.0
2020-11-12,159.28,160.0,156.635,157.98,3894652,1.0,0.0
2020-11-13,158.43,159.98,157.76,159.23,4079036,1.0,0.0
2020-11-16,159.07,162.0,158.66,161.9,5005435,1.0,0.0
2020-11-17,159.8,161.5,156.56,159.86,5642100,1.0,0.0
2020-11-18,150.37,154.31,146.719,146.74,18087832,1.0,0.0
2020-11-19,148.59,151.25,148.0,149.6,9393703,1.0,0.0
2020-11-20,149.33,150.96,148.89,149.93,6015151,1.0,0.0
2020-11-23,150.28,154.14,150.11,153.67,6987844,1.0,0.0
2020-11-24,154.45,156.0,153.71,154.96,6984326,1.0,0.0
2020-11-25,155.33,156.46,154.01,154.88,5228333,1.0,0.0
2020-11-27,155.69,157.3713,154.06,154.67,2081323,1.0,0.0
2020-11-30,154.46,155.86,151.39,155.82,7292382,1.0,0.0
2020-12-01,155.82,156.78,152.72,153.4,5952470,1.0,0.0
2020-12-02,152.4,153.0,150.44,151.81,5133113,1.0,0.0
2020-12-03,151.99,153.15,151.36,151.97,4870135,1.0,0.0
2020-12-04,151.75,152.4,149.83,150.0,4709070,1.0,0.0
2020-12-07,150.11,152.58,149.31,151.99,7306753,1.0,0.0
2020-12-08,152.66,153.03,150.46,151.24,6737305,1.0,0.0
2020-12-09,159.5,160.98,157.22,160.13,11093278,1.0,0.0
2020-12-10,159.49,161.45,158.0,160.22,6647403,1.0,0.0
2020-12-11,159.77,160.11,157.48,157.82,5292644,1.0,0.0
2020-12-14,158.77,162.44,158.37,160.09,4654327,1.0,0.0
2020-12-15,161.13,164.2931,160.94,163.33,4766801,1.0,0.0
2020-12-16,164.12,166.19,162.57,163.2,4443487,1.0,0.0
2020-12-17,164.64,165.405,163.08,163.54,4471539,1.0,0.0
2020-12-18,163.14,165.32,161.8901,163.2,11916925,1.0,0.0
2020-12-21,162.02,165.8636,161.27,164.33,5153058,1.0,0.0
2020-12-22,164.02,165.86,163.6201,164.61,3275626,1.0,0.0
2020-12-23,165.0,165.63,162.3,162.43,3613660,1.0,0.0
2020-12-24,162.43,163.2,162.1,162.77,1044638,1.0,0.0
2020-12-28,163.25,163.83,161.61,162.04,2601094,1.0,0.0
2020-12-29,162.95,163.3,159.48,160.54,3326108,1.0,0.0
2020-12-30,160.6,161.6899,160.175,160.56,3227031,1.0,0.0
2020-12-31,160.61,160.86,159.255,160.51,2335557,1.0,0.0
2021-01-04,160.77,161.38,157.13,160.38,7243433,1.0,0.0
2021-01-05,159.44,162.08,159.1249,160.92,3911928,1.0,0.0
2021-01-06,158.37,165.15,158.0,163.07,4937017,1.0,0.0
2021-01-07,163.45,164.84,162.7861,163.71,4144388,1.0,0.0
2021-01-08,163.74,166.25,163.04,165.05,4971508,1.0,0.0
2021-01-11,164.91,167.4,164.3,166.32,3005368,1.0,0.0
2021-01-12,166.29,170.24,165.16,168.99,4034619,1.0,0.0
2021-01-13,170.13,171.69,169.22,169.83,3291825,1.0,0.0
2021-01-14,170.35,172.58,169.97,170.39,4090919,1.0,0.0
2021-01-15,168.49,172.01,168.0,171.34,3727244,1.0,0.0
2021-01-19,172.9,173.81,170.64,170.76,4683073,1.0,0.6
2021-01-20,171.24,174.05,169.65,172.39,3899972,1.0,0.0
2021-01-21,173.59,175.07,172.26,172.34,5323189,1.0,0.0
2021-01-22,171.89,174.12,171.0301,172.4,3612323,1.0,0.0
2021-01-25,172.91,175.145,171.44,174.1,4764237,1.0,0.0
2021-01-26,174.29,174.9,173.0,173.7,2496297,1.0,0.0
2021-01-27,171.04,171.86,167.04,167.71,4762674,1.0,0.0
2021-01-28,168.89,173.73,167.76,172.34,3816635,1.0,0.0
2021-01-29,171.55,171.8,166.5,166.85,4400488,1.0,0.0
2021-02-01,167.12,168.19,162.14,163.37,3898535,1.0,0.0
2021-02-02,163.88,167.79,163.44,166.66,3083674,1.0,0.0
2021-02-03,166.26,170.22,166.11,169.88,2996757,1.0,0.0
2021-02-04,170.53,173.14,169.81,173.03,2679813,1.0,0.0
2021-02-05,174.68,175.2,173.19,175.03,2562845,1.0,0.0
2021-02-08,175.98,179.21,175.51,179.17,3422083,1.0,0.0
2021-02-09,178.83,179.46,177.38,177.78,2708423,1.0,0.0
2021-02-10,179.0,179.0,175.14,177.24,2736444,1.0,0.0
2021-02-11,176.99,177.6386,174.88,175.73,2783923,1.0,0.0
2021-02-12,175.77,177.67,175.41,177.16,2035571,1.0,0.0
2021-02-16,176.27,177.3,173.93,174.06,2947651,1.0,0.0
2021-02-17,173.85,177.47,173.4962,177.13,2243981,1.0,0.0
2021-02-18,175.96,178.05,175.345,177.16,2758921,1.0,0.0
2021-02-19,177.51,179.095,176.78,177.54,2841998,1.0,0.0
2021-02-22,176.22,176.485,172.2,172.41,3753035,1.0,0.0
2021-02-23,170.75,170.91,165.0,168.59,5149516,1.0,0.0
2021-02-24,168.66,169.61,160.11,162.31,9972310,1.0,0.0
2021-02-25,163.49,163.5,157.95,158.52,6601793,1.0,0.0
2021-02-26,160.34,162.42,159.13,159.75,5957826,1.0,0.0
2021-03-01,160.76,163.5,160.76,161.94,3361327,1.0,0.0
2021-03-02,162.43,164.79,162.4,163.05,4330969,1.0,0.0
2021-03-03,162.19,162.83,158.23,158.29,5238504,1.0,0.0
2021-03-04,157.17,158.28,150.84,153.77,7792734,1.0,0.0
2021-03-05,154.95,159.09,151.07,158.58,5143052,1.0,0.0
2021-03-08,159.74,165.3,159.29,162.92,4613427,1.0,0.0
2021-03-09,165.74,169.2199,165.0,165.99,4585161,1.0,0.0
2021-03-10,167.0,170.395,166.46,168.46,3394910,1.0,0.0
2021-03-11,170.82,173.13,170.3608,170.75,4989587,1.0,0.0
2021-03-12,170.08,171.83,169.23,171.55,3638686,1.0,0.0
2021-03-15,172.56,175.31,172.56,174.2,3745517,1.0,0.0
2021-03-16,174.02,176.52,173.97,175.33,3737227,1.0,0.0
2021-03-17,174.81,175.9199,173.88,174.44,3119925,1.0,0.0
2021-03-18,172.91,176.63,172.31,174.87,3888064,1.0,0.0
2021-03-19,174.24,180.55,174.24,179.49,8525104,1.0,0.0
2021-03-22,179.55,183.6,178.34,181.89,4700154,1.0,0.0
2021-03-23,181.25,183.8,179.94,180.4,3324449,1.0,0.0
2021-03-24,181.12,184.15,180.65,180.68,3555416,1.0,0.0
2021-03-25,179.71,186.17,179.5195,185.17,4543280,1.0,0.0
2021-03-26,185.84,191.85,185.34,191.61,4795152,1.0,0.0
2021-03-29,192.0,192.91,187.79,188.62,3970939,1.0,0.0
2021-03-30,186.89,191.02,186.7,190.02,3547575,1.0,0.0
2021-03-31,190.99,192.18,189.17,190.18,3564357,1.0,0.0
2021-04-01,191.2,191.88,189.69,191.32,3192229,1.0,0.0
2021-04-05,191.86,194.67,191.25,193.73,3507184,1.0,0.0
2021-04-06,192.89,194.97,192.49,194.2,2917930,1.0,0.0
2021-04-07,193.5,194.7499,192.68,193.67,3276259,1.0,0.0
2021-04-08,194.27,195.11,193.285,194.21,2684463,1.0,0.0
2021-04-09,195.4,198.67,194.3,198.51,3168770,1.0,0.0
2021-04-12,198.16,200.9772,198.16,200.65,3647875,1.0,0.0
2021-04-13,200.71,201.22,199.02,199.72,2964525,1.0,0.0
2021-04-14,201.05,204.18,200.72,201.52,3371879,1.0,0.0
2021-04-15,200.65,205.07,200.61,204.57,3656292,1.0,0.0
2021-04-16,206.57,208.9807,205.27,208.25,6359772,1.0,0.0
2021-04-19,206.01,207.2946,203.49,204.01,3828801,1.0,0.0
2021-04-20,203.42,204.0,200.43,202.77,3006194,1.0,0.6
2021-04-21,203.8,204.93,203.22,203.91,2716757,1.0,0.0
2021-04-22,203.88,204.85,199.24,201.3,3712957,1.0,0.0
2021-04-23,201.79,201.89,199.51,200.93,3634022,1.0,0.0
2021-04-26,200.83,200.93,198.3,199.19,3017006,1.0,0.0
2021-04-27,200.07,201.13,198.68,199.05,3453852,1.0,0.0
2021-04-28,199.74,199.84,195.7,196.06,4939169,1.0,0.0
2021-04-29,197.31,199.43,196.93,198.44,3860273,1.0,0.0
2021-04-30,197.8,198.255,195.27,196.25,4255564,1.0,0.0
2021-05-03,198.75,200.075,197.87,199.2,4629549,1.0,0.0
2021-05-04,198.7,200.49,196.78,200.3,4150088,1.0,0.0
2021-05-05,201.54,203.1,198.8,200.0,3715300,1.0,0.0
2021-05-06,201.3,206.06,200.43,205.94,4525204,1.0,0.0
2021-05-07,206.06,209.24,204.7,208.4,3695125,1.0,0.0
2021-05-10,209.54,215.22,208.51,211.31,4476915,1.0,0.0
2021-05-11,208.01,209.66,201.2201,205.34,4449217,1.0,0.0
2021-05-12,203.2,203.97,194.8,195.54,5406645,1.0,0.0
2021-05-13,197.83,202.75,197.6,200.34,4495509,1.0,0.0
2021-05-14,201.71,202.22,197.22,198.91,3742979,1.0,0.0
2021-05-17,197.64,198.7,192.13,194.13,5798755,1.0,0.0
2021-05-18,194.0,196.0,191.72,192.75,5691482,1.0,0.0
2021-05-19,189.54,191.65,186.38,190.72,6797914,1.0,0.0
2021-05-20,191.76,194.89,191.3801,193.41,4397664,1.0,0.0
2021-05-21,194.35,195.87,191.33,192.47,4032744,1.0,0.0
2021-05-24,193.24,193.52,190.51,190.66,3396434,1.0,0.0
2021-05-25,191.17,193.33,190.61,193.02,4089275,1.0,0.0
2021-05-26,192.59,194.25,192.52,193.6,3565939,1.0,0.0
2021-05-27,194.34,195.62,193.57,193.77,5126469,1.0,0.0
2021-05-28,197.0,197.84,194.68,194.83,3619589,1.0,0.0
2021-06-01,195.0,196.1,191.54,191.85,4105632,1.0,0.0
2021-06-02,192.3,193.18,190.0634,190.77,3997711,1.0,0.0
2021-06-03,190.0,190.83,188.48,190.3,3469466,1.0,0.0
2021-06-04,190.38,191.39,188.29,189.91,4210681,1.0,0.0
2021-06-07,189.95,191.11,188.54,190.25,2913482,1.0,0.0
2021-06-08,191.16,192.69,190.25,191.4,3604841,1.0,0.0
2021-06-09,192.0,192.5,190.36,190.6,3638947,1.0,0.0
2021-06-10,190.87,191.65,187.35,188.78,3905835,1.0,0.0
2021-06-11,189.88,191.69,189.3,190.81,3127773,1.0,0.0
2021-06-14,190.12,190.5,188.21,189.66,3257722,1.0,0.0
2021-06-15,189.47,189.65,186.75,187.88,4472613,1.0,0.0
2021-06-16,188.0,188.2,184.58,186.2,4124721,1.0,0.0
2021-06-17,186.5,188.16,184.4649,186.84,4260944,1.0,0.0
2021-06-18,184.73,187.9,184.49,186.88,9316869,1.0,0.0
2021-06-21,187.97,190.54,187.69,188.88,4539680,1.0,0.0
2021-06-22,189.92,192.68,189.57,191.72,3995715,1.0,0.0
2021-06-23,191.15,192.17,190.845,191.14,2836086,1.0,0.0
2021-06-24,192.68,193.09,190.93,191.75,2768003,1.0,0.0
2021-06-25,192.12,192.86,191.2,192.66,4149785,1.0,0.0
2021-06-28,192.59,194.17,191.375,193.21,2510639,1.0,0.0
2021-06-29,193.04,195.845,193.04,194.2,2628892,1.0,0.0
2021-06-30,194.13,195.26,193.85,193.97,2716109,1.0,0.0
2021-07-01,194.5,196.1,193.8478,195.82,2456346,1.0,0.0
2021-07-02,196.39,196.52,195.21,195.71,2553453,1.0,0.0
2021-07-06,195.8,196.38,192.78,194.75,2588629,1.0,0.0
2021-07-07,193.67,196.46,193.29,195.88,3647371,1.0,0.0
2021-07-08,193.39,194.15,191.16,192.8,3993821,1.0,0.0
2021-07-09,194.18,196.75,194.18,195.33,2436359,1.0,0.0
2021-07-12,194.9,196.42,194.31,195.57,2405689,1.0,0.0
2021-07-13,195.93,196.15,193.7363,194.28,3192075,1.0,0.0
2021-07-14,195.17,195.4,192.6,192.74,2943386,1.0,0.0
2021-07-15,191.52,195.93,191.52,195.75,3187979,1.0,0.0
2021-07-16,196.94,198.86,195.82,196.14,4920693,1.0,0.0
2021-07-19,191.98,193.6659,190.04,192.9,5213961,1.0,0.0
2021-07-20,191.68,195.41,191.17,194.11,2882733,1.0,0.8
2021-07-21,194.56,195.43,193.93,195.13,2112874,1.0,0.0
2021-07-22,196.11,196.96,194.79,196.77,3244279,1.0,0.0
2021-07-23,198.0,201.42,197.61,200.84,3358116,1.0,0.0
2021-07-26,196.31,197.91,193.84,197.74,3422176,1.0,0.0
2021-07-27,197.68,197.72,191.49,193.51,4106073,1.0,0.0
2021-07-28,193.67,195.3854,192.0,192.39,2152764,1.0,0.0
2021-07-29,193.25,194.3199,191.96,193.62,2527723,1.0,0.0
2021-07-30,192.6,195.3,192.42,192.69,2841591,1.0,0.0
2021-08-02,193.81,194.22,190.85,190.96,3051665,1.0,0.0
2021-08-03,191.58,194.61,191.47,193.95,2335367,1.0,0.0
2021-08-04,193.06,194.28,189.81,189.9,3162398,1.0,0.0
2021-08-05,190.97,192.58,189.99,190.68,2335758,1.0,0.0
2021-08-06,191.73,192.6,189.82,190.16,2855017,1.0,0.0
2021-08-09,189.75,190.16,187.84,187.99,2296182,1.0,0.0
2021-08-10,188.14,190.86,187.37,189.73,2548402,1.0,0.0
2021-08-11,191.29,194.71,191.0,194.52,3367253,1.0,0.0
2021-08-12,194.26,194.9188,190.79,192.0,2754081,1.0,0.0
2021-08-13,191.93,192.35,189.76,190.51,2386556,1.0,0.0
2021-08-16,189.94,193.89,189.14,193.48,3486642,1.0,0.0
2021-08-17,187.43,187.85,182.08,182.26,8256370,1.0,0.0
2021-08-18,189.25,203.7199,188.5,199.73,16992721,1.0,0.0
2021-08-19,198.75,203.32,198.46,202.59,5378332,1.0,0.0
2021-08-20,202.75,208.89,202.56,208.21,4915661,1.0,0.0
2021-08-23,208.81,209.49,205.73,206.06,4195205,1.0,0.0
2021-08-24,206.16,206.45,202.85,203.39,4110644,1.0,0.0
2021-08-25,203.41,206.83,203.07,206.18,2628833,1.0,0.0
2021-08-26,205.29,206.98,204.05,205.65,3250430,1.0,0.0
2021-08-27,205.37,207.53,204.75,205.9,3128212,1.0,0.0
2021-08-30,208.45,209.41,204.89,204.99,3986280,1.0,0.0
2021-08-31,206.37,206.59,203.325,203.89,4877879,1.0,0.0
2021-09-01,204.55,205.04,201.55,203.43,2835036,1.0,0.0
2021-09-02,203.77,206.63,203.7,206.15,2656307,1.0,0.0
2021-09-03,204.9,206.83,204.15,205.98,2260908,1.0,0.0
2021-09-07,205.7,207.24,204.905,205.15,2591895,1.0,0.0
2021-09-08,204.35,204.4192,201.5,204.09,3344859,1.0,0.0
2021-09-09,204.47,204.7167,202.49,203.01,2566245,1.0,0.0
2021-09-10,204.78,206.58,204.16,204.33,2505756,1.0,0.0
2021-09-13,205.72,207.2399,204.75,206.05,3159040,1.0,0.0
2021-09-14,206.55,207.405,203.92,204.17,2488582,1.0,0.0
2021-09-15,204.17,206.21,201.48,205.61,2956611,1.0,0.0
2021-09-16,205.66,209.33,205.66,208.48,3365599,1.0,0.0
2021-09-17,207.36,211.98,207.36,209.03,5835397,1.0,0.0
2021-09-20,206.52,208.46,203.03,205.27,3640389,1.0,0.0
2021-09-21,206.66,208.23,205.36,206.27,2681274,1.0,0.0
2021-09-22,208.05,210.28,206.73,208.89,3169203,1.0,0.0
2021-09-23,210.0,211.65,207.79,207.98,3128815,1.0,0.0
2021-09-24,208.07,208.8,206.89,207.87,2275876,1.0,0.0
2021-09-27,207.63,212.25,207.5,210.63,2886211,1.0,0.0
2021-09-28,209.1,209.46,204.6942,205.43,4030423,1.0,0.0
2021-09-29,206.16,208.35,205.92,207.1,2678368,1.0,0.0
2021-09-30,206.93,207.4568,202.27,202.86,3829021,1.0,0.0
2021-10-01,203.73,205.41,201.83,203.7,3016400,1.0,0.0
2021-10-04,202.84,204.59,201.58,204.51,5195641,1.0,0.0
2021-10-05,205.87,207.75,204.16,204.27,3483142,1.0,0.0
2021-10-06,202.9,205.1894,201.91,204.0,3079628,1.0,0.0
2021-10-07,205.92,209.61,205.615,207.9,3001146,1.0,0.0
2021-10-08,205.59,207.76,204.4502,206.16,3042044,1.0,0.0
2021-10-11,208.11,211.74,207.84,208.85,3267889,1.0,0.0
2021-10-12,209.85,211.7299,209.73,209.8,2793550,1.0,0.0
2021-10-13,210.63,213.63,210.6,212.12,3275725,1.0,0.0
2021-10-14,214.34,216.56,213.44,216.45,3177235,1.0,0.0
2021-10-15,218.76,219.99,217.39,219.16,2930548,1.0,0.0
2021-10-18,218.4,222.71,218.27,221.74,2785992,1.0,0.0
2021-10-19,221.85,223.77,221.512,222.91,2976253,1.0,0.8
2021-10-20,224.0,225.2999,222.6895,225.01,2293870,1.0,0.0
2021-10-21,224.91,227.66,224.51,227.42,2883245,1.0,0.0
2021-10-22,227.48,229.86,227.48,228.77,2207451,1.0,0.0
2021-10-25,228.55,232.1822,228.11,231.82,3018519,1.0,0.0
2021-10-26,233.11,233.67,230.5,231.07,2801056,1.0,0.0
2021-10-27,231.62,234.96,231.62,231.77,2801745,1.0,0.0
2021-10-28,232.96,234.6828,231.25,231.76,2421697,1.0,0.0
2021-10-29,230.78,234.7399,230.5,233.82,3316325,1.0,0.0
2021-11-01,235.0,235.9,230.21,231.75,3844672,1.0,0.0
2021-11-02,232.32,234.14,231.29,233.03,2157905,1.0,0.0
2021-11-03,232.89,234.68,232.08,234.3,2629344,1.0,0.0
2021-11-04,235.0,238.93,234.94,237.78,2508823,1.0,0.0
2021-11-05,239.0,239.27,235.05,235.54,2356480,1.0,0.0
2021-11-08,236.55,238.075,233.161,234.79,2797387,1.0,0.0
2021-11-09,235.055,237.27,233.04,233.91,2306056,1.0,0.0
2021-11-10,232.62,235.779,231.31,232.55,2403123,1.0,0.0
2021-11-11,234.32,234.7301,231.295,232.32,1921436,1.0,0.0
2021-11-12,234.43,236.715,232.06,236.32,2419787,1.0,0.0
2021-11-15,236.1,237.15,234.33,234.92,2219943,1.0,0.0
2021-11-16,240.6,246.7172,239.3925,244.78,5223229,1.0,0.0
2021-11-17,250.02,255.22,245.25,245.73,6823898,1.0,0.0
2021-11-18,246.45,250.0,245.23,247.38,3468889,1.0,0.0
2021-11-19,247.77,250.74,245.75,249.52,3685521,1.0,0.0
2021-11-22,250.26,256.39,249.847,252.35,4460971,1.0,0.0
2021-11-23,251.14,252.67,248.6,251.91,2550700,1.0,0.0
2021-11-24,249.42,253.41,249.0,252.63,1952637,1.0,0.0
2021-11-26,249.62,252.11,247.15,247.69,1890971,1.0,0.0
2021-11-29,250.31,252.49,248.38,248.58,3209064,1.0,0.0
2021-11-30,247.76,250.44,244.51,244.59,6236008,1.0,0.0
2021-12-01,248.3,252.37,245.22,245.34,4019688,1.0,0.0
2021-12-02,247.01,251.68,245.84,250.39,3706711,1.0,0.0
2021-12-03,252.52,253.8499,247.07,248.69,3972165,1.0,0.0
2021-12-06,252.49,254.3299,250.42,251.18,3008545,1.0,0.0
2021-12-07,253.505,257.54,252.3987,256.91,3405621,1.0,0.0
2021-12-08,256.59,258.63,254.55,256.74,3820799,1.0,0.0
2021-12-09,255.77,260.815,254.86,258.15,3812705,1.0,0.0
2021-12-10,258.41,261.48,257.72,261.38,2547664,1.0,0.0
2021-12-13,262.85,263.31,256.29,257.24,3915269,1.0,0.0
2021-12-14,255.92,256.815,250.51,252.46,5100578,1.0,0.0
2021-12-15,249.6,258.34,249.25,257.54,4939283,1.0,0.0
2021-12-16,259.23,259.5,253.1,253.24,4457213,1.0,0.0
2021-12-17,252.34,253.29,247.45,248.09,10175909,1.0,0.0
2021-12-20,245.22,245.94,242.3,245.62,3900882,1.0,0.0
2021-12-21,247.71,248.41,243.58,246.98,2963847,1.0,0.0
2021-12-22,247.11,249.95,246.13,249.7,1772047,1.0,0.0
2021-12-23,250.24,251.71,249.04,250.09,2060478,1.0,0.0
2021-12-27,251.14,253.78,251.14,253.7,1590318,1.0,0.0
2021-12-28,254.0,254.89,252.82,254.02,1531542,1.0,0.0
2021-12-29,255.01,258.54,254.96,257.57,1617702,1.0,0.0
2021-12-30,258.35,259.25,256.06,256.39,1488100,1.0,0.0
2021-12-31,256.15,259.77,255.85,258.48,1768531,1.0,0.0
2022-01-03,259.2,260.195,253.07,255.51,5305697,1.0,0.0
2022-01-04,255.64,260.83,255.595,259.81,3638211,1.0,0.0
2022-01-05,258.71,259.44,254.72,254.75,3808574,1.0,0.0
2022-01-06,257.64,258.45,255.0,257.79,3616309,1.0,0.0
2022-01-07,255.7,257.38,250.7125,251.09,4945544,1.0,0.0
2022-01-10,247.89,248.1,240.565,247.69,6292571,1.0,0.0
2022-01-11,247.91,249.95,244.675,249.5,3412811,1.0,0.0
2022-01-12,251.19,254.71,249.94,250.72,2825576,1.0,0.0
2022-01-13,253.08,253.75,250.09,250.7,2243611,1.0,0.0
2022-01-14,247.3,248.7,241.47,243.4,3258477,1.0,0.0
2022-01-18,239.2,239.595,234.27,238.41,4594365,1.0,0.8
2022-01-19,239.63,241.16,234.27,234.7,3615814,1.0,0.0
2022-01-20,236.27,237.59,223.34,223.93,5946565,1.0,0.0
2022-01-21,222.89,229.85,221.5,225.02,5724411,1.0,0.0
2022-01-24,220.53,232.71,220.2,232.35,4912593,1.0,0.0
2022-01-25,227.5,231.94,224.51,230.01,4099153,1.0,0.0
2022-01-26,232.56,234.9999,225.74,228.1,4349153,1.0,0.0
2022-01-27,230.66,233.17,223.95,225.93,3426116,1.0,0.0
2022-01-28,227.99,235.14,224.48,234.99,3215463,1.0,0.0
2022-01-31,233.99,237.61,232.66,237.35,4486036,1.0,0.0
2022-02-01,238.45,239.4799,233.815,238.35,2723824,1.0,0.0
2022-02-02,238.61,240.71,236.45,239.11,2442894,1.0,0.0
2022-02-03,236.0,239.49,233.81,234.11,2512234,1.0,0.0
2022-02-04,234.15,234.15,225.17,229.07,3456689,1.0,0.0
2022-02-07,230.52,230.98,224.53,227.02,2990056,1.0,0.0
2022-02-08,227.2,232.62,225.86,231.76,2572444,1.0,0.0
2022-02-09,234.52,236.48,232.84,233.66,2115334,1.0,0.0
2022-02-10,230.69,232.86,225.79,227.4,3053766,1.0,0.0
2022-02-11,227.52,229.72,224.76,225.91,2192806,1.0,0.0
2022-02-14,223.77,227.02,223.115,225.95,2025703,1.0,0.0
2022-02-15,228.31,230.06,226.98,228.1,1846100,1.0,0.0
2022-02-16,226.52,228.17,223.51,227.01,2461400,1.0,0.0
2022-02-17,225.93,227.22,223.25,223.79,2482353,1.0,0.0
2022-02-18,222.95,225.72,220.415,222.69,4241661,1.0,0.0
2022-02-22,218.29,221.45,210.76,214.59,7582025,1.0,0.0
2022-02-23,222.0,227.75,214.13,215.09,8936864,1.0,0.0
2022-02-24,209.69,214.26,206.24,213.41,5749345,1.0,0.0
2022-02-25,214.27,219.69,210.21,219.18,4613281,1.0,0.0
2022-02-28,217.26,221.3,215.82,221.06,5440555,1.0,0.0
2022-03-01,221.38,224.44,220.23,221.5,3953236,1.0,0.0
2022-03-02,220.6,230.01,220.11,228.66,4513727,1.0,0.0
2022-03-03,229.12,230.72,225.06,226.28,3180721,1.0,0.0
2022-03-04,224.58,226.685,221.75,224.07,3145816,1.0,0.0
2022-03-07,224.03,227.98,222.08,222.26,4022744,1.0,0.0
2022-03-08,222.26,229.62,222.08,223.26,3726146,1.0,0.0
2022-03-09,227.98,230.28,225.59,225.88,3428704,1.0,0.0
2022-03-10,223.0,224.39,219.09,224.17,3318890,1.0,0.0
2022-03-11,223.9,227.56,221.99,222.21,2616309,1.0,0.0
2022-03-14,223.98,227.71,221.08,226.51,3607706,1.0,0.0
2022-03-15,227.8,232.345,227.51,231.07,3413674,1.0,0.0
2022-03-16,233.13,234.43,226.79,231.33,3497382,1.0,0.0
2022-03-17,230.0,234.41,228.315,234.38,3323855,1.0,0.0
2022-03-18,231.65,236.26,229.93,235.67,8953372,1.0,0.0
2022-03-21,236.5,238.37,225.69,227.6,4286874,1.0,0.0
2022-03-22,227.65,229.87,225.355,228.47,3113328,1.0,0.0
2022-03-23,227.0,227.95,219.8301,220.92,3728128,1.0,0.0
2022-03-24,220.83,221.96,217.96,219.17,3399162,1.0,0.0
2022-03-25,220.73,220.96,211.39,212.92,6493621,1.0,0.0
2022-03-28,211.38,213.9,207.42,213.78,6579600,1.0,0.0
2022-03-29,217.76,221.335,216.54,219.57,4993689,1.0,0.0
2022-03-30,215.75,217.15,208.93,209.49,7090934,1.0,0.0
2022-03-31,206.85,208.74,201.99,202.19,7318469,1.0,0.0
2022-04-01,204.1,204.16,201.4,202.4,4827182,1.0,0.0
2022-04-04,201.545,204.26,199.77,204.12,5427547,1.0,0.0
2022-04-05,203.21,208.14,201.67,204.87,4700840,1.0,0.0
2022-04-06,201.2,202.85,196.64,200.65,6356121,1.0,0.0
2022-04-07,199.11,204.2,197.55,202.64,4411564,1.0,0.0
2022-04-08,201.03,207.72,200.54,206.66,5065517,1.0,0.0
2022-04-11,204.66,208.45,203.35,204.59,3576161,1.0,0.0
2022-04-12,209.01,210.59,203.4,204.14,4354856,1.0,0.0
2022-04-13,203.63,206.85,203.22,205.51,2803473,1.0,0.0
2022-04-14,206.23,207.3,201.03,201.28,4001575,1.0,0.0
2022-04-18,200.62,202.0,197.33,198.52,3800438,1.0,0.0
2022-04-19,198.17,203.51,197.7,203.04,3392926,1.0,0.8
2022-04-20,205.84,210.06,205.188,208.74,3819547,1.0,0.0
2022-04-21,210.42,210.845,204.28,205.03,3797609,1.0,0.0
2022-04-22,204.12,204.31,196.1,197.06,4216309,1.0,0.0
2022-04-25,197.05,200.74,194.67,200.38,3895913,1.0,0.0
2022-04-26,198.91,204.37,198.24,199.59,3954092,1.0,0.0
2022-04-27,199.25,203.455,198.97,199.57,3028244,1.0,0.0
2022-04-28,201.62,207.145,200.03,205.14,3250689,1.0,0.0
2022-04-29,203.49,205.18,197.08,197.73,4217600,1.0,0.0
2022-05-02,198.12,204.65,197.72,203.14,3697789,1.0,0.0
2022-05-03,202.47,204.93,200.21,201.63,3002576,1.0,0.0
2022-05-04,200.73,207.96,198.25,207.16,4442714,1.0,0.0
2022-05-05,203.91,204.61,193.52,195.92,4262901,1.0,0.0
2022-05-06,194.17,195.45,189.66,192.29,3910713,1.0,0.0
2022-05-09,189.59,198.47,188.25,196.07,3998316,1.0,0.0
2022-05-10,198.11,199.04,190.25,192.13,3638724,1.0,0.0
2022-05-11,192.84,195.19,187.3,187.77,4598202,1.0,0.0
2022-05-12,187.77,194.835,187.23,191.7,4292960,1.0,0.0
2022-05-13,191.27,197.41,190.35,194.0,2911878,1.0,0.0
2022-05-16,192.57,196.22,189.495,194.73,4405388,1.0,0.0
2022-05-17,198.92,199.47,187.8688,194.03,8209965,1.0,0.0
2022-05-18,187.5,191.46,179.755,183.82,7847561,1.0,0.0
2022-05-19,182.68,191.81,182.68,187.86,5132247,1.0,0.0
2022-05-20,188.93,189.26,179.22,184.69,5722556,1.0,0.0
2022-05-23,186.5,186.83,181.39,186.25,3546848,1.0,0.0
2022-05-24,184.98,187.8,182.39,184.62,4486453,1.0,0.0
2022-05-25,182.6,189.89,182.26,188.55,3986461,1.0,0.0
2022-05-26,190.57,197.045,190.28,195.53,3338117,1.0,0.0
2022-05-27,196.72,199.66,195.87,199.63,2779220,1.0,0.0
2022-05-31,197.6,198.75,194.39,195.3,4733916,1.0,0.0
2022-06-01,196.39,197.14,191.64,191.72,3290348,1.0,0.0
2022-06-02,192.56,196.22,191.75,196.13,3359184,1.0,0.0
2022-06-03,193.97,197.95,193.25,195.45,2262787,1.0,0.0
2022-06-06,196.0,198.78,194.2029,196.77,2691594,1.0,0.0
2022-06-07,190.35,196.2,189.01,195.65,3269772,1.0,0.0
2022-06-08,193.9,194.71,191.38,192.45,2775810,1.0,0.0
2022-06-09,192.11,198.74,191.9,194.28,2999674,1.0,0.0
2022-06-10,189.3,192.24,186.15,186.33,3565302,1.0,0.0
2022-06-13,182.33,184.5,180.11,181.26,3899277,1.0,0.0
2022-06-14,180.83,182.86,176.43,177.94,4037325,1.0,0.0
2022-06-15,179.4,181.015,176.3,179.01,4127799,1.0,0.0
2022-06-16,174.5,174.93,170.48,171.61,5536507,1.0,0.0
2022-06-17,170.935,175.275,170.14,172.47,8498950,1.0,0.0
2022-06-21,176.09,176.415,171.39,172.38,4753347,1.0,0.0
2022-06-22,171.34,175.37,170.12,173.6,4437993,1.0,0.0
2022-06-23,174.52,176.44,173.6,176.33,3611682,1.0,0.0
2022-06-24,177.76,182.94,177.13,182.84,5346188,1.0,0.0
2022-06-27,183.0,185.32,182.125,184.22,2829378,1.0,0.0
2022-06-28,184.48,185.61,174.57,174.72,4992125,1.0,0.0
2022-06-29,174.97,177.39,174.16,176.1,2802682,1.0,0.0
2022-06-30,172.04,176.08,170.76,174.67,4415419,1.0,0.0
2022-07-01,175.83,178.59,174.64,177.36,3095545,1.0,0.0
2022-07-05,175.05,179.935,174.48,179.88,3227129,1.0,0.0
2022-07-06,180.78,182.95,177.44,179.06,2177656,1.0,0.0
2022-07-07,179.87,182.08,178.825,181.57,2935689,1.0,0.0
2022-07-08,180.9,182.96,179.42,181.63,2024782,1.0,0.0
2022-07-11,181.224,183.0,179.66,180.11,2285164,1.0,0.0
2022-07-12,181.99,185.395,180.095,181.0,3184728,1.0,0.0
2022-07-13,178.77,183.77,177.55,182.37,2935421,1.0,0.0
2022-07-14,179.41,182.95,178.69,182.66,3262080,1.0,0.0
2022-07-15,185.71,186.14,183.96,185.0,2901426,1.0,0.0
2022-07-18,186.6053,189.08,185.19,185.79,2965993,1.0,0.0
2022-07-19,186.57,189.56,184.82,188.78,2683876,1.0,1.05
2022-07-20,188.39,191.44,187.99,191.03,2427275,1.0,0.0
2022-07-21,191.24,193.78,189.42,193.56,3266101,1.0,0.0
2022-07-22,194.82,199.12,194.24,195.58,3329487,1.0,0.0
2022-07-25,195.7,195.85,193.17,194.8,2492199,1.0,0.0
2022-07-26,188.18,190.97,187.605,188.6,3647204,1.0,0.0
2022-07-27,188.7,190.89,183.7,189.92,3714121,1.0,0.0
2022-07-28,187.49,191.72,183.74,190.8,6034590,1.0,0.0
2022-07-29,189.81,192.485,188.72,191.53,4507128,1.0,0.0
2022-08-01,191.55,195.26,191.28,194.09,3349467,1.0,0.0
2022-08-02,193.27,193.4,187.87,187.95,3401823,1.0,0.0
2022-08-03,189.63,195.978,189.63,195.42,3292746,1.0,0.0
2022-08-04,195.76,199.05,195.42,197.16,3534251,1.0,0.0
2022-08-05,195.89,199.23,195.33,199.08,2409730,1.0,0.0
2022-08-08,200.0,204.31,199.78,201.84,3042755,1.0,0.0
2022-08-09,200.75,200.75,193.72,195.2,3914537,1.0,0.0
2022-08-10,199.27,201.66,198.6,201.43,4094417,1.0,0.0
2022-08-11,200.1,204.289,200.07,202.18,3337506,1.0,0.0
2022-08-12,203.35,206.6,201.73,206.47,3014054,1.0,0.0
2022-08-15,206.0,209.02,204.9,208.04,4075486,1.0,0.0
2022-08-16,206.66,217.39,206.5,214.12,5892219,1.0,0.0
2022-08-17,212.01,221.19,211.5,215.37,8082124,1.0,0.0
2022-08-18,215.11,218.0945,214.57,216.47,3011833,1.0,0.0
2022-08-19,215.5,215.8365,209.85,211.36,3347472,1.0,0.0
2022-08-22,209.21,212.5776,208.48,209.99,4136594,1.0,0.0
2022-08-23,210.0,211.36,207.28,207.47,2533885,1.0,0.0
2022-08-24,206.81,210.545,205.78,208.41,2634446,1.0,0.0
2022-08-25,208.59,211.17,207.95,210.96,2634866,1.0,0.0
2022-08-26,211.73,212.63,200.94,200.99,3720486,1.0,0.0
2022-08-29,200.12,203.609,199.08,201.07,3272230,1.0,0.0
2022-08-30,202.46,203.3,196.41,197.22,3906978,1.0,0.0
2022-08-31,197.1,197.425,194.0,194.14,5145146,1.0,0.0
2022-09-01,193.79,195.95,192.61,195.76,3462176,1.0,0.0
2022-09-02,197.4,199.03,194.2948,195.51,3165925,1.0,0.0
2022-09-06,196.17,196.81,191.25,192.96,3116324,1.0,0.0
2022-09-07,193.71,201.94,193.58,201.3,4086611,1.0,0.0
2022-09-08,200.65,204.51,198.73,204.38,3564194,1.0,0.0
2022-09-09,203.98,206.53,203.3207,205.65,3176502,1.0,0.0
2022-09-12,206.0,209.415,205.5,206.4,3218785,1.0,0.0
2022-09-13,201.26,202.89,192.95,193.63,4441373,1.0,0.0
2022-09-14,194.55,195.22,190.21,192.39,3963670,1.0,0.0
2022-09-15,193.32,194.49,190.01,191.04,3309679,1.0,0.0
2022-09-16,189.0,193.0677,188.75,191.81,10187849,1.0,0.0
2022-09-19,190.91,195.9,190.67,195.1,3351878,1.0,0.0
2022-09-20,192.62,194.18,188.68,190.41,3650226,1.0,0.0
2022-09-21,191.91,194.805,188.32,188.36,2925726,1.0,0.0
2022-09-22,188.0,189.78,186.5102,188.12,2837023,1.0,0.0
2022-09-23,186.75,189.1599,185.562,188.13,3382504,1.0,0.0
2022-09-26,188.06,190.0,185.69,186.02,2938703,1.0,0.0
2022-09-27,187.94,190.855,186.2106,187.67,3866498,1.0,0.0
2022-09-28,192.45,195.47,190.14,194.53,5384929,1.0,0.0
2022-09-29,192.0,192.43,188.81,190.46,3622750,1.0,0.0
2022-09-30,189.43,191.085,185.9605,187.81,6049011,1.0,0.0
2022-10-03,191.61,195.8,191.03,193.92,4346473,1.0,0.0
2022-10-04,196.97,199.66,196.33,197.42,4139074,1.0,0.0
2022-10-05,195.32,200.32,194.0,199.03,3196077,1.0,0.0
2022-10-06,198.45,202.29,198.32,199.98,3305087,1.0,0.0
2022-10-07,198.02,198.51,195.34,197.21,3467037,1.0,0.0
2022-10-10,195.95,196.96,192.705,194.9,2449746,1.0,0.0
2022-10-11,194.94,198.365,193.97,196.43,2765991,1.0,0.0
2022-10-12,197.79,198.375,193.78,193.87,2354000,1.0,0.0
2022-10-13,189.83,194.93,185.48,193.16,4851092,1.0,0.0
2022-10-14,194.84,196.96,188.73,188.96,4143263,1.0,0.0
2022-10-17,192.25,195.215,192.09,194.09,3504756,1.0,0.0
2022-10-18,196.2,198.565,192.56,193.2,3804253,1.0,1.05
2022-10-19,187.28,188.47,180.22,183.94,5362452,1.0,0.0
2022-10-20,183.39,185.4,177.47,178.3,4095592,1.0,0.0
2022-10-21,178.14,182.67,176.5,182.37,3583575,1.0,0.0
2022-10-24,183.58,188.51,183.58,187.61,3705003,1.0,0.0
2022-10-25,189.9,195.08,188.89,193.85,3245708,1.0,0.0
2022-10-26,194.23,195.61,191.28,193.55,2567321,1.0,0.0
2022-10-27,195.24,196.48,192.53,193.66,2457637,1.0,0.0
2022-10-28,193.5,199.74,192.85,198.73,3292225,1.0,0.0
2022-10-31,196.99,197.965,194.36,194.95,3550336,1.0,0.0
2022-11-01,198.0,199.74,192.28,193.55,3260207,1.0,0.0
2022-11-02,193.19,194.68,185.53,185.71,4539660,1.0,0.0
2022-11-03,180.85,182.86,178.71,179.82,4187460,1.0,0.0
2022-11-04,182.78,187.85,178.3,182.15,4623564,1.0,0.0
2022-11-07,183.57,187.8,181.04,186.56,2715511,1.0,0.0
2022-11-08,188.06,190.01,185.78,188.36,2880906,1.0,0.0
2022-11-09,187.31,191.27,186.305,186.63,3007351,1.0,0.0
2022-11-10,195.31,204.74,195.3,204.32,4837244,1.0,0.0
2022-11-11,205.09,211.26,204.51,209.02,4272464,1.0,0.0
2022-11-14,208.43,210.47,204.23,204.66,4164981,1.0,0.0
2022-11-15,206.75,211.25,203.82,208.84,5127810,1.0,0.0
2022-11-16,212.09,221.42,211.6,215.13,8173082,1.0,0.0
2022-11-17,212.5,212.99,205.37,208.4,3509736,1.0,0.0
2022-11-18,211.82,211.84,206.41,209.93,2912756,1.0,0.0
2022-11-21,210.13,210.8096,208.23,210.27,2326785,1.0,0.0
2022-11-22,211.65,215.53,211.07,214.47,2845905,1.0,0.0
2022-11-23,215.23,215.7,210.02,211.02,2593950,1.0,0.0
2022-11-25,211.36,211.83,210.01,210.97,975678,1.0,0.0
2022-11-28,210.39,211.47,208.515,209.04,2202367,1.0,0.0
2022-11-29,208.0,208.6506,206.62,207.47,1980888,1.0,0.0
2022-11-30,206.11,212.965,203.25,212.55,4701568,1.0,0.0
2022-12-01,214.79,216.715,212.71,215.48,2735131,1.0,0.0
2022-12-02,212.4,216.6,211.5,214.84,3242449,1.0,0.0
2022-12-05,210.91,211.605,205.4,206.18,3308476,1.0,0.0
2022-12-06,205.21,205.71,199.0,201.91,3627519,1.0,0.0
2022-12-07,202.76,209.99,202.26,206.89,3999395,1.0,0.0
2022-12-08,205.0,206.41,202.46,203.56,3150188,1.0,0.0
2022-12-09,201.0,204.61,200.2,201.77,3226910,1.0,0.0
2022-12-12,202.29,205.1,201.04,205.08,2720027,1.0,0.0
2022-12-13,216.71,217.83,208.92,211.22,4168645,1.0,0.0
2022-12-14,210.95,216.63,210.06,212.11,3727712,1.0,0.0
2022-12-15,208.61,209.72,205.49,208.02,3374053,1.0,0.0
2022-12-16,206.36,207.36,203.32,206.14,9543471,1.0,0.0
2022-12-19,205.35,205.94,201.99,203.17,2442444,1.0,0.0
2022-12-20,201.19,202.13,197.69,200.86,2372187,1.0,0.0
2022-12-21,202.93,203.62,200.27,202.43,2345410,1.0,0.0
2022-12-22,198.52,200.225,195.27,199.15,2414946,1.0,0.0
2022-12-23,198.42,202.32,197.02,201.88,1469299,1.0,0.0
2022-12-27,201.69,203.99,201.31,201.71,2076600,1.0,0.0
2022-12-28,201.96,203.4999,199.63,200.06,1419898,1.0,0.0
2022-12-29,201.68,203.12,201.3,202.26,1270947,1.0,0.0
2022-12-30,200.03,200.5,197.21,199.24,2154647,1.0,0.0
2023-01-03,201.49,202.3,197.14,199.04,2602208,1.0,0.0
2023-01-04,201.43,202.35,197.51,201.39,2507434,1.0,0.0
2023-01-05,199.3,201.44,197.48,200.77,1942252,1.0,0.0
2023-01-06,200.73,201.79,194.45,200.97,3121509,1.0,0.0
2023-01-09,202.42,204.1299,199.34,199.44,2748474,1.0,0.0
2023-01-10,199.92,201.67,198.54,201.4,2200918,1.0,0.0
2023-01-11,202.16,208.72,202.15,208.59,2780964,1.0,0.0
2023-01-12,210.26,211.57,206.59,210.26,2690152,1.0,0.0
2023-01-13,207.81,213.556,207.81,212.16,3875862,1.0,0.0
2023-01-17,212.17,214.98,209.2475,209.52,2943807,1.0,0.0
2023-01-18,210.72,214.18,208.11,208.5,3575106,1.0,0.0
2023-01-19,207.505,207.9,201.19,202.13,3508807,1.0,0.0
2023-01-20,201.36,204.99,198.665,204.53,3517607,1.0,0.0
2023-01-23,203.52,206.91,201.79,205.11,3473698,1.0,0.0
2023-01-24,202.61,206.58,202.61,206.41,2862499,1.0,1.05
2023-01-25,204.52,206.289,201.84,206.11,2283441,1.0,0.0
2023-01-26,204.35,208.77,201.6394,201.81,3426079,1.0,0.0
2023-01-27,201.45,203.42,200.435,202.49,2907889,1.0,0.0
2023-01-30,201.97,204.56,201.15,201.91,2786376,1.0,0.0
2023-01-31,203.25,208.33,202.5,208.25,3415828,1.0,0.0
2023-02-01,207.455,215.14,204.39,213.56,3363932,1.0,0.0
2023-02-02,216.05,223.31,215.98,221.56,4156769,1.0,0.0
2023-02-03,217.14,218.39,214.82,215.97,3047868,1.0,0.0
2023-02-06,214.25,216.84,214.06,215.87,2380640,1.0,0.0
2023-02-07,212.89,215.57,210.42,214.73,2552300,1.0,0.0
2023-02-08,214.21,214.21,211.07,212.76,2421051,1.0,0.0
2023-02-09,214.77,215.24,207.96,208.64,2386806,1.0,0.0
2023-02-10,207.46,208.93,206.33,208.78,1836457,1.0,0.0
2023-02-13,209.3,214.3,207.43,214.14,2363984,1.0,0.0
2023-02-14,212.03,215.12,211.14,213.76,2316568,1.0,0.0
2023-02-15,212.35,215.5,211.27,215.03,1851560,1.0,0.0
2023-02-16,210.2,216.0682,209.62,214.01,2479039,1.0,0.0
2023-02-17,213.24,213.71,208.9,212.75,3462070,1.0,0.0
2023-02-21,205.27,206.9,201.22,201.85,3942873,1.0,0.0
2023-02-22,201.21,204.44,200.06,202.63,2667375,1.0,0.0
2023-02-23,202.56,203.75,199.13,202.21,2332267,1.0,0.0
2023-02-24,199.79,202.59,198.46,201.54,2163697,1.0,0.0
2023-02-27,204.33,206.49,203.44,204.24,2765044,1.0,0.0
2023-02-28,203.98,208.275,203.3,205.75,4391371,1.0,0.0
2023-03-01,205.44,205.64,191.2714,194.31,9814299,1.0,0.0
2023-03-02,192.66,195.4489,192.03,195.1,4097297,1.0,0.0
2023-03-03,195.78,200.55,195.0593,199.73,3483230,1.0,0.0
2023-03-06,200.3,203.71,200.06,201.57,3160916,1.0,0.0
2023-03-07,202.49,202.49,197.26,197.41,3320205,1.0,0.0
2023-03-08,198.215,202.08,197.69,201.14,2670533,1.0,0.0
2023-03-09,202.09,204.05,198.54,199.05,2440684,1.0,0.0
2023-03-10,199.12,201.69,196.09,196.66,2986817,1.0,0.0
2023-03-13,195.735,201.39,194.73,197.55,3116451,1.0,0.0
2023-03-14,199.4,200.09,193.82,196.83,3909236,1.0,0.0
2023-03-15,195.84,200.45,194.61,198.59,3794220,1.0,0.0
2023-03-16,197.57,200.08,196.435,199.67,3154009,1.0,0.0
2023-03-17,199.79,201.3,195.7933,197.36,7271376,1.0,0.0
2023-03-20,197.01,197.89,195.41,196.79,2405200,1.0,0.0
2023-03-21,198.5,198.7688,195.18,196.79,2940356,1.0,0.0
2023-03-22,196.89,197.49,191.36,191.57,3275746,1.0,0.0
2023-03-23,192.72,193.1,188.07,189.69,3346503,1.0,0.0
2023-03-24,188.75,190.27,187.44,189.46,2692548,1.0,0.0
2023-03-27,190.07,191.94,188.9,190.53,2488490,1.0,0.0
2023-03-28,190.46,192.44,189.62,190.15,1872337,1.0,0.0
2023-03-29,190.95,191.99,190.0,191.94,2436492,1.0,0.0
2023-03-30,194.075,195.2,192.3,192.65,2157103,1.0,0.0
2023-03-31,194.09,200.23,193.65,199.97,3151577,1.0,0.0
2023-04-03,201.07,204.23,200.97,203.99,3471080,1.0,0.0
2023-04-04,203.5,204.275,200.75,203.0,2500147,1.0,0.0
2023-04-05,203.005,203.35,198.65,199.43,2417870,1.0,0.0
2023-04-06,198.115,199.48,195.5,198.57,2403332,1.0,0.0
2023-04-10,197.6,201.17,196.21,199.78,2387668,1.0,0.0
2023-04-11,200.99,202.94,200.7552,201.34,2458989,1.0,0.0
2023-04-12,203.4,204.7091,199.41,199.77,2665419,1.0,0.0
2023-04-13,199.77,201.84,196.235,201.47,2778705,1.0,0.0
2023-04-14,201.52,203.88,201.1,202.18,2028284,1.0,0.0
2023-04-17,202.5,205.03,202.41,205.0,2413927,1.0,0.0
2023-04-18,206.28,208.63,205.75,208.1,2685246,1.0,0.0
2023-04-19,207.17,209.05,206.26,208.83,2488819,1.0,0.0
2023-04-20,208.48,212.37,208.45,209.76,2948979,1.0,0.0
2023-04-21,211.34,212.5,210.01,211.04,2864183,1.0,0.0
2023-04-24,210.3,212.03,210.09,211.04,2758708,1.0,0.0
2023-04-25,210.99,211.24,205.78,205.88,2723867,1.0,1.05
2023-04-26,205.49,205.71,200.1,200.8,3371234,1.0,0.0
2023-04-27,200.625,204.83,200.625,204.53,2498982,1.0,0.0
2023-04-28,204.6,207.88,204.34,207.83,2451890,1.0,0.0
2023-05-01,207.83,208.92,207.135,208.22,2282164,1.0,0.0
2023-05-02,208.5,208.5,203.24,205.97,2201912,1.0,0.0
2023-05-03,206.38,210.32,205.15,205.31,2386576,1.0,0.0
2023-05-04,205.24,206.6299,201.27,202.8,2375943,1.0,0.0
2023-05-05,204.05,206.52,203.31,205.81,2495636,1.0,0.0
2023-05-08,205.6,206.12,203.03,204.05,1586594,1.0,0.0
2023-05-09,204.1,207.18,203.24,207.12,2249984,1.0,0.0
2023-05-10,207.95,208.76,201.98,204.32,2715621,1.0,0.0
2023-05-11,204.0,204.44,201.84,203.3,3015622,1.0,0.0
2023-05-12,203.32,204.5046,201.255,203.26,2261757,1.0,0.0
2023-05-15,202.45,202.9499,199.35,201.55,2971473,1.0,0.0
2023-05-16,196.465,199.965,193.5917,199.22,4685913,1.0,0.0
2023-05-17,199.365,207.43,198.75,207.2,3756108,1.0,0.0
2023-05-18,207.5,209.255,205.5,209.16,2275344,1.0,0.0
2023-05-19,208.34,208.525,204.94,206.27,2768457,1.0,0.0
2023-05-22,206.7,208.37,202.91,203.15,3536961,1.0,0.0
2023-05-23,202.83,209.7499,202.44,206.65,6507459,1.0,0.0
2023-05-24,206.75,208.9202,202.1,203.63,2829807,1.0,0.0
2023-05-25,203.0,204.01,200.9,201.04,3030425,1.0,0.0
2023-05-26,202.06,206.78,201.215,206.52,3072744,1.0,0.0
2023-05-30,207.0,207.44,203.775,205.7,2534120,1.0,0.0
2023-05-31,204.12,204.12,199.5,201.13,3831243,1.0,0.0
2023-06-01,200.96,204.735,197.48,203.92,2764765,1.0,0.0
2023-06-02,205.5,210.3,205.5,209.81,2834616,1.0,0.0
2023-06-05,208.3,208.6,206.27,206.78,2345664,1.0,0.0
2023-06-06,206.54,208.501,205.63,207.16,2804958,1.0,0.0
2023-06-07,208.0,211.85,208.0,211.21,3334704,1.0,0.0
2023-06-08,211.85,213.79,210.26,210.46,2409775,1.0,0.0
2023-06-09,211.26,211.49,208.77,209.12,2093011,1.0,0.0
2023-06-12,210.2,213.85,209.2,213.36,2465152,1.0,0.0
2023-06-13,215.0,217.48,214.09,217.35,3056105,1.0,0.0
2023-06-14,216.785,218.28,213.75,214.86,3080477,1.0,0.0
2023-06-15,215.8,219.6,215.79,218.93,3186992,1.0,0.0
2023-06-16,219.34,219.485,216.85,217.08,6874356,1.0,0.0
2023-06-20,215.83,216.75,214.415,215.46,3058345,1.0,0.0
2023-06-21,215.64,215.81,213.86,214.25,3364501,1.0,0.0
2023-06-22,213.79,215.37,211.62,214.82,2781938,1.0,0.0
2023-06-23,213.92,216.4,213.1,215.22,3997351,1.0,0.0
2023-06-26,215.96,219.03,215.56,217.96,2498941,1.0,0.0
2023-06-27,218.99,223.99,218.99,223.56,4223483,1.0,0.0
2023-06-28,222.25,224.15,221.55,222.52,3372676,1.0,0.0
2023-06-29,223.23,223.81,221.82,222.82,3058232,1.0,0.0
2023-06-30,224.1,226.49,223.58,225.7,3633322,1.0,0.0
2023-07-03,224.62,226.05,223.4903,224.59,1498445,1.0,0.0
2023-07-05,224.41,226.95,224.12,225.49,2876405,1.0,0.0
2023-07-06,222.8,223.555,221.28,221.42,3012138,1.0,0.0
2023-07-07,221.05,223.9,220.73,221.94,2345358,1.0,0.0
2023-07-10,223.12,229.16,222.88,229.12,2536242,1.0,0.0
2023-07-11,231.27,231.27,228.855,229.43,2219693,1.0,0.0
2023-07-12,231.75,235.07,231.1,232.11,2256058,1.0,0.0
2023-07-13,232.57,233.26,228.44,229.54,1882917,1.0,0.0
2023-07-14,229.95,230.86,228.485,228.74,1536023,1.0,0.0
2023-07-17,228.71,230.1,227.25,227.97,1951534,1.0,0.0
2023-07-18,227.75,231.12,226.55,229.91,1858121,1.0,0.0
2023-07-19,229.6,232.23,229.48,230.89,1649635,1.0,0.0
2023-07-20,231.38,231.38,228.42,230.99,1959688,1.0,0.0
2023-07-21,232.45,235.02,231.72,233.78,3348441,1.0,0.0
2023-07-24,234.2,235.81,233.58,234.0,2018959,1.0,0.0
2023-07-25,232.38,234.385,231.19,233.94,1547780,1.0,1.1
2023-07-26,233.7,235.16,232.83,234.07,1720191,1.0,0.0
2023-07-27,236.08,237.205,234.4,234.9,1973004,1.0,0.0
2023-07-28,236.96,237.2,234.45,235.09,1767327,1.0,0.0
2023-07-31,235.08,235.94,232.73,234.27,2614906,1.0,0.0
2023-08-01,232.94,234.97,232.11,232.35,2030978,1.0,0.0
2023-08-02,229.76,231.95,229.28,229.49,2298063,1.0,0.0
2023-08-03,228.87,229.2,226.55,226.72,2436264,1.0,0.0
2023-08-04,224.0,226.21,222.42,223.12,2549633,1.0,0.0
2023-08-07,224.2,225.04,222.61,223.3,1902580,1.0,0.0
2023-08-08,220.0,221.39,217.42,220.91,2152115,1.0,0.0
2023-08-09,220.58,221.16,218.5,219.64,2061312,1.0,0.0
2023-08-10,221.47,223.25,219.21,220.86,1815543,1.0,0.0
2023-08-11,221.02,225.2,220.58,223.69,2356325,1.0,0.0
2023-08-14,224.37,226.47,223.65,225.89,2927365,1.0,0.0
2023-08-15,223.53,226.76,223.26,223.84,2079076,1.0,0.0
2023-08-16,224.79,226.86,222.11,222.15,1403585,1.0,0.0
2023-08-17,223.23,223.87,217.72,218.15,1791189,1.0,0.0
2023-08-18,217.46,219.95,216.59,219.35,2250674,1.0,0.0
2023-08-21,218.62,220.62,216.25,217.59,2804770,1.0,0.0
2023-08-22,222.06,227.285,221.23,225.74,4084562,1.0,0.0
2023-08-23,225.96,227.5,224.84,227.19,2390719,1.0,0.0
2023-08-24,226.79,228.94,222.96,222.97,1994762,1.0,0.0
2023-08-25,223.81,226.16,221.745,223.07,1805094,1.0,0.0
2023-08-28,223.99,225.58,221.4,222.72,1726208,1.0,0.0
2023-08-29,222.74,226.69,222.67,226.41,1800713,1.0,0.0
2023-08-30,227.5,230.85,227.18,230.31,2839645,1.0,0.0
2023-08-31,230.85,231.83,230.33,230.48,3433327,1.0,0.0
2023-09-01,232.3,233.97,231.975,232.51,2562017,1.0,0.0
2023-09-05,233.54,233.64,229.94,230.43,2569274,1.0,0.0
2023-09-06,230.24,231.19,228.78,229.61,2123857,1.0,0.0
2023-09-07,230.15,234.37,230.15,233.61,2576666,1.0,0.0
2023-09-08,232.73,233.25,230.68,231.29,2166312,1.0,0.0
2023-09-11,232.69,233.62,231.38,231.91,1658010,1.0,0.0
2023-09-12,231.775,233.85,230.38,230.44,2192622,1.0,0.0
2023-09-13,229.51,230.94,228.14,228.82,2769395,1.0,0.0
2023-09-14,230.1,231.2347,228.5,230.87,2621766,1.0,0.0
2023-09-15,228.36,228.36,219.61,220.02,9188534,1.0,0.0
2023-09-18,220.09,221.8,217.21,217.72,3447255,1.0,0.0
2023-09-19,216.43,217.9875,214.2101,217.5,3450363,1.0,0.0
2023-09-20,218.33,219.24,214.38,214.91,2490529,1.0,0.0
2023-09-21,213.01,213.6797,210.18,210.61,2959624,1.0,0.0
2023-09-22,209.54,211.23,209.23,210.49,2940143,1.0,0.0
2023-09-25,210.37,212.86,210.01,212.5,3971609,1.0,0.0
2023-09-26,210.9,211.71,208.16,208.54,2782536,1.0,0.0
2023-09-27,209.08,210.26,206.27,206.96,2860083,1.0,0.0
2023-09-28,206.83,210.39,206.3,207.78,2379053,1.0,0.0
2023-09-29,208.79,210.38,207.3,207.84,2304858,1.0,0.0
2023-10-02,207.38,208.48,204.85,205.74,2265031,1.0,0.0
2023-10-03,204.89,205.01,198.71,200.16,3532600,1.0,0.0
2023-10-04,200.33,201.145,198.47,199.59,2569581,1.0,0.0
2023-10-05,198.85,200.05,197.53,199.8,2233663,1.0,0.0
2023-10-06,198.01,202.04,197.56,199.54,2251010,1.0,0.0
2023-10-09,197.62,200.97,196.46,200.74,1649705,1.0,0.0
2023-10-10,201.26,203.81,200.27,202.75,2209863,1.0,0.0
2023-10-11,203.79,204.13,200.94,203.29,2178927,1.0,0.0
2023-10-12,203.3,203.5,196.7656,196.9,2488525,1.0,0.0
2023-10-13,197.02,197.95,194.77,195.75,2220612,1.0,0.0
2023-10-16,197.4,199.25,196.23,198.25,2139996,1.0,0.0
2023-10-17,197.48,198.87,196.97,198.15,1698871,1.0,0.0
2023-10-18,196.37,196.37,193.39,193.46,2694918,1.0,0.0
2023-10-19,193.55,193.84,189.82,190.46,2944234,1.0,0.0
2023-10-20,190.19,191.76,188.69,190.5,2776180,1.0,0.0
2023-10-23,190.41,191.59,187.93,188.38,2322199,1.0,0.0
2023-10-24,188.16,189.175,185.03,186.24,2107639,1.0,1.1
2023-10-25,185.55,187.265,184.66,186.09,2406238,1.0,0.0
2023-10-26,186.95,188.51,184.5,184.73,2855560,1.0,0.0
2023-10-27,184.86,185.45,181.85,183.62,2371503,1.0,0.0
2023-10-30,184.8,188.38,183.79,187.72,2683263,1.0,0.0
2023-10-31,188.47,191.075,187.77,190.57,3181233,1.0,0.0
2023-11-01,191.18,192.2,188.7,191.29,3070168,1.0,0.0
2023-11-02,193.73,196.655,193.41,194.32,2220134,1.0,0.0
2023-11-03,194.89,197.22,193.88,194.94,2755531,1.0,0.0
2023-11-06,194.55,195.796,193.28,194.23,1913066,1.0,0.0
2023-11-07,194.26,195.2,193.42,194.58,2150319,1.0,0.0
2023-11-08,194.84,196.87,192.88,194.68,3077543,1.0,0.0
2023-11-09,192.3,194.885,190.39,190.49,3270987,1.0,0.0
2023-11-10,190.93,194.84,189.05,194.6,2381673,1.0,0.0
2023-11-13,193.0,194.43,192.095,193.84,3155792,1.0,0.0
2023-11-14,203.445,204.7929,199.22,202.24,4237647,1.0,0.0
2023-11-15,202.44,206.26,202.43,204.85,2848609,1.0,0.0
2023-11-16,203.93,205.69,200.85,202.28,2705728,1.0,0.0
2023-11-17,203.29,204.165,202.25,203.7,2217015,1.0,0.0
2023-11-20,203.5,205.0,203.09,204.44,3170080,1.0,0.0
2023-11-21,197.52,201.74,196.62,198.06,5880551,1.0,0.0
2023-11-22,198.49,199.7,196.705,198.48,3232363,1.0,0.0
2023-11-24,198.0,199.41,196.2301,199.07,1322235,1.0,0.0
2023-11-27,198.38,200.94,197.85,199.82,2345824,1.0,0.0
2023-11-28,199.54,201.01,197.975,200.05,2651067,1.0,0.0
2023-11-29,201.07,201.67,199.66,199.92,2119035,1.0,0.0
2023-11-30,200.18,200.22,196.32,198.83,3812156,1.0,0.0
2023-12-01,199.2,204.36,198.52,203.92,2965668,1.0,0.0
2023-12-04,203.75,208.77,203.7218,207.55,3429689,1.0,0.0
2023-12-05,205.71,206.86,203.85,205.92,2552139,1.0,0.0
2023-12-06,207.0,209.76,207.0,208.7,2530933,1.0,0.0
2023-12-07,208.97,209.17,207.4,208.3,3069321,1.0,0.0
2023-12-08,208.06,208.46,206.18,207.83,2210351,1.0,0.0
2023-12-11,208.22,209.17,206.31,206.34,3390140,1.0,0.0
2023-12-12,206.805,208.86,205.84,208.7,3552247,1.0,0.0
2023-12-13,208.77,215.56,206.08,215.45,5170140,1.0,0.0
2023-12-14,220.42,225.94,220.04,225.54,7636601,1.0,0.0
2023-12-15,225.32,227.0,223.77,225.59,9581221,1.0,0.0
2023-12-18,226.19,227.0,223.51,224.06,3132449,1.0,0.0
2023-12-19,224.625,226.33,224.51,225.42,3090354,1.0,0.0
2023-12-20,222.48,224.733,221.24,222.01,3727327,1.0,0.0
2023-12-21,223.79,224.44,222.23,223.55,2640254,1.0,0.0
2023-12-22,224.035,225.08,221.9901,223.0,2368842,1.0,0.0
2023-12-26,222.9,223.695,222.63,222.82,1656417,1.0,0.0
2023-12-27,222.52,223.36,221.72,222.89,1438743,1.0,0.0
2023-12-28,223.41,223.42,221.97,222.9,1543404,1.0,0.0
2023-12-29,222.94,223.98,220.935,222.55,2631431,1.0,0.0
2024-01-02,220.25,222.6,218.46,218.65,3277952,1.0,0.0
2024-01-03,216.37,216.9,212.13,212.27,3285533,1.0,0.0
2024-01-04,211.9,213.33,211.09,211.22,2487196,1.0,0.0
2024-01-05,210.62,214.325,210.415,212.51,2577797,1.0,0.0
2024-01-08,213.14,217.42,212.64,217.14,2462748,1.0,0.0
2024-01-09,215.39,217.525,215.33,217.01,2025015,1.0,0.0
2024-01-10,217.75,220.56,217.65,220.21,2311541,1.0,0.0
2024-01-11,220.12,220.86,218.14,220.16,1864818,1.0,0.0
2024-01-12,220.26,221.06,218.08,218.91,1603978,1.0,0.0
2024-01-16,219.06,220.6,217.7,220.43,2594522,1.0,0.0
2024-01-17,218.98,221.0,216.48,218.05,2824029,1.0,0.0
2024-01-18,219.0,220.22,215.83,218.23,3121889,1.0,0.0
2024-01-19,218.58,221.56,216.86,220.01,2851899,1.0,0.0
2024-01-22,217.81,220.37,216.27,219.86,2540988,1.0,0.0
2024-01-23,218.76,218.76,213.84,214.47,2375886,1.0,1.1
2024-01-24,215.16,215.3,210.4,210.55,3512971,1.0,0.0
2024-01-25,211.57,212.72,209.5548,212.08,2892223,1.0,0.0
2024-01-26,212.32,213.01,210.78,211.98,1912592,1.0,0.0
2024-01-29,211.78,212.6958,209.81,211.84,2194778,1.0,0.0
2024-01-30,210.87,216.37,210.1,214.52,2742541,1.0,0.0
2024-01-31,215.11,216.58,212.71,212.84,3429347,1.0,0.0
2024-02-01,213.02,220.56,212.37,220.23,3265383,1.0,0.0
2024-02-02,217.54,220.94,212.51,219.49,3305043,1.0,0.0
2024-02-05,217.33,218.33,214.88,218.01,2303718,1.0,0.0
2024-02-06,217.8,219.92,216.22,218.12,2147574,1.0,0.0
2024-02-07,219.32,222.3525,218.88,221.69,3303149,1.0,0.0
2024-02-08,222.0,223.59,219.25,220.39,1909727,1.0,0.0
2024-02-09,220.81,222.31,219.1701,222.26,1359165,1.0,0.0
2024-02-12,226.37,230.94,225.88,229.86,3258428,1.0,0.0
2024-02-13,224.93,227.81,223.65,225.43,3388592,1.0,0.0
2024-02-14,226.0,227.17,222.87,226.93,2002276,1.0,0.0
2024-02-15,227.75,228.61,226.39,228.33,1925111,1.0,0.0
2024-02-16,227.27,228.94,225.3747,226.85,2388390,1.0,0.0
2024-02-20,222.99,226.43,221.77,225.51,2580058,1.0,0.0
2024-02-21,225.71,228.1,225.03,227.79,1701034,1.0,0.0
2024-02-22,228.32,231.29,227.63,230.51,2115687,1.0,0.0
2024-02-23,231.45,233.09,231.1575,232.56,2112698,1.0,0.0
2024-02-26,232.98,234.23,230.98,231.32,2928025,1.0,0.0
2024-02-27,232.43,239.49,230.02,235.39,5076660,1.0,0.0
2024-02-28,238.0,241.44,237.35,238.8,3288573,1.0,0.0
2024-02-29,238.97,241.39,238.55,240.67,3107636,1.0,0.0
2024-03-01,240.27,245.09,239.76,244.69,2712535,1.0,0.0
2024-03-04,244.22,245.29,242.03,242.1,2321570,1.0,0.0
2024-03-05,241.76,243.025,240.11,240.82,2514736,1.0,0.0
2024-03-06,241.33,242.47,239.86,241.12,2367655,1.0,0.0
2024-03-07,242.13,244.15,241.42,241.72,1792912,1.0,0.0
2024-03-08,241.61,243.99,241.51,241.95,1503062,1.0,0.0
2024-03-11,241.32,242.16,238.92,240.96,2051195,1.0,0.0
2024-03-12,241.69,244.47,241.11,243.26,2080587,1.0,0.0
2024-03-13,244.24,248.55,244.24,247.41,2221190,1.0,0.0
2024-03-14,246.66,247.8,242.49,244.63,2490186,1.0,0.0
2024-03-15,244.23,247.25,243.61,244.73,5692794,1.0,0.0
2024-03-18,245.7,246.33,243.01,243.48,2480954,1.0,0.0
2024-03-19,244.5,248.2,244.47,248.02,2408500,1.0,0.0
2024-03-20,248.535,252.42,247.42,251.96,1882575,1.0,0.0
2024-03-21,252.96,261.34,252.95,261.0,3418453,1.0,0.0
2024-03-22,261.13,262.49,258.37,258.5,2493244,1.0,0.0
2024-03-25,258.72,259.4617,253.73,254.0,2024658,1.0,0.0
2024-03-26,253.47,255.04,251.28,251.42,3048905,1.0,0.0
2024-03-27,252.37,253.36,251.24,253.33,2351859,1.0,0.0
2024-03-28,252.81,255.29,250.98,254.73,2631256,1.0,0.0
2024-04-01,253.35,255.315,248.52,249.28,2330312,1.0,0.0
2024-04-02,246.28,247.02,243.48,244.45,2812262,1.0,0.0
2024-04-03,241.06,244.14,240.49,240.7,2936134,1.0,0.0
2024-04-04,243.56,245.35,237.81,238.01,2343498,1.0,0.0
2024-04-05,238.0,240.425,237.825,239.32,1677498,1.0,0.0
2024-04-08,238.26,242.72,237.97,242.59,2387136,1.0,0.0
2024-04-09,243.79,244.81,240.88,244.39,2119306,1.0,0.0
2024-04-10,238.14,239.285,235.07,237.16,2955194,1.0,0.0
2024-04-11,239.0,240.29,233.19,235.44,2494647,1.0,0.0
2024-04-12,233.37,233.915,230.74,232.05,2117498,1.0,0.0
2024-04-15,234.76,234.85,229.17,230.01,1933112,1.0,0.0
2024-04-16,228.93,229.845,227.32,228.35,2201031,1.0,0.0
2024-04-17,230.24,230.89,227.24,228.86,1982302,1.0,0.0
2024-04-18,229.87,232.29,227.55,228.79,1993307,1.0,0.0
2024-04-19,229.49,232.11,228.89,230.24,2112314,1.0,0.0
2024-04-22,231.73,233.04,229.56,231.23,1872903,1.0,0.0
2024-04-23,231.23,234.205,230.22,233.56,2189892,1.0,1.1
2024-04-24,232.2,232.37,228.83,230.29,1485099,1.0,0.0
2024-04-25,227.77,230.645,224.68,229.96,1996750,1.0,0.0
2024-04-26,229.97,233.24,229.72,229.87,2001196,1.0,0.0
2024-04-29,230.01,231.85,229.84,230.94,1540518,1.0,0.0
2024-04-30,230.0,231.28,227.69,227.99,2435401,1.0,0.0
2024-05-01,227.37,230.99,225.47,227.52,1713954,1.0,0.0
2024-05-02,230.13,230.23,226.38,229.58,1672867,1.0,0.0
2024-05-03,233.6,238.15,231.98,232.13,1834728,1.0,0.0
2024-05-06,234.83,234.95,231.19,231.7,1714000,1.0,0.0
2024-05-07,232.46,234.83,231.22,231.46,1912475,1.0,0.0
2024-05-08,229.58,233.005,229.0,232.07,1689183,1.0,0.0
2024-05-09,232.08,236.96,232.08,236.13,1652674,1.0,0.0
2024-05-10,235.77,237.34,234.43,235.03,1336848,1.0,0.0
2024-05-13,236.3,236.88,231.69,232.98,1983692,1.0,0.0
2024-05-14,232.86,235.1519,229.86,231.58,2763197,1.0,0.0
2024-05-15,235.08,237.32,234.83,236.08,2103795,1.0,0.0
2024-05-16,234.36,234.98,231.72,232.26,1847420,1.0,0.0
2024-05-17,232.67,233.05,230.15,231.11,1968856,1.0,0.0
2024-05-20,230.21,231.08,228.24,229.17,2684427,1.0,0.0
2024-05-21,231.8,231.8,221.41,224.86,5397725,1.0,0.0
2024-05-22,224.16,225.43,220.21,221.13,2769766,1.0,0.0
2024-05-23,221.76,221.85,216.82,217.48,2636560,1.0,0.0
2024-05-24,217.74,218.27,214.75,215.21,2632395,1.0,0.0
2024-05-28,214.78,216.8,213.97,215.37,3072477,1.0,0.0
2024-05-29,213.63,214.62,212.78,214.27,2359893,1.0,0.0
2024-05-30,215.31,216.75,213.43,215.46,2778340,1.0,0.0
2024-05-31,216.5,221.42,216.025,221.29,4598591,1.0,0.0
2024-06-03,219.69,221.02,216.0,216.73,2480480,1.0,0.0
2024-06-04,215.3,218.33,215.11,216.53,2291245,1.0,0.0
2024-06-05,216.79,219.65,215.76,219.47,1727902,1.0,0.0
2024-06-06,219.23,220.195,217.99,218.45,2033971,1.0,0.0
2024-06-07,216.29,218.23,214.75,216.67,1602454,1.0,0.0
2024-06-10,216.45,218.39,216.1,218.1,1851477,1.0,0.0
2024-06-11,217.84,218.53,215.01,218.35,1910339,1.0,0.0
2024-06-12,221.82,226.985,221.82,225.02,3609499,1.0,0.0
2024-06-13,225.97,227.4,223.38,226.86,2116751,1.0,0.0
2024-06-14,224.81,225.75,221.42,223.35,1936610,1.0,0.0
2024-06-17,222.36,227.23,221.61,226.77,1700868,1.0,0.0
2024-06-18,227.51,229.2,226.95,227.77,2073005,1.0,0.0
2024-06-20,226.8,228.365,225.1,227.53,2377813,1.0,0.0
2024-06-21,227.68,230.1,226.55,228.59,3627458,1.0,0.0
2024-06-24,228.76,230.0099,227.745,228.39,3463050,1.0,0.0
2024-06-25,226.8,227.06,216.975,217.25,3906630,1.0,0.0
2024-06-26,216.46,219.16,215.865,218.78,2601170,1.0,0.0
2024-06-27,219.55,220.32,218.08,219.8,2654556,1.0,0.0
2024-06-28,220.17,221.56,218.37,220.46,12630451,1.0,0.0
2024-07-01,219.44,220.5,213.48,213.56,2569227,1.0,0.0
2024-07-02,212.69,214.85,211.8,213.7,2173766,1.0,0.0
2024-07-03,215.83,217.0,213.05,213.3,1423518,1.0,0.0
2024-07-05,212.69,214.84,212.53,213.89,1907546,1.0,0.0
2024-07-08,215.0,218.3,214.79,217.15,2947581,1.0,0.0
2024-07-09,215.97,217.1899,215.205,216.33,2571702,1.0,0.0
2024-07-10,217.57,220.91,216.89,220.74,2007164,1.0,0.0
2024-07-11,225.61,229.98,223.54,229.75,3007619,1.0,0.0
2024-07-12,231.12,238.06,230.34,234.08,3180752,1.0,0.0
2024-07-15,234.0,235.09,230.63,232.17,2074765,1.0,0.0
2024-07-16,232.82,241.01,232.1,240.97,2356646,1.0,0.0
2024-07-17,239.45,245.63,237.74,243.04,3958797,1.0,0.0
2024-07-18,241.95,246.97,237.905,239.37,2606757,1.0,0.0
2024-07-19,239.395,241.031,237.85,238.52,2739484,1.0,0.0
2024-07-22,239.45,241.4,236.57,240.27,2308501,1.0,0.0
2024-07-23,241.09,241.98,237.52,238.31,2211185,1.0,0.0
2024-07-24,236.49,239.09,231.45,231.67,2756937,1.0,1.15
2024-07-25,231.82,238.68,231.04,234.77,2142842,1.0,0.0
2024-07-26,236.25,242.52,236.07,238.87,1942530,1.0,0.0
2024-07-29,238.27,240.98,237.33,239.8,2082253,1.0,0.0
2024-07-30,240.19,242.38,238.3,241.4,1782458,1.0,0.0
2024-07-31,242.64,248.99,241.24,245.51,3054929,1.0,0.0
2024-08-01,246.83,248.27,239.02,241.36,2022760,1.0,0.0
2024-08-02,238.27,240.52,235.2,240.42,2258921,1.0,0.0
2024-08-05,236.33,240.99,232.74,237.02,3058061,1.0,0.0
2024-08-06,235.67,244.21,235.67,240.65,2319611,1.0,0.0
2024-08-07,241.7,243.34,231.1,231.59,3355604,1.0,0.0
2024-08-08,232.19,236.81,231.0,236.33,2084303,1.0,0.0
2024-08-09,235.78,237.75,234.3,235.83,1675460,1.0,0.0
2024-08-12,234.75,234.75,229.38,231.07,2592251,1.0,0.0
2024-08-13,228.8,236.79,227.63,236.19,2860834,1.0,0.0
2024-08-14,235.83,239.645,235.795,237.64,2098680,1.0,0.0
2024-08-15,242.28,242.94,238.26,240.06,3029526,1.0,0.0
2024-08-16,240.43,242.16,239.14,241.15,1725785,1.0,0.0
2024-08-19,242.26,243.54,240.15,243.21,2708565,1.0,0.0
2024-08-20,240.0,245.87,238.65,240.33,3910428,1.0,0.0
2024-08-21,241.5,242.7,239.85,242.37,2676588,1.0,0.0
2024-08-22,243.0,243.3236,239.685,240.31,1979879,1.0,0.0
2024-08-23,241.645,251.23,240.84,250.07,2685374,1.0,0.0
2024-08-26,251.88,253.2,250.12,250.5,2790685,1.0,0.0
2024-08-27,249.86,249.93,247.625,248.57,1772536,1.0,0.0
2024-08-28,248.48,250.43,246.92,248.94,1372125,1.0,0.0
2024-08-29,250.0,250.7469,246.385,246.77,1612885,1.0,0.0
2024-08-30,247.845,249.06,245.4,248.5,2587136,1.0,0.0
2024-09-03,247.2001,249.435,243.62,245.46,2460263,1.0,0.0
2024-09-04,244.86,245.84,242.1,245.45,2086813,1.0,0.0
2024-09-05,246.35,246.35,241.59,244.11,2083344,1.0,0.0
2024-09-06,244.85,247.46,243.14,243.81,1889727,1.0,0.0
2024-09-09,245.25,245.74,242.335,244.73,1823006,1.0,0.0
2024-09-10,244.47,248.38,242.61,247.38,2112914,1.0,0.0
2024-09-11,245.06,247.84,240.0,247.38,1841498,1.0,0.0
2024-09-12,248.59,252.2,247.52,252.05,2223687,1.0,0.0
2024-09-13,252.99,257.41,252.61,255.41,2118111,1.0,0.0
2024-09-16,257.05,258.13,254.22,256.64,1591253,1.0,0.0
2024-09-17,256.39,259.49,256.0,256.72,1343594,1.0,0.0
2024-09-18,257.13,261.97,255.55,256.63,1625278,1.0,0.0
2024-09-19,260.89,262.28,259.55,261.0,2261448,1.0,0.0
2024-09-20,259.28,261.55,257.95,260.14,4470317,1.0,0.0
2024-09-23,260.8,262.46,258.28,262.29,2131018,1.0,0.0
2024-09-24,265.33,268.09,263.445,266.04,3414069,1.0,0.0
2024-09-25,266.15,266.6,263.92,264.97,1815547,1.0,0.0
2024-09-26,266.14,266.73,259.29,265.61,2254578,1.0,0.0
2024-09-27,267.75,268.71,265.74,267.14,1852410,1.0,0.0
2024-09-30,268.43,271.275,267.07,270.85,2033056,1.0,0.0
2024-10-01,270.01,274.16,268.22,272.64,2552393,1.0,0.0
2024-10-02,271.78,272.9,270.75,271.86,2244216,1.0,0.0
2024-10-03,271.48,272.3,268.62,270.21,1634627,1.0,0.0
2024-10-04,270.0,270.46,263.1601,267.76,2245752,1.0,0.0
2024-10-07,265.15,269.9099,263.59,268.54,2302061,1.0,0.0
2024-10-08,270.48,274.26,269.81,273.27,1947866,1.0,0.0
2024-10-09,278.1,278.1,273.28,277.18,2431030,1.0,0.0
2024-10-10,272.82,275.05,270.99,273.21,1714497,1.0,0.0
2024-10-11,274.01,276.73,274.01,275.76,1303706,1.0,0.0
2024-10-14,275.69,281.4,275.51,280.73,1760290,1.0,0.0
2024-10-15,281.92,287.01,281.37,281.83,2369110,1.0,0.0
2024-10-16,281.09,284.4,280.81,284.05,1754965,1.0,0.0
2024-10-17,284.0,285.24,281.01,281.31,1574212,1.0,0.0
2024-10-18,281.8,282.3799,279.09,281.64,2031301,1.0,0.0
2024-10-21,280.58,282.7,275.67,276.84,2438280,1.0,0.0
2024-10-22,272.02,273.42,268.17,272.22,3102498,1.0,0.0
2024-10-23,270.66,272.6077,269.24,270.11,2109433,1.0,1.15
2024-10-24,270.7,272.3785,269.79,271.36,2025982,1.0,0.0
2024-10-25,270.47,271.18,266.26,267.64,1788117,1.0,0.0
2024-10-28,270.2,271.19,267.6,267.97,2140445,1.0,0.0
2024-10-29,263.2,265.065,260.52,262.97,2311324,1.0,0.0
2024-10-30,262.53,265.4398,260.21,261.39,2356532,1.0,0.0
2024-10-31,261.4,263.54,260.96,261.83,2950658,1.0,0.0
2024-11-01,265.55,266.77,261.57,261.94,2262390,1.0,0.0
2024-11-04,262.41,267.57,262.38,264.98,1741746,1.0,0.0
2024-11-05,264.06,269.27,264.06,269.18,1562891,1.0,0.0
2024-11-06,266.15,266.15,257.25,261.73,4439548,1.0,0.0
2024-11-07,262.79,267.14,262.5,266.3,1972519,1.0,0.0
2024-11-08,268.98,271.9,267.9055,271.1,2102467,1.0,0.0
2024-11-11,273.54,276.3,272.29,274.51,2252308,1.0,0.0
2024-11-12,275.75,276.77,269.44,269.9,2634640,1.0,0.0
2024-11-13,272.72,274.3,270.82,272.32,1820019,1.0,0.0
2024-11-14,272.66,273.39,269.81,270.35,2324168,1.0,0.0
2024-11-15,269.9,271.95,268.46,269.4,2264979,1.0,0.0
2024-11-18,268.425,273.62,267.33,271.77,2603906,1.0,0.0
2024-11-19,263.09,264.99,258.46,259.26,4214007,1.0,0.0
2024-11-20,259.3,263.66,258.9516,263.03,2864500,1.0,0.0
2024-11-21,264.06,265.69,262.26,265.22,1844990,1.0,0.0
2024-11-22,266.11,266.91,262.92,264.68,2411086,1.0,0.0
2024-11-25,268.94,275.619,268.49,275.32,3691744,1.0,0.0
2024-11-26,274.63,274.78,270.9724,274.47,2422271,1.0,0.0
2024-11-27,275.15,276.39,272.56,273.19,2263842,1.0,0.0
2024-11-29,272.71,274.17,271.93,272.43,1526387,1.0,0.0
2024-12-02,273.44,273.8,269.45,272.05,2202719,1.0,0.0
2024-12-03,272.92,275.425,269.94,274.39,2459327,1.0,0.0
2024-12-04,272.42,274.1195,270.26,272.27,2081231,1.0,0.0
2024-12-05,271.63,272.83,269.54,270.07,1959856,1.0,0.0
2024-12-06,271.89,276.93,271.125,273.43,1746084,1.0,0.0
2024-12-09,274.0,280.64,272.71,274.15,2647022,1.0,0.0
2024-12-10,272.48,272.925,268.59,270.11,2214706,1.0,0.0
2024-12-11,271.36,273.3465,267.24,267.9,3297336,1.0,0.0
2024-12-12,268.32,268.39,263.05,263.5,2391562,1.0,0.0
2024-12-13,263.13,264.7499,262.07,262.39,1999384,1.0,0.0
2024-12-16,262.77,264.01,259.95,260.1,1964717,1.0,0.0
2024-12-17,258.44,259.97,256.32,257.75,2402264,1.0,0.0
2024-12-18,257.41,259.64,249.64,249.81,3084382,1.0,0.0
2024-12-19,249.0,250.63,244.14,244.52,4159534,1.0,0.0
2024-12-20,244.535,249.2068,244.0,247.72,5693222,1.0,0.0
2024-12-23,246.25,247.92,245.2256,247.37,2079337,1.0,0.0
2024-12-24,247.98,250.22,247.195,250.22,992143,1.0,0.0
2024-12-26,248.24,250.14,247.82,249.43,1435255,1.0,0.0
2024-12-27,248.35,250.08,247.295,248.34,1581279,1.0,0.0
2024-12-30,247.9,247.93,244.5322,246.73,1622871,1.0,0.0
2024-12-31,247.25,248.2,245.79,246.8,1397897,1.0,0.0
2025-01-02,248.27,249.87,245.24,246.98,2740993,1.0,0.0
2025-01-03,248.12,248.77,245.92,248.48,1889257,1.0,0.0
2025-01-06,248.74,252.7,247.29,249.74,2573514,1.0,0.0
2025-01-07,250.13,251.66,246.13,246.57,1803534,1.0,0.0
2025-01-08,245.44,247.24,242.96,246.89,2364932,1.0,0.0
2025-01-10,247.0,250.0,244.5,247.9,2537988,1.0,0.0
2025-01-13,248.08,251.155,246.74,248.66,2689830,1.0,0.0
2025-01-14,250.01,252.37,249.28,251.19,2055084,1.0,0.0
2025-01-15,257.83,259.75,256.05,256.72,2880607,1.0,0.0
2025-01-16,256.8,259.5284,255.91,258.78,1882336,1.0,0.0
2025-01-17,259.96,262.02,258.39,261.06,2758748,1.0,0.0
2025-01-21,263.0,266.84,262.69,264.35,2804420,1.0,0.0
2025-01-22,262.55,262.55,257.74,258.0,2074468,1.0,1.15
2025-01-23,257.8,261.5,257.8,261.32,2614254,1.0,0.0
2025-01-24,260.9,262.98,259.38,262.2,2021679,1.0,0.0
2025-01-27,263.13,269.1867,263.0,268.42,2179059,1.0,0.0
2025-01-28,266.25,266.95,263.6084,264.41,1459359,1.0,0.0
2025-01-29,265.195,266.6,261.41,261.73,2092380,1.0,0.0
2025-01-30,263.65,266.555,262.45,264.0,1630364,1.0,0.0
2025-01-31,262.28,264.18,259.605,260.04,1735528,1.0,0.0
2025-02-03,256.04,258.68,252.38,256.5,1862407,1.0,0.0
2025-02-04,255.95,258.23,255.12,257.23,1976333,1.0,0.0
2025-02-05,258.91,259.44,254.87,258.47,1693310,1.0,0.0
2025-02-06,260.105,260.6103,255.71,256.95,2397540,1.0,0.0
2025-02-07,256.82,257.35,251.35,251.94,2163802,1.0,0.0
2025-02-10,255.32,256.86,252.56,256.44,1980690,1.0,0.0
2025-02-11,256.0,257.925,255.6,257.03,1549889,1.0,0.0
2025-02-12,250.75,251.0,246.51,250.26,2634154,1.0,0.0
2025-02-13,251.635,253.31,250.14,252.66,1832103,1.0,0.0
2025-02-14,254.5,256.42,251.25,251.79,1805890,1.0,0.0
2025-02-18,250.47,251.36,248.39,250.71,1989472,1.0,0.0
2025-02-19,247.25,248.88,245.12,246.68,2513461,1.0,0.0
2025-02-20,246.18,246.68,244.11,246.42,2025714,1.0,0.0
2025-02-21,247.375,247.74,238.75,239.17,3164990,1.0,0.0
2025-02-24,238.84,239.455,235.93,237.08,4871363,1.0,0.0
2025-02-25,238.0,244.44,238.0,242.39,4380914,1.0,0.0
2025-02-26,251.93,252.95,241.07,247.07,4664256,1.0,0.0
2025-02-27,247.08,248.45,244.93,245.5,2702063,1.0,0.0
2025-02-28,248.17,249.71,244.3,248.64,3011114,1.0,0.0
2025-03-03,248.68,249.68,243.8,246.16,2741104,1.0,0.0
2025-03-04,244.605,244.67,239.083997,239.85,2791892,1.0,0.0
2025-03-05,238.0,243.0,237.8,242.96,3176013,1.0,0.0
2025-03-06,241.82,245.31,240.04,243.5,2596562,1.0,0.0
2025-03-07,242.06,243.051,238.355,242.66,2570621,1.0,0.0
2025-03-10,242.5,246.62,241.07,242.38,2487344,1.0,0.0
2025-03-11,241.82,242.03,231.59,232.67,3294820,1.0,0.0
2025-03-12,233.01,234.75,226.4,228.33,2825523,1.0,0.0
2025-03-13,227.73,228.355,220.167,222.66,3193636,1.0,0.0
2025-03-14,224.34,224.76,221.02,224.44,2672429,1.0,0.0
2025-03-17,225.0,226.6337,223.4,225.85,2821389,1.0,0.0
2025-03-18,224.87,225.58,222.57,222.95,1811857,1.0,0.0
2025-03-19,223.8,225.89,222.42,225.51,1944280,1.0,0.0
2025-03-20,225.54,229.56,224.01,226.26,1924206,1.0,0.0
2025-03-21,224.34,227.19,221.0,227.07,6353432,1.0,0.0
2025-03-24,228.38,233.13,228.38,232.89,2485260,1.0,0.0
2025-03-25,232.31,233.15,228.07,230.69,2476805,1.0,0.0
2025-03-26,230.8,233.57,230.66,232.05,1790641,1.0,0.0
2025-03-27,232.74,233.88,230.86,232.17,2425105,1.0,0.0
2025-03-28,232.49,232.625,227.44,228.42,2118307,1.0,0.0
2025-03-31,226.74,234.98,226.74,233.23,3465666,1.0,0.0
2025-04-01,232.4,234.51,230.48,234.01,2212787,1.0,0.0
2025-04-02,232.14,236.11,232.14,235.28,2534399,1.0,0.0
2025-04-03,222.785,226.17,220.61,222.52,4475436,1.0,0.0
2025-04-04,220.65,229.8294,219.0412,223.29,4830075,1.0,0.0
2025-04-07,218.05,225.65,211.695,216.94,4478135,1.0,0.0
2025-04-08,220.02,223.88,207.58,211.69,3294379,1.0,0.0
2025-04-09,208.795,224.31,206.385,223.2,4106221,1.0,0.0
2025-04-10,220.96,223.4,213.36,221.2,3482549,1.0,0.0
2025-04-11,219.35,221.17,213.83,220.35,2903959,1.0,0.0
2025-04-14,222.92,225.6,220.5,224.14,2766285,1.0,0.0
2025-04-15,224.0,225.03,218.8,220.51,2805296,1.0,0.0
2025-04-16,219.35,221.35,213.3,214.41,1916389,1.0,0.0
2025-04-17,217.02,220.69,215.78,219.0,2166915,1.0,0.0
2025-04-21,217.67,218.17,210.4144,212.77,2769651,1.0,0.0
2025-04-22,214.795,220.55,214.565,219.07,2223981,1.0,0.0
2025-04-23,222.125,225.66,217.15,217.76,2382524,1.0,1.15
2025-04-24,217.76,222.94,216.29,222.05,2243202,1.0,0.0
2025-04-25,222.205,222.34,218.76,220.91,1493759,1.0,0.0
2025-04-28,220.5,223.54,219.3,221.15,2046830,1.0,0.0
2025-04-29,219.31,223.88,219.31,223.27,1604037,1.0,0.0
2025-04-30,221.93,224.0,218.19,223.56,3455615,1.0,0.0
2025-05-01,223.49,225.54,221.19,222.32,2067991,1.0,0.0
2025-05-02,224.52,227.73,223.94,227.19,2318855,1.0,0.0
2025-05-05,226.01,227.11,224.0901,225.19,1878347,1.0,0.0
2025-05-06,223.145,224.68,221.96,223.01,2175713,1.0,0.0
2025-05-07,222.95,225.0645,221.695,223.51,2924153,1.0,0.0
2025-05-08,224.565,226.63,222.44,224.48,2405726,1.0,0.0
2025-05-09,223.68,225.18,221.375,222.26,2054235,1.0,0.0
2025-05-12,231.0,233.76,230.27,232.78,3496589,1.0,0.0
2025-05-13,235.14,235.35,229.58,230.77,2963449,1.0,0.0
2025-05-14,229.5,231.17,228.04,228.51,2291184,1.0,0.0
2025-05-15,227.19,232.65,226.97,232.45,2489195,1.0,0.0
2025-05-16,232.6,234.29,231.9,234.23,1818413,1.0,0.0
2025-05-19,230.36,236.0,229.96,234.43,3386956,1.0,0.0
2025-05-20,237.0,237.54,230.15,231.25,3459469,1.0,0.0
2025-05-21,232.7,233.14,225.18,227.37,4541950,1.0,0.0
2025-05-22,226.08,227.45,222.97,223.75,3116840,1.0,0.0
2025-05-23,220.91,222.97,220.26,221.07,2958799,1.0,0.0
2025-05-27,223.3,225.82,222.0,225.81,3418212,1.0,0.0
2025-05-28,225.0,226.76,224.36,224.52,2214549,1.0,0.0
2025-05-29,225.54,226.0,221.66,224.93,2739534,1.0,0.0
2025-05-30,223.91,226.27,222.41,225.73,4127344,1.0,0.0
2025-06-02,224.09,225.89,221.33,225.52,3890535,1.0,0.0
2025-06-03,225.9,229.3178,225.23,228.8,2456189,1.0,0.0
2025-06-04,228.665,230.1,227.85,228.39,2301525,1.0,0.0
2025-06-05,228.92,229.81,227.04,227.59,1985188,1.0,0.0
2025-06-06,228.81,229.125,224.77,225.27,2217181,1.0,0.0
2025-06-09,225.69,225.69,223.125,223.61,2523409,1.0,0.0
2025-06-10,224.05,225.93,222.14,224.89,2174476,1.0,0.0
2025-06-11,226.64,226.64,220.66,221.6,2377958,1.0,0.0
2025-06-12,221.6,224.33,219.75,223.5,2486061,1.0,0.0
2025-06-13,221.25,223.25,216.33,217.27,2426030,1.0,0.0
2025-06-16,218.36,218.605,214.81,216.08,2392491,1.0,0.0
2025-06-17,215.05,215.78,211.1221,211.92,2518595,1.0,0.0
2025-06-18,212.56,213.6899,210.41,210.83,2528356,1.0,0.0
2025-06-20,211.655,212.93,210.33,212.75,6148480,1.0,0.0
2025-06-23,212.79,218.79,211.79,218.57,2639485,1.0,0.0
2025-06-24,219.0,220.41,217.71,219.98,2210033,1.0,0.0
2025-06-25,219.5,221.61,218.19,220.7,2082949,1.0,0.0
2025-06-26,221.25,222.81,220.05,221.23,2254661,1.0,0.0
2025-06-27,221.42,225.22,221.27,223.63,3256659,1.0,0.0
2025-06-30,224.07,224.84,219.65,221.87,2735369,1.0,0.0
2025-07-01,219.52,232.1666,219.14,228.64,3974824,1.0,0.0
2025-07-02,229.13,229.3861,225.56,226.94,2174540,1.0,0.0
2025-07-03,226.98,228.53,224.04,228.31,1777904,1.0,0.0
2025-07-07,227.74,228.27,222.65,224.99,2740527,1.0,0.0
2025-07-08,224.05,226.8285,223.4,223.67,2672036,1.0,0.0
2025-07-09,224.2,225.66,222.112513,225.57,2339394,1.0,0.0
2025-07-10,224.76,230.36,224.495,227.91,2417270,1.0,0.0
2025-07-11,225.58,226.705,223.44,224.13,1840323,1.0,0.0
2025-07-14,223.27,224.1832,219.8,222.4,2767371,1.0,0.0
2025-07-15,223.01,223.06,214.91,215.01,2947168,1.0,0.0
2025-07-16,215.5,216.65,212.559,216.6,3604675,1.0,0.0
2025-07-17,216.35,219.03,215.85,218.58,2474059,1.0,0.0
2025-07-18,219.305,219.85,217.56,219.16,2399245,1.0,0.0
2025-07-21,220.03,222.74,219.62,220.91,2904702,1.0,0.0
2025-07-22,222.65,227.24,221.5,226.83,2880001,1.0,0.0
2025-07-23,226.68,228.985,225.77,228.61,2337300,1.0,1.2
2025-07-24,228.06,229.48,225.51,225.56,2083634,1.0,0.0
2025-07-25,226.5,227.3258,225.09,226.8,2053537,1.0,0.0
2025-07-28,226.75,231.85,225.5,229.99,3302385,1.0,0.0
2025-07-29,230.33,230.84,228.15,230.04,1853163,1.0,0.0
2025-07-30,230.25,231.13,225.5161,227.43,2047634,1.0,0.0
2025-07-31,225.9,228.32,222.98,223.57,2778602,1.0,0.0
2025-08-01,223.51,228.15,221.755,226.4,3400947,1.0,0.0
2025-08-04,226.405,234.55,226.28,233.81,3871305,1.0,0.0
2025-08-05,234.385,238.29,234.125,237.46,3107407,1.0,0.0
2025-08-06,237.56,239.71,236.57,238.29,2448844,1.0,0.0
2025-08-07,240.0,241.26,236.61,238.56,1948334,1.0,0.0
2025-08-08,239.1,242.14,238.3025,241.15,2746407,1.0,0.0
2025-08-11,241.55,243.17,237.81,239.85,2689705,1.0,0.0
2025-08-12,241.94,245.36,240.9389,244.87,2973350,1.0,0.0
2025-08-13,247.5,258.5,246.73,256.33,6030329,1.0,0.0
2025-08-14,252.01,253.78,251.57,253.05,3635195,1.0,0.0
2025-08-15,254.17,254.17,249.425,252.06,3026801,1.0,0.0
2025-08-18,251.7,253.0,250.47,250.89,2977124,1.0,0.0
2025-08-19,254.76,258.38,254.76,256.36,4702560,1.0,0.0
2025-08-20,265.395,267.52,256.4525,257.14,5226000,1.0,0.0
2025-08-21,256.08,258.6686,254.3201,255.65,2697253,1.0,0.0
2025-08-22,257.35,265.4999,254.64,263.73,3796690,1.0,0.0
2025-08-25,262.06,262.645,258.75,258.87,2336749,1.0,0.0
2025-08-26,258.47,258.76,256.1401,258.33,2865352,1.0,0.0
2025-08-27,258.84,260.635,258.075,258.67,2149071,1.0,0.0
2025-08-28,259.2,259.435,255.6939,257.54,1779192,1.0,0.0
2025-08-29,257.77,258.8099,255.96,258.06,2177733,1.0,0.0
2025-09-02,256.45,259.01,255.61,258.74,1783660,1.0,0.0
2025-09-03,257.45,261.39,257.0,260.68,1869030,1.0,0.0
2025-09-04,263.04,264.71,261.47,264.57,2258933,1.0,0.0
2025-09-05,267.37,270.68,265.23,269.97,4488357,1.0,0.0
2025-09-08,269.21,273.22,268.68,273.02,4465199,1.0,0.0
2025-09-09,272.28,272.28,267.595,269.03,3120808,1.0,0.0
2025-09-10,268.41,269.0,265.08,266.55,1918258,1.0,0.0
2025-09-11,267.84,273.41,267.2101,272.4,2253586,1.0,0.0
2025-09-12,270.06,272.6,269.53,271.83,2906277,1.0,0.0
2025-09-15,271.48,272.65,269.1,272.09,2648353,1.0,0.0
2025-09-16,272.93,273.275,269.41,270.52,1940749,1.0,0.0
2025-09-17,272.6,274.98,266.86,267.95,2854562,1.0,0.0
2025-09-18,269.07,270.57,267.49,267.57,2301723,1.0,0.0
2025-09-19,267.53,267.63,265.11,265.2,4079150,1.0,0.0
2025-09-22,265.0,265.41,260.36,260.39,3435420,1.0,0.0
2025-09-23,259.56,260.78,257.25,259.81,2972901,1.0,0.0
2025-09-24,258.29,259.51,256.34,257.33,3156029,1.0,0.0
2025-09-25,254.92,257.43,254.17,255.53,2877910,1.0,0.0
2025-09-26,255.61,257.69,254.2,257.12,1923595,1.0,0.0
2025-09-29,257.13,257.335,250.73,253.32,3282140,1.0,0.0
2025-09-30,252.81,253.6,249.63,251.31,3114495,1.0,0.0
2025-10-01,251.11,251.26,246.455,247.99,3106631,1.0,0.0
2025-10-02,246.63,248.9999,246.35,247.33,1952309,1.0,0.0
2025-10-03,246.56,247.73,245.53,246.35,2023559,1.0,0.0
2025-10-06,246.12,246.49,240.5275,241.67,3307704,1.0,0.0
2025-10-07,241.11,241.34,237.945,239.89,2597807,1.0,0.0
2025-10-08,239.41,239.41,237.24,237.59,1995689,1.0,0.0
2025-10-09,237.6,237.96,234.48,234.67,2285086,1.0,0.0
2025-10-10,235.35,236.13,231.61,232.22,2158590,1.0,0.0
2025-10-13,233.0,235.98,232.64,234.48,3072070,1.0,0.0
2025-10-14,233.92,241.74,233.23,240.75,3130340,1.0,0.0
2025-10-15,241.51,246.075,240.5235,241.53,2569572,1.0,0.0
2025-10-16,242.34,243.2,240.44,243.1,2258714,1.0,0.0
2025-10-17,243.21,245.22,243.21,244.7,2549749,1.0,0.0
2025-10-20,244.98,246.1,242.26,242.27,2110566,1.0,0.0
2025-10-21,241.88,247.0,241.0,245.27,2056175,1.0,0.0
2025-10-22,244.28,246.14,242.52,243.53,2508352,1.0,1.2
2025-10-23,242.11,244.78,239.99,243.87,2234799,1.0,0.0
2025-10-24,245.34,246.03,242.71,242.71,1804093,1.0,0.0
2025-10-27,243.45,244.47,241.74,243.65,1939596,1.0,0.0
2025-10-28,242.26,246.625,242.09,244.07,1613082,1.0,0.0
2025-10-29,242.5,243.57,236.87,238.49,3121386,1.0,0.0
2025-10-30,238.07,243.32,237.01,239.82,2077030,1.0,0.0
2025-10-31,238.08,239.335,236.45,238.13,2404946,1.0,0.0
2025-11-03,236.41,237.315,232.98,235.64,2333965,1.0,0.0
2025-11-04,235.52,238.0099,233.47,237.76,2632642,1.0,0.0
2025-11-05,236.55,238.13,231.62,234.35,2689768,1.0,0.0
2025-11-06,233.08,234.97,231.12,231.35,3272655,1.0,0.0
2025-11-07,231.84,234.18,231.115,233.16,3054223,1.0,0.0
2025-11-10,232.61,234.11,229.18,233.03,2588023,1.0,0.0
2025-11-11,233.75,236.86,233.68,235.34,1968302,1.0,0.0
2025-11-12,234.39,236.71,232.88,234.7,2587556,1.0,0.0
2025-11-13,234.45,236.65,230.91,231.47,3108986,1.0,0.0
2025-11-14,230.27,232.14,226.97,227.85,2692002,1.0,0.0
2025-11-17,227.2,228.77,224.96,225.0,4411473,1.0,0.0
2025-11-18,219.05,223.72,218.8,219.57,6260404,1.0,0.0
2025-11-19,230.01,232.97,224.26,228.41,7728854,1.0,0.0
2025-11-20,228.08,230.45,225.78,228.43,4769495,1.0,0.0
2025-11-21,230.54,236.56,228.96,234.29,6089987,1.0,0.0
2025-11-24,234.0,234.46,228.73,228.76,4212622,1.0,0.0
2025-11-25,230.72,238.91,230.29,238.1,3330346,1.0,0.0
2025-11-26,237.5,243.05,236.65,241.61,2303332,1.0,0.0
2025-11-28,241.59,243.03,240.8,242.48,1289922,1.0,0.0
2025-12-01,242.0,249.44,241.2622,246.39,4083176,1.0,0.0
2025-12-02,246.31,247.2186,242.6,243.17,3886111,1.0,0.0
2025-12-03,243.175,247.99,243.175,246.94,3275647,1.0,0.0
2025-12-04,246.6,248.16,245.0,246.17,4092878,1.0,0.0
2025-12-05,246.15,248.68,245.6572,248.47,2642080,1.0,0.0
2025-12-08,247.11,248.095,244.82,244.82,3486600,1.0,0.0
2025-12-09,243.81,245.98,240.89,242.67,2257072,1.0,0.0
2025-12-10,242.81,248.435,242.38,246.2,4778877,1.0,0.0
2025-12-11,248.63,251.89,247.5131,248.08,2832185,1.0,0.0
2025-12-12,249.15,250.73,245.9301,247.29,2046922,1.0,0.0
2025-12-15,247.74,249.44,243.86,248.78,3108604,1.0,0.0
2025-12-16,250.21,250.97,246.04,246.47,2692238,1.0,0.0
2025-12-17,246.0,249.61,245.08,247.96,2030706,1.0,0.0
2025-12-18,250.76,254.04,247.46,247.71,2553447,1.0,0.0
2025-12-19,247.04,247.13,240.33,240.44,5458224,1.0,0.0
2025-12-22,240.58,242.75,239.63,242.07,1776590,1.0,0.0
2025-12-23,241.5,242.21,239.54,242.15,1863854,1.0,0.0
2025-12-24,241.75,243.98,241.34,243.0,787860,1.0,0.0
2025-12-26,242.73,244.705,242.3,244.49,1179670,1.0,0.0
2025-12-29,245.11,245.36,242.63,243.83,1597154,1.0,0.0
2025-12-30,242.64,243.64,241.04,243.18,1371370,1.0,0.0
2025-12-31,242.41,243.39,241.03,241.16,1615256,1.0,0.0
2026-01-02,241.5,247.225,239.97,246.89,2595209,1.0,0.0
2026-01-05,245.08,247.83,243.95,244.75,2835846,1.0,0.0
2026-01-06,241.49,248.3,240.02,246.49,2573598,1.0,0.0
2026-01-07,251.88,256.8,247.1,247.12,2423334,1.0,0.0
2026-01-08,245.125,257.82,243.9102,256.21,3163372,1.0,0.0
2026-01-09,259.95,268.045,259.13,267.21,4092150,1.0,0.0
2026-01-12,266.49,271.53,263.61,270.89,3269848,1.0,0.0
2026-01-13,273.14,274.74,270.35,274.25,2946729,1.0,0.0
2026-01-14,272.2,278.1,272.2,274.95,3207683,1.0,0.0
2026-01-15,275.145,278.2095,273.44,277.01,2620735,1.0,0.0
2026-01-16,276.32,278.44,274.07,277.55,2916044,1.0,0.0
2026-01-20,272.2,275.24,267.77,268.4,3915628,1.0,0.0
2026-01-21,267.44,278.33,267.01,277.11,4022055,1.0,1.2
2026-01-22,277.37,281.36,274.88,274.95,2883572,1.0,0.0
2026-01-23,275.0,277.285,273.98,276.73,2204185,1.0,0.0
2026-01-26,278.83,279.5,275.62,277.91,2021973,1.0,0.0
2026-01-27,277.01,277.01,272.32,273.94,2427591,1.0,0.0
2026-01-28,273.72,274.0,268.06,269.42,2952407,1.0,0.0
2026-01-29,268.71,270.98,265.71,266.64,3264816,1.0,0.0
2026-01-30,266.055,267.56,262.6701,267.06,3199361,1.0,0.0
2026-02-02,266.66,270.33,262.69,269.06,2763532,1.0,0.0
2026-02-03,267.94,280.505,267.61,274.85,3410607,1.0,0.0
2026-02-04,276.32,280.17,273.29,275.85,2774043,1.0,0.0
2026-02-05,275.64,277.08,272.24,274.89,2683482,1.0,0.0
2026-02-06,276.58,279.665,275.0201,278.38,2211839,1.0,0.0
2026-02-09,278.33,279.0,274.45,276.89,2471135,1.0,0.0
2026-02-10,279.0,285.725,277.375,284.67,2820186,1.0,0.0
2026-02-11,282.39,287.34,280.78,287.04,2945350,1.0,0.0
2026-02-12,289.39,293.06,285.07,285.53,3659837,1.0,0.0
2026-02-13,285.42,289.87,282.15,287.39,2241885,1.0,0.0
2026-02-17,287.025,289.86,278.25,281.16,2304987,1.0,0.0
2026-02-18,280.42,283.87,278.0,282.13,2018694,1.0,0.0
2026-02-19,281.44,282.105,276.725,278.18,1997055,1.0,0.0
2026-02-20,277.67,283.81,276.87,280.36,2810019,1.0,0.0
2026-02-23,280.76,281.975,272.34,274.36,3058332,1.0,0.0
2026-02-24,278.11,281.17,277.09,278.59,3284689,1.0,0.0
2026-02-25,266.25,274.19,262.56,263.02,5565667,1.0,0.0
2026-02-26,263.34,266.15,261.94,264.39,3428368,1.0,0.0
2026-02-27,261.69,265.5,260.1,264.57,3252503,1.0,0.0
2026-03-02,260.0,261.45,256.19,257.17,3024046,1.0,0.0
2026-03-03,253.48,258.98,251.3,257.7,2758431,1.0,0.0
2026-03-04,258.01,258.91,255.485,258.62,2175270,1.0,0.0
2026-03-05,256.4,257.02,252.63,254.71,2273956,1.0,0.0
2026-03-06,250.56,252.98,248.11,251.89,3127034,1.0,0.0
2026-03-09,250.12,251.45,243.59,250.22,2896485,1.0,0.0
2026-03-10,248.92,254.61,247.32,251.11,2091996,1.0,0.0
2026-03-11,250.07,251.3625,246.26,246.88,1896591,1.0,0.0
2026-03-12,244.24,245.865,238.8201,239.45,3009054,1.0,0.0
2026-03-13,240.85,241.8213,236.99,237.59,2754950,1.0,0.0
2026-03-16,240.71,243.95,239.385,242.11,2315371,1.0,0.0
2026-03-17,242.44,244.0,239.52,239.71,1969320,1.0,0.0
2026-03-18,237.08,238.78,230.35,231.09,2742753,1.0,0.0
2026-03-19,230.46,230.77,226.165,229.71,4129184,1.0,0.0
2026-03-20,229.235,229.8589,224.15,224.63,3643980,1.0,0.0
2026-03-23,231.56,236.75,230.16,234.25,3830601,1.0,0.0
2026-03-24,230.36,235.17,228.45,234.43,2133358,1.0,0.0
2026-03-25,237.34,238.79,233.3801,236.18,2322846,1.0,0.0
2026-03-26,234.17,238.525,233.865,236.03,2113704,1.0,0.0
2026-03-27,235.29,235.88,229.29,230.31,2999793,1.0,0.0
2026-03-30,232.74,234.22,231.12,232.58,2905515,1.0,0.0
2026-03-31,236.57,238.775,232.44,236.28,2636443,1.0,0.0
2026-04-01,236.76,238.46,235.06,235.98,2378478,1.0,0.0
2026-04-02,231.13,235.5125,228.0,231.03,2760193,1.0,0.0
2026-04-06,229.8,235.76,228.88,235.2,1949863,1.0,0.0
2026-04-07,232.79,233.845,229.32,231.61,2522362,1.0,0.0
2026-04-08,244.36,247.0,242.61,243.66,2539946,1.0,0.0
2026-04-09,241.0,248.99,238.18,247.81,2283335,1.0,0.0
2026-04-10,248.46,249.25,243.64,244.22,1840301,1.0,0.0
2026-04-13,243.84,247.275,241.23,247.08,2484525,1.0,0.0
2026-04-14,246.88,248.68,244.5591,248.44,1959902,1.0,0.0
2026-04-15,247.8,248.44,242.87,243.99,1757539,1.0,0.0
2026-04-16,243.83,245.8,241.76,242.42,2374295,1.0,0.0
2026-04-17,246.29,255.52,246.29,251.72,3773573,1.0,0.0
2026-04-20,250.8,254.65,248.0101,253.29,3852227,1.0,0.0
2026-04-21,254.17,257.1,250.67,251.19,2493573,1.0,0.0
2026-04-22,252.02,252.02,243.7628,245.19,2256136,1.0,1.2
2026-04-23,244.86,247.615,244.02,246.54,1775823,1.0,0.0
2026-04-24,245.13,247.2699,243.13,244.45,2098409,1.0,0.0
2026-04-27,243.35,246.88,242.1,242.55,2854459,1.0,0.0
2026-04-28,244.05,245.5,238.99,240.32,1700950,1.0,0.0
2026-04-29,237.88,238.43,231.27,233.5,3205436,1.0,0.0
2026-04-30,234.48,239.27,233.9,238.79,2959163,1.0,0.0
2026-05-01,238.35,239.165,233.07,233.33,1879729,1.0,0.0
2026-05-04,231.63,232.49,223.6,223.72,3578482,1.0,0.0
2026-05-05,224.5,227.865,223.0,225.23,2745049,1.0,0.0
2026-05-06,230.505,234.03,228.935,233.37,3095517,1.0,0.0
2026-05-07,233.22,235.595,230.51,230.88,2154712,1.0,0.0
2026-05-08,232.96,232.96,228.15,229.2,1746408,1.0,0.0
2026-05-11,228.0,229.0,224.5,226.06,1948558,1.0,0.0
2026-05-12,228.96,229.1003,224.1265,224.52,3269874,1.0,0.0
2026-05-13,223.0,223.18,218.085,220.45,3080212,1.0,0.0
2026-05-14,222.78,224.22,221.23,223.61,2142592,1.0,0.0
2026-05-15,222.31,222.52,218.22,218.42,3019336,1.0,0.0
2026-05-18,218.42,222.65,217.33,218.02,3714145,1.0,0.0
2026-05-19,216.01,220.05,213.5,218.37,3343884,1.0,0.0
2026-05-20,213.98,221.54,208.0,221.05,6078184,1.0,0.0
2026-05-21,217.75,219.44,214.57,217.41,3267041,1.0,0.0
2026-05-22,217.22,217.22,213.57,215.03,2801668,1.0,0.0
2026-05-26,215.98,217.31,211.05,212.08,3715496,1.0,0.0
2026-05-27,215.07,220.34,214.6331,216.84,3052519,1.0,0.0
2026-05-28,217.0,218.51,214.5,217.92,2127544,1.0,0.0
2026-05-29,217.03,219.07,214.145,214.36,3624017,1.0,0.0
2026-06-01,213.0,213.95,207.55,207.7,3295678,1.0,0.0
2026-06-02,208.06,208.5,204.51,206.64,2959860,1.0,0.0
2026-06-03,203.57,207.85,203.4,207.65,3873467,1.0,0.0
2026-06-04,212.23,213.13,206.89,207.53,3173690,1.0,0.0
2026-06-05,207.995,211.86,207.445,210.74,2424006,1.0,0.0
2026-06-08,208.77,212.4,207.91,207.97,2343322,1.0,0.0
2026-06-09,209.26,217.4,208.695,217.37,3779781,1.0,0.0
2026-06-10,217.89,218.4999,214.78,216.19,2656206,1.0,0.0
2026-06-11,216.51,221.65,215.7,221.05,2705714,1.0,0.0
2026-06-12,222.77,223.56,219.28,220.78,2434402,1.0,0.0
2026-06-15,225.0,226.2,219.99,220.19,2861155,1.0,0.0
2026-06-16,221.9,225.46,221.56,224.02,2156769,1.0,0.0
2026-06-17,222.97,227.3199,216.455,217.27,3889157,1.0,0.0
2026-06-18,219.49,224.815,219.49,222.2,6813321,1.0,0.0
