date,open,high,low,close,volume
2007-04-13,4.0,4.0,4.0,4.0,400
2007-04-16,4.0,4.0,4.0,4.0,0
2007-04-17,4.0,4.0,4.0,4.0,0
2007-04-18,4.0,4.0,4.0,4.0,0
2007-04-19,4.0,4.0,4.0,4.0,0
2007-04-20,4.0,4.0,4.0,4.0,0
2007-04-23,4.0,4.0,4.0,4.0,0
2007-04-24,4.0,4.0,4.0,4.0,0
2007-04-25,3.4,3.4,3.4,3.4,2000
2007-04-26,3.4,3.4,3.4,3.4,0
2007-04-27,3.4,3.4,3.4,3.4,2400
2007-04-30,3.4,3.4,3.4,3.4,0
2007-05-01,3.4,3.4,3.4,3.4,0
2007-05-02,3.75,4.0,3.75,4.0,2000
2007-05-03,4.0,5.0,4.0,4.75,5600
2007-05-04,5.0,5.0,4.1,4.5,3100
2007-05-07,4.5,4.8,4.0,4.8,6900
2007-05-08,4.8,4.8,4.8,4.8,0
2007-05-09,4.8,4.8,4.8,4.8,0
2007-05-10,4.9,4.9,4.9,4.9,500
2007-05-11,4.9,4.9,4.9,4.9,500
2007-05-14,4.9,4.9,4.9,4.9,500
2007-05-15,4.9,4.9,4.9,4.9,0
2007-05-16,4.9,4.9,4.9,4.9,0
2007-05-17,4.9,4.9,4.9,4.9,0
2007-05-18,4.8,4.8,4.75,4.75,2000
2007-05-21,4.3,4.5,4.3,4.5,2100
2007-05-22,4.4,4.5,4.4,4.4,4000
2007-05-23,4.4,4.4,4.4,4.4,200
2007-05-24,4.2,4.4,4.1,4.4,1600
2007-05-25,4.4,4.4,4.4,4.4,1000
2007-05-29,4.4,4.4,4.4,4.4,0
2007-05-30,4.3,4.3,4.15,4.15,1000
2007-05-31,4.3,4.3,4.3,4.3,1000
2007-06-01,4.25,4.25,4.25,4.25,1300
2007-06-04,4.25,4.3,4.15,4.3,3400
2007-06-05,4.25,4.25,4.0,4.0,3500
2007-06-06,4.4,4.4,4.35,4.4,5300
2007-06-07,4.4,4.4,4.0,4.3,2200
2007-06-08,4.4,4.4,4.2,4.3,3500
2007-06-11,4.3,4.3,4.3,4.3,300
2007-06-12,4.1,4.35,4.1,4.35,1000
2007-06-13,4.35,4.35,4.35,4.35,0
2007-06-14,4.35,4.35,4.35,4.35,3300
2007-06-15,4.35,4.35,4.1,4.1,1400
2007-06-18,4.0,4.35,4.0,4.35,600
2007-06-19,4.35,4.35,4.35,4.35,2000
2007-06-20,4.5,4.5,4.3,4.5,5300
2007-06-21,4.6,4.6,4.55,4.55,2600
2007-06-22,4.6,5.5,4.55,5.5,5800
2007-06-25,5.0,5.4,5.0,5.0,4400
2007-06-26,4.3,4.65,4.2,4.3,2600
2007-06-27,4.4,5.25,4.4,5.2,19000
2007-06-28,5.1,5.25,5.1,5.25,3600
2007-06-29,5.25,5.25,5.25,5.25,2000
2007-07-02,5.4,5.4,5.35,5.4,3600
2007-07-03,4.95,5.5,4.95,5.5,900
2007-07-05,5.5,5.5,5.5,5.5,0
2007-07-06,5.5,5.6,5.5,5.6,4900
2007-07-09,5.2,5.75,4.4,5.75,10700
2007-07-10,5.7,6.0,5.6,6.0,4500
2007-07-11,6.0,6.0,6.0,6.0,0
2007-07-12,5.5,5.5,5.5,5.5,1000
2007-07-13,5.5,5.5,5.5,5.5,0
2007-07-16,5.65,5.65,5.65,5.65,500
2007-07-17,5.65,5.65,5.65,5.65,0
2007-07-18,5.5,5.5,5.5,5.5,600
2007-07-19,6.0,6.0,5.25,5.25,2400
2007-07-20,5.0,5.0,4.5,5.0,7200
2007-07-23,5.25,5.3,5.25,5.3,2100
2007-07-24,5.4,5.5,5.4,5.4,2000
2007-07-25,5.4,5.4,5.4,5.4,0
2007-07-26,5.4,5.4,5.4,5.4,0
2007-07-27,5.4,5.4,5.4,5.4,0
2007-07-30,5.1,5.1,5.0,5.0,2500
2007-07-31,5.0,5.0,5.0,5.0,700
2007-08-01,5.25,5.25,5.25,5.25,200
2007-08-02,5.25,5.25,5.25,5.25,0
2007-08-03,5.25,5.25,5.25,5.25,300
2007-08-06,5.25,5.25,5.25,5.25,0
2007-08-07,5.25,5.25,5.25,5.25,0
2007-08-08,5.1,5.25,5.1,5.25,1500
2007-08-09,4.3,5.25,4.3,5.25,200
2007-08-10,4.6,4.99,4.3,4.9,1900
2007-08-13,4.85,4.85,4.75,4.75,900
2007-08-14,4.95,5.25,4.95,5.0,13700
2007-08-15,5.0,5.0,5.0,5.0,0
2007-08-16,5.0,5.0,5.0,5.0,0
2007-08-17,5.0,6.5,5.0,5.5,16800
2007-08-20,5.05,5.5,5.05,5.5,1100
2007-08-21,5.25,5.5,5.25,5.5,3000
2007-08-22,5.5,5.5,5.5,5.5,0
2007-08-23,5.5,5.5,5.5,5.5,0
2007-08-24,5.3,5.3,5.3,5.3,200
2007-08-27,5.3,5.3,5.3,5.3,0
2007-08-28,5.3,5.3,5.3,5.3,0
2007-08-29,5.3,5.3,5.3,5.3,0
2007-08-30,4.7,5.2,4.7,5.2,4700
2007-08-31,5.2,5.2,5.2,5.2,0
2007-09-04,4.7,5.2,4.7,5.2,2200
2007-09-05,5.2,5.2,5.2,5.2,0
2007-09-06,5.2,5.2,5.2,5.2,0
2007-09-07,5.2,5.2,5.2,5.2,0
2007-09-10,4.5,4.5,4.5,4.5,1000
2007-09-11,4.8,5.2,4.6,5.2,7900
2007-09-12,5.2,5.2,5.0,5.0,4000
2007-09-13,5.0,5.0,5.0,5.0,400
2007-09-14,5.05,5.05,5.05,5.05,500
2007-09-17,5.05,5.05,5.05,5.05,0
2007-09-18,5.0,5.0,4.95,4.95,1000
2007-09-19,4.8,5.05,4.8,4.95,900
2007-09-20,4.8,5.05,4.8,4.95,11600
2007-09-21,4.95,5.05,4.27,5.02,305600
2007-09-24,4.85,4.95,4.7,4.95,3800
2007-09-25,4.95,4.95,4.95,4.95,0
2007-09-26,4.95,4.95,4.95,4.95,0
2007-09-27,4.95,4.95,4.8,4.8,4300
2007-09-28,4.8,4.95,4.8,4.95,11600
2007-10-01,5.05,5.05,4.8,5.0,2200
2007-10-02,5.0,5.2,4.5,5.2,7100
2007-10-03,5.1,5.1,5.05,5.1,3300
2007-10-04,5.15,5.6,5.13,5.25,30400
2007-10-05,5.25,5.25,5.1,5.12,15000
2007-10-08,5.12,5.13,4.75,5.0,6100
2007-10-09,4.8,5.05,4.4,5.0,9200
2007-10-10,5.0,5.0,5.0,5.0,1200
2007-10-11,5.0,5.0,5.0,5.0,0
2007-10-12,4.85,5.0,4.85,5.0,2500
2007-10-15,5.0,5.0,4.85,5.0,10000
2007-10-16,4.86,5.1,4.86,5.1,80200
2007-10-17,5.3,5.3,4.92,4.92,19000
2007-10-18,5.0,5.0,4.57,4.95,502700
2007-10-19,5.2,5.2,5.2,5.2,100
2007-10-22,5.0,5.0,5.0,5.0,1300
2007-10-23,4.95,5.2,4.95,5.2,4300
2007-10-24,4.9,5.2,4.9,5.2,1500
2007-10-25,5.05,5.15,5.05,5.15,23500
2007-10-26,4.9,5.38,4.9,5.25,18000
2007-10-29,5.25,5.5,5.25,5.5,16900
2007-10-30,5.6,5.79,5.5,5.6,45000
2007-10-31,5.6,5.6,5.4,5.53,17900
2007-11-01,5.4,5.6,5.4,5.5,31700
2007-11-02,5.4,5.6,5.4,5.6,13400
2007-11-05,5.6,5.75,5.51,5.7,8500
2007-11-06,5.75,5.85,5.4,5.75,130100
2007-11-07,5.75,5.75,5.4,5.45,126400
2007-11-08,5.1,5.55,5.05,5.5,19400
2007-11-09,5.3,5.48,5.3,5.48,26900
2007-11-12,5.4,5.5,5.4,5.5,7800
2007-11-13,5.49,5.5,5.17,5.5,72000
2007-11-14,5.45,5.45,5.25,5.4,10600
2007-11-15,5.3,5.4,5.2,5.4,7600
2007-11-16,5.4,5.4,5.4,5.4,100
2007-11-19,5.37,5.4,5.25,5.4,112000
2007-11-20,5.4,5.4,5.35,5.35,14100
2007-11-21,5.3,5.35,5.3,5.35,13000
2007-11-23,5.4,5.4,5.4,5.4,3000
2007-11-26,5.43,5.45,5.35,5.4,15500
2007-11-27,5.4,5.5,5.4,5.4,25900
2007-11-28,5.4,6.0,5.4,5.98,36200
2007-11-29,5.7,6.95,5.7,6.1,333200
2007-11-30,6.5,6.5,6.0,6.39,120000
2007-12-03,6.45,6.45,6.35,6.4,2800
2007-12-04,6.4,6.5,6.1,6.29,43800
2007-12-05,6.44,6.69,6.3,6.6,86600
2007-12-06,6.75,6.85,6.67,6.75,267800
2007-12-07,6.8,7.9,6.7,7.8,132000
2007-12-10,8.35,8.45,7.55,7.9,127700
2007-12-11,7.9,7.91,7.5,7.8,53200
2007-12-12,7.8,7.8,7.5,7.75,39700
2007-12-13,7.75,7.75,7.3,7.4,127000
2007-12-14,7.4,7.55,6.5,7.2,39100
2007-12-17,6.7,7.2,6.4,7.0,12100
2007-12-18,7.0,7.0,6.51,6.51,12000
2007-12-19,6.5,7.2,6.5,7.0,50600
2007-12-20,6.95,7.0,6.8,6.95,23600
2007-12-21,6.95,7.0,6.61,6.95,76500
2007-12-24,6.95,6.95,6.5,6.9,10500
2007-12-26,6.9,6.9,6.5,6.65,30700
2007-12-27,6.65,6.65,6.1,6.5,59100
2007-12-28,6.5,6.58,6.0,6.55,126000
2007-12-31,6.1,6.95,6.1,6.95,35300
2008-01-02,6.5,6.95,6.3,6.8,23400
2008-01-03,6.71,6.85,6.55,6.8,10200
2008-01-04,6.8,6.85,6.6,6.75,16500
2008-01-07,6.75,6.85,6.51,6.7,7300
2008-01-08,6.75,6.9,6.55,6.9,38500
2008-01-09,7.0,7.02,6.9,7.0,46100
2008-01-10,7.0,7.05,6.71,6.8,115400
2008-01-11,6.7,6.8,6.7,6.8,22600
2008-01-14,6.9,6.9,6.5,6.86,31800
2008-01-15,6.86,6.98,6.6,6.88,63800
2008-01-16,6.9,6.9,6.55,6.85,99800
2008-01-17,6.85,6.85,6.72,6.75,36900
2008-01-18,6.75,6.75,6.5,6.5,768100
2008-01-22,6.05,6.1,5.8,6.1,23800
2008-01-23,5.75,6.13,5.75,6.1,47700
2008-01-24,6.1,6.1,5.75,6.1,35200
2008-01-25,6.1,6.15,5.75,6.1,212600
2008-01-28,6.1,6.3,6.1,6.3,93600
2008-01-29,6.2,6.35,6.0,6.25,394800
2008-01-30,6.2,6.25,6.15,6.2,13600
2008-01-31,6.2,6.27,6.14,6.27,28600
2008-02-01,6.25,6.3,6.25,6.29,22500
2008-02-04,6.25,6.35,6.05,6.05,41200
2008-02-05,6.05,6.05,6.0,6.0,5800
2008-02-06,6.0,6.1,5.98,6.02,42800
2008-02-07,6.02,6.24,6.0,6.15,10900
2008-02-08,6.15,6.2,6.05,6.15,30100
2008-02-11,6.2,6.26,6.05,6.2,231000
2008-02-12,6.11,6.3,6.0,6.3,117800
2008-02-13,6.3,6.3,6.24,6.27,20900
2008-02-14,6.2,6.24,6.18,6.22,221800
2008-02-15,6.21,6.21,6.01,6.15,126300
2008-02-19,6.1,6.15,5.95,6.0,89000
2008-02-20,5.9,6.05,5.75,6.0,45700
2008-02-21,6.0,6.05,5.97,6.0,67900
2008-02-22,6.05,6.05,5.95,6.0,23800
2008-02-25,6.0,6.0,5.9,6.0,94300
2008-02-26,6.0,6.0,5.75,5.8,47400
2008-02-27,5.75,6.12,5.65,6.08,57800
2008-02-28,6.1,6.55,6.03,6.5,1158100
2008-02-29,6.6,6.75,6.5,6.75,196800
2008-03-03,6.75,7.05,6.5,6.95,93600
2008-03-04,7.0,7.0,6.5,6.6,44000
2008-03-05,6.5,6.52,6.4,6.4,111100
2008-03-06,6.42,6.65,6.42,6.65,68900
2008-03-07,6.65,6.65,6.5,6.65,17800
2008-03-10,6.5,6.75,6.45,6.75,43400
2008-03-11,6.75,7.2,6.6,7.1,103600
2008-03-12,7.0,7.2,7.0,7.2,39500
2008-03-13,7.2,7.2,6.95,7.05,47100
2008-03-14,7.05,7.05,6.95,7.0,27900
2008-03-17,7.0,7.0,6.85,7.0,32800
2008-03-18,7.0,7.25,7.0,7.25,30900
2008-03-19,7.25,7.3,7.05,7.05,108000
2008-03-20,7.15,7.15,6.85,7.05,16700
2008-03-24,7.1,7.1,7.0,7.05,42000
2008-03-25,7.05,7.05,6.95,7.0,62700
2008-03-26,7.0,7.09,6.95,7.09,389000
2008-03-27,7.13,7.13,7.02,7.05,134200
2008-03-28,7.11,7.11,6.99,7.05,206500
2008-03-31,7.09,7.14,7.0,7.09,88200
2008-04-01,7.05,7.15,7.0,7.03,203200
2008-04-02,7.05,7.05,7.0,7.04,139100
2008-04-03,7.0,7.05,6.95,7.05,145200
2008-04-04,7.05,7.22,7.04,7.17,192100
2008-04-07,7.1775,7.82,7.17,7.72,530300
2008-04-08,7.77,8.25,7.7,8.18,660300
2008-04-09,8.58,9.1,8.36,9.1,833500
2008-04-10,9.29,9.74,8.4207,8.69,758000
2008-04-11,8.9,9.25,8.36,9.02,428000
2008-04-14,9.47,10.2899,9.19,9.91,1052900
2008-04-15,10.15,10.19,9.41,9.9,783400
2008-04-16,10.27,10.61,9.96,10.096,535800
2008-04-17,10.18,10.24,10.01,10.18,297500
2008-04-18,10.35,10.35,9.85,10.01,215200
2008-04-21,10.04,10.15,9.9,10.1,194300
2008-04-22,10.14,10.14,8.8,10.02,380000
2008-04-23,10.06,10.1,9.5,9.81,176200
2008-04-24,9.83,10.09,9.11,9.28,279700
2008-04-25,9.25,9.5399,9.0,9.25,167100
2008-04-28,9.4,9.99,9.25,9.69,422800
2008-04-29,9.83,9.83,9.36,9.6,174500
2008-04-30,9.6,9.75,9.36,9.63,149600
2008-05-01,9.74,9.75,9.3,9.59,107900
2008-05-02,9.52,9.69,9.41,9.65,94700
2008-05-05,9.74,10.18,9.65,10.11,540900
2008-05-06,10.22,10.89,10.1,10.74,717000
2008-05-07,10.8,10.89,10.25,10.6,247800
2008-05-08,10.66,10.83,10.25,10.4,168900
2008-05-09,10.43,10.8,10.25,10.31,236100
2008-05-12,10.22,10.73,9.9,10.28,241300
2008-05-13,10.38,10.38,9.9,10.22,144600
2008-05-14,10.35,10.4599,10.05,10.14,147600
2008-05-15,10.64,11.0,10.14,10.7,547000
2008-05-16,10.87,11.2,10.5,10.77,312200
2008-05-19,10.77,10.97,10.41,10.47,345900
2008-05-20,10.47,11.65,10.47,11.39,1076700
2008-05-21,11.45,11.79,11.06,11.4,710300
2008-05-22,11.84,11.84,10.38,10.63,504500
2008-05-23,10.51,10.51,8.88,10.29,467800
2008-05-27,10.37,11.0,9.96,10.07,226300
2008-05-28,10.43,10.46,10.12,10.2,265700
2008-05-29,10.26,10.85,10.15,10.4999,345800
2008-05-30,10.57,11.75,10.4,11.6,608800
2008-06-02,11.4,12.05,11.02,11.43,769700
2008-06-03,11.47,12.65,11.32,12.65,1257900
2008-06-04,12.69,13.5,12.48,12.77,1329500
2008-06-05,12.75,13.76,12.4,13.55,1186500
2008-06-06,14.72,15.1,14.1,14.18,2089600
2008-06-09,14.5,15.11,14.11,14.44,1107900
2008-06-10,14.65,14.9,14.0,14.2,599500
2008-06-11,14.3,14.9399,14.22,14.37,428600
2008-06-12,14.11,14.85,13.85,14.0,463200
2008-06-13,13.91,13.91,12.7,13.69,906600
2008-06-16,13.73,13.84,13.0,13.34,457000
2008-06-17,14.29,14.49,13.71,14.14,938500
2008-06-18,14.95,15.98,14.65,15.84,1803700
2008-06-19,16.17,16.4,14.5,14.9,1196300
2008-06-20,15.36,15.55,14.9,15.55,736200
2008-06-23,15.67,16.13,15.56,15.92,654600
2008-06-24,16.0,16.38,15.03,15.18,536500
2008-06-25,15.6,15.83,13.52,14.15,762800
2008-06-26,14.28,14.84,14.0,14.35,411000
2008-06-27,14.3,14.3,13.2601,14.07,1939600
2008-06-30,14.07,14.24,13.25,13.28,533600
2008-07-01,12.72,13.5,12.5,13.39,657100
2008-07-02,13.76,14.0,13.55,13.71,530600
2008-07-03,13.24,13.57,12.71,12.79,418900
2008-07-07,12.59,12.79,11.4,12.1,662000
2008-07-08,11.77,12.5,10.12,12.19,994400
2008-07-09,12.11,12.84,11.69,11.69,322300
2008-07-10,11.36,13.0,11.0,12.47,574100
2008-07-11,12.55,13.5,12.55,13.0,607200
2008-07-14,13.1,13.25,12.58,12.89,256100
2008-07-15,12.76,13.06,12.26,12.91,247200
2008-07-16,12.67,12.91,11.91,12.22,352100
2008-07-17,11.9,12.05,10.7,11.18,696000
2008-07-18,11.2,11.45,10.65,11.11,406800
2008-07-21,12.63,13.0,11.6,11.87,846700
2008-07-22,11.97,11.97,10.8,11.02,554900
2008-07-23,10.56,10.98,10.2,10.61,383700
2008-07-24,10.38,10.7,9.8,10.1,410400
2008-07-25,9.95,10.32,9.7,9.82,349800
2008-07-28,9.5,9.58,8.51,9.49,807200
2008-07-29,9.69,9.74,9.18,9.39,279200
2008-07-30,9.23,9.6,8.72,9.51,372700
2008-07-31,9.5,9.68,9.2,9.28,161800
2008-08-01,9.08,9.38,9.0,9.08,165400
2008-08-04,9.05,9.1,7.8672,7.89,475800
2008-08-05,7.83,7.91,6.62,7.22,1023000
2008-08-06,7.3,7.59,6.963,7.13,516500
2008-08-07,7.44,7.98,7.15,7.41,508500
2008-08-08,7.2,7.27,6.9,7.2,344500
2008-08-11,6.88,7.21,6.71,7.04,389300
2008-08-12,6.98,7.24,6.7,7.16,344600
2008-08-13,7.49,8.28,7.3,8.1,719100
2008-08-14,8.1,8.65,7.8,8.37,665300
2008-08-15,8.3,8.55,7.69,7.8,315200
2008-08-18,7.7,8.2699,7.21,7.34,347100
2008-08-19,7.3,7.78,6.92,7.39,311900
2008-08-20,7.74,7.75,7.2,7.72,270300
2008-08-21,8.02,8.19,7.63,7.69,313500
2008-08-22,7.65,7.65,7.28,7.44,147800
2008-08-25,7.31,7.714,7.04,7.19,170000
2008-08-26,7.23,7.7,7.2,7.4,189900
2008-08-27,7.49,8.05,7.49,7.67,253900
2008-08-28,7.98,7.98,7.55,7.62,231300
2008-08-29,7.6,7.75,7.4,7.4,331300
2008-09-02,7.31,7.32,6.7,6.9,423900
2008-09-03,6.81,6.86,6.52,6.66,229700
2008-09-04,6.55,6.64,5.82,5.86,657600
2008-09-05,5.91,6.4,5.81,6.36,270900
2008-09-08,6.54,6.55,5.99,6.11,185500
2008-09-09,6.19,6.19,5.16,5.23,362800
2008-09-10,5.27,5.91,5.14,5.9,414600
2008-09-11,5.65,6.21,5.3,6.12,389500
2008-09-12,6.18,6.57,6.15,6.42,354800
2008-09-15,5.93,6.75,5.64,6.71,441100
2008-09-16,6.7,7.138,6.25,7.05,513900
2008-09-17,7.14,7.19,6.68,6.92,376700
2008-09-18,6.9,7.64,6.9,7.61,436000
2008-09-19,8.23,8.25,7.19,7.29,550300
2008-09-22,7.4,7.51,6.7,7.21,368900
2008-09-23,7.0,7.5,6.7,7.32,144300
2008-09-24,7.4,7.7,7.4,7.58,313200
2008-09-25,7.5,8.47,6.7,8.41,437800
2008-09-26,8.01,8.62,7.93,8.5,560800
2008-09-29,8.43,8.43,7.05,7.5,680100
2008-09-30,7.8,8.49,7.27,8.13,336800
2008-10-01,7.87,8.13,7.3,7.6,278100
2008-10-02,7.13,7.81,6.85,6.87,453200
2008-10-03,6.51,7.26,6.36,6.4,312900
2008-10-06,5.7,6.0,4.87,5.6,539900
2008-10-07,5.57,5.94,5.25,5.27,240000
2008-10-08,4.93,5.22,4.41,4.75,676000
2008-10-09,4.93,5.04,4.0,4.1,235800
2008-10-10,3.86,4.3,2.52,4.3,565100
2008-10-13,4.49,4.733,4.3,4.67,276100
2008-10-14,4.85,4.99,3.9852,4.05,425600
2008-10-15,3.7,3.96,3.41,3.41,428000
2008-10-16,3.54,3.88,3.1,3.83,604800
2008-10-17,3.66,4.65,3.61,4.1,307900
2008-10-20,4.27,4.8,4.11,4.74,324900
2008-10-21,4.59,4.79,4.2,4.56,196400
2008-10-22,4.49,4.49,4.01,4.05,186100
2008-10-23,4.12,4.49,3.99,4.25,191800
2008-10-24,4.01,4.18,3.86,4.02,158300
2008-10-27,3.95,4.38,3.83,3.83,167600
2008-10-28,4.03,4.2,3.8,4.2,152500
2008-10-29,4.3,4.7399,4.09,4.56,232200
2008-10-30,4.65,5.1,4.5601,5.06,250700
2008-10-31,5.0,5.45,4.7,5.45,231700
2008-11-03,5.1,5.49,5.03,5.36,221100
2008-11-04,5.85,5.99,5.5,5.95,388900
2008-11-05,5.75,5.79,5.55,5.66,173000
2008-11-06,5.62,5.66,5.01,5.22,204700
2008-11-07,5.22,5.35,4.85,5.03,161100
2008-11-10,5.11,5.32,4.88,4.96,133300
2008-11-11,4.75,4.9,4.5,4.65,92400
2008-11-12,4.72,4.72,4.13,4.13,140700
2008-11-13,4.26,4.4,3.69,4.33,229400
2008-11-14,4.37,4.55,4.0,4.0,155400
2008-11-17,4.0,4.03,3.8,3.89,79900
2008-11-18,3.94,4.04,3.68,3.75,92400
2008-11-19,3.73,3.85,3.37,3.41,70200
2008-11-20,3.25,3.35,2.6,2.63,230800
2008-11-21,2.74,3.25,2.63,3.2,255400
2008-11-24,3.49,4.16,3.27,4.16,307800
2008-11-25,4.04,4.04,3.7,3.75,224500
2008-11-26,3.57,4.2,3.52,4.0,260500
2008-11-28,4.0,4.19,3.89,4.19,78500
2008-12-01,4.1,4.1,3.39,3.44,113600
2008-12-02,3.45,3.64,3.07,3.19,164500
2008-12-03,3.16,3.25,2.95,2.99,193600
2008-12-04,2.97,3.03,2.61,2.71,216000
2008-12-05,2.61,2.6799,2.25,2.4,239000
2008-12-08,2.9,3.24,2.6,3.03,307800
2008-12-09,3.44,3.59,2.856,3.42,367100
2008-12-10,3.58,3.75,3.42,3.7,247100
2008-12-11,3.74,4.25,3.55,3.62,355100
2008-12-12,3.13,3.5,3.06,3.41,351500
2008-12-15,3.55,4.0,3.12,3.29,215400
2008-12-16,3.32,3.45,3.1,3.38,305400
2008-12-17,3.35,3.56,3.21,3.34,265200
2008-12-18,3.35,3.35,2.8,2.8,339100
2008-12-19,3.0,3.09,2.71,2.71,305300
2008-12-22,2.81,2.95,2.34,2.44,347800
2008-12-23,2.45,2.62,2.12,2.15,317000
2008-12-24,2.11,2.35,2.11,2.34,108700
2008-12-26,2.55,2.55,2.24,2.45,122200
2008-12-29,2.46,2.65,2.24,2.26,373200
2008-12-30,2.31,2.38,2.05,2.38,708800
2008-12-31,2.38,2.6,2.2,2.6,356700
2009-01-02,2.61,2.75,2.33,2.66,245000
2009-01-05,2.81,2.88,2.6,2.79,294800
2009-01-06,2.8,3.84,2.8,3.48,1024900
2009-01-07,3.55,3.55,2.95,3.08,345600
2009-01-08,3.08,3.31,3.0,3.26,162900
2009-01-09,3.41,3.41,2.97,3.07,162800
2009-01-12,3.02,3.13,2.85,2.89,169600
2009-01-13,2.89,3.07,2.87,2.94,141000
2009-01-14,2.83,3.1,2.82,2.94,168200
2009-01-15,2.94,3.0,2.62,3.0,169400
2009-01-16,3.02,3.13,2.79,2.93,208000
2009-01-20,2.89,2.9,2.7,2.7,108800
2009-01-21,2.8,3.06,2.71,3.03,143600
2009-01-22,2.97,2.98,2.81,2.87,59900
2009-01-23,2.85,2.99,2.78,2.93,91700
2009-01-26,3.01,3.23,2.94,3.07,124400
2009-01-27,3.07,3.18,2.95,3.11,125000
2009-01-28,3.16,3.23,3.11,3.23,134400
2009-01-29,3.11,3.22,3.03,3.03,126600
2009-01-30,3.08,3.16,2.95,3.16,139400
2009-02-02,3.01,3.08,2.95,3.04,98700
2009-02-03,3.07,3.22,3.0,3.22,144200
2009-02-04,3.24,3.37,3.09,3.35,189100
2009-02-05,3.36,3.43,3.31,3.36,100600
2009-02-06,3.4,3.6,3.19,3.6,150500
2009-02-09,3.49,3.49,3.18,3.26,148400
2009-02-10,3.35,3.49,3.09,3.09,142500
2009-02-11,3.1,3.27,3.1,3.23,104300
2009-02-12,3.48,3.48,2.91,2.95,99600
2009-02-13,2.94,3.21,2.94,3.16,114200
2009-02-17,3.23,3.25,3.04,3.08,150300
2009-02-18,3.19,3.19,2.95,2.95,143100
2009-02-19,3.14,3.15,3.0,3.07,89400
2009-02-20,3.05,3.05,2.9,2.96,84600
2009-02-23,3.14,3.14,2.84,2.84,98900
2009-02-24,2.97,2.97,2.75,2.95,133300
2009-02-25,2.97,2.98,2.76,2.81,120400
2009-02-26,2.86,3.0,2.65,2.73,179800
2009-02-27,2.78,2.78,2.64,2.64,104700
2009-03-02,2.71,2.88,2.36,2.36,166200
2009-03-03,2.36,2.39,2.01,2.12,246200
2009-03-04,2.14,2.5,2.14,2.5,187800
2009-03-05,2.55,2.64,2.2,2.24,123000
2009-03-06,2.3,2.48,2.01,2.22,204000
2009-03-09,2.39,2.49,2.1,2.13,154100
2009-03-10,2.36,2.57,2.3,2.57,194300
2009-03-11,2.53,2.56,2.35,2.37,202200
2009-03-12,2.48,2.7,2.25,2.7,210900
2009-03-13,2.77,2.77,2.58,2.61,159100
2009-03-16,2.54,2.7,2.46,2.59,121500
2009-03-17,2.6,2.95,2.5,2.95,101000
2009-03-18,2.9,2.96,2.62,2.96,229500
2009-03-19,2.96,3.38,2.96,3.35,656300
2009-03-20,3.49,3.75,3.44,3.44,351700
2009-03-23,3.5,4.1,3.5,4.06,363200
2009-03-24,4.24,4.24,3.8,3.85,124100
2009-03-25,3.65,4.11,3.65,3.96,174700
2009-03-26,4.14,4.15,3.97,4.12,100700
2009-03-27,4.01,4.08,3.82,3.95,171100
2009-03-30,3.77,3.89,3.373,3.88,227700
2009-03-31,3.95,3.97,3.53,3.6,362600
2009-04-01,3.51,4.12,3.4,3.94,271500
2009-04-02,4.21,4.5,4.12,4.42,275900
2009-04-03,4.02,4.71,4.02,4.57,226400
2009-04-06,4.35,4.6,4.2,4.29,157500
2009-04-07,4.23,4.23,4.0,4.1,179500
2009-04-08,4.05,4.48,4.05,4.48,121400
2009-04-09,4.66,4.81,4.4,4.65,256300
2009-04-13,4.58,4.8,4.31,4.8,252200
2009-04-14,4.79,4.89,4.5,4.55,291600
2009-04-15,4.53,4.73,4.41,4.73,172000
2009-04-16,4.75,4.9,4.69,4.77,264500
2009-04-17,4.91,4.95,4.77,4.9,180900
2009-04-20,4.93,4.93,4.56,4.69,232400
2009-04-21,4.61,5.0699,4.27,5.04,106800
2009-04-22,4.99,5.32,4.83,5.24,299000
2009-04-23,5.31,5.43,5.0,5.21,228800
2009-04-24,5.28,5.6,5.24,5.58,242800
2009-04-27,5.48,5.5,5.09,5.18,233500
2009-04-28,5.09,5.19,4.95,5.04,434000
2009-04-29,5.17,5.57,5.04,5.48,361300
2009-04-30,5.53,5.87,5.418,5.71,364100
2009-05-01,5.54,5.76,5.54,5.58,213500
2009-05-04,5.59,6.0,5.5,6.0,336000
2009-05-05,6.05,6.14,5.75,6.1,235400
2009-05-06,6.23,6.64,6.0491,6.39,927800
2009-05-07,6.67,6.67,6.08,6.18,284700
2009-05-08,6.4,6.8,6.26,6.77,282100
2009-05-11,6.75,6.75,6.0,6.28,223400
2009-05-12,6.51,6.81,6.0,6.21,126500
2009-05-13,6.02,6.19,5.59,5.81,270300
2009-05-14,5.75,6.1,5.68,5.92,251400
2009-05-15,5.9,5.99,5.7,5.86,235600
2009-05-18,5.93,6.28,5.93,6.27,115900
2009-05-19,6.29,6.45,6.09,6.24,118500
2009-05-20,6.32,6.68,6.28,6.45,250800
2009-05-21,6.31,6.37,5.95,6.1,176400
2009-05-22,6.29,6.39,6.0,6.06,204600
2009-05-26,6.0,6.44,5.8201,6.41,272100
2009-05-27,6.42,6.8399,6.42,6.64,266400
2009-05-28,6.83,7.0,6.15,7.0,418000
2009-05-29,7.24,8.0,7.11,7.91,1024100
2009-06-01,8.66,8.66,8.05,8.23,415200
2009-06-02,8.35,8.65,7.9,8.06,295300
2009-06-03,8.0,8.06,7.31,7.77,357200
2009-06-04,7.95,8.89,7.68,8.3,318900
2009-06-05,8.5,8.5,8.15,8.27,193100
2009-06-08,8.37,8.37,7.75,7.87,248400
2009-06-09,8.0,8.17,7.86,8.03,223400
2009-06-10,8.11,8.31,7.89,8.04,253100
2009-06-11,8.0,8.46,8.0,8.34,237500
2009-06-12,8.25,8.25,7.0,7.9,277900
2009-06-15,7.91,7.9489,7.25,7.59,223000
2009-06-16,7.76,7.9,7.51,7.77,157700
2009-06-17,7.79,7.8,7.01,7.48,241700
2009-06-18,7.48,7.5599,7.13,7.14,175000
2009-06-19,7.3,7.49,6.53,6.55,477300
2009-06-22,6.62,6.62,5.67,5.82,299900
2009-06-23,5.82,6.18,5.51,6.08,293800
2009-06-24,6.02,6.15,5.71,5.91,401500
2009-06-25,5.85,6.3,5.74,6.25,285700
2009-06-26,6.24,6.87,6.0,6.84,892700
2009-06-29,6.84,6.99,6.6,6.66,220400
2009-06-30,6.68,6.725,6.37,6.37,193100
2009-07-01,6.46,6.8,6.44,6.62,135300
2009-07-02,6.62,6.62,6.17,6.25,135100
2009-07-06,6.01,6.017,5.55,5.91,243600
2009-07-07,5.94,5.99,5.6,5.62,107400
2009-07-08,5.51,5.6,4.98,5.22,279000
2009-07-09,5.29,5.57,5.2,5.3,133100
2009-07-10,5.2,5.47,4.74,5.19,134000
2009-07-13,5.2,5.49,4.96,5.49,125500
2009-07-14,5.5,5.99,5.47,5.85,100700
2009-07-15,5.95,6.8,5.94,6.63,274800
2009-07-16,6.51,6.79,6.0481,6.79,182100
2009-07-17,6.79,6.79,6.4,6.64,116200
2009-07-20,6.71,6.85,6.61,6.8,183900
2009-07-21,6.84,6.98,6.57,6.73,122800
2009-07-22,6.66,6.75,6.45,6.69,86700
2009-07-23,6.425,7.09,6.425,7.0,198100
2009-07-24,6.95,7.03,6.57,6.99,142500
2009-07-27,6.96,7.2,6.9,7.0,189700
2009-07-28,6.92,7.0,6.58,6.84,130800
2009-07-29,6.75,6.75,6.0,6.15,231900
2009-07-30,6.22,6.65,6.15,6.34,347600
2009-07-31,6.3,6.75,6.1508,6.59,365800
2009-08-03,6.6,6.96,6.59,6.71,224100
2009-08-04,6.63,6.69,6.47,6.64,178700
2009-08-05,6.38,6.7212,6.2,6.54,269200
2009-08-06,6.51,6.55,6.05,6.1,199400
2009-08-07,6.19,6.54,6.18,6.48,154700
2009-08-10,6.44,6.63,6.3,6.42,144700
2009-08-11,6.28,6.41,6.25,6.36,177400
2009-08-12,6.38,6.65,6.3,6.57,187700
2009-08-13,6.71,6.8,6.42,6.73,225800
2009-08-14,6.73,6.87,6.55,6.67,365300
2009-08-17,6.55,6.55,6.05,6.32,211000
2009-08-18,6.35,6.75,6.35,6.53,178800
2009-08-19,6.44,6.73,6.15,6.66,98600
2009-08-20,6.68,6.78,6.31,6.77,108800
2009-08-21,6.87,6.95,6.76,6.85,272400
2009-08-24,6.88,6.95,6.8,6.92,188800
2009-08-25,6.92,7.0,6.81,6.85,162000
2009-08-26,6.83,6.85,6.68,6.77,88500
2009-08-27,6.77,6.77,6.4,6.56,213800
2009-08-28,6.57,6.7,6.53,6.62,173700
2009-08-31,6.55,6.58,6.36,6.39,243500
2009-09-01,6.4,6.68,6.2,6.44,217400
2009-09-02,6.39,6.58,6.22,6.45,121200
2009-09-03,6.51,6.51,6.2706,6.43,180800
2009-09-04,6.4,6.58,6.33,6.5,271500
2009-09-08,6.56,6.79,6.51,6.79,369100
2009-09-09,6.95,7.05,6.7,6.95,376300
2009-09-10,6.9,7.37,6.85,7.32,392600
2009-09-11,7.37,7.55,7.0,7.27,313300
2009-09-14,7.29,7.5,7.12,7.47,216500
2009-09-15,7.47,7.67,7.33,7.53,283600
2009-09-16,7.58,8.06,7.53,8.06,629200
2009-09-17,7.81,8.19,7.72,7.95,364600
2009-09-18,7.95,8.04,7.41,7.68,268000
2009-09-21,7.44,7.74,7.25,7.67,303800
2009-09-22,7.84,8.1,7.72,7.92,261100
2009-09-23,7.9782,8.05,7.63,7.7,183100
2009-09-24,7.94,7.94,7.25,7.55,209500
2009-09-25,7.46,7.84,7.46,7.81,202900
2009-09-28,7.85,8.26,7.54,8.19,461800
2009-09-29,8.17,8.38,8.17,8.31,240300
2009-09-30,8.41,8.44,8.112,8.4,448000
2009-10-01,8.31,8.39,7.94,7.99,318200
2009-10-02,7.71,8.15,7.65,8.02,282300
2009-10-05,8.02,8.6,7.857,8.44,314400
2009-10-06,8.56,9.12,8.5,9.05,414200
2009-10-07,8.99,9.25,8.93,9.15,367300
2009-10-08,9.28,9.66,9.22,9.58,429700
2009-10-09,9.66,9.78,9.54,9.68,350200
2009-10-12,9.82,10.1,9.8,9.87,502700
2009-10-13,9.88,10.1,9.83,9.98,376000
2009-10-14,10.1,10.24,10.03,10.1,360300
2009-10-15,9.96,10.15,9.89,9.99,515700
2009-10-16,9.8,10.1,9.6,9.89,532900
2009-10-19,9.83,10.25,9.66,10.21,490200
2009-10-20,10.25,10.55,10.16,10.48,772600
2009-10-21,10.11,10.8,9.92,10.57,913100
2009-10-22,10.3,10.5993,10.058,10.2,571400
2009-10-23,10.28,10.34,9.8,10.2,531000
2009-10-26,10.18,10.77,9.8,9.96,582400
2009-10-27,9.98,10.14,9.66,9.73,371500
2009-10-28,9.73,9.8,8.5,8.62,564900
2009-10-29,9.06,9.48,8.7,9.22,408200
2009-10-30,9.19,9.35,8.7901,9.12,919600
2009-11-02,9.16,9.4,9.0,9.19,693800
2009-11-03,9.11,9.64,9.0,9.63,331900
2009-11-04,9.74,9.86,9.52,9.56,417000
2009-11-05,9.66,9.86,9.6,9.77,231100
2009-11-06,9.73,10.13,9.62,9.89,317300
2009-11-09,10.24,10.88,10.15,10.8,800000
2009-11-10,10.63,10.86,10.6,10.74,277700
2009-11-11,10.8,11.11,10.71,10.8,393600
2009-11-12,11.09,11.1,10.14,10.15,449900
2009-11-13,10.15,10.35,9.9,10.17,294000
2009-11-16,10.27,10.64,10.19,10.3,280300
2009-11-17,10.26,10.34,9.95,10.09,182300
2009-11-18,10.01,10.3,9.81,9.98,198200
2009-11-19,9.8,9.98,9.36,9.84,369800
2009-11-20,9.7,9.85,9.26,9.6,149000
2009-11-23,9.82,10.0992,9.57,9.63,339400
2009-11-24,9.51,9.82,9.3,9.4,195100
2009-11-25,9.42,9.83,9.4,9.67,266200
2009-11-27,9.5,9.6,9.0001,9.33,182600
2009-11-30,9.08,9.355,9.0,9.15,316900
2009-12-01,9.21,9.32,9.05,9.32,325900
2009-12-02,9.35,9.7,9.33,9.69,450500
2009-12-03,9.69,9.85,9.56,9.67,392800
2009-12-04,9.67,9.93,9.56,9.82,303800
2009-12-07,9.68,9.96,9.52,9.7,287300
2009-12-08,9.47,9.67,9.26,9.33,366200
2009-12-09,9.23,9.5,9.2,9.4,279800
2009-12-10,9.47,9.62,9.33,9.43,576500
2009-12-11,9.42,9.55,9.36,9.53,224200
2009-12-14,9.55,9.98,9.5,9.95,303800
2009-12-15,9.75,10.46,9.75,10.35,574800
2009-12-16,10.5,10.76,10.39,10.76,476000
2009-12-17,10.71,11.11,10.3,11.0,457700
2009-12-18,10.97,11.62,10.97,11.46,1241800
2009-12-21,11.48,11.61,10.86,11.25,491600
2009-12-22,11.45,11.6,11.2201,11.53,329300
2009-12-23,11.69,12.43,11.53,12.33,619600
2009-12-24,12.41,12.66,12.27,12.4,158200
2009-12-28,12.54,12.54,11.82,12.23,361700
2009-12-29,12.24,12.34,11.97,12.01,230900
2009-12-30,12.13,12.16,11.85,12.02,246100
2009-12-31,11.8001,12.03,11.8,11.84,158600
2010-01-04,11.9,12.61,11.9,12.57,360800
2010-01-05,12.57,12.76,12.32,12.74,240000
2010-01-06,12.87,13.86,12.87,13.62,721400
2010-01-07,13.43,13.62,12.43,13.17,684900
2010-01-08,12.92,13.25,12.81,13.04,345300
2010-01-11,13.5,13.64,12.1901,12.32,641700
2010-01-12,12.2,12.205,11.81,12.0,366900
2010-01-13,12.14,12.14,11.58,11.94,188100
2010-01-14,11.94,12.39,11.94,12.34,383600
2010-01-15,12.48,12.57,12.18,12.52,676000
2010-01-19,12.5,12.93,11.89,12.61,304300
2010-01-20,12.47,12.6,12.0,12.38,238300
2010-01-21,12.6499,12.65,11.95,12.1,742200
2010-01-22,12.0,12.07,11.65,11.91,437000
2010-01-25,11.99,12.13,11.53,12.12,450700
2010-01-26,12.02,12.15,11.53,11.66,415900
2010-01-27,11.6,11.65,11.34,11.64,343900
2010-01-28,11.75,11.77,11.11,11.3,529400
2010-01-29,11.4,11.536,10.78,11.05,748800
2010-02-01,11.13,11.22,10.86,10.95,614200
2010-02-02,11.0,11.76,11.0,11.59,746900
2010-02-03,11.68,11.82,11.2,11.78,398300
2010-02-04,11.68,11.68,10.9,11.08,662100
2010-02-05,10.82,11.32,10.47,11.15,514700
2010-02-08,11.11,11.49,11.07,11.13,269100
2010-02-09,11.3,11.65,11.19,11.44,337200
2010-02-10,11.85,12.11,11.66,12.07,972100
2010-02-11,12.16,12.45,11.91,12.31,282600
2010-02-12,12.19,12.5,12.0,12.37,251700
2010-02-16,12.87,12.87,12.4,12.61,405300
2010-02-17,12.94,12.94,12.47,12.51,216700
2010-02-18,12.31,12.61,12.0,12.5,233500
2010-02-19,12.52,12.52,12.12,12.23,254900
2010-02-22,12.31,12.3699,12.1,12.1,126800
2010-02-23,12.0,12.14,11.79,12.12,498600
2010-02-24,12.1,12.4,11.99,12.15,331500
2010-02-25,11.71,12.33,11.11,12.3,557000
2010-02-26,12.39,12.435,12.17,12.36,694400
2010-03-01,12.44,12.68,12.41,12.6,323000
2010-03-02,12.89,13.14,12.6,13.04,370600
2010-03-03,13.23,13.23,13.02,13.11,220400
2010-03-04,13.27,13.45,13.01,13.22,235400
2010-03-05,13.27,13.41,13.21,13.41,225900
2010-03-08,13.48,13.61,13.12,13.52,382200
2010-03-09,13.41,13.5,13.15,13.28,226800
2010-03-10,13.25,13.37,12.84,13.0,756100
2010-03-11,12.89,13.23,12.78,13.22,459400
2010-03-12,13.27,13.28,12.97,13.04,294900
2010-03-15,13.01,13.08,12.8002,12.97,325100
2010-03-16,13.0,13.1,12.75,12.95,169900
2010-03-17,13.09,13.58,13.01,13.29,464100
2010-03-18,13.39,13.5695,13.02,13.21,520100
2010-03-19,13.39,13.4,12.31,12.99,758100
2010-03-22,12.82,13.15,12.25,13.15,404500
2010-03-23,13.25,13.48,13.02,13.36,303300
2010-03-24,13.35,13.52,13.01,13.52,366200
2010-03-25,13.53,13.8,13.24,13.45,668700
2010-03-26,13.44,14.11,13.32,14.11,840900
2010-03-29,14.23,14.97,14.0,14.81,945100
2010-03-30,14.94,15.2,14.58,14.95,882900
2010-03-31,14.9,16.23,14.9,15.85,1948600
2010-04-01,16.05,17.0,16.04,16.7,1684700
2010-04-05,16.97,17.75,16.97,17.38,1479500
2010-04-06,17.69,18.0,17.1,17.59,1050700
2010-04-07,17.6,17.77,15.7,16.68,1663300
2010-04-08,16.35,16.69,15.4904,16.5,1481800
2010-04-09,16.71,17.33,16.63,17.15,937400
2010-04-12,16.42,17.21,16.19,16.59,1209400
2010-04-13,16.35,16.49,15.7,15.79,1474400
2010-04-14,15.8,16.09,15.4,15.48,1055000
2010-04-15,15.4,17.1,15.0,16.8,6186400
2010-04-16,16.57,16.86,16.06,16.85,1656500
2010-04-19,16.56,16.79,16.28,16.6,856500
2010-04-20,16.72,17.43,16.67,17.24,701100
2010-04-21,17.31,17.41,16.82,17.03,432400
2010-04-22,16.77,17.241,16.3,17.23,171300
2010-04-23,17.28,17.28,16.83,17.12,529300
2010-04-26,17.03,17.29,16.69,16.93,479500
2010-04-27,16.85,17.2,16.2884,16.62,385900
2010-04-28,16.75,16.75,15.87,16.34,498000
2010-04-29,16.71,16.71,15.88,16.36,572700
2010-04-30,16.31,16.55,15.93,16.26,1171700
2010-05-03,16.42,17.28,16.42,17.27,823500
2010-05-04,16.97,17.12,16.39,16.81,596200
2010-05-05,16.63,16.7,15.75,15.85,556800
2010-05-06,15.85,16.0,13.07,14.48,1310300
2010-05-07,14.0,14.4399,13.35,13.79,892700
2010-05-10,14.73,15.31,14.35,15.29,836000
2010-05-11,15.29,16.1064,14.93,15.59,612600
2010-05-12,15.57,16.24,15.57,15.95,634600
2010-05-13,15.81,15.95,15.01,15.29,840900
2010-05-14,15.32,15.32,14.04,14.38,737500
2010-05-17,14.26,14.5,13.54,13.69,748800
2010-05-18,14.09,14.4,13.24,13.36,608800
2010-05-19,13.21,13.45,12.65,13.08,632400
2010-05-20,12.66,12.92,12.05,12.37,1034700
2010-05-21,12.2,13.31,11.76,12.57,1277600
2010-05-24,12.64,12.9,12.5,12.58,364200
2010-05-25,12.11,12.79,11.72,12.77,637800
2010-05-26,13.24,14.04,13.24,13.33,957000
2010-05-27,13.93,14.66,13.83,14.61,493100
2010-05-28,14.62,14.95,14.08,14.43,828400
2010-06-01,14.0,14.41,13.24,13.35,492400
2010-06-02,13.53,14.6,13.2,14.42,401100
2010-06-03,14.5,15.15,13.93,15.08,499100
2010-06-04,14.72,15.09,13.5,13.73,600100
2010-06-07,14.33,14.33,13.14,13.21,585700
2010-06-08,13.3,13.7095,12.92,13.34,405500
2010-06-09,13.41,14.06,13.32,13.48,667100
2010-06-10,13.93,14.2424,13.64,14.15,394000
2010-06-11,14.14,14.4,13.78,14.4,329100
2010-06-14,14.92,14.94,13.9,14.01,468800
2010-06-15,14.11,14.42,13.98,14.13,848900
2010-06-16,14.15,14.37,13.92,14.21,402300
2010-06-17,14.27,14.27,13.96,14.0,580300
2010-06-18,14.13,14.19,13.85,14.07,550000
2010-06-21,14.27,14.85,14.1,14.15,772600
2010-06-22,14.43,14.43,13.665,13.79,549800
2010-06-23,13.76,13.98,13.36,13.69,263000
2010-06-24,13.51,13.8499,13.29,13.77,548100
2010-06-25,14.03,14.63,13.96,14.54,813100
2010-06-28,14.52,14.68,14.2,14.2,448800
2010-06-29,13.93,13.93,12.89,13.07,629300
2010-06-30,13.0,13.45,12.72,12.84,408800
2010-07-01,12.85,12.96,11.95,12.83,504600
2010-07-02,12.85,13.0,12.27,12.47,346500
2010-07-06,12.74,13.08,12.1201,12.31,670700
2010-07-07,12.5,12.73,12.15,12.72,593200
2010-07-08,13.01,13.32,12.71,12.99,534100
2010-07-09,12.93,13.67,12.93,13.56,398500
2010-07-12,13.57,13.97,13.24,13.66,378700
2010-07-13,14.03,14.72,13.87,14.47,517000
2010-07-14,14.32,14.83,14.01,14.7,439500
2010-07-15,14.6,14.85,14.0,14.72,484300
2010-07-16,14.48,14.6,14.03,14.16,382700
2010-07-19,14.09,14.47,13.78,13.85,345300
2010-07-20,13.52,14.41,12.99,14.38,392200
2010-07-21,14.48,14.6,13.96,13.98,468000
2010-07-22,14.2,15.13,14.16,15.01,722600
2010-07-23,15.06,15.68,14.51,15.58,663100
2010-07-26,15.61,16.08,15.51,16.06,669300
2010-07-27,16.2,16.2,14.91,15.1,730900
2010-07-28,15.1,15.2,14.55,14.97,427900
2010-07-29,14.97,15.28,14.7,14.78,354700
2010-07-30,14.7,14.88,14.46,14.68,600600
2010-08-02,15.05,15.6,15.03,15.13,516100
2010-08-03,15.2,15.68,14.99,15.16,354300
2010-08-04,15.34,15.48,15.07,15.21,330400
2010-08-05,15.21,15.58,15.01,15.21,240000
2010-08-06,15.0,15.435,14.66,14.89,492300
2010-08-09,15.53,15.85,15.25,15.71,748100
2010-08-10,15.65,16.91,15.53,16.36,1893500
2010-08-11,15.93,16.0,15.16,15.25,630700
2010-08-12,15.08,15.36,14.73,15.02,527100
2010-08-13,15.09,15.55,14.85,15.06,501000
2010-08-16,15.0,15.31,14.5,15.04,478900
2010-08-17,15.43,15.62,14.97,15.44,534700
2010-08-18,15.44,15.6,15.08,15.52,482500
2010-08-19,15.47,15.56,14.89,14.93,380800
2010-08-20,14.87,14.87,14.25,14.57,403000
2010-08-23,14.67,15.25,14.6,14.64,460900
2010-08-24,14.36,14.63,13.95,14.08,464900
2010-08-25,14.03,14.35,13.36,14.24,444700
2010-08-26,14.29,14.6599,13.87,13.98,475500
2010-08-27,14.1,14.52,13.73,14.4,442600
2010-08-30,14.34,14.59,14.02,14.02,180100
2010-08-31,13.96,14.35,13.89,14.04,331900
2010-09-01,14.38,14.97,14.33,14.96,472400
2010-09-02,14.89,15.28,14.64,15.2,494900
2010-09-03,15.44,15.7,15.12,15.48,414800
2010-09-07,15.35,15.45,14.86,15.13,383400
2010-09-08,15.23,15.38,14.94,15.2,313400
2010-09-09,15.45,15.6,15.1,15.37,399100
2010-09-10,15.42,15.55,15.06,15.11,1037100
2010-09-13,15.25,15.46,15.17,15.22,438200
2010-09-14,15.19,15.29,14.89,15.0,346700
2010-09-15,14.92,15.02,14.76,14.96,221200
2010-09-16,14.77,15.28,14.77,15.1,349200
2010-09-17,15.25,15.33,15.0,15.06,604000
2010-09-20,15.01,15.58,15.0,15.51,589500
2010-09-21,15.55,16.0,15.55,15.74,519300
2010-09-22,15.72,16.08,15.565,15.87,340500
2010-09-23,15.73,15.95,15.52,15.92,343600
2010-09-24,15.96,16.75,15.92,16.56,724900
2010-09-27,16.57,16.69,16.1,16.36,330100
2010-09-28,16.27,16.4,15.71,16.34,378300
2010-09-29,16.24,16.95,16.24,16.8,361400
2010-09-30,16.83,17.11,16.6,16.94,437700
2010-10-01,17.06,18.0,17.06,17.97,848000
2010-10-04,17.96,18.13,16.98,17.59,506600
2010-10-05,17.99,18.435,17.89,18.18,734100
2010-10-06,18.26,18.73,17.85,18.19,576800
2010-10-07,18.41,18.4899,17.82,17.96,385100
2010-10-08,17.97,18.89,17.91,18.67,518900
2010-10-11,19.01,19.5,18.99,19.15,427500
2010-10-12,19.43,19.5,18.54,18.7,577200
2010-10-13,18.92,19.0,18.6296,18.73,457800
2010-10-14,18.89,18.89,18.55,18.75,256500
2010-10-15,19.0,19.08,18.35,18.42,503300
2010-10-18,18.46,18.49,17.74,18.17,557300
2010-10-19,18.15,18.56,17.57,17.77,529700
2010-10-20,17.71,18.35,17.62,17.71,371400
2010-10-21,17.88,18.1,17.07,17.41,451200
2010-10-22,17.46,19.09,17.21,18.89,1293800
2010-10-25,19.17,19.53,19.11,19.3,754800
2010-10-26,19.22,19.51,19.06,19.26,383800
2010-10-27,19.1,19.38,18.73,19.3,252200
2010-10-28,19.41,19.66,19.14,19.22,355900
2010-10-29,19.06,19.82,18.6,19.68,452100
2010-11-01,19.9,19.98,18.53,18.97,501600
2010-11-02,19.24,19.5,18.89,19.14,309700
2010-11-03,19.24,19.37,18.86,19.37,443500
2010-11-04,19.74,20.22,19.73,20.21,737200
2010-11-05,20.24,20.73,20.04,20.65,755800
2010-11-08,21.43,21.98,20.88,20.97,597100
2010-11-09,21.29,21.36,19.91,20.05,668000
2010-11-10,20.07,20.34,19.95,20.32,428200
2010-11-11,20.09,20.4,20.021,20.32,362300
2010-11-12,20.24,20.32,19.11,19.5,528500
2010-11-15,19.66,19.83,19.1,19.22,493900
2010-11-16,19.05,19.08,18.35,18.67,636200
2010-11-17,18.5,19.3498,18.0,19.33,1632800
2010-11-18,19.5,21.0,19.47,20.78,1223200
2010-11-19,20.65,22.09,20.16,22.07,5307300
2010-11-22,21.95,22.84,21.69,22.75,1231500
2010-11-23,22.24,22.66,21.87,22.2,704200
2010-11-24,22.27,22.84,22.27,22.69,614600
2010-11-26,22.58,22.76,22.34,22.7,224700
2010-11-29,22.59,22.9,22.31,22.83,547700
2010-11-30,22.58,23.22,22.4512,22.85,678600
2010-12-01,23.48,23.87,23.15,23.4,1075400
2010-12-02,23.88,23.91,23.4,23.72,603500
2010-12-03,23.6,24.7,23.5,24.44,683200
2010-12-06,24.52,24.86,24.22,24.38,609900
2010-12-07,24.74,24.92,24.4,24.49,522600
2010-12-08,24.34,24.486,23.12,24.0,870600
2010-12-09,24.41,24.75,24.15,24.36,661700
2010-12-10,24.49,25.14,24.25,24.97,879600
2010-12-13,25.24,26.15,25.01,25.08,691300
2010-12-14,25.28,25.54,24.86,24.98,463900
2010-12-15,24.86,25.32,24.75,25.0,793900
2010-12-16,25.0,25.1699,24.69,25.0,568100
2010-12-17,24.9,25.19,24.5,25.19,1611700
2010-12-20,25.44,26.88,25.28,26.63,1002000
2010-12-21,26.79,27.48,26.63,27.12,524000
2010-12-22,27.55,27.55,26.9,27.26,425900
2010-12-23,27.51,27.55,26.88,27.37,306000
2010-12-27,27.35,27.35,26.63,27.21,236100
2010-12-28,27.36,27.4,27.01,27.12,257900
2010-12-29,27.0,28.43,27.0,27.87,342900
2010-12-30,27.84,28.325,27.66,27.69,278300
2010-12-31,27.74,27.87,27.0,27.21,390700
2011-01-03,27.58,28.43,27.0,27.22,618100
2011-01-04,27.46,27.47,26.08,26.42,866400
2011-01-05,26.25,27.44,26.0,27.35,410300
2011-01-06,27.51,27.72,26.75,27.01,385700
2011-01-07,27.2,27.25,26.47,26.77,368300
2011-01-10,26.67,27.51,26.3615,27.42,460800
2011-01-11,28.08,28.28,27.7,27.99,392800
2011-01-12,28.35,28.43,27.5,27.68,375600
2011-01-13,27.89,28.13,27.7,28.09,1131100
2011-01-14,28.0,28.18,27.84,27.98,572600
2011-01-18,28.15,28.7,27.85,28.0,450300
2011-01-19,28.0,28.0,27.44,27.49,678300
2011-01-20,27.27,27.27,25.79,26.37,838300
2011-01-21,26.49,26.9,25.12,25.8,1092500
2011-01-24,25.71,25.81,24.89,25.05,1125700
2011-01-25,24.98,24.98,23.86,24.18,1156200
2011-01-26,24.25,25.49,23.5,25.29,2349600
2011-01-27,25.63,26.24,25.16,25.46,1124100
2011-01-28,25.49,26.84,25.08,26.23,1384800
2011-01-31,26.56,27.75,26.36,27.57,1009800
2011-02-01,27.82,28.12,27.524,27.92,655200
2011-02-02,27.86,28.05,27.4019,27.59,530500
2011-02-03,27.88,27.88,27.16,27.43,433000
2011-02-04,27.59,27.7,26.63,26.76,659500
2011-02-07,27.0,27.52,26.75,26.9,406000
2011-02-08,27.02,27.66,26.55,27.15,577800
2011-02-09,27.09,27.63,26.71,26.85,463400
2011-02-10,26.72,27.35,26.41,27.28,422000
2011-02-11,27.38,28.7,27.15,28.63,1122200
2011-02-14,28.87,30.16,28.87,29.9,1188200
2011-02-15,30.11,30.3,28.2,28.56,1152400
2011-02-16,28.81,28.92,27.23,28.25,1484500
2011-02-17,28.41,28.41,27.49,27.87,1384400
2011-02-18,27.87,28.1,27.62,27.85,876600
2011-02-22,28.7,29.29,27.33,27.45,1447400
2011-02-23,27.41,28.6,27.25,28.32,1310000
2011-02-24,29.37,30.775,29.16,29.53,3291600
2011-02-25,29.69,31.76,29.65,31.7,12083800
2011-02-28,32.58,32.88,31.5,31.77,1942800
2011-03-01,32.1,32.1,31.055,32.05,2227900
2011-03-02,31.9,32.33,30.84,32.1,1644800
2011-03-03,32.13,32.81,31.41,32.55,1448300
2011-03-04,33.0,33.09,32.2,32.69,1403700
2011-03-07,33.73,33.98,31.72,32.45,1386100
2011-03-08,32.4,32.54,30.26,31.03,1472500
2011-03-09,31.04,31.27,29.95,30.13,1388600
2011-03-10,29.49,29.5,28.0,28.17,2265400
2011-03-11,27.9,29.7,27.25,29.48,1227400
2011-03-14,29.31,29.87,28.33,29.47,1072300
2011-03-15,28.23,29.44,27.76,29.08,1038300
2011-03-16,29.12,29.5,27.815,28.06,2011300
2011-03-17,28.68,30.27,28.51,29.58,1325800
2011-03-18,30.49,30.49,28.25,28.25,2840100
2011-03-21,28.52,29.5,27.8,29.44,2479400
2011-03-22,29.44,29.67,28.29,28.58,5319000
2011-03-23,28.05,28.05,25.56,25.96,9979400
2011-03-24,25.1,27.19,24.28,26.27,5158600
2011-03-25,26.2,27.6,25.65,27.3,2938100
2011-03-28,27.76,27.9,26.06,26.2,2572900
2011-03-29,26.07,27.15,25.51,26.91,2208500
2011-03-30,27.15,27.45,26.2601,27.4,1903800
2011-03-31,27.45,27.75,26.4,26.7,1567500
2011-04-01,26.95,27.25,25.9,26.0,1745300
2011-04-04,25.67,25.7,24.75,25.49,2919800
2011-04-05,25.2,25.6897,25.2,25.64,1617400
2011-04-06,25.75,25.96,23.99,24.16,3305400
2011-04-07,24.23,25.5,23.97,25.48,2662700
2011-04-08,25.94,26.44,25.77,25.92,2061400
2011-04-11,26.21,26.4,24.19,24.51,1539300
2011-04-12,24.02,24.04,23.15,23.54,2084100
2011-04-13,23.94,24.57,23.55,24.39,2421100
2011-04-14,24.27,24.27,23.36,23.72,1940200
2011-04-15,23.74,24.1,23.32,23.36,2114400
2011-04-18,22.91,22.94,21.78,22.1,3613700
2011-04-19,22.23,23.39,22.05,23.07,2296000
2011-04-20,23.66,23.98,22.99,23.69,2923400
2011-04-21,23.65,24.06,23.05,23.95,1293500
2011-04-25,24.02,25.3,23.43,24.86,3707600
2011-04-26,24.89,25.81,24.56,25.44,3300000
2011-04-27,25.53,25.55,24.25,24.63,2848400
2011-04-28,24.88,25.11,23.06,23.6,3132000
2011-04-29,23.81,23.97,23.31,23.76,1979800
2011-05-02,23.94,23.99,23.31,23.5,2331200
2011-05-03,23.42,23.46,21.27,22.25,2012200
2011-05-04,21.99,21.99,20.47,20.65,3698900
2011-05-05,20.15,20.69,19.14,19.8,4800000
2011-05-06,20.03,21.29,19.86,20.39,2763200
2011-05-09,20.53,21.52,20.44,21.32,3758800
2011-05-10,21.84,22.32,19.51,21.38,8771200
2011-05-11,21.29,21.37,19.89,20.72,4620500
2011-05-12,20.38,21.01,20.0,20.19,3723500
2011-05-13,20.23,20.73,19.96,20.06,2608300
2011-05-16,19.81,20.52,19.44,19.49,2082400
2011-05-17,19.37,19.42,18.51,18.55,3024100
2011-05-18,18.66,20.72,18.5,20.72,3127000
2011-05-19,20.95,21.06,20.15,20.29,1627800
2011-05-20,20.15,21.025,19.65,20.73,1649300
2011-05-23,20.1,20.1,19.35,19.56,1900000
2011-05-24,19.92,20.31,19.53,19.95,2058300
2011-05-25,19.93,20.02,19.0,19.62,3913500
2011-05-26,19.58,20.67,19.55,20.07,2249100
2011-05-27,20.32,20.85,19.93,20.28,1496600
2011-05-31,20.61,20.89,19.7467,20.1,2062000
2011-06-01,19.98,20.2,18.64,18.84,2578100
2011-06-02,19.02,19.2,18.33,18.59,1703600
2011-06-03,18.05,18.62,17.42,17.55,2752600
2011-06-06,17.8,17.86,16.82,17.03,1930800
2011-06-07,16.87,17.8,16.63,17.46,2144500
2011-06-08,18.02,19.21,17.75,17.84,3439400
2011-06-09,18.22,18.75,17.94,18.75,1812900
2011-06-10,18.66,19.29,18.17,18.82,2428900
2011-06-13,18.84,19.06,17.76,18.49,1804500
2011-06-14,18.68,19.04,18.45,18.92,1165400
2011-06-15,18.83,20.3594,18.62,19.21,4354200
2011-06-16,19.38,19.41,17.87,18.29,2534400
2011-06-17,18.31,18.65,17.81,18.07,2126300
2011-06-20,17.87,18.14,17.24,17.62,1892400
2011-06-21,17.79,18.28,17.71,18.19,1471600
2011-06-22,18.09,18.52,18.01,18.22,1505000
2011-06-23,17.89,19.1,16.94,19.0,3427000
2011-06-24,19.02,19.44,18.83,19.3,2436100
2011-06-27,19.17,20.18,18.65,20.05,1254500
2011-06-28,20.03,22.0,20.03,21.53,2222600
2011-06-29,21.73,22.73,21.37,22.3,1984100
2011-06-30,22.665,23.34,21.75,22.15,1857200
2011-07-01,21.98,22.68,21.62,21.98,2070800
2011-07-05,21.9,22.46,21.82,22.35,1297500
2011-07-06,22.28,23.29,22.08,22.96,1421100
2011-07-07,23.25,24.315,23.2,23.8,1619400
2011-07-08,23.29,23.99,23.13,23.41,958000
2011-07-11,23.03,23.05,21.21,21.47,1778400
2011-07-12,21.28,23.0,21.28,22.09,1346100
2011-07-13,22.4,24.08,22.3,22.83,2568800
2011-07-14,23.18,23.78,21.955,22.04,1144400
2011-07-15,22.77,23.55,22.5,22.8,1465900
2011-07-18,22.89,24.01,22.23,22.72,1496600
2011-07-19,23.11,24.85,23.11,24.38,2692900
2011-07-20,24.63,24.64,23.79,24.52,1328200
2011-07-21,25.01,25.01,24.39,24.5,829500
2011-07-22,24.32,24.64,24.06,24.42,690400
2011-07-25,23.77,24.31,23.4,23.45,993500
2011-07-26,23.54,23.8,22.9,23.28,848800
2011-07-27,22.92,23.07,21.94,22.66,1037400
2011-07-28,22.58,23.01,21.9,22.03,802900
2011-07-29,21.53,22.31,21.11,22.14,892900
2011-08-01,23.01,23.54,21.68,22.37,805500
2011-08-02,22.21,22.68,21.13,21.14,595900
2011-08-03,21.19,21.34,19.38,20.88,1249300
2011-08-04,20.62,20.62,18.9,19.18,1567600
2011-08-05,19.5,19.72,17.5,18.16,2149000
2011-08-08,17.23,17.48,13.25,13.25,3539500
2011-08-09,15.72,18.98,14.57,18.52,5174800
2011-08-10,18.0,19.38,17.08,17.81,2373500
2011-08-11,18.48,20.24,18.02,19.78,2229300
2011-08-12,20.02,20.48,18.15,18.75,1941000
2011-08-15,18.99,19.83,18.92,19.15,1635400
2011-08-16,18.75,18.77,17.77,18.13,1116500
2011-08-17,18.43,19.29,18.05,19.06,1203200
2011-08-18,18.01,18.32,17.15,18.07,1541900
2011-08-19,17.13,18.19,17.13,18.04,1150900
2011-08-22,18.38,18.5,17.29,17.31,1090200
2011-08-23,17.5,18.11,16.92,17.8,1408900
2011-08-24,17.86,18.5,17.42,18.14,1123500
2011-08-25,18.47,18.63,17.5,17.83,780200
2011-08-26,17.58,18.9693,17.18,18.91,945700
2011-08-29,19.29,20.2,19.06,20.13,881200
2011-08-30,19.91,20.98,19.331,20.84,818800
2011-08-31,21.12,21.25,20.06,20.42,911500
2011-09-01,20.36,20.59,19.55,19.69,985000
2011-09-02,19.37,19.55,18.5,18.86,675300
2011-09-06,19.16,19.21,18.14,19.16,763800
2011-09-07,19.51,20.57,19.27,20.32,1301900
2011-09-08,19.64,20.57,19.63,19.98,587500
2011-09-09,19.4447,20.23,19.0,19.74,909600
2011-09-12,19.72,20.12,19.095,20.07,1020700
2011-09-13,20.2,21.54,19.69,21.0,1638800
2011-09-14,21.36,21.73,20.65,21.43,754500
2011-09-15,21.28,22.79,21.27,22.412,1595300
2011-09-16,22.62,22.94,22.0,22.93,2358800
2011-09-19,22.5,22.66,21.595,22.03,1019700
2011-09-20,22.05,22.64,21.19,21.19,799200
2011-09-21,22.52,24.1,21.61,21.67,2472100
2011-09-22,20.98,20.9806,19.06,20.11,1559100
2011-09-23,20.36,21.0,19.47,19.76,923200
2011-09-26,20.36,20.8,19.41,20.73,877300
2011-09-27,21.2476,22.49,21.06,21.45,845100
2011-09-28,21.54,21.8,19.5,19.64,945900
2011-09-29,20.48,20.65,19.25,19.87,749400
2011-09-30,19.27,19.96,18.88,19.39,869400
2011-10-03,18.92,19.62,17.65,17.86,1421600
2011-10-04,17.52,20.95,16.5,20.76,2081000
2011-10-05,20.26,20.47,19.3,19.71,1238800
2011-10-06,19.37,19.5,18.52,19.16,1610100
2011-10-07,19.48,19.48,18.2,18.79,1513100
2011-10-10,19.32,20.6,19.25,20.1,942000
2011-10-11,19.66,20.42,19.52,20.09,828500
2011-10-12,20.69,20.759,19.53,19.66,1088700
2011-10-13,19.5,19.7,18.96,19.59,689800
2011-10-14,19.73,20.97,19.73,20.87,751400
2011-10-17,21.01,21.6,20.82,20.96,1334900
2011-10-18,21.2,22.16,20.34,21.91,1244400
2011-10-19,21.78,22.48,21.225,21.41,777200
2011-10-20,21.41,21.8,20.64,21.36,624400
2011-10-21,21.85,22.49,21.5,21.99,962700
2011-10-24,21.88,22.5,21.88,22.45,1148300
2011-10-25,22.44,22.67,21.25,21.32,940700
2011-10-26,21.64,22.31,20.91,22.28,945800
2011-10-27,22.71,25.0,22.58,24.91,2330500
2011-10-28,24.57,25.42,24.19,24.63,852700
2011-10-31,23.53,24.65,23.4,24.17,765700
2011-11-01,22.86,23.43,22.1,22.77,1219200
2011-11-02,23.25,24.09,22.78,23.67,866400
2011-11-03,24.605,25.75,23.3,25.63,1593300
2011-11-04,24.92,26.75,24.92,26.68,1392600
2011-11-07,26.5,27.18,26.2,26.95,1593700
2011-11-08,27.42,27.7,26.76,26.84,2250600
2011-11-09,25.99,25.99,22.46,22.61,3214700
2011-11-10,23.28,23.48,21.36,22.39,2169000
2011-11-11,22.71,23.58,22.54,23.58,1897200
2011-11-14,23.74,24.44,22.86,23.18,952000
2011-11-15,22.96,23.73,22.73,23.32,779800
2011-11-16,23.04,25.09,23.0,23.73,1800400
2011-11-17,23.73,24.14,22.55,22.85,1151000
2011-11-18,23.27,23.379,22.59,22.74,767400
2011-11-21,22.45,23.08,21.6,22.82,1235300
2011-11-22,22.95,23.3,22.23,22.69,757600
2011-11-23,22.25,22.3,21.04,21.21,1099500
2011-11-25,21.0,21.503,20.43,20.54,337600
2011-11-28,22.25,22.25,21.5,22.2,854500
2011-11-29,22.45,23.08,21.9,22.9,957300
2011-11-30,24.08,24.58,23.67,24.49,1104500
2011-12-01,24.4,25.36,24.1,24.64,1425900
2011-12-02,25.92,25.92,24.2,24.26,1424300
2011-12-05,24.94,25.67,24.62,25.3,1352500
2011-12-06,25.33,26.25,24.7104,25.84,1141800
2011-12-07,25.37,26.21,25.02,25.57,896900
2011-12-08,25.42,25.57,24.07,24.23,729100
2011-12-09,24.17,25.19,24.0,24.96,716200
2011-12-12,24.31,24.4099,23.1,23.98,1075900
2011-12-13,24.33,24.91,23.32,23.68,1079500
2011-12-14,23.26,23.48,21.65,21.74,1292000
2011-12-15,22.32,22.75,21.7502,22.25,973000
2011-12-16,22.55,22.79,22.07,22.59,1105400
2011-12-19,22.76,23.07,21.55,21.67,654000
2011-12-20,22.33,23.98,22.23,23.57,1204900
2011-12-21,23.36,24.14,22.97,23.96,588200
2011-12-22,24.07,24.47,23.83,24.16,496300
2011-12-23,24.18,24.35,23.92,24.15,276400
2011-12-27,23.56,24.65,23.32,24.36,384800
2011-12-28,23.83,24.31,23.1826,23.39,511600
2011-12-29,23.83,24.09,23.3,23.77,572700
2011-12-30,23.99,24.23,23.61,23.98,437800
2012-01-03,24.52,25.39,24.5001,24.89,2019900
2012-01-04,25.19,25.81,24.65,25.72,774100
2012-01-05,25.21,25.4499,24.27,25.18,1284300
2012-01-06,25.49,25.49,24.22,24.22,928000
2012-01-09,24.48,25.17,24.05,24.52,751700
2012-01-10,25.16,25.58,24.94,25.37,831300
2012-01-11,24.63,25.59,24.63,25.27,731000
2012-01-12,25.23,25.78,24.52,24.61,879700
2012-01-13,24.48,24.54,24.0,24.51,628000
2012-01-17,24.94,25.49,24.72,25.23,606700
2012-01-18,25.27,26.11,25.21,26.0,1208400
2012-01-19,26.06,26.65,25.99,26.58,1150300
2012-01-20,26.47,26.49,24.51,25.04,1625600
2012-01-23,25.0,26.1,25.0,25.99,874600
2012-01-24,25.79,26.41,25.55,26.33,939200
2012-01-25,26.35,27.48,26.05,27.07,1354700
2012-01-26,27.3,28.0,26.16,26.21,1337600
2012-01-27,26.0,26.79,25.8,26.44,1062500
2012-01-30,26.27,26.27,25.18,25.27,1148000
2012-01-31,25.64,25.99,24.55,25.0,1035000
2012-02-01,25.03,25.24,24.39,24.73,1486000
2012-02-02,24.85,25.54,24.62,24.95,658300
2012-02-03,25.49,25.7,25.2,25.25,970500
2012-02-06,25.19,25.72,24.73,25.61,520800
2012-02-07,25.18,25.71,24.9103,25.25,784500
2012-02-08,25.39,25.4,24.24,24.35,1660700
2012-02-09,24.57,24.57,23.05,24.11,1816300
2012-02-10,23.66,23.66,22.99,23.09,1382700
2012-02-13,23.49,23.85,23.1,23.64,1161900
2012-02-14,23.57,23.78,23.1,23.74,1401400
2012-02-15,24.0,24.2,23.35,23.43,1696200
2012-02-16,23.42,24.49,23.15,24.38,1218200
2012-02-17,24.61,24.72,23.9,24.19,795100
2012-02-21,24.37,24.58,23.98,24.14,854100
2012-02-22,24.08,24.47,23.77,24.42,948300
2012-02-23,24.4,25.0,23.75,24.81,1027000
2012-02-24,24.94,25.81,24.76,25.59,1166700
2012-02-27,25.38,26.21,25.0,25.9,1455300
2012-02-28,26.07,26.07,24.76,25.13,1503400
2012-02-29,25.64,25.7,22.8,23.71,2975500
2012-03-01,23.35,24.27,23.17,23.47,2458600
2012-03-02,23.41,23.48,22.69,22.93,1706100
2012-03-05,22.71,23.16,22.5,22.87,1143700
2012-03-06,22.41,22.57,21.91,22.46,1204200
2012-03-07,22.5,23.08,22.23,22.98,1000200
2012-03-08,22.63,23.3239,22.63,23.13,1030500
2012-03-09,22.11,23.66,22.11,23.34,1280500
2012-03-12,23.37,23.37,22.56,22.8,672400
2012-03-13,22.95,23.14,22.5701,22.86,1021400
2012-03-14,22.82,23.0,22.23,22.33,767200
2012-03-15,22.31,22.54,21.83,21.99,1121800
2012-03-16,22.72,22.72,21.9,22.13,1330800
2012-03-19,22.44,22.49,21.76,22.12,963800
2012-03-20,22.69,22.69,22.03,22.06,1909800
2012-03-21,22.14,22.2,21.84,21.98,1256400
2012-03-22,21.7,21.73,21.12,21.33,969500
2012-03-23,21.25,21.74,21.14,21.63,1004600
2012-03-26,22.02,22.29,21.62,21.91,827700
2012-03-27,21.88,22.0,21.01,21.21,1018700
2012-03-28,21.03,21.15,20.04,20.94,1608600
2012-03-29,20.68,21.06,20.29,20.86,975600
2012-03-30,21.13,21.21,20.48,20.74,787600
2012-04-02,20.71,21.4,20.37,21.04,1017700
2012-04-03,20.94,21.27,20.74,21.14,851000
2012-04-04,20.76,20.93,20.25,20.32,1105700
2012-04-05,20.31,20.65,20.01,20.19,724200
2012-04-09,20.49,20.51,19.83,20.22,1011500
2012-04-10,20.26,20.4,19.42,19.78,1394800
2012-04-11,20.12,20.46,19.74,19.89,1049400
2012-04-12,19.97,20.69,19.9,20.49,860400
2012-04-13,20.54,20.54,19.9,19.94,892300
2012-04-16,20.04,20.146,18.73,19.0,2252800
2012-04-17,19.14,19.71,18.99,19.6,1262000
2012-04-18,19.48,19.65,19.25,19.4,805800
2012-04-19,19.47,19.8,19.27,19.79,1652500
2012-04-20,20.04,20.21,19.6,19.78,1309100
2012-04-23,19.46,19.46,18.88,19.19,1544600
2012-04-24,19.18,19.49,19.01,19.18,513700
2012-04-25,19.45,19.68,19.1,19.57,743000
2012-04-26,19.52,20.0,19.38,19.69,619800
2012-04-27,19.74,19.89,19.25,19.47,660900
2012-04-30,19.47,19.65,19.01,19.47,653900
2012-05-01,19.53,20.02,19.26,19.34,1174800
2012-05-02,19.06,19.37,18.94,19.28,676900
2012-05-03,19.33,19.42,18.92,19.07,1285700
2012-05-04,18.81,19.12,18.322,18.69,924700
2012-05-07,18.05,19.09,17.99,18.78,1067400
2012-05-08,18.51,18.71,17.97,18.64,1226700
2012-05-09,18.36,18.8,18.11,18.47,888300
2012-05-10,18.6,19.02,18.47,18.66,580000
2012-05-11,18.44,19.02,18.22,18.59,685100
2012-05-14,18.33,18.37,17.96,18.03,963100
2012-05-15,18.02,18.28,17.77,17.9,1403900
2012-05-16,17.97,18.45,17.605,17.64,832400
2012-05-17,17.71,17.9499,17.255,17.28,940600
2012-05-18,17.29,17.8,17.09,17.18,860000
2012-05-21,17.22,17.68,17.0,17.44,1201100
2012-05-22,17.69,17.83,16.85,17.06,1059800
2012-05-23,16.86,17.61,16.54,17.52,1031400
2012-05-24,17.58,17.7,16.86,17.2,750100
2012-05-25,17.01,17.75,17.01,17.58,1104500
2012-05-29,17.83,18.64,17.73,18.41,1049600
2012-05-30,17.93,18.1093,17.61,17.75,548100
2012-05-31,17.7,18.15,16.995,17.93,1260400
2012-06-01,17.37,17.39,16.63,16.63,1417300
2012-06-04,16.63,17.03,16.26,16.78,1350600
2012-06-05,16.68,17.34,16.68,17.26,832500
2012-06-06,17.5,18.04,17.39,17.74,856300
2012-06-07,18.23,18.4,17.2,17.26,1017800
2012-06-08,17.26,17.96,16.87,17.3,806300
2012-06-11,17.63,17.91,16.72,16.72,680100
2012-06-12,16.94,17.13,16.5,17.07,587400
2012-06-13,17.02,17.34,16.48,16.6,675400
2012-06-14,16.69,17.2,16.42,17.12,794600
2012-06-15,17.13,17.65,16.83,17.61,1188400
2012-06-18,17.38,17.4,16.79,16.88,1076100
2012-06-19,16.96,17.31,16.92,17.2,996600
2012-06-20,17.14,17.25,16.6,16.77,1622500
2012-06-21,16.72,16.85,15.74,15.93,1835400
2012-06-22,16.11,16.3,15.57,15.99,1455500
2012-06-25,15.67,15.67,15.0,15.19,796400
2012-06-26,15.3,15.48,14.94,15.24,1092500
2012-06-27,15.44,15.62,15.23,15.35,1000800
2012-06-28,15.18,15.54,14.95,15.41,996200
2012-06-29,15.94,16.1,15.78,15.94,1847000
2012-07-02,15.76,16.21,15.73,16.19,820600
2012-07-03,16.31,17.12,16.271,17.06,891200
2012-07-05,16.98,17.15,16.66,16.72,511800
2012-07-06,16.47,16.55,16.11,16.3,481700
2012-07-09,16.27,16.34,15.97,16.01,714800
2012-07-10,16.1,16.1885,15.11,15.27,824900
2012-07-11,15.38,15.89,15.3,15.51,1560300
2012-07-12,15.32,15.45,15.01,15.16,1286800
2012-07-13,15.28,15.3,15.06,15.24,1115600
2012-07-16,15.15,15.26,15.03,15.1,1023500
2012-07-17,15.24,15.3,14.67,15.18,873700
2012-07-18,15.08,15.93,15.06,15.74,774800
2012-07-19,15.89,16.44,15.8501,16.3,1041600
2012-07-20,16.12,16.1999,15.68,16.0,838800
2012-07-23,15.57,15.62,15.0,15.16,821800
2012-07-24,15.17,15.24,14.86,14.95,1271000
2012-07-25,15.04,15.2,14.5,14.83,962100
2012-07-26,15.16,15.2399,14.4,14.74,1211700
2012-07-27,14.85,15.33,14.52,15.25,1152700
2012-07-30,15.21,15.65,15.17,15.58,673200
2012-07-31,15.61,15.92,15.55,15.76,849300
2012-08-01,15.81,16.24,15.52,15.85,1184900
2012-08-02,15.61,16.09,14.92,15.22,870300
2012-08-03,15.6,15.98,15.27,15.37,903000
2012-08-06,15.44,15.82,15.38,15.73,650300
2012-08-07,15.89,17.02,15.89,16.77,1375500
2012-08-08,16.72,16.9,16.4,16.5,815400
2012-08-09,17.01,17.3499,16.56,16.58,1075100
2012-08-10,16.9,17.05,16.54,16.78,763900
2012-08-13,16.82,17.1,16.6,16.67,654200
2012-08-14,16.87,17.36,16.66,17.18,926100
2012-08-15,17.14,17.62,17.14,17.5,651300
2012-08-16,17.55,17.99,17.4,17.71,647500
2012-08-17,17.67,17.82,17.43,17.63,445200
2012-08-20,17.65,17.8,17.45,17.51,390800
2012-08-21,17.59,17.81,16.95,16.96,867400
2012-08-22,16.87,17.11,16.74,17.04,332900
2012-08-23,16.93,16.9899,16.41,16.46,877500
2012-08-24,16.58,16.95,16.495,16.63,951900
2012-08-27,16.68,16.87,16.48,16.54,549100
2012-08-28,16.55,17.0,16.55,16.96,531700
2012-08-29,17.02,17.077,16.68,16.71,285800
2012-08-30,16.62,16.66,16.33,16.33,705300
2012-08-31,16.58,16.6,16.1817,16.34,527600
2012-09-04,16.29,17.08,16.11,16.82,867000
2012-09-05,16.75,17.02,16.65,16.74,659100
2012-09-06,16.98,17.48,16.91,17.205,650400
2012-09-07,17.4,18.669,17.22,18.43,1017500
2012-09-10,18.46,19.13,18.46,18.65,840100
2012-09-11,18.83,19.08,18.62,18.78,634800
2012-09-12,18.99,18.99,18.41,18.52,645100
2012-09-13,18.55,18.95,18.371,18.95,1524000
2012-09-14,19.16,19.7,19.11,19.39,1165600
2012-09-17,19.18,19.52,18.91,19.03,423700
2012-09-18,19.04,19.21,18.39,18.57,762500
2012-09-19,18.54,18.55,17.36,17.91,1856200
2012-09-20,17.63,18.03,17.62,17.82,694800
2012-09-21,17.93,18.0575,17.62,17.79,1662000
2012-09-24,17.59,17.73,17.35,17.5,457700
2012-09-25,17.6,17.83,17.17,17.21,697600
2012-09-26,17.03,17.13,16.5,16.61,814900
2012-09-27,16.76,17.31,16.59,16.92,757700
2012-09-28,16.82,17.33,16.71,16.99,684600
2012-10-01,16.62,17.05,16.35,16.44,1731800
2012-10-02,16.47,16.86,16.2,16.32,799400
2012-10-03,16.38,16.42,15.96,16.05,880100
2012-10-04,16.09,16.4,16.07,16.29,416000
2012-10-05,16.43,16.66,16.23,16.3,599900
2012-10-08,16.2,16.98,16.19,16.65,845400
2012-10-09,16.71,17.28,16.71,17.19,911300
2012-10-10,17.2,17.48,16.9501,17.04,863200
2012-10-11,17.2,17.55,17.15,17.41,685200
2012-10-12,17.31,17.59,16.97,17.18,814900
2012-10-15,17.23,17.35,16.83,17.15,345900
2012-10-16,17.32,17.76,17.1548,17.76,425100
2012-10-17,17.73,17.88,17.18,17.36,1457700
2012-10-18,17.1,17.2499,16.02,16.74,3149600
2012-10-19,16.48,16.63,15.97,16.21,1127400
2012-10-22,16.32,16.55,15.54,15.64,890800
2012-10-23,15.28,15.68,15.07,15.48,905800
2012-10-24,15.59,15.61,15.0,15.07,722200
2012-10-25,15.2,15.4,14.97,15.32,665700
2012-10-26,15.36,15.5,15.14,15.23,408000
2012-10-31,15.26,15.59,14.85,15.16,593900
2012-11-01,15.19,15.68,15.0,15.6,1569200
2012-11-02,15.67,15.67,15.31,15.36,556000
2012-11-05,15.35,15.7898,15.28,15.7,558600
2012-11-06,15.87,16.0,15.5,15.9,479200
2012-11-07,15.59,15.59,14.9,15.05,795300
2012-11-08,15.2,15.43,14.5,14.59,963000
2012-11-09,14.5,14.95,14.27,14.53,722500
2012-11-12,14.56,14.6,14.08,14.16,804900
2012-11-13,14.0,14.51,14.0,14.38,610500
2012-11-14,14.26,14.31,13.75,13.97,1424600
2012-11-15,13.87,14.19,13.73,14.1,835500
2012-11-16,14.18,14.55,13.95,14.4995,956700
2012-11-19,14.76,15.17,14.73,14.96,793800
2012-11-20,14.86,14.97,14.62,14.83,737400
2012-11-21,14.86,15.05,14.6701,14.85,605500
2012-11-23,14.9,15.22,14.85,15.04,187700
2012-11-26,14.91,15.17,14.81,15.005,401600
2012-11-27,14.93,15.26,14.78,14.79,655700
2012-11-28,14.64,15.13,14.58,15.13,671500
2012-11-29,15.33,15.64,15.22,15.53,745700
2012-11-30,15.51,15.9,15.48,15.7,668200
2012-12-03,15.7,15.99,15.7,15.7509,724800
2012-12-04,15.71,16.18,15.71,15.86,607500
2012-12-05,15.89,16.35,15.84,16.16,801200
2012-12-06,16.1,16.29,15.8107,16.2,656200
2012-12-07,16.27,16.61,16.111,16.45,665600
2012-12-10,16.4,16.79,16.31,16.5,1108100
2012-12-11,16.6,16.88,16.5,16.62,614600
2012-12-12,16.74,16.79,16.48,16.6,612700
2012-12-13,16.61,16.61,16.16,16.16,564600
2012-12-14,16.22,16.47,16.07,16.24,504100
2012-12-17,16.41,16.44,16.14,16.37,696100
2012-12-18,16.4,16.98,16.35,16.94,437200
2012-12-19,16.95,17.09,16.6114,16.9,469700
2012-12-20,16.99,17.09,16.66,17.08,476900
2012-12-21,16.8,17.24,16.52,17.18,1630500
2012-12-24,16.7,17.0,16.7,16.98,279000
2012-12-26,16.99,17.17,16.79,16.85,406400
2012-12-27,16.9,16.91,16.01,16.34,788000
2012-12-28,16.16,16.44,16.0801,16.21,447200
2012-12-31,16.11,16.88,16.11,16.82,655000
2013-01-02,17.17,17.39,16.7,17.08,830300
2013-01-03,17.17,17.43,16.79,16.95,509400
2013-01-04,17.14,17.281,16.95,17.19,343100
2013-01-07,17.04,17.18,16.98,17.1,551000
2013-01-08,17.1,17.24,17.01,17.07,508600
2013-01-09,17.18,17.35,17.07,17.26,373400
2013-01-10,17.39,17.45,17.07,17.25,472300
2013-01-11,17.31,17.31,16.79,17.07,662300
2013-01-14,17.0,17.245,16.8,17.0,445200
2013-01-15,16.98,17.19,16.8942,17.16,394800
2013-01-16,17.17,17.3,16.95,17.25,342200
2013-01-17,17.36,17.48,17.16,17.3,384700
2013-01-18,17.38,17.46,17.17,17.46,454300
2013-01-22,17.41,17.45,17.09,17.45,602100
2013-01-23,17.36,17.55,17.068,17.28,459300
2013-01-24,17.35,17.5,17.0701,17.27,333500
2013-01-25,17.31,17.4,17.06,17.31,299500
2013-01-28,17.25,17.4,17.15,17.26,411200
2013-01-29,17.2,17.38,17.005,17.14,700100
2013-01-30,17.19,17.44,16.94,17.01,1013300
2013-01-31,16.69,16.74,16.22,16.54,796700
2013-02-01,16.61,16.64,16.3,16.34,497100
2013-02-04,16.22,16.3599,15.831,15.93,711300
2013-02-05,16.13,16.24,16.06,16.18,760700
2013-02-06,16.05,16.38,15.95,16.35,549500
2013-02-07,16.34,16.4,16.04,16.08,389000
2013-02-08,16.09,16.279,16.0,16.21,382200
2013-02-11,16.23,16.24,15.9,15.97,343000
2013-02-12,15.4,15.44,14.34,15.23,3104200
2013-02-13,15.41,15.41,14.79,15.02,831000
2013-02-14,14.93,15.2467,14.86,14.91,631900
2013-02-15,15.06,15.06,14.29,14.31,1030800
2013-02-19,14.46,14.77,14.43,14.69,797900
2013-02-20,14.68,14.68,14.0,14.0,811700
2013-02-21,14.0,14.1,13.46,13.86,1445400
2013-02-22,14.05,14.2,13.87,14.13,615400
2013-02-25,14.29,14.41,13.5,13.5,622800
2013-02-26,13.64,13.6413,13.15,13.48,555300
2013-02-27,13.52,14.035,13.45,13.96,1371500
2013-02-28,13.96,14.16,13.68,13.71,884400
2013-03-01,13.53,14.33,13.34,14.13,2208500
2013-03-04,14.08,14.45,13.36,13.62,1486600
2013-03-05,13.7,14.03,13.68,13.92,918500
2013-03-06,14.02,14.56,13.968,14.53,1214700
2013-03-07,14.58,14.94,14.58,14.93,827600
2013-03-08,15.02,15.18,14.8,15.06,515700
2013-03-11,15.03,15.16,14.81,15.02,379900
2013-03-12,14.99,15.14,14.86,14.92,442800
2013-03-13,14.9,15.06,14.85,14.87,344400
2013-03-14,14.95,15.08,14.76,15.03,644100
2013-03-15,15.06,15.32,14.71,15.06,1188400
2013-03-18,14.91,15.26,14.75,14.93,588200
2013-03-19,14.92,15.06,14.4301,14.62,438100
2013-03-20,14.8,14.8,14.36,14.64,333300
2013-03-21,14.603,14.85,14.43,14.58,331400
2013-03-22,14.71,14.72,14.43,14.49,675600
2013-03-25,14.61,14.8,14.19,14.21,558800
2013-03-26,14.27,14.5,14.15,14.41,500500
2013-03-27,14.28,14.61,14.28,14.52,554800
2013-03-28,14.58,14.71,14.31,14.38,535800
2013-04-01,14.33,14.48,14.0,14.14,713000
2013-04-02,14.25,14.3,13.85,13.94,490500
2013-04-03,13.95,14.1,13.4,13.4,1197100
2013-04-04,13.41,13.61,13.17,13.48,923300
2013-04-05,13.15,13.75,13.15,13.73,368800
2013-04-08,13.79,14.37,13.76,14.27,727100
2013-04-09,14.3,14.64,14.23,14.35,451700
2013-04-10,14.38,14.96,14.33,14.83,841100
2013-04-11,14.8,14.99,14.51,14.63,362300
2013-04-12,14.47,14.53,14.0,14.03,479200
2013-04-15,13.89,13.89,12.77,12.79,1249000
2013-04-16,12.93,13.21,12.79,13.08,1755000
2013-04-17,12.97,12.97,12.27,12.3,964500
2013-04-18,12.41,12.73,12.04,12.73,863900
2013-04-19,12.72,12.73,12.39,12.61,481400
2013-04-22,12.65,12.7636,12.37,12.69,467000
2013-04-23,12.72,12.86,12.55,12.85,332800
2013-04-24,12.89,13.255,12.89,13.2,379600
2013-04-25,12.95,13.31,12.71,12.83,976400
2013-04-26,12.75,12.87,12.41,12.55,612900
2013-04-29,12.63,13.15,12.63,13.02,642200
2013-04-30,13.0,13.05,12.78,12.89,655500
2013-05-01,12.75,12.836,12.0,12.0,10266300
2013-05-02,12.14,12.68,12.03,12.55,1293800
2013-05-03,12.76,13.14,12.72,13.03,1498200
2013-05-06,13.1,13.37,12.95,13.11,1151900
2013-05-07,13.6,13.63,12.76,13.08,1302800
2013-05-08,13.24,13.4,13.01,13.3,794200
2013-05-09,13.22,13.63,13.01,13.51,1230600
2013-05-10,13.45,13.79,13.15,13.75,785000
2013-05-13,13.78,14.005,13.64,13.84,750800
2013-05-14,13.8,14.19,13.5,14.14,597600
2013-05-15,14.03,14.16,13.85,14.07,855300
2013-05-16,13.97,14.06,13.77,13.84,438400
2013-05-17,13.98,14.265,13.87,14.25,536900
2013-05-20,14.23,14.68,14.16,14.63,630500
2013-05-21,14.62,14.7099,14.38,14.48,550800
2013-05-22,14.46,14.75,13.75,13.89,601800
2013-05-23,13.67,13.79,13.15,13.57,851500
2013-05-24,13.5,13.69,13.26,13.49,595500
2013-05-28,13.7,14.139,13.65,13.99,763200
2013-05-29,13.8,14.17,13.64,13.75,591800
2013-05-30,13.78,13.92,13.51,13.62,374100
2013-05-31,13.5,13.66,13.15,13.17,535300
2013-06-03,13.3,13.55,13.16,13.5,764900
2013-06-04,13.48,13.58,13.19,13.5,764200
2013-06-05,13.44,13.47,13.195,13.24,353200
2013-06-06,13.25,13.53,13.15,13.53,412700
2013-06-07,13.55,14.03,13.42,13.86,789200
2013-06-10,13.96,14.22,13.89,14.05,476500
2013-06-11,13.77,13.94,13.55,13.77,441500
2013-06-12,13.97,13.97,13.54,13.63,334400
2013-06-13,13.59,13.99,13.5201,13.91,286600
2013-06-14,13.93,14.0975,13.65,13.7,277100
2013-06-17,13.93,13.97,13.63,13.93,383700
2013-06-18,13.92,14.33,13.92,14.18,340400
2013-06-19,14.25,14.34,14.01,14.09,365200
2013-06-20,13.76,13.858,13.188,13.31,636400
2013-06-21,13.38,13.45,12.97,13.4,972100
2013-06-24,13.06,13.4,12.8063,13.27,532500
2013-06-25,13.52,13.52,13.1,13.36,517600
2013-06-26,13.5,13.5,13.03,13.12,373600
2013-06-27,13.28,13.28,12.792,12.9,518200
2013-06-28,12.82,13.355,12.82,13.34,2228200
2013-07-01,13.23,13.68,13.1,13.61,600900
2013-07-02,13.7,13.88,13.52,13.66,451800
2013-07-03,13.74,13.75,13.25,13.68,235100
2013-07-05,13.95,13.95,13.5,13.88,395500
2013-07-08,13.95,14.26,13.86,14.03,556100
2013-07-09,14.14,14.15,13.83,14.15,688500
2013-07-10,14.11,14.44,14.11,14.23,646900
2013-07-11,14.46,14.46,14.05,14.1,875200
2013-07-12,14.02,14.08,13.48,13.7,838000
2013-07-15,13.71,13.8,13.45,13.48,558700
2013-07-16,13.5,13.55,13.2,13.39,550900
2013-07-17,13.49,13.62,13.38,13.4,549600
2013-07-18,13.48,13.77,13.43,13.77,779400
2013-07-19,13.55,13.55,13.14,13.36,1020100
2013-07-22,13.37,13.73,13.3035,13.49,865000
2013-07-23,13.53,13.649,13.26,13.36,546000
2013-07-24,13.38,13.38,13.0,13.22,776000
2013-07-25,13.16,13.33,12.91,13.15,667900
2013-07-26,13.06,13.16,12.951,13.05,317500
2013-07-29,13.05,13.27,12.97,13.11,578300
2013-07-30,13.15,13.15,12.8,13.11,550000
2013-07-31,13.11,13.371,13.0,13.21,571500
2013-08-01,13.45,13.48,13.22,13.39,805000
2013-08-02,13.32,13.79,13.291,13.56,598500
2013-08-05,13.62,14.0,13.62,14.0,734200
2013-08-06,13.95,13.95,13.34,13.38,1155200
2013-08-07,13.37,13.61,13.16,13.19,830300
2013-08-08,13.33,13.39,12.939,13.36,1319500
2013-08-09,12.86,13.2,12.21,12.33,2385500
2013-08-12,12.2,12.5301,12.02,12.38,941100
2013-08-13,12.5,12.52,12.1,12.15,1049700
2013-08-14,12.03,12.27,12.0,12.02,1016000
2013-08-15,11.95,12.03,11.795,12.0,1192600
2013-08-16,12.03,12.37,11.95,12.33,1246300
2013-08-19,12.41,12.47,12.3,12.34,1130000
2013-08-20,12.34,12.65,12.08,12.5,1074200
2013-08-21,12.41,12.46,11.96,11.96,953800
2013-08-22,12.05,12.76,12.05,12.72,1417000
2013-08-23,12.82,13.125,12.73,12.99,1121900
2013-08-26,13.14,13.27,13.0,13.18,649600
2013-08-27,13.01,13.2386,12.95,13.02,702000
2013-08-28,13.07,13.32,12.95,13.07,534500
2013-08-29,13.08,13.24,12.96,13.1,608300
2013-08-30,13.05,13.11,12.88,12.88,789100
2013-09-03,13.2,13.2,12.85,12.93,630400
2013-09-04,12.9,12.92,12.71,12.92,996900
2013-09-05,12.95,13.1784,12.85,12.95,554700
2013-09-06,13.03,13.14,12.78,13.0,497000
2013-09-09,13.04,13.3,13.0,13.15,624200
2013-09-10,13.23,13.53,13.14,13.49,833600
2013-09-11,13.45,13.76,13.2902,13.75,882600
2013-09-12,13.71,13.71,13.42,13.54,411100
2013-09-13,13.52,13.56,13.4,13.46,316500
2013-09-16,13.66,13.699,13.28,13.3,609600
2013-09-17,13.26,13.631,13.25,13.62,508800
2013-09-18,13.59,14.18,13.5,13.99,926900
2013-09-19,13.99,14.11,13.7,13.83,514500
2013-09-20,13.97,13.99,13.61,13.71,908600
2013-09-23,13.64,13.895,13.6,13.87,416500
2013-09-24,13.88,13.99,13.63,13.71,702100
2013-09-25,13.73,14.17,13.68,13.95,909900
2013-09-26,13.98,14.75,13.97,14.65,1490100
2013-09-27,14.53,14.85,14.52,14.64,779900
2013-09-30,14.36,14.63,13.54,14.43,757600
2013-10-01,14.34,15.66,14.31,15.63,1544900
2013-10-02,15.57,15.74,15.19,15.37,744600
2013-10-03,15.32,15.33,15.06,15.29,613100
2013-10-04,15.28,15.39,15.095,15.17,1052300
2013-10-07,14.94,15.33,14.89,14.94,700900
2013-10-08,14.7,15.34,14.54,15.04,1259300
2013-10-09,15.05,15.24,14.7,14.91,1272800
2013-10-10,15.13,15.62,14.71,15.39,937100
2013-10-11,15.24,15.851,15.1601,15.61,765700
2013-10-14,15.2,15.64,15.04,15.44,607900
2013-10-15,15.45,15.94,15.42,15.94,905000
2013-10-16,16.0,16.94,15.8253,16.85,1542800
2013-10-17,17.1,17.1653,16.63,17.11,1645700
2013-10-18,17.25,17.47,16.96,17.46,1095500
2013-10-21,17.49,17.9,16.89,17.01,1182700
2013-10-22,17.08,17.57,16.81,16.84,1151600
2013-10-23,16.57,16.62,16.06,16.26,1134600
2013-10-24,16.68,17.18,16.17,17.07,752100
2013-10-25,17.1,17.71,17.1,17.41,1174100
2013-10-28,17.51,17.64,17.15,17.23,648500
2013-10-29,17.22,17.53,17.0,17.48,643400
2013-10-30,17.56,17.75,16.67,16.83,915800
2013-10-31,16.86,17.0,16.28,16.43,935500
2013-11-01,16.4,16.5,15.27,16.119,1453100
2013-11-04,16.11,17.2,16.11,17.13,970300
2013-11-05,17.1,17.1391,16.38,16.44,795100
2013-11-06,16.55,17.07,16.07,16.24,916900
2013-11-07,16.37,16.71,15.5,15.71,1343600
2013-11-08,15.81,17.17,15.7458,16.37,1424200
2013-11-11,16.6,16.97,16.19,16.85,742600
2013-11-12,16.75,16.75,16.01,16.1,758100
2013-11-13,15.91,16.53,15.91,16.45,781800
2013-11-14,16.42,16.707,16.09,16.54,481100
2013-11-15,16.51,16.67,16.2713,16.44,300500
2013-11-18,16.43,16.5,15.79,15.9,754500
2013-11-19,15.85,16.1999,15.4,15.8,539200
2013-11-20,15.94,16.42,15.91,16.01,522100
2013-11-21,16.2,16.33,15.96,16.33,952800
2013-11-22,16.26,16.57,16.05,16.52,438200
2013-11-25,16.5,16.63,15.84,16.16,486200
2013-11-26,16.13,16.58,15.9,16.52,482700
2013-11-27,16.4,16.54,15.87,16.07,612400
2013-11-29,16.12,16.32,15.78,15.95,276200
2013-12-02,15.97,16.19,15.8,16.11,492400
2013-12-03,16.08,16.53,15.66,15.73,885600
2013-12-04,15.73,16.3,15.71,15.85,688200
2013-12-05,15.77,15.98,15.14,15.4,1180200
2013-12-06,15.55,15.7,14.31,14.43,2302800
2013-12-09,14.3,14.43,13.97,14.15,983900
2013-12-10,14.36,15.25,14.3,14.76,1418600
2013-12-11,14.82,14.95,14.56,14.84,1375900
2013-12-12,14.77,14.91,14.46,14.78,677700
2013-12-13,14.79,15.0599,14.65,14.82,587900
2013-12-16,15.03,15.15,14.77,15.09,1098000
2013-12-17,15.06,15.11,14.5,14.72,541000
2013-12-18,14.75,15.02,14.4,14.8,657000
2013-12-19,14.75,15.0,14.63,14.96,586500
2013-12-20,14.85,15.35,14.69,15.08,1452800
2013-12-23,15.15,15.52,15.04,15.12,493100
2013-12-24,15.08,15.19,14.98,15.09,204200
2013-12-26,15.18,15.196,14.8,15.0,445200
2013-12-27,15.05,15.19,14.77,15.17,400900
2013-12-30,15.17,15.299,14.89,14.89,529700
2013-12-31,14.91,15.14,14.75,15.07,533500
2014-01-02,14.95,15.21,14.21,14.49,1285600
2014-01-03,14.48,14.53,14.16,14.28,519500
2014-01-06,14.31,14.46,13.93,13.99,760500
2014-01-07,14.02,14.36,14.02,14.19,405200
2014-01-08,14.12,14.58,14.07,14.44,1236700
2014-01-09,14.55,14.71,13.94,14.15,1012900
2014-01-10,14.19,14.24,13.91,14.01,709900
2014-01-13,13.92,14.03,13.54,13.68,1000200
2014-01-14,13.7,14.03,13.65,13.95,285800
2014-01-15,14.03,14.08,13.68,14.03,1037700
2014-01-16,13.89,14.64,13.89,14.56,730200
2014-01-17,14.57,14.62,14.04,14.1,557100
2014-01-21,14.2,14.51,14.07,14.51,474500
2014-01-22,14.55,15.14,14.28,15.1,926700
2014-01-23,15.08,15.36,15.015,15.33,1365900
2014-01-24,15.22,15.56,15.03,15.46,1739600
2014-01-27,15.44,15.44,14.7215,14.97,1180300
2014-01-28,15.02,15.405,14.7,15.13,1178600
2014-01-29,14.98,15.16,14.74,14.9,624000
2014-01-30,15.06,15.32,14.445,14.7,1072600
2014-01-31,14.2,14.72,14.01,14.54,866400
2014-02-03,14.52,14.65,14.01,14.3,806600
2014-02-04,14.33,14.78,14.32,14.65,994400
2014-02-05,14.63,14.75,14.17,14.43,826400
2014-02-06,14.48,14.78,14.18,14.65,555000
2014-02-07,14.75,14.95,14.54,14.87,769800
2014-02-10,14.89,14.89,14.44,14.65,553700
2014-02-11,14.62,15.08,14.54,14.92,673100
2014-02-12,14.98,15.34,14.92,15.15,631100
2014-02-13,14.99,15.5,14.9,15.39,575500
2014-02-14,15.22,15.48,14.61,15.36,596200
2014-02-18,15.46,16.0,15.38,15.77,510100
2014-02-19,15.7,15.87,15.53,15.57,438900
2014-02-20,15.54,16.14,15.46,15.79,941400
2014-02-21,15.89,15.99,15.4357,15.76,493400
2014-02-24,15.78,16.31,15.69,16.27,964200
2014-02-25,16.22,16.22,15.71,15.96,486000
2014-02-26,16.0,16.01,15.49,15.73,455800
2014-02-27,15.63,15.91,15.26,15.35,1027200
2014-02-28,14.69,14.87,13.8,13.92,3588900
2014-03-03,13.92,14.005,13.65,13.68,1909700
2014-03-04,13.77,14.35,13.73,14.25,1221700
2014-03-05,14.21,14.2599,14.0,14.05,488200
2014-03-06,14.05,14.21,13.9,14.04,404400
2014-03-07,14.14,14.2,13.8,13.83,556200
2014-03-10,13.8,13.92,13.65,13.75,436700
2014-03-11,13.8,13.97,13.2904,13.33,823000
2014-03-12,13.24,13.62,13.161,13.44,892800
2014-03-13,13.45,13.58,13.21,13.47,944100
2014-03-14,13.44,13.76,13.42,13.65,440400
2014-03-17,13.64,13.93,13.49,13.63,512400
2014-03-18,13.61,13.71,13.31,13.38,3307900
2014-03-19,13.33,13.48,13.17,13.19,969200
2014-03-20,13.14,13.51,13.02,13.49,612600
2014-03-21,13.53,13.63,13.45,13.47,1340200
2014-03-24,13.66,13.9,13.56,13.79,937400
2014-03-25,14.06,14.5,14.05,14.25,1201300
2014-03-26,14.37,14.49,13.96,13.96,644400
2014-03-27,14.02,14.47,13.95,14.11,909900
2014-03-28,14.11,14.52,14.11,14.49,635800
2014-03-31,14.56,14.72,14.37,14.62,460600
2014-04-01,14.68,14.86,14.36,14.46,889800
2014-04-02,14.43,14.62,14.26,14.57,495400
2014-04-03,14.54,14.83,14.475,14.53,409500
2014-04-04,14.71,15.1299,14.43,14.6,1016700
2014-04-07,14.58,14.58,13.77,13.98,967100
2014-04-08,13.95,14.43,13.87,14.35,775400
2014-04-09,14.46,14.61,14.17,14.56,487500
2014-04-10,14.52,14.68,13.99,14.17,660600
2014-04-11,14.01,14.4,14.01,14.19,452000
2014-04-14,14.39,14.66,14.2,14.54,372700
2014-04-15,14.54,14.99,14.4703,14.87,577500
2014-04-16,15.05,15.05,14.72,14.8,392700
2014-04-17,14.72,15.14,14.5104,15.07,493700
2014-04-21,15.14,15.47,14.99,15.19,793000
2014-04-22,15.19,15.31,14.87,15.18,555300
2014-04-23,15.11,15.3,14.95,15.06,632500
2014-04-24,15.11,15.4,15.01,15.38,881600
2014-04-25,15.2,15.24,14.74,14.93,754500
2014-04-28,15.04,15.17,14.825,14.95,681800
2014-04-29,15.09,15.45,14.7925,15.28,471400
2014-04-30,15.16,15.44,14.95,15.43,717400
2014-05-01,15.52,15.52,15.11,15.3,831300
2014-05-02,15.26,15.27,14.87,15.01,920000
2014-05-05,14.82,15.38,14.82,15.1,599500
2014-05-06,14.99,15.35,14.99,15.17,1114700
2014-05-07,15.32,15.39,14.9,15.14,761400
2014-05-08,15.06,15.12,14.75,14.76,958500
2014-05-09,14.5,14.59,13.81,14.19,2179000
2014-05-12,14.34,14.51,14.13,14.37,691500
2014-05-13,14.37,15.1,14.35,14.97,1267900
2014-05-14,14.99,15.21,14.88,15.01,779500
2014-05-15,14.91,14.9676,14.43,14.6,809200
2014-05-16,14.55,14.71,14.32,14.7,664800
2014-05-19,14.72,15.035,14.55,14.98,560600
2014-05-20,14.82,14.95,14.5,14.72,724800
2014-05-21,14.73,15.12,14.616,15.03,732300
2014-05-22,15.11,15.36,14.72,14.72,634000
2014-05-23,14.67,14.889,14.6,14.82,477200
2014-05-27,14.86,15.13,14.63,15.08,491900
2014-05-28,15.04,15.6,14.86,15.34,1085200
2014-05-29,15.4,15.47,15.18,15.43,587100
2014-05-30,15.48,15.48,15.09,15.25,583400
2014-06-02,15.33,15.43,15.03,15.08,695900
2014-06-03,15.0,15.17,14.93,15.09,496600
2014-06-04,15.05,15.25,14.86,15.08,485800
2014-06-05,15.08,15.16,14.8,15.15,615500
2014-06-06,15.22,15.37,15.01,15.27,506700
2014-06-09,15.3,15.47,15.1,15.28,594000
2014-06-10,15.31,15.47,15.165,15.36,502300
2014-06-11,15.33,15.5,15.14,15.36,582500
2014-06-12,15.47,15.96,15.47,15.94,674700
2014-06-13,16.0,16.44,15.6201,16.41,730500
2014-06-16,16.51,16.72,16.31,16.4,884700
2014-06-17,16.35,16.47,16.12,16.41,569300
2014-06-18,16.41,16.85,16.272,16.81,667400
2014-06-19,16.88,17.09,16.73,17.09,746600
2014-06-20,17.03,17.35,17.03,17.1,1144600
2014-06-23,17.25,17.43,17.07,17.07,601500
2014-06-24,16.93,17.1,15.86,16.03,1495100
2014-06-25,15.91,16.38,15.91,16.29,736700
2014-06-26,16.32,16.49,16.01,16.3,314600
2014-06-27,16.21,16.36,16.12,16.35,1101700
2014-06-30,16.1,16.31,15.95,16.29,881600
2014-07-01,16.37,16.591,16.22,16.49,791800
2014-07-02,16.49,16.76,16.385,16.41,687100
2014-07-03,16.46,16.62,16.29,16.43,217500
2014-07-07,16.47,16.524,16.15,16.22,575700
2014-07-08,16.13,16.64,16.06,16.64,1003800
2014-07-09,16.67,16.99,16.45,16.92,808400
2014-07-10,16.62,16.83,16.4,16.75,1399800
2014-07-11,16.69,16.69,16.11,16.14,983300
2014-07-14,16.29,16.69,16.035,16.44,1630000
2014-07-15,16.35,16.45,15.68,15.7,835800
2014-07-16,15.63,16.21,15.63,16.14,549600
2014-07-17,16.37,16.37,15.79,15.95,874800
2014-07-18,15.84,16.11,15.76,16.09,602200
2014-07-21,15.97,16.09,15.74,15.75,599400
2014-07-22,15.54,16.05,15.54,16.04,664600
2014-07-23,16.44,16.44,15.85,16.21,529700
2014-07-24,16.23,16.32,16.04,16.21,562400
2014-07-25,15.99,16.12,15.85,15.95,649500
2014-07-28,15.92,16.01,15.47,15.69,570500
2014-07-29,15.66,16.0,15.62,15.9,653800
2014-07-30,16.02,16.17,15.82,15.93,539100
2014-07-31,15.77,16.37,15.75,16.09,1087700
2014-08-01,15.94,16.0,15.25,15.68,1349700
2014-08-04,15.79,16.19,15.47,16.04,859100
2014-08-05,15.9,15.9,15.49,15.8,1590400
2014-08-06,15.74,16.17,15.52,16.16,1249200
2014-08-07,16.3,16.3,15.74,15.88,1165700
2014-08-08,16.59,17.0,16.06,16.43,2322700
2014-08-11,16.43,17.09,16.16,16.71,1622600
2014-08-12,15.91,16.73,15.91,16.21,1408700
2014-08-13,16.31,16.455,15.95,16.03,1004900
2014-08-14,16.08,16.135,15.46,15.59,972400
2014-08-15,15.75,16.0,15.48,15.99,713300
2014-08-18,16.1,16.23,15.91,16.17,632500
2014-08-19,16.13,16.54,16.13,16.41,611000
2014-08-20,16.38,16.49,16.09,16.4,925400
2014-08-21,16.37,16.77,16.09,16.71,760200
2014-08-22,16.63,16.73,16.35,16.5,365700
2014-08-25,16.58,16.78,16.57,16.71,701600
2014-08-26,16.77,16.95,16.6,16.6,674500
2014-08-27,16.68,16.85,16.51,16.77,600400
2014-08-28,16.66,16.79,16.58,16.71,314400
2014-08-29,16.77,16.87,16.63,16.85,540600
2014-09-02,16.92,17.0,16.46,16.67,608400
2014-09-03,16.81,16.95,16.57,16.71,982400
2014-09-04,16.72,16.76,15.98,16.04,496000
2014-09-05,16.0,16.39,16.0,16.36,501900
2014-09-08,16.25,16.25,15.8,15.95,483800
2014-09-09,15.96,16.13,15.57,15.73,796200
2014-09-10,15.65,15.95,15.36,15.89,571100
2014-09-11,15.73,16.27,15.52,16.17,689900
2014-09-12,16.18,16.24,15.71,15.82,536400
2014-09-15,15.83,16.23,15.56,16.06,661600
2014-09-16,15.99,16.63,15.99,16.54,767800
2014-09-17,16.58,16.58,16.0,16.02,810500
2014-09-18,16.05,16.1,15.25,15.32,1059800
2014-09-19,15.4,15.59,15.16,15.16,1218800
2014-09-22,15.05,15.1,14.49,14.8,868808
2014-09-23,14.67,15.17,14.67,14.76,988496
2014-09-24,14.76,15.31,14.4501,15.15,1002320
2014-09-25,15.09,15.15,14.7,14.8,1251847
2014-09-26,14.83,15.21,14.59,14.92,496952
2014-09-29,14.78,15.15,14.58,15.07,404478
2014-09-30,15.08,15.15,14.14,14.22,762080
2014-10-01,14.25,14.76,13.79,13.82,1569608
2014-10-02,13.73,14.01,13.47,13.96,1177266
2014-10-03,14.08,14.08,13.71,13.71,577039
2014-10-06,13.71,13.94,13.44,13.59,690796
2014-10-07,13.44,13.73,13.11,13.12,822405
2014-10-08,13.02,13.52,12.66,13.5,1455727
2014-10-09,13.38,13.5,12.28,12.31,1876351
2014-10-10,12.24,12.32,11.29,11.41,2415108
2014-10-13,11.41,11.57,10.61,10.7,2347603
2014-10-14,10.9,11.26,9.84,9.98,3347094
2014-10-15,9.73,11.07,9.53,11.0,3365435
2014-10-16,10.6,12.08,10.5205,11.67,2213910
2014-10-17,11.86,12.21,10.5625,10.73,1627845
2014-10-20,10.75,11.13,10.42,10.84,1531970
2014-10-21,11.0,11.295,10.81,11.25,1311360
2014-10-22,11.75,11.75,10.54,10.58,1268344
2014-10-23,10.75,11.45,10.68,11.15,1283541
2014-10-24,11.15,11.15,10.53,10.73,1236514
2014-10-27,10.4,10.51,9.92,10.24,2039133
2014-10-28,10.16,10.85,9.98,10.72,1616381
2014-10-29,10.85,11.19,10.68,10.99,1344336
2014-10-30,10.99,11.12,10.49,10.89,1261677
2014-10-31,10.92,11.32,10.28,11.3,1237795
2014-11-03,11.35,11.725,10.78,10.89,1308890
2014-11-04,10.53,10.53,9.8,10.27,2316514
2014-11-05,10.41,10.825,10.3501,10.51,1462272
2014-11-06,10.51,10.89,9.87,10.71,2603613
2014-11-07,11.36,11.48,10.03,11.3,3753682
2014-11-10,11.41,11.7,11.01,11.08,1422073
2014-11-11,11.09,11.59,10.95,11.55,1572996
2014-11-12,11.44,11.85,11.21,11.64,1911573
2014-11-13,11.57,11.77,11.19,11.58,1704419
2014-11-14,11.58,12.0401,11.53,11.97,1505930
2014-11-17,11.83,12.07,11.45,11.49,1209020
2014-11-18,11.49,11.7,11.14,11.37,1132734
2014-11-19,11.44,11.64,11.16,11.24,1115439
2014-11-20,11.25,11.89,11.19,11.87,1112339
2014-11-21,12.14,12.35,11.91,11.98,1387742
2014-11-24,11.94,12.12,11.48,11.67,645085
2014-11-25,11.75,11.88,11.4075,11.46,1051756
2014-11-26,11.44,11.588,10.78,10.78,1476130
2014-11-28,9.7,9.9,8.465,8.69,2662396
2014-12-01,8.72,8.77,8.355,8.37,5648715
2014-12-02,8.4,8.53,7.2,7.48,4376714
2014-12-03,7.44,7.68,7.06,7.17,2936998
2014-12-04,7.14,7.18,6.61,6.64,2442817
2014-12-05,6.41,6.68,5.81,6.11,4482084
2014-12-08,6.0,6.1,5.31,5.39,2641515
2014-12-09,5.41,6.0,5.38,5.94,3707902
2014-12-10,5.85,5.93,5.27,5.67,3706476
2014-12-11,5.71,5.92,5.38,5.39,2342624
2014-12-12,5.28,5.5,5.14,5.16,2955448
2014-12-15,5.25,5.48,4.92,5.32,3978098
2014-12-16,4.95,5.71,4.79,5.28,4430626
2014-12-17,5.26,6.24,5.22,5.99,4070352
2014-12-18,6.35,6.45,5.75,5.96,2989921
2014-12-19,6.01,6.44,5.97,6.4,5641509
2014-12-22,6.5,6.658,5.94,6.1,2282375
2014-12-23,6.18,6.48,6.09,6.34,2620278
2014-12-24,6.23,6.29,5.97,6.16,1169124
2014-12-26,6.2,6.27,5.9199,6.05,1488270
2014-12-29,6.11,6.28,5.87,5.93,1694366
2014-12-30,5.8,6.03,5.63,5.71,1695931
2014-12-31,5.5,5.74,5.3,5.65,2578884
2015-01-02,5.65,5.84,5.41,5.78,1517965
2015-01-05,5.72,5.7576,5.47,5.59,1730406
2015-01-06,5.59,5.75,5.16,5.38,1895159
2015-01-07,5.49,5.63,5.26,5.38,1760633
2015-01-08,5.49,5.9,5.3229,5.84,3032105
2015-01-09,5.75,5.89,5.6,5.79,2255015
2015-01-12,5.51,5.825,5.45,5.7,1767528
2015-01-13,5.77,6.0,5.6,5.97,3341851
2015-01-14,5.75,6.31,5.712,6.17,2373718
2015-01-15,6.31,6.69,5.85,5.89,2569028
2015-01-16,5.92,6.42,5.92,6.38,2349594
2015-01-20,6.3,6.38,5.86,6.05,2144636
2015-01-21,6.1,6.53,6.06,6.39,1958516
2015-01-22,6.45,6.5,5.985,6.3,1551191
2015-01-23,6.35,6.45,6.11,6.27,1420257
2015-01-26,6.29,6.815,6.18,6.79,2230044
2015-01-27,6.73,6.91,6.57,6.82,2158178
2015-01-28,6.82,6.82,6.08,6.19,2361129
2015-01-29,6.24,6.418,5.86,6.2,2122145
2015-01-30,6.0,6.48,5.95,6.28,2132288
2015-02-02,6.5,7.04,6.43,7.02,2285912
2015-02-03,7.3,7.87,7.202,7.77,3927504
2015-02-04,7.46,7.8,7.22,7.71,3391422
2015-02-05,7.79,8.23,7.72,7.78,2357575
2015-02-06,7.92,8.28,7.71,8.24,1930340
2015-02-09,8.38,8.98,8.25,8.66,2700381
2015-02-10,8.69,8.69,7.73,8.27,2097952
2015-02-11,8.03,8.44,7.73,8.3,1970957
2015-02-12,8.46,8.91,8.27,8.38,1997925
2015-02-13,8.59,8.95,8.52,8.76,1806772
2015-02-17,8.81,9.06,8.55,8.96,1988056
2015-02-18,8.79,8.98,8.21,8.28,1754842
2015-02-19,7.83,8.72,7.65,8.64,1916600
2015-02-20,8.54,8.62,8.1795,8.51,1919715
2015-02-23,8.02,8.38,7.87,8.11,1746438
2015-02-24,8.19,8.44,8.09,8.3,1867063
2015-02-25,8.3,8.5,8.075,8.48,1724334
2015-02-26,8.26,8.498,7.92,8.16,2199329
2015-02-27,8.25,9.48,8.2,8.62,5664038
2015-03-02,8.6,8.7,7.62,7.7,4681636
2015-03-03,7.9,7.94,7.67,7.79,1865559
2015-03-04,8.0,8.0,7.545,7.79,1650122
2015-03-05,7.97,7.97,7.6,7.78,1267246
2015-03-06,7.68,7.8499,7.59,7.75,1415778
2015-03-09,7.65,7.73,7.425,7.44,2130945
2015-03-10,7.33,7.46,7.02,7.03,1859835
2015-03-11,7.05,7.19,6.87,7.15,2006472
2015-03-12,7.2,7.42,7.12,7.3,1395436
2015-03-13,7.22,7.42,7.03,7.09,2307564
2015-03-16,6.99,7.0,6.36,6.86,2490440
2015-03-17,6.77,6.89,6.59,6.66,1137606
2015-03-18,6.5,7.35,6.46,7.31,1600930
2015-03-19,7.06,7.12,6.84,7.03,1916982
2015-03-20,7.07,7.34,6.91,7.05,2537382
2015-03-23,7.05,7.34,6.81,6.84,1669165
2015-03-24,6.8,7.28,6.76,7.23,1623577
2015-03-25,7.3,7.62,7.21,7.42,1433271
2015-03-26,7.7,8.05,7.7,8.04,1961580
2015-03-27,7.85,8.04,7.55,7.81,1839544
2015-03-30,7.77,7.96,7.55,7.76,1044883
2015-03-31,7.77,7.98,7.52,7.71,1098809
2015-04-01,7.79,8.215,7.75,8.01,1694685
2015-04-02,7.93,8.33,7.92,8.28,1672098
2015-04-06,8.38,8.96,8.31,8.87,2073129
2015-04-07,8.78,9.24,8.6,8.93,1904333
2015-04-08,8.98,8.98,8.36,8.36,1605413
2015-04-09,8.42,8.77,8.4,8.68,1052746
2015-04-10,8.87,8.88,8.51,8.65,761719
2015-04-13,8.87,8.87,8.3925,8.66,824385
2015-04-14,8.78,9.18,8.61,9.11,1247502
2015-04-15,9.2,9.51,8.86,9.24,2543148
2015-04-16,9.15,9.37,8.97,9.03,1363823
2015-04-17,8.99,9.2,8.8,8.8,1066075
2015-04-20,8.81,9.08,8.74,8.83,1088192
2015-04-21,8.82,8.91,8.22,8.31,1257408
2015-04-22,8.35,8.6052,8.27,8.3,1737220
2015-04-23,8.4,8.648,8.4,8.52,1129467
2015-04-24,8.42,8.55,8.18,8.38,1431640
2015-04-27,8.45,8.5,8.025,8.08,1414247
2015-04-28,8.1,8.38,8.06,8.28,981484
2015-04-29,8.26,8.73,8.13,8.72,1493569
2015-04-30,8.98,8.98,8.42,8.84,1743023
2015-05-01,8.78,8.85,8.46,8.77,1923148
2015-05-04,8.77,8.85,8.41,8.55,1471533
2015-05-05,8.72,8.88,8.32,8.39,1981691
2015-05-06,8.58,8.675,8.28,8.37,1659135
2015-05-07,8.37,8.37,7.66,7.83,1984223
2015-05-08,7.6,7.8,7.01,7.47,2778710
2015-05-11,7.57,7.57,7.28,7.29,1525166
2015-05-12,7.28,7.53,7.105,7.17,1835711
2015-05-13,7.15,7.23,6.81,6.92,1708527
2015-05-14,7.0,7.14,6.62,6.65,1455177
2015-05-15,6.68,6.89,6.53,6.85,1823703
2015-05-18,7.0,7.1,6.695,6.98,2777024
2015-05-19,6.82,6.92,6.38,6.72,2204125
2015-05-20,6.77,6.87,6.56,6.72,2304349
2015-05-21,6.52,7.1,6.15,7.05,1469935
2015-05-22,6.98,7.21,6.89,7.08,1627071
2015-05-26,6.99,7.12,6.95,7.07,1657436
2015-05-27,7.04,7.09,6.79,6.96,1301768
2015-05-28,6.89,6.95,6.59,6.83,1438077
2015-05-29,6.82,6.98,6.72,6.83,2053750
2015-06-01,6.8,6.94,6.67,6.8,1001031
2015-06-02,6.84,7.25,6.8,7.23,1108874
2015-06-03,7.16,7.46,7.03,7.17,1670709
2015-06-04,7.11,7.39,6.87,7.0,1311044
2015-06-05,6.96,7.255,6.92,7.12,1512605
2015-06-08,7.04,7.245,6.8,7.02,1425583
2015-06-09,7.14,7.25,6.8,7.15,893126
2015-06-10,7.28,7.36,7.16,7.31,1385803
2015-06-11,7.3,7.31,6.935,7.02,1365199
2015-06-12,6.95,6.9734,6.85,6.88,748262
2015-06-15,6.79,7.09,6.73,7.03,1389537
2015-06-16,7.01,7.05,6.9,7.01,1032594
2015-06-17,7.12,7.23,6.93,7.0,1134310
2015-06-18,7.02,7.15,6.86,6.91,1038722
2015-06-19,6.88,7.0101,6.77,6.82,1447223
2015-06-22,6.82,7.12,6.75,7.02,1806455
2015-06-23,7.02,7.28,7.01,7.25,1166617
2015-06-24,7.24,7.33,7.1,7.11,592805
2015-06-25,7.15,7.16,6.99,7.06,612678
2015-06-26,7.02,7.098,6.865,6.88,1542749
2015-06-29,6.76,6.87,6.55,6.65,1290194
2015-06-30,6.77,6.88,6.59,6.77,1237395
2015-07-01,6.74,6.74,6.065,6.11,2185215
2015-07-02,6.18,6.35,6.08,6.1,1515396
2015-07-06,5.9,5.97,5.58,5.62,2045034
2015-07-07,5.6,6.07,5.13,6.06,2824478
2015-07-08,6.0,6.1609,5.64,5.68,2328310
2015-07-09,5.92,6.22,5.82,6.09,2564053
2015-07-10,6.17,6.25,5.73,5.82,1595686
2015-07-13,5.82,5.91,5.66,5.82,1298702
2015-07-14,5.9,6.26,5.835,6.2,1855772
2015-07-15,6.12,6.29,5.85,5.91,1674039
2015-07-16,6.0,6.06,5.71,5.74,1544105
2015-07-17,5.74,5.755,5.44,5.56,2068591
2015-07-20,5.5,5.51,5.25,5.3,1498443
2015-07-21,5.34,5.6752,5.26,5.59,1855568
2015-07-22,5.45,5.55,5.17,5.3,1712791
2015-07-23,5.37,5.5,5.13,5.29,1694894
2015-07-24,5.3,5.38,4.9,5.01,1701315
2015-07-27,4.88,4.9699,4.7,4.71,1346595
2015-07-28,4.75,5.11,4.5116,5.04,1829281
2015-07-29,4.96,5.4612,4.88,5.4,1558814
2015-07-30,5.29,5.44,4.9,5.03,1608711
2015-07-31,4.97,5.08,4.7,4.76,1770731
2015-08-03,4.62,4.81,4.42,4.6,3055130
2015-08-04,4.66,5.02,4.56,4.74,1487449
2015-08-05,4.9,5.02,4.56,4.79,1839999
2015-08-06,4.74,5.2,4.37,5.03,3324890
2015-08-07,4.89,5.384,4.65,4.75,2313576
2015-08-10,4.8,5.52,4.7,5.51,2025372
2015-08-11,5.46,5.55,5.02,5.16,1818365
2015-08-12,5.2,5.56,4.98,5.42,1696436
2015-08-13,5.3,5.495,4.94,5.03,1537892
2015-08-14,5.05,5.25,4.935,4.95,933322
2015-08-17,4.9,5.1,4.8,4.84,1070659
2015-08-18,4.91,5.03,4.69,4.99,1027196
2015-08-19,4.89,5.05,4.6,4.78,1223622
2015-08-20,4.68,4.88,4.6,4.7,1200750
2015-08-21,4.52,4.76,4.43,4.62,1927014
2015-08-24,4.24,4.74,4.16,4.36,3140066
2015-08-25,4.74,4.79,4.38,4.57,2338263
2015-08-26,4.68,4.9,4.5,4.8,1997504
2015-08-27,5.12,5.49,4.93,5.31,2316109
2015-08-28,5.18,5.88,5.13,5.82,1875401
2015-08-31,5.65,6.18,5.5,6.03,1565125
2015-09-01,5.76,5.9,5.15,5.21,1512097
2015-09-02,5.27,5.282,4.92,5.09,1728696
2015-09-03,5.1,5.39,5.03,5.18,1419190
2015-09-04,5.05,5.25,4.95,5.22,925627
2015-09-08,4.88,5.41,4.88,5.16,1513612
2015-09-09,5.06,5.34,4.93,4.94,1253663
2015-09-10,4.94,5.2,4.77,4.87,1692370
2015-09-11,4.65,4.79,4.48,4.51,2629743
2015-09-14,4.51,4.74,4.49,4.6,1215234
2015-09-15,4.56,4.97,4.56,4.96,1666747
2015-09-16,5.04,5.44,4.95,5.4,2142730
2015-09-17,5.44,5.59,5.25,5.32,2328660
2015-09-18,5.09,5.215,4.65,4.7,3029393
2015-09-21,4.8,4.87,4.5901,4.72,1188973
2015-09-22,4.6,4.775,4.52,4.62,1117474
2015-09-23,4.7,4.79,4.44,4.5,1503339
2015-09-24,4.41,4.67,4.41,4.57,1289745
2015-09-25,4.62,4.64,4.3,4.32,1187728
2015-09-28,4.3,4.448,4.05,4.15,1862555
2015-09-29,4.16,4.34,4.1,4.24,1202122
2015-09-30,4.32,4.525,4.21,4.42,1353650
2015-10-01,4.55,4.86,4.385,4.59,1243613
2015-10-02,4.46,4.915,4.39,4.85,1443783
2015-10-05,4.95,5.09,4.78,5.05,2005397
2015-10-06,5.12,5.79,5.0501,5.74,2548499
2015-10-07,5.94,5.95,5.36,5.49,2878542
2015-10-08,5.5,5.75,5.37,5.71,1739068
2015-10-09,5.78,5.864,5.48,5.54,1223713
2015-10-12,5.52,5.61,5.02,5.05,1137308
2015-10-13,5.0,5.22,4.91,4.94,1121916
2015-10-14,4.9,5.02,4.72,4.96,1301981
2015-10-15,4.91,5.19,4.67,5.1,1159460
2015-10-16,5.12,5.27,4.93,5.21,972101
2015-10-19,5.11,5.258,4.88,4.96,825117
2015-10-20,4.85,5.25,4.84,5.23,828979
2015-10-21,5.14,5.25,4.86,4.86,1718193
2015-10-22,5.0,5.03,4.76,4.91,1519255
2015-10-23,4.79,4.95,4.72,4.9,1876292
2015-10-26,4.87,4.96,4.7,4.79,1048356
2015-10-27,4.69,4.75,4.32,4.33,2516152
2015-10-28,4.47,4.9,4.4,4.82,1783557
2015-10-29,4.8,5.04,4.65,4.71,1146325
2015-10-30,4.81,5.1,4.62,5.04,1303424
2015-11-02,4.98,5.14,4.77,5.09,1366923
2015-11-03,5.21,5.56,5.069,5.35,1556552
2015-11-04,5.43,5.58,5.195,5.52,1823962
2015-11-05,5.3,5.86,5.1,5.78,2001949
2015-11-06,5.7,5.74,5.49,5.55,1386130
2015-11-09,5.53,5.81,5.37,5.44,1042384
2015-11-10,5.42,5.595,5.32,5.37,1434587
2015-11-11,5.39,5.4,4.8,4.94,2318956
2015-11-12,4.8,4.97,4.7,4.74,1486438
2015-11-13,4.72,5.17,4.58,4.97,1918898
2015-11-16,4.92,5.36,4.92,5.28,1047062
2015-11-17,5.22,5.27,5.03,5.08,841625
2015-11-18,5.22,5.38,4.95,5.26,989188
2015-11-19,5.2,5.2,4.785,4.88,1406428
2015-11-20,4.92,4.94,4.66,4.68,1084390
2015-11-23,4.64,4.94,4.61,4.94,807371
2015-11-24,5.03,5.35,4.97,5.26,1183194
2015-11-25,5.15,5.3,5.05,5.15,766696
2015-11-27,5.06,5.13,4.87,5.0,557877
2015-11-30,5.11,5.27,4.97,5.13,999732
2015-12-01,5.04,5.205,4.8,4.95,1137162
2015-12-02,4.88,4.92,4.67,4.8,1287986
2015-12-03,4.94,5.0,4.725,4.79,978926
2015-12-04,4.66,4.83,4.32,4.37,2434431
2015-12-07,4.22,4.34,3.6,3.68,2964591
2015-12-08,3.53,4.065,3.4789,4.03,2363568
2015-12-09,4.09,4.35,3.98,4.15,2347928
2015-12-10,4.01,4.4,4.01,4.38,1886478
2015-12-11,4.37,4.38,4.15,4.33,1867006
2015-12-14,4.25,4.335,3.89,3.95,1764490
2015-12-15,3.99,4.2,3.87,4.06,1748377
2015-12-16,4.1,4.17,3.88,3.98,2250618
2015-12-17,4.05,4.16,3.7,4.12,1536693
2015-12-18,4.09,4.19,3.6701,3.76,8388045
2015-12-21,3.75,3.87,3.5,3.57,2139323
2015-12-22,3.53,3.79,3.36,3.71,1295202
2015-12-23,3.85,4.13,3.788,4.13,1439880
2015-12-24,4.15,4.22,4.04,4.08,568206
2015-12-28,3.92,4.05,3.87,3.98,705526
2015-12-29,4.16,4.22,3.9346,3.99,970622
2015-12-30,3.87,4.04,3.76,3.86,746014
2015-12-31,3.8,3.93,3.77,3.86,841160
2016-01-04,3.88,3.96,3.75,3.88,991222
2016-01-05,3.86,3.86,3.7,3.82,664434
2016-01-06,3.57,3.64,3.19,3.5,1219913
2016-01-07,3.36,3.48,3.27,3.37,1414730
2016-01-08,3.53,3.53,3.29,3.35,877780
2016-01-11,3.29,3.44,3.18,3.31,1022817
2016-01-12,3.44,3.44,2.91,3.05,1457621
2016-01-13,3.15,3.21,2.9,2.99,946680
2016-01-14,3.13,3.18,2.91,3.02,1222576
2016-01-15,2.84,2.94,2.7,2.9,1598966
2016-01-19,2.9,2.93,2.51,2.55,1549418
2016-01-20,2.49,2.62,1.9901,2.6,2339985
2016-01-21,2.5,2.75,2.42,2.73,5079832
2016-01-22,2.98,3.1,2.86,2.99,1971726
2016-01-25,2.97,3.1,2.76,2.82,1358883
2016-01-26,2.89,2.96,2.62,2.78,1559957
2016-01-27,2.69,3.01,2.69,2.96,1685424
2016-01-28,3.12,3.19,3.0,3.15,1041644
2016-01-29,3.18,3.34,3.17,3.3,1038786
2016-02-01,3.17,3.171,3.0,3.07,952797
2016-02-02,2.99,3.06,2.82,2.9,621749
2016-02-03,3.05,3.19,2.83,3.15,837305
2016-02-04,3.21,3.27,3.025,3.07,961369
2016-02-05,3.06,3.29,3.01,3.07,1011948
2016-02-08,2.97,3.07,2.76,2.82,962845
2016-02-09,2.72,2.8,2.52,2.65,852118
2016-02-10,2.66,2.93,2.57,2.89,1125613
2016-02-11,2.78,2.84,2.66,2.79,1019867
2016-02-12,2.94,3.17,2.811,2.98,658622
2016-02-16,3.0,3.03,2.68,2.85,663078
2016-02-17,2.9,3.15,2.88,3.04,717952
2016-02-18,3.1,3.15,2.95,3.04,921844
2016-02-19,3.01,3.01,2.67,2.69,968802
2016-02-22,2.77,2.86,2.69,2.74,1250454
2016-02-23,2.75,2.78,2.57,2.58,2559045
2016-02-24,2.54,2.71,2.5,2.68,1343423
2016-02-25,2.61,2.82,2.53,2.82,1191204
2016-02-26,3.03,3.05,2.82,2.97,898884
2016-02-29,2.95,3.34,2.95,3.34,1348940
2016-03-01,3.3,3.35,3.0,3.33,701260
2016-03-02,3.25,3.825,3.235,3.82,1141891
2016-03-03,3.7,4.4,3.6301,4.39,2105771
2016-03-04,4.43,5.05,4.41,5.0,3869015
2016-03-07,5.07,5.07,4.6,4.84,2579761
2016-03-08,4.82,4.82,4.06,4.07,1427997
2016-03-09,4.22,4.45,4.11,4.33,697344
2016-03-10,4.27,4.38,4.03,4.04,939108
2016-03-11,4.2,4.37,3.97,4.0,893763
2016-03-14,3.87,4.02,3.64,3.91,958458
2016-03-15,3.8,3.97,3.725,3.96,428042
2016-03-16,4.04,4.26,3.99,4.13,743983
2016-03-17,4.2,4.34,4.07,4.31,897092
2016-03-18,4.38,4.5,3.96,4.07,2091019
2016-03-21,4.02,4.29,4.02,4.22,669895
2016-03-22,4.13,4.1999,4.06,4.1,440954
2016-03-23,3.99,4.07,3.84,3.88,634718
2016-03-24,3.79,3.995,3.68,3.98,669050
2016-03-28,3.94,4.0,3.68,3.99,809054
2016-03-29,3.83,4.07,3.755,4.03,739196
2016-03-30,4.07,4.18,3.87,4.08,992570
2016-03-31,3.96,4.16,3.955,3.99,805687
2016-04-01,3.92,3.93,3.77,3.82,981304
2016-04-04,3.84,4.01,3.8,3.8,508286
2016-04-05,3.75,3.92,3.7,3.73,1047206
2016-04-06,3.83,3.99,3.74,3.98,787559
2016-04-07,3.94,4.01,3.89,3.91,438954
2016-04-08,4.06,4.2,4.0,4.09,722101
2016-04-11,4.17,4.25,4.1,4.17,834077
2016-04-12,4.19,4.74,4.19,4.7,1588791
2016-04-13,4.64,4.95,4.5,4.76,922793
2016-04-14,4.76,4.94,4.66,4.78,898012
2016-04-15,4.64,4.87,4.5,4.78,533649
2016-04-18,4.37,4.87,4.26,4.75,746286
2016-04-19,4.81,5.19,4.794,4.99,801558
2016-04-20,4.95,5.28,4.85,5.25,906605
2016-04-21,5.29,5.3,5.04,5.06,747442
2016-04-22,5.1,5.56,5.1,5.51,777124
2016-04-25,5.6,5.62,5.345,5.45,696583
2016-04-26,5.57,5.62,5.36,5.49,612483
2016-04-27,5.6,5.85,5.33,5.74,1260315
2016-04-28,5.71,5.82,5.5,5.5,906891
2016-04-29,5.57,5.75,5.3,5.46,917614
2016-05-02,5.57,5.63,5.35,5.5,1112561
2016-05-03,5.28,5.55,4.76,4.88,969128
2016-05-04,4.89,5.18,4.725,4.96,663521
2016-05-05,5.16,5.26,4.91,4.92,517328
2016-05-06,4.83,5.2,4.77,4.8,838255
2016-05-09,4.72,4.8,4.52,4.63,449643
2016-05-10,4.76,5.2,4.54,4.57,1505760
2016-05-11,4.54,4.79,4.39,4.63,888656
2016-05-12,4.76,4.91,4.391,4.56,1004280
2016-05-13,4.48,4.8314,4.43,4.75,1043320
2016-05-16,4.86,5.14,4.68,4.72,797984
2016-05-17,4.77,4.98,4.71,4.84,690825
2016-05-18,4.81,4.9,4.7,4.73,637109
2016-05-19,4.63,4.68,4.4,4.49,597159
2016-05-20,4.58,4.71,4.39,4.56,501963
2016-05-23,4.47,4.7,4.47,4.59,272794
2016-05-24,4.62,4.81,4.54,4.61,761570
2016-05-25,4.62,4.79,4.61,4.66,890047
2016-05-26,4.71,4.72,4.49,4.56,702118
2016-05-27,4.5,4.52,4.415,4.48,502777
2016-05-31,4.44,4.6001,4.35,4.36,929292
2016-06-01,4.27,4.58,4.22,4.55,598933
2016-06-02,4.46,4.52,4.3699,4.48,345389
2016-06-03,4.5,4.59,4.38,4.43,305213
2016-06-06,4.59,4.61,4.41,4.54,695597
2016-06-07,4.57,4.8,4.5201,4.7,1214712
2016-06-08,4.8,4.845,4.67,4.79,971161
2016-06-09,4.72,4.81,4.64,4.78,289644
2016-06-10,4.64,4.66,4.26,4.34,574214
2016-06-13,4.31,4.45,4.2,4.27,461618
2016-06-14,4.28,4.46,4.23,4.45,575966
2016-06-15,4.33,4.52,4.25,4.41,563132
2016-06-16,4.33,4.48,4.26,4.42,624717
2016-06-17,4.5,4.88,4.44,4.88,1602085
2016-06-20,4.98,5.0,4.83,4.9,617159
2016-06-21,4.81,4.93,4.78,4.85,507239
2016-06-22,4.95,4.959,4.72,4.89,689625
2016-06-23,4.95,5.0,4.8501,4.9,463681
2016-06-24,4.52,4.73,4.5,4.73,1715733
2016-06-27,4.62,4.67,4.365,4.4,505216
2016-06-28,4.55,4.655,4.5,4.59,472273
2016-06-29,4.58,4.69,4.44,4.63,404426
2016-06-30,4.54,4.62,4.47,4.62,423764
2016-07-01,4.58,4.87,4.57,4.72,385650
2016-07-05,4.6,4.82,4.4199,4.52,473949
2016-07-06,4.43,4.51,4.36,4.39,514814
2016-07-07,4.4,4.54,4.31,4.34,803947
2016-07-08,4.42,4.65,4.42,4.55,640271
2016-07-11,4.63,4.68,4.44,4.5,531695
2016-07-12,4.65,4.88,4.63,4.84,657888
2016-07-13,4.85,4.94,4.68,4.86,576518
2016-07-14,4.92,4.92,4.79,4.84,284923
2016-07-15,4.91,4.91,4.61,4.63,520420
2016-07-18,4.54,4.69,4.44,4.52,573468
2016-07-19,4.5,4.56,4.37,4.39,718215
2016-07-20,4.36,4.44,4.27,4.4,400819
2016-07-21,4.39,4.555,4.23,4.23,432535
2016-07-22,4.23,4.26,4.17,4.2,309852
2016-07-25,4.16,4.17,4.03,4.1,357927
2016-07-26,4.08,4.2108,4.06,4.17,346296
2016-07-27,4.22,4.299,3.91,3.91,812507
2016-07-28,3.95,4.01,3.8,3.85,719648
2016-07-29,3.81,4.099,3.77,3.96,1087055
2016-08-01,3.9,3.96,3.55,3.56,1362780
2016-08-02,3.61,3.7499,3.4,3.44,1394591
2016-08-03,3.43,3.74,3.28,3.62,1489629
2016-08-04,3.56,3.87,3.53,3.73,1784376
2016-08-05,3.45,4.01,3.3558,3.86,1371763
2016-08-08,4.05,4.34,4.05,4.08,1444336
2016-08-09,4.07,4.21,4.01,4.03,647169
2016-08-10,4.01,4.135,3.95,3.98,696605
2016-08-11,3.99,4.1,3.98,4.0,710125
2016-08-12,4.06,4.06,3.89,3.91,628759
2016-08-15,3.81,4.01,3.81,3.98,1270169
2016-08-16,3.88,3.97,3.67,3.73,2193769
2016-08-17,3.68,3.73,3.61,3.63,1256150
2016-08-18,3.64,3.87,3.64,3.7,935498
2016-08-19,3.7,3.71,3.58,3.58,560183
2016-08-22,3.51,3.69,3.46,3.46,904312
2016-08-23,3.44,3.72,3.44,3.57,2454154
2016-08-24,3.57,3.63,3.38,3.44,1560267
2016-08-25,3.4,3.5,3.16,3.26,1507341
2016-08-26,3.23,3.47,3.23,3.34,1416797
2016-08-29,3.29,3.38,3.0601,3.18,1952215
2016-08-30,3.21,3.375,3.16,3.32,1138915
2016-08-31,3.27,3.368,3.09,3.24,1318294
2016-09-01,3.21,3.29,3.05,3.26,1393619
2016-09-02,3.32,3.42,3.29,3.37,882573
2016-09-06,3.37,3.42,3.24,3.26,697995
2016-09-07,3.25,3.31,3.11,3.12,768939
2016-09-08,3.19,3.46,3.13,3.44,1096265
2016-09-09,3.4,3.43,3.15,3.15,831719
2016-09-12,3.1,3.18,3.02,3.11,1259356
2016-09-13,3.09,3.09,2.89,2.99,991154
2016-09-14,2.95,3.03,2.88,2.93,771593
2016-09-15,2.94,2.98,2.89,2.91,696559
2016-09-16,2.88,2.98,2.855,2.97,2218531
2016-09-19,3.0,3.13,2.88,2.89,755986
2016-09-20,2.88,2.985,2.8,2.9,563247
2016-09-21,2.92,3.06,2.885,2.89,897184
2016-09-22,2.94,3.03,2.73,2.76,1025839
2016-09-23,2.82,2.84,2.64,2.67,770592
2016-09-26,2.71,2.83,2.64,2.75,1902418
2016-09-27,2.69,2.7,2.58,2.6,834714
2016-09-28,2.61,2.77,2.52,2.75,1722700
2016-09-29,2.75,2.95,2.74,2.92,3028282
2016-09-30,2.98,2.98,2.67,2.68,2027718
2016-10-03,2.7,2.74,2.525,2.55,1491834
2016-10-04,2.56,2.6,2.48,2.51,1085128
2016-10-05,2.56,2.64,2.46,2.46,1151034
2016-10-06,2.5,2.5,2.39,2.45,683653
2016-10-07,2.45,2.45,2.22,2.23,1123829
2016-10-10,2.27,2.355,2.21,2.23,778342
2016-10-11,2.22,2.32,2.13,2.25,2041593
2016-10-12,2.25,2.6,2.25,2.4,1539059
2016-10-13,2.45,2.52,2.31,2.32,768991
2016-10-14,2.35,2.44,2.3499,2.35,635347
2016-10-17,2.4,2.45,2.3,2.35,233214
2016-10-18,2.45,2.45,2.3,2.4,454021
2016-10-19,2.4,2.55,2.35,2.5,892523
2016-10-20,2.5,2.5,2.45,2.5,360331
2016-10-21,2.55,2.65,2.45,2.45,1216810
2016-10-24,2.5,2.55,2.45,2.55,508374
2016-10-25,2.55,2.55,2.25,2.25,1141143
2016-10-26,2.25,2.4,2.15,2.3,1241275
2016-10-27,2.3,2.35,2.15,2.15,1337094
2016-10-28,2.15,2.1957,2.1,2.15,537350
2016-10-31,2.15,2.15,2.05,2.1,371426
2016-11-01,2.15,2.15,2.0,2.0,931260
2016-11-02,2.0,2.0001,1.95,1.95,312390
2016-11-03,1.95,2.075,1.65,1.65,1061822
2016-11-04,1.65,1.8,1.6,1.75,417831
2016-11-07,1.9,2.05,1.75,1.75,512987
2016-11-08,1.8,1.85,1.65,1.7,637150
2016-11-09,1.7,1.9,1.7,1.9,569248
2016-11-10,1.9,1.95,1.65,1.7,977412
2016-11-11,1.7,1.8,1.55,1.8,765357
2016-11-14,1.8,1.85,1.725,1.85,530776
2016-11-15,1.95,1.95,1.75,1.85,663226
2016-11-16,1.85,1.893,1.75,1.85,223525
2016-11-17,1.8,1.85,1.75,1.75,420798
2016-11-18,1.8,1.85,1.7,1.85,1324560
2016-11-21,1.9,2.05,1.85,2.05,1597090
2016-11-22,2.0,2.25,2.0,2.15,1116206
2016-11-23,2.15,2.2,2.0,2.2,713834
2016-11-25,2.2,2.2,2.15,2.15,253703
2016-11-28,2.2,2.225,2.05,2.15,661412
2016-11-29,2.05,2.15,1.9,1.9,980998
2016-11-30,2.2,2.4,2.1,2.25,2231025
2016-12-01,2.45,2.5,2.25,2.25,1336439
2016-12-02,2.25,2.35,2.05,2.25,894271
2016-12-05,2.3,2.5,2.3,2.45,1051245
2016-12-06,2.45,2.7,2.35,2.65,1080099
2016-12-07,2.65,2.8,2.6,2.75,1046078
2016-12-08,2.75,3.3,2.7,3.25,1883834
2016-12-09,3.4,3.5,3.0,3.15,1827568
2016-12-12,3.5,3.5,3.35,3.4,1830404
2016-12-13,3.45,3.5,2.8,2.9,1874707
2016-12-14,2.9,3.15,2.65,3.1,1746324
2016-12-15,3.0,3.1,2.8,3.05,934484
2016-12-16,3.05,3.15,2.95,3.15,1184311
2016-12-19,3.1,3.15,2.95,3.05,720442
2016-12-20,3.05,3.1,2.925,2.95,643735
2016-12-21,3.0,3.1,2.95,3.0,1059962
2016-12-22,3.0,3.05,2.9,3.0,558572
2016-12-23,2.95,2.95,2.7,2.75,911746
2016-12-27,2.75,3.0,2.75,2.95,753006
2016-12-28,2.9,3.0,2.85,2.9,500408
2016-12-29,2.9,2.9,2.65,2.65,655336
2016-12-30,2.85,2.9,2.7,2.75,823368
2017-01-03,2.85,2.9,2.75,2.9,1098145
2017-01-04,2.9,3.0,2.85,2.95,1183109
2017-01-05,2.95,3.1,2.95,3.05,648966
2017-01-06,3.0,3.1,2.95,3.0,547898
2017-01-09,2.95,3.1,2.8,2.9,683764
2017-01-10,2.9,3.15,2.85,3.1,1033114
2017-01-11,3.1,3.15,2.9,3.15,1011713
2017-01-12,3.15,3.3,3.0,3.2,1131363
2017-01-13,3.25,3.3,3.15,3.25,796362
2017-01-17,3.3,3.55,3.2,3.5,1119069
2017-01-18,3.5,3.6,3.35,3.45,1228768
2017-01-19,3.45,3.5,3.4,3.45,407172
2017-01-20,3.5,3.6,3.4,3.5,461062
2017-01-23,3.6,4.0,3.45,3.9,1723210
2017-01-24,3.9,4.0,3.55,3.75,1031338
2017-01-25,3.75,3.8,3.55,3.65,502791
2017-01-26,3.75,3.95,3.7,3.8,729985
2017-01-27,3.8,3.85,3.65,3.65,939563
2017-01-30,3.7,3.7,3.35,3.5,927995
2017-01-31,3.55,3.6,3.4,3.6,805437
2017-02-01,3.6,3.65,3.35,3.5,725623
2017-02-02,3.5,3.5,3.4,3.4,499009
2017-02-03,3.4,3.55,3.35,3.5,423774
2017-02-06,3.5,3.55,3.35,3.4,501722
2017-02-07,3.4,3.45,3.05,3.05,691236
2017-02-08,3.0,3.35,2.925,3.2,1061397
2017-02-09,3.3,3.3,3.0,3.1,1148323
2017-02-10,3.1,3.375,3.05,3.3,1187079
2017-02-13,3.3,3.4,3.2,3.35,309212
2017-02-14,3.35,3.4,3.25,3.3,384483
2017-02-15,3.35,3.45,3.25,3.35,441206
2017-02-16,3.4,3.45,3.25,3.3,531792
2017-02-17,3.3,3.3,3.0,3.15,1285078
2017-02-21,3.2,3.3,3.15,3.2,509817
2017-02-22,3.15,3.25,3.15,3.2,385530
2017-02-23,3.25,3.25,3.0,3.05,534150
2017-02-24,3.05,3.1,2.95,3.05,537609
2017-02-27,3.1,3.1,3.0,3.05,380544
2017-02-28,3.05,3.0724,2.9,3.0,839449
2017-03-01,3.05,3.2,3.0,3.2,801896
2017-03-02,3.1,3.1558,2.85,3.05,653472
2017-03-03,3.0,3.05,2.95,3.0,285881
2017-03-06,2.95,3.0,2.8,2.85,616163
2017-03-07,2.8,2.9,2.75,2.8,617629
2017-03-08,2.8,3.05,2.65,2.7,1462575
2017-03-09,2.7,2.75,2.5,2.6,612016
2017-03-10,2.65,2.72,2.6,2.6,413469
2017-03-13,2.65,2.75,2.6,2.7,1180160
2017-03-14,2.65,2.675,2.55,2.6,671048
2017-03-15,2.65,2.7,2.55,2.6,526736
2017-03-16,2.6,2.65,2.55,2.6,302090
2017-03-17,2.65,2.65,2.3,2.4,1664836
2017-03-20,2.4,2.75,2.4,2.75,679662
2017-03-21,2.75,2.85,2.5,2.6,508921
2017-03-22,2.55,2.7,2.5,2.55,417245
2017-03-23,2.55,2.55,2.5,2.55,256720
2017-03-24,2.55,2.65,2.5,2.55,404608
2017-03-27,2.5,2.55,2.45,2.45,618228
2017-03-28,2.5,2.65,2.5,2.6,399210
2017-03-29,2.55,2.7,2.5,2.6,693660
2017-03-30,2.6,2.625,2.45,2.5,506052
2017-03-31,2.5,2.65,2.45,2.6,568626
2017-04-03,2.65,2.65,2.55,2.6,515971
2017-04-04,2.65,2.65,2.55,2.6,358521
2017-04-05,2.6,2.675,2.55,2.65,710913
2017-04-06,2.65,2.65,2.45,2.55,1189455
2017-04-07,2.6,2.6,2.45,2.5,565737
2017-04-10,2.5,2.55,2.45,2.45,422960
2017-04-11,2.5,2.5,2.45,2.45,670441
2017-04-12,2.45,2.5,2.35,2.4,869796
2017-04-13,2.4,2.45,2.3,2.3,686519
2017-04-17,2.3,2.4,2.3,2.4,814548
2017-04-18,2.35,2.4,2.3,2.35,522319
2017-04-19,2.35,2.4,2.35,2.35,437757
2017-04-20,2.35,2.375,2.3,2.35,287521
2017-04-21,2.3,2.35,2.25,2.25,648082
2017-04-24,2.3,2.3,2.25,2.3,389441
2017-04-25,2.3,2.35,2.2,2.2,753409
2017-04-26,2.2,2.3,2.2,2.3,382771
2017-04-27,2.3,2.3,2.2,2.3,486985
2017-04-28,2.3,2.35,2.2,2.25,500804
2017-05-01,2.25,2.25,2.1779,2.25,166962
2017-05-02,2.25,2.25,2.15,2.2,216346
2017-05-03,2.2,2.25,1.9,1.9,497493
2017-05-04,2.0,2.05,1.95,2.0,1141859
2017-05-05,1.95,2.0,1.9,1.95,958477
2017-05-08,2.05,2.2,2.0,2.2,1470371
2017-05-09,2.25,2.25,1.95,2.05,879200
2017-05-10,2.05,2.05,2.0,2.05,398995
2017-05-11,2.0,2.05,1.95,2.0,534692
2017-05-12,1.95,2.0,1.9,1.95,294628
2017-05-15,2.0,2.0,1.95,1.95,330124
2017-05-16,2.0,2.0,1.9,1.95,636119
2017-05-17,1.9,1.9,1.8,1.8,677732
2017-05-18,1.8,1.8,1.6,1.7,1878343
2017-05-19,1.8,1.8,1.7,1.7,1359604
2017-05-22,1.7,1.9,1.66,1.9,1264579
2017-05-23,1.9,1.95,1.8,1.85,861557
2017-05-24,1.85,1.9,1.8,1.8,366001
2017-05-25,1.8,2.25,1.7,1.75,1850667
2017-05-26,1.7,1.75,1.65,1.65,1567389
2017-05-30,1.7,1.7001,1.65,1.65,1024273
2017-05-31,1.65,1.7,1.6,1.65,861346
2017-06-01,1.7,1.75,1.6,1.6,1132152
2017-06-02,1.65,1.65,1.6,1.6,326830
2017-06-05,1.6,1.7,1.6,1.65,415468
2017-06-06,1.65,1.8,1.6,1.75,824767
2017-06-07,1.7,1.8,1.6,1.7,889638
2017-06-08,1.65,1.7,1.65,1.65,356284
2017-06-09,1.7,1.7,1.6,1.65,342902
2017-06-12,1.65,1.7,1.6,1.65,316325
2017-06-13,1.65,1.75,1.649,1.7,289347
2017-06-14,1.65,1.7,1.6,1.6,180180
2017-06-15,1.6,1.65,1.6,1.6,558464
2017-06-16,1.6,1.65,1.6,1.65,553575
2017-06-19,1.65,1.65,1.6,1.65,391921
2017-06-20,1.6,1.625,1.55,1.6,809244
2017-06-21,1.6,1.6,1.35,1.4,1313758
2017-06-22,1.45,1.5,1.4,1.45,890682
2017-06-23,1.4,1.45,1.25,1.3,3341952
2017-06-26,1.35,1.45,1.3,1.4,1649293
2017-06-27,1.45,1.5,1.4,1.4,1247750
2017-06-28,1.4,1.5,1.4,1.45,1267060
2017-06-29,1.45,1.5,1.45,1.45,305626
2017-06-30,1.45,1.45,1.35,1.4,1643283
2017-07-03,1.4,1.45,1.35,1.35,513100
2017-07-05,1.4,1.4,1.35,1.4,699259
2017-07-06,1.4,1.4,1.3,1.3,825857
2017-07-07,1.3,1.35,1.2,1.25,804392
2017-07-10,1.25,1.3,1.2,1.2,615791
2017-07-11,1.2,1.25,1.15,1.2,603540
2017-07-12,1.2,1.25,1.15,1.15,624370
2017-07-13,1.2,1.2,1.05,1.2,754652
2017-07-14,1.2,1.25,1.15,1.2,279450
2017-07-17,1.2,1.25,1.15,1.2,389682
2017-07-18,1.15,1.15,1.1,1.1,759596
2017-07-19,1.15,1.2,1.1,1.15,865737
2017-07-20,1.15,1.2,1.15,1.15,596165
2017-07-21,1.2,1.2,1.1,1.15,599686
2017-07-24,1.15,1.25,1.15,1.2,923037
2017-07-25,1.25,1.3,1.15,1.15,966813
2017-07-26,1.2,1.45,1.15,1.3,1650519
2017-07-27,1.25,1.35,1.25,1.35,505010
2017-07-28,1.3,1.35,1.25,1.3,231694
2017-07-31,1.3,1.3,1.25,1.25,297698
2017-08-01,1.2,1.25,1.1,1.15,854565
2017-08-02,1.15,1.2,1.1,1.2,511998
2017-08-03,1.15,1.2,1.1,1.15,878168
2017-08-04,1.15,1.2,1.15,1.2,854565
2017-08-07,1.15,1.15,1.0,1.0,6506170
2017-08-08,1.05,1.075,0.94,1.0,3107431
2017-08-09,1.05,1.1,0.95,0.95,1033422
2017-08-10,0.95,0.9768,0.85,0.9768,1106944
2017-08-11,1.0,1.04,0.9803,1.01,570215
2017-08-14,1.05,1.05,0.9701,1.01,507822
2017-08-15,1.0,1.02,0.9801,0.9896,235101
2017-08-16,1.0,1.02,0.954,0.99,493043
2017-08-17,1.01,1.01,0.9525,0.98,773752
2017-08-18,0.97,1.01,0.95,1.01,341561
2017-08-21,1.0,1.01,0.9619,1.0,872888
2017-08-22,0.99,1.02,0.9767,1.0,470742
2017-08-23,0.976,1.04,0.9669,0.99,843673
2017-08-24,0.9827,1.01,0.98,0.985,1405209
2017-08-25,0.9815,1.01,0.9126,0.9331,1226400
2017-08-28,0.9472,0.97,0.85,0.871,1277563
2017-08-29,0.85,0.8931,0.77,0.8262,1068566
2017-08-30,0.81,0.8298,0.8,0.8248,593038
2017-08-31,0.82,0.9,0.82,0.85,998570
2017-09-01,0.85,0.9,0.81,0.86,471143
2017-09-05,0.86,0.9,0.76,0.81,765614
2017-09-06,0.84,0.8599,0.80001,0.81,449180
2017-09-07,0.8151,0.84,0.7724,0.79,470057
2017-09-08,0.8,0.82,0.73,0.74,689184
2017-09-11,0.74,0.77,0.66,0.72,581584
2017-09-12,0.7366,0.76,0.7032,0.7424,306047
2017-09-13,0.75,0.7699,0.7154,0.76,499181
2017-09-14,0.75,0.7995,0.742,0.77,668381
2017-09-15,0.8,0.85,0.77,0.85,1143867
2017-09-18,0.82,0.84,0.78,0.84,461980
2017-09-19,0.8478,0.86,0.8001,0.8392,226532
2017-09-20,0.8493,0.865,0.8094,0.8381,574139
2017-09-21,0.8461,0.8573,0.7801,0.818,365518
2017-09-22,0.8047,0.8499,0.8016,0.847,449647
2017-09-25,0.85,0.9668,0.85,0.94,854745
2017-09-26,0.95,1.09,0.905156,1.05,1241395
2017-09-27,1.1,1.1,0.9,0.9696,943054
2017-09-28,0.97,1.008,0.97,0.9853,388628
2017-09-29,0.99,0.99,0.9,0.9,367218
2017-10-02,0.91,0.95,0.89,0.95,327286
2017-10-03,0.9393,1.01,0.9312,0.979,421633
2017-10-04,1.0,1.0,0.92,0.9294,199004
2017-10-05,0.9094,0.9499,0.9,0.93,279141
2017-10-06,0.9387,0.9387,0.86,0.865,420019
2017-10-09,0.865,0.9096,0.85,0.86,260080
2017-10-10,0.89,0.915,0.85,0.8601,478748
2017-10-11,0.8601,0.886,0.8118,0.85,426383
2017-10-12,0.85,0.86,0.8,0.81,557582
2017-10-13,0.82,0.8498,0.76,0.765,643199
2017-10-16,0.77,0.8011,0.7401,0.7738,934678
2017-10-17,0.764,0.7738,0.7243,0.74,653436
2017-10-18,0.7467,0.7738,0.6835,0.711,1144220
2017-10-19,0.7177,0.7177,0.66,0.706,865688
2017-10-20,0.7075,0.7209,0.6821,0.706,388895
2017-10-23,0.6933,0.7,0.65,0.6715,500845
2017-10-24,0.675,0.685,0.6501,0.675,351908
2017-10-25,0.68,0.6881,0.6369,0.6451,468974
2017-10-26,0.65,0.67,0.6269,0.66,486123
2017-10-27,0.68,0.6987,0.6412,0.66,435719
2017-10-30,0.66,0.75,0.66,0.71,568869
2017-10-31,0.74,0.85,0.72,0.8,1675341
2017-11-01,0.84,0.8899,0.8,0.82,1029748
2017-11-02,0.9,1.08,0.87,0.96,5273208
2017-11-03,0.95,1.0498,0.94,1.01,1040554
2017-11-06,1.03,1.36,1.0101,1.34,4693057
2017-11-07,1.41,1.44,1.2,1.3,2639040
2017-11-08,1.29,1.32,1.15,1.2,1581280
2017-11-09,1.27,1.28,1.11,1.2,1211696
2017-11-10,1.2,1.26,1.15,1.17,1174181
2017-11-13,1.15,1.22,1.13,1.18,770703
2017-11-14,1.21,1.21,1.06,1.12,879971
2017-11-15,1.05,1.1053,1.01,1.06,726944
2017-11-16,1.04,1.12,1.04,1.09,465942
2017-11-17,1.1,1.16,1.0945,1.14,542911
2017-11-20,1.14,1.2,1.08,1.12,580557
2017-11-21,1.12,1.17,1.01,1.11,701366
2017-11-22,1.15,1.21,1.11,1.18,1282073
2017-11-24,1.25,1.26,1.2,1.24,843765
2017-11-27,1.32,1.64,1.3,1.5,4467111
2017-11-28,1.58,1.58,1.3,1.41,2861307
2017-11-29,1.39,1.47,1.31,1.4,1163347
2017-11-30,1.42,1.93,1.42,1.7,4408666
2017-12-01,1.87,1.98,1.55,1.72,3733255
2017-12-04,1.75,1.78,1.64,1.67,1284207
2017-12-05,1.68,1.81,1.66,1.77,1312010
2017-12-06,1.77,1.77,1.46,1.48,2466353
2017-12-07,1.46,1.71,1.45,1.47,1708905
2017-12-08,1.5,1.66,1.5,1.62,1128332
2017-12-11,1.7,1.75,1.64,1.68,833887
2017-12-12,1.69,1.7,1.6,1.68,943170
2017-12-13,1.7,1.71,1.61,1.66,796584
2017-12-14,1.6,1.66,1.52,1.57,803248
2017-12-15,1.6,1.6,1.47,1.54,1185200
2017-12-18,1.5,1.65,1.5,1.65,1109553
2017-12-19,1.65,1.68,1.58,1.61,915616
2017-12-20,1.63,1.66,1.53,1.58,797946
2017-12-21,1.59,1.74,1.55,1.7,3141415
2017-12-22,1.74,1.75,1.65,1.68,1116049
2017-12-26,1.69,1.86,1.64,1.85,2231336
2017-12-27,1.89,1.89,1.77,1.81,1503164
2017-12-28,1.83,1.95,1.82,1.86,2006049
2017-12-29,1.91,2.1,1.86,2.05,4581416
2018-01-02,2.15,2.57,2.09,2.54,4223329
2018-01-03,2.75,2.79,2.3,2.43,4145480
2018-01-04,2.5,2.57,2.35,2.53,2055005
2018-01-05,2.54,2.54,2.25,2.42,2623939
2018-01-08,2.44,2.73,2.39,2.57,2629463
2018-01-09,2.55,2.64,2.47,2.5,1916084
2018-01-10,2.55,2.62,2.47,2.53,1030782
2018-01-11,2.57,2.93,2.57,2.89,4158544
2018-01-12,2.92,2.97,2.75,2.91,2063320
2018-01-16,2.96,2.96,2.61,2.72,2450194
2018-01-17,2.74,2.76,2.57,2.69,1633434
2018-01-18,2.69,2.7,2.57,2.58,1086979
2018-01-19,2.55,2.6,2.45,2.57,1187897
2018-01-22,2.59,2.67,2.47,2.61,821772
2018-01-23,2.65,2.65,2.52,2.56,1416077
2018-01-24,2.52,2.62,2.5,2.57,988193
2018-01-25,2.62,2.62,2.43,2.51,1511359
2018-01-26,2.5,2.54,2.05,2.08,4015829
2018-01-29,2.26,2.4,2.13,2.29,2139774
2018-01-30,2.28,2.28,2.0,2.02,1963731
2018-01-31,2.06,2.13,1.9,1.99,1659762
2018-02-01,2.1,2.38,2.05,2.29,3822197
2018-02-02,2.25,2.25,2.13,2.21,2490529
2018-02-05,2.11,2.21,2.04,2.1,1443023
2018-02-06,1.91,2.1,1.87,2.0,2354151
2018-02-07,1.98,2.01,1.7,1.8,2424464
2018-02-08,1.8,1.8,1.6,1.62,1654543
2018-02-09,1.6,1.74,1.5,1.64,1844883
2018-02-12,1.68,1.91,1.68,1.82,1748549
2018-02-13,1.8,1.82,1.71,1.72,1022154
2018-02-14,1.69,1.9,1.68,1.82,897898
2018-02-15,1.92,1.92,1.7,1.8,778913
2018-02-16,1.75,1.92,1.75,1.9,1113874
2018-02-20,1.91,2.03,1.82,1.85,1149234
2018-02-21,1.9,2.01,1.87,1.91,978603
2018-02-22,1.99,2.1,1.92,2.1,1975118
2018-02-23,1.93,2.17,1.9,2.05,2163377
2018-02-26,2.07,2.11,1.95,2.1,1039020
2018-02-27,2.08,2.24,2.05,2.1,1306932
2018-02-28,2.15,2.15,2.03,2.07,996937
2018-03-01,2.04,2.27,2.04,2.2,1679214
2018-03-02,2.15,2.18,2.05,2.09,1010394
2018-03-05,2.18,2.2,2.08,2.15,1034651
2018-03-06,2.2,2.24,1.96,2.07,2139399
2018-03-07,2.04,2.16,2.01,2.15,1065185
2018-03-08,2.17,2.18,2.06,2.08,882132
2018-03-09,2.12,2.12,2.04,2.11,601427
2018-03-12,2.12,2.15,2.02,2.06,826913
2018-03-13,2.08,2.11,2.02,2.11,572846
2018-03-14,2.1,2.11,2.04,2.1,490125
2018-03-15,2.1,2.11,2.05,2.06,391919
2018-03-16,2.05,2.15,2.02,2.09,868501
2018-03-19,2.19,2.32,2.12,2.3,3001877
2018-03-20,2.0,2.02,1.72,1.75,5102813
2018-03-21,1.83,1.95,1.75,1.86,4230154
2018-03-22,1.85,1.85,1.69,1.72,3992091
2018-03-23,1.85,1.87,1.74,1.77,3437931
2018-03-26,1.85,1.85,1.72,1.81,1608703
2018-03-27,1.88,1.95,1.75,1.78,2507771
2018-03-28,1.85,1.92,1.79,1.87,2039543
2018-03-29,1.92,2.01,1.87,1.98,1476406
2018-04-02,2.0,2.09,1.87,1.87,1623129
2018-04-03,1.9,2.03,1.88,1.92,1893359
2018-04-04,1.89,2.0,1.88,1.9,1278102
2018-04-05,1.7,1.86,1.69,1.73,2271204
2018-04-06,1.55,1.55,1.47,1.48,14843988
2018-04-09,1.58,1.58,1.5,1.5,3070987
2018-04-10,1.54,1.59,1.5,1.56,3517517
2018-04-11,1.59,1.62,1.56,1.62,4005215
2018-04-12,1.63,1.73,1.6,1.69,3278940
2018-04-13,1.75,1.75,1.62,1.64,2740523
2018-04-16,1.66,1.69,1.6,1.65,1483453
2018-04-17,1.66,1.69,1.64,1.67,1369556
2018-04-18,1.7,1.81,1.68,1.78,3682134
2018-04-19,1.84,1.89,1.74,1.77,3011781
2018-04-20,1.73,1.79,1.7,1.71,3072186
2018-04-23,1.75,1.75,1.67,1.72,1116236
2018-04-24,1.72,1.73,1.58,1.63,2339743
2018-04-25,1.65,1.65,1.53,1.63,1767535
2018-04-26,1.66,1.69,1.6,1.66,1578547
2018-04-27,1.67,1.67,1.61,1.66,1155684
2018-04-30,1.68,1.7,1.62,1.67,996425
2018-05-01,1.7,1.7,1.61,1.69,1506514
2018-05-02,1.65,1.7,1.65,1.65,928770
2018-05-03,1.66,1.69,1.65,1.68,1010578
2018-05-04,1.7,1.75,1.65,1.75,1885368
2018-05-07,1.94,2.0,1.81,1.88,6447818
2018-05-08,1.91,2.03,1.86,2.01,4299518
2018-05-09,2.15,2.26,2.08,2.19,5927475
2018-05-10,2.25,2.27,2.11,2.23,3176804
2018-05-11,2.25,2.29,2.2,2.25,2621538
2018-05-14,2.28,2.28,2.11,2.21,3167325
2018-05-15,2.24,2.25,2.13,2.21,3329149
2018-05-16,2.16,2.29,2.16,2.29,3358533
2018-05-17,2.39,2.45,2.33,2.4,5459245
2018-05-18,2.46,2.5,2.36,2.41,3806730
2018-05-21,2.5,2.74,2.44,2.62,8253311
2018-05-22,2.73,2.74,2.55,2.63,5094476
2018-05-23,2.64,2.71,2.51,2.69,3942990
2018-05-24,2.78,2.89,2.72,2.81,5483405
2018-05-25,2.75,2.76,2.5,2.73,4866520
2018-05-29,2.65,2.75,2.6,2.68,2940238
2018-05-30,2.74,2.85,2.72,2.82,4180936
2018-05-31,2.82,2.82,2.68,2.71,2800438
2018-06-01,2.74,2.79,2.67,2.7,3492298
2018-06-04,2.82,2.82,2.54,2.54,6020119
2018-06-05,2.51,2.6,2.38,2.49,5073538
2018-06-06,2.5,2.55,2.4,2.5,2406735
2018-06-07,2.55,2.7,2.52,2.68,3236551
2018-06-08,2.69,2.72,2.61,2.66,2396148
2018-06-11,2.65,2.89,2.65,2.85,5602301
2018-06-12,2.85,3.0,2.79,2.81,5499017
2018-06-13,2.82,2.98,2.81,2.9,6406571
2018-06-14,2.91,2.94,2.77,2.84,3944078
2018-06-15,2.8,2.84,2.7,2.78,6234843
2018-06-18,2.75,2.87,2.74,2.82,3540475
2018-06-19,2.73,2.86,2.73,2.86,2923462
2018-06-20,2.91,2.92,2.68,2.75,4080615
2018-06-21,2.7,2.74,2.59,2.65,3862007
2018-06-22,2.8,2.8,2.69,2.77,14554929
2018-06-25,2.85,2.85,2.7,2.71,2978182
2018-06-26,2.71,2.85,2.65,2.81,4078039
2018-06-27,2.91,3.0,2.81,2.89,8364737
2018-06-28,2.95,2.97,2.85,2.95,4425232
2018-06-29,3.0,3.17,2.98,3.15,8891567
2018-07-02,3.23,3.27,2.95,3.11,8389599
2018-07-03,3.16,3.27,3.11,3.21,3713363
2018-07-05,3.27,3.31,3.09,3.21,4659788
2018-07-06,3.13,3.3,3.1,3.28,3588800
2018-07-09,3.25,3.51,3.23,3.51,4762300
2018-07-10,3.65,3.73,3.51,3.66,7695915
2018-07-11,3.59,3.66,3.3,3.41,6925833
2018-07-12,3.52,3.61,3.35,3.42,3227991
2018-07-13,3.44,3.5,3.38,3.41,3129330
2018-07-16,3.3,3.32,3.11,3.27,5103472
2018-07-17,3.25,3.27,3.12,3.24,2339607
2018-07-18,3.36,3.44,3.17,3.42,4216929
2018-07-19,3.45,3.49,3.37,3.45,5243132
2018-07-20,3.48,3.52,3.35,3.42,2861361
2018-07-23,3.5,3.5,3.38,3.46,4178040
2018-07-24,3.52,3.55,3.38,3.38,5319322
2018-07-25,3.38,3.45,3.33,3.4,2544074
2018-07-26,3.4,3.43,3.32,3.34,2528939
2018-07-27,3.32,3.36,3.19,3.25,3699605
2018-07-30,3.27,3.43,3.24,3.42,3521780
2018-07-31,3.59,3.8,3.52,3.72,11508395
2018-08-01,3.71,3.72,3.52,3.69,4536092
2018-08-02,3.65,3.72,3.55,3.61,3002650
2018-08-03,3.58,3.7,3.51,3.69,3932767
2018-08-06,3.74,3.74,3.37,3.38,6068578
2018-08-07,3.41,3.45,3.27,3.37,4572543
2018-08-08,3.33,3.35,3.18,3.31,4094056
2018-08-09,3.34,3.35,2.94,3.33,7275151
2018-08-10,3.33,3.33,3.21,3.23,2026912
2018-08-13,3.15,3.2,2.98,3.05,4491335
2018-08-14,3.06,3.08,2.66,2.73,8948072
2018-08-15,2.7,2.7,2.56,2.67,4936935
2018-08-16,2.65,2.85,2.63,2.78,4843218
2018-08-17,2.8,2.98,2.8,2.87,4523110
2018-08-20,2.81,3.03,2.81,3.01,4446714
2018-08-21,3.05,3.27,3.05,3.14,5417415
2018-08-22,3.21,3.32,3.16,3.31,4617120
2018-08-23,3.25,3.36,3.15,3.31,3982033
2018-08-24,3.4,3.43,3.29,3.3,3222677
2018-08-27,3.29,3.44,3.28,3.44,6159420
2018-08-28,3.4,3.42,3.26,3.33,3882953
2018-08-29,3.35,3.43,3.3,3.38,4028952
2018-08-30,3.42,3.43,3.31,3.39,5874360
2018-08-31,3.32,3.45,3.31,3.45,3361163
2018-09-04,3.48,3.5,3.37,3.4,2706416
2018-09-05,3.3,3.38,3.24,3.31,3145685
2018-09-06,3.32,3.34,3.09,3.17,5283768
2018-09-07,3.15,3.15,2.99,3.06,3489696
2018-09-10,3.07,3.19,3.07,3.13,2738668
2018-09-11,3.1,3.26,3.02,3.17,3032034
2018-09-12,3.3,3.43,3.26,3.41,5657011
2018-09-13,3.4,3.42,3.28,3.36,4071005
2018-09-14,3.38,3.5,3.32,3.48,4466920
2018-09-17,3.5,3.53,3.41,3.44,4382486
2018-09-18,3.45,3.51,3.42,3.51,3949569
2018-09-19,3.51,3.55,3.45,3.54,5593286
2018-09-20,3.5,3.62,3.49,3.59,4263465
2018-09-21,3.6,3.78,3.58,3.69,22317096
2018-09-24,3.73,3.87,3.58,3.82,6855387
2018-09-25,3.85,4.09,3.82,3.94,9607577
2018-09-26,3.95,4.04,3.91,3.94,6520618
2018-09-27,3.91,4.1,3.91,3.97,5468652
2018-09-28,3.93,4.07,3.92,4.0,4565535
2018-10-01,4.03,4.32,3.97,4.29,7849350
2018-10-02,4.47,4.49,4.16,4.19,6521947
2018-10-03,4.23,4.37,4.13,4.33,6334187
2018-10-04,4.31,4.4,4.17,4.17,4761924
2018-10-05,4.21,4.29,3.86,4.06,9155556
2018-10-08,3.98,4.16,3.87,4.01,4661581
2018-10-09,4.04,4.19,3.95,4.07,5023403
2018-10-10,4.02,4.06,3.76,3.79,6860835
2018-10-11,3.76,3.8,3.47,3.47,5799342
2018-10-12,3.68,3.77,3.57,3.73,6029931
2018-10-15,3.76,3.84,3.7,3.75,2674140
2018-10-16,3.74,3.89,3.68,3.87,3101470
2018-10-17,3.83,3.86,3.58,3.66,3882293
2018-10-18,3.44,3.66,3.42,3.54,3983858
2018-10-19,3.56,3.74,3.56,3.62,3421258
2018-10-22,3.6,3.6,3.45,3.51,2720201
2018-10-23,3.37,3.41,3.25,3.25,3843802
2018-10-24,3.3,3.38,3.03,3.03,5204780
2018-10-25,3.15,3.15,3.02,3.12,4440477
2018-10-26,3.06,3.12,2.85,3.01,3854152
2018-10-29,3.05,3.07,2.72,2.75,6121833
2018-10-30,2.73,2.93,2.57,2.92,6887172
2018-10-31,3.01,3.12,2.9,2.94,5937514
2018-11-01,2.98,3.05,2.82,2.93,4600896
2018-11-02,2.87,3.0,2.75,2.87,5013682
2018-11-05,2.93,2.99,2.82,2.94,3779134
2018-11-06,2.99,3.06,2.86,2.98,5603281
2018-11-07,3.06,3.18,2.96,3.15,7293237
2018-11-08,3.13,3.2,2.86,2.98,6285669
2018-11-09,2.94,3.14,2.76,3.04,6428522
2018-11-12,3.07,3.15,2.76,2.8,6888136
2018-11-13,2.79,2.88,2.58,2.63,4632685
2018-11-14,2.69,2.78,2.56,2.65,4734270
2018-11-15,2.72,2.8,2.65,2.8,3202807
2018-11-16,2.84,2.94,2.72,2.85,3934960
2018-11-19,2.8,2.93,2.71,2.76,5308455
2018-11-20,2.69,2.7,2.52,2.56,4545129
2018-11-21,2.67,2.72,2.56,2.69,3895572
2018-11-23,2.5,2.62,2.4581,2.49,3426340
2018-11-26,2.51,2.62,2.51,2.6,3025321
2018-11-27,2.63,2.76,2.53,2.56,4621999
2018-11-28,2.53,2.68,2.47,2.65,5105103
2018-11-29,2.65,2.74,2.57,2.65,2953398
2018-11-30,2.59,2.63,2.45,2.54,5147727
2018-12-03,2.7,2.78,2.6,2.75,4778190
2018-12-04,2.8,2.83,2.55,2.58,5220584
2018-12-06,2.44,2.52,2.34,2.45,5363478
2018-12-07,2.56,2.65,2.38,2.41,6165014
2018-12-10,2.36,2.42,2.21,2.25,4221887
2018-12-11,2.32,2.36,2.23,2.31,3357567
2018-12-12,2.36,2.54,2.36,2.49,8401154
2018-12-13,2.48,2.55,2.42,2.5,4190096
2018-12-14,2.48,2.61,2.35,2.39,6663038
2018-12-17,2.35,2.45,2.26,2.28,6727679
2018-12-18,2.28,2.31,2.16,2.16,5178483
2018-12-19,2.16,2.36,2.16,2.22,7425402
2018-12-20,2.18,2.25,2.09,2.15,6253769
2018-12-21,2.12,2.19,2.02,2.03,7178634
2018-12-24,1.94,2.06,1.87,1.95,3692559
2018-12-26,2.0,2.31,1.9,2.31,5308757
2018-12-27,2.26,2.31,2.16,2.28,4733439
2018-12-28,2.33,2.41,2.29,2.3,4138546
2018-12-31,2.37,2.3713,2.21,2.26,3559147
2019-01-02,2.21,2.45,2.16,2.45,3543526
2019-01-03,2.45,2.49,2.33,2.44,2803483
2019-01-04,2.5,2.74,2.48,2.71,4853448
2019-01-07,2.78,2.83,2.66,2.75,4273334
2019-01-08,2.81,2.84,2.64,2.72,6636660
2019-01-09,2.85,2.85,2.67,2.75,4092004
2019-01-10,2.72,2.76,2.6,2.7,3031364
2019-01-11,2.67,2.67,2.46,2.5,5010889
2019-01-14,2.46,2.5,2.38,2.42,3929589
2019-01-15,2.43,2.58,2.43,2.5,4649397
2019-01-16,2.52,2.62,2.49,2.61,5010246
2019-01-17,2.52,2.6,2.5,2.57,3615705
2019-01-18,2.6,2.85,2.6,2.8,8372324
2019-01-22,2.85,2.85,2.62,2.64,5465635
2019-01-23,2.71,2.78,2.61,2.63,4199260
2019-01-24,2.61,2.66,2.45,2.57,6460328
2019-01-25,2.61,2.68,2.49,2.63,6955226
2019-01-28,2.52,2.61,2.48,2.5,3370131
2019-01-29,2.55,2.57,2.47,2.5,3188569
2019-01-30,2.52,2.62,2.48,2.61,3738889
2019-01-31,2.59,2.66,2.47,2.53,3451567
2019-02-01,2.54,2.59,2.49,2.54,4180618
2019-02-04,2.5,2.56,2.47,2.52,2207617
2019-02-05,2.5,2.51,2.39,2.44,4741137
2019-02-06,2.41,2.41,2.26,2.28,5210786
2019-02-07,2.27,2.27,2.15,2.21,5319528
2019-02-08,2.18,2.2,2.1,2.18,5392471
2019-02-11,2.2,2.26,2.15,2.25,2815099
2019-02-12,2.32,2.39,2.28,2.33,3929989
2019-02-13,2.32,2.45,2.3,2.42,4057940
2019-02-14,2.38,2.54,2.38,2.52,5091076
2019-02-15,2.55,2.61,2.52,2.56,3170297
2019-02-19,2.52,2.59,2.5,2.54,2803153
2019-02-20,2.53,2.6,2.49,2.56,3890274
2019-02-21,2.55,2.57,2.4,2.42,3599254
2019-02-22,2.45,2.51,2.43,2.48,2597820
2019-02-25,2.49,2.49,2.34,2.34,3965035
2019-02-26,2.33,2.38,2.22,2.3,4706118
2019-02-27,2.33,2.45,2.33,2.42,3567547
2019-02-28,2.41,2.41,2.33,2.37,3079182
2019-03-01,2.42,2.47,2.37,2.4,3373708
2019-03-04,2.45,2.47,2.34,2.41,3202316
2019-03-05,2.4,2.4,2.3,2.31,2887741
2019-03-06,2.3,2.32,2.21,2.21,3327322
2019-03-07,2.25,2.25,2.14,2.18,3451077
2019-03-08,2.13,2.15,2.05,2.1,4292372
2019-03-11,2.15,2.28,2.1,2.22,6437115
2019-03-12,2.5,2.57,2.25,2.37,10514232
2019-03-13,2.37,2.53,2.36,2.47,7439147
2019-03-14,2.48,2.6,2.41,2.53,7355132
2019-03-15,2.49,2.55,2.4,2.4,9943727
2019-03-18,2.4,2.49,2.35,2.44,3818567
2019-03-19,2.49,2.5,2.39,2.45,5223460
2019-03-20,2.48,2.72,2.44,2.63,7215920
2019-03-21,2.71,2.88,2.66,2.87,7529287
2019-03-22,2.84,2.85,2.6,2.66,7442986
2019-03-25,2.58,2.73,2.5,2.69,5233242
2019-03-26,2.78,2.78,2.65,2.72,4617467
2019-03-27,2.7,2.71,2.6,2.67,4593582
2019-03-28,2.6,2.76,2.59,2.73,4578802
2019-03-29,2.79,2.84,2.66,2.74,5668035
2019-04-01,2.75,2.8,2.72,2.78,5066496
2019-04-02,2.78,2.79,2.68,2.72,5771034
2019-04-03,2.73,2.76,2.63,2.65,5872338
2019-04-04,2.61,2.65,2.57,2.63,4027881
2019-04-05,2.62,2.68,2.61,2.68,5870307
2019-04-08,2.7,2.78,2.65,2.74,6456169
2019-04-09,2.73,2.75,2.61,2.61,4606821
2019-04-10,2.64,2.69,2.6,2.67,3040432
2019-04-11,2.66,2.68,2.6,2.61,2689247
2019-04-12,2.69,2.7,2.6,2.69,3760304
2019-04-15,2.67,2.7,2.57,2.58,4031538
2019-04-16,2.63,2.65,2.55,2.65,3803780
2019-04-17,2.65,2.73,2.62,2.73,6404036
2019-04-18,2.73,2.73,2.59,2.61,4245890
2019-04-22,2.64,2.75,2.6,2.73,4792239
2019-04-23,2.79,2.93,2.72,2.9,8027832
2019-04-24,2.9,2.94,2.81,2.85,4422332
2019-04-25,2.86,2.9,2.79,2.8,3536127
2019-04-26,2.75,2.8,2.65,2.65,3625059
2019-04-29,2.66,2.68,2.61,2.66,3201536
2019-04-30,2.68,2.7,2.62,2.65,4254694
2019-05-01,2.65,2.67,2.47,2.48,4976950
2019-05-02,2.4,2.47,2.31,2.33,7677081
2019-05-03,2.4,2.41,2.3,2.39,5495664
2019-05-06,2.34,2.41,2.3,2.36,4970550
2019-05-07,2.31,2.33,2.2,2.24,5969120
2019-05-08,2.25,2.34,2.24,2.29,6123588
2019-05-09,2.25,2.33,2.19,2.31,6275059
2019-05-10,2.22,2.28,2.2,2.26,4727459
2019-05-13,2.2,2.27,2.11,2.11,5119165
2019-05-14,2.15,2.21,2.13,2.18,4251144
2019-05-15,2.16,2.28,2.13,2.27,4296023
2019-05-16,2.27,2.39,2.23,2.39,7381526
2019-05-17,2.45,2.45,2.19,2.19,5852039
2019-05-20,2.19,2.24,2.16,2.19,2619188
2019-05-21,2.24,2.29,2.19,2.27,3386637
2019-05-22,2.22,2.25,2.12,2.12,5817219
2019-05-23,2.05,2.1,1.99,2.07,7124347
2019-05-24,2.1,2.12,1.98,2.05,4863689
2019-05-28,2.05,2.19,2.04,2.18,5818208
2019-05-29,2.14,2.16,2.0,2.13,6139320
2019-05-30,2.16,2.16,2.02,2.03,3962544
2019-05-31,1.96,2.06,1.91,1.99,4794706
2019-06-03,1.99,2.05,1.95,1.99,4942589
2019-06-04,2.06,2.1,1.97,2.09,5320053
2019-06-05,2.08,2.1,1.92,1.94,8155875
2019-06-06,1.93,1.98,1.85,1.97,6875142
2019-06-07,2.0,2.03,1.91,2.01,9729227
2019-06-10,2.03,2.08,1.99,1.99,7026391
2019-06-11,2.04,2.12,2.0,2.06,5830878
2019-06-12,2.02,2.04,1.93,1.94,5310953
2019-06-13,2.02,2.05,1.94,2.04,4853657
2019-06-14,2.0,2.05,1.96,2.0,5520663
2019-06-17,2.0,2.11,1.97,2.05,7192750
2019-06-18,2.06,2.17,2.05,2.13,6570736
2019-06-19,2.14,2.15,2.04,2.06,6847132
2019-06-20,2.13,2.27,2.1,2.15,11003688
2019-06-21,2.14,2.18,2.05,2.09,8203068
2019-06-24,2.09,2.1,1.91,1.93,7485227
2019-06-25,1.91,1.97,1.88,1.89,4362483
2019-06-26,1.95,2.04,1.93,2.0,6576468
2019-06-27,2.01,2.05,1.93,1.99,5179503
2019-06-28,1.99,2.01,1.89,1.93,18613176
2019-07-01,2.0,2.1,1.95,2.09,8963419
2019-07-02,2.07,2.07,1.97,1.98,8992427
2019-07-03,2.0,2.01,1.93,1.94,3404527
2019-07-05,1.94,2.0,1.92,1.98,4291341
2019-07-08,1.96,2.0,1.9,1.91,5435692
2019-07-09,1.92,1.94,1.83,1.86,6634464
2019-07-10,1.9,1.97,1.88,1.95,5818530
2019-07-11,1.95,1.96,1.9,1.91,3855553
2019-07-12,1.93,1.97,1.9,1.95,4507604
2019-07-15,1.97,1.97,1.84,1.84,4121689
2019-07-16,1.87,1.89,1.77,1.77,4354305
2019-07-17,1.77,1.79,1.62,1.62,6493945
2019-07-18,1.6,1.64,1.54,1.58,6394034
2019-07-19,1.59,1.62,1.56,1.59,5092003
2019-07-22,1.62,1.66,1.56,1.6,4758233
2019-07-23,1.62,1.67,1.57,1.65,5166010
2019-07-24,1.65,1.67,1.61,1.64,8019309
2019-07-25,1.65,1.67,1.6,1.62,7779447
2019-07-26,1.62,1.63,1.57,1.57,3941490
2019-07-29,1.57,1.59,1.5,1.5,4007000
2019-07-30,1.51,1.67,1.43,1.66,7957084
2019-07-31,1.7,1.74,1.6,1.62,6785656
2019-08-01,1.6,1.6,1.43,1.5,7108754
2019-08-02,1.59,1.59,1.46,1.5,5052739
2019-08-05,1.47,1.51,1.41,1.47,14163792
2019-08-06,1.46,1.64,1.46,1.62,9141398
2019-08-07,1.57,1.74,1.55,1.67,11561029
2019-08-08,1.71,1.76,1.66,1.75,6573249
2019-08-09,1.76,1.79,1.67,1.7,5421165
2019-08-12,1.68,1.73,1.66,1.69,4200829
2019-08-13,1.69,1.82,1.66,1.72,6365295
2019-08-14,1.67,1.7,1.6,1.61,6414607
2019-08-15,1.59,1.64,1.58,1.62,3132048
2019-08-16,1.62,1.74,1.595,1.71,3846941
2019-08-19,1.75,1.84,1.74,1.83,6320481
2019-08-20,1.83,1.88,1.77,1.85,5052854
2019-08-21,1.87,1.89,1.78,1.84,6171886
2019-08-22,1.85,1.87,1.79,1.79,5552621
2019-08-23,1.77,1.77,1.62,1.68,8669543
2019-08-26,1.72,1.78,1.69,1.74,5315658
2019-08-27,1.74,1.88,1.69,1.86,10230506
2019-08-28,1.87,1.98,1.83,1.88,8333079
2019-08-29,1.93,1.98,1.88,1.94,5864397
2019-08-30,1.95,1.96,1.72,1.84,5958169
2019-09-03,1.81,1.96,1.76,1.95,7542516
2019-09-04,1.97,1.98,1.88,1.94,5076514
2019-09-05,1.94,2.07,1.9,2.04,9169693
2019-09-06,2.02,2.03,1.95,1.97,6970443
2019-09-09,2.01,2.1,1.99,2.08,8860890
2019-09-10,2.1,2.29,2.07,2.18,12088579
2019-09-11,2.24,2.32,2.03,2.09,10191540
2019-09-12,2.05,2.13,1.96,2.04,6644552
2019-09-13,2.09,2.11,2.0,2.03,4941746
2019-09-16,2.25,2.3,2.12,2.19,13689621
2019-09-17,2.18,2.18,1.99,2.01,9099725
2019-09-18,1.99,2.08,1.95,2.06,4905844
2019-09-19,2.09,2.11,1.91,2.03,6740460
2019-09-20,2.02,2.12,1.97,2.02,10542862
2019-09-23,2.02,2.17,1.95,2.16,9448708
2019-09-24,2.14,2.14,2.02,2.1,6447843
2019-09-25,2.05,2.15,2.04,2.1,4373322
2019-09-26,2.08,2.08,1.96,1.98,4391275
2019-09-27,1.97,2.04,1.94,1.98,5863248
2019-09-30,1.98,2.04,1.92,1.96,5525804
2019-10-01,1.96,2.0,1.85,1.86,4173090
2019-10-02,1.85,1.87,1.78,1.81,5090781
2019-10-03,1.8,1.91,1.78,1.87,4901528
2019-10-04,1.89,1.92,1.83,1.89,7246830
2019-10-07,1.9,1.94,1.86,1.9,4727439
2019-10-08,1.87,1.96,1.85,1.9,4499832
2019-10-09,1.94,1.97,1.89,1.95,3783255
2019-10-10,1.95,1.98,1.77,1.89,7752306
2019-10-11,1.9,1.98,1.87,1.95,4198566
2019-10-14,1.93,1.95,1.88,1.9,3977319
2019-10-15,1.9,1.93,1.85,1.9,4139106
2019-10-16,1.89,1.93,1.85,1.88,5624760
2019-10-17,1.87,1.89,1.81,1.85,5615964
2019-10-18,1.83,1.85,1.79,1.81,4747945
2019-10-21,1.82,1.84,1.79,1.81,3158301
2019-10-22,1.79,1.99,1.79,1.96,8987325
2019-10-23,1.93,2.04,1.92,2.0,5841952
2019-10-24,2.01,2.03,1.97,2.0,4641176
2019-10-25,2.04,2.04,1.95,1.99,3828009
2019-10-28,1.99,2.01,1.97,1.98,4304419
2019-10-29,1.97,2.05,1.95,2.02,4342861
2019-10-30,2.03,2.07,1.94,1.95,6468600
2019-10-31,1.91,1.96,1.86,1.96,6451220
2019-11-01,1.96,2.08,1.96,2.06,7005823
2019-11-04,2.1,2.18,2.08,2.11,6388795
2019-11-05,2.15,2.21,2.14,2.2,4897713
2019-11-06,2.18,2.2,2.05,2.06,4975555
2019-11-07,2.11,2.16,2.08,2.15,6300062
2019-11-08,2.11,2.17,2.09,2.12,5151374
2019-11-11,2.1,2.13,2.06,2.07,6078799
2019-11-12,2.02,2.23,1.99,2.11,10243957
2019-11-13,2.02,2.13,1.99,2.03,7262289
2019-11-14,2.01,2.08,1.96,1.98,3996236
2019-11-15,2.03,2.04,1.99,2.0,3642697
2019-11-18,2.01,2.01,1.89,1.92,4011847
2019-11-19,1.89,1.9,1.81,1.83,6668612
2019-11-20,1.81,1.97,1.81,1.94,7095822
2019-11-21,1.97,1.98,1.88,1.96,3830157
2019-11-22,1.94,1.99,1.9,1.9,5810733
2019-11-25,1.91,1.93,1.83,1.85,4344887
2019-11-26,1.84,1.88,1.8,1.82,4765824
2019-11-27,1.83,1.85,1.77,1.84,4119602
2019-11-29,1.81,1.84,1.77,1.78,1669208
2019-12-02,1.82,1.85,1.77,1.82,4906163
2019-12-03,1.81,1.87,1.77,1.85,4506016
2019-12-04,1.87,1.94,1.85,1.94,4138694
2019-12-05,1.92,1.94,1.76,1.8,11190940
2019-12-06,1.8,1.87,1.78,1.83,8021172
2019-12-09,1.81,1.91,1.81,1.87,5669427
2019-12-10,1.86,1.9,1.82,1.84,5276723
2019-12-11,1.82,1.85,1.78,1.81,6245989
2019-12-12,1.81,1.91,1.81,1.9,5734058
2019-12-13,1.91,1.94,1.87,1.88,5500501
2019-12-16,1.91,1.96,1.89,1.91,4820120
2019-12-17,1.95,2.11,1.95,2.06,12134333
2019-12-18,2.01,2.11,2.0,2.06,8508005
2019-12-19,2.08,2.25,2.06,2.17,10323903
2019-12-20,2.21,2.24,2.14,2.21,23058922
2019-12-23,2.2,2.29,2.16,2.28,11454842
2019-12-24,2.29,2.32,2.28,2.3,3424545
2019-12-26,2.3,2.39,2.3,2.39,3778223
2019-12-27,2.41,2.43,2.33,2.35,6181558
2019-12-30,2.36,2.39,2.28,2.3,6293093
2019-12-31,2.23,2.35,2.2,2.34,5317234
2020-01-02,2.32,2.34,2.21,2.23,4989014
2020-01-03,2.35,2.36,2.28,2.31,8475121
2020-01-06,2.33,2.34,2.27,2.29,5623257
2020-01-07,2.3,2.3,2.21,2.24,3943655
2020-01-08,2.27,2.28,2.07,2.09,5989119
2020-01-09,2.07,2.15,2.01,2.14,5641736
2020-01-10,2.11,2.14,2.03,2.05,4532079
2020-01-13,2.05,2.06,1.96,2.0,4693243
2020-01-14,2.02,2.05,1.99,2.01,10010430
2020-01-15,2.01,2.03,1.95,2.0,5581789
2020-01-16,2.02,2.03,1.96,1.96,5186939
2020-01-17,2.05,2.06,1.88,1.89,6873631
2020-01-21,1.9,1.91,1.83,1.84,5568983
2020-01-22,1.87,1.87,1.73,1.75,6513984
2020-01-23,1.74,1.74,1.66,1.72,8156826
2020-01-24,1.75,1.75,1.62,1.68,7523421
2020-01-27,1.61,1.67,1.55,1.58,6972883
2020-01-28,1.61,1.72,1.61,1.71,12238325
2020-01-29,1.71,1.74,1.68,1.69,7083431
2020-01-30,1.65,1.73,1.65,1.72,6139919
2020-01-31,1.75,1.76,1.66,1.66,7453545
2020-02-03,1.65,1.68,1.6,1.65,5357384
2020-02-04,1.69,1.71,1.64,1.64,4866640
2020-02-05,1.7,1.75,1.69,1.72,5739670
2020-02-06,1.73,1.73,1.67,1.68,2882078
2020-02-07,1.67,1.7,1.62,1.66,4204614
2020-02-10,1.65,1.67,1.58,1.6,5340299
2020-02-11,1.63,1.64,1.54,1.58,4477024
2020-02-12,1.63,1.72,1.6,1.61,6364050
2020-02-13,1.62,1.65,1.56,1.6,5883428
2020-02-14,1.62,1.63,1.57,1.59,4848265
2020-02-18,1.57,1.59,1.56,1.57,2643599
2020-02-19,1.6,1.67,1.58,1.65,5578242
2020-02-20,1.67,1.67,1.6,1.61,2886839
2020-02-21,1.62,1.62,1.56,1.57,4916171
2020-02-24,1.51,1.53,1.42,1.5,5768811
2020-02-25,1.51,1.54,1.45,1.49,9422180
2020-02-26,1.48,1.53,1.42,1.43,9698326
2020-02-27,1.33,1.46,1.26,1.35,11806006
2020-02-28,1.33,1.47,1.29,1.45,5292167
2020-03-02,1.51,1.55,1.35,1.41,6418898
2020-03-03,1.46,1.47,1.38,1.42,7769790
2020-03-04,1.47,1.5,1.4,1.42,5062833
2020-03-05,1.4,1.42,1.33,1.34,4575971
2020-03-06,1.29,1.31,1.2,1.3,10907500
2020-03-09,0.95,1.02,0.53,0.81,19418431
2020-03-10,1.02,1.02,0.79,0.99,11075287
2020-03-11,0.92,0.96,0.82,0.96,10179733
2020-03-12,0.81,0.95,0.75,0.94,12116378
2020-03-13,0.97,1.04,0.82,0.95,14231821
2020-03-16,0.81,0.95,0.78,0.79,7495916
2020-03-17,0.84,0.85,0.73,0.78,9611032
2020-03-18,0.75,0.75,0.5,0.57,9369767
2020-03-19,0.63,0.72,0.52,0.72,7253639
2020-03-20,0.74,0.78,0.7,0.74,5728087
2020-03-23,0.73,0.74,0.67,0.69,3678887
2020-03-24,0.72,0.82,0.7,0.81,5039497
2020-03-25,0.8,0.88,0.76,0.78,5117547
2020-03-26,0.81,0.82,0.68,0.7,4139551
2020-03-27,0.71,0.74,0.65,0.65,3185586
2020-03-30,0.65,0.66,0.55,0.61,5022764
2020-03-31,0.6,0.7,0.59,0.66,3848177
2020-04-01,0.67,0.67,0.56,0.6,3483713
2020-04-02,0.61,0.87,0.61,0.73,5741700
2020-04-03,0.76,0.8,0.71,0.78,4187035
2020-04-06,0.76,0.83,0.73,0.83,3795441
2020-04-07,0.85,0.89,0.77,0.79,3579371
2020-04-08,0.81,0.85,0.76,0.84,5476570
2020-04-09,0.85,0.92,0.8,0.84,4668058
2020-04-13,0.88,0.88,0.8,0.83,3202544
2020-04-14,0.83,0.86,0.8,0.8,3507472
2020-04-15,0.77,0.79,0.74,0.74,2840061
2020-04-16,0.75,0.75,0.65,0.65,3917118
2020-04-17,0.6834,0.7396,0.65,0.7317,4841846
2020-04-20,0.67,0.72,0.64,0.67,5121844
2020-04-21,0.68,0.7,0.63,0.65,5025464
2020-04-22,0.68,0.72,0.66,0.67,5465938
2020-04-23,0.7,0.8,0.68,0.74,8283631
2020-04-24,0.78,0.82,0.73,0.76,3449106
2020-04-27,0.77,0.77,0.69,0.72,4013686
2020-04-28,0.75,0.75,0.69,0.73,3313375
2020-04-29,0.76,0.86,0.75,0.84,7067782
2020-04-30,0.92,0.93,0.81,0.84,4644192
2020-05-01,0.83,0.84,0.75,0.78,2954354
2020-05-04,0.78,0.79,0.75,0.79,2533978
2020-05-05,0.83,0.85,0.76,0.77,3528444
2020-05-06,0.79,0.79,0.7,0.71,4728875
2020-05-07,0.74,0.74,0.7,0.74,3734420
2020-05-08,0.76,0.76,0.72,0.76,3036350
2020-05-11,0.79,0.83,0.77,0.79,4571947
2020-05-12,0.83,0.95,0.81,0.86,7852860
2020-05-13,0.9,0.91,0.81,0.87,4924740
2020-05-14,0.85,0.9,0.79,0.85,5013358
2020-05-15,0.86,0.89,0.83,0.87,4308026
2020-05-18,0.95,0.97,0.9,0.94,4141692
2020-05-19,0.95,0.95,0.85,0.85,3975456
2020-05-20,0.88,0.9,0.85,0.88,4343464
2020-05-21,0.85,0.88,0.83,0.84,2841063
2020-05-22,0.84,0.85,0.81,0.84,2083567
2020-05-26,0.88,0.88,0.84,0.86,3211309
2020-05-27,0.88,0.89,0.82,0.83,3430847
2020-05-28,0.84,0.86,0.8,0.8,3283474
2020-05-29,0.83,0.83,0.77,0.78,5747084
2020-06-01,0.8,0.8,0.75,0.75,5753446
2020-06-02,0.78,0.79,0.74,0.76,6787332
2020-06-03,0.76,0.8,0.75,0.8,6436437
2020-06-04,0.8,0.85,0.79,0.83,5944471
2020-06-05,0.89,0.98,0.88,0.94,14281401
2020-06-08,1.2,1.27,1.03,1.26,21820934
2020-06-09,1.28,1.38,1.22,1.23,18273727
2020-06-10,1.12,1.22,1.05,1.13,10016648
2020-06-11,1.04,1.13,1.01,1.06,10448223
2020-06-12,1.14,1.15,1.08,1.12,5097111
2020-06-15,1.04,1.19,1.0,1.17,6266761
2020-06-16,1.29,1.3,1.12,1.22,8554548
2020-06-17,1.22,1.23,1.14,1.14,6290622
2020-06-18,1.14,1.16,1.1,1.1,6716174
2020-06-19,1.13,1.14,1.0,1.0,28968282
2020-06-22,1.06,1.06,0.97,0.97,7820655
2020-06-23,1.02,1.02,0.94,0.95,9463889
2020-06-24,0.87,0.89,0.83,0.86,13514326
2020-06-25,0.84,0.87,0.83,0.87,8904768
2020-06-26,0.86,0.87,0.79,0.84,35352292
2020-06-29,0.8247,0.8698,0.82,0.8368,5977606
2020-06-30,0.85,0.85,0.8,0.84,4329365
2020-07-01,0.9,0.93,0.87,0.9,7782968
2020-07-02,0.94,0.95,0.85,0.91,5307130
2020-07-06,0.94,0.94,0.83,0.85,10284500
2020-07-07,0.82,0.83,0.8,0.8,4712797
2020-07-08,0.81,0.82,0.75,0.77,6966563
2020-07-09,0.78,0.8,0.73,0.74,4144310
2020-07-10,0.74,0.8,0.72,0.75,7657868
2020-07-13,0.78,0.78,0.73,0.74,4927137
2020-07-14,0.74,0.76,0.71,0.75,4954242
2020-07-15,0.78,0.81,0.75,0.76,4562646
2020-07-16,0.77,0.78,0.75,0.76,2173448
2020-07-17,0.77,0.77,0.74,0.75,2700314
2020-07-20,0.75,0.77,0.74,0.75,3209279
2020-07-21,0.77,0.83,0.76,0.82,6475340
2020-07-22,0.8173,0.8173,0.771001,0.7895,2448470
2020-07-23,0.8122,0.8125,0.7624,0.7719,2331313
2020-07-24,0.7816,0.8,0.7723,0.7999,2414559
2020-07-27,0.81,0.86,0.7998,0.8115,3535555
2020-07-28,0.83,0.84,0.775,0.7838,2301690
2020-07-29,0.79,0.82,0.78,0.8132,2279249
2020-07-30,0.81,0.813,0.7801,0.7921,1767028
2020-07-31,0.88,0.88,0.788,0.8015,12285347
2020-08-03,0.8015,0.8093,0.76,0.7857,4207242
2020-08-04,0.781,0.8075,0.771,0.7845,3142017
2020-08-05,0.81,0.8419,0.78,0.84,6668536
2020-08-06,0.83,0.87,0.8,0.8615,6009926
2020-08-07,0.8,0.8417,0.79,0.8352,5879578
2020-08-10,0.8296,0.835,0.808,0.8242,5102559
2020-08-11,0.84,0.868799,0.815,0.815,4149523
2020-08-12,0.8251,0.84,0.8,0.81,2555607
2020-08-13,0.8,0.825,0.8,0.81,3375399
2020-08-14,0.8098,0.8238,0.8018,0.8176,2725365
2020-08-17,0.82,0.82,0.785,0.7953,3591487
2020-08-18,0.8,0.8,0.7539,0.7829,5596432
2020-08-19,0.76,0.77,0.741,0.7565,5436277
2020-08-20,0.7549,0.7549,0.7004,0.7164,6441259
2020-08-21,0.7,0.715,0.68,0.6875,4629232
2020-08-24,0.6993,0.706,0.654,0.6938,4125436
2020-08-25,0.695,0.7083,0.67,0.6807,3105023
2020-08-26,0.69,0.7066,0.6756,0.6983,3777936
2020-08-27,0.727,0.727,0.69,0.7095,2953105
2020-08-28,0.7192,0.7204,0.693,0.7201,3336189
2020-08-31,0.705,0.7176,0.6721,0.6785,4485991
2020-09-01,0.675,0.6789,0.65,0.6577,4369901
2020-09-02,0.66,0.6989,0.645,0.654,6120083
2020-09-03,0.651,0.658,0.606,0.6122,6104153
2020-09-04,0.6174,0.627899,0.58,0.613,4018752
2020-09-08,0.6154,0.6174,0.57,0.571,3918287
2020-09-09,0.5972,0.5972,0.5521,0.568,3851210
2020-09-10,0.5737,0.585,0.519,0.5233,8026460
2020-09-11,0.5688,0.585,0.539,0.5824,12706544
2020-09-14,0.5694,0.5853,0.5439,0.5596,7077550
2020-09-15,0.552,0.56,0.5332,0.5442,6919644
2020-09-16,0.546,0.5703,0.546,0.562,7180835
2020-09-17,0.56,0.5612,0.541,0.5552,3769777
2020-09-18,0.558,0.61,0.54,0.54,8498226
2020-09-21,5.08,5.9,4.93,5.9,1026888
2020-09-22,5.56,5.825,5.52,5.69,599980
2020-09-23,5.8,5.85,5.19,5.3,609860
2020-09-24,5.21,5.34,5.02,5.14,529780
2020-09-25,5.27,5.33,5.07,5.22,571629
2020-09-28,5.34,5.45,5.16,5.42,441360
2020-09-29,5.41,5.61,5.265,5.6,501038
2020-09-30,5.53,5.74,5.4975,5.74,573688
2020-10-01,5.66,5.68,5.3,5.41,551899
2020-10-02,5.3,5.49,5.24,5.27,422659
2020-10-05,5.45,5.45,5.14,5.21,617233
2020-10-06,5.27,5.47,5.18,5.29,708317
2020-10-07,5.3,5.44,5.2,5.37,579652
2020-10-08,5.5,6.49,5.49,6.32,2169832
2020-10-09,6.37,6.39,5.75,5.91,1123922
2020-10-12,5.88,5.91,5.34,5.41,1184977
2020-10-13,5.48,5.482,5.15,5.21,889328
2020-10-14,5.28,5.51,5.18,5.22,699334
2020-10-15,5.12,5.23,5.03,5.22,535944
2020-10-16,5.22,5.31,5.08,5.18,577685
2020-10-19,5.22,5.22,5.005,5.05,579531
2020-10-20,5.08,5.1,4.86,5.06,836543
2020-10-21,5.07,5.07,4.6911,4.74,1240765
2020-10-22,4.74,4.805,4.45,4.69,3042414
2020-10-23,4.76,4.76,4.455,4.69,1643058
2020-10-26,4.5,4.52,4.305,4.31,1020544
2020-10-27,4.27,4.3,4.0911,4.13,933231
2020-10-28,3.95,3.98,3.7,3.73,1438156
2020-10-29,3.67,3.79,3.5599,3.77,895277
2020-10-30,3.82,3.83,3.56,3.7,1025401
2020-11-02,3.69,3.84,3.55,3.7,1016240
2020-11-03,3.83,3.98,3.51,3.51,2030115
2020-11-04,3.59,3.59,3.345,3.42,1115107
2020-11-05,3.56,3.66,3.46,3.46,1104661
2020-11-06,3.84,3.88,3.39,3.4,1175749
2020-11-09,3.95,4.3,3.695,4.14,2096748
2020-11-10,4.21,4.4,4.14,4.4,958094
2020-11-11,4.8,4.8,4.34,4.42,1138561
2020-11-12,4.2,4.41,4.092,4.28,679451
2020-11-13,4.26,4.72,4.2257,4.71,1016128
2020-11-16,4.94,5.22,4.92,5.16,1642026
2020-11-17,5.02,5.42,5.01,5.34,1194805
2020-11-18,5.43,5.6177,5.3,5.31,894014
2020-11-19,5.24,5.645,5.2201,5.58,724264
2020-11-20,5.58,5.89,5.52,5.64,1008719
2020-11-23,5.75,6.11,5.75,6.0,2037256
2020-11-24,6.26,6.97,6.25,6.79,1896562
2020-11-25,6.89,6.94,6.6,6.89,1136580
2020-11-27,6.89,6.99,6.75,6.92,719067
2020-11-30,6.89,7.02,6.2206,6.25,1498198
2020-12-01,6.42,6.565,6.1,6.12,807313
2020-12-02,6.06,6.9,5.78,6.88,1538464
2020-12-03,6.93,7.08,6.67,6.87,1130945
2020-12-04,6.97,7.79,6.97,7.77,1570515
2020-12-07,7.65,8.2755,7.4006,7.9,1511950
2020-12-08,8.06,8.85,8.06,8.64,1307711
2020-12-09,8.97,9.73,8.45,9.21,2742389
2020-12-10,9.33,9.99,9.06,9.37,2093251
2020-12-11,9.59,9.63,8.9,9.12,1288824
2020-12-14,9.3,9.33,8.22,8.4,1640077
2020-12-15,8.53,8.725,8.05,8.67,1336691
2020-12-16,8.77,9.15,8.49,9.14,1081865
2020-12-17,9.25,9.93,9.23,9.5,3214938
2020-12-18,9.65,9.72,9.18,9.43,1170546
2020-12-21,9.0,9.45,8.8,9.21,1652201
2020-12-22,9.05,9.09,8.41,8.54,1486697
2020-12-23,8.63,9.53,8.63,9.34,1453406
2020-12-24,9.45,9.45,8.8367,8.96,603393
2020-12-28,9.14,9.37,8.61,8.85,979210
2020-12-29,8.89,9.08,8.44,8.71,749545
2020-12-30,8.74,8.98,8.6081,8.9,644966
2020-12-31,8.92,9.18,8.58,8.76,850793
2021-01-04,8.92,9.08,8.58,8.88,746828
2021-01-05,8.9,9.87,8.87,9.44,1853203
2021-01-06,9.66,10.03,9.3138,9.65,1381077
2021-01-07,9.98,10.39,9.73,10.21,1441349
2021-01-08,10.65,10.84,10.27,10.39,1308600
2021-01-11,10.28,11.0,10.06,10.68,968293
2021-01-12,11.25,11.53,11.0,11.16,1143352
2021-01-13,11.27,11.46,10.69,11.14,1002104
2021-01-14,11.11,12.25,11.08,11.63,1562719
2021-01-15,11.73,11.7595,11.1005,11.21,842253
2021-01-19,11.51,11.72,11.102,11.49,951642
2021-01-20,11.54,11.73,11.22,11.57,643257
2021-01-21,11.49,11.56,10.63,10.85,1064014
2021-01-22,10.4,10.7,10.1,10.35,1173643
2021-01-25,10.26,10.45,9.87,10.45,757214
2021-01-26,10.61,10.83,10.0,10.01,1023098
2021-01-27,9.82,10.68,9.46,10.08,971334
2021-01-28,10.25,10.5,9.97,10.41,840116
2021-01-29,10.19,10.86,10.08,10.2,797270
2021-02-01,10.32,10.45,10.02,10.31,520992
2021-02-02,10.64,10.98,10.42,10.95,652441
2021-02-03,11.07,11.68,11.02,11.25,860545
2021-02-04,11.3,11.37,10.38,10.45,1816813
2021-02-05,11.0,11.776,10.86,11.0,7313150
2021-02-08,11.38,11.65,11.0,11.58,1930091
2021-02-09,11.5,12.33,11.0,12.01,1861847
2021-02-10,13.0,13.5486,12.42,12.92,2369180
2021-02-11,13.0,13.05,11.38,11.76,1575859
2021-02-12,11.75,12.1,11.61,11.76,1049088
2021-02-16,12.77,12.8,11.72,12.04,1698336
2021-02-17,12.17,12.2,11.68,11.92,1004364
2021-02-18,11.72,11.72,10.95,11.03,1508725
2021-02-19,11.07,11.4,10.9,11.28,1362269
2021-02-22,11.59,12.7936,11.5,12.3,1923186
2021-02-23,12.6,12.82,11.55,12.54,1363959
2021-02-24,12.88,14.6,12.64,14.55,4122398
2021-02-25,14.52,14.6,13.0901,13.34,1828862
2021-02-26,13.19,13.67,12.7,13.28,682468
2021-03-01,13.69,13.98,13.0,13.13,1321646
2021-03-02,13.01,13.35,12.67,12.74,717405
2021-03-03,12.88,13.57,12.88,13.34,940562
2021-03-04,13.55,14.34,13.25,13.81,1499296
2021-03-05,14.39,14.98,13.7601,14.88,1644535
2021-03-08,15.0,15.26,13.47,13.76,1383208
2021-03-09,13.73,14.0,13.21,13.62,842013
2021-03-10,13.64,14.19,13.57,13.95,979777
2021-03-11,14.01,14.5,13.89,14.31,845453
2021-03-12,13.78,14.31,13.3,14.11,1101378
2021-03-15,14.18,14.84,13.72,13.91,1210625
2021-03-16,14.0,14.29,13.4,13.69,1008756
2021-03-17,13.6,14.13,13.4,14.01,1027872
2021-03-18,13.77,14.08,12.41,12.56,1606428
2021-03-19,12.71,13.82,12.33,13.76,5018223
2021-03-22,13.61,13.71,12.9,13.17,1175226
2021-03-23,12.57,12.92,12.29,12.48,1126227
2021-03-24,12.77,13.04,12.55,12.56,1037328
2021-03-25,12.22,12.43,11.55,12.34,1431706
2021-03-26,12.5,12.79,12.2,12.79,890248
2021-03-29,12.49,12.78,11.95,12.0,754762
2021-03-30,11.8,12.17,11.4,12.16,555120
2021-03-31,12.11,12.45,11.99,12.08,645365
2021-04-01,12.3,13.17,12.22,13.14,853760
2021-04-05,12.9,13.0,12.22,12.28,1083601
2021-04-06,12.36,13.0699,12.15,12.48,1060479
2021-04-07,12.4,12.91,12.28,12.81,654969
2021-04-08,12.67,12.98,12.45,12.69,657114
2021-04-09,12.66,12.9355,12.364,12.53,591094
2021-04-12,12.6,12.76,11.85,11.88,720083
2021-04-13,11.92,12.28,11.76,12.25,526693
2021-04-14,12.38,13.44,12.279,12.87,905296
2021-04-15,13.0,13.01,12.582,12.84,505665
2021-04-16,12.99,12.99,12.64,12.78,501554
2021-04-19,12.79,13.2,12.73,12.92,514070
2021-04-20,12.85,12.855,12.17,12.27,571925
2021-04-21,12.12,12.6,11.9,12.57,477445
2021-04-22,12.6,12.61,12.23,12.23,426514
2021-04-23,12.3,12.58,12.12,12.22,343710
2021-04-26,12.07,12.77,12.07,12.55,498468
2021-04-27,12.61,13.09,12.57,13.06,495266
2021-04-28,13.14,14.38,13.14,14.21,1159714
2021-04-29,14.73,15.1599,14.28,14.81,1097828
2021-04-30,14.44,15.04,14.377,14.48,752876
2021-05-03,14.67,14.95,14.4,14.85,678450
2021-05-04,14.79,15.12,14.66,14.73,909266
2021-05-05,15.12,16.0,14.93,15.84,1372300
2021-05-06,15.73,15.755,14.8,15.25,1003447
2021-05-07,15.3,17.18,15.2,16.7,1519760
2021-05-10,17.16,17.75,15.83,15.87,1386108
2021-05-11,15.3,16.309,15.1,16.09,715452
2021-05-12,16.35,17.1243,15.9,15.98,1071215
2021-05-13,15.75,16.35,14.86,15.27,953994
2021-05-14,15.65,16.16,15.5713,15.92,623321
2021-05-17,15.7,16.81,15.7,16.76,606629
2021-05-18,16.86,17.85,16.5433,17.13,1160234
2021-05-19,16.44,17.07,15.76,16.95,1366333
2021-05-20,16.15,17.0,15.98,16.82,827500
2021-05-21,17.0,17.07,16.65,16.82,605117
2021-05-24,17.0,17.65,16.66,17.62,856025
2021-05-25,17.5,17.69,16.67,16.69,786543
2021-05-26,16.7,17.56,16.68,17.55,705098
2021-05-27,17.54,18.18,17.37,18.14,1204071
2021-05-28,18.12,18.6,17.86,18.21,378471
2021-06-01,18.92,19.41,18.57,18.93,1025045
2021-06-02,19.26,19.38,18.75,18.9,705872
2021-06-03,18.87,18.97,18.4,18.58,414613
2021-06-04,18.5,18.99,18.15,18.86,509377
2021-06-07,19.34,19.85,19.13,19.52,1287951
2021-06-08,19.45,20.26,19.15,20.09,726004
2021-06-09,20.28,20.379,19.43,19.44,772600
2021-06-10,19.81,20.07,18.82,19.22,592585
2021-06-11,19.32,19.4799,19.15,19.24,461881
2021-06-14,19.42,19.78,18.63,18.74,667397
2021-06-15,18.82,19.03,18.461,19.0,1128628
2021-06-16,18.91,19.464,18.55,19.35,740937
2021-06-17,18.66,19.71,18.41,19.32,4692260
2021-06-18,18.77,19.48,18.6,19.06,1487460
2021-06-21,19.31,19.75,19.0901,19.53,1375748
2021-06-22,19.5,19.84,19.1225,19.81,1028672
2021-06-23,19.89,20.29,19.58,19.74,785123
2021-06-24,19.8,20.36,19.59,19.89,1341538
2021-06-25,19.98,20.6,19.83,20.54,7257442
2021-06-28,20.64,20.68,19.325,19.43,1210686
2021-06-29,19.7,20.4,19.5,19.77,896510
2021-06-30,19.9,20.84,19.8,20.77,1239120
2021-07-01,21.44,21.64,20.46,21.2,1060096
2021-07-02,21.35,21.6,20.97,21.03,1030933
2021-07-06,21.2,21.31,19.9,20.15,632615
2021-07-07,20.35,20.7,19.38,19.54,670870
2021-07-08,19.14,19.95,18.76,19.49,592161
2021-07-09,19.84,19.89,19.45,19.67,434778
2021-07-12,19.33,19.685,19.0014,19.5,455460
2021-07-13,19.47,19.47,18.95,19.06,608914
2021-07-14,19.3,19.61,17.49,17.69,870566
2021-07-15,16.82,17.79,16.82,17.54,1199854
2021-07-16,17.68,17.6888,15.73,15.85,1234261
2021-07-19,15.64,15.72,14.94,15.61,1402875
2021-07-20,15.74,16.25,15.02,16.19,1235084
2021-07-21,16.5,17.17,16.46,16.77,883889
2021-07-22,17.21,17.22,16.55,16.89,699078
2021-07-23,16.93,17.06,16.19,16.35,355775
2021-07-26,16.35,17.26,16.35,17.05,485125
2021-07-27,16.95,16.95,16.11,16.36,537316
2021-07-28,16.45,17.23,16.41,16.97,965549
2021-07-29,17.25,17.34,16.88,17.15,413270
2021-07-30,16.98,17.37,16.84,17.27,894050
2021-08-02,17.27,17.79,16.1416,16.32,504643
2021-08-03,16.11,16.71,15.82,16.51,670896
2021-08-04,16.24,16.535,15.8,15.88,720619
2021-08-05,15.92,17.0899,15.9,16.98,849406
2021-08-06,17.13,17.4,16.66,17.19,598329
2021-08-09,16.83,16.96,16.342,16.59,544572
2021-08-10,16.73,17.57,16.53,17.35,803385
2021-08-11,17.12,17.68,16.67,17.62,692505
2021-08-12,17.32,17.86,17.2999,17.64,537065
2021-08-13,17.56,17.63,16.44,16.44,498393
2021-08-16,16.1,16.49,15.64,15.79,571192
2021-08-17,15.52,16.16,15.44,15.9,480220
2021-08-18,16.03,16.28,15.24,15.26,578298
2021-08-19,14.9,15.37,14.09,14.3,891702
2021-08-20,14.25,14.62,14.03,14.6,547291
2021-08-23,15.28,15.44,14.98,15.22,557139
2021-08-24,15.48,15.77,15.2658,15.58,392401
2021-08-25,15.57,15.92,15.3201,15.74,405845
2021-08-26,15.65,15.895,15.29,15.32,451489
2021-08-27,15.49,16.5831,15.49,16.15,594375
2021-08-30,16.47,16.47,15.73,15.98,418589
2021-08-31,15.89,16.62,15.72,16.6,656419
2021-09-01,16.77,16.91,16.38,16.82,762971
2021-09-02,16.82,17.8,16.82,17.34,661791
2021-09-03,17.39,17.612,17.0,17.46,577988
2021-09-07,17.3,17.7601,17.16,17.58,956038
2021-09-08,17.68,18.1,17.25,17.9,762449
2021-09-09,17.83,18.08,17.18,17.26,649831
2021-09-10,17.7,17.71,17.22,17.27,372737
2021-09-13,17.44,17.87,17.31,17.86,696857
2021-09-14,18.02,18.02,17.2171,17.67,630142
2021-09-15,17.96,18.54,17.9,18.51,819709
2021-09-16,18.46,18.65,17.95,18.4,494293
2021-09-17,18.3,18.55,17.23,17.25,1419490
2021-09-20,16.7,17.23,16.42,17.15,621082
2021-09-21,17.3,17.7212,17.045,17.53,612683
2021-09-22,17.91,18.21,17.76,17.8,625193
2021-09-23,18.0,18.74,17.85,18.69,1188288
2021-09-24,18.37,19.21,18.37,19.21,508555
2021-09-27,19.68,21.05,19.6,20.88,1119220
2021-09-28,21.15,21.295,20.47,20.59,1319409
2021-09-29,20.61,21.4,20.21,21.4,838791
2021-09-30,21.31,21.58,20.62,21.4,1019433
2021-10-01,21.36,22.81,21.26,22.37,1380766
2021-10-04,22.8,24.73,22.53,24.73,1419161
2021-10-05,25.07,25.232,22.7,24.16,1472261
2021-10-06,23.6,23.8,22.48,22.57,1014338
2021-10-07,23.18,24.955,22.61,24.62,1334288
2021-10-08,24.97,26.02,24.7,26.0,1084961
2021-10-11,26.87,26.88,26.05,26.47,1572531
2021-10-12,26.54,27.87,26.08,26.77,1089896
2021-10-13,26.34,26.71,25.57,25.71,1332199
2021-10-14,26.02,26.23,24.7,25.35,1122988
2021-10-15,25.94,26.53,25.18,25.19,641483
2021-10-18,25.58,26.1,24.3,24.83,686914
2021-10-19,24.93,25.07,24.4,24.78,445900
2021-10-20,24.38,25.26,24.06,25.07,429044
2021-10-21,24.89,25.21,24.17,24.21,515872
2021-10-22,24.24,24.99,23.91,24.95,770839
2021-10-25,25.28,26.02,24.821,25.39,845904
2021-10-26,24.93,25.03,24.27,24.68,1553259
2021-10-27,24.33,24.53,23.02,23.21,962129
2021-10-28,23.11,23.9,22.88,23.89,553268
2021-10-29,23.93,23.98,23.0,23.16,484179
2021-11-01,23.6,24.3,23.31,24.07,572459
2021-11-02,23.95,24.47,23.6,24.28,569066
2021-11-03,23.81,24.61,23.61,23.76,600039
2021-11-04,24.09,24.6,23.32,23.87,431205
2021-11-05,23.65,25.57,23.46,25.41,1516572
2021-11-08,25.72,25.95,24.44,24.68,808296
2021-11-09,24.9,25.26,24.0501,24.68,630936
2021-11-10,24.42,24.59,23.25,23.69,865119
2021-11-11,23.79,24.3,23.56,23.71,651809
2021-11-12,23.63,23.91,23.12,23.86,629515
2021-11-15,23.62,24.6399,23.1,24.15,479616
2021-11-16,24.1,24.19,23.3,23.5,592202
2021-11-17,22.81,23.18,20.68,21.49,2584657
2021-11-18,21.26,21.77,20.335,21.19,5234183
2021-11-19,20.75,21.11,19.99,20.9,3478078
2021-11-22,21.08,21.39,20.55,20.67,1251580
2021-11-23,20.99,22.0,20.95,21.48,1245894
2021-11-24,21.17,22.2629,21.17,22.14,929336
2021-11-26,20.86,20.86,19.72,20.55,1003228
2021-11-29,21.35,21.68,20.39,20.97,984176
2021-11-30,20.21,20.93,19.51,20.38,1882595
2021-12-01,21.01,21.01,18.4,18.51,1988051
2021-12-02,18.41,19.28,17.98,19.21,2324610
2021-12-03,19.56,19.89,18.43,18.87,1112315
2021-12-06,19.39,19.83,18.61,19.34,862447
2021-12-07,19.79,20.62,19.7,20.14,1043920
2021-12-08,20.17,20.75,19.64,20.74,1332690
2021-12-09,20.38,20.68,20.02,20.45,768344
2021-12-10,20.62,20.7716,19.63,20.3,966482
2021-12-13,20.1,20.17,18.805,18.95,1074928
2021-12-14,18.55,19.0,18.33,18.45,1376244
2021-12-15,18.45,18.965,17.66,18.69,1050258
2021-12-16,18.89,19.34,18.38,18.52,959144
2021-12-17,18.78,19.28,18.3,19.18,2085734
2021-12-20,18.4,18.71,17.515,18.5,1019243
2021-12-21,18.83,19.83,18.77,19.73,973677
2021-12-22,19.72,20.02,19.3,19.92,683818
2021-12-23,19.96,20.08,19.59,19.93,484817
2021-12-27,20.12,21.39,19.7801,21.17,730567
2021-12-28,21.44,21.6099,20.68,20.75,630051
2021-12-29,20.77,21.12,20.415,20.68,365177
2021-12-30,20.75,21.11,20.0,20.07,435865
2021-12-31,19.96,20.65,19.7506,20.58,607583
2022-01-03,20.56,21.78,20.56,21.71,724590
2022-01-04,21.88,22.7699,21.8,22.54,1211845
2022-01-05,22.83,23.065,21.32,21.34,1103781
2022-01-06,22.13,23.07,21.9658,22.74,972373
2022-01-07,22.86,23.05,22.3155,22.58,838955
2022-01-10,22.44,22.75,21.37,21.88,654528
2022-01-11,22.15,23.44,21.56,23.2,783792
2022-01-12,23.51,23.71,23.105,23.24,567517
2022-01-13,23.28,23.71,22.52,22.74,398478
2022-01-14,22.98,23.94,22.8,23.85,706332
2022-01-18,24.19,24.3786,22.95,23.43,791315
2022-01-19,23.58,23.96,22.84,23.37,880671
2022-01-20,23.24,24.12,22.59,22.62,1038857
2022-01-21,22.25,22.76,21.6401,21.74,1026992
2022-01-24,20.77,22.52,20.025,22.45,1131990
2022-01-25,22.14,23.291,21.11,22.93,766737
2022-01-26,23.78,23.94,22.34,22.89,1016007
2022-01-27,23.36,24.06,21.695,22.48,1188243
2022-01-28,22.69,23.49,22.54,23.2,1240261
2022-01-31,23.25,24.12,22.68,23.52,1130267
2022-02-01,23.91,25.3,23.2501,24.75,2563040
2022-02-02,25.06,25.28,23.32,24.58,1033281
2022-02-03,24.06,24.74,23.66,24.48,767962
2022-02-04,24.66,25.47,24.09,24.56,1138774
2022-02-07,24.53,24.94,23.92,24.16,795410
2022-02-08,23.89,24.0386,21.805,22.27,1375361
2022-02-09,22.31,23.2,22.205,22.89,1056104
2022-02-10,22.66,24.095,22.66,23.08,1652440
2022-02-11,23.44,24.67,23.2,24.39,828747
2022-02-14,24.51,25.19,23.8,24.67,1661003
2022-02-15,23.26,24.32,23.02,24.11,1030418
2022-02-16,24.46,25.1,23.74,24.0,1061243
2022-02-17,24.12,24.55,23.54,24.15,709267
2022-02-18,23.59,24.35,23.51,23.95,1108726
2022-02-22,25.0,25.0,22.7,22.9,1101638
2022-02-23,23.04,23.79,22.68,22.95,1003646
2022-02-24,23.96,23.96,22.22,23.26,1223762
2022-02-25,23.5,23.66,22.2099,23.6,1209204
2022-02-28,23.34,25.13,23.34,25.08,1484278
2022-03-01,25.67,26.4,25.41,25.66,2299897
2022-03-02,26.44,27.0418,25.76,26.11,1731202
2022-03-03,25.85,26.13,24.5,25.69,1304469
2022-03-04,25.87,28.04,25.86,27.39,2729857
2022-03-07,27.54,29.1,26.46,27.08,1819482
2022-03-08,27.28,27.7577,25.15,26.36,2274555
2022-03-09,25.06,25.5264,23.97,25.21,1732838
2022-03-10,25.35,25.85,24.58,25.19,1372829
2022-03-11,24.65,25.56,24.65,24.98,1166197
2022-03-14,24.07,24.21,22.66,23.84,1567626
2022-03-15,23.33,25.09,23.33,24.64,1233857
2022-03-16,24.57,24.84,23.8,24.74,1233467
2022-03-17,25.34,26.4376,25.25,25.93,1271139
2022-03-18,26.34,27.55,25.97,27.25,3547630
2022-03-21,27.72,28.3,27.06,27.55,1340826
2022-03-22,27.55,27.85,26.54,27.17,897225
2022-03-23,27.51,28.25,27.44,27.99,842661
2022-03-24,28.13,28.73,27.48,27.79,874618
2022-03-25,27.79,29.69,27.6,29.36,1216037
2022-03-28,28.41,28.8051,27.825,28.03,874038
2022-03-29,27.26,28.04,26.84,27.72,1297423
2022-03-30,28.35,29.29,28.2462,28.78,1187420
2022-03-31,28.4,29.48,28.16,28.19,1056398
2022-04-01,28.37,29.86,28.17,28.52,1590717
2022-04-04,28.98,29.88,28.45,29.72,961662
2022-04-05,29.91,30.4373,28.4425,28.52,1180647
2022-04-06,28.6,28.8566,27.15,27.45,1006400
2022-04-07,27.77,29.032,27.42,28.85,1149453
2022-04-08,28.85,29.25,28.28,28.7,660779
2022-04-11,28.15,28.15,27.318,27.72,544700
2022-04-12,28.54,29.09,28.06,28.21,722633
2022-04-13,28.8,29.4,28.2,29.17,605526
2022-04-14,29.08,29.43,28.6835,28.87,489089
2022-04-18,29.13,29.7706,28.8,28.96,538917
2022-04-19,28.5,28.94,27.986,28.11,577620
2022-04-20,28.47,29.25,27.89,29.17,711830
2022-04-21,29.67,29.77,27.26,27.48,993379
2022-04-22,27.08,27.435,25.2798,25.45,979401
2022-04-25,24.65,25.38,23.17,25.13,1441757
2022-04-26,25.43,25.93,24.75,24.97,892060
2022-04-27,25.04,25.12,24.1112,24.74,668787
2022-04-28,25.02,26.07,23.84,25.79,703200
2022-04-29,25.8,26.16,24.63,24.98,600299
2022-05-02,24.31,24.8,23.5306,24.61,845229
2022-05-03,24.72,25.81,24.53,25.46,686329
2022-05-04,26.67,28.05,25.93,27.94,1617727
2022-05-05,28.39,28.5,26.39,27.29,819885
2022-05-06,27.8,29.39,26.93,29.23,1614337
2022-05-09,28.16,28.225,25.45,25.78,1903801
2022-05-10,26.12,26.8,24.9,26.14,947119
2022-05-11,26.98,27.76,25.925,25.99,1354101
2022-05-12,25.74,26.85,25.26,26.08,1291516
2022-05-13,26.61,27.39,26.61,27.11,823935
2022-05-16,27.13,28.68,27.13,28.03,873020
2022-05-17,28.37,28.48,27.7,28.22,848974
2022-05-18,28.68,28.68,26.62,27.47,923559
2022-05-19,26.53,27.96,26.51,27.23,829071
2022-05-20,27.51,27.98,26.86,27.63,459372
2022-05-23,27.88,29.01,27.13,28.98,847430
2022-05-24,28.66,29.26,28.18,29.12,1001418
2022-05-25,29.36,30.05,29.33,29.67,1398458
2022-05-26,30.21,31.675,30.1,31.41,1261750
2022-05-27,31.43,33.36,31.08,33.33,1154503
2022-05-31,33.85,34.17,31.5,32.69,2091493
2022-06-01,33.0,34.04,32.47,32.96,1572877
2022-06-02,32.63,33.53,32.02,33.24,899397
2022-06-03,33.0,34.0,32.67,33.76,785197
2022-06-06,34.02,34.4,33.52,34.21,683302
2022-06-07,33.87,35.85,33.73,35.83,1165123
2022-06-08,36.34,39.1,36.25,36.27,2805632
2022-06-09,36.28,37.94,35.87,37.01,1362095
2022-06-10,36.74,37.46,36.01,37.02,1721001
2022-06-13,35.38,36.2,33.545,35.09,1704125
2022-06-14,36.56,36.83,33.92,34.4,1461786
2022-06-15,34.34,35.0737,33.37,34.31,975940
2022-06-16,33.11,33.67,32.11,32.15,2029529
2022-06-17,32.09,32.34,27.45,27.52,4285542
2022-06-21,29.5,31.0799,28.82,30.84,2156819
2022-06-22,28.85,29.14,27.23,27.28,2057130
2022-06-23,27.3,27.88,25.01,25.88,1995520
2022-06-24,26.44,27.36,25.6,26.08,3265987
2022-06-27,26.48,27.57,26.01,27.54,1502244
2022-06-28,28.23,28.74,27.62,28.53,1480286
2022-06-29,29.06,29.2,25.985,26.13,1188998
2022-06-30,25.36,26.1693,24.54,25.26,1761193
2022-07-01,25.57,25.925,24.41,25.36,731314
2022-07-05,24.52,24.53,22.59,22.93,2130846
2022-07-06,22.85,23.6,21.45,23.12,1700077
2022-07-07,23.94,24.63,23.94,24.32,830010
2022-07-08,24.82,24.82,23.76,24.26,653146
2022-07-11,23.85,24.19,23.18,23.6,1001787
2022-07-12,22.57,23.0011,21.95,22.57,1053494
2022-07-13,22.11,23.58,21.87,23.11,623970
2022-07-14,21.92,22.51,21.6,22.44,796543
2022-07-15,23.07,23.4,22.36,23.37,704285
2022-07-18,24.06,25.0,24.06,24.74,789035
2022-07-19,24.6,26.08,24.59,25.91,970959
2022-07-20,25.56,27.18,25.22,27.18,770386
2022-07-21,26.25,26.4,25.0801,26.35,733096
2022-07-22,26.1,26.745,25.11,25.27,585363
2022-07-25,25.51,27.14,25.41,27.0,685348
2022-07-26,27.61,27.66,25.96,26.25,649568
2022-07-27,26.6,27.88,26.25,27.7,725941
2022-07-28,28.2,28.57,26.98,28.07,530656
2022-07-29,28.75,29.17,28.21,28.83,818877
2022-08-01,27.99,28.67,27.03,28.56,536676
2022-08-02,29.08,29.58,28.48,29.27,1033208
2022-08-03,29.64,29.87,27.255,27.5,1208944
2022-08-04,28.03,28.75,25.6185,25.69,1433751
2022-08-05,25.25,27.5,25.05,26.76,894473
2022-08-08,26.32,27.2799,26.1001,27.17,690072
2022-08-09,27.39,27.895,27.06,27.26,649474
2022-08-10,27.26,28.18,26.51,28.15,736841
2022-08-11,29.08,30.35,28.6,29.75,1006337
2022-08-12,29.51,30.0,29.04,29.85,471000
2022-08-15,28.01,28.695,27.47,28.61,570585
2022-08-16,29.28,29.45,28.1,28.32,688639
2022-08-17,28.27,29.425,28.2,29.27,839843
2022-08-18,29.85,31.91,29.85,31.91,1228238
2022-08-19,31.65,31.95,30.92,31.03,622175
2022-08-22,31.0,31.68,29.68,31.37,682647
2022-08-23,32.0,33.05,31.47,31.66,1137703
2022-08-24,31.97,32.65,31.5,32.41,1002842
2022-08-25,32.73,32.8578,31.32,31.67,1055201
2022-08-26,31.51,32.33,31.165,31.61,682507
2022-08-29,31.5,33.5,31.4903,32.64,1037337
2022-08-30,31.72,31.8142,30.4502,30.99,972182
2022-08-31,30.01,32.39,29.8,31.64,898015
2022-09-01,30.93,31.26,30.1,30.32,820311
2022-09-02,31.65,31.94,30.96,31.53,581233
2022-09-06,31.99,32.15,30.84,31.18,784616
2022-09-07,30.15,30.4404,29.03,29.47,883656
2022-09-08,29.61,30.11,29.03,29.91,649710
2022-09-09,30.79,31.5,30.54,31.41,595630
2022-09-12,31.91,32.23,31.32,32.11,665058
2022-09-13,31.38,32.18,31.054,31.76,629710
2022-09-14,32.5,34.59,32.3,33.62,1421451
2022-09-15,32.94,33.66,32.4,32.54,637512
2022-09-16,32.26,32.2854,29.9004,31.49,1404547
2022-09-19,29.81,31.07,29.81,30.88,560517
2022-09-20,30.54,30.8,29.3418,29.98,728566
2022-09-21,30.83,30.9999,29.315,29.59,631521
2022-09-22,30.25,30.72,28.42,28.43,791605
2022-09-23,26.99,26.99,25.61,25.77,1198181
2022-09-26,25.54,26.25,24.21,24.47,1285119
2022-09-27,25.47,25.54,24.5641,25.31,853365
2022-09-28,25.31,27.729,25.17,27.63,1374773
2022-09-29,27.29,27.37,25.65,26.99,819748
2022-09-30,26.66,27.44,26.315,27.41,1234178
2022-10-03,29.09,29.61,28.51,29.55,1313486
2022-10-04,30.57,31.8,30.23,31.35,1146238
2022-10-05,31.64,32.27,30.47,31.95,749254
2022-10-06,31.75,33.39,31.75,32.87,964982
2022-10-07,32.94,33.88,32.4,32.79,811593
2022-10-10,32.87,33.6405,32.395,32.81,815041
2022-10-11,29.05,30.89,28.73,29.81,6492128
2022-10-12,29.4,31.21,29.31,31.21,9736048
2022-10-13,30.89,33.29,30.41,33.27,2107074
2022-10-14,32.79,33.09,31.29,31.86,1832764
2022-10-17,32.46,33.74,32.095,33.29,1428283
2022-10-18,33.93,34.2123,32.66,33.48,1383401
2022-10-19,33.91,35.47,33.34,35.21,1667052
2022-10-20,35.75,35.9,33.55,33.99,2555829
2022-10-21,34.37,34.73,33.425,34.48,1528184
2022-10-24,34.55,35.05,33.73,34.2,961279
2022-10-25,33.84,34.64,33.5,34.02,1092440
2022-10-26,34.29,35.42,34.275,34.97,731890
2022-10-27,35.65,35.74,34.2,34.26,1490744
2022-10-28,34.42,34.6,32.63,33.67,787086
2022-10-31,33.48,34.67,33.36,34.14,1027678
2022-11-01,35.03,35.1016,34.32,34.56,1609617
2022-11-02,34.45,34.81,33.23,33.36,1040895
2022-11-03,33.6,34.64,32.85,33.85,1103877
2022-11-04,35.17,35.92,34.46,34.99,1906823
2022-11-07,35.37,36.37,34.71,35.52,1430330
2022-11-08,35.33,35.7244,34.0601,35.66,1600407
2022-11-09,34.76,36.2866,34.01,34.4,1675729
2022-11-10,35.64,37.21,34.95,36.97,1816001
2022-11-11,37.8,38.12,36.825,37.38,1774485
2022-11-14,37.79,39.015,37.51,37.92,2447931
2022-11-15,37.63,38.6029,36.77,38.0,2626694
2022-11-16,37.2,37.37,36.33,37.0,2068933
2022-11-17,36.63,36.83,35.82,36.52,3011893
2022-11-18,35.79,36.55,34.46,36.46,1773332
2022-11-21,35.86,35.86,34.16,35.58,1628401
2022-11-22,36.28,36.83,35.5,36.79,1634794
2022-11-23,36.32,36.48,35.11,35.89,1104240
2022-11-25,36.15,36.54,35.72,36.05,451596
2022-11-28,34.72,35.26,34.42,34.71,1198383
2022-11-29,35.43,35.93,34.83,35.72,1543996
2022-11-30,36.6,36.62,35.45,36.39,1264951
2022-12-01,37.01,37.09,35.2,35.32,1741472
2022-12-02,34.89,35.995,34.8,35.79,902872
2022-12-05,36.4,36.56,33.51,33.92,1252304
2022-12-06,33.65,34.15,32.33,32.71,970599
2022-12-07,32.71,33.395,31.84,32.35,1029214
2022-12-08,33.41,33.59,31.22,31.44,1084685
2022-12-09,31.42,32.02,31.01,31.13,790446
2022-12-12,31.12,32.54,31.12,32.39,1612859
2022-12-13,33.43,33.75,32.35,32.68,1194305
2022-12-14,33.11,33.659,32.15,32.29,1306624
2022-12-15,32.1,32.96,31.7,32.61,1885322
2022-12-16,31.5,31.95,30.75,31.73,2739130
2022-12-19,31.91,32.37,30.27,30.48,876833
2022-12-20,30.13,31.22,30.11,30.8,1413210
2022-12-21,31.54,32.06,30.81,31.65,909346
2022-12-22,31.41,31.64,29.45,30.27,1263793
2022-12-23,30.87,31.79,30.47,31.78,751885
2022-12-27,31.91,32.11,31.54,32.04,825801
2022-12-28,31.63,31.63,29.925,30.06,1144353
2022-12-29,29.82,30.97,29.6,30.65,836225
2022-12-30,30.18,30.94,30.13,30.82,2725419
2023-01-03,30.2,30.62,28.37,29.01,1577702
2023-01-04,28.46,29.61,28.37,28.84,1933256
2023-01-05,28.56,29.05,28.22,28.52,1220546
2023-01-06,29.29,30.33,29.06,29.55,1388895
2023-01-09,30.35,30.87,30.13,30.74,1262649
2023-01-10,31.0,31.0,30.08,30.63,1027325
2023-01-11,31.3,31.37,30.06,30.8,898196
2023-01-12,31.16,31.98,30.8001,31.39,1271149
2023-01-13,31.43,32.135,30.75,32.04,714557
2023-01-17,32.33,32.7,31.79,32.24,760923
2023-01-18,32.57,32.91,31.16,31.17,1110445
2023-01-19,31.08,31.87,30.61,31.79,1063926
2023-01-20,32.1,32.47,31.35,32.46,924040
2023-01-23,32.78,32.95,32.38,32.69,624002
2023-01-24,32.96,33.1,31.98,32.0,928336
2023-01-25,31.78,32.46,31.305,32.11,1135481
2023-01-26,32.52,33.53,32.11,33.32,1950528
2023-01-27,35.5,35.8847,34.43,34.62,4988798
2023-01-30,34.02,34.4,33.165,33.49,2257368
2023-01-31,33.49,34.08,33.13,33.52,1524920
2023-02-01,33.33,33.6098,31.62,32.93,17165901
2023-02-02,32.79,32.89,30.86,31.6,2502599
2023-02-03,31.52,33.0,31.52,31.96,2316478
2023-02-06,31.85,32.245,30.83,31.21,2411678
2023-02-07,31.65,33.42,31.24,33.42,2317126
2023-02-08,33.45,33.635,32.75,33.29,1282545
2023-02-09,33.49,33.49,32.005,32.15,1319137
2023-02-10,32.56,34.15,32.42,34.11,1744712
2023-02-13,33.97,34.52,33.5,34.02,1114007
2023-02-14,33.9,34.525,33.592,34.33,999936
2023-02-15,33.64,34.1,32.74,34.04,1521683
2023-02-16,33.83,34.52,33.48,33.49,1234913
2023-02-17,33.0,33.0,31.68,31.94,1452570
2023-02-21,31.56,32.16,31.03,31.2,1084150
2023-02-22,31.01,31.31,30.12,30.57,1387585
2023-02-23,31.42,32.11,30.8,31.8,1394500
2023-02-24,31.22,33.07,30.9809,32.12,1816729
2023-02-27,32.13,32.38,31.11,31.81,1098551
2023-02-28,32.19,32.47,31.02,31.04,1502706
2023-03-01,31.15,32.42,30.93,32.16,1143899
2023-03-02,31.99,32.885,31.69,32.57,1128004
2023-03-03,31.92,34.02,31.8,33.75,1195289
2023-03-06,33.5,34.06,33.18,33.19,1500797
2023-03-07,32.98,33.32,31.975,32.2,1472206
2023-03-08,31.96,32.55,31.27,31.76,1341214
2023-03-09,31.98,32.45,30.85,30.89,1250402
2023-03-10,31.02,31.64,30.33,30.46,1093710
2023-03-13,29.52,30.38,28.87,29.12,1838703
2023-03-14,29.35,30.43,28.75,29.16,1311400
2023-03-15,27.67,27.92,25.5612,26.68,2500576
2023-03-16,25.99,27.23,25.745,26.94,1962194
2023-03-17,26.66,26.8303,25.6,26.38,4250540
2023-03-20,26.41,27.69,26.41,26.77,1435219
2023-03-21,27.73,28.71,27.6,28.47,1463713
2023-03-22,28.52,29.195,27.91,27.97,1580567
2023-03-23,28.23,28.75,27.31,27.68,963088
2023-03-24,27.04,28.47,26.91,28.35,1317278
2023-03-27,28.77,29.505,28.34,29.25,1280589
2023-03-28,29.32,29.84,29.22,29.57,923477
2023-03-29,29.71,29.95,29.33,29.88,974153
2023-03-30,30.12,30.125,29.18,29.79,2045720
2023-03-31,30.11,30.6,29.84,30.35,1976395
2023-04-03,32.22,33.16,31.65,33.11,2455472
2023-04-04,33.4,33.4,31.705,32.43,1253256
2023-04-05,32.42,32.71,31.82,32.51,914428
2023-04-06,32.42,33.025,31.89,32.57,1553078
2023-04-10,32.79,33.5824,32.79,33.34,1211150
2023-04-11,33.84,34.21,33.61,33.96,1827269
2023-04-12,34.32,34.45,33.78,33.82,1214187
2023-04-13,34.17,34.99,33.68,34.51,1572829
2023-04-14,34.68,35.08,34.195,35.06,885498
2023-04-17,35.16,35.25,34.0874,34.2,946802
2023-04-18,34.12,34.19,33.695,34.13,908922
2023-04-19,33.38,33.82,32.87,33.8,1131155
2023-04-20,33.16,33.31,32.37,33.06,1166713
2023-04-21,32.91,33.05,32.51,32.77,723878
2023-04-24,32.81,33.84,32.35,33.74,705699
2023-04-25,32.96,33.35,32.18,32.31,979464
2023-04-26,32.18,32.69,31.62,31.84,849306
2023-04-27,32.48,32.695,31.7778,32.31,787197
2023-04-28,32.34,33.48,32.06,33.17,699979
2023-05-01,32.67,33.64,32.44,33.33,1147107
2023-05-02,32.99,33.02,31.44,32.12,1189613
2023-05-03,31.39,31.98,30.9,31.0,2064101
2023-05-04,30.93,31.75,30.835,30.93,1787956
2023-05-05,32.25,32.95,31.48,31.83,2288530
2023-05-08,32.48,33.09,31.86,32.0,1427458
2023-05-09,31.58,32.02,31.18,31.23,1746742
2023-05-10,31.33,31.61,30.53,31.17,1379920
2023-05-11,30.63,31.42,30.48,31.41,954862
2023-05-12,31.75,31.95,30.91,31.51,626435
2023-05-15,31.78,32.7472,31.425,31.96,743791
2023-05-16,30.99,31.2,30.01,30.22,7157030
2023-05-17,30.61,30.83,29.87,30.3,4095100
2023-05-18,30.1,30.98,29.57,30.96,2023598
2023-05-19,31.45,31.75,30.87,31.18,1488887
2023-05-22,31.09,32.58,31.09,31.9,1977942
2023-05-23,32.02,32.65,31.41,31.59,1973454
2023-05-24,31.82,32.195,31.2,31.98,1442941
2023-05-25,31.2,31.77,30.7,31.02,1645639
2023-05-26,31.18,31.21,30.56,30.99,1431466
2023-05-30,30.32,30.44,29.65,30.41,1304127
2023-05-31,29.92,30.41,29.73,29.91,1776072
2023-06-01,30.0,30.4,29.57,29.93,1457855
2023-06-02,30.74,31.63,30.54,31.39,1024337
2023-06-05,32.01,32.15,30.96,31.07,934000
2023-06-06,30.55,32.01,30.47,31.97,2360007
2023-06-07,32.29,33.305,32.2175,33.08,2136830
2023-06-08,32.93,33.37,32.53,33.08,1143110
2023-06-09,32.95,33.42,32.69,33.0,770470
2023-06-12,32.43,32.86,32.0,32.42,1113774
2023-06-13,32.83,33.77,32.76,32.92,1073673
2023-06-14,33.33,33.5,32.11,32.73,950996
2023-06-15,32.69,33.7562,32.51,33.25,1853440
2023-06-16,33.48,33.67,32.84,33.3,2900715
2023-06-20,33.28,33.305,32.03,33.22,1302167
2023-06-21,33.22,34.125,33.04,33.41,1495318
2023-06-22,32.8,32.98,32.22,32.35,1383498
2023-06-23,31.77,32.18,31.55,32.07,3160867
2023-06-26,32.33,33.28,32.14,32.69,1334057
2023-06-27,32.49,33.31,32.3,32.99,1394048
2023-06-28,32.54,33.65,32.2,33.51,1986097
2023-06-29,33.7,34.25,33.55,34.1,1063514
2023-06-30,34.44,34.785,34.23,34.32,2125376
2023-07-03,34.41,34.7099,34.27,34.35,396046
2023-07-05,34.52,34.78,34.1,34.78,1153940
2023-07-06,34.44,34.63,33.02,33.58,1030006
2023-07-07,33.36,35.03,33.36,34.38,946265
2023-07-10,34.49,35.05,34.325,34.99,1479031
2023-07-11,35.09,35.23,34.6312,35.15,1245719
2023-07-12,35.38,35.9002,35.24,35.82,1237396
2023-07-13,35.96,36.53,35.415,35.67,1354577
2023-07-14,35.42,35.6,34.42,34.48,1076553
2023-07-17,34.3,34.74,34.02,34.59,1004408
2023-07-18,34.52,36.335,34.52,36.3,1498118
2023-07-19,36.31,36.55,35.52,35.89,854375
2023-07-20,36.41,36.51,35.99,36.5,1624853
2023-07-21,36.63,36.719523,36.2505,36.51,1012299
2023-07-24,36.5,37.37,36.5,37.12,1064427
2023-07-25,37.09,38.34,36.9201,38.15,1475654
2023-07-26,37.92,38.59,37.62,38.42,1411061
2023-07-27,38.74,39.23,38.26,38.53,1605667
2023-07-28,38.68,39.6,38.3,39.57,973804
2023-07-31,40.0,40.065,39.13,39.37,1264425
2023-08-01,38.87,39.475,38.59,39.37,790528
2023-08-02,39.22,39.725,38.95,39.38,1374384
2023-08-03,40.92,42.1658,39.71,41.59,2868529
2023-08-04,41.55,42.41,41.29,42.26,2082666
2023-08-07,42.62,42.71,41.66,41.83,1552112
2023-08-08,40.82,42.12,40.75,41.84,1903895
2023-08-09,42.16,42.86,41.99,42.41,1482024
2023-08-10,42.19,42.4136,41.02,41.43,1639940
2023-08-11,41.43,42.12,41.43,42.02,836070
2023-08-14,41.46,41.92,40.93,40.96,1831586
2023-08-15,40.66,40.67,39.725,40.45,1448796
2023-08-16,40.47,41.055,39.93,40.01,1513314
2023-08-17,40.71,41.04,40.4,40.49,1306614
2023-08-18,40.3,41.315,40.13,41.15,1568529
2023-08-21,41.75,42.005,40.88,41.16,1322913
2023-08-22,41.22,41.4025,40.61,40.7,1362265
2023-08-23,40.19,40.63,39.71,40.42,854179
2023-08-24,40.28,40.67,39.82,39.84,1031401
2023-08-25,40.33,40.82,39.72,40.6,1039633
2023-08-28,40.98,41.39,40.605,40.94,589374
2023-08-29,41.12,41.29,40.52,41.06,451260
2023-08-30,41.14,41.72,41.02,41.47,674428
2023-08-31,41.56,41.97,41.1875,41.83,887692
2023-09-01,42.4,43.1,42.29,42.99,1424761
2023-09-05,43.25,43.6389,42.235,42.29,2564667
2023-09-06,42.15,42.88,42.12,42.49,1092011
2023-09-07,42.37,42.92,42.37,42.64,856381
2023-09-08,43.01,43.56,42.755,42.87,1062269
2023-09-11,43.24,43.3005,41.02,41.19,1881861
2023-09-12,41.4,42.09,41.4,41.94,1715702
2023-09-13,42.02,42.1,40.71,41.03,1642063
2023-09-14,41.69,41.895,40.845,40.99,1189778
2023-09-15,40.59,40.87,39.955,40.14,2990517
2023-09-18,40.5,40.865,40.1,40.49,1644461
2023-09-19,41.02,41.27,39.85,39.96,1272330
2023-09-20,39.61,40.2,39.12,39.17,1411201
2023-09-21,39.2,39.5,38.58,38.71,1602556
2023-09-22,39.04,39.61,38.59,38.94,865837
2023-09-25,38.92,39.96,38.92,39.73,645848
2023-09-26,39.36,40.26,39.35,39.86,772996
2023-09-27,40.5,41.53,40.2278,40.94,1924989
2023-09-28,40.53,41.21,40.46,40.8,1478819
2023-09-29,40.91,40.945,39.96,40.23,753701
2023-10-02,40.28,40.32,38.14,38.62,1480035
2023-10-03,38.55,39.24,38.25,39.23,1156930
2023-10-04,38.68,38.68,37.05,37.63,1232021
2023-10-05,37.24,37.905,37.17,37.66,1367571
2023-10-06,37.95,38.9,37.63,38.37,769892
2023-10-09,39.79,40.91,39.56,40.49,1258193
2023-10-10,40.51,41.3,40.5,40.82,1094395
2023-10-11,38.77,39.63,38.6,39.23,6941250
2023-10-12,39.67,39.92,38.83,39.2,4651731
2023-10-13,39.57,40.68,39.36,40.53,2409720
2023-10-16,40.53,40.829,39.77,40.72,1628314
2023-10-17,40.66,41.13,40.3,40.63,1616465
2023-10-18,41.0,41.105,40.36,40.75,1239922
2023-10-19,40.2,40.96,39.8,40.62,1422360
2023-10-20,40.42,40.625,39.43,39.53,1452195
2023-10-23,39.25,39.6,38.8,38.96,1729370
2023-10-24,39.27,39.34,38.41,38.43,1310464
2023-10-25,38.43,39.07,38.2,38.91,1158232
2023-10-26,38.39,39.3,37.75,38.84,1340563
2023-10-27,38.9,39.08,37.94,38.38,1598305
2023-10-30,38.28,38.63,37.4,37.98,1770831
2023-10-31,38.05,38.665,37.51,38.34,792764
2023-11-01,38.49,38.7,37.74,37.82,1020860
2023-11-02,37.06,38.83,37.01,38.69,1336349
2023-11-03,38.76,39.26,38.16,38.74,1131749
2023-11-06,38.66,38.8222,37.5,37.62,1086399
2023-11-07,37.03,37.03,36.13,36.44,1540390
2023-11-08,36.18,36.42,35.64,35.65,1235995
2023-11-09,35.9,36.31,35.44,35.46,1160965
2023-11-10,35.89,36.8,35.65,36.34,1040855
2023-11-13,36.41,36.76,36.15,36.28,780672
2023-11-14,36.44,36.98,35.92,36.74,1230189
2023-11-15,36.57,37.59,36.57,36.76,898174
2023-11-16,36.24,36.4,35.18,36.04,1427891
2023-11-17,36.45,37.52,36.45,37.28,1270254
2023-11-20,37.61,37.75,37.33,37.43,760464
2023-11-21,37.2,37.545,36.71,37.54,891186
2023-11-22,36.16,37.62,35.91,37.45,1035072
2023-11-24,37.28,38.06,37.28,37.58,519921
2023-11-27,37.34,37.4,36.92,37.1,1333984
2023-11-28,37.46,37.93,37.14,37.15,936408
2023-11-29,37.38,37.68,36.965,37.09,828421
2023-11-30,37.57,38.235,37.01,37.42,1290434
2023-12-01,37.25,38.66,37.25,37.9,1441485
2023-12-04,37.48,37.77,37.11,37.44,1089283
2023-12-05,37.53,37.63,36.37,36.38,1125936
2023-12-06,36.17,36.47,34.96,35.0,2066502
2023-12-07,35.32,35.69,35.13,35.46,1556495
2023-12-08,35.79,36.825,35.67,36.79,1245036
2023-12-11,36.44,36.9,36.13,36.18,2082236
2023-12-12,35.59,35.74,34.71,34.89,1685670
2023-12-13,34.9,35.515,34.59,35.42,2308218
2023-12-14,36.21,37.23,36.17,37.0,2306521
2023-12-15,37.12,37.23,36.4,36.65,3977598
2023-12-18,37.45,38.19,37.42,37.65,2565938
2023-12-19,37.57,38.095,36.86,38.07,1476206
2023-12-20,38.26,38.74,37.29,37.41,1450989
2023-12-21,37.57,37.8,37.2,37.79,1206451
2023-12-22,38.01,38.39,37.79,37.83,967187
2023-12-26,38.25,38.94,38.1,38.8,1018239
2023-12-27,38.55,38.7389,38.22,38.49,943119
2023-12-28,38.22,38.48,37.58,37.61,918027
2023-12-29,37.68,37.72,36.98,37.07,1295567
2024-01-02,37.44,37.81,36.67,36.84,903526
2024-01-03,36.92,37.77,36.65,37.53,1031119
2024-01-04,37.74,37.99,36.48,36.54,1195040
2024-01-05,36.45,36.69,35.39,36.03,1576843
2024-01-08,35.47,36.28,35.09,36.28,1452050
2024-01-09,36.33,36.33,35.23,35.64,1008058
2024-01-10,35.82,35.82,35.01,35.41,1001917
2024-01-11,35.7,35.83,35.34,35.63,1047343
2024-01-12,36.49,36.49,35.69,35.96,861229
2024-01-16,35.71,35.71,34.68,34.71,1383939
2024-01-17,34.15,34.545,33.8701,34.07,1169061
2024-01-18,34.3,34.3,33.55,34.08,1271806
2024-01-19,34.16,34.16,33.45,33.66,2015173
2024-01-22,33.45,34.12,33.21,33.85,1353793
2024-01-23,33.85,34.135,33.41,33.53,1267772
2024-01-24,33.82,34.03,33.4065,33.89,1321089
2024-01-25,34.32,34.82,33.94,34.75,1181503
2024-01-26,34.82,35.0,34.13,34.86,746295
2024-01-29,34.69,34.8363,34.15,34.66,789604
2024-01-30,34.47,35.19,34.34,35.1,1136163
2024-01-31,35.06,35.095,33.46,33.5,1585512
2024-02-01,33.8,34.1,32.95,33.17,1236308
2024-02-02,33.05,33.05,32.11,32.15,1837580
2024-02-05,31.85,31.98,31.13,31.73,1906644
2024-02-06,31.86,32.46,31.854,31.93,1251775
2024-02-07,32.06,32.35,31.65,32.13,822176
2024-02-08,32.13,32.59,31.94,32.47,840266
2024-02-09,32.43,32.64,32.135,32.44,831932
2024-02-12,32.57,33.69,32.57,33.26,1187219
2024-02-13,32.9,33.1691,32.495,32.8,1350438
2024-02-14,33.08,33.2,32.35,32.85,924467
2024-02-15,33.05,34.66,33.05,34.3,1346324
2024-02-16,34.27,34.445,33.87,34.12,1184119
2024-02-20,33.9,34.16,33.37,33.57,910253
2024-02-21,33.83,34.91,33.83,34.89,1329339
2024-02-22,34.51,35.01,34.29,34.61,1688534
2024-02-23,34.69,35.19,33.86,34.59,1921443
2024-02-26,34.33,35.16,34.08,34.68,1210158
2024-02-27,34.99,35.285,34.81,35.21,1034282
2024-02-28,35.18,35.58,34.77,35.06,1190247
2024-02-29,35.58,35.81,35.34,35.73,1685779
2024-03-01,36.12,36.65,35.95,36.45,1786973
2024-03-04,36.63,36.73,35.375,35.41,1283419
2024-03-05,35.24,36.02,35.11,35.56,1983186
2024-03-06,35.93,36.1299,35.36,35.75,1068003
2024-03-07,35.85,36.33,35.755,36.05,1098840
2024-03-08,36.19,36.79,36.18,36.34,918980
2024-03-11,36.06,36.75,35.78,36.75,1008061
2024-03-12,36.8,37.13,36.52,36.96,1001739
2024-03-13,37.32,37.56,37.15,37.31,860440
2024-03-14,37.51,37.56,37.0,37.47,1007050
2024-03-15,37.37,38.04,37.37,37.91,1930090
2024-03-18,37.9,38.5,37.65,38.42,1015099
2024-03-19,38.24,39.14,38.18,39.1,1476211
2024-03-20,38.84,39.22,38.38,39.14,1182307
2024-03-21,39.31,39.55,39.0,39.48,901351
2024-03-22,39.65,39.685,38.94,39.03,780161
2024-03-25,39.37,40.13,39.26,39.51,852670
2024-03-26,39.5,39.67,38.85,38.86,1494475
2024-03-27,38.43,39.06,38.2244,39.02,1537455
2024-03-28,39.34,39.82,39.22,39.68,1293900
2024-04-01,39.88,39.89,39.42,39.65,830614
2024-04-02,39.92,40.005,39.51,39.99,1602115
2024-04-03,40.15,40.96,40.07,40.94,1606341
2024-04-04,40.98,41.305,40.58,40.75,1331816
2024-04-05,40.84,41.675,40.66,41.48,1481207
2024-04-08,41.51,41.83,41.27,41.41,1106408
2024-04-09,41.59,42.31,41.56,42.27,1492610
2024-04-10,42.27,42.59,41.83,42.53,1504875
2024-04-11,42.65,42.8069,41.99,42.64,1385309
2024-04-12,42.99,43.29,42.2565,42.64,1455855
2024-04-15,42.94,43.1,42.295,42.35,1382292
2024-04-16,42.06,42.8,41.65,42.76,1384996
2024-04-17,42.7,43.2,42.17,42.45,1483194
2024-04-18,42.7,42.79,41.86,42.05,1357573
2024-04-19,41.7,42.92,41.56,42.5,1413551
2024-04-22,42.48,43.0525,41.97,42.66,1911191
2024-04-23,42.54,43.36,42.35,43.11,1072844
2024-04-24,43.14,43.26,42.63,42.97,1166072
2024-04-25,42.86,43.28,42.41,43.06,1015939
2024-04-26,43.18,43.3,42.7,43.27,1025313
2024-04-29,43.1,43.625,43.1,43.54,1447543
2024-04-30,43.69,43.75,40.72,40.79,2530058
2024-05-01,40.99,41.76,39.43,39.67,2017596
2024-05-02,40.13,40.46,39.69,39.97,1043241
2024-05-03,39.94,40.3,39.605,40.25,1098395
2024-05-06,40.5,41.02,40.32,40.59,1187320
2024-05-07,40.57,41.28,40.515,40.72,956255
2024-05-08,40.33,40.865,40.24,40.4,698951
2024-05-09,40.59,40.94,40.2,40.77,978524
2024-05-10,40.96,40.99,39.69,39.73,1805822
2024-05-13,39.96,40.08,39.375,39.62,1198110
2024-05-14,39.6,40.2,39.46,40.14,755731
2024-05-15,39.98,40.25,39.215,40.23,944864
2024-05-16,40.15,40.15,39.6657,39.75,658879
2024-05-17,40.03,40.1,39.77,40.01,679445
2024-05-20,40.04,40.735,40.02,40.64,1186841
2024-05-21,40.47,41.49,40.47,40.96,1688173
2024-05-22,40.8,40.8,39.64,39.93,1293065
2024-05-23,40.16,40.54,39.04,39.53,1134599
2024-05-24,39.84,40.14,39.42,39.55,1167289
2024-05-28,39.76,40.465,39.76,40.32,1077074
2024-05-29,40.21,40.285,39.39,39.67,734759
2024-05-30,39.78,40.42,39.78,40.06,1109313
2024-05-31,40.27,40.95,40.17,40.93,951714
2024-06-03,40.86,40.91,38.84,38.96,1513153
2024-06-04,38.45,38.605,37.65,37.79,1488032
2024-06-05,37.93,38.0,37.4,37.85,1157352
2024-06-06,37.85,37.98,37.54,37.77,869937
2024-06-07,37.55,37.84,37.3,37.55,910717
2024-06-10,37.57,38.41,37.44,38.15,661809
2024-06-11,37.97,38.375,37.55,38.2,1125315
2024-06-12,39.0,39.12,37.95,38.06,994064
2024-06-13,38.04,38.0799,36.9,37.35,1203864
2024-06-14,37.34,37.34,36.599,37.05,1535609
2024-06-17,37.09,37.47,36.54,37.25,1149870
2024-06-18,37.26,37.54,37.04,37.26,1098331
2024-06-20,37.26,37.73,37.13,37.27,1625152
2024-06-21,37.3,37.485,36.56,36.76,2951348
2024-06-24,37.13,38.63,37.11,38.44,822366
2024-06-25,38.4,38.445,37.89,38.42,907889
2024-06-26,38.41,38.53,38.01,38.47,825076
2024-06-27,38.62,38.915,37.535,37.69,1484590
2024-06-28,38.16,38.31,37.12,37.17,6973845
2024-07-01,37.75,38.08,37.125,37.68,1541100
2024-07-02,37.99,38.48,37.83,38.07,1367149
2024-07-03,38.24,38.91,38.145,38.86,516044
2024-07-05,38.68,38.845,37.82,38.07,817681
2024-07-08,37.9,38.82,37.9,38.82,1541779
2024-07-09,38.39,39.2,38.21,38.24,1167682
2024-07-10,38.34,38.65,38.19,38.37,876948
2024-07-11,38.65,39.43,38.23,39.34,878031
2024-07-12,39.89,39.89,39.22,39.48,926445
2024-07-15,39.92,40.99,39.55,40.69,1960308
2024-07-16,40.45,41.65,40.24,41.38,2203903
2024-07-17,41.8,42.65,41.44,41.65,1562426
2024-07-18,41.63,42.16,41.255,41.65,963163
2024-07-19,41.41,41.7,41.12,41.32,925213
2024-07-22,41.16,41.3105,40.36,40.38,1066500
2024-07-23,40.02,40.11,38.68,38.87,2621818
2024-07-24,39.04,39.3,38.15,38.2,1457775
2024-07-25,38.39,39.61,37.99,39.46,2322797
2024-07-26,39.65,40.24,39.0,40.19,1906711
2024-07-29,41.23,41.59,39.64,40.23,2117931
2024-07-30,40.33,41.08,40.33,40.64,1983453
2024-07-31,42.09,43.8,41.34,43.19,4019831
2024-08-01,43.22,43.5,41.045,41.42,2038309
2024-08-02,40.81,40.81,37.93,38.58,2279708
2024-08-05,37.0,37.18,36.09,36.64,2500397
2024-08-06,36.51,37.565,36.15,36.42,1681114
2024-08-07,37.6,38.2183,36.905,37.01,1414214
2024-08-08,37.57,38.38,37.36,38.12,964609
2024-08-09,38.06,38.22,37.6,37.96,1156801
2024-08-12,38.27,39.11,38.27,39.03,987862
2024-08-13,38.79,38.79,38.17,38.67,1183742
2024-08-14,38.9,38.93,38.41,38.49,837467
2024-08-15,38.82,39.71,38.665,39.48,1059826
2024-08-16,39.07,39.29,38.58,38.6,989920
2024-08-19,38.71,39.47,38.65,38.97,950415
2024-08-20,38.8,39.0,37.26,37.56,1073355
2024-08-21,38.13,38.19,37.52,37.82,1068017
2024-08-22,37.84,38.34,37.84,38.05,608369
2024-08-23,38.44,39.7,38.35,39.61,1841336
2024-08-26,40.37,40.668,39.8,40.19,908058
2024-08-27,39.98,40.2,39.545,39.87,955605
2024-08-28,39.45,39.785,39.36,39.76,680006
2024-08-29,40.15,40.555,39.75,40.31,828925
2024-08-30,39.77,39.86,39.36,39.78,926798
2024-09-03,38.78,38.9,37.61,38.12,2169779
2024-09-04,38.28,38.37,36.65,36.71,1819870
2024-09-05,37.07,37.2,36.13,36.28,1196539
2024-09-06,36.23,36.52,34.67,34.95,2072822
2024-09-09,34.97,35.3,34.44,34.46,1265498
2024-09-10,34.47,34.75,33.48,33.96,1533191
2024-09-11,34.17,34.2,33.17,33.98,1258835
2024-09-12,34.02,34.36,33.52,34.09,1079619
2024-09-13,34.47,35.02,34.325,34.44,879635
2024-09-16,34.71,35.07,34.4064,34.89,1272477
2024-09-17,34.98,36.26,34.98,36.07,1288338
2024-09-18,36.06,37.09,35.91,36.17,1226750
2024-09-19,37.51,37.78,36.66,37.25,1363851
2024-09-20,37.23,37.435,36.6,37.11,3589478
2024-09-23,37.18,37.85,36.82,37.14,1596221
2024-09-24,37.62,37.78,37.16,37.4,1416811
2024-09-25,37.26,37.335,36.235,36.43,1555117
2024-09-26,35.48,35.783,34.24,34.4,2351038
2024-09-27,34.54,35.19,34.47,35.17,1437019
2024-09-30,34.8,35.7,34.56,35.41,1360262
2024-10-01,35.01,36.66,34.72,36.4,1133494
2024-10-02,37.13,37.34,36.41,36.88,1536891
2024-10-03,36.94,39.145,36.66,39.08,2201271
2024-10-04,39.52,39.85,39.07,39.66,1161655
2024-10-07,39.78,40.45,39.62,40.12,1099280
2024-10-08,39.06,39.465,38.295,39.36,1563561
2024-10-09,38.97,39.52,38.7,39.08,819539
2024-10-10,39.31,39.64,38.9834,39.24,878159
2024-10-11,39.2,40.4,39.12,39.88,1380222
2024-10-14,39.3,39.82,39.18,39.64,631628
2024-10-15,38.27,38.625,37.56,37.6,1598929
2024-10-16,37.83,38.395,37.82,37.92,724010
2024-10-17,37.89,38.03,37.51,37.84,851541
2024-10-18,37.93,37.93,37.105,37.23,860874
2024-10-21,37.63,37.7968,37.18,37.33,1061449
2024-10-22,37.63,37.88,37.22,37.67,671486
2024-10-23,37.46,37.67,36.93,37.21,630662
2024-10-24,37.47,37.59,36.95,37.27,482745
2024-10-25,37.45,38.0,37.175,37.32,919389
2024-10-28,36.0,36.625,35.82,36.55,1424885
2024-10-29,36.36,36.65,35.705,36.02,709259
2024-10-30,36.28,36.88,36.03,36.47,568546
2024-10-31,36.91,37.2299,36.13,36.25,1047357
2024-11-01,36.71,37.03,35.65,35.82,729460
2024-11-04,36.13,36.85,36.0401,36.21,813883
2024-11-05,36.3,36.99,36.01,36.76,1821468
2024-11-06,40.2,41.52,38.95,41.06,4983155
2024-11-07,41.33,41.366,40.3201,40.54,1790275
2024-11-08,40.54,40.98,39.89,40.93,1255271
2024-11-11,40.91,41.52,40.5,41.1,1007985
2024-11-12,41.3,41.67,40.54,40.68,874379
2024-11-13,41.03,41.1099,40.25,40.58,888587
2024-11-14,41.21,41.28,40.43,40.9,753483
2024-11-15,41.03,41.38,40.24,40.5,730336
2024-11-18,41.1,41.67,40.8125,41.25,1159466
2024-11-19,40.69,41.287,40.58,41.08,553491
2024-11-20,40.81,41.58,40.81,41.57,929108
2024-11-21,42.01,42.5799,41.8,42.34,1026823
2024-11-22,42.35,43.42,42.22,43.2,1309713
2024-11-25,43.37,43.5789,42.56,43.31,1620644
2024-11-26,43.42,43.44,42.595,43.13,790481
2024-11-27,43.57,44.31,43.36,43.46,1165219
2024-11-29,43.6,43.82,43.34,43.49,599399
2024-12-02,43.65,43.685,42.51,43.32,1034361
2024-12-03,43.78,43.78,43.11,43.48,664624
2024-12-04,43.55,43.55,41.51,41.73,1418830
2024-12-05,42.0,42.2544,41.44,41.51,1308803
2024-12-06,41.33,41.33,39.54,40.23,1478265
2024-12-09,40.8,41.455,40.45,40.86,828487
2024-12-10,41.1,41.1,40.25,40.4,1119249
2024-12-11,40.8,41.4,40.25,41.27,1273906
2024-12-12,41.23,41.485,40.45,41.21,1143230
2024-12-13,41.22,41.32,40.365,40.71,1047075
2024-12-16,40.18,40.24,38.89,39.27,1458988
2024-12-17,38.65,38.88,37.87,38.51,2131540
2024-12-18,38.72,39.38,36.75,36.81,2741212
2024-12-19,37.55,37.68,35.93,36.02,1976147
2024-12-20,35.46,37.07,35.21,35.57,4749905
2024-12-23,35.52,35.88,35.1,35.63,2225581
2024-12-24,35.63,36.1701,35.12,36.1,408021
2024-12-26,36.1,36.25,35.59,36.13,713035
2024-12-27,36.05,36.6099,35.91,36.04,931736
2024-12-30,35.88,36.95,35.59,36.58,1220150
2024-12-31,36.71,37.365,36.68,37.16,919850
2025-01-02,37.73,38.14,37.4,37.76,906872
2025-01-03,38.02,38.53,37.88,38.3,1105614
2025-01-06,38.66,39.21,38.33,38.5,1066161
2025-01-07,38.62,39.3,38.37,39.29,1010656
2025-01-08,38.95,39.65,38.95,39.4,1058967
2025-01-10,40.33,40.59,39.745,39.96,1542563
2025-01-13,40.39,41.33,40.1333,40.79,1726951
2025-01-14,40.75,41.35,40.57,41.17,1311183
2025-01-15,41.53,41.9,41.17,41.73,1762666
2025-01-16,41.45,42.35,41.45,42.07,1191211
2025-01-17,41.88,42.22,41.435,42.03,1878580
2025-01-21,41.68,41.745,40.29,40.47,1523586
2025-01-22,40.39,40.72,39.8,39.88,1546507
2025-01-23,40.16,40.52,39.11,39.43,1205627
2025-01-24,39.42,39.52,37.89,37.94,1995696
2025-01-27,37.55,38.32,36.91,37.26,1575147
2025-01-28,37.41,37.9,36.78,37.44,2000474
2025-01-29,37.16,37.82,36.66,37.8,1016719
2025-01-30,37.89,38.08,36.775,37.17,1319889
2025-01-31,37.11,37.17,35.67,35.95,1294614
2025-02-03,35.93,36.33,35.09,35.85,1435158
2025-02-04,35.62,36.98,35.48,36.84,1368120
2025-02-05,36.56,36.97,36.08,36.17,1254597
2025-02-06,36.49,36.49,35.085,35.61,1721036
2025-02-07,35.72,36.03,35.145,35.16,774717
2025-02-10,35.68,36.345,35.59,36.1,1132209
2025-02-11,36.28,36.95,36.2,36.23,759355
2025-02-12,35.79,35.935,34.84,35.12,1043632
2025-02-13,34.75,34.9,33.645,34.51,2041443
2025-02-14,34.51,35.19,34.3131,35.11,1307282
2025-02-18,35.48,35.99,34.48,35.19,1594395
2025-02-19,35.27,36.16,35.26,35.4,1468637
2025-02-20,35.42,35.725,34.75,35.38,2016983
2025-02-21,35.0,35.11,32.805,33.0,2751327
2025-02-24,33.0,33.67,32.88,33.29,2232084
2025-02-25,33.08,33.295,32.14,32.19,1605917
2025-02-26,32.15,32.53,31.78,32.08,2151461
2025-02-27,32.2,32.38,31.7,31.91,1237640
2025-02-28,31.61,31.95,31.16,31.5,1914109
2025-03-03,31.74,31.84,28.33,28.42,3643549
2025-03-04,28.01,28.3,26.815,27.62,3186162
2025-03-05,27.2,27.66,26.595,27.61,4785756
2025-03-06,27.19,27.68,26.72,26.89,2194475
2025-03-07,27.48,27.95,26.745,27.49,2094356
2025-03-10,27.61,28.99,27.46,27.89,2621092
2025-03-11,28.23,29.0,27.55,27.95,1950131
2025-03-12,28.68,29.1166,27.956,28.8,1973354
2025-03-13,28.76,29.18,27.86,28.33,1255072
2025-03-14,28.66,29.46,28.505,29.39,1245361
2025-03-17,29.39,29.92,29.25,29.38,1259260
2025-03-18,29.74,30.005,29.38,29.93,1247208
2025-03-19,30.08,31.08,29.95,30.71,1769858
2025-03-20,30.42,31.12,30.24,30.8,1248670
2025-03-21,30.68,30.779,30.0,30.11,3519127
2025-03-24,30.2,30.96,30.19,30.94,964445
2025-03-25,31.12,31.31,30.57,30.64,775545
2025-03-26,31.1,31.59,30.87,30.95,1220586
2025-03-27,30.85,31.06,30.35,30.82,1322337
2025-03-28,30.44,30.44,29.75,30.15,1270696
2025-03-31,29.98,30.77,29.79,30.23,1690536
2025-04-01,29.84,30.26,29.53,29.87,1357430
2025-04-02,29.37,30.98,29.25,30.6,1733382
2025-04-03,28.56,28.62,25.95,25.96,2645430
2025-04-04,24.42,24.6389,22.5,23.4,5351084
2025-04-07,22.45,24.32,21.615,22.54,3971071
2025-04-08,23.31,23.43,20.38,20.6,3636425
2025-04-09,20.17,25.2,19.88,24.74,3190750
2025-04-10,23.66,23.67,21.145,21.72,2984877
2025-04-11,21.91,22.7,21.1,22.48,2650901
2025-04-14,23.2,23.26,22.06,22.7,1497884
2025-04-15,22.42,23.175,22.35,22.43,1644725
2025-04-16,22.58,23.63,22.55,22.93,1429474
2025-04-17,23.44,24.53,23.26,24.19,2134365
2025-04-21,23.51,23.85,22.92,23.09,1481318
2025-04-22,23.62,23.95,23.03,23.56,1438415
2025-04-23,24.27,24.65,23.22,23.43,1409986
2025-04-24,23.81,23.97,23.5,23.75,1029634
2025-04-25,23.31,24.16,23.31,24.16,1158717
2025-04-28,24.1,24.82,24.1,24.8,2077874
2025-04-29,24.44,25.03,24.215,24.76,3234085
2025-04-30,26.08,26.4,23.64,24.3,3075060
2025-05-01,24.47,25.47,24.25,25.08,1960402
2025-05-02,25.49,25.87,25.0,25.44,1750000
2025-05-05,24.64,24.79,24.29,24.3,1719422
2025-05-06,24.8,24.99,24.22,24.45,1521630
2025-05-07,24.61,24.61,23.94,24.45,1245220
2025-05-08,24.97,26.56,24.9,26.3,1882059
2025-05-09,26.67,27.04,26.12,26.55,1482438
2025-05-12,28.31,29.07,27.81,28.2,2538066
2025-05-13,28.23,29.94,28.225,29.61,2136534
2025-05-14,29.23,29.81,28.94,29.81,1753054
2025-05-15,29.01,29.3,28.4938,28.74,2130667
2025-05-16,28.98,28.98,28.06,28.43,1241777
2025-05-19,27.98,28.26,27.49,28.26,1320668
2025-05-20,28.14,28.27,27.68,27.76,1187626
2025-05-21,27.52,27.72,26.85,26.9,1246027
2025-05-22,26.54,27.015,25.84,26.84,1403940
2025-05-23,26.25,27.02,26.25,26.94,1163219
2025-05-27,27.19,27.56,26.655,27.5,1382343
2025-05-28,27.78,27.91,27.23,27.32,1069138
2025-05-29,27.54,27.74,26.885,27.16,1691577
2025-05-30,26.8,26.9,26.37,26.58,1071050
2025-06-02,27.44,27.59,26.91,27.08,1837745
2025-06-03,27.19,29.06,26.66,28.83,1895624
2025-06-04,28.68,29.59,28.18,28.21,1363572
2025-06-05,28.53,28.53,27.7,27.8,1145627
2025-06-06,28.44,28.943,28.395,28.75,1276694
2025-06-09,29.15,30.32,28.76,29.81,1968069
2025-06-10,30.46,31.18,30.0485,30.64,1408789
2025-06-11,31.2,31.525,30.3603,31.09,2249283
2025-06-12,30.6,31.175,30.29,31.15,899260
2025-06-13,32.55,32.62,31.22,32.16,5194930
2025-06-16,31.62,32.23,31.07,31.52,2023247
2025-06-17,31.9,32.27,31.3,31.53,1496563
2025-06-18,31.53,32.17,31.19,31.26,2741649
2025-06-20,31.44,31.59,30.87,31.26,2694116
2025-06-23,31.3,31.505,29.355,29.65,3644239
2025-06-24,29.01,29.61,28.78,29.14,2922736
2025-06-25,29.28,29.33,28.6,28.72,1390388
2025-06-26,28.78,29.56,28.77,29.4,1882987
2025-06-27,28.87,29.19,28.58,28.98,2390800
2025-06-30,28.87,28.87,28.21,28.35,2167801
2025-07-01,28.43,29.75,28.16,29.14,2277695
2025-07-02,29.65,30.05,29.04,29.95,1680224
2025-07-03,29.83,30.205,29.7,29.8,438500
2025-07-07,29.32,29.93,28.77,29.21,1758350
2025-07-08,29.34,31.28,29.26,31.07,1732737
2025-07-09,30.96,31.0528,30.51,30.72,1981790
2025-07-10,30.64,31.1,30.021,30.77,1903930
2025-07-11,30.75,31.15,30.525,30.74,1283758
2025-07-14,30.24,30.495,29.32,29.38,1275574
2025-07-15,29.46,29.555,27.94,27.96,1516293
2025-07-16,27.8,28.015,26.76,26.93,2029359
2025-07-17,26.93,27.7,26.865,27.53,2819383
2025-07-18,28.01,28.07,27.12,27.24,2044501
2025-07-21,27.51,27.51,26.5,26.58,2347667
2025-07-22,26.72,27.32,26.62,27.16,1332442
2025-07-23,27.16,28.2337,27.0,28.07,1933870
2025-07-24,28.01,28.74,27.64,28.74,1315634
2025-07-25,28.77,28.87,28.215,28.48,1624219
2025-07-28,28.87,29.84,28.735,29.71,1562954
2025-07-29,29.68,29.7927,28.97,29.5,1444227
2025-07-30,29.42,29.45,28.22,28.6,1922514
2025-07-31,28.05,28.81,27.77,28.16,1826313
2025-08-01,28.73,28.73,24.965,25.03,3655045
2025-08-04,25.04,25.39,24.56,25.11,2888260
2025-08-05,25.25,25.73,24.8,25.68,1747755
2025-08-06,25.93,26.24,24.92,25.04,1517201
2025-08-07,25.58,25.96,24.31,24.66,3146240
2025-08-08,24.85,25.32,24.46,24.48,1766363
2025-08-11,24.73,24.9774,23.9,23.95,1729190
2025-08-12,24.26,25.02,24.09,24.59,1550439
2025-08-13,24.46,25.04,24.4,24.86,1441572
2025-08-14,24.56,24.84,24.21,24.82,1885116
2025-08-15,24.83,24.945,24.29,24.34,1399091
2025-08-18,23.95,24.14,23.425,23.82,2084315
2025-08-19,23.76,24.07,23.09,23.13,1563486
2025-08-20,23.12,23.37,22.745,23.24,1810834
2025-08-21,23.19,23.75,23.06,23.72,2121213
2025-08-22,23.84,25.2,23.84,25.1,1874008
2025-08-25,25.2,25.66,24.97,25.56,1441436
2025-08-26,25.26,25.5,24.92,25.31,2271347
2025-08-27,25.16,26.0,25.16,25.76,1035226
2025-08-28,25.79,26.26,25.435,26.2,1066108
2025-08-29,26.11,26.48,26.07,26.16,1069093
2025-09-02,26.16,26.75,25.99,26.74,1344312
2025-09-03,26.45,26.705,25.47,25.65,1418312
2025-09-04,25.59,26.32,25.395,26.02,2205865
2025-09-05,25.51,26.1534,24.58,24.84,1239569
2025-09-08,24.87,24.98,24.17,24.69,1219957
2025-09-09,24.91,25.36,24.645,24.76,1236403
2025-09-10,24.93,25.82,24.915,25.78,1352105
2025-09-11,25.3,25.8061,25.22,25.76,1548505
2025-09-12,25.93,26.175,25.4,25.44,845035
2025-09-15,25.38,25.51,24.92,24.96,1450811
2025-09-16,25.29,25.91,25.19,25.79,1549328
2025-09-17,25.64,26.81,25.625,25.87,1371003
2025-09-18,26.17,26.335,25.6001,26.26,1736601
2025-09-19,26.16,26.19,25.06,25.06,4363301
2025-09-22,25.2,25.33,24.75,25.31,2261077
2025-09-23,25.48,27.45,25.42,26.48,2832755
2025-09-24,26.71,27.52,26.71,26.92,1623925
2025-09-25,26.54,27.13,26.48,26.94,1486480
2025-09-26,27.0,28.09,26.92,27.66,4001928
2025-09-29,26.9,26.92,25.66,25.7,2472161
2025-09-30,25.44,25.58,24.5,24.8,2903357
2025-10-01,24.48,25.05,24.4,24.66,2733772
2025-10-02,24.48,24.8,24.04,24.1,2464897
2025-10-03,24.43,25.0775,24.38,25.04,2081112
2025-10-06,25.46,25.8951,25.135,25.5,1383311
2025-10-07,25.48,25.63,24.6,24.86,2181508
2025-10-08,24.85,25.0,24.36,24.72,1313567
2025-10-09,24.76,25.06,23.61,23.64,1806248
2025-10-10,23.41,23.62,22.015,22.04,2047425
2025-10-13,22.73,23.26,22.05,23.13,2412127
2025-10-14,22.17,22.9,22.17,22.3,1431837
2025-10-15,22.42,22.73,21.62,21.72,3053845
2025-10-16,21.78,21.845,21.02,21.42,2573146
2025-10-17,21.43,21.76,20.98,21.59,2122536
2025-10-20,21.49,22.029,21.25,21.3,1959881
2025-10-21,21.2,21.85,21.01,21.4,2362926
2025-10-22,21.93,21.98,21.02,21.4,1790124
2025-10-23,22.28,22.73,22.16,22.19,2333189
2025-10-24,22.35,22.35,21.54,21.55,1849088
2025-10-27,21.84,22.31,21.73,22.07,2073821
2025-10-28,21.71,21.9714,21.405,21.67,1531032
2025-10-29,21.83,22.615,21.76,21.97,2365096
2025-10-30,21.7,22.0,21.23,21.33,2073647
2025-10-31,21.41,22.17,21.25,22.13,1911326
2025-11-03,21.84,22.29,21.55,22.05,2245844
2025-11-04,21.5,21.67,21.17,21.2,2123898
2025-11-05,21.05,21.58,20.415,20.49,2374077
2025-11-06,20.72,21.06,20.41,20.48,3949554
2025-11-07,21.23,21.63,20.18,21.61,3438531
2025-11-10,22.0,22.3,21.43,22.16,2032008
2025-11-11,22.24,23.15,22.24,22.66,1963105
2025-11-12,22.58,22.639,21.96,22.03,1315609
2025-11-13,22.14,22.5,21.75,22.1,1605538
2025-11-14,21.98,22.35,21.66,22.32,1580576
2025-11-17,22.4,22.4,21.74,21.86,1621705
2025-11-18,21.76,22.47,21.49,22.31,1642502
2025-11-19,21.57,22.2725,21.41,22.13,1932064
2025-11-20,22.17,22.47,21.275,21.31,3314916
2025-11-21,21.05,21.665,20.91,21.46,2352327
2025-11-24,21.25,21.87,20.87,21.78,1996951
2025-11-25,21.45,21.9,21.32,21.81,3350066
2025-11-26,21.75,22.31,21.7201,21.98,1976458
2025-11-28,21.85,22.48,21.85,22.39,643571
2025-12-01,22.28,23.08,22.23,23.08,2999750
2025-12-02,23.0,23.0,22.5,22.71,1506392
2025-12-03,22.94,23.94,22.9,23.9,1604730
2025-12-04,23.88,24.8,23.88,24.64,2086227
2025-12-05,24.61,25.67,24.61,24.85,3120373
2025-12-08,24.75,25.1,23.97,24.13,2161420
2025-12-09,24.07,24.465,23.91,24.36,1898711
2025-12-10,24.19,24.765,23.8,24.62,4489814
2025-12-11,24.15,24.26,23.125,23.33,3079291
2025-12-12,23.57,23.8197,22.56,22.61,2595445
2025-12-15,22.91,22.92,22.24,22.6,1994467
2025-12-16,22.2,22.2799,21.41,21.69,2731885
2025-12-17,21.94,22.74,21.895,22.62,1935774
2025-12-18,22.62,22.64,21.79,21.8,1628800
2025-12-19,21.99,22.32,21.415,21.54,5152854
2025-12-22,22.0,22.465,21.94,21.99,3037187
2025-12-23,22.1,22.15,21.5,21.65,2034006
2025-12-24,21.62,21.7286,21.37,21.45,1522938
2025-12-26,21.43,21.453,21.08,21.4,2122613
2025-12-29,21.61,21.9473,21.47,21.9,1948370
2025-12-30,21.7,21.99,21.63,21.63,1429642
2025-12-31,21.57,21.581,21.2441,21.47,1466285
2026-01-02,21.5,22.065,21.3001,22.01,1765318
2026-01-05,22.48,22.69,20.4235,21.0,2776001
2026-01-06,20.93,21.09,20.6458,21.03,2713717
2026-01-07,20.84,21.0,20.255,20.39,1808130
2026-01-08,20.43,22.03,20.4,21.68,2750697
2026-01-09,21.9,22.08,21.38,21.87,1663593
2026-01-12,22.0,22.07,21.52,21.71,1746557
2026-01-13,22.18,22.67,21.88,22.45,2538552
2026-01-14,22.5,23.63,22.5,22.93,2822707
2026-01-15,22.5,22.8,21.95,22.56,1851101
2026-01-16,22.57,22.59,22.14,22.24,1540599
2026-01-20,22.23,22.48,21.925,22.14,1781206
2026-01-21,22.7,23.54,22.62,23.51,2459252
2026-01-22,23.38,23.65,22.98,23.34,1761581
2026-01-23,23.66,24.15,23.23,23.45,2094414
2026-01-26,23.84,23.875,22.9,23.3,1782722
2026-01-27,23.5,24.085,23.429,24.03,1951404
2026-01-28,24.38,24.65,23.86,24.36,2172964
2026-01-29,25.25,25.84,24.67,24.82,2758234
2026-01-30,24.65,25.17,24.2,25.0,2024549
2026-02-02,24.0,24.43,23.7,23.93,2076167
2026-02-03,23.85,24.885,23.71,24.5,1706621
2026-02-04,24.85,25.4232,24.76,25.31,1986049
2026-02-05,24.75,25.18,23.97,24.44,2394774
2026-02-06,24.7,25.8,24.62,25.64,2063422
2026-02-09,25.56,26.05,25.37,25.88,1518755
2026-02-10,25.97,25.97,25.39,25.65,1899144
2026-02-11,26.34,26.65,26.04,26.58,1467884
2026-02-12,26.32,26.61,24.46,25.1,1684228
2026-02-13,25.2,25.98,24.98,25.96,1280487
2026-02-17,26.21,26.34,24.98,25.52,1626341
2026-02-18,25.98,27.44,25.81,27.36,2768357
2026-02-19,27.75,28.35,27.47,27.86,2437298
2026-02-20,27.64,28.2,27.24,28.15,1352250
2026-02-23,28.08,28.33,27.07,27.3,1455644
2026-02-24,27.48,27.48,26.66,27.18,1256923
2026-02-25,27.25,27.35,25.94,26.48,1981943
2026-02-26,25.85,27.04,25.45,26.25,2696373
2026-02-27,26.71,27.75,26.31,27.59,2262775
2026-03-02,29.01,29.24,27.52,27.93,4379777
2026-03-03,28.17,29.32,27.5387,28.09,3981204
2026-03-04,27.45,28.585,27.19,28.38,2771642
2026-03-05,28.67,29.015,28.21,28.34,2485277
2026-03-06,28.7,29.24,28.08,28.86,3831628
2026-03-09,29.48,29.51,28.0581,28.37,3348221
2026-03-10,27.97,28.8671,27.47,27.53,3272357
2026-03-11,27.9,28.865,27.68,28.59,4309426
2026-03-12,28.0,28.35,27.46,27.61,7623143
2026-03-13,27.0,27.78,26.85,27.51,2576995
2026-03-16,27.25,27.76,26.86,27.4,2347729
2026-03-17,27.7,27.8606,27.4,27.43,2623534
2026-03-18,27.52,27.91,27.22,27.69,2711750
2026-03-19,27.67,28.8449,27.67,28.43,4691537
2026-03-20,28.54,29.485,28.44,28.84,5296192
2026-03-23,28.36,29.14,27.77,28.6,3565879
2026-03-24,29.0,29.74,28.9113,29.12,1908263
2026-03-25,28.71,29.68,28.665,29.61,1630644
2026-03-26,30.01,30.65,29.9,30.41,2129536
2026-03-27,30.76,31.17,30.45,30.82,4702097
2026-03-30,30.62,30.69,29.66,29.91,2077534
2026-03-31,29.95,30.52,28.6201,29.23,3096971
2026-04-01,28.47,28.9148,27.36,27.6,3018182
2026-04-02,28.5,28.92,27.77,28.29,2601149
2026-04-06,28.29,28.77,28.15,28.47,1109466
2026-04-07,28.83,29.61,28.82,29.55,2087049
2026-04-08,27.42,28.09,26.82,28.06,2902561
2026-04-09,28.21,28.51,27.07,27.11,1757709
2026-04-10,26.96,27.4996,26.45,26.94,1626810
2026-04-13,27.55,27.74,27.01,27.26,1811062
2026-04-14,26.84,26.84,25.55,25.68,1940604
2026-04-15,25.57,26.15,25.43,25.87,1391391
2026-04-16,26.0,26.3401,25.43,25.8,4632051
2026-04-17,24.37,24.77,23.6001,24.55,2930133
2026-04-20,24.67,25.02,24.55,24.72,2075634
2026-04-21,24.89,25.645,24.78,25.57,3151765
2026-04-22,25.81,26.515,25.79,26.43,1996109
2026-04-23,26.69,27.01,26.365,26.9,1565146
2026-04-24,26.55,26.81,26.2601,26.71,1393050
2026-04-27,26.97,27.28,26.415,26.87,3326810
2026-04-28,27.52,27.78,27.15,27.56,2185157
2026-04-29,28.2,28.75,27.095,27.95,3658394
2026-04-30,27.14,27.78,26.77,27.16,3089154
2026-05-01,26.64,26.91,26.1,26.52,1958231
2026-05-04,26.75,27.23,26.37,26.8,2057125
2026-05-05,26.63,26.92,26.29,26.65,2060424
2026-05-06,25.11,25.68,24.7,24.73,2494486
2026-05-07,24.04,24.18,23.445,23.93,2811920
2026-05-08,23.75,23.95,23.31,23.4,1953685
2026-05-11,23.84,23.895,23.52,23.63,1885734
2026-05-12,24.0,24.16,23.61,23.87,4032932
2026-05-13,23.65,23.9765,22.965,23.34,2196101
2026-05-14,23.17,23.55,23.1532,23.36,1526993
2026-05-15,23.79,24.475,23.5597,24.43,6945948
2026-05-18,24.22,25.03,24.005,24.75,2767115
2026-05-19,25.12,25.16,24.57,24.89,1988656
2026-05-20,24.47,24.95,23.85,24.07,3017919
2026-05-21,24.62,24.62,23.45,23.62,2725148
2026-05-22,23.42,23.84,23.29,23.75,1581334
2026-05-26,23.445,23.63,22.285,22.34,2647117
2026-05-27,21.77,22.0,21.305,21.35,3742067
2026-05-28,21.48,21.74,21.23,21.74,2561925
2026-05-29,21.75,21.86,21.115,21.77,2596686
2026-06-01,22.22,22.79,22.1,22.37,2331900
2026-06-02,22.13,22.4599,21.91,22.04,3086099
2026-06-03,22.11,22.47,21.92,22.11,2433542
2026-06-04,21.79,22.049,21.74,21.88,3373225
2026-06-05,21.8,21.835,20.97,20.98,2024694
2026-06-08,21.21,21.53,21.1373,21.51,1789817
2026-06-09,21.19,21.26,20.58,20.74,2788175
2026-06-10,20.84,21.75,20.77,21.35,2085283
2026-06-11,21.39,21.535,20.41,20.42,2048867
2026-06-12,20.08,21.03,20.06,20.79,2625453
2026-06-15,19.77,20.26,19.642,19.96,5667945
2026-06-16,19.69,20.03,19.59,19.72,3002787
2026-06-17,19.7,20.115,19.25,19.33,3810965
