date,open,high,low,close,volume,splitfactor,divcash
2000-01-03,20.25,20.38,19.88,20.13,694200,1.0,0.0
2000-01-04,20.13,20.38,19.88,20.25,859600,1.0,0.0
2000-01-05,20.38,20.38,19.81,19.88,969300,1.0,0.0
2000-01-06,20.19,21.56,19.69,21.31,1390700,1.0,0.0
2000-01-07,21.25,21.38,20.5,20.69,730800,1.0,0.0
2000-01-10,20.81,21.31,20.38,21.31,700400,1.0,0.0
2000-01-11,21.13,21.69,21.13,21.38,749700,1.0,0.0
2000-01-12,21.63,21.81,20.94,21.19,666400,1.0,0.0
2000-01-13,21.44,22.75,21.31,21.75,1058900,1.0,0.0
2000-01-14,21.75,21.88,21.25,21.44,871300,1.0,0.0
2000-01-18,21.0,21.0,20.13,20.38,1251300,1.0,0.0
2000-01-19,20.25,20.44,20.0,20.06,1144700,1.0,0.0
2000-01-20,20.06,20.25,19.19,19.75,2308200,1.0,0.0
2000-01-21,20.0,20.0,19.44,19.69,728400,1.0,0.0
2000-01-24,19.94,19.94,18.94,18.94,743800,1.0,0.0
2000-01-25,19.0,19.81,18.31,18.81,848000,1.0,0.0
2000-01-26,18.44,18.75,17.31,17.75,1686100,1.0,0.0
2000-01-27,18.13,18.44,17.31,17.5,1854000,1.0,0.0
2000-01-28,17.25,17.69,17.06,17.25,1595000,1.0,0.0
2000-01-31,17.25,17.31,16.56,17.0,1309500,1.0,0.0
2000-02-01,16.75,17.25,16.75,16.75,1023700,1.0,0.0
2000-02-02,16.56,16.75,16.25,16.31,1065900,1.0,0.2
2000-02-03,16.38,16.5,16.0,16.06,1025200,1.0,0.0
2000-02-04,16.06,16.06,15.63,15.75,1264800,1.0,0.0
2000-02-07,16.0,16.44,15.75,16.25,1249800,1.0,0.0
2000-02-08,16.0,16.25,15.31,15.38,1128600,1.0,0.0
2000-02-09,15.88,15.94,15.31,15.31,1693300,1.0,0.0
2000-02-10,15.5,15.75,15.0,15.0,1809900,1.0,0.0
2000-02-11,15.31,15.31,14.56,14.63,986200,1.0,0.0
2000-02-14,15.0,15.63,14.81,15.13,2381300,1.0,0.0
2000-02-15,15.13,15.5,15.0,15.19,1072600,1.0,0.0
2000-02-16,15.25,15.38,14.69,15.25,1664900,1.0,0.0
2000-02-17,14.81,15.19,14.69,14.81,1176800,1.0,0.0
2000-02-18,14.94,15.12,14.81,14.81,1047000,1.0,0.0
2000-02-22,14.69,15.31,14.69,15.13,1024400,1.0,0.0
2000-02-23,14.88,15.0,14.69,14.75,1218800,1.0,0.0
2000-02-24,14.75,14.75,13.69,13.75,2180200,1.0,0.0
2000-02-25,13.75,14.06,13.69,13.75,1923700,1.0,0.0
2000-02-28,14.06,14.13,13.56,13.94,2864500,1.0,0.0
2000-02-29,13.94,14.13,13.44,13.56,2224400,1.0,0.0
2000-03-01,13.63,14.19,13.44,13.88,1533600,1.0,0.0
2000-03-02,13.94,13.94,13.13,13.44,1834500,1.0,0.0
2000-03-03,13.44,14.13,13.38,13.94,1200500,1.0,0.0
2000-03-06,13.75,13.75,13.06,13.38,1080500,1.0,0.0
2000-03-07,13.38,13.5,12.69,12.94,1652600,1.0,0.0
2000-03-08,13.0,13.31,12.88,12.94,1023800,1.0,0.0
2000-03-09,13.0,13.25,12.75,13.19,1030600,1.0,0.0
2000-03-10,12.94,13.19,12.81,13.19,1382200,1.0,0.0
2000-03-13,12.88,13.13,12.69,12.94,1201400,1.0,0.0
2000-03-14,12.88,12.88,12.69,12.75,1871700,1.0,0.0
2000-03-15,12.88,13.69,12.75,13.63,1619900,1.0,0.0
2000-03-16,13.88,15.13,13.81,15.13,2207900,1.0,0.0
2000-03-17,15.13,15.94,15.0,15.88,2308700,1.0,0.0
2000-03-20,15.94,16.0,14.69,15.0,1052800,1.0,0.0
2000-03-21,14.69,15.06,14.38,15.0,755100,1.0,0.0
2000-03-22,15.0,15.19,14.56,14.94,875200,1.0,0.0
2000-03-23,14.75,14.94,14.31,14.38,792000,1.0,0.0
2000-03-24,14.25,14.69,13.94,14.25,955000,1.0,0.0
2000-03-27,14.5,15.0,14.25,15.0,1018400,1.0,0.0
2000-03-28,14.69,14.94,13.81,13.88,958300,1.0,0.0
2000-03-29,14.0,14.44,13.88,14.0,726200,1.0,0.0
2000-03-30,14.0,14.38,13.88,14.13,914800,1.0,0.0
2000-03-31,14.06,14.63,13.81,14.25,1318100,1.0,0.0
2000-04-03,14.38,14.75,14.19,14.38,1347800,1.0,0.0
2000-04-04,14.5,15.13,14.5,14.81,1387000,1.0,0.0
2000-04-05,15.0,16.13,15.0,15.94,1770300,1.0,0.0
2000-04-06,16.0,16.63,15.88,15.88,1329300,1.0,0.0
2000-04-07,15.94,16.5,15.56,16.38,1865200,1.0,0.0
2000-04-10,16.31,16.44,16.19,16.31,908100,1.0,0.0
2000-04-11,16.31,18.0,16.31,17.63,1667100,1.0,0.0
2000-04-12,18.0,19.19,17.63,18.26,1431300,1.0,0.0
2000-04-13,17.75,17.75,16.75,17.44,719600,1.0,0.0
2000-04-14,16.94,17.25,16.31,17.06,983700,1.0,0.0
2000-04-17,17.0,17.25,16.63,16.88,912400,1.0,0.0
2000-04-18,16.81,17.5,16.31,17.25,884500,1.0,0.0
2000-04-19,17.25,17.88,16.94,17.5,772300,1.0,0.0
2000-04-20,17.56,17.56,16.63,17.13,739700,1.0,0.0
2000-04-24,17.13,17.63,17.0,17.44,711000,1.0,0.0
2000-04-25,17.81,18.63,17.72,18.44,725500,1.0,0.0
2000-04-26,18.63,18.88,17.88,18.13,592900,1.0,0.0
2000-04-27,17.88,18.13,17.44,17.69,857100,1.0,0.0
2000-04-28,17.5,17.75,16.63,17.63,840500,1.0,0.0
2000-05-01,17.88,18.0,17.31,17.63,841700,1.0,0.0
2000-05-02,17.5,17.5,17.0,17.38,781100,1.0,0.0
2000-05-03,17.06,17.5,16.88,16.88,786100,1.0,0.2
2000-05-04,16.75,16.81,16.25,16.31,634900,1.0,0.0
2000-05-05,16.31,17.56,16.31,17.25,1003500,1.0,0.0
2000-05-08,17.25,18.06,17.25,17.94,587500,1.0,0.0
2000-05-09,18.19,19.0,18.19,18.81,1114100,1.0,0.0
2000-05-10,18.81,18.88,18.38,18.63,1242600,1.0,0.0
2000-05-11,18.63,19.25,18.63,19.0,1309400,1.0,0.0
2000-05-12,19.06,19.56,19.0,19.31,939200,1.0,0.0
2000-05-15,19.31,19.44,18.94,19.0,612100,1.0,0.0
2000-05-16,19.06,19.69,19.0,19.69,576500,1.0,0.0
2000-05-17,19.5,19.69,19.06,19.25,346400,1.0,0.0
2000-05-18,19.13,19.56,19.06,19.31,721300,1.0,0.0
2000-05-19,19.0,19.19,18.69,18.75,722300,1.0,0.0
2000-05-22,18.88,18.94,18.19,18.56,687800,1.0,0.0
2000-05-23,18.38,18.63,18.13,18.38,513300,1.0,0.0
2000-05-24,18.63,18.63,18.0,18.44,739000,1.0,0.0
2000-05-25,18.38,18.69,17.5,17.5,502200,1.0,0.0
2000-05-26,17.5,17.94,16.88,17.25,887400,1.0,0.0
2000-05-30,17.31,17.81,17.31,17.63,1239100,1.0,0.0
2000-05-31,17.63,17.88,17.63,17.75,996100,1.0,0.0
2000-06-01,18.0,19.0,17.94,18.69,907800,1.0,0.0
2000-06-02,19.0,19.69,18.81,19.56,892300,1.0,0.0
2000-06-05,19.31,19.56,18.63,18.75,499700,1.0,0.0
2000-06-06,18.06,18.69,17.56,17.88,579800,1.0,0.0
2000-06-07,17.88,18.38,17.75,17.81,381700,1.0,0.0
2000-06-08,18.0,18.0,17.19,17.44,434500,1.0,0.0
2000-06-09,17.88,18.0,17.44,17.94,430400,1.0,0.0
2000-06-12,18.19,18.5,17.81,18.06,458700,1.0,0.0
2000-06-13,18.44,18.44,17.75,17.88,522000,1.0,0.0
2000-06-14,17.63,17.88,17.06,17.19,483600,1.0,0.0
2000-06-15,17.13,17.31,16.5,16.69,808300,1.0,0.0
2000-06-16,16.63,16.88,16.38,16.4,932900,1.0,0.0
2000-06-19,16.38,16.69,15.94,16.13,896500,1.0,0.0
2000-06-20,16.0,16.06,15.38,15.5,1106000,1.0,0.0
2000-06-21,16.0,16.0,15.56,15.69,729400,1.0,0.0
2000-06-22,15.31,15.69,14.94,15.06,1284700,1.0,0.0
2000-06-23,15.13,15.69,15.06,15.19,950000,1.0,0.0
2000-06-26,15.31,15.75,15.31,15.63,812600,1.0,0.0
2000-06-27,15.75,15.88,15.38,15.56,510600,1.0,0.0
2000-06-28,15.88,16.25,15.75,15.95,1119800,1.0,0.0
2000-06-29,15.94,16.0,15.56,15.75,706500,1.0,0.0
2000-06-30,15.69,15.81,14.75,14.88,1557600,1.0,0.0
2000-07-03,15.19,15.75,15.13,15.63,506500,1.0,0.0
2000-07-05,15.5,16.19,15.5,15.69,719800,1.0,0.0
2000-07-06,16.25,16.44,15.81,16.25,1037900,1.0,0.0
2000-07-07,16.5,16.69,16.38,16.44,907800,1.0,0.0
2000-07-10,16.5,16.75,16.38,16.38,487300,1.0,0.0
2000-07-11,16.38,16.56,16.13,16.5,725000,1.0,0.0
2000-07-12,16.5,16.69,16.31,16.44,495500,1.0,0.0
2000-07-13,16.38,16.56,16.0,16.31,583000,1.0,0.0
2000-07-14,16.44,16.88,16.25,16.5,947100,1.0,0.0
2000-07-17,16.94,17.19,16.75,16.88,673600,1.0,0.0
2000-07-18,16.81,16.81,16.25,16.31,411700,1.0,0.0
2000-07-19,16.25,16.81,15.63,15.88,803400,1.0,0.0
2000-07-20,15.88,16.44,15.88,16.0,688500,1.0,0.0
2000-07-21,16.25,16.31,15.63,15.63,433100,1.0,0.0
2000-07-24,15.81,15.81,15.44,15.5,620400,1.0,0.0
2000-07-25,15.63,15.81,15.5,15.63,842000,1.0,0.0
2000-07-26,16.75,18.06,16.5,17.56,3410600,1.0,0.0
2000-07-27,17.94,18.94,17.81,18.69,1711400,1.0,0.0
2000-07-28,18.75,18.94,18.69,18.75,1353500,1.0,0.0
2000-07-31,18.94,19.25,18.63,18.68,1572400,1.0,0.0
2000-08-01,18.81,19.0,18.69,18.81,1116800,1.0,0.0
2000-08-02,18.63,19.13,18.63,19.06,1435100,1.0,0.2
2000-08-03,19.06,19.69,19.0,19.19,1242400,1.0,0.0
2000-08-04,19.31,19.44,18.88,19.31,1161900,1.0,0.0
2000-08-07,19.25,19.44,19.19,19.38,1254000,1.0,0.0
2000-08-08,19.38,19.75,19.13,19.75,1184200,1.0,0.0
2000-08-09,18.94,19.13,18.44,18.63,952100,1.0,0.0
2000-08-10,18.5,18.81,18.5,18.56,852300,1.0,0.0
2000-08-11,18.25,19.06,18.19,19.0,1431900,1.0,0.0
2000-08-14,18.69,18.75,18.31,18.63,605200,1.0,0.0
2000-08-15,18.81,18.81,18.19,18.25,765600,1.0,0.0
2000-08-16,18.06,18.31,18.0,18.06,665700,1.0,0.0
2000-08-17,18.0,18.0,17.69,17.69,529900,1.0,0.0
2000-08-18,17.06,18.0,17.06,17.94,859500,1.0,0.0
2000-08-21,17.56,17.88,17.25,17.63,584600,1.0,0.0
2000-08-22,17.5,17.88,17.13,17.75,509300,1.0,0.0
2000-08-23,17.5,17.56,16.75,17.06,742800,1.0,0.0
2000-08-24,17.06,17.31,16.81,16.88,724700,1.0,0.0
2000-08-25,16.88,17.0,16.81,16.88,333200,1.0,0.0
2000-08-28,16.94,16.94,16.44,16.63,677500,1.0,0.0
2000-08-29,16.69,16.81,16.25,16.25,535000,1.0,0.0
2000-08-30,16.44,16.44,16.19,16.19,570800,1.0,0.0
2000-08-31,16.31,16.31,16.06,16.08,839600,1.0,0.0
2000-09-01,16.06,16.19,15.94,16.0,1222300,1.0,0.0
2000-09-05,16.0,16.19,16.0,16.06,763200,1.0,0.0
2000-09-06,16.25,16.63,16.0,16.06,671700,1.0,0.0
2000-09-07,16.06,16.19,15.75,15.88,1073700,1.0,0.0
2000-09-08,15.81,16.0,15.63,15.75,760900,1.0,0.0
2000-09-11,15.81,15.94,15.69,15.81,780000,1.0,0.0
2000-09-12,15.81,15.88,15.56,15.88,566700,1.0,0.0
2000-09-13,15.88,16.19,15.81,15.94,1082300,1.0,0.0
2000-09-14,15.94,16.13,15.63,15.75,429500,1.0,0.0
2000-09-15,15.75,15.88,15.69,15.75,776900,1.0,0.0
2000-09-18,15.75,15.81,15.63,15.69,603900,1.0,0.0
2000-09-19,15.75,15.75,15.31,15.38,677000,1.0,0.0
2000-09-20,15.38,15.5,15.25,15.31,775900,1.0,0.0
2000-09-21,15.38,15.63,15.31,15.31,459800,1.0,0.0
2000-09-22,15.38,15.5,15.0,15.31,565000,1.0,0.0
2000-09-25,15.25,15.31,15.0,15.13,621600,1.0,0.0
2000-09-26,15.13,15.19,14.56,14.63,1261000,1.0,0.0
2000-09-27,14.5,14.69,14.13,14.56,1341800,1.0,0.0
2000-09-28,14.63,14.81,14.38,14.44,947500,1.0,0.0
2000-09-29,14.5,14.81,14.38,14.5,681300,1.0,0.0
2000-10-02,14.0,14.0,13.44,13.5,1387900,1.0,0.0
2000-10-03,13.56,14.13,13.56,13.88,963800,1.0,0.0
2000-10-04,14.06,14.63,13.94,14.19,1797000,1.0,0.0
2000-10-05,14.13,14.25,13.63,13.69,1008200,1.0,0.0
2000-10-06,13.94,14.31,13.75,13.81,565900,1.0,0.0
2000-10-09,13.94,13.94,13.31,13.38,1021700,1.0,0.0
2000-10-10,13.31,13.44,12.88,13.06,1648400,1.0,0.0
2000-10-11,12.94,13.0,12.63,12.63,1619300,1.0,0.0
2000-10-12,12.75,12.88,12.25,12.69,1045700,1.0,0.0
2000-10-13,12.69,12.75,12.5,12.63,753900,1.0,0.0
2000-10-16,12.63,13.06,12.5,12.56,959200,1.0,0.0
2000-10-17,12.56,12.56,12.19,12.31,896900,1.0,0.0
2000-10-18,12.31,12.38,12.0,12.19,1574300,1.0,0.0
2000-10-19,12.19,12.38,12.19,12.25,881500,1.0,0.0
2000-10-20,12.25,12.44,12.25,12.31,1256200,1.0,0.0
2000-10-23,12.31,12.38,11.94,12.0,1243000,1.0,0.0
2000-10-24,12.19,12.88,12.13,12.69,1886600,1.0,0.0
2000-10-25,12.63,12.88,12.5,12.63,1175900,1.0,0.0
2000-10-26,12.63,13.06,12.56,13.06,1618100,1.0,0.0
2000-10-27,12.88,13.06,12.81,13.0,1156500,1.0,0.0
2000-10-30,13.0,13.81,13.0,13.63,1897600,1.0,0.0
2000-10-31,13.63,14.44,13.63,14.13,1477000,1.0,0.0
2000-11-01,14.13,14.38,13.88,14.19,1401000,1.0,0.2
2000-11-02,14.06,14.63,14.06,14.63,1007400,1.0,0.0
2000-11-03,14.56,15.31,14.56,15.06,1968200,1.0,0.0
2000-11-06,15.06,15.25,14.94,15.19,884700,1.0,0.0
2000-11-07,15.06,15.25,14.81,14.94,1131400,1.0,0.0
2000-11-08,14.94,14.94,14.5,14.75,944400,1.0,0.0
2000-11-09,14.69,14.75,14.63,14.75,564400,1.0,0.0
2000-11-10,14.63,14.75,14.5,14.56,1149000,1.0,0.0
2000-11-13,14.56,15.13,14.5,14.94,1150700,1.0,0.0
2000-11-14,15.0,15.31,15.0,15.19,1057200,1.0,0.0
2000-11-15,15.19,15.44,15.13,15.44,666600,1.0,0.0
2000-11-16,15.44,15.63,15.31,15.44,725900,1.0,0.0
2000-11-17,15.19,15.38,14.56,14.94,1084200,1.0,0.0
2000-11-20,15.0,15.0,14.25,14.75,1691600,1.0,0.0
2000-11-21,14.63,14.75,14.25,14.56,493800,1.0,0.0
2000-11-22,14.44,14.5,14.06,14.25,591000,1.0,0.0
2000-11-24,14.19,14.5,14.06,14.38,524900,1.0,0.0
2000-11-27,14.38,14.44,14.19,14.44,563000,1.0,0.0
2000-11-28,14.44,14.56,14.25,14.56,750900,1.0,0.0
2000-11-29,14.63,14.69,14.56,14.56,585400,1.0,0.0
2000-11-30,14.56,14.75,14.31,14.38,1173300,1.0,0.0
2000-12-01,14.5,14.56,14.0,14.31,1164100,1.0,0.0
2000-12-04,14.13,14.69,14.13,14.5,779600,1.0,0.0
2000-12-05,14.38,14.88,14.31,14.69,878300,1.0,0.0
2000-12-06,14.75,14.81,14.38,14.5,650500,1.0,0.0
2000-12-07,14.5,14.63,14.06,14.19,625800,1.0,0.0
2000-12-08,14.19,14.31,13.94,14.25,586200,1.0,0.0
2000-12-11,14.31,14.44,13.94,14.38,827800,1.0,0.0
2000-12-12,14.31,14.5,14.19,14.31,755900,1.0,0.0
2000-12-13,14.31,14.38,14.0,14.06,980700,1.0,0.0
2000-12-14,13.88,13.94,13.38,13.44,1326600,1.0,0.0
2000-12-15,13.31,13.63,13.13,13.13,1577400,1.0,0.0
2000-12-18,13.13,13.5,13.13,13.31,1079400,1.0,0.0
2000-12-19,13.13,13.88,13.0,13.44,1249800,1.0,0.0
2000-12-20,13.31,13.63,12.81,13.5,2029700,1.0,0.0
2000-12-21,13.44,13.94,13.44,13.63,1316300,1.0,0.0
2000-12-22,13.63,14.0,13.56,13.81,1119900,1.0,0.0
2000-12-26,13.81,13.81,13.56,13.62,849700,1.0,0.0
2000-12-27,13.63,14.0,13.63,13.94,1200000,1.0,0.0
2000-12-28,13.63,13.69,13.06,13.19,1700900,1.0,0.0
2000-12-29,13.31,13.88,13.31,13.31,1750400,1.0,0.0
2001-01-02,13.81,14.13,13.63,13.69,1032900,1.0,0.0
2001-01-03,13.75,14.31,13.69,14.13,1073600,1.0,0.0
2001-01-04,14.31,16.0,14.31,15.44,2080500,1.0,0.0
2001-01-05,15.44,15.5,15.13,15.38,1741100,1.0,0.0
2001-01-08,15.44,16.25,15.38,16.13,2145400,1.0,0.0
2001-01-09,16.13,16.31,16.13,16.13,1638000,1.0,0.0
2001-01-10,16.13,16.19,15.69,15.88,1189000,1.0,0.0
2001-01-11,15.81,15.94,15.69,15.81,917000,1.0,0.0
2001-01-12,15.63,15.63,15.38,15.44,1782600,1.0,0.0
2001-01-16,15.44,16.13,15.44,16.13,813200,1.0,0.0
2001-01-17,16.5,16.5,16.19,16.5,1001200,1.0,0.0
2001-01-18,16.5,16.69,16.44,16.56,898100,1.0,0.0
2001-01-19,16.5,16.56,16.0,16.13,2529000,1.0,0.0
2001-01-22,16.13,16.5,16.0,16.38,1587600,1.0,0.0
2001-01-23,16.5,16.63,16.13,16.31,2312400,1.0,0.0
2001-01-24,15.5,15.69,14.69,15.56,3634300,1.0,0.0
2001-01-25,15.13,15.69,14.88,15.19,1798700,1.0,0.0
2001-01-26,15.25,15.56,15.13,15.31,1007000,1.0,0.0
2001-01-29,15.31,15.64,15.31,15.56,1087400,1.0,0.0
2001-01-30,15.6,15.74,15.52,15.7,1697900,1.0,0.0
2001-01-31,15.8,16.49,15.5,16.33,1662800,1.0,0.06
2001-02-01,16.55,16.69,16.33,16.55,1126800,1.0,0.0
2001-02-02,16.55,16.74,16.07,16.4,4580700,1.0,0.0
2001-02-05,16.16,16.5,16.01,16.29,1322000,1.0,0.0
2001-02-06,16.4,16.48,16.21,16.35,1159500,1.0,0.0
2001-02-07,16.47,16.51,16.12,16.15,807800,1.0,0.0
2001-02-08,16.15,17.15,16.1,17.0,1548600,1.0,0.0
2001-02-09,17.75,17.99,17.05,17.47,2754800,1.0,0.0
2001-02-12,17.4,17.96,17.4,17.78,1168100,1.0,0.0
2001-02-13,17.9,18.5,17.8,18.16,1306300,1.0,0.0
2001-02-14,18.16,18.24,17.34,17.48,1248000,1.0,0.0
2001-02-15,17.65,17.99,17.28,17.65,1183000,1.0,0.0
2001-02-16,17.79,18.25,17.62,18.03,898900,1.0,0.0
2001-02-20,18.7,18.9,18.36,18.5,1085900,1.0,0.0
2001-02-21,18.28,18.64,18.05,18.17,1059800,1.0,0.0
2001-02-22,18.32,18.58,17.91,18.18,1107700,1.0,0.0
2001-02-23,17.94,18.26,17.51,17.77,1437900,1.0,0.0
2001-02-26,17.77,18.15,17.71,18.03,1406700,1.0,0.0
2001-02-27,18.23,18.25,17.92,18.19,607500,1.0,0.0
2001-02-28,18.39,18.4,18.02,18.09,482200,1.0,0.0
2001-03-01,17.85,17.9,17.22,17.7,1104100,1.0,0.0
2001-03-02,17.45,17.66,17.0,17.22,1642000,1.0,0.0
2001-03-05,17.25,17.5,17.01,17.41,868400,1.0,0.0
2001-03-06,17.36,17.73,17.11,17.37,477700,1.0,0.0
2001-03-07,17.3,17.97,17.25,17.58,660500,1.0,0.0
2001-03-08,17.6,18.0,17.5,17.95,633000,1.0,0.0
2001-03-09,17.77,17.95,17.43,17.73,522600,1.0,0.0
2001-03-12,17.72,17.79,17.26,17.34,596600,1.0,0.0
2001-03-13,17.0,17.1,16.15,16.35,1178300,1.0,0.0
2001-03-14,16.35,16.35,15.55,15.87,910100,1.0,0.0
2001-03-15,15.62,15.95,15.4,15.82,843000,1.0,0.0
2001-03-16,15.0,15.39,14.78,14.89,1661500,1.0,0.0
2001-03-19,14.97,15.73,14.8,15.52,2050900,1.0,0.0
2001-03-20,15.55,15.66,15.21,15.35,1105800,1.0,0.0
2001-03-21,15.31,15.48,15.02,15.16,793100,1.0,0.0
2001-03-22,15.0,15.45,14.05,14.72,1098800,1.0,0.0
2001-03-23,14.66,14.99,14.39,14.95,1439600,1.0,0.0
2001-03-26,15.24,15.24,14.61,14.96,964100,1.0,0.0
2001-03-27,15.25,16.05,15.25,16.0,1676000,1.0,0.0
2001-03-28,16.15,16.19,15.72,16.13,1219200,1.0,0.0
2001-03-29,16.15,16.25,15.95,16.05,967300,1.0,0.0
2001-03-30,16.29,17.25,16.1,16.74,1440500,1.0,0.0
2001-04-02,16.8,17.4,16.51,16.77,1451800,1.0,0.0
2001-04-03,16.77,16.9,16.4,16.72,1033400,1.0,0.0
2001-04-04,16.5,16.85,16.26,16.5,1236900,1.0,0.0
2001-04-05,16.5,16.75,16.43,16.6,1327900,1.0,0.0
2001-04-06,16.82,16.84,16.27,16.55,690800,1.0,0.0
2001-04-09,16.6,17.19,16.55,16.65,1018200,1.0,0.0
2001-04-10,16.9,17.59,16.72,17.52,1127100,1.0,0.0
2001-04-11,17.22,17.58,16.86,17.0,666700,1.0,0.0
2001-04-12,16.8,17.09,16.8,17.0,382100,1.0,0.0
2001-04-16,16.95,17.24,16.8,17.1,583300,1.0,0.0
2001-04-17,16.77,17.25,16.76,17.23,763000,1.0,0.0
2001-04-18,17.1,17.5,16.85,17.48,1695900,1.0,0.0
2001-04-19,17.49,17.49,17.26,17.38,962700,1.0,0.0
2001-04-20,17.0,17.19,16.97,16.99,729200,1.0,0.0
2001-04-23,16.1,16.66,15.81,16.18,1581700,1.0,0.0
2001-04-24,16.29,16.33,15.8,16.0,725600,1.0,0.0
2001-04-25,16.47,16.88,15.87,16.09,1743300,1.0,0.0
2001-04-26,18.2,19.0,17.5,18.57,5254000,1.0,0.0
2001-04-27,18.8,20.15,18.75,20.1,3206100,1.0,0.0
2001-04-30,20.0,20.1,19.45,19.74,2124500,1.0,0.0
2001-05-01,19.5,19.62,19.12,19.43,1077800,1.0,0.0
2001-05-02,19.19,19.48,18.81,19.16,1008100,1.0,0.06
2001-05-03,19.16,19.18,18.7,19.01,794600,1.0,0.0
2001-05-04,19.25,19.49,18.59,19.44,757500,1.0,0.0
2001-05-07,19.67,20.04,19.05,20.0,1522300,1.0,0.0
2001-05-08,20.25,20.94,20.19,20.81,2220300,1.0,0.0
2001-05-09,20.71,20.88,20.29,20.88,2000400,1.0,0.0
2001-05-10,21.12,22.49,20.84,22.48,3285600,1.0,0.0
2001-05-11,22.23,22.87,21.96,22.38,1945000,1.0,0.0
2001-05-14,22.16,22.24,21.72,22.01,2435600,1.0,0.0
2001-05-15,22.26,22.26,21.77,21.9,2865300,1.0,0.0
2001-05-16,21.98,22.75,21.95,22.75,2657200,1.0,0.0
2001-05-17,22.45,24.0,22.45,23.51,3033600,1.0,0.0
2001-05-18,23.5,24.11,23.41,23.87,2252100,1.0,0.0
2001-05-21,23.85,23.85,23.27,23.49,961700,1.0,0.0
2001-05-22,23.25,23.26,22.73,22.78,1191900,1.0,0.0
2001-05-23,22.55,22.72,22.21,22.34,1087300,1.0,0.0
2001-05-24,22.3,22.3,21.91,22.11,1142800,1.0,0.0
2001-05-25,21.8,22.0,21.4,21.82,1029400,1.0,0.0
2001-05-29,21.44,21.83,21.41,21.81,1116300,1.0,0.0
2001-05-30,21.75,22.1,21.28,21.47,954100,1.0,0.0
2001-05-31,21.5,22.22,21.45,22.17,1297000,1.0,0.0
2001-06-01,22.15,22.4,21.8,22.01,939900,1.0,0.0
2001-06-04,21.9,22.32,21.9,22.12,891300,1.0,0.0
2001-06-05,22.25,22.7,21.63,22.63,1237600,1.0,0.0
2001-06-06,22.4,22.68,22.13,22.24,770500,1.0,0.0
2001-06-07,22.8,23.5,22.65,22.78,1613200,1.0,0.0
2001-06-08,22.45,22.6,21.76,22.08,1057200,1.0,0.0
2001-06-11,22.0,22.09,21.51,21.62,680100,1.0,0.0
2001-06-12,21.31,21.31,20.86,21.12,1091100,1.0,0.0
2001-06-13,21.0,21.15,20.56,20.57,1029800,1.0,0.0
2001-06-14,20.55,20.56,19.7,19.99,1323500,1.0,0.0
2001-06-15,19.45,19.98,19.3,19.69,1251300,1.0,0.0
2001-06-18,19.5,19.78,19.4,19.58,805300,1.0,0.0
2001-06-19,19.95,20.15,19.2,19.55,1169400,1.0,0.0
2001-06-20,19.3,19.7,19.1,19.37,1042400,1.0,0.0
2001-06-21,19.35,19.94,19.2,19.92,1164600,1.0,0.0
2001-06-22,19.91,19.91,19.41,19.62,847300,1.0,0.0
2001-06-25,19.43,20.06,19.41,19.49,590900,1.0,0.0
2001-06-26,19.1,19.64,18.62,19.12,1608700,1.0,0.0
2001-06-27,19.37,19.6,19.27,19.5,720800,1.0,0.0
2001-06-28,19.72,20.1,19.64,20.04,1123500,1.0,0.0
2001-06-29,20.32,20.75,20.05,20.75,1877000,1.0,0.0
2001-07-02,20.48,20.58,19.94,20.25,1195300,1.0,0.0
2001-07-03,20.25,20.33,20.01,20.19,543500,1.0,0.0
2001-07-05,20.2,20.6,20.05,20.48,1297600,1.0,0.0
2001-07-06,20.41,20.41,19.85,20.05,807100,1.0,0.0
2001-07-09,19.95,20.13,19.76,20.04,990900,1.0,0.0
2001-07-10,20.04,20.4,20.0,20.13,1406800,1.0,0.0
2001-07-11,20.34,21.7,20.3,21.56,3445400,1.0,0.0
2001-07-12,21.98,22.0,21.36,21.38,1748900,1.0,0.0
2001-07-13,21.65,21.69,21.38,21.5,1482200,1.0,0.0
2001-07-16,21.52,21.99,21.5,21.86,1960700,1.0,0.0
2001-07-17,22.0,22.4,21.83,22.18,2785300,1.0,0.0
2001-07-18,22.3,22.6,21.88,22.5,1712100,1.0,0.0
2001-07-19,22.4,22.5,22.0,22.18,1453200,1.0,0.0
2001-07-20,22.05,22.12,20.95,21.16,1606000,1.0,0.0
2001-07-23,21.2,21.38,20.5,20.73,989300,1.0,0.0
2001-07-24,20.65,20.7,19.19,19.63,2020800,1.0,0.0
2001-07-25,19.6,20.1,19.25,19.5,1912000,1.0,0.0
2001-07-26,19.38,20.78,19.24,20.65,2064000,1.0,0.0
2001-07-27,20.4,20.88,20.26,20.37,642700,1.0,0.0
2001-07-30,20.35,20.7,19.84,20.27,658700,1.0,0.0
2001-07-31,20.17,20.4,20.02,20.12,579400,1.0,0.0
2001-08-01,19.87,20.07,19.64,19.9,902800,1.0,0.06
2001-08-02,20.0,20.36,19.81,20.25,636300,1.0,0.0
2001-08-03,20.37,20.6,20.02,20.16,805100,1.0,0.0
2001-08-06,20.07,20.13,19.8,20.0,588400,1.0,0.0
2001-08-07,20.12,20.19,19.76,20.19,678200,1.0,0.0
2001-08-08,20.0,20.14,19.8,19.89,562700,1.0,0.0
2001-08-09,19.9,20.4,19.77,19.97,622700,1.0,0.0
2001-08-10,20.01,20.99,19.92,20.43,983400,1.0,0.0
2001-08-13,20.2,20.9,19.76,20.36,1166400,1.0,0.0
2001-08-14,20.5,20.89,20.2,20.65,1154900,1.0,0.0
2001-08-15,20.5,20.75,20.15,20.22,693300,1.0,0.0
2001-08-16,20.05,21.1,20.05,21.1,1424100,1.0,0.0
2001-08-17,20.73,20.85,20.23,20.45,912600,1.0,0.0
2001-08-20,20.65,20.65,19.7,19.94,608900,1.0,0.0
2001-08-21,19.5,19.5,18.45,18.54,2902800,1.0,0.0
2001-08-22,18.7,19.53,18.11,19.29,1843300,1.0,0.0
2001-08-23,19.05,19.79,18.95,19.61,1168600,1.0,0.0
2001-08-24,19.6,20.06,19.26,19.89,599700,1.0,0.0
2001-08-27,19.65,19.67,18.82,19.03,980600,1.0,0.0
2001-08-28,18.95,19.19,18.6,18.87,1100200,1.0,0.0
2001-08-29,18.85,19.1,18.63,18.63,740700,1.0,0.0
2001-08-30,19.05,19.05,18.21,18.4,519200,1.0,0.0
2001-08-31,18.52,18.89,18.4,18.62,746200,1.0,0.0
2001-09-04,18.62,19.82,18.5,19.44,1052100,1.0,0.0
2001-09-05,19.28,20.0,19.21,19.7,1138000,1.0,0.0
2001-09-06,19.75,20.05,19.59,19.77,1129900,1.0,0.0
2001-09-07,19.6,19.68,18.91,18.98,983300,1.0,0.0
2001-09-10,19.0,19.29,18.81,18.9,859400,1.0,0.0
2001-09-17,18.65,18.65,16.83,17.0,1217400,1.0,0.0
2001-09-18,17.23,17.23,16.62,16.91,1048600,1.0,0.0
2001-09-19,17.0,17.0,15.31,15.83,1159100,1.0,0.0
2001-09-20,16.0,16.0,14.25,14.31,1511300,1.0,0.0
2001-09-21,16.3,16.3,13.41,15.5,2299000,1.0,0.0
2001-09-24,16.48,16.48,15.75,16.4,991600,1.0,0.0
2001-09-25,16.4,16.48,14.41,14.68,1950200,1.0,0.0
2001-09-26,15.41,15.41,14.88,15.09,1378500,1.0,0.0
2001-09-27,14.9,15.48,14.75,15.14,1076600,1.0,0.0
2001-09-28,15.39,16.19,15.26,16.12,1403400,1.0,0.0
2001-10-01,16.0,16.05,15.3,15.39,961700,1.0,0.0
2001-10-02,15.6,15.93,15.29,15.69,854200,1.0,0.0
2001-10-03,16.11,16.11,15.55,16.02,1530700,1.0,0.0
2001-10-04,16.06,16.06,15.61,15.67,586000,1.0,0.0
2001-10-05,16.19,16.19,15.51,16.02,639800,1.0,0.0
2001-10-08,16.32,16.32,15.61,15.87,530400,1.0,0.0
2001-10-09,16.17,16.17,15.25,15.35,649700,1.0,0.0
2001-10-10,15.5,16.75,15.36,16.55,881900,1.0,0.0
2001-10-11,16.7,17.29,16.7,16.98,884600,1.0,0.0
2001-10-12,16.8,16.97,15.76,16.2,1219700,1.0,0.0
2001-10-15,16.28,16.38,15.85,16.34,1593900,1.0,0.0
2001-10-16,16.56,16.82,16.28,16.59,698100,1.0,0.0
2001-10-17,16.5,16.68,15.3,15.74,1280800,1.0,0.0
2001-10-18,15.92,16.02,15.56,15.89,1363200,1.0,0.0
2001-10-19,15.65,15.85,15.19,15.55,998000,1.0,0.0
2001-10-22,15.31,15.83,15.29,15.64,1143100,1.0,0.0
2001-10-23,15.8,16.96,15.55,16.59,1211400,1.0,0.0
2001-10-24,17.38,17.38,16.4,16.75,2190200,1.0,0.0
2001-10-25,16.4,17.2,16.2,16.95,1384600,1.0,0.0
2001-10-26,16.71,17.73,16.71,17.55,828400,1.0,0.0
2001-10-29,17.38,17.51,16.63,16.63,561100,1.0,0.0
2001-10-30,16.8,16.8,16.3,16.65,826200,1.0,0.0
2001-10-31,16.5,17.29,16.45,16.75,1301900,1.0,0.06
2001-11-01,16.6,17.4,16.36,17.18,799700,1.0,0.0
2001-11-02,16.95,17.68,16.71,17.6,655700,1.0,0.0
2001-11-05,17.68,18.19,17.5,17.92,826000,1.0,0.0
2001-11-06,17.85,17.89,17.04,17.41,1840100,1.0,0.0
2001-11-07,17.89,17.89,17.4,17.86,595000,1.0,0.0
2001-11-08,17.72,18.3,17.56,17.95,646200,1.0,0.0
2001-11-09,17.85,18.06,17.57,17.92,496200,1.0,0.0
2001-11-12,17.91,18.34,17.01,17.8,719100,1.0,0.0
2001-11-13,17.9,18.45,17.83,18.42,568000,1.0,0.0
2001-11-14,18.5,18.9,18.35,18.74,981900,1.0,0.0
2001-11-15,18.87,19.6,18.77,19.3,1093100,1.0,0.0
2001-11-16,19.5,19.65,19.15,19.59,631600,1.0,0.0
2001-11-19,19.55,19.73,19.11,19.41,730100,1.0,0.0
2001-11-20,19.05,19.55,18.9,19.17,677100,1.0,0.0
2001-11-21,19.55,19.55,18.85,19.24,679300,1.0,0.0
2001-11-23,19.54,19.54,19.06,19.36,202700,1.0,0.0
2001-11-26,19.2,19.6,18.99,19.43,473200,1.0,0.0
2001-11-27,19.15,19.8,19.03,19.46,789000,1.0,0.0
2001-11-28,19.88,19.88,19.37,19.44,601800,1.0,0.0
2001-11-29,19.33,19.68,19.01,19.37,618300,1.0,0.0
2001-11-30,19.28,19.67,19.28,19.39,465300,1.0,0.0
2001-12-03,19.15,19.15,18.5,18.93,575500,1.0,0.0
2001-12-04,18.79,18.94,18.51,18.93,748300,1.0,0.0
2001-12-05,18.92,19.25,18.7,19.08,1265900,1.0,0.0
2001-12-06,19.19,19.19,18.7,18.79,1086800,1.0,0.0
2001-12-07,19.29,19.29,18.61,19.08,841900,1.0,0.0
2001-12-10,18.85,19.23,18.8,18.9,796200,1.0,0.0
2001-12-11,18.9,18.92,18.4,18.55,834800,1.0,0.0
2001-12-12,18.69,18.7,17.8,18.16,854500,1.0,0.0
2001-12-13,17.91,18.59,17.85,18.03,565100,1.0,0.0
2001-12-14,18.0,18.19,17.65,17.97,702000,1.0,0.0
2001-12-17,18.02,18.77,17.7,18.71,958600,1.0,0.0
2001-12-18,18.86,19.35,18.65,18.99,846300,1.0,0.0
2001-12-19,18.9,18.9,18.41,18.62,612800,1.0,0.0
2001-12-20,18.6,18.88,18.4,18.71,508900,1.0,0.0
2001-12-21,18.98,18.98,18.24,18.28,1129100,1.0,0.0
2001-12-24,18.1,18.62,18.02,18.45,498900,1.0,0.0
2001-12-26,18.3,18.5,18.15,18.33,523600,1.0,0.0
2001-12-27,18.2,18.57,18.2,18.53,682600,1.0,0.0
2001-12-28,18.53,18.85,18.25,18.67,620400,1.0,0.0
2001-12-31,18.67,18.81,18.25,18.33,810400,1.0,0.0
2002-01-02,18.26,18.8,18.26,18.58,1073300,1.0,0.0
2002-01-03,19.61,19.61,18.5,19.61,1255900,1.0,0.0
2002-01-04,20.95,20.95,20.05,20.36,2440300,1.0,0.0
2002-01-07,20.36,20.75,20.16,20.4,861100,1.0,0.0
2002-01-08,20.4,20.43,19.78,20.0,834400,1.0,0.0
2002-01-09,20.1,20.1,19.51,19.59,830000,1.0,0.0
2002-01-10,19.65,19.98,19.15,19.57,841700,1.0,0.0
2002-01-11,19.8,19.95,18.98,18.98,905600,1.0,0.0
2002-01-14,19.11,19.2,18.41,18.5,1146900,1.0,0.0
2002-01-15,18.72,19.13,18.45,18.69,1002500,1.0,0.0
2002-01-16,18.64,18.76,18.12,18.12,684500,1.0,0.0
2002-01-17,18.41,19.5,18.41,19.42,1363800,1.0,0.0
2002-01-18,19.3,19.43,19.1,19.4,1047600,1.0,0.0
2002-01-22,19.69,20.02,19.57,19.72,1573600,1.0,0.0
2002-01-23,20.12,20.12,19.85,20.0,1736700,1.0,0.0
2002-01-24,20.35,21.28,20.24,20.98,2672600,1.0,0.0
2002-01-25,21.0,22.36,21.0,22.14,2926600,1.0,0.0
2002-01-28,22.98,22.98,22.0,22.5,3469000,1.0,0.0
2002-01-29,22.5,22.79,21.72,21.98,1680700,1.0,0.0
2002-01-30,21.92,22.5,21.5,22.3,1696000,1.0,0.06
2002-01-31,22.2,22.7,21.95,22.55,2050800,1.0,0.0
2002-02-01,22.9,22.9,22.05,22.31,1584600,1.0,0.0
2002-02-04,22.32,22.38,21.76,21.85,1326600,1.0,0.0
2002-02-05,21.85,21.99,21.5,21.69,1059200,1.0,0.0
2002-02-06,21.74,21.78,20.53,21.0,1848700,1.0,0.0
2002-02-07,21.1,21.3,20.81,20.9,1052600,1.0,0.0
2002-02-08,20.9,21.59,20.9,21.22,1018900,1.0,0.0
2002-02-11,21.15,21.79,20.9,21.7,905400,1.0,0.0
2002-02-12,21.45,21.84,21.1,21.58,735900,1.0,0.0
2002-02-13,21.59,22.1,21.16,21.33,1250600,1.0,0.0
2002-02-14,21.45,21.6,20.9,21.08,1210500,1.0,0.0
2002-02-15,21.49,21.49,20.93,21.3,1142900,1.0,0.0
2002-02-19,21.02,21.37,20.96,20.98,1005600,1.0,0.0
2002-02-20,21.12,21.12,20.41,21.06,1082900,1.0,0.0
2002-02-21,21.2,22.17,21.1,21.9,1423100,1.0,0.0
2002-02-22,21.8,22.1,21.62,22.02,795200,1.0,0.0
2002-02-25,22.29,22.48,21.8,22.04,1620900,1.0,0.0
2002-02-26,21.98,22.27,21.8,21.94,894700,1.0,0.0
2002-02-27,22.05,23.5,21.69,23.12,2546100,1.0,0.0
2002-02-28,23.44,24.3,23.37,23.79,3206000,1.0,0.0
2002-03-01,24.0,25.19,23.8,25.19,2746800,1.0,0.0
2002-03-04,25.2,26.69,25.2,26.35,3835000,1.0,0.0
2002-03-05,25.93,26.2,25.42,26.01,4288500,1.0,0.0
2002-03-06,26.01,26.5,25.9,26.12,1790500,1.0,0.0
2002-03-07,25.87,26.98,25.48,26.6,1878100,1.0,0.0
2002-03-08,26.5,26.55,24.54,25.05,3496700,1.0,0.0
2002-03-11,24.9,25.5,24.55,25.29,1136400,1.0,0.0
2002-03-12,25.13,25.13,24.26,24.48,1165000,1.0,0.0
2002-03-13,24.5,24.69,24.2,24.45,961000,1.0,0.0
2002-03-14,24.75,24.75,23.94,24.16,1899300,1.0,0.0
2002-03-15,24.26,24.65,23.96,24.08,1447200,1.0,0.0
2002-03-18,23.85,24.07,23.01,24.03,2072100,1.0,0.0
2002-03-19,24.03,24.78,23.91,24.7,984600,1.0,0.0
2002-03-20,24.7,24.89,24.01,24.85,775200,1.0,0.0
2002-03-21,24.9,24.9,23.06,23.48,1563700,1.0,0.0
2002-03-22,23.0,23.49,22.62,23.46,1288100,1.0,0.0
2002-03-25,23.5,23.5,22.75,22.89,519100,1.0,0.0
2002-03-26,22.9,23.72,22.9,23.59,1066900,1.0,0.0
2002-03-27,24.5,24.5,23.52,24.26,1458600,1.0,0.0
2002-03-28,24.2,24.39,23.88,23.94,840400,1.0,0.0
2002-04-01,23.7,23.7,22.87,23.39,967400,1.0,0.0
2002-04-02,23.1,23.22,22.72,22.72,1240400,1.0,0.0
2002-04-03,22.72,22.73,21.82,21.95,2292000,1.0,0.0
2002-04-04,22.19,23.1,22.11,22.92,2494100,1.0,0.0
2002-04-05,23.05,23.05,22.69,22.83,873500,1.0,0.0
2002-04-08,23.03,23.14,22.55,23.0,700800,1.0,0.0
2002-04-09,23.14,23.2,22.69,22.78,557600,1.0,0.0
2002-04-10,23.08,23.95,23.08,23.93,1222900,1.0,0.0
2002-04-11,23.93,23.99,23.26,23.4,2124900,1.0,0.0
2002-04-12,23.85,24.45,23.71,24.45,1229700,1.0,0.0
2002-04-15,23.75,23.95,22.9,23.12,1917300,1.0,0.0
2002-04-16,23.2,23.86,23.2,23.77,1073600,1.0,0.0
2002-04-17,23.68,23.79,23.45,23.6,646300,1.0,0.0
2002-04-18,23.85,23.87,22.75,23.34,893400,1.0,0.0
2002-04-19,23.0,23.49,23.0,23.25,868800,1.0,0.0
2002-04-22,23.26,23.26,22.61,23.09,1219900,1.0,0.0
2002-04-23,23.09,23.29,22.91,22.98,2046200,1.0,0.0
2002-04-24,22.3,22.54,20.6,20.88,5236600,1.0,0.0
2002-04-25,21.25,21.8,20.86,21.66,2749200,1.0,0.0
2002-04-26,21.77,22.01,21.41,21.6,2811800,1.0,0.0
2002-04-29,21.6,21.75,20.99,21.08,1045900,1.0,0.0
2002-04-30,21.33,21.6,21.02,21.43,985700,1.0,0.0
2002-05-01,21.37,21.9,20.5,21.4,2090200,1.0,0.06
2002-05-02,21.41,21.64,21.17,21.46,1499700,1.0,0.0
2002-05-03,21.62,21.65,21.05,21.36,822900,1.0,0.0
2002-05-06,21.47,21.5,20.71,20.71,605800,1.0,0.0
2002-05-07,20.96,21.03,20.55,20.66,853000,1.0,0.0
2002-05-08,21.0,21.59,20.73,21.51,1216500,1.0,0.0
2002-05-09,21.35,21.55,20.87,20.94,982200,1.0,0.0
2002-05-10,21.0,21.1,20.62,20.64,768000,1.0,0.0
2002-05-13,20.8,21.31,20.62,20.87,646700,1.0,0.0
2002-05-14,21.07,21.59,20.94,21.5,845800,1.0,0.0
2002-05-15,21.35,21.66,20.93,21.45,1308400,1.0,0.0
2002-05-16,21.69,21.78,21.31,21.37,1000200,1.0,0.0
2002-05-17,21.6,22.0,21.55,21.76,834500,1.0,0.0
2002-05-20,21.77,21.77,21.15,21.49,941400,1.0,0.0
2002-05-21,21.51,21.51,20.2,20.43,1313000,1.0,0.0
2002-05-22,20.6,21.05,20.59,20.91,885700,1.0,0.0
2002-05-23,21.1,21.35,20.61,21.2,1396200,1.0,0.0
2002-05-24,21.37,21.49,20.89,20.89,1090900,1.0,0.0
2002-05-28,20.75,20.93,20.4,20.53,1203300,1.0,0.0
2002-05-29,20.28,20.85,20.28,20.48,627500,1.0,0.0
2002-05-30,20.18,20.45,19.85,19.85,1068500,1.0,0.0
2002-05-31,20.75,21.85,20.75,21.17,2734800,1.0,0.0
2002-06-03,21.42,21.42,20.55,20.79,1070100,1.0,0.0
2002-06-04,20.7,21.2,20.4,20.86,1116700,1.0,0.0
2002-06-05,20.81,21.19,20.6,21.05,1575700,1.0,0.0
2002-06-06,21.2,21.2,20.78,21.01,679000,1.0,0.0
2002-06-07,21.02,21.6,20.85,21.29,811000,1.0,0.0
2002-06-10,21.21,22.12,21.15,21.92,1010800,1.0,0.0
2002-06-11,22.38,22.44,21.86,21.91,1498200,1.0,0.0
2002-06-12,21.9,21.9,21.53,21.76,1243700,1.0,0.0
2002-06-13,21.26,22.02,21.25,21.66,1056600,1.0,0.0
2002-06-14,21.35,21.64,20.9,21.12,1225800,1.0,0.0
2002-06-17,21.45,21.9,21.3,21.81,1303800,1.0,0.0
2002-06-18,21.81,22.38,21.75,22.05,902400,1.0,0.0
2002-06-19,21.8,22.5,21.6,22.11,910200,1.0,0.0
2002-06-20,22.15,22.94,22.0,22.72,1576500,1.0,0.0
2002-06-21,22.4,23.09,22.36,22.71,1988400,1.0,0.0
2002-06-24,22.71,23.3,22.2,23.03,1338700,1.0,0.0
2002-06-25,23.13,23.13,21.4,21.44,949700,1.0,0.0
2002-06-26,21.55,22.24,21.01,21.91,1343300,1.0,0.0
2002-06-27,22.09,22.9,21.65,22.89,1230000,1.0,0.0
2002-06-28,22.89,23.47,22.8,23.38,1389400,1.0,0.0
2002-07-01,23.28,23.5,22.6,23.25,1982400,1.0,0.0
2002-07-02,23.26,23.89,22.94,23.46,1727800,1.0,0.0
2002-07-03,23.4,23.6,22.31,22.7,907500,1.0,0.0
2002-07-05,22.92,23.8,22.82,23.8,600900,1.0,0.0
2002-07-08,23.7,23.9,22.9,23.04,1123500,1.0,0.0
2002-07-09,23.05,23.57,22.33,22.33,928300,1.0,0.0
2002-07-10,22.59,22.95,22.05,22.52,1276800,1.0,0.0
2002-07-11,22.3,22.95,21.58,22.1,1189600,1.0,0.0
2002-07-12,22.1,22.25,21.0,21.47,1368100,1.0,0.0
2002-07-15,21.03,21.03,19.35,20.47,2411200,1.0,0.0
2002-07-16,20.0,20.86,20.0,20.27,2036800,1.0,0.0
2002-07-17,21.03,21.25,20.08,20.44,2417700,1.0,0.0
2002-07-18,20.44,20.46,19.64,19.88,1760900,1.0,0.0
2002-07-19,19.5,20.2,19.44,19.83,2012700,1.0,0.0
2002-07-22,19.83,20.17,18.72,18.8,1832600,1.0,0.0
2002-07-23,18.71,19.25,17.89,18.05,1652200,1.0,0.0
2002-07-24,17.4,19.12,17.2,19.07,1849500,1.0,0.0
2002-07-25,19.4,19.94,18.32,19.52,1628200,1.0,0.0
2002-07-26,19.52,19.97,19.1,19.97,1045600,1.0,0.0
2002-07-29,20.4,20.82,19.9,20.64,1349500,1.0,0.0
2002-07-30,20.4,21.2,20.03,20.85,1726900,1.0,0.0
2002-07-31,20.5,20.85,19.75,20.25,1685600,1.0,0.07
2002-08-01,20.3,20.36,19.82,20.19,979200,1.0,0.0
2002-08-02,20.19,20.19,18.69,18.96,1179600,1.0,0.0
2002-08-05,18.9,19.34,18.18,18.3,828500,1.0,0.0
2002-08-06,18.65,20.06,18.65,19.64,1179200,1.0,0.0
2002-08-07,20.14,20.4,19.53,20.24,1061400,1.0,0.0
2002-08-08,20.24,21.29,20.0,21.18,1159600,1.0,0.0
2002-08-09,21.18,21.58,20.3,21.0,1056200,1.0,0.0
2002-08-12,20.5,21.24,20.31,21.04,827200,1.0,0.0
2002-08-13,20.73,21.2,20.15,20.28,853200,1.0,0.0
2002-08-14,20.08,21.13,19.6,21.04,1192300,1.0,0.0
2002-08-15,21.05,21.28,20.69,21.24,1101200,1.0,0.0
2002-08-16,21.24,21.38,20.83,21.2,598300,1.0,0.0
2002-08-19,21.0,21.32,20.81,21.11,774400,1.0,0.0
2002-08-20,20.95,21.25,20.71,21.01,637700,1.0,0.0
2002-08-21,21.24,21.85,20.95,21.69,1050300,1.0,0.0
2002-08-22,21.88,22.01,21.15,21.86,781900,1.0,0.0
2002-08-23,21.48,21.7,21.0,21.21,896800,1.0,0.0
2002-08-26,21.25,21.95,21.05,21.95,1164100,1.0,0.0
2002-08-27,22.0,22.23,21.58,21.89,996800,1.0,0.0
2002-08-28,21.75,21.75,20.85,21.19,596400,1.0,0.0
2002-08-29,21.0,21.1,20.44,20.46,1196400,1.0,0.0
2002-08-30,20.5,21.14,20.48,20.93,905400,1.0,0.0
2002-09-03,20.9,21.0,20.25,20.43,1443200,1.0,0.0
2002-09-04,20.43,21.02,20.0,20.88,1102900,1.0,0.0
2002-09-05,19.8,20.65,19.25,20.17,3925200,1.0,0.0
2002-09-06,20.47,21.09,20.29,20.54,1401600,1.0,0.0
2002-09-09,20.53,20.95,20.1,20.62,859000,1.0,0.0
2002-09-10,20.82,21.0,20.5,20.61,1187200,1.0,0.0
2002-09-11,20.75,21.14,20.65,20.89,668400,1.0,0.0
2002-09-12,20.89,21.08,20.52,21.01,1289700,1.0,0.0
2002-09-13,20.71,21.29,20.65,21.29,1058000,1.0,0.0
2002-09-16,21.2,21.95,20.6,21.86,1640400,1.0,0.0
2002-09-17,21.95,22.1,20.71,20.99,1292600,1.0,0.0
2002-09-18,20.62,21.3,20.55,21.0,1393400,1.0,0.0
2002-09-19,20.55,21.9,20.55,21.09,1225600,1.0,0.0
2002-09-20,21.38,21.91,21.25,21.69,1963700,1.0,0.0
2002-09-23,21.5,21.67,20.81,21.03,916200,1.0,0.0
2002-09-24,20.63,20.78,20.0,20.07,837500,1.0,0.0
2002-09-25,20.42,21.2,20.3,20.67,1529700,1.0,0.0
2002-09-26,20.95,22.2,20.75,22.06,1504400,1.0,0.0
2002-09-27,22.06,22.15,21.34,21.52,1218300,1.0,0.0
2002-09-30,21.1,21.1,19.55,20.19,2838600,1.0,0.0
2002-10-01,20.3,21.73,20.2,21.73,1264900,1.0,0.0
2002-10-02,21.33,21.4,20.22,20.35,1784700,1.0,0.0
2002-10-03,20.55,21.54,20.55,21.36,1783800,1.0,0.0
2002-10-04,21.37,21.37,20.0,20.9,1385100,1.0,0.0
2002-10-07,20.9,21.15,19.97,19.97,1182100,1.0,0.0
2002-10-08,20.2,21.2,19.8,21.07,1685600,1.0,0.0
2002-10-09,20.5,20.5,19.35,19.35,1896800,1.0,0.0
2002-10-10,19.6,20.56,19.47,20.56,2374600,1.0,0.0
2002-10-11,20.7,21.39,20.5,21.13,1744200,1.0,0.0
2002-10-14,21.0,21.09,20.46,20.74,792800,1.0,0.0
2002-10-15,20.8,22.01,20.55,22.0,1924600,1.0,0.0
2002-10-16,21.25,21.5,20.65,21.2,1497400,1.0,0.0
2002-10-17,21.86,22.2,21.65,21.9,1786200,1.0,0.0
2002-10-18,21.88,21.88,21.0,21.19,1594700,1.0,0.0
2002-10-21,21.1,21.5,20.78,21.4,1765200,1.0,0.0
2002-10-22,21.15,21.2,20.5,20.79,1452400,1.0,0.0
2002-10-23,20.79,21.0,20.3,21.0,1311100,1.0,0.0
2002-10-24,21.5,21.86,20.87,21.01,1371600,1.0,0.0
2002-10-25,20.85,21.24,20.0,20.92,999800,1.0,0.0
2002-10-28,21.04,21.25,20.5,20.74,915800,1.0,0.0
2002-10-29,20.74,20.9,19.9,20.65,804800,1.0,0.0
2002-10-30,20.4,21.15,20.4,20.77,929100,1.0,0.07
2002-10-31,20.87,20.98,20.1,20.2,1167200,1.0,0.0
2002-11-01,20.05,21.25,19.95,21.15,792400,1.0,0.0
2002-11-04,21.48,21.99,21.17,21.56,1356100,1.0,0.0
2002-11-05,21.5,21.95,20.95,21.56,768300,1.0,0.0
2002-11-06,21.95,22.54,21.42,22.32,1909800,1.0,0.0
2002-11-07,22.1,22.14,21.6,21.75,1063100,1.0,0.0
2002-11-08,22.0,22.3,21.83,22.07,1187100,1.0,0.0
2002-11-11,22.07,22.07,20.9,21.06,1224200,1.0,0.0
2002-11-12,21.22,21.51,21.03,21.24,1137200,1.0,0.0
2002-11-13,21.21,21.21,20.55,20.86,1087500,1.0,0.0
2002-11-14,20.92,21.1,20.85,21.0,897900,1.0,0.0
2002-11-15,20.9,21.25,20.75,21.1,1190000,1.0,0.0
2002-11-18,21.35,21.37,20.25,20.3,1442900,1.0,0.0
2002-11-19,20.37,20.5,19.92,20.0,1927800,1.0,0.0
2002-11-20,20.0,20.23,19.76,19.99,1696400,1.0,0.0
2002-11-21,20.07,20.5,19.89,20.11,2133600,1.0,0.0
2002-11-22,20.12,20.29,19.69,19.88,1365200,1.0,0.0
2002-11-25,19.38,19.95,19.28,19.69,1323900,1.0,0.0
2002-11-26,19.55,19.6,19.01,19.13,1620900,1.0,0.0
2002-11-27,19.44,20.1,19.21,19.86,1529300,1.0,0.0
2002-11-29,20.0,20.21,19.62,19.73,375100,1.0,0.0
2002-12-02,19.76,19.99,19.26,19.65,1122100,1.0,0.0
2002-12-03,19.7,19.77,19.21,19.42,1320300,1.0,0.0
2002-12-04,18.9,19.82,18.9,19.63,1066900,1.0,0.0
2002-12-05,19.69,19.83,19.6,19.68,861700,1.0,0.0
2002-12-06,19.68,20.24,19.51,20.19,922700,1.0,0.0
2002-12-09,20.0,20.0,19.52,19.68,1199500,1.0,0.0
2002-12-10,19.84,19.96,19.47,19.96,798000,1.0,0.0
2002-12-11,19.86,20.22,19.55,20.07,741000,1.0,0.0
2002-12-12,19.9,19.91,19.19,19.19,1675500,1.0,0.0
2002-12-13,18.96,19.61,18.7,19.43,1453600,1.0,0.0
2002-12-16,19.6,19.76,19.35,19.75,1049400,1.0,0.0
2002-12-17,19.76,20.04,19.54,19.7,877600,1.0,0.0
2002-12-18,19.63,19.87,19.32,19.38,728200,1.0,0.0
2002-12-19,19.32,19.55,18.94,19.21,1029200,1.0,0.0
2002-12-20,19.52,19.79,19.27,19.79,1427500,1.0,0.0
2002-12-23,19.65,19.7,19.18,19.63,821400,1.0,0.0
2002-12-24,19.73,19.73,19.39,19.5,189300,1.0,0.0
2002-12-26,19.67,19.99,19.52,19.78,524700,1.0,0.0
2002-12-27,19.78,19.78,19.27,19.32,571100,1.0,0.0
2002-12-30,19.47,19.88,19.28,19.83,940300,1.0,0.0
2002-12-31,19.83,20.03,19.48,19.99,889600,1.0,0.0
2003-01-02,20.22,20.5,19.8,20.49,830600,1.0,0.0
2003-01-03,20.49,20.5,20.17,20.36,601000,1.0,0.0
2003-01-06,20.4,20.88,20.36,20.88,773500,1.0,0.0
2003-01-07,20.88,20.88,20.4,20.56,1129600,1.0,0.0
2003-01-08,20.62,20.75,20.24,20.43,643900,1.0,0.0
2003-01-09,20.33,20.89,20.32,20.8,869400,1.0,0.0
2003-01-10,20.55,20.76,20.4,20.51,806800,1.0,0.0
2003-01-13,20.55,20.63,20.2,20.4,938000,1.0,0.0
2003-01-14,20.35,20.36,20.02,20.17,1062600,1.0,0.0
2003-01-15,20.25,20.35,19.66,19.75,860900,1.0,0.0
2003-01-16,19.84,20.07,19.36,19.36,1577100,1.0,0.0
2003-01-17,19.36,19.65,19.21,19.31,1033300,1.0,0.0
2003-01-21,19.39,19.53,18.72,18.76,1204300,1.0,0.0
2003-01-22,18.78,19.03,18.12,18.12,2058900,1.0,0.0
2003-01-23,18.2,18.75,18.2,18.68,1048000,1.0,0.0
2003-01-24,18.68,18.68,18.0,18.16,809400,1.0,0.0
2003-01-27,18.16,18.55,18.07,18.25,1384000,1.0,0.0
2003-01-28,18.3,18.72,18.21,18.61,2039000,1.0,0.0
2003-01-29,18.3,18.72,18.21,18.61,1643300,1.0,0.0
2003-01-30,19.6,19.6,19.18,19.31,2489700,1.0,0.0
2003-01-31,19.17,19.71,19.08,19.7,1592100,1.0,0.0
2003-02-03,19.72,19.87,19.38,19.64,1147600,1.0,0.0
2003-02-04,19.45,19.47,19.0,19.2,1233600,1.0,0.0
2003-02-05,19.4,19.98,19.19,19.43,1309900,1.0,0.07
2003-02-06,19.26,19.46,19.03,19.24,932300,1.0,0.0
2003-02-07,19.25,19.53,19.0,19.16,892500,1.0,0.0
2003-02-10,19.13,19.47,18.92,19.33,759300,1.0,0.0
2003-02-11,19.32,19.42,18.62,18.83,878200,1.0,0.0
2003-02-12,18.88,19.26,18.81,19.06,1269400,1.0,0.0
2003-02-13,19.02,19.28,18.63,18.93,876900,1.0,0.0
2003-02-14,18.86,18.94,18.45,18.65,1582200,1.0,0.0
2003-02-18,18.98,19.21,18.9,19.14,964800,1.0,0.0
2003-02-19,19.08,19.09,18.74,18.8,597600,1.0,0.0
2003-02-20,18.98,19.09,18.58,18.67,584300,1.0,0.0
2003-02-21,18.79,19.3,18.55,19.19,1201700,1.0,0.0
2003-02-24,19.12,19.12,18.39,18.43,840200,1.0,0.0
2003-02-25,18.35,18.87,18.16,18.87,1133900,1.0,0.0
2003-02-26,18.89,19.4,18.78,19.25,1603000,1.0,0.0
2003-02-27,19.25,19.4,18.77,18.95,1162000,1.0,0.0
2003-02-28,18.95,19.41,18.91,19.06,1118800,1.0,0.0
2003-03-03,19.16,19.35,19.04,19.14,739200,1.0,0.0
2003-03-04,19.13,19.13,18.62,18.62,718700,1.0,0.0
2003-03-05,18.58,18.88,18.51,18.88,1172500,1.0,0.0
2003-03-06,18.8,18.86,18.55,18.65,981800,1.0,0.0
2003-03-07,18.42,19.2,18.37,19.05,953500,1.0,0.0
2003-03-10,19.05,19.06,18.06,18.19,1356100,1.0,0.0
2003-03-11,18.2,18.38,17.59,17.75,1554700,1.0,0.0
2003-03-12,17.8,17.85,17.35,17.7,1381700,1.0,0.0
2003-03-13,18.08,18.25,17.94,18.2,1378400,1.0,0.0
2003-03-14,18.2,18.68,18.0,18.41,1364000,1.0,0.0
2003-03-17,18.3,18.79,18.15,18.79,1925000,1.0,0.0
2003-03-18,18.79,18.9,18.35,18.9,1986000,1.0,0.0
2003-03-19,18.84,18.98,18.63,18.98,1048500,1.0,0.0
2003-03-20,18.9,19.32,18.73,19.19,1207800,1.0,0.0
2003-03-21,19.5,19.97,19.27,19.92,2296800,1.0,0.0
2003-03-24,19.85,19.86,19.13,19.19,1324300,1.0,0.0
2003-03-25,18.89,19.4,18.67,19.4,1402800,1.0,0.0
2003-03-26,19.4,19.48,19.22,19.4,1812100,1.0,0.0
2003-03-27,19.4,19.4,19.01,19.1,1089600,1.0,0.0
2003-03-28,19.01,19.16,18.84,19.06,762600,1.0,0.0
2003-03-31,18.7,18.86,18.52,18.56,839300,1.0,0.0
2003-04-01,18.56,18.73,18.31,18.72,1558900,1.0,0.0
2003-04-02,19.12,19.12,18.8,19.08,2085500,1.0,0.0
2003-04-03,19.0,19.0,18.64,18.64,787200,1.0,0.0
2003-04-04,18.72,19.09,18.72,19.0,996200,1.0,0.0
2003-04-07,19.56,19.96,19.46,19.48,1586900,1.0,0.0
2003-04-08,19.6,19.63,19.26,19.43,1043800,1.0,0.0
2003-04-09,19.45,19.57,19.09,19.09,1300500,1.0,0.0
2003-04-10,19.18,19.5,18.98,19.42,1663800,1.0,0.0
2003-04-11,19.71,19.82,19.4,19.5,977300,1.0,0.0
2003-04-14,19.75,19.86,19.55,19.86,790400,1.0,0.0
2003-04-15,19.75,19.97,19.74,19.78,1666200,1.0,0.0
2003-04-16,19.89,19.98,19.66,19.71,1115000,1.0,0.0
2003-04-17,19.7,19.85,19.55,19.85,906700,1.0,0.0
2003-04-21,19.9,20.13,19.85,20.06,1137800,1.0,0.0
2003-04-22,19.98,20.4,19.91,20.19,1064500,1.0,0.0
2003-04-23,20.22,20.48,20.08,20.29,930400,1.0,0.0
2003-04-24,20.5,20.83,20.4,20.62,1371700,1.0,0.0
2003-04-25,20.61,20.83,20.55,20.6,1022500,1.0,0.0
2003-04-28,20.58,21.19,20.49,21.1,1410900,1.0,0.0
2003-04-29,21.3,21.36,21.02,21.19,1139500,1.0,0.0
2003-04-30,21.1,21.33,20.93,21.21,2044200,1.0,0.07
2003-05-01,21.07,21.14,20.8,20.97,1062900,1.0,0.0
2003-05-02,20.84,21.21,20.75,21.15,895700,1.0,0.0
2003-05-05,21.29,21.46,21.16,21.23,959500,1.0,0.0
2003-05-06,21.15,21.43,21.15,21.38,1150400,1.0,0.0
2003-05-07,21.29,21.44,21.04,21.28,1061100,1.0,0.0
2003-05-08,21.08,21.251,20.89,20.97,1129100,1.0,0.0
2003-05-09,21.04,21.42,20.94,21.42,880200,1.0,0.0
2003-05-12,21.35,21.8,21.16,21.7,1282700,1.0,0.0
2003-05-13,21.8,21.82,21.63,21.71,1040400,1.0,0.0
2003-05-14,21.74,21.81,21.43,21.68,1235800,1.0,0.0
2003-05-15,21.89,21.9,21.43,21.62,1246600,1.0,0.0
2003-05-16,21.5,21.84,21.42,21.68,950500,1.0,0.0
2003-05-19,21.38,21.49,21.0,21.05,1252600,1.0,0.0
2003-05-20,21.04,21.54,21.04,21.35,1522900,1.0,0.0
2003-05-21,21.31,21.49,21.15,21.27,1118000,1.0,0.0
2003-05-22,21.27,21.38,21.12,21.24,1325300,1.0,0.0
2003-05-23,21.18,21.54,21.1,21.33,960100,1.0,0.0
2003-05-27,21.2,21.34,20.87,21.27,1146100,1.0,0.0
2003-05-28,21.22,21.43,20.97,21.04,1560900,1.0,0.0
2003-05-29,20.98,21.18,20.76,21.05,1341400,1.0,0.0
2003-05-30,21.65,21.98,21.5,21.92,2384300,1.0,0.0
2003-06-02,22.2,22.39,21.81,21.88,2143800,1.0,0.0
2003-06-03,21.89,21.92,21.5,21.79,1515500,1.0,0.0
2003-06-04,21.8,22.14,21.69,21.83,1249800,1.0,0.0
2003-06-05,21.83,22.09,21.6,21.87,1028700,1.0,0.0
2003-06-06,21.91,22.2,21.15,21.75,1401900,1.0,0.0
2003-06-09,21.66,21.81,21.23,21.57,996400,1.0,0.0
2003-06-10,21.63,21.64,21.22,21.35,1121400,1.0,0.0
2003-06-11,21.25,21.54,21.08,21.54,1201100,1.0,0.0
2003-06-12,21.57,21.84,21.5,21.74,1118500,1.0,0.0
2003-06-13,21.73,21.86,21.3,21.35,1057700,1.0,0.0
2003-06-16,21.55,21.95,21.36,21.95,1473000,1.0,0.0
2003-06-17,21.75,21.8,21.26,21.29,1499700,1.0,0.0
2003-06-18,21.25,21.25,20.88,20.95,1831100,1.0,0.0
2003-06-19,21.0,21.0,20.41,20.49,1478800,1.0,0.0
2003-06-20,20.39,20.461,20.07,20.21,1874100,1.0,0.0
2003-06-23,20.05,20.1,19.4,19.54,2370200,1.0,0.0
2003-06-24,19.55,19.8,19.43,19.46,1172200,1.0,0.0
2003-06-25,19.46,19.5,18.88,18.97,3936200,1.0,0.0
2003-06-26,19.0,19.47,18.93,19.33,1121100,1.0,0.0
2003-06-27,19.4,19.42,19.06,19.31,945800,1.0,0.0
2003-06-30,19.3,19.53,19.17,19.2,1093700,1.0,0.0
2003-07-01,19.19,19.38,18.93,19.33,1104900,1.0,0.0
2003-07-02,19.3,19.65,19.3,19.62,1125300,1.0,0.0
2003-07-03,19.7,19.7,19.35,19.42,804100,1.0,0.0
2003-07-07,19.78,19.91,19.42,19.5,1517400,1.0,0.0
2003-07-08,19.69,19.78,19.46,19.72,2034400,1.0,0.0
2003-07-09,19.63,19.78,19.28,19.41,1840400,1.0,0.0
2003-07-10,19.27,19.39,19.15,19.35,1077000,1.0,0.0
2003-07-11,19.29,19.65,19.28,19.53,900300,1.0,0.0
2003-07-14,19.65,19.9,19.49,19.8,1358500,1.0,0.0
2003-07-15,19.78,19.89,19.46,19.59,910200,1.0,0.0
2003-07-16,19.58,19.83,19.36,19.71,1153600,1.0,0.0
2003-07-17,19.21,19.37,18.88,19.15,1539100,1.0,0.0
2003-07-18,19.35,19.57,18.9775,19.52,1198800,1.0,0.0
2003-07-21,19.5,19.54,19.24,19.25,1045400,1.0,0.0
2003-07-22,19.2,19.47,19.01,19.38,1104200,1.0,0.0
2003-07-23,19.48,19.48,18.72,18.82,1186100,1.0,0.0
2003-07-24,18.82,19.85,18.82,19.33,1727800,1.0,0.0
2003-07-25,19.5,19.67,18.95,18.95,2190000,1.0,0.0
2003-07-28,19.12,19.22,18.71,18.8,1851800,1.0,0.0
2003-07-29,18.9,18.9,18.25,18.32,1223300,1.0,0.0
2003-07-30,18.63,19.07,18.6,18.88,1980900,1.0,0.08
2003-07-31,18.88,19.53,18.88,19.23,1855400,1.0,0.0
2003-08-01,19.02,19.12,18.88,18.93,1070800,1.0,0.0
2003-08-04,18.82,19.08,18.61,19.0,983000,1.0,0.0
2003-08-05,18.75,18.88,18.35,18.46,1772700,1.0,0.0
2003-08-06,18.56,18.75,18.36,18.51,1023200,1.0,0.0
2003-08-07,18.54,18.92,18.44,18.89,1470900,1.0,0.0
2003-08-08,19.05,19.05,18.72,18.97,719400,1.0,0.0
2003-08-11,18.85,18.89,18.41,18.61,1214200,1.0,0.0
2003-08-12,18.68,18.8,18.55,18.73,1264100,1.0,0.0
2003-08-13,18.83,19.1,18.64,18.75,1204400,1.0,0.0
2003-08-14,18.65,18.99,18.62,18.98,1850300,1.0,0.0
2003-08-15,18.92,18.92,18.4,18.73,548800,1.0,0.0
2003-08-18,18.73,18.92,18.52,18.6,1198900,1.0,0.0
2003-08-19,18.5,18.59,18.37,18.51,1452600,1.0,0.0
2003-08-20,18.34,18.42,18.12,18.31,1296600,1.0,0.0
2003-08-21,18.31,18.61,18.17,18.55,1078900,1.0,0.0
2003-08-22,18.52,18.72,18.25,18.31,1106600,1.0,0.0
2003-08-25,18.31,18.42,18.2,18.28,1419900,1.0,0.0
2003-08-26,18.21,18.4,18.0,18.34,1655300,1.0,0.0
2003-08-27,18.25,18.4,18.09,18.4,2189100,1.0,0.0
2003-08-28,18.76,19.1,18.56,19.0,2959400,1.0,0.0
2003-08-29,19.07,19.1,18.9,19.04,1380600,1.0,0.0
2003-09-02,19.23,19.54,18.9,19.53,2108300,1.0,0.0
2003-09-03,19.47,19.78,19.31,19.63,2101100,1.0,0.0
2003-09-04,19.69,19.73,19.29,19.5,1551400,1.0,0.0
2003-09-05,19.33,19.39,19.08,19.38,2100000,1.0,0.0
2003-09-08,19.31,19.53,19.24,19.42,940600,1.0,0.0
2003-09-09,19.28,19.47,19.18,19.34,1157200,1.0,0.0
2003-09-10,19.34,19.36,18.95,19.08,1282000,1.0,0.0
2003-09-11,19.21,19.58,19.1,19.4,1589200,1.0,0.0
2003-09-12,19.36,19.5,19.3,19.43,892700,1.0,0.0
2003-09-15,19.36,19.39,19.11,19.22,994500,1.0,0.0
2003-09-16,19.39,19.63,19.36,19.63,1014200,1.0,0.0
2003-09-17,19.51,19.51,19.23,19.3,803800,1.0,0.0
2003-09-18,19.49,20.06,19.42,20.0,1912600,1.0,0.0
2003-09-19,19.77,20.2,19.54,19.6,2146700,1.0,0.0
2003-09-22,19.6,19.6,19.12,19.22,1216700,1.0,0.0
2003-09-23,19.22,19.48,19.2,19.28,1295500,1.0,0.0
2003-09-24,19.28,19.31,18.84,18.89,2418200,1.0,0.0
2003-09-25,19.17,19.24,18.69,18.75,2023500,1.0,0.0
2003-09-26,18.5,18.75,18.34,18.43,2422600,1.0,0.0
2003-09-29,18.43,18.5,18.22,18.5,2588000,1.0,0.0
2003-09-30,18.49,18.6,18.21,18.5,1536300,1.0,0.0
2003-10-01,18.5,18.89,18.5,18.83,1649800,1.0,0.0
2003-10-02,18.85,18.98,18.7,18.83,818800,1.0,0.0
2003-10-03,19.12,19.22,18.85,18.95,1099800,1.0,0.0
2003-10-06,19.06,19.16,18.93,19.12,735200,1.0,0.0
2003-10-07,19.01,19.02,18.51,18.78,1255800,1.0,0.0
2003-10-08,18.81,18.81,18.61,18.8,931600,1.0,0.0
2003-10-09,19.04,19.18,18.73,18.87,1551300,1.0,0.0
2003-10-10,18.87,18.89,18.63,18.77,508100,1.0,0.0
2003-10-13,18.9,19.09,18.59,18.62,1201400,1.0,0.0
2003-10-14,18.71,19.0,18.56,18.81,877000,1.0,0.0
2003-10-15,18.8,18.95,18.63,18.72,909100,1.0,0.0
2003-10-16,18.77,19.06,18.77,18.96,1429500,1.0,0.0
2003-10-17,18.84,19.33,18.83,19.3,2457800,1.0,0.0
2003-10-20,19.15,19.2,18.82,19.09,1182300,1.0,0.0
2003-10-21,18.98,18.99,18.52,18.58,1509800,1.0,0.0
2003-10-22,18.48,18.63,18.42,18.44,971800,1.0,0.0
2003-10-23,18.44,18.8,18.32,18.72,943100,1.0,0.0
2003-10-24,18.5,18.85,18.42,18.85,860500,1.0,0.0
2003-10-27,18.77,18.88,18.46,18.55,1062700,1.0,0.0
2003-10-28,18.8,19.0,18.32,18.5,2481700,1.0,0.0
2003-10-29,18.86,19.46,18.8,19.37,3309300,1.0,0.0
2003-10-30,19.95,20.06,19.39,19.98,2187500,1.0,0.0
2003-10-31,19.89,20.15,19.84,20.15,1482600,1.0,0.0
2003-11-03,20.6,20.8,20.39,20.67,3315100,1.0,0.0
2003-11-04,20.75,20.85,20.52,20.6,2025500,1.0,0.0
2003-11-05,20.38,20.6,20.24,20.6,1414100,1.0,0.08
2003-11-06,20.75,21.52,20.51,21.46,4346000,1.0,0.0
2003-11-07,21.46,21.72,21.44,21.49,2906800,1.0,0.0
2003-11-10,21.49,21.49,20.95,21.04,1988800,1.0,0.0
2003-11-11,21.42,21.49,21.17,21.25,1515100,1.0,0.0
2003-11-12,21.2,21.24,21.0,21.15,1037100,1.0,0.0
2003-11-13,21.1,21.18,21.0,21.04,1338000,1.0,0.0
2003-11-14,21.3,21.3,21.0,21.11,784000,1.0,0.0
2003-11-17,21.0,21.01,20.75,20.87,1137300,1.0,0.0
2003-11-18,20.97,20.97,20.75,20.75,898300,1.0,0.0
2003-11-19,20.8,20.87,20.69,20.77,938200,1.0,0.0
2003-11-20,20.72,21.19,20.71,21.02,1255200,1.0,0.0
2003-11-21,21.15,21.15,20.92,21.03,1086900,1.0,0.0
2003-11-24,21.23,21.42,21.14,21.34,1196300,1.0,0.0
2003-11-25,21.23,21.64,21.21,21.51,1387100,1.0,0.0
2003-11-26,21.57,21.74,21.37,21.6,800400,1.0,0.0
2003-11-28,21.42,21.65,21.37,21.41,378800,1.0,0.0
2003-12-01,21.53,21.91,21.4,21.81,1076800,1.0,0.0
2003-12-02,21.7,21.79,21.47,21.62,809800,1.0,0.0
2003-12-03,21.82,22.07,21.73,22.07,1368800,1.0,0.0
2003-12-04,22.08,22.55,22.08,22.52,2340100,1.0,0.0
2003-12-05,22.42,22.54,22.2,22.5,1824500,1.0,0.0
2003-12-08,22.38,22.73,22.32,22.65,1697100,1.0,0.0
2003-12-09,22.85,22.99,22.57,22.62,1544500,1.0,0.0
2003-12-10,22.7,22.75,22.44,22.7,1313000,1.0,0.0
2003-12-11,22.79,23.1,22.48,23.1,1290000,1.0,0.0
2003-12-12,23.18,23.61,23.14,23.61,2238800,1.0,0.0
2003-12-15,23.8,23.87,23.26,23.43,1295600,1.0,0.0
2003-12-16,23.34,23.49,23.14,23.44,1102800,1.0,0.0
2003-12-17,23.25,23.51,23.25,23.47,1189800,1.0,0.0
2003-12-18,23.5,23.62,23.43,23.5,1281400,1.0,0.0
2003-12-19,23.43,23.59,23.3,23.59,1315400,1.0,0.0
2003-12-22,23.95,24.62,23.9,24.33,2666500,1.0,0.0
2003-12-23,23.91,24.04,23.08,23.54,2768200,1.0,0.0
2003-12-24,23.25,23.56,23.1,23.41,629300,1.0,0.0
2003-12-26,23.52,23.7,23.4,23.52,328900,1.0,0.0
2003-12-29,23.6,23.81,23.47,23.8,919000,1.0,0.0
2003-12-30,23.89,23.9,23.66,23.8,628200,1.0,0.0
2003-12-31,23.88,23.91,23.5,23.65,752800,1.0,0.0
2004-01-02,23.65,23.95,23.62,23.93,1217900,1.0,0.0
2004-01-05,24.0,24.06,23.72,23.93,1307800,1.0,0.0
2004-01-06,23.9,23.9,23.4,23.87,988700,1.0,0.0
2004-01-07,22.98,23.26,22.66,23.26,2735300,1.0,0.0
2004-01-08,23.25,23.3,23.0,23.21,1102900,1.0,0.0
2004-01-09,22.9,23.03,22.74,22.92,1619100,1.0,0.0
2004-01-12,22.81,23.15,22.69,22.88,1517500,1.0,0.0
2004-01-13,22.89,23.24,22.79,23.16,1525900,1.0,0.0
2004-01-14,23.1,23.1,22.8,22.95,1299400,1.0,0.0
2004-01-15,22.91,22.91,22.75,22.77,1372600,1.0,0.0
2004-01-16,22.92,23.05,22.77,22.9,1751800,1.0,0.0
2004-01-20,22.75,22.8,22.3,22.7,2256600,1.0,0.0
2004-01-21,22.8,23.3,22.72,23.24,2146300,1.0,0.0
2004-01-22,23.18,23.28,23.02,23.2,1214100,1.0,0.0
2004-01-23,23.29,23.4,22.95,23.13,1064700,1.0,0.0
2004-01-26,23.13,23.42,23.04,23.34,1111500,1.0,0.0
2004-01-27,23.36,23.36,22.95,23.25,1236200,1.0,0.0
2004-01-28,23.19,23.25,22.39,22.61,2690800,1.0,0.0
2004-01-29,22.67,22.68,22.1,22.28,2280900,1.0,0.0
2004-01-30,22.28,22.3,21.74,22.3,1870200,1.0,0.0
2004-02-02,22.2,22.23,21.87,21.9,1562700,1.0,0.0
2004-02-03,21.85,22.16,21.79,21.89,1369500,1.0,0.0
2004-02-04,21.7,21.85,21.53,21.75,2110200,1.0,0.08
2004-02-05,21.85,22.15,21.85,22.03,1633200,1.0,0.0
2004-02-06,21.98,22.27,21.87,22.16,2481500,1.0,0.0
2004-02-09,22.32,22.56,22.2,22.49,1586900,1.0,0.0
2004-02-10,22.35,22.62,22.35,22.59,1393000,1.0,0.0
2004-02-11,22.5,22.88,22.41,22.7,1476400,1.0,0.0
2004-02-12,22.55,22.62,22.44,22.47,1418700,1.0,0.0
2004-02-13,22.57,22.57,22.03,22.3,1199500,1.0,0.0
2004-02-17,22.4,22.4,21.63,22.11,2140600,1.0,0.0
2004-02-18,22.21,22.44,22.16,22.25,2156600,1.0,0.0
2004-02-19,22.45,22.6,22.32,22.38,1356000,1.0,0.0
2004-02-20,22.46,22.51,22.22,22.35,1136400,1.0,0.0
2004-02-23,22.41,22.42,21.92,22.14,878800,1.0,0.0
2004-02-24,22.0,22.03,21.8,21.97,1038500,1.0,0.0
2004-02-25,22.0,22.08,21.69,21.75,1404200,1.0,0.0
2004-02-26,21.75,21.83,21.51,21.79,909600,1.0,0.0
2004-02-27,21.8,22.32,21.8,22.16,1503600,1.0,0.0
2004-03-01,22.15,22.15,21.69,21.85,1491900,1.0,0.0
2004-03-02,21.84,21.88,21.59,21.63,1503300,1.0,0.0
2004-03-03,21.02,21.56,21.02,21.45,1821600,1.0,0.0
2004-03-04,21.45,21.71,21.41,21.49,1300500,1.0,0.0
2004-03-05,22.0,22.09,21.71,21.84,2257400,1.0,0.0
2004-03-08,21.84,21.88,21.61,21.62,1068100,1.0,0.0
2004-03-09,21.51,21.59,21.15,21.34,1586400,1.0,0.0
2004-03-10,21.12,21.34,20.98,21.14,2964000,1.0,0.0
2004-03-11,20.8,21.34,20.65,20.96,1625000,1.0,0.0
2004-03-12,20.94,21.4,20.88,21.37,1186200,1.0,0.0
2004-03-15,21.37,21.37,20.77,20.98,1446200,1.0,0.0
2004-03-16,21.22,21.22,20.5,20.82,2668100,1.0,0.0
2004-03-17,21.01,21.18,20.7,21.15,1648700,1.0,0.0
2004-03-18,20.98,21.15,20.77,21.06,888700,1.0,0.0
2004-03-19,20.95,20.97,20.66,20.81,1230600,1.0,0.0
2004-03-22,20.82,20.89,20.38,20.54,925100,1.0,0.0
2004-03-23,21.0,21.1,20.49,20.6,2026400,1.0,0.0
2004-03-24,20.9,21.02,20.75,21.0,3116000,1.0,0.0
2004-03-25,21.12,21.63,20.9,21.54,2253700,1.0,0.0
2004-03-26,21.6,21.76,21.37,21.52,1141400,1.0,0.0
2004-03-29,21.69,21.87,21.47,21.76,1087500,1.0,0.0
2004-03-30,21.65,21.7,21.41,21.7,950400,1.0,0.0
2004-03-31,21.88,22.22,21.6,22.09,2397800,1.0,0.0
2004-04-01,22.15,22.19,21.92,22.03,1242900,1.0,0.0
2004-04-02,22.3,22.4,22.11,22.35,1395800,1.0,0.0
2004-04-05,22.31,22.38,22.01,22.31,759300,1.0,0.0
2004-04-06,22.29,22.65,22.25,22.36,1050400,1.0,0.0
2004-04-07,22.37,22.45,21.89,22.2,1127300,1.0,0.0
2004-04-08,22.22,22.33,21.85,21.92,651800,1.0,0.0
2004-04-12,21.96,22.01,21.82,21.94,722700,1.0,0.0
2004-04-13,21.98,22.2,21.92,22.01,1380200,1.0,0.0
2004-04-14,21.85,22.19,21.8,21.89,1170200,1.0,0.0
2004-04-15,22.1,22.2,21.93,22.12,1013300,1.0,0.0
2004-04-16,22.15,22.15,21.99,22.1,1770300,1.0,0.0
2004-04-19,22.1,22.1,21.85,21.89,797600,1.0,0.0
2004-04-20,21.9,21.94,21.54,21.54,1325800,1.0,0.0
2004-04-21,21.9,22.97,21.76,22.71,6374300,1.0,0.0
2004-04-22,22.98,24.31,22.9,24.24,5140200,1.0,0.0
2004-04-23,23.65,24.98,23.65,24.74,5433700,1.0,0.0
2004-04-26,24.86,24.99,23.7,23.93,2185900,1.0,0.0
2004-04-27,24.25,24.56,24.16,24.48,2768700,1.0,0.0
2004-04-28,24.3,24.47,24.11,24.33,1799700,1.0,0.0
2004-04-29,24.62,24.62,23.89,24.05,1680500,1.0,0.0
2004-04-30,24.06,24.2,23.82,23.82,1672700,1.0,0.0
2004-05-03,23.82,24.04,23.78,23.99,1166700,1.0,0.0
2004-05-04,23.98,24.3,23.82,24.01,1232700,1.0,0.0
2004-05-05,23.94,24.1,23.82,23.96,715400,1.0,0.08
2004-05-06,23.88,24.3,23.72,24.26,1234500,1.0,0.0
2004-05-07,23.97,24.04,23.6,23.67,1492100,1.0,0.0
2004-05-10,23.48,23.7,23.21,23.46,1265500,1.0,0.0
2004-05-11,23.41,23.79,23.25,23.62,1079500,1.0,0.0
2004-05-12,23.35,24.0,22.89,23.85,1601300,1.0,0.0
2004-05-13,23.82,24.31,23.8,24.17,1234200,1.0,0.0
2004-05-14,24.03,24.12,23.65,23.81,1780200,1.0,0.0
2004-05-17,23.81,23.81,23.21,23.49,1564000,1.0,0.0
2004-05-18,23.51,23.57,23.24,23.51,1019000,1.0,0.0
2004-05-19,23.69,24.01,23.38,23.49,1276400,1.0,0.0
2004-05-20,23.52,23.68,23.4,23.63,1259300,1.0,0.0
2004-05-21,23.63,23.88,23.52,23.84,998700,1.0,0.0
2004-05-24,24.05,24.15,23.61,23.74,1094300,1.0,0.0
2004-05-25,23.54,23.84,23.36,23.76,1619800,1.0,0.0
2004-05-26,23.79,23.9,23.56,23.67,1316700,1.0,0.0
2004-05-27,23.67,24.2,23.67,24.1,2926600,1.0,0.0
2004-05-28,24.13,24.24,23.85,24.23,1139500,1.0,0.0
2004-06-01,24.26,24.26,23.89,23.99,1041400,1.0,0.0
2004-06-02,23.95,24.5,23.95,24.41,1991800,1.0,0.0
2004-06-03,24.3,24.43,24.06,24.41,1985400,1.0,0.0
2004-06-04,24.51,24.85,24.46,24.8,2134100,1.0,0.0
2004-06-07,24.9,25.5,24.85,25.45,3101900,1.0,0.0
2004-06-08,25.33,25.44,25.17,25.44,1928100,1.0,0.0
2004-06-09,24.9,25.11,24.76,24.77,3041700,1.0,0.0
2004-06-10,25.0,25.04,24.82,24.99,1692700,1.0,0.0
2004-06-14,24.74,24.82,24.3,24.49,1411500,1.0,0.0
2004-06-15,24.55,25.02,24.51,24.82,1854100,1.0,0.0
2004-06-16,24.78,25.11,24.74,25.07,958200,1.0,0.0
2004-06-17,25.07,25.13,24.84,25.06,1029000,1.0,0.0
2004-06-18,24.9,25.08,24.8,25.0,1115600,1.0,0.0
2004-06-21,24.94,25.15,24.91,24.94,917100,1.0,0.0
2004-06-22,24.8,24.89,24.61,24.84,1120200,1.0,0.0
2004-06-23,24.88,25.99,24.88,25.94,2590800,1.0,0.0
2004-06-24,26.45,26.45,25.82,25.89,1547100,1.0,0.0
2004-06-25,25.98,26.0,25.72,25.85,1991400,1.0,0.0
2004-06-28,25.84,26.04,25.75,25.91,927700,1.0,0.0
2004-06-29,25.91,26.27,25.69,26.25,1743900,1.0,0.0
2004-06-30,26.25,26.6,26.05,26.52,1441300,1.0,0.0
2004-07-01,26.47,26.58,25.7,25.7,1798700,1.0,0.0
2004-07-02,25.72,25.72,25.16,25.16,1746700,1.0,0.0
2004-07-06,25.12,25.4,25.04,25.04,1256400,1.0,0.0
2004-07-07,25.14,25.63,25.06,25.54,1121700,1.0,0.0
2004-07-08,25.2,25.25,24.77,24.83,1623600,1.0,0.0
2004-07-09,25.01,25.76,24.96,25.74,1907300,1.0,0.0
2004-07-12,25.74,25.87,25.45,25.8,1163100,1.0,0.0
2004-07-13,25.71,25.97,25.56,25.67,701000,1.0,0.0
2004-07-14,25.51,25.96,25.46,25.74,854300,1.0,0.0
2004-07-15,25.72,26.0,25.5,25.98,1243700,1.0,0.0
2004-07-16,26.22,26.354,25.9,25.92,1253100,1.0,0.0
2004-07-19,26.02,26.27,25.95,25.95,1494100,1.0,0.0
2004-07-20,25.96,26.69,25.96,26.62,1305100,1.0,0.0
2004-07-21,26.82,27.0,26.11,26.11,1807300,1.0,0.0
2004-07-22,25.7,26.0,25.29,25.62,1279800,1.0,0.0
2004-07-23,25.61,25.74,25.35,25.39,841200,1.0,0.0
2004-07-26,25.39,25.74,25.33,25.45,1125200,1.0,0.0
2004-07-27,25.62,26.15,25.5,25.9,1989200,1.0,0.0
2004-07-28,26.02,26.86,25.95,26.83,2294500,1.0,0.0
2004-07-29,26.97,27.13,26.61,27.0,1938100,1.0,0.0
2004-07-30,26.88,27.07,26.49,26.69,1583200,1.0,0.0
2004-08-02,26.69,27.0,26.54,26.97,1449300,1.0,0.0
2004-08-03,26.81,27.0,26.66,26.73,1169700,1.0,0.0
2004-08-04,26.68,27.4,26.53,27.1,2118000,1.0,0.1
2004-08-05,27.12,27.51,27.08,27.26,2156600,1.0,0.0
2004-08-06,26.87,27.16,26.14,26.25,2394600,1.0,0.0
2004-08-09,26.2,26.59,26.04,26.14,997100,1.0,0.0
2004-08-10,26.38,27.06,26.35,26.82,1883200,1.0,0.0
2004-08-11,26.82,27.37,26.68,27.0,1154400,1.0,0.0
2004-08-12,26.95,26.95,26.21,26.3,1317900,1.0,0.0
2004-08-13,26.42,26.66,26.12,26.27,1267700,1.0,0.0
2004-08-16,26.37,27.07,26.34,27.04,1814900,1.0,0.0
2004-08-17,27.1,27.29,27.0,27.08,1198400,1.0,0.0
2004-08-18,26.99,27.39,26.812,27.39,1675800,1.0,0.0
2004-08-19,27.42,27.5,26.92,27.07,1600200,1.0,0.0
2004-08-20,26.92,27.57,26.87,27.56,1210200,1.0,0.0
2004-08-23,27.5,27.92,27.12,27.17,1445400,1.0,0.0
2004-08-24,27.45,27.61,27.31,27.47,998500,1.0,0.0
2004-08-25,27.46,28.06,27.43,27.99,1537500,1.0,0.0
2004-08-26,28.0,28.25,27.88,28.01,1769200,1.0,0.0
2004-08-27,28.0,28.1,27.78,27.92,999600,1.0,0.0
2004-08-30,27.92,28.21,27.8,28.06,1021700,1.0,0.0
2004-08-31,28.06,28.4,28.04,28.4,1515300,1.0,0.0
2004-09-01,28.4,28.53,28.11,28.45,1729700,1.0,0.0
2004-09-02,28.45,29.29,28.44,29.28,1959000,1.0,0.0
2004-09-03,29.2,29.36,29.02,29.27,1266000,1.0,0.0
2004-09-07,29.3,29.47,28.74,28.99,2430900,1.0,0.0
2004-09-08,28.99,29.68,28.91,29.2,2243700,1.0,0.0
2004-09-09,29.25,29.29,28.75,28.81,1581700,1.0,0.0
2004-09-10,28.94,29.15,28.69,29.15,1264000,1.0,0.0
2004-09-13,29.2,29.31,28.75,28.91,1427300,1.0,0.0
2004-09-14,29.17,29.17,28.61,28.68,1219400,1.0,0.0
2004-09-15,28.83,28.83,28.46,28.61,1444800,1.0,0.0
2004-09-16,28.78,29.3,28.65,29.0,1397700,1.0,0.0
2004-09-17,29.02,29.47,28.9,29.44,1754100,1.0,0.0
2004-09-20,29.2,29.39,29.01,29.1,1529900,1.0,0.0
2004-09-21,29.4,29.57,29.35,29.52,923000,1.0,0.0
2004-09-22,29.4,29.4,29.1,29.17,1285100,1.0,0.0
2004-09-23,29.25,29.52,29.16,29.16,1208600,1.0,0.0
2004-09-24,29.16,29.58,29.14,29.39,973200,1.0,0.0
2004-09-27,29.39,29.39,28.69,28.69,1830000,1.0,0.0
2004-09-28,28.71,29.23,28.66,29.1,2247500,1.0,0.0
2004-09-29,29.03,29.6,28.97,29.45,1493900,1.0,0.0
2004-09-30,29.45,29.79,29.4,29.74,2553200,1.0,0.0
2004-10-01,29.99,30.33,29.88,30.27,2426500,1.0,0.0
2004-10-04,30.33,31.04,30.33,30.49,2195100,1.0,0.0
2004-10-05,30.4,30.45,29.99,30.05,1632000,1.0,0.0
2004-10-06,30.24,30.84,30.15,30.84,2211300,1.0,0.0
2004-10-07,30.83,31.0,30.32,30.39,1332500,1.0,0.0
2004-10-08,30.4,30.91,30.36,30.7,1444200,1.0,0.0
2004-10-11,30.61,30.73,30.5,30.64,882800,1.0,0.0
2004-10-12,30.45,30.93,30.4,30.93,1851800,1.0,0.0
2004-10-13,31.0,31.42,30.53,30.72,2266300,1.0,0.0
2004-10-14,30.6,31.16,30.6,30.95,1524500,1.0,0.0
2004-10-15,31.12,31.45,31.01,31.27,1245000,1.0,0.0
2004-10-18,31.31,31.77,31.25,31.77,1352200,1.0,0.0
2004-10-19,31.87,31.98,31.01,31.01,1883900,1.0,0.0
2004-10-20,31.01,31.45,30.6,31.08,1773800,1.0,0.0
2004-10-21,31.4,32.68,31.31,32.58,2973200,1.0,0.0
2004-10-22,32.86,33.17,32.47,32.59,2775800,1.0,0.0
2004-10-25,32.59,33.01,32.39,32.92,1969700,1.0,0.0
2004-10-26,32.94,33.1,32.69,33.1,2064700,1.0,0.0
2004-10-27,32.9,33.46,32.88,33.44,2142300,1.0,0.0
2004-10-28,33.4,33.4,33.0,33.26,2098900,1.0,0.0
2004-10-29,33.3,34.01,33.3,33.95,2101700,1.0,0.0
2004-11-01,33.95,34.25,33.85,34.15,1848700,1.0,0.0
2004-11-02,34.14,34.2,33.9,33.99,1488400,1.0,0.0
2004-11-03,34.1,34.24,33.94,34.19,1547600,1.0,0.1
2004-11-04,34.11,35.07,33.97,35.05,1930200,1.0,0.0
2004-11-05,35.0,35.16,34.68,34.83,1557800,1.0,0.0
2004-11-08,34.83,35.47,34.76,35.24,1369200,1.0,0.0
2004-11-09,35.22,35.59,35.18,35.49,1550100,1.0,0.0
2004-11-10,35.36,35.4,34.65,34.71,2183500,1.0,0.0
2004-11-11,34.69,35.03,34.69,34.98,1529800,1.0,0.0
2004-11-12,34.98,34.98,34.57,34.91,1522000,1.0,0.0
2004-11-15,34.89,35.04,34.51,34.6,1278900,1.0,0.0
2004-11-16,34.62,34.7,33.74,33.86,2496700,1.0,0.0
2004-11-17,34.08,34.09,33.68,33.8,1579500,1.0,0.0
2004-11-18,33.7,33.84,33.2521,33.46,1804100,1.0,0.0
2004-11-19,33.13,33.39,32.61,33.15,2482800,1.0,0.0
2004-11-22,32.96,33.94,32.85,33.94,1719800,1.0,0.0
2004-11-23,33.88,34.23,33.4,34.04,1640400,1.0,0.0
2004-11-24,34.24,34.46,34.21,34.21,1236500,1.0,0.0
2004-11-26,34.3,34.45,34.25,34.35,597600,1.0,0.0
2004-11-29,34.49,34.52,34.02,34.16,1538200,1.0,0.0
2004-11-30,34.16,34.49,34.1,34.33,2080600,1.0,0.0
2004-12-01,34.49,35.51,34.45,35.5,2585200,1.0,0.0
2004-12-02,35.5,35.69,35.23,35.38,2249100,1.0,0.0
2004-12-03,35.34,35.95,35.3,35.86,2308300,1.0,0.0
2004-12-06,35.86,35.95,35.36,35.47,1852800,1.0,0.0
2004-12-07,35.39,35.39,34.76,35.01,1631000,1.0,0.0
2004-12-08,35.01,35.3,35.01,35.21,998900,1.0,0.0
2004-12-09,35.09,35.14,34.91,35.02,1258500,1.0,0.0
2004-12-10,35.02,35.24,34.82,35.1,1036600,1.0,0.0
2004-12-13,35.4,35.5,35.19,35.46,1141700,1.0,0.0
2004-12-14,35.48,36.0,35.4,35.92,1252700,1.0,0.0
2004-12-15,35.99,36.17,35.6,35.66,1383700,1.0,0.0
2004-12-16,35.66,35.66,34.95,35.11,2293900,1.0,0.0
2004-12-17,34.25,34.96,34.2,34.85,2449200,1.0,0.0
2004-12-20,34.84,35.23,34.63,35.15,1225700,1.0,0.0
2004-12-21,35.7,36.53,35.64,36.21,1943000,1.0,0.0
2004-12-22,36.3,36.3185,35.78,36.01,1618200,1.0,0.0
2004-12-23,36.0,36.1,35.88,36.04,1228800,1.0,0.0
2004-12-27,36.13,36.25,35.68,35.75,1012300,1.0,0.0
2004-12-28,35.74,36.39,35.71,36.38,1071800,1.0,0.0
2004-12-29,36.27,36.5,36.24,36.5,633400,1.0,0.0
2004-12-30,36.5,36.69,36.31,36.39,772900,1.0,0.0
2004-12-31,36.45,36.47,36.1,36.19,988000,1.0,0.0
2005-01-03,36.23,36.23,35.44,35.53,2020400,1.0,0.0
2005-01-04,35.51,35.6,35.09,35.24,1876200,1.0,0.0
2005-01-05,35.49,36.35,35.38,35.89,2846400,1.0,0.0
2005-01-06,36.04,36.49,36.01,36.41,2185400,1.0,0.0
2005-01-07,36.51,36.76,36.41,36.46,1730300,1.0,0.0
2005-01-10,36.2,36.45,35.71,36.29,2390600,1.0,0.0
2005-01-11,36.02,36.2,35.72,35.97,1260500,1.0,0.0
2005-01-12,35.79,35.94,35.56,35.91,1596200,1.0,0.0
2005-01-13,35.88,36.09,35.58,35.65,1462000,1.0,0.0
2005-01-14,35.75,36.31,35.74,36.22,1178400,1.0,0.0
2005-01-18,36.2,36.5,35.96,36.38,1769200,1.0,0.0
2005-01-19,36.46,36.48,36.01,36.14,1610600,1.0,0.0
2005-01-20,36.0,36.0,35.38,35.43,1348900,1.0,0.0
2005-01-21,35.26,35.57,35.05,35.32,1541400,1.0,0.0
2005-01-24,35.36,35.45,33.31,33.31,4611300,1.0,0.0
2005-01-25,34.05,35.21,33.95,34.71,4231800,1.0,0.0
2005-01-26,34.0,34.17,33.21,34.08,3445900,1.0,0.0
2005-01-27,34.05,34.1,33.64,34.1,2361900,1.0,0.0
2005-01-28,34.15,34.25,33.95,34.06,2903900,1.0,0.0
2005-01-31,34.4,34.98,34.35,34.92,1720100,1.0,0.0
2005-02-01,35.35,35.36,34.88,35.08,1555600,1.0,0.0
2005-02-02,34.97,35.14,34.75,34.92,1117000,1.0,0.11
2005-02-03,34.75,34.86,34.21,34.26,1432200,1.0,0.0
2005-02-04,34.37,35.3,34.28,35.2,1419000,1.0,0.0
2005-02-07,35.21,35.96,35.1,35.29,1896400,1.0,0.0
2005-02-08,35.13,35.4612,34.53,35.36,2369200,1.0,0.0
2005-02-09,35.63,35.74,35.32,35.52,1884600,1.0,0.0
2005-02-10,35.52,35.98,35.43,35.79,1720200,1.0,0.0
2005-02-11,35.79,36.1,35.37,35.75,2125200,1.0,0.0
2005-02-14,35.7,35.75,34.9,35.28,1418300,1.0,0.0
2005-02-15,35.3,35.34,34.79,35.0,2072500,1.0,0.0
2005-02-16,34.99,35.0,34.51,34.65,1250900,1.0,0.0
2005-02-17,34.64,35.31,34.29,34.8,2610400,1.0,0.0
2005-02-18,34.9,35.69,34.83,35.39,2195600,1.0,0.0
2005-02-22,35.4,35.46,34.4,34.4,1712100,1.0,0.0
2005-02-23,34.75,35.55,34.6,35.19,1719900,1.0,0.0
2005-02-24,35.23,36.06,35.15,36.05,1975600,1.0,0.0
2005-02-25,36.23,36.7,36.14,36.56,1920000,1.0,0.0
2005-02-28,36.5,36.75,35.85,35.89,1959100,1.0,0.0
2005-03-01,36.05,36.88,36.05,36.47,1669900,1.0,0.0
2005-03-02,36.05,36.43,35.86,36.09,1046400,1.0,0.0
2005-03-03,36.34,36.86,36.14,36.8,1301300,1.0,0.0
2005-03-04,37.0,37.26,36.5,36.95,1948800,1.0,0.0
2005-03-07,37.15,37.9,37.08,37.61,1858400,1.0,0.0
2005-03-08,37.73,37.9,37.45,37.62,2160500,1.0,0.0
2005-03-09,37.5,37.64,37.02,37.35,1853200,1.0,0.0
2005-03-10,37.62,37.8,37.1,37.51,1708900,1.0,0.0
2005-03-11,37.51,37.95,37.49,37.76,1469000,1.0,0.0
2005-03-14,37.77,37.84,37.27,37.77,1925600,1.0,0.0
2005-03-15,37.71,37.85,37.04,37.04,1856100,1.0,0.0
2005-03-16,37.0,37.0,36.3,36.59,1416800,1.0,0.0
2005-03-17,36.75,37.53,36.75,37.35,1612300,1.0,0.0
2005-03-18,37.47,37.66,37.25,37.66,2465500,1.0,0.0
2005-03-21,37.98,38.37,37.7,37.78,2789200,1.0,0.0
2005-03-22,38.75,38.99,38.1,38.2,2523000,1.0,0.0
2005-03-23,38.23,38.6,37.9,38.38,1946600,1.0,0.0
2005-03-24,38.5,38.72,38.0,38.02,1829700,1.0,0.0
2005-03-28,38.25,38.34,37.26,37.48,2162400,1.0,0.0
2005-03-29,37.52,37.61,36.14,36.38,2719600,1.0,0.0
2005-03-30,36.38,37.08,36.38,37.08,1893700,1.0,0.0
2005-03-31,37.1,37.3,36.75,37.05,1413600,1.0,0.0
2005-04-01,37.45,37.78,36.57,36.78,1622900,1.0,0.0
2005-04-04,36.8,37.4,36.79,37.14,1713700,1.0,0.0
2005-04-05,37.14,37.37,36.7,36.7,1847500,1.0,0.0
2005-04-06,36.75,36.99,36.37,36.53,1863800,1.0,0.0
2005-04-07,36.55,36.92,36.41,36.89,1394900,1.0,0.0
2005-04-08,36.9,36.9,34.68,34.84,3629400,1.0,0.0
2005-04-11,35.09,35.38,34.42,35.27,2148300,1.0,0.0
2005-04-12,35.28,35.35,34.42,35.0,1833800,1.0,0.0
2005-04-13,34.9,34.97,33.152,33.48,2843600,1.0,0.0
2005-04-14,32.25,32.76,31.45,31.8,5432400,1.0,0.0
2005-04-15,31.45,32.06,30.55,30.65,3908400,1.0,0.0
2005-04-18,30.04,31.44,29.98,31.27,3100000,1.0,0.0
2005-04-19,31.74,32.85,31.57,32.52,3269300,1.0,0.0
2005-04-20,32.66,32.66,31.68,31.9,3456400,1.0,0.0
2005-04-21,32.35,33.3,32.35,33.03,3481000,1.0,0.0
2005-04-22,32.71,33.04,32.36,32.72,2311000,1.0,0.0
2005-04-25,33.21,33.56,32.77,33.56,2259900,1.0,0.0
2005-04-26,33.33,33.48,32.85,32.96,1894900,1.0,0.0
2005-04-27,32.25,32.61,31.0,32.04,3848500,1.0,0.0
2005-04-28,32.05,32.22,31.56,31.66,2765400,1.0,0.0
2005-04-29,31.75,31.85,31.22,31.4,3830200,1.0,0.0
2005-05-02,31.73,32.53,31.67,32.42,2433600,1.0,0.0
2005-05-03,32.61,32.65,31.59,31.84,2916300,1.0,0.0
2005-05-04,32.02,32.13,31.45,32.09,2492000,1.0,0.11
2005-05-05,32.19,32.56,31.85,32.05,1564900,1.0,0.0
2005-05-06,32.15,32.28,31.8,32.04,1056200,1.0,0.0
2005-05-09,31.73,32.35,31.52,32.33,2097400,1.0,0.0
2005-05-10,32.21,32.22,31.3,31.41,3236300,1.0,0.0
2005-05-11,31.55,31.96,31.28,31.83,3098300,1.0,0.0
2005-05-12,31.52,31.74,30.75,30.77,2644700,1.0,0.0
2005-05-13,30.84,31.09,29.6,30.21,2872400,1.0,0.0
2005-05-16,30.38,30.78,30.38,30.76,2834700,1.0,0.0
2005-05-17,30.5,31.38,30.45,31.27,1867500,1.0,0.0
2005-05-18,31.6,32.26,31.52,32.07,1493000,1.0,0.0
2005-05-19,32.1,32.1,31.7,32.05,1096500,1.0,0.0
2005-05-20,31.95,32.08,31.66,32.05,1643500,1.0,0.0
2005-05-23,32.0,32.05,31.49,31.94,2056800,1.0,0.0
2005-05-24,31.98,31.98,31.35,31.63,2045200,1.0,0.0
2005-05-25,31.64,31.79,31.3,31.65,1553500,1.0,0.0
2005-05-26,31.8,32.1,31.79,31.85,1575300,1.0,0.0
2005-05-27,32.0,32.06,31.85,31.93,1143100,1.0,0.0
2005-05-31,31.82,32.09,31.58,31.92,1909600,1.0,0.0
2005-06-01,31.92,32.34,31.8,32.33,1695000,1.0,0.0
2005-06-02,32.33,32.5,32.09,32.34,1084300,1.0,0.0
2005-06-03,32.2,32.34,32.01,32.09,1347000,1.0,0.0
2005-06-06,32.25,32.463,31.83,32.07,1313600,1.0,0.0
2005-06-07,32.29,32.87,32.18,32.59,1882000,1.0,0.0
2005-06-08,32.76,32.76,31.66,31.67,1999100,1.0,0.0
2005-06-09,31.6,31.61,30.96,31.52,2664300,1.0,0.0
2005-06-10,31.73,31.8,31.23,31.39,1837900,1.0,0.0
2005-06-13,31.42,32.11,31.41,31.63,1601800,1.0,0.0
2005-06-14,31.74,31.9,31.45,31.58,1735200,1.0,0.0
2005-06-15,31.78,32.14,31.46,32.14,1750500,1.0,0.0
2005-06-16,32.25,32.66,32.15,32.61,1671900,1.0,0.0
2005-06-17,33.09,33.36,32.85,32.94,2678100,1.0,0.0
2005-06-20,32.36,32.6,32.2,32.45,1890600,1.0,0.0
2005-06-21,32.45,32.7,32.3515,32.4,1765400,1.0,0.0
2005-06-22,32.48,32.67,32.04,32.23,3711000,1.0,0.0
2005-06-23,32.13,32.14,31.12,31.17,2508100,1.0,0.0
2005-06-24,31.17,31.17,30.25,30.34,3481100,1.0,0.0
2005-06-27,30.43,30.44,29.78,30.01,3688400,1.0,0.0
2005-06-28,30.19,31.28,29.97,31.26,4368200,1.0,0.0
2005-06-29,31.38,31.51,31.0,31.3,2209800,1.0,0.0
2005-06-30,31.5,31.6,30.84,30.96,2141100,1.0,0.0
2005-07-01,31.16,31.65,31.1,31.45,1696200,1.0,0.0
2005-07-05,31.36,31.36,30.7,31.27,2913200,1.0,0.0
2005-07-06,31.5,31.89,31.34,31.44,2104600,1.0,0.0
2005-07-07,31.26,31.32,30.83,31.25,1667900,1.0,0.0
2005-07-08,31.25,32.26,31.09,32.15,2554300,1.0,0.0
2005-07-11,32.8,32.8,32.4,32.61,2200600,1.0,0.0
2005-07-12,32.61,32.64,32.02,32.27,1842400,1.0,0.0
2005-07-13,32.24,32.55,32.05,32.1,1222200,1.0,0.0
2005-07-14,32.52,32.7,32.22,32.62,1627200,1.0,0.0
2005-07-15,32.75,33.2,32.63,33.17,2540100,1.0,0.0
2005-07-18,33.24,33.5,33.18,33.42,1925400,1.0,0.0
2005-07-19,33.57,33.9,33.2,33.37,2220900,1.0,0.0
2005-07-20,33.23,35.32,33.18,35.19,3550500,1.0,0.0
2005-07-21,35.2,35.62,34.89,35.12,2064600,1.0,0.0
2005-07-22,35.07,35.3,34.74,34.89,1240600,1.0,0.0
2005-07-25,34.79,35.1,34.36,34.51,1376600,1.0,0.0
2005-07-26,34.59,34.78,34.25,34.53,1770200,1.0,0.0
2005-07-27,35.24,36.1,35.2,36.1,3881800,1.0,0.0
2005-07-28,36.1,37.4,36.05,37.3,4227600,1.0,0.0
2005-07-29,37.79,38.22,37.16,37.21,2454000,1.0,0.0
2005-08-01,37.48,37.49,37.03,37.23,1857000,1.0,0.0
2005-08-02,37.33,37.56,37.21,37.46,2059500,1.0,0.0
2005-08-03,37.45,37.55,37.15,37.28,1344900,1.0,0.13
2005-08-04,37.05,37.26,36.94,37.08,2236000,1.0,0.0
2005-08-05,37.02,37.18,36.8,37.02,1550900,1.0,0.0
2005-08-08,37.05,37.48,36.82,36.9,1126000,1.0,0.0
2005-08-09,36.98,37.28,36.84,37.25,1433500,1.0,0.0
2005-08-10,37.29,37.44,36.76,36.89,1399200,1.0,0.0
2005-08-11,36.98,37.17,36.8,37.0,1622500,1.0,0.0
2005-08-12,37.0,37.25,36.71,37.05,1174200,1.0,0.0
2005-08-15,37.05,37.09,36.556,36.75,1314500,1.0,0.0
2005-08-16,36.78,36.92,36.22,36.4,1220600,1.0,0.0
2005-08-17,36.4,36.49,36.05,36.29,1566100,1.0,0.0
2005-08-18,36.11,36.26,35.74,36.17,1691900,1.0,0.0
2005-08-19,36.39,36.83,36.33,36.63,1404000,1.0,0.0
2005-08-22,36.74,37.07,36.59,36.86,1605500,1.0,0.0
2005-08-23,36.79,37.1,36.17,36.2,1609200,1.0,0.0
2005-08-24,36.21,36.98,36.14,36.45,1587000,1.0,0.0
2005-08-25,36.0,36.88,35.99,36.79,1541600,1.0,0.0
2005-08-26,36.65,36.81,36.23,36.48,758700,1.0,0.0
2005-08-29,36.21,36.58,35.9,36.21,1521400,1.0,0.0
2005-08-30,36.0,36.08,35.24,35.63,2330700,1.0,0.0
2005-08-31,35.63,35.71,35.34,35.61,2577100,1.0,0.0
2005-09-01,35.63,36.02,35.61,35.93,1876800,1.0,0.0
2005-09-02,35.95,36.25,35.9,36.06,1232500,1.0,0.0
2005-09-06,36.26,36.78,36.15,36.3,1471900,1.0,0.0
2005-09-07,36.3,36.34,35.82,36.03,1693700,1.0,0.0
2005-09-08,36.0,36.25,35.87,35.97,1559400,1.0,0.0
2005-09-09,35.9,36.2,35.8,36.05,1453100,1.0,0.0
2005-09-12,36.1,36.65,36.07,36.59,1931700,1.0,0.0
2005-09-13,36.52,36.64,36.03,36.43,1483200,1.0,0.0
2005-09-14,36.45,36.58,36.28,36.38,1638400,1.0,0.0
2005-09-15,36.45,36.63,36.38,36.57,939300,1.0,0.0
2005-09-16,36.69,37.34,36.61,37.31,2466000,1.0,0.0
2005-09-19,37.25,37.43,37.02,37.26,1661600,1.0,0.0
2005-09-20,37.5,39.28,37.43,38.22,4742900,1.0,0.0
2005-09-21,37.98,38.78,37.97,38.34,2695500,1.0,0.0
2005-09-22,38.53,38.81,38.22,38.41,2426500,1.0,0.0
2005-09-23,38.26,39.09,38.18,38.89,1971000,1.0,0.0
2005-09-26,39.47,39.47,38.59,38.76,3052200,1.0,0.0
2005-09-27,38.75,38.9,38.5,38.64,2264200,1.0,0.0
2005-09-28,38.99,40.25,38.84,40.05,2554300,1.0,0.0
2005-09-29,40.15,40.61,40.0,40.32,2959200,1.0,0.0
2005-09-30,40.03,40.93,40.0,40.56,2866700,1.0,0.0
2005-10-03,40.47,40.9,40.3,40.65,2543300,1.0,0.0
2005-10-04,40.95,41.23,40.21,40.22,2161000,1.0,0.0
2005-10-05,40.0,40.17,39.36,39.48,2535600,1.0,0.0
2005-10-06,39.7,40.46,39.46,39.87,2248100,1.0,0.0
2005-10-07,40.06,40.74,39.85,40.38,2419300,1.0,0.0
2005-10-10,40.48,40.49,39.4,39.53,1827900,1.0,0.0
2005-10-11,39.75,39.88,39.34,39.46,1533400,1.0,0.0
2005-10-12,39.0,39.55,38.51,38.85,2024900,1.0,0.0
2005-10-13,38.55,39.65,38.01,39.51,2815300,1.0,0.0
2005-10-14,39.6,39.64,38.82,39.47,1375200,1.0,0.0
2005-10-17,39.33,39.92,39.12,39.8,963300,1.0,0.0
2005-10-18,40.59,40.6,39.24,39.44,2617700,1.0,0.0
2005-10-19,39.2,39.7,38.65,39.3,3989800,1.0,0.0
2005-10-20,40.13,40.24,39.18,39.34,1715600,1.0,0.0
2005-10-21,39.6,39.96,38.75,38.83,1956800,1.0,0.0
2005-10-24,39.0,39.85,38.94,39.75,2005000,1.0,0.0
2005-10-25,39.76,41.18,39.76,40.4,3365100,1.0,0.0
2005-10-26,38.5,39.46,38.26,38.58,4347000,1.0,0.0
2005-10-27,38.85,39.85,38.8,39.6,4273000,1.0,0.0
2005-10-28,39.9,40.59,39.53,39.76,2818600,1.0,0.0
2005-10-31,39.81,40.37,39.8,40.2,2874100,1.0,0.0
2005-11-01,40.3,40.72,40.25,40.5,2458600,1.0,0.0
2005-11-02,40.27,41.37,40.07,41.29,2858000,1.0,0.13
2005-11-03,41.74,42.55,41.5,41.97,3920900,1.0,0.0
2005-11-04,41.97,41.98,41.15,41.55,2311500,1.0,0.0
2005-11-07,41.78,42.21,41.6,41.96,2141700,1.0,0.0
2005-11-08,41.42,41.8,40.9896,41.38,1474400,1.0,0.0
2005-11-09,41.61,42.34,41.4,41.86,3060800,1.0,0.0
2005-11-10,42.13,42.45,41.36,42.1,2251400,1.0,0.0
2005-11-11,42.1,42.44,41.67,42.39,1528100,1.0,0.0
2005-11-14,42.39,42.4,41.71,42.17,1657500,1.0,0.0
2005-11-15,42.0,42.48,41.83,42.34,1670500,1.0,0.0
2005-11-16,42.35,42.48,41.83,41.96,1893300,1.0,0.0
2005-11-17,42.2,42.8,42.2,42.78,3283800,1.0,0.0
2005-11-18,42.9,43.9,42.8,43.87,2752400,1.0,0.0
2005-11-21,43.53,44.04,43.2,44.0,2022200,1.0,0.0
2005-11-22,43.6,43.91,42.91,43.69,2441800,1.0,0.0
2005-11-23,43.9,44.35,43.82,44.01,2054900,1.0,0.0
2005-11-25,43.95,44.15,43.59,43.89,478100,1.0,0.0
2005-11-28,43.9,44.25,43.75,44.02,1965300,1.0,0.0
2005-11-29,44.07,44.99,44.03,44.27,1551000,1.0,0.0
2005-11-30,44.18,44.83,44.02,44.24,2239300,1.0,0.0
2005-12-01,44.33,44.69,44.12,44.21,1551600,1.0,0.0
2005-12-02,44.22,44.48,44.01,44.13,1293300,1.0,0.0
2005-12-05,44.14,44.14,42.65,43.26,2624600,1.0,0.0
2005-12-06,43.56,43.89,43.33,43.36,2096300,1.0,0.0
2005-12-07,43.47,43.75,42.55,42.66,1769400,1.0,0.0
2005-12-08,43.0,43.2,42.54,42.8,1802000,1.0,0.0
2005-12-09,42.9,43.2,42.66,42.91,1403300,1.0,0.0
2005-12-12,43.14,43.448,42.4,42.96,1573900,1.0,0.0
2005-12-13,42.98,43.24,42.54,43.08,1889000,1.0,0.0
2005-12-14,43.09,43.94,43.01,43.73,1423800,1.0,0.0
2005-12-15,43.98,44.01,43.32,43.48,1659000,1.0,0.0
2005-12-16,43.48,43.82,42.97,43.01,2078500,1.0,0.0
2005-12-19,42.92,43.15,42.54,42.62,997700,1.0,0.0
2005-12-20,42.5,43.17,42.47,42.93,1425100,1.0,0.0
2005-12-21,43.22,44.42,43.13,44.1,2133300,1.0,0.0
2005-12-22,44.08,44.5,43.96,44.35,1592200,1.0,0.0
2005-12-23,44.46,45.22,44.41,45.2,1502100,1.0,0.0
2005-12-27,45.44,45.81,44.69,44.81,1293200,1.0,0.0
2005-12-28,44.81,45.07,44.45,44.95,885300,1.0,0.0
2005-12-29,45.04,45.8,44.94,44.96,1007500,1.0,0.0
2005-12-30,44.9,45.16,44.53,44.83,756600,1.0,0.0
2006-01-03,45.0,45.0,42.58,43.45,4053100,1.0,0.0
2006-01-04,43.64,44.14,43.46,43.55,2535900,1.0,0.0
2006-01-05,43.48,43.49,42.73,42.85,2358900,1.0,0.0
2006-01-06,42.15,42.59,41.22,42.16,6493900,1.0,0.0
2006-01-09,42.0,42.92,42.0,42.39,3576600,1.0,0.0
2006-01-10,42.1,44.23,41.75,42.42,3134500,1.0,0.0
2006-01-11,42.45,42.77,42.34,42.5,2414400,1.0,0.0
2006-01-12,42.34,42.62,42.16,42.42,1939500,1.0,0.0
2006-01-13,42.3,42.67,42.29,42.48,1442400,1.0,0.0
2006-01-17,42.05,42.65,42.04,42.41,2371000,1.0,0.0
2006-01-18,42.42,43.34,42.24,42.338,2373900,1.0,0.0
2006-01-19,43.45,44.71,43.37,44.6,2849500,1.0,0.0
2006-01-20,44.8,44.8,43.81,44.27,2819500,1.0,0.0
2006-01-23,44.9,45.58,44.79,45.45,3141900,1.0,0.0
2006-01-24,45.97,46.6,45.6,45.8,4255500,1.0,0.0
2006-01-25,47.75,48.32,47.01,47.64,5136300,1.0,0.0
2006-01-26,48.0,49.9,47.84,49.85,4591500,1.0,0.0
2006-01-27,49.88,49.88,48.97,49.48,3474500,1.0,0.0
2006-01-30,49.43,49.93,49.24,49.65,2507800,1.0,0.0
2006-01-31,49.6,49.94,49.27,49.68,3679300,1.0,0.0
2006-02-01,49.87,49.8999,48.6,49.55,2623600,1.0,0.16
2006-02-02,49.35,49.47,48.26,48.79,2614500,1.0,0.0
2006-02-03,48.78,49.57,48.61,49.24,2126000,1.0,0.0
2006-02-06,49.19,50.17,49.03,49.75,3168500,1.0,0.0
2006-02-07,49.75,49.77,48.75,48.95,1682500,1.0,0.0
2006-02-08,49.0,49.0,47.8,48.3,2837900,1.0,0.0
2006-02-09,48.28,48.67,48.15,48.38,2097100,1.0,0.0
2006-02-10,48.38,49.08,47.77,49.0,1845300,1.0,0.0
2006-02-13,49.29,49.3,48.09,48.27,1949700,1.0,0.0
2006-02-14,48.38,50.0,48.38,49.64,2733500,1.0,0.0
2006-02-15,49.14,50.79,49.06,50.77,2942000,1.0,0.0
2006-02-16,51.0,51.0,49.76,50.0,2493900,1.0,0.0
2006-02-17,49.76,49.87,49.06,49.35,1949100,1.0,0.0
2006-02-21,49.99,50.25,49.51,50.2,2259700,1.0,0.0
2006-02-22,50.44,50.98,50.21,50.8,3102200,1.0,0.0
2006-02-23,50.99,51.0,50.25,50.3,1634800,1.0,0.0
2006-02-24,49.98,50.43,49.78,49.96,1289500,1.0,0.0
2006-02-27,50.44,51.4,50.2,51.32,1782400,1.0,0.0
2006-02-28,51.0,51.3,50.5,51.18,2779000,1.0,0.0
2006-03-01,51.18,52.2,51.18,52.08,2660500,1.0,0.0
2006-03-02,52.09,52.3,51.48,51.61,2392300,1.0,0.0
2006-03-03,51.51,52.37,51.2,52.12,1936000,1.0,0.0
2006-03-06,52.02,52.11,51.27,51.72,2244700,1.0,0.0
2006-03-07,51.35,51.53,49.54,50.14,2564100,1.0,0.0
2006-03-08,49.5,50.0,48.12,48.96,2845900,1.0,0.0
2006-03-09,49.07,49.99,49.02,49.35,1708100,1.0,0.0
2006-03-10,49.45,50.83,49.36,50.83,2182300,1.0,0.0
2006-03-13,51.2,51.59,50.97,51.21,1802000,1.0,0.0
2006-03-14,51.34,51.78,50.85,51.49,1603200,1.0,0.0
2006-03-15,52.85,54.0,52.65,53.92,3586700,1.0,0.0
2006-03-16,54.27,54.28,53.38,53.65,2164900,1.0,0.0
2006-03-17,54.0,54.36,53.2,53.94,2285300,1.0,0.0
2006-03-20,53.95,54.64,53.4151,53.99,1239700,1.0,0.0
2006-03-21,54.29,54.93,53.36,53.54,1682400,1.0,0.0
2006-03-22,53.41,54.75,53.41,54.73,1175000,1.0,0.0
2006-03-23,54.73,54.74,52.78,52.89,2191000,1.0,0.0
2006-03-24,53.12,53.43,52.27,53.3,1377500,1.0,0.0
2006-03-27,52.35,54.34,52.35,53.7,1519100,1.0,0.0
2006-03-28,53.59,53.82,52.88,53.57,1357700,1.0,0.0
2006-03-29,53.41,53.94,53.11,53.5,1966400,1.0,0.0
2006-03-30,53.45,54.24,53.4,53.8,1716400,1.0,0.0
2006-03-31,53.89,54.41,53.72,54.07,1635300,1.0,0.0
2006-04-03,54.5,55.27,54.43,55.16,2156300,1.0,0.0
2006-04-04,55.2,56.28,55.11,55.73,1877900,1.0,0.0
2006-04-05,55.74,56.23,55.35,56.14,1992400,1.0,0.0
2006-04-06,56.0,56.6,55.93,56.34,1539900,1.0,0.0
2006-04-07,55.91,56.28,54.2,54.4,2749900,1.0,0.0
2006-04-10,54.35,54.57,53.43,54.13,1854100,1.0,0.0
2006-04-11,54.14,54.29,53.15,54.02,3393400,1.0,0.0
2006-04-12,54.2,54.78,53.45,54.61,1951500,1.0,0.0
2006-04-13,54.79,55.13,53.43,53.84,2047900,1.0,0.0
2006-04-17,53.5,54.46,53.45,53.85,1497900,1.0,0.0
2006-04-18,54.72,56.5,54.0,56.35,3191800,1.0,0.0
2006-04-19,57.1,57.48,55.75,55.87,2367100,1.0,0.0
2006-04-20,56.21,56.65,55.09,55.62,1707800,1.0,0.0
2006-04-21,56.3,57.0,55.65,56.18,1891600,1.0,0.0
2006-04-24,56.02,57.1,55.8,56.67,2131400,1.0,0.0
2006-04-25,56.0,56.0,53.8,54.25,4407300,1.0,0.0
2006-04-26,55.4,56.18,54.95,55.38,2843600,1.0,0.0
2006-04-27,53.43,55.22,53.43,54.41,2381800,1.0,0.0
2006-04-28,54.67,55.43,53.89,54.0,2036700,1.0,0.0
2006-05-01,54.4,55.26,54.26,54.95,2301900,1.0,0.0
2006-05-02,55.58,55.75,54.28,55.33,1822500,1.0,0.0
2006-05-03,55.46,56.06,55.04,55.9,1604700,1.0,0.16
2006-05-04,56.3,56.75,56.06,56.2,1851800,1.0,0.0
2006-05-05,56.95,57.1,56.09,56.2,2005900,1.0,0.0
2006-05-08,56.2,56.75,55.84,56.06,1487200,1.0,0.0
2006-05-09,56.2,56.9,55.79,56.64,1557600,1.0,0.0
2006-05-10,56.6,57.71,56.5,57.35,1715600,1.0,0.0
2006-05-11,57.0,57.2,55.72,56.01,1764500,1.0,0.0
2006-05-12,56.02,56.02,54.01,54.37,1779400,1.0,0.0
2006-05-15,53.94,54.4,52.49,53.76,2905800,1.0,0.0
2006-05-16,54.06,54.71,53.12,53.86,1589100,1.0,0.0
2006-05-17,53.52,54.0,51.16,51.63,2418800,1.0,0.0
2006-05-18,51.7,52.38,49.51,49.7,3702300,1.0,0.0
2006-05-19,50.17,51.19,49.24,50.52,2834200,1.0,0.0
2006-05-22,50.52,51.61,49.95,51.18,2982400,1.0,0.0
2006-05-23,52.73,53.4,51.2,52.25,4079700,1.0,0.0
2006-05-24,51.96,52.89,50.51,51.38,3118400,1.0,0.0
2006-05-25,51.68,52.35,51.42,52.17,1597400,1.0,0.0
2006-05-26,52.68,53.02,52.4,52.94,1009600,1.0,0.0
2006-05-30,52.93,53.2,51.56,51.71,1506200,1.0,0.0
2006-05-31,52.15,52.97,52.0,52.76,2054100,1.0,0.0
2006-06-01,52.4,53.27,52.12,52.85,1878500,1.0,0.0
2006-06-02,53.3,53.99,53.0,53.6,1929100,1.0,0.0
2006-06-05,54.54,54.54,51.5,51.6,2620900,1.0,0.0
2006-06-06,51.6,51.78,50.0,51.46,2646800,1.0,0.0
2006-06-07,51.97,52.22,49.27,49.41,2556000,1.0,0.0
2006-06-08,47.1,49.79,46.17,49.76,6503300,1.0,0.0
2006-06-09,49.96,50.49,48.28,48.64,2982100,1.0,0.0
2006-06-12,49.37,49.65,48.18,48.28,2471700,1.0,0.0
2006-06-13,48.12,49.65,47.51,48.46,2746800,1.0,0.0
2006-06-14,47.56,49.81,47.5,49.75,2139500,1.0,0.0
2006-06-15,50.23,50.95,49.58,50.82,2918100,1.0,0.0
2006-06-16,50.39,50.84,49.89,50.42,2460900,1.0,0.0
2006-06-19,50.76,50.9,49.41,49.55,1942800,1.0,0.0
2006-06-20,49.56,50.48,49.45,49.55,2186300,1.0,0.0
2006-06-21,49.55,51.16,49.53,51.09,1655500,1.0,0.0
2006-06-22,51.09,51.45,50.0,50.86,1791300,1.0,0.0
2006-06-23,50.87,51.69,50.52,50.89,1369400,1.0,0.0
2006-06-26,50.98,51.22,50.22,50.95,1493600,1.0,0.0
2006-06-27,50.84,51.23,49.67,49.67,2124900,1.0,0.0
2006-06-28,49.39,51.5,49.39,50.98,2776900,1.0,0.0
2006-06-29,51.0,52.65,50.47,52.57,2067000,1.0,0.0
2006-06-30,53.0,53.59,52.62,53.22,2768300,1.0,0.0
2006-07-03,53.87,53.94,53.4,53.75,919500,1.0,0.0
2006-07-05,53.75,54.0,52.69,53.73,1867400,1.0,0.0
2006-07-06,53.73,53.83,51.75,52.26,2186700,1.0,0.0
2006-07-07,52.26,52.37,51.0101,51.55,1661400,1.0,0.0
2006-07-10,51.9,52.41,51.38,51.9,1603300,1.0,0.0
2006-07-11,51.62,52.14,51.28,51.83,1726200,1.0,0.0
2006-07-12,51.9,52.11,50.1,50.36,2565000,1.0,0.0
2006-07-13,50.36,50.534,49.15,50.05,2835800,1.0,0.0
2006-07-14,49.77,49.9,48.34,49.3,2278200,1.0,0.0
2006-07-17,49.1,49.78,48.9,49.45,2528800,1.0,0.0
2006-07-18,49.7,50.6,49.58,50.44,3412800,1.0,0.0
2006-07-19,50.45,51.48,49.5,50.9,2895600,1.0,0.0
2006-07-20,50.9,51.39,47.57,47.62,2865900,1.0,0.0
2006-07-21,47.55,47.55,45.27,46.37,4608200,1.0,0.0
2006-07-24,46.41,47.25,46.41,46.95,2512600,1.0,0.0
2006-07-25,46.0,46.17,44.63,45.25,5000000,1.0,0.0
2006-07-26,41.65,43.0,39.1,41.4,14125700,1.0,0.0
2006-07-27,41.9,44.39,41.9,43.26,6941900,1.0,0.0
2006-07-28,43.2,44.2,42.75,43.76,4157900,1.0,0.0
2006-07-31,43.75,43.89,43.31,43.42,3954600,1.0,0.0
2006-08-01,43.04,43.04,41.92,42.09,3599200,1.0,0.0
2006-08-02,42.38,42.94,42.08,42.71,3897900,1.0,0.18
2006-08-03,41.98,43.49,41.925,43.22,4757900,1.0,0.0
2006-08-04,43.82,44.71,41.67,41.93,5565400,1.0,0.0
2006-08-07,41.93,42.36,41.25,41.53,3632800,1.0,0.0
2006-08-08,41.73,42.31,41.5,41.72,3094900,1.0,0.0
2006-08-09,42.01,42.27,40.5,40.65,3175900,1.0,0.0
2006-08-10,40.38,41.34,40.32,41.1,3494700,1.0,0.0
2006-08-11,41.08,41.29,40.63,40.93,2731000,1.0,0.0
2006-08-14,41.4,42.2,41.25,41.49,3169400,1.0,0.0
2006-08-15,41.93,43.23,41.93,43.23,2697500,1.0,0.0
2006-08-16,43.71,45.16,43.41,45.08,3326800,1.0,0.0
2006-08-17,44.71,45.41,44.28,44.41,2721800,1.0,0.0
2006-08-18,44.41,44.5,43.74,44.29,2292500,1.0,0.0
2006-08-21,44.28,44.29,42.17,42.46,3145100,1.0,0.0
2006-08-22,42.31,42.92,42.19,42.72,2733700,1.0,0.0
2006-08-23,42.92,43.09,42.26,42.51,1976200,1.0,0.0
2006-08-24,42.62,42.72,41.23,41.52,2090900,1.0,0.0
2006-08-25,41.21,42.58,41.15,42.4,1903300,1.0,0.0
2006-08-28,42.3,42.97,42.1,42.33,2457200,1.0,0.0
2006-08-29,42.23,42.43,41.49,42.3,1906500,1.0,0.0
2006-08-30,42.51,42.7,41.61,42.06,1559300,1.0,0.0
2006-08-31,42.32,42.9,41.88,42.73,2190700,1.0,0.0
2006-09-01,42.8,42.91,42.09,42.61,1766500,1.0,0.0
2006-09-05,42.5,42.51,41.64,42.05,4026100,1.0,0.0
2006-09-06,42.06,42.06,41.28,41.46,4218600,1.0,0.0
2006-09-07,41.3,41.64,41.0,41.64,4087400,1.0,0.0
2006-09-08,41.79,41.95,41.19,41.31,2823700,1.0,0.0
2006-09-11,41.25,41.86,40.65,41.61,2574500,1.0,0.0
2006-09-12,41.49,42.67,41.49,42.64,1762900,1.0,0.0
2006-09-13,42.64,44.25,42.61,43.69,3024000,1.0,0.0
2006-09-14,43.7,44.9,43.68,43.83,2315800,1.0,0.0
2006-09-15,44.33,44.33,42.87,43.05,2692500,1.0,0.0
2006-09-18,43.2,45.27,43.05,44.8,4154900,1.0,0.0
2006-09-19,44.2,44.2,42.58,43.22,3640500,1.0,0.0
2006-09-20,43.23,43.82,42.23,42.51,3115800,1.0,0.0
2006-09-21,42.51,42.72,41.4,41.56,4101900,1.0,0.0
2006-09-22,41.25,41.94,41.25,41.77,3614100,1.0,0.0
2006-09-25,42.11,42.22,41.35,42.04,3907700,1.0,0.0
2006-09-26,42.18,43.27,42.13,43.14,3380200,1.0,0.0
2006-09-27,42.99,44.04,42.92,43.66,4103000,1.0,0.0
2006-09-28,43.0,43.75,42.98,43.45,3008600,1.0,0.0
2006-09-29,43.3,44.18,42.94,44.05,3415400,1.0,0.0
2006-10-02,43.89,44.04,42.8,42.93,3682600,1.0,0.0
2006-10-03,43.02,43.81,42.94,43.63,4687000,1.0,0.0
2006-10-04,43.56,45.48,43.33,45.48,5201500,1.0,0.0
2006-10-05,45.55,47.04,45.23,46.17,5059600,1.0,0.0
2006-10-06,46.15,46.16,45.12,45.7,2857400,1.0,0.0
2006-10-09,45.84,46.33,45.3,45.75,1578200,1.0,0.0
2006-10-10,46.03,46.32,45.43,45.88,2848500,1.0,0.0
2006-10-11,45.79,45.96,45.16,45.71,3223800,1.0,0.0
2006-10-12,46.03,46.48,45.84,46.15,2787600,1.0,0.0
2006-10-13,46.29,47.15,45.92,46.82,3093300,1.0,0.0
2006-10-16,46.61,48.22,46.47,47.97,4634000,1.0,0.0
2006-10-17,47.97,47.97,46.75,47.69,2548700,1.0,0.0
2006-10-18,48.5,49.65,48.12,48.64,4227800,1.0,0.0
2006-10-19,48.3,48.7,47.7,48.48,2552600,1.0,0.0
2006-10-20,49.25,49.26,48.02,48.2,4144000,1.0,0.0
2006-10-23,47.79,49.19,47.61,48.7,2624000,1.0,0.0
2006-10-24,48.2,48.85,47.84,48.8,2996600,1.0,0.0
2006-10-25,50.0,55.07,50.0,53.73,10206400,1.0,0.0
2006-10-26,53.98,54.0,52.83,53.5,3697000,1.0,0.0
2006-10-27,52.91,53.75,52.45,53.33,2268700,1.0,0.0
2006-10-30,53.0,53.57,52.83,53.27,3967400,1.0,0.0
2006-10-31,52.73,53.44,52.13,52.39,5682900,1.0,0.0
2006-11-01,52.5,53.56,52.14,52.56,5014500,1.0,0.18
2006-11-02,52.37,53.4,52.14,53.37,3659300,1.0,0.0
2006-11-03,53.38,53.4,51.44,51.83,5192100,1.0,0.0
2006-11-06,52.29,52.85,51.83,51.99,3483200,1.0,0.0
2006-11-07,52.05,53.86,52.05,52.86,3413000,1.0,0.0
2006-11-08,52.72,53.29,52.25,52.81,2928600,1.0,0.0
2006-11-09,52.72,53.0,52.46,52.61,2839900,1.0,0.0
2006-11-10,52.32,52.62,51.13,52.61,3329200,1.0,0.0
2006-11-13,52.64,52.79,52.3,52.68,2223100,1.0,0.0
2006-11-14,52.61,52.65,48.59,49.9,8276000,1.0,0.0
2006-11-15,50.25,51.48,50.2,50.73,5189600,1.0,0.0
2006-11-16,50.79,51.54,49.8,51.24,4646400,1.0,0.0
2006-11-17,51.24,51.53,50.84,51.09,2218800,1.0,0.0
2006-11-20,50.69,51.08,50.41,50.41,1636200,1.0,0.0
2006-11-21,50.45,51.0,50.36,50.4,2122000,1.0,0.0
2006-11-22,50.36,50.36,49.57,50.0,2510600,1.0,0.0
2006-11-24,49.61,50.14,49.6,49.77,479600,1.0,0.0
2006-11-27,49.88,50.1,49.63,49.82,2275200,1.0,0.0
2006-11-28,49.58,49.59,47.56,48.56,5237900,1.0,0.0
2006-11-29,49.01,49.34,48.36,48.65,5366300,1.0,0.0
2006-11-30,48.56,49.92,48.41,49.25,4483100,1.0,0.0
2006-12-01,49.07,49.56,48.68,48.94,2698200,1.0,0.0
2006-12-04,49.28,50.43,49.1,50.23,3228600,1.0,0.0
2006-12-05,50.52,51.58,50.51,51.53,3331400,1.0,0.0
2006-12-06,51.01,51.26,50.29,50.71,3483300,1.0,0.0
2006-12-07,50.6,51.19,50.22,51.08,2527800,1.0,0.0
2006-12-08,51.0,51.295,50.51,50.65,1749800,1.0,0.0
2006-12-11,50.72,51.11,50.36,50.95,2121800,1.0,0.0
2006-12-12,50.74,50.97,49.86,50.39,2419000,1.0,0.0
2006-12-13,50.39,50.56,49.64,49.81,3540300,1.0,0.0
2006-12-14,49.9,51.98,49.71,51.57,4094100,1.0,0.0
2006-12-15,51.57,51.78,50.98,51.13,3641000,1.0,0.0
2006-12-18,51.31,51.35,50.7,51.06,1726300,1.0,0.0
2006-12-19,50.6,51.18,50.08,51.15,2232500,1.0,0.0
2006-12-20,50.61,50.62,49.19,49.28,3414600,1.0,0.0
2006-12-21,49.5,50.06,49.3,49.72,2099800,1.0,0.0
2006-12-22,49.75,49.9,48.62,48.93,1631300,1.0,0.0
2006-12-26,48.78,49.38,48.75,49.18,1231300,1.0,0.0
2006-12-27,49.48,50.41,49.0,50.32,1417300,1.0,0.0
2006-12-28,50.07,50.67,49.76,50.5,1750300,1.0,0.0
2006-12-29,50.21,50.78,50.08,50.29,2420600,1.0,0.0
2007-01-03,50.46,50.98,48.94,49.23,3402600,1.0,0.0
2007-01-04,49.44,49.46,47.94,48.41,3983100,1.0,0.0
2007-01-05,49.0,49.62,48.62,49.2,4319400,1.0,0.0
2007-01-08,48.95,49.35,48.5,48.92,2320300,1.0,0.0
2007-01-09,49.03,49.21,48.27,48.57,1879000,1.0,0.0
2007-01-10,48.1,48.32,47.42,48.19,2285600,1.0,0.0
2007-01-11,48.44,49.24,48.28,49.14,2970900,1.0,0.0
2007-01-12,49.25,50.3,49.25,50.3,1922300,1.0,0.0
2007-01-16,50.14,52.13,50.14,52.02,4241900,1.0,0.0
2007-01-17,52.02,52.09,50.41,51.41,3589900,1.0,0.0
2007-01-18,52.2,52.96,51.32,52.49,4186100,1.0,0.0
2007-01-19,52.8,53.65,52.25,52.98,3961200,1.0,0.0
2007-01-22,52.76,52.98,51.65,52.11,2499000,1.0,0.0
2007-01-23,51.88,53.84,51.07,53.73,4794200,1.0,0.0
2007-01-24,51.5,52.99,50.37,50.61,6977800,1.0,0.0
2007-01-25,50.4,50.48,48.63,48.82,5358800,1.0,0.0
2007-01-26,48.8,48.82,47.8,48.0,7968400,1.0,0.0
2007-01-29,48.0,48.36,47.25,47.56,7175100,1.0,0.0
2007-01-30,47.49,47.87,47.41,47.54,4429000,1.0,0.0
2007-01-31,47.3,49.92,47.05,49.65,7908700,1.0,0.22
2007-02-01,49.55,50.77,49.45,50.35,5477900,1.0,0.0
2007-02-02,50.36,51.35,50.25,50.88,4538600,1.0,0.0
2007-02-05,50.55,50.79,49.86,49.99,3206200,1.0,0.0
2007-02-06,49.98,50.14,49.58,49.87,4204300,1.0,0.0
2007-02-07,50.1,50.9,49.45,49.69,5543300,1.0,0.0
2007-02-08,49.65,49.73,48.86,49.01,3328200,1.0,0.0
2007-02-09,49.15,49.86,48.71,48.94,3833700,1.0,0.0
2007-02-12,49.01,49.2,48.15,48.42,3862500,1.0,0.0
2007-02-13,48.75,50.62,48.52,50.41,4902800,1.0,0.0
2007-02-14,50.5,52.54,50.35,52.25,5108400,1.0,0.0
2007-02-15,52.55,52.68,50.91,51.54,6470300,1.0,0.0
2007-02-16,51.46,51.9,50.62,51.18,4386300,1.0,0.0
2007-02-20,51.0,51.6,50.64,51.43,2725400,1.0,0.0
2007-02-21,50.99,52.39,50.16,52.03,2785900,1.0,0.0
2007-02-22,52.1,52.6,50.91,51.19,3988300,1.0,0.0
2007-02-23,50.98,51.19,50.22,50.95,2517700,1.0,0.0
2007-02-26,50.85,50.85,49.57,49.7,3458700,1.0,0.0
2007-02-27,48.95,49.17,46.68,47.35,4731000,1.0,0.0
2007-02-28,47.55,48.08,47.01,47.42,3624800,1.0,0.0
2007-03-01,46.37,47.4,46.11,47.01,5999500,1.0,0.0
2007-03-02,47.01,47.61,46.11,46.34,3942200,1.0,0.0
2007-03-05,45.75,46.87,45.38,46.04,3107400,1.0,0.0
2007-03-06,46.66,47.02,46.35,46.6,3521100,1.0,0.0
2007-03-07,46.6,48.14,46.33,47.68,4583100,1.0,0.0
2007-03-08,47.85,48.71,47.72,48.57,3138300,1.0,0.0
2007-03-09,49.0,49.17,47.85,48.54,2747400,1.0,0.0
2007-03-12,48.34,49.43,48.25,49.01,2846700,1.0,0.0
2007-03-13,48.62,49.09,47.76,48.01,4922400,1.0,0.0
2007-03-14,47.9,48.43,46.06,47.18,6553900,1.0,0.0
2007-03-15,47.18,48.36,47.1,47.92,4982200,1.0,0.0
2007-03-16,48.26,49.19,46.83,48.77,6745700,1.0,0.0
2007-03-19,48.74,49.18,48.03,49.02,5233800,1.0,0.0
2007-03-20,49.02,49.39,48.942,49.13,2819900,1.0,0.0
2007-03-21,49.07,49.94,48.93,49.4,5551400,1.0,0.0
2007-03-22,49.4,50.14,49.04,49.86,4044900,1.0,0.0
2007-03-23,49.7,52.05,49.56,51.97,6854000,1.0,0.0
2007-03-26,51.59,52.3,50.55,50.75,4968200,1.0,0.0
2007-03-27,50.3,50.76,50.11,50.39,3994900,1.0,0.0
2007-03-28,50.4,51.04,50.0,50.04,4351200,1.0,0.0
2007-03-29,50.8,51.16,49.68,49.93,5280500,1.0,0.0
2007-03-30,50.14,51.74,50.03,50.6,5139300,1.0,0.0
2007-04-02,50.6,50.97,50.27,50.57,4100900,1.0,0.0
2007-04-03,50.88,51.38,50.56,50.83,3728800,1.0,0.0
2007-04-04,51.0,51.3,50.89,51.06,2917200,1.0,0.0
2007-04-05,49.99,51.5,49.7,50.98,5934800,1.0,0.0
2007-04-09,52.56,54.22,52.5,52.89,7485600,1.0,0.0
2007-04-10,52.31,53.52,52.31,52.74,4739800,1.0,0.0
2007-04-11,52.85,53.07,51.48,51.86,3897300,1.0,0.0
2007-04-12,51.9,54.6,51.19,54.36,7853700,1.0,0.0
2007-04-13,55.0,55.0,53.13,53.89,3826700,1.0,0.0
2007-04-16,54.25,54.88,54.17,54.85,4579000,1.0,0.0
2007-04-17,54.8,54.9,53.77,54.04,3814700,1.0,0.0
2007-04-18,54.24,55.98,54.15,55.08,5286900,1.0,0.0
2007-04-19,55.45,56.17,54.37,55.91,5315500,1.0,0.0
2007-04-20,56.4,56.68,55.83,56.06,2940100,1.0,0.0
2007-04-23,55.62,56.13,55.4,55.73,3057400,1.0,0.0
2007-04-24,55.27,56.23,54.93,55.57,3040200,1.0,0.0
2007-04-25,55.66,56.5,53.78,55.62,5232100,1.0,0.0
2007-04-26,55.62,55.62,53.23,53.28,5449100,1.0,0.0
2007-04-27,53.2,54.2,52.67,53.62,4781700,1.0,0.0
2007-04-30,53.65,54.13,53.24,53.25,4839400,1.0,0.0
2007-05-01,53.5,53.9,52.63,52.65,9255600,1.0,0.0
2007-05-02,52.53,53.02,52.18,52.34,4419800,1.0,0.22
2007-05-03,52.81,54.79,52.81,53.72,3489700,1.0,0.0
2007-05-04,53.97,54.08,53.26,53.92,2274400,1.0,0.0
2007-05-07,54.0,54.15,53.14,53.36,3142800,1.0,0.0
2007-05-08,54.0,55.05,53.31,54.61,5022300,1.0,0.0
2007-05-09,54.75,55.07,54.21,54.77,2661600,1.0,0.0
2007-05-10,54.77,55.07,53.46,54.0,4137500,1.0,0.0
2007-05-11,54.2,55.25,53.77,55.22,4708400,1.0,0.0
2007-05-14,55.25,55.47,54.7,54.92,2594800,1.0,0.0
2007-05-15,55.85,56.23,54.98,55.87,4641000,1.0,0.0
2007-05-16,56.62,56.79,56.15,56.79,4596900,1.0,0.0
2007-05-17,56.94,58.81,56.84,58.32,10279500,1.0,0.0
2007-05-18,58.36,58.36,57.25,58.13,4083700,1.0,0.0
2007-05-21,57.89,58.23,57.3,57.5,3715900,1.0,0.0
2007-05-22,57.32,57.56,56.58,57.29,3182900,1.0,0.0
2007-05-23,57.5,58.09,57.26,57.65,3538100,1.0,0.0
2007-05-24,57.85,58.47,56.92,57.33,2584300,1.0,0.0
2007-05-25,57.73,58.35,57.09,57.23,2396400,1.0,0.0
2007-05-29,57.42,57.77,57.01,57.63,2636700,1.0,0.0
2007-05-30,57.5,57.68,56.97,57.46,3539800,1.0,0.0
2007-05-31,57.47,58.36,57.31,57.88,4226000,1.0,0.0
2007-06-01,58.6,59.19,58.0,58.64,2809800,1.0,0.0
2007-06-04,58.72,58.95,58.3,58.59,1449100,1.0,0.0
2007-06-05,58.58,58.85,57.47,57.97,2310300,1.0,0.0
2007-06-06,57.6,57.61,55.93,56.53,2694700,1.0,0.0
2007-06-07,55.72,56.17,54.06,54.12,5594500,1.0,0.0
2007-06-08,54.37,55.34,54.21,54.89,3797500,1.0,0.0
2007-06-11,54.64,55.15,54.35,54.5,3496700,1.0,0.0
2007-06-12,54.5,54.5,53.41,53.41,3826000,1.0,0.0
2007-06-13,53.64,54.85,53.29,54.65,3305800,1.0,0.0
2007-06-14,54.65,55.86,54.65,55.41,2866500,1.0,0.0
2007-06-15,55.74,56.75,55.61,55.88,4518900,1.0,0.0
2007-06-18,55.9,55.96,55.04,55.24,1415200,1.0,0.0
2007-06-19,54.42,56.38,54.42,56.24,3040500,1.0,0.0
2007-06-20,56.3,56.54,55.0,55.13,1847200,1.0,0.0
2007-06-21,55.13,55.61,54.27,55.31,1819900,1.0,0.0
2007-06-22,54.73,55.1,53.74,53.91,3190700,1.0,0.0
2007-06-25,54.47,54.47,53.14,53.35,2713700,1.0,0.0
2007-06-26,53.69,53.93,52.2,52.25,4332200,1.0,0.0
2007-06-27,52.05,52.92,51.16,52.75,4179500,1.0,0.0
2007-06-28,51.91,53.58,51.52,53.24,2426300,1.0,0.0
2007-06-29,53.66,53.75,52.25,52.57,2391000,1.0,0.0
2007-07-02,52.95,53.92,52.83,53.58,2271300,1.0,0.0
2007-07-03,53.69,54.49,53.57,54.22,1230500,1.0,0.0
2007-07-05,54.42,54.43,53.15,53.5,1867700,1.0,0.0
2007-07-06,53.29,54.2,53.01,54.02,1839900,1.0,0.0
2007-07-09,54.51,55.3,54.4,55.04,2976600,1.0,0.0
2007-07-10,54.9,54.95,53.47,53.53,2491600,1.0,0.0
2007-07-11,53.15,54.93,53.1,54.57,3716700,1.0,0.0
2007-07-12,54.8,55.83,54.54,55.79,4102900,1.0,0.0
2007-07-13,54.96,56.0,54.47,55.85,2803300,1.0,0.0
2007-07-16,56.13,57.13,55.4,56.66,2490500,1.0,0.0
2007-07-17,56.66,57.78,56.49,56.62,3466900,1.0,0.0
2007-07-18,58.0,58.95,57.78,58.15,9344900,1.0,0.0
2007-07-19,58.99,59.77,57.3,57.83,2988700,1.0,0.0
2007-07-20,57.06,58.11,56.16,56.84,2059500,1.0,0.0
2007-07-23,57.28,57.65,56.75,56.95,1942200,1.0,0.0
2007-07-24,55.45,56.54,54.64,55.52,4777500,1.0,0.0
2007-07-25,56.1,56.99,53.65,54.48,5177400,1.0,0.0
2007-07-26,53.6,54.48,52.05,52.87,7505000,1.0,0.0
2007-07-27,53.63,53.63,50.7,52.34,8699300,1.0,0.0
2007-07-30,53.9,54.48,52.56,53.86,4929600,1.0,0.0
2007-07-31,54.28,55.37,53.74,53.78,4539100,1.0,0.0
2007-08-01,52.83,54.3,52.52,53.81,7671900,1.0,0.26
2007-08-02,53.04,54.56,52.88,53.8,3667400,1.0,0.0
2007-08-03,54.56,54.57,50.75,50.84,6870100,1.0,0.0
2007-08-06,51.34,51.68,49.88,50.29,6481400,1.0,0.0
2007-08-07,50.16,50.8,49.24,50.14,6625300,1.0,0.0
2007-08-08,50.87,51.72,49.37,50.18,6400000,1.0,0.0
2007-08-09,49.89,50.03,47.75,48.92,9837700,1.0,0.0
2007-08-10,47.6,51.4,47.6,51.3,7819500,1.0,0.0
2007-08-13,52.24,52.5,51.26,51.79,4218100,1.0,0.0
2007-08-14,51.1,51.8,49.35,50.08,5152900,1.0,0.0
2007-08-15,50.08,51.0,48.69,49.37,6044100,1.0,0.0
2007-08-16,49.01,50.68,46.42,50.14,7798300,1.0,0.0
2007-08-17,51.13,52.46,50.15,50.97,7578500,1.0,0.0
2007-08-20,50.11,54.0,50.08,52.46,5303600,1.0,0.0
2007-08-21,52.54,53.44,51.89,52.11,3565200,1.0,0.0
2007-08-22,52.62,53.2,52.46,52.93,2105900,1.0,0.0
2007-08-23,53.7,53.84,50.64,50.98,5029400,1.0,0.0
2007-08-24,51.17,51.92,50.86,51.53,2549600,1.0,0.0
2007-08-27,51.61,51.95,50.2,50.98,3162200,1.0,0.0
2007-08-28,50.77,51.0,50.02,50.21,2913300,1.0,0.0
2007-08-29,50.27,51.78,50.19,51.57,2627100,1.0,0.0
2007-08-30,51.28,51.78,50.29,50.49,3428400,1.0,0.0
2007-08-31,51.2,51.75,50.5,51.21,2820400,1.0,0.0
2007-09-04,50.95,51.99,50.35,51.54,2780400,1.0,0.0
2007-09-05,51.02,51.25,49.89,50.42,3330600,1.0,0.0
2007-09-06,50.37,51.0,49.7,50.41,2304600,1.0,0.0
2007-09-07,49.78,49.88,49.01,49.66,2746000,1.0,0.0
2007-09-10,50.05,50.18,48.4,49.1,2411200,1.0,0.0
2007-09-11,49.24,50.17,49.2,50.0,2659000,1.0,0.0
2007-09-12,49.8,50.91,49.72,50.56,3146400,1.0,0.0
2007-09-13,51.0,52.18,50.38,51.57,3461500,1.0,0.0
2007-09-14,50.9,51.01,50.16,50.91,3699300,1.0,0.0
2007-09-17,50.54,50.8,49.86,50.01,2256200,1.0,0.0
2007-09-18,50.29,52.29,49.95,52.2,4496000,1.0,0.0
2007-09-19,52.5,52.9,51.0,51.5,3219900,1.0,0.0
2007-09-20,51.5,51.79,50.58,51.24,2345600,1.0,0.0
2007-09-21,51.45,51.9,51.04,51.25,2817200,1.0,0.0
2007-09-24,51.18,51.73,50.33,50.54,2931100,1.0,0.0
2007-09-25,50.3,51.57,50.25,51.51,2661000,1.0,0.0
2007-09-26,52.0,52.6,51.38,51.93,2580300,1.0,0.0
2007-09-27,52.38,52.66,51.76,52.0,1878500,1.0,0.0
2007-09-28,51.91,52.28,51.62,51.91,1914400,1.0,0.0
2007-10-01,51.83,52.8,51.66,52.18,2461200,1.0,0.0
2007-10-02,52.07,52.75,51.85,52.06,2075200,1.0,0.0
2007-10-03,51.77,51.96,50.38,50.58,3363000,1.0,0.0
2007-10-04,51.05,51.44,50.42,51.16,1587200,1.0,0.0
2007-10-05,51.27,53.69,51.27,53.4,3487600,1.0,0.0
2007-10-08,53.24,53.37,52.59,52.95,2049300,1.0,0.0
2007-10-09,52.95,54.37,52.57,54.03,4311500,1.0,0.0
2007-10-10,54.03,54.37,52.72,53.3,2246900,1.0,0.0
2007-10-11,53.41,54.5,52.27,53.03,5296200,1.0,0.0
2007-10-12,53.25,54.17,53.01,53.6,3122000,1.0,0.0
2007-10-15,53.57,53.92,52.58,53.15,2323200,1.0,0.0
2007-10-16,53.21,53.21,51.71,52.15,2843100,1.0,0.0
2007-10-17,53.04,53.22,52.07,52.64,2182100,1.0,0.0
2007-10-18,52.1,53.76,52.1,53.37,2864800,1.0,0.0
2007-10-19,53.15,53.59,51.9,51.91,3613800,1.0,0.0
2007-10-22,51.58,52.83,51.46,52.66,2603000,1.0,0.0
2007-10-23,53.29,54.58,53.16,54.0,3967800,1.0,0.0
2007-10-24,53.1,53.35,51.18,52.33,3708500,1.0,0.0
2007-10-25,52.5,52.5,50.5,51.44,3938100,1.0,0.0
2007-10-26,51.87,51.87,50.55,51.15,3277600,1.0,0.0
2007-10-29,51.56,52.23,51.31,51.84,2020500,1.0,0.0
2007-10-30,51.7,52.23,51.05,51.2,2310500,1.0,0.0
2007-10-31,50.91,51.87,50.9,51.65,3268600,1.0,0.26
2007-11-01,51.27,51.47,50.26,50.27,2861200,1.0,0.0
2007-11-02,50.89,50.96,49.9,50.84,2593000,1.0,0.0
2007-11-05,49.87,51.16,49.87,50.87,3102400,1.0,0.0
2007-11-06,50.91,51.22,50.58,51.21,2426000,1.0,0.0
2007-11-07,50.28,51.14,50.28,50.39,3706400,1.0,0.0
2007-11-08,50.26,51.01,49.94,50.94,3734000,1.0,0.0
2007-11-09,50.0,50.98,50.0,50.47,3409200,1.0,0.0
2007-11-12,50.28,50.87,49.045,49.23,3729100,1.0,0.0
2007-11-13,49.54,50.37,49.23,50.31,2558500,1.0,0.0
2007-11-14,50.72,50.95,49.93,49.97,2431400,1.0,0.0
2007-11-15,49.87,50.75,49.71,50.11,2882800,1.0,0.0
2007-11-16,50.11,50.75,49.87,50.44,3746900,1.0,0.0
2007-11-19,50.02,50.86,49.12,49.47,3321300,1.0,0.0
2007-11-20,49.45,50.44,48.9,49.57,3671500,1.0,0.0
2007-11-21,49.24,49.42,48.48,48.67,4284000,1.0,0.0
2007-11-23,48.89,49.71,48.89,49.55,1169700,1.0,0.0
2007-11-26,49.55,50.14,48.94,48.94,2536400,1.0,0.0
2007-11-27,49.35,50.19,48.93,50.1,3311000,1.0,0.0
2007-11-28,50.38,51.5,50.19,51.33,2470600,1.0,0.0
2007-11-29,51.06,51.13,50.43,50.76,2183700,1.0,0.0
2007-11-30,51.36,51.78,50.79,51.21,3068800,1.0,0.0
2007-12-03,51.48,51.99,50.76,51.42,2352500,1.0,0.0
2007-12-04,51.14,51.93,50.84,51.19,2002600,1.0,0.0
2007-12-05,51.56,52.0,51.38,51.93,2751300,1.0,0.0
2007-12-06,51.91,53.22,51.75,52.99,2091200,1.0,0.0
2007-12-07,52.98,53.99,52.98,53.32,2039100,1.0,0.0
2007-12-10,53.45,53.72,52.46,52.72,2562200,1.0,0.0
2007-12-11,52.7,53.24,51.19,51.39,2746900,1.0,0.0
2007-12-12,52.65,53.11,50.15,50.92,3981300,1.0,0.0
2007-12-13,50.77,51.98,50.54,51.51,2299200,1.0,0.0
2007-12-14,50.96,51.0,50.56,50.64,2179400,1.0,0.0
2007-12-17,50.69,51.05,50.0,50.06,2791900,1.0,0.0
2007-12-18,50.48,50.55,49.7,50.04,2716800,1.0,0.0
2007-12-19,49.14,49.89,48.03,49.09,4049800,1.0,0.0
2007-12-20,49.35,49.47,48.67,49.45,3402400,1.0,0.0
2007-12-21,49.91,50.99,49.74,49.99,5029600,1.0,0.0
2007-12-24,50.01,51.07,49.92,50.97,1013500,1.0,0.0
2007-12-26,50.8,51.19,50.72,51.08,1010000,1.0,0.0
2007-12-27,50.99,51.36,50.78,50.85,1378200,1.0,0.0
2007-12-28,51.3,51.43,50.65,51.0,1376500,1.0,0.0
2007-12-31,50.74,50.85,50.34,50.44,1246800,1.0,0.0
2008-01-02,49.68,50.57,49.15,49.41,3251900,1.0,0.0
2008-01-03,49.39,49.67,48.05,48.74,5686000,1.0,0.0
2008-01-04,48.4,48.46,47.75,47.88,3931000,1.0,0.0
2008-01-07,48.08,48.38,47.45,48.18,3651800,1.0,0.0
2008-01-08,48.33,48.54,46.77,46.77,3884400,1.0,0.0
2008-01-09,46.71,47.86,46.51,47.28,4772700,1.0,0.0
2008-01-10,46.97,48.64,46.66,47.79,3807500,1.0,0.0
2008-01-11,47.45,47.55,46.2,46.46,4033300,1.0,0.0
2008-01-14,46.92,47.45,46.48,47.3,3161600,1.0,0.0
2008-01-15,46.12,46.85,46.07,46.25,3769600,1.0,0.0
2008-01-16,46.13,46.8,45.5,46.2,4795700,1.0,0.0
2008-01-17,46.25,46.77,44.78,44.89,4680100,1.0,0.0
2008-01-18,45.39,45.78,43.82,44.15,6252900,1.0,0.0
2008-01-22,41.94,45.4,41.36,45.07,9117400,1.0,0.0
2008-01-23,45.77,50.03,44.38,49.41,13192700,1.0,0.0
2008-01-24,49.54,51.39,49.54,50.74,5789500,1.0,0.0
2008-01-25,51.4,51.55,50.15,50.74,4173900,1.0,0.0
2008-01-28,50.88,52.0416,49.85,52.0,4879400,1.0,0.0
2008-01-29,52.0,53.0,51.48,52.71,4511100,1.0,0.0
2008-01-30,52.74,53.07,51.44,52.09,5657800,1.0,0.29
2008-01-31,51.37,55.1,50.83,54.39,13531400,1.0,0.0
2008-02-01,54.78,56.45,54.37,56.29,9711300,1.0,0.0
2008-02-04,56.21,56.21,54.5,54.65,4786900,1.0,0.0
2008-02-05,53.58,53.85,52.26,52.97,5684200,1.0,0.0
2008-02-06,53.23,54.43,53.03,53.79,3954800,1.0,0.0
2008-02-07,53.39,54.52,52.97,53.8,4311300,1.0,0.0
2008-02-08,53.6,54.8,53.39,54.41,2852400,1.0,0.0
2008-02-11,54.5,55.19,53.43,55.18,3513000,1.0,0.0
2008-02-12,55.55,55.83,53.55,54.0,3956800,1.0,0.0
2008-02-13,54.63,55.32,54.18,55.14,2552300,1.0,0.0
2008-02-14,55.41,55.84,54.0,54.36,3140800,1.0,0.0
2008-02-15,54.26,54.48,53.2,53.94,2447100,1.0,0.0
2008-02-19,54.65,54.85,52.77,53.21,3591800,1.0,0.0
2008-02-20,52.84,53.24,52.32,53.13,5335200,1.0,0.0
2008-02-21,53.42,53.93,52.43,52.55,2704700,1.0,0.0
2008-02-22,52.66,53.23,52.13,53.18,2465200,1.0,0.0
2008-02-25,53.11,54.26,52.44,54.2,4311300,1.0,0.0
2008-02-26,53.46,55.6,53.46,55.33,4950600,1.0,0.0
2008-02-27,55.0,55.84,54.62,55.09,3572500,1.0,0.0
2008-02-28,54.58,55.06,54.1,54.58,2256700,1.0,0.0
2008-02-29,53.79,54.03,52.6,52.89,3344400,1.0,0.0
2008-03-03,53.46,53.65,52.5,53.58,2610300,1.0,0.0
2008-03-04,53.19,53.71,52.57,53.55,3116100,1.0,0.0
2008-03-05,53.51,55.0,53.23,54.42,3003400,1.0,0.0
2008-03-06,54.36,54.46,52.2,52.35,4363100,1.0,0.0
2008-03-07,52.15,53.64,51.69,51.94,4154600,1.0,0.0
2008-03-10,51.88,52.75,50.86,51.14,4324200,1.0,0.0
2008-03-11,51.99,53.04,51.57,53.0,3485400,1.0,0.0
2008-03-12,53.17,54.19,52.71,53.24,3225100,1.0,0.0
2008-03-13,52.41,54.17,52.2,53.99,3206100,1.0,0.0
2008-03-14,54.27,54.48,52.21,52.93,4043600,1.0,0.0
2008-03-17,51.51,53.57,51.48,52.96,5122200,1.0,0.0
2008-03-18,54.26,56.96,53.53,56.89,6301900,1.0,0.0
2008-03-19,56.59,56.96,52.24,52.41,6968000,1.0,0.0
2008-03-20,52.64,53.51,51.14,53.07,5454800,1.0,0.0
2008-03-24,53.39,54.88,53.36,54.34,1839300,1.0,0.0
2008-03-25,54.52,56.73,53.88,56.26,3458600,1.0,0.0
2008-03-26,55.68,55.92,54.09,54.44,2966700,1.0,0.0
2008-03-27,54.46,55.04,53.52,54.25,3123500,1.0,0.0
2008-03-28,54.62,54.82,54.05,54.25,2438400,1.0,0.0
2008-03-31,54.13,54.58,53.35,54.32,2284400,1.0,0.0
2008-04-01,54.52,55.27,54.25,55.11,2840600,1.0,0.0
2008-04-02,55.24,56.4,55.08,56.05,3242400,1.0,0.0
2008-04-03,55.6,57.34,55.49,56.86,4857000,1.0,0.0
2008-04-04,56.85,57.74,56.41,56.8,3163600,1.0,0.0
2008-04-07,56.9,58.05,56.45,57.02,3227100,1.0,0.0
2008-04-08,56.45,57.2,56.22,56.8,2193900,1.0,0.0
2008-04-09,56.44,56.75,54.53,54.94,3957400,1.0,0.0
2008-04-10,54.9,55.67,54.36,55.45,2955000,1.0,0.0
2008-04-11,54.8,56.22,54.73,54.99,2600500,1.0,0.0
2008-04-14,55.07,56.9,54.78,56.19,4147100,1.0,0.0
2008-04-15,56.37,57.78,56.22,57.63,4024800,1.0,0.0
2008-04-16,58.58,60.45,58.34,60.06,6400300,1.0,0.0
2008-04-17,59.92,60.39,58.36,59.53,4293800,1.0,0.0
2008-04-18,60.41,61.75,60.06,61.64,4156900,1.0,0.0
2008-04-21,61.31,61.7,60.83,61.44,2811100,1.0,0.0
2008-04-22,60.99,61.89,60.6,61.14,3888900,1.0,0.0
2008-04-23,59.51,60.0,57.85,58.74,5387400,1.0,0.0
2008-04-24,59.59,60.38,58.19,59.93,3480200,1.0,0.0
2008-04-25,60.11,60.5,59.55,60.13,3015900,1.0,0.0
2008-04-28,60.45,60.59,59.8,60.2,2540100,1.0,0.0
2008-04-29,60.24,61.0,59.6,59.99,2744100,1.0,0.0
2008-04-30,59.87,60.96,59.49,59.58,3060400,1.0,0.29
2008-05-01,59.5,60.97,59.08,60.71,3307900,1.0,0.0
2008-05-02,61.0,61.0,59.4,60.19,2980900,1.0,0.0
2008-05-05,59.9,60.57,59.25,60.19,2665800,1.0,0.0
2008-05-06,59.8,62.67,59.25,62.27,4855000,1.0,0.0
2008-05-07,62.54,62.54,60.87,61.18,3666000,1.0,0.0
2008-05-08,61.49,62.39,61.31,62.28,2575200,1.0,0.0
2008-05-09,61.83,62.15,61.29,61.9,1712800,1.0,0.0
2008-05-12,62.19,63.51,61.3,63.38,2956300,1.0,0.0
2008-05-13,63.42,64.67,63.05,64.42,3977700,1.0,0.0
2008-05-14,64.66,64.88,63.71,63.79,3464200,1.0,0.0
2008-05-15,63.51,64.56,63.04,64.49,2646500,1.0,0.0
2008-05-16,64.48,65.23,63.85,64.31,3321800,1.0,0.0
2008-05-19,64.46,66.74,63.79,64.75,5775900,1.0,0.0
2008-05-20,64.57,65.23,63.79,64.91,4760800,1.0,0.0
2008-05-21,65.0,65.98,63.62,63.79,4561800,1.0,0.0
2008-05-22,63.97,64.15,63.0,63.5,2920300,1.0,0.0
2008-05-23,63.32,63.63,62.34,62.74,2779700,1.0,0.0
2008-05-27,62.75,64.2,62.75,63.91,2477700,1.0,0.0
2008-05-28,64.2,64.2,63.17,64.19,5888900,1.0,0.0
2008-05-29,65.34,67.74,64.75,66.85,5420900,1.0,0.0
2008-05-30,67.58,67.74,66.21,67.38,3877200,1.0,0.0
2008-06-02,67.17,67.31,65.91,66.77,3264000,1.0,0.0
2008-06-03,67.1,67.72,65.06,65.5,4797600,1.0,0.0
2008-06-04,65.79,66.08,64.76,65.0,3806000,1.0,0.0
2008-06-05,65.24,66.96,65.24,66.95,3077200,1.0,0.0
2008-06-06,66.26,66.5,64.18,64.18,3643700,1.0,0.0
2008-06-09,64.81,65.6,64.19,65.23,3404600,1.0,0.0
2008-06-10,64.76,65.21,63.63,64.59,3717300,1.0,0.0
2008-06-11,64.0,64.2,60.74,60.86,7194200,1.0,0.0
2008-06-12,61.07,62.74,61.01,61.88,3897000,1.0,0.0
2008-06-13,62.42,64.23,62.42,63.42,3173400,1.0,0.0
2008-06-16,63.12,64.35,62.51,63.73,4469800,1.0,0.0
2008-06-17,64.18,64.18,61.98,62.12,3886400,1.0,0.0
2008-06-18,61.84,62.67,60.82,62.06,3958200,1.0,0.0
2008-06-19,62.34,64.88,62.08,64.67,3695500,1.0,0.0
2008-06-20,63.6,64.36,62.99,63.74,2826200,1.0,0.0
2008-06-23,64.14,64.2,62.38,62.68,2261000,1.0,0.0
2008-06-24,62.38,63.87,61.87,62.62,3132900,1.0,0.0
2008-06-25,62.6,63.75,62.51,62.88,2371900,1.0,0.0
2008-06-26,62.29,62.87,61.15,61.19,3597600,1.0,0.0
2008-06-27,60.94,61.65,60.5,61.04,5069400,1.0,0.0
2008-06-30,61.01,63.36,60.77,62.67,3988400,1.0,0.0
2008-07-01,62.07,62.07,59.56,61.11,4619400,1.0,0.0
2008-07-02,61.57,61.76,57.71,57.82,4481400,1.0,0.0
2008-07-03,57.81,60.47,57.81,58.91,2840200,1.0,0.0
2008-07-07,59.73,60.205,57.92,58.86,3996600,1.0,0.0
2008-07-08,59.05,62.17,58.9,62.08,3918000,1.0,0.0
2008-07-09,62.15,62.7,59.99,60.35,2793900,1.0,0.0
2008-07-10,61.85,63.12,61.56,62.31,4356400,1.0,0.0
2008-07-11,61.71,62.87,60.25,61.78,3574500,1.0,0.0
2008-07-14,61.71,63.5,60.6,61.23,3074100,1.0,0.0
2008-07-15,60.62,61.52,59.05,60.86,4992500,1.0,0.0
2008-07-16,61.06,63.77,61.06,63.72,4736600,1.0,0.0
2008-07-17,64.19,64.48,62.32,63.48,2725200,1.0,0.0
2008-07-18,63.32,63.91,62.11,63.42,2951500,1.0,0.0
2008-07-21,63.3,63.92,62.82,63.54,2292200,1.0,0.0
2008-07-22,63.4,66.12,62.91,65.69,5014500,1.0,0.0
2008-07-23,67.49,70.68,66.9,69.96,6465900,1.0,0.0
2008-07-24,70.6,72.85,69.8,69.94,6260500,1.0,0.0
2008-07-25,69.73,70.36,68.15,70.11,3420400,1.0,0.0
2008-07-28,70.74,70.97,68.96,69.02,4183500,1.0,0.0
2008-07-29,69.1,72.69,68.75,72.69,4927700,1.0,0.0
2008-07-30,72.92,75.53,72.26,73.64,5997900,1.0,0.32
2008-07-31,73.03,73.64,71.7,71.92,4486700,1.0,0.0
2008-08-01,72.0,72.04,69.56,70.62,3248500,1.0,0.0
2008-08-04,70.67,71.3,68.95,70.15,3968700,1.0,0.0
2008-08-05,71.79,73.08,70.51,72.94,4909100,1.0,0.0
2008-08-06,73.47,73.47,71.66,72.64,4033100,1.0,0.0
2008-08-07,71.93,72.72,70.58,70.95,3489800,1.0,0.0
2008-08-08,70.44,73.66,70.0,73.55,3576700,1.0,0.0
2008-08-11,73.35,74.5,71.54,72.24,3656800,1.0,0.0
2008-08-12,72.29,72.3,67.75,68.74,6288300,1.0,0.0
2008-08-13,68.34,70.37,66.4,69.91,4742300,1.0,0.0
2008-08-14,69.44,72.0,69.06,70.49,4170500,1.0,0.0
2008-08-15,70.56,70.97,69.771,70.58,3910400,1.0,0.0
2008-08-18,70.71,70.99,69.1,69.45,3048100,1.0,0.0
2008-08-19,68.82,69.22,67.72,67.96,3274600,1.0,0.0
2008-08-20,68.28,68.7099,67.29,67.89,3529200,1.0,0.0
2008-08-21,67.19,70.02,67.0,69.54,2746400,1.0,0.0
2008-08-22,70.15,71.24,69.87,70.99,2036800,1.0,0.0
2008-08-25,70.64,70.8,69.5,70.0,2473200,1.0,0.0
2008-08-26,70.08,70.58,69.27,70.53,2226700,1.0,0.0
2008-08-27,70.51,72.24,70.27,71.98,2281800,1.0,0.0
2008-08-28,72.28,73.79,72.19,73.63,2942600,1.0,0.0
2008-08-29,73.28,74.9,73.28,73.53,3996000,1.0,0.0
2008-09-02,72.44,74.5,69.65,69.98,6580900,1.0,0.0
2008-09-03,69.72,70.6,68.43,69.21,4097800,1.0,0.0
2008-09-04,68.58,68.58,66.34,66.61,4247000,1.0,0.0
2008-09-05,66.01,66.61,63.47,66.39,6417900,1.0,0.0
2008-09-08,67.76,69.0,66.44,67.51,5232500,1.0,0.0
2008-09-09,67.79,67.79,62.04,62.56,7688800,1.0,0.0
2008-09-10,64.1,66.57,63.49,65.47,6956700,1.0,0.0
2008-09-11,65.57,68.98,65.57,68.48,6170400,1.0,0.0
2008-09-12,68.06,68.75,66.75,67.97,4408500,1.0,0.0
2008-09-15,65.37,67.69,65.26,65.87,5328900,1.0,0.0
2008-09-16,65.35,68.82,64.55,68.82,7162200,1.0,0.0
2008-09-17,67.52,68.93,66.68,67.54,7355400,1.0,0.0
2008-09-18,68.76,70.98,64.34,69.12,6810300,1.0,0.0
2008-09-19,71.99,72.56,67.01,70.36,4807000,1.0,0.0
2008-09-22,69.7,71.2,66.75,66.97,3674500,1.0,0.0
2008-09-23,67.33,69.39,66.01,66.6,4626800,1.0,0.0
2008-09-24,67.02,67.7,65.54,65.85,2973100,1.0,0.0
2008-09-25,66.69,68.97,66.27,67.87,3529600,1.0,0.0
2008-09-26,66.58,70.25,66.47,69.93,5091500,1.0,0.0
2008-09-29,68.99,69.53,64.09,65.5,4751500,1.0,0.0
2008-09-30,66.07,67.59,65.35,66.21,4001800,1.0,0.0
2008-10-01,65.52,66.58,63.5,65.04,4779500,1.0,0.0
2008-10-02,64.39,64.39,55.66,56.64,10056100,1.0,0.0
2008-10-03,56.88,60.58,55.02,56.17,6344800,1.0,0.0
2008-10-06,54.69,57.63,51.01,56.97,6375600,1.0,0.0
2008-10-07,58.21,58.84,54.35,54.51,5636700,1.0,0.0
2008-10-08,52.32,57.72,51.05,54.61,7077000,1.0,0.0
2008-10-09,55.01,57.8238,52.0,52.16,5590600,1.0,0.0
2008-10-10,48.67,55.0,45.06,52.05,8862800,1.0,0.0
2008-10-13,54.52,57.8,52.0,57.79,5424800,1.0,0.0
2008-10-14,60.3,60.66,53.62,55.33,5745400,1.0,0.0
2008-10-15,55.14,55.14,46.59,50.27,6721300,1.0,0.0
2008-10-16,51.24,53.13,48.13,52.98,6671700,1.0,0.0
2008-10-17,51.6,55.9,50.84,52.54,5098600,1.0,0.0
2008-10-20,53.2,55.97,52.5,55.86,4036900,1.0,0.0
2008-10-21,55.3,57.53,53.68,53.87,4111400,1.0,0.0
2008-10-22,54.65,56.45,52.61,54.54,7351200,1.0,0.0
2008-10-23,55.9,56.43,50.96,54.58,6455200,1.0,0.0
2008-10-24,50.5,54.95,50.5,53.12,5137100,1.0,0.0
2008-10-27,53.04,56.0,52.008,52.33,4553200,1.0,0.0
2008-10-28,53.84,57.45,51.29,57.33,4708100,1.0,0.0
2008-10-29,58.18,62.57,55.9,57.91,5758600,1.0,0.0
2008-10-30,59.86,61.16,56.39,58.84,5172100,1.0,0.0
2008-10-31,58.83,61.58,57.51,59.94,4125800,1.0,0.0
2008-11-03,60.69,61.42,58.08,58.61,3514300,1.0,0.0
2008-11-04,60.0,62.2,59.51,60.9,4851000,1.0,0.0
2008-11-05,60.14,61.42,56.76,57.07,5028100,1.0,0.32
2008-11-06,55.76,57.65,53.22,53.78,5815000,1.0,0.0
2008-11-07,54.25,55.03,52.29,53.72,4601400,1.0,0.0
2008-11-10,54.9,55.76,54.08,55.02,4002900,1.0,0.0
2008-11-11,54.89,56.18,52.4,54.73,4495900,1.0,0.0
2008-11-12,53.76,54.42,50.69,51.07,5007100,1.0,0.0
2008-11-13,51.48,54.39,47.49,54.09,9063400,1.0,0.0
2008-11-14,53.01,55.0,51.49,51.98,5196800,1.0,0.0
2008-11-17,51.18,52.11,49.01,50.06,4387100,1.0,0.0
2008-11-18,50.15,51.3,48.57,50.12,4323500,1.0,0.0
2008-11-19,50.05,50.19,45.06,45.33,6710100,1.0,0.0
2008-11-20,44.87,46.44,41.42,43.29,7360100,1.0,0.0
2008-11-21,44.32,45.68,42.38,45.68,5697800,1.0,0.0
2008-11-24,46.6,49.06,44.8172,47.84,5840900,1.0,0.0
2008-11-25,48.83,49.75,47.08,48.35,4107300,1.0,0.0
2008-11-26,47.47,50.06,47.06,49.52,3830400,1.0,0.0
2008-11-28,49.51,50.25,48.21,49.47,1820400,1.0,0.0
2008-12-01,48.22,48.24,45.4,45.59,4503500,1.0,0.0
2008-12-02,46.41,47.73,45.81,47.62,3737700,1.0,0.0
2008-12-03,46.77,47.48,44.54,46.36,7086500,1.0,0.0
2008-12-04,45.75,47.82,45.15,46.09,4414100,1.0,0.0
2008-12-05,45.42,46.41,43.5,46.14,5247000,1.0,0.0
2008-12-08,47.48,49.67,47.0,48.82,4795300,1.0,0.0
2008-12-09,48.36,48.36,46.06,46.87,3910200,1.0,0.0
2008-12-10,47.42,48.59,46.73,48.39,4408800,1.0,0.0
2008-12-11,47.8,48.97,45.62,46.21,3735600,1.0,0.0
2008-12-12,45.08,46.11,43.2,44.52,4056400,1.0,0.0
2008-12-15,45.25,46.05,43.12,44.02,3404900,1.0,0.0
2008-12-16,44.37,46.87,44.2,46.31,4180700,1.0,0.0
2008-12-17,45.55,49.25,45.55,47.95,4046600,1.0,0.0
2008-12-18,48.22,48.82,45.3,45.9,4178800,1.0,0.0
2008-12-19,46.02,46.23,44.36,44.56,5096200,1.0,0.0
2008-12-22,44.16,44.9,43.7,44.63,3302800,1.0,0.0
2008-12-23,44.81,44.86,43.5,43.95,3049100,1.0,0.0
2008-12-24,44.09,44.65,43.52,43.67,881100,1.0,0.0
2008-12-26,43.91,44.44,43.77,44.36,1026100,1.0,0.0
2008-12-29,44.19,44.61,42.97,44.04,3292900,1.0,0.0
2008-12-30,44.26,45.57,43.9,45.5,2967300,1.0,0.0
2008-12-31,45.69,47.71,45.36,47.05,3474300,1.0,0.0
2009-01-02,46.91,49.44,46.59,49.07,3025000,1.0,0.0
2009-01-05,48.86,49.34,47.86,48.5,3456500,1.0,0.0
2009-01-06,48.06,50.14,48.06,49.9,3420500,1.0,0.0
2009-01-07,49.5,50.16,47.26,47.58,3009000,1.0,0.0
2009-01-08,47.31,48.11,46.25,47.64,2143300,1.0,0.0
2009-01-09,47.64,48.1,45.87,46.55,2961200,1.0,0.0
2009-01-12,45.6,45.6,42.845,43.31,5534400,1.0,0.0
2009-01-13,43.88,44.41,41.02,42.14,6812300,1.0,0.0
2009-01-14,41.68,41.96,39.05,39.52,8346800,1.0,0.0
2009-01-15,39.38,40.142,37.05,38.8,8624700,1.0,0.0
2009-01-16,39.44,39.73,37.22,37.81,6229800,1.0,0.0
2009-01-20,37.22,38.12,35.08,35.28,6562100,1.0,0.0
2009-01-21,35.8,36.74,33.45,35.4,9152400,1.0,0.0
2009-01-22,34.94,36.16,34.3,35.57,7575200,1.0,0.0
2009-01-23,34.67,35.01,33.47,34.15,6201900,1.0,0.0
2009-01-26,34.16,35.68,34.0,35.3,5492800,1.0,0.0
2009-01-27,35.62,38.27,34.87,37.65,8491800,1.0,0.0
2009-01-28,39.5,40.7,38.16,39.86,7635200,1.0,0.0
2009-01-29,39.37,39.49,37.92,38.21,3729400,1.0,0.0
2009-01-30,38.27,38.75,37.39,38.36,4736000,1.0,0.0
2009-02-02,37.81,38.22,36.96,37.55,4107200,1.0,0.0
2009-02-03,37.84,38.28,36.71,37.9,5830900,1.0,0.0
2009-02-04,37.93,39.28,37.62,38.63,4500700,1.0,0.34
2009-02-05,38.63,39.79,37.51,39.51,4073900,1.0,0.0
2009-02-06,39.55,42.34,39.3101,41.27,6433300,1.0,0.0
2009-02-09,41.13,41.61,39.86,41.22,4153900,1.0,0.0
2009-02-10,40.94,41.22,37.74,38.4,6707400,1.0,0.0
2009-02-11,38.71,39.0,37.4,38.02,3510700,1.0,0.0
2009-02-12,37.47,37.47,35.36,36.81,6126100,1.0,0.0
2009-02-13,36.76,38.41,36.5,37.73,5102600,1.0,0.0
2009-02-17,36.95,37.51,35.13,35.67,5640400,1.0,0.0
2009-02-18,35.68,36.4997,35.12,35.56,3450700,1.0,0.0
2009-02-19,34.38,35.55,33.85,34.04,4393800,1.0,0.0
2009-02-20,33.78,34.58,33.11,33.97,6483300,1.0,0.0
2009-02-23,34.26,34.63,32.1,32.22,5092900,1.0,0.0
2009-02-24,32.35,33.89,32.14,33.47,5621900,1.0,0.0
2009-02-25,33.35,33.35,31.85,32.56,5753600,1.0,0.0
2009-02-26,32.86,33.15,32.18,32.37,5702600,1.0,0.0
2009-02-27,31.66,32.52,30.77,31.72,6066500,1.0,0.0
2009-03-02,31.08,31.08,29.44,29.56,5810500,1.0,0.0
2009-03-03,29.91,30.1,28.9,29.13,8123700,1.0,0.0
2009-03-04,29.53,30.55,28.79,29.98,8877100,1.0,0.0
2009-03-05,29.09,29.53,26.87,27.25,9668200,1.0,0.0
2009-03-06,27.5,28.64,26.85,27.41,6988600,1.0,0.0
2009-03-09,27.86,27.95,26.69,26.95,7952600,1.0,0.0
2009-03-10,27.52,28.34,27.34,28.21,9281500,1.0,0.0
2009-03-11,28.58,28.89,27.93,28.43,4869000,1.0,0.0
2009-03-12,28.44,30.13,27.835,29.94,7063900,1.0,0.0
2009-03-13,30.15,30.56,28.9,29.28,5144500,1.0,0.0
2009-03-16,29.99,32.07,29.69,31.04,7533100,1.0,0.0
2009-03-17,30.92,31.57,30.44,31.5,4191300,1.0,0.0
2009-03-18,31.23,31.8,30.01,31.3,7324500,1.0,0.0
2009-03-19,31.59,32.25,31.0,31.45,4818200,1.0,0.0
2009-03-20,31.61,31.94,30.32,30.46,5247500,1.0,0.0
2009-03-23,30.88,33.37,30.88,33.35,5203300,1.0,0.0
2009-03-24,32.9,35.0,32.1,34.21,8132300,1.0,0.0
2009-03-25,34.3,34.7,32.59,33.56,6861000,1.0,0.0
2009-03-26,34.25,36.1,34.03,35.94,7627300,1.0,0.0
2009-03-27,35.52,35.56,34.61,34.88,5466300,1.0,0.0
2009-03-30,33.99,34.27,32.59,33.13,5095300,1.0,0.0
2009-03-31,33.87,34.53,32.81,33.75,5930500,1.0,0.0
2009-04-01,33.36,34.8697,32.99,34.54,5993100,1.0,0.0
2009-04-02,35.26,38.04,35.26,36.9,7481300,1.0,0.0
2009-04-03,37.0,37.55,36.8,37.45,4575400,1.0,0.0
2009-04-06,37.14,37.14,35.38,36.39,5212000,1.0,0.0
2009-04-07,35.87,36.23,34.83,35.18,3895900,1.0,0.0
2009-04-08,35.27,36.49,35.27,36.24,4880400,1.0,0.0
2009-04-09,37.17,37.75,36.84,37.35,4612200,1.0,0.0
2009-04-13,37.1,37.32,35.94,36.99,4871300,1.0,0.0
2009-04-14,36.55,37.28,36.15,36.45,3564800,1.0,0.0
2009-04-15,37.11,38.08,36.37,37.01,6467200,1.0,0.0
2009-04-16,37.17,37.67,36.49,37.22,4094700,1.0,0.0
2009-04-17,37.28,38.47,37.07,37.79,3996200,1.0,0.0
2009-04-20,37.26,37.5,35.29,35.65,4221000,1.0,0.0
2009-04-21,35.4,37.73,35.1,37.37,7205200,1.0,0.0
2009-04-22,34.55,39.31,34.55,37.5,22727600,1.0,0.0
2009-04-23,37.68,39.66,37.13,38.18,10719000,1.0,0.0
2009-04-24,38.59,39.01,37.49,37.79,5816400,1.0,0.0
2009-04-27,37.01,37.39,35.42,35.92,7646200,1.0,0.0
2009-04-28,35.44,35.82,34.35,34.77,6421400,1.0,0.0
2009-04-29,35.15,36.11,34.79,35.51,4086300,1.0,0.34
2009-04-30,35.93,36.67,35.33,35.68,5367900,1.0,0.0
2009-05-01,35.12,36.3478,34.32,35.8,5727600,1.0,0.0
2009-05-04,36.17,38.77,36.15,37.91,7796700,1.0,0.0
2009-05-05,37.71,38.25,36.54,36.96,3937500,1.0,0.0
2009-05-06,37.42,38.2,36.7,37.7,5365300,1.0,0.0
2009-05-07,37.94,38.21,36.54,37.03,6606600,1.0,0.0
2009-05-08,37.4,38.43,37.25,38.01,5366000,1.0,0.0
2009-05-11,37.58,37.77,36.41,36.44,5292000,1.0,0.0
2009-05-12,37.06,37.12,35.965,36.51,6960400,1.0,0.0
2009-05-13,35.93,36.15,34.83,34.96,5550500,1.0,0.0
2009-05-14,34.62,35.88,34.5,34.5,4123800,1.0,0.0
2009-05-15,34.51,35.62,34.51,35.08,4943600,1.0,0.0
2009-05-18,35.67,36.32,35.11,36.25,4307400,1.0,0.0
2009-05-19,36.49,36.94,35.95,36.06,3272600,1.0,0.0
2009-05-20,36.42,38.25,36.29,36.67,4325800,1.0,0.0
2009-05-21,36.16,36.28,33.96,34.43,6296700,1.0,0.0
2009-05-22,34.48,35.58,34.41,35.21,3341200,1.0,0.0
2009-05-26,35.38,36.96,34.67,36.46,5245300,1.0,0.0
2009-05-27,36.5,36.57,34.75,34.93,4620100,1.0,0.0
2009-05-28,35.53,35.54,34.3399,35.38,3302400,1.0,0.0
2009-05-29,35.61,37.2,35.47,37.2,4616100,1.0,0.0
2009-06-01,37.57,39.91,37.1,39.51,7209400,1.0,0.0
2009-06-02,39.46,40.88,39.35,40.13,5868200,1.0,0.0
2009-06-03,39.87,40.21,38.35,39.0,4347300,1.0,0.0
2009-06-04,39.21,40.51,38.72,40.44,5350200,1.0,0.0
2009-06-05,41.0,41.88,40.29,40.7,5111300,1.0,0.0
2009-06-08,39.98,41.51,39.97,40.94,4358900,1.0,0.0
2009-06-09,40.85,41.9,40.73,41.13,4088800,1.0,0.0
2009-06-10,41.69,41.69,39.75,40.54,4704200,1.0,0.0
2009-06-11,40.51,41.23,40.355,40.45,2989000,1.0,0.0
2009-06-12,40.39,41.4,40.03,41.23,3589300,1.0,0.0
2009-06-15,40.35,40.9,38.67,39.21,4993500,1.0,0.0
2009-06-16,39.9,40.21,38.82,38.9,4209900,1.0,0.0
2009-06-17,38.77,39.15,38.02,38.36,4203400,1.0,0.0
2009-06-18,38.6,38.6,37.53,38.12,3301900,1.0,0.0
2009-06-19,38.36,38.91,37.95,38.46,5001700,1.0,0.0
2009-06-22,37.75,38.0,36.33,36.4,3646800,1.0,0.0
2009-06-23,36.53,36.8764,35.922,36.45,2965200,1.0,0.0
2009-06-24,36.94,38.09,36.65,36.9,5212700,1.0,0.0
2009-06-25,36.67,39.22,36.67,38.98,4320200,1.0,0.0
2009-06-26,38.76,39.54,38.26,39.19,4511400,1.0,0.0
2009-06-29,38.85,39.29,37.9,38.22,3716300,1.0,0.0
2009-06-30,38.41,38.7178,37.16,37.67,4069000,1.0,0.0
2009-07-01,37.52,39.27,37.52,38.18,3950400,1.0,0.0
2009-07-02,37.76,37.89,36.85,37.08,3126700,1.0,0.0
2009-07-06,36.54,37.22,36.2,37.14,3746700,1.0,0.0
2009-07-07,36.98,37.14,35.73,35.87,4883400,1.0,0.0
2009-07-08,35.97,36.48,35.28,36.1,5066000,1.0,0.0
2009-07-09,36.29,36.91,36.04,36.23,3022100,1.0,0.0
2009-07-10,36.06,37.404,35.634,36.65,2086800,1.0,0.0
2009-07-13,36.53,37.4,35.77,37.39,3110400,1.0,0.0
2009-07-14,37.94,39.42,37.94,38.78,5247700,1.0,0.0
2009-07-15,39.3,40.51,39.14,40.35,4340800,1.0,0.0
2009-07-16,40.29,41.2,39.9,40.92,3647100,1.0,0.0
2009-07-17,40.76,41.67,40.35,41.39,3309700,1.0,0.0
2009-07-20,41.5,42.95,41.25,42.85,4562800,1.0,0.0
2009-07-21,43.0,43.72,42.49,43.37,4748600,1.0,0.0
2009-07-22,43.29,44.35,42.51,43.89,3806800,1.0,0.0
2009-07-23,43.72,45.55,43.61,45.36,4864000,1.0,0.0
2009-07-24,45.02,45.49,44.05,44.84,2666600,1.0,0.0
2009-07-27,45.23,45.3,44.27,45.12,2943200,1.0,0.0
2009-07-28,44.5,45.15,43.29,43.63,5527800,1.0,0.0
2009-07-29,42.31,42.92,41.61,42.8,5197500,1.0,0.0
2009-07-30,43.2,43.9,42.82,42.95,3762800,1.0,0.0
2009-07-31,42.98,43.73,42.67,43.25,3720900,1.0,0.0
2009-08-03,43.73,44.7,43.56,44.36,4063100,1.0,0.0
2009-08-04,44.16,44.78,43.75,44.44,3095900,1.0,0.0
2009-08-05,44.5,44.5,43.02,43.44,2326600,1.0,0.34
2009-08-06,43.54,43.81,42.95,43.13,2158900,1.0,0.0
2009-08-07,43.77,46.99,43.67,46.37,5775000,1.0,0.0
2009-08-10,46.25,46.25,44.87,45.17,2937500,1.0,0.0
2009-08-11,44.76,46.77,44.39,46.44,4402500,1.0,0.0
2009-08-12,46.44,47.41,46.01,46.85,4650200,1.0,0.0
2009-08-13,47.07,48.65,46.42,48.59,5062600,1.0,0.0
2009-08-14,48.5,48.5,46.84,47.27,3213500,1.0,0.0
2009-08-17,46.44,46.49,45.09,45.33,3175100,1.0,0.0
2009-08-18,45.44,46.19,45.33,46.11,2685900,1.0,0.0
2009-08-19,45.6,46.31,45.0,45.67,3051100,1.0,0.0
2009-08-20,45.81,46.72,45.35,46.46,4224400,1.0,0.0
2009-08-21,46.69,47.86,46.3,47.54,2814500,1.0,0.0
2009-08-24,47.63,48.0,46.55,47.01,2630300,1.0,0.0
2009-08-25,47.42,47.96,46.76,46.87,2434200,1.0,0.0
2009-08-26,46.72,47.21,46.03,46.21,3067900,1.0,0.0
2009-08-27,46.23,46.8,45.05,46.5,2800400,1.0,0.0
2009-08-28,46.93,47.28,46.2,46.91,2735000,1.0,0.0
2009-08-31,46.1,46.6,45.65,45.87,2383000,1.0,0.0
2009-09-01,45.65,46.8045,45.13,45.35,2870100,1.0,0.0
2009-09-02,45.25,45.26,44.24,44.49,2876100,1.0,0.0
2009-09-03,44.89,46.96,44.7,46.82,4376600,1.0,0.0
2009-09-04,46.74,48.2,46.43,47.96,3341700,1.0,0.0
2009-09-08,48.34,48.67,47.38,47.51,3279300,1.0,0.0
2009-09-09,47.3,49.26,47.3,48.39,4384200,1.0,0.0
2009-09-10,48.47,49.5,48.01,49.23,3074200,1.0,0.0
2009-09-11,49.48,50.1,48.12,48.68,4575600,1.0,0.0
2009-09-14,48.38,49.33,48.0,49.03,2238600,1.0,0.0
2009-09-15,49.34,49.34,48.23,48.77,3395800,1.0,0.0
2009-09-16,49.21,49.49,46.88,47.49,5573800,1.0,0.0
2009-09-17,47.42,47.7,46.39,46.64,3921800,1.0,0.0
2009-09-18,46.97,47.06,46.11,46.34,3352900,1.0,0.0
2009-09-21,45.78,46.39,45.57,45.91,2742200,1.0,0.0
2009-09-22,46.4,47.12,46.22,46.47,2520000,1.0,0.0
2009-09-23,47.01,47.01,45.69,45.76,2443100,1.0,0.0
2009-09-24,45.91,46.18,44.9,45.05,2579200,1.0,0.0
2009-09-25,44.81,44.96,43.25,43.96,3879100,1.0,0.0
2009-09-28,44.22,44.91,43.84,44.46,1874600,1.0,0.0
2009-09-29,44.57,44.62,43.74,43.85,2569300,1.0,0.0
2009-09-30,43.94,44.19,42.77,43.11,4474700,1.0,0.0
2009-10-01,42.58,44.19,42.58,43.62,6210500,1.0,0.0
2009-10-02,43.15,43.74,42.7115,43.26,3802200,1.0,0.0
2009-10-05,43.55,44.16,42.93,44.07,2520000,1.0,0.0
2009-10-06,44.29,44.94,44.01,44.36,3581400,1.0,0.0
2009-10-07,44.45,44.9,44.01,44.41,2489900,1.0,0.0
2009-10-08,45.04,46.0,44.72,45.84,4700200,1.0,0.0
2009-10-09,45.83,46.26,45.41,46.16,2463900,1.0,0.0
2009-10-12,46.34,46.886,45.405,45.95,2418100,1.0,0.0
2009-10-13,45.94,45.94,45.2,45.68,3425300,1.0,0.0
2009-10-14,46.35,48.35,46.35,48.28,6619900,1.0,0.0
2009-10-15,48.15,48.69,47.8,48.63,4476800,1.0,0.0
2009-10-16,48.14,49.39,47.84,49.15,4132100,1.0,0.0
2009-10-19,49.2,49.87,48.86,49.68,1388500,1.0,0.0
2009-10-20,49.63,49.74,48.91,49.52,971300,1.0,0.0
2009-10-21,49.35,50.1,48.56,48.62,3088800,1.0,0.0
2009-10-22,48.32,48.86,47.61,48.65,4003500,1.0,0.0
2009-10-23,48.12,48.12,46.01,46.88,6028500,1.0,0.0
2009-10-26,46.91,47.9,46.53,46.93,4079300,1.0,0.0
2009-10-27,46.89,47.51,46.01,46.05,6077900,1.0,0.0
2009-10-28,47.35,49.75,46.19,46.25,9205000,1.0,0.0
2009-10-29,46.61,47.62,46.25,47.13,3622300,1.0,0.0
2009-10-30,46.84,47.37,46.25,46.62,4982300,1.0,0.0
2009-11-02,46.67,47.82,45.94,46.63,3464400,1.0,0.0
2009-11-03,49.67,50.0,47.55,48.81,12993300,1.0,0.0
2009-11-04,49.44,50.38,49.19,49.86,8373100,1.0,0.34
2009-11-05,50.26,51.1,49.9,51.0,3842100,1.0,0.0
2009-11-06,50.93,52.44,50.56,52.07,5548200,1.0,0.0
2009-11-09,52.57,52.6599,51.63,51.95,7035700,1.0,0.0
2009-11-10,51.63,52.38,51.51,51.8,3096800,1.0,0.0
2009-11-11,51.83,52.52,51.65,51.96,3645600,1.0,0.0
2009-11-12,52.39,52.84,51.09,51.26,5457100,1.0,0.0
2009-11-13,51.65,51.83,51.27,51.67,4383500,1.0,0.0
2009-11-16,51.93,52.0,51.42,51.66,6332600,1.0,0.0
2009-11-17,51.38,51.71,51.05,51.68,5201700,1.0,0.0
2009-11-18,51.7,51.92,51.09,51.62,2800800,1.0,0.0
2009-11-19,51.18,51.25,50.41,50.92,2959700,1.0,0.0
2009-11-20,50.58,51.55,50.57,51.4,3444700,1.0,0.0
2009-11-23,51.84,52.4,51.83,52.02,2504200,1.0,0.0
2009-11-24,51.92,52.02,51.26,51.49,2616500,1.0,0.0
2009-11-25,51.51,51.91,51.35,51.84,1891700,1.0,0.0
2009-11-27,50.92,51.54,50.3,51.19,1466800,1.0,0.0
2009-11-30,51.31,51.64,50.76,51.4,2232700,1.0,0.0
2009-12-01,51.66,52.66,51.66,52.35,1736000,1.0,0.0
2009-12-02,52.45,52.52,51.9,52.22,1324600,1.0,0.0
2009-12-03,52.2,52.29,51.37,51.48,1818100,1.0,0.0
2009-12-04,52.0,52.99,52.0,52.84,2456900,1.0,0.0
2009-12-07,52.7,52.94,52.26,52.33,2041800,1.0,0.0
2009-12-08,52.04,52.06,51.01,51.3,2673200,1.0,0.0
2009-12-09,51.51,51.51,50.6475,51.27,1658700,1.0,0.0
2009-12-10,51.73,52.4,51.51,52.24,1863500,1.0,0.0
2009-12-11,52.29,52.54,52.02,52.22,1707200,1.0,0.0
2009-12-14,52.33,53.18,52.33,53.08,1782000,1.0,0.0
2009-12-15,53.14,53.14,52.51,52.78,1641600,1.0,0.0
2009-12-16,52.91,53.12,52.69,52.86,1638300,1.0,0.0
2009-12-17,52.32,52.57,51.97,52.06,1675700,1.0,0.0
2009-12-18,52.42,52.51,51.79,52.04,2264200,1.0,0.0
2009-12-21,52.25,53.27,52.24,53.08,1597000,1.0,0.0
2009-12-22,53.4,53.58,52.79,53.01,1757600,1.0,0.0
2009-12-23,53.01,53.94,52.85,53.82,1194800,1.0,0.0
2009-12-24,53.76,54.55,53.76,54.24,594400,1.0,0.0
2009-12-28,54.25,54.43,53.27,53.59,799700,1.0,0.0
2009-12-29,53.77,53.99,53.29,53.3,1021500,1.0,0.0
2009-12-30,53.2,53.5,53.08,53.24,993800,1.0,0.0
2009-12-31,53.19,53.3,52.38,52.42,1164900,1.0,0.0
2010-01-04,52.83,52.83,52.04,52.59,1884500,1.0,0.0
2010-01-05,52.56,53.62,52.5,53.4,1803900,1.0,0.0
2010-01-06,53.13,53.96,53.01,53.25,2116000,1.0,0.0
2010-01-07,53.01,53.03,52.11,52.55,3161500,1.0,0.0
2010-01-08,52.44,54.76,52.44,54.36,3042400,1.0,0.0
2010-01-11,54.73,54.73,53.73,54.23,1452500,1.0,0.0
2010-01-12,53.84,54.33,53.58,54.02,2466200,1.0,0.0
2010-01-13,54.03,54.22,53.31,54.0,1497600,1.0,0.0
2010-01-14,53.75,53.96,52.76,53.15,2677100,1.0,0.0
2010-01-15,53.36,53.36,52.31,52.78,2805900,1.0,0.0
2010-01-19,52.9,53.15,52.47,53.05,1779200,1.0,0.0
2010-01-20,52.01,52.08,50.9,51.75,3114800,1.0,0.0
2010-01-21,51.6,52.5,50.38,50.4,3712600,1.0,0.0
2010-01-22,50.4,50.9,49.55,49.65,2728300,1.0,0.0
2010-01-25,50.2,50.33,49.5,49.87,1600900,1.0,0.0
2010-01-26,49.71,50.5,49.38,49.75,2461000,1.0,0.0
2010-01-27,49.56,50.67,49.19,50.43,3019000,1.0,0.0
2010-01-28,49.93,49.94,47.81,48.09,4524100,1.0,0.0
2010-01-29,48.0,48.54,46.98,47.06,3038300,1.0,0.0
2010-02-01,47.28,48.5,47.28,48.08,2305800,1.0,0.0
2010-02-02,48.42,49.54,48.05,48.66,2867500,1.0,0.0
2010-02-03,48.59,49.25,48.25,48.45,1710700,1.0,0.34
2010-02-04,48.01,48.145,46.77,46.83,2929400,1.0,0.0
2010-02-05,46.73,47.29,46.18,47.1,3011500,1.0,0.0
2010-02-08,47.01,47.6,46.25,46.31,3128000,1.0,0.0
2010-02-09,47.27,47.75,46.93,47.14,1898500,1.0,0.0
2010-02-10,47.1,47.38,46.31,46.99,2391300,1.0,0.0
2010-02-11,46.85,48.92,46.76,48.58,3510200,1.0,0.0
2010-02-12,48.1,48.55,47.75,48.48,2419000,1.0,0.0
2010-02-16,48.77,49.92,48.4,49.89,2512100,1.0,0.0
2010-02-17,49.9,50.0,48.89,49.26,2253500,1.0,0.0
2010-02-18,49.39,50.35,49.22,50.25,2693600,1.0,0.0
2010-02-19,49.97,51.3,49.97,51.01,3290700,1.0,0.0
2010-02-22,51.24,51.37,50.82,51.14,1665500,1.0,0.0
2010-02-23,51.01,51.18,50.18,50.68,1997400,1.0,0.0
2010-02-24,50.83,51.16,50.554,51.11,1715300,1.0,0.0
2010-02-25,50.67,51.74,50.09,51.65,2563100,1.0,0.0
2010-02-26,51.63,51.73,51.04,51.43,2579400,1.0,0.0
2010-03-01,52.57,53.06,52.2,52.64,2915200,1.0,0.0
2010-03-02,53.02,53.1,52.48,52.71,1423400,1.0,0.0
2010-03-03,52.73,53.0,52.14,52.22,1834400,1.0,0.0
2010-03-04,52.22,52.78,52.0,52.47,2614400,1.0,0.0
2010-03-05,52.79,53.15,52.6,52.97,2668300,1.0,0.0
2010-03-08,53.11,53.38,52.56,52.97,1839300,1.0,0.0
2010-03-09,52.95,54.04,52.89,53.74,2369400,1.0,0.0
2010-03-10,54.0,54.43,53.324,53.87,1979600,1.0,0.0
2010-03-11,53.95,54.55,53.87,54.36,1878900,1.0,0.0
2010-03-12,54.79,54.79,53.98,54.45,1272100,1.0,0.0
2010-03-15,54.35,54.68,53.99,54.56,1277700,1.0,0.0
2010-03-16,54.71,55.21,54.52,55.13,2142400,1.0,0.0
2010-03-17,55.21,55.55,54.99,55.28,1742900,1.0,0.0
2010-03-18,55.03,56.02,54.98,55.68,2248900,1.0,0.0
2010-03-19,55.71,56.17,55.01,55.33,3175700,1.0,0.0
2010-03-22,55.03,55.71,54.55,55.4,2811500,1.0,0.0
2010-03-23,55.57,55.82,54.46,55.24,2933700,1.0,0.0
2010-03-24,55.04,55.04,54.14,54.66,2841400,1.0,0.0
2010-03-25,55.06,55.8,54.6,54.7,2887700,1.0,0.0
2010-03-26,55.02,55.06,54.15,54.83,1909200,1.0,0.0
2010-03-29,55.17,55.93,54.96,55.81,1796200,1.0,0.0
2010-03-30,55.76,56.5,55.7,56.2,3059800,1.0,0.0
2010-03-31,55.78,56.09,55.41,55.89,1945800,1.0,0.0
2010-04-01,56.25,57.0,56.25,56.99,2853800,1.0,0.0
2010-04-05,57.16,57.81,56.58,57.56,2602200,1.0,0.0
2010-04-06,57.31,57.77,57.11,57.59,2509200,1.0,0.0
2010-04-07,57.45,57.91,56.9,57.68,3886500,1.0,0.0
2010-04-08,57.41,58.56,57.38,58.46,4164100,1.0,0.0
2010-04-09,58.46,58.62,57.3,57.91,2643900,1.0,0.0
2010-04-12,57.88,58.41,57.53,58.39,2503500,1.0,0.0
2010-04-13,58.37,59.275,57.87,59.17,2902900,1.0,0.0
2010-04-14,59.81,60.61,59.41,60.13,3401700,1.0,0.0
2010-04-15,60.01,60.77,59.77,60.61,2565600,1.0,0.0
2010-04-16,60.39,60.59,58.57,59.47,2910500,1.0,0.0
2010-04-19,59.31,59.53,58.64,59.39,1605000,1.0,0.0
2010-04-20,59.9,60.55,59.64,60.19,1695800,1.0,0.0
2010-04-21,60.2,60.33,59.68,60.19,2266900,1.0,0.0
2010-04-22,59.7,60.59,58.96,60.54,2448900,1.0,0.0
2010-04-23,60.23,60.9,59.92,60.88,2923900,1.0,0.0
2010-04-26,60.92,61.27,60.68,61.09,1973400,1.0,0.0
2010-04-27,60.84,61.09,59.52,59.65,2900400,1.0,0.0
2010-04-28,58.6,59.73,58.12,59.17,5057700,1.0,0.0
2010-04-29,59.59,60.88,59.41,60.51,4304700,1.0,0.0
2010-04-30,60.51,61.15,59.25,59.33,2971900,1.0,0.0
2010-05-03,59.78,61.59,59.75,61.15,3149900,1.0,0.0
2010-05-04,60.17,60.33,59.07,59.65,3007600,1.0,0.0
2010-05-05,58.28,59.2,57.92,58.34,3226600,1.0,0.34
2010-05-06,58.05,58.75,51.93,56.38,4866400,1.0,0.0
2010-05-07,56.27,56.83,54.49,55.22,4769300,1.0,0.0
2010-05-10,58.57,58.82,57.23,58.79,3508100,1.0,0.0
2010-05-11,58.02,59.69,58.02,59.15,2832700,1.0,0.0
2010-05-12,59.57,60.92,59.23,60.73,2121800,1.0,0.0
2010-05-13,60.44,60.755,59.6,59.79,1999400,1.0,0.0
2010-05-14,59.18,59.53,57.84,58.29,2287100,1.0,0.0
2010-05-17,58.31,58.88,56.55,58.13,2212500,1.0,0.0
2010-05-18,58.6,58.67,56.6,57.11,2748800,1.0,0.0
2010-05-19,56.9,57.66,54.95,55.98,3431500,1.0,0.0
2010-05-20,54.66,55.2,53.14,53.41,3468700,1.0,0.0
2010-05-21,52.42,55.33,52.07,54.81,3747700,1.0,0.0
2010-05-24,54.58,55.6,54.33,54.37,2252900,1.0,0.0
2010-05-25,52.87,54.36,52.5,54.31,2949900,1.0,0.0
2010-05-26,54.92,55.96,54.58,54.99,2795900,1.0,0.0
2010-05-27,55.64,56.79,55.05,56.72,2538000,1.0,0.0
2010-05-28,56.86,57.0497,55.76,56.46,2747400,1.0,0.0
2010-06-01,55.96,57.295,54.97,55.03,6398700,1.0,0.0
2010-06-02,55.46,56.73,54.9,56.69,3437200,1.0,0.0
2010-06-03,57.01,57.41,56.08,56.8,2698200,1.0,0.0
2010-06-04,55.48,55.84,53.09,53.4,4303000,1.0,0.0
2010-06-07,53.51,53.87,52.16,52.19,3348700,1.0,0.0
2010-06-08,52.42,53.53,52.0,53.34,3002200,1.0,0.0
2010-06-09,53.82,55.48,53.34,53.6,2996200,1.0,0.0
2010-06-10,54.69,56.22,54.69,56.16,3581200,1.0,0.0
2010-06-11,55.46,56.91,55.36,56.8,2177900,1.0,0.0
2010-06-14,57.4,57.6,56.11,56.18,2220400,1.0,0.0
2010-06-15,56.75,58.52,56.75,58.46,2965900,1.0,0.0
2010-06-16,57.88,58.85,57.79,58.29,4798300,1.0,0.0
2010-06-17,58.3,58.79,57.25,58.66,3418500,1.0,0.0
2010-06-18,58.71,59.1,58.491,59.09,3610200,1.0,0.0
2010-06-21,59.93,60.84,59.5,59.97,4853000,1.0,0.0
2010-06-22,59.86,60.01,57.23,57.47,3363700,1.0,0.0
2010-06-23,57.51,57.73,56.47,57.47,2617000,1.0,0.0
2010-06-24,57.25,57.28,55.95,56.23,2428000,1.0,0.0
2010-06-25,56.31,57.01,55.89,56.68,3063100,1.0,0.0
2010-06-28,57.01,57.29,56.35,56.6,1773100,1.0,0.0
2010-06-29,55.6,55.6,52.97,53.44,5458300,1.0,0.0
2010-06-30,53.405,54.215,52.88,53.05,4090300,1.0,0.0
2010-07-01,53.11,53.91,52.02,52.7,5716100,1.0,0.0
2010-07-02,52.84,53.0,50.76,50.91,5808600,1.0,0.0
2010-07-06,51.57,51.86,50.03,50.5,5546400,1.0,0.0
2010-07-07,50.72,51.86,50.48,51.76,8498900,1.0,0.0
2010-07-08,52.41,52.5,51.56,51.96,8140800,1.0,0.0
2010-07-09,52.92,53.92,52.43,53.81,5546500,1.0,0.0
2010-07-12,53.73,54.28,53.2,54.19,4187100,1.0,0.0
2010-07-13,55.16,56.12,54.61,55.29,8167700,1.0,0.0
2010-07-14,54.86,55.68,54.49,55.0,3817800,1.0,0.0
2010-07-15,55.0,55.17,54.03,55.03,3085900,1.0,0.0
2010-07-16,54.51,54.69,53.14,53.36,4347600,1.0,0.0
2010-07-19,53.69,53.75,52.5398,52.94,3672800,1.0,0.0
2010-07-20,51.9,54.08,51.71,53.99,4252900,1.0,0.0
2010-07-21,54.31,54.36,52.67,53.15,3321100,1.0,0.0
2010-07-22,54.13,55.61,54.11,54.72,3692100,1.0,0.0
2010-07-23,54.7,56.65,54.58,56.46,5270100,1.0,0.0
2010-07-26,56.75,57.87,56.45,57.16,4370800,1.0,0.0
2010-07-27,57.47,57.64,56.16,56.52,3961200,1.0,0.0
2010-07-28,54.57,56.13,54.34,56.03,5759600,1.0,0.0
2010-07-29,56.5,56.7,55.53,55.93,3149900,1.0,0.0
2010-07-30,55.33,56.53,54.99,56.27,2253500,1.0,0.0
2010-08-02,57.33,57.55,56.59,57.5,2526600,1.0,0.0
2010-08-03,57.18,57.79,56.62,57.43,1971800,1.0,0.0
2010-08-04,57.33,57.77,57.12,57.61,2491000,1.0,0.36
2010-08-05,57.27,58.0,57.13,57.92,2077500,1.0,0.0
2010-08-06,57.41,57.79,56.12,57.06,2817400,1.0,0.0
2010-08-09,57.45,58.0,57.08,57.92,1998600,1.0,0.0
2010-08-10,57.12,57.98,56.68,57.72,2350500,1.0,0.0
2010-08-11,56.45,56.78,54.84,55.26,3195400,1.0,0.0
2010-08-12,54.25,55.11,54.0,54.91,2176600,1.0,0.0
2010-08-13,54.64,55.25,54.5,54.68,1696600,1.0,0.0
2010-08-16,54.26,54.79,53.99,54.55,1795000,1.0,0.0
2010-08-17,55.28,56.185,55.12,55.48,2480900,1.0,0.0
2010-08-18,55.5,56.32,55.06,56.09,2021100,1.0,0.0
2010-08-19,55.86,55.88,53.73,54.56,3030600,1.0,0.0
2010-08-20,54.16,54.55,53.35,54.44,2560300,1.0,0.0
2010-08-23,54.81,54.81,53.29,53.46,2617600,1.0,0.0
2010-08-24,52.72,53.12,51.53,52.69,3787200,1.0,0.0
2010-08-25,52.16,53.34,51.71,53.03,3527400,1.0,0.0
2010-08-26,53.41,54.01,52.95,53.05,2270600,1.0,0.0
2010-08-27,53.54,54.64,53.0,54.55,2262100,1.0,0.0
2010-08-30,54.46,54.9499,53.49,53.55,1770100,1.0,0.0
2010-08-31,53.23,54.47,53.07,53.68,3493200,1.0,0.0
2010-09-01,54.34,56.2,54.25,56.02,3483300,1.0,0.0
2010-09-02,56.0,57.13,55.94,57.13,2199200,1.0,0.0
2010-09-03,57.51,58.62,57.36,57.91,2272500,1.0,0.0
2010-09-07,57.62,58.13,57.18,57.66,2565000,1.0,0.0
2010-09-08,57.71,58.64,57.59,58.38,2612800,1.0,0.0
2010-09-09,58.98,59.03,57.59,57.92,1974900,1.0,0.0
2010-09-10,58.11,59.0,58.11,58.85,2440800,1.0,0.0
2010-09-13,59.54,59.64,58.95,59.19,2376100,1.0,0.0
2010-09-14,59.12,59.41,58.74,58.77,2283300,1.0,0.0
2010-09-15,58.59,59.28,58.4,58.99,2137600,1.0,0.0
2010-09-16,58.79,59.05,58.18,58.43,1768900,1.0,0.0
2010-09-17,58.75,58.9,58.06,58.45,3206300,1.0,0.0
2010-09-20,58.65,59.29,58.44,58.93,2502100,1.0,0.0
2010-09-21,59.09,60.0,58.92,59.36,2527800,1.0,0.0
2010-09-22,59.13,59.4,58.43,58.93,2957600,1.0,0.0
2010-09-23,58.26,58.9,57.81,57.99,2069800,1.0,0.0
2010-09-24,58.15,59.99,58.15,59.88,2981200,1.0,0.0
2010-09-27,59.95,60.087,59.54,59.57,3187600,1.0,0.0
2010-09-28,59.77,59.79,58.5925,59.64,2947700,1.0,0.0
2010-09-29,59.35,60.46,58.98,59.77,3690100,1.0,0.0
2010-09-30,60.27,60.8,59.17,59.51,2409600,1.0,0.0
2010-10-01,59.09,59.45,58.4,59.02,2614400,1.0,0.0
2010-10-04,58.91,59.52,57.91,58.37,2186500,1.0,0.0
2010-10-05,59.1,59.82,58.86,59.51,4465600,1.0,0.0
2010-10-06,59.5,59.82,59.05,59.67,3312500,1.0,0.0
2010-10-07,59.95,59.99,58.95,59.63,3008200,1.0,0.0
2010-10-08,59.54,60.67,59.28,60.53,2389300,1.0,0.0
2010-10-11,60.5,61.15,60.0,60.66,1586300,1.0,0.0
2010-10-12,60.36,60.36,59.06,59.73,3614600,1.0,0.0
2010-10-13,60.65,62.71,60.59,62.21,4924200,1.0,0.0
2010-10-14,62.21,62.21,61.15,61.78,2537100,1.0,0.0
2010-10-15,62.17,62.27,61.05,61.51,2341700,1.0,0.0
2010-10-18,61.7,61.74,61.22,61.49,1503400,1.0,0.0
2010-10-19,60.59,61.25,59.91,60.54,2549300,1.0,0.0
2010-10-20,60.76,62.26,60.7,61.87,2160800,1.0,0.0
2010-10-21,61.74,61.8963,60.75,61.56,2277900,1.0,0.0
2010-10-22,61.63,62.14,61.5,62.1,1137600,1.0,0.0
2010-10-25,62.48,63.18,61.94,61.97,1974700,1.0,0.0
2010-10-26,61.67,62.68,61.51,62.2,2163900,1.0,0.0
2010-10-27,61.62,61.67,60.42,61.35,3589700,1.0,0.0
2010-10-28,61.33,61.35,59.51,60.79,4376800,1.0,0.0
2010-10-29,60.76,61.975,60.38,61.49,2862800,1.0,0.0
2010-11-01,61.92,62.8816,61.45,61.77,2760900,1.0,0.0
2010-11-02,62.22,62.57,61.59,62.38,2148300,1.0,0.0
2010-11-03,62.34,62.56,61.47,62.13,2118300,1.0,0.36
2010-11-04,62.83,63.6399,62.41,62.72,4515100,1.0,0.0
2010-11-05,62.52,63.32,62.09,62.31,2779300,1.0,0.0
2010-11-08,62.14,62.7,61.96,62.36,1536600,1.0,0.0
2010-11-09,62.44,62.64,61.5,61.68,2053600,1.0,0.0
2010-11-10,61.4,62.24,61.06,62.1,2077100,1.0,0.0
2010-11-11,61.64,62.22,61.42,61.97,1740000,1.0,0.0
2010-11-12,61.43,61.87,60.56,60.96,2049800,1.0,0.0
2010-11-15,61.27,62.3,61.25,61.33,1681100,1.0,0.0
2010-11-16,61.0,61.14,60.18,60.55,2379500,1.0,0.0
2010-11-17,60.045,60.535,59.6,60.34,3210200,1.0,0.0
2010-11-18,61.18,61.92,61.03,61.15,2385400,1.0,0.0
2010-11-19,61.0,61.39,60.79,61.38,2209500,1.0,0.0
2010-11-22,61.09,61.31,60.44,61.06,1518500,1.0,0.0
2010-11-23,60.38,60.52,59.2,59.63,2912200,1.0,0.0
2010-11-24,60.18,61.25,60.09,61.02,1915800,1.0,0.0
2010-11-26,60.35,61.31,60.33,60.84,1055400,1.0,0.0
2010-11-29,60.4,60.97,59.98,60.91,2207300,1.0,0.0
2010-11-30,60.34,60.82,59.92,60.17,2744000,1.0,0.0
2010-12-01,61.09,61.66,61.09,61.52,2944000,1.0,0.0
2010-12-02,61.54,62.89,61.54,62.49,2843200,1.0,0.0
2010-12-03,62.34,63.0,62.3,62.88,1398100,1.0,0.0
2010-12-06,62.75,62.97,62.3,62.71,1218000,1.0,0.0
2010-12-07,63.4,63.67,62.69,62.83,2469200,1.0,0.0
2010-12-08,62.91,63.03,61.86,62.06,2400400,1.0,0.0
2010-12-09,62.43,62.99,62.22,62.49,1436900,1.0,0.0
2010-12-10,62.81,62.87,62.38,62.69,1434100,1.0,0.0
2010-12-13,63.05,63.06,62.23,62.24,2005500,1.0,0.0
2010-12-14,62.51,63.03,62.12,62.36,2231700,1.0,0.0
2010-12-15,62.12,62.9726,62.12,62.52,2040900,1.0,0.0
2010-12-16,62.58,63.05,61.9,62.99,1512900,1.0,0.0
2010-12-17,62.85,62.93,62.16,62.67,2652700,1.0,0.0
2010-12-20,62.91,62.93,62.06,62.29,1575200,1.0,0.0
2010-12-21,62.4201,62.8197,62.35,62.65,1497000,1.0,0.0
2010-12-22,62.77,62.955,62.29,62.67,1208400,1.0,0.0
2010-12-23,62.86,62.96,62.23,62.44,1337300,1.0,0.0
2010-12-27,62.15,62.91,62.14,62.78,942100,1.0,0.0
2010-12-28,62.88,62.95,62.38,62.71,1024100,1.0,0.0
2010-12-29,62.81,63.13,62.7245,62.74,1156700,1.0,0.0
2010-12-30,62.77,63.03,62.51,62.74,1178200,1.0,0.0
2010-12-31,62.62,63.01,62.6,62.82,1132300,1.0,0.0
2011-01-03,63.25,64.16,63.25,63.73,3477900,1.0,0.0
2011-01-04,63.79,63.86,62.84,63.39,2261300,1.0,0.0
2011-01-05,62.99,63.9,62.99,63.72,2874200,1.0,0.0
2011-01-06,63.86,64.01,63.43,63.8,2600000,1.0,0.0
2011-01-07,63.98,65.32,63.98,65.04,4310200,1.0,0.0
2011-01-10,64.81,65.91,64.55,65.61,2964700,1.0,0.0
2011-01-11,66.0,66.0,64.62,64.96,3301300,1.0,0.0
2011-01-12,65.56,65.72,64.85,65.42,1746900,1.0,0.0
2011-01-13,65.47,66.0,65.2,65.68,1389900,1.0,0.0
2011-01-14,65.63,65.86,65.16,65.4,2214600,1.0,0.0
2011-01-18,65.64,65.86,64.78,65.28,2437500,1.0,0.0
2011-01-19,65.35,65.35,64.5,64.85,2688200,1.0,0.0
2011-01-20,64.24,64.55,63.45,64.18,3503800,1.0,0.0
2011-01-21,64.78,64.96,63.66,63.77,3202200,1.0,0.0
2011-01-24,63.64,64.53,63.55,64.31,3306100,1.0,0.0
2011-01-25,63.96,64.29,62.75,62.92,8380800,1.0,0.0
2011-01-26,62.89,63.63,62.08,62.73,5082500,1.0,0.0
2011-01-27,62.81,63.22,62.27,62.31,3013400,1.0,0.0
2011-01-28,62.34,62.5,60.22,60.38,5749800,1.0,0.0
2011-01-31,60.56,61.39,60.52,61.19,4333100,1.0,0.0
2011-02-01,61.71,62.22,61.57,62.12,3050000,1.0,0.0
2011-02-02,61.7,62.14,60.8,60.9,2775400,1.0,0.4
2011-02-03,60.9,61.37,60.69,60.83,3856500,1.0,0.0
2011-02-04,60.86,61.15,60.44,61.07,3027200,1.0,0.0
2011-02-07,61.42,61.81,61.1,61.5,2007000,1.0,0.0
2011-02-08,61.5,61.71,61.1,61.6,1977500,1.0,0.0
2011-02-09,61.36,62.27,61.3213,62.12,2612500,1.0,0.0
2011-02-10,61.87,63.22,61.8,63.04,3505700,1.0,0.0
2011-02-11,62.63,64.3375,62.63,64.1,2999200,1.0,0.0
2011-02-14,63.9,64.58,63.69,64.43,2465600,1.0,0.0
2011-02-15,64.35,64.63,64.24,64.46,2227400,1.0,0.0
2011-02-16,64.78,65.5,64.61,64.91,3055000,1.0,0.0
2011-02-17,64.98,65.42,64.67,65.2,2661900,1.0,0.0
2011-02-18,65.12,65.45,64.78,65.0,3136200,1.0,0.0
2011-02-22,64.28,65.1025,64.01,64.4,4641000,1.0,0.0
2011-02-23,64.49,64.54,62.79,63.7,5796600,1.0,0.0
2011-02-24,63.63,64.47,63.18,64.11,3955600,1.0,0.0
2011-02-25,64.5,64.98,64.29,64.66,1917800,1.0,0.0
2011-02-28,65.08,65.67,64.885,65.58,3063200,1.0,0.0
2011-03-01,65.9,66.01,64.65,64.8,3658700,1.0,0.0
2011-03-02,64.75,65.71,64.64,65.16,2324800,1.0,0.0
2011-03-03,65.63,65.81,65.08,65.73,2842900,1.0,0.0
2011-03-04,65.71,65.75,64.71,65.3,2776600,1.0,0.0
2011-03-07,65.65,65.92,64.275,64.84,2720700,1.0,0.0
2011-03-08,65.01,65.8,64.74,65.66,2774700,1.0,0.0
2011-03-09,65.4,65.92,64.9,65.4,2094700,1.0,0.0
2011-03-10,64.97,65.45,64.0,64.95,3519300,1.0,0.0
2011-03-11,65.73,66.92,65.39,66.53,4716800,1.0,0.0
2011-03-14,65.84,66.25,64.97,65.93,3330000,1.0,0.0
2011-03-15,64.05,66.0,63.9,65.56,3508900,1.0,0.0
2011-03-16,65.46,65.63,63.94,64.33,3846400,1.0,0.0
2011-03-17,65.35,66.75,65.07,65.84,3587000,1.0,0.0
2011-03-18,66.88,67.11,65.99,66.28,3607000,1.0,0.0
2011-03-21,67.0,68.0,66.79,67.81,1986500,1.0,0.0
2011-03-22,67.91,68.49,67.1701,67.3,2241900,1.0,0.0
2011-03-23,67.09,67.3299,66.504,66.68,1919700,1.0,0.0
2011-03-24,66.91,67.79,66.86,67.75,2125500,1.0,0.0
2011-03-25,67.84,69.0,67.81,68.68,2271200,1.0,0.0
2011-03-28,68.73,69.0,68.4304,68.77,1700400,1.0,0.0
2011-03-29,68.68,69.59,68.49,69.56,1978700,1.0,0.0
2011-03-30,69.96,70.0,68.92,68.99,2956800,1.0,0.0
2011-03-31,68.78,69.9599,68.78,69.27,2126900,1.0,0.0
2011-04-01,69.64,70.0,69.17,69.32,1382400,1.0,0.0
2011-04-04,69.63,69.9,69.08,69.58,1431200,1.0,0.0
2011-04-05,69.29,69.31,68.62,68.75,1845800,1.0,0.0
2011-04-06,69.05,69.16,68.0,68.64,1588700,1.0,0.0
2011-04-07,68.43,68.81,67.92,68.13,1228500,1.0,0.0
2011-04-08,68.57,68.57,67.1,67.69,1961200,1.0,0.0
2011-04-11,67.81,68.09,67.38,67.66,1369200,1.0,0.0
2011-04-12,67.38,68.27,67.11,67.77,1659900,1.0,0.0
2011-04-13,67.95,68.19,67.45,67.83,1549400,1.0,0.0
2011-04-14,67.03,67.12,66.32,66.98,2721000,1.0,0.0
2011-04-15,67.19,68.0,66.93,67.74,2414700,1.0,0.0
2011-04-18,67.12,67.34,66.38,66.9,2556200,1.0,0.0
2011-04-19,67.0,67.44,66.73,67.25,2157800,1.0,0.0
2011-04-20,67.68,68.12,65.94,66.68,3464300,1.0,0.0
2011-04-21,66.99,67.41,66.15,66.27,2787900,1.0,0.0
2011-04-25,66.47,67.13,66.3203,67.04,2092600,1.0,0.0
2011-04-26,67.23,68.486,67.06,68.42,2000000,1.0,0.0
2011-04-27,68.4,68.82,67.99,68.41,2529600,1.0,0.0
2011-04-28,71.96,74.36,71.01,73.87,6960900,1.0,0.0
2011-04-29,73.69,74.96,73.43,74.68,3575000,1.0,0.0
2011-05-02,74.6,75.0,74.1,74.61,2978100,1.0,0.0
2011-05-03,74.14,74.83,73.86,74.65,2130500,1.0,0.0
2011-05-04,73.57,74.08,72.142,72.31,3486300,1.0,0.4
2011-05-05,71.74,73.03,71.32,72.22,3120000,1.0,0.0
2011-05-06,73.26,73.5,72.6,72.95,2398300,1.0,0.0
2011-05-09,72.82,73.43,72.33,73.14,1708000,1.0,0.0
2011-05-10,73.93,74.472,73.51,74.22,1908400,1.0,0.0
2011-05-11,74.24,74.24,72.74,73.03,2416300,1.0,0.0
2011-05-12,73.01,73.31,72.16,72.98,1800000,1.0,0.0
2011-05-13,73.0,73.2,71.25,71.57,2369700,1.0,0.0
2011-05-16,71.39,72.16,71.25,71.37,1967700,1.0,0.0
2011-05-17,71.3,71.68,70.53,70.85,2683400,1.0,0.0
2011-05-18,70.74,72.24,70.32,72.11,1939100,1.0,0.0
2011-05-19,72.41,73.29,72.38,72.71,1738900,1.0,0.0
2011-05-20,72.48,72.69,71.7699,72.26,1596200,1.0,0.0
2011-05-23,71.34,71.93,70.82,71.78,2075700,1.0,0.0
2011-05-24,71.83,72.03,70.87,71.18,1800600,1.0,0.0
2011-05-25,71.31,72.43,70.57,72.14,1840400,1.0,0.0
2011-05-26,71.33,72.115,70.96,72.01,2542100,1.0,0.0
2011-05-27,72.41,73.0,72.35,72.57,1602800,1.0,0.0
2011-05-31,73.12,73.47,72.41,73.31,2265200,1.0,0.0
2011-06-01,73.26,73.5,70.73,70.79,3156100,1.0,0.0
2011-06-02,70.93,72.18,70.89,71.62,2025700,1.0,0.0
2011-06-03,70.6,71.2,70.32,70.72,2149800,1.0,0.0
2011-06-06,70.5,71.32,70.23,70.37,2105200,1.0,0.0
2011-06-07,70.64,71.72,70.48,71.28,2435500,1.0,0.0
2011-06-08,71.05,71.07,70.35,70.53,2471800,1.0,0.0
2011-06-09,70.69,71.86,70.41,71.44,2058500,1.0,0.0
2011-06-10,71.26,71.57,70.28,70.37,2250300,1.0,0.0
2011-06-13,70.48,71.18,70.13,70.59,1642400,1.0,0.0
2011-06-14,71.41,72.6,71.34,72.11,2518300,1.0,0.0
2011-06-15,71.57,72.01,70.77,71.01,2687500,1.0,0.0
2011-06-16,71.12,71.33,69.67,70.21,2806900,1.0,0.0
2011-06-17,71.07,71.34,70.42,70.97,2444800,1.0,0.0
2011-06-20,70.24,72.0,70.24,71.61,2008300,1.0,0.0
2011-06-21,71.96,73.47,71.85,73.18,1867600,1.0,0.0
2011-06-22,72.94,73.98,72.86,73.2,2505200,1.0,0.0
2011-06-23,71.49,72.49,71.49,72.37,2907200,1.0,0.0
2011-06-24,72.35,72.6,71.5244,71.67,2563900,1.0,0.0
2011-06-27,71.4,72.41,71.38,72.12,1570300,1.0,0.0
2011-06-28,72.52,73.15,72.05,73.03,1629500,1.0,0.0
2011-06-29,73.48,74.34,73.22,74.21,2705900,1.0,0.0
2011-06-30,74.22,75.82,74.16,74.93,2161300,1.0,0.0
2011-07-01,75.0,77.0801,74.43,76.93,2896000,1.0,0.0
2011-07-05,76.73,76.8,75.77,75.96,2060500,1.0,0.0
2011-07-06,75.92,76.805,75.73,76.43,1790200,1.0,0.0
2011-07-07,77.08,77.2,76.19,76.99,2091800,1.0,0.0
2011-07-08,75.87,76.36,75.21,75.68,1841000,1.0,0.0
2011-07-11,74.75,74.97,74.33,74.67,1672800,1.0,0.0
2011-07-12,74.35,74.71,73.69,73.92,1987600,1.0,0.0
2011-07-13,74.47,75.49,74.19,74.61,1489900,1.0,0.0
2011-07-14,74.88,75.35,73.54,74.04,1826800,1.0,0.0
2011-07-15,74.36,74.36,73.0702,73.91,1827100,1.0,0.0
2011-07-18,73.8,73.85,72.71,73.44,2125300,1.0,0.0
2011-07-19,73.81,74.69,73.6,74.63,1477200,1.0,0.0
2011-07-20,75.44,75.44,74.36,75.09,2142200,1.0,0.0
2011-07-21,75.53,77.1,75.53,76.65,1934800,1.0,0.0
2011-07-22,76.56,76.89,75.96,76.21,1161500,1.0,0.0
2011-07-25,75.47,76.88,75.31,76.45,1438900,1.0,0.0
2011-07-26,76.31,76.31,74.29,75.55,2359700,1.0,0.0
2011-07-27,76.4,78.4,76.0,76.12,5142200,1.0,0.0
2011-07-28,76.24,77.89,76.03,76.51,2850300,1.0,0.0
2011-07-29,75.78,76.12,74.36,75.7,2852000,1.0,0.0
2011-08-01,76.6,76.66,74.36,75.24,3199400,1.0,0.0
2011-08-02,74.39,75.09,72.84,72.96,3707500,1.0,0.0
2011-08-03,72.88,72.88,70.81,71.86,4273000,1.0,0.43
2011-08-04,71.04,71.65,68.84,68.86,4739300,1.0,0.0
2011-08-05,69.71,70.42,67.2,69.19,4166800,1.0,0.0
2011-08-08,66.07,67.41,64.84,64.91,6617900,1.0,0.0
2011-08-09,66.31,68.08,63.95,67.88,6109000,1.0,0.0
2011-08-10,67.08,68.9,65.89,66.71,6414900,1.0,0.0
2011-08-11,66.93,68.85,66.12,68.0,4802300,1.0,0.0
2011-08-12,68.8,69.47,67.71,68.17,3399900,1.0,0.0
2011-08-15,68.65,69.4,68.07,69.31,2007900,1.0,0.0
2011-08-16,68.74,69.14,67.47,68.22,3305900,1.0,0.0
2011-08-17,68.52,69.25,67.45,68.3,2382900,1.0,0.0
2011-08-18,66.45,66.48,63.42,64.24,4497500,1.0,0.0
2011-08-19,63.4982,65.24,62.8413,63.06,3645400,1.0,0.0
2011-08-22,64.28,64.64,62.32,62.56,4270100,1.0,0.0
2011-08-23,62.75,64.5,61.86,64.5,3446000,1.0,0.0
2011-08-24,64.5,65.55,63.71,65.43,2778500,1.0,0.0
2011-08-25,65.7,66.31,64.06,64.23,2847200,1.0,0.0
2011-08-26,63.78,65.22,62.1,65.18,3601300,1.0,0.0
2011-08-29,66.21,66.56,65.3501,66.46,2090100,1.0,0.0
2011-08-30,66.2,68.0,66.03,67.61,3906200,1.0,0.0
2011-08-31,68.0,68.69,66.97,67.68,2718200,1.0,0.0
2011-09-01,67.72,68.61,66.74,66.85,2489600,1.0,0.0
2011-09-02,65.6,65.92,64.71,65.12,2849400,1.0,0.0
2011-09-06,63.13,65.08,62.45,65.03,4578700,1.0,0.0
2011-09-07,65.94,66.92,65.71,66.86,4213200,1.0,0.0
2011-09-08,66.18,67.09,65.97,66.48,4283300,1.0,0.0
2011-09-09,65.74,66.12,64.45,64.83,4404600,1.0,0.0
2011-09-12,63.58,64.82,63.144,64.76,3089500,1.0,0.0
2011-09-13,64.99,67.17,64.84,66.88,3580700,1.0,0.0
2011-09-14,67.06,68.72,65.29,68.3,3739400,1.0,0.0
2011-09-15,69.08,69.79,68.34,69.72,3748300,1.0,0.0
2011-09-16,70.0,70.79,69.7209,70.42,4526400,1.0,0.0
2011-09-19,69.13,69.13,67.44,68.22,3187600,1.0,0.0
2011-09-20,68.21,69.51,67.43,67.54,2340100,1.0,0.0
2011-09-21,65.89,66.46,61.88,61.93,8745100,1.0,0.0
2011-09-22,60.28,62.58,59.4,60.44,6787900,1.0,0.0
2011-09-23,59.48,61.8971,59.28,61.53,3621500,1.0,0.0
2011-09-26,62.12,62.73,60.7211,62.62,2854300,1.0,0.0
2011-09-27,63.93,64.58,63.09,63.49,3332400,1.0,0.0
2011-09-28,63.57,63.73,61.27,61.38,2525100,1.0,0.0
2011-09-29,62.47,63.48,62.12,63.47,3131200,1.0,0.0
2011-09-30,62.4,62.64,61.02,61.02,3004300,1.0,0.0
2011-10-03,60.51,61.49,59.84,60.01,3581600,1.0,0.0
2011-10-04,58.91,61.92,57.57,61.75,4200000,1.0,0.0
2011-10-05,61.52,63.58,61.06,63.32,2443800,1.0,0.0
2011-10-06,62.89,65.48,62.38,65.45,3734500,1.0,0.0
2011-10-07,65.84,66.04,64.15,64.87,2799600,1.0,0.0
2011-10-10,66.06,67.48,65.77,67.45,2050300,1.0,0.0
2011-10-11,66.63,68.31,66.2,67.21,3060000,1.0,0.0
2011-10-12,67.33,68.49,66.8,67.44,2464000,1.0,0.0
2011-10-13,66.94,67.68,66.26,67.04,2322200,1.0,0.0
2011-10-14,67.55,68.29,67.1,68.17,1805500,1.0,0.0
2011-10-17,68.06,68.06,66.26,66.38,1706200,1.0,0.0
2011-10-18,66.3,69.14,66.18,68.46,2540000,1.0,0.0
2011-10-19,68.47,69.0728,67.15,67.38,2963200,1.0,0.0
2011-10-20,67.7,69.24,67.7,68.79,2596200,1.0,0.0
2011-10-21,69.42,70.98,69.3,70.9,2143400,1.0,0.0
2011-10-24,71.0,71.11,70.09,70.58,3686800,1.0,0.0
2011-10-25,69.83,70.05,68.3,69.38,2076600,1.0,0.0
2011-10-26,70.32,70.55,69.0,69.77,3216300,1.0,0.0
2011-10-27,73.41,75.86,73.4,75.16,5424100,1.0,0.0
2011-10-28,74.42,75.5,73.76,74.98,3749200,1.0,0.0
2011-10-31,74.26,75.07,73.56,73.99,2741900,1.0,0.0
2011-11-01,70.92,73.82,70.2,72.7,4387900,1.0,0.0
2011-11-02,74.08,74.82,72.15,72.92,3051700,1.0,0.43
2011-11-03,74.0,74.07,72.8,73.9,2988100,1.0,0.0
2011-11-04,72.98,73.69,71.61,73.54,3591700,1.0,0.0
2011-11-07,73.55,74.18,72.51,73.83,2453900,1.0,0.0
2011-11-08,74.15,74.45,72.65,74.38,2580700,1.0,0.0
2011-11-09,72.5,72.95,71.67,71.95,2580800,1.0,0.0
2011-11-10,73.01,74.18,72.52,73.79,2484600,1.0,0.0
2011-11-11,74.67,76.2,74.67,75.69,2452200,1.0,0.0
2011-11-14,75.14,75.64,74.66,75.01,1464900,1.0,0.0
2011-11-15,74.7,75.87,74.26,75.36,1657500,1.0,0.0
2011-11-16,74.46,75.48,74.0,74.08,1782300,1.0,0.0
2011-11-17,73.46,73.74,71.78,72.67,3704800,1.0,0.0
2011-11-18,73.05,73.66,72.54,73.29,2892400,1.0,0.0
2011-11-21,72.35,72.74,71.13,71.71,3225500,1.0,0.0
2011-11-22,71.7,72.38,71.26,71.65,2976900,1.0,0.0
2011-11-23,70.95,71.05,70.15,70.35,2505700,1.0,0.0
2011-11-25,70.28,71.2,70.0,70.44,1662600,1.0,0.0
2011-11-28,72.75,73.2,72.37,73.04,3120400,1.0,0.0
2011-11-29,73.14,74.23,72.93,72.96,3000400,1.0,0.0
2011-11-30,75.16,76.0,74.74,75.54,3367500,1.0,0.0
2011-12-01,75.19,75.45,74.56,74.78,2859500,1.0,0.0
2011-12-02,75.2,75.98,74.85,75.01,2345900,1.0,0.0
2011-12-05,75.82,76.49,75.13,75.75,2022900,1.0,0.0
2011-12-06,75.79,76.08,74.22,74.86,2422100,1.0,0.0
2011-12-07,74.52,75.26,74.0,74.74,1929300,1.0,0.0
2011-12-08,74.14,74.52,72.84,73.04,2397400,1.0,0.0
2011-12-09,73.41,74.07,72.85,73.79,2254100,1.0,0.0
2011-12-12,73.31,73.56,72.38,73.08,1622500,1.0,0.0
2011-12-13,73.12,73.79,71.04,71.41,2397300,1.0,0.0
2011-12-14,70.95,71.06,69.75,70.02,4003900,1.0,0.0
2011-12-15,71.02,71.04,69.08,69.66,3079300,1.0,0.0
2011-12-16,70.57,70.99,69.37,69.82,5309400,1.0,0.0
2011-12-19,70.19,70.77,69.04,69.19,3799900,1.0,0.0
2011-12-20,70.2,71.24,70.2,70.86,2167500,1.0,0.0
2011-12-21,70.65,71.84,70.23,71.58,2084900,1.0,0.0
2011-12-22,72.0,72.34,71.58,72.28,1491900,1.0,0.0
2011-12-23,72.38,72.97,72.115,72.76,920200,1.0,0.0
2011-12-27,72.77,73.23,72.47,72.76,669000,1.0,0.0
2011-12-28,73.01,73.13,71.53,71.78,1283500,1.0,0.0
2011-12-29,71.8,72.93,71.8,72.85,1217100,1.0,0.0
2011-12-30,72.85,73.36,72.67,72.86,1050300,1.0,0.0
2012-01-03,73.99,74.75,73.56,73.79,2032300,1.0,0.0
2012-01-04,73.77,75.17,73.35,75.05,1933700,1.0,0.0
2012-01-05,75.26,76.35,74.4,75.76,2795600,1.0,0.0
2012-01-06,75.92,76.28,75.22,75.31,1506700,1.0,0.0
2012-01-09,75.94,76.64,75.18,76.44,2056800,1.0,0.0
2012-01-10,77.4,78.0,77.08,77.72,2426200,1.0,0.0
2012-01-11,77.6,78.29,77.42,78.0,2282000,1.0,0.0
2012-01-12,78.31,78.5,77.2,78.24,1946400,1.0,0.0
2012-01-13,77.49,77.49,74.99,76.5,2994300,1.0,0.0
2012-01-17,77.14,77.23,75.0,76.31,2828500,1.0,0.0
2012-01-18,76.0,76.68,75.47,76.33,2755100,1.0,0.0
2012-01-19,76.93,78.09,76.22,77.94,4088100,1.0,0.0
2012-01-20,78.15,78.22,76.58,77.26,2445900,1.0,0.0
2012-01-23,77.49,77.69,75.69,75.95,2543600,1.0,0.0
2012-01-24,75.23,75.8,74.56,75.48,3807300,1.0,0.0
2012-01-25,73.75,75.405,72.4,75.17,5402500,1.0,0.0
2012-01-26,75.31,75.81,74.46,74.87,3062800,1.0,0.0
2012-01-27,74.35,74.86,73.89,73.94,3443000,1.0,0.0
2012-01-30,72.52,73.72,72.11,73.18,5473300,1.0,0.0
2012-01-31,73.53,73.8,71.9,72.2,8481800,1.0,0.0
2012-02-01,72.48,73.46,72.29,72.68,4378200,1.0,0.47
2012-02-02,72.43,72.84,72.21,72.38,3201000,1.0,0.0
2012-02-03,73.24,74.0,72.87,73.61,3351200,1.0,0.0
2012-02-06,73.05,73.16,72.034,72.14,3112400,1.0,0.0
2012-02-07,72.0,72.64,71.25,72.34,3922400,1.0,0.0
2012-02-08,72.34,72.72,71.63,72.55,2786800,1.0,0.0
2012-02-09,72.8,73.089,72.02,72.33,2103300,1.0,0.0
2012-02-10,71.61,72.16,71.03,71.53,2810700,1.0,0.0
2012-02-13,72.03,72.39,70.28,71.05,2672600,1.0,0.0
2012-02-14,70.97,71.22,69.99,70.4,2609900,1.0,0.0
2012-02-15,70.62,70.95,67.56,67.84,6510300,1.0,0.0
2012-02-16,67.9,68.89,67.84,68.44,5179900,1.0,0.0
2012-02-17,68.59,69.35,68.45,68.81,4287900,1.0,0.0
2012-02-21,68.39,68.95,68.06,68.72,4640100,1.0,0.0
2012-02-22,68.66,69.39,68.1408,68.45,3727000,1.0,0.0
2012-02-23,68.65,69.41,67.9,69.31,3331300,1.0,0.0
2012-02-24,69.01,70.36,69.01,70.03,3621000,1.0,0.0
2012-02-27,69.525,71.35,69.5,70.59,3912900,1.0,0.0
2012-02-28,70.82,71.0,69.39,69.57,4497400,1.0,0.0
2012-02-29,69.52,69.84,68.59,68.9,4850500,1.0,0.0
2012-03-01,68.85,69.34,68.4,68.97,3116600,1.0,0.0
2012-03-02,68.87,69.37,67.8,68.1,3429800,1.0,0.0
2012-03-05,68.08,68.75,66.91,67.68,3219700,1.0,0.0
2012-03-06,66.8,66.8,65.38,65.95,5800900,1.0,0.0
2012-03-07,66.41,66.41,65.25,65.27,4304100,1.0,0.0
2012-03-08,65.71,67.11,65.48,66.77,4535200,1.0,0.0
2012-03-09,66.98,67.25,66.06,66.48,2500100,1.0,0.0
2012-03-12,66.69,66.77,65.98,66.09,2773600,1.0,0.0
2012-03-13,66.58,67.09,66.04,67.05,2958000,1.0,0.0
2012-03-14,66.92,67.06,64.74,64.95,4353900,1.0,0.0
2012-03-15,64.49,68.99,64.1,68.53,8076900,1.0,0.0
2012-03-16,68.63,69.39,68.3,68.98,5423000,1.0,0.0
2012-03-19,68.68,69.04,68.0,68.3,2751500,1.0,0.0
2012-03-20,67.87,68.02,66.9,66.95,2854600,1.0,0.0
2012-03-21,67.13,67.5,66.79,67.2,2190300,1.0,0.0
2012-03-22,66.56,66.56,64.53,64.7,4278100,1.0,0.0
2012-03-23,65.02,65.26,64.348,64.45,3356700,1.0,0.0
2012-03-26,65.21,66.25,65.21,66.13,2739100,1.0,0.0
2012-03-27,66.15,66.45,65.71,66.3,3381800,1.0,0.0
2012-03-28,66.35,66.43,65.55,65.9,3681400,1.0,0.0
2012-03-29,65.34,66.24,64.85,66.17,3151000,1.0,0.0
2012-03-30,66.48,66.8,65.66,65.83,2825000,1.0,0.0
2012-04-02,65.66,67.5,65.42,67.02,3086200,1.0,0.0
2012-04-03,66.82,66.98,65.78,66.28,4351500,1.0,0.0
2012-04-04,65.97,67.26,65.97,66.98,4236600,1.0,0.0
2012-04-05,66.6,68.06,66.5,67.83,3999200,1.0,0.0
2012-04-09,67.08,67.29,66.53,66.71,2861800,1.0,0.0
2012-04-10,66.62,66.65,64.91,65.32,3567900,1.0,0.0
2012-04-11,66.17,66.81,65.97,66.17,2403400,1.0,0.0
2012-04-12,66.3,68.42,66.3,67.91,2822500,1.0,0.0
2012-04-13,67.59,68.18,67.27,67.44,2585800,1.0,0.0
2012-04-16,67.82,68.83,67.6,68.24,2532700,1.0,0.0
2012-04-17,68.55,69.43,68.12,69.05,2855700,1.0,0.0
2012-04-18,69.29,69.92,68.51,69.67,3213500,1.0,0.0
2012-04-19,69.44,69.96,68.24,68.7,3522700,1.0,0.0
2012-04-20,68.86,69.58,68.72,69.53,2831600,1.0,0.0
2012-04-23,68.63,69.52,68.2,69.4,3010000,1.0,0.0
2012-04-24,69.66,70.44,69.46,70.22,2887700,1.0,0.0
2012-04-25,72.02,73.47,71.79,72.91,4901700,1.0,0.0
2012-04-26,72.73,73.49,72.26,73.23,2368600,1.0,0.0
2012-04-27,73.46,73.76,72.52,73.37,2286900,1.0,0.0
2012-04-30,73.32,73.56,72.37,72.93,2265200,1.0,0.0
2012-05-01,72.94,74.89,72.87,74.41,2553400,1.0,0.0
2012-05-02,73.53,74.0,73.0,73.72,2077500,1.0,0.47
2012-05-03,73.9,74.31,72.82,72.97,1744500,1.0,0.0
2012-05-04,72.6,72.61,71.45,71.63,2923400,1.0,0.0
2012-05-07,71.36,72.489,71.36,71.99,1701400,1.0,0.0
2012-05-08,71.5,71.63,69.96,70.23,4926400,1.0,0.0
2012-05-09,69.66,70.05,68.3,68.39,4858500,1.0,0.0
2012-05-10,69.03,69.22,68.03,68.17,3290000,1.0,0.0
2012-05-11,67.84,69.24,67.84,68.44,2270300,1.0,0.0
2012-05-14,67.72,68.71,67.51,68.01,1819500,1.0,0.0
2012-05-15,67.98,68.55,67.62,67.89,1783900,1.0,0.0
2012-05-16,68.11,68.865,67.51,67.94,2924400,1.0,0.0
2012-05-17,68.09,68.52,66.13,66.21,2653100,1.0,0.0
2012-05-18,66.49,66.72,65.13,65.34,2553700,1.0,0.0
2012-05-21,65.06,67.49,65.06,67.41,2259600,1.0,0.0
2012-05-22,68.16,68.38,66.89,67.28,2294000,1.0,0.0
2012-05-23,66.72,68.27,66.23,68.09,2122100,1.0,0.0
2012-05-24,68.0,68.42,66.7,67.44,2200400,1.0,0.0
2012-05-25,67.63,67.71,66.3,66.43,1894600,1.0,0.0
2012-05-29,67.0,67.28,66.47,66.5,2746400,1.0,0.0
2012-05-30,66.0,66.09,65.22,65.34,2732100,1.0,0.0
2012-05-31,65.34,66.15,64.66,65.52,3821800,1.0,0.0
2012-06-01,64.33,65.31,64.21,64.29,3584300,1.0,0.0
2012-06-04,64.06,64.694,62.82,63.69,2473800,1.0,0.0
2012-06-05,63.54,64.05,63.155,63.67,1712000,1.0,0.0
2012-06-06,64.19,65.55,64.17,65.55,1940900,1.0,0.0
2012-06-07,66.33,67.18,65.76,66.0,3106600,1.0,0.0
2012-06-08,65.69,66.55,65.07,66.44,2071900,1.0,0.0
2012-06-11,67.15,67.25,65.73,65.92,2349600,1.0,0.0
2012-06-12,66.07,67.2,65.91,67.19,2049300,1.0,0.0
2012-06-13,66.89,68.0,66.47,67.17,1862600,1.0,0.0
2012-06-14,67.21,68.61,66.87,68.2,2103400,1.0,0.0
2012-06-15,68.8,69.25,68.4,68.97,3075800,1.0,0.0
2012-06-18,68.7,71.1,68.47,71.07,2460700,1.0,0.0
2012-06-19,71.33,71.75,70.8,71.31,2164500,1.0,0.0
2012-06-20,71.22,71.75,70.57,71.69,2209300,1.0,0.0
2012-06-21,71.76,72.1692,71.04,71.14,3281000,1.0,0.0
2012-06-22,70.42,70.73,69.67,70.0,3228500,1.0,0.0
2012-06-25,69.25,69.37,68.17,68.74,2825300,1.0,0.0
2012-06-26,69.0,69.65,68.43,69.31,1888900,1.0,0.0
2012-06-27,69.54,70.05,69.05,69.76,1287600,1.0,0.0
2012-06-28,69.35,70.15,68.75,70.07,1688500,1.0,0.0
2012-06-29,71.26,71.77,71.03,71.77,1776300,1.0,0.0
2012-07-02,71.77,72.0,70.98,71.42,1745500,1.0,0.0
2012-07-03,71.45,71.97,71.32,71.91,771400,1.0,0.0
2012-07-05,71.69,72.24,71.345,71.91,1101400,1.0,0.0
2012-07-06,71.23,72.25,71.13,72.2,1676100,1.0,0.0
2012-07-09,71.78,72.48,71.7,72.07,1644300,1.0,0.0
2012-07-10,72.63,72.78,70.77,70.99,1687600,1.0,0.0
2012-07-11,71.14,72.23,70.93,71.27,2044100,1.0,0.0
2012-07-12,71.0,72.21,70.96,71.84,3124000,1.0,0.0
2012-07-13,71.79,73.69,71.79,73.69,1997200,1.0,0.0
2012-07-16,73.29,73.76,72.91,73.75,2172000,1.0,0.0
2012-07-17,73.69,74.3,72.93,73.89,2413900,1.0,0.0
2012-07-18,73.85,74.29,73.135,73.8,2382800,1.0,0.0
2012-07-19,74.02,74.87,73.9,74.18,2348400,1.0,0.0
2012-07-20,73.3,73.58,72.79,72.99,1896300,1.0,0.0
2012-07-23,72.03,72.46,71.24,72.19,1766700,1.0,0.0
2012-07-24,72.05,72.59,71.07,71.96,2049800,1.0,0.0
2012-07-25,71.64,72.72,71.23,71.7,2015900,1.0,0.0
2012-07-26,73.12,73.2,72.27,73.0,1859300,1.0,0.0
2012-07-27,73.5,75.23,73.39,74.69,2148500,1.0,0.0
2012-07-30,74.5,75.05,73.83,74.18,1547700,1.0,0.0
2012-07-31,74.07,75.0,74.02,74.05,2120800,1.0,0.0
2012-08-01,74.58,74.68,73.22,73.31,1362800,1.0,0.0
2012-08-02,73.03,73.44,72.38,73.4,1579500,1.0,0.0
2012-08-03,74.32,75.21,74.25,74.94,1494200,1.0,0.0
2012-08-06,74.97,75.19,74.68,74.72,1273900,1.0,0.0
2012-08-07,74.83,75.44,74.75,74.97,1468800,1.0,0.0
2012-08-08,74.7,75.36,74.59,74.81,1200200,1.0,0.0
2012-08-09,73.83,73.93,73.35,73.69,1473100,1.0,0.5
2012-08-10,73.57,74.58,73.21,74.56,1256300,1.0,0.0
2012-08-13,74.42,74.4699,73.91,74.28,874100,1.0,0.0
2012-08-14,74.73,74.81,73.91,74.09,897200,1.0,0.0
2012-08-15,73.8,74.9,73.79,74.72,996500,1.0,0.0
2012-08-16,74.56,75.15,74.45,74.69,1353800,1.0,0.0
2012-08-17,74.92,75.33,74.83,75.1,1135700,1.0,0.0
2012-08-20,74.97,75.17,74.48,74.83,936100,1.0,0.0
2012-08-21,74.83,75.56,74.66,74.88,1025900,1.0,0.0
2012-08-22,74.83,74.91,74.27,74.67,1133200,1.0,0.0
2012-08-23,74.58,74.58,72.94,73.58,1861700,1.0,0.0
2012-08-24,73.42,73.8,73.19,73.6,1549600,1.0,0.0
2012-08-27,73.66,73.97,73.26,73.37,863200,1.0,0.0
2012-08-28,73.25,73.779,73.17,73.66,1255200,1.0,0.0
2012-08-29,73.59,73.75,73.09,73.66,1362600,1.0,0.0
2012-08-30,73.06,73.2,72.22,72.64,1503800,1.0,0.0
2012-08-31,73.02,73.28,72.35,72.46,1695600,1.0,0.0
2012-09-04,71.9,72.0,70.67,71.06,2152100,1.0,0.0
2012-09-05,70.93,71.07,69.7,70.08,2022200,1.0,0.0
2012-09-06,70.58,72.04,70.43,72.02,1820600,1.0,0.0
2012-09-07,72.01,72.15,71.59,71.92,1317600,1.0,0.0
2012-09-10,72.11,72.89,71.86,72.4,1669400,1.0,0.0
2012-09-11,72.45,73.81,72.4,73.52,1504900,1.0,0.0
2012-09-12,73.72,74.1874,73.28,74.02,1122200,1.0,0.0
2012-09-13,74.26,74.8955,73.27,74.53,1499100,1.0,0.0
2012-09-14,74.48,75.14,74.31,74.69,1476600,1.0,0.0
2012-09-17,74.5,74.59,73.89,74.23,1131900,1.0,0.0
2012-09-18,74.2,74.3,72.97,73.93,1526400,1.0,0.0
2012-09-19,72.52,73.39,71.86,72.69,2412500,1.0,0.0
2012-09-20,68.04,68.45,65.58,66.11,12189700,1.0,0.0
2012-09-21,66.48,66.48,64.95,65.0,6849200,1.0,0.0
2012-09-24,65.09,66.5,64.94,66.28,3570600,1.0,0.0
2012-09-25,66.4,66.51,65.07,65.07,2700200,1.0,0.0
2012-09-26,64.81,65.09,64.35,64.57,3327200,1.0,0.0
2012-09-27,65.03,65.14,64.15,64.18,3186000,1.0,0.0
2012-09-28,64.01,64.03,63.25,63.63,3930800,1.0,0.0
2012-10-01,64.01,64.84,63.78,64.45,4173500,1.0,0.0
2012-10-02,65.23,65.5,64.23,65.02,3951300,1.0,0.0
2012-10-03,65.49,65.92,64.78,65.6,3253100,1.0,0.0
2012-10-04,65.89,66.31,65.66,66.18,2270100,1.0,0.0
2012-10-05,66.54,67.0,66.41,66.9,2343200,1.0,0.0
2012-10-08,66.56,67.4125,66.5,67.28,1590500,1.0,0.0
2012-10-09,67.25,67.5,66.5,66.95,1953600,1.0,0.0
2012-10-10,66.84,67.13,65.92,66.4,1494800,1.0,0.0
2012-10-11,66.44,66.8,65.95,65.96,2061000,1.0,0.0
2012-10-12,66.16,67.46,65.98,67.28,2800500,1.0,0.0
2012-10-15,67.29,67.67,66.75,67.61,1652200,1.0,0.0
2012-10-16,67.81,68.01,67.585,67.71,1706400,1.0,0.0
2012-10-17,67.78,67.87,66.19,67.21,3337700,1.0,0.0
2012-10-18,66.88,67.27,66.6,66.7,4619500,1.0,0.0
2012-10-19,66.51,66.57,65.545,65.64,3650000,1.0,0.0
2012-10-22,65.64,67.14,65.55,66.83,3350100,1.0,0.0
2012-10-23,66.07,66.39,65.24,66.01,2745400,1.0,0.0
2012-10-24,62.86,63.06,60.9599,61.09,11507400,1.0,0.0
2012-10-25,61.24,62.79,61.24,62.57,4009400,1.0,0.0
2012-10-26,62.83,62.9901,62.45,62.77,2891600,1.0,0.0
2012-10-31,62.78,62.89,61.28,61.35,4023400,1.0,0.5
2012-11-01,61.6,62.54,61.32,61.77,5165500,1.0,0.0
2012-11-02,61.56,62.52,61.13,61.13,4030700,1.0,0.0
2012-11-05,61.0,62.02,60.71,60.99,3520900,1.0,0.0
2012-11-06,61.18,61.64,60.86,61.5,4570700,1.0,0.0
2012-11-07,60.42,60.98,59.97,59.98,3976700,1.0,0.0
2012-11-08,60.0,60.1838,59.11,59.14,5077100,1.0,0.0
2012-11-09,58.95,59.35,57.89,58.0,5314900,1.0,0.0
2012-11-12,58.09,58.63,57.95,58.06,3468600,1.0,0.0
2012-11-13,57.76,59.09,57.76,58.51,2833300,1.0,0.0
2012-11-14,58.56,58.81,57.28,57.51,3741000,1.0,0.0
2012-11-15,57.46,57.68,56.73,57.02,3443000,1.0,0.0
2012-11-16,57.01,57.11,56.05,56.34,3885700,1.0,0.0
2012-11-19,56.81,58.03,56.6594,58.03,2932700,1.0,0.0
2012-11-20,57.91,57.91,56.49,56.91,3295600,1.0,0.0
2012-11-21,57.12,57.325,56.76,57.03,1819800,1.0,0.0
2012-11-23,57.2,57.79,57.08,57.76,924300,1.0,0.0
2012-11-26,57.52,58.38,57.43,58.25,2142100,1.0,0.0
2012-11-27,58.18,59.29,58.11,58.94,4038100,1.0,0.0
2012-11-28,58.59,59.78,58.16,59.71,3572900,1.0,0.0
2012-11-29,60.03,60.65,59.89,60.48,4095200,1.0,0.0
2012-11-30,60.51,60.59,60.0,60.38,3228500,1.0,0.0
2012-12-03,60.67,60.72,59.26,59.43,2469600,1.0,0.0
2012-12-04,59.45,60.35,59.43,60.21,3004200,1.0,0.0
2012-12-05,60.4,62.05,60.31,61.59,3760700,1.0,0.0
2012-12-06,61.65,61.82,60.82,61.38,1989600,1.0,0.0
2012-12-07,61.5,61.88,61.22,61.51,1585200,1.0,0.0
2012-12-10,61.51,62.09,61.44,62.08,1835800,1.0,0.0
2012-12-11,62.32,62.39,61.29,61.55,2248800,1.0,0.0
2012-12-12,61.87,62.29,61.45,61.53,2241200,1.0,0.0
2012-12-13,61.61,62.23,61.0934,61.24,1791800,1.0,0.0
2012-12-14,61.11,62.08,61.11,61.36,2226300,1.0,0.0
2012-12-17,61.77,62.2,61.28,61.62,1991900,1.0,0.0
2012-12-18,61.65,62.6698,61.61,62.44,8857300,1.0,0.0
2012-12-19,62.62,62.75,62.07,62.15,2435700,1.0,0.0
2012-12-20,62.2,62.99,61.8,62.97,3173900,1.0,0.0
2012-12-21,61.95,62.733,61.95,62.55,3707200,1.0,0.0
2012-12-24,62.53,62.55,61.77,61.99,1015600,1.0,0.0
2012-12-26,62.05,62.42,61.45,61.6,1412200,1.0,0.0
2012-12-27,61.51,61.66,60.59,61.22,1935100,1.0,0.0
2012-12-28,60.71,61.69,60.66,61.07,1625600,1.0,0.0
2012-12-31,60.82,61.88,60.7,61.84,2009900,1.0,0.0
2013-01-02,63.14,63.79,62.81,63.29,2395700,1.0,0.0
2013-01-03,62.65,64.5,62.65,63.46,2516800,1.0,0.0
2013-01-04,63.81,65.75,63.77,65.37,2779800,1.0,0.0
2013-01-07,65.13,65.19,64.28,64.83,2573400,1.0,0.0
2013-01-08,64.8,65.28,63.86,63.99,2745400,1.0,0.0
2013-01-09,64.31,65.228,64.1301,64.75,2143400,1.0,0.0
2013-01-10,64.5,64.91,63.98,64.67,2356000,1.0,0.0
2013-01-11,64.93,65.21,63.75,64.04,2401600,1.0,0.0
2013-01-14,65.21,65.65,64.51,64.87,2292100,1.0,0.0
2013-01-15,64.78,65.56,64.58,65.46,2316300,1.0,0.0
2013-01-16,65.24,65.68,65.0,65.45,1746300,1.0,0.0
2013-01-17,65.81,66.08,65.505,65.95,2299700,1.0,0.0
2013-01-18,65.91,66.74,65.58,66.7,2554000,1.0,0.0
2013-01-22,66.63,67.16,66.18,66.94,3004000,1.0,0.0
2013-01-23,67.01,68.82,66.5,68.41,4520800,1.0,0.0
2013-01-24,68.53,69.95,68.43,69.83,3605100,1.0,0.0
2013-01-25,70.0,70.0,69.06,69.69,2121500,1.0,0.0
2013-01-28,70.22,70.35,69.54,69.95,2442700,1.0,0.0
2013-01-29,69.75,71.24,69.75,70.73,2646400,1.0,0.0
2013-01-30,70.73,70.75,68.85,68.89,2850400,1.0,0.5
2013-01-31,68.88,69.49,68.63,68.87,3953200,1.0,0.0
2013-02-01,69.26,69.69,68.95,69.6,2907600,1.0,0.0
2013-02-04,69.6,69.74,68.59,68.62,2098700,1.0,0.0
2013-02-05,69.24,69.24,68.6501,68.86,1798500,1.0,0.0
2013-02-06,68.54,69.65,68.335,69.15,5516500,1.0,0.0
2013-02-07,69.19,69.19,68.18,68.78,2231900,1.0,0.0
2013-02-08,68.85,69.16,68.6,69.0,1178100,1.0,0.0
2013-02-11,69.19,70.69,69.15,70.57,2315000,1.0,0.0
2013-02-12,70.48,71.65,70.1,71.64,2820400,1.0,0.0
2013-02-13,71.76,72.75,71.51,71.88,2022600,1.0,0.0
2013-02-14,71.52,72.0,71.19,71.97,1497700,1.0,0.0
2013-02-15,71.84,71.85,71.15,71.5,1934800,1.0,0.0
2013-02-19,71.89,73.26,71.68,73.2,2465700,1.0,0.0
2013-02-20,73.11,73.42,72.145,72.25,2386200,1.0,0.0
2013-02-21,72.25,72.54,71.4,71.55,2548000,1.0,0.0
2013-02-22,71.69,73.31,71.39,73.11,2338200,1.0,0.0
2013-02-25,73.35,73.5,71.43,71.44,2690700,1.0,0.0
2013-02-26,71.58,71.67,70.83,71.34,1879200,1.0,0.0
2013-02-27,71.33,73.04,71.16,72.7,2927100,1.0,0.0
2013-02-28,72.86,73.79,72.62,73.05,2420200,1.0,0.0
2013-03-01,72.61,74.1,72.21,73.75,3252900,1.0,0.0
2013-03-04,73.51,74.4,73.21,74.27,2429700,1.0,0.0
2013-03-05,74.5,75.44,74.33,75.29,2617300,1.0,0.0
2013-03-06,75.49,75.71,74.04,74.4,1871200,1.0,0.0
2013-03-07,74.53,74.54,73.105,73.39,2507400,1.0,0.0
2013-03-08,73.84,74.93,73.84,74.77,2202700,1.0,0.0
2013-03-11,74.6,75.215,74.54,75.02,1749300,1.0,0.0
2013-03-12,75.0,75.32,74.15,74.48,1486300,1.0,0.0
2013-03-13,74.67,74.81,73.89,74.3,1773600,1.0,0.0
2013-03-14,74.55,75.06,74.06,75.06,1410500,1.0,0.0
2013-03-15,74.84,75.62,74.54,75.62,2775200,1.0,0.0
2013-03-18,74.84,75.81,74.73,75.11,1774700,1.0,0.0
2013-03-19,75.7,76.05,74.5957,75.45,1436500,1.0,0.0
2013-03-20,75.76,76.26,75.61,76.02,1710600,1.0,0.0
2013-03-21,75.64,76.06,74.75,74.86,1997700,1.0,0.0
2013-03-22,75.005,75.48,74.45,74.65,2103300,1.0,0.0
2013-03-25,75.18,75.36,74.05,74.38,2461700,1.0,0.0
2013-03-26,74.85,75.75,74.69,75.75,1474200,1.0,0.0
2013-03-27,75.18,76.43,74.82,76.28,1590200,1.0,0.0
2013-03-28,76.5,77.415,76.04,77.08,1795900,1.0,0.0
2013-04-01,76.94,77.0,76.0,76.12,1655100,1.0,0.0
2013-04-02,76.57,77.33,76.0048,76.25,1578100,1.0,0.0
2013-04-03,76.31,76.55,74.82,75.16,2420600,1.0,0.0
2013-04-04,74.41,74.64,73.291,73.86,4070300,1.0,0.0
2013-04-05,72.73,74.8,72.26,74.52,3132900,1.0,0.0
2013-04-08,74.45,75.49,74.34,75.36,1637000,1.0,0.0
2013-04-09,75.4,75.75,74.35,74.38,2612800,1.0,0.0
2013-04-10,74.73,75.84,74.63,75.83,1816800,1.0,0.0
2013-04-11,75.64,76.53,75.11,76.19,2032600,1.0,0.0
2013-04-12,76.77,78.08,76.38,76.81,2192900,1.0,0.0
2013-04-15,76.28,76.309,74.0825,74.11,3155100,1.0,0.0
2013-04-16,74.69,76.03,74.38,75.87,1919100,1.0,0.0
2013-04-17,75.33,75.33,73.44,73.71,2225300,1.0,0.0
2013-04-18,73.94,74.28,73.08,73.86,1824200,1.0,0.0
2013-04-19,73.88,74.91,73.36,74.75,1737200,1.0,0.0
2013-04-22,74.75,75.5,74.12,75.06,1344000,1.0,0.0
2013-04-23,75.62,76.34,75.55,75.84,1398300,1.0,0.0
2013-04-24,76.25,76.25,73.66,74.92,2799300,1.0,0.0
2013-04-25,75.0,76.07,74.95,75.84,1934900,1.0,0.0
2013-04-26,75.85,76.22,75.28,75.56,1767800,1.0,0.0
2013-04-29,75.65,77.21,75.56,76.6,1665600,1.0,0.0
2013-04-30,76.42,77.6,76.02,77.42,2709800,1.0,0.0
2013-05-01,76.85,76.9395,74.91,75.2,2319000,1.0,0.5
2013-05-02,75.39,76.61,74.89,76.47,1807200,1.0,0.0
2013-05-03,77.16,78.785,77.16,77.81,2223200,1.0,0.0
2013-05-06,77.75,78.39,77.62,77.82,1315800,1.0,0.0
2013-05-07,77.83,78.49,77.56,78.41,1865000,1.0,0.0
2013-05-08,78.24,79.12,77.77,79.1,1573100,1.0,0.0
2013-05-09,79.21,79.34,78.3799,78.59,1478900,1.0,0.0
2013-05-10,78.66,79.01,78.36,79.01,1408200,1.0,0.0
2013-05-13,78.75,78.97,77.98,78.4,1115900,1.0,0.0
2013-05-14,78.41,80.06,78.01,80.05,1598500,1.0,0.0
2013-05-15,79.77,80.46,79.4805,80.36,1571900,1.0,0.0
2013-05-16,79.95,80.19,79.0,79.33,2071600,1.0,0.0
2013-05-17,79.4,80.3199,79.05,80.23,1324400,1.0,0.0
2013-05-20,80.23,80.785,79.81,80.25,1899000,1.0,0.0
2013-05-21,80.34,81.0,79.94,79.98,1179000,1.0,0.0
2013-05-22,80.1,80.185,77.64,77.83,3882600,1.0,0.0
2013-05-23,77.0,77.67,76.2,77.45,2460400,1.0,0.0
2013-05-24,77.27,77.8,76.8,77.64,1153900,1.0,0.0
2013-05-28,78.79,78.97,77.55,77.61,2185400,1.0,0.0
2013-05-29,77.03,77.83,76.57,76.89,2353800,1.0,0.0
2013-05-30,77.16,78.38,76.98,77.77,1895200,1.0,0.0
2013-05-31,77.34,78.64,76.56,76.59,2639800,1.0,0.0
2013-06-03,77.01,77.29,75.86,77.07,2036200,1.0,0.0
2013-06-04,76.96,77.57,76.48,77.0,1769500,1.0,0.0
2013-06-05,76.61,76.74,75.38,75.64,2526000,1.0,0.0
2013-06-06,75.47,76.81,74.06,76.81,1875000,1.0,0.0
2013-06-07,77.08,78.36,77.0,77.41,2275900,1.0,0.0
2013-06-10,77.95,78.05,77.29,77.98,2254200,1.0,0.0
2013-06-11,77.34,77.88,76.46,76.51,1996600,1.0,0.0
2013-06-12,77.33,77.45,75.56,75.65,1820000,1.0,0.0
2013-06-13,75.61,77.07,75.25,77.0,1576800,1.0,0.0
2013-06-14,76.66,77.41,76.13,76.17,1924600,1.0,0.0
2013-06-17,76.55,76.94,75.93,76.46,1440900,1.0,0.0
2013-06-18,76.58,77.33,76.38,77.03,1473600,1.0,0.0
2013-06-19,77.09,77.38,75.42,75.45,2070500,1.0,0.0
2013-06-20,74.45,74.6899,73.06,73.48,3997900,1.0,0.0
2013-06-21,74.045,74.045,72.33,72.9,3510900,1.0,0.0
2013-06-24,72.11,72.13,70.27,70.46,3352000,1.0,0.0
2013-06-25,71.13,72.5925,70.89,72.5,2338300,1.0,0.0
2013-06-26,73.26,74.24,72.7,73.35,2341900,1.0,0.0
2013-06-27,73.92,74.36,72.99,73.49,2396500,1.0,0.0
2013-06-28,73.3,73.7,72.63,72.65,3102300,1.0,0.0
2013-07-01,72.99,73.4,72.24,72.61,2028000,1.0,0.0
2013-07-02,72.47,73.32,71.7901,72.24,2011200,1.0,0.0
2013-07-03,72.2199,72.25,71.51,71.66,1530100,1.0,0.0
2013-07-05,72.42,72.78,71.6,72.33,1923200,1.0,0.0
2013-07-08,72.48,73.31,72.11,72.86,1349000,1.0,0.0
2013-07-09,73.36,74.55,73.33,74.39,2070800,1.0,0.0
2013-07-10,73.94,74.07,72.73,73.42,2443900,1.0,0.0
2013-07-11,74.6,75.05,74.3,74.94,1791500,1.0,0.0
2013-07-12,74.53,75.52,74.365,75.2,1569200,1.0,0.0
2013-07-15,75.12,75.99,75.12,75.63,1189500,1.0,0.0
2013-07-16,75.68,76.52,75.36,76.16,2041300,1.0,0.0
2013-07-17,76.71,77.3322,76.21,76.47,1704600,1.0,0.0
2013-07-18,76.59,77.76,76.26,77.64,1704900,1.0,0.0
2013-07-19,77.67,78.18,77.48,78.08,1669500,1.0,0.0
2013-07-22,78.13,78.2,77.06,77.38,1457900,1.0,0.0
2013-07-23,77.7,77.7,76.79,76.87,1807300,1.0,0.0
2013-07-24,74.7,75.98,72.46,74.66,6425000,1.0,0.0
2013-07-25,74.5,74.52,73.5975,74.07,2469700,1.0,0.0
2013-07-26,73.89,74.05,73.19,73.92,1457800,1.0,0.0
2013-07-29,73.87,74.35,73.63,73.86,1168200,1.0,0.0
2013-07-30,74.32,74.5,73.1197,73.55,1830900,1.0,0.0
2013-07-31,73.48,73.88,73.04,73.16,1831100,1.0,0.52
2013-08-01,73.96,76.12,73.95,76.0,3025400,1.0,0.0
2013-08-02,75.98,76.55,75.3,75.5,1848500,1.0,0.0
2013-08-05,75.49,75.64,74.615,74.82,1220500,1.0,0.0
2013-08-06,74.49,74.98,73.8,73.93,1511900,1.0,0.0
2013-08-07,73.8,74.22,73.37,74.09,1346600,1.0,0.0
2013-08-08,74.38,74.66,73.89,74.41,1317600,1.0,0.0
2013-08-09,74.51,74.51,73.57,73.98,1294800,1.0,0.0
2013-08-12,73.6,74.4,73.36,74.35,923100,1.0,0.0
2013-08-13,74.27,74.56,73.7,74.29,1006700,1.0,0.0
2013-08-14,73.89,74.12,73.69,73.77,1628400,1.0,0.0
2013-08-15,72.95,73.81,72.5,73.55,1634300,1.0,0.0
2013-08-16,73.59,74.26,73.35,74.0,1706200,1.0,0.0
2013-08-19,73.82,73.945,72.92,72.95,1147200,1.0,0.0
2013-08-20,73.1,73.55,72.66,73.02,1469500,1.0,0.0
2013-08-21,72.98,73.02,72.38,72.52,1785400,1.0,0.0
2013-08-22,72.67,73.99,72.55,73.75,1055900,1.0,0.0
2013-08-23,73.81,74.49,73.42,74.46,1215700,1.0,0.0
2013-08-26,74.51,75.0,74.38,74.65,1768300,1.0,0.0
2013-08-27,73.67,73.97,72.8168,72.89,1507900,1.0,0.0
2013-08-28,72.82,73.37,72.17,73.08,1090900,1.0,0.0
2013-08-29,72.89,73.19,72.57,72.7,1082300,1.0,0.0
2013-08-30,72.98,72.98,71.86,72.16,1322300,1.0,0.0
2013-09-03,72.89,73.38,71.88,72.57,1283500,1.0,0.0
2013-09-04,72.64,74.175,72.64,73.94,1400900,1.0,0.0
2013-09-05,73.88,74.42,73.73,74.13,1181500,1.0,0.0
2013-09-06,74.13,75.33,73.73,74.39,1431300,1.0,0.0
2013-09-09,74.81,75.14,74.23,74.97,1181100,1.0,0.0
2013-09-10,75.51,76.46,75.51,76.34,1805000,1.0,0.0
2013-09-11,76.34,76.5,75.55,76.32,1728600,1.0,0.0
2013-09-12,76.36,76.4,75.27,75.4,872300,1.0,0.0
2013-09-13,75.4,75.94,75.27,75.64,890400,1.0,0.0
2013-09-16,76.59,76.92,76.31,76.44,2170800,1.0,0.0
2013-09-17,76.34,76.92,75.91,76.86,1381400,1.0,0.0
2013-09-18,76.91,78.14,76.49,77.82,1589500,1.0,0.0
2013-09-19,77.92,78.495,77.84,78.17,1181000,1.0,0.0
2013-09-20,78.41,78.82,77.52,77.72,1762800,1.0,0.0
2013-09-23,77.4,78.2099,77.37,78.11,1496100,1.0,0.0
2013-09-24,78.05,78.88,77.43,78.28,1890500,1.0,0.0
2013-09-25,78.42,78.91,77.6,77.86,1816700,1.0,0.0
2013-09-26,77.94,78.4,77.61,78.3,1108500,1.0,0.0
2013-09-27,78.09,78.35,77.29,77.79,1072100,1.0,0.0
2013-09-30,77.03,77.74,76.89,77.35,2043300,1.0,0.0
2013-10-01,77.37,78.77,77.22,78.23,1706200,1.0,0.0
2013-10-02,77.9,78.54,77.56,78.52,1843100,1.0,0.0
2013-10-03,78.35,78.3999,76.59,77.37,2258500,1.0,0.0
2013-10-04,77.11,77.58,76.4,77.51,2053700,1.0,0.0
2013-10-07,76.91,77.6,76.5,76.82,1513400,1.0,0.0
2013-10-08,76.81,77.04,76.085,76.27,2100500,1.0,0.0
2013-10-09,76.33,77.16,76.2,76.88,1665700,1.0,0.0
2013-10-10,77.75,79.16,77.74,78.96,1573100,1.0,0.0
2013-10-11,78.96,79.25,78.73,78.75,1321200,1.0,0.0
2013-10-14,78.37,79.1,78.2,79.06,1152900,1.0,0.0
2013-10-15,78.95,79.15,78.47,78.74,1785300,1.0,0.0
2013-10-16,79.09,79.97,78.56,79.91,2504500,1.0,0.0
2013-10-17,78.84,78.84,77.46,78.52,2665600,1.0,0.0
2013-10-18,79.01,79.99,78.94,79.89,2288600,1.0,0.0
2013-10-21,79.89,80.0,79.41,80.0,1374000,1.0,0.0
2013-10-22,79.66,80.78,79.66,80.6,2397600,1.0,0.0
2013-10-23,80.6,80.6,80.6,80.6,5226100,1.0,0.0
2013-10-24,84.71,87.93,84.52,87.87,3359700,1.0,0.0
2013-10-25,87.77,87.91,87.17,87.65,2289200,1.0,0.0
2013-10-28,87.76,88.74,87.5,88.11,1834500,1.0,0.0
2013-10-29,88.4,88.99,87.87,87.99,1949400,1.0,0.0
2013-10-30,87.72,87.86,86.24,86.52,2254100,1.0,0.52
2013-10-31,86.29,86.85,85.89,86.02,1804900,1.0,0.0
2013-11-01,86.4,87.34,86.25,87.0,2027400,1.0,0.0
2013-11-04,87.46,87.88,86.51,86.84,1651000,1.0,0.0
2013-11-05,86.6,86.938,86.26,86.43,1574400,1.0,0.0
2013-11-06,86.59,86.93,85.82,86.46,1839800,1.0,0.0
2013-11-07,86.91,87.34,85.23,85.48,1763600,1.0,0.0
2013-11-08,85.55,85.76,85.0,85.62,2090600,1.0,0.0
2013-11-11,85.43,86.86,85.41,86.36,1492600,1.0,0.0
2013-11-12,86.31,86.75,85.92,86.65,1511300,1.0,0.0
2013-11-13,86.22,87.65,86.03,87.62,1382100,1.0,0.0
2013-11-14,87.75,87.86,87.27,87.34,1636500,1.0,0.0
2013-11-15,87.29,87.62,86.8,87.15,1320400,1.0,0.0
2013-11-18,87.0,87.76,86.95,87.23,1018200,1.0,0.0
2013-11-19,87.27,87.27,85.98,86.3,1270700,1.0,0.0
2013-11-20,86.51,86.83,85.84,86.05,1185800,1.0,0.0
2013-11-21,86.33,87.11,85.7737,86.82,1443100,1.0,0.0
2013-11-22,86.8,87.2,86.41,87.12,890300,1.0,0.0
2013-11-25,87.15,87.43,86.95,87.02,710100,1.0,0.0
2013-11-26,87.22,87.28,86.45,86.98,918500,1.0,0.0
2013-11-27,86.99,87.87,86.8,87.67,1079100,1.0,0.0
2013-11-29,87.59,88.42,87.14,87.69,907200,1.0,0.0
2013-12-02,87.7,88.87,87.401,88.25,1501200,1.0,0.0
2013-12-03,87.92,88.224,87.26,87.79,1463400,1.0,0.0
2013-12-04,87.53,88.2,86.55,87.19,2763400,1.0,0.0
2013-12-05,87.29,88.99,86.9,88.17,2381800,1.0,0.0
2013-12-06,89.04,89.75,88.75,89.67,1570400,1.0,0.0
2013-12-09,90.12,91.05,89.89,90.49,2520400,1.0,0.0
2013-12-10,90.49,90.96,89.685,89.78,1102500,1.0,0.0
2013-12-11,89.48,89.77,87.97,88.06,1681800,1.0,0.0
2013-12-12,87.74,88.04,87.36,87.51,1343900,1.0,0.0
2013-12-13,87.71,88.57,87.49,87.97,765400,1.0,0.0
2013-12-16,88.83,89.84,88.71,89.41,1408000,1.0,0.0
2013-12-17,89.35,89.595,88.9,89.16,1790200,1.0,0.0
2013-12-18,89.26,90.79,88.68,90.74,1472900,1.0,0.0
2013-12-19,90.35,90.53,89.5,90.51,1453600,1.0,0.0
2013-12-20,90.47,92.0,90.28,91.32,2850100,1.0,0.0
2013-12-23,91.97,92.34,91.64,91.83,1695600,1.0,0.0
2013-12-24,91.79,92.4,91.69,92.2,414300,1.0,0.0
2013-12-26,92.4,93.17,92.31,92.87,1054100,1.0,0.0
2013-12-27,92.96,93.1075,92.11,92.33,743400,1.0,0.0
2013-12-30,92.31,92.6999,91.74,91.96,855500,1.0,0.0
2013-12-31,92.1,93.03,92.05,92.83,892100,1.0,0.0
2014-01-02,92.33,92.59,91.07,91.31,1319900,1.0,0.0
2014-01-03,91.8,92.53,91.135,91.37,1016100,1.0,0.0
2014-01-06,91.49,92.14,89.95,90.0,1690200,1.0,0.0
2014-01-07,90.4,90.7425,90.08,90.54,1672400,1.0,0.0
2014-01-08,90.54,90.6299,89.19,89.91,1435900,1.0,0.0
2014-01-09,90.3,91.375,90.055,91.31,1451200,1.0,0.0
2014-01-10,91.0,91.83,90.77,91.59,892900,1.0,0.0
2014-01-13,91.64,92.04,89.91,90.19,1284300,1.0,0.0
2014-01-14,90.25,91.17,89.69,90.76,1421800,1.0,0.0
2014-01-15,90.83,91.175,90.41,91.16,1344300,1.0,0.0
2014-01-16,88.49,88.98,87.14,87.76,3841300,1.0,0.0
2014-01-17,87.63,89.8752,87.61,88.99,2862300,1.0,0.0
2014-01-21,89.26,89.736,88.245,88.71,2420300,1.0,0.0
2014-01-22,91.54,94.749,91.31,92.94,5877200,1.0,0.0
2014-01-23,93.81,95.095,93.24,93.66,3194600,1.0,0.0
2014-01-24,92.02,92.14,89.59,89.61,3062500,1.0,0.0
2014-01-27,89.8,91.17,89.401,90.32,2963400,1.0,0.0
2014-01-28,90.24,92.0,90.11,91.26,1660000,1.0,0.0
2014-01-29,90.53,90.77,89.33,89.8,2195200,1.0,0.0
2014-01-30,90.64,93.27,90.6225,92.76,2081300,1.0,0.0
2014-01-31,91.52,93.28,91.31,92.59,2540900,1.0,0.0
2014-02-03,93.13,93.7,89.46,89.58,2960800,1.0,0.0
2014-02-04,91.33,92.5,89.58,91.79,8301200,1.0,0.0
2014-02-05,91.39,92.12,89.91,91.76,3272900,1.0,0.54
2014-02-06,91.9,93.75,91.68,93.57,2505500,1.0,0.0
2014-02-07,93.7,94.93,92.8,94.74,2643400,1.0,0.0
2014-02-10,94.52,94.65,92.73,92.92,2522800,1.0,0.0
2014-02-11,93.25,93.7599,92.96,93.11,2345500,1.0,0.0
2014-02-12,93.46,93.68,92.67,93.6,2372000,1.0,0.0
2014-02-13,92.57,92.745,91.96,92.47,2076300,1.0,0.0
2014-02-14,92.43,93.15,92.217,92.84,1847000,1.0,0.0
2014-02-18,92.87,92.88,90.43,91.4,3351700,1.0,0.0
2014-02-19,91.15,91.56,90.28,90.32,3099700,1.0,0.0
2014-02-20,90.48,91.47,90.1301,91.02,2112100,1.0,0.0
2014-02-21,91.26,91.64,90.3,90.47,2484200,1.0,0.0
2014-02-24,90.86,92.05,90.41,91.27,2309700,1.0,0.0
2014-02-25,91.11,91.21,89.92,90.64,2149800,1.0,0.0
2014-02-26,90.75,91.69,90.43,90.69,1680600,1.0,0.0
2014-02-27,90.41,90.71,89.76,90.61,1929200,1.0,0.0
2014-02-28,90.69,92.4752,90.57,91.91,1923400,1.0,0.0
2014-03-03,90.96,92.12,90.9,91.76,2409100,1.0,0.0
2014-03-04,92.93,94.93,92.82,94.15,2544100,1.0,0.0
2014-03-05,94.46,95.25,93.75,93.99,2337400,1.0,0.0
2014-03-06,94.3,94.81,93.81,94.5,1647800,1.0,0.0
2014-03-07,95.06,95.07,93.95,94.29,2314500,1.0,0.0
2014-03-10,94.28,94.76,93.46,94.43,2100700,1.0,0.0
2014-03-11,94.43,95.99,93.76,95.75,2883600,1.0,0.0
2014-03-12,95.4299,96.495,94.888,96.09,2037900,1.0,0.0
2014-03-13,96.5,96.9,94.9,95.24,2058200,1.0,0.0
2014-03-14,95.14,95.32,94.02,94.53,2058600,1.0,0.0
2014-03-17,94.97,96.51,94.92,95.83,1277300,1.0,0.0
2014-03-18,96.06,96.89,95.76,96.66,1531700,1.0,0.0
2014-03-19,96.97,97.89,96.83,97.3,2948200,1.0,0.0
2014-03-20,96.95,97.12,96.21,96.98,1499500,1.0,0.0
2014-03-21,97.82,97.91,96.345,96.47,2904500,1.0,0.0
2014-03-24,96.87,97.15,95.6101,96.55,2004500,1.0,0.0
2014-03-25,97.34,98.03,97.14,97.38,1978400,1.0,0.0
2014-03-26,97.64,98.09,96.02,96.04,1441200,1.0,0.0
2014-03-27,95.91,96.35,95.18,95.26,1313700,1.0,0.0
2014-03-28,95.69,96.845,95.43,96.35,1168900,1.0,0.0
2014-03-31,96.82,97.63,96.49,97.17,1524300,1.0,0.0
2014-04-01,97.5,98.1,96.76,98.08,1202500,1.0,0.0
2014-04-02,97.88,98.01,97.1801,97.68,1957700,1.0,0.0
2014-04-03,96.84,97.58,96.08,97.47,1382300,1.0,0.0
2014-04-04,98.06,98.12,96.4553,96.64,1359400,1.0,0.0
2014-04-07,95.96,97.09,95.71,95.88,1507900,1.0,0.0
2014-04-08,95.48,96.06,95.07,95.27,1420100,1.0,0.0
2014-04-09,95.72,96.31,95.52,96.28,1463500,1.0,0.0
2014-04-10,96.16,96.4207,94.48,94.5,1507000,1.0,0.0
2014-04-11,93.86,94.01,92.6856,93.15,2575800,1.0,0.0
2014-04-14,93.9,94.04,93.01,93.8,1875900,1.0,0.0
2014-04-15,93.87,95.49,93.33,94.49,3036300,1.0,0.0
2014-04-16,94.21,95.31,91.91,95.25,2456000,1.0,0.0
2014-04-17,95.57,96.59,95.08,96.27,1292100,1.0,0.0
2014-04-21,96.24,97.1453,96.06,96.89,1205200,1.0,0.0
2014-04-22,96.97,97.48,96.37,96.92,1655000,1.0,0.0
2014-04-23,94.97,95.81,93.25,95.01,3488300,1.0,0.0
2014-04-24,95.27,95.6,94.33,95.11,1452300,1.0,0.0
2014-04-25,95.11,95.11,93.64,94.03,1472000,1.0,0.0
2014-04-28,94.23,94.63,93.185,94.25,1664100,1.0,0.0
2014-04-29,94.45,94.86,93.76,94.71,1257500,1.0,0.0
2014-04-30,94.26,94.67,93.79,94.53,1299900,1.0,0.54
2014-05-01,94.38,94.67,93.45,93.58,1342300,1.0,0.0
2014-05-02,93.68,93.96,93.239,93.57,1316600,1.0,0.0
2014-05-05,93.29,93.77,92.69,93.64,1109000,1.0,0.0
2014-05-06,93.38,94.6,93.18,93.75,2135800,1.0,0.0
2014-05-07,94.0,95.19,93.798,94.96,1152100,1.0,0.0
2014-05-08,94.93,96.0,94.93,95.5,1229900,1.0,0.0
2014-05-09,95.61,95.7399,95.01,95.3,1113900,1.0,0.0
2014-05-12,95.96,96.8501,95.78,96.76,1037600,1.0,0.0
2014-05-13,97.07,97.98,96.88,97.58,1346000,1.0,0.0
2014-05-14,97.58,97.74,96.69,97.42,1031400,1.0,0.0
2014-05-15,97.12,97.12,95.571,96.43,1294900,1.0,0.0
2014-05-16,96.52,97.38,96.37,97.34,968700,1.0,0.0
2014-05-19,97.18,97.9,96.9,97.77,953600,1.0,0.0
2014-05-20,97.8,98.57,97.52,97.87,1500200,1.0,0.0
2014-05-21,98.0,99.02,97.93,98.83,1009000,1.0,0.0
2014-05-22,98.85,99.44,98.335,99.04,998100,1.0,0.0
2014-05-23,99.26,100.13,99.16,99.2,2112900,1.0,0.0
2014-05-27,99.84,100.0,99.58,99.81,1055200,1.0,0.0
2014-05-28,99.9,100.75,99.7501,100.14,1024100,1.0,0.0
2014-05-29,100.48,101.08,100.27,101.04,934600,1.0,0.0
2014-05-30,100.81,101.33,100.41,100.75,1472300,1.0,0.0
2014-06-02,101.06,101.53,100.42,100.58,1215900,1.0,0.0
2014-06-03,99.63,100.07,98.54,98.88,2007900,1.0,0.0
2014-06-04,98.81,99.42,98.71,99.18,1191400,1.0,0.0
2014-06-05,99.32,100.58,99.29,100.49,1562700,1.0,0.0
2014-06-06,100.62,101.94,100.415,101.76,1132400,1.0,0.0
2014-06-09,101.76,102.89,101.7,102.4,1333400,1.0,0.0
2014-06-10,102.93,103.05,101.24,101.92,1121300,1.0,0.0
2014-06-11,101.6,102.17,101.375,101.75,902700,1.0,0.0
2014-06-12,101.54,101.56,100.0,100.2,1121300,1.0,0.0
2014-06-13,100.52,101.315,100.43,101.16,981700,1.0,0.0
2014-06-16,101.1,102.08,100.73,101.56,1391700,1.0,0.0
2014-06-17,101.32,101.81,100.76,101.5,1124900,1.0,0.0
2014-06-18,101.68,102.89,101.5201,102.82,1345900,1.0,0.0
2014-06-19,102.72,103.38,102.4,103.16,1068000,1.0,0.0
2014-06-20,103.45,104.49,103.185,104.41,1633300,1.0,0.0
2014-06-23,104.27,104.628,103.0701,103.35,1228900,1.0,0.0
2014-06-24,103.15,103.63,102.09,102.13,1150500,1.0,0.0
2014-06-25,102.18,102.75,101.7,102.3,1365900,1.0,0.0
2014-06-26,102.39,102.47,101.16,101.64,2002300,1.0,0.0
2014-06-27,101.17,101.97,101.02,101.65,2032200,1.0,0.0
2014-06-30,102.67,104.58,102.265,103.03,1853700,1.0,0.0
2014-07-01,103.21,103.75,102.47,102.55,1829600,1.0,0.0
2014-07-02,103.08,103.63,102.31,103.56,1664300,1.0,0.0
2014-07-03,103.82,104.29,103.48,103.84,782500,1.0,0.0
2014-07-07,103.58,103.84,103.01,103.23,1190400,1.0,0.0
2014-07-08,103.18,103.49,102.26,102.69,1393800,1.0,0.0
2014-07-09,103.28,103.83,102.83,103.4,963000,1.0,0.0
2014-07-10,102.25,102.72,101.83,102.41,1365400,1.0,0.0
2014-07-11,102.45,104.06,102.3,103.95,1356000,1.0,0.0
2014-07-14,104.22,105.05,104.22,104.43,1032200,1.0,0.0
2014-07-15,104.07,105.11,104.07,104.35,2011100,1.0,0.0
2014-07-16,104.49,105.37,103.97,105.3,1122900,1.0,0.0
2014-07-17,104.51,105.47,104.34,104.38,483167,1.0,0.0
2014-07-18,104.73,106.21,104.73,106.18,399560,1.0,0.0
2014-07-21,105.72,106.37,105.52,106.22,1148500,1.0,0.0
2014-07-22,106.97,107.81,106.4,107.61,1696100,1.0,0.0
2014-07-23,108.42,108.84,106.05,106.84,1922400,1.0,0.0
2014-07-24,107.19,108.3,106.884,107.78,1673300,1.0,0.0
2014-07-25,107.63,107.89,107.12,107.5,989100,1.0,0.0
2014-07-28,107.03,107.4,105.02,105.33,1650800,1.0,0.0
2014-07-29,105.25,105.4,103.435,103.46,1879800,1.0,0.0
2014-07-30,103.52,104.05,103.18,103.65,1663400,1.0,0.57
2014-07-31,103.46,103.46,101.55,101.66,1341700,1.0,0.0
2014-08-01,101.54,102.02,100.17,101.2,358764,1.0,0.0
2014-08-04,101.0,101.41,99.86,101.37,542213,1.0,0.0
2014-08-05,100.63,101.92,100.46,100.69,1741700,1.0,0.0
2014-08-06,99.98,100.85,99.63,100.09,1662800,1.0,0.0
2014-08-07,100.08,101.1,99.76,100.0,1764300,1.0,0.0
2014-08-08,100.09,101.44,99.824,101.37,1720800,1.0,0.0
2014-08-11,101.51,103.42,101.4,102.84,1467900,1.0,0.0
2014-08-12,102.28,103.04,102.0101,102.45,1053500,1.0,0.0
2014-08-13,102.49,103.37,102.49,103.23,903000,1.0,0.0
2014-08-14,103.29,104.08,103.2,103.97,914200,1.0,0.0
2014-08-15,104.45,104.68,103.53,104.49,1178200,1.0,0.0
2014-08-18,105.45,106.14,105.01,106.03,1358100,1.0,0.0
2014-08-19,106.17,106.59,105.8,106.08,1103000,1.0,0.0
2014-08-20,106.11,106.92,105.984,106.36,2115600,1.0,0.0
2014-08-21,106.57,106.62,104.22,105.18,2992200,1.0,0.0
2014-08-22,105.11,105.88,105.04,105.48,1155400,1.0,0.0
2014-08-25,105.95,106.08,105.38,105.55,590200,1.0,0.0
2014-08-26,105.88,106.06,105.51,105.53,916600,1.0,0.0
2014-08-27,106.14,106.93,106.0,106.82,1238600,1.0,0.0
2014-08-28,106.33,106.77,106.11,106.58,815900,1.0,0.0
2014-08-29,106.8,107.0,106.29,107.0,699300,1.0,0.0
2014-09-02,107.0,107.87,106.64,107.01,1317100,1.0,0.0
2014-09-03,107.34,108.4899,107.34,107.96,1267700,1.0,0.0
2014-09-04,106.6,109.22,106.6,108.56,1731700,1.0,0.0
2014-09-05,108.67,109.61,108.2962,109.55,1808300,1.0,0.0
2014-09-08,109.41,109.7,108.17,108.64,1365000,1.0,0.0
2014-09-09,108.64,109.2,108.1201,108.78,1240100,1.0,0.0
2014-09-10,108.87,109.13,107.75,107.99,1485400,1.0,0.0
2014-09-11,107.7,108.65,107.54,108.64,888600,1.0,0.0
2014-09-12,108.74,108.9174,107.56,107.89,867300,1.0,0.0
2014-09-15,108.07,108.39,107.32,108.17,889200,1.0,0.0
2014-09-16,108.13,109.259,107.54,109.17,1550500,1.0,0.0
2014-09-17,109.47,112.58,109.47,111.77,2894900,1.0,0.0
2014-09-18,111.84,112.44,111.66,112.15,1255500,1.0,0.0
2014-09-19,112.7,112.9499,111.94,112.0,1668700,1.0,0.0
2014-09-22,112.09,112.61,110.95,111.0,1495581,1.0,0.0
2014-09-23,110.87,110.95,110.0,110.06,956839,1.0,0.0
2014-09-24,110.31,111.61,110.1,111.45,1226267,1.0,0.0
2014-09-25,111.08,111.08,109.39,109.8,1259212,1.0,0.0
2014-09-26,109.96,111.72,109.8,111.31,1151745,1.0,0.0
2014-09-29,110.35,111.53,109.83,111.42,956800,1.0,0.0
2014-09-30,111.45,113.41,111.21,111.6,2342287,1.0,0.0
2014-10-01,110.86,110.97,108.17,108.65,2396339,1.0,0.0
2014-10-02,109.26,110.35,108.8,110.12,2037241,1.0,0.0
2014-10-03,110.65,112.6,110.65,112.47,2077557,1.0,0.0
2014-10-06,112.93,113.5,111.05,111.11,1802910,1.0,0.0
2014-10-07,110.4,110.5,108.18,108.25,2112206,1.0,0.0
2014-10-08,108.23,109.25,106.2335,109.15,2322338,1.0,0.0
2014-10-09,108.58,108.9,105.14,105.43,2500116,1.0,0.0
2014-10-10,105.49,105.49,101.8,102.36,2683038,1.0,0.0
2014-10-13,106.33,111.25,102.81,103.21,5191321,1.0,0.0
2014-10-14,104.01,106.21,103.68,104.45,2164315,1.0,0.0
2014-10-15,103.05,105.7,101.8001,105.2,2732533,1.0,0.0
2014-10-16,102.55,106.12,102.29,104.8,2743947,1.0,0.0
2014-10-17,105.99,107.21,105.81,106.54,1832701,1.0,0.0
2014-10-20,105.66,107.23,105.18,107.07,2054354,1.0,0.0
2014-10-21,108.4,109.86,108.21,109.85,2320719,1.0,0.0
2014-10-22,106.51,109.69,106.31,106.5,4253103,1.0,0.0
2014-10-23,107.76,108.74,107.0,107.87,2711235,1.0,0.0
2014-10-24,108.12,109.44,107.66,109.39,1496776,1.0,0.0
2014-10-27,109.07,109.84,108.45,109.36,1243261,1.0,0.0
2014-10-28,109.79,111.38,109.79,111.3,1596091,1.0,0.0
2014-10-29,111.42,111.97,109.41,110.68,1515754,1.0,0.0
2014-10-30,109.91,110.39,109.08,109.54,2304714,1.0,0.0
2014-10-31,111.28,111.42,109.76,110.64,3024747,1.0,0.0
2014-11-03,110.5,110.95,108.55,109.41,2623617,1.0,0.0
2014-11-04,109.43,110.1004,108.47,108.79,2677791,1.0,0.0
2014-11-05,108.22,110.31,108.13,109.79,1765382,1.0,0.57
2014-11-06,110.31,111.15,109.5,110.72,1696724,1.0,0.0
2014-11-07,113.93,114.4,111.9296,112.86,2252077,1.0,0.0
2014-11-10,114.75,116.6,114.66,116.6,2620274,1.0,0.0
2014-11-11,116.56,116.98,115.72,116.63,1744676,1.0,0.0
2014-11-12,115.84,117.26,115.79,116.66,2025324,1.0,0.0
2014-11-13,116.87,116.92,115.16,115.45,1834020,1.0,0.0
2014-11-14,115.48,116.5099,115.29,116.03,1028347,1.0,0.0
2014-11-17,115.28,116.22,114.85,115.83,1236107,1.0,0.0
2014-11-18,115.78,116.41,114.84,115.38,1055356,1.0,0.0
2014-11-19,115.06,115.59,114.43,115.17,1151829,1.0,0.0
2014-11-20,114.55,115.435,114.53,115.38,875759,1.0,0.0
2014-11-21,116.17,116.17,114.68,115.36,1700698,1.0,0.0
2014-11-24,115.7,116.92,115.6,116.35,960299,1.0,0.0
2014-11-25,116.62,117.64,116.53,117.13,1168555,1.0,0.0
2014-11-26,117.03,117.31,116.5862,117.2,716534,1.0,0.0
2014-11-28,116.79,116.84,111.36,111.64,2390539,1.0,0.0
2014-12-01,111.08,111.08,104.48,106.36,5433390,1.0,0.0
2014-12-02,106.47,109.37,105.83,109.3,3604627,1.0,0.0
2014-12-03,109.65,111.93,109.62,111.89,2570585,1.0,0.0
2014-12-04,110.5,111.04,106.98,107.3,3496266,1.0,0.0
2014-12-05,108.17,108.87,106.73,107.07,2943969,1.0,0.0
2014-12-08,106.49,106.49,102.83,103.4,2849292,1.0,0.0
2014-12-09,102.15,104.11,101.43,104.08,2312580,1.0,0.0
2014-12-10,103.52,103.69,101.02,101.28,2427365,1.0,0.0
2014-12-11,102.39,103.79,101.15,102.63,2511847,1.0,0.0
2014-12-12,102.1,104.07,101.54,101.55,2980059,1.0,0.0
2014-12-15,102.16,103.07,101.36,101.67,2538577,1.0,0.0
2014-12-16,101.25,104.45,101.06,102.33,2335432,1.0,0.0
2014-12-17,102.49,105.59,101.45,105.25,3251431,1.0,0.0
2014-12-18,106.78,109.0,106.67,108.98,3755740,1.0,0.0
2014-12-19,109.18,109.6,108.09,109.05,3011098,1.0,0.0
2014-12-22,109.42,110.32,108.2,110.02,1796400,1.0,0.0
2014-12-23,110.53,111.56,110.18,111.2,1286633,1.0,0.0
2014-12-24,111.5,111.8,110.61,111.41,756299,1.0,0.0
2014-12-26,111.56,112.055,111.02,111.54,918274,1.0,0.0
2014-12-29,110.83,112.06,110.4701,111.79,954402,1.0,0.0
2014-12-30,111.37,112.22,110.4,110.82,993222,1.0,0.0
2014-12-31,111.23,111.23,109.41,109.61,1048452,1.0,0.0
2015-01-02,110.7,111.0597,107.91,109.15,1427015,1.0,0.0
2015-01-05,108.71,108.89,106.25,106.39,2801147,1.0,0.0
2015-01-06,105.57,105.87,102.54,103.0,4236308,1.0,0.0
2015-01-07,103.7,104.23,102.01,103.0,3746742,1.0,0.0
2015-01-08,103.71,104.92,102.92,103.99,3064419,1.0,0.0
2015-01-09,103.88,104.7,102.62,103.17,2906833,1.0,0.0
2015-01-12,102.21,102.69,101.02,101.97,3320404,1.0,0.0
2015-01-13,103.24,103.786,100.13,101.49,2914188,1.0,0.0
2015-01-14,99.82,101.52,99.8,101.07,3238483,1.0,0.0
2015-01-15,101.81,103.07,101.3,101.84,2609095,1.0,0.0
2015-01-16,101.79,103.67,101.79,103.58,2511975,1.0,0.0
2015-01-20,104.0,104.34,102.78,103.45,2001187,1.0,0.0
2015-01-21,103.19,104.98,102.6,104.35,1272352,1.0,0.0
2015-01-22,105.45,106.55,105.11,106.09,1474116,1.0,0.0
2015-01-23,106.13,106.13,104.75,104.78,1925181,1.0,0.0
2015-01-26,102.24,107.28,101.46,106.11,2763922,1.0,0.0
2015-01-27,104.88,105.06,103.39,104.19,2110407,1.0,0.0
2015-01-28,105.04,105.23,102.91,103.0,2040480,1.0,0.0
2015-01-29,102.88,104.0199,101.96,103.79,1897872,1.0,0.0
2015-01-30,102.66,103.37,101.92,101.97,2527110,1.0,0.0
2015-02-02,102.2,104.06,102.093,104.03,2113560,1.0,0.0
2015-02-03,105.25,107.38,104.64,107.27,2753936,1.0,0.0
2015-02-04,105.99,106.96,105.69,106.35,2845673,1.0,0.59
2015-02-05,106.64,108.1693,106.54,107.85,2651512,1.0,0.0
2015-02-06,108.17,108.49,107.34,107.79,2818160,1.0,0.0
2015-02-09,107.64,108.47,107.31,107.99,2333807,1.0,0.0
2015-02-10,108.35,108.88,107.67,108.6,1644259,1.0,0.0
2015-02-11,108.25,109.5,108.09,109.11,1377131,1.0,0.0
2015-02-12,109.37,110.16,109.2901,110.08,1242454,1.0,0.0
2015-02-13,110.17,110.8899,109.5,109.91,1576045,1.0,0.0
2015-02-17,109.4,110.75,109.24,110.67,1652134,1.0,0.0
2015-02-18,110.21,111.23,110.12,111.21,1654771,1.0,0.0
2015-02-19,110.77,112.05,110.54,111.59,1836191,1.0,0.0
2015-02-20,111.28,111.92,110.68,111.73,1500823,1.0,0.0
2015-02-23,111.03,111.15,110.42,110.93,1598989,1.0,0.0
2015-02-24,110.91,111.31,110.69,110.87,1253794,1.0,0.0
2015-02-25,111.36,111.6399,110.58,110.84,1133651,1.0,0.0
2015-02-26,110.8,111.12,109.71,109.95,2955779,1.0,0.0
2015-02-27,110.23,110.29,108.941,109.16,2512009,1.0,0.0
2015-03-02,109.61,110.25,109.36,110.25,2227114,1.0,0.0
2015-03-03,108.96,109.28,107.9,108.37,3251594,1.0,0.0
2015-03-04,107.75,109.14,107.49,108.94,2330375,1.0,0.0
2015-03-05,109.3,109.35,108.515,109.16,1917336,1.0,0.0
2015-03-06,108.13,109.0,107.84,108.21,1698024,1.0,0.0
2015-03-09,107.88,109.06,107.83,109.03,1881743,1.0,0.0
2015-03-10,108.0,108.38,107.39,107.58,2342590,1.0,0.0
2015-03-11,107.76,108.7199,107.74,108.22,2132637,1.0,0.0
2015-03-12,108.45,109.39,108.45,109.23,1283978,1.0,0.0
2015-03-13,109.0,109.2,108.14,108.65,1233024,1.0,0.0
2015-03-16,108.86,110.95,108.86,110.58,1428679,1.0,0.0
2015-03-17,110.0,110.44,109.72,109.88,1323933,1.0,0.0
2015-03-18,109.49,111.45,108.803,111.13,1320602,1.0,0.0
2015-03-19,110.8,111.06,109.4242,110.31,1405968,1.0,0.0
2015-03-20,110.61,111.76,110.43,110.43,3114946,1.0,0.0
2015-03-23,109.48,109.79,106.55,106.56,3277879,1.0,0.0
2015-03-24,106.33,107.01,105.84,106.07,1798600,1.0,0.0
2015-03-25,106.32,106.33,103.93,104.05,2637337,1.0,0.0
2015-03-26,101.97,104.35,101.96,103.91,3044139,1.0,0.0
2015-03-27,103.45,103.74,102.77,103.62,2597004,1.0,0.0
2015-03-30,104.0,104.47,103.525,104.0,1402556,1.0,0.0
2015-03-31,103.48,103.93,102.8175,102.92,1998500,1.0,0.0
2015-04-01,102.65,103.42,102.08,102.96,1640604,1.0,0.0
2015-04-02,103.4,104.79,102.88,104.15,2187070,1.0,0.0
2015-04-06,103.51,104.76,103.4,104.43,2575243,1.0,0.0
2015-04-07,104.57,104.84,103.82,104.46,2579059,1.0,0.0
2015-04-08,104.51,104.69,103.67,104.32,1863105,1.0,0.0
2015-04-09,104.29,105.83,104.09,105.77,1403615,1.0,0.0
2015-04-10,106.25,106.73,105.85,106.35,1293752,1.0,0.0
2015-04-13,105.78,106.24,104.754,104.87,2049313,1.0,0.0
2015-04-14,98.99,100.6,97.81,100.49,8715514,1.0,0.0
2015-04-15,100.87,101.3,99.79,100.74,3637768,1.0,0.0
2015-04-16,100.61,100.61,99.8501,100.27,2367681,1.0,0.0
2015-04-17,99.4,100.8,99.3,100.65,2682572,1.0,0.0
2015-04-20,101.0,103.76,100.86,103.04,3086801,1.0,0.0
2015-04-21,103.94,103.94,100.22,102.41,2708396,1.0,0.0
2015-04-22,102.21,105.19,102.21,104.97,2584120,1.0,0.0
2015-04-23,104.48,107.31,104.295,106.21,2373894,1.0,0.0
2015-04-24,106.2,106.5,104.43,105.29,1753902,1.0,0.0
2015-04-27,105.52,105.62,104.395,104.5,1798282,1.0,0.0
2015-04-28,104.35,104.69,103.76,104.37,1978516,1.0,0.0
2015-04-29,104.32,104.46,102.11,103.18,1951684,1.0,0.0
2015-04-30,102.16,102.515,100.55,100.85,3540453,1.0,0.0
2015-05-01,101.54,103.21,101.43,103.21,2352345,1.0,0.0
2015-05-04,103.65,104.58,103.17,103.79,2749188,1.0,0.0
2015-05-05,103.69,104.28,100.52,100.59,2021075,1.0,0.0
2015-05-06,100.33,100.73,98.97,100.11,2911917,1.0,0.59
2015-05-07,99.93,101.53,99.78,100.98,1212382,1.0,0.0
2015-05-08,101.87,102.18,100.56,100.63,2405503,1.0,0.0
2015-05-11,100.35,101.31,100.16,100.16,1620655,1.0,0.0
2015-05-12,99.56,99.75,98.94,99.04,3066803,1.0,0.0
2015-05-13,98.91,99.84,97.27,97.72,2935271,1.0,0.0
2015-05-14,96.8,97.71,96.04,96.71,3079621,1.0,0.0
2015-05-15,97.07,97.72,96.63,97.56,1941380,1.0,0.0
2015-05-18,97.44,98.17,97.2,97.97,1647945,1.0,0.0
2015-05-19,97.85,98.25,97.07,97.28,1287484,1.0,0.0
2015-05-20,96.4,96.94,95.73,96.06,1559448,1.0,0.0
2015-05-21,96.06,98.12,96.0,97.11,2503791,1.0,0.0
2015-05-22,96.86,97.29,95.51,95.53,1988288,1.0,0.0
2015-05-26,95.56,95.95,94.33,94.57,1740693,1.0,0.0
2015-05-27,95.08,95.23,94.24,94.83,1582557,1.0,0.0
2015-05-28,94.5,94.55,92.8,93.71,2114919,1.0,0.0
2015-05-29,93.48,93.51,91.85,92.0,2521198,1.0,0.0
2015-06-01,92.48,93.06,91.85,92.76,1598560,1.0,0.0
2015-06-02,92.54,93.81,92.28,92.7,1777134,1.0,0.0
2015-06-03,92.65,93.58,92.03,92.5,1568133,1.0,0.0
2015-06-04,92.01,93.06,91.59,91.96,2135730,1.0,0.0
2015-06-05,92.25,92.74,91.86,92.51,1625432,1.0,0.0
2015-06-08,92.27,92.41,90.98,91.06,1480177,1.0,0.0
2015-06-09,91.0,91.25,90.39,90.44,1473179,1.0,0.0
2015-06-10,91.0,91.0,89.73,90.54,1981104,1.0,0.0
2015-06-11,90.82,92.79,90.415,92.53,2996745,1.0,0.0
2015-06-12,91.89,92.84,91.37,91.7,1965685,1.0,0.0
2015-06-15,91.24,91.912,90.89,91.36,1331505,1.0,0.0
2015-06-16,91.22,91.99,91.17,91.36,1132953,1.0,0.0
2015-06-17,91.42,91.84,91.0,91.7,1439178,1.0,0.0
2015-06-18,91.95,93.24,91.834,92.96,1743498,1.0,0.0
2015-06-19,92.67,93.12,92.07,92.32,2141191,1.0,0.0
2015-06-22,92.67,93.3,92.39,92.81,1575628,1.0,0.0
2015-06-23,92.72,93.09,92.25,92.31,1546803,1.0,0.0
2015-06-24,91.96,92.32,89.99,90.03,2117447,1.0,0.0
2015-06-25,90.33,90.622,88.74,88.76,1945396,1.0,0.0
2015-06-26,89.09,89.63,88.5101,88.87,2984684,1.0,0.0
2015-06-29,88.2,88.67,86.94,86.98,1722579,1.0,0.0
2015-06-30,87.37,87.89,86.74,87.36,2404007,1.0,0.0
2015-07-01,87.88,88.13,87.63,88.1,2323744,1.0,0.0
2015-07-02,88.31,88.65,87.715,87.83,2216954,1.0,0.0
2015-07-06,87.23,87.98,86.44,86.94,1466356,1.0,0.0
2015-07-07,86.9,88.21,86.12,87.82,2098057,1.0,0.0
2015-07-08,86.97,87.49,85.17,85.4,1986125,1.0,0.0
2015-07-09,86.24,86.806,85.61,85.62,1838109,1.0,0.0
2015-07-10,86.58,86.6899,85.91,86.35,1627609,1.0,0.0
2015-07-13,86.95,87.21,86.17,86.46,1781516,1.0,0.0
2015-07-14,86.27,87.17,85.81,86.72,3043041,1.0,0.0
2015-07-15,87.1,87.9799,86.82,86.96,2807848,1.0,0.0
2015-07-16,86.9,87.68,85.48,85.6,1727843,1.0,0.0
2015-07-17,85.6,86.83,85.6,85.94,1907063,1.0,0.0
2015-07-20,86.17,86.63,85.76,86.09,1270976,1.0,0.0
2015-07-21,86.1,86.97,85.59,85.92,1522266,1.0,0.0
2015-07-22,85.93,86.4499,85.04,85.37,1238267,1.0,0.0
2015-07-23,85.17,85.17,83.1301,83.48,1943117,1.0,0.0
2015-07-24,83.48,84.14,82.6,82.96,2046758,1.0,0.0
2015-07-27,82.31,84.67,82.31,82.8,2039592,1.0,0.0
2015-07-28,83.0,85.06,83.0,84.92,2041754,1.0,0.0
2015-07-29,84.86,86.04,84.48,85.97,2021949,1.0,0.0
2015-07-30,85.58,86.11,85.51,85.8,2107326,1.0,0.0
2015-07-31,85.46,85.909,84.12,84.33,2610322,1.0,0.0
2015-08-03,84.27,84.53,82.68,83.01,2438592,1.0,0.0
2015-08-04,82.75,83.57,82.48,83.18,6077481,1.0,0.0
2015-08-05,83.15,84.02,82.48,82.58,2911636,1.0,0.59
2015-08-06,82.48,82.66,80.93,81.6,2905819,1.0,0.0
2015-08-07,81.45,81.85,80.88,81.11,2541271,1.0,0.0
2015-08-10,81.74,82.96,80.94,82.62,2711852,1.0,0.0
2015-08-11,81.79,81.96,80.47,80.98,1698271,1.0,0.0
2015-08-12,80.46,81.68,79.9301,81.34,1701571,1.0,0.0
2015-08-13,81.28,81.52,80.85,81.02,1136582,1.0,0.0
2015-08-14,80.74,82.13,80.7201,81.74,1464658,1.0,0.0
2015-08-17,81.48,82.21,80.92,82.15,1420838,1.0,0.0
2015-08-18,82.16,82.48,81.89,82.35,1513500,1.0,0.0
2015-08-19,81.69,82.1,81.17,81.5,1529191,1.0,0.0
2015-08-20,80.68,80.84,79.74,79.95,2316581,1.0,0.0
2015-08-21,79.29,79.94,77.98,77.98,3243463,1.0,0.0
2015-08-24,72.83,77.29,72.1,74.74,3598950,1.0,0.0
2015-08-25,77.06,77.06,72.4,72.44,2551490,1.0,0.0
2015-08-26,74.17,74.5,72.66,74.12,2860412,1.0,0.0
2015-08-27,75.0,77.93,74.99,77.92,3186878,1.0,0.0
2015-08-28,77.58,80.05,77.53,79.2,3264440,1.0,0.0
2015-08-31,78.76,78.83,77.71,77.91,1773006,1.0,0.0
2015-09-01,76.23,76.88,75.36,75.71,2011257,1.0,0.0
2015-09-02,76.42,76.8599,75.59,76.54,2846732,1.0,0.0
2015-09-03,77.02,78.0,76.58,77.16,1568240,1.0,0.0
2015-09-04,76.2,77.04,75.85,76.53,1914049,1.0,0.0
2015-09-08,78.04,78.72,77.77,78.69,1822386,1.0,0.0
2015-09-09,79.32,80.0,78.58,78.94,3485552,1.0,0.0
2015-09-10,78.99,79.3,78.01,79.04,3590060,1.0,0.0
2015-09-11,79.48,80.31,78.86,79.17,2557271,1.0,0.0
2015-09-14,79.17,79.185,78.54,78.69,2656023,1.0,0.0
2015-09-15,79.1,80.76,78.71,80.52,1527108,1.0,0.0
2015-09-16,80.44,81.91,80.33,81.69,2657241,1.0,0.0
2015-09-17,81.4,82.3,80.92,81.11,2180048,1.0,0.0
2015-09-18,80.05,80.26,78.73,78.95,3592586,1.0,0.0
2015-09-21,79.33,80.16,78.67,79.57,1929684,1.0,0.0
2015-09-22,78.51,78.54,77.04,77.43,1771060,1.0,0.0
2015-09-23,77.42,77.63,76.0,76.34,1524878,1.0,0.0
2015-09-24,75.51,76.09,74.729,75.69,2179014,1.0,0.0
2015-09-25,76.32,76.76,75.325,75.62,2004530,1.0,0.0
2015-09-28,75.04,75.37,74.58,74.66,1918967,1.0,0.0
2015-09-29,74.82,75.055,74.36,74.91,1600611,1.0,0.0
2015-09-30,75.79,76.5,75.2,76.4,1557550,1.0,0.0
2015-10-01,77.23,77.97,76.67,77.33,1897611,1.0,0.0
2015-10-02,76.2,79.05,75.92,79.01,1805027,1.0,0.0
2015-10-05,78.49,80.54,78.09,79.98,2201536,1.0,0.0
2015-10-06,79.92,80.52,79.37,79.43,1745081,1.0,0.0
2015-10-07,79.78,81.71,79.78,81.2,2315213,1.0,0.0
2015-10-08,80.94,83.17,80.94,82.98,1720650,1.0,0.0
2015-10-09,83.08,84.0,82.17,82.91,2055211,1.0,0.0
2015-10-12,82.26,82.37,80.07,80.98,2336999,1.0,0.0
2015-10-13,80.2,80.66,79.21,79.29,1366191,1.0,0.0
2015-10-14,78.76,79.71,77.6,78.23,1887111,1.0,0.0
2015-10-15,78.98,79.59,77.94,79.46,1442464,1.0,0.0
2015-10-16,79.75,79.8,78.05,78.36,1617288,1.0,0.0
2015-10-19,77.78,78.18,77.31,77.77,1100757,1.0,0.0
2015-10-20,77.62,79.38,77.32,78.84,1035834,1.0,0.0
2015-10-21,79.15,79.46,78.59,78.7,1379140,1.0,0.0
2015-10-22,79.25,81.49,79.21,80.52,1852735,1.0,0.0
2015-10-23,80.94,81.52,80.38,81.0,1539839,1.0,0.0
2015-10-26,80.98,81.27,79.98,80.28,1301245,1.0,0.0
2015-10-27,79.69,79.69,77.2,77.44,3055338,1.0,0.0
2015-10-28,79.28,82.43,79.28,81.6,3550174,1.0,0.0
2015-10-29,81.32,82.16,80.77,81.09,2172365,1.0,0.0
2015-10-30,80.91,81.39,79.92,80.03,1724886,1.0,0.0
2015-11-02,79.08,80.62,79.05,80.38,1893649,1.0,0.0
2015-11-03,80.13,81.15,80.11,80.68,1317964,1.0,0.0
2015-11-04,80.12,80.71,79.81,80.35,2179872,1.0,0.59
2015-11-05,80.43,81.02,79.76,80.15,1731706,1.0,0.0
2015-11-06,80.0,80.4584,79.12,79.87,1429304,1.0,0.0
2015-11-09,79.65,90.9599,78.47,88.62,8628192,1.0,0.0
2015-11-10,86.66,88.96,85.72,88.57,4610901,1.0,0.0
2015-11-11,88.67,89.38,87.79,88.89,2470552,1.0,0.0
2015-11-12,87.98,90.0,87.46,88.75,2589022,1.0,0.0
2015-11-13,88.48,89.79,88.3,88.96,1858220,1.0,0.0
2015-11-16,88.81,89.65,86.92,88.3,2376009,1.0,0.0
2015-11-17,88.23,88.23,84.11,86.97,2969333,1.0,0.0
2015-11-18,90.69,93.69,90.45,92.49,8541974,1.0,0.0
2015-11-19,92.0,97.9,90.87,96.85,5418184,1.0,0.0
2015-11-20,96.56,98.75,95.06,97.56,4150454,1.0,0.0
2015-11-23,97.4,98.14,94.93,95.56,3032236,1.0,0.0
2015-11-24,94.37,96.17,94.25,94.55,1836663,1.0,0.0
2015-11-25,94.69,96.17,94.14,95.4,1646661,1.0,0.0
2015-11-27,95.69,95.84,94.96,95.38,638065,1.0,0.0
2015-11-30,95.38,95.93,94.02,95.06,3061538,1.0,0.0
2015-12-01,95.2,95.88,94.15,94.81,1611046,1.0,0.0
2015-12-02,94.46,94.69,91.83,92.15,2772884,1.0,0.0
2015-12-03,92.02,93.99,91.86,93.11,2426372,1.0,0.0
2015-12-04,88.97,92.5,86.59,92.06,5803886,1.0,0.0
2015-12-07,93.79,94.35,91.36,91.52,2766620,1.0,0.0
2015-12-08,87.9,89.78,85.44,86.32,4932278,1.0,0.0
2015-12-09,85.93,88.11,85.76,87.55,3031645,1.0,0.0
2015-12-10,88.32,88.47,87.3,87.68,1839323,1.0,0.0
2015-12-11,89.13,89.94,87.76,89.44,3169317,1.0,0.0
2015-12-14,89.6,90.75,88.9,89.35,2338066,1.0,0.0
2015-12-15,90.17,91.59,89.71,91.02,1609493,1.0,0.0
2015-12-16,91.33,91.8,88.48,89.79,2226479,1.0,0.0
2015-12-17,89.51,89.6,84.91,85.06,2554523,1.0,0.0
2015-12-18,84.59,85.99,83.23,84.27,3208573,1.0,0.0
2015-12-21,85.1,85.53,83.69,84.08,1306785,1.0,0.0
2015-12-22,84.89,86.47,84.61,86.07,1043944,1.0,0.0
2015-12-23,86.68,87.11,86.0,86.85,865257,1.0,0.0
2015-12-24,86.9,87.33,86.1684,86.78,434027,1.0,0.0
2015-12-28,86.57,86.98,85.49,85.59,862711,1.0,0.0
2015-12-29,85.86,86.31,85.5,85.56,829677,1.0,0.0
2015-12-30,85.5,85.57,84.78,84.86,843277,1.0,0.0
2015-12-31,84.16,85.18,84.09,84.59,920105,1.0,0.0
2016-01-04,83.64,83.655,80.9,81.81,2558138,1.0,0.0
2016-01-05,81.76,82.56,81.4,82.27,1043483,1.0,0.0
2016-01-06,81.22,81.7,79.0101,79.48,1345427,1.0,0.0
2016-01-07,78.06,78.83,77.55,78.0,1900866,1.0,0.0
2016-01-08,78.3,79.0,77.55,77.79,1417599,1.0,0.0
2016-01-11,78.02,78.34,75.0,75.97,1524436,1.0,0.0
2016-01-12,76.54,77.35,73.6,75.93,1862198,1.0,0.0
2016-01-13,76.16,76.49,70.09,71.44,1988087,1.0,0.0
2016-01-14,71.5,73.6,71.46,72.15,1916843,1.0,0.0
2016-01-15,70.23,72.03,70.18,71.77,1786596,1.0,0.0
2016-01-19,72.26,72.57,70.69,71.85,1552338,1.0,0.0
2016-01-20,70.72,72.34,67.85,71.18,2123063,1.0,0.0
2016-01-21,70.95,71.2963,66.51,70.07,3863946,1.0,0.0
2016-01-22,71.28,71.65,68.58,68.59,2321910,1.0,0.0
2016-01-25,68.64,69.36,67.51,67.73,1704231,1.0,0.0
2016-01-26,68.0,69.35,67.9807,68.9,1551810,1.0,0.0
2016-01-27,68.1,70.76,67.88,69.89,1829263,1.0,0.0
2016-01-28,69.92,71.4,69.235,70.11,1396286,1.0,0.0
2016-01-29,70.8,71.47,70.035,70.5,2057980,1.0,0.0
2016-02-01,70.16,70.55,69.0,70.19,1469190,1.0,0.0
2016-02-02,69.13,69.51,66.46,66.6,1425770,1.0,0.0
2016-02-03,66.88,67.68,64.51,67.32,1876925,1.0,0.59
2016-02-04,67.52,69.99,67.52,69.37,2092842,1.0,0.0
2016-02-05,69.13,70.61,68.56,70.14,1513998,1.0,0.0
2016-02-08,69.35,71.56,69.15,70.49,2735917,1.0,0.0
2016-02-09,69.7,73.298,69.12,71.42,4332032,1.0,0.0
2016-02-10,72.17,73.66,71.68,73.02,1607191,1.0,0.0
2016-02-11,71.73,72.22,69.99,71.67,1860028,1.0,0.0
2016-02-12,71.67,73.59,71.06,72.56,1523159,1.0,0.0
2016-02-16,72.95,74.33,72.56,73.99,1389375,1.0,0.0
2016-02-17,74.35,76.02,73.63,75.77,2035055,1.0,0.0
2016-02-18,75.67,76.211,74.09,74.83,1049249,1.0,0.0
2016-02-19,74.5,75.5,74.05,75.0,1437196,1.0,0.0
2016-02-22,75.66,77.15,75.23,75.96,1846389,1.0,0.0
2016-02-23,76.12,76.94,73.7201,73.87,948658,1.0,0.0
2016-02-24,72.53,74.24,72.01,73.94,781552,1.0,0.0
2016-02-25,74.23,74.97,72.64,73.67,977902,1.0,0.0
2016-02-26,73.95,76.15,73.79,74.7,1333079,1.0,0.0
2016-02-29,74.69,75.38,73.16,73.17,1536664,1.0,0.0
2016-03-01,73.69,75.68,73.31,75.31,1853287,1.0,0.0
2016-03-02,76.07,77.43,75.65,76.4,1730687,1.0,0.0
2016-03-03,76.47,78.47,76.47,77.0,1616422,1.0,0.0
2016-03-04,77.25,78.69,77.24,77.4,1116279,1.0,0.0
2016-03-07,77.04,79.99,76.698,79.72,3191576,1.0,0.0
2016-03-08,79.37,79.72,75.96,76.36,5990935,1.0,0.0
2016-03-09,76.97,77.495,75.27,75.75,2479045,1.0,0.0
2016-03-10,76.86,77.05,74.7,75.76,2232048,1.0,0.0
2016-03-11,76.67,79.306,76.2101,79.01,1851810,1.0,0.0
2016-03-14,78.31,80.04,78.24,78.97,1538056,1.0,0.0
2016-03-15,78.27,79.09,77.3,79.0,987391,1.0,0.0
2016-03-16,78.6,81.41,77.58,80.99,1460960,1.0,0.0
2016-03-17,80.97,82.99,80.29,82.8,1670520,1.0,0.0
2016-03-18,83.11,84.57,83.11,84.02,3346466,1.0,0.0
2016-03-21,83.74,85.24,83.23,84.04,1020594,1.0,0.0
2016-03-22,83.37,85.25,83.27,84.3,1809509,1.0,0.0
2016-03-23,84.37,84.54,82.74,82.86,1101152,1.0,0.0
2016-03-24,82.19,83.92,81.4,83.87,640293,1.0,0.0
2016-03-28,83.78,83.78,80.87,81.75,1539149,1.0,0.0
2016-03-29,81.14,83.33,80.49,82.8,874923,1.0,0.0
2016-03-30,83.32,86.66,83.24,84.75,1814936,1.0,0.0
2016-03-31,84.41,84.41,83.15,83.25,1576079,1.0,0.0
2016-04-01,82.43,83.45,81.84,82.97,1392076,1.0,0.0
2016-04-04,83.13,84.09,82.42,82.49,935162,1.0,0.0
2016-04-05,81.75,82.11,80.8201,81.2,1119577,1.0,0.0
2016-04-06,80.94,81.49,79.52,81.15,1065569,1.0,0.0
2016-04-07,80.69,81.87,79.75,80.1,1657107,1.0,0.0
2016-04-08,80.65,82.57,80.65,81.49,1805378,1.0,0.0
2016-04-11,79.12,81.182,78.15,79.28,3142900,1.0,0.0
2016-04-12,79.44,79.69,78.22,78.72,2634105,1.0,0.0
2016-04-13,79.44,81.76,79.31,81.14,4334248,1.0,0.0
2016-04-14,81.49,82.43,81.2,82.14,1877365,1.0,0.0
2016-04-15,82.32,82.6,81.38,81.63,1476073,1.0,0.0
2016-04-18,81.6,82.22,80.7,81.54,1769240,1.0,0.0
2016-04-19,82.43,83.39,82.14,82.77,2321159,1.0,0.0
2016-04-20,82.96,83.54,82.13,83.16,1608285,1.0,0.0
2016-04-21,83.27,84.0,82.57,82.63,2019092,1.0,0.0
2016-04-22,89.31,91.43,88.33,91.33,6173040,1.0,0.0
2016-04-25,91.25,91.37,89.45,91.37,2571255,1.0,0.0
2016-04-26,91.16,93.91,90.91,93.05,2475434,1.0,0.0
2016-04-27,92.99,94.1,92.2,93.23,1742762,1.0,0.0
2016-04-28,92.785,93.716,91.75,91.98,1085521,1.0,0.0
2016-04-29,91.57,91.97,89.5,90.11,2555916,1.0,0.0
2016-05-02,90.82,91.05,89.913,90.72,1390076,1.0,0.0
2016-05-03,90.52,90.52,88.09,89.14,1827988,1.0,0.0
2016-05-04,87.98,89.48,87.98,88.87,1607952,1.0,0.59
2016-05-05,89.15,90.24,88.68,88.95,1217828,1.0,0.0
2016-05-06,87.96,89.94,87.82,89.66,1292457,1.0,0.0
2016-05-09,89.17,89.794,87.99,88.28,1649624,1.0,0.0
2016-05-10,88.72,90.7,88.29,90.31,1197249,1.0,0.0
2016-05-11,90.07,90.495,88.8,88.82,1437963,1.0,0.0
2016-05-12,89.22,89.625,87.625,88.18,1313263,1.0,0.0
2016-05-13,87.81,88.63,85.29,85.97,1828359,1.0,0.0
2016-05-16,86.0,87.63,86.0,86.24,1587911,1.0,0.0
2016-05-17,86.11,88.0,85.7,85.86,2171771,1.0,0.0
2016-05-18,85.65,87.77,84.6,85.51,2085204,1.0,0.0
2016-05-19,85.52,85.84,83.67,84.33,1624839,1.0,0.0
2016-05-20,84.79,85.75,84.54,85.44,1418781,1.0,0.0
2016-05-23,85.36,85.79,84.4424,84.69,1669606,1.0,0.0
2016-05-24,85.0,85.44,81.48,82.23,3320093,1.0,0.0
2016-05-25,82.3,83.7499,82.15,83.31,3812472,1.0,0.0
2016-05-26,83.46,84.28,82.85,83.83,1726431,1.0,0.0
2016-05-27,83.94,84.35,83.22,84.0,1000473,1.0,0.0
2016-05-31,83.97,85.65,83.16,84.06,1695035,1.0,0.0
2016-06-01,83.3,83.41,81.79,83.01,1526410,1.0,0.0
2016-06-02,82.6,83.23,82.06,83.17,1003634,1.0,0.0
2016-06-03,82.58,83.47,81.91,83.11,1555469,1.0,0.0
2016-06-06,83.54,84.3,82.58,83.27,1493672,1.0,0.0
2016-06-07,83.31,84.78,83.31,83.74,1140554,1.0,0.0
2016-06-08,83.99,86.69,83.67,85.95,1862895,1.0,0.0
2016-06-09,85.29,85.74,83.82,85.6,1817590,1.0,0.0
2016-06-10,85.14,85.1599,83.46,84.09,1168117,1.0,0.0
2016-06-13,84.0,84.4,83.21,83.23,1617000,1.0,0.0
2016-06-14,83.23,84.25,82.58,82.8,1071122,1.0,0.0
2016-06-15,83.23,84.26,82.63,83.5,1774675,1.0,0.0
2016-06-16,83.03,84.5,82.275,84.19,1553904,1.0,0.0
2016-06-17,84.15,85.72,83.838,85.19,2195232,1.0,0.0
2016-06-20,86.21,86.99,85.48,85.65,1777206,1.0,0.0
2016-06-21,84.32,85.54,84.32,85.01,1200557,1.0,0.0
2016-06-22,85.23,86.5399,85.02,86.05,1488708,1.0,0.0
2016-06-23,86.93,87.5,86.2,87.0,1291912,1.0,0.0
2016-06-24,83.88,84.85,82.49,82.64,2196750,1.0,0.0
2016-06-27,81.65,81.96,78.73,79.68,2009147,1.0,0.0
2016-06-28,80.78,82.45,80.42,82.23,1538116,1.0,0.0
2016-06-29,83.02,84.19,82.91,83.75,951484,1.0,0.0
2016-06-30,84.16,85.13,83.23,85.13,1460775,1.0,0.0
2016-07-01,84.89,85.64,84.7,85.2,1239906,1.0,0.0
2016-07-05,84.82,85.15,83.23,83.9,1406678,1.0,0.0
2016-07-06,83.83,85.26,83.3,84.95,1838970,1.0,0.0
2016-07-07,85.02,85.4,83.66,84.04,1452031,1.0,0.0
2016-07-08,84.79,86.94,84.67,86.42,2131448,1.0,0.0
2016-07-11,86.65,87.47,86.64,86.95,1466309,1.0,0.0
2016-07-12,87.61,88.96,87.61,88.42,1491580,1.0,0.0
2016-07-13,88.99,91.43,87.472,90.77,2658357,1.0,0.0
2016-07-14,91.25,92.64,90.851,91.79,2310939,1.0,0.0
2016-07-15,91.9,92.295,90.78,91.49,1204468,1.0,0.0
2016-07-18,91.28,91.72,90.9,91.61,895819,1.0,0.0
2016-07-19,91.05,91.775,90.8601,91.4,1154742,1.0,0.0
2016-07-20,91.4,92.01,90.7,91.75,1371693,1.0,0.0
2016-07-21,91.12,92.16,90.53,91.56,1460808,1.0,0.0
2016-07-22,91.34,92.1,90.79,92.01,1047073,1.0,0.0
2016-07-25,92.0,92.73,90.97,91.96,1278333,1.0,0.0
2016-07-26,91.96,93.09,91.5,92.75,2141743,1.0,0.0
2016-07-27,92.44,92.5,89.18,90.14,2736388,1.0,0.0
2016-07-28,89.75,91.03,88.88,90.02,1525947,1.0,0.0
2016-07-29,89.73,90.31,89.1,89.78,1218780,1.0,0.0
2016-08-01,89.67,89.67,88.28,88.55,1639546,1.0,0.0
2016-08-02,88.25,88.52,86.91,87.17,1002447,1.0,0.0
2016-08-03,87.09,88.53,87.0,88.33,1423950,1.0,0.0
2016-08-04,87.57,88.31,86.88,87.61,1684839,1.0,0.59
2016-08-05,88.16,89.38,87.61,88.88,1466888,1.0,0.0
2016-08-08,89.0,90.47,89.0,89.52,1273294,1.0,0.0
2016-08-09,89.43,89.86,89.17,89.25,1044045,1.0,0.0
2016-08-10,89.56,89.56,88.38,88.57,806660,1.0,0.0
2016-08-11,88.77,90.24,88.28,89.48,1653520,1.0,0.0
2016-08-12,89.48,89.48,87.97,88.36,1108629,1.0,0.0
2016-08-15,88.86,89.64,88.6701,88.92,780377,1.0,0.0
2016-08-16,88.73,89.38,88.065,89.12,1286002,1.0,0.0
2016-08-17,89.09,89.87,88.62,89.82,950612,1.0,0.0
2016-08-18,89.83,91.67,89.65,91.67,1580851,1.0,0.0
2016-08-19,91.3,91.96,91.05,91.58,1078454,1.0,0.0
2016-08-22,91.5,91.58,91.01,91.36,811543,1.0,0.0
2016-08-23,91.9,92.19,91.52,92.03,723360,1.0,0.0
2016-08-24,91.98,92.33,91.79,92.1,793665,1.0,0.0
2016-08-25,91.91,92.67,91.85,92.08,1075395,1.0,0.0
2016-08-26,92.16,92.97,91.9,92.27,1322655,1.0,0.0
2016-08-29,92.23,94.3,92.12,94.01,1720990,1.0,0.0
2016-08-30,93.9,94.37,93.54,94.37,1399515,1.0,0.0
2016-08-31,94.07,94.43,93.26,93.9,1544699,1.0,0.0
2016-09-01,94.11,94.25,92.88,93.8,1142560,1.0,0.0
2016-09-02,94.09,94.8,93.69,94.16,774244,1.0,0.0
2016-09-06,94.16,95.15,94.04,95.15,1554183,1.0,0.0
2016-09-07,94.93,95.965,93.76,93.94,2427792,1.0,0.0
2016-09-08,94.0,94.92,93.24,93.99,1271568,1.0,0.0
2016-09-09,93.29,93.29,90.75,90.78,1646154,1.0,0.0
2016-09-12,90.69,93.03,90.21,92.38,1413498,1.0,0.0
2016-09-13,91.44,92.12,90.3,90.74,1102326,1.0,0.0
2016-09-14,90.52,91.66,90.22,90.67,1714200,1.0,0.0
2016-09-15,90.36,91.94,89.92,91.51,1484700,1.0,0.0
2016-09-16,91.06,91.78,90.44,91.35,2074021,1.0,0.0
2016-09-19,91.76,92.67,91.76,92.03,1111083,1.0,0.0
2016-09-20,92.38,92.525,91.61,91.92,1369467,1.0,0.0
2016-09-21,92.03,93.31,91.89,93.11,1253762,1.0,0.0
2016-09-22,93.78,94.39,93.64,93.91,1280653,1.0,0.0
2016-09-23,93.48,94.23,93.25,93.62,889537,1.0,0.0
2016-09-26,93.07,94.05,92.835,93.28,1114683,1.0,0.0
2016-09-27,93.25,94.72,93.15,94.48,1086502,1.0,0.0
2016-09-28,94.5,95.62,94.17,95.53,1100160,1.0,0.0
2016-09-29,95.55,95.87,94.84,95.15,1796721,1.0,0.0
2016-09-30,95.52,97.28,95.29,97.06,1921332,1.0,0.0
2016-10-03,96.59,97.1151,96.33,96.91,1350166,1.0,0.0
2016-10-04,97.11,97.73,95.37,95.79,1456760,1.0,0.0
2016-10-05,96.23,97.17,96.05,97.04,1199981,1.0,0.0
2016-10-06,97.04,97.82,96.65,97.45,1638570,1.0,0.0
2016-10-07,97.3,97.395,96.05,96.78,1441822,1.0,0.0
2016-10-10,97.22,97.59,95.69,95.83,1743037,1.0,0.0
2016-10-11,96.59,97.0,94.25,94.67,3044202,1.0,0.0
2016-10-12,93.85,94.34,93.2,93.42,2167326,1.0,0.0
2016-10-13,92.81,95.03,92.47,94.82,1923019,1.0,0.0
2016-10-14,95.51,96.4,94.85,94.94,1473619,1.0,0.0
2016-10-17,94.82,95.5289,94.57,94.84,1021375,1.0,0.0
2016-10-18,95.25,95.69,94.48,94.98,999292,1.0,0.0
2016-10-19,95.25,96.38,94.9,95.64,1009300,1.0,0.0
2016-10-20,95.01,95.15,92.94,93.13,1569352,1.0,0.0
2016-10-21,92.35,93.01,92.07,92.92,1884713,1.0,0.0
2016-10-24,93.84,94.265,92.85,92.95,1350498,1.0,0.0
2016-10-25,92.79,93.56,92.56,93.27,2111781,1.0,0.0
2016-10-26,91.9,92.3697,89.95,90.03,2340770,1.0,0.0
2016-10-27,90.65,91.58,90.53,91.35,2479253,1.0,0.0
2016-10-28,91.51,93.16,91.36,92.27,2454975,1.0,0.0
2016-10-31,92.73,93.5375,92.42,93.0,1833829,1.0,0.0
2016-11-01,93.28,93.285,90.98,91.6,1553137,1.0,0.0
2016-11-02,91.42,92.53,91.32,91.99,1688346,1.0,0.59
2016-11-03,92.21,92.53,91.55,91.76,1295786,1.0,0.0
2016-11-04,91.79,92.39,91.28,91.62,766855,1.0,0.0
2016-11-07,92.49,94.99,92.49,94.95,1490151,1.0,0.0
2016-11-08,94.55,96.34,94.09,96.0,1554025,1.0,0.0
2016-11-09,95.71,100.7255,95.1,98.8,5764386,1.0,0.0
2016-11-10,99.79,101.1948,99.07,100.5,4422260,1.0,0.0
2016-11-11,99.91,100.93,98.92,100.91,2738095,1.0,0.0
2016-11-14,101.0,104.87,100.91,103.99,3119940,1.0,0.0
2016-11-15,103.99,104.78,102.79,104.58,1974232,1.0,0.0
2016-11-16,104.07,104.38,102.7,103.0,2213563,1.0,0.0
2016-11-17,103.0,103.44,102.591,103.14,2567593,1.0,0.0
2016-11-18,102.93,103.98,102.76,103.45,1870167,1.0,0.0
2016-11-21,103.76,105.3,103.62,104.6,1717744,1.0,0.0
2016-11-22,104.93,105.5,103.75,103.92,1827954,1.0,0.0
2016-11-23,103.75,104.77,103.75,104.04,1505306,1.0,0.0
2016-11-25,104.24,104.56,103.91,104.34,919934,1.0,0.0
2016-11-28,103.72,104.24,102.77,103.99,1627147,1.0,0.0
2016-11-29,103.82,104.86,103.23,104.37,2261762,1.0,0.0
2016-11-30,105.0,107.32,104.75,106.46,3335070,1.0,0.0
2016-12-01,106.87,107.89,106.58,106.83,2059523,1.0,0.0
2016-12-02,106.65,107.1,105.09,105.6,1782230,1.0,0.0
2016-12-05,106.2,106.92,105.62,105.96,1745376,1.0,0.0
2016-12-06,105.96,106.25,105.16,106.21,1356608,1.0,0.0
2016-12-07,106.64,109.86,106.05,109.75,1920623,1.0,0.0
2016-12-08,109.88,110.38,109.0,110.02,1360617,1.0,0.0
2016-12-09,109.89,110.724,109.1301,110.6,1457012,1.0,0.0
2016-12-12,110.78,111.43,109.4,110.69,1854521,1.0,0.0
2016-12-13,110.83,111.39,108.45,109.83,1793171,1.0,0.0
2016-12-14,109.54,110.24,107.46,107.58,1867108,1.0,0.0
2016-12-15,107.23,109.24,106.79,108.11,1374933,1.0,0.0
2016-12-16,108.09,108.18,106.11,106.67,2613969,1.0,0.0
2016-12-19,106.56,107.17,106.17,106.93,1302343,1.0,0.0
2016-12-20,107.25,108.35,107.05,108.17,1197366,1.0,0.0
2016-12-21,108.33,108.98,107.5676,108.05,1292154,1.0,0.0
2016-12-22,107.65,108.79,107.46,108.78,1645427,1.0,0.0
2016-12-23,108.66,109.7925,108.19,109.28,2118471,1.0,0.0
2016-12-27,109.34,109.87,109.32,109.45,856003,1.0,0.0
2016-12-28,109.41,110.26,108.62,108.72,1034319,1.0,0.0
2016-12-29,108.86,109.32,107.77,108.82,926851,1.0,0.0
2016-12-30,108.85,108.99,107.5,108.07,1487575,1.0,0.0
2017-01-03,108.91,109.52,106.15,106.99,1770074,1.0,0.0
2017-01-04,107.57,110.98,107.15,110.64,2705481,1.0,0.0
2017-01-05,110.18,111.65,110.16,110.29,3135306,1.0,0.0
2017-01-06,110.18,112.99,109.92,111.66,2009206,1.0,0.0
2017-01-09,110.89,110.89,108.28,109.18,2081833,1.0,0.0
2017-01-10,109.23,110.0501,108.33,109.26,1814466,1.0,0.0
2017-01-11,109.35,110.65,108.77,110.55,1180155,1.0,0.0
2017-01-12,110.61,111.44,109.36,111.01,1239557,1.0,0.0
2017-01-13,111.01,111.85,110.55,111.59,1702774,1.0,0.0
2017-01-17,111.18,111.45,108.47,108.9,1876295,1.0,0.0
2017-01-18,106.96,110.04,105.89,109.97,2567993,1.0,0.0
2017-01-19,115.57,116.0,112.56,114.42,5853193,1.0,0.0
2017-01-20,113.68,113.8,111.75,113.59,2656391,1.0,0.0
2017-01-23,113.7,113.91,112.38,113.55,1951223,1.0,0.0
2017-01-24,114.0,117.09,113.3,116.62,3460726,1.0,0.0
2017-01-25,117.41,121.3,116.805,120.53,3833711,1.0,0.0
2017-01-26,118.79,122.17,118.32,119.51,2586717,1.0,0.0
2017-01-27,120.18,120.62,118.95,120.35,2190038,1.0,0.0
2017-01-30,119.27,120.1,117.565,119.63,2510277,1.0,0.0
2017-01-31,119.44,119.75,117.11,117.46,3474908,1.0,0.0
2017-02-01,117.37,120.0,117.25,119.93,2913818,1.0,0.61
2017-02-02,119.12,120.0,117.61,119.47,2305295,1.0,0.0
2017-02-03,119.69,121.22,118.94,120.46,1683921,1.0,0.0
2017-02-06,120.13,120.74,118.6,119.87,2205770,1.0,0.0
2017-02-07,120.16,122.5,120.0,120.88,2004271,1.0,0.0
2017-02-08,120.46,121.095,119.09,120.94,1440814,1.0,0.0
2017-02-09,121.46,121.99,120.51,120.65,1817437,1.0,0.0
2017-02-10,121.0,121.75,119.95,121.12,1930539,1.0,0.0
2017-02-13,121.33,123.3,121.17,122.21,1565002,1.0,0.0
2017-02-14,121.83,123.0,121.62,122.49,1326279,1.0,0.0
2017-02-15,122.44,123.42,121.16,122.71,2285818,1.0,0.0
2017-02-16,122.63,123.32,121.72,122.93,1482536,1.0,0.0
2017-02-17,122.64,123.18,121.77,122.78,1266960,1.0,0.0
2017-02-21,123.09,125.0,122.81,123.53,1485959,1.0,0.0
2017-02-22,122.86,123.09,121.9,122.32,1734849,1.0,0.0
2017-02-23,122.99,123.05,119.16,120.03,2379006,1.0,0.0
2017-02-24,119.0,120.1,118.65,120.08,2370620,1.0,0.0
2017-02-27,120.2,121.22,118.93,121.12,1872125,1.0,0.0
2017-02-28,121.26,122.185,120.58,121.03,1305577,1.0,0.0
2017-03-01,122.2,124.5,121.81,123.35,1582193,1.0,0.0
2017-03-02,123.23,123.28,121.7,121.77,1108061,1.0,0.0
2017-03-03,121.93,122.51,120.83,122.4,1792825,1.0,0.0
2017-03-06,121.34,123.11,121.22,122.93,1542800,1.0,0.0
2017-03-07,122.94,123.17,121.63,122.0,1961203,1.0,0.0
2017-03-08,122.0,122.14,119.64,119.87,1816992,1.0,0.0
2017-03-09,119.88,120.61,118.89,119.4,1658728,1.0,0.0
2017-03-10,119.86,120.79,118.97,119.66,1362916,1.0,0.0
2017-03-13,119.74,120.2585,118.92,119.53,1536236,1.0,0.0
2017-03-14,119.58,119.58,117.79,118.35,1665149,1.0,0.0
2017-03-15,116.96,117.925,115.92,117.51,3160283,1.0,0.0
2017-03-16,117.4,117.67,115.13,115.35,3952754,1.0,0.0
2017-03-17,115.42,115.74,114.21,114.71,4796585,1.0,0.0
2017-03-20,114.89,115.52,114.2426,114.84,2530167,1.0,0.0
2017-03-21,115.11,115.63,110.69,111.5,3362567,1.0,0.0
2017-03-22,111.74,112.65,111.1,111.77,2378243,1.0,0.0
2017-03-23,110.64,111.94,110.31,110.55,2412645,1.0,0.0
2017-03-24,110.8,111.51,110.14,110.66,1276656,1.0,0.0
2017-03-27,109.51,111.7,109.27,111.13,1776961,1.0,0.0
2017-03-28,111.0,114.38,110.78,113.32,2243779,1.0,0.0
2017-03-29,112.86,113.72,112.525,113.21,1148890,1.0,0.0
2017-03-30,113.4,115.39,113.4,114.25,1283761,1.0,0.0
2017-03-31,113.56,113.727,111.94,111.97,2209564,1.0,0.0
2017-04-03,112.23,113.93,111.9,113.5,2288010,1.0,0.0
2017-04-04,113.73,115.25,113.26,115.19,2089460,1.0,0.0
2017-04-05,115.59,117.63,114.45,114.73,1726477,1.0,0.0
2017-04-06,114.66,116.18,114.66,115.88,1526428,1.0,0.0
2017-04-07,115.97,116.94,115.32,115.9,2126447,1.0,0.0
2017-04-10,115.99,117.0,115.02,115.49,2187310,1.0,0.0
2017-04-11,115.25,115.36,112.86,115.22,1823350,1.0,0.0
2017-04-12,115.45,115.45,111.54,111.79,1774344,1.0,0.0
2017-04-13,111.64,112.81,111.07,111.58,1340634,1.0,0.0
2017-04-17,111.89,113.19,111.38,113.19,1092818,1.0,0.0
2017-04-18,112.26,113.81,111.845,112.85,1899999,1.0,0.0
2017-04-19,113.61,114.1,112.4,112.54,1274956,1.0,0.0
2017-04-20,114.77,117.0,114.77,115.81,2444627,1.0,0.0
2017-04-21,115.85,116.66,115.15,116.37,2081261,1.0,0.0
2017-04-24,118.0,118.18,116.84,117.05,1613891,1.0,0.0
2017-04-25,117.26,117.66,116.59,116.78,1859843,1.0,0.0
2017-04-26,116.13,119.11,115.49,117.82,3995703,1.0,0.0
2017-04-27,118.57,120.74,118.51,118.8,2261998,1.0,0.0
2017-04-28,118.76,119.61,117.285,117.49,1502793,1.0,0.0
2017-05-01,117.65,118.46,117.04,117.71,1526014,1.0,0.0
2017-05-02,117.53,118.26,116.92,118.24,1670375,1.0,0.0
2017-05-03,116.63,117.46,116.5,117.21,1395038,1.0,0.61
2017-05-04,117.62,118.13,116.6,116.84,1070750,1.0,0.0
2017-05-05,116.85,117.26,116.64,117.01,2039165,1.0,0.0
2017-05-08,117.0,117.41,115.33,115.75,1685008,1.0,0.0
2017-05-09,115.59,117.21,115.54,116.67,1413815,1.0,0.0
2017-05-10,116.83,117.11,116.37,116.91,1127035,1.0,0.0
2017-05-11,116.32,117.41,116.32,116.73,1062429,1.0,0.0
2017-05-12,116.33,117.04,116.01,116.96,966675,1.0,0.0
2017-05-15,117.14,117.28,116.66,117.13,963488,1.0,0.0
2017-05-16,117.77,117.86,116.205,116.86,1132926,1.0,0.0
2017-05-17,115.26,115.63,111.95,112.12,1732434,1.0,0.0
2017-05-18,111.88,113.85,111.21,112.8,2304296,1.0,0.0
2017-05-19,113.14,114.2,113.01,113.27,1143372,1.0,0.0
2017-05-22,113.79,114.39,113.27,114.19,1258959,1.0,0.0
2017-05-23,114.16,114.66,113.44,114.37,995380,1.0,0.0
2017-05-24,114.39,115.05,114.0,114.97,1006789,1.0,0.0
2017-05-25,115.41,119.99,115.035,119.77,4587779,1.0,0.0
2017-05-26,119.47,122.9,119.2,122.33,2745466,1.0,0.0
2017-05-30,121.89,124.43,121.22,124.13,3115595,1.0,0.0
2017-05-31,123.95,124.24,122.84,124.03,2346407,1.0,0.0
2017-06-01,124.4,125.145,123.85,124.5,1504724,1.0,0.0
2017-06-02,124.42,125.31,123.52,123.64,1313487,1.0,0.0
2017-06-05,123.85,123.87,122.46,122.5,1515618,1.0,0.0
2017-06-06,121.7,122.18,120.87,120.95,1606447,1.0,0.0
2017-06-07,121.76,121.87,119.88,120.22,2150792,1.0,0.0
2017-06-08,120.21,120.6364,119.87,120.43,1810496,1.0,0.0
2017-06-09,120.62,121.16,117.4,118.92,2496973,1.0,0.0
2017-06-12,118.99,119.93,117.86,119.7,2376686,1.0,0.0
2017-06-13,120.13,121.15,119.48,120.73,1783989,1.0,0.0
2017-06-14,121.16,121.44,117.93,118.29,1686849,1.0,0.0
2017-06-15,117.12,118.68,116.9304,118.29,1533141,1.0,0.0
2017-06-16,118.7,119.18,118.08,119.14,1550530,1.0,0.0
2017-06-19,119.53,120.27,118.77,120.12,1061978,1.0,0.0
2017-06-20,119.64,119.64,117.7,117.73,1426774,1.0,0.0
2017-06-21,118.27,118.27,117.08,117.47,1494819,1.0,0.0
2017-06-22,117.45,117.85,116.3,117.4,1144256,1.0,0.0
2017-06-23,117.23,120.0,116.8401,119.29,2339390,1.0,0.0
2017-06-26,119.94,120.75,118.87,119.48,938821,1.0,0.0
2017-06-27,119.51,120.36,118.5,119.04,1167809,1.0,0.0
2017-06-28,120.14,121.02,119.49,120.72,947577,1.0,0.0
2017-06-29,121.12,121.25,118.91,119.52,1000862,1.0,0.0
2017-06-30,120.13,122.295,119.72,121.7,1359611,1.0,0.0
2017-07-03,122.32,123.7,121.4,123.28,972012,1.0,0.0
2017-07-05,123.12,123.42,122.21,122.67,1241127,1.0,0.0
2017-07-06,121.3,121.95,120.28,121.24,1678343,1.0,0.0
2017-07-07,121.62,122.59,121.2,122.34,923429,1.0,0.0
2017-07-10,122.27,123.83,121.87,123.0,1178976,1.0,0.0
2017-07-11,123.17,123.17,121.125,122.5,1167619,1.0,0.0
2017-07-12,123.2,124.24,122.5,123.28,983437,1.0,0.0
2017-07-13,123.33,124.01,122.53,122.59,809235,1.0,0.0
2017-07-14,122.84,124.08,122.58,124.0,806032,1.0,0.0
2017-07-17,123.82,124.02,122.77,123.5,1005991,1.0,0.0
2017-07-18,123.5,123.88,122.78,123.26,1497486,1.0,0.0
2017-07-19,122.25,122.25,119.46,120.67,2416538,1.0,0.0
2017-07-20,121.27,121.315,118.08,118.52,2789935,1.0,0.0
2017-07-21,117.77,118.38,116.6901,117.85,1972338,1.0,0.0
2017-07-24,117.93,119.0,117.12,117.5,1494188,1.0,0.0
2017-07-25,118.33,119.26,118.0,118.99,2185878,1.0,0.0
2017-07-26,119.89,121.0,114.52,116.41,3613416,1.0,0.0
2017-07-27,115.92,116.1,112.25,113.01,3376515,1.0,0.0
2017-07-28,112.9,114.37,112.9,114.23,1654119,1.0,0.0
2017-07-31,113.73,114.53,112.47,112.58,1784900,1.0,0.0
2017-08-01,113.38,113.93,112.25,112.97,2383983,1.0,0.0
2017-08-02,112.18,112.92,111.44,112.48,2227596,1.0,0.0
2017-08-03,112.62,114.65,112.5,113.43,3286276,1.0,0.61
2017-08-04,113.52,115.0,113.29,114.61,2321171,1.0,0.0
2017-08-07,115.15,116.49,115.13,115.89,2473125,1.0,0.0
2017-08-08,115.54,118.36,115.38,117.21,1679669,1.0,0.0
2017-08-09,116.84,117.65,116.32,117.46,1452814,1.0,0.0
2017-08-10,117.21,117.9,115.41,115.44,1412163,1.0,0.0
2017-08-11,114.89,117.25,114.89,116.56,1101320,1.0,0.0
2017-08-14,117.3,119.76,117.01,119.55,2019863,1.0,0.0
2017-08-15,119.26,120.28,118.801,120.04,1357301,1.0,0.0
2017-08-16,120.0,121.32,119.791,120.43,1171868,1.0,0.0
2017-08-17,120.07,120.1552,117.42,117.5,1299044,1.0,0.0
2017-08-18,117.37,119.62,116.77,118.63,1441697,1.0,0.0
2017-08-21,118.75,119.15,117.24,117.67,1682246,1.0,0.0
2017-08-22,118.18,120.55,117.88,120.4,1306566,1.0,0.0
2017-08-23,119.79,120.2,118.76,118.94,940191,1.0,0.0
2017-08-24,119.06,119.6255,117.1,117.74,955077,1.0,0.0
2017-08-25,118.53,119.53,117.86,118.21,988429,1.0,0.0
2017-08-28,118.58,118.58,117.22,117.76,2363273,1.0,0.0
2017-08-29,116.9,119.55,116.9,119.4,1046693,1.0,0.0
2017-08-30,119.38,121.3,119.16,120.79,1195466,1.0,0.0
2017-08-31,121.46,121.92,120.22,120.52,1425096,1.0,0.0
2017-09-01,121.18,122.42,121.015,121.16,1046524,1.0,0.0
2017-09-05,121.2,121.88,120.13,121.11,2587871,1.0,0.0
2017-09-06,121.76,123.99,121.18,122.44,2521800,1.0,0.0
2017-09-07,122.91,124.35,122.3086,123.93,1366755,1.0,0.0
2017-09-08,123.8,124.24,123.0,123.92,1049724,1.0,0.0
2017-09-11,124.79,126.42,124.04,126.42,1333204,1.0,0.0
2017-09-12,126.25,126.98,126.25,126.58,1575962,1.0,0.0
2017-09-13,126.5,126.79,125.495,126.76,1172359,1.0,0.0
2017-09-14,126.28,127.94,126.03,126.93,922553,1.0,0.0
2017-09-15,127.13,128.09,126.55,128.04,1644078,1.0,0.0
2017-09-18,128.42,128.42,127.19,127.35,1075277,1.0,0.0
2017-09-19,127.7,128.08,126.87,127.8,1140750,1.0,0.0
2017-09-20,127.92,131.02,127.73,130.98,1018710,1.0,0.0
2017-09-21,130.6,131.315,130.08,130.71,1200608,1.0,0.0
2017-09-22,130.52,131.15,129.86,130.99,1228775,1.0,0.0
2017-09-25,131.0,131.41,129.49,130.36,1215655,1.0,0.0
2017-09-26,130.68,131.46,130.0,131.0,1118158,1.0,0.0
2017-09-27,131.37,132.55,130.98,132.51,1147044,1.0,0.0
2017-09-28,132.33,133.81,132.33,132.79,1140141,1.0,0.0
2017-09-29,132.56,133.31,132.09,132.24,1402258,1.0,0.0
2017-10-02,132.65,132.8,130.89,131.64,1698086,1.0,0.0
2017-10-03,131.05,131.99,130.6,131.57,3011112,1.0,0.0
2017-10-04,130.97,131.69,130.155,130.5,2257936,1.0,0.0
2017-10-05,130.55,131.34,129.87,131.12,1789493,1.0,0.0
2017-10-06,130.93,131.38,129.78,130.46,1280310,1.0,0.0
2017-10-09,130.5,131.03,130.37,130.79,761798,1.0,0.0
2017-10-10,131.42,131.48,129.51,130.0,1237045,1.0,0.0
2017-10-11,130.07,131.56,129.85,131.49,1180689,1.0,0.0
2017-10-12,131.68,133.97,131.68,133.69,1231399,1.0,0.0
2017-10-13,134.1,134.52,131.571,131.65,895606,1.0,0.0
2017-10-16,130.85,131.37,129.32,129.8,1694917,1.0,0.0
2017-10-17,128.77,130.6,128.64,129.48,1890954,1.0,0.0
2017-10-18,130.17,131.45,130.04,130.52,1220091,1.0,0.0
2017-10-19,129.91,130.34,128.88,130.24,1844370,1.0,0.0
2017-10-20,130.82,132.88,130.5,132.75,1830542,1.0,0.0
2017-10-23,133.01,133.77,131.77,131.87,1274969,1.0,0.0
2017-10-24,132.64,134.41,132.04,132.31,1986370,1.0,0.0
2017-10-25,129.71,131.23,125.8,128.84,3316738,1.0,0.0
2017-10-26,131.0,133.63,130.2975,133.25,2319537,1.0,0.0
2017-10-27,133.04,134.42,132.54,133.65,1688837,1.0,0.0
2017-10-30,132.91,133.91,132.46,132.8,1240478,1.0,0.0
2017-10-31,133.0,133.0,131.36,131.42,1223614,1.0,0.0
2017-11-01,132.45,132.45,130.72,131.84,978442,1.0,0.0
2017-11-02,130.8,132.22,129.97,132.15,1228470,1.0,0.61
2017-11-03,132.11,132.19,129.72,130.36,1222700,1.0,0.0
2017-11-06,130.48,130.7,129.84,130.12,943508,1.0,0.0
2017-11-07,129.84,130.74,129.12,129.45,978738,1.0,0.0
2017-11-08,129.47,129.6,128.19,129.33,1582150,1.0,0.0
2017-11-09,128.49,129.29,127.63,127.99,1092758,1.0,0.0
2017-11-10,127.65,128.29,126.96,127.15,1301007,1.0,0.0
2017-11-13,126.47,127.83,125.59,127.62,925921,1.0,0.0
2017-11-14,127.16,127.8,126.31,126.98,1141917,1.0,0.0
2017-11-15,126.26,133.25,125.89,126.42,1255646,1.0,0.0
2017-11-16,127.25,129.45,126.57,129.22,1368053,1.0,0.0
2017-11-17,128.4,129.45,127.4,127.54,1205216,1.0,0.0
2017-11-20,127.68,127.68,126.54,127.07,974868,1.0,0.0
2017-11-21,127.6,129.28,127.35,129.1,1013124,1.0,0.0
2017-11-22,129.36,129.96,128.8,129.23,615091,1.0,0.0
2017-11-24,129.48,131.09,129.45,130.01,585799,1.0,0.0
2017-11-27,128.37,129.04,126.4,127.48,1573826,1.0,0.0
2017-11-28,127.81,130.29,126.87,130.15,1482885,1.0,0.0
2017-11-29,130.59,137.22,130.17,136.41,3635155,1.0,0.0
2017-11-30,136.03,139.98,135.18,138.63,3097750,1.0,0.0
2017-12-01,138.94,139.43,134.83,137.5,2417032,1.0,0.0
2017-12-04,139.0,141.81,138.6,139.89,2217596,1.0,0.0
2017-12-05,140.16,140.77,138.71,138.84,2258175,1.0,0.0
2017-12-06,138.77,139.52,138.36,138.73,1209506,1.0,0.0
2017-12-07,138.83,141.63,138.63,141.03,1487270,1.0,0.0
2017-12-08,141.56,142.76,140.62,140.82,1056487,1.0,0.0
2017-12-11,141.27,142.38,140.64,141.55,1401747,1.0,0.0
2017-12-12,142.11,142.16,140.86,141.46,1204308,1.0,0.0
2017-12-13,141.36,143.35,141.28,141.83,1413755,1.0,0.0
2017-12-14,142.4,142.94,140.52,140.86,990320,1.0,0.0
2017-12-15,139.88,141.62,138.51,141.11,2596663,1.0,0.0
2017-12-18,142.45,143.92,141.03,143.63,1883883,1.0,0.0
2017-12-19,144.35,144.63,142.55,143.72,1431557,1.0,0.0
2017-12-20,144.43,145.43,143.7,144.84,1812003,1.0,0.0
2017-12-21,145.54,145.54,142.89,144.28,1063919,1.0,0.0
2017-12-22,144.61,144.79,143.5,144.52,577904,1.0,0.0
2017-12-26,144.48,145.46,144.05,144.6,465771,1.0,0.0
2017-12-27,144.99,146.33,144.3,145.91,908726,1.0,0.0
2017-12-28,146.0,146.32,144.37,145.31,563158,1.0,0.0
2017-12-29,145.52,146.07,144.9,144.9,698032,1.0,0.0
2018-01-02,145.96,146.97,144.83,146.96,1040151,1.0,0.0
2018-01-03,146.86,147.54,145.89,146.97,1172506,1.0,0.0
2018-01-04,147.73,148.59,146.91,147.38,1540742,1.0,0.0
2018-01-05,148.44,151.85,148.44,150.27,1564539,1.0,0.0
2018-01-08,150.0,152.84,149.99,152.57,1374094,1.0,0.0
2018-01-09,152.97,154.61,152.72,153.6,1304914,1.0,0.0
2018-01-10,153.16,154.1,151.41,151.61,1123158,1.0,0.0
2018-01-11,152.09,154.64,151.65,154.03,1702183,1.0,0.0
2018-01-12,155.28,156.08,154.23,154.34,1850454,1.0,0.0
2018-01-16,154.88,157.15,152.95,153.0,2492339,1.0,0.0
2018-01-17,152.77,154.34,151.79,154.05,2084885,1.0,0.0
2018-01-18,154.3,154.71,152.9,153.41,1721274,1.0,0.0
2018-01-19,153.66,153.85,151.34,151.4,3040864,1.0,0.0
2018-01-22,151.44,152.01,149.82,151.47,2252889,1.0,0.0
2018-01-23,151.13,152.27,149.04,151.66,2580916,1.0,0.0
2018-01-24,150.75,152.0,147.17,149.94,2919577,1.0,0.0
2018-01-25,149.7,151.34,147.81,148.23,1649658,1.0,0.0
2018-01-26,148.79,151.37,148.43,150.97,2121360,1.0,0.0
2018-01-29,150.97,152.4,150.66,151.39,1538575,1.0,0.0
2018-01-30,150.67,151.41,149.7,150.05,1461532,1.0,0.0
2018-01-31,150.27,151.67,149.74,150.88,1681864,1.0,0.0
2018-02-01,149.28,150.35,147.9,148.47,1426992,1.0,0.72
2018-02-02,147.15,147.85,144.61,145.03,1764161,1.0,0.0
2018-02-05,144.74,146.73,138.18,138.61,2473813,1.0,0.0
2018-02-06,136.99,143.45,134.55,143.05,2452451,1.0,0.0
2018-02-07,142.09,144.45,141.37,142.68,1462975,1.0,0.0
2018-02-08,142.62,143.27,136.87,136.89,2633419,1.0,0.0
2018-02-09,138.06,139.49,131.81,138.22,2376997,1.0,0.0
2018-02-12,139.25,140.93,137.47,139.91,1758457,1.0,0.0
2018-02-13,138.95,140.95,137.36,140.31,1343009,1.0,0.0
2018-02-14,139.63,142.44,138.0,142.25,1642225,1.0,0.0
2018-02-15,143.01,143.29,140.44,142.38,1363062,1.0,0.0
2018-02-16,142.0,144.07,141.76,142.64,1248593,1.0,0.0
2018-02-20,141.71,141.98,139.07,140.03,1744907,1.0,0.0
2018-02-21,140.15,142.89,138.8,138.9,1739784,1.0,0.0
2018-02-22,139.83,142.91,138.9,141.48,1801896,1.0,0.0
2018-02-23,142.34,143.41,141.12,142.62,1332198,1.0,0.0
2018-02-26,143.25,146.02,142.66,145.52,1594151,1.0,0.0
2018-02-27,145.98,147.61,142.79,142.83,1514952,1.0,0.0
2018-02-28,142.62,143.45,139.05,139.08,1544992,1.0,0.0
2018-03-01,139.45,141.19,136.63,138.67,2167656,1.0,0.0
2018-03-02,137.54,139.41,136.11,138.66,1339443,1.0,0.0
2018-03-05,137.84,141.18,136.49,140.83,1495160,1.0,0.0
2018-03-06,141.35,141.64,139.51,141.08,1184982,1.0,0.0
2018-03-07,139.34,141.84,139.07,140.72,1288478,1.0,0.0
2018-03-08,141.46,142.28,139.25,140.44,1507152,1.0,0.0
2018-03-09,141.69,145.97,141.43,145.53,1742809,1.0,0.0
2018-03-12,145.38,145.99,142.26,142.56,1410649,1.0,0.0
2018-03-13,143.41,144.68,142.12,142.38,1355844,1.0,0.0
2018-03-14,143.38,143.38,135.9,136.64,2403901,1.0,0.0
2018-03-15,136.75,138.35,135.93,137.63,1925856,1.0,0.0
2018-03-16,137.84,139.52,137.84,138.59,2153554,1.0,0.0
2018-03-19,137.99,139.49,136.83,139.17,1958178,1.0,0.0
2018-03-20,139.74,139.84,138.41,139.3,1291095,1.0,0.0
2018-03-21,139.61,141.87,138.76,139.45,1192915,1.0,0.0
2018-03-22,137.69,138.48,134.1,134.19,2970051,1.0,0.0
2018-03-23,134.43,136.04,131.85,132.18,1957451,1.0,0.0
2018-03-26,133.95,136.4,131.81,136.19,1803204,1.0,0.0
2018-03-27,136.5,137.77,132.79,133.59,1960381,1.0,0.0
2018-03-28,133.84,135.76,132.22,133.97,1838815,1.0,0.0
2018-03-29,134.89,137.5,134.49,135.78,1589874,1.0,0.0
2018-04-02,135.57,136.53,131.02,132.83,1908693,1.0,0.0
2018-04-03,133.31,134.04,131.93,133.37,2352755,1.0,0.0
2018-04-04,131.44,132.32,130.89,131.98,2876073,1.0,0.0
2018-04-05,132.67,134.16,131.8,133.7,2650278,1.0,0.0
2018-04-06,132.62,133.58,127.79,129.36,2298519,1.0,0.0
2018-04-09,130.16,131.09,128.74,128.92,1203269,1.0,0.0
2018-04-10,130.4,131.59,129.33,130.0,1848193,1.0,0.0
2018-04-11,129.21,131.96,129.0,131.05,1705566,1.0,0.0
2018-04-12,131.64,133.91,131.5,133.17,1494992,1.0,0.0
2018-04-13,133.78,134.49,132.93,133.51,1790256,1.0,0.0
2018-04-16,134.74,136.93,134.74,136.48,1464102,1.0,0.0
2018-04-17,137.23,137.23,134.8,135.55,1327775,1.0,0.0
2018-04-18,137.11,140.32,137.11,138.61,2189781,1.0,0.0
2018-04-19,137.81,139.25,136.37,138.86,1623246,1.0,0.0
2018-04-20,138.66,139.45,136.09,136.75,1369914,1.0,0.0
2018-04-23,136.7,138.08,135.96,137.76,1558916,1.0,0.0
2018-04-24,138.3,139.47,133.47,134.97,2746609,1.0,0.0
2018-04-25,140.77,146.41,139.53,145.96,4978880,1.0,0.0
2018-04-26,144.58,147.84,142.31,144.69,3739289,1.0,0.0
2018-04-27,144.69,146.96,143.32,146.62,1413661,1.0,0.0
2018-04-30,147.0,147.74,143.13,143.47,2471689,1.0,0.0
2018-05-01,143.18,144.1,140.63,142.49,1835628,1.0,0.0
2018-05-02,142.11,144.83,141.22,142.4,1566600,1.0,0.0
2018-05-03,141.46,141.82,138.34,140.94,1770976,1.0,0.72
2018-05-04,140.32,144.91,140.19,143.92,1346434,1.0,0.0
2018-05-07,144.37,145.82,144.04,145.47,1463609,1.0,0.0
2018-05-08,144.91,147.74,144.48,146.09,1432811,1.0,0.0
2018-05-09,146.85,152.2,146.36,150.93,2193780,1.0,0.0
2018-05-10,151.13,151.98,150.16,151.76,1692169,1.0,0.0
2018-05-11,152.0,153.73,151.31,152.4,1200406,1.0,0.0
2018-05-14,152.66,153.43,150.15,150.44,1242193,1.0,0.0
2018-05-15,149.58,150.9,149.17,150.74,1418634,1.0,0.0
2018-05-16,150.92,151.61,149.8,150.88,1658882,1.0,0.0
2018-05-17,151.01,153.73,151.01,152.48,1322657,1.0,0.0
2018-05-18,152.18,153.19,151.28,152.49,1091769,1.0,0.0
2018-05-21,153.26,154.65,152.32,152.57,1363503,1.0,0.0
2018-05-22,152.58,154.19,151.75,151.8,1412669,1.0,0.0
2018-05-23,151.2,151.49,148.99,150.49,1994468,1.0,0.0
2018-05-24,150.6,154.02,150.37,152.99,2101873,1.0,0.0
2018-05-25,152.22,153.46,152.12,153.02,1355898,1.0,0.0
2018-05-29,151.5,152.73,150.15,151.64,1439953,1.0,0.0
2018-05-30,152.69,155.53,152.1,154.84,2084176,1.0,0.0
2018-05-31,154.63,155.2,151.45,151.65,1899094,1.0,0.0
2018-06-01,152.99,156.0,152.54,155.23,1663221,1.0,0.0
2018-06-04,155.72,156.17,151.36,151.76,1415078,1.0,0.0
2018-06-05,151.71,152.59,150.16,150.93,1601547,1.0,0.0
2018-06-06,151.01,152.1,148.6,152.06,1963024,1.0,0.0
2018-06-07,152.9,153.28,150.92,152.2,1321003,1.0,0.0
2018-06-08,152.19,154.25,151.93,154.23,1166361,1.0,0.0
2018-06-11,153.73,157.28,153.6,156.12,1835607,1.0,0.0
2018-06-12,156.61,158.58,155.53,156.28,1560258,1.0,0.0
2018-06-13,156.34,157.01,153.5,154.17,1758692,1.0,0.0
2018-06-14,154.85,154.91,153.02,153.47,1466710,1.0,0.0
2018-06-15,153.4,154.92,151.85,154.66,2476062,1.0,0.0
2018-06-18,153.29,154.84,152.49,153.78,918445,1.0,0.0
2018-06-19,151.82,152.23,149.6,150.91,1467225,1.0,0.0
2018-06-20,151.76,152.26,150.36,151.07,1094332,1.0,0.0
2018-06-21,150.84,151.25,149.11,149.98,886437,1.0,0.0
2018-06-22,151.38,153.07,151.15,151.82,1748047,1.0,0.0
2018-06-25,154.2,154.21,150.81,152.23,1883875,1.0,0.0
2018-06-26,152.54,152.54,150.33,151.06,2403067,1.0,0.0
2018-06-27,151.42,153.68,150.04,150.04,1882832,1.0,0.0
2018-06-28,149.13,150.76,147.22,149.72,1803193,1.0,0.0
2018-06-29,149.9,152.94,149.87,150.87,1505044,1.0,0.0
2018-07-02,150.37,152.79,149.89,152.21,901937,1.0,0.0
2018-07-03,152.79,153.77,150.63,150.93,622419,1.0,0.0
2018-07-05,151.71,153.22,151.53,153.08,1174793,1.0,0.0
2018-07-06,153.38,155.28,152.33,154.52,1289588,1.0,0.0
2018-07-09,155.62,157.37,154.63,157.14,1114239,1.0,0.0
2018-07-10,157.1,159.04,156.69,158.71,2365869,1.0,0.0
2018-07-11,157.15,157.34,154.61,155.76,1647901,1.0,0.0
2018-07-12,157.38,158.33,156.23,157.51,2080895,1.0,0.0
2018-07-13,157.21,160.36,157.04,159.46,1749302,1.0,0.0
2018-07-16,160.31,160.31,154.0,155.23,2167702,1.0,0.0
2018-07-17,155.2,155.76,153.22,154.96,2105551,1.0,0.0
2018-07-18,158.45,161.0,158.14,159.91,2202423,1.0,0.0
2018-07-19,157.85,160.84,156.85,160.48,1915960,1.0,0.0
2018-07-20,159.46,162.67,159.42,161.85,1663317,1.0,0.0
2018-07-23,161.89,163.95,160.9,162.99,1546598,1.0,0.0
2018-07-24,163.89,164.45,159.69,160.48,2865238,1.0,0.0
2018-07-25,156.75,168.76,155.35,168.36,3607619,1.0,0.0
2018-07-26,170.5,172.81,168.19,169.57,2470305,1.0,0.0
2018-07-27,169.58,169.74,166.78,168.24,1863182,1.0,0.0
2018-07-30,168.32,170.94,168.27,168.48,1294761,1.0,0.0
2018-07-31,169.23,171.37,168.89,169.0,1687037,1.0,0.0
2018-08-01,169.04,169.74,167.56,167.93,1728541,1.0,0.0
2018-08-02,167.16,169.72,166.76,169.31,1310396,1.0,0.0
2018-08-03,169.54,171.71,168.86,171.62,1667284,1.0,0.8
2018-08-06,171.47,173.5,170.87,172.69,1646858,1.0,0.0
2018-08-07,173.06,174.43,172.87,173.17,1260675,1.0,0.0
2018-08-08,172.85,173.49,171.97,172.84,902467,1.0,0.0
2018-08-09,172.52,173.18,171.68,171.69,952944,1.0,0.0
2018-08-10,171.0,172.62,170.19,171.94,1191783,1.0,0.0
2018-08-13,172.86,173.23,170.95,171.12,1410886,1.0,0.0
2018-08-14,171.66,173.75,171.66,172.19,1634638,1.0,0.0
2018-08-15,172.5,172.98,170.65,171.86,2003100,1.0,0.0
2018-08-16,172.74,174.17,171.76,173.47,1370400,1.0,0.0
2018-08-17,173.79,175.0,173.74,174.07,1136573,1.0,0.0
2018-08-20,174.42,176.12,174.09,174.87,1039811,1.0,0.0
2018-08-21,175.33,176.69,175.06,176.08,1278741,1.0,0.0
2018-08-22,175.89,176.24,174.11,174.11,1174403,1.0,0.0
2018-08-23,174.12,174.82,173.12,173.64,1603805,1.0,0.0
2018-08-24,174.24,175.86,173.71,174.86,1381475,1.0,0.0
2018-08-27,176.01,177.0,175.48,175.57,1675771,1.0,0.0
2018-08-28,176.57,176.79,174.93,175.14,1898373,1.0,0.0
2018-08-29,175.71,177.08,174.57,174.72,1221383,1.0,0.0
2018-08-30,174.19,175.61,173.85,174.19,1572971,1.0,0.0
2018-08-31,173.72,174.37,173.05,173.84,2089672,1.0,0.0
2018-09-04,173.8,174.81,173.68,174.36,1609762,1.0,0.0
2018-09-05,174.24,175.17,173.17,174.98,1669961,1.0,0.0
2018-09-06,174.89,176.06,174.53,174.61,1581616,1.0,0.0
2018-09-07,174.09,177.85,173.74,177.1,1700739,1.0,0.0
2018-09-10,177.88,180.32,177.47,180.12,2128562,1.0,0.0
2018-09-11,179.82,179.96,177.71,177.99,1849043,1.0,0.0
2018-09-12,177.79,179.63,177.57,178.01,1150382,1.0,0.0
2018-09-13,178.61,178.79,177.19,177.47,1712630,1.0,0.0
2018-09-14,177.84,180.14,177.21,179.4,1448531,1.0,0.0
2018-09-17,179.53,180.96,178.74,179.29,1565609,1.0,0.0
2018-09-18,183.47,186.91,183.15,186.71,4374900,1.0,0.0
2018-09-19,186.0,186.8,184.84,185.68,1855067,1.0,0.0
2018-09-20,186.21,186.83,183.99,184.28,1897543,1.0,0.0
2018-09-21,183.99,185.81,183.79,184.24,2243631,1.0,0.0
2018-09-24,184.04,185.11,182.4,182.51,1663881,1.0,0.0
2018-09-25,183.34,184.12,182.07,182.35,1338432,1.0,0.0
2018-09-26,182.29,182.87,180.33,180.58,2177867,1.0,0.0
2018-09-27,181.39,182.96,180.65,182.33,1417554,1.0,0.0
2018-09-28,182.0,182.55,180.15,180.5,2573069,1.0,0.0
2018-10-01,182.39,185.51,182.24,184.45,1695929,1.0,0.0
2018-10-02,183.88,183.99,181.17,181.33,1891891,1.0,0.0
2018-10-03,182.08,183.49,181.13,182.25,1901335,1.0,0.0
2018-10-04,183.77,183.77,181.45,183.43,1517222,1.0,0.0
2018-10-05,183.01,184.63,182.15,183.02,1479739,1.0,0.0
2018-10-08,182.99,184.54,181.68,183.99,1186795,1.0,0.0
2018-10-09,184.1,184.75,181.48,181.69,1307672,1.0,0.0
2018-10-10,181.72,181.72,171.19,171.6,3207500,1.0,0.0
2018-10-11,171.6,174.37,167.01,168.13,3713467,1.0,0.0
2018-10-12,170.8,172.43,168.72,170.19,1980543,1.0,0.0
2018-10-15,170.17,171.32,169.13,169.45,2366154,1.0,0.0
2018-10-16,170.88,173.53,169.92,172.35,2351774,1.0,0.0
2018-10-17,173.23,173.97,167.48,169.0,2753840,1.0,0.0
2018-10-18,166.56,168.03,163.94,164.16,4485729,1.0,0.0
2018-10-19,164.55,165.38,163.19,163.92,2745105,1.0,0.0
2018-10-22,163.29,165.05,162.15,163.94,2180740,1.0,0.0
2018-10-23,161.05,161.35,155.0,156.97,4492526,1.0,0.0
2018-10-24,160.37,164.0,157.81,160.19,4901286,1.0,0.0
2018-10-25,165.55,167.41,162.38,164.24,3521992,1.0,0.0
2018-10-26,161.79,163.54,160.1,161.94,2471603,1.0,0.0
2018-10-29,163.35,165.9,158.83,161.09,2788630,1.0,0.0
2018-10-30,161.46,166.75,161.1,166.31,1944201,1.0,0.0
2018-10-31,167.69,170.31,167.04,167.83,2161198,1.0,0.0
2018-11-01,168.14,169.69,167.24,168.34,2076423,1.0,0.8
2018-11-02,169.2,171.6,168.01,168.59,2127191,1.0,0.0
2018-11-05,169.5,169.77,167.05,167.2,1728656,1.0,0.0
2018-11-06,166.64,168.94,165.92,167.05,1780325,1.0,0.0
2018-11-07,169.38,173.48,168.25,173.05,2086996,1.0,0.0
2018-11-08,172.23,173.66,171.21,172.35,1518346,1.0,0.0
2018-11-09,171.75,172.54,169.34,170.32,1529126,1.0,0.0
2018-11-12,170.66,171.48,166.83,167.01,1980109,1.0,0.0
2018-11-13,167.75,169.16,165.53,166.82,1741763,1.0,0.0
2018-11-14,167.92,170.47,166.0,167.4,1547056,1.0,0.0
2018-11-15,166.15,173.28,165.78,172.88,2787965,1.0,0.0
2018-11-16,172.03,174.65,171.72,172.05,2049825,1.0,0.0
2018-11-19,171.11,172.02,168.7,170.53,2455729,1.0,0.0
2018-11-20,167.45,167.45,161.57,162.75,3581975,1.0,0.0
2018-11-21,163.4,168.33,163.38,166.25,1681646,1.0,0.0
2018-11-23,164.04,165.63,163.46,163.9,602872,1.0,0.0
2018-11-26,164.9,166.49,163.41,164.11,1573184,1.0,0.0
2018-11-27,163.77,164.95,161.17,162.8,2787877,1.0,0.0
2018-11-28,163.26,168.76,163.26,167.87,2786756,1.0,0.0
2018-11-29,167.37,170.18,166.7,168.44,1741061,1.0,0.0
2018-11-30,168.15,171.92,168.02,170.74,2352550,1.0,0.0
2018-12-03,173.27,175.46,171.38,172.18,2008613,1.0,0.0
2018-12-04,171.24,171.75,165.05,165.89,2477890,1.0,0.0
2018-12-06,163.03,163.51,157.86,162.19,3631852,1.0,0.0
2018-12-07,162.69,164.53,156.93,156.99,2446868,1.0,0.0
2018-12-10,156.03,156.99,152.12,155.88,2914820,1.0,0.0
2018-12-11,159.14,159.97,154.55,155.52,2371883,1.0,0.0
2018-12-12,158.55,159.65,156.56,156.7,2189057,1.0,0.0
2018-12-13,157.1,157.96,155.27,157.52,2226775,1.0,0.0
2018-12-14,155.83,157.18,150.31,150.88,2693645,1.0,0.0
2018-12-17,150.1,150.33,146.51,147.58,3210747,1.0,0.0
2018-12-18,148.34,151.8,147.47,148.36,2411889,1.0,0.0
2018-12-19,148.36,153.76,145.52,146.93,3628649,1.0,0.0
2018-12-20,146.11,148.62,144.83,145.94,2602346,1.0,0.0
2018-12-21,146.33,148.89,143.59,144.38,4046153,1.0,0.0
2018-12-24,143.41,143.73,139.1,139.79,1057361,1.0,0.0
2018-12-26,140.66,147.59,138.65,147.28,2002921,1.0,0.0
2018-12-27,145.14,148.91,142.98,148.91,1391113,1.0,0.0
2018-12-28,149.85,150.18,147.4,148.01,1418176,1.0,0.0
2018-12-31,148.79,149.8,148.27,149.54,1321588,1.0,0.0
2019-01-02,146.96,149.68,144.795,149.54,1744977,1.0,0.0
2019-01-03,148.87,148.87,143.6,144.02,2244931,1.0,0.0
2019-01-04,146.77,150.61,146.76,150.53,1988488,1.0,0.0
2019-01-07,150.52,152.06,148.28,151.57,1787365,1.0,0.0
2019-01-08,154.1,158.44,154.1,156.64,3538378,1.0,0.0
2019-01-09,156.76,159.77,156.45,159.01,2361765,1.0,0.0
2019-01-10,158.14,161.65,156.75,161.41,2014809,1.0,0.0
2019-01-11,160.49,163.58,159.85,163.58,2054072,1.0,0.0
2019-01-14,162.33,164.39,161.61,163.72,1529140,1.0,0.0
2019-01-15,163.82,164.11,161.42,162.49,1207872,1.0,0.0
2019-01-16,163.13,163.72,162.09,162.81,1728017,1.0,0.0
2019-01-17,162.72,165.56,162.21,165.08,1702599,1.0,0.0
2019-01-18,166.23,170.26,165.77,169.05,2726639,1.0,0.0
2019-01-22,168.12,168.2,164.92,165.34,2388555,1.0,0.0
2019-01-23,165.74,166.7,162.51,164.21,2149908,1.0,0.0
2019-01-24,166.75,167.78,165.22,165.94,2619651,1.0,0.0
2019-01-25,161.0,167.83,160.19,165.12,4409287,1.0,0.0
2019-01-28,163.96,166.15,162.73,165.79,1613063,1.0,0.0
2019-01-29,165.78,168.57,165.77,166.93,1648223,1.0,0.0
2019-01-30,167.93,169.16,165.97,168.38,1387765,1.0,0.0
2019-01-31,168.25,168.49,166.33,167.74,1738351,1.0,0.0
2019-02-01,167.5,169.8,166.98,169.53,1670398,1.0,0.86
2019-02-04,169.14,170.04,168.12,169.95,1654727,1.0,0.0
2019-02-05,169.82,169.92,167.33,168.88,1792199,1.0,0.0
2019-02-06,169.0,170.64,168.12,168.98,2026366,1.0,0.0
2019-02-07,168.23,170.54,167.31,170.47,2215025,1.0,0.0
2019-02-08,169.07,171.57,168.89,171.46,2036966,1.0,0.0
2019-02-11,174.98,180.42,174.54,176.95,4588754,1.0,0.0
2019-02-12,178.05,181.52,177.77,180.61,2382536,1.0,0.0
2019-02-13,180.63,181.26,179.42,180.95,1875576,1.0,0.0
2019-02-14,180.14,182.54,179.5,181.73,1468066,1.0,0.0
2019-02-15,182.52,183.24,181.67,182.87,1256204,1.0,0.0
2019-02-19,179.61,183.935,179.545,182.76,1516247,1.0,0.0
2019-02-20,182.82,183.91,182.42,183.49,1463507,1.0,0.0
2019-02-21,183.63,183.63,182.09,182.94,1244420,1.0,0.0
2019-02-22,183.23,183.99,181.71,183.3,1259872,1.0,0.0
2019-02-25,183.59,183.71,181.29,181.41,1563647,1.0,0.0
2019-02-26,180.56,181.05,179.74,180.51,1483672,1.0,0.0
2019-02-27,180.1,180.96,179.75,180.82,1021910,1.0,0.0
2019-02-28,180.82,180.82,178.62,179.3,1390177,1.0,0.0
2019-03-01,179.91,180.8,177.91,178.87,1549233,1.0,0.0
2019-03-04,180.11,181.96,178.19,179.8,1611385,1.0,0.0
2019-03-05,180.19,180.24,177.74,177.84,1340321,1.0,0.0
2019-03-06,178.29,179.78,177.37,178.94,1327696,1.0,0.0
2019-03-07,178.74,179.38,177.73,178.71,1029735,1.0,0.0
2019-03-08,177.31,177.52,174.23,176.78,1125497,1.0,0.0
2019-03-11,176.67,181.04,176.12,180.84,1312673,1.0,0.0
2019-03-12,181.11,181.19,178.94,179.35,1254977,1.0,0.0
2019-03-13,179.92,182.15,179.24,179.79,1494091,1.0,0.0
2019-03-14,179.67,180.2,177.73,178.99,1269411,1.0,0.0
2019-03-15,179.95,181.6,179.17,179.52,3432598,1.0,0.0
2019-03-18,179.32,182.73,179.23,182.53,1541294,1.0,0.0
2019-03-19,182.91,182.92,178.35,178.78,1510807,1.0,0.0
2019-03-20,178.88,180.03,176.7,178.26,1194098,1.0,0.0
2019-03-21,177.15,181.19,177.15,180.61,793978,1.0,0.0
2019-03-22,180.21,180.53,177.67,177.94,1021599,1.0,0.0
2019-03-25,177.6,181.72,177.42,179.81,1198913,1.0,0.0
2019-03-26,181.0,182.13,179.85,181.43,1011820,1.0,0.0
2019-03-27,181.09,182.81,180.5,182.42,964297,1.0,0.0
2019-03-28,182.55,186.6,182.55,186.39,1739628,1.0,0.0
2019-03-29,188.03,188.49,186.46,186.89,1949627,1.0,0.0
2019-04-01,190.0,193.78,189.0,193.54,2188350,1.0,0.0
2019-04-02,193.54,194.55,192.76,193.0,1567967,1.0,0.0
2019-04-03,193.83,194.63,191.91,192.28,1358052,1.0,0.0
2019-04-04,192.2,192.75,191.1,191.51,998730,1.0,0.0
2019-04-05,191.46,193.12,191.24,192.19,1366828,1.0,0.0
2019-04-08,192.4,194.12,191.56,194.03,929881,1.0,0.0
2019-04-09,192.52,193.58,190.36,192.75,1041008,1.0,0.0
2019-04-10,192.9,193.05,191.26,192.61,999461,1.0,0.0
2019-04-11,193.31,194.13,192.43,193.18,752961,1.0,0.0
2019-04-12,194.39,196.57,194.28,196.15,1044051,1.0,0.0
2019-04-15,195.72,196.49,193.6,193.72,859910,1.0,0.0
2019-04-16,194.12,194.12,192.84,193.22,1036064,1.0,0.0
2019-04-17,196.91,198.24,195.76,197.1,1748906,1.0,0.0
2019-04-18,199.22,200.0,197.85,198.58,1715120,1.0,0.0
2019-04-22,198.34,201.91,198.03,201.49,1580208,1.0,0.0
2019-04-23,201.54,202.69,199.98,201.67,1823128,1.0,0.0
2019-04-24,206.24,211.46,205.72,206.7,2749140,1.0,0.0
2019-04-25,205.54,205.54,202.58,202.81,1421811,1.0,0.0
2019-04-26,203.18,204.22,202.96,204.14,922039,1.0,0.0
2019-04-29,203.75,204.04,202.28,202.84,1115920,1.0,0.0
2019-04-30,202.49,204.35,200.7,204.02,1067349,1.0,0.0
2019-05-01,203.37,203.78,199.54,200.2,1671056,1.0,0.0
2019-05-02,199.15,201.36,197.83,201.13,1047629,1.0,0.86
2019-05-03,201.83,205.42,201.83,205.06,772258,1.0,0.0
2019-05-06,201.63,204.91,200.57,204.26,947429,1.0,0.0
2019-05-07,201.92,203.03,197.87,201.19,1447513,1.0,0.0
2019-05-08,201.2,203.5,200.48,201.55,1031881,1.0,0.0
2019-05-09,199.47,202.85,199.07,202.71,1093131,1.0,0.0
2019-05-10,201.36,203.29,197.74,202.59,1057252,1.0,0.0
2019-05-13,199.5,199.69,194.11,196.81,2009071,1.0,0.0
2019-05-14,197.95,202.59,197.78,200.53,1182303,1.0,0.0
2019-05-15,199.34,201.49,199.1,200.8,1129821,1.0,0.0
2019-05-16,201.66,206.71,201.24,205.22,1266059,1.0,0.0
2019-05-17,202.75,205.16,202.47,203.52,1242120,1.0,0.0
2019-05-20,202.72,205.13,202.53,204.48,1040428,1.0,0.0
2019-05-21,206.29,206.56,204.46,204.64,890014,1.0,0.0
2019-05-22,204.54,204.68,201.68,203.47,671635,1.0,0.0
2019-05-23,201.07,201.07,196.54,199.95,1658611,1.0,0.0
2019-05-24,201.33,201.33,196.6,199.27,1131952,1.0,0.0
2019-05-28,199.94,202.2,197.18,197.67,1904748,1.0,0.0
2019-05-29,196.29,196.62,193.76,195.19,1286151,1.0,0.0
2019-05-30,196.18,198.5,195.99,198.13,829904,1.0,0.0
2019-05-31,196.1,197.47,194.17,195.14,1494210,1.0,0.0
2019-06-03,195.13,198.19,194.45,196.34,1187117,1.0,0.0
2019-06-04,198.08,201.37,197.03,201.22,1102438,1.0,0.0
2019-06-05,202.83,204.5,202.0,202.96,1502816,1.0,0.0
2019-06-06,202.6,203.42,197.86,199.86,2086944,1.0,0.0
2019-06-07,201.01,203.68,200.62,203.04,1164661,1.0,0.0
2019-06-10,204.66,207.57,201.16,201.41,1394528,1.0,0.0
2019-06-11,202.87,204.06,197.81,198.97,1694338,1.0,0.0
2019-06-12,198.98,200.34,197.24,199.23,1115300,1.0,0.0
2019-06-13,199.04,200.28,195.76,196.51,1749059,1.0,0.0
2019-06-14,196.31,196.99,193.33,194.74,2273708,1.0,0.0
2019-06-17,194.45,194.65,190.65,190.77,2170610,1.0,0.0
2019-06-18,192.32,194.63,191.15,193.44,3926935,1.0,0.0
2019-06-19,193.84,194.24,190.88,192.4,2806985,1.0,0.0
2019-06-20,194.7,196.87,193.92,196.31,1635692,1.0,0.0
2019-06-21,196.51,199.91,195.72,197.19,1956736,1.0,0.0
2019-06-24,196.96,197.45,193.07,193.25,1467871,1.0,0.0
2019-06-25,192.72,193.37,188.0,192.26,1940508,1.0,0.0
2019-06-26,192.77,193.93,192.01,192.79,1229922,1.0,0.0
2019-06-27,193.48,195.0,192.96,193.4,1499268,1.0,0.0
2019-06-28,194.22,199.37,193.68,199.33,2947854,1.0,0.0
2019-07-01,200.93,202.59,199.99,200.92,1761486,1.0,0.0
2019-07-02,201.76,202.3,199.77,200.44,1321423,1.0,0.0
2019-07-03,200.87,203.3,200.56,202.51,873119,1.0,0.0
2019-07-05,201.28,202.74,198.53,200.94,913342,1.0,0.0
2019-07-08,199.48,200.25,197.93,198.94,949506,1.0,0.0
2019-07-09,197.83,199.39,197.08,197.71,1087414,1.0,0.0
2019-07-10,200.04,200.88,197.0,198.21,981419,1.0,0.0
2019-07-11,198.35,202.17,197.21,201.5,1557654,1.0,0.0
2019-07-12,202.86,206.43,202.26,205.9,1531781,1.0,0.0
2019-07-15,205.4,205.56,203.05,204.11,1309616,1.0,0.0
2019-07-16,205.25,208.45,204.08,206.46,1601716,1.0,0.0
2019-07-17,200.19,201.49,191.02,191.02,4474613,1.0,0.0
2019-07-18,194.36,196.44,193.79,195.86,3045526,1.0,0.0
2019-07-19,197.0,198.84,194.78,195.19,1517865,1.0,0.0
2019-07-22,195.09,198.17,195.09,196.3,1376481,1.0,0.0
2019-07-23,197.22,197.22,194.63,196.67,1734765,1.0,0.0
2019-07-24,182.85,192.68,181.24,184.99,6221926,1.0,0.0
2019-07-25,185.25,188.42,185.13,187.56,2435953,1.0,0.0
2019-07-26,188.57,191.08,187.4,189.99,1957178,1.0,0.0
2019-07-29,189.83,192.27,189.76,191.99,1621920,1.0,0.0
2019-07-30,190.99,192.97,190.45,192.51,1501307,1.0,0.0
2019-07-31,192.5,192.92,189.22,191.12,1663775,1.0,0.0
2019-08-01,190.82,191.87,184.82,185.98,3243766,1.0,0.0
2019-08-02,184.23,184.81,181.38,182.02,2554614,1.0,0.94
2019-08-05,179.0,180.83,178.44,179.93,3278410,1.0,0.0
2019-08-06,181.65,182.91,178.68,181.36,1392817,1.0,0.0
2019-08-07,179.43,180.5,176.8,179.03,1957488,1.0,0.0
2019-08-08,180.22,181.38,179.01,180.51,1742835,1.0,0.0
2019-08-09,180.0,180.29,176.37,177.7,1733832,1.0,0.0
2019-08-12,176.29,176.51,173.39,174.54,1638900,1.0,0.0
2019-08-13,173.86,179.38,173.46,177.5,1689798,1.0,0.0
2019-08-14,175.06,175.8,170.78,171.09,1651531,1.0,0.0
2019-08-15,171.43,171.88,168.5,169.85,2037154,1.0,0.0
2019-08-16,171.31,173.94,171.31,173.0,1325145,1.0,0.0
2019-08-19,175.86,177.63,173.91,174.37,1248986,1.0,0.0
2019-08-20,173.51,174.49,171.68,171.82,1177159,1.0,0.0
2019-08-21,173.19,174.67,173.08,174.2,1305116,1.0,0.0
2019-08-22,174.42,176.2,173.42,173.79,1176494,1.0,0.0
2019-08-23,173.01,173.76,168.63,169.28,1906316,1.0,0.0
2019-08-26,171.28,172.26,169.92,171.35,1561273,1.0,0.0
2019-08-27,171.77,172.13,169.49,169.95,1589180,1.0,0.0
2019-08-28,169.7,172.89,169.42,172.45,1323641,1.0,0.0
2019-08-29,174.21,176.92,173.39,174.45,1442893,1.0,0.0
2019-08-30,175.98,177.57,173.81,174.05,1150515,1.0,0.0
2019-09-03,172.14,173.26,169.49,170.86,1462466,1.0,0.0
2019-09-04,171.59,173.58,170.92,171.57,1506167,1.0,0.0
2019-09-05,173.82,176.8,173.81,176.28,1661847,1.0,0.0
2019-09-06,176.75,177.54,174.93,175.06,876294,1.0,0.0
2019-09-09,175.56,178.18,175.2,177.32,1200021,1.0,0.0
2019-09-10,176.75,179.07,176.31,178.58,1658425,1.0,0.0
2019-09-11,179.0,179.49,175.19,177.06,1886937,1.0,0.0
2019-09-12,177.14,179.38,175.61,178.56,1609427,1.0,0.0
2019-09-13,179.54,182.7,179.22,182.19,1771418,1.0,0.0
2019-09-16,180.33,184.28,179.42,182.28,1327507,1.0,0.0
2019-09-17,182.28,182.43,179.09,180.73,1305728,1.0,0.0
2019-09-18,179.34,182.47,178.19,182.29,1094843,1.0,0.0
2019-09-19,182.14,184.1,180.97,182.6,1139165,1.0,0.0
2019-09-20,183.97,184.8,178.8,180.49,2887930,1.0,0.0
2019-09-23,178.77,180.26,177.05,179.51,1215340,1.0,0.0
2019-09-24,181.96,186.99,181.96,182.91,2672051,1.0,0.0
2019-09-25,182.46,183.49,181.26,182.7,1499654,1.0,0.0
2019-09-26,183.01,184.24,182.27,182.97,1042604,1.0,0.0
2019-09-27,183.45,184.06,180.54,180.87,1188363,1.0,0.0
2019-09-30,182.04,182.65,179.2,179.66,1998303,1.0,0.0
2019-10-01,180.4,182.12,174.31,174.98,1576110,1.0,0.0
2019-10-02,173.32,173.7,169.43,169.69,2044724,1.0,0.0
2019-10-03,169.75,171.28,166.58,170.61,2283968,1.0,0.0
2019-10-04,171.5,172.88,170.7,172.82,1349195,1.0,0.0
2019-10-07,172.11,173.3,171.01,171.67,1128421,1.0,0.0
2019-10-08,169.34,169.64,166.57,166.74,1504792,1.0,0.0
2019-10-09,169.07,169.8,167.99,169.11,1024708,1.0,0.0
2019-10-10,168.51,172.04,168.51,172.02,1236576,1.0,0.0
2019-10-11,173.92,179.6,173.92,178.5,1897404,1.0,0.0
2019-10-14,177.36,178.64,176.16,178.54,1192018,1.0,0.0
2019-10-15,178.54,181.45,177.72,180.71,1591664,1.0,0.0
2019-10-16,179.95,182.05,179.51,181.13,1763785,1.0,0.0
2019-10-17,182.13,184.81,181.7,183.71,2376329,1.0,0.0
2019-10-18,183.2,184.04,180.72,181.91,1685198,1.0,0.0
2019-10-21,182.99,186.38,182.99,186.19,2046912,1.0,0.0
2019-10-22,186.09,189.24,184.66,188.96,2317628,1.0,0.0
2019-10-23,185.72,188.2,182.87,184.87,3176956,1.0,0.0
2019-10-24,185.0,186.03,182.48,183.18,1637838,1.0,0.0
2019-10-25,183.64,188.5,182.8,188.25,1625766,1.0,0.0
2019-10-28,188.38,190.68,186.36,187.76,1670783,1.0,0.0
2019-10-29,186.64,187.92,184.94,185.04,1642300,1.0,0.0
2019-10-30,184.88,185.28,181.96,184.99,1291175,1.0,0.0
2019-10-31,182.83,184.05,179.84,182.0,1481175,1.0,0.94
2019-11-01,183.6,189.93,182.98,189.92,2009905,1.0,0.0
2019-11-04,191.3,193.26,189.35,192.64,2831029,1.0,0.0
2019-11-05,191.96,196.12,191.96,193.78,2485708,1.0,0.0
2019-11-06,193.83,193.96,191.39,192.96,1946283,1.0,0.0
2019-11-07,194.52,197.67,194.37,195.58,2067354,1.0,0.0
2019-11-08,195.3,196.5,194.48,195.44,895991,1.0,0.0
2019-11-11,193.94,194.45,192.39,193.98,908728,1.0,0.0
2019-11-12,193.78,194.03,192.18,193.01,1283105,1.0,0.0
2019-11-13,191.49,192.19,190.42,190.88,1035098,1.0,0.0
2019-11-14,190.72,191.83,189.69,190.96,660433,1.0,0.0
2019-11-15,192.67,193.14,190.75,191.07,1008837,1.0,0.0
2019-11-18,190.56,193.5,189.1,193.37,1331876,1.0,0.0
2019-11-19,193.46,194.0,191.89,192.6,1143683,1.0,0.0
2019-11-20,192.49,192.7,189.62,189.88,1378554,1.0,0.0
2019-11-21,189.98,190.92,188.46,190.61,1032491,1.0,0.0
2019-11-22,190.89,193.35,190.32,193.18,1092049,1.0,0.0
2019-11-25,193.72,197.0,192.94,196.95,1454819,1.0,0.0
2019-11-26,196.43,197.48,195.51,196.21,2337191,1.0,0.0
2019-11-27,196.21,197.02,195.0,195.74,967475,1.0,0.0
2019-11-29,194.65,194.73,192.74,193.5,948156,1.0,0.0
2019-12-02,193.74,194.12,189.75,190.07,1421329,1.0,0.0
2019-12-03,186.87,188.1,185.01,186.21,3459555,1.0,0.0
2019-12-04,187.68,189.54,187.21,187.36,2889054,1.0,0.0
2019-12-05,188.59,189.08,186.29,187.9,1988794,1.0,0.0
2019-12-06,190.59,192.25,189.51,190.93,1308036,1.0,0.0
2019-12-09,190.02,190.62,188.23,188.96,1156034,1.0,0.0
2019-12-10,187.9,190.17,186.95,188.68,1038564,1.0,0.0
2019-12-11,188.58,191.13,188.14,191.01,1115411,1.0,0.0
2019-12-12,190.92,194.41,189.69,190.51,1819578,1.0,0.0
2019-12-13,189.57,191.91,188.44,190.07,1648646,1.0,0.0
2019-12-16,192.79,193.64,190.09,190.56,1296988,1.0,0.0
2019-12-17,191.3,193.25,190.12,190.43,1463964,1.0,0.0
2019-12-18,190.88,193.62,190.05,192.54,1957682,1.0,0.0
2019-12-19,191.86,193.42,191.42,191.92,1638435,1.0,0.0
2019-12-20,193.54,194.94,190.92,194.59,2213235,1.0,0.0
2019-12-23,194.04,194.94,193.37,194.29,1914105,1.0,0.0
2019-12-24,194.66,195.21,194.07,194.91,386273,1.0,0.0
2019-12-26,195.05,195.06,193.22,194.45,693671,1.0,0.0
2019-12-27,194.88,195.58,194.01,195.2,490838,1.0,0.0
2019-12-30,195.2,195.5,192.71,193.61,755163,1.0,0.0
2019-12-31,193.33,194.42,192.93,194.13,800706,1.0,0.0
2020-01-02,195.05,196.8,194.27,196.8,1458845,1.0,0.0
2020-01-03,193.19,196.59,193.19,196.44,2003662,1.0,0.0
2020-01-06,195.17,196.17,194.2,195.93,2076791,1.0,0.0
2020-01-07,196.52,197.73,195.13,196.71,1478895,1.0,0.0
2020-01-08,196.82,199.35,195.98,197.63,1133635,1.0,0.0
2020-01-09,198.82,198.98,197.63,198.3,1812005,1.0,0.0
2020-01-10,198.91,200.72,197.23,197.55,1459443,1.0,0.0
2020-01-13,197.21,200.38,196.74,200.28,1418391,1.0,0.0
2020-01-14,200.39,203.43,199.97,201.7,1315939,1.0,0.0
2020-01-15,201.76,203.84,200.82,202.89,1584635,1.0,0.0
2020-01-16,203.98,206.6,203.71,206.25,1851385,1.0,0.0
2020-01-17,205.19,209.4,203.85,209.32,2247150,1.0,0.0
2020-01-21,208.5,208.81,203.78,204.62,1455191,1.0,0.0
2020-01-22,205.55,205.62,202.57,203.14,1447827,1.0,0.0
2020-01-23,202.35,208.84,201.71,208.61,1301547,1.0,0.0
2020-01-24,208.0,209.9,206.91,207.86,1129449,1.0,0.0
2020-01-27,203.26,205.83,202.6,202.66,1314136,1.0,0.0
2020-01-28,203.0,205.72,202.56,204.76,1456551,1.0,0.0
2020-01-29,217.2,219.88,214.83,214.83,3193419,1.0,0.0
2020-01-30,212.19,215.095,211.54,214.5,1917132,1.0,0.0
2020-01-31,212.26,212.75,207.52,208.21,2163343,1.0,0.0
2020-02-03,209.92,210.4,206.73,206.99,1971772,1.0,0.0
2020-02-04,209.44,213.27,209.2,211.87,2551182,1.0,0.0
2020-02-05,214.87,214.95,213.17,213.8,1409799,1.0,0.0
2020-02-06,213.46,214.54,212.02,212.68,1001820,1.0,0.94
2020-02-07,211.34,212.1,208.98,210.18,2259976,1.0,0.0
2020-02-10,208.92,209.79,207.66,209.25,2338347,1.0,0.0
2020-02-11,210.63,213.31,209.07,209.17,1425218,1.0,0.0
2020-02-12,210.77,212.73,209.88,210.92,891738,1.0,0.0
2020-02-13,209.7,211.38,209.0,210.49,848564,1.0,0.0
2020-02-14,210.44,211.21,208.79,209.35,711434,1.0,0.0
2020-02-18,208.61,210.39,207.03,208.02,977579,1.0,0.0
2020-02-19,208.67,210.45,208.25,209.17,703374,1.0,0.0
2020-02-20,209.15,211.09,208.14,210.81,949140,1.0,0.0
2020-02-21,210.79,211.61,206.8,208.05,1363390,1.0,0.0
2020-02-24,201.28,203.66,200.0,203.0,1557338,1.0,0.0
2020-02-25,203.57,203.83,193.93,194.85,2170978,1.0,0.0
2020-02-26,195.44,196.99,189.42,190.07,1956013,1.0,0.0
2020-02-27,185.84,193.05,183.26,184.28,4335716,1.0,0.0
2020-02-28,179.21,182.58,176.4,182.35,3173527,1.0,0.0
2020-03-02,183.74,184.62,177.49,182.59,2540581,1.0,0.0
2020-03-03,182.32,187.63,175.09,176.86,2129623,1.0,0.0
2020-03-04,179.48,184.48,177.64,184.24,1832080,1.0,0.0
2020-03-05,177.48,179.52,174.0,175.35,1912416,1.0,0.0
2020-03-06,168.86,175.25,168.04,174.6,2163606,1.0,0.0
2020-03-09,159.46,164.25,151.37,154.5,3101149,1.0,0.0
2020-03-10,160.89,161.89,152.41,160.51,2673410,1.0,0.0
2020-03-11,155.67,156.97,148.63,151.36,2527804,1.0,0.0
2020-03-12,137.33,141.93,129.24,133.5,3938172,1.0,0.0
2020-03-13,141.24,147.35,136.27,146.86,3268464,1.0,0.0
2020-03-16,132.52,141.86,126.34,126.44,2617569,1.0,0.0
2020-03-17,128.56,142.13,125.53,139.59,2661982,1.0,0.0
2020-03-18,129.07,132.71,119.29,130.84,2745043,1.0,0.0
2020-03-19,128.33,139.31,125.84,136.33,2349133,1.0,0.0
2020-03-20,138.77,138.77,123.51,123.71,2712111,1.0,0.0
2020-03-23,121.83,123.84,112.62,118.88,3417414,1.0,0.0
2020-03-24,127.02,141.12,125.81,140.23,2723024,1.0,0.0
2020-03-25,137.0,150.74,135.95,140.4,2947732,1.0,0.0
2020-03-26,143.19,149.1,140.3,146.92,2522640,1.0,0.0
2020-03-27,140.82,146.62,138.71,143.36,1565294,1.0,0.0
2020-03-30,143.34,149.92,142.04,148.29,2010023,1.0,0.0
2020-03-31,147.03,149.89,144.72,146.0,2316788,1.0,0.0
2020-04-01,138.69,142.42,137.81,140.01,2067650,1.0,0.0
2020-04-02,138.09,144.11,136.65,143.72,2982390,1.0,0.0
2020-04-03,143.3,144.38,140.68,142.32,2285901,1.0,0.0
2020-04-06,150.74,155.9,149.81,154.75,2698135,1.0,0.0
2020-04-07,159.69,161.99,153.04,153.53,2062354,1.0,0.0
2020-04-08,155.46,160.26,154.26,158.97,1385877,1.0,0.0
2020-04-09,160.36,164.67,157.02,159.3,2213636,1.0,0.0
2020-04-13,159.13,159.3,152.75,154.29,1335708,1.0,0.0
2020-04-14,156.69,158.99,154.3,155.49,1093789,1.0,0.0
2020-04-15,151.19,154.48,150.28,153.85,1282169,1.0,0.0
2020-04-16,153.05,153.6,149.53,153.25,1356334,1.0,0.0
2020-04-17,157.41,161.42,155.99,160.67,1752038,1.0,0.0
2020-04-20,158.18,158.64,151.41,153.7,1697980,1.0,0.0
2020-04-21,149.27,151.67,147.37,150.0,2496426,1.0,0.0
2020-04-22,153.01,155.33,150.73,153.78,1541492,1.0,0.0
2020-04-23,156.95,160.09,154.58,155.86,1968560,1.0,0.0
2020-04-24,157.24,161.09,155.32,160.68,1691082,1.0,0.0
2020-04-27,163.1,167.81,161.46,166.87,1705069,1.0,0.0
2020-04-28,170.64,172.74,167.58,170.64,1991930,1.0,0.0
2020-04-29,178.33,184.85,177.19,180.33,2290410,1.0,0.0
2020-04-30,174.2,178.85,170.42,171.1,2205399,1.0,0.0
2020-05-01,168.63,170.9,166.59,170.73,1505220,1.0,0.0
2020-05-04,169.75,169.75,164.91,168.01,1226670,1.0,0.0
2020-05-05,170.37,173.0,170.3,171.36,977997,1.0,0.0
2020-05-06,172.09,173.83,167.77,168.19,1107063,1.0,0.0
2020-05-07,170.37,172.81,168.82,169.58,1046001,1.0,0.94
2020-05-08,171.91,175.26,171.46,174.75,768402,1.0,0.0
2020-05-11,172.94,175.32,171.45,174.06,890544,1.0,0.0
2020-05-12,173.7,174.12,166.69,166.79,1388886,1.0,0.0
2020-05-13,165.39,166.17,161.85,164.54,1325351,1.0,0.0
2020-05-14,162.29,166.86,157.48,166.59,1266333,1.0,0.0
2020-05-15,164.18,164.71,159.13,160.36,2041325,1.0,0.0
2020-05-18,167.41,172.03,165.48,170.73,1314297,1.0,0.0
2020-05-19,170.31,172.92,167.47,167.66,1345511,1.0,0.0
2020-05-20,172.86,176.36,171.47,173.66,1311609,1.0,0.0
2020-05-21,172.69,173.3,168.83,170.56,1178859,1.0,0.0
2020-05-22,171.15,172.22,169.41,171.47,1151148,1.0,0.0
2020-05-26,177.0,181.3,175.63,179.72,1326592,1.0,0.0
2020-05-27,181.72,185.39,181.6,184.98,1332164,1.0,0.0
2020-05-28,186.21,186.38,179.51,180.26,1314080,1.0,0.0
2020-05-29,179.78,180.17,177.36,178.29,2190335,1.0,0.0
2020-06-01,178.12,179.8,175.8,178.34,1937444,1.0,0.0
2020-06-02,180.35,185.14,179.97,184.06,1769337,1.0,0.0
2020-06-03,187.45,193.78,185.88,192.42,1761485,1.0,0.0
2020-06-04,190.49,193.22,190.13,191.5,1321101,1.0,0.0
2020-06-05,200.0,200.55,193.69,194.25,1955317,1.0,0.0
2020-06-08,194.42,197.48,190.86,191.49,1532198,1.0,0.0
2020-06-09,188.57,193.05,186.72,192.05,1370339,1.0,0.0
2020-06-10,191.8,192.1,188.48,188.55,1575197,1.0,0.0
2020-06-11,182.26,183.0,174.06,174.26,1394820,1.0,0.0
2020-06-12,179.85,180.78,173.38,178.18,1323247,1.0,0.0
2020-06-15,172.66,178.91,171.29,177.61,1208680,1.0,0.0
2020-06-16,185.0,185.0,176.39,178.73,1390656,1.0,0.0
2020-06-17,180.04,180.29,176.52,176.97,1106715,1.0,0.0
2020-06-18,175.68,176.6,173.69,174.38,1567175,1.0,0.0
2020-06-19,176.37,176.78,169.06,170.26,2572705,1.0,0.0
2020-06-22,169.98,171.5,167.62,171.47,1507600,1.0,0.0
2020-06-23,173.79,175.8,172.39,174.49,1664641,1.0,0.0
2020-06-24,172.76,173.93,168.7,169.15,1981319,1.0,0.0
2020-06-25,168.85,171.89,166.0,171.68,1163500,1.0,0.0
2020-06-26,170.72,172.51,167.41,169.81,2105491,1.0,0.0
2020-06-29,170.55,172.995,169.063,172.68,1060231,1.0,0.0
2020-06-30,172.12,176.93,171.9,175.57,1257756,1.0,0.0
2020-07-01,175.76,177.63,170.79,171.52,1117179,1.0,0.0
2020-07-02,176.05,177.73,173.33,174.51,964105,1.0,0.0
2020-07-06,177.41,179.66,176.76,178.62,1245429,1.0,0.0
2020-07-07,176.24,178.34,173.84,174.12,1055807,1.0,0.0
2020-07-08,174.13,175.31,172.53,175.26,1214218,1.0,0.0
2020-07-09,174.66,175.35,169.62,170.91,1815022,1.0,0.0
2020-07-10,170.81,171.69,169.15,170.85,1283331,1.0,0.0
2020-07-13,172.38,177.41,171.28,175.13,1144567,1.0,0.0
2020-07-14,174.05,178.4,173.39,177.93,1045275,1.0,0.0
2020-07-15,181.31,182.14,179.16,181.28,1357341,1.0,0.0
2020-07-16,181.0,185.79,180.3,182.92,1431254,1.0,0.0
2020-07-17,184.17,189.02,183.82,188.25,1979440,1.0,0.0
2020-07-20,186.77,187.74,184.34,186.17,1942997,1.0,0.0
2020-07-21,186.5,189.77,186.24,187.18,1335122,1.0,0.0
2020-07-22,186.0,191.18,185.93,189.08,1435963,1.0,0.0
2020-07-23,187.91,188.8,185.76,186.98,1844556,1.0,0.0
2020-07-24,187.01,188.36,186.615,187.01,1099318,1.0,0.0
2020-07-27,186.47,190.735,185.17,189.93,1418345,1.0,0.0
2020-07-28,189.33,189.91,184.21,185.1,1850774,1.0,0.0
2020-07-29,188.07,193.88,185.19,192.82,2315587,1.0,0.0
2020-07-30,190.96,191.08,186.15,188.87,1631706,1.0,0.0
2020-07-31,187.29,193.22,184.92,192.21,1746247,1.0,0.0
2020-08-03,192.38,193.18,188.56,190.47,1224297,1.0,0.0
2020-08-04,189.46,192.55,189.03,192.39,1319943,1.0,0.0
2020-08-05,193.93,194.73,192.21,193.06,1135776,1.0,0.0
2020-08-06,191.78,196.4,191.54,195.77,1388366,1.0,0.94
2020-08-07,195.07,199.35,195.07,198.99,1375375,1.0,0.0
2020-08-10,201.0,204.61,200.43,204.5,1942739,1.0,0.0
2020-08-11,206.77,211.72,205.78,206.08,1891844,1.0,0.0
2020-08-12,207.0,208.35,204.81,204.85,1397845,1.0,0.0
2020-08-13,203.77,205.17,203.12,204.38,806895,1.0,0.0
2020-08-14,204.25,208.295,203.445,206.61,977762,1.0,0.0
2020-08-17,207.34,209.96,206.61,208.35,997718,1.0,0.0
2020-08-18,208.95,209.24,205.59,206.33,934874,1.0,0.0
2020-08-19,207.25,207.87,205.32,205.4,800125,1.0,0.0
2020-08-20,204.08,207.44,203.13,206.23,770728,1.0,0.0
2020-08-21,206.31,209.71,205.13,208.93,1573384,1.0,0.0
2020-08-24,212.12,212.34,209.73,212.22,763584,1.0,0.0
2020-08-25,212.5,214.28,211.515,213.62,1099179,1.0,0.0
2020-08-26,212.53,214.35,211.01,213.08,829833,1.0,0.0
2020-08-27,213.23,214.5174,212.215,212.85,750595,1.0,0.0
2020-08-28,213.45,215.37,212.58,215.03,677526,1.0,0.0
2020-08-31,214.84,217.0,212.34,212.53,1150959,1.0,0.0
2020-09-01,212.43,215.85,210.72,215.3,973682,1.0,0.0
2020-09-02,215.06,216.53,213.04,214.36,1855147,1.0,0.0
2020-09-03,217.01,217.01,209.13,210.59,1485500,1.0,0.0
2020-09-04,212.66,214.0,206.93,209.1,1357215,1.0,0.0
2020-09-08,207.88,209.35,205.54,206.75,1566966,1.0,0.0
2020-09-09,208.73,215.53,208.16,212.3,3595803,1.0,0.0
2020-09-10,212.92,215.0,211.775,213.17,1303667,1.0,0.0
2020-09-11,213.99,219.13,213.78,217.55,1720806,1.0,0.0
2020-09-14,219.54,221.47,218.745,220.29,1516446,1.0,0.0
2020-09-15,220.5,222.98,219.46,222.03,926103,1.0,0.0
2020-09-16,224.04,224.99,220.65,220.91,1121870,1.0,0.0
2020-09-17,217.73,224.68,215.07,222.94,1070290,1.0,0.0
2020-09-18,222.49,224.3,220.175,221.03,1769968,1.0,0.0
2020-09-21,217.2,218.6,210.82,214.31,1279729,1.0,0.0
2020-09-22,215.24,217.19,214.42,216.39,973081,1.0,0.0
2020-09-23,217.71,220.33,211.9,213.43,1475436,1.0,0.0
2020-09-24,213.18,217.26,211.355,214.43,938984,1.0,0.0
2020-09-25,215.11,219.68,214.43,219.16,946938,1.0,0.0
2020-09-28,221.91,222.82,219.8,221.02,1129851,1.0,0.0
2020-09-29,220.5,221.49,215.8,215.81,1544430,1.0,0.0
2020-09-30,217.53,219.0,212.85,213.99,1669537,1.0,0.0
2020-10-01,215.73,215.84,210.5,211.85,1457548,1.0,0.0
2020-10-02,208.98,216.01,208.17,212.66,2294655,1.0,0.0
2020-10-05,215.51,216.59,214.29,215.16,1173301,1.0,0.0
2020-10-06,216.91,218.26,213.23,213.52,987714,1.0,0.0
2020-10-07,214.39,218.47,214.39,216.86,878486,1.0,0.0
2020-10-08,219.57,220.72,213.56,216.39,1584264,1.0,0.0
2020-10-09,219.5,219.6203,216.2401,218.39,730316,1.0,0.0
2020-10-12,219.85,221.38,216.93,217.23,1265929,1.0,0.0
2020-10-13,217.0,219.21,214.45,214.98,788159,1.0,0.0
2020-10-14,215.98,219.18,215.915,217.35,908222,1.0,0.0
2020-10-15,214.15,219.77,213.76,219.35,938436,1.0,0.0
2020-10-16,220.58,221.38,217.29,218.75,866218,1.0,0.0
2020-10-19,218.56,219.82,213.38,213.67,1056393,1.0,0.0
2020-10-20,214.3,218.87,214.12,215.87,594669,1.0,0.0
2020-10-21,214.5,216.09,212.51,212.56,1349076,1.0,0.0
2020-10-22,213.11,216.59,211.67,213.13,1219413,1.0,0.0
2020-10-23,213.5,216.27,213.5,215.4,801343,1.0,0.0
2020-10-26,212.57,212.6144,208.92,210.66,1158070,1.0,0.0
2020-10-27,210.84,210.84,203.35,203.64,1771167,1.0,0.0
2020-10-28,197.43,201.51,196.15,198.11,2077745,1.0,0.0
2020-10-29,197.77,208.45,197.77,205.62,2082742,1.0,0.0
2020-10-30,204.45,209.19,204.45,209.12,2214310,1.0,0.0
2020-11-02,211.84,215.14,208.89,215.06,1740274,1.0,0.0
2020-11-03,217.82,224.88,217.14,223.5,2096487,1.0,0.0
2020-11-04,225.42,229.28,220.75,220.79,1967724,1.0,0.0
2020-11-05,222.67,228.15,222.29,225.79,1305944,1.0,0.94
2020-11-06,224.4,225.57,222.6,223.16,905990,1.0,0.0
2020-11-09,235.95,243.82,228.905,230.42,1842619,1.0,0.0
2020-11-10,231.71,236.48,229.34,236.18,1691232,1.0,0.0
2020-11-11,239.02,239.02,230.93,233.09,1271999,1.0,0.0
2020-11-12,232.21,233.52,228.83,230.66,974031,1.0,0.0
2020-11-13,231.04,239.96,231.04,239.26,1950220,1.0,0.0
2020-11-16,241.34,247.25,240.71,246.77,1382329,1.0,0.0
2020-11-17,244.33,245.79,241.33,245.64,900218,1.0,0.0
2020-11-18,245.51,247.98,241.81,241.87,1240182,1.0,0.0
2020-11-19,240.94,242.79,237.75,242.1,959462,1.0,0.0
2020-11-20,242.15,243.87,240.25,240.8,810225,1.0,0.0
2020-11-23,243.33,244.4512,239.74,242.85,1602415,1.0,0.0
2020-11-24,245.26,245.93,241.365,242.52,1241481,1.0,0.0
2020-11-25,242.55,242.72,238.46,241.46,1340909,1.0,0.0
2020-11-27,242.53,244.02,240.715,242.72,537180,1.0,0.0
2020-11-30,241.84,244.49,236.78,237.02,2149114,1.0,0.0
2020-12-01,240.4,243.37,238.4,238.75,1787052,1.0,0.0
2020-12-02,237.88,241.0,237.49,239.67,1180050,1.0,0.0
2020-12-03,241.05,242.23,236.6,237.15,1308669,1.0,0.0
2020-12-04,237.69,240.38,237.69,240.19,906199,1.0,0.0
2020-12-07,239.0,240.195,237.125,239.06,904280,1.0,0.0
2020-12-08,237.39,239.67,237.015,238.67,932549,1.0,0.0
2020-12-09,238.46,241.58,238.04,240.86,972000,1.0,0.0
2020-12-10,239.0,240.33,235.855,236.5,1212187,1.0,0.0
2020-12-11,234.89,237.3,234.35,235.25,1161227,1.0,0.0
2020-12-14,236.98,237.04,228.9,229.25,2004873,1.0,0.0
2020-12-15,231.09,232.065,227.77,229.8,1210400,1.0,0.0
2020-12-16,230.19,230.72,226.69,228.7,1081798,1.0,0.0
2020-12-17,230.12,231.01,227.99,230.69,1097124,1.0,0.0
2020-12-18,230.75,233.03,228.82,232.39,2162262,1.0,0.0
2020-12-21,228.24,231.64,226.09,230.14,891623,1.0,0.0
2020-12-22,229.76,232.51,229.52,230.5,808781,1.0,0.0
2020-12-23,231.92,234.2,230.5,233.12,1209222,1.0,0.0
2020-12-24,233.22,234.935,231.63,234.39,383082,1.0,0.0
2020-12-28,236.22,238.47,235.19,236.71,783740,1.0,0.0
2020-12-29,236.93,238.37,232.45,233.99,929851,1.0,0.0
2020-12-30,234.34,236.94,234.0,235.98,665919,1.0,0.0
2020-12-31,236.45,238.05,234.39,237.61,698287,1.0,0.0
2021-01-04,238.31,239.82,231.18,233.44,1558343,1.0,0.0
2021-01-05,233.0,237.5823,232.83,235.71,1368498,1.0,0.0
2021-01-06,235.54,244.55,235.54,243.35,1199412,1.0,0.0
2021-01-07,245.0,250.03,244.3,249.85,1350704,1.0,0.0
2021-01-08,250.77,257.7,248.7801,254.04,1563200,1.0,0.0
2021-01-11,252.23,256.7,252.0,254.37,832210,1.0,0.0
2021-01-12,253.84,257.86,252.05,256.44,1013602,1.0,0.0
2021-01-13,257.86,258.17,252.89,254.48,1029612,1.0,0.0
2021-01-14,254.82,256.06,251.88,252.46,690003,1.0,0.0
2021-01-15,250.61,253.24,248.1,252.95,1065537,1.0,0.0
2021-01-19,254.4,256.465,249.525,249.84,1038024,1.0,0.0
2021-01-20,250.95,253.91,247.88,253.43,1076993,1.0,0.0
2021-01-21,250.71,251.91,245.13,245.36,1147991,1.0,0.0
2021-01-22,245.03,245.625,240.68,244.22,1205545,1.0,0.0
2021-01-25,242.26,246.48,240.08,245.96,1300746,1.0,0.0
2021-01-26,246.89,247.14,237.44,238.09,1194872,1.0,0.0
2021-01-27,234.21,241.08,230.15,235.64,1708646,1.0,0.0
2021-01-28,239.1,245.095,234.39,241.79,1297531,1.0,0.0
2021-01-29,239.43,242.34,236.1,236.62,1413066,1.0,0.0
2021-02-01,238.24,241.11,237.92,239.91,928768,1.0,0.0
2021-02-02,241.0,248.22,240.72,246.35,1273342,1.0,0.0
2021-02-03,246.74,247.79,244.52,246.25,813245,1.0,0.0
2021-02-04,246.36,248.57,243.77,245.57,1225531,1.0,0.99
2021-02-05,247.34,249.54,245.63,245.66,972425,1.0,0.0
2021-02-08,246.08,246.4,240.78,243.8,919387,1.0,0.0
2021-02-09,244.07,247.07,241.65,245.82,818068,1.0,0.0
2021-02-10,246.89,247.96,244.225,245.29,734118,1.0,0.0
2021-02-11,245.6,249.41,244.89,248.91,997312,1.0,0.0
2021-02-12,248.35,255.98,248.14,254.84,1303070,1.0,0.0
2021-02-16,256.33,258.4,254.26,256.4,1325014,1.0,0.0
2021-02-17,251.93,254.82,250.54,253.03,906288,1.0,0.0
2021-02-18,251.11,252.61,247.06,251.71,938532,1.0,0.0
2021-02-19,252.89,258.93,252.5,258.03,976102,1.0,0.0
2021-02-22,257.5,262.07,256.21,260.24,1304191,1.0,0.0
2021-02-23,260.8,262.17,255.9,257.89,957606,1.0,0.0
2021-02-24,257.2,264.11,256.61,261.78,974053,1.0,0.0
2021-02-25,257.66,261.04,252.42,254.1,2542264,1.0,0.0
2021-02-26,255.28,257.21,251.41,252.06,1339059,1.0,0.0
2021-03-01,255.59,260.01,254.8,257.83,1256541,1.0,0.0
2021-03-02,256.81,258.64,255.73,256.38,1708556,1.0,0.0
2021-03-03,255.6,257.18,253.63,254.11,1076640,1.0,0.0
2021-03-04,253.5,254.65,240.96,244.71,1873555,1.0,0.0
2021-03-05,247.23,257.2,243.155,256.0,1404756,1.0,0.0
2021-03-08,257.33,264.86,255.825,259.22,995441,1.0,0.0
2021-03-09,260.88,263.26,258.96,259.11,1261034,1.0,0.0
2021-03-10,260.61,262.58,258.18,259.29,1468692,1.0,0.0
2021-03-11,260.76,262.56,259.3,260.75,1008589,1.0,0.0
2021-03-12,262.31,264.36,261.3,261.44,861928,1.0,0.0
2021-03-15,261.38,261.58,255.8,260.27,987887,1.0,0.0
2021-03-16,260.76,260.89,254.19,256.39,1291411,1.0,0.0
2021-03-17,256.89,260.43,254.84,258.16,847584,1.0,0.0
2021-03-18,258.16,264.44,257.64,263.07,1110622,1.0,0.0
2021-03-19,262.89,263.7,258.6,260.46,2112435,1.0,0.0
2021-03-22,267.82,269.96,259.575,260.62,2261033,1.0,0.0
2021-03-23,258.64,263.7983,258.33,260.27,1260311,1.0,0.0
2021-03-24,261.15,267.12,261.15,264.31,871072,1.0,0.0
2021-03-25,264.31,268.34,260.525,268.0,1201050,1.0,0.0
2021-03-26,268.57,273.06,267.05,272.91,939970,1.0,0.0
2021-03-29,272.48,273.88,268.57,270.99,826315,1.0,0.0
2021-03-30,269.28,272.0,269.28,270.29,885616,1.0,0.0
2021-03-31,269.99,271.85,268.2,268.52,1378979,1.0,0.0
2021-04-01,270.35,271.86,268.84,271.18,914773,1.0,0.0
2021-04-05,273.34,276.1,272.648,274.63,821534,1.0,0.0
2021-04-06,275.16,276.155,270.96,271.22,943161,1.0,0.0
2021-04-07,271.62,272.3583,269.48,271.48,976573,1.0,0.0
2021-04-08,271.56,272.03,267.04,267.67,1331591,1.0,0.0
2021-04-09,268.88,272.5,267.12,272.49,992376,1.0,0.0
2021-04-12,271.28,273.49,271.1701,271.55,917585,1.0,0.0
2021-04-13,270.25,271.0,267.57,270.33,752522,1.0,0.0
2021-04-14,271.15,273.28,270.49,271.84,608442,1.0,0.0
2021-04-15,272.11,274.46,271.65,272.14,794474,1.0,0.0
2021-04-16,274.51,274.8,269.965,270.86,1484243,1.0,0.0
2021-04-19,270.55,270.665,268.2,270.46,911841,1.0,0.0
2021-04-20,272.27,278.37,270.86,273.31,1385381,1.0,0.0
2021-04-21,272.81,282.71,272.68,280.46,1685786,1.0,0.0
2021-04-22,278.7,283.505,277.87,278.54,993758,1.0,0.0
2021-04-23,279.63,283.12,278.59,282.0,836422,1.0,0.0
2021-04-26,282.56,285.12,280.93,281.14,914277,1.0,0.0
2021-04-27,282.68,283.485,280.67,281.85,1095709,1.0,0.0
2021-04-28,281.67,287.43,281.67,284.09,1119217,1.0,0.0
2021-04-29,287.2,287.2,280.0,280.7,1632680,1.0,0.0
2021-04-30,280.37,281.09,276.93,279.24,1638862,1.0,0.0
2021-05-03,281.51,284.84,281.355,283.06,813465,1.0,0.0
2021-05-04,282.62,288.07,282.18,287.68,1314562,1.0,0.0
2021-05-05,289.84,291.07,286.52,287.01,762225,1.0,0.0
2021-05-06,287.01,287.77,284.88,286.97,1093310,1.0,0.99
2021-05-07,287.87,290.255,285.8,289.81,943555,1.0,0.0
2021-05-10,291.49,295.14,290.22,290.35,933852,1.0,0.0
2021-05-11,288.3,289.95,285.0,286.66,1282661,1.0,0.0
2021-05-12,285.96,287.04,281.23,281.7,1209515,1.0,0.0
2021-05-13,282.79,287.83,282.42,287.01,771405,1.0,0.0
2021-05-14,287.69,291.8412,287.19,289.83,795859,1.0,0.0
2021-05-17,289.27,290.15,284.465,285.74,993478,1.0,0.0
2021-05-18,286.47,286.73,280.09,280.22,1194285,1.0,0.0
2021-05-19,277.0,279.73,274.17,279.45,840938,1.0,0.0
2021-05-20,279.14,279.88,275.89,276.91,1508423,1.0,0.0
2021-05-21,278.58,280.95,276.655,277.34,1179316,1.0,0.0
2021-05-24,278.73,280.98,276.23,280.48,1295377,1.0,0.0
2021-05-25,281.23,283.8834,277.75,277.96,1451060,1.0,0.0
2021-05-26,277.97,283.15,276.93,279.65,921226,1.0,0.0
2021-05-27,281.99,282.065,278.54,279.33,1422735,1.0,0.0
2021-05-28,279.8,281.725,279.03,280.9,911267,1.0,0.0
2021-06-01,283.32,284.28,281.11,281.44,868169,1.0,0.0
2021-06-02,281.95,282.0889,278.735,279.13,959847,1.0,0.0
2021-06-03,278.0,281.68,277.215,279.57,1170791,1.0,0.0
2021-06-04,281.05,281.29,277.68,279.3,845265,1.0,0.0
2021-06-07,280.0,280.0,274.8,274.82,927603,1.0,0.0
2021-06-08,274.71,276.62,271.16,275.46,1045004,1.0,0.0
2021-06-09,275.54,275.99,273.62,273.76,818368,1.0,0.0
2021-06-10,275.45,276.16,269.49,270.12,1337860,1.0,0.0
2021-06-11,271.61,272.28,270.105,271.49,1172097,1.0,0.0
2021-06-14,271.31,273.0,270.7,271.52,985176,1.0,0.0
2021-06-15,272.05,274.57,270.93,273.23,1169404,1.0,0.0
2021-06-16,273.29,273.4,270.61,271.4,1016235,1.0,0.0
2021-06-17,271.32,271.68,264.38,266.92,1189838,1.0,0.0
2021-06-18,263.53,264.805,261.31,261.43,1923123,1.0,0.0
2021-06-21,263.005,266.67,263.005,264.76,1299570,1.0,0.0
2021-06-22,265.36,266.9,263.85,264.08,1271070,1.0,0.0
2021-06-23,264.85,265.61,262.8,263.2,1030754,1.0,0.0
2021-06-24,264.02,265.64,262.78,264.94,1184388,1.0,0.0
2021-06-25,266.03,267.84,265.26,265.85,1452115,1.0,0.0
2021-06-28,266.66,266.7,263.0,263.51,963785,1.0,0.0
2021-06-29,263.48,265.0,261.15,262.09,1658166,1.0,0.0
2021-06-30,262.77,265.77,262.28,265.41,1282921,1.0,0.0
2021-07-01,266.68,269.42,266.46,269.28,1192450,1.0,0.0
2021-07-02,269.37,271.88,268.62,270.91,1433386,1.0,0.0
2021-07-06,270.13,271.23,265.46,269.34,1796763,1.0,0.0
2021-07-07,268.43,274.52,268.29,273.35,1354063,1.0,0.0
2021-07-08,265.23,267.22,253.11,253.78,3737977,1.0,0.0
2021-07-09,264.31,265.53,260.0,263.64,1880861,1.0,0.0
2021-07-12,261.18,262.97,259.775,261.79,1000718,1.0,0.0
2021-07-13,261.06,262.68,260.65,261.28,897702,1.0,0.0
2021-07-14,262.46,263.68,261.42,261.76,1083978,1.0,0.0
2021-07-15,260.0,264.22,260.0,263.4,1310945,1.0,0.0
2021-07-16,264.03,264.3,260.48,260.55,1724651,1.0,0.0
2021-07-19,255.0,256.31,252.25,253.82,1343129,1.0,0.0
2021-07-20,254.29,258.49,254.29,256.83,995342,1.0,0.0
2021-07-21,258.01,261.63,258.01,260.65,1346788,1.0,0.0
2021-07-22,265.17,266.384,263.07,263.9,1303046,1.0,0.0
2021-07-23,264.4,266.49,263.83,265.32,1039868,1.0,0.0
2021-07-26,264.78,267.09,263.35,265.28,899889,1.0,0.0
2021-07-27,263.19,266.9,262.01,262.93,982955,1.0,0.0
2021-07-28,262.71,263.585,253.7,256.92,1507914,1.0,0.0
2021-07-29,257.61,260.38,255.9,256.04,1010912,1.0,0.0
2021-07-30,255.78,257.89,255.095,257.83,1044683,1.0,0.0
2021-08-02,259.08,261.37,255.41,256.16,829852,1.0,0.0
2021-08-03,256.92,260.4,255.89,258.74,769264,1.0,0.0
2021-08-04,257.15,258.09,252.67,253.6,1054096,1.0,0.0
2021-08-05,254.79,256.38,252.75,254.47,983508,1.0,0.0
2021-08-06,254.5,257.33,254.05,256.01,1001919,1.0,1.09
2021-08-09,255.34,256.54,254.7,255.67,858458,1.0,0.0
2021-08-10,256.39,260.42,256.18,259.07,933481,1.0,0.0
2021-08-11,259.82,266.24,259.27,265.71,1395212,1.0,0.0
2021-08-12,264.85,269.24,264.745,269.01,1124630,1.0,0.0
2021-08-13,269.06,269.97,267.08,268.92,1069570,1.0,0.0
2021-08-16,268.71,270.215,266.82,269.73,1084280,1.0,0.0
2021-08-17,268.9,268.9,263.57,266.73,912338,1.0,0.0
2021-08-18,265.96,269.9,265.24,265.29,862971,1.0,0.0
2021-08-19,262.95,266.66,260.4501,262.2,1127019,1.0,0.0
2021-08-20,262.66,263.81,261.49,262.27,723992,1.0,0.0
2021-08-23,262.99,266.6,262.53,263.61,743247,1.0,0.0
2021-08-24,263.65,264.24,258.99,259.43,1547776,1.0,0.0
2021-08-25,259.4,262.05,258.61,261.16,1257329,1.0,0.0
2021-08-26,261.32,263.26,257.36,259.56,1066713,1.0,0.0
2021-08-27,260.19,262.01,259.65,260.81,772020,1.0,0.0
2021-08-30,260.91,260.9588,257.675,258.23,1026273,1.0,0.0
2021-08-31,258.77,258.945,252.05,253.54,1932703,1.0,0.0
2021-09-01,253.38,254.945,250.55,252.25,1504681,1.0,0.0
2021-09-02,252.65,254.82,252.4288,253.68,1057667,1.0,0.0
2021-09-03,252.67,253.645,249.42,250.4,1317692,1.0,0.0
2021-09-07,250.25,251.29,247.33,248.15,1284862,1.0,0.0
2021-09-08,248.38,250.65,246.89,249.63,1075646,1.0,0.0
2021-09-09,249.2,249.81,246.68,247.62,924627,1.0,0.0
2021-09-10,248.73,249.62,246.89,247.15,1231907,1.0,0.0
2021-09-13,249.33,249.61,243.66,245.54,1283073,1.0,0.0
2021-09-14,246.0,246.0,241.96,244.79,1696570,1.0,0.0
2021-09-15,245.15,249.2,245.13,248.62,1846087,1.0,0.0
2021-09-16,249.25,250.61,247.62,248.0,1092298,1.0,0.0
2021-09-17,246.91,248.865,245.146,246.04,2296598,1.0,0.0
2021-09-20,243.05,243.63,239.58,241.56,1311111,1.0,0.0
2021-09-21,244.25,244.25,238.62,239.24,1208861,1.0,0.0
2021-09-22,240.205,242.88,239.14,239.52,1068767,1.0,0.0
2021-09-23,240.89,243.37,240.66,242.17,1331473,1.0,0.0
2021-09-24,242.28,246.7,241.84,245.07,1178088,1.0,0.0
2021-09-27,245.1,249.13,245.09,245.62,1249034,1.0,0.0
2021-09-28,245.22,246.51,243.19,245.22,1374143,1.0,0.0
2021-09-29,245.28,246.685,243.84,244.24,1388449,1.0,0.0
2021-09-30,245.61,245.98,239.17,239.25,1210150,1.0,0.0
2021-10-01,240.67,244.91,239.0843,243.54,1033738,1.0,0.0
2021-10-04,245.97,249.03,245.5,247.88,1620357,1.0,0.0
2021-10-05,248.83,257.085,247.79,255.14,1676571,1.0,0.0
2021-10-06,252.75,263.37,252.61,262.53,1984497,1.0,0.0
2021-10-07,264.77,265.88,259.26,259.66,988420,1.0,0.0
2021-10-08,260.71,265.245,260.29,264.88,1096854,1.0,0.0
2021-10-11,264.8,267.97,264.07,264.44,1356052,1.0,0.0
2021-10-12,263.67,264.59,260.72,261.07,1091692,1.0,0.0
2021-10-13,261.1,264.0,258.89,262.25,928991,1.0,0.0
2021-10-14,264.53,270.16,263.47,269.83,1328669,1.0,0.0
2021-10-15,271.59,277.17,270.68,275.58,1135586,1.0,0.0
2021-10-18,274.19,276.47,273.125,275.75,742504,1.0,0.0
2021-10-19,277.81,277.81,274.29,274.98,938642,1.0,0.0
2021-10-20,275.0,280.01,274.23,279.26,845093,1.0,0.0
2021-10-21,281.99,286.69,281.96,282.8,1352272,1.0,0.0
2021-10-22,282.8,288.85,282.45,286.54,1110392,1.0,0.0
2021-10-25,286.86,290.52,285.94,287.33,1250018,1.0,0.0
2021-10-26,288.68,290.01,286.36,286.74,1244264,1.0,0.0
2021-10-27,290.17,293.61,287.05,287.06,1520433,1.0,0.0
2021-10-28,290.13,293.58,290.05,293.17,1366002,1.0,0.0
2021-10-29,291.4,296.06,290.87,293.05,984271,1.0,0.0
2021-11-01,293.37,294.31,286.04,288.69,888454,1.0,0.0
2021-11-02,287.86,288.99,285.32,286.02,1449010,1.0,0.0
2021-11-03,285.67,287.95,282.96,287.62,666415,1.0,0.0
2021-11-04,287.23,287.52,283.58,284.55,698057,1.0,1.09
2021-11-05,286.95,288.685,283.74,283.9,1269493,1.0,0.0
2021-11-08,285.66,285.66,282.74,284.64,583906,1.0,0.0
2021-11-09,284.29,285.63,282.07,284.6,977014,1.0,0.0
2021-11-10,284.6,285.74,281.0,281.71,694932,1.0,0.0
2021-11-11,280.04,280.04,274.5,275.91,1375762,1.0,0.0
2021-11-12,276.0,278.0,274.63,275.59,1294181,1.0,0.0
2021-11-15,277.5,277.9258,274.54,275.4,936585,1.0,0.0
2021-11-16,275.0,278.24,273.89,273.97,893877,1.0,0.0
2021-11-17,273.97,276.93,272.61,274.6,1114721,1.0,0.0
2021-11-18,275.14,277.82,273.7661,275.82,818936,1.0,0.0
2021-11-19,276.08,276.08,272.59,273.72,957818,1.0,0.0
2021-11-22,274.34,279.63,273.98,277.06,803681,1.0,0.0
2021-11-23,276.67,279.855,274.68,279.73,1534462,1.0,0.0
2021-11-24,277.71,279.97,277.03,277.78,810440,1.0,0.0
2021-11-26,271.25,271.84,266.85,269.65,973499,1.0,0.0
2021-11-29,272.43,272.9,268.58,268.74,1129566,1.0,0.0
2021-11-30,266.29,269.225,264.6,265.27,1720281,1.0,0.0
2021-12-01,268.9,277.76,267.7,269.06,2017951,1.0,0.0
2021-12-02,270.68,282.05,269.48,278.82,2057317,1.0,0.0
2021-12-03,280.83,286.6,278.14,281.24,2138252,1.0,0.0
2021-12-06,284.07,289.83,282.68,287.23,1472193,1.0,0.0
2021-12-07,289.3,291.725,286.82,287.46,1308725,1.0,0.0
2021-12-08,287.52,289.01,284.625,286.5,910086,1.0,0.0
2021-12-09,285.68,289.3,283.58,286.95,905417,1.0,0.0
2021-12-10,288.76,290.33,287.03,289.53,969207,1.0,0.0
2021-12-13,288.19,291.03,283.95,284.49,1704603,1.0,0.0
2021-12-14,284.5,286.99,282.0,283.74,1148448,1.0,0.0
2021-12-15,285.15,287.86,282.98,287.77,1047460,1.0,0.0
2021-12-16,289.0,291.88,287.71,290.41,1349595,1.0,0.0
2021-12-17,290.22,290.22,284.24,284.79,2517746,1.0,0.0
2021-12-20,281.73,281.99,277.495,281.45,1215955,1.0,0.0
2021-12-21,284.0,286.13,282.375,285.17,952035,1.0,0.0
2021-12-22,284.42,286.93,283.38,285.29,794062,1.0,0.0
2021-12-23,285.1,289.43,284.99,287.53,1354179,1.0,0.0
2021-12-27,288.62,291.9965,287.79,291.53,951542,1.0,0.0
2021-12-28,291.17,295.0,291.17,293.29,935774,1.0,0.0
2021-12-29,293.33,296.64,292.75,295.75,610453,1.0,0.0
2021-12-30,296.14,296.87,293.76,294.73,689771,1.0,0.0
2021-12-31,294.4,299.195,293.32,297.71,760274,1.0,0.0
2022-01-03,298.5,298.99,289.37,292.35,768630,1.0,0.0
2022-01-04,290.34,297.58,290.21,294.72,1024505,1.0,0.0
2022-01-05,295.98,298.555,293.98,294.71,1224826,1.0,0.0
2022-01-06,296.65,298.25,293.63,296.64,815342,1.0,0.0
2022-01-07,296.18,298.75,293.06,296.81,897551,1.0,0.0
2022-01-10,296.86,296.98,286.97,287.97,1479230,1.0,0.0
2022-01-11,288.79,289.4,281.11,286.42,1229496,1.0,0.0
2022-01-12,287.16,289.68,287.1301,288.18,982687,1.0,0.0
2022-01-13,288.7,291.545,288.19,290.06,971208,1.0,0.0
2022-01-14,288.05,290.31,286.44,288.28,1117957,1.0,0.0
2022-01-18,285.88,287.37,273.78,275.81,2098764,1.0,0.0
2022-01-19,277.38,280.38,275.26,278.06,1462228,1.0,0.0
2022-01-20,277.87,285.305,277.87,279.21,1014616,1.0,0.0
2022-01-21,279.36,281.0,272.11,276.42,2021079,1.0,0.0
2022-01-24,270.65,276.67,267.69,276.31,1523733,1.0,0.0
2022-01-25,271.41,276.75,266.71,274.81,1438460,1.0,0.0
2022-01-26,279.0,280.0,266.125,269.03,1969506,1.0,0.0
2022-01-27,272.73,274.6,267.3508,269.75,1310629,1.0,0.0
2022-01-28,270.28,272.5,263.94,271.99,1053606,1.0,0.0
2022-01-31,270.95,272.665,268.75,271.99,1054740,1.0,0.0
2022-02-01,272.71,276.99,271.38,274.4,1049966,1.0,0.0
2022-02-02,274.48,280.31,274.19,280.08,1349236,1.0,0.0
2022-02-03,276.99,280.66,275.465,275.82,961226,1.0,1.24
2022-02-04,273.78,275.94,269.7,270.42,1132018,1.0,0.0
2022-02-07,271.79,271.79,262.65,264.04,1457162,1.0,0.0
2022-02-08,265.3,270.2,264.75,270.02,1041710,1.0,0.0
2022-02-09,272.6,275.05,271.54,273.96,768798,1.0,0.0
2022-02-10,270.74,276.81,269.63,272.33,2161337,1.0,0.0
2022-02-11,271.62,274.1,264.72,267.21,1039136,1.0,0.0
2022-02-14,268.09,273.17,266.6,272.27,1287195,1.0,0.0
2022-02-15,274.72,277.87,273.43,275.13,1043619,1.0,0.0
2022-02-16,274.51,277.62,272.06,276.76,1181471,1.0,0.0
2022-02-17,274.55,276.03,272.56,273.23,908413,1.0,0.0
2022-02-18,273.43,276.29,269.95,270.22,1141771,1.0,0.0
2022-02-22,270.81,272.02,257.94,258.35,3294412,1.0,0.0
2022-02-23,259.18,259.79,250.455,253.66,2816796,1.0,0.0
2022-02-24,251.14,254.47,247.864,254.04,1829655,1.0,0.0
2022-02-25,255.64,262.42,255.3,260.43,1330915,1.0,0.0
2022-02-28,256.49,258.865,253.66,256.52,2734544,1.0,0.0
2022-03-01,256.7,259.33,253.74,255.07,1848465,1.0,0.0
2022-03-02,257.49,271.08,256.4625,269.22,2299986,1.0,0.0
2022-03-03,270.37,277.16,270.37,272.0,1492321,1.0,0.0
2022-03-04,269.53,284.73,269.08,284.57,2181546,1.0,0.0
2022-03-07,284.43,290.83,278.0,278.31,1957951,1.0,0.0
2022-03-08,279.41,280.78,265.1,265.67,1907484,1.0,0.0
2022-03-09,270.5,271.54,261.72,263.79,1536668,1.0,0.0
2022-03-10,261.0,270.98,260.03,269.85,1969573,1.0,0.0
2022-03-11,270.46,273.78,267.09,267.34,837907,1.0,0.0
2022-03-14,269.56,270.06,263.93,266.09,944480,1.0,0.0
2022-03-15,268.78,269.64,263.22,268.06,903243,1.0,0.0
2022-03-16,270.41,273.94,268.64,273.32,1353149,1.0,0.0
2022-03-17,272.51,274.43,269.29,274.39,1105681,1.0,0.0
2022-03-18,265.63,275.17,265.63,274.83,2437880,1.0,0.0
2022-03-21,275.7,281.01,274.94,278.15,1029456,1.0,0.0
2022-03-22,279.87,280.0,274.73,278.95,1020292,1.0,0.0
2022-03-23,278.29,280.87,276.16,277.23,1149751,1.0,0.0
2022-03-24,277.6,282.28,277.6,279.55,924543,1.0,0.0
2022-03-25,280.34,283.49,279.02,283.36,898752,1.0,0.0
2022-03-28,283.66,284.87,280.55,284.62,759006,1.0,0.0
2022-03-29,285.56,286.3345,279.29,285.66,1025803,1.0,0.0
2022-03-30,288.94,289.565,285.33,289.15,1653303,1.0,0.0
2022-03-31,287.99,291.55,285.22,285.22,1365584,1.0,0.0
2022-04-01,285.2,285.57,264.53,265.84,2387357,1.0,0.0
2022-04-04,265.17,267.11,261.79,266.9,1482438,1.0,0.0
2022-04-05,266.15,272.75,261.85,262.25,1808984,1.0,0.0
2022-04-06,261.23,261.61,254.05,256.93,2053149,1.0,0.0
2022-04-07,256.53,260.26,252.565,258.66,1399320,1.0,0.0
2022-04-08,255.8,260.84,254.1,258.15,1150766,1.0,0.0
2022-04-11,258.09,259.87,254.625,255.81,1200735,1.0,0.0
2022-04-12,256.36,261.53,256.17,258.72,1293714,1.0,0.0
2022-04-13,258.72,262.05,258.72,260.93,937144,1.0,0.0
2022-04-14,261.83,264.74,261.275,263.06,2129526,1.0,0.0
2022-04-18,261.99,265.19,260.5701,262.51,1759146,1.0,0.0
2022-04-19,264.63,265.72,263.19,264.86,1394616,1.0,0.0
2022-04-20,265.79,270.19,265.79,267.91,1216081,1.0,0.0
2022-04-21,270.3,276.65,268.7,269.82,1571581,1.0,0.0
2022-04-22,268.04,268.56,258.46,258.59,1403977,1.0,0.0
2022-04-25,257.58,260.22,253.185,259.74,1165751,1.0,0.0
2022-04-26,258.51,260.1705,254.64,254.64,1602632,1.0,0.0
2022-04-27,254.78,264.0,253.01,262.53,2340777,1.0,0.0
2022-04-28,262.85,269.05,262.02,265.85,1470370,1.0,0.0
2022-04-29,263.94,265.89,257.01,257.88,1591064,1.0,0.0
2022-05-02,258.15,260.64,251.84,256.61,1397099,1.0,0.0
2022-05-03,255.9,259.04,254.71,256.08,1648616,1.0,0.0
2022-05-04,258.46,265.32,257.4,264.67,1779949,1.0,0.0
2022-05-05,261.0,262.53,254.76,256.87,1159796,1.0,1.24
2022-05-06,256.34,256.49,249.84,255.74,1124471,1.0,0.0
2022-05-09,253.09,254.39,248.515,249.5,1319579,1.0,0.0
2022-05-10,252.02,254.17,242.23,245.75,1453326,1.0,0.0
2022-05-11,246.07,251.54,245.315,246.54,876451,1.0,0.0
2022-05-12,245.84,248.54,240.38,246.06,1352080,1.0,0.0
2022-05-13,247.98,253.055,246.82,249.32,1116431,1.0,0.0
2022-05-16,248.94,250.365,246.45,247.1,745113,1.0,0.0
2022-05-17,249.93,252.785,248.23,251.7,1189611,1.0,0.0
2022-05-18,250.68,250.83,237.175,237.57,1700088,1.0,0.0
2022-05-19,228.87,233.77,225.165,228.03,1698341,1.0,0.0
2022-05-20,228.63,229.57,222.54,228.86,1518574,1.0,0.0
2022-05-23,230.86,233.58,229.77,232.79,1160268,1.0,0.0
2022-05-24,231.08,232.67,227.2062,232.31,1091904,1.0,0.0
2022-05-25,232.77,234.61,230.815,232.61,1147163,1.0,0.0
2022-05-26,234.71,239.43,234.52,236.7,949957,1.0,0.0
2022-05-27,238.36,241.94,237.58,241.03,1077824,1.0,0.0
2022-05-31,241.08,242.14,238.06,239.66,2465200,1.0,0.0
2022-06-01,241.84,244.07,239.86,241.94,1164337,1.0,0.0
2022-06-02,244.12,247.12,240.56,246.81,1004654,1.0,0.0
2022-06-03,245.32,247.62,243.215,244.66,802957,1.0,0.0
2022-06-06,245.64,246.0,242.52,244.68,721683,1.0,0.0
2022-06-07,239.56,250.05,238.41,249.4,1088118,1.0,0.0
2022-06-08,247.07,248.11,241.94,242.81,939871,1.0,0.0
2022-06-09,241.74,243.625,237.185,237.45,846164,1.0,0.0
2022-06-10,232.55,234.06,228.05,229.36,1343186,1.0,0.0
2022-06-13,224.67,227.05,221.72,223.07,1425740,1.0,0.0
2022-06-14,225.32,228.63,221.44,222.81,1215247,1.0,0.0
2022-06-15,225.01,228.92,220.85,224.5,1134191,1.0,0.0
2022-06-16,219.51,224.61,219.31,222.79,1582620,1.0,0.0
2022-06-17,220.07,223.33,220.05,221.47,2192756,1.0,0.0
2022-06-21,225.24,226.818,223.18,224.2,1057162,1.0,0.0
2022-06-22,221.23,226.155,221.23,224.14,1118665,1.0,0.0
2022-06-23,224.84,225.91,220.08,221.69,1106036,1.0,0.0
2022-06-24,222.5,231.08,222.5,230.43,1486623,1.0,0.0
2022-06-27,230.7,231.04,226.63,227.73,972972,1.0,0.0
2022-06-28,231.15,233.88,226.0001,226.39,944995,1.0,0.0
2022-06-29,227.19,228.45,223.215,227.13,751655,1.0,0.0
2022-06-30,224.6,228.14,223.2,227.29,1091325,1.0,0.0
2022-07-01,227.1,230.26,224.64,228.55,698157,1.0,0.0
2022-07-05,225.66,227.17,221.47,224.18,932481,1.0,0.0
2022-07-06,223.89,227.28,223.49,225.74,1075544,1.0,0.0
2022-07-07,226.13,229.165,225.04,228.75,767279,1.0,0.0
2022-07-08,228.35,229.16,222.37,226.2,899854,1.0,0.0
2022-07-11,224.72,227.505,224.3,225.57,983103,1.0,0.0
2022-07-12,221.48,224.0,219.69,222.36,1363210,1.0,0.0
2022-07-13,219.35,223.605,217.885,221.47,1118717,1.0,0.0
2022-07-14,217.55,222.02,217.0,221.7,941298,1.0,0.0
2022-07-15,228.95,230.3,225.45,227.89,3217853,1.0,0.0
2022-07-18,229.45,232.235,228.47,229.06,955045,1.0,0.0
2022-07-19,231.33,236.51,230.25,236.19,1049380,1.0,0.0
2022-07-20,236.2,238.5,234.09,237.87,1358404,1.0,0.0
2022-07-21,237.53,243.37,237.53,242.11,1455125,1.0,0.0
2022-07-22,242.31,245.25,241.32,243.1,1064423,1.0,0.0
2022-07-25,242.54,247.03,241.76,246.9,1002639,1.0,0.0
2022-07-26,245.51,247.72,244.165,244.61,1097297,1.0,0.0
2022-07-27,241.47,244.57,236.12,243.24,2024507,1.0,0.0
2022-07-28,245.7,245.965,240.92,244.83,1257062,1.0,0.0
2022-07-29,245.31,252.1,244.89,251.17,1280844,1.0,0.0
2022-08-01,249.03,254.44,247.97,253.01,1150818,1.0,0.0
2022-08-02,252.56,252.5629,247.79,248.02,1446689,1.0,0.0
2022-08-03,249.14,251.365,249.02,250.3,758662,1.0,0.0
2022-08-04,250.62,253.1,249.74,250.93,1467792,1.0,0.0
2022-08-05,248.18,251.54,247.77,251.02,627594,1.0,1.24
2022-08-08,252.75,254.16,249.61,249.74,1220866,1.0,0.0
2022-08-09,250.0,251.59,249.07,249.34,701914,1.0,0.0
2022-08-10,253.72,258.75,252.63,257.57,1352300,1.0,0.0
2022-08-11,259.07,264.11,259.07,260.21,1140539,1.0,0.0
2022-08-12,261.1,261.95,260.1767,261.84,863523,1.0,0.0
2022-08-15,260.67,261.36,256.74,257.06,1126962,1.0,0.0
2022-08-16,255.83,259.04,255.61,257.61,1456486,1.0,0.0
2022-08-17,255.05,258.31,253.63,257.8,949879,1.0,0.0
2022-08-18,258.43,259.24,256.72,258.6,729560,1.0,0.0
2022-08-19,257.4,257.89,255.11,255.75,822030,1.0,0.0
2022-08-22,252.86,257.335,251.42,256.91,1296648,1.0,0.0
2022-08-23,256.74,259.2,255.98,258.3,985539,1.0,0.0
2022-08-24,258.25,261.045,257.87,259.82,1185852,1.0,0.0
2022-08-25,261.57,263.38,260.67,262.99,726394,1.0,0.0
2022-08-26,262.88,264.22,252.88,252.99,816505,1.0,0.0
2022-08-29,251.98,254.98,250.56,251.85,904701,1.0,0.0
2022-08-30,251.81,251.88,242.13,244.77,1858695,1.0,0.0
2022-08-31,245.99,245.99,242.74,243.13,1431652,1.0,0.0
2022-09-01,241.28,242.16,239.1949,241.13,2038626,1.0,0.0
2022-09-02,243.91,244.08,237.795,239.26,1881705,1.0,0.0
2022-09-06,237.01,242.57,236.53,239.91,1368887,1.0,0.0
2022-09-07,238.71,244.06,238.71,243.22,1199647,1.0,0.0
2022-09-08,242.53,246.06,241.84,245.93,856097,1.0,0.0
2022-09-09,247.18,250.76,247.18,249.85,1581243,1.0,0.0
2022-09-12,251.58,252.18,248.7401,250.58,1138861,1.0,0.0
2022-09-13,246.21,248.25,242.3,243.3,1111967,1.0,0.0
2022-09-14,242.29,242.655,233.1,238.04,2008684,1.0,0.0
2022-09-15,243.87,244.52,237.13,238.86,1378188,1.0,0.0
2022-09-16,233.52,236.02,228.76,233.98,2843761,1.0,0.0
2022-09-19,233.01,237.19,232.39,236.09,922002,1.0,0.0
2022-09-20,232.7,234.07,227.44,229.59,1774855,1.0,0.0
2022-09-21,231.45,234.49,227.76,227.89,945889,1.0,0.0
2022-09-22,227.12,227.44,223.6,224.71,904654,1.0,0.0
2022-09-23,221.64,222.135,216.03,217.65,1410171,1.0,0.0
2022-09-26,216.37,217.5,212.685,214.76,1520991,1.0,0.0
2022-09-27,215.0,216.94,211.66,213.84,1266905,1.0,0.0
2022-09-28,212.6,218.307,212.27,216.72,1215151,1.0,0.0
2022-09-29,214.4,216.15,212.535,214.55,990310,1.0,0.0
2022-09-30,214.0,214.71,209.59,209.65,1246324,1.0,0.0
2022-10-03,211.41,218.44,211.14,216.8,890111,1.0,0.0
2022-10-04,219.33,223.46,219.33,223.17,928536,1.0,0.0
2022-10-05,220.72,222.86,219.25,221.02,1013068,1.0,0.0
2022-10-06,220.1,221.81,218.17,218.93,785479,1.0,0.0
2022-10-07,215.93,217.06,212.965,214.57,987085,1.0,0.0
2022-10-10,216.63,217.0,212.1,212.24,977666,1.0,0.0
2022-10-11,210.75,215.29,210.125,212.79,1310531,1.0,0.0
2022-10-12,212.35,215.855,211.27,211.32,884656,1.0,0.0
2022-10-13,205.54,217.62,204.26,215.61,1117786,1.0,0.0
2022-10-14,217.51,218.64,213.19,213.49,978549,1.0,0.0
2022-10-17,216.69,219.3,216.56,219.1,1372025,1.0,0.0
2022-10-18,223.21,224.62,219.3775,222.34,1806699,1.0,0.0
2022-10-19,221.0,221.62,217.51,217.62,1402693,1.0,0.0
2022-10-20,213.6,217.125,203.65,204.87,3397666,1.0,0.0
2022-10-21,205.79,210.76,204.64,208.04,5178944,1.0,0.0
2022-10-24,210.45,214.58,209.95,213.23,1594344,1.0,0.0
2022-10-25,213.74,217.58,213.02,215.77,2527658,1.0,0.0
2022-10-26,220.54,226.72,218.22,222.12,2118904,1.0,0.0
2022-10-27,223.9,226.7866,223.19,223.59,1534446,1.0,0.0
2022-10-28,224.52,229.74,223.88,229.14,1475322,1.0,0.0
2022-10-31,227.49,231.13,227.48,228.07,1783354,1.0,0.0
2022-11-01,230.2,231.495,227.78,229.99,1314436,1.0,0.0
2022-11-02,228.84,234.705,225.35,225.4,1206591,1.0,0.0
2022-11-03,221.65,229.51,221.02,227.21,1538792,1.0,1.24
2022-11-04,229.84,233.98,229.3,233.8,1661073,1.0,0.0
2022-11-07,234.98,236.58,233.24,235.63,1216017,1.0,0.0
2022-11-08,236.82,237.78,232.37,236.32,1280786,1.0,0.0
2022-11-09,235.09,235.81,230.02,230.54,1014436,1.0,0.0
2022-11-10,238.92,243.35,237.88,242.98,1034388,1.0,0.0
2022-11-11,246.35,252.71,244.57,250.91,1641146,1.0,0.0
2022-11-14,248.75,256.19,248.75,251.68,1546609,1.0,0.0
2022-11-15,254.73,254.94,245.56,248.14,1937160,1.0,0.0
2022-11-16,248.4,251.93,248.11,249.72,1406766,1.0,0.0
2022-11-17,245.48,247.04,241.94,245.56,1079763,1.0,0.0
2022-11-18,247.74,248.2238,245.335,246.76,889255,1.0,0.0
2022-11-21,246.07,249.32,242.65,249.26,1113517,1.0,0.0
2022-11-22,250.88,253.9099,248.58,251.1,1088191,1.0,0.0
2022-11-23,249.67,253.08,249.04,251.11,896381,1.0,0.0
2022-11-25,252.03,254.49,251.72,252.32,347481,1.0,0.0
2022-11-28,249.99,252.35,247.37,248.55,948796,1.0,0.0
2022-11-29,250.68,253.51,249.37,253.36,855203,1.0,0.0
2022-11-30,252.88,257.35,249.17,256.5,1577898,1.0,0.0
2022-12-01,258.35,258.975,253.91,256.36,1314399,1.0,0.0
2022-12-02,252.84,255.55,250.38,254.07,1127603,1.0,0.0
2022-12-05,251.29,251.695,247.18,247.31,1181052,1.0,0.0
2022-12-06,247.33,248.13,236.93,242.55,1756490,1.0,0.0
2022-12-07,242.47,244.55,240.28,241.55,1445129,1.0,0.0
2022-12-08,242.77,246.51,242.51,245.67,897754,1.0,0.0
2022-12-09,245.03,246.245,243.95,244.05,697619,1.0,0.0
2022-12-12,245.16,253.39,244.02,253.05,1402547,1.0,0.0
2022-12-13,259.37,261.06,255.19,257.93,1929546,1.0,0.0
2022-12-14,257.51,261.71,256.35,258.42,1482075,1.0,0.0
2022-12-15,254.63,256.19,250.74,252.29,1316030,1.0,0.0
2022-12-16,248.28,251.06,246.13,250.6,2077465,1.0,0.0
2022-12-19,250.83,252.22,245.37,247.0,1036294,1.0,0.0
2022-12-20,246.1,246.48,240.67,242.92,1369427,1.0,0.0
2022-12-21,245.18,246.72,243.01,246.7,1144562,1.0,0.0
2022-12-22,244.71,245.56,242.72,245.45,927578,1.0,0.0
2022-12-23,244.9,248.5,244.9,247.5,545336,1.0,0.0
2022-12-27,248.1,250.07,247.001,249.52,750027,1.0,0.0
2022-12-28,249.73,250.41,245.45,245.79,560491,1.0,0.0
2022-12-29,247.24,249.48,246.16,248.21,520034,1.0,0.0
2022-12-30,246.67,247.69,243.94,246.42,637686,1.0,0.0
2023-01-03,247.11,248.3,244.7,247.7,941607,1.0,0.0
2023-01-04,246.52,251.5,246.23,250.9,988259,1.0,0.0
2023-01-05,249.36,250.95,246.79,247.48,982643,1.0,0.0
2023-01-06,250.43,256.6,248.55,255.79,897057,1.0,0.0
2023-01-09,256.49,257.5,253.03,254.23,1098794,1.0,0.0
2023-01-10,254.11,254.86,251.13,254.65,618311,1.0,0.0
2023-01-11,256.28,256.38,252.67,256.14,800159,1.0,0.0
2023-01-12,257.59,257.59,254.08,254.17,1127089,1.0,0.0
2023-01-13,251.72,255.835,251.54,255.13,929275,1.0,0.0
2023-01-17,256.4,259.57,253.86,256.66,1526409,1.0,0.0
2023-01-18,256.89,260.2,254.0,254.67,1237282,1.0,0.0
2023-01-19,253.28,253.8,249.2625,249.88,985854,1.0,0.0
2023-01-20,250.94,254.41,249.48,253.66,3084000,1.0,0.0
2023-01-23,252.68,259.67,252.46,256.44,1397891,1.0,0.0
2023-01-24,253.13,257.76,250.16,255.88,1429859,1.0,0.0
2023-01-25,251.25,251.925,240.17,242.97,2643968,1.0,0.0
2023-01-26,243.86,245.41,235.42,241.18,1676503,1.0,0.0
2023-01-27,241.22,244.66,237.74,238.81,1690864,1.0,0.0
2023-01-30,237.17,240.94,237.17,238.21,1070062,1.0,0.0
2023-01-31,238.92,245.98,238.37,245.81,2112790,1.0,0.0
2023-02-01,244.27,250.27,242.73,248.79,1093529,1.0,0.0
2023-02-02,247.97,255.9,247.67,254.84,1142831,1.0,1.35
2023-02-03,252.62,255.315,250.93,252.12,1048124,1.0,0.0
2023-02-06,250.31,250.6,245.76,246.46,1070758,1.0,0.0
2023-02-07,245.0,248.51,243.57,247.67,1146598,1.0,0.0
2023-02-08,246.31,248.33,245.02,246.62,826736,1.0,0.0
2023-02-09,247.93,248.94,238.8482,238.98,1109161,1.0,0.0
2023-02-10,238.0,242.68,237.63,242.61,1193502,1.0,0.0
2023-02-13,236.98,242.91,236.188,239.71,2889345,1.0,0.0
2023-02-14,239.01,239.01,231.43,235.28,2941521,1.0,0.0
2023-02-15,232.32,238.65,228.94,238.29,2207583,1.0,0.0
2023-02-16,235.26,237.83,230.0,230.02,3169479,1.0,0.0
2023-02-17,228.6,232.62,226.5,228.15,5012395,1.0,0.0
2023-02-21,227.0,228.45,222.4,224.55,2837453,1.0,0.0
2023-02-22,225.22,226.94,220.03,221.99,2384968,1.0,0.0
2023-02-23,224.14,224.625,220.2554,223.86,1968239,1.0,0.0
2023-02-24,220.94,225.0,220.49,224.77,1503855,1.0,0.0
2023-02-27,228.0,232.5,224.98,225.31,1755320,1.0,0.0
2023-02-28,224.39,227.915,223.35,224.82,1573248,1.0,0.0
2023-03-01,224.16,226.88,224.01,225.41,1096934,1.0,0.0
2023-03-02,223.68,229.77,223.56,228.61,1198896,1.0,0.0
2023-03-03,229.17,229.43,226.79,228.39,1499547,1.0,0.0
2023-03-06,227.64,227.87,222.34,222.42,1538298,1.0,0.0
2023-03-07,221.25,221.53,214.31,215.18,2692459,1.0,0.0
2023-03-08,214.93,217.125,214.42,216.31,1574484,1.0,0.0
2023-03-09,216.78,216.8772,212.22,213.21,1622977,1.0,0.0
2023-03-10,213.36,217.82,209.65,210.45,1630358,1.0,0.0
2023-03-13,208.61,212.94,207.425,207.63,1872990,1.0,0.0
2023-03-14,210.99,212.13,205.27,208.08,1501953,1.0,0.0
2023-03-15,204.83,207.745,202.99,205.18,2039304,1.0,0.0
2023-03-16,202.91,208.535,202.4,207.44,1981382,1.0,0.0
2023-03-17,207.86,208.02,202.7,203.9,2713794,1.0,0.0
2023-03-20,204.43,206.33,203.92,205.33,1131233,1.0,0.0
2023-03-21,207.38,208.97,204.28,205.39,1823172,1.0,0.0
2023-03-22,205.41,206.91,200.32,200.58,1636358,1.0,0.0
2023-03-23,201.31,202.69,198.29,199.42,1647591,1.0,0.0
2023-03-24,197.49,200.645,196.33,200.26,1398155,1.0,0.0
2023-03-27,202.03,203.32,200.6,202.93,1173989,1.0,0.0
2023-03-28,202.15,204.72,201.98,204.59,1571526,1.0,0.0
2023-03-29,207.04,207.74,205.7929,207.25,1343730,1.0,0.0
2023-03-30,209.31,210.64,207.77,208.84,997516,1.0,0.0
2023-03-31,209.43,212.67,209.0,212.0,1451742,1.0,0.0
2023-04-03,210.69,212.04,207.47,208.78,1111311,1.0,0.0
2023-04-04,210.09,210.375,204.0,205.02,2551956,1.0,0.0
2023-04-05,205.0,205.7,202.66,203.04,2342830,1.0,0.0
2023-04-06,203.37,205.8,202.1201,205.41,3111568,1.0,0.0
2023-04-10,203.63,204.8946,201.9201,202.31,2572187,1.0,0.0
2023-04-11,203.78,206.815,203.685,205.82,2325747,1.0,0.0
2023-04-12,207.24,208.755,205.64,206.32,1080273,1.0,0.0
2023-04-13,206.82,207.64,204.955,206.98,1393091,1.0,0.0
2023-04-14,207.24,209.54,206.53,207.59,1432769,1.0,0.0
2023-04-17,208.33,209.995,207.4,209.71,1283216,1.0,0.0
2023-04-18,210.02,211.8999,209.1,209.69,1305200,1.0,0.0
2023-04-19,208.55,210.48,208.45,209.84,1002841,1.0,0.0
2023-04-20,209.91,213.35,209.91,211.82,1108975,1.0,0.0
2023-04-21,212.55,215.18,211.43,211.61,3479651,1.0,0.0
2023-04-24,211.34,213.01,210.96,211.91,1056786,1.0,0.0
2023-04-25,210.0,210.185,206.17,207.12,1301392,1.0,0.0
2023-04-26,205.0,207.745,200.28,201.02,1857928,1.0,0.0
2023-04-27,200.9,201.985,197.83,200.86,1479000,1.0,0.0
2023-04-28,199.64,205.7,199.54,203.03,1211510,1.0,0.0
2023-05-01,203.17,209.195,203.17,208.61,1766718,1.0,0.0
2023-05-02,207.42,208.285,202.39,203.89,1460045,1.0,0.0
2023-05-03,204.99,206.82,202.83,202.98,1143429,1.0,0.0
2023-05-04,200.73,203.97,199.49,203.93,1264931,1.0,1.35
2023-05-05,205.51,210.75,205.075,208.72,1183119,1.0,0.0
2023-05-08,209.92,210.97,206.73,207.08,1414023,1.0,0.0
2023-05-09,206.32,208.935,204.66,208.3,1194237,1.0,0.0
2023-05-10,209.79,210.48,206.0101,208.5,1591393,1.0,0.0
2023-05-11,209.27,211.31,207.0501,210.31,1802684,1.0,0.0
2023-05-12,211.41,212.02,209.61,211.91,1250698,1.0,0.0
2023-05-15,212.55,214.57,210.99,212.92,1312730,1.0,0.0
2023-05-16,213.26,213.66,211.74,212.46,1157627,1.0,0.0
2023-05-17,213.85,216.77,213.14,214.98,1374017,1.0,0.0
2023-05-18,214.09,216.66,208.67,216.17,2225052,1.0,0.0
2023-05-19,217.8,218.745,216.03,217.74,2127033,1.0,0.0
2023-05-22,223.94,223.99,217.19,218.24,1875386,1.0,0.0
2023-05-23,217.23,218.5,212.3,214.0,2378261,1.0,0.0
2023-05-24,212.65,214.85,209.55,210.98,1418347,1.0,0.0
2023-05-25,210.23,212.28,209.905,211.22,1041298,1.0,0.0
2023-05-26,211.22,212.04,209.4701,210.57,1144975,1.0,0.0
2023-05-30,210.64,211.47,207.9,211.19,851476,1.0,0.0
2023-05-31,209.37,210.35,206.92,208.18,1449810,1.0,0.0
2023-06-01,209.55,212.53,208.925,212.21,922866,1.0,0.0
2023-06-02,214.23,217.99,213.09,215.87,1052830,1.0,0.0
2023-06-05,215.82,215.82,213.67,214.35,816200,1.0,0.0
2023-06-06,213.29,214.6,210.925,212.2,1118097,1.0,0.0
2023-06-07,212.14,218.44,210.54,218.16,1591367,1.0,0.0
2023-06-08,217.99,218.12,214.29,217.61,1079034,1.0,0.0
2023-06-09,218.01,219.155,215.19,216.18,975606,1.0,0.0
2023-06-12,215.65,216.39,212.46,215.94,809015,1.0,0.0
2023-06-13,215.9,218.48,214.73,218.26,1091225,1.0,0.0
2023-06-14,219.33,225.7136,218.465,221.4,1700205,1.0,0.0
2023-06-15,220.71,224.15,220.71,223.3,1052806,1.0,0.0
2023-06-16,225.67,226.0,223.645,224.14,1996869,1.0,0.0
2023-06-20,221.74,223.18,220.025,220.4,870543,1.0,0.0
2023-06-21,219.23,222.35,218.745,220.79,984727,1.0,0.0
2023-06-22,220.72,221.06,219.35,220.11,624042,1.0,0.0
2023-06-23,218.73,219.12,216.38,218.0,1186734,1.0,0.0
2023-06-26,218.72,222.88,218.52,221.85,1030529,1.0,0.0
2023-06-27,222.04,224.6256,221.32,222.59,940388,1.0,0.0
2023-06-28,222.22,223.825,220.01,223.16,859167,1.0,0.0
2023-06-29,222.36,226.1,221.75,225.98,867026,1.0,0.0
2023-06-30,227.13,227.59,223.97,226.76,1458184,1.0,0.0
2023-07-03,225.06,229.815,224.24,228.88,561842,1.0,0.0
2023-07-05,226.11,227.51,225.43,227.19,1235765,1.0,0.0
2023-07-06,225.0,227.96,224.31,227.21,1306780,1.0,0.0
2023-07-07,226.59,229.03,226.01,226.72,786390,1.0,0.0
2023-07-10,226.74,229.03,226.74,228.93,842188,1.0,0.0
2023-07-11,231.46,232.62,229.64,232.02,1206970,1.0,0.0
2023-07-12,233.79,233.83,230.5901,230.97,1138334,1.0,0.0
2023-07-13,231.56,233.92,230.825,233.52,777840,1.0,0.0
2023-07-14,233.57,234.86,232.86,234.78,948249,1.0,0.0
2023-07-17,234.4,234.4,231.4,233.18,882228,1.0,0.0
2023-07-18,233.0,235.53,232.46,235.14,803004,1.0,0.0
2023-07-19,235.0,237.81,234.99,237.41,809193,1.0,0.0
2023-07-20,238.49,238.83,236.075,237.49,992834,1.0,0.0
2023-07-21,232.94,235.0,227.41,233.01,2689857,1.0,0.0
2023-07-24,232.98,236.46,232.98,235.37,966744,1.0,0.0
2023-07-25,234.67,237.545,233.98,237.18,1056133,1.0,0.0
2023-07-26,238.75,239.0,234.11,236.93,2003643,1.0,0.0
2023-07-27,236.94,237.735,232.05,235.34,2041239,1.0,0.0
2023-07-28,236.23,237.895,234.62,236.66,1281645,1.0,0.0
2023-07-31,235.7,236.345,233.21,233.59,1130373,1.0,0.0
2023-08-01,233.23,235.554,232.26,233.97,991955,1.0,0.0
2023-08-02,232.92,233.31,229.78,230.22,1255624,1.0,0.0
2023-08-03,228.23,228.64,226.755,227.28,951787,1.0,1.35
2023-08-04,226.88,229.31,223.31,224.64,1772594,1.0,0.0
2023-08-07,226.13,226.357,222.76,224.28,1110183,1.0,0.0
2023-08-08,222.65,222.99,219.17,219.58,1789174,1.0,0.0
2023-08-09,219.21,219.36,217.38,218.0,1400424,1.0,0.0
2023-08-10,218.77,219.51,216.91,217.49,967508,1.0,0.0
2023-08-11,216.57,216.97,214.7,215.91,1192659,1.0,0.0
2023-08-14,214.7,215.74,213.08,215.43,834311,1.0,0.0
2023-08-15,214.64,214.64,208.49,208.85,1467312,1.0,0.0
2023-08-16,208.56,210.3799,207.0,207.64,1007997,1.0,0.0
2023-08-17,207.91,210.99,207.884,208.49,980737,1.0,0.0
2023-08-18,207.64,212.94,207.64,212.11,1184769,1.0,0.0
2023-08-21,211.04,212.4909,209.24,210.09,1170653,1.0,0.0
2023-08-22,210.66,211.46,207.66,208.72,817681,1.0,0.0
2023-08-23,208.72,210.82,208.61,210.6,625999,1.0,0.0
2023-08-24,209.8,211.28,208.47,208.56,629736,1.0,0.0
2023-08-25,209.6,211.555,208.85,210.65,667996,1.0,0.0
2023-08-28,210.05,214.53,210.05,211.2,881966,1.0,0.0
2023-08-29,210.95,211.33,207.32,207.73,1603492,1.0,0.0
2023-08-30,208.58,211.12,208.265,209.43,1234190,1.0,0.0
2023-08-31,209.58,209.58,204.89,205.01,1320362,1.0,0.0
2023-09-01,206.08,208.64,204.79,206.38,962644,1.0,0.0
2023-09-05,205.4,205.4,200.81,201.09,1628008,1.0,0.0
2023-09-06,201.17,201.8,197.72,198.42,1356841,1.0,0.0
2023-09-07,197.93,199.62,195.66,196.19,1246153,1.0,0.0
2023-09-08,196.42,197.85,194.6,195.64,1071122,1.0,0.0
2023-09-11,196.83,197.69,195.41,195.97,1028649,1.0,0.0
2023-09-12,195.06,199.57,194.05,198.55,1520911,1.0,0.0
2023-09-13,198.74,201.58,197.12,200.73,1500244,1.0,0.0
2023-09-14,202.61,206.98,202.24,206.6,1587039,1.0,0.0
2023-09-15,205.97,206.675,203.21,204.03,1668673,1.0,0.0
2023-09-18,204.39,205.75,202.06,204.13,931110,1.0,0.0
2023-09-19,203.56,204.897,199.5,201.91,1116499,1.0,0.0
2023-09-20,202.86,206.65,202.86,205.29,1586381,1.0,0.0
2023-09-21,204.15,204.3937,201.115,201.28,1162030,1.0,0.0
2023-09-22,200.67,204.86,200.645,202.5,1059313,1.0,0.0
2023-09-25,201.29,203.31,201.29,202.88,1100322,1.0,0.0
2023-09-26,201.59,202.32,198.17,198.27,931200,1.0,0.0
2023-09-27,199.21,199.89,194.39,196.22,1028558,1.0,0.0
2023-09-28,196.09,199.01,195.36,197.38,986717,1.0,0.0
2023-09-29,199.28,199.5319,196.31,196.93,740354,1.0,0.0
2023-10-02,189.17,192.01,186.82,191.5,2073399,1.0,0.0
2023-10-03,190.08,194.64,190.0,192.42,989366,1.0,0.0
2023-10-04,192.13,194.0,190.81,192.96,820243,1.0,0.0
2023-10-05,192.09,192.84,188.6329,190.69,1037657,1.0,0.0
2023-10-06,189.43,193.58,188.5,191.51,1157610,1.0,0.0
2023-10-09,191.51,196.9221,191.33,195.75,1143306,1.0,0.0
2023-10-10,197.22,201.17,196.62,200.81,1430932,1.0,0.0
2023-10-11,201.01,203.4,200.55,202.0,1109309,1.0,0.0
2023-10-12,202.38,202.5,198.28,200.98,1062328,1.0,0.0
2023-10-13,201.71,204.105,200.56,200.94,752144,1.0,0.0
2023-10-16,202.56,210.17,201.92,207.55,2043169,1.0,0.0
2023-10-17,206.42,210.24,206.42,207.83,1021619,1.0,0.0
2023-10-18,206.38,207.08,203.29,203.44,910966,1.0,0.0
2023-10-19,205.52,206.09,199.92,200.09,1226270,1.0,0.0
2023-10-20,200.41,203.27,199.55,201.7,1246353,1.0,0.0
2023-10-23,200.37,201.54,196.4,196.9,1450657,1.0,0.0
2023-10-24,198.15,199.04,194.34,196.24,1667848,1.0,0.0
2023-10-25,186.05,195.0,183.09,185.79,2553580,1.0,0.0
2023-10-26,186.11,189.71,184.535,185.3,1706666,1.0,0.0
2023-10-27,184.15,186.78,183.76,184.53,1202106,1.0,0.0
2023-10-30,185.48,189.57,184.62,187.57,1127824,1.0,0.0
2023-10-31,188.26,191.92,187.75,190.79,989649,1.0,0.0
2023-11-01,191.58,192.8081,189.0,190.19,958940,1.0,0.0
2023-11-02,190.62,192.98,190.01,191.86,1215265,1.0,1.35
2023-11-03,194.73,195.815,193.85,194.56,985925,1.0,0.0
2023-11-06,194.46,196.03,192.53,195.28,1428546,1.0,0.0
2023-11-07,194.39,195.265,193.0,194.4,1037789,1.0,0.0
2023-11-08,195.52,195.98,194.215,194.81,1504407,1.0,0.0
2023-11-09,195.66,196.0,193.15,193.81,918674,1.0,0.0
2023-11-10,194.58,197.19,193.82,196.88,1214328,1.0,0.0
2023-11-13,195.97,199.355,195.76,199.07,1598431,1.0,0.0
2023-11-14,201.8,206.49,201.44,204.12,1314367,1.0,0.0
2023-11-15,204.9,209.13,204.9,207.01,1253884,1.0,0.0
2023-11-16,208.0,208.99,205.7,208.34,1188032,1.0,0.0
2023-11-17,210.0,211.62,208.2266,211.04,1219315,1.0,0.0
2023-11-20,210.51,212.555,208.61,212.12,1682753,1.0,0.0
2023-11-21,211.82,213.31,209.56,213.1,1169296,1.0,0.0
2023-11-22,214.18,214.56,212.46,213.91,923904,1.0,0.0
2023-11-24,214.21,216.11,213.4,215.86,606047,1.0,0.0
2023-11-27,214.61,214.82,211.13,211.88,1619239,1.0,0.0
2023-11-28,212.65,215.11,212.28,212.4,988624,1.0,0.0
2023-11-29,212.93,215.5,211.8,215.08,972289,1.0,0.0
2023-11-30,216.08,218.48,214.3217,218.16,2078847,1.0,0.0
2023-12-01,222.0,226.9543,220.12,226.47,1385867,1.0,0.0
2023-12-04,225.69,229.24,225.01,228.03,1444409,1.0,0.0
2023-12-05,226.63,226.97,223.51,223.91,921859,1.0,0.0
2023-12-06,225.11,228.74,223.87,228.08,1873591,1.0,0.0
2023-12-07,229.04,229.11,225.26,227.39,924888,1.0,0.0
2023-12-08,227.46,227.64,220.87,221.0,1480611,1.0,0.0
2023-12-11,221.94,222.96,220.8401,221.75,1106047,1.0,0.0
2023-12-12,222.08,223.12,221.0201,222.27,1066226,1.0,0.0
2023-12-13,221.72,227.79,220.26,227.61,1012264,1.0,0.0
2023-12-14,227.89,233.89,227.085,233.77,1537152,1.0,0.0
2023-12-15,230.65,234.75,230.56,232.27,1920177,1.0,0.0
2023-12-18,233.56,236.03,232.07,232.19,841958,1.0,0.0
2023-12-19,232.44,233.89,230.78,233.62,912593,1.0,0.0
2023-12-20,231.45,235.685,229.52,229.78,793178,1.0,0.0
2023-12-21,229.56,234.66,229.56,234.42,927531,1.0,0.0
2023-12-22,234.96,236.57,233.57,234.12,793266,1.0,0.0
2023-12-26,234.13,237.64,234.06,236.34,927891,1.0,0.0
2023-12-27,235.18,236.65,234.7,235.53,648189,1.0,0.0
2023-12-28,235.96,236.95,235.41,236.53,552314,1.0,0.0
2023-12-29,236.5,237.23,235.17,236.38,686636,1.0,0.0
2024-01-02,235.57,238.24,234.235,235.66,711086,1.0,0.0
2024-01-03,235.58,235.58,231.985,232.97,841365,1.0,0.0
2024-01-04,232.78,233.4134,230.84,231.02,932781,1.0,0.0
2024-01-05,231.08,231.9099,228.44,229.02,1245258,1.0,0.0
2024-01-08,228.57,229.95,226.08,229.71,1299417,1.0,0.0
2024-01-09,227.98,228.77,226.255,227.65,993012,1.0,0.0
2024-01-10,227.02,228.91,226.28,228.85,657568,1.0,0.0
2024-01-11,228.0,228.0,224.42,226.6,790695,1.0,0.0
2024-01-12,227.85,229.77,226.25,229.53,629291,1.0,0.0
2024-01-16,228.51,230.33,226.79,229.09,1067596,1.0,0.0
2024-01-17,225.17,228.53,224.5,226.14,1055676,1.0,0.0
2024-01-18,226.44,236.3,225.17,234.26,2866656,1.0,0.0
2024-01-19,234.72,235.975,232.7,234.05,1416619,1.0,0.0
2024-01-22,239.68,241.96,237.085,240.14,1669758,1.0,0.0
2024-01-23,241.83,242.66,239.08,241.56,1642107,1.0,0.0
2024-01-24,242.4,242.4,236.5,237.07,1266220,1.0,0.0
2024-01-25,238.81,239.85,235.23,237.85,2550765,1.0,0.0
2024-01-26,232.88,235.185,227.22,234.26,3665588,1.0,0.0
2024-01-29,231.65,239.225,229.37,238.41,2765251,1.0,0.0
2024-01-30,236.9,238.46,234.5,236.85,1798643,1.0,0.0
2024-01-31,237.86,238.91,235.05,235.24,1740369,1.0,0.0
2024-02-01,250.32,255.8,247.225,255.23,4001301,1.0,1.35
2024-02-02,253.65,254.01,248.36,251.08,2538098,1.0,0.0
2024-02-05,250.8,252.87,248.28,248.48,1252391,1.0,0.0
2024-02-06,248.49,253.5,248.02,251.86,952247,1.0,0.0
2024-02-07,252.44,253.24,250.09,250.55,1103765,1.0,0.0
2024-02-08,250.82,254.39,250.82,254.05,975163,1.0,0.0
2024-02-09,254.25,256.36,253.69,254.83,929217,1.0,0.0
2024-02-12,254.65,255.14,252.09,253.92,710420,1.0,0.0
2024-02-13,251.98,252.37,248.27,250.27,977883,1.0,0.0
2024-02-14,250.96,254.15,250.42,252.26,1572056,1.0,0.0
2024-02-15,253.21,257.0,253.21,254.34,1520283,1.0,0.0
2024-02-16,253.49,254.425,251.225,252.04,1154899,1.0,0.0
2024-02-20,255.92,257.75,251.34,253.79,1535055,1.0,0.0
2024-02-21,261.36,261.37,255.75,257.62,1347184,1.0,0.0
2024-02-22,257.55,258.15,255.86,256.19,1401414,1.0,0.0
2024-02-23,256.81,259.16,256.0,258.01,1207108,1.0,0.0
2024-02-26,256.66,258.84,253.485,254.55,1573790,1.0,0.0
2024-02-27,254.21,256.035,252.18,252.48,1461505,1.0,0.0
2024-02-28,252.26,255.23,251.42,253.55,1083158,1.0,0.0
2024-02-29,254.27,255.86,252.9,253.38,1490445,1.0,0.0
2024-03-01,252.9,257.85,252.85,257.49,1070251,1.0,0.0
2024-03-04,258.74,260.79,257.58,259.17,830947,1.0,0.0
2024-03-05,259.02,260.71,256.2383,257.35,807969,1.0,0.0
2024-03-06,256.89,258.7,254.11,254.39,1754918,1.0,0.0
2024-03-07,255.93,256.94,254.495,255.36,1088567,1.0,0.0
2024-03-08,255.82,259.87,255.82,259.54,882354,1.0,0.0
2024-03-11,259.31,259.77,255.77,258.26,839015,1.0,0.0
2024-03-12,257.91,261.46,257.495,260.8,806434,1.0,0.0
2024-03-13,259.85,263.66,259.18,263.13,1125915,1.0,0.0
2024-03-14,261.44,262.5,255.08,258.48,1376486,1.0,0.0
2024-03-15,255.39,258.67,255.11,255.83,2068766,1.0,0.0
2024-03-18,256.23,257.63,255.512,256.22,736569,1.0,0.0
2024-03-19,256.68,258.0474,255.2,256.6,664143,1.0,0.0
2024-03-20,258.0,261.57,256.135,261.23,962365,1.0,0.0
2024-03-21,262.23,262.855,257.48,257.79,1463083,1.0,0.0
2024-03-22,258.17,258.88,254.05,254.12,910441,1.0,0.0
2024-03-25,252.51,253.99,245.51,248.03,2349192,1.0,0.0
2024-03-26,248.0,251.01,245.6,247.22,1515258,1.0,0.0
2024-03-27,248.75,251.97,247.78,251.72,954430,1.0,0.0
2024-03-28,252.57,255.77,250.38,254.87,1001325,1.0,0.0
2024-04-01,254.41,254.555,250.5,252.0,608179,1.0,0.0
2024-04-02,250.66,252.21,249.58,250.76,685928,1.0,0.0
2024-04-03,251.06,253.97,250.5175,251.83,629544,1.0,0.0
2024-04-04,253.47,255.42,246.97,248.51,693951,1.0,0.0
2024-04-05,249.06,250.65,247.86,250.03,668802,1.0,0.0
2024-04-08,250.75,252.2369,249.65,250.26,861914,1.0,0.0
2024-04-09,252.84,256.445,249.98,253.39,1295179,1.0,0.0
2024-04-10,246.73,250.68,245.34,249.65,1077848,1.0,0.0
2024-04-11,249.89,251.6,246.45,249.73,751271,1.0,0.0
2024-04-12,247.13,248.87,243.975,245.74,1090600,1.0,0.0
2024-04-15,251.43,251.43,243.8,245.57,857844,1.0,0.0
2024-04-16,245.24,246.0679,242.06,242.91,823417,1.0,0.0
2024-04-17,242.91,243.275,239.08,239.34,1011058,1.0,0.0
2024-04-18,241.81,244.12,239.76,240.27,922154,1.0,0.0
2024-04-19,242.57,244.0,240.35,241.28,963434,1.0,0.0
2024-04-22,241.95,246.28,239.69,244.61,976086,1.0,0.0
2024-04-23,245.19,247.17,243.98,245.03,1148580,1.0,0.0
2024-04-24,239.95,241.775,232.15,236.22,2577908,1.0,0.0
2024-04-25,237.0,242.375,233.04,240.83,1854411,1.0,0.0
2024-04-26,238.11,242.6384,238.11,239.94,1461075,1.0,0.0
2024-04-29,239.99,242.73,237.92,241.44,1385051,1.0,0.0
2024-04-30,239.99,243.97,229.29,230.32,3569814,1.0,0.0
2024-05-01,229.83,234.17,228.11,230.58,1618504,1.0,0.0
2024-05-02,230.79,235.95,228.39,233.8,1643133,1.0,1.35
2024-05-03,237.0,237.5,233.98,235.55,1072692,1.0,0.0
2024-05-06,236.8,236.935,229.23,230.47,1605630,1.0,0.0
2024-05-07,232.64,233.2,230.32,232.32,1296309,1.0,0.0
2024-05-08,230.26,233.42,230.26,232.14,1182663,1.0,0.0
2024-05-09,219.98,227.27,219.98,226.33,4719229,1.0,0.0
2024-05-10,227.82,230.48,226.36,230.29,1986722,1.0,0.0
2024-05-13,230.9,231.81,230.27,230.98,2171928,1.0,0.0
2024-05-14,232.47,232.47,226.53,229.94,1831383,1.0,0.0
2024-05-15,231.91,232.29,230.25,231.36,1501267,1.0,0.0
2024-05-16,231.19,232.56,229.09,232.55,1290086,1.0,0.0
2024-05-17,233.42,233.72,230.74,231.47,1310831,1.0,0.0
2024-05-20,231.2,231.63,229.045,230.33,850078,1.0,0.0
2024-05-21,229.07,230.205,224.335,224.71,901837,1.0,0.0
2024-05-22,224.29,233.58,224.29,230.62,1776990,1.0,0.0
2024-05-23,232.31,232.5,225.53,226.3,1111002,1.0,0.0
2024-05-24,226.06,226.89,224.59,226.86,784943,1.0,0.0
2024-05-28,226.52,226.6293,221.92,222.81,881583,1.0,0.0
2024-05-29,221.0,221.06,218.63,219.01,1063573,1.0,0.0
2024-05-30,219.18,220.825,218.41,220.68,974026,1.0,0.0
2024-05-31,220.79,224.94,219.99,224.8,1934228,1.0,0.0
2024-06-03,226.16,226.2799,221.345,223.79,980917,1.0,0.0
2024-06-04,224.1,225.85,221.48,221.71,1041581,1.0,0.0
2024-06-05,223.67,224.0,220.42,223.3,569595,1.0,0.0
2024-06-06,223.55,225.22,222.34,224.7,760816,1.0,0.0
2024-06-07,224.45,226.85,222.5,224.07,781452,1.0,0.0
2024-06-10,223.99,225.68,223.56,225.11,752547,1.0,0.0
2024-06-11,223.32,225.46,223.1325,224.93,999470,1.0,0.0
2024-06-12,227.36,229.685,223.28,224.13,944439,1.0,0.0
2024-06-13,223.13,223.13,220.14,221.84,843317,1.0,0.0
2024-06-14,220.0,221.04,216.7244,219.9,925758,1.0,0.0
2024-06-17,218.77,221.98,218.32,220.9,807177,1.0,0.0
2024-06-18,221.53,222.51,220.9,221.94,801174,1.0,0.0
2024-06-20,220.97,225.18,220.846,224.5,798546,1.0,0.0
2024-06-21,225.35,225.35,222.3773,224.87,1231012,1.0,0.0
2024-06-24,225.26,228.9603,218.44,218.68,1893642,1.0,0.0
2024-06-25,213.19,215.5,206.71,213.37,2971942,1.0,0.0
2024-06-26,214.98,214.98,211.72,212.49,1521283,1.0,0.0
2024-06-27,212.85,213.3,208.82,209.9,2031527,1.0,0.0
2024-06-28,210.85,215.16,210.175,214.69,1584755,1.0,0.0
2024-07-01,214.9,216.36,212.16,214.06,749268,1.0,0.0
2024-07-02,214.08,215.58,213.715,215.55,1051082,1.0,0.0
2024-07-03,215.22,217.43,214.695,216.3,410016,1.0,0.0
2024-07-05,216.53,217.15,214.04,215.86,945731,1.0,0.0
2024-07-08,213.14,215.03,211.83,214.25,1120420,1.0,0.0
2024-07-09,212.75,214.37,210.89,213.75,1288342,1.0,0.0
2024-07-10,214.25,215.6,213.27,214.83,1034964,1.0,0.0
2024-07-11,216.15,221.18,215.09,220.94,1200928,1.0,0.0
2024-07-12,221.62,223.5,220.92,221.35,942825,1.0,0.0
2024-07-15,222.18,229.05,221.31,227.76,1058357,1.0,0.0
2024-07-16,228.26,235.76,228.26,234.79,1133377,1.0,0.0
2024-07-17,233.95,236.25,232.94,234.45,1056948,1.0,0.0
2024-07-18,233.32,234.44,230.19,230.38,991419,1.0,0.0
2024-07-19,231.94,231.94,226.39,227.95,1205008,1.0,0.0
2024-07-22,229.2,230.48,225.23,228.03,897853,1.0,0.0
2024-07-23,226.83,227.49,223.91,224.28,839979,1.0,0.0
2024-07-24,224.26,224.58,220.12,221.34,1539860,1.0,0.0
2024-07-25,223.12,229.54,220.525,222.9,2155143,1.0,0.0
2024-07-26,242.0,249.93,240.6,247.22,2993456,1.0,0.0
2024-07-29,247.48,250.075,245.47,247.63,2284731,1.0,0.0
2024-07-30,247.7,251.11,244.58,249.71,1227920,1.0,0.0
2024-07-31,249.03,252.62,246.94,249.56,918297,1.0,0.0
2024-08-01,250.35,251.3294,244.675,246.46,959226,1.0,0.0
2024-08-02,244.41,244.41,237.34,243.41,1254989,1.0,1.35
2024-08-05,241.77,241.82,234.43,239.68,1630489,1.0,0.0
2024-08-06,240.21,246.77,239.91,243.85,940773,1.0,0.0
2024-08-07,243.85,247.055,239.63,239.98,909904,1.0,0.0
2024-08-08,240.43,243.335,239.54,242.03,625208,1.0,0.0
2024-08-09,241.6,241.85,237.64,239.62,710920,1.0,0.0
2024-08-12,240.14,240.9,236.24,237.18,719742,1.0,0.0
2024-08-13,237.92,239.54,235.16,239.37,705928,1.0,0.0
2024-08-14,239.35,242.795,237.38,241.97,929061,1.0,0.0
2024-08-15,244.62,245.415,240.55,241.15,1022149,1.0,0.0
2024-08-16,240.69,241.42,239.15,240.44,853084,1.0,0.0
2024-08-19,241.12,242.1099,240.02,241.17,636029,1.0,0.0
2024-08-20,241.65,242.42,240.21,240.77,628882,1.0,0.0
2024-08-21,241.98,243.24,238.88,241.53,803935,1.0,0.0
2024-08-22,241.65,241.94,236.405,237.1,1178711,1.0,0.0
2024-08-23,238.56,240.83,237.915,240.65,637175,1.0,0.0
2024-08-26,242.0,243.905,240.46,242.37,772160,1.0,0.0
2024-08-27,242.1,249.71,240.91,248.89,1570706,1.0,0.0
2024-08-28,248.72,251.53,247.73,250.29,1219505,1.0,0.0
2024-08-29,252.13,253.83,249.2807,252.02,824392,1.0,0.0
2024-08-30,252.62,256.51,252.025,256.16,1453504,1.0,0.0
2024-09-03,254.73,256.47,253.37,254.56,1300229,1.0,0.0
2024-09-04,255.27,259.95,255.19,259.69,1280790,1.0,0.0
2024-09-05,260.25,260.69,251.69,252.76,1039115,1.0,0.0
2024-09-06,252.82,254.52,248.975,250.01,732941,1.0,0.0
2024-09-09,250.77,257.78,250.5,256.81,1879035,1.0,0.0
2024-09-10,257.61,258.65,254.26,257.37,1112365,1.0,0.0
2024-09-11,255.79,257.32,250.88,253.77,1574464,1.0,0.0
2024-09-12,251.0,254.865,249.915,254.59,1268928,1.0,0.0
2024-09-13,255.57,256.84,245.45,245.8,2446682,1.0,0.0
2024-09-16,247.82,251.77,246.56,247.07,1137407,1.0,0.0
2024-09-17,248.01,248.765,245.1202,246.24,1020832,1.0,0.0
2024-09-18,248.0,251.54,246.46,249.29,1036822,1.0,0.0
2024-09-19,251.86,253.61,250.14,251.86,967350,1.0,0.0
2024-09-20,249.89,249.89,246.51,247.86,1904428,1.0,0.0
2024-09-23,248.5,249.69,245.46,246.0,1007146,1.0,0.0
2024-09-24,246.29,247.93,243.25,246.93,1223703,1.0,0.0
2024-09-25,247.01,247.95,243.11,243.3,855648,1.0,0.0
2024-09-26,244.99,246.4947,243.41,244.34,872965,1.0,0.0
2024-09-27,245.92,250.13,244.92,246.47,889533,1.0,0.0
2024-09-30,247.01,249.65,244.52,248.5,1016021,1.0,0.0
2024-10-01,247.37,250.993,244.39,248.14,1316429,1.0,0.0
2024-10-02,248.02,250.64,246.95,247.03,968294,1.0,0.0
2024-10-03,246.1,247.14,242.67,244.88,1213466,1.0,0.0
2024-10-04,246.73,249.36,245.79,247.92,1173056,1.0,0.0
2024-10-07,245.56,247.52,242.18,243.76,681894,1.0,0.0
2024-10-08,245.37,247.19,242.26,243.2,604678,1.0,0.0
2024-10-09,244.41,246.38,243.0287,245.16,755835,1.0,0.0
2024-10-10,244.94,246.16,243.49,245.91,1235171,1.0,0.0
2024-10-11,246.72,250.56,245.89,250.17,1039720,1.0,0.0
2024-10-14,249.63,254.35,248.05,253.84,1012390,1.0,0.0
2024-10-15,254.14,256.97,253.4,254.33,1077878,1.0,0.0
2024-10-16,255.25,259.175,254.42,255.65,690878,1.0,0.0
2024-10-17,251.46,251.74,246.001,248.24,1996150,1.0,0.0
2024-10-18,249.07,253.08,247.41,252.37,1332534,1.0,0.0
2024-10-21,251.51,252.33,247.7,248.16,1278386,1.0,0.0
2024-10-22,257.55,262.7,254.83,260.43,2406217,1.0,0.0
2024-10-23,259.51,260.77,255.31,256.98,1568127,1.0,0.0
2024-10-24,257.85,259.3,251.685,253.42,1400801,1.0,0.0
2024-10-25,255.38,255.685,250.62,251.09,1027380,1.0,0.0
2024-10-28,252.23,253.92,251.33,253.59,964684,1.0,0.0
2024-10-29,253.06,255.65,251.11,252.41,865193,1.0,0.0
2024-10-30,251.74,254.435,251.605,252.74,1075314,1.0,0.0
2024-10-31,251.73,254.3499,250.32,250.43,1310245,1.0,0.0
2024-11-01,251.33,253.54,249.895,250.09,749777,1.0,1.35
2024-11-04,249.95,251.11,246.175,247.59,1089902,1.0,0.0
2024-11-05,247.56,252.505,246.9,252.11,849633,1.0,0.0
2024-11-06,266.36,277.6,266.36,277.0,3226703,1.0,0.0
2024-11-07,275.63,275.86,268.39,270.71,1341905,1.0,0.0
2024-11-08,270.99,276.15,269.77,271.67,1301718,1.0,0.0
2024-11-11,273.96,276.42,270.3,271.11,1093396,1.0,0.0
2024-11-12,269.79,270.19,266.03,267.45,1153173,1.0,0.0
2024-11-13,267.83,269.99,266.02,269.26,771588,1.0,0.0
2024-11-14,267.24,268.72,263.7,264.76,1223485,1.0,0.0
2024-11-15,262.33,266.4,260.29,261.26,1152740,1.0,0.0
2024-11-18,260.55,264.09,260.15,262.22,794814,1.0,0.0
2024-11-19,259.85,261.32,257.44,259.71,981146,1.0,0.0
2024-11-20,260.59,261.64,258.135,258.93,922545,1.0,0.0
2024-11-21,259.01,264.73,258.15,264.26,1199237,1.0,0.0
2024-11-22,266.08,269.43,265.475,268.95,1314399,1.0,0.0
2024-11-25,271.27,276.68,270.925,275.93,1747364,1.0,0.0
2024-11-26,274.57,276.56,271.69,276.09,1185785,1.0,0.0
2024-11-27,275.95,277.28,274.849,275.38,626668,1.0,0.0
2024-11-29,273.95,277.56,273.76,275.85,655636,1.0,0.0
2024-12-02,274.62,274.88,270.16,272.75,1029052,1.0,0.0
2024-12-03,272.67,273.05,268.055,270.12,754115,1.0,0.0
2024-12-04,269.19,269.9755,264.72,267.63,848167,1.0,0.0
2024-12-05,268.17,268.5,263.68,264.0,725228,1.0,0.0
2024-12-06,265.28,266.11,260.18,260.78,754547,1.0,0.0
2024-12-09,260.18,261.55,256.46,256.84,1445012,1.0,0.0
2024-12-10,256.02,258.82,252.51,256.08,1426401,1.0,0.0
2024-12-11,255.92,256.85,246.63,247.25,2214459,1.0,0.0
2024-12-12,248.16,250.405,246.08,248.31,1601061,1.0,0.0
2024-12-13,248.54,249.25,246.18,246.22,1068328,1.0,0.0
2024-12-16,246.22,247.085,241.05,242.82,1276712,1.0,0.0
2024-12-17,241.34,245.0,240.97,242.47,1556047,1.0,0.0
2024-12-18,242.53,244.92,237.505,237.8,1759250,1.0,0.0
2024-12-19,236.51,239.33,230.52,230.6,1635318,1.0,0.0
2024-12-20,231.39,236.75,230.0,234.15,2698926,1.0,0.0
2024-12-23,233.96,236.535,232.675,235.77,1409217,1.0,0.0
2024-12-24,236.02,237.92,234.1,237.92,518693,1.0,0.0
2024-12-26,236.64,238.03,236.38,237.18,605656,1.0,0.0
2024-12-27,235.07,238.3188,233.73,235.25,526204,1.0,0.0
2024-12-30,233.57,234.365,231.19,233.49,643198,1.0,0.0
2024-12-31,234.17,236.44,233.8001,234.7,942476,1.0,0.0
2025-01-02,237.5,237.5,232.87,234.6,1049131,1.0,0.0
2025-01-03,235.07,236.99,233.57,235.88,1001255,1.0,0.0
2025-01-06,237.5,240.4,236.08,236.96,1112341,1.0,0.0
2025-01-07,238.0,239.345,235.98,237.76,760790,1.0,0.0
2025-01-08,235.81,237.66,234.22,236.91,850304,1.0,0.0
2025-01-10,233.85,237.375,233.01,233.94,1022530,1.0,0.0
2025-01-13,233.88,238.0,233.245,237.36,894621,1.0,0.0
2025-01-14,238.5,239.85,237.39,239.24,960523,1.0,0.0
2025-01-15,242.87,243.16,238.97,240.36,940808,1.0,0.0
2025-01-16,240.21,247.8,239.4,247.11,1269858,1.0,0.0
2025-01-17,248.0,248.0,244.8492,245.34,1024024,1.0,0.0
2025-01-21,246.58,253.56,246.58,251.85,1513381,1.0,0.0
2025-01-22,250.7,253.78,249.13,251.85,1724214,1.0,0.0
2025-01-23,256.16,257.78,252.3101,256.14,1567393,1.0,0.0
2025-01-24,253.63,255.99,251.3,254.67,1385791,1.0,0.0
2025-01-27,256.0,261.24,253.1,259.76,1487560,1.0,0.0
2025-01-28,256.95,259.37,251.83,252.32,2207231,1.0,0.0
2025-01-29,264.74,270.005,256.13,256.74,2255091,1.0,0.0
2025-01-30,259.6,260.345,254.16,257.2,1415564,1.0,0.0
2025-01-31,257.16,260.24,255.25,255.3,1475155,1.0,0.0
2025-02-03,250.105,254.44,247.255,250.32,1338603,1.0,0.0
2025-02-04,250.49,253.88,249.97,252.92,828859,1.0,0.0
2025-02-05,253.64,254.0,252.02,252.51,774775,1.0,0.0
2025-02-06,253.89,253.89,250.13,251.48,830875,1.0,0.0
2025-02-07,251.22,252.39,248.18,249.1,725429,1.0,1.35
2025-02-10,250.51,254.33,250.02,253.43,1204236,1.0,0.0
2025-02-11,253.32,257.02,252.56,256.45,1036838,1.0,0.0
2025-02-12,251.15,256.43,251.15,253.91,876546,1.0,0.0
2025-02-13,253.7,258.27,252.645,257.22,880367,1.0,0.0
2025-02-14,257.95,259.9,255.51,255.99,908982,1.0,0.0
2025-02-18,256.4,258.58,254.25,258.42,935886,1.0,0.0
2025-02-19,256.93,258.105,248.01,249.05,2441016,1.0,0.0
2025-02-20,248.57,249.78,246.23,249.41,1208458,1.0,0.0
2025-02-21,248.72,248.97,243.91,247.76,1493699,1.0,0.0
2025-02-24,248.0,248.69,243.315,244.1,1209386,1.0,0.0
2025-02-25,244.89,247.325,241.98,245.1,2116686,1.0,0.0
2025-02-26,244.36,244.8,241.75,242.06,1142702,1.0,0.0
2025-02-27,241.65,244.495,240.19,242.18,876896,1.0,0.0
2025-02-28,244.16,246.11,241.38,245.75,1099241,1.0,0.0
2025-03-03,246.88,249.71,243.19,245.14,1112096,1.0,0.0
2025-03-04,242.86,243.815,238.42,238.51,1137949,1.0,0.0
2025-03-05,240.0,241.97,236.82,238.64,1497620,1.0,0.0
2025-03-06,237.91,239.645,235.67,238.2,1178741,1.0,0.0
2025-03-07,238.25,244.38,237.25,242.22,1221460,1.0,0.0
2025-03-10,241.05,246.65,237.72,239.1,1776955,1.0,0.0
2025-03-11,238.22,238.775,232.19,232.98,1499476,1.0,0.0
2025-03-12,229.99,231.7536,225.53,230.96,1893287,1.0,0.0
2025-03-13,231.68,231.68,226.04,227.69,1470168,1.0,0.0
2025-03-14,229.63,233.19,228.13,232.3,1080968,1.0,0.0
2025-03-17,232.47,235.7,231.83,234.39,909827,1.0,0.0
2025-03-18,235.14,236.57,231.56,234.55,997637,1.0,0.0
2025-03-19,234.55,235.99,232.91,234.66,735234,1.0,0.0
2025-03-20,232.77,235.115,232.0,233.54,959337,1.0,0.0
2025-03-21,231.55,232.67,228.9662,231.75,1248406,1.0,0.0
2025-03-24,235.04,236.48,234.2106,235.55,1294870,1.0,0.0
2025-03-25,235.12,236.41,233.33,234.0,939860,1.0,0.0
2025-03-26,233.89,235.76,232.23,235.76,1276686,1.0,0.0
2025-03-27,236.24,237.24,234.32,235.21,1260822,1.0,0.0
2025-03-28,234.82,234.92,230.3,230.55,835285,1.0,0.0
2025-03-31,230.21,238.13,230.18,236.85,1682584,1.0,0.0
2025-04-01,234.57,236.775,232.375,236.61,788733,1.0,0.0
2025-04-02,233.69,239.29,233.69,238.57,827298,1.0,0.0
2025-04-03,231.96,232.76,220.0,220.74,2057700,1.0,0.0
2025-04-04,217.61,219.56,210.21,210.93,2308374,1.0,0.0
2025-04-07,208.53,217.135,201.63,208.05,2229840,1.0,0.0
2025-04-08,214.86,215.53,202.545,206.34,1622591,1.0,0.0
2025-04-09,203.75,222.635,202.95,222.02,3668250,1.0,0.0
2025-04-10,218.97,218.97,210.865,215.46,1519828,1.0,0.0
2025-04-11,215.09,218.71,211.92,218.31,1401079,1.0,0.0
2025-04-14,221.1,222.855,219.33,221.4,976972,1.0,0.0
2025-04-15,220.66,223.795,217.31,217.72,843233,1.0,0.0
2025-04-16,216.36,217.9141,212.24,214.03,1275333,1.0,0.0
2025-04-17,214.69,221.39,214.5,219.84,1362759,1.0,0.0
2025-04-21,217.72,219.31,214.78,218.94,1496074,1.0,0.0
2025-04-22,221.12,222.33,218.0,220.0,1895918,1.0,0.0
2025-04-23,225.0,231.205,221.8334,221.95,1853356,1.0,0.0
2025-04-24,219.01,228.45,217.33,226.68,1798681,1.0,0.0
2025-04-25,224.41,226.809,220.49,221.71,1306933,1.0,0.0
2025-04-28,221.15,223.845,219.8,221.73,958752,1.0,0.0
2025-04-29,220.09,224.67,220.09,223.36,1053048,1.0,0.0
2025-04-30,221.32,224.6,218.93,224.05,1111367,1.0,0.0
2025-05-01,223.41,224.765,220.685,221.77,1088552,1.0,0.0
2025-05-02,223.73,225.78,222.0772,224.36,1051038,1.0,1.35
2025-05-05,222.58,225.19,221.74,222.28,749804,1.0,0.0
2025-05-06,220.0,221.35,218.05,218.63,1023596,1.0,0.0
2025-05-07,219.51,220.95,218.89,219.98,813477,1.0,0.0
2025-05-08,221.89,226.74,220.02,224.07,1029164,1.0,0.0
2025-05-09,223.83,224.955,222.0,223.5,718624,1.0,0.0
2025-05-12,232.805,239.375,232.355,239.11,1491548,1.0,0.0
2025-05-13,238.54,241.08,238.232,240.26,1645354,1.0,0.0
2025-05-14,239.06,241.61,237.92,241.18,1456671,1.0,0.0
2025-05-15,240.9,244.45,240.85,243.91,1355400,1.0,0.0
2025-05-16,245.0,246.67,243.24,246.1,1089983,1.0,0.0
2025-05-19,243.46,245.29,243.1,243.77,894545,1.0,0.0
2025-05-20,242.23,245.74,242.14,244.08,1525068,1.0,0.0
2025-05-21,241.7,243.13,239.07,239.42,1398573,1.0,0.0
2025-05-22,239.42,240.96,237.18,239.64,957247,1.0,0.0
2025-05-23,236.37,240.51,236.37,240.02,1414594,1.0,0.0
2025-05-27,242.65,245.57,241.12,244.79,1204412,1.0,0.0
2025-05-28,245.45,246.03,242.42,242.54,1069979,1.0,0.0
2025-05-29,243.4,246.8,242.65,246.3,2178830,1.0,0.0
2025-05-30,246.69,250.23,245.655,247.12,2785862,1.0,0.0
2025-06-02,244.63,245.49,241.82,245.26,1182977,1.0,0.0
2025-06-03,244.07,248.3,243.7,247.98,1407920,1.0,0.0
2025-06-04,248.25,249.3977,246.02,247.4,1193719,1.0,0.0
2025-06-05,247.99,248.72,245.19,246.92,1043981,1.0,0.0
2025-06-06,250.91,253.6715,249.155,250.77,1144972,1.0,0.0
2025-06-09,251.42,253.59,249.96,250.57,847166,1.0,0.0
2025-06-10,251.52,257.95,248.99,252.92,2161667,1.0,0.0
2025-06-11,253.54,253.54,250.05,251.33,1029047,1.0,0.0
2025-06-12,250.05,251.66,249.16,251.47,985044,1.0,0.0
2025-06-13,250.3,252.21,247.85,248.6,916879,1.0,0.0
2025-06-16,249.96,252.66,248.82,252.13,1049030,1.0,0.0
2025-06-17,250.8,252.78,249.39,250.42,1333293,1.0,0.0
2025-06-18,251.44,254.38,250.645,252.93,1410930,1.0,0.0
2025-06-20,254.09,255.52,252.32,253.18,1849323,1.0,0.0
2025-06-23,253.17,256.87,251.62,256.58,1035983,1.0,0.0
2025-06-24,258.0,258.29,254.97,257.46,1193332,1.0,0.0
2025-06-25,256.86,257.415,254.28,255.21,922094,1.0,0.0
2025-06-26,256.26,256.26,252.54,255.51,1402753,1.0,0.0
2025-06-27,255.9,257.55,254.18,255.81,1905810,1.0,0.0
2025-06-30,255.92,256.99,255.0301,255.97,1466176,1.0,0.0
2025-07-01,255.78,264.68,255.41,262.38,1309421,1.0,0.0
2025-07-02,262.75,263.35,260.3,262.0,2002649,1.0,0.0
2025-07-03,262.43,263.82,261.94,262.5,928463,1.0,0.0
2025-07-07,261.44,262.33,258.8,259.99,870336,1.0,0.0
2025-07-08,259.29,263.41,258.65,261.2,1222176,1.0,0.0
2025-07-09,261.57,262.4,260.04,260.04,941862,1.0,0.0
2025-07-10,260.16,265.0,259.25,263.14,902927,1.0,0.0
2025-07-11,261.0,267.99,260.96,266.57,1718359,1.0,0.0
2025-07-14,265.45,265.5,261.0,262.89,1553844,1.0,0.0
2025-07-15,262.89,262.89,259.27,259.49,1119980,1.0,0.0
2025-07-16,261.0,261.36,257.4901,260.32,1083488,1.0,0.0
2025-07-17,264.1,270.42,264.005,269.81,3024586,1.0,0.0
2025-07-18,278.03,280.0,273.76,276.66,6134301,1.0,0.0
2025-07-21,278.17,279.29,275.855,277.38,1689149,1.0,0.0
2025-07-22,279.72,281.19,276.96,280.26,2041847,1.0,0.0
2025-07-23,280.505,281.18,278.35,280.27,1703493,1.0,0.0
2025-07-24,288.0,288.11,275.25,278.0,5379522,1.0,0.0
2025-07-25,277.51,283.46,275.57,282.38,4530713,1.0,0.0
2025-07-28,282.35,287.98,282.12,286.42,3822084,1.0,0.0
2025-07-29,275.42,282.9,274.0,277.7,9749593,1.0,0.0
2025-07-30,278.97,283.99,278.25,279.0,5866713,1.0,0.0
2025-07-31,277.38,280.34,276.795,278.0,3691005,1.0,0.0
2025-08-01,274.83,276.4073,273.1,274.85,2727475,1.0,1.35
2025-08-04,276.54,280.51,275.7,278.12,3123947,1.0,0.0
2025-08-05,278.4,280.06,277.45,279.87,1778305,1.0,0.0
2025-08-06,280.55,285.6,279.11,282.95,2281346,1.0,0.0
2025-08-07,284.43,285.46,279.33,280.47,2187534,1.0,0.0
2025-08-08,281.41,283.42,279.46,280.03,1295430,1.0,0.0
2025-08-11,280.06,281.0475,276.83,278.32,1280890,1.0,0.0
2025-08-12,279.79,280.4,277.08,278.24,1650880,1.0,0.0
2025-08-13,278.36,282.695,277.3301,281.84,1520370,1.0,0.0
2025-08-14,281.24,282.66,279.03,282.5,1761800,1.0,0.0
2025-08-15,282.7,283.38,280.48,280.74,1939874,1.0,0.0
2025-08-18,279.49,281.25,278.8125,279.79,1392268,1.0,0.0
2025-08-19,280.34,287.4859,280.34,285.53,2126981,1.0,0.0
2025-08-20,285.25,288.64,285.09,285.49,1742918,1.0,0.0
2025-08-21,285.04,285.42,283.16,284.35,1899671,1.0,0.0
2025-08-22,286.37,291.6947,269.31,284.6,4575312,1.0,0.0
2025-08-25,284.48,284.48,275.4,277.39,2649496,1.0,0.0
2025-08-26,274.99,276.9,273.71,276.67,2275391,1.0,0.0
2025-08-27,276.36,276.94,272.08,272.35,2525361,1.0,0.0
2025-08-28,278.8,280.76,276.28,277.8,3031661,1.0,0.0
2025-08-29,277.5,280.12,277.5,279.98,1543097,1.0,0.0
2025-09-02,277.97,278.665,275.15,278.25,1718729,1.0,0.0
2025-09-03,278.22,279.61,276.52,278.19,1487929,1.0,0.0
2025-09-04,278.56,280.28,277.25,279.76,923321,1.0,0.0
2025-09-05,279.82,280.24,276.6,277.75,1302073,1.0,0.0
2025-09-08,277.0,277.78,274.83,275.59,1946247,1.0,0.0
2025-09-09,275.49,276.63,273.33,273.45,1362768,1.0,0.0
2025-09-10,272.42,274.01,268.23,272.36,1979389,1.0,0.0
2025-09-11,271.9,275.62,271.875,274.0,1447173,1.0,0.0
2025-09-12,273.86,276.23,273.76,274.72,2243820,1.0,0.0
2025-09-15,277.0,277.46,274.78,277.16,1169509,1.0,0.0
2025-09-16,278.0,280.985,277.61,278.09,1707116,1.0,0.0
2025-09-17,278.95,280.11,276.55,278.0,2854854,1.0,0.0
2025-09-18,278.38,283.12,277.76,282.68,1095413,1.0,0.0
2025-09-19,283.8,284.76,282.605,283.71,2712447,1.0,0.0
2025-09-22,284.69,294.78,282.955,290.55,2918176,1.0,0.0
2025-09-23,291.0,293.64,289.81,292.08,1734480,1.0,0.0
2025-09-24,292.45,296.375,292.45,293.32,2405236,1.0,0.0
2025-09-25,293.91,295.535,293.54,294.57,1666932,1.0,0.0
2025-09-26,294.68,298.42,293.33,297.49,1835444,1.0,0.0
2025-09-29,297.23,300.91,297.23,299.62,1117994,1.0,0.0
2025-09-30,299.0,300.6,298.667,300.41,1089363,1.0,0.0
2025-10-01,299.18,300.8,297.2,298.68,1594853,1.0,0.0
2025-10-02,299.31,301.47,297.63,298.3,1292881,1.0,0.0
2025-10-03,298.31,302.24,298.31,300.15,1839362,1.0,0.0
2025-10-06,301.44,301.53,298.57,299.65,2076619,1.0,0.0
2025-10-07,299.95,300.835,294.81,295.86,912205,1.0,0.0
2025-10-08,294.99,297.54,292.95,296.62,886352,1.0,0.0
2025-10-09,297.53,297.53,294.47,294.89,926473,1.0,0.0
2025-10-10,295.72,297.57,288.31,288.37,925817,1.0,0.0
2025-10-13,289.5,291.42,287.79,289.57,1057256,1.0,0.0
2025-10-14,287.68,292.1114,287.0001,290.31,745569,1.0,0.0
2025-10-15,290.41,291.72,288.43,289.7,938203,1.0,0.0
2025-10-16,291.45,291.45,287.35,288.49,1115822,1.0,0.0
2025-10-17,289.56,292.5675,289.24,289.78,991271,1.0,0.0
2025-10-20,289.57,292.89,289.5,291.15,1348078,1.0,0.0
2025-10-21,290.11,292.08,288.98,289.78,993102,1.0,0.0
2025-10-22,290.21,292.5414,288.54,288.63,1232140,1.0,0.0
2025-10-23,288.64,289.62,283.41,283.83,1124233,1.0,0.0
2025-10-24,283.48,285.08,279.92,280.5,1466778,1.0,0.0
2025-10-27,281.95,282.58,280.07,281.64,1086315,1.0,0.0
2025-10-28,282.71,284.62,280.31,280.4,1535282,1.0,0.0
2025-10-29,280.0,281.5,278.41,279.53,1048512,1.0,0.0
2025-10-30,279.63,283.41,279.485,281.62,816741,1.0,0.0
2025-10-31,280.41,284.53,279.495,283.38,1062603,1.0,0.0
2025-11-03,282.44,284.0,281.53,282.17,1558821,1.0,0.0
2025-11-04,281.55,284.11,280.41,283.8,1419985,1.0,0.0
2025-11-05,283.03,284.68,280.76,280.77,877515,1.0,0.0
2025-11-06,280.28,282.96,279.81,282.1,1088116,1.0,0.0
2025-11-07,281.02,284.28,281.02,284.25,1090369,1.0,1.35
2025-11-10,283.39,287.7099,282.97,286.92,1369171,1.0,0.0
2025-11-11,287.97,288.41,286.34,287.57,727543,1.0,0.0
2025-11-12,286.6,289.63,286.35,286.49,960134,1.0,0.0
2025-11-13,286.05,286.58,283.0,283.53,1295484,1.0,0.0
2025-11-14,283.37,286.03,282.64,283.98,2086748,1.0,0.0
2025-11-17,283.98,285.225,281.41,281.41,1568562,1.0,0.0
2025-11-18,281.37,282.75,280.14,280.74,2076620,1.0,0.0
2025-11-19,281.4,283.0,280.47,281.77,1505110,1.0,0.0
2025-11-20,283.29,285.63,280.09,280.22,2600380,1.0,0.0
2025-11-21,281.58,286.96,281.2565,286.29,1337556,1.0,0.0
2025-11-24,286.53,287.08,282.3,283.11,2112521,1.0,0.0
2025-11-25,285.14,289.665,285.0101,289.06,1022462,1.0,0.0
2025-11-26,289.06,291.57,288.77,290.03,951246,1.0,0.0
2025-11-28,289.67,293.28,288.88,292.09,453446,1.0,0.0
2025-12-01,291.36,294.0,289.77,289.83,1592543,1.0,0.0
2025-12-02,289.82,292.53,287.42,291.75,2389868,1.0,0.0
2025-12-03,292.09,295.25,290.71,294.05,1479166,1.0,0.0
2025-12-04,293.21,295.96,292.8925,295.13,1553518,1.0,0.0
2025-12-05,293.7,295.59,293.31,294.19,1045061,1.0,0.0
2025-12-08,295.01,296.03,292.635,293.0,902383,1.0,0.0
2025-12-09,292.39,292.67,289.47,289.53,1701611,1.0,0.0
2025-12-10,289.71,295.8,289.71,294.26,1652554,1.0,0.0
2025-12-11,292.42,294.59,291.32,294.06,1946454,1.0,0.0
2025-12-12,295.31,297.89,294.17,296.98,1690098,1.0,0.0
2025-12-15,298.0,299.84,295.91,299.49,1570114,1.0,0.0
2025-12-16,299.54,300.42,293.72,294.0,2334366,1.0,0.0
2025-12-17,294.0,295.66,293.02,294.43,1118579,1.0,0.0
2025-12-18,294.82,296.6,291.21,291.83,1274203,1.0,0.0
2025-12-19,291.05,293.08,289.2,291.41,1368281,1.0,0.0
2025-12-22,291.52,292.665,289.27,291.6,1017127,1.0,0.0
2025-12-23,291.53,292.44,290.67,291.88,1069817,1.0,0.0
2025-12-24,291.3,293.83,291.3,292.71,389307,1.0,0.0
2025-12-26,292.71,293.33,290.86,290.96,357051,1.0,0.0
2025-12-29,291.58,292.95,290.281,292.05,505546,1.0,0.0
2025-12-30,291.55,291.965,290.1,290.11,621666,1.0,0.0
2025-12-31,290.49,290.695,288.57,288.72,719879,1.0,0.0
2026-01-02,288.89,290.18,287.01,287.82,1567679,1.0,0.0
2026-01-05,286.92,291.22,285.94,287.92,1052788,1.0,0.0
2026-01-06,287.38,291.39,287.38,291.15,991191,1.0,0.0
2026-01-07,291.61,292.75,283.92,284.09,1198694,1.0,0.0
2026-01-08,283.41,291.25,283.31,289.72,725891,1.0,0.0
2026-01-09,290.53,293.6402,286.53,287.21,786791,1.0,0.0
2026-01-12,285.0,289.03,284.68,288.73,956443,1.0,0.0
2026-01-13,288.84,289.72,286.545,288.2,529567,1.0,0.0
2026-01-14,286.75,289.36,285.45,286.37,619452,1.0,0.0
2026-01-15,287.56,291.24,286.89,290.77,1070877,1.0,0.0
2026-01-16,290.58,292.01,289.0,290.63,1467092,1.0,0.0
2026-01-20,286.64,286.78,277.8,280.39,2237905,1.0,0.0
2026-01-21,282.39,289.54,281.615,289.1,1239220,1.0,0.0
2026-01-22,289.31,291.46,288.21,289.08,958156,1.0,0.0
2026-01-23,289.43,291.24,287.08,287.41,940389,1.0,0.0
2026-01-26,288.11,289.525,287.1,288.26,973446,1.0,0.0
2026-01-27,288.86,293.51,286.3,288.97,1346727,1.0,0.0
2026-01-28,288.0,290.66,284.37,284.47,765987,1.0,0.0
2026-01-29,284.0,290.64,284.0,290.16,1125757,1.0,0.0
2026-01-30,286.78,291.69,286.78,291.24,942288,1.0,0.0
2026-02-02,290.82,292.2,286.7,291.45,1153107,1.0,0.0
2026-02-03,289.59,298.785,289.59,298.32,1422114,1.0,0.0
2026-02-04,300.42,308.11,299.75,306.84,1425881,1.0,0.0
2026-02-05,307.06,309.21,304.76,306.91,2020656,1.0,0.0
2026-02-06,303.47,307.97,302.97,306.48,1166521,1.0,1.35
2026-02-09,305.49,306.95,302.01,305.72,1228151,1.0,0.0
2026-02-10,306.04,316.24,305.355,315.45,1525530,1.0,0.0
2026-02-11,315.45,318.65,315.215,317.29,1376312,1.0,0.0
2026-02-12,318.59,319.94,312.29,314.54,1293611,1.0,0.0
2026-02-13,313.25,316.89,311.625,314.94,746545,1.0,0.0
2026-02-17,315.66,318.0,314.66,316.12,1015981,1.0,0.0
2026-02-18,315.0,317.13,314.1,316.76,1337545,1.0,0.0
2026-02-19,317.0,317.51,312.535,314.05,1224579,1.0,0.0
2026-02-20,313.78,318.43,312.995,316.23,1355219,1.0,0.0
2026-02-23,317.74,317.74,311.6963,315.03,1470251,1.0,0.0
2026-02-24,313.94,316.295,312.945,316.09,2378219,1.0,0.0
2026-02-25,316.88,316.9599,310.13,311.85,1412841,1.0,0.0
2026-02-26,312.69,315.92,310.96,313.01,1138579,1.0,0.0
2026-02-27,311.87,315.12,311.03,314.74,2128665,1.0,0.0
2026-03-02,315.68,318.46,312.01,317.47,1016315,1.0,0.0
2026-03-03,313.04,317.5,309.72,317.26,1393259,1.0,0.0
2026-03-04,317.32,318.79,314.54,317.83,2111678,1.0,0.0
2026-03-05,315.92,317.92,310.62,310.92,852396,1.0,0.0
2026-03-06,308.0,309.52,300.26,302.84,1832657,1.0,0.0
2026-03-09,299.68,303.25,295.4101,302.43,1980780,1.0,0.0
2026-03-10,301.51,303.6,298.41,298.49,1289268,1.0,0.0
2026-03-11,295.77,298.98,294.51,297.56,1613832,1.0,0.0
2026-03-12,295.33,295.33,290.22,291.26,1015106,1.0,0.0
2026-03-13,292.82,292.82,288.1,289.37,745256,1.0,0.0
2026-03-16,292.98,294.29,290.49,290.7,734410,1.0,0.0
2026-03-17,293.49,293.85,289.335,291.32,601750,1.0,0.0
2026-03-18,290.43,291.14,283.8775,284.36,1113812,1.0,0.0
2026-03-19,284.35,284.675,278.05,278.19,2011345,1.0,0.0
2026-03-20,279.34,282.49,277.9,281.09,1643386,1.0,0.0
2026-03-23,285.74,288.14,284.31,284.95,1001482,1.0,0.0
2026-03-24,282.71,287.96,282.05,283.64,876907,1.0,0.0
2026-03-25,286.01,286.215,282.23,282.61,1166675,1.0,0.0
2026-03-26,281.66,283.53,279.74,283.28,2167964,1.0,0.0
2026-03-27,281.11,285.16,280.94,283.25,1214731,1.0,0.0
2026-03-30,286.2,287.2,282.07,282.33,936408,1.0,0.0
2026-03-31,285.13,289.11,281.73,287.0,2141085,1.0,0.0
2026-04-01,288.58,291.02,287.0,287.0,1770964,1.0,0.0
2026-04-02,286.0,290.0,284.77,288.0,2064529,1.0,0.0
2026-04-06,287.87,290.33,286.94,288.05,1286883,1.0,0.0
2026-04-07,288.05,289.85,286.59,288.5,1328987,1.0,0.0
2026-04-08,292.4,295.595,291.85,294.1,1899416,1.0,0.0
2026-04-09,293.45,296.53,292.94,295.3,1704082,1.0,0.0
2026-04-10,295.06,297.19,294.0,296.29,1436625,1.0,0.0
2026-04-13,295.44,297.64,294.04,297.56,818266,1.0,0.0
2026-04-14,296.42,300.12,294.75,299.7,1055874,1.0,0.0
2026-04-15,299.63,299.68,295.55,297.71,1474987,1.0,0.0
2026-04-16,298.08,302.66,296.37,302.63,1515900,1.0,0.0
2026-04-17,302.51,306.74,301.89,302.38,1454605,1.0,0.0
2026-04-20,302.31,305.65,300.06,304.13,1127981,1.0,0.0
2026-04-21,305.02,305.98,300.76,302.22,901698,1.0,0.0
2026-04-22,303.94,305.605,298.01,298.33,896138,1.0,0.0
2026-04-23,306.14,322.2,304.3849,321.44,1413472,1.0,0.0
2026-04-24,323.36,323.37,318.24,319.71,896018,1.0,0.0
2026-04-27,318.74,321.0,316.27,318.89,1080675,1.0,0.0
2026-04-28,321.0,321.18,315.66,316.71,933201,1.0,0.0
2026-04-29,316.04,316.949,311.57,312.12,948934,1.0,0.0
2026-04-30,311.46,315.94,311.46,315.83,1893365,1.0,0.0
2026-05-01,318.06,318.06,315.07,315.9,922205,1.0,0.0
2026-05-04,313.0,315.459,310.2001,311.66,715370,1.0,0.0
2026-05-05,312.35,314.53,310.44,313.57,594996,1.0,0.0
2026-05-06,315.0,319.98,314.835,317.25,1025991,1.0,0.0
2026-05-07,317.79,318.0,313.27,313.39,862270,1.0,0.0
2026-05-08,311.65,315.02,311.65,312.01,1705869,1.0,1.35
2026-05-11,313.39,316.0,310.77,311.11,2011393,1.0,0.0
2026-05-12,311.88,313.935,308.83,312.35,865209,1.0,0.0
2026-05-13,312.27,315.219,310.29,310.58,675414,1.0,0.0
2026-05-14,311.91,317.71,309.825,317.64,607119,1.0,0.0
2026-05-15,316.15,317.91,314.0,315.95,1599881,1.0,0.0
2026-05-18,317.42,320.9,316.13,320.08,1523569,1.0,0.0
2026-05-19,318.76,321.07,316.07,318.2,1094528,1.0,0.0
2026-05-20,319.02,320.7,310.06,311.84,1368078,1.0,0.0
2026-05-21,311.85,314.84,310.06,311.44,783015,1.0,0.0
2026-05-22,311.82,317.25,311.17,314.53,1600147,1.0,0.0
2026-05-26,315.32,321.19,314.34,320.22,1107286,1.0,0.0
2026-05-27,320.0,326.0,320.0,325.68,850524,1.0,0.0
2026-05-28,322.34,322.98,304.66,307.88,3301050,1.0,0.0
2026-05-29,306.0,312.62,301.53,304.96,1608930,1.0,0.0
2026-06-01,304.43,305.84,301.26,305.16,931569,1.0,0.0
2026-06-02,305.31,309.13,304.846,307.55,667594,1.0,0.0
2026-06-03,307.82,311.07,305.04,305.11,924908,1.0,0.0
2026-06-04,309.7,310.69,301.17,307.19,1187699,1.0,0.0
2026-06-05,308.05,316.04,308.05,313.45,1446026,1.0,0.0
2026-06-08,315.02,315.5,309.275,309.93,1151668,1.0,0.0
2026-06-09,310.2,313.49,309.15,312.32,1057501,1.0,0.0
2026-06-10,313.64,313.92,308.49,308.93,772549,1.0,0.0
2026-06-11,308.98,311.71,307.5,310.53,803522,1.0,0.0
2026-06-12,311.57,315.96,310.38,313.91,532809,1.0,0.0
2026-06-15,313.96,314.03,309.19,310.28,1002805,1.0,0.0
2026-06-16,312.02,313.59,308.54,310.81,1346401,1.0,0.0
2026-06-17,308.29,308.87,297.45,300.53,1538837,1.0,0.0
2026-06-18,301.75,305.75,298.83,300.08,1885206,1.0,0.0
