date,open,high,low,close,volume,splitfactor,divcash
2000-01-03,22.12,22.12,20.06,21.5,124000,1.0,0.0
2000-01-04,21.0,21.0,19.56,19.94,147500,1.0,0.0
2000-01-05,20.0,20.63,19.75,20.06,389100,1.0,0.0
2000-01-06,20.25,20.25,18.81,18.94,409600,1.0,0.0
2000-01-07,19.25,19.5,16.19,16.63,1091300,1.0,0.0
2000-01-10,17.0,17.13,16.44,16.81,1644800,1.0,0.0
2000-01-11,17.0,17.06,16.44,16.56,937500,1.0,0.0
2000-01-12,16.56,16.63,15.75,16.25,476800,1.0,0.0
2000-01-13,16.53,16.63,16.19,16.38,445300,1.0,0.0
2000-01-14,16.63,16.63,14.25,14.28,1276700,1.0,0.0
2000-01-18,15.0,15.0,13.56,14.13,2111700,1.0,0.0
2000-01-19,14.5,14.81,13.14,13.31,690900,1.0,0.0
2000-01-20,13.75,13.88,13.19,13.31,602500,1.0,0.0
2000-01-21,13.94,14.06,13.31,13.56,594800,1.0,0.0
2000-01-24,13.84,14.38,13.5,13.5,465300,1.0,0.0
2000-01-25,14.0,14.06,13.25,13.75,478400,1.0,0.0
2000-01-26,13.81,13.88,12.38,12.63,754900,1.0,0.0
2000-01-27,13.25,13.5,12.75,13.31,656400,1.0,0.0
2000-01-28,13.38,13.38,13.0,13.0,871600,1.0,0.0
2000-01-31,13.19,13.44,13.0,13.13,859000,1.0,0.0
2000-02-01,13.06,13.75,13.0,13.38,499400,1.0,0.0
2000-02-02,13.5,13.56,12.63,12.75,593300,1.0,0.0
2000-02-03,13.0,13.75,12.63,13.56,1062800,1.0,0.0
2000-02-04,13.56,13.56,13.13,13.25,558400,1.0,0.0
2000-02-07,13.31,13.5,12.88,13.0,632600,1.0,0.0
2000-02-08,13.06,13.25,12.5,13.25,787200,1.0,0.0
2000-02-09,13.13,13.13,12.06,12.06,629600,1.0,0.0
2000-02-10,12.13,13.13,12.0,13.06,503600,1.0,0.0
2000-02-11,13.06,13.19,11.88,12.19,522800,1.0,0.0
2000-02-14,12.19,12.75,12.13,12.69,397600,1.0,0.0
2000-02-15,12.75,12.75,12.13,12.19,248300,1.0,0.0
2000-02-16,12.25,12.31,11.25,11.5,335700,1.0,0.0
2000-02-17,11.69,11.75,10.5,10.75,842100,1.0,0.0
2000-02-18,10.94,11.63,10.75,10.75,618500,1.0,0.0
2000-02-22,10.94,11.88,10.75,11.25,846900,1.0,0.0
2000-02-23,11.25,11.75,11.0,11.53,271500,1.0,0.0
2000-02-24,11.63,13.63,11.56,13.06,349700,1.0,0.0
2000-02-25,13.03,13.06,12.63,12.88,351000,1.0,0.0
2000-02-28,13.0,13.31,12.69,13.09,300600,1.0,0.0
2000-02-29,13.44,14.5,13.19,14.0,247600,1.0,0.0
2000-03-01,13.94,13.94,12.0,12.06,637300,1.0,0.0
2000-03-02,12.06,12.06,11.06,11.06,487900,1.0,0.0
2000-03-03,11.69,12.13,11.13,12.13,351900,1.0,0.0
2000-03-06,12.06,12.31,10.94,10.94,331000,1.0,0.0
2000-03-07,11.38,11.38,9.5,9.625,1026600,1.0,0.0
2000-03-08,10.0,10.0,8.25,9.25,2213700,1.0,0.0
2000-03-09,9.75,11.0,9.563,10.94,658400,1.0,0.0
2000-03-10,10.94,11.38,10.0,10.0,455300,1.0,0.0
2000-03-13,10.25,10.88,10.0,10.56,245900,1.0,0.0
2000-03-14,10.81,12.25,10.75,11.31,379900,1.0,0.0
2000-03-15,11.38,12.5,11.31,12.38,490600,1.0,0.0
2000-03-16,12.75,15.13,12.63,14.88,990600,1.0,0.0
2000-03-17,13.94,14.5,13.88,14.38,317800,1.0,0.0
2000-03-20,14.63,14.94,14.25,14.56,632200,1.0,0.0
2000-03-21,14.84,15.25,14.69,15.06,353600,1.0,0.0
2000-03-22,15.13,15.13,14.63,14.88,413300,1.0,0.0
2000-03-23,14.56,15.0,14.5,14.75,174900,1.0,0.0
2000-03-24,14.94,16.88,14.75,16.25,574000,1.0,0.0
2000-03-27,16.34,16.63,15.75,16.38,281600,1.0,0.0
2000-03-28,16.38,16.44,14.88,15.38,267200,1.0,0.0
2000-03-29,15.25,16.25,14.25,14.44,379200,1.0,0.0
2000-03-30,14.44,15.38,14.19,15.0,116800,1.0,0.0
2000-03-31,15.25,15.5,14.0,14.19,189100,1.0,0.0
2000-04-03,14.63,15.0,14.13,14.75,283700,1.0,0.0
2000-04-04,14.94,15.0,13.5,14.75,198400,1.0,0.0
2000-04-05,14.63,15.25,14.5,14.81,102700,1.0,0.0
2000-04-06,14.5,14.94,14.25,14.44,97500,1.0,0.0
2000-04-07,14.44,14.44,13.63,13.94,236300,1.0,0.0
2000-04-10,13.94,14.69,13.56,13.69,257600,1.0,0.0
2000-04-11,13.94,13.94,12.63,13.06,228900,1.0,0.0
2000-04-12,13.38,13.5,12.56,12.88,235100,1.0,0.0
2000-04-13,13.25,13.88,13.19,13.44,156900,1.0,0.0
2000-04-14,13.5,13.75,12.56,12.94,218200,1.0,0.0
2000-04-17,13.0,13.31,12.25,13.0,182100,1.0,0.0
2000-04-18,12.84,13.5,12.75,13.06,102500,1.0,0.0
2000-04-19,12.75,13.31,12.0,12.19,525700,1.0,0.0
2000-04-20,12.75,13.13,12.69,12.75,115000,1.0,0.0
2000-04-24,12.69,12.81,12.38,12.44,131200,1.0,0.0
2000-04-25,12.5,13.31,12.13,13.31,476500,1.0,0.0
2000-04-26,13.25,14.69,13.13,14.31,1401300,1.0,0.0
2000-04-27,13.5,14.06,13.13,13.63,195300,1.0,0.0
2000-04-28,13.69,14.25,13.5,13.5,189800,1.0,0.0
2000-05-01,13.75,14.25,13.63,13.94,135100,1.0,0.0
2000-05-02,13.94,14.0,13.38,13.44,138800,1.0,0.0
2000-05-03,13.38,13.5,12.25,13.0,190400,1.0,0.0
2000-05-04,13.06,13.38,12.88,13.0,165100,1.0,0.0
2000-05-05,13.0,13.88,12.94,13.88,139800,1.0,0.0
2000-05-08,13.63,14.5,13.56,13.75,145500,1.0,0.0
2000-05-09,13.88,13.88,13.44,13.75,68300,1.0,0.0
2000-05-10,13.69,14.13,13.44,13.88,181300,1.0,0.0
2000-05-11,13.88,14.5,13.81,14.19,175200,1.0,0.0
2000-05-12,14.19,14.5,13.63,13.75,86600,1.0,0.0
2000-05-15,13.81,15.25,13.81,15.19,214500,1.0,0.0
2000-05-16,15.0,15.44,15.0,15.25,307800,1.0,0.0
2000-05-17,15.0,15.06,14.63,14.75,455100,1.0,0.0
2000-05-18,14.81,15.13,14.63,15.0,641700,1.0,0.0
2000-05-19,15.06,15.13,14.69,14.75,871400,1.0,0.0
2000-05-22,15.0,15.0,14.0,14.63,178100,1.0,0.0
2000-05-23,14.63,15.13,14.44,14.63,157300,1.0,0.0
2000-05-24,15.0,15.0,14.38,14.81,233100,1.0,0.0
2000-05-25,15.0,15.0,14.5,14.56,243700,1.0,0.0
2000-05-26,14.5,14.69,13.5,13.88,283700,1.0,0.0
2000-05-30,13.81,14.06,13.38,13.81,349000,1.0,0.0
2000-05-31,13.88,13.88,13.63,13.63,305200,1.0,0.0
2000-06-01,13.38,13.94,13.38,13.63,111500,1.0,0.0
2000-06-02,13.91,14.38,13.75,13.94,263200,1.0,0.0
2000-06-05,13.94,14.06,13.88,14.0,128000,1.0,0.0
2000-06-06,14.0,14.19,13.39,13.44,196000,1.0,0.0
2000-06-07,13.5,14.06,13.0,13.63,212400,1.0,0.0
2000-06-08,13.56,14.5,13.56,14.06,223900,1.0,0.0
2000-06-09,14.06,14.06,13.38,13.63,198600,1.0,0.0
2000-06-12,13.81,14.0,13.44,13.94,112300,1.0,0.0
2000-06-13,13.22,14.13,13.22,14.06,194100,1.0,0.0
2000-06-14,14.13,14.13,13.5,13.5,226200,1.0,0.0
2000-06-15,13.56,14.19,13.44,14.06,265900,1.0,0.0
2000-06-16,14.06,14.06,13.63,13.94,662800,1.0,0.0
2000-06-19,13.88,14.0,13.75,13.91,115700,1.0,0.0
2000-06-20,13.75,13.94,13.44,13.56,381800,1.0,0.0
2000-06-21,13.56,14.06,13.56,13.94,52000,1.0,0.0
2000-06-22,13.94,14.0,13.5,13.69,286500,1.0,0.0
2000-06-23,13.63,13.69,12.13,12.38,812000,1.0,0.0
2000-06-26,12.31,12.75,12.0,12.44,446400,1.0,0.0
2000-06-27,12.5,12.88,11.75,12.69,260900,1.0,0.0
2000-06-28,12.75,14.0,12.69,14.0,245300,1.0,0.0
2000-06-29,13.5,13.88,12.63,13.75,137500,1.0,0.0
2000-06-30,13.94,13.94,13.13,13.88,249400,1.0,0.0
2000-07-03,13.69,13.81,13.25,13.44,67500,1.0,0.0
2000-07-05,13.44,13.75,13.38,13.38,247300,1.0,0.0
2000-07-06,13.69,14.5,13.13,14.44,166000,1.0,0.0
2000-07-07,14.06,14.44,13.69,14.44,87100,1.0,0.0
2000-07-10,14.44,14.5,14.19,14.38,101500,1.0,0.0
2000-07-11,14.25,14.88,13.88,14.81,202200,1.0,0.0
2000-07-12,14.81,15.0,14.44,14.5,212700,1.0,0.0
2000-07-13,14.44,14.81,14.38,14.5,96700,1.0,0.0
2000-07-14,14.5,14.88,14.38,14.38,46400,1.0,0.0
2000-07-17,14.5,14.75,14.44,14.56,82900,1.0,0.0
2000-07-18,14.38,14.81,14.31,14.38,107400,1.0,0.0
2000-07-19,14.44,14.5,13.81,14.25,67000,1.0,0.0
2000-07-20,13.75,14.31,13.75,14.31,56000,1.0,0.0
2000-07-21,13.88,14.31,13.5,13.5,106300,1.0,0.0
2000-07-24,14.0,14.13,13.5,13.63,65400,1.0,0.0
2000-07-25,13.69,14.06,13.69,13.94,78400,1.0,0.0
2000-07-26,13.75,14.5,13.63,14.5,101900,1.0,0.0
2000-07-27,14.25,14.88,13.88,14.31,219200,1.0,0.0
2000-07-28,13.75,14.44,13.5,13.75,119500,1.0,0.0
2000-07-31,13.81,14.5,13.5,14.44,155200,1.0,0.0
2000-08-01,14.5,14.63,14.5,14.56,233800,1.0,0.0
2000-08-02,14.5,14.94,14.5,14.69,233600,1.0,0.0
2000-08-03,14.81,15.81,14.5,15.44,394300,1.0,0.0
2000-08-04,15.44,16.13,15.44,16.06,237000,1.0,0.0
2000-08-07,15.94,16.06,15.44,16.06,165800,1.0,0.0
2000-08-08,16.06,16.06,15.81,15.81,162900,1.0,0.0
2000-08-09,15.88,15.94,15.31,15.63,187200,1.0,0.0
2000-08-10,15.44,15.56,15.31,15.31,111600,1.0,0.0
2000-08-11,15.31,15.88,15.13,15.88,142400,1.0,0.0
2000-08-14,15.5,16.13,15.5,16.06,93300,1.0,0.0
2000-08-15,16.0,16.06,15.56,15.75,54000,1.0,0.0
2000-08-16,15.75,16.0,15.69,15.75,69600,1.0,0.0
2000-08-17,15.75,15.88,15.69,15.81,45200,1.0,0.0
2000-08-18,15.75,16.0,15.38,15.5,111400,1.0,0.0
2000-08-21,15.56,15.81,15.25,15.38,154400,1.0,0.0
2000-08-22,15.25,15.44,14.75,14.75,112300,1.0,0.0
2000-08-23,15.31,15.81,14.88,15.75,88900,1.0,0.0
2000-08-24,15.75,15.81,15.25,15.63,224800,1.0,0.0
2000-08-25,15.88,15.88,15.38,15.5,39400,1.0,0.0
2000-08-28,15.5,15.63,15.25,15.44,43700,1.0,0.0
2000-08-29,15.56,15.56,15.25,15.44,53600,1.0,0.0
2000-08-30,15.44,15.56,15.31,15.56,51200,1.0,0.0
2000-08-31,15.41,15.56,15.19,15.25,98500,1.0,0.0
2000-09-01,15.38,15.44,14.88,15.06,114300,1.0,0.0
2000-09-05,14.94,15.06,14.75,14.75,63400,1.0,0.0
2000-09-06,15.0,15.0,14.44,14.56,447300,1.0,0.0
2000-09-07,14.5,15.0,14.38,14.94,537400,1.0,0.0
2000-09-08,14.94,15.25,14.25,14.31,156900,1.0,0.0
2000-09-11,14.5,15.0,14.06,14.44,118700,1.0,0.0
2000-09-12,14.63,14.88,14.38,14.63,80500,1.0,0.0
2000-09-13,14.69,14.69,14.19,14.56,125700,1.0,0.0
2000-09-14,14.38,14.75,14.25,14.63,49000,1.0,0.0
2000-09-15,14.19,14.63,13.75,13.88,82400,1.0,0.0
2000-09-18,13.94,14.44,13.75,13.81,260500,1.0,0.0
2000-09-19,13.84,14.13,13.75,14.13,180900,1.0,0.0
2000-09-20,14.06,14.3,13.75,13.94,87300,1.0,0.0
2000-09-21,13.94,14.5,13.94,14.44,104700,1.0,0.0
2000-09-22,13.81,14.44,13.75,14.13,113500,1.0,0.0
2000-09-25,14.13,14.31,13.63,13.63,101000,1.0,0.0
2000-09-26,13.88,14.25,13.63,14.0,120400,1.0,0.0
2000-09-27,14.06,14.38,13.88,14.06,147100,1.0,0.0
2000-09-28,13.94,14.69,13.75,14.69,86100,1.0,0.0
2000-09-29,14.66,15.25,13.75,14.63,172200,1.0,0.0
2000-10-02,14.66,15.25,14.0,14.25,79600,1.0,0.0
2000-10-03,14.25,14.63,14.0,14.63,139200,1.0,0.0
2000-10-04,14.38,14.88,14.06,14.75,93400,1.0,0.0
2000-10-05,14.44,14.88,14.06,14.13,40000,1.0,0.0
2000-10-06,14.31,14.44,14.06,14.13,63700,1.0,0.0
2000-10-09,14.31,14.63,14.0,14.38,54300,1.0,0.0
2000-10-10,14.13,14.63,14.13,14.19,85700,1.0,0.0
2000-10-11,14.06,14.44,14.06,14.06,115900,1.0,0.0
2000-10-12,14.13,14.56,14.0,14.44,152100,1.0,0.0
2000-10-13,14.13,15.5,14.13,15.5,154700,1.0,0.0
2000-10-16,15.0,15.5,14.13,14.56,165600,1.0,0.0
2000-10-17,14.39,14.63,14.13,14.56,148600,1.0,0.0
2000-10-18,14.44,14.63,14.13,14.5,138900,1.0,0.0
2000-10-19,14.5,14.5,14.38,14.5,169800,1.0,0.0
2000-10-20,14.27,14.5,14.13,14.25,54500,1.0,0.0
2000-10-23,14.38,14.5,14.13,14.38,82300,1.0,0.0
2000-10-24,14.38,14.56,14.25,14.38,130800,1.0,0.0
2000-10-25,14.63,15.88,14.25,15.19,183700,1.0,0.0
2000-10-26,15.19,16.0,14.88,15.69,199100,1.0,0.0
2000-10-27,15.69,16.06,15.63,15.88,113500,1.0,0.0
2000-10-30,15.83,18.81,15.83,17.63,321400,1.0,0.0
2000-10-31,17.38,18.0,17.0,18.0,354200,1.0,0.0
2000-11-01,17.31,18.0,17.25,17.81,266400,1.0,0.0
2000-11-02,17.69,17.88,17.5,17.88,201000,1.0,0.0
2000-11-03,17.69,18.31,17.5,18.31,166900,1.0,0.0
2000-11-06,18.13,18.25,17.63,17.63,247800,1.0,0.0
2000-11-07,17.88,17.88,17.44,17.69,48400,1.0,0.0
2000-11-08,17.69,18.81,17.64,18.63,277200,1.0,0.0
2000-11-09,18.5,18.5,17.56,17.81,306400,1.0,0.0
2000-11-10,17.75,18.0,16.5,16.69,121500,1.0,0.0
2000-11-13,16.44,17.81,16.44,17.38,94300,1.0,0.0
2000-11-14,16.75,17.88,16.75,17.88,109800,1.0,0.0
2000-11-15,18.0,18.0,17.25,17.5,113300,1.0,0.0
2000-11-16,17.75,18.13,17.38,17.75,192600,1.0,0.0
2000-11-17,17.69,19.0,17.69,18.63,278100,1.0,0.0
2000-11-20,18.5,19.0,18.13,18.69,144700,1.0,0.0
2000-11-21,18.56,18.88,18.38,18.81,171000,1.0,0.0
2000-11-22,18.81,18.94,18.63,18.81,165100,1.0,0.0
2000-11-24,18.63,19.0,18.63,19.0,92100,1.0,0.0
2000-11-27,18.94,19.38,18.5,18.75,283200,1.0,0.0
2000-11-28,19.0,19.0,18.19,18.88,257100,1.0,0.0
2000-11-29,18.81,18.81,16.63,17.0,247500,1.0,0.0
2000-11-30,16.72,17.13,16.25,16.63,155600,1.0,0.0
2000-12-01,17.06,18.44,16.94,18.0,134400,1.0,0.0
2000-12-04,18.0,18.0,16.38,17.11,193700,1.0,0.0
2000-12-05,17.13,18.5,17.13,17.63,179000,1.0,0.0
2000-12-06,17.44,17.63,17.31,17.5,77900,1.0,0.0
2000-12-07,17.5,17.63,17.44,17.56,103200,1.0,0.0
2000-12-08,17.56,18.5,17.5,18.38,285300,1.0,0.0
2000-12-11,18.5,20.38,18.44,20.19,642500,1.0,0.0
2000-12-12,20.25,22.25,20.0,22.06,1242200,1.0,0.0
2000-12-13,22.06,22.13,20.38,22.06,1001100,1.0,0.0
2000-12-14,21.84,22.25,21.31,22.0,749000,1.0,0.0
2000-12-15,21.69,22.0,21.25,22.0,2191600,1.0,0.0
2000-12-18,21.91,22.19,21.44,21.94,560900,1.0,0.0
2000-12-19,22.0,22.63,21.75,22.25,694500,1.0,0.0
2000-12-20,22.25,22.38,21.75,22.06,310900,1.0,0.0
2000-12-21,22.06,23.0,21.75,22.69,2081700,1.0,0.0
2000-12-22,22.63,23.25,22.56,23.0,1344600,1.0,0.0
2000-12-26,23.38,24.5,23.06,24.25,881700,1.0,0.0
2000-12-27,24.34,24.63,23.63,24.5,503400,1.0,0.0
2000-12-28,24.75,25.06,24.13,24.94,603500,1.0,0.0
2000-12-29,25.0,27.25,24.94,26.75,1098100,1.0,0.0
2001-01-02,27.13,27.19,23.75,24.38,858800,1.0,0.0
2001-01-03,23.66,26.25,23.63,25.88,942300,1.0,0.0
2001-01-04,25.84,26.38,25.5,25.75,464300,1.0,0.0
2001-01-05,25.63,26.06,24.5,25.81,290300,1.0,0.0
2001-01-08,25.63,26.13,24.88,25.06,260500,1.0,0.0
2001-01-09,25.44,25.44,24.38,24.94,207800,1.0,0.0
2001-01-10,25.06,25.25,24.44,25.25,590500,1.0,0.0
2001-01-11,25.09,25.88,24.94,25.13,169000,1.0,0.0
2001-01-12,24.88,25.81,24.69,24.88,185700,1.0,0.0
2001-01-16,25.09,25.63,24.38,25.63,268300,1.0,0.0
2001-01-17,25.75,26.5,25.38,25.44,676600,1.0,0.0
2001-01-18,25.31,25.75,24.88,25.5,393900,1.0,0.0
2001-01-19,24.88,25.88,23.25,23.25,494400,1.0,0.0
2001-01-22,23.31,25.0,23.25,23.94,182900,1.0,0.0
2001-01-23,24.25,24.5,22.5,22.81,1060700,1.0,0.0
2001-01-24,22.5,22.75,20.5,21.19,715900,1.0,0.0
2001-01-25,20.81,21.5,20.0,21.31,541300,1.0,0.0
2001-01-26,20.88,21.5,20.75,21.44,120200,1.0,0.0
2001-01-29,21.0,22.25,21.0,22.0,331400,1.0,0.0
2001-01-30,21.91,22.25,21.75,22.0,315100,1.0,0.0
2001-01-31,21.94,23.13,21.88,22.5,299600,1.0,0.0
2001-02-01,22.5,22.88,21.0,22.75,221400,1.0,0.0
2001-02-02,22.5,23.0,21.38,21.38,138800,1.0,0.0
2001-02-05,21.5,21.88,20.5,21.0,252200,1.0,0.0
2001-02-06,21.19,22.0,20.94,21.69,181500,1.0,0.0
2001-02-07,21.56,22.25,21.0,22.0,292400,1.0,0.0
2001-02-08,21.38,22.0,20.75,21.06,261200,1.0,0.0
2001-02-09,21.09,21.19,18.25,19.94,504300,1.0,0.0
2001-02-12,15.88,22.0,15.5,20.0,1191200,1.0,0.0
2001-02-13,20.13,20.25,19.0,19.25,186600,1.0,0.0
2001-02-14,18.88,20.25,18.75,20.13,118600,1.0,0.0
2001-02-15,20.13,20.56,19.75,20.06,104400,1.0,0.0
2001-02-16,20.06,20.06,19.25,19.5,93400,1.0,0.0
2001-02-20,19.94,21.0,19.38,19.94,238100,1.0,0.0
2001-02-21,19.75,20.13,18.75,19.06,290800,1.0,0.0
2001-02-22,18.81,20.44,18.0,19.0,209500,1.0,0.0
2001-02-23,18.88,19.5,18.38,19.44,145900,1.0,0.0
2001-02-26,19.25,20.0,19.0,19.44,142100,1.0,0.0
2001-02-27,19.14,19.5,19.0,19.19,47600,1.0,0.0
2001-02-28,18.94,19.5,18.75,18.94,221600,1.0,0.0
2001-03-01,18.69,18.88,17.88,18.31,92600,1.0,0.0
2001-03-02,17.88,18.88,17.88,18.44,80100,1.0,0.0
2001-03-05,18.31,19.44,18.13,18.5,78600,1.0,0.0
2001-03-06,18.56,18.67,17.88,18.13,167100,1.0,0.0
2001-03-07,18.14,19.13,18.13,18.5,91300,1.0,0.0
2001-03-08,18.5,19.81,18.5,18.75,139200,1.0,0.0
2001-03-09,18.63,19.0,18.31,18.5,182400,1.0,0.0
2001-03-12,18.53,19.0,18.25,18.44,113500,1.0,0.0
2001-03-13,18.5,19.0,18.5,18.94,207900,1.0,0.0
2001-03-14,18.41,19.38,18.38,19.0,228400,1.0,0.0
2001-03-15,18.75,19.13,18.75,18.75,220500,1.0,0.0
2001-03-16,19.31,19.56,18.63,18.75,260900,1.0,0.0
2001-03-19,18.75,19.19,18.63,19.06,50400,1.0,0.0
2001-03-20,19.0,19.31,18.5,18.56,126900,1.0,0.0
2001-03-21,18.72,18.94,18.5,18.94,162200,1.0,0.0
2001-03-22,18.63,18.75,17.81,17.81,215000,1.0,0.0
2001-03-23,18.56,18.75,18.25,18.63,116000,1.0,0.0
2001-03-26,18.73,18.81,17.69,18.25,180700,1.0,0.0
2001-03-27,18.0,19.0,17.75,18.69,261600,1.0,0.0
2001-03-28,18.38,18.94,18.13,18.31,197900,1.0,0.0
2001-03-29,18.13,18.94,18.0,18.31,93000,1.0,0.0
2001-03-30,18.19,20.0,18.19,19.94,214600,1.0,0.0
2001-04-02,19.5,20.13,19.13,19.69,128300,1.0,0.0
2001-04-03,19.69,19.7,19.13,19.63,152800,1.0,0.0
2001-04-04,19.31,20.0,18.75,19.94,129500,1.0,0.0
2001-04-05,19.94,21.0,19.69,21.0,140800,1.0,0.0
2001-04-06,20.5,21.0,19.88,20.56,216700,1.0,0.0
2001-04-09,20.25,20.75,20.25,20.35,68500,1.0,0.0
2001-04-10,20.35,20.79,20.02,20.6,109700,1.0,0.0
2001-04-11,20.63,21.25,20.5,20.91,119100,1.0,0.0
2001-04-12,20.83,21.09,20.1,21.09,62000,1.0,0.0
2001-04-16,20.92,21.16,19.97,20.81,109400,1.0,0.0
2001-04-17,20.93,21.16,20.32,21.0,90000,1.0,0.0
2001-04-18,21.2,21.8,20.87,21.06,172700,1.0,0.0
2001-04-19,21.1,22.0,21.1,21.9,160400,1.0,0.0
2001-04-20,21.9,21.9,21.25,21.38,87500,1.0,0.0
2001-04-23,21.19,21.5,20.58,20.65,62900,1.0,0.0
2001-04-24,20.57,21.95,20.57,21.79,75200,1.0,0.0
2001-04-25,21.83,22.85,21.55,22.85,130800,1.0,0.0
2001-04-26,22.5,23.77,22.4,23.64,226800,1.0,0.0
2001-04-27,23.26,24.8,23.26,24.12,293900,1.0,0.0
2001-04-30,24.01,24.01,22.25,23.65,445200,1.0,0.0
2001-05-01,23.76,23.95,23.46,23.94,164000,1.0,0.0
2001-05-02,23.74,23.9,23.44,23.55,154400,1.0,0.0
2001-05-03,23.44,23.5,22.8,23.11,146600,1.0,0.0
2001-05-04,23.1,23.63,22.8,23.4,60000,1.0,0.0
2001-05-07,23.4,23.45,22.5,22.6,163200,1.0,0.0
2001-05-08,22.9,23.55,22.71,22.84,90300,1.0,0.0
2001-05-09,22.71,23.25,21.89,22.12,53400,1.0,0.0
2001-05-10,22.15,23.5,22.15,22.35,59400,1.0,0.0
2001-05-11,22.15,22.79,22.1,22.39,39500,1.0,0.0
2001-05-14,22.45,22.6,22.05,22.05,37900,1.0,0.0
2001-05-15,22.34,22.95,22.07,22.5,37600,1.0,0.0
2001-05-16,22.35,23.22,22.35,22.45,146200,1.0,0.0
2001-05-17,22.69,23.2,22.65,22.94,256200,1.0,0.0
2001-05-18,23.23,24.0,22.98,23.77,1052000,1.0,0.0
2001-05-21,23.87,26.0,23.8,25.78,670700,1.0,0.0
2001-05-22,26.18,26.25,25.0,25.0,255400,1.0,0.0
2001-05-23,25.08,25.24,23.67,24.16,181200,1.0,0.0
2001-05-24,24.0,24.62,23.75,24.55,156900,1.0,0.0
2001-05-25,24.54,24.8,24.3,24.31,98700,1.0,0.0
2001-05-29,24.27,24.75,23.86,24.25,104600,1.0,0.0
2001-05-30,24.3,25.0,24.2,24.95,220000,1.0,0.0
2001-05-31,24.74,25.7,24.7,25.21,278400,1.0,0.0
2001-06-01,25.21,25.45,24.65,25.0,173800,1.0,0.0
2001-06-04,24.91,26.14,24.91,25.99,443800,1.0,0.0
2001-06-05,26.11,26.65,25.6,26.4,329600,1.0,0.0
2001-06-06,26.4,26.4,25.95,26.1,412100,1.0,0.0
2001-06-07,26.03,26.25,25.84,26.1,309400,1.0,0.0
2001-06-08,26.01,26.25,25.91,26.0,372700,1.0,0.0
2001-06-11,25.81,26.03,25.44,25.82,131200,1.0,0.0
2001-06-12,25.58,26.05,25.55,26.05,152800,1.0,0.0
2001-06-13,26.0,27.75,25.92,26.67,647300,1.0,0.0
2001-06-14,26.47,26.62,25.96,26.51,304000,1.0,0.0
2001-06-15,26.65,27.75,26.49,26.99,426100,1.0,0.0
2001-06-18,26.95,28.5,26.95,28.06,564000,1.0,0.0
2001-06-19,28.04,28.81,27.75,28.23,449400,1.0,0.0
2001-06-20,28.31,28.93,28.18,28.83,638300,1.0,0.0
2001-06-21,28.89,29.45,27.95,28.19,1198500,1.0,0.0
2001-06-22,28.2,28.26,25.6,25.85,717300,1.0,0.0
2001-06-25,25.95,26.55,25.95,26.27,459900,1.0,0.0
2001-06-26,26.1,26.81,26.1,26.75,473200,1.0,0.0
2001-06-27,26.57,27.8,26.55,27.7,226400,1.0,0.0
2001-06-28,27.71,28.1,27.6,27.92,683800,1.0,0.0
2001-06-29,27.86,29.31,27.85,28.7,239300,1.0,0.0
2001-07-02,28.6,28.65,27.86,28.47,371800,1.0,0.0
2001-07-03,28.22,29.1,28.22,29.0,253800,1.0,0.0
2001-07-05,28.83,29.36,28.69,28.74,204200,1.0,0.0
2001-07-06,28.7,28.9,27.58,27.89,217700,1.0,0.0
2001-07-09,27.88,28.28,27.6,28.14,149600,1.0,0.0
2001-07-10,28.0,28.68,28.0,28.15,138900,1.0,0.0
2001-07-11,28.0,29.01,28.0,28.8,89600,1.0,0.0
2001-07-12,29.59,33.0,29.37,32.48,2841200,1.0,0.0
2001-07-13,32.35,32.43,31.2,32.1,317000,1.0,0.0
2001-07-16,32.0,32.25,31.34,31.65,658300,1.0,0.0
2001-07-17,31.82,32.45,30.8,32.3,303600,1.0,0.0
2001-07-18,32.05,32.97,32.0,32.51,357300,1.0,0.0
2001-07-19,32.56,33.39,32.46,32.95,756500,1.0,0.0
2001-07-20,32.98,33.63,32.86,33.36,508400,1.0,0.0
2001-07-23,33.37,34.34,33.06,33.96,726600,1.0,0.0
2001-07-24,33.85,34.2,33.23,33.65,702800,1.0,0.0
2001-07-25,33.67,34.2,33.43,34.12,549100,1.0,0.0
2001-07-26,34.09,35.51,34.09,35.45,551000,1.0,0.0
2001-07-27,35.14,35.15,34.5,34.71,685100,1.0,0.0
2001-07-30,34.65,34.85,34.21,34.7,529000,1.0,0.0
2001-07-31,34.7,35.54,34.36,34.9,818400,1.0,0.0
2001-08-01,34.85,34.9,33.16,34.3,210300,1.0,0.0
2001-08-02,34.45,34.64,33.77,34.3,250700,1.0,0.0
2001-08-03,34.0,34.5,33.2,33.58,376800,1.0,0.0
2001-08-06,33.52,33.53,31.86,32.91,379900,1.0,0.0
2001-08-07,32.76,33.14,32.06,33.0,163600,1.0,0.0
2001-08-08,32.71,33.15,31.25,32.2,297000,1.0,0.0
2001-08-09,32.15,33.03,32.15,32.8,509700,1.0,0.0
2001-08-10,32.9,33.15,32.18,32.75,356100,1.0,0.0
2001-08-13,32.8,33.0,32.4,32.76,86500,1.0,0.0
2001-08-14,32.67,33.12,32.35,32.5,237600,1.0,0.0
2001-08-15,32.83,33.35,32.57,32.91,459400,1.0,0.0
2001-08-16,32.81,33.0,31.25,32.13,697800,1.0,0.0
2001-08-17,31.96,32.38,31.2,31.47,210300,1.0,0.0
2001-08-20,31.51,32.05,30.75,31.1,214300,1.0,0.0
2001-08-21,31.08,31.25,30.3,30.41,205400,1.0,0.0
2001-08-22,30.19,30.3,28.57,29.75,428300,1.0,0.0
2001-08-23,29.98,30.73,29.7,30.36,349400,1.0,0.0
2001-08-24,30.5,31.75,30.36,30.98,427200,1.0,0.0
2001-08-27,31.03,31.78,30.85,31.1,143200,1.0,0.0
2001-08-28,31.49,31.51,30.06,31.06,145300,1.0,0.0
2001-08-29,30.91,31.11,30.45,30.6,124700,1.0,0.0
2001-08-30,30.55,31.32,30.3,31.12,128200,1.0,0.0
2001-08-31,31.07,31.89,30.94,31.2,121100,1.0,0.0
2001-09-04,31.1,33.08,30.9,31.76,474600,1.0,0.0
2001-09-05,31.9,32.0,30.8,31.46,381300,1.0,0.0
2001-09-06,31.75,31.85,31.06,31.23,196600,1.0,0.0
2001-09-07,31.06,31.64,28.35,28.37,329600,1.0,0.0
2001-09-10,27.75,27.75,25.0,25.6,1016000,1.0,0.0
2001-09-17,24.97,25.63,23.0,24.0,369200,1.0,0.0
2001-09-18,23.88,24.05,23.28,23.65,900000,1.0,0.0
2001-09-19,26.81,26.81,23.53,26.49,811800,1.0,0.0
2001-09-20,25.7,25.7,23.79,24.07,281500,1.0,0.0
2001-09-21,25.1,25.1,22.6,24.99,627500,1.0,0.0
2001-09-24,25.2,27.76,25.0,27.59,285600,1.0,0.0
2001-09-25,27.55,28.38,26.83,28.1,310300,1.0,0.0
2001-09-26,28.55,28.62,26.82,27.3,257300,1.0,0.0
2001-09-27,26.89,28.3,26.5,28.11,477300,1.0,0.0
2001-09-28,28.3,30.0,27.64,28.65,567600,1.0,0.0
2001-10-01,28.75,28.75,27.16,27.69,604800,1.0,0.0
2001-10-02,27.7,29.37,27.55,29.0,433100,1.0,0.0
2001-10-03,31.38,31.38,28.7,30.95,390000,1.0,0.0
2001-10-04,31.74,31.74,30.34,30.35,557900,1.0,0.0
2001-10-05,30.16,30.16,28.95,29.25,296200,1.0,0.0
2001-10-08,29.85,29.85,28.15,28.79,337100,1.0,0.0
2001-10-09,28.8,28.98,28.05,28.72,338200,1.0,0.0
2001-10-10,29.05,30.6,28.66,30.2,491300,1.0,0.0
2001-10-11,30.65,31.86,29.9,31.0,473700,1.0,0.0
2001-10-12,31.0,31.0,28.68,29.55,518700,1.0,0.0
2001-10-15,29.95,30.35,29.14,30.06,246900,1.0,0.0
2001-10-16,29.9,30.29,29.0,29.7,427700,1.0,0.0
2001-10-17,29.99,30.28,28.77,29.84,298600,1.0,0.0
2001-10-18,29.53,30.46,29.26,29.48,691100,1.0,0.0
2001-10-19,29.25,30.88,29.18,30.65,464300,1.0,0.0
2001-10-22,30.4,32.0,30.4,31.64,713500,1.0,0.0
2001-10-23,31.89,32.42,31.2,31.72,549000,1.0,0.0
2001-10-24,31.66,31.66,29.82,30.22,752500,1.0,0.0
2001-10-25,30.19,30.19,28.91,29.31,572300,1.0,0.0
2001-10-26,29.6,29.99,29.3,29.6,518000,1.0,0.0
2001-10-29,29.6,29.6,28.63,28.84,175200,1.0,0.0
2001-10-30,29.1,29.1,27.0,27.85,434100,1.0,0.0
2001-10-31,28.09,28.95,27.89,28.26,488700,1.0,0.0
2001-11-01,28.15,28.89,28.0,28.4,1007400,1.0,0.0
2001-11-02,28.36,29.68,28.25,28.83,851900,1.0,0.0
2001-11-05,29.1,29.59,29.08,29.45,434400,1.0,0.0
2001-11-06,29.4,29.45,28.88,29.09,275100,1.0,0.0
2001-11-07,29.08,29.2,28.72,29.09,549100,1.0,0.0
2001-11-08,29.1,29.73,28.22,29.0,1880200,1.0,0.0
2001-11-09,29.24,29.3,28.61,29.1,453800,1.0,0.0
2001-11-12,29.11,29.95,28.71,29.75,362300,1.0,0.0
2001-11-13,30.0,31.19,29.8,31.05,752300,1.0,0.0
2001-11-14,31.36,33.16,31.35,32.92,1613400,1.0,0.0
2001-11-15,32.7,33.5,32.65,33.06,1337000,1.0,0.0
2001-11-16,33.04,33.31,32.58,33.04,758600,1.0,0.0
2001-11-19,33.05,34.0,32.54,33.15,243700,1.0,0.0
2001-11-20,33.43,34.0,32.13,32.68,314800,1.0,0.0
2001-11-21,32.77,32.77,31.2,32.5,305600,1.0,0.0
2001-11-23,33.0,33.0,32.07,32.7,57000,1.0,0.0
2001-11-26,32.58,33.14,31.89,32.26,206000,1.0,0.0
2001-11-27,32.19,32.94,32.16,32.39,339500,1.0,0.0
2001-11-28,32.8,32.8,31.3,31.5,236700,1.0,0.0
2001-11-29,31.65,32.13,31.28,31.95,258100,1.0,0.0
2001-11-30,32.0,33.45,31.75,33.44,404000,1.0,0.0
2001-12-03,33.45,33.45,32.21,32.44,270900,1.0,0.0
2001-12-04,32.45,33.0,32.45,32.67,387900,1.0,0.0
2001-12-05,33.5,37.35,33.49,36.22,2769300,1.0,0.0
2001-12-06,36.69,36.69,35.83,36.21,1003500,1.0,0.0
2001-12-07,36.52,36.52,35.68,36.04,333600,1.0,0.0
2001-12-10,35.77,36.05,35.25,35.31,350800,1.0,0.0
2001-12-11,35.67,35.68,33.88,34.3,531900,1.0,0.0
2001-12-12,34.3,35.99,33.95,34.56,386500,1.0,0.0
2001-12-13,34.56,35.5,34.33,34.9,302400,1.0,0.0
2001-12-14,34.58,35.95,34.57,35.45,634000,1.0,0.0
2001-12-17,35.61,38.16,35.2,37.62,1031400,1.0,0.0
2001-12-18,37.5,38.24,37.27,38.19,649900,1.0,0.0
2001-12-19,38.27,38.36,37.62,38.0,383500,1.0,0.0
2001-12-20,37.99,38.44,37.24,37.38,859100,1.0,0.0
2001-12-21,37.5,37.94,36.54,37.2,487300,1.0,0.0
2001-12-24,37.25,37.56,36.95,36.98,220500,1.0,0.0
2001-12-26,36.9,37.65,36.84,37.04,353900,1.0,0.0
2001-12-27,37.64,38.0,37.3,37.67,310600,1.0,0.0
2001-12-28,37.61,38.21,36.75,36.79,515700,1.0,0.0
2001-12-31,37.12,37.48,36.0,36.47,239800,1.0,0.0
2002-01-02,36.31,37.25,34.42,35.18,780500,1.0,0.0
2002-01-03,36.15,36.15,33.38,33.58,1493600,1.0,0.0
2002-01-04,32.69,32.9,30.1,31.9,3280500,1.0,0.0
2002-01-07,31.19,32.65,29.95,29.98,1146600,1.0,0.0
2002-01-08,29.9,30.6,29.15,29.49,845700,1.0,0.0
2002-01-09,29.6,30.39,29.36,29.82,759100,1.0,0.0
2002-01-10,29.81,30.34,29.73,30.0,531000,1.0,0.0
2002-01-11,30.14,30.49,29.4,29.6,475700,1.0,0.0
2002-01-14,28.81,30.02,28.61,29.68,548900,1.0,0.0
2002-01-15,29.67,30.62,29.19,30.49,768400,1.0,0.0
2002-01-16,30.16,30.6,29.85,30.28,514500,1.0,0.0
2002-01-17,30.29,31.0,29.56,30.72,570500,1.0,0.0
2002-01-18,31.01,31.3,29.97,30.09,259200,1.0,0.0
2002-01-22,30.08,31.05,30.0,30.7,249400,1.0,0.0
2002-01-23,31.25,31.25,30.61,30.84,177300,1.0,0.0
2002-01-24,30.79,31.15,29.51,30.64,437000,1.0,0.0
2002-01-25,30.68,31.49,30.13,30.95,279700,1.0,0.0
2002-01-28,31.12,31.89,30.94,31.85,354200,1.0,0.0
2002-01-29,31.87,32.12,31.22,31.3,189200,1.0,0.0
2002-01-30,31.19,32.09,31.01,31.98,187900,1.0,0.0
2002-01-31,32.0,33.48,31.75,33.09,647200,1.0,0.0
2002-02-01,34.03,34.03,33.0,33.35,583400,1.0,0.0
2002-02-04,33.59,33.59,32.21,32.7,403500,1.0,0.0
2002-02-05,32.81,33.7,32.52,33.19,418300,1.0,0.0
2002-02-06,32.88,33.38,31.73,32.1,159900,1.0,0.0
2002-02-07,31.95,33.1,31.85,32.25,350000,1.0,0.0
2002-02-08,32.11,33.37,31.96,33.02,356300,1.0,0.0
2002-02-11,33.01,34.88,33.0,34.28,464200,1.0,0.0
2002-02-12,34.12,34.8,34.1,34.74,237000,1.0,0.0
2002-02-13,34.51,35.6,34.51,35.48,304400,1.0,0.0
2002-02-14,35.25,35.86,34.64,34.98,323200,1.0,0.0
2002-02-15,35.17,35.4,34.54,34.92,300700,1.0,0.0
2002-02-19,34.51,34.52,33.09,33.72,282400,1.0,0.0
2002-02-20,34.74,34.74,33.36,34.02,197800,1.0,0.0
2002-02-21,33.94,34.1,33.34,33.36,209000,1.0,0.0
2002-02-22,33.73,33.98,32.27,32.8,245700,1.0,0.0
2002-02-25,32.6,33.79,32.6,33.11,195900,1.0,0.0
2002-02-26,33.45,34.0,33.1,33.9,173800,1.0,0.0
2002-02-27,34.0,34.0,32.45,32.93,340000,1.0,0.0
2002-02-28,32.86,33.25,32.75,33.05,303300,1.0,0.0
2002-03-01,33.25,33.49,32.55,32.8,245000,1.0,0.0
2002-03-04,32.53,32.99,31.99,32.44,344700,1.0,0.0
2002-03-05,32.39,32.5,31.3,31.31,425900,1.0,0.0
2002-03-06,31.85,32.59,31.3,32.02,321500,1.0,0.0
2002-03-07,31.82,33.05,31.55,32.7,489800,1.0,0.0
2002-03-08,33.03,33.25,32.44,32.75,467500,1.0,0.0
2002-03-11,32.98,33.2,31.35,31.94,382300,1.0,0.0
2002-03-12,31.94,32.24,31.8,32.0,213200,1.0,0.0
2002-03-13,32.14,32.49,31.45,31.84,271400,1.0,0.0
2002-03-14,31.85,31.85,31.35,31.73,139500,1.0,0.0
2002-03-15,31.4,32.1,31.39,32.08,231900,1.0,0.0
2002-03-18,31.8,32.1,31.31,31.85,263800,1.0,0.0
2002-03-19,31.85,32.05,31.74,31.91,192900,1.0,0.0
2002-03-20,32.06,32.33,31.71,32.19,309700,1.0,0.0
2002-03-21,32.1,32.25,31.31,31.69,194100,1.0,0.0
2002-03-22,31.37,32.2,31.37,31.97,233800,1.0,0.0
2002-03-25,32.04,32.05,30.79,31.75,448500,1.0,0.0
2002-03-26,31.88,32.1,31.7,32.02,256000,1.0,0.0
2002-03-27,32.09,32.75,31.8,32.1,922600,1.0,0.0
2002-03-28,32.28,32.47,31.3,31.57,529400,1.0,0.0
2002-04-01,31.28,31.28,29.91,29.94,422400,1.0,0.0
2002-04-02,30.0,30.4,28.72,28.96,477900,1.0,0.0
2002-04-03,29.2,29.2,27.9,28.25,581000,1.0,0.0
2002-04-04,27.85,28.6,27.8,28.52,733100,1.0,0.0
2002-04-05,28.65,29.49,28.45,29.12,426300,1.0,0.0
2002-04-08,29.17,29.72,28.5,29.33,314700,1.0,0.0
2002-04-09,29.4,30.07,28.77,28.87,369500,1.0,0.0
2002-04-10,29.0,29.5,28.5,29.13,401800,1.0,0.0
2002-04-11,29.3,29.3,28.66,29.0,410600,1.0,0.0
2002-04-12,29.2,29.29,27.85,29.11,542300,1.0,0.0
2002-04-15,29.25,29.57,28.0,28.61,269000,1.0,0.0
2002-04-16,28.75,29.59,28.38,29.0,426200,1.0,0.0
2002-04-17,29.06,29.25,27.85,27.86,733500,1.0,0.0
2002-04-18,27.99,28.33,27.05,27.65,540800,1.0,0.0
2002-04-19,27.81,28.31,27.61,28.25,492800,1.0,0.0
2002-04-22,28.24,29.05,27.93,29.02,652200,1.0,0.0
2002-04-23,28.9,29.39,28.61,29.0,902500,1.0,0.0
2002-04-24,29.19,30.76,29.05,30.71,1292000,1.0,0.0
2002-04-25,30.98,33.38,30.46,32.93,1280300,1.0,0.0
2002-04-26,32.94,34.42,31.93,32.35,1337600,1.0,0.0
2002-04-29,32.47,33.3,31.97,32.5,287700,1.0,0.0
2002-04-30,32.65,32.65,32.16,32.39,619400,1.0,0.0
2002-05-01,32.34,33.68,32.01,33.16,400000,1.0,0.0
2002-05-02,32.9,34.04,32.39,33.42,233800,1.0,0.0
2002-05-03,33.6,33.6,32.6,32.69,396800,1.0,0.0
2002-05-06,32.64,33.0,32.08,32.53,232400,1.0,0.0
2002-05-07,32.53,32.53,31.83,31.86,266100,1.0,0.0
2002-05-08,32.11,32.62,32.0,32.28,180800,1.0,0.0
2002-05-09,32.05,32.3,31.52,31.52,228200,1.0,0.0
2002-05-10,31.52,31.77,30.76,30.91,288400,1.0,0.0
2002-05-13,30.91,31.4,30.41,30.75,253800,1.0,0.0
2002-05-14,30.9,32.24,30.65,32.11,425000,1.0,0.0
2002-05-15,32.36,32.84,32.03,32.73,250200,1.0,0.0
2002-05-16,32.69,32.75,32.05,32.18,258900,1.0,0.0
2002-05-17,32.6,33.03,32.5,32.72,158600,1.0,0.0
2002-05-20,32.05,32.68,31.95,31.98,192900,1.0,0.0
2002-05-21,32.0,32.56,30.24,30.26,437500,1.0,0.0
2002-05-22,30.63,31.94,30.62,31.66,532800,1.0,0.0
2002-05-23,31.79,32.66,31.4,32.48,245900,1.0,0.0
2002-05-24,32.69,32.79,31.7,32.1,351100,1.0,0.0
2002-05-28,32.15,32.29,31.37,31.92,360600,1.0,0.0
2002-05-29,32.06,32.06,30.85,31.28,270300,1.0,0.0
2002-05-30,30.95,32.0,30.9,31.99,435200,1.0,0.0
2002-05-31,31.55,32.4,31.53,32.16,433100,1.0,0.0
2002-06-03,32.16,32.44,31.25,31.88,331200,1.0,0.0
2002-06-04,31.3,31.69,30.84,31.3,391500,1.0,0.0
2002-06-05,31.3,32.22,31.3,31.86,256500,1.0,0.0
2002-06-06,32.0,32.45,31.36,31.69,243000,1.0,0.0
2002-06-07,31.3,32.68,30.75,32.58,267500,1.0,0.0
2002-06-10,32.73,33.18,32.43,32.76,278200,1.0,0.0
2002-06-11,33.27,33.31,32.09,32.31,197300,1.0,0.0
2002-06-12,31.49,32.29,31.48,31.77,134100,1.0,0.0
2002-06-13,31.6,31.9,30.79,30.85,169100,1.0,0.0
2002-06-14,30.85,31.6,29.51,31.6,544400,1.0,0.0
2002-06-17,31.64,31.64,30.52,30.65,207500,1.0,0.0
2002-06-18,30.42,30.54,30.05,30.1,547300,1.0,0.0
2002-06-19,30.25,30.25,29.36,29.62,715400,1.0,0.0
2002-06-20,29.68,30.35,29.2,29.25,355500,1.0,0.0
2002-06-21,29.65,29.93,28.25,29.11,465700,1.0,0.0
2002-06-24,29.2,29.3,28.1,28.7,381100,1.0,0.0
2002-06-25,28.7,29.5,28.11,28.37,388700,1.0,0.0
2002-06-26,28.2,29.13,27.85,28.96,484300,1.0,0.0
2002-06-27,28.72,29.24,27.89,29.08,726900,1.0,0.0
2002-06-28,29.21,29.55,27.1,27.56,1358800,1.0,0.0
2002-07-01,27.79,28.35,27.46,27.61,529100,1.0,0.0
2002-07-02,27.6,28.0,27.0,27.26,492700,1.0,0.0
2002-07-03,27.25,27.95,27.05,27.51,374200,1.0,0.0
2002-07-05,27.95,28.64,27.45,28.32,63000,1.0,0.0
2002-07-08,28.23,28.6,28.01,28.33,128300,1.0,0.0
2002-07-09,28.0,28.45,26.84,26.84,348500,1.0,0.0
2002-07-10,27.05,27.8,26.56,27.2,336900,1.0,0.0
2002-07-11,27.19,27.55,27.03,27.55,600900,1.0,0.0
2002-07-12,27.65,27.97,27.29,27.38,400300,1.0,0.0
2002-07-15,27.38,27.84,26.31,27.1,748800,1.0,0.0
2002-07-16,27.24,27.24,26.46,26.88,618000,1.0,0.0
2002-07-17,26.73,27.9,26.73,27.9,549500,1.0,0.0
2002-07-18,27.92,28.7,27.3,27.58,278900,1.0,0.0
2002-07-19,27.58,27.58,26.05,26.65,611100,1.0,0.0
2002-07-22,26.35,26.95,25.4,25.74,611000,1.0,0.0
2002-07-23,25.75,26.1,24.85,25.15,321400,1.0,0.0
2002-07-24,25.1,28.0,24.1,27.95,815700,1.0,0.0
2002-07-25,27.66,28.05,26.75,27.2,392300,1.0,0.0
2002-07-26,27.44,28.9,27.13,28.82,391000,1.0,0.0
2002-07-29,28.91,29.91,28.45,29.5,368900,1.0,0.0
2002-07-30,29.38,29.8,28.14,28.93,615400,1.0,0.0
2002-07-31,29.05,29.05,27.87,28.18,420100,1.0,0.0
2002-08-01,28.2,28.2,26.76,27.14,483000,1.0,0.0
2002-08-02,27.27,27.27,25.5,26.0,256200,1.0,0.0
2002-08-05,26.01,26.97,25.9,26.0,228300,1.0,0.0
2002-08-06,26.05,27.69,25.42,27.02,488900,1.0,0.0
2002-08-07,27.03,27.5,26.81,27.01,379800,1.0,0.0
2002-08-08,27.1,27.6,26.36,27.17,362500,1.0,0.0
2002-08-09,27.05,27.85,26.6,27.67,379400,1.0,0.0
2002-08-12,27.5,27.54,26.87,27.16,264700,1.0,0.0
2002-08-13,27.38,28.03,27.03,27.28,198100,1.0,0.0
2002-08-14,27.22,28.4,27.0,28.4,350900,1.0,0.0
2002-08-15,27.9,29.75,27.9,29.65,386600,1.0,0.0
2002-08-16,29.51,29.86,29.0,29.67,433200,1.0,0.0
2002-08-19,29.7,30.1,29.36,29.99,262800,1.0,0.0
2002-08-20,29.33,30.13,29.2,29.52,195100,1.0,0.0
2002-08-21,29.96,30.2,29.41,30.19,319700,1.0,0.0
2002-08-22,30.17,30.75,29.85,30.45,574900,1.0,0.0
2002-08-23,30.65,30.65,29.6,30.01,263300,1.0,0.0
2002-08-26,30.05,30.85,29.65,30.73,195400,1.0,0.0
2002-08-27,31.0,31.01,29.76,30.12,296200,1.0,0.0
2002-08-28,30.2,30.37,29.6,30.37,187100,1.0,0.0
2002-08-29,30.15,30.58,29.0,30.13,1025600,1.0,0.0
2002-08-30,30.0,30.1,29.56,29.78,520900,1.0,0.0
2002-09-03,29.75,29.76,28.91,29.0,212100,1.0,0.0
2002-09-04,28.91,29.8,28.76,29.75,189200,1.0,0.0
2002-09-05,29.54,29.93,28.72,29.42,267000,1.0,0.0
2002-09-06,29.3,30.48,29.3,30.41,171500,1.0,0.0
2002-09-09,30.49,31.15,30.08,30.83,315000,1.0,0.0
2002-09-10,30.78,31.95,30.53,31.6,353100,1.0,0.0
2002-09-11,31.75,32.47,31.51,31.96,208400,1.0,0.0
2002-09-12,31.9,31.95,30.72,30.94,457500,1.0,0.0
2002-09-13,30.9,31.26,30.65,30.96,228300,1.0,0.0
2002-09-16,32.3,32.3,30.77,31.18,320600,1.0,0.0
2002-09-17,31.45,31.45,30.65,30.7,137700,1.0,0.0
2002-09-18,30.85,31.09,29.82,30.64,300300,1.0,0.0
2002-09-19,30.63,30.63,30.21,30.4,362800,1.0,0.0
2002-09-20,30.5,30.5,29.63,29.94,317800,1.0,0.0
2002-09-23,30.05,30.05,28.84,29.02,209800,1.0,0.0
2002-09-24,29.18,29.68,28.56,28.86,226700,1.0,0.0
2002-09-25,29.7,30.63,29.32,30.45,403100,1.0,0.0
2002-09-26,30.64,31.0,30.15,30.24,463300,1.0,0.0
2002-09-27,30.21,30.63,29.24,29.36,281900,1.0,0.0
2002-09-30,29.42,29.42,28.15,28.62,514800,1.0,0.0
2002-10-01,28.5,29.08,27.25,28.74,327200,1.0,0.0
2002-10-02,28.25,28.78,27.95,28.08,360500,1.0,0.0
2002-10-03,28.2,28.53,27.45,27.5,190500,1.0,0.0
2002-10-04,27.47,28.45,26.63,27.1,344400,1.0,0.0
2002-10-07,27.0,27.02,25.28,25.28,426700,1.0,0.0
2002-10-08,25.41,27.79,25.35,27.18,361300,1.0,0.0
2002-10-09,27.14,27.2,25.78,25.84,242000,1.0,0.0
2002-10-10,26.43,27.0,25.77,26.46,252900,1.0,0.0
2002-10-11,26.7,28.22,26.55,27.57,256500,1.0,0.0
2002-10-14,27.55,29.02,27.25,28.16,308500,1.0,0.0
2002-10-15,28.68,29.09,28.3,28.43,243400,1.0,0.0
2002-10-16,28.75,28.75,27.76,27.8,205400,1.0,0.0
2002-10-17,28.05,29.87,28.05,29.81,458500,1.0,0.0
2002-10-18,29.4,30.29,29.14,29.9,136500,1.0,0.0
2002-10-21,29.65,30.92,29.36,30.82,211600,1.0,0.0
2002-10-22,30.85,31.4,30.21,31.16,373900,1.0,0.0
2002-10-23,31.12,31.12,27.3,27.69,1916700,1.0,0.0
2002-10-24,27.79,28.35,26.69,26.77,1451600,1.0,0.0
2002-10-25,26.62,27.03,26.45,26.94,357400,1.0,0.0
2002-10-28,27.08,27.84,26.9,27.08,529100,1.0,0.0
2002-10-29,27.4,27.7,26.06,26.81,464200,1.0,0.0
2002-10-30,26.97,27.13,26.25,26.8,193500,1.0,0.0
2002-10-31,26.9,27.63,26.81,27.27,499900,1.0,0.0
2002-11-01,27.2,28.35,27.07,27.37,714900,1.0,0.0
2002-11-04,27.25,27.74,25.35,25.51,819800,1.0,0.0
2002-11-05,25.72,26.45,25.26,26.45,761100,1.0,0.0
2002-11-06,26.55,27.0,26.19,26.34,646800,1.0,0.0
2002-11-07,26.37,26.37,25.75,25.75,417700,1.0,0.0
2002-11-08,25.99,26.35,25.65,25.82,304300,1.0,0.0
2002-11-11,25.8,26.1,25.32,25.56,422600,1.0,0.0
2002-11-12,25.6,26.0,25.26,25.7,350100,1.0,0.0
2002-11-13,25.4,26.47,25.0,25.92,246100,1.0,0.0
2002-11-14,26.25,26.66,25.87,26.1,231600,1.0,0.0
2002-11-15,26.0,26.25,25.58,25.6,418000,1.0,0.0
2002-11-18,25.55,25.68,24.62,25.25,801300,1.0,0.0
2002-11-19,25.0,25.29,24.85,24.96,523600,1.0,0.0
2002-11-20,24.95,26.5,24.83,26.5,531400,1.0,0.0
2002-11-21,26.45,28.83,26.44,28.25,710100,1.0,0.0
2002-11-22,28.01,28.47,27.7,27.93,298500,1.0,0.0
2002-11-25,27.83,28.25,27.4,27.75,495600,1.0,0.0
2002-11-26,27.7,27.83,25.95,26.4,516300,1.0,0.0
2002-11-27,27.0,27.98,26.3,27.97,468700,1.0,0.0
2002-11-29,27.95,28.37,27.55,27.76,127100,1.0,0.0
2002-12-02,27.85,28.37,27.26,27.67,220700,1.0,0.0
2002-12-03,27.56,28.15,27.15,27.57,233600,1.0,0.0
2002-12-04,27.4,27.95,27.26,27.66,284100,1.0,0.0
2002-12-05,27.95,28.13,26.85,27.78,227600,1.0,0.0
2002-12-06,27.67,27.93,26.91,27.5,321300,1.0,0.0
2002-12-09,27.59,27.71,26.5,26.94,311200,1.0,0.0
2002-12-10,27.0,27.49,26.78,27.1,219200,1.0,0.0
2002-12-11,26.97,27.11,26.47,26.73,198000,1.0,0.0
2002-12-12,26.72,26.79,25.8,26.3,533400,1.0,0.0
2002-12-13,26.25,26.58,25.24,25.54,982000,1.0,0.0
2002-12-16,25.63,26.99,25.44,26.45,822400,1.0,0.0
2002-12-17,26.55,26.55,25.68,25.84,447200,1.0,0.0
2002-12-18,25.7,25.83,24.45,25.33,413900,1.0,0.0
2002-12-19,25.17,25.34,24.28,24.76,734300,1.0,0.0
2002-12-20,24.77,25.43,24.77,25.21,458100,1.0,0.0
2002-12-23,25.18,25.63,24.43,24.73,429300,1.0,0.0
2002-12-24,24.65,24.98,24.49,24.85,112800,1.0,0.0
2002-12-26,24.98,25.21,24.7,24.91,132500,1.0,0.0
2002-12-27,24.94,25.08,24.59,24.61,100300,1.0,0.0
2002-12-30,24.76,25.51,24.46,25.04,239500,1.0,0.0
2002-12-31,25.02,25.78,24.93,25.29,667200,1.0,0.0
2003-01-02,25.3,25.7,25.29,25.54,397200,1.0,0.0
2003-01-03,25.5,25.59,24.68,24.84,413000,1.0,0.0
2003-01-06,24.91,25.9,24.91,25.47,229800,1.0,0.0
2003-01-07,25.22,26.05,25.04,25.13,136900,1.0,0.0
2003-01-08,25.04,25.53,24.71,24.83,219700,1.0,0.0
2003-01-09,25.0,25.39,24.77,25.16,252400,1.0,0.0
2003-01-10,24.95,25.35,24.75,25.05,260100,1.0,0.0
2003-01-13,25.15,25.32,24.51,24.97,358000,1.0,0.0
2003-01-14,24.85,25.25,24.85,25.23,208100,1.0,0.0
2003-01-15,25.28,25.38,24.87,25.29,400000,1.0,0.0
2003-01-16,25.29,25.68,25.1,25.49,179800,1.0,0.0
2003-01-17,25.6,25.68,25.23,25.43,128700,1.0,0.0
2003-01-21,25.58,25.7,24.7,24.78,303000,1.0,0.0
2003-01-22,25.26,25.28,24.5,24.65,207600,1.0,0.0
2003-01-23,24.75,25.14,24.65,24.9,164400,1.0,0.0
2003-01-24,25.0,25.16,24.5,24.59,177800,1.0,0.0
2003-01-27,24.61,24.75,23.75,23.91,257200,1.0,0.0
2003-01-28,23.96,24.52,23.85,24.22,152300,1.0,0.0
2003-01-29,23.96,24.52,23.85,24.22,141000,1.0,0.0
2003-01-30,24.2,25.01,24.16,24.38,215500,1.0,0.0
2003-01-31,24.31,24.66,24.09,24.43,164000,1.0,0.0
2003-02-03,24.34,24.74,24.13,24.54,233500,1.0,0.0
2003-02-04,24.58,24.58,24.03,24.03,236000,1.0,0.0
2003-02-05,24.1,24.5,23.8,23.81,284800,1.0,0.0
2003-02-06,23.8,24.05,23.5,23.51,217500,1.0,0.0
2003-02-07,23.69,23.69,23.4,23.46,197900,1.0,0.0
2003-02-10,23.45,23.45,22.91,23.01,461800,1.0,0.0
2003-02-11,23.15,23.34,23.03,23.13,594000,1.0,0.0
2003-02-12,23.15,23.65,23.1,23.33,250900,1.0,0.0
2003-02-13,23.32,23.58,23.02,23.55,355300,1.0,0.0
2003-02-14,23.26,23.49,22.96,23.39,380600,1.0,0.0
2003-02-18,23.39,23.99,23.25,23.97,294200,1.0,0.0
2003-02-19,23.95,23.98,23.13,23.2,218700,1.0,0.0
2003-02-20,23.35,23.63,23.13,23.21,222100,1.0,0.0
2003-02-21,23.2,23.75,23.1,23.71,263900,1.0,0.0
2003-02-24,23.61,24.04,23.61,23.74,252900,1.0,0.0
2003-02-25,23.75,23.75,23.0,23.25,361000,1.0,0.0
2003-02-26,23.21,23.75,22.96,23.22,475900,1.0,0.0
2003-02-27,23.27,24.85,23.1,24.62,528600,1.0,0.0
2003-02-28,24.82,25.93,24.67,25.53,618800,1.0,0.0
2003-03-03,25.6,25.8,25.21,25.33,378100,1.0,0.0
2003-03-04,25.27,25.3,23.99,24.09,490800,1.0,0.0
2003-03-05,24.0,24.62,24.0,24.2,352900,1.0,0.0
2003-03-06,24.22,24.78,24.12,24.73,422200,1.0,0.0
2003-03-07,24.7,24.98,24.28,24.72,392600,1.0,0.0
2003-03-10,24.76,24.87,24.33,24.45,247000,1.0,0.0
2003-03-11,25.59,25.8,24.8,25.0,693000,1.0,0.0
2003-03-12,24.89,25.33,24.89,25.0,289600,1.0,0.0
2003-03-13,25.09,26.12,25.09,25.94,335300,1.0,0.0
2003-03-14,25.98,27.42,25.75,26.62,629100,1.0,0.0
2003-03-17,26.6,27.56,25.98,27.42,253700,1.0,0.0
2003-03-18,27.5,27.86,27.21,27.5,257100,1.0,0.0
2003-03-19,27.49,27.5,27.13,27.45,160900,1.0,0.0
2003-03-20,27.41,27.42,26.62,26.86,383400,1.0,0.0
2003-03-21,27.09,27.2,26.82,27.03,781400,1.0,0.0
2003-03-24,27.12,27.12,26.4,26.72,339900,1.0,0.0
2003-03-25,26.8,27.03,26.47,26.7,316800,1.0,0.0
2003-03-26,27.0,27.57,26.68,27.35,497200,1.0,0.0
2003-03-27,27.13,27.2,26.36,26.51,386900,1.0,0.0
2003-03-28,26.5,27.13,26.29,26.43,266000,1.0,0.0
2003-03-31,26.26,27.2,26.18,27.07,365200,1.0,0.0
2003-04-01,27.05,27.56,26.76,26.89,341100,1.0,0.0
2003-04-02,27.11,28.15,26.95,27.81,613600,1.0,0.0
2003-04-03,27.93,28.33,27.8,27.9,205600,1.0,0.0
2003-04-04,27.78,28.18,27.65,28.08,212100,1.0,0.0
2003-04-07,27.9,28.62,27.84,27.89,323200,1.0,0.0
2003-04-08,27.84,28.48,27.8,28.24,182900,1.0,0.0
2003-04-09,28.15,28.44,27.72,27.93,211400,1.0,0.0
2003-04-10,27.8,28.1,27.63,27.9,219200,1.0,0.0
2003-04-11,27.8,28.0,27.44,27.62,184900,1.0,0.0
2003-04-14,27.62,28.19,27.62,28.07,150100,1.0,0.0
2003-04-15,28.1,28.25,27.76,28.2,237900,1.0,0.0
2003-04-16,28.23,28.34,27.58,27.63,213100,1.0,0.0
2003-04-17,27.75,28.43,27.35,28.269,211300,1.0,0.0
2003-04-21,28.35,28.47,27.61,28.09,173100,1.0,0.0
2003-04-22,28.1,29.31,27.96,29.2,366200,1.0,0.0
2003-04-23,28.98,29.7,28.54,29.6,352300,1.0,0.0
2003-04-24,28.9,29.79,28.84,29.78,505700,1.0,0.0
2003-04-25,29.79,29.99,29.15,29.21,251000,1.0,0.0
2003-04-28,29.07,29.52,28.94,29.4,544500,1.0,0.0
2003-04-29,29.46,29.88,29.36,29.799,547400,1.0,0.0
2003-04-30,29.76,30.0,29.4,29.62,321500,1.0,0.0
2003-05-01,29.69,29.9,29.06,29.8,279100,1.0,0.0
2003-05-02,29.73,30.71,29.73,30.55,489100,1.0,0.0
2003-05-05,30.58,31.37,30.54,31.22,370500,1.0,0.0
2003-05-06,31.2,31.36,30.89,31.0,325500,1.0,0.0
2003-05-07,30.88,31.0,30.59,30.6,290900,1.0,0.0
2003-05-08,30.5,30.82,30.15,30.39,197100,1.0,0.0
2003-05-09,30.35,30.6,29.9,30.55,217500,1.0,0.0
2003-05-12,30.12,31.13,30.12,31.01,247500,1.0,0.0
2003-05-13,31.15,31.16,30.445,30.74,244100,1.0,0.0
2003-05-14,30.79,31.02,30.19,30.49,121100,1.0,0.0
2003-05-15,30.5,30.94,30.24,30.49,232900,1.0,0.0
2003-05-16,30.45,30.6,30.22,30.46,188600,1.0,0.0
2003-05-19,30.45,30.45,28.86,28.95,380600,1.0,0.0
2003-05-20,28.92,29.55,28.77,29.31,385500,1.0,0.0
2003-05-21,29.3,29.47,28.96,29.24,158800,1.0,0.0
2003-05-22,29.12,30.0,29.12,29.81,104700,1.0,0.0
2003-05-23,29.89,29.91,29.31,29.56,130900,1.0,0.0
2003-05-27,29.55,30.64,29.3,30.45,173200,1.0,0.0
2003-05-28,30.43,30.88,30.3,30.54,204800,1.0,0.0
2003-05-29,30.51,31.0,30.29,30.55,140700,1.0,0.0
2003-05-30,30.55,30.59,30.07,30.51,240500,1.0,0.0
2003-06-02,30.56,31.13,30.5,31.01,251600,1.0,0.0
2003-06-03,31.12,31.18,30.69,30.82,186100,1.0,0.0
2003-06-04,30.82,31.23,30.7,31.02,175300,1.0,0.0
2003-06-05,30.96,32.07,30.75,32.02,255700,1.0,0.0
2003-06-06,32.07,32.51,31.9,32.06,448200,1.0,0.0
2003-06-09,32.13,32.34,31.98,32.24,227300,1.0,0.0
2003-06-10,32.12,32.75,32.12,32.75,170000,1.0,0.0
2003-06-11,32.75,33.26,32.362,33.26,229000,1.0,0.0
2003-06-12,33.17,35.29,33.13,34.59,739100,1.0,0.0
2003-06-13,34.5,34.52,34.02,34.45,374900,1.0,0.0
2003-06-16,34.41,35.39,34.05,35.131,492400,1.0,0.0
2003-06-17,35.06,35.29,34.612,34.96,147700,1.0,0.0
2003-06-18,34.82,34.91,33.71,34.1,290800,1.0,0.0
2003-06-19,34.05,34.23,33.19,33.44,182700,1.0,0.0
2003-06-20,33.45,34.81,33.07,33.86,455400,1.0,0.0
2003-06-23,33.75,33.94,32.95,33.05,174200,1.0,0.0
2003-06-24,33.2,33.45,32.9,33.01,108500,1.0,0.0
2003-06-25,33.17,33.43,32.8,32.8,200600,1.0,0.0
2003-06-26,32.77,33.9,32.77,33.63,150600,1.0,0.0
2003-06-27,33.56,34.15,33.37,33.68,190000,1.0,0.0
2003-06-30,33.62,33.85,33.36,33.47,248500,1.0,0.0
2003-07-01,33.35,33.7,33.26,33.53,215300,1.0,0.0
2003-07-02,33.53,34.1,33.23,33.92,239300,1.0,0.0
2003-07-03,33.91,34.12,33.5,33.87,95000,1.0,0.0
2003-07-07,34.0,34.48,33.811,34.37,312900,1.0,0.0
2003-07-08,34.3,36.55,34.21,36.51,496500,1.0,0.0
2003-07-09,36.4,37.33,36.11,37.0,546400,1.0,0.0
2003-07-10,36.86,36.9,35.31,36.06,446900,1.0,0.0
2003-07-11,35.91,36.1,35.75,36.07,184700,1.0,0.0
2003-07-14,36.07,36.25,35.81,35.9,200000,1.0,0.0
2003-07-15,35.93,37.38,35.93,37.38,310400,1.0,0.0
2003-07-16,37.41,37.54,36.5,36.84,227700,1.0,0.0
2003-07-17,36.67,36.75,35.02,35.42,306400,1.0,0.0
2003-07-18,35.34,36.0,35.2,36.0,135800,1.0,0.0
2003-07-21,36.0,36.05,34.58,34.58,197200,1.0,0.0
2003-07-22,34.7,35.61,34.64,35.01,179800,1.0,0.0
2003-07-23,35.05,35.36,34.61,35.01,142900,1.0,0.0
2003-07-24,35.07,35.69,34.92,35.11,124100,1.0,0.0
2003-07-25,35.15,36.13,34.88,36.01,126100,1.0,0.0
2003-07-28,36.04,36.34,35.61,35.77,205900,1.0,0.0
2003-07-29,35.93,36.3,35.23,36.21,219800,1.0,0.0
2003-07-30,36.29,38.0,36.29,37.73,501100,1.0,0.0
2003-07-31,38.0,39.5,37.26,38.16,444000,1.0,0.0
2003-08-01,37.99,38.25,37.21,37.4,151800,1.0,0.0
2003-08-04,37.5,37.5,36.65,36.84,253200,1.0,0.0
2003-08-05,36.85,37.0,35.54,35.55,349100,1.0,0.0
2003-08-06,35.74,35.74,34.71,35.12,613200,1.0,0.0
2003-08-07,35.01,35.59,34.35,34.75,357400,1.0,0.0
2003-08-08,34.88,35.0,34.57,34.78,380500,1.0,0.0
2003-08-11,34.95,35.0,34.33,34.89,165300,1.0,0.0
2003-08-12,34.97,35.61,34.9,35.5,179300,1.0,0.0
2003-08-13,35.5,35.78,35.4,35.75,257800,1.0,0.0
2003-08-14,35.8,36.07,35.66,35.89,258300,1.0,0.0
2003-08-15,36.0,36.05,35.75,35.85,102000,1.0,0.0
2003-08-18,35.85,36.81,35.73,36.69,279500,1.0,0.0
2003-08-19,36.65,37.36,36.56,37.21,565000,1.0,0.0
2003-08-20,37.0,37.87,36.99,37.49,326800,1.0,0.0
2003-08-21,37.72,37.87,37.24,37.78,242600,1.0,0.0
2003-08-22,37.71,38.12,37.52,38.03,307700,1.0,0.0
2003-08-25,38.15,38.18,37.65,37.68,303800,1.0,0.0
2003-08-26,37.59,37.88,36.6,36.95,216100,1.0,0.0
2003-08-27,36.97,37.42,36.95,37.26,95700,1.0,0.0
2003-08-28,37.35,37.39,36.78,37.19,211900,1.0,0.0
2003-08-29,37.57,38.35,37.43,38.35,372000,1.0,0.0
2003-09-02,38.5,38.67,37.71,38.67,359300,1.0,0.0
2003-09-03,38.45,39.0,38.4,38.97,443500,1.0,0.0
2003-09-04,39.0,39.0,37.84,38.65,5089300,1.0,0.0
2003-09-05,38.6,38.65,38.22,38.55,461600,1.0,0.0
2003-09-08,38.61,38.8,38.31,38.57,234600,1.0,0.0
2003-09-09,38.57,38.6,37.51,37.7,324300,1.0,0.0
2003-09-10,37.35,37.56,37.12,37.2,256900,1.0,0.0
2003-09-11,37.21,37.48,36.92,37.47,228400,1.0,0.0
2003-09-12,37.49,37.59,37.23,37.35,156400,1.0,0.0
2003-09-15,37.81,38.24,37.71,37.93,375800,1.0,0.0
2003-09-16,37.96,38.12,37.75,37.95,207200,1.0,0.0
2003-09-17,37.9,38.27,37.9,38.17,138900,1.0,0.0
2003-09-18,38.05,38.19,37.99,38.06,180100,1.0,0.0
2003-09-19,38.11,38.54,38.03,38.45,263500,1.0,0.0
2003-09-22,38.23,38.77,37.99,38.7,316000,1.0,0.0
2003-09-23,38.7,39.72,38.47,39.45,378800,1.0,0.0
2003-09-24,39.71,39.96,39.3,39.46,345400,1.0,0.0
2003-09-25,39.53,39.8,37.96,38.1,186000,1.0,0.0
2003-09-26,38.11,38.11,37.28,37.42,262400,1.0,0.0
2003-09-29,37.43,38.02,37.26,37.66,436400,1.0,0.0
2003-09-30,37.55,37.66,36.76,36.8,255100,1.0,0.0
2003-10-01,36.84,38.148,36.54,38.12,265200,1.0,0.0
2003-10-02,37.9,38.25,37.75,38.25,198200,1.0,0.0
2003-10-03,38.34,39.46,38.28,39.41,343300,1.0,0.0
2003-10-06,39.5,40.09,39.44,39.73,393200,1.0,0.0
2003-10-07,39.69,40.05,39.4,39.88,225300,1.0,0.0
2003-10-08,39.74,39.92,39.2,39.26,311700,1.0,0.0
2003-10-09,39.17,39.79,39.17,39.5,225600,1.0,0.0
2003-10-10,39.64,39.7,39.05,39.261,142700,1.0,0.0
2003-10-13,39.2,39.76,39.2,39.5,157400,1.0,0.0
2003-10-14,39.54,39.54,38.36,38.98,494800,1.0,0.0
2003-10-15,39.15,39.25,38.34,38.84,238400,1.0,0.0
2003-10-16,38.9,39.5,38.78,39.03,73800,1.0,0.0
2003-10-17,39.27,39.27,37.9,38.58,157400,1.0,0.0
2003-10-20,38.49,38.84,38.19,38.65,81900,1.0,0.0
2003-10-21,38.84,39.19,38.32,39.08,143800,1.0,0.0
2003-10-22,39.07,39.19,38.29,38.46,170600,1.0,0.0
2003-10-23,38.5,39.81,38.34,39.8,238500,1.0,0.0
2003-10-24,39.81,39.97,39.0,39.5,249500,1.0,0.0
2003-10-27,39.63,41.89,39.37,41.84,448800,1.0,0.0
2003-10-28,41.49,42.78,41.44,42.5,407200,1.0,0.0
2003-10-29,42.5,43.64,42.101,43.421,612800,1.0,0.0
2003-10-30,43.5,44.9,43.5,44.69,628400,1.0,0.0
2003-10-31,44.78,44.82,43.08,43.46,355500,1.0,0.0
2003-11-03,43.49,43.5,42.85,43.41,753600,1.0,0.0
2003-11-04,43.23,43.32,42.83,42.88,373900,1.0,0.0
2003-11-05,42.85,43.23,42.51,43.22,162900,1.0,0.0
2003-11-06,43.25,43.45,42.66,43.45,134800,1.0,0.0
2003-11-07,43.19,43.5,42.73,42.93,215900,1.0,0.0
2003-11-10,42.93,43.14,42.37,42.58,151100,1.0,0.0
2003-11-11,42.59,42.59,41.75,42.42,193100,1.0,0.0
2003-11-12,42.02,43.24,41.94,43.21,166900,1.0,0.0
2003-11-13,43.25,43.25,42.38,42.49,216900,1.0,0.0
2003-11-14,42.48,42.49,41.78,41.87,283100,1.0,0.0
2003-11-17,42.01,42.01,41.35,41.7,160900,1.0,0.0
2003-11-18,41.75,41.87,40.7,40.75,180400,1.0,0.0
2003-11-19,40.79,41.18,40.46,40.74,178800,1.0,0.0
2003-11-20,40.86,40.93,40.27,40.45,217100,1.0,0.0
2003-11-21,40.5,41.5,40.44,41.25,256700,1.0,0.0
2003-11-24,41.3,42.6,41.21,42.5,262400,1.0,0.0
2003-11-25,42.5,43.05,42.37,42.93,263700,1.0,0.0
2003-11-26,43.07,43.3,42.85,43.28,138100,1.0,0.0
2003-11-28,43.4,43.7,43.31,43.52,78900,1.0,0.0
2003-12-01,43.4,43.8,42.66,43.8,315100,1.0,0.0
2003-12-02,43.68,43.75,43.02,43.31,547900,1.0,0.0
2003-12-03,43.37,43.4,42.62,42.96,255000,1.0,0.0
2003-12-04,42.9,43.75,42.56,43.57,236600,1.0,0.0
2003-12-05,43.48,43.57,42.93,42.93,248000,1.0,0.0
2003-12-08,42.9,43.3,42.45,42.85,125100,1.0,0.0
2003-12-09,43.0,43.15,42.59,42.65,175500,1.0,0.0
2003-12-10,41.85,42.01,40.03,40.03,552900,1.0,0.0
2003-12-11,40.16,41.29,40.05,40.34,549300,1.0,0.0
2003-12-12,40.32,40.95,39.74,40.39,394100,1.0,0.0
2003-12-15,40.62,41.03,39.69,39.69,309900,1.0,0.0
2003-12-16,39.88,39.88,38.59,38.96,434900,1.0,0.0
2003-12-17,39.19,39.35,38.41,39.0,385700,1.0,0.0
2003-12-18,38.99,39.19,38.5,39.12,431200,1.0,0.0
2003-12-19,38.94,39.0,37.97,38.43,362300,1.0,0.0
2003-12-22,38.3,38.9,38.08,38.79,326200,1.0,0.0
2003-12-23,38.85,39.16,38.6,39.08,245400,1.0,0.0
2003-12-24,39.24,39.4,38.75,38.9,522100,1.0,0.0
2003-12-26,38.77,39.01,38.63,38.64,148500,1.0,0.0
2003-12-29,38.85,38.87,38.52,38.7,225700,1.0,0.0
2003-12-30,38.65,38.91,38.37,38.52,201600,1.0,0.0
2003-12-31,38.5,38.79,38.36,38.56,256900,1.0,0.0
2004-01-02,38.65,38.83,37.91,37.92,206300,1.0,0.0
2004-01-05,37.9,38.0,37.68,37.85,296500,1.0,0.0
2004-01-06,37.71,37.95,37.12,37.62,609100,1.0,0.0
2004-01-07,37.45,37.63,36.7,37.33,292200,1.0,0.0
2004-01-08,37.48,37.48,36.5,37.25,371500,1.0,0.0
2004-01-09,37.1,37.44,36.46,36.78,456300,1.0,0.0
2004-01-12,36.97,38.47,36.7,38.42,737200,1.0,0.0
2004-01-13,38.4,38.89,38.15,38.45,397700,1.0,0.0
2004-01-14,38.69,38.69,37.98,38.18,183600,1.0,0.0
2004-01-15,38.44,38.44,37.56,38.01,190500,1.0,0.0
2004-01-16,38.1,38.52,37.73,38.12,279800,1.0,0.0
2004-01-20,38.02,38.08,37.34,37.98,229600,1.0,0.0
2004-01-21,37.95,38.76,37.95,38.6,301200,1.0,0.0
2004-01-22,38.55,39.56,38.55,39.28,353200,1.0,0.0
2004-01-23,39.28,39.59,39.13,39.38,208200,1.0,0.0
2004-01-26,39.68,39.68,38.81,39.44,185400,1.0,0.0
2004-01-27,39.35,39.45,38.6,38.6,154200,1.0,0.0
2004-01-28,38.67,38.95,38.02,38.25,251200,1.0,0.0
2004-01-29,38.34,38.5,37.8,38.5,242600,1.0,0.0
2004-01-30,38.53,38.76,37.98,38.47,161900,1.0,0.0
2004-02-02,38.28,38.37,37.49,38.05,193400,1.0,0.0
2004-02-03,37.95,38.04,37.25,37.43,324100,1.0,0.0
2004-02-04,37.56,37.8,37.3,37.56,174300,1.0,0.0
2004-02-05,37.7,37.81,37.25,37.55,264400,1.0,0.0
2004-02-06,37.52,38.65,37.47,38.52,285500,1.0,0.0
2004-02-09,38.749,38.96,38.3,38.72,183100,1.0,0.0
2004-02-10,38.71,39.12,38.54,38.83,132100,1.0,0.0
2004-02-11,38.89,39.93,38.79,39.43,255500,1.0,0.0
2004-02-12,39.49,39.61,39.11,39.32,174100,1.0,0.0
2004-02-13,39.29,39.71,38.61,39.34,261000,1.0,0.0
2004-02-17,39.56,39.99,39.26,39.81,173100,1.0,0.0
2004-02-18,40.49,41.68,40.13,40.94,607700,1.0,0.0
2004-02-19,41.06,41.69,40.7,41.51,592100,1.0,0.0
2004-02-20,41.27,41.53,40.82,40.88,302300,1.0,0.0
2004-02-23,41.1,41.1,40.47,40.82,229600,1.0,0.0
2004-02-24,41.09,41.49,40.5,41.47,238500,1.0,0.0
2004-02-25,41.25,41.5,40.75,41.5,214200,1.0,0.0
2004-02-26,41.24,41.35,39.63,39.63,793700,1.0,0.0
2004-02-27,39.994,40.7,39.8,40.63,421300,1.0,0.0
2004-03-01,40.65,40.9,40.23,40.78,181000,1.0,0.0
2004-03-02,40.8,40.846,40.09,40.8,211100,1.0,0.0
2004-03-03,40.83,40.88,39.91,40.3,230400,1.0,0.0
2004-03-04,40.31,40.57,39.75,39.91,214900,1.0,0.0
2004-03-05,39.99,40.0,39.48,39.9,451700,1.0,0.0
2004-03-08,40.01,40.02,39.07,39.24,393300,1.0,0.0
2004-03-09,39.07,39.29,38.87,39.1,267000,1.0,0.0
2004-03-10,39.1,39.63,39.03,39.05,278500,1.0,0.0
2004-03-11,39.18,39.25,37.32,37.71,548800,1.0,0.0
2004-03-12,37.71,38.51,37.55,38.2,274700,1.0,0.0
2004-03-15,38.2,38.29,37.65,38.09,245500,1.0,0.0
2004-03-16,38.01,39.52,38.0,38.85,442200,1.0,0.0
2004-03-17,38.96,40.1,38.65,40.0,418600,1.0,0.0
2004-03-18,39.77,40.1,39.29,39.9,309400,1.0,0.0
2004-03-19,39.77,40.05,39.09,39.22,488700,1.0,0.0
2004-03-22,39.08,39.32,38.63,38.8,279100,1.0,0.0
2004-03-23,38.98,39.05,38.79,38.98,256600,1.0,0.0
2004-03-24,39.0,39.0,38.1,38.2,378000,1.0,0.0
2004-03-25,38.36,39.42,38.19,39.2,437600,1.0,0.0
2004-03-26,39.18,39.36,38.3,38.34,344800,1.0,0.0
2004-03-29,38.32,39.24,38.32,39.24,414400,1.0,0.0
2004-03-30,39.1,39.42,38.86,39.38,262200,1.0,0.0
2004-03-31,39.1,40.04,39.09,40.04,240600,1.0,0.0
2004-04-01,39.88,40.23,39.54,40.03,305300,1.0,0.0
2004-04-02,40.41,40.43,40.05,40.18,146500,1.0,0.0
2004-04-05,40.249,41.53,40.18,41.44,504900,1.0,0.0
2004-04-06,41.29,41.35,40.46,41.0,151800,1.0,0.0
2004-04-07,40.89,41.33,40.64,41.06,164200,1.0,0.0
2004-04-08,40.93,41.25,40.18,40.44,257300,1.0,0.0
2004-04-12,40.45,40.85,40.17,40.3,164600,1.0,0.0
2004-04-13,40.32,40.5,39.2,39.39,136000,1.0,0.0
2004-04-14,39.315,39.7,39.181,39.7,175000,1.0,0.0
2004-04-15,39.93,40.15,39.59,39.85,108800,1.0,0.0
2004-04-16,39.92,40.39,39.58,39.95,297800,1.0,0.0
2004-04-19,40.07,40.25,39.76,40.15,162600,1.0,0.0
2004-04-20,40.03,40.72,40.03,40.35,312100,1.0,0.0
2004-04-21,40.25,40.8,39.8,40.65,159200,1.0,0.0
2004-04-22,40.49,41.78,40.33,41.67,261500,1.0,0.0
2004-04-23,41.51,41.82,40.4,41.35,180000,1.0,0.0
2004-04-26,41.33,42.76,41.33,42.05,513800,1.0,0.0
2004-04-27,42.16,42.66,42.03,42.53,431200,1.0,0.0
2004-04-28,43.16,46.69,43.15,45.65,2182300,1.0,0.0
2004-04-29,45.65,45.98,44.79,44.88,674700,1.0,0.0
2004-04-30,44.71,45.6,44.71,44.9,454900,1.0,0.0
2004-05-03,44.7,44.99,44.47,44.55,380600,1.0,0.0
2004-05-04,44.62,44.75,44.25,44.62,577200,1.0,0.0
2004-05-05,44.8,45.11,44.59,44.97,334500,1.0,0.0
2004-05-06,45.09,45.09,43.58,44.22,378000,1.0,0.0
2004-05-07,44.15,44.6,43.03,43.17,446200,1.0,0.0
2004-05-10,42.91,43.4,42.16,42.29,550500,1.0,0.0
2004-05-11,42.26,42.8,42.26,42.41,407700,1.0,0.0
2004-05-12,42.35,42.5,41.45,42.3,322800,1.0,0.0
2004-05-13,42.0,42.58,41.6,41.72,322000,1.0,0.0
2004-05-14,41.99,42.2,41.63,41.91,226900,1.0,0.0
2004-05-17,41.8,41.8,41.15,41.27,326800,1.0,0.0
2004-05-18,41.6,42.19,41.28,42.05,344900,1.0,0.0
2004-05-19,42.36,42.88,42.0,42.28,312000,1.0,0.0
2004-05-20,42.23,42.84,42.09,42.52,331500,1.0,0.0
2004-05-21,42.61,42.8,42.46,42.61,120600,1.0,0.0
2004-05-24,42.89,43.33,42.45,42.92,196000,1.0,0.0
2004-05-25,42.74,44.04,42.5,43.79,305400,1.0,0.0
2004-05-26,43.52,44.22,43.51,44.16,443600,1.0,0.0
2004-05-27,43.95,44.84,43.84,44.1,460400,1.0,0.0
2004-05-28,43.97,44.96,43.52,44.92,285500,1.0,0.0
2004-06-01,44.99,45.05,44.56,44.84,273900,1.0,0.0
2004-06-02,45.05,45.8,44.7,45.59,341600,1.0,0.0
2004-06-03,45.5,45.69,44.63,44.64,239200,1.0,0.0
2004-06-04,44.77,44.77,44.18,44.36,249900,1.0,0.0
2004-06-07,44.27,45.04,44.27,45.0,152000,1.0,0.0
2004-06-08,44.8,45.08,44.59,44.81,194100,1.0,0.0
2004-06-09,45.0,45.11,44.68,44.75,212200,1.0,0.0
2004-06-10,44.64,44.97,44.27,44.45,192300,1.0,0.0
2004-06-14,44.55,44.55,43.47,43.9139,238000,1.0,0.0
2004-06-15,44.02,45.3,43.75,44.92,291200,1.0,0.0
2004-06-16,45.02,45.02,43.93,43.93,265200,1.0,0.0
2004-06-17,43.82,44.45,43.46,44.16,226100,1.0,0.0
2004-06-18,44.05,44.69,44.04,44.62,160700,1.0,0.0
2004-06-21,44.41,45.8,44.41,45.29,286900,1.0,0.0
2004-06-22,45.42,45.92,45.0,45.31,249700,1.0,0.0
2004-06-23,45.29,45.56,44.9,45.39,179100,1.0,0.0
2004-06-24,45.5,45.75,45.14,45.49,456400,1.0,0.0
2004-06-25,45.65,46.76,45.56,46.75,683000,1.0,0.0
2004-06-28,47.07,47.07,45.85,46.29,304900,1.0,0.0
2004-06-29,46.3,46.5,45.56,46.18,316400,1.0,0.0
2004-06-30,45.57,45.66,44.76,45.2,568400,1.0,0.0
2004-07-01,45.35,45.35,44.23,44.79,424700,1.0,0.0
2004-07-02,44.8,45.03,44.32,44.42,198800,1.0,0.0
2004-07-06,44.39,44.59,43.99,44.11,325400,1.0,0.0
2004-07-07,44.05,44.39,43.55,43.96,264800,1.0,0.0
2004-07-08,43.53,43.53,41.98,42.02,562800,1.0,0.0
2004-07-09,41.99,42.54,41.94,42.0,307700,1.0,0.0
2004-07-12,42.0,42.55,41.97,42.39,206000,1.0,0.0
2004-07-13,42.61,43.09,42.11,42.17,216000,1.0,0.0
2004-07-14,42.09,42.36,41.76,41.76,373400,1.0,0.0
2004-07-15,41.92,41.92,41.17,41.2,447800,1.0,0.0
2004-07-16,41.53,41.53,40.82,40.82,171000,1.0,0.0
2004-07-19,40.82,41.0,40.45,40.57,239000,1.0,0.0
2004-07-20,40.54,41.5,40.4,41.36,315000,1.0,0.0
2004-07-21,41.45,41.82,40.85,40.85,252800,1.0,0.0
2004-07-22,40.74,41.07,39.79,39.97,542300,1.0,0.0
2004-07-23,40.05,40.32,39.68,39.71,478500,1.0,0.0
2004-07-26,39.96,40.38,39.72,39.99,314800,1.0,0.0
2004-07-27,40.15,41.37,40.14,41.25,812400,1.0,0.0
2004-07-28,40.59,40.82,38.95,39.75,744800,1.0,0.0
2004-07-29,39.89,40.5,39.7,40.23,503500,1.0,0.0
2004-07-30,40.1,40.52,39.9,40.49,235300,1.0,0.0
2004-08-02,40.55,40.66,39.82,40.31,335400,1.0,0.0
2004-08-03,40.48,40.48,38.52,38.56,624900,1.0,0.0
2004-08-04,38.53,39.25,38.22,39.02,411500,1.0,0.0
2004-08-05,38.85,38.9,37.18,37.19,629600,1.0,0.0
2004-08-06,37.0,37.52,36.06,37.44,460900,1.0,0.0
2004-08-09,37.47,37.88,37.36,37.51,224200,1.0,0.0
2004-08-10,37.55,38.16,37.47,38.15,268400,1.0,0.0
2004-08-11,37.83,38.76,37.55,38.5,410100,1.0,0.0
2004-08-12,38.56,38.56,36.87,37.14,610200,1.0,0.0
2004-08-13,36.97,37.66,36.93,37.06,413000,1.0,0.0
2004-08-16,37.02,38.05,36.93,37.79,328700,1.0,0.0
2004-08-17,38.03,39.0,37.67,38.9,383000,1.0,0.0
2004-08-18,38.99,39.52,38.5,39.12,324900,1.0,0.0
2004-08-19,39.24,39.69,38.61,39.35,542300,1.0,0.0
2004-08-20,39.1,40.13,38.97,40.09,258800,1.0,0.0
2004-08-23,40.1,40.26,39.36,39.87,322900,1.0,0.0
2004-08-24,38.81,39.37,38.35,38.6,1129400,1.0,0.0
2004-08-25,38.97,39.06,38.25,38.97,762300,1.0,0.0
2004-08-26,38.99,39.84,38.8,39.84,560800,1.0,0.0
2004-08-27,39.52,40.16,39.29,40.0,331400,1.0,0.0
2004-08-30,39.79,39.94,39.42,39.76,207900,1.0,0.0
2004-08-31,39.84,39.95,39.08,39.41,401100,1.0,0.0
2004-09-01,39.42,39.77,38.86,39.5,686000,1.0,0.0
2004-09-02,39.46,40.06,39.45,39.99,357100,1.0,0.0
2004-09-03,39.99,40.18,39.55,40.04,208500,1.0,0.0
2004-09-07,40.19,40.43,39.66,39.94,355600,1.0,0.0
2004-09-08,40.02,40.3,39.73,39.92,255600,1.0,0.0
2004-09-09,40.26,40.28,39.82,39.97,342100,1.0,0.0
2004-09-10,39.85,39.95,39.49,39.7,210500,1.0,0.0
2004-09-13,39.51,40.75,39.51,40.57,379300,1.0,0.0
2004-09-14,40.51,40.98,40.14,40.8,329300,1.0,0.0
2004-09-15,40.7,40.99,40.25,40.44,391900,1.0,0.0
2004-09-16,40.43,41.1,40.39,40.81,194900,1.0,0.0
2004-09-17,41.0,41.54,40.54,41.29,351100,1.0,0.0
2004-09-20,41.38,41.59,40.76,40.95,363600,1.0,0.0
2004-09-21,40.92,41.36,40.51,40.81,312900,1.0,0.0
2004-09-22,40.29,40.45,39.69,39.81,490700,1.0,0.0
2004-09-23,39.6,39.64,39.19,39.25,512300,1.0,0.0
2004-09-24,39.2,39.39,38.6,38.85,578000,1.0,0.0
2004-09-27,38.7,38.91,38.23,38.37,492000,1.0,0.0
2004-09-28,38.53,38.57,37.8,37.99,782800,1.0,0.0
2004-09-29,38.19,38.41,37.85,38.34,526500,1.0,0.0
2004-09-30,37.81,38.47,37.77,38.29,332800,1.0,0.0
2004-10-01,38.22,39.33,38.22,38.94,532900,1.0,0.0
2004-10-04,39.19,39.3,38.86,38.94,477100,1.0,0.0
2004-10-05,38.8,38.98,38.62,38.8,247800,1.0,0.0
2004-10-06,38.94,38.94,38.56,38.81,183400,1.0,0.0
2004-10-07,38.58,38.93,38.35,38.69,274900,1.0,0.0
2004-10-08,38.8,38.98,38.44,38.58,219900,1.0,0.0
2004-10-11,38.44,38.72,38.41,38.59,236600,1.0,0.0
2004-10-12,38.49,38.73,37.97,38.6,226100,1.0,0.0
2004-10-13,38.69,38.73,37.95,38.04,458400,1.0,0.0
2004-10-14,38.2,38.2,37.49,37.56,515900,1.0,0.0
2004-10-15,37.63,37.75,37.0,37.49,686300,1.0,0.0
2004-10-18,37.27,38.07,37.27,38.06,538800,1.0,0.0
2004-10-19,38.06,38.3,37.8,38.05,428500,1.0,0.0
2004-10-20,38.23,40.88,37.96,40.15,1536400,1.0,0.0
2004-10-21,40.29,40.73,39.71,40.49,353700,1.0,0.0
2004-10-22,40.29,40.87,40.17,40.59,307200,1.0,0.0
2004-10-25,40.3,41.09,40.11,41.03,466500,1.0,0.0
2004-10-26,41.15,41.29,40.72,41.2,398900,1.0,0.0
2004-10-27,41.79,43.1,41.73,42.8,914500,1.0,0.0
2004-10-28,42.97,43.13,42.51,43.13,269400,1.0,0.0
2004-10-29,42.78,43.2,42.41,43.06,205500,1.0,0.0
2004-11-01,42.78,43.33,42.78,43.22,350800,1.0,0.0
2004-11-02,43.36,43.5,43.01,43.4,336100,1.0,0.0
2004-11-03,43.7,43.97,43.41,43.84,185300,1.0,0.0
2004-11-04,43.94,44.54,43.55,44.53,233800,1.0,0.0
2004-11-05,44.59,45.0,44.4,44.99,206800,1.0,0.0
2004-11-08,45.0,45.0,44.17,44.82,399100,1.0,0.0
2004-11-09,45.0,45.0,44.36,44.99,249400,1.0,0.0
2004-11-10,45.05,45.35,44.76,45.15,393200,1.0,0.0
2004-11-11,45.2,45.53,44.52,45.53,370200,1.0,0.0
2004-11-12,45.57,45.61,45.08,45.57,408300,1.0,0.0
2004-11-15,45.64,45.64,44.65,44.9,423000,1.0,0.0
2004-11-16,44.65,44.79,43.9,44.09,822100,1.0,0.0
2004-11-17,44.04,44.9,43.83,44.06,448900,1.0,0.0
2004-11-18,43.75,44.2,43.4,43.59,319200,1.0,0.0
2004-11-19,43.4,43.75,42.8,42.95,268900,1.0,0.0
2004-11-22,42.8,43.25,42.8,42.98,350300,1.0,0.0
2004-11-23,43.15,43.59,43.0,43.31,173100,1.0,0.0
2004-11-24,43.19,44.02,43.19,43.91,313900,1.0,0.0
2004-11-26,44.09,44.189,44.0,44.07,108100,1.0,0.0
2004-11-29,44.39,44.4,43.78,43.94,293500,1.0,0.0
2004-11-30,44.0,44.0,43.45,43.54,248400,1.0,0.0
2004-12-01,43.34,44.23,43.21,43.79,431300,1.0,0.0
2004-12-02,43.65,44.52,42.96,44.31,263000,1.0,0.0
2004-12-03,44.08,44.18,43.72,43.9,269000,1.0,0.0
2004-12-06,44.0,44.22,43.25,44.0,263400,1.0,0.0
2004-12-07,43.995,44.0,43.01,43.01,260900,1.0,0.0
2004-12-08,43.25,43.58,42.97,43.29,149200,1.0,0.0
2004-12-09,43.07,43.83,42.77,43.59,128900,1.0,0.0
2004-12-10,43.7,43.7,43.14,43.46,84500,1.0,0.0
2004-12-13,43.74,43.81,42.9,43.68,225900,1.0,0.0
2004-12-14,43.6,44.21,43.55,44.21,217100,1.0,0.0
2004-12-15,43.89,44.29,42.88,43.45,423600,1.0,0.0
2004-12-16,43.25,43.99,43.18,43.78,297200,1.0,0.0
2004-12-17,43.54,43.7,43.09,43.55,365400,1.0,0.0
2004-12-20,43.57,43.57,42.7,43.1,255400,1.0,0.0
2004-12-21,42.9,43.97,42.9,43.69,342300,1.0,0.0
2004-12-22,43.45,44.77,43.45,44.36,275100,1.0,0.0
2004-12-23,44.52,44.75,44.32,44.47,128900,1.0,0.0
2004-12-27,44.71,44.72,43.26,43.41,192100,1.0,0.0
2004-12-28,43.3,44.79,43.25,44.79,211300,1.0,0.0
2004-12-29,44.75,45.03,44.26,44.92,353200,1.0,0.0
2004-12-30,44.75,45.09,44.7,44.94,340400,1.0,0.0
2004-12-31,45.0,45.33,44.86,45.05,219700,1.0,0.0
2005-01-03,45.22,45.57,44.58,45.09,398600,1.0,0.0
2005-01-04,45.35,45.41,44.92,44.94,353100,1.0,0.0
2005-01-05,44.79,45.46,44.79,44.89,207200,1.0,0.0
2005-01-06,45.02,45.09,44.3,44.48,165000,1.0,0.0
2005-01-07,44.59,44.8,43.95,44.36,164000,1.0,0.0
2005-01-10,44.52,45.45,44.36,45.2,319100,1.0,0.0
2005-01-11,45.01,46.13,44.91,45.64,470300,1.0,0.0
2005-01-12,45.56,46.21,45.4,46.02,444700,1.0,0.0
2005-01-13,45.8,46.06,45.3,45.84,469000,1.0,0.0
2005-01-14,45.78,46.29,45.55,46.09,183400,1.0,0.0
2005-01-18,45.8,47.0,45.71,46.63,207600,1.0,0.0
2005-01-19,46.83,46.92,46.188,46.3,267500,1.0,0.0
2005-01-20,46.1,46.53,45.98,46.27,310800,1.0,0.0
2005-01-21,46.4,46.4,46.05,46.12,347900,1.0,0.0
2005-01-24,45.97,46.15,45.63,45.68,245000,1.0,0.0
2005-01-25,45.6,46.29,45.59,45.7,188700,1.0,0.0
2005-01-26,45.88,46.04,45.64,45.9,268100,1.0,0.0
2005-01-27,45.9,46.24,45.54,45.64,240800,1.0,0.0
2005-01-28,45.67,45.67,44.91,45.16,205200,1.0,0.0
2005-01-31,45.56,45.88,45.3,45.73,243500,1.0,0.0
2005-02-01,46.25,46.27,45.43,45.9,183100,1.0,0.0
2005-02-02,45.73,46.65,45.73,46.53,280300,1.0,0.0
2005-02-03,46.25,46.65,46.09,46.39,213400,1.0,0.0
2005-02-04,46.36,47.43,46.36,47.43,234300,1.0,0.0
2005-02-07,47.12,48.5,47.12,48.1,417200,1.0,0.0
2005-02-08,47.76,48.01,47.53,47.64,220000,1.0,0.0
2005-02-09,47.88,47.88,46.66,46.9,184000,1.0,0.0
2005-02-10,46.69,47.23,46.59,46.96,157800,1.0,0.0
2005-02-11,46.76,47.5,46.76,47.08,279600,1.0,0.0
2005-02-14,46.81,47.3,46.48,46.92,235800,1.0,0.0
2005-02-15,46.79,47.32,46.67,47.02,154200,1.0,0.0
2005-02-16,46.81,47.81,46.81,47.57,208300,1.0,0.0
2005-02-17,48.2,49.58,48.1,49.03,1221200,1.0,0.0
2005-02-18,49.0,49.19,48.5,48.69,267800,1.0,0.0
2005-02-22,48.42,48.71,48.03,48.19,272400,1.0,0.0
2005-02-23,48.21,48.59,48.0,48.0,282100,1.0,0.0
2005-02-24,49.59,49.6,48.74,49.15,653900,1.0,0.0
2005-02-25,49.14,50.12,49.07,49.85,492600,1.0,0.0
2005-02-28,49.56,50.95,49.5,50.9,682800,1.0,0.0
2005-03-01,50.79,51.73,50.77,51.38,447100,1.0,0.0
2005-03-02,51.12,51.5,51.01,51.32,301000,1.0,0.0
2005-03-03,51.315,51.67,51.18,51.18,260700,1.0,0.0
2005-03-04,51.47,51.7,51.26,51.53,192000,1.0,0.0
2005-03-07,51.66,52.07,51.46,51.73,235600,1.0,0.0
2005-03-08,51.65,51.93,51.12,51.45,229800,1.0,0.0
2005-03-09,51.49,51.99,51.25,51.63,225200,1.0,0.0
2005-03-10,51.37,52.13,51.37,51.92,282700,1.0,0.0
2005-03-11,51.66,52.43,51.66,52.21,188200,1.0,0.0
2005-03-14,51.81,52.0,50.46,50.82,441900,1.0,0.0
2005-03-15,50.72,50.96,50.02,50.18,420700,1.0,0.0
2005-03-16,49.9,50.08,49.5,49.91,239200,1.0,0.0
2005-03-17,49.7,49.87,49.59,49.65,311400,1.0,0.0
2005-03-18,49.61,49.7,49.16,49.31,234800,1.0,0.0
2005-03-21,49.48,49.48,48.39,48.76,224300,1.0,0.0
2005-03-22,48.84,49.35,48.51,48.88,155300,1.0,0.0
2005-03-23,48.6,49.06,48.51,48.76,215400,1.0,0.0
2005-03-24,49.24,49.33,48.64,49.02,213600,1.0,0.0
2005-03-28,49.2,49.2,48.65,48.96,196400,1.0,0.0
2005-03-29,49.13,49.22,48.9,48.9,169100,1.0,0.0
2005-03-30,48.89,49.79,48.89,49.69,160200,1.0,0.0
2005-03-31,49.73,49.83,49.4,49.53,155900,1.0,0.0
2005-04-01,49.72,49.72,48.79,49.05,246100,1.0,0.0
2005-04-04,48.91,49.7,48.76,49.69,166100,1.0,0.0
2005-04-05,49.7,50.3,49.67,50.15,256200,1.0,0.0
2005-04-06,50.31,50.43,49.67,49.68,223000,1.0,0.0
2005-04-07,49.84,50.36,49.45,50.18,287500,1.0,0.0
2005-04-08,49.79,50.15,49.2,49.41,197300,1.0,0.0
2005-04-11,49.5,49.89,49.05,49.65,181200,1.0,0.0
2005-04-12,49.53,49.776,48.55,49.55,253000,1.0,0.0
2005-04-13,49.4,50.02,49.29,49.29,133100,1.0,0.0
2005-04-14,49.22,49.57,48.08,48.18,386900,1.0,0.0
2005-04-15,48.25,48.34,46.59,46.85,413400,1.0,0.0
2005-04-18,47.07,47.18,46.58,47.0,369600,1.0,0.0
2005-04-19,47.17,47.43,46.83,47.09,340600,1.0,0.0
2005-04-20,47.23,47.56,46.41,46.68,258600,1.0,0.0
2005-04-21,46.75,47.28,46.55,47.25,453200,1.0,0.0
2005-04-22,47.36,47.62,46.62,46.99,194100,1.0,0.0
2005-04-25,47.09,48.08,47.05,48.0,257100,1.0,0.0
2005-04-26,48.13,48.29,47.5,48.1,299800,1.0,0.0
2005-04-27,48.63,52.48,48.33,51.92,1050700,1.0,0.0
2005-04-28,51.98,52.27,51.0,51.65,399200,1.0,0.0
2005-04-29,51.91,52.19,50.6,51.32,391100,1.0,0.0
2005-05-02,50.98,51.87,50.89,51.63,290000,1.0,0.0
2005-05-03,51.74,52.53,51.48,52.34,335200,1.0,0.0
2005-05-04,52.53,53.42,52.3,53.4,519400,1.0,0.0
2005-05-05,53.46,54.11,52.75,53.68,512400,1.0,0.0
2005-05-06,53.95,53.98,53.05,53.34,239900,1.0,0.0
2005-05-09,53.65,53.894,52.94,53.78,194800,1.0,0.0
2005-05-10,53.65,53.86,53.31,53.71,227700,1.0,0.0
2005-05-11,53.62,53.96,53.06,53.57,172400,1.0,0.0
2005-05-12,53.43,53.9,53.33,53.57,201300,1.0,0.0
2005-05-13,53.57,53.85,53.35,53.8,363200,1.0,0.0
2005-05-16,53.72,54.48,53.72,54.46,279600,1.0,0.0
2005-05-17,54.8,54.8,54.2,54.45,507300,1.0,0.0
2005-05-18,54.25,55.56,54.19,55.51,408900,1.0,0.0
2005-05-19,55.5,56.13,55.45,55.79,318100,1.0,0.0
2005-05-20,55.8,56.44,55.75,56.29,557600,1.0,0.0
2005-05-23,56.43,57.25,56.29,57.16,278900,1.0,0.0
2005-05-24,56.83,57.24,56.673,57.02,292300,1.0,0.0
2005-05-25,57.25,57.6,56.4,56.62,445100,1.0,0.0
2005-05-26,56.76,57.12,56.25,56.37,345900,1.0,0.0
2005-05-27,56.4,56.4,55.43,55.46,488900,1.0,0.0
2005-05-31,55.65,55.75,54.85,55.56,547900,1.0,0.0
2005-06-01,55.77,56.72,55.5,56.27,496200,1.0,0.0
2005-06-02,56.35,57.28,56.35,57.11,272600,1.0,0.0
2005-06-03,57.0,57.45,56.7,56.7,158300,1.0,0.0
2005-06-06,56.65,57.7,56.62,57.38,236100,1.0,0.0
2005-06-07,57.43,57.78,57.21,57.37,363200,1.0,0.0
2005-06-08,57.41,57.58,56.38,56.44,263100,1.0,0.0
2005-06-09,56.4,58.3,56.4,58.3,603500,1.0,0.0
2005-06-10,58.39,58.59,57.99,58.38,269200,1.0,0.0
2005-06-13,58.5,58.72,58.23,58.71,197000,1.0,0.0
2005-06-14,58.75,58.86,58.5,58.7,183000,1.0,0.0
2005-06-15,58.87,59.1,58.31,58.99,201400,1.0,0.0
2005-06-16,29.5,30.12,29.28,29.78,195400,2.0,0.0
2005-06-17,29.82,30.08,29.63,30.04,956000,1.0,0.0
2005-06-20,29.92,30.18,29.6,29.7,387800,1.0,0.0
2005-06-21,29.55,30.5,29.06,29.55,636400,1.0,0.0
2005-06-22,29.7,29.94,29.3,29.46,475300,1.0,0.0
2005-06-23,29.56,29.93,29.1,29.13,356600,1.0,0.0
2005-06-24,29.1,29.39,28.87,28.98,344800,1.0,0.0
2005-06-27,28.86,29.27,28.85,28.9,357500,1.0,0.0
2005-06-28,28.9,29.72,28.87,29.65,525300,1.0,0.0
2005-06-29,29.61,29.79,29.45,29.61,299000,1.0,0.0
2005-06-30,29.81,30.03,29.5,29.83,506000,1.0,0.0
2005-07-01,29.67,30.0,29.25,29.56,336000,1.0,0.0
2005-07-05,29.48,29.81,29.27,29.75,761900,1.0,0.0
2005-07-06,29.74,29.9,29.53,29.69,339900,1.0,0.0
2005-07-07,29.72,29.87,29.334,29.62,404600,1.0,0.0
2005-07-08,29.66,29.84,29.494,29.68,345700,1.0,0.0
2005-07-11,29.88,30.11,29.79,30.11,385600,1.0,0.0
2005-07-12,30.08,30.5,29.9,30.2,361600,1.0,0.0
2005-07-13,30.33,30.4,29.04,29.75,546400,1.0,0.0
2005-07-14,29.76,30.02,29.67,29.76,368900,1.0,0.0
2005-07-15,29.83,30.93,29.67,30.63,676800,1.0,0.0
2005-07-18,30.65,30.7,30.37,30.46,308700,1.0,0.0
2005-07-19,30.54,30.98,30.28,30.98,262400,1.0,0.0
2005-07-20,30.88,31.07,30.65,30.97,353600,1.0,0.0
2005-07-21,31.03,31.13,30.66,30.82,776900,1.0,0.0
2005-07-22,31.12,31.1288,30.51,30.58,433300,1.0,0.0
2005-07-25,30.5,30.91,30.46,30.85,315400,1.0,0.0
2005-07-26,31.01,31.51,30.8,31.02,1006300,1.0,0.0
2005-07-27,31.5,32.27,30.98,31.82,735800,1.0,0.0
2005-07-28,32.15,32.3,31.76,32.2,349800,1.0,0.0
2005-07-29,32.01,32.53,32.01,32.26,632100,1.0,0.0
2005-08-01,32.35,32.47,31.97,32.08,476400,1.0,0.0
2005-08-02,32.16,32.41,32.03,32.41,413800,1.0,0.0
2005-08-03,32.28,32.4,32.07,32.14,263200,1.0,0.0
2005-08-04,32.07,32.23,31.3839,31.59,314800,1.0,0.0
2005-08-05,31.46,31.75,31.13,31.13,190900,1.0,0.0
2005-08-08,31.09,31.4,30.47,30.53,344100,1.0,0.0
2005-08-09,30.77,30.9,30.45,30.51,490700,1.0,0.0
2005-08-10,30.65,31.03,30.42,30.61,345200,1.0,0.0
2005-08-11,30.51,30.97,30.15,30.47,296600,1.0,0.0
2005-08-12,30.39,30.4,29.62,29.86,572000,1.0,0.0
2005-08-15,29.81,30.2,29.7,30.12,375900,1.0,0.0
2005-08-16,29.98,30.1,29.44,29.52,282300,1.0,0.0
2005-08-17,29.42,29.982,29.42,29.69,216800,1.0,0.0
2005-08-18,29.66,29.96,29.26,29.74,244900,1.0,0.0
2005-08-19,29.95,29.97,29.61,29.72,349300,1.0,0.0
2005-08-22,29.95,30.05,29.34,29.55,419400,1.0,0.0
2005-08-23,29.59,29.8,29.33,29.34,356000,1.0,0.0
2005-08-24,29.34,29.74,29.03,29.14,431500,1.0,0.0
2005-08-25,29.23,29.35,29.12,29.21,297500,1.0,0.0
2005-08-26,29.11,29.29,28.33,28.34,579900,1.0,0.0
2005-08-29,28.25,28.28,27.27,27.7,1342800,1.0,0.0
2005-08-30,27.52,27.82,27.41,27.51,729800,1.0,0.0
2005-08-31,27.42,27.68,27.28,27.57,782600,1.0,0.0
2005-09-01,27.44,27.89,26.87,26.9,795800,1.0,0.0
2005-09-02,26.84,27.04,26.63,26.8,401500,1.0,0.0
2005-09-06,26.92,27.37,26.69,27.3,411500,1.0,0.0
2005-09-07,27.42,27.96,27.18,27.77,507200,1.0,0.0
2005-09-08,27.89,27.89,27.33,27.35,219900,1.0,0.0
2005-09-09,27.45,28.18,27.2,28.04,441700,1.0,0.0
2005-09-12,29.14,29.98,29.0,29.71,910200,1.0,0.0
2005-09-13,29.6,29.82,29.23,29.42,628300,1.0,0.0
2005-09-14,29.28,29.734,29.02,29.02,406400,1.0,0.0
2005-09-15,29.01,29.24,28.34,28.58,661900,1.0,0.0
2005-09-16,28.46,29.7,28.46,28.93,1212400,1.0,0.0
2005-09-19,28.86,28.96,28.42,28.43,265600,1.0,0.0
2005-09-20,28.49,28.76,28.0,28.05,342500,1.0,0.0
2005-09-21,27.71,27.934,27.186,27.23,526900,1.0,0.0
2005-09-22,27.19,27.77,26.54,27.72,1391800,1.0,0.0
2005-09-23,27.72,28.6,27.37,28.2,494900,1.0,0.0
2005-09-26,28.45,29.04,28.37,28.52,436300,1.0,0.0
2005-09-27,28.66,28.75,28.37,28.64,261200,1.0,0.0
2005-09-28,28.57,28.82,27.54,27.58,456700,1.0,0.0
2005-09-29,27.62,28.62,27.44,28.48,407200,1.0,0.0
2005-09-30,28.47,28.47,28.02,28.18,255800,1.0,0.0
2005-10-03,28.39,28.73,28.2,28.73,375800,1.0,0.0
2005-10-04,28.77,29.14,28.55,28.63,249400,1.0,0.0
2005-10-05,28.58,28.66,27.5,27.59,492500,1.0,0.0
2005-10-06,27.76,28.75,27.441,28.17,462700,1.0,0.0
2005-10-07,28.34,28.56,28.08,28.23,247600,1.0,0.0
2005-10-10,28.11,28.22,27.52,28.09,647100,1.0,0.0
2005-10-11,28.16,28.29,27.36,27.45,375200,1.0,0.0
2005-10-12,26.3,26.51,25.75,26.32,1146700,1.0,0.0
2005-10-13,26.45,26.45,25.95,26.3,884500,1.0,0.0
2005-10-14,26.22,26.72,26.22,26.38,564700,1.0,0.0
2005-10-17,26.31,26.76,25.95,26.64,342700,1.0,0.0
2005-10-18,26.66,26.75,26.0,26.11,562100,1.0,0.0
2005-10-19,25.96,26.97,25.95,26.87,450800,1.0,0.0
2005-10-20,26.95,27.3,26.57,26.65,526100,1.0,0.0
2005-10-21,26.72,27.3,26.66,26.8,530300,1.0,0.0
2005-10-24,26.8,27.208,26.62,26.91,503200,1.0,0.0
2005-10-25,26.73,27.25,26.39,27.0,763700,1.0,0.0
2005-10-26,27.0,27.54,26.55,27.4201,1040300,1.0,0.0
2005-10-27,27.53,27.586,27.0,27.23,690800,1.0,0.0
2005-10-28,27.23,27.46,26.64,27.01,817100,1.0,0.0
2005-10-31,27.11,28.42,27.1,28.2,688300,1.0,0.0
2005-11-01,28.09,28.96,28.0,28.83,973600,1.0,0.0
2005-11-02,28.91,29.83,28.75,29.78,708900,1.0,0.0
2005-11-03,29.87,30.1,29.8,29.97,649900,1.0,0.0
2005-11-04,29.96,30.05,29.64,29.9,271600,1.0,0.0
2005-11-07,30.0,30.77,30.0,30.68,425700,1.0,0.0
2005-11-08,30.71,30.71,29.9,30.36,333400,1.0,0.0
2005-11-09,30.16,30.58,29.82,30.52,437600,1.0,0.0
2005-11-10,30.59,30.79,30.13,30.76,364900,1.0,0.0
2005-11-11,30.77,30.912,30.57,30.89,181000,1.0,0.0
2005-11-14,30.96,30.96,30.31,30.6,339500,1.0,0.0
2005-11-15,30.52,30.58,29.88,30.0,324800,1.0,0.0
2005-11-16,29.86,30.06,29.42,29.6,317200,1.0,0.0
2005-11-17,29.78,30.7,29.61,30.67,440600,1.0,0.0
2005-11-18,30.78,30.81,30.38,30.69,319800,1.0,0.0
2005-11-21,30.5,30.89,30.02,30.84,419300,1.0,0.0
2005-11-22,30.79,31.01,30.58,30.98,199900,1.0,0.0
2005-11-23,31.1,31.16,30.79,30.95,303600,1.0,0.0
2005-11-25,30.9,31.05,30.63,30.96,58800,1.0,0.0
2005-11-28,31.06,31.07,30.32,30.34,220400,1.0,0.0
2005-11-29,30.53,30.73,30.22,30.25,326500,1.0,0.0
2005-11-30,30.35,30.78,30.28,30.45,267800,1.0,0.0
2005-12-01,30.73,31.1,30.58,30.87,392100,1.0,0.0
2005-12-02,30.94,31.59,30.56,31.35,305200,1.0,0.0
2005-12-05,31.35,31.38,30.47,30.73,257300,1.0,0.0
2005-12-06,30.9,31.56,30.82,31.33,326200,1.0,0.0
2005-12-07,31.19,31.24,30.52,31.12,438900,1.0,0.0
2005-12-08,30.94,31.37,30.83,31.28,423400,1.0,0.0
2005-12-09,31.4,31.59,31.01,31.48,337700,1.0,0.0
2005-12-12,31.66,31.87,31.44,31.78,309100,1.0,0.0
2005-12-13,31.62,32.3,31.62,32.09,555700,1.0,0.0
2005-12-14,31.96,32.52,31.96,32.28,427300,1.0,0.0
2005-12-15,32.18,32.2,31.63,31.82,360400,1.0,0.0
2005-12-16,31.82,32.13,31.82,31.96,741300,1.0,0.0
2005-12-19,32.0,32.04,31.54,31.63,335700,1.0,0.0
2005-12-20,31.53,31.94,31.46,31.57,241800,1.0,0.0
2005-12-21,31.6,32.08,31.58,31.97,285000,1.0,0.0
2005-12-22,31.99,32.13,31.37,31.62,291600,1.0,0.0
2005-12-23,31.72,32.18,31.63,32.13,151200,1.0,0.0
2005-12-27,32.22,32.28,31.62,31.84,331400,1.0,0.0
2005-12-28,31.5,32.35,31.47,32.13,260200,1.0,0.0
2005-12-29,32.23,32.41,31.94,32.07,174800,1.0,0.0
2005-12-30,31.86,32.33,31.48,32.01,314500,1.0,0.0
2006-01-03,32.25,32.38,31.34,31.99,702000,1.0,0.0
2006-01-04,31.98,32.39,31.74,31.92,340900,1.0,0.0
2006-01-05,31.83,32.18,31.7,31.99,336400,1.0,0.0
2006-01-06,32.11,32.17,31.45,31.64,513900,1.0,0.0
2006-01-09,31.41,31.98,31.41,31.84,439500,1.0,0.0
2006-01-10,31.7,32.22,31.51,32.13,400200,1.0,0.0
2006-01-11,32.12,32.22,31.73,32.14,228400,1.0,0.0
2006-01-12,32.07,32.27,31.76,31.82,218600,1.0,0.0
2006-01-13,31.97,32.19,31.6,31.68,193900,1.0,0.0
2006-01-17,31.5,31.82,31.1,31.58,312800,1.0,0.0
2006-01-18,31.24,31.86,31.14,31.78,268600,1.0,0.0
2006-01-19,31.86,32.24,31.75,31.86,309800,1.0,0.0
2006-01-20,31.75,31.98,30.87,31.13,383000,1.0,0.0
2006-01-23,31.39,31.57,31.13,31.4,390800,1.0,0.0
2006-01-24,31.35,31.91,31.35,31.81,413900,1.0,0.0
2006-01-25,32.0,32.04,31.61,31.85,218400,1.0,0.0
2006-01-26,32.04,32.25,31.8,32.15,254600,1.0,0.0
2006-01-27,32.28,32.61,32.25,32.51,328600,1.0,0.0
2006-01-30,32.36,32.72,32.33,32.56,293400,1.0,0.0
2006-01-31,32.65,32.95,32.35,32.82,260500,1.0,0.0
2006-02-01,32.73,33.07,32.65,32.93,406100,1.0,0.0
2006-02-02,32.78,33.02,32.2,32.4,338500,1.0,0.0
2006-02-03,32.29,32.77,32.13,32.58,246000,1.0,0.0
2006-02-06,32.64,32.7,32.16,32.18,251900,1.0,0.0
2006-02-07,32.1,32.81,32.08,32.64,250500,1.0,0.0
2006-02-08,32.81,32.95,32.43,32.86,244100,1.0,0.0
2006-02-09,32.81,33.13,32.44,32.78,150600,1.0,0.0
2006-02-10,32.63,33.15,32.27,33.05,274100,1.0,0.0
2006-02-13,33.05,33.61,32.92,33.44,357300,1.0,0.0
2006-02-14,33.63,33.78,33.17,33.78,362900,1.0,0.0
2006-02-15,33.9,34.61,33.76,34.07,411700,1.0,0.0
2006-02-16,34.2,34.25,33.25,33.49,306900,1.0,0.0
2006-02-17,33.53,33.7389,33.02,33.66,218200,1.0,0.0
2006-02-21,33.61,33.75,32.85,33.12,295600,1.0,0.0
2006-02-22,33.1,33.78,33.1,33.55,230200,1.0,0.0
2006-02-23,33.4,34.08,33.18,33.56,181100,1.0,0.0
2006-02-24,33.65,33.67,32.98,33.25,375100,1.0,0.0
2006-02-27,33.15,33.89,33.15,33.55,345200,1.0,0.0
2006-02-28,33.33,33.72,32.6108,32.72,571600,1.0,0.0
2006-03-01,35.0,38.3,35.0,37.2,3082700,1.0,0.0
2006-03-02,36.25,37.26,35.62,36.8,934000,1.0,0.0
2006-03-03,36.71,37.0,35.99,36.03,514100,1.0,0.0
2006-03-06,36.05,36.05,35.21,35.27,797400,1.0,0.0
2006-03-07,35.19,36.12,35.19,35.68,449400,1.0,0.0
2006-03-08,35.53,35.83,35.3,35.42,271400,1.0,0.0
2006-03-09,35.37,35.7,35.27,35.45,272600,1.0,0.0
2006-03-10,35.36,35.83,35.36,35.71,482500,1.0,0.0
2006-03-13,36.03,36.37,35.74,35.92,524600,1.0,0.0
2006-03-14,36.03,36.18,35.74,35.92,240400,1.0,0.0
2006-03-15,36.0,36.16,35.29,35.71,383900,1.0,0.0
2006-03-16,35.97,36.3,35.5,35.74,396800,1.0,0.0
2006-03-17,35.67,36.08,35.53,35.95,649400,1.0,0.0
2006-03-20,36.29,36.43,35.9,36.06,337900,1.0,0.0
2006-03-21,35.9,36.37,35.73,35.81,305900,1.0,0.0
2006-03-22,35.81,36.23,35.37,36.09,263900,1.0,0.0
2006-03-23,36.23,36.23,35.61,35.93,277900,1.0,0.0
2006-03-24,36.03,36.2,35.43,35.91,211800,1.0,0.0
2006-03-27,36.07,36.07,35.51,35.79,220200,1.0,0.0
2006-03-28,35.69,36.07,35.39,35.69,318800,1.0,0.0
2006-03-29,35.78,36.4,35.67,36.17,239900,1.0,0.0
2006-03-30,36.32,36.47,35.83,36.13,213400,1.0,0.0
2006-03-31,35.96,36.71,35.96,36.56,369400,1.0,0.0
2006-04-03,36.82,36.94,36.07,36.21,339700,1.0,0.0
2006-04-04,36.35,36.87,36.05,36.26,406800,1.0,0.0
2006-04-05,36.18,36.47,36.13,36.24,359000,1.0,0.0
2006-04-06,36.36,36.58,36.11,36.49,296000,1.0,0.0
2006-04-07,36.69,36.99,36.04,36.2,268900,1.0,0.0
2006-04-10,36.09,36.45,35.75,35.83,227500,1.0,0.0
2006-04-11,36.0,36.13,34.42,34.57,575900,1.0,0.0
2006-04-12,34.43,35.23,34.3,35.23,258400,1.0,0.0
2006-04-13,35.31,35.54,35.06,35.29,239900,1.0,0.0
2006-04-17,35.39,35.4,34.96,35.11,194700,1.0,0.0
2006-04-18,35.1,35.21,34.6,34.67,505800,1.0,0.0
2006-04-19,34.88,35.99,34.63,34.83,481600,1.0,0.0
2006-04-20,34.98,35.7499,34.86,35.56,259100,1.0,0.0
2006-04-21,35.4,35.74,34.86,35.11,275500,1.0,0.0
2006-04-24,34.88,35.08,34.5,34.92,219500,1.0,0.0
2006-04-25,34.84,35.36,34.73,34.75,352900,1.0,0.0
2006-04-26,34.0,34.42,32.42,34.14,1626800,1.0,0.0
2006-04-27,34.0,34.57,33.9,34.16,762800,1.0,0.0
2006-04-28,34.06,34.15,33.58,33.88,485000,1.0,0.0
2006-05-01,33.74,34.1,33.56,33.66,623900,1.0,0.0
2006-05-02,33.6,34.1,33.6,33.77,599900,1.0,0.0
2006-05-03,34.0,34.28,33.65,33.89,276500,1.0,0.0
2006-05-04,33.97,34.09,33.5,33.62,222000,1.0,0.0
2006-05-05,33.85,34.13,33.65,34.13,236500,1.0,0.0
2006-05-08,34.12,34.17,33.74,33.83,325000,1.0,0.0
2006-05-09,34.0,34.19,33.65,34.02,363700,1.0,0.0
2006-05-10,33.9,34.34,33.85,34.26,491100,1.0,0.0
2006-05-11,34.18,34.18,33.66,33.7,320300,1.0,0.0
2006-05-12,33.6,33.65,33.42,33.56,301700,1.0,0.0
2006-05-15,33.29,33.72,33.2,33.25,412000,1.0,0.0
2006-05-16,33.4,33.4,32.75,32.84,402700,1.0,0.0
2006-05-17,32.69,33.03,32.42,32.48,280400,1.0,0.0
2006-05-18,32.69,32.69,31.97,31.97,383700,1.0,0.0
2006-05-19,32.21,33.65,32.0,32.51,361500,1.0,0.0
2006-05-22,32.2,32.2,31.25,31.97,448700,1.0,0.0
2006-05-23,32.2,32.69,31.98,31.98,370400,1.0,0.0
2006-05-24,31.98,31.98,31.11,31.58,705900,1.0,0.0
2006-05-25,31.67,31.79,31.19,31.58,372900,1.0,0.0
2006-05-26,31.8,31.98,31.38,31.84,435900,1.0,0.0
2006-05-30,31.81,32.03,31.3,31.35,738800,1.0,0.0
2006-05-31,31.34,31.81,31.3,31.69,427500,1.0,0.0
2006-06-01,31.58,32.59,31.58,32.56,557800,1.0,0.0
2006-06-02,32.7,33.32,32.64,33.04,962600,1.0,0.0
2006-06-05,32.79,33.26,32.76,32.93,680900,1.0,0.0
2006-06-06,32.98,33.07,32.32,32.7,527200,1.0,0.0
2006-06-07,32.64,32.97,32.6,32.63,594200,1.0,0.0
2006-06-08,32.51,32.63,31.57,31.89,773900,1.0,0.0
2006-06-09,31.95,31.96,31.51,31.82,410100,1.0,0.0
2006-06-12,31.47,31.8,30.57,31.23,580400,1.0,0.0
2006-06-13,31.25,31.56,30.77,30.84,398100,1.0,0.0
2006-06-14,31.0,31.09,30.45,30.71,656900,1.0,0.0
2006-06-15,30.83,32.03,30.75,32.0,522900,1.0,0.0
2006-06-16,32.01,32.25,31.92,32.08,561800,1.0,0.0
2006-06-19,32.05,32.09,31.21,31.3,389300,1.0,0.0
2006-06-20,31.45,32.07,31.33,31.92,416000,1.0,0.0
2006-06-21,32.08,32.5,31.79,32.3,339800,1.0,0.0
2006-06-22,32.1,32.36,32.0,32.25,424900,1.0,0.0
2006-06-23,32.03,32.9,32.0,32.61,519100,1.0,0.0
2006-06-26,32.74,33.07,32.63,32.97,281900,1.0,0.0
2006-06-27,33.12,33.15,32.88,33.0,509900,1.0,0.0
2006-06-28,33.0,33.15,32.76,33.02,408600,1.0,0.0
2006-06-29,31.22,32.0,29.3,31.59,3342600,1.0,0.0
2006-06-30,31.86,31.86,31.0,31.19,1155100,1.0,0.0
2006-07-03,31.12,31.61,31.04,31.6,251100,1.0,0.0
2006-07-05,31.27,31.55,30.21,30.33,1156500,1.0,0.0
2006-07-06,30.21,30.348,29.89,29.9,1425200,1.0,0.0
2006-07-07,30.14,30.14,29.0,29.13,1228500,1.0,0.0
2006-07-10,29.25,29.32,28.99,29.09,767600,1.0,0.0
2006-07-11,29.02,29.46,28.994,29.3,929800,1.0,0.0
2006-07-12,29.15,29.4,28.84,28.97,765400,1.0,0.0
2006-07-13,28.85,29.77,28.59,29.56,1329000,1.0,0.0
2006-07-14,29.41,29.64,29.17,29.27,554400,1.0,0.0
2006-07-17,29.26,29.74,29.1,29.43,484900,1.0,0.0
2006-07-18,29.47,29.47,28.5,28.64,893200,1.0,0.0
2006-07-19,28.56,29.89,28.56,29.39,612700,1.0,0.0
2006-07-20,29.52,29.79,28.74,28.81,596400,1.0,0.0
2006-07-21,28.73,28.9,28.2,28.23,868900,1.0,0.0
2006-07-24,28.28,28.84,28.28,28.56,813300,1.0,0.0
2006-07-25,28.48,29.53,28.36,29.11,935645,1.0,0.0
2006-07-26,29.1,29.1,28.04,28.8,1443900,1.0,0.0
2006-07-27,28.8,28.8,27.49,28.36,1903300,1.0,0.0
2006-07-28,28.39,28.41,27.51,28.04,1086200,1.0,0.0
2006-07-31,28.0,28.48,28.0,28.35,811600,1.0,0.0
2006-08-01,28.2,28.4,27.95,28.35,867000,1.0,0.0
2006-08-02,28.5,28.78,28.33,28.62,573000,1.0,0.0
2006-08-03,28.48,29.1,28.05,29.02,515400,1.0,0.0
2006-08-04,29.25,29.67,28.83,29.15,463500,1.0,0.0
2006-08-07,29.01,29.11,28.5,28.98,428700,1.0,0.0
2006-08-08,29.14,29.17,28.47,28.52,368000,1.0,0.0
2006-08-09,28.8,28.8,27.67,27.88,412300,1.0,0.0
2006-08-10,27.75,29.13,27.75,29.01,616800,1.0,0.0
2006-08-11,29.02,29.02,28.46,28.49,316100,1.0,0.0
2006-08-14,28.55,29.03,28.38,28.46,238200,1.0,0.0
2006-08-15,28.82,29.03,28.61,29.0,297200,1.0,0.0
2006-08-16,29.23,29.51,28.83,29.46,558400,1.0,0.0
2006-08-17,29.29,29.61,29.29,29.45,282800,1.0,0.0
2006-08-18,29.36,30.0,28.82,29.17,321500,1.0,0.0
2006-08-21,28.99,29.05,28.73,28.88,311100,1.0,0.0
2006-08-22,28.81,28.89,28.68,28.77,362800,1.0,0.0
2006-08-23,28.84,29.01,28.45,28.73,422800,1.0,0.0
2006-08-24,28.84,28.84,28.28,28.43,304500,1.0,0.0
2006-08-25,28.48,28.6,28.04,28.16,326400,1.0,0.0
2006-08-28,28.1,28.81,28.1,28.72,287800,1.0,0.0
2006-08-29,28.84,29.49,28.6,29.42,486700,1.0,0.0
2006-08-30,29.51,29.56,29.19,29.54,417400,1.0,0.0
2006-08-31,29.7,29.91,29.52,29.69,561500,1.0,0.0
2006-09-01,29.7,30.21,29.43,30.18,657300,1.0,0.0
2006-09-05,30.26,30.31,30.14,30.21,328100,1.0,0.0
2006-09-06,30.15,30.32,29.74,29.9,468800,1.0,0.0
2006-09-07,29.74,29.83,29.29,29.65,385700,1.0,0.0
2006-09-08,29.63,30.16,29.54,30.02,285000,1.0,0.0
2006-09-11,29.97,30.59,29.78,30.25,623000,1.0,0.0
2006-09-12,30.32,31.39,30.16,31.36,581600,1.0,0.0
2006-09-13,31.22,31.43,31.06,31.25,694000,1.0,0.0
2006-09-14,31.06,31.55,30.77,31.37,670900,1.0,0.0
2006-09-15,31.53,31.57,31.09,31.37,484400,1.0,0.0
2006-09-18,31.31,31.71,31.25,31.45,298400,1.0,0.0
2006-09-19,31.34,31.89,31.07,31.78,536700,1.0,0.0
2006-09-20,31.79,32.73,31.73,32.62,698200,1.0,0.0
2006-09-21,32.64,32.93,32.34,32.57,728500,1.0,0.0
2006-09-22,32.48,32.48,31.85,32.39,428800,1.0,0.0
2006-09-25,32.54,32.95,32.14,32.88,448700,1.0,0.0
2006-09-26,32.96,33.6,32.64,33.6,652200,1.0,0.0
2006-09-27,33.65,34.24,33.51,33.61,787300,1.0,0.0
2006-09-28,33.57,33.88,33.08,33.75,450300,1.0,0.0
2006-09-29,33.83,33.87,33.18,33.21,383100,1.0,0.0
2006-10-02,33.27,33.28,32.75,32.99,647700,1.0,0.0
2006-10-03,33.0,33.36,32.7,33.27,456000,1.0,0.0
2006-10-04,33.13,34.41,32.88,34.37,933900,1.0,0.0
2006-10-05,34.27,34.45,33.9912,34.37,342800,1.0,0.0
2006-10-06,34.16,34.41,33.68,33.99,375700,1.0,0.0
2006-10-09,34.02,34.34,33.57,34.16,310900,1.0,0.0
2006-10-10,34.16,34.22,33.68,34.03,608300,1.0,0.0
2006-10-11,33.84,34.0,33.55,33.68,907100,1.0,0.0
2006-10-12,33.67,34.13,33.62,33.95,741100,1.0,0.0
2006-10-13,34.05,34.08,33.87,33.93,540300,1.0,0.0
2006-10-16,33.87,34.17,33.87,34.0,326500,1.0,0.0
2006-10-17,33.81,34.14,33.59,33.94,824100,1.0,0.0
2006-10-18,34.0,34.39,33.78,34.25,311600,1.0,0.0
2006-10-19,34.11,34.49,34.0,34.26,231500,1.0,0.0
2006-10-20,34.37,34.49,34.01,34.38,282900,1.0,0.0
2006-10-23,34.39,35.1,34.0105,34.83,411900,1.0,0.0
2006-10-24,34.65,34.98,34.44,34.82,380900,1.0,0.0
2006-10-25,32.05,33.4,30.92,32.22,3263000,1.0,0.0
2006-10-26,32.6,32.99,32.14,32.64,1187500,1.0,0.0
2006-10-27,32.41,32.89,32.3254,32.34,575100,1.0,0.0
2006-10-30,32.33,32.33,31.77,32.06,792500,1.0,0.0
2006-10-31,32.21,32.43,31.79,32.29,461600,1.0,0.0
2006-11-01,32.49,32.49,31.51,31.7,568800,1.0,0.0
2006-11-02,31.51,32.11,31.34,31.87,395700,1.0,0.0
2006-11-03,31.99,32.09,31.29,31.65,353200,1.0,0.0
2006-11-06,31.67,32.24,31.66,32.1,379400,1.0,0.0
2006-11-07,32.11,32.32,32.0,32.17,466400,1.0,0.0
2006-11-08,31.98,32.54,31.73,32.51,333800,1.0,0.0
2006-11-09,32.57,32.62,31.91,32.05,323500,1.0,0.0
2006-11-10,32.15,32.73,32.03,32.73,173400,1.0,0.0
2006-11-13,32.62,33.0,32.52,32.73,247700,1.0,0.0
2006-11-14,32.66,32.9,32.2,32.87,339000,1.0,0.0
2006-11-15,33.0,33.0,32.69,32.88,405700,1.0,0.0
2006-11-16,32.92,33.45,32.92,33.17,783200,1.0,0.0
2006-11-17,33.2,33.2,32.61,33.03,273900,1.0,0.0
2006-11-20,33.02,33.25,32.62,32.77,262700,1.0,0.0
2006-11-21,32.7,32.96,32.61,32.84,278200,1.0,0.0
2006-11-22,32.81,33.0,32.56,32.94,211400,1.0,0.0
2006-11-24,32.78,32.83,32.5,32.55,80300,1.0,0.0
2006-11-27,32.49,32.57,32.084,32.13,389700,1.0,0.0
2006-11-28,32.11,32.29,31.7,31.74,484700,1.0,0.0
2006-11-29,31.79,32.1,31.3,31.55,501500,1.0,0.0
2006-11-30,31.44,31.79,31.14,31.67,591800,1.0,0.0
2006-12-01,31.64,31.8,31.21,31.61,970700,1.0,0.0
2006-12-04,31.54,32.24,31.53,31.92,1169100,1.0,0.0
2006-12-05,32.04,32.36,31.93,32.17,391800,1.0,0.0
2006-12-06,32.05,32.16,31.75,32.12,421000,1.0,0.0
2006-12-07,32.11,32.39,31.83,31.89,327800,1.0,0.0
2006-12-08,31.77,32.12,31.77,32.09,342200,1.0,0.0
2006-12-11,32.13,32.3,31.9,32.17,500100,1.0,0.0
2006-12-12,32.25,32.39,31.86,32.07,681100,1.0,0.0
2006-12-13,32.19,32.36,31.92,31.99,579100,1.0,0.0
2006-12-14,32.0,32.58,31.99,32.41,376100,1.0,0.0
2006-12-15,32.44,32.46,32.11,32.38,1184700,1.0,0.0
2006-12-18,32.39,32.45,32.2,32.41,811700,1.0,0.0
2006-12-19,32.19,32.32,31.75,32.19,492200,1.0,0.0
2006-12-20,32.3,32.54,32.16,32.46,359900,1.0,0.0
2006-12-21,32.59,32.64,32.25,32.38,636900,1.0,0.0
2006-12-22,32.47,32.58,32.31,32.51,522700,1.0,0.0
2006-12-26,32.59,32.59,32.36,32.52,283800,1.0,0.0
2006-12-27,32.5,32.64,32.18,32.55,319300,1.0,0.0
2006-12-28,32.43,32.51,32.25,32.34,248100,1.0,0.0
2006-12-29,32.36,32.42,31.93,32.06,435300,1.0,0.0
2007-01-03,32.18,32.75,31.84,32.19,970900,1.0,0.0
2007-01-04,32.22,32.46,32.15,32.35,584700,1.0,0.0
2007-01-05,32.21,32.26,31.92,31.94,361100,1.0,0.0
2007-01-08,31.89,32.0,31.452,31.68,338000,1.0,0.0
2007-01-09,31.68,32.05,31.59,31.92,407700,1.0,0.0
2007-01-10,31.92,32.1,31.78,32.04,358400,1.0,0.0
2007-01-11,32.07,32.49,32.06,32.31,728600,1.0,0.0
2007-01-12,32.21,32.64,32.21,32.52,794900,1.0,0.0
2007-01-16,32.58,32.75,32.5,32.54,545000,1.0,0.0
2007-01-17,32.42,32.72,32.42,32.62,356200,1.0,0.0
2007-01-18,32.71,32.75,32.35,32.35,262700,1.0,0.0
2007-01-19,32.33,32.5,32.13,32.4,651900,1.0,0.0
2007-01-22,33.49,33.67,32.87,33.31,998700,1.0,0.0
2007-01-23,33.14,33.84,33.05,33.77,557100,1.0,0.0
2007-01-24,33.71,34.15,33.63,34.04,902900,1.0,0.0
2007-01-25,34.0,34.12,33.0,33.21,675400,1.0,0.0
2007-01-26,33.2,33.39,33.04,33.3,420500,1.0,0.0
2007-01-29,33.23,33.5,33.06,33.1,671500,1.0,0.0
2007-01-30,33.2,33.2,32.5,32.74,743600,1.0,0.0
2007-01-31,33.8,35.0,33.4,34.91,1323000,1.0,0.0
2007-02-01,35.01,35.2,34.64,34.66,803300,1.0,0.0
2007-02-02,34.66,35.0,34.45,34.6,518000,1.0,0.0
2007-02-05,34.51,34.64,33.77,33.83,833300,1.0,0.0
2007-02-06,33.9,34.3,33.7199,34.3,557600,1.0,0.0
2007-02-07,34.35,34.54,34.2,34.47,464600,1.0,0.0
2007-02-08,34.37,34.55,34.17,34.55,351500,1.0,0.0
2007-02-09,34.57,34.71,34.08,34.23,373500,1.0,0.0
2007-02-12,34.24,34.41,34.11,34.36,361400,1.0,0.0
2007-02-13,34.53,34.6,34.21,34.54,611800,1.0,0.0
2007-02-14,34.55,34.68,34.44,34.6,641500,1.0,0.0
2007-02-15,34.61,34.74,34.38,34.71,728500,1.0,0.0
2007-02-16,34.6,34.75,34.38,34.66,286500,1.0,0.0
2007-02-20,34.7,34.76,34.33,34.39,844000,1.0,0.0
2007-02-21,34.36,34.57,34.11,34.42,317700,1.0,0.0
2007-02-22,34.47,34.69,34.16,34.58,257000,1.0,0.0
2007-02-23,34.6,34.76,34.37,34.66,245200,1.0,0.0
2007-02-26,34.66,34.78,34.28,34.5,331700,1.0,0.0
2007-02-27,34.35,34.35,33.05,33.17,656900,1.0,0.0
2007-02-28,33.48,35.72,32.8,34.43,2110200,1.0,0.0
2007-03-01,33.96,34.35,33.55,34.02,986200,1.0,0.0
2007-03-02,34.03,34.25,33.28,33.34,562000,1.0,0.0
2007-03-05,33.17,33.23,32.09,32.09,784800,1.0,0.0
2007-03-06,32.2,32.77,31.96,32.4,786900,1.0,0.0
2007-03-07,32.4,32.9,32.06,32.69,669200,1.0,0.0
2007-03-08,32.86,33.08,32.47,32.92,556700,1.0,0.0
2007-03-09,33.09,33.15,32.64,32.75,316700,1.0,0.0
2007-03-12,32.85,33.18,32.61,33.12,329700,1.0,0.0
2007-03-13,32.95,33.17,32.46,32.59,667200,1.0,0.0
2007-03-14,32.67,32.78,31.51,32.19,640600,1.0,0.0
2007-03-15,32.09,32.38,31.98,32.24,356500,1.0,0.0
2007-03-16,32.31,32.31,31.54,31.9,613800,1.0,0.0
2007-03-19,32.07,32.59,32.02,32.45,430500,1.0,0.0
2007-03-20,32.54,32.88,32.16,32.88,538900,1.0,0.0
2007-03-21,32.92,33.22,32.61,33.06,469500,1.0,0.0
2007-03-22,33.21,33.74,33.19,33.61,649000,1.0,0.0
2007-03-23,33.75,33.97,33.39,33.78,544300,1.0,0.0
2007-03-26,33.75,33.82,33.35,33.64,538200,1.0,0.0
2007-03-27,33.75,33.97,33.61,33.69,528700,1.0,0.0
2007-03-28,33.67,33.78,33.34,33.35,665700,1.0,0.0
2007-03-29,33.35,33.67,32.84,33.03,685400,1.0,0.0
2007-03-30,32.94,33.4,32.83,33.1,634500,1.0,0.0
2007-04-02,33.25,33.27,32.94,33.13,812200,1.0,0.0
2007-04-03,33.2,33.65,33.16,33.43,442800,1.0,0.0
2007-04-04,33.36,33.55,33.09,33.37,433100,1.0,0.0
2007-04-05,33.42,33.5,33.1,33.28,256100,1.0,0.0
2007-04-09,33.26,33.44,33.04,33.37,338300,1.0,0.0
2007-04-10,33.31,33.44,32.86,33.11,479900,1.0,0.0
2007-04-11,33.11,33.41,32.9,33.15,627200,1.0,0.0
2007-04-12,33.1,33.47,32.58,33.1,521000,1.0,0.0
2007-04-13,33.32,33.48,32.82,33.47,393300,1.0,0.0
2007-04-16,33.48,33.63,33.19,33.39,532400,1.0,0.0
2007-04-17,33.35,33.81,33.25,33.74,335700,1.0,0.0
2007-04-18,33.54,34.0,33.5,33.91,419000,1.0,0.0
2007-04-19,33.9,34.08,33.6,33.98,363700,1.0,0.0
2007-04-20,34.32,34.84,34.31,34.81,774200,1.0,0.0
2007-04-23,34.81,34.891,34.54,34.84,498500,1.0,0.0
2007-04-24,34.94,34.94,34.24,34.89,793600,1.0,0.0
2007-04-25,37.13,38.84,36.82,36.92,4920300,1.0,0.0
2007-04-26,37.05,37.05,36.36,36.3801,1294300,1.0,0.0
2007-04-27,36.41,36.63,36.09,36.23,1257100,1.0,0.0
2007-04-30,36.4,36.56,35.29,35.6,1205700,1.0,0.0
2007-05-01,35.7,36.0,35.27,35.97,862000,1.0,0.0
2007-05-02,35.92,36.7,35.72,36.48,562500,1.0,0.0
2007-05-03,36.61,36.64,36.07,36.24,708000,1.0,0.0
2007-05-04,36.38,36.52,35.94,36.15,407300,1.0,0.0
2007-05-07,36.09,36.2,35.7,35.91,817500,1.0,0.0
2007-05-08,36.09,36.29,35.51,35.81,611000,1.0,0.0
2007-05-09,35.62,36.11,35.62,36.01,822200,1.0,0.0
2007-05-10,35.92,36.12,35.49,35.63,741600,1.0,0.0
2007-05-11,35.24,35.99,35.07,35.43,920500,1.0,0.0
2007-05-14,35.63,35.63,35.3,35.46,687200,1.0,0.0
2007-05-15,35.52,35.64,35.07,35.18,700900,1.0,0.0
2007-05-16,35.15,35.67,35.0,35.64,584900,1.0,0.0
2007-05-17,35.5,36.49,35.4,36.26,993200,1.0,0.0
2007-05-18,36.31,36.74,36.27,36.63,848500,1.0,0.0
2007-05-21,36.52,36.68,36.33,36.51,388100,1.0,0.0
2007-05-22,36.46,36.72,36.35,36.66,445000,1.0,0.0
2007-05-23,36.65,37.05,36.4,36.54,612900,1.0,0.0
2007-05-24,36.42,36.87,36.23,36.3,662300,1.0,0.0
2007-05-25,36.36,36.7,36.31,36.62,387300,1.0,0.0
2007-05-29,36.46,37.05,36.46,36.99,583900,1.0,0.0
2007-05-30,36.87,37.64,36.84,37.63,682300,1.0,0.0
2007-05-31,37.66,38.29,37.63,37.99,2269400,1.0,0.0
2007-06-01,38.11,38.28,37.66,38.13,557700,1.0,0.0
2007-06-04,38.09,38.09,37.75,38.0,349900,1.0,0.0
2007-06-05,37.81,38.18,37.32,37.64,361200,1.0,0.0
2007-06-06,37.42,37.76,36.99,37.15,391300,1.0,0.0
2007-06-07,37.01,37.29,36.38,36.48,506500,1.0,0.0
2007-06-08,36.56,37.13,36.52,37.12,806100,1.0,0.0
2007-06-11,37.1,37.27,36.9,36.99,472800,1.0,0.0
2007-06-12,36.89,37.0582,36.29,36.44,764500,1.0,0.0
2007-06-13,36.5,36.86,36.43,36.67,646000,1.0,0.0
2007-06-14,36.55,37.1,36.53,36.74,993400,1.0,0.0
2007-06-15,37.09,37.27,36.82,37.12,634500,1.0,0.0
2007-06-18,37.27,37.57,37.03,37.33,595500,1.0,0.0
2007-06-19,37.19,37.19,36.78,36.81,559500,1.0,0.0
2007-06-20,36.85,37.19,36.57,36.68,775200,1.0,0.0
2007-06-21,36.67,36.75,36.19,36.75,501000,1.0,0.0
2007-06-22,36.58,36.89,36.08,36.17,1513600,1.0,0.0
2007-06-25,36.2,36.97,35.98,36.15,745800,1.0,0.0
2007-06-26,36.31,36.41,35.7,35.81,774900,1.0,0.0
2007-06-27,35.67,36.43,35.64,36.43,461400,1.0,0.0
2007-06-28,36.49,36.95,36.2,36.66,387500,1.0,0.0
2007-06-29,36.81,36.94,36.29,36.55,470900,1.0,0.0
2007-07-02,36.66,37.23,36.66,36.81,457200,1.0,0.0
2007-07-03,36.98,37.25,36.6852,36.69,320300,1.0,0.0
2007-07-05,36.71,36.94,36.53,36.73,476300,1.0,0.0
2007-07-06,36.78,37.04,36.7,36.97,371100,1.0,0.0
2007-07-09,36.97,37.03,36.25,36.31,861900,1.0,0.0
2007-07-10,36.24,36.27,35.5,35.55,812200,1.0,0.0
2007-07-11,35.63,36.05,35.62,35.65,680100,1.0,0.0
2007-07-12,35.83,36.03,35.58,35.99,671600,1.0,0.0
2007-07-13,35.7,35.96,35.4,35.9,629700,1.0,0.0
2007-07-16,35.7,35.74,35.01,35.11,888200,1.0,0.0
2007-07-17,35.1,35.17,34.78,34.92,1048700,1.0,0.0
2007-07-18,34.82,35.01,34.57,34.99,966200,1.0,0.0
2007-07-19,35.07,35.2,34.615,34.89,1091500,1.0,0.0
2007-07-20,34.85,35.0,34.42,34.61,610900,1.0,0.0
2007-07-23,34.78,34.95,34.47,34.79,776400,1.0,0.0
2007-07-24,34.51,34.73,34.29,34.4,813300,1.0,0.0
2007-07-25,34.02,34.62,32.01,33.66,4225800,1.0,0.0
2007-07-26,33.55,33.59,32.35,33.49,3584400,1.0,0.0
2007-07-27,33.31,34.06,33.25,33.69,2137500,1.0,0.0
2007-07-30,33.75,34.27,33.5,33.99,1423100,1.0,0.0
2007-07-31,34.07,34.34,33.31,33.31,1090100,1.0,0.0
2007-08-01,33.42,33.69,32.8,33.3,879600,1.0,0.0
2007-08-02,33.31,33.81,33.18,33.75,847800,1.0,0.0
2007-08-03,33.65,33.75,32.61,32.61,742900,1.0,0.0
2007-08-06,32.73,33.66,32.35,33.63,911200,1.0,0.0
2007-08-07,33.7,34.58,33.03,34.51,1014200,1.0,0.0
2007-08-08,34.64,37.09,34.64,36.0,1949900,1.0,0.0
2007-08-09,35.5,38.2,35.45,36.6,2887800,1.0,0.0
2007-08-10,36.05,36.41,33.35,34.48,1948100,1.0,0.0
2007-08-13,34.87,35.3,33.7,34.15,805200,1.0,0.0
2007-08-14,34.5,34.5,33.37,33.41,460900,1.0,0.0
2007-08-15,33.41,33.41,32.11,32.19,697600,1.0,0.0
2007-08-16,32.11,32.35,31.44,31.63,1263700,1.0,0.0
2007-08-17,32.0,32.82,31.5,32.7,937000,1.0,0.0
2007-08-20,32.71,34.02,32.09,33.32,727700,1.0,0.0
2007-08-21,33.07,33.63,33.07,33.52,437000,1.0,0.0
2007-08-22,33.8,34.69,33.8,34.39,491400,1.0,0.0
2007-08-23,34.56,34.62,33.99,33.99,502400,1.0,0.0
2007-08-24,33.85,34.89,33.72,34.89,790400,1.0,0.0
2007-08-27,36.21,36.21,34.84,35.07,630800,1.0,0.0
2007-08-28,34.86,34.86,33.74,34.02,749000,1.0,0.0
2007-08-29,34.16,35.32,33.91,35.32,430000,1.0,0.0
2007-08-30,35.01,35.23,34.49,34.8,490600,1.0,0.0
2007-08-31,35.03,35.68,34.52,35.54,404400,1.0,0.0
2007-09-04,35.54,36.09,35.11,35.86,778300,1.0,0.0
2007-09-05,35.48,35.51,34.85,35.4,567100,1.0,0.0
2007-09-06,35.42,35.57,34.98,35.1,556900,1.0,0.0
2007-09-07,34.85,35.01,34.31,34.48,445400,1.0,0.0
2007-09-10,34.59,34.76,33.65,34.0,336600,1.0,0.0
2007-09-11,34.08,34.42,33.7,34.03,346400,1.0,0.0
2007-09-12,34.0,34.1,33.44,33.58,337200,1.0,0.0
2007-09-13,33.87,34.15,33.25,33.83,337600,1.0,0.0
2007-09-14,33.57,34.03,33.56,34.01,274900,1.0,0.0
2007-09-17,33.85,34.35,33.76,33.99,329200,1.0,0.0
2007-09-18,34.16,35.78,34.03,35.77,567600,1.0,0.0
2007-09-19,36.04,36.6,34.95,35.01,482300,1.0,0.0
2007-09-20,34.9,34.9,34.17,34.54,505300,1.0,0.0
2007-09-21,34.81,34.81,34.1,34.22,469200,1.0,0.0
2007-09-24,34.17,34.58,33.81,33.99,312300,1.0,0.0
2007-09-25,33.78,33.99,33.51,33.82,427700,1.0,0.0
2007-09-26,34.0,34.12,33.72,33.97,393400,1.0,0.0
2007-09-27,34.16,34.3476,33.9,34.3,349700,1.0,0.0
2007-09-28,34.24,34.42,33.34,33.41,493600,1.0,0.0
2007-10-01,33.37,33.74,32.57,32.82,890700,1.0,0.0
2007-10-02,33.1,33.34,32.83,33.24,576500,1.0,0.0
2007-10-03,33.12,33.71,33.12,33.45,963200,1.0,0.0
2007-10-04,33.55,33.83,33.04,33.13,420800,1.0,0.0
2007-10-05,33.37,33.795,33.23,33.54,703100,1.0,0.0
2007-10-08,33.46,33.8,33.28,33.71,363600,1.0,0.0
2007-10-09,33.69,34.66,33.69,34.61,718600,1.0,0.0
2007-10-10,34.33,34.72,34.09,34.12,468300,1.0,0.0
2007-10-11,33.95,34.43,33.69,33.86,775300,1.0,0.0
2007-10-12,33.96,34.15,33.78,34.0,361500,1.0,0.0
2007-10-15,34.08,34.45,33.62,33.93,457100,1.0,0.0
2007-10-16,33.61,34.12,33.26,33.46,448500,1.0,0.0
2007-10-17,34.03,34.03,32.7,33.24,877100,1.0,0.0
2007-10-18,33.18,33.51,32.98,33.4,698100,1.0,0.0
2007-10-19,33.27,33.508,32.79,32.85,656700,1.0,0.0
2007-10-22,32.75,33.11,32.41,32.89,758400,1.0,0.0
2007-10-23,33.16,33.27,32.31,33.22,1047000,1.0,0.0
2007-10-24,33.29,33.93,32.4,32.58,1533400,1.0,0.0
2007-10-25,32.53,32.93,32.16,32.81,778500,1.0,0.0
2007-10-26,32.98,33.13,32.5,32.92,668000,1.0,0.0
2007-10-29,32.99,33.12,32.42,32.74,541500,1.0,0.0
2007-10-30,32.58,32.92,32.5,32.78,443400,1.0,0.0
2007-10-31,32.86,33.24,32.44,33.02,524400,1.0,0.0
2007-11-01,32.75,33.29,32.34,32.58,1014200,1.0,0.0
2007-11-02,32.79,32.79,32.04,32.6,436200,1.0,0.0
2007-11-05,32.2,32.48,31.96,32.17,532100,1.0,0.0
2007-11-06,32.34,32.73,31.8,32.26,998900,1.0,0.0
2007-11-07,31.97,32.21,31.42,31.57,767300,1.0,0.0
2007-11-08,31.5,31.97,31.04,31.84,676000,1.0,0.0
2007-11-09,31.49,31.73,30.88,30.92,562100,1.0,0.0
2007-11-12,30.83,31.95,30.5,31.18,797000,1.0,0.0
2007-11-13,31.46,32.34,31.0,32.24,518400,1.0,0.0
2007-11-14,32.16,32.63,32.16,32.2,462000,1.0,0.0
2007-11-15,32.1,32.54,31.95,32.12,324600,1.0,0.0
2007-11-16,32.64,32.64,31.72,32.23,343100,1.0,0.0
2007-11-19,31.99,32.09,31.55,31.71,451400,1.0,0.0
2007-11-20,31.72,32.18,31.02,31.5,476600,1.0,0.0
2007-11-21,31.23,31.64,30.69,31.0,804600,1.0,0.0
2007-11-23,31.25,31.55,31.05,31.2,149100,1.0,0.0
2007-11-26,31.23,31.71,30.7858,30.79,475300,1.0,0.0
2007-11-27,30.87,31.9,30.8,31.75,594200,1.0,0.0
2007-11-28,32.02,33.17,31.87,33.09,690000,1.0,0.0
2007-11-29,32.63,32.89,32.35,32.63,290000,1.0,0.0
2007-11-30,32.42,33.13,32.42,32.86,490400,1.0,0.0
2007-12-03,33.02,33.35,32.81,33.0,615800,1.0,0.0
2007-12-04,33.5,34.11,33.13,33.76,1070400,1.0,0.0
2007-12-05,34.12,34.47,33.85,34.1,823000,1.0,0.0
2007-12-06,34.04,34.69,33.72,34.63,698100,1.0,0.0
2007-12-07,34.4,34.68,34.02,34.49,587000,1.0,0.0
2007-12-10,34.52,34.62,33.91,34.07,507600,1.0,0.0
2007-12-11,32.85,33.24,31.87,31.91,1077600,1.0,0.0
2007-12-12,32.53,32.87,31.09,31.56,644000,1.0,0.0
2007-12-13,31.38,31.78,31.05,31.33,871200,1.0,0.0
2007-12-14,31.295,31.51,31.0,31.12,516600,1.0,0.0
2007-12-17,31.03,31.33,30.55,30.55,568200,1.0,0.0
2007-12-18,30.77,31.48,30.64,31.36,617800,1.0,0.0
2007-12-19,31.22,31.3,30.68,30.93,557100,1.0,0.0
2007-12-20,31.1,31.27,30.43,31.27,745400,1.0,0.0
2007-12-21,32.14,32.2,31.72,32.01,937700,1.0,0.0
2007-12-24,31.89,32.42,31.74,32.37,195000,1.0,0.0
2007-12-26,32.25,32.38,32.02,32.32,654500,1.0,0.0
2007-12-27,32.19,32.49,32.135,32.2,585100,1.0,0.0
2007-12-28,32.37,32.71,32.27,32.54,389400,1.0,0.0
2007-12-31,32.43,32.69,32.22,32.43,517700,1.0,0.0
2008-01-02,32.28,32.68,31.87,32.33,1054000,1.0,0.0
2008-01-03,32.06,32.43,31.13,31.13,981600,1.0,0.0
2008-01-04,31.01,31.05,29.99,30.13,2826900,1.0,0.0
2008-01-07,29.88,30.3,28.48,29.39,2585900,1.0,0.0
2008-01-08,29.21,29.31,26.75,26.97,2608000,1.0,0.0
2008-01-09,27.0,27.1,26.14,27.05,2142100,1.0,0.0
2008-01-10,25.53,27.24,24.08,26.15,7454000,1.0,0.0
2008-01-11,25.75,25.91,24.86,25.5,2914300,1.0,0.0
2008-01-14,25.63,25.91,25.39,25.74,2069600,1.0,0.0
2008-01-15,25.41,25.71,24.81,25.71,2130700,1.0,0.0
2008-01-16,25.61,26.1,25.27,25.74,1811600,1.0,0.0
2008-01-17,25.79,25.85,24.86,24.97,1518600,1.0,0.0
2008-01-18,25.025,25.82,24.72,25.1,1973900,1.0,0.0
2008-01-22,24.53,26.77,24.28,26.49,1827000,1.0,0.0
2008-01-23,26.0,28.35,25.6601,28.13,1852700,1.0,0.0
2008-01-24,28.24,28.24,27.06,27.87,1574000,1.0,0.0
2008-01-25,28.01,28.15,27.49,27.85,997600,1.0,0.0
2008-01-28,27.79,28.84,27.53,28.84,1171000,1.0,0.0
2008-01-29,29.04,29.22,28.2,28.82,1022300,1.0,0.0
2008-01-30,28.59,28.98,28.14,28.16,919400,1.0,0.0
2008-01-31,27.78,29.66,27.09,29.43,1056400,1.0,0.0
2008-02-01,30.0,31.77,29.93,30.62,2817800,1.0,0.0
2008-02-04,30.62,30.62,29.71,29.97,827400,1.0,0.0
2008-02-05,29.66,29.9,28.87,29.07,778600,1.0,0.0
2008-02-06,29.17,29.8,28.73,28.85,659800,1.0,0.0
2008-02-07,28.72,30.04,28.5,29.68,742100,1.0,0.0
2008-02-08,29.55,30.16,28.89,29.68,693500,1.0,0.0
2008-02-11,29.6,30.11,28.8,29.81,887900,1.0,0.0
2008-02-12,30.03,30.03,29.22,29.51,902900,1.0,0.0
2008-02-13,29.21,29.49,28.82,29.4,871600,1.0,0.0
2008-02-14,29.5,29.5,28.44,28.7,759700,1.0,0.0
2008-02-15,28.51,28.64,27.84,28.35,859900,1.0,0.0
2008-02-19,28.46,29.18,27.53,27.72,1208500,1.0,0.0
2008-02-20,27.57,28.24,27.41,27.99,1496300,1.0,0.0
2008-02-21,27.9,28.67,27.45,27.51,1618600,1.0,0.0
2008-02-22,27.63,27.89,26.94,27.82,1455300,1.0,0.0
2008-02-25,27.85,28.29,27.54,28.26,1231700,1.0,0.0
2008-02-26,28.1,29.1,28.032,28.82,898800,1.0,0.0
2008-02-27,28.64,28.99,28.39,28.65,681600,1.0,0.0
2008-02-28,28.48,28.48,27.87,28.11,842200,1.0,0.0
2008-02-29,27.5,28.0438,26.74,26.96,1213000,1.0,0.0
2008-03-03,26.96,27.51,26.51,27.26,899300,1.0,0.0
2008-03-04,27.03,27.75,26.98,27.63,905600,1.0,0.0
2008-03-05,27.7,28.28,27.43,27.59,624400,1.0,0.0
2008-03-06,27.49,27.97,26.85,26.88,743600,1.0,0.0
2008-03-07,26.59,27.08,26.44,26.73,736500,1.0,0.0
2008-03-10,26.72,27.28,26.43,26.46,717600,1.0,0.0
2008-03-11,27.13,27.73,26.24,27.06,908300,1.0,0.0
2008-03-12,27.05,27.84,26.96,27.12,574400,1.0,0.0
2008-03-13,26.68,27.27,26.33,27.13,863000,1.0,0.0
2008-03-14,27.32,27.32,26.25,26.66,748400,1.0,0.0
2008-03-17,26.15,26.64,25.42,26.0,1066100,1.0,0.0
2008-03-18,27.07,28.48,26.37,28.39,1525000,1.0,0.0
2008-03-19,28.47,28.92,27.91,27.97,917000,1.0,0.0
2008-03-20,28.23,29.42,27.9,29.33,859000,1.0,0.0
2008-03-24,29.33,30.446,29.06,30.4,802400,1.0,0.0
2008-03-25,30.35,30.44,29.66,29.87,873500,1.0,0.0
2008-03-26,29.82,29.82,28.9,28.91,642700,1.0,0.0
2008-03-27,29.02,29.12,28.3,28.62,1032100,1.0,0.0
2008-03-28,28.85,28.85,27.71,27.77,918500,1.0,0.0
2008-03-31,27.77,28.58,27.41,28.52,1235600,1.0,0.0
2008-04-01,29.45,30.5,29.18,29.41,8102900,1.0,0.0
2008-04-02,29.5,29.55,28.27,28.47,2626800,1.0,0.0
2008-04-03,28.29,28.45,27.62,28.39,1628700,1.0,0.0
2008-04-04,28.29,28.62,27.86,28.05,2330900,1.0,0.0
2008-04-07,28.27,28.54,27.76,27.86,1073400,1.0,0.0
2008-04-08,27.8,28.25,27.61,27.81,1030800,1.0,0.0
2008-04-09,27.86,27.91,26.95,27.14,1710400,1.0,0.0
2008-04-10,27.02,28.24,27.01,27.61,1693100,1.0,0.0
2008-04-11,27.38,27.56,27.0,27.09,965600,1.0,0.0
2008-04-14,27.03,27.37,26.83,27.21,1499700,1.0,0.0
2008-04-15,27.31,27.39,27.03,27.28,824100,1.0,0.0
2008-04-16,27.43,27.86,27.25,27.67,1313200,1.0,0.0
2008-04-17,27.51,27.66,27.23,27.4,917100,1.0,0.0
2008-04-18,27.9,28.2,27.61,27.78,2298300,1.0,0.0
2008-04-21,27.51,27.83,27.17,27.63,1464300,1.0,0.0
2008-04-22,27.33,27.8,27.04,27.55,1967100,1.0,0.0
2008-04-23,25.84,27.6,25.77,26.79,4713900,1.0,0.0
2008-04-24,26.76,27.67,26.31,27.57,2664800,1.0,0.0
2008-04-25,27.59,28.29,27.18,28.28,1896700,1.0,0.0
2008-04-28,28.33,29.19,27.98,29.17,2432900,1.0,0.0
2008-04-29,29.07,29.53,28.84,28.87,2744900,1.0,0.0
2008-04-30,28.91,29.43,28.7,28.87,1567500,1.0,0.0
2008-05-01,28.77,30.38,28.73,30.05,2713900,1.0,0.0
2008-05-02,30.34,30.49,29.73,29.78,1576400,1.0,0.0
2008-05-05,29.77,29.77,29.17,29.21,1776000,1.0,0.0
2008-05-06,29.13,29.29,28.39,29.04,1488300,1.0,0.0
2008-05-07,28.89,29.18,28.4,28.45,1255200,1.0,0.0
2008-05-08,28.52,28.76,28.05,28.3,929800,1.0,0.0
2008-05-09,28.02,28.52,27.97,28.12,669000,1.0,0.0
2008-05-12,28.1,28.81,27.98,28.81,1097300,1.0,0.0
2008-05-13,28.84,28.84,28.27,28.61,527600,1.0,0.0
2008-05-14,28.69,29.27,28.67,28.79,1337300,1.0,0.0
2008-05-15,28.8,29.07,28.59,28.78,1165400,1.0,0.0
2008-05-16,28.12,28.5,27.1,27.7,2482000,1.0,0.0
2008-05-19,27.79,27.95,27.44,27.59,1387400,1.0,0.0
2008-05-20,27.5,27.66,26.85,27.0,1295900,1.0,0.0
2008-05-21,26.89,27.31,26.21,26.38,1359700,1.0,0.0
2008-05-22,26.38,26.8599,26.23,26.54,840800,1.0,0.0
2008-05-23,26.5,26.66,26.08,26.32,510500,1.0,0.0
2008-05-27,26.43,26.94,26.21,26.54,971700,1.0,0.0
2008-05-28,26.57,26.82,26.21,26.45,1169800,1.0,0.0
2008-05-29,26.45,26.72,26.21,26.43,1576000,1.0,0.0
2008-05-30,26.47,26.47,25.89,26.15,1337100,1.0,0.0
2008-06-02,26.14,26.41,25.47,25.73,1216200,1.0,0.0
2008-06-03,25.79,26.23,25.62,25.99,1582400,1.0,0.0
2008-06-04,25.85,26.17,25.59,25.78,1274100,1.0,0.0
2008-06-05,25.84,26.42,25.66,26.41,2528700,1.0,0.0
2008-06-06,26.21,26.23,25.22,25.22,3379900,1.0,0.0
2008-06-09,25.28,25.63,24.88,24.96,2376400,1.0,0.0
2008-06-10,24.78,25.76,24.77,25.6,2558300,1.0,0.0
2008-06-11,25.63,25.76,24.59,24.66,2239000,1.0,0.0
2008-06-12,24.75,25.66,24.75,25.25,2526500,1.0,0.0
2008-06-13,25.61,25.87,25.35,25.62,1570700,1.0,0.0
2008-06-16,25.43,26.0,25.12,26.0,1070400,1.0,0.0
2008-06-17,26.05,26.14,25.54,25.55,1108000,1.0,0.0
2008-06-18,25.53,25.53,24.84,25.04,1244500,1.0,0.0
2008-06-19,25.01,25.76,24.93,25.67,1228400,1.0,0.0
2008-06-20,24.86,25.61,24.67,24.69,1441700,1.0,0.0
2008-06-23,24.77,24.95,23.6,23.72,1880900,1.0,0.0
2008-06-24,23.56,24.01,23.1,23.6,1973100,1.0,0.0
2008-06-25,23.73,24.62,23.71,23.99,1418900,1.0,0.0
2008-06-26,23.71,23.91,23.07,23.28,1521100,1.0,0.0
2008-06-27,23.22,23.37,22.7,22.79,2973000,1.0,0.0
2008-06-30,22.73,23.04,22.32,22.35,1261800,1.0,0.0
2008-07-01,22.3,23.24,22.11,23.02,3813300,1.0,0.0
2008-07-02,22.94,23.45,22.66,22.72,3258500,1.0,0.0
2008-07-03,22.82,22.89,22.32,22.35,1486900,1.0,0.0
2008-07-07,22.52,22.66,21.92,22.34,1718200,1.0,0.0
2008-07-08,22.37,23.16,22.24,23.14,2061700,1.0,0.0
2008-07-09,23.07,23.54,22.85,23.28,2039300,1.0,0.0
2008-07-10,23.2,23.71,22.79,22.98,2077500,1.0,0.0
2008-07-11,22.71,23.11,22.0,22.65,4720600,1.0,0.0
2008-07-14,22.71,23.22,22.33,22.75,2131300,1.0,0.0
2008-07-15,22.63,22.81,22.06,22.51,2395600,1.0,0.0
2008-07-16,22.53,23.55,22.37,23.48,2146500,1.0,0.0
2008-07-17,23.52,24.45,23.16,24.36,2855500,1.0,0.0
2008-07-18,24.43,24.63,23.89,24.05,1933300,1.0,0.0
2008-07-21,24.1,24.34,23.08,23.37,1872800,1.0,0.0
2008-07-22,23.31,24.08,22.75,24.04,3172700,1.0,0.0
2008-07-23,23.91,26.64,23.12,26.27,4957800,1.0,0.0
2008-07-24,26.5,26.57,25.2,25.29,3716400,1.0,0.0
2008-07-25,25.32,25.77,24.66,24.72,2002300,1.0,0.0
2008-07-28,24.7,24.91,24.23,24.63,1986600,1.0,0.0
2008-07-29,24.63,25.59,24.35,25.51,1810100,1.0,0.0
2008-07-30,25.36,26.0,25.0,25.44,4794800,1.0,0.0
2008-07-31,25.26,25.8,25.17,25.54,2364300,1.0,0.0
2008-08-01,25.48,26.34,25.15,26.04,3345000,1.0,0.0
2008-08-04,26.31,26.6,25.98,26.35,1746600,1.0,0.0
2008-08-05,26.61,27.44,26.26,27.43,2353600,1.0,0.0
2008-08-06,27.18,27.48,26.63,27.47,2436700,1.0,0.0
2008-08-07,27.45,28.07,26.94,27.54,3161400,1.0,0.0
2008-08-08,27.6,28.99,27.51,28.84,1920000,1.0,0.0
2008-08-11,28.74,29.98,28.65,29.06,2397800,1.0,0.0
2008-08-12,28.9,29.38,28.6,28.88,1594800,1.0,0.0
2008-08-13,28.69,28.82,27.77,28.42,1590800,1.0,0.0
2008-08-14,28.16,29.34,28.09,28.88,1519000,1.0,0.0
2008-08-15,28.95,29.62,28.66,29.5,915100,1.0,0.0
2008-08-18,29.5,29.57,28.6,28.79,1383000,1.0,0.0
2008-08-19,28.69,28.81,27.84,28.08,1713000,1.0,0.0
2008-08-20,29.35,29.42,28.56,28.8,2179000,1.0,0.0
2008-08-21,28.7,28.96,28.39,28.91,1028400,1.0,0.0
2008-08-22,29.25,29.9,29.09,29.81,1374700,1.0,0.0
2008-08-25,29.57,29.59,28.81,28.87,1129700,1.0,0.0
2008-08-26,28.85,29.13,28.1,28.47,1904400,1.0,0.0
2008-08-27,28.33,29.33,28.33,29.0,876700,1.0,0.0
2008-08-28,29.09,29.56,28.82,29.52,783800,1.0,0.0
2008-08-29,29.31,29.61,29.03,29.12,759700,1.0,0.0
2008-09-02,29.71,30.38,29.16,29.62,2121300,1.0,0.0
2008-09-03,29.6,30.07,28.96,30.03,1430400,1.0,0.0
2008-09-04,29.84,29.84,29.02,29.15,2140900,1.0,0.0
2008-09-05,28.07,29.55,28.06,29.39,1814900,1.0,0.0
2008-09-08,29.81,30.33,29.32,29.88,1980400,1.0,0.0
2008-09-09,29.88,30.22,29.01,29.03,1352100,1.0,0.0
2008-09-10,29.2,29.28,28.35,28.99,1514000,1.0,0.0
2008-09-11,28.59,29.05,28.13,29.04,1298500,1.0,0.0
2008-09-12,28.83,28.83,28.34,28.67,1241100,1.0,0.0
2008-09-15,27.4,29.85,27.02,29.16,2393400,1.0,0.0
2008-09-16,29.24,29.27,28.35,28.78,2015700,1.0,0.0
2008-09-17,28.44,28.7,27.48,27.97,2490900,1.0,0.0
2008-09-18,28.31,28.87,26.38,28.32,3381000,1.0,0.0
2008-09-19,30.0,30.1,27.7,28.41,2612800,1.0,0.0
2008-09-22,28.24,28.63,27.68,27.77,1488100,1.0,0.0
2008-09-23,27.83,28.36,27.51,27.73,1032600,1.0,0.0
2008-09-24,27.72,28.65,27.52,28.23,1262100,1.0,0.0
2008-09-25,28.15,28.86,28.09,28.51,1192700,1.0,0.0
2008-09-26,28.46,28.93,28.0,28.26,1464500,1.0,0.0
2008-09-29,27.84,27.84,26.4793,26.75,1655600,1.0,0.0
2008-09-30,27.79,27.79,26.14,26.77,2462200,1.0,0.0
2008-10-01,26.57,26.91,26.18,26.7,1206400,1.0,0.0
2008-10-02,26.39,26.91,26.1,26.26,1075500,1.0,0.0
2008-10-03,26.6,26.95,25.72,25.85,2347400,1.0,0.0
2008-10-06,25.27,25.45,23.7,24.78,2883300,1.0,0.0
2008-10-07,25.71,25.87,23.19,23.33,4307700,1.0,0.0
2008-10-08,22.91,23.66,22.45,23.29,2477800,1.0,0.0
2008-10-09,23.5,23.88,21.91,22.25,1507700,1.0,0.0
2008-10-10,21.68,23.51,20.82,22.81,2911600,1.0,0.0
2008-10-13,23.75,24.08,23.37,24.02,1700300,1.0,0.0
2008-10-14,24.42,24.97,22.6,23.14,1659200,1.0,0.0
2008-10-15,22.11,22.89,21.23,21.37,1436300,1.0,0.0
2008-10-16,21.32,22.5,20.31,22.43,2304200,1.0,0.0
2008-10-17,21.77,23.38,21.24,22.47,1566500,1.0,0.0
2008-10-20,22.79,23.79,22.79,23.78,1163500,1.0,0.0
2008-10-21,23.48,24.36,22.98,23.03,1947100,1.0,0.0
2008-10-22,22.55,22.93,21.94,22.75,1611600,1.0,0.0
2008-10-23,22.87,22.87,21.04,21.93,1348700,1.0,0.0
2008-10-24,20.55,21.73,20.0,21.1,984400,1.0,0.0
2008-10-27,20.7,21.78,20.69,20.87,948800,1.0,0.0
2008-10-28,22.43,23.3,20.78,23.15,1587500,1.0,0.0
2008-10-29,23.02,24.55,22.43,23.39,2220600,1.0,0.0
2008-10-30,24.3,27.11,24.25,25.06,2879300,1.0,0.0
2008-10-31,25.06,27.61,24.63,27.11,2161600,1.0,0.0
2008-11-03,27.1,27.54,26.49,26.76,1814100,1.0,0.0
2008-11-04,27.16,27.25,26.73,27.0,1361900,1.0,0.0
2008-11-05,26.74,26.9,24.87,25.14,1795100,1.0,0.0
2008-11-06,25.28,25.91,24.49,24.59,1094500,1.0,0.0
2008-11-07,24.84,25.64,24.44,24.98,1129600,1.0,0.0
2008-11-10,25.5,25.59,24.39,24.83,922000,1.0,0.0
2008-11-11,24.52,25.42,24.16,24.72,931700,1.0,0.0
2008-11-12,24.35,24.72,22.79,22.98,1602100,1.0,0.0
2008-11-13,23.18,25.2,22.06,25.2,1384400,1.0,0.0
2008-11-14,24.82,25.0,22.76,23.24,1531600,1.0,0.0
2008-11-17,23.1,23.99,23.02,23.19,1032600,1.0,0.0
2008-11-18,23.24,24.4,22.53,23.5,1413300,1.0,0.0
2008-11-19,23.44,23.9,22.58,22.62,1843900,1.0,0.0
2008-11-20,22.31,23.56,21.76,21.96,2009500,1.0,0.0
2008-11-21,22.42,23.64,21.36,23.64,2146000,1.0,0.0
2008-11-24,23.8,25.67,23.07,25.36,1872500,1.0,0.0
2008-11-25,25.53,25.74,24.08,24.94,1725800,1.0,0.0
2008-11-26,24.49,26.38,24.25,25.77,2157100,1.0,0.0
2008-11-28,25.53,26.08,25.12,26.07,549300,1.0,0.0
2008-12-01,26.025,26.025,23.68,23.83,1324200,1.0,0.0
2008-12-02,24.17,26.19,23.99,25.74,1866200,1.0,0.0
2008-12-03,25.16,26.94,24.9501,26.55,2913900,1.0,0.0
2008-12-04,26.21,27.46,25.12,26.55,2441000,1.0,0.0
2008-12-05,26.24,29.43,26.06,29.32,3282000,1.0,0.0
2008-12-08,29.38,29.98,28.33,28.8,2110400,1.0,0.0
2008-12-09,28.58,29.8,28.2,28.37,2470500,1.0,0.0
2008-12-10,28.57,28.6295,27.61,28.1,1706600,1.0,0.0
2008-12-11,27.47,29.06,27.46,28.42,2886700,1.0,0.0
2008-12-12,26.34,28.84,26.24,28.55,3098100,1.0,0.0
2008-12-15,29.05,29.05,27.96,28.49,2030300,1.0,0.0
2008-12-16,28.86,30.24,28.4,30.09,1792700,1.0,0.0
2008-12-17,29.61,30.96,29.0601,30.61,1980100,1.0,0.0
2008-12-18,30.9499,30.9499,30.09,30.81,2601100,1.0,0.0
2008-12-19,31.07,31.18,30.02,30.13,6384700,1.0,0.0
2008-12-22,30.4,30.4,29.0,29.65,1808800,1.0,0.0
2008-12-23,29.86,30.0,29.05,29.38,1313300,1.0,0.0
2008-12-24,29.46,29.98,29.0,29.56,530200,1.0,0.0
2008-12-26,29.69,29.74,29.23,29.47,515100,1.0,0.0
2008-12-29,29.62,29.66,28.84,29.24,1024800,1.0,0.0
2008-12-30,29.4,30.16,29.16,30.16,1098800,1.0,0.0
2008-12-31,30.2,30.98,30.0,30.74,1451400,1.0,0.0
2009-01-02,30.59,31.58,30.14,31.43,1361600,1.0,0.0
2009-01-05,31.08,31.19,30.29,30.64,1510600,1.0,0.0
2009-01-06,30.9,30.95,29.97,30.21,1584700,1.0,0.0
2009-01-07,29.3,29.99,28.6,28.88,2068700,1.0,0.0
2009-01-08,29.05,29.28,28.22,29.14,1706100,1.0,0.0
2009-01-09,29.14,29.45,27.86,28.28,1614100,1.0,0.0
2009-01-12,28.22,28.49,27.84,28.16,1053400,1.0,0.0
2009-01-13,28.04,28.69,27.91,28.33,1409400,1.0,0.0
2009-01-14,28.07,28.07,26.94,27.0,2164000,1.0,0.0
2009-01-15,27.07,28.64,26.47,28.3,2529000,1.0,0.0
2009-01-16,28.71,29.02,28.09,28.54,1627500,1.0,0.0
2009-01-20,28.38,28.79,27.0,27.62,1441900,1.0,0.0
2009-01-21,27.95,28.12,26.97,28.05,1768500,1.0,0.0
2009-01-22,27.42,28.89,27.06,28.62,1981400,1.0,0.0
2009-01-23,26.69,29.57,26.69,29.02,2304700,1.0,0.0
2009-01-26,30.03,30.67,29.22,30.09,2520700,1.0,0.0
2009-01-27,30.13,30.53,29.64,30.05,1099800,1.0,0.0
2009-01-28,30.27,31.42,30.18,31.05,2159400,1.0,0.0
2009-01-29,30.67,31.2,30.29,30.55,1149000,1.0,0.0
2009-01-30,30.76,30.95,28.96,29.07,1858100,1.0,0.0
2009-02-02,28.82,29.3,28.59,29.1,1792000,1.0,0.0
2009-02-03,29.14,30.16,28.4,29.95,1693700,1.0,0.0
2009-02-04,29.98,30.17,29.09,29.29,1033700,1.0,0.0
2009-02-05,28.92,29.9,28.768,29.6,1965300,1.0,0.0
2009-02-06,29.6,30.97,29.48,30.72,2760500,1.0,0.0
2009-02-09,30.495,31.05,30.15,30.91,1628000,1.0,0.0
2009-02-10,29.06,30.19,27.96,28.69,5154700,1.0,0.0
2009-02-11,28.87,29.41,28.15,28.56,2916100,1.0,0.0
2009-02-12,28.17,28.83,27.49,28.83,2338400,1.0,0.0
2009-02-13,28.8,29.14,28.33,28.61,1581800,1.0,0.0
2009-02-17,27.9,28.05,27.19,27.26,3620800,1.0,0.0
2009-02-18,27.74,27.95,26.83,27.74,4627400,1.0,0.0
2009-02-19,30.6,33.19,30.59,32.84,10247500,1.0,0.0
2009-02-20,32.99,33.25,31.86,32.71,6070700,1.0,0.0
2009-02-23,32.98,33.04,31.56,31.73,3879500,1.0,0.0
2009-02-24,32.53,33.37,32.3,33.3,4498800,1.0,0.0
2009-02-25,33.07,33.8,32.55,33.25,3310900,1.0,0.0
2009-02-26,33.6,33.75,32.45,32.84,3396400,1.0,0.0
2009-02-27,32.35,33.59,31.55,33.36,8087500,1.0,0.0
2009-03-02,32.7,33.5,32.13,32.23,3693600,1.0,0.0
2009-03-03,33.76,33.88,32.35,32.44,5202200,1.0,0.0
2009-03-04,33.35,33.35,32.19,32.49,3543900,1.0,0.0
2009-03-05,32.22,32.89,31.9,32.51,3583700,1.0,0.0
2009-03-06,32.85,32.85,31.44,32.14,3686700,1.0,0.0
2009-03-09,32.07,32.7,31.65,31.78,1739500,1.0,0.0
2009-03-10,32.57,33.9325,32.33,33.75,3014400,1.0,0.0
2009-03-11,33.74,34.42,33.63,34.02,2685000,1.0,0.0
2009-03-12,34.12,35.42,33.66,35.28,2362800,1.0,0.0
2009-03-13,35.28,35.47,34.62,34.9,1805500,1.0,0.0
2009-03-16,34.98,34.98,33.4,33.52,2469200,1.0,0.0
2009-03-17,33.58,35.0,33.19,35.0,2059600,1.0,0.0
2009-03-18,35.17,35.34,34.05,35.0,2473700,1.0,0.0
2009-03-19,36.15,36.17,34.87,35.63,3735500,1.0,0.0
2009-03-20,34.95,35.8,34.47,34.91,2079600,1.0,0.0
2009-03-23,33.56,34.02,32.55,33.76,4633000,1.0,0.0
2009-03-24,33.54,34.37,32.71,33.34,2439400,1.0,0.0
2009-03-25,33.33,34.27,33.19,34.1,3271500,1.0,0.0
2009-03-26,34.64,36.01,34.34,35.37,27860200,1.0,0.0
2009-03-27,35.66,35.66,34.7122,34.78,2977300,1.0,0.0
2009-03-30,34.7,35.05,33.62,35.05,2188000,1.0,0.0
2009-03-31,34.81,35.47,34.03,35.01,2442900,1.0,0.0
2009-04-01,34.4,35.43,33.685,35.4,3310200,1.0,0.0
2009-04-02,35.9,36.74,34.92,36.03,3896100,1.0,0.0
2009-04-03,35.74,36.58,35.26,36.5,3252800,1.0,0.0
2009-04-06,36.23,36.97,35.5705,36.83,2700000,1.0,0.0
2009-04-07,36.02,36.55,35.41,35.77,2349300,1.0,0.0
2009-04-08,35.48,36.81,35.48,36.81,1607200,1.0,0.0
2009-04-09,37.13,38.12,36.88,37.88,2361300,1.0,0.0
2009-04-13,37.54,37.75,36.73,36.91,1659000,1.0,0.0
2009-04-14,36.89,37.14,36.23,36.89,2382000,1.0,0.0
2009-04-15,36.07,36.84,35.959,36.66,1534900,1.0,0.0
2009-04-16,36.92,38.28,36.72,38.03,2495100,1.0,0.0
2009-04-17,38.31,38.9,37.61,38.71,2304400,1.0,0.0
2009-04-20,38.03,38.53,37.55,37.95,1426500,1.0,0.0
2009-04-21,38.13,38.58,37.78,38.51,1678700,1.0,0.0
2009-04-22,38.37,39.4,38.16,38.45,2276700,1.0,0.0
2009-04-23,38.64,39.02,37.7,38.46,1470400,1.0,0.0
2009-04-24,38.67,38.9385,37.55,37.72,2112600,1.0,0.0
2009-04-27,36.94,38.74,36.94,38.22,1767400,1.0,0.0
2009-04-28,37.5,39.06,37.5,38.64,1276200,1.0,0.0
2009-04-29,39.46,39.51,37.19,37.24,3218900,1.0,0.0
2009-04-30,39.42,40.5,38.04,38.85,5731600,1.0,0.0
2009-05-01,38.17,38.39,36.81,37.55,3051100,1.0,0.0
2009-05-04,37.71,38.64,37.6775,38.41,2170400,1.0,0.0
2009-05-05,38.13,38.24,37.55,37.99,1660200,1.0,0.0
2009-05-06,38.32,38.69,36.95,37.5,2105200,1.0,0.0
2009-05-07,37.58,37.96,36.18,36.51,2104500,1.0,0.0
2009-05-08,36.59,37.1,35.89,36.01,2166700,1.0,0.0
2009-05-11,35.84,37.06,34.98,36.84,2522500,1.0,0.0
2009-05-12,36.81,37.1458,35.6102,36.09,2141600,1.0,0.0
2009-05-13,35.69,35.82,34.98,35.08,1872500,1.0,0.0
2009-05-14,35.01,35.97,35.01,35.42,1858800,1.0,0.0
2009-05-15,35.2,36.36,34.85,36.17,2029100,1.0,0.0
2009-05-18,36.32,37.0264,36.05,37.02,1520900,1.0,0.0
2009-05-19,36.56,37.76,36.4,37.55,1743000,1.0,0.0
2009-05-20,37.53,38.1,36.27,36.5,2087200,1.0,0.0
2009-05-21,36.41,36.55,35.68,36.09,1628400,1.0,0.0
2009-05-22,36.15,36.64,35.48,35.97,847600,1.0,0.0
2009-05-26,35.67,37.48,35.29,37.48,1428300,1.0,0.0
2009-05-27,37.19,37.63,36.02,36.28,2091900,1.0,0.0
2009-05-28,36.4,36.9395,35.21,36.17,2448900,1.0,0.0
2009-05-29,36.35,36.35,35.41,36.05,2519500,1.0,0.0
2009-06-01,36.52,37.51,36.35,37.33,2057300,1.0,0.0
2009-06-02,37.27,38.69,37.14,38.6,2252100,1.0,0.0
2009-06-03,37.64,38.52,37.64,38.49,1821000,1.0,0.0
2009-06-04,38.29,38.66,37.37,37.99,1465400,1.0,0.0
2009-06-05,38.27,38.29,37.28,37.75,1624100,1.0,0.0
2009-06-08,37.5,38.33,36.7,37.92,1259500,1.0,0.0
2009-06-09,37.94,38.26,37.68,38.04,1163400,1.0,0.0
2009-06-10,38.13,38.47,36.87,37.44,1302400,1.0,0.0
2009-06-11,37.39,37.74,36.28,36.36,1523300,1.0,0.0
2009-06-12,36.11,36.39,35.26,36.04,2187300,1.0,0.0
2009-06-15,35.78,35.87,34.91,35.67,1589500,1.0,0.0
2009-06-16,35.93,35.98,34.96,35.41,2325300,1.0,0.0
2009-06-17,35.61,37.4,35.48,37.0,2256400,1.0,0.0
2009-06-18,36.8,37.5,36.71,37.32,1588700,1.0,0.0
2009-06-19,37.48,37.92,36.945,37.49,2645600,1.0,0.0
2009-06-22,37.04,37.87,36.48,37.44,1903300,1.0,0.0
2009-06-23,37.39,37.5,36.66,36.82,1233400,1.0,0.0
2009-06-24,36.94,37.24,36.25,36.65,1306200,1.0,0.0
2009-06-25,36.34,37.93,36.29,37.72,1366500,1.0,0.0
2009-06-26,37.53,38.07,37.46,37.6,3069300,1.0,0.0
2009-06-29,37.62,38.28,37.29,38.2,1124700,1.0,0.0
2009-06-30,38.42,38.87,37.8,38.08,1297700,1.0,0.0
2009-07-01,38.43,38.82,38.17,38.25,1236300,1.0,0.0
2009-07-02,37.75,38.0,37.14,37.43,1551500,1.0,0.0
2009-07-06,37.0,38.26,36.83,38.21,1589500,1.0,0.0
2009-07-07,38.25,38.35,37.83,38.01,2109400,1.0,0.0
2009-07-08,38.31,40.05,38.31,39.94,3860700,1.0,0.0
2009-07-09,40.04,40.4,39.51,39.59,2084100,1.0,0.0
2009-07-10,39.32,40.17,39.04,39.38,1412700,1.0,0.0
2009-07-13,39.355,40.17,38.71,40.0,1762100,1.0,0.0
2009-07-14,40.0,40.2,39.25,40.14,1822000,1.0,0.0
2009-07-15,40.19,40.95,40.0,40.88,2469300,1.0,0.0
2009-07-16,40.63,41.18,40.18,41.09,1680500,1.0,0.0
2009-07-17,40.92,41.11,40.43,40.73,1418900,1.0,0.0
2009-07-20,40.85,41.2,40.14,41.07,1450200,1.0,0.0
2009-07-21,41.1,41.41,40.21,41.03,1658100,1.0,0.0
2009-07-22,41.03,41.55,40.86,41.06,1457100,1.0,0.0
2009-07-23,40.68,41.41,40.37,41.1,1948100,1.0,0.0
2009-07-24,40.8,41.15,40.58,41.07,1440800,1.0,0.0
2009-07-27,41.2,41.2,39.59,40.07,2074200,1.0,0.0
2009-07-28,39.7,40.93,39.7,40.85,1476700,1.0,0.0
2009-07-29,40.52,41.43,40.21,40.55,2702700,1.0,0.0
2009-07-30,40.76,42.925,40.6,42.22,5194300,1.0,0.0
2009-07-31,42.15,42.26,40.6575,40.66,3593000,1.0,0.0
2009-08-03,40.24,40.437,39.0,39.65,3295000,1.0,0.0
2009-08-04,39.11,39.71,38.78,39.09,2735600,1.0,0.0
2009-08-05,39.12,39.19,38.02,38.96,2737300,1.0,0.0
2009-08-06,38.63,39.28,38.11,38.21,2367800,1.0,0.0
2009-08-07,38.61,39.36,38.2222,39.26,1505600,1.0,0.0
2009-08-10,39.04,39.13,37.87,38.22,1596500,1.0,0.0
2009-08-11,38.0,38.2,37.35,38.07,2111000,1.0,0.0
2009-08-12,38.0,38.58,37.61,37.73,1953600,1.0,0.0
2009-08-13,37.36,38.05,35.86,37.92,3771300,1.0,0.0
2009-08-14,37.47,37.69,36.72,37.02,1803700,1.0,0.0
2009-08-17,36.7,37.29,36.33,37.1,2203000,1.0,0.0
2009-08-18,37.17,37.93,36.59,37.73,2265300,1.0,0.0
2009-08-19,37.58,38.38,37.06,37.97,1749900,1.0,0.0
2009-08-20,38.18,38.3,37.54,38.19,1269300,1.0,0.0
2009-08-21,38.54,38.85,38.02,38.23,1851500,1.0,0.0
2009-08-24,38.35,38.35,37.27,37.29,1677300,1.0,0.0
2009-08-25,37.67,38.76,37.45,38.63,2826700,1.0,0.0
2009-08-26,38.53,39.05,38.21,38.6,1893900,1.0,0.0
2009-08-27,38.37,38.75,37.78,38.53,1315400,1.0,0.0
2009-08-28,38.72,38.95,38.07,38.71,1468000,1.0,0.0
2009-08-31,38.58,38.63,37.85,38.28,1726800,1.0,0.0
2009-09-01,38.02,38.57,37.18,37.47,2505400,1.0,0.0
2009-09-02,37.06,37.79,37.06,37.58,1398300,1.0,0.0
2009-09-03,37.68,38.0,37.18,37.73,1370500,1.0,0.0
2009-09-04,37.84,38.04,37.34,37.55,1646500,1.0,0.0
2009-09-08,37.6,38.65,37.51,38.61,2087000,1.0,0.0
2009-09-09,38.29,38.4045,37.59,37.89,1953100,1.0,0.0
2009-09-10,38.11,38.155,37.18,37.35,1694300,1.0,0.0
2009-09-11,37.32,37.38,36.48,36.61,3003300,1.0,0.0
2009-09-14,36.45,36.75,36.0,36.68,1766600,1.0,0.0
2009-09-15,36.08,36.93,36.07,36.91,1991600,1.0,0.0
2009-09-16,37.11,37.68,36.81,37.52,2157200,1.0,0.0
2009-09-17,37.51,37.6299,36.9,37.09,1346600,1.0,0.0
2009-09-18,37.25,37.58,36.7,37.42,1922100,1.0,0.0
2009-09-21,37.22,37.89,37.03,37.49,1627600,1.0,0.0
2009-09-22,37.6,37.66,36.98,37.51,1539500,1.0,0.0
2009-09-23,36.87,37.01,36.18,36.31,2532700,1.0,0.0
2009-09-24,36.38,37.08,35.91,36.76,3497200,1.0,0.0
2009-09-25,36.82,36.82,36.15,36.23,2610700,1.0,0.0
2009-09-28,36.35,37.0,36.09,36.64,1307900,1.0,0.0
2009-09-29,36.79,36.96,36.05,36.17,2527000,1.0,0.0
2009-09-30,36.41,36.51,35.7,36.14,3008800,1.0,0.0
2009-10-01,36.66,36.676,35.72,35.81,2473700,1.0,0.0
2009-10-02,35.7,35.92,35.26,35.43,1783700,1.0,0.0
2009-10-05,35.55,35.98,35.42,35.83,1944800,1.0,0.0
2009-10-06,35.93,36.4,35.77,36.08,2071600,1.0,0.0
2009-10-07,35.98,36.0,34.45,34.81,7192600,1.0,0.0
2009-10-08,35.07,35.09,34.3,34.41,5101600,1.0,0.0
2009-10-09,34.47,34.62,34.06,34.18,4044600,1.0,0.0
2009-10-12,35.15,35.59,34.54,34.92,4779500,1.0,0.0
2009-10-13,34.65,34.73,34.32,34.58,3887800,1.0,0.0
2009-10-14,34.66,36.43,34.65,36.39,4601000,1.0,0.0
2009-10-15,36.17,37.47,36.0,37.45,4643300,1.0,0.0
2009-10-16,37.45,37.45,36.57,37.24,2994000,1.0,0.0
2009-10-19,37.31,37.64,36.68,37.1,3355500,1.0,0.0
2009-10-20,36.8,37.1,36.05,36.08,3570400,1.0,0.0
2009-10-21,36.2,36.5,35.38,35.43,2819000,1.0,0.0
2009-10-22,35.71,36.04,35.13,35.81,2688700,1.0,0.0
2009-10-23,35.63,35.99,34.92,35.02,2426600,1.0,0.0
2009-10-26,35.1,35.78,34.77,34.92,3101500,1.0,0.0
2009-10-27,35.08,35.38,34.36,34.69,2670800,1.0,0.0
2009-10-28,34.74,35.1,33.61,33.68,3926200,1.0,0.0
2009-10-29,37.17,38.5,35.94,37.69,8780700,1.0,0.0
2009-10-30,37.56,37.88,37.05,37.28,3813300,1.0,0.0
2009-11-02,37.39,38.0,37.03,37.43,2916800,1.0,0.0
2009-11-03,37.12,37.67,36.83,37.45,1907400,1.0,0.0
2009-11-04,37.44,38.0,37.13,37.25,3182900,1.0,0.0
2009-11-05,37.31,37.97,37.14,37.78,2376100,1.0,0.0
2009-11-06,37.74,38.76,37.61,38.44,3285100,1.0,0.0
2009-11-09,38.77,39.56,38.6,39.56,2573100,1.0,0.0
2009-11-10,39.26,39.71,39.15,39.37,1774700,1.0,0.0
2009-11-11,39.52,40.4,39.4,40.26,3362900,1.0,0.0
2009-11-12,39.92,39.99,39.15,39.31,1928000,1.0,0.0
2009-11-13,39.3,39.89,39.15,39.74,1555500,1.0,0.0
2009-11-16,39.76,40.19,39.76,39.94,1286000,1.0,0.0
2009-11-17,39.81,39.99,39.18,39.55,1175400,1.0,0.0
2009-11-18,39.3,39.64,39.0,39.45,1265800,1.0,0.0
2009-11-19,39.2,39.43,38.69,38.97,1348200,1.0,0.0
2009-11-20,38.65,39.15,38.51,38.9,1354800,1.0,0.0
2009-11-23,39.16,39.72,39.07,39.24,1254300,1.0,0.0
2009-11-24,39.18,39.38,38.74,38.96,1163800,1.0,0.0
2009-11-25,39.03,39.65,39.0,39.58,1090100,1.0,0.0
2009-11-27,38.65,39.66,38.52,38.99,564100,1.0,0.0
2009-11-30,38.81,39.0,38.23,38.78,1183600,1.0,0.0
2009-12-01,39.0,39.5,38.79,39.18,1084800,1.0,0.0
2009-12-02,39.72,39.72,38.8,39.11,1334400,1.0,0.0
2009-12-03,39.26,39.26,38.42,38.43,1479100,1.0,0.0
2009-12-04,38.53,38.93,38.1,38.49,2191500,1.0,0.0
2009-12-07,38.31,38.62,38.045,38.34,1315100,1.0,0.0
2009-12-08,38.0,38.33,37.57,38.07,1207300,1.0,0.0
2009-12-09,37.95,38.02,37.44,37.74,923700,1.0,0.0
2009-12-10,37.75,38.08,37.5,37.61,1108800,1.0,0.0
2009-12-11,37.95,38.0,37.47,37.57,1142800,1.0,0.0
2009-12-14,37.77,38.04,37.65,37.92,1383600,1.0,0.0
2009-12-15,37.71,37.95,37.46,37.52,973800,1.0,0.0
2009-12-16,37.65,37.97,37.59,37.63,1330400,1.0,0.0
2009-12-17,37.54,37.62,37.24,37.35,829000,1.0,0.0
2009-12-18,37.51,37.61,36.91,37.55,1752500,1.0,0.0
2009-12-21,37.63,38.46,37.43,38.17,1155300,1.0,0.0
2009-12-22,38.32,38.63,38.17,38.33,1008700,1.0,0.0
2009-12-23,38.39,38.61,38.03,38.39,717600,1.0,0.0
2009-12-24,38.46,38.6799,38.2,38.54,323600,1.0,0.0
2009-12-28,38.62,38.67,38.23,38.33,611000,1.0,0.0
2009-12-29,38.38,38.42,38.11,38.3,399600,1.0,0.0
2009-12-30,38.3,38.71,38.3,38.48,641600,1.0,0.0
2009-12-31,38.65,38.7,38.12,38.12,694300,1.0,0.0
2010-01-04,39.245,39.245,38.1,38.5,1278200,1.0,0.0
2010-01-05,38.35,38.57,38.07,38.56,1134100,1.0,0.0
2010-01-06,38.44,38.75,38.18,38.39,1105000,1.0,0.0
2010-01-07,38.22,38.58,38.15,38.27,695300,1.0,0.0
2010-01-08,38.11,38.31,37.89,37.93,875000,1.0,0.0
2010-01-11,37.93,38.17,37.55,38.13,778200,1.0,0.0
2010-01-12,38.9,39.46,38.67,38.85,1660700,1.0,0.0
2010-01-13,38.95,39.21,38.75,38.98,1386200,1.0,0.0
2010-01-14,38.77,38.98,38.46,38.79,684800,1.0,0.0
2010-01-15,38.45,39.15,38.02,38.21,1359300,1.0,0.0
2010-01-19,38.21,38.71,38.0,38.61,924200,1.0,0.0
2010-01-20,38.25,38.36,37.7,37.945,989700,1.0,0.0
2010-01-21,37.85,38.43,37.57,37.84,1404700,1.0,0.0
2010-01-22,37.81,38.77,37.66,37.86,1383500,1.0,0.0
2010-01-25,38.72,38.87,38.35,38.58,1751400,1.0,0.0
2010-01-26,38.4,38.69,37.92,38.46,1388500,1.0,0.0
2010-01-27,38.17,38.42,37.69,38.27,1523600,1.0,0.0
2010-01-28,38.48,38.48,37.47,37.73,1701000,1.0,0.0
2010-01-29,38.39,38.49,37.775,37.8,1804600,1.0,0.0
2010-02-01,38.05,38.31,37.76,38.24,1291200,1.0,0.0
2010-02-02,38.15,38.95,38.1,38.85,1478100,1.0,0.0
2010-02-03,38.65,39.02,38.49,38.93,1264200,1.0,0.0
2010-02-04,38.61,38.82,38.14,38.28,1850100,1.0,0.0
2010-02-05,38.22,38.68,37.92,38.47,1969900,1.0,0.0
2010-02-08,38.43,38.83,38.18,38.19,988400,1.0,0.0
2010-02-09,38.57,39.06,38.28,38.88,1105800,1.0,0.0
2010-02-10,38.9,39.17,38.58,39.02,1568600,1.0,0.0
2010-02-11,39.35,39.62,38.65,39.52,1713000,1.0,0.0
2010-02-12,39.24,39.87,39.13,39.8,1368600,1.0,0.0
2010-02-16,39.9,40.16,39.61,39.85,1921400,1.0,0.0
2010-02-17,39.84,40.98,39.75,40.79,2016600,1.0,0.0
2010-02-18,38.45,38.72,37.58,38.36,9171000,1.0,0.0
2010-02-19,38.52,39.18,38.4,38.91,4191000,1.0,0.0
2010-02-22,39.0,39.15,38.52,38.72,1510700,1.0,0.0
2010-02-23,38.75,38.95,38.42,38.6,1758100,1.0,0.0
2010-02-24,38.8,39.37,38.72,39.29,1570600,1.0,0.0
2010-02-25,38.83,39.5,38.51,39.5,1560100,1.0,0.0
2010-02-26,39.63,39.68,39.14,39.3,1602300,1.0,0.0
2010-03-01,39.29,39.58,38.91,39.57,1459800,1.0,0.0
2010-03-02,39.52,39.69,39.25,39.53,1408600,1.0,0.0
2010-03-03,39.51,39.65,39.14,39.26,1564300,1.0,0.0
2010-03-04,38.89,39.59,38.885,39.52,1525100,1.0,0.0
2010-03-05,39.55,39.8,39.39,39.72,1495100,1.0,0.0
2010-03-08,39.65,40.09,39.55,39.77,1073400,1.0,0.0
2010-03-09,39.58,40.02,39.57,39.74,1192500,1.0,0.0
2010-03-10,40.11,40.405,39.62,40.26,1354100,1.0,0.0
2010-03-11,40.06,40.4,39.91,40.33,966700,1.0,0.0
2010-03-12,40.35,40.43,40.13,40.43,697500,1.0,0.0
2010-03-15,40.44,40.56,40.2,40.46,929900,1.0,0.0
2010-03-16,40.5,41.12,40.35,41.11,1283200,1.0,0.0
2010-03-17,40.97,41.9,40.94,41.8925,2061900,1.0,0.0
2010-03-18,41.97,42.21,41.65,41.91,1707800,1.0,0.0
2010-03-19,42.11,42.18,41.72,42.0,2248100,1.0,0.0
2010-03-22,41.99,42.92,41.93,42.76,1512600,1.0,0.0
2010-03-23,42.78,43.0,42.4535,43.0,909700,1.0,0.0
2010-03-24,42.71,42.75,41.88,42.04,1488100,1.0,0.0
2010-03-25,42.18,42.35,41.93,41.96,1167400,1.0,0.0
2010-03-26,41.91,42.22,41.75,42.03,1055200,1.0,0.0
2010-03-29,41.02,42.05,40.77,41.76,1835700,1.0,0.0
2010-03-30,41.88,42.08,41.42,41.83,969200,1.0,0.0
2010-03-31,41.65,41.94,41.45,41.71,1617400,1.0,0.0
2010-04-01,41.81,42.03,41.56,41.93,1188200,1.0,0.0
2010-04-05,41.98,42.12,41.67,42.07,1091200,1.0,0.0
2010-04-06,41.84,42.16,41.79,41.91,1274100,1.0,0.0
2010-04-07,41.4,41.95,41.4,41.73,1408200,1.0,0.0
2010-04-08,41.58,41.67,41.3,41.61,2617500,1.0,0.0
2010-04-09,41.7,41.88,41.31,41.83,859900,1.0,0.0
2010-04-12,41.81,42.0,41.46,41.88,1115100,1.0,0.0
2010-04-13,41.96,42.21,41.73,42.15,668300,1.0,0.0
2010-04-14,42.39,43.57,42.33,43.53,1477600,1.0,0.0
2010-04-15,43.41,44.0,43.41,43.82,1333700,1.0,0.0
2010-04-16,43.73,43.99,43.38,43.58,1839700,1.0,0.0
2010-04-19,43.64,43.94,43.23,43.84,1129500,1.0,0.0
2010-04-20,43.96,44.44,43.82,44.35,1072600,1.0,0.0
2010-04-21,44.35,44.77,43.98,44.67,1128900,1.0,0.0
2010-04-22,44.51,46.15,44.5,46.03,2210900,1.0,0.0
2010-04-23,46.19,46.31,45.62,46.27,2052100,1.0,0.0
2010-04-26,46.38,46.83,46.32,46.56,1831400,1.0,0.0
2010-04-27,46.56,46.79,45.8,45.88,2158700,1.0,0.0
2010-04-28,45.94,46.75,45.67,46.34,2068700,1.0,0.0
2010-04-29,49.5,50.09,48.63,49.6,3769800,1.0,0.0
2010-04-30,49.0,49.69,48.85,48.87,2865700,1.0,0.0
2010-05-03,48.78,49.72,48.6,49.72,1505100,1.0,0.0
2010-05-04,48.2,48.76,47.53,48.45,2187300,1.0,0.0
2010-05-05,48.3,49.34,48.17,48.31,1720500,1.0,0.0
2010-05-06,47.47,48.18,45.22,46.92,2050200,1.0,0.0
2010-05-07,47.07,47.72,45.85,46.35,1869600,1.0,0.0
2010-05-10,48.16,48.6,47.68,48.37,1733900,1.0,0.0
2010-05-11,48.03,48.85,47.76,48.23,1323200,1.0,0.0
2010-05-12,48.3,48.98,48.06,48.94,1009900,1.0,0.0
2010-05-13,48.59,48.84,48.045,48.07,1364700,1.0,0.0
2010-05-14,47.96,48.38,47.52,47.92,1638300,1.0,0.0
2010-05-17,48.16,48.58,47.4,48.4,2132800,1.0,0.0
2010-05-18,48.73,49.2,47.93,48.09,1473200,1.0,0.0
2010-05-19,47.99,49.18,47.59,48.78,1712800,1.0,0.0
2010-05-20,48.17,49.62,47.77,47.77,2674900,1.0,0.0
2010-05-21,47.07,48.62,47.0,47.89,2352200,1.0,0.0
2010-05-24,47.18,48.33,47.18,47.6,1306500,1.0,0.0
2010-05-25,46.85,49.72,46.7,49.49,3188800,1.0,0.0
2010-05-26,49.75,50.27,49.04,49.16,3613300,1.0,0.0
2010-05-27,49.95,50.73,49.73,50.67,2002800,1.0,0.0
2010-05-28,50.42,51.7,50.21,51.02,2701700,1.0,0.0
2010-06-01,50.93,51.28,50.34,50.62,2386500,1.0,0.0
2010-06-02,50.97,51.43,50.3,51.39,1512200,1.0,0.0
2010-06-03,51.26,51.6,50.81,51.4,1408800,1.0,0.0
2010-06-04,50.74,50.74,49.33,49.635,1754800,1.0,0.0
2010-06-07,49.77,49.94,48.41,48.49,1074600,1.0,0.0
2010-06-08,48.4,49.5,48.05,49.4,1595200,1.0,0.0
2010-06-09,49.58,50.2,48.73,48.95,1281800,1.0,0.0
2010-06-10,49.38,49.71,48.51,49.48,1553700,1.0,0.0
2010-06-11,48.82,50.07,48.81,49.81,1067400,1.0,0.0
2010-06-14,50.51,50.97,50.27,50.32,1137100,1.0,0.0
2010-06-15,50.67,51.16,50.21,51.13,1077200,1.0,0.0
2010-06-16,51.07,51.12,50.53,50.62,1096400,1.0,0.0
2010-06-17,50.87,50.93,50.15,50.38,1320400,1.0,0.0
2010-06-18,50.34,50.8,49.7,49.93,2370400,1.0,0.0
2010-06-21,50.055,50.44,49.39,49.66,839300,1.0,0.0
2010-06-22,49.66,50.43,48.94,49.07,1066500,1.0,0.0
2010-06-23,49.25,50.18,49.25,49.9,1115500,1.0,0.0
2010-06-24,49.68,49.89,48.53,48.87,1022100,1.0,0.0
2010-06-25,48.84,49.46,48.51,49.1475,1000800,1.0,0.0
2010-06-28,49.12,49.15,48.41,48.61,740900,1.0,0.0
2010-06-29,48.33,48.42,47.23,47.83,1340500,1.0,0.0
2010-06-30,47.64,48.47,47.3,47.56,1068300,1.0,0.0
2010-07-01,47.45,48.15,46.86,48.0,1508600,1.0,0.0
2010-07-02,48.02,48.12,47.62,47.68,893300,1.0,0.0
2010-07-06,48.1,48.425,46.315,46.75,1927000,1.0,0.0
2010-07-07,46.7,47.15,46.06,46.8,2231600,1.0,0.0
2010-07-08,46.87,47.0,45.66,46.35,2451700,1.0,0.0
2010-07-09,46.42,46.53,45.79,46.07,1418100,1.0,0.0
2010-07-12,46.09,46.32,45.65,46.19,900600,1.0,0.0
2010-07-13,46.49,47.81,46.37,47.6,1623600,1.0,0.0
2010-07-14,47.52,47.83,47.145,47.52,1411900,1.0,0.0
2010-07-15,47.4,48.42,47.35,48.32,1173500,1.0,0.0
2010-07-16,48.39,48.39,47.03,47.09,1151700,1.0,0.0
2010-07-19,47.09,48.4,47.01,47.91,958200,1.0,0.0
2010-07-20,47.35,48.79,47.135,48.74,897400,1.0,0.0
2010-07-21,48.78,48.91,46.8,47.03,1628200,1.0,0.0
2010-07-22,47.54,48.34,47.54,48.0,907100,1.0,0.0
2010-07-23,47.76,49.12,47.76,49.04,846500,1.0,0.0
2010-07-26,49.28,49.96,48.7,49.94,1623500,1.0,0.0
2010-07-27,50.0,50.17,48.88,48.98,1162300,1.0,0.0
2010-07-28,49.03,49.79,48.85,49.39,1443500,1.0,0.0
2010-07-29,49.39,49.65,48.23,48.99,2289600,1.0,0.0
2010-07-30,48.86,49.37,48.62,49.28,1909900,1.0,0.0
2010-08-02,49.88,49.9,49.015,49.08,1698500,1.0,0.0
2010-08-03,48.28,48.91,48.0,48.16,1408200,1.0,0.0
2010-08-04,48.1,48.25,47.3,47.75,1637300,1.0,0.0
2010-08-05,47.45,48.0,47.09,47.85,1165400,1.0,0.0
2010-08-06,48.01,48.01,46.78,47.14,2088500,1.0,0.0
2010-08-09,47.91,47.91,46.91,47.27,2187000,1.0,0.0
2010-08-10,46.88,47.14,46.57,46.83,1127400,1.0,0.0
2010-08-11,46.42,46.55,45.75,46.27,1313900,1.0,0.0
2010-08-12,45.75,47.22,45.74,46.97,2169200,1.0,0.0
2010-08-13,46.64,47.0,46.25,46.84,1113100,1.0,0.0
2010-08-16,46.59,47.18,46.52,47.13,1413500,1.0,0.0
2010-08-17,47.41,48.01,47.2,47.8,2414500,1.0,0.0
2010-08-18,47.85,48.45,47.51,48.08,1629400,1.0,0.0
2010-08-19,47.75,48.04,47.15,47.47,1117800,1.0,0.0
2010-08-20,47.46,47.84,46.95,47.82,1165000,1.0,0.0
2010-08-23,47.81,48.02,47.06,47.1,1085800,1.0,0.0
2010-08-24,46.77,47.48,46.09,47.17,1138300,1.0,0.0
2010-08-25,47.0,47.5,46.84,47.33,984600,1.0,0.0
2010-08-26,47.45,47.6,47.18,47.21,697400,1.0,0.0
2010-08-27,47.43,47.775,46.89,47.61,614300,1.0,0.0
2010-08-30,47.45,47.57,46.93,46.93,573700,1.0,0.0
2010-08-31,46.82,47.37,46.56,47.27,1538200,1.0,0.0
2010-09-01,47.5,49.0,47.5,48.87,1594500,1.0,0.0
2010-09-02,48.57,49.65,48.57,49.65,1362000,1.0,0.0
2010-09-03,49.83,50.44,49.53,50.13,1028500,1.0,0.0
2010-09-07,50.29,50.31,49.48,49.58,1053500,1.0,0.0
2010-09-08,49.67,50.295,49.55,50.26,954600,1.0,0.0
2010-09-09,50.6,50.9399,49.8,50.16,1092100,1.0,0.0
2010-09-10,50.08,50.54,49.98,50.12,699500,1.0,0.0
2010-09-13,50.27,51.24,50.17,51.18,865500,1.0,0.0
2010-09-14,51.04,51.6,51.04,51.08,940700,1.0,0.0
2010-09-15,50.87,51.52,50.8,51.52,567900,1.0,0.0
2010-09-16,51.32,51.76,51.09,51.66,669600,1.0,0.0
2010-09-17,51.84,52.0,51.37,51.95,1309300,1.0,0.0
2010-09-20,51.97,52.74,51.87,52.66,825100,1.0,0.0
2010-09-21,52.57,52.66,51.71,52.39,892200,1.0,0.0
2010-09-22,52.35,53.37,52.31,53.34,1499600,1.0,0.0
2010-09-23,52.89,53.5,52.59,52.73,915800,1.0,0.0
2010-09-24,53.3,53.54,52.8998,53.47,1032800,1.0,0.0
2010-09-27,53.31,53.33,52.71,52.99,862700,1.0,0.0
2010-09-28,53.38,54.0,52.74,53.9,1365600,1.0,0.0
2010-09-29,53.64,54.19,53.63,54.07,690100,1.0,0.0
2010-09-30,53.88,53.89,52.62,53.2,1539700,1.0,0.0
2010-10-01,53.2,54.35,53.14,53.36,1450600,1.0,0.0
2010-10-04,53.27,53.77,52.88,53.39,1055300,1.0,0.0
2010-10-05,53.78,54.42,53.57,54.06,950000,1.0,0.0
2010-10-06,53.83,54.18,53.52,53.65,1104900,1.0,0.0
2010-10-07,53.92,54.0,53.3401,53.8,712900,1.0,0.0
2010-10-08,53.77,54.05,53.2,53.49,908900,1.0,0.0
2010-10-11,53.37,53.45,52.71,52.85,1157000,1.0,0.0
2010-10-12,52.73,53.45,52.4,53.36,723100,1.0,0.0
2010-10-13,53.44,53.53,52.75,52.84,1061000,1.0,0.0
2010-10-14,52.79,53.42,52.46,53.255,1488500,1.0,0.0
2010-10-15,53.59,53.79,53.02,53.69,1331800,1.0,0.0
2010-10-18,53.53,53.71,52.99,53.12,715600,1.0,0.0
2010-10-19,52.8,53.33,52.61,53.01,1210900,1.0,0.0
2010-10-20,53.17,53.9853,52.97,53.73,900200,1.0,0.0
2010-10-21,53.49,53.96,53.04,53.64,917600,1.0,0.0
2010-10-22,53.63,54.06,53.31,54.0225,826700,1.0,0.0
2010-10-25,54.25,54.84,54.21,54.6,1097400,1.0,0.0
2010-10-26,54.43,54.82,53.93,54.35,1029600,1.0,0.0
2010-10-27,53.91,54.43,53.42,54.4,1026700,1.0,0.0
2010-10-28,55.0,57.59,54.79,57.12,2617500,1.0,0.0
2010-10-29,57.1,58.6,56.87,58.5,1769200,1.0,0.0
2010-11-01,58.65,58.82,57.37,57.65,1567700,1.0,0.0
2010-11-02,57.63,57.86,57.04,57.17,1505300,1.0,0.0
2010-11-03,57.12,57.75,56.93,57.51,1234000,1.0,0.0
2010-11-04,58.09,58.42,57.54,58.2,1222500,1.0,0.0
2010-11-05,58.21,58.79,58.13,58.43,676400,1.0,0.0
2010-11-08,58.33,59.035,58.21,58.71,531300,1.0,0.0
2010-11-09,58.88,58.92,57.87,58.29,580700,1.0,0.0
2010-11-10,58.38,59.15,58.1,59.15,739800,1.0,0.0
2010-11-11,59.0,60.82,58.64,60.36,2043700,1.0,0.0
2010-11-12,59.88,60.25,59.01,59.63,1102300,1.0,0.0
2010-11-15,59.92,59.98,59.18,59.32,783700,1.0,0.0
2010-11-16,58.86,59.68,58.37,58.38,1090100,1.0,0.0
2010-11-17,58.35,58.98,58.07,58.82,1199500,1.0,0.0
2010-11-18,59.27,60.0,59.0,59.44,1056700,1.0,0.0
2010-11-19,59.47,59.63,59.09,59.5,681300,1.0,0.0
2010-11-22,59.9999,60.822,59.5,60.24,1194500,1.0,0.0
2010-11-23,59.93,59.95,59.26,59.87,834000,1.0,0.0
2010-11-24,60.27,61.0,60.08,60.71,1058600,1.0,0.0
2010-11-26,60.39,60.91,60.3,60.67,294400,1.0,0.0
2010-11-29,60.27,60.49,59.26,59.92,970900,1.0,0.0
2010-11-30,59.51,60.34,59.01,60.18,1467100,1.0,0.0
2010-12-01,60.74,61.32,60.52,60.71,919100,1.0,0.0
2010-12-02,60.77,61.75,60.63,61.75,1167000,1.0,0.0
2010-12-03,61.54,61.86,61.24,61.61,1023900,1.0,0.0
2010-12-06,61.63,61.82,61.11,61.19,710900,1.0,0.0
2010-12-07,61.96,62.4,60.22,60.54,1771400,1.0,0.0
2010-12-08,60.68,61.18,60.68,61.13,1121700,1.0,0.0
2010-12-09,61.4,61.54,60.525,61.54,1271400,1.0,0.0
2010-12-10,61.65,61.8,61.18,61.45,689400,1.0,0.0
2010-12-13,61.86,62.04,61.11,61.27,936900,1.0,0.0
2010-12-14,61.56,62.03,61.2,61.81,1135000,1.0,0.0
2010-12-15,61.83,62.24,61.51,62.01,950200,1.0,0.0
2010-12-16,61.98,63.05,61.86,63.04,1633700,1.0,0.0
2010-12-17,62.97,63.03,62.3,62.77,3166000,1.0,0.0
2010-12-20,62.98,63.0399,62.25,62.54,955300,1.0,0.0
2010-12-21,62.82,62.98,61.81,61.93,729400,1.0,0.0
2010-12-22,61.89,62.1,61.12,61.21,789400,1.0,0.0
2010-12-23,61.07,61.15,60.06,60.24,1390800,1.0,0.0
2010-12-27,60.15,60.96,59.21,60.54,839700,1.0,0.0
2010-12-28,60.47,60.85,60.3,60.64,503300,1.0,0.0
2010-12-29,60.88,61.12,60.5,60.64,615500,1.0,0.0
2010-12-30,60.7,61.06,60.5,60.95,360700,1.0,0.0
2010-12-31,60.96,61.06,60.28,60.42,422000,1.0,0.0
2011-01-03,60.99,61.7,60.43,60.69,945100,1.0,0.0
2011-01-04,60.51,60.615,57.9,58.11,1658000,1.0,0.0
2011-01-05,58.04,58.59,57.39,58.27,1349100,1.0,0.0
2011-01-06,58.18,58.18,56.35,56.44,1342200,1.0,0.0
2011-01-07,56.64,56.71,56.02,56.43,1445400,1.0,0.0
2011-01-10,56.3,56.93,56.2,56.755,1455000,1.0,0.0
2011-01-11,56.83,57.49,56.23,56.25,1128000,1.0,0.0
2011-01-12,56.82,57.49,56.41,57.16,1041900,1.0,0.0
2011-01-13,57.15,57.15,56.62,56.71,760400,1.0,0.0
2011-01-14,56.67,57.31,56.45,57.31,852300,1.0,0.0
2011-01-18,57.45,57.92,56.68,56.91,836400,1.0,0.0
2011-01-19,56.65,57.61,56.47,57.4,1504500,1.0,0.0
2011-01-20,57.36,58.6,57.36,57.88,1198200,1.0,0.0
2011-01-21,58.03,58.05,57.02,57.5,1009200,1.0,0.0
2011-01-24,57.33,57.4936,56.51,57.25,908500,1.0,0.0
2011-01-25,57.0,57.03,55.85,56.29,1073900,1.0,0.0
2011-01-26,56.3,57.03,55.6,56.99,1081500,1.0,0.0
2011-01-27,57.18,57.82,56.88,57.73,1212700,1.0,0.0
2011-01-28,57.64,57.77,56.44,56.51,1092500,1.0,0.0
2011-01-31,56.55,57.44,56.29,56.83,835400,1.0,0.0
2011-02-01,57.31,57.46,56.85,56.92,875600,1.0,0.0
2011-02-02,56.71,57.155,55.52,55.65,989800,1.0,0.0
2011-02-03,55.62,56.63,55.5,56.5,828700,1.0,0.0
2011-02-04,56.4,57.65,56.27,57.58,1051700,1.0,0.0
2011-02-07,57.58,57.98,57.51,57.74,773700,1.0,0.0
2011-02-08,57.67,58.23,57.52,58.21,790600,1.0,0.0
2011-02-09,58.09,58.51,57.8,58.31,819200,1.0,0.0
2011-02-10,58.0,58.0,56.52,57.39,1381500,1.0,0.0
2011-02-11,57.36,57.78,56.69,57.63,1061500,1.0,0.0
2011-02-14,57.31,57.63,56.64,57.33,974700,1.0,0.0
2011-02-15,57.25,57.7,56.9,57.7,956300,1.0,0.0
2011-02-16,59.09,59.35,57.96,58.28,1371100,1.0,0.0
2011-02-17,56.87,57.0,55.14,55.25,4410900,1.0,0.0
2011-02-18,54.94,55.92,54.72,55.25,1927900,1.0,0.0
2011-02-22,53.8701,55.58,53.44,55.02,1980200,1.0,0.0
2011-02-23,54.89,55.23,54.04,54.42,1916000,1.0,0.0
2011-02-24,54.42,54.94,53.33,54.58,2543300,1.0,0.0
2011-02-25,54.64,55.43,54.6,55.34,1453600,1.0,0.0
2011-02-28,55.68,56.8,55.18,55.58,1439000,1.0,0.0
2011-03-01,55.62,55.96,54.85,55.15,1294200,1.0,0.0
2011-03-02,55.04,56.08,55.04,55.91,1007000,1.0,0.0
2011-03-03,56.15,56.79,55.74,56.55,838300,1.0,0.0
2011-03-04,56.34,56.67,55.8653,56.38,704500,1.0,0.0
2011-03-07,56.66,56.83,55.38,55.38,1409900,1.0,0.0
2011-03-08,55.46,56.28,55.11,56.0,801500,1.0,0.0
2011-03-09,55.83,56.26,55.57,55.96,633700,1.0,0.0
2011-03-10,55.48,55.95,55.27,55.73,987300,1.0,0.0
2011-03-11,55.44,56.15,54.78,56.02,847500,1.0,0.0
2011-03-14,55.54,55.77,54.81,55.57,878400,1.0,0.0
2011-03-15,54.64,55.945,54.5,55.33,1062200,1.0,0.0
2011-03-16,54.97,55.575,54.56,55.07,1168800,1.0,0.0
2011-03-17,55.69,56.02,55.0,55.46,847200,1.0,0.0
2011-03-18,56.15,56.16,55.05,55.47,1754700,1.0,0.0
2011-03-21,56.13,57.29,56.03,56.45,981000,1.0,0.0
2011-03-22,56.32,56.58,56.04,56.51,847900,1.0,0.0
2011-03-23,56.37,57.318,55.8,57.13,562400,1.0,0.0
2011-03-24,57.41,58.28,57.19,57.89,682700,1.0,0.0
2011-03-25,57.99,58.5,57.79,58.12,642500,1.0,0.0
2011-03-28,58.34,58.55,56.71,56.72,799300,1.0,0.0
2011-03-29,56.78,57.01,56.51,56.83,830100,1.0,0.0
2011-03-30,57.32,57.89,56.96,57.85,585400,1.0,0.0
2011-03-31,57.8,57.98,56.82,57.46,1088200,1.0,0.0
2011-04-01,57.6,58.31,57.6,57.88,662700,1.0,0.0
2011-04-04,57.75,57.84,56.12,57.67,1451300,1.0,0.0
2011-04-05,57.52,59.09,57.52,58.23,1399700,1.0,0.0
2011-04-06,58.57,58.63,57.44,57.49,982100,1.0,0.0
2011-04-07,57.43,58.04,56.9327,57.2,917300,1.0,0.0
2011-04-08,57.33,57.4,56.26,56.5,770200,1.0,0.0
2011-04-11,56.5,56.68,55.64,56.31,1159200,1.0,0.0
2011-04-12,56.1,56.59,55.99,56.05,848800,1.0,0.0
2011-04-13,55.15,55.6,54.98,55.38,1435700,1.0,0.0
2011-04-14,55.08,55.96,55.08,55.84,943000,1.0,0.0
2011-04-15,55.61,56.554,55.61,56.34,1077700,1.0,0.0
2011-04-18,55.7,56.87,55.47,56.78,974800,1.0,0.0
2011-04-19,56.72,56.95,56.22,56.64,578300,1.0,0.0
2011-04-20,57.29,58.1,57.24,58.09,891300,1.0,0.0
2011-04-21,58.09,58.24,57.55,58.03,565500,1.0,0.0
2011-04-25,58.1,58.2,57.55,58.07,529000,1.0,0.0
2011-04-26,59.21,59.21,57.77,57.97,1100000,1.0,0.0
2011-04-27,58.02,58.69,57.98,58.45,1203600,1.0,0.0
2011-04-28,58.89,58.98,57.27,58.55,1900000,1.0,0.0
2011-04-29,58.56,59.5,58.39,59.06,2111900,1.0,0.0
2011-05-02,59.27,59.89,59.22,59.55,1344400,1.0,0.0
2011-05-03,59.29,60.0,59.29,59.67,1300000,1.0,0.0
2011-05-04,59.6,60.26,59.36,59.65,1092900,1.0,0.0
2011-05-05,59.55,60.32,59.0,59.87,1300000,1.0,0.0
2011-05-06,60.32,60.6,59.7,59.7,795500,1.0,0.0
2011-05-09,59.67,59.97,59.3,59.66,585100,1.0,0.0
2011-05-10,59.75,60.3,59.71,60.26,793300,1.0,0.0
2011-05-11,60.06,60.86,59.96,60.77,1200000,1.0,0.0
2011-05-12,59.56,61.24,59.56,61.17,711000,1.0,0.0
2011-05-13,61.25,61.29,60.53,60.9,711100,1.0,0.0
2011-05-16,61.13,61.13,59.96,60.26,901000,1.0,0.0
2011-05-17,60.17,60.28,59.41,59.51,1221500,1.0,0.0
2011-05-18,59.37,60.22,59.2,60.19,1006400,1.0,0.0
2011-05-19,59.38,59.39,57.92,58.59,2633200,1.0,0.0
2011-05-20,58.42,58.42,57.62,57.89,2299900,1.0,0.0
2011-05-23,57.36,59.46,57.1144,59.02,2200000,1.0,0.0
2011-05-24,59.38,59.9,59.05,59.17,1640000,1.0,0.0
2011-05-25,58.98,59.71,58.73,59.5,909100,1.0,0.0
2011-05-26,59.29,59.86,59.11,59.69,855800,1.0,0.0
2011-05-27,59.57,59.9,59.53,59.69,620500,1.0,0.0
2011-05-31,59.93,60.11,59.61,60.11,1634200,1.0,0.0
2011-06-01,59.9,60.34,59.43,59.5,1206100,1.0,0.0
2011-06-02,59.31,59.65,59.03,59.58,1199600,1.0,0.0
2011-06-03,59.01,59.37,58.79,58.99,1157700,1.0,0.0
2011-06-06,59.01,59.18,58.58,58.92,1443300,1.0,0.0
2011-06-07,59.0,59.76,58.9,59.49,1824200,1.0,0.0
2011-06-08,59.4,59.4,58.82,58.96,1512600,1.0,0.0
2011-06-09,58.96,59.9,58.71,59.8,974200,1.0,0.0
2011-06-10,59.75,59.75,59.22,59.27,1038900,1.0,0.0
2011-06-13,59.2,59.89,59.16,59.5,1017000,1.0,0.0
2011-06-14,59.74,60.5,59.48,60.08,1265200,1.0,0.0
2011-06-15,59.62,60.15,59.51,59.97,824000,1.0,0.0
2011-06-16,60.25,61.29,59.92,61.17,1350200,1.0,0.0
2011-06-17,61.9,62.45,61.54,62.02,2101000,1.0,0.0
2011-06-20,61.94,63.03,61.88,63.0,1085500,1.0,0.0
2011-06-21,63.16,63.75,62.55,63.75,1335500,1.0,0.0
2011-06-22,63.62,64.61,63.54,63.56,928400,1.0,0.0
2011-06-23,63.09,64.65,62.95,64.6,1574600,1.0,0.0
2011-06-24,64.4,64.58,63.58,64.0,767600,1.0,0.0
2011-06-27,63.99,64.7,63.49,64.4,1073300,1.0,0.0
2011-06-28,64.52,65.11,64.26,64.99,621700,1.0,0.0
2011-06-29,65.14,65.37,64.26,64.6,764000,1.0,0.0
2011-06-30,64.84,65.63,64.5,65.51,1188700,1.0,0.0
2011-07-01,65.61,66.52,65.55,66.21,1663100,1.0,0.0
2011-07-05,66.22,66.35,65.65,66.04,1160900,1.0,0.0
2011-07-06,65.92,66.46,65.62,65.7,1187100,1.0,0.0
2011-07-07,66.16,66.39,65.61,65.77,1470000,1.0,0.0
2011-07-08,65.22,65.99,65.14,65.42,999000,1.0,0.0
2011-07-11,64.91,65.47,64.11,64.42,1248800,1.0,0.0
2011-07-12,64.55,65.18,64.39,64.635,1139500,1.0,0.0
2011-07-13,65.0,65.34,64.12,64.34,1072000,1.0,0.0
2011-07-14,64.43,64.6,63.35,63.69,999700,1.0,0.0
2011-07-15,63.82,64.0,62.63,63.09,1189300,1.0,0.0
2011-07-18,62.88,62.91,61.895,62.2,1199700,1.0,0.0
2011-07-19,62.52,62.87,62.02,62.36,1203700,1.0,0.0
2011-07-20,62.18,62.45,61.5,61.89,1244100,1.0,0.0
2011-07-21,62.23,62.51,61.61,61.9,1764100,1.0,0.0
2011-07-22,62.0,62.59,61.97,62.19,1362000,1.0,0.0
2011-07-25,61.67,62.695,61.67,62.06,853700,1.0,0.0
2011-07-26,62.18,62.41,61.59,62.11,1073700,1.0,0.0
2011-07-27,61.69,61.97,61.165,61.45,1767600,1.0,0.0
2011-07-28,59.0,61.32,58.36,59.54,1276308,1.0,0.0
2011-07-29,59.25,60.39,59.04,59.5,727099,1.0,0.0
2011-08-01,59.08,59.62,58.34,58.685,2232300,1.0,0.0
2011-08-02,58.14,59.24,56.92,56.98,2750500,1.0,0.0
2011-08-03,57.07,58.46,56.7906,58.13,2079500,1.0,0.0
2011-08-04,57.58,58.06,56.62,56.91,3357400,1.0,0.0
2011-08-05,57.69,58.64,56.25,58.35,3781500,1.0,0.0
2011-08-08,57.41,59.16,57.41,57.51,4917200,1.0,0.0
2011-08-09,58.16,59.99,57.48,59.99,4339600,1.0,0.0
2011-08-10,58.9,59.079,57.45,57.53,2804900,1.0,0.0
2011-08-11,58.01,59.59,58.01,59.02,3398200,1.0,0.0
2011-08-12,59.15,60.72,58.84,60.23,1856600,1.0,0.0
2011-08-15,60.37,60.83,59.85,60.74,1492700,1.0,0.0
2011-08-16,60.09,60.95,59.61,60.66,1365900,1.0,0.0
2011-08-17,60.86,61.7,60.25,61.06,1411900,1.0,0.0
2011-08-18,59.88,61.62,59.03,61.36,2971700,1.0,0.0
2011-08-19,60.55,62.59,60.55,61.07,2355200,1.0,0.0
2011-08-22,62.06,62.45,61.45,61.84,1804200,1.0,0.0
2011-08-23,62.0,63.64,61.8,63.19,3233200,1.0,0.0
2011-08-24,62.87,64.8,62.86,63.96,2884900,1.0,0.0
2011-08-25,63.98,64.22,62.85,62.93,1792800,1.0,0.0
2011-08-26,62.81,64.1599,62.22,63.93,2064600,1.0,0.0
2011-08-29,64.37,65.25,63.75,65.24,1647000,1.0,0.0
2011-08-30,64.76,65.47,64.76,65.15,1912400,1.0,0.0
2011-08-31,65.44,66.02,64.54,64.88,1982400,1.0,0.0
2011-09-01,64.47,66.1,63.3929,65.72,2186100,1.0,0.0
2011-09-02,64.57,66.37,64.56,65.75,2072900,1.0,0.0
2011-09-06,64.11,66.7,64.05,66.6,1388900,1.0,0.0
2011-09-07,67.0,68.485,66.65,68.43,1539700,1.0,0.0
2011-09-08,68.1,68.35,67.32,67.41,1097200,1.0,0.0
2011-09-09,67.24,68.25,66.91,67.29,1415700,1.0,0.0
2011-09-12,66.75,67.59,66.21,66.76,2005400,1.0,0.0
2011-09-13,67.0,68.29,66.621,68.11,1793900,1.0,0.0
2011-09-14,68.32,70.56,67.53,69.75,1694100,1.0,0.0
2011-09-15,69.97,70.82,69.46,70.63,929300,1.0,0.0
2011-09-16,70.8,71.7,70.51,71.14,2078800,1.0,0.0
2011-09-19,70.6,72.0,70.54,71.72,1114500,1.0,0.0
2011-09-20,71.74,71.78,70.09,70.42,1449900,1.0,0.0
2011-09-21,70.53,71.29,69.76,69.79,1045200,1.0,0.0
2011-09-22,68.66,69.6,67.95,68.61,1353800,1.0,0.0
2011-09-23,68.57,69.5,68.18,69.14,862700,1.0,0.0
2011-09-26,69.41,69.96,68.66,69.36,1253300,1.0,0.0
2011-09-27,70.38,70.96,68.16,68.56,1685000,1.0,0.0
2011-09-28,69.03,70.25,68.73,68.81,1320800,1.0,0.0
2011-09-29,69.7,69.73,65.5801,67.35,1545500,1.0,0.0
2011-09-30,66.42,68.13,66.06,66.63,1475400,1.0,0.0
2011-10-03,66.34,66.67,64.88,64.97,1236400,1.0,0.0
2011-10-04,63.97,67.38,63.75,67.26,1438100,1.0,0.0
2011-10-05,67.33,67.64,65.57,66.91,1009900,1.0,0.0
2011-10-06,67.01,67.69,66.33,67.57,1359200,1.0,0.0
2011-10-07,67.85,68.36,67.01,67.67,973200,1.0,0.0
2011-10-10,68.4,69.61,67.77,69.57,839300,1.0,0.0
2011-10-11,69.45,69.82,68.66,69.65,558300,1.0,0.0
2011-10-12,69.85,69.94,68.04,68.37,1232100,1.0,0.0
2011-10-13,68.35,69.08,68.05,68.71,852900,1.0,0.0
2011-10-14,69.33,69.85,68.48,69.82,633100,1.0,0.0
2011-10-17,70.0,71.22,68.77,69.0,1547300,1.0,0.0
2011-10-18,69.03,70.12,68.72,69.74,703100,1.0,0.0
2011-10-19,69.63,71.2,69.63,69.89,754300,1.0,0.0
2011-10-20,70.14,70.91,69.58,70.74,873600,1.0,0.0
2011-10-21,71.44,71.44,69.77,70.42,1543900,1.0,0.0
2011-10-24,70.31,71.86,70.31,71.06,1461700,1.0,0.0
2011-10-25,70.91,71.77,70.29,70.91,882900,1.0,0.0
2011-10-26,72.1,72.12,69.14,70.2,1521000,1.0,0.0
2011-10-27,74.38,76.88,73.9712,76.13,3004100,1.0,0.0
2011-10-28,75.75,77.35,75.71,76.07,1564900,1.0,0.0
2011-10-31,75.6699,77.29,75.5,76.05,863300,1.0,0.0
2011-11-01,74.14,77.18,74.14,76.45,1410500,1.0,0.0
2011-11-02,77.02,77.065,75.91,76.32,716200,1.0,0.0
2011-11-03,76.45,77.49,75.58,77.36,1042400,1.0,0.0
2011-11-04,76.8,77.44,75.96,76.9,877000,1.0,0.0
2011-11-07,76.7,76.92,75.89,76.92,1447700,1.0,0.0
2011-11-08,77.47,77.87,76.39,77.31,940400,1.0,0.0
2011-11-09,76.42,78.05,76.19,76.99,2348600,1.0,0.0
2011-11-10,77.35,77.35,76.19,76.38,1066300,1.0,0.0
2011-11-11,77.22,78.99,76.96,78.7,750200,1.0,0.0
2011-11-14,78.75,78.99,77.43,77.77,501600,1.0,0.0
2011-11-15,77.51,78.52,77.305,78.29,624100,1.0,0.0
2011-11-16,77.75,77.86,76.38,76.62,760300,1.0,0.0
2011-11-17,76.65,77.0,75.26,76.05,876300,1.0,0.0
2011-11-18,75.96,76.05,75.09,75.47,1324900,1.0,0.0
2011-11-21,75.03,75.98,74.53,75.78,1064300,1.0,0.0
2011-11-22,76.07,76.1,75.06,75.36,726800,1.0,0.0
2011-11-23,74.85,75.33,74.15,74.42,866000,1.0,0.0
2011-11-25,74.07,75.59,73.9,75.51,1088600,1.0,0.0
2011-11-28,76.96,77.09,75.39,75.73,941300,1.0,0.0
2011-11-29,75.62,76.77,75.49,75.92,801600,1.0,0.0
2011-11-30,77.0,77.67,76.38,77.24,1086000,1.0,0.0
2011-12-01,77.31,78.26,76.92,77.7,641000,1.0,0.0
2011-12-02,78.1,78.24,77.03,77.03,609000,1.0,0.0
2011-12-05,78.33,80.67,78.15,79.53,1288500,1.0,0.0
2011-12-06,80.0,80.42,79.44,79.54,827000,1.0,0.0
2011-12-07,79.03,79.4,78.475,79.02,825900,1.0,0.0
2011-12-08,78.41,79.66,78.4,78.92,886800,1.0,0.0
2011-12-09,79.28,81.24,79.06,81.04,995900,1.0,0.0
2011-12-12,80.59,81.11,80.1,80.93,1273300,1.0,0.0
2011-12-13,81.1,81.21,78.57,78.91,939100,1.0,0.0
2011-12-14,78.85,79.18,77.69,78.58,980500,1.0,0.0
2011-12-15,78.95,79.49,78.56,78.95,912700,1.0,0.0
2011-12-16,79.42,80.9,79.2,79.88,2014400,1.0,0.0
2011-12-19,80.4,80.47,78.73,78.97,512700,1.0,0.0
2011-12-20,79.95,81.43,79.95,81.31,803400,1.0,0.0
2011-12-21,81.58,81.83,80.4,80.71,643000,1.0,0.0
2011-12-22,80.8,81.12,79.91,80.11,753100,1.0,0.0
2011-12-23,80.66,81.58,80.0901,81.55,504700,1.0,0.0
2011-12-27,81.26,82.08,81.13,81.7,380600,1.0,0.0
2011-12-28,81.85,82.17,80.643,80.97,551600,1.0,0.0
2011-12-29,81.13,81.58,80.73,80.99,470500,1.0,0.0
2011-12-30,80.88,80.98,79.94,79.95,587300,1.0,0.0
2012-01-03,80.95,81.23,78.1,78.15,1233900,1.0,0.0
2012-01-04,78.37,79.96,77.77,79.34,1121500,1.0,0.0
2012-01-05,79.22,80.67,78.54,80.41,723000,1.0,0.0
2012-01-06,80.28,80.4,79.51,79.86,414300,1.0,0.0
2012-01-09,80.06,80.54,79.9596,80.4,761900,1.0,0.0
2012-01-10,80.93,81.38,80.65,80.9,712500,1.0,0.0
2012-01-11,81.07,81.5,81.0,81.38,460400,1.0,0.0
2012-01-12,81.64,81.89,80.9,81.82,647400,1.0,0.0
2012-01-13,81.5,81.96,81.12,81.6,385700,1.0,0.0
2012-01-17,82.0,82.805,81.7012,82.3,714500,1.0,0.0
2012-01-18,82.2,83.91,81.88,83.68,692300,1.0,0.0
2012-01-19,83.89,85.32,83.87,84.78,1179000,1.0,0.0
2012-01-20,84.94,85.09,82.09,82.28,1872100,1.0,0.0
2012-01-23,82.18,82.78,80.98,81.26,1222500,1.0,0.0
2012-01-24,80.95,82.17,80.9,81.81,879600,1.0,0.0
2012-01-25,81.88,82.72,81.62,82.57,713000,1.0,0.0
2012-01-26,83.23,83.8,81.81,81.99,963000,1.0,0.0
2012-01-27,82.04,83.01,81.84,82.56,756800,1.0,0.0
2012-01-30,82.31,82.7999,81.56,82.35,681000,1.0,0.0
2012-01-31,82.59,82.59,81.39,81.51,954200,1.0,0.0
2012-02-01,81.53,82.19,81.49,81.98,1029100,1.0,0.0
2012-02-02,82.09,82.38,81.42,81.54,942600,1.0,0.0
2012-02-03,82.43,83.75,82.29,82.83,1028300,1.0,0.0
2012-02-06,82.5,83.38,82.06,82.36,796500,1.0,0.0
2012-02-07,82.27,83.86,82.0,83.85,1011300,1.0,0.0
2012-02-08,83.9,84.0,82.35,83.44,1594400,1.0,0.0
2012-02-09,81.92,84.76,81.9,84.34,1946300,1.0,0.0
2012-02-10,82.5,84.15,82.5,83.45,1075900,1.0,0.0
2012-02-13,83.66,83.99,82.9901,83.23,1038800,1.0,0.0
2012-02-14,83.1,84.01,82.98,84.0,1048200,1.0,0.0
2012-02-15,84.0,84.21,83.0,83.45,1076000,1.0,0.0
2012-02-16,83.66,85.11,83.66,84.51,1560700,1.0,0.0
2012-02-17,84.55,85.18,84.17,84.55,1693700,1.0,0.0
2012-02-21,84.46,84.88,83.97,84.46,958000,1.0,0.0
2012-02-22,84.23,85.08,84.22,84.77,841600,1.0,0.0
2012-02-23,85.09,86.59,84.4,86.4,1676400,1.0,0.0
2012-02-24,86.33,86.72,85.39,85.67,1128500,1.0,0.0
2012-02-27,85.2,86.1795,85.2,85.69,911200,1.0,0.0
2012-02-28,86.0,87.36,85.765,87.34,1279800,1.0,0.0
2012-02-29,87.05,87.05,86.33,86.5,1509400,1.0,0.0
2012-03-01,86.64,88.18,86.52,88.08,1062800,1.0,0.0
2012-03-02,88.01,88.71,87.7,88.33,628300,1.0,0.0
2012-03-05,88.33,89.98,88.31,89.85,852400,1.0,0.0
2012-03-06,89.17,90.16,89.1,89.35,719700,1.0,0.0
2012-03-07,89.5,90.31,88.98,90.1,847000,1.0,0.0
2012-03-08,90.27,90.94,89.89,89.92,825200,1.0,0.0
2012-03-09,90.28,90.68,89.75,90.42,846300,1.0,0.0
2012-03-12,90.46,90.53,89.95,90.06,844500,1.0,0.0
2012-03-13,90.46,90.85,89.5504,90.07,918200,1.0,0.0
2012-03-14,90.11,90.27,89.9401,90.21,801100,1.0,0.0
2012-03-15,90.11,90.32,89.61,90.21,899500,1.0,0.0
2012-03-16,89.91,90.16,88.95,89.04,1036900,1.0,0.0
2012-03-19,89.1,89.78,88.68,89.51,760200,1.0,0.0
2012-03-20,89.23,90.0,89.1,89.85,694200,1.0,0.0
2012-03-21,89.71,90.26,89.63,89.77,867500,1.0,0.0
2012-03-22,89.47,90.81,89.21,90.36,778800,1.0,0.0
2012-03-23,90.21,90.47,89.01,90.04,663900,1.0,0.0
2012-03-26,90.62,91.77,90.56,91.51,863500,1.0,0.0
2012-03-27,91.38,91.62,90.63,91.27,459200,1.0,0.0
2012-03-28,91.08,91.22,90.04,90.69,584600,1.0,0.0
2012-03-29,90.08,90.59,89.81,90.56,845100,1.0,0.0
2012-03-30,91.02,91.79,90.5,91.35,1175800,1.0,0.0
2012-04-02,91.19,93.09,91.09,92.86,1021100,1.0,0.0
2012-04-03,93.1,94.27,92.84,93.65,1187800,1.0,0.0
2012-04-04,92.79,93.25,91.93,92.86,843200,1.0,0.0
2012-04-05,92.68,93.43,92.32,92.65,564300,1.0,0.0
2012-04-09,92.12,93.28,91.71,93.03,822900,1.0,0.0
2012-04-10,92.88,93.0,91.18,91.47,1117600,1.0,0.0
2012-04-11,92.06,93.86,92.06,93.82,930300,1.0,0.0
2012-04-12,94.0,94.41,93.37,94.28,709000,1.0,0.0
2012-04-13,93.95,94.756,93.94,94.35,743900,1.0,0.0
2012-04-16,94.53,95.15,93.84,94.76,761500,1.0,0.0
2012-04-17,95.46,95.8,94.5505,95.54,608100,1.0,0.0
2012-04-18,95.49,97.03,95.37,96.92,589900,1.0,0.0
2012-04-19,96.43,96.75,95.52,95.99,1110300,1.0,0.0
2012-04-20,96.2,96.9,95.86,96.45,740500,1.0,0.0
2012-04-23,95.9,95.94,94.4401,95.35,854400,1.0,0.0
2012-04-24,96.5,98.09,93.34,95.0,1360100,1.0,0.0
2012-04-25,95.71,96.73,95.08,96.62,1039900,1.0,0.0
2012-04-26,100.99,104.814,97.51,102.64,3778900,1.0,0.0
2012-04-27,103.11,106.82,102.64,105.98,1620800,1.0,0.0
2012-04-30,105.53,106.12,105.14,105.505,1085400,1.0,0.0
2012-05-01,105.01,106.9,104.36,105.6,1221200,1.0,0.0
2012-05-02,105.14,107.13,105.02,106.71,1287400,1.0,0.0
2012-05-03,106.51,107.08,105.53,105.89,678100,1.0,0.0
2012-05-04,105.14,105.935,104.21,104.3,694900,1.0,0.0
2012-05-07,104.07,104.69,103.39,104.12,931200,1.0,0.0
2012-05-08,103.63,103.76,101.0,102.29,1310200,1.0,0.0
2012-05-09,101.73,103.35,101.27,102.39,1280800,1.0,0.0
2012-05-10,102.71,103.7,102.01,103.13,882000,1.0,0.0
2012-05-11,103.02,104.66,102.79,103.84,938100,1.0,0.0
2012-05-14,103.1,103.11,100.8,100.89,1506100,1.0,0.0
2012-05-15,101.17,102.62,99.26,101.03,1357500,1.0,0.0
2012-05-16,100.96,102.49,100.88,101.95,1100300,1.0,0.0
2012-05-17,98.0,98.71,94.08,94.32,3200700,1.0,0.0
2012-05-18,94.97,97.21,92.38,93.3,2507100,1.0,0.0
2012-05-21,93.58,96.12,92.15,95.76,1624200,1.0,0.0
2012-05-22,92.93,96.29,91.65,95.32,1938400,1.0,0.0
2012-05-23,94.76,96.94,94.76,96.73,1400000,1.0,0.0
2012-05-24,97.16,97.75,95.85,96.28,1084500,1.0,0.0
2012-05-25,96.57,97.47,96.16,96.3,961600,1.0,0.0
2012-05-29,96.89,97.76,96.08,97.08,1115700,1.0,0.0
2012-05-30,96.62,96.7,95.71,95.72,1454700,1.0,0.0
2012-05-31,96.21,96.49,95.27,95.79,1476800,1.0,0.0
2012-06-01,94.7,95.31,92.85,93.05,1753200,1.0,0.0
2012-06-04,93.38,94.29,93.0,94.01,1721800,1.0,0.0
2012-06-05,94.08,95.64,93.38,95.18,1079300,1.0,0.0
2012-06-06,95.51,99.1,95.46,98.46,1418600,1.0,0.0
2012-06-07,99.49,99.59,96.91,97.21,1363000,1.0,0.0
2012-06-08,96.56,98.14,96.56,98.09,1000000,1.0,0.0
2012-06-11,98.52,99.23,96.96,97.07,971800,1.0,0.0
2012-06-12,97.56,100.12,97.2,99.98,1336100,1.0,0.0
2012-06-13,99.63,100.34,97.47,97.59,1043900,1.0,0.0
2012-06-14,97.96,99.5,97.75,98.34,997900,1.0,0.0
2012-06-15,98.83,99.45,98.35,99.05,1418800,1.0,0.0
2012-06-18,99.06,101.49,98.775,101.48,1105500,1.0,0.0
2012-06-19,101.75,102.96,100.5,101.11,1338100,1.0,0.0
2012-06-20,101.1,101.43,99.91,100.2,884400,1.0,0.0
2012-06-21,100.59,100.765,96.97,97.15,1227100,1.0,0.0
2012-06-22,97.59,97.85,96.58,97.35,916500,1.0,0.0
2012-06-25,96.96,97.23,95.05,95.23,1010400,1.0,0.0
2012-06-26,95.52,97.03,94.55,96.44,1178400,1.0,0.0
2012-06-27,77.6,83.44,75.61,82.61,12858100,1.0,0.0
2012-06-28,82.11,82.91,80.27,81.34,3599300,1.0,0.0
2012-06-29,82.21,85.06,82.2,83.77,2354400,1.0,0.0
2012-07-02,84.25,85.49,82.46,85.1,2738900,1.0,0.0
2012-07-03,85.0,85.24,84.23,84.36,812900,1.0,0.0
2012-07-05,84.36,86.97,84.06,86.58,1746200,1.0,0.0
2012-07-06,86.51,86.87,85.44,86.74,1105700,1.0,0.0
2012-07-09,86.5,86.83,85.31,86.73,1333200,1.0,0.0
2012-07-10,86.95,87.53,85.57,87.22,1566700,1.0,0.0
2012-07-11,87.01,88.4,86.892,88.02,1462300,1.0,0.0
2012-07-12,87.28,92.03,87.28,91.21,2984600,1.0,0.0
2012-07-13,91.36,92.49,91.21,91.7,1559800,1.0,0.0
2012-07-16,91.3,91.54,90.36,90.59,1525200,1.0,0.0
2012-07-17,91.54,92.98,91.3,92.53,1202100,1.0,0.0
2012-07-18,92.55,94.82,92.33,94.56,1211800,1.0,0.0
2012-07-19,94.59,97.0,92.24,94.15,2511200,1.0,0.0
2012-07-20,93.85,93.85,90.99,91.31,1852900,1.0,0.0
2012-07-23,89.78,90.86,88.8,90.3,1421700,1.0,0.0
2012-07-24,90.36,90.76,88.28,88.88,1021500,1.0,0.0
2012-07-25,88.93,90.98,88.15,90.1,1877700,1.0,0.0
2012-07-26,88.9,90.62,85.0,86.97,3943200,1.0,0.0
2012-07-27,87.95,89.058,86.17,87.17,1975700,1.0,0.0
2012-07-30,84.4,87.45,83.88,86.05,2086000,1.0,0.0
2012-07-31,85.65,86.76,85.17,85.74,1262300,1.0,0.0
2012-08-01,86.29,87.3,84.99,85.07,1163300,1.0,0.0
2012-08-02,84.48,86.0,84.06,84.56,1204400,1.0,0.0
2012-08-03,85.88,86.24,85.0,85.72,901500,1.0,0.0
2012-08-06,85.72,86.52,85.21,86.1,1118200,1.0,0.0
2012-08-07,86.01,87.69,85.98,87.21,1038700,1.0,0.0
2012-08-08,86.81,87.6,86.56,86.7,1146400,1.0,0.0
2012-08-09,85.67,86.38,84.55,85.0,1789800,1.0,0.0
2012-08-10,84.99,85.63,84.34,84.62,846700,1.0,0.0
2012-08-13,84.5,85.43,84.49,84.95,1216300,1.0,0.0
2012-08-14,85.16,86.16,84.44,84.64,828800,1.0,0.0
2012-08-15,84.79,85.77,84.615,84.95,862900,1.0,0.0
2012-08-16,84.98,87.33,84.35,87.21,1091900,1.0,0.0
2012-08-17,87.38,88.9,86.5,87.99,1542100,1.0,0.0
2012-08-20,87.46,87.97,86.0,86.49,1328700,1.0,0.0
2012-08-21,86.44,87.0,85.6,85.78,686700,1.0,0.0
2012-08-22,85.84,86.04,85.0,85.42,2082800,1.0,0.0
2012-08-23,85.47,86.95,85.25,86.46,840200,1.0,0.0
2012-08-24,86.61,87.5,85.98,86.87,1053500,1.0,0.0
2012-08-27,87.43,87.43,86.5,86.72,728000,1.0,0.0
2012-08-28,86.5,87.38,86.3701,86.6,1139800,1.0,0.0
2012-08-29,86.55,86.83,85.73,85.97,883900,1.0,0.0
2012-08-30,85.58,85.94,84.88,84.95,1104400,1.0,0.0
2012-08-31,85.56,85.64,84.41,84.95,1236700,1.0,0.0
2012-09-04,84.82,85.415,82.95,83.42,1563100,1.0,0.0
2012-09-05,83.17,84.17,83.04,83.98,1666200,1.0,0.0
2012-09-06,84.6,85.76,83.42,83.66,1645800,1.0,0.0
2012-09-07,84.13,84.68,82.94,83.25,1319700,1.0,0.0
2012-09-10,83.05,85.34,83.05,85.06,1652500,1.0,0.0
2012-09-11,84.97,86.25,84.97,85.64,1313900,1.0,0.0
2012-09-12,85.82,86.49,85.33,85.64,991000,1.0,0.0
2012-09-13,85.34,85.555,81.34,81.53,4530300,1.0,0.0
2012-09-14,82.24,82.33,80.06,80.37,2707700,1.0,0.0
2012-09-17,80.37,82.21,80.25,80.48,2381700,1.0,0.0
2012-09-18,80.45,82.0,80.07,81.17,1630200,1.0,0.0
2012-09-19,81.17,83.98,81.13,82.48,3012400,1.0,0.0
2012-09-20,82.12,84.56,81.77,84.08,2382200,1.0,0.0
2012-09-21,84.0,85.109,83.78,83.89,2429900,1.0,0.0
2012-09-24,84.0,84.47,83.62,84.24,1181700,1.0,0.0
2012-09-25,84.16,85.25,83.975,84.45,1234100,1.0,0.0
2012-09-26,84.34,85.32,84.02,84.24,851500,1.0,0.0
2012-09-27,84.54,84.72,83.77,84.19,847200,1.0,0.0
2012-09-28,84.05,84.245,83.1401,83.62,1548200,1.0,0.0
2012-10-01,83.58,85.08,83.25,83.84,1350900,1.0,0.0
2012-10-02,84.13,85.18,83.44,83.99,1275200,1.0,0.0
2012-10-03,84.58,85.0,83.34,83.47,1114500,1.0,0.0
2012-10-04,83.76,86.11,83.7,86.01,1572500,1.0,0.0
2012-10-05,86.25,87.58,85.97,86.26,1812100,1.0,0.0
2012-10-08,85.71,86.42,85.34,85.64,754100,1.0,0.0
2012-10-09,85.9,86.28,85.14,85.62,854700,1.0,0.0
2012-10-10,85.65,86.13,84.46,84.67,843800,1.0,0.0
2012-10-11,85.37,85.97,84.02,84.34,883200,1.0,0.0
2012-10-12,84.33,84.62,83.02,83.3,860000,1.0,0.0
2012-10-15,83.71,83.912,82.05,82.51,1358600,1.0,0.0
2012-10-16,82.22,82.59,81.2,81.62,2251600,1.0,0.0
2012-10-17,81.62,81.66,78.91,80.44,3980000,1.0,0.0
2012-10-18,80.0,81.09,78.583,79.9193,5091300,1.0,0.0
2012-10-19,79.76,80.91,79.665,80.58,1731000,1.0,0.0
2012-10-22,78.9,80.6,78.7,80.32,1971100,1.0,0.0
2012-10-23,79.49,83.31,79.24,82.64,2430000,1.0,0.0
2012-10-24,83.43,83.51,80.89,81.7,2296100,1.0,0.0
2012-10-25,86.41,88.45,83.13,84.46,3858900,1.0,0.0
2012-10-26,84.62,85.0,83.81,84.58,1315400,1.0,0.0
2012-10-31,84.7,86.52,84.0,85.8466,1383500,1.0,0.0
2012-11-01,85.95,91.94,85.0,88.05,4338300,1.0,0.0
2012-11-02,88.67,91.53,87.37,88.35,1560500,1.0,0.0
2012-11-05,87.82,89.19,87.23,88.02,1695400,1.0,0.0
2012-11-06,88.29,90.08,87.76,89.7096,1347400,1.0,0.0
2012-11-07,89.38,89.8,88.12,88.37,1354200,1.0,0.0
2012-11-08,88.5,89.79,88.5,88.93,1770600,1.0,0.0
2012-11-09,88.82,91.86,88.7,89.27,2078400,1.0,0.0
2012-11-12,89.27,89.5,87.94,88.19,970900,1.0,0.0
2012-11-13,88.58,90.43,87.97,89.61,1079100,1.0,0.0
2012-11-14,89.9,90.64,88.34,88.51,1172100,1.0,0.0
2012-11-15,88.94,90.0,87.99,89.767,1055700,1.0,0.0
2012-11-16,90.26,90.26,88.72,89.97,1141000,1.0,0.0
2012-11-19,90.1,91.69,89.97,91.48,1221000,1.0,0.0
2012-11-20,91.5,92.41,90.66,91.37,865900,1.0,0.0
2012-11-21,90.84,92.08,90.48,91.55,744200,1.0,0.0
2012-11-23,91.56,93.0,91.09,92.63,463800,1.0,0.0
2012-11-26,92.33,93.21,91.64,92.46,1082500,1.0,0.0
2012-11-27,92.08,92.88,91.72,92.0,894100,1.0,0.0
2012-11-28,91.46,93.14,90.96,93.01,933000,1.0,0.0
2012-11-29,92.11,93.44,90.39,92.85,1335500,1.0,0.0
2012-11-30,93.1,94.39,93.1,94.08,1941900,1.0,0.0
2012-12-03,94.68,94.88,93.07,93.32,1046900,1.0,0.0
2012-12-04,92.7,93.32,92.051,92.9,1382900,1.0,0.0
2012-12-05,92.95,93.02,90.74,91.38,1217900,1.0,0.0
2012-12-06,91.27,91.47,90.57,90.68,1215000,1.0,0.0
2012-12-07,91.4,91.59,90.495,90.73,822700,1.0,0.0
2012-12-10,91.67,92.45,90.08,90.24,1430100,1.0,0.0
2012-12-11,90.57,92.58,90.55,91.89,1962300,1.0,0.0
2012-12-12,92.41,94.86,92.41,92.82,2791600,1.0,0.0
2012-12-13,92.55,92.96,90.6,90.79,1545800,1.0,0.0
2012-12-14,90.52,91.6,89.34,89.48,1385100,1.0,0.0
2012-12-17,89.57,90.7,89.4,90.59,2343500,1.0,0.0
2012-12-18,90.94,92.56,90.72,91.99,1312300,1.0,0.0
2012-12-19,92.09,92.57,91.15,91.39,1088600,1.0,0.0
2012-12-20,91.55,92.15,91.0,91.8,954500,1.0,0.0
2012-12-21,90.98,91.17,89.8,89.99,2693400,1.0,0.0
2012-12-24,89.76,90.45,89.0,90.0,348700,1.0,0.0
2012-12-26,90.23,90.37,88.451,88.84,672500,1.0,0.0
2012-12-27,88.97,89.255,87.32,88.71,973700,1.0,0.0
2012-12-28,88.48,88.98,87.64,88.1,751700,1.0,0.0
2012-12-31,87.85,89.48,87.76,89.42,716300,1.0,0.0
2013-01-02,90.66,90.74,88.97,89.87,1574400,1.0,0.0
2013-01-03,90.1,91.48,89.23,90.21,1151800,1.0,0.0
2013-01-04,90.53,91.86,90.2234,91.65,1048900,1.0,0.0
2013-01-07,89.41,91.3,88.76,90.05,1346500,1.0,0.0
2013-01-08,89.62,90.32,88.32,89.2,967600,1.0,0.0
2013-01-09,89.41,90.18,88.18,88.39,811200,1.0,0.0
2013-01-10,88.47,89.87,87.53,87.74,1122200,1.0,0.0
2013-01-11,88.17,88.77,87.06,88.01,1081700,1.0,0.0
2013-01-14,87.62,89.33,87.57,88.55,592200,1.0,0.0
2013-01-15,87.91,89.96,87.56,89.72,895900,1.0,0.0
2013-01-16,89.22,90.23,87.85,88.17,872900,1.0,0.0
2013-01-17,88.11,89.05,87.72,87.79,919700,1.0,0.0
2013-01-18,87.56,89.49,87.51,88.91,1092900,1.0,0.0
2013-01-22,88.77,89.72,88.06,88.7,1058900,1.0,0.0
2013-01-23,88.52,90.17,87.75,89.86,1445400,1.0,0.0
2013-01-24,90.27,92.12,90.27,91.8,1329400,1.0,0.0
2013-01-25,91.69,92.66,91.255,92.17,957600,1.0,0.0
2013-01-28,92.28,92.96,91.94,92.44,988700,1.0,0.0
2013-01-29,92.12,92.52,91.61,91.92,1012300,1.0,0.0
2013-01-30,92.08,92.95,91.63,91.74,696600,1.0,0.0
2013-01-31,91.83,92.8,91.39,92.65,1139500,1.0,0.0
2013-02-01,92.86,93.99,92.61,93.39,1092200,1.0,0.0
2013-02-04,93.31,93.59,92.21,92.63,1099300,1.0,0.0
2013-02-05,92.76,93.72,92.59,93.08,981600,1.0,0.0
2013-02-06,92.73,93.53,92.39,92.59,1389600,1.0,0.0
2013-02-07,100.0,102.77,99.1,100.04,4734900,1.0,0.0
2013-02-08,100.66,103.66,100.64,101.57,2285500,1.0,0.0
2013-02-11,101.68,102.87,101.0,102.4,1327200,1.0,0.0
2013-02-12,102.05,102.34,100.73,101.56,1080800,1.0,0.0
2013-02-13,101.59,103.15,101.29,102.0,979000,1.0,0.0
2013-02-14,101.6,102.24,101.26,101.68,1131800,1.0,0.0
2013-02-15,101.91,102.775,100.42,101.31,1039800,1.0,0.0
2013-02-19,101.5,102.31,101.33,102.16,840200,1.0,0.0
2013-02-20,102.17,102.35,101.17,101.39,839900,1.0,0.0
2013-02-21,101.05,101.928,100.61,100.77,1091800,1.0,0.0
2013-02-22,101.41,102.31,100.71,102.25,954000,1.0,0.0
2013-02-25,102.65,103.695,101.17,101.35,1577800,1.0,0.0
2013-02-26,101.35,103.0,100.55,101.76,1206000,1.0,0.0
2013-02-27,101.74,102.79,101.01,102.25,954500,1.0,0.0
2013-02-28,102.12,103.12,101.66,101.79,1537900,1.0,0.0
2013-03-01,101.68,102.86,101.126,102.62,1351800,1.0,0.0
2013-03-04,102.67,104.26,102.34,103.61,1163100,1.0,0.0
2013-03-05,104.0,104.95,103.775,104.57,1048200,1.0,0.0
2013-03-06,104.57,104.78,103.19,103.44,721100,1.0,0.0
2013-03-07,103.76,104.94,103.14,104.38,779200,1.0,0.0
2013-03-08,104.7,104.89,103.77,104.7,662100,1.0,0.0
2013-03-11,104.38,104.71,103.9,104.3,519400,1.0,0.0
2013-03-12,104.3,104.45,103.32,103.87,777600,1.0,0.0
2013-03-13,104.22,104.99,103.89,104.3,744700,1.0,0.0
2013-03-14,104.57,104.57,103.16,103.5,856200,1.0,0.0
2013-03-15,103.03,104.3425,102.94,103.76,1541900,1.0,0.0
2013-03-18,103.28,105.22,103.02,104.36,870000,1.0,0.0
2013-03-19,104.28,104.75,102.84,103.25,787100,1.0,0.0
2013-03-20,103.86,104.0,103.1,103.49,741700,1.0,0.0
2013-03-21,103.26,103.8,101.95,102.77,797900,1.0,0.0
2013-03-22,103.1,103.54,102.47,103.26,621300,1.0,0.0
2013-03-25,103.67,104.04,102.55,103.33,867300,1.0,0.0
2013-03-26,103.33,103.9,102.815,103.59,767700,1.0,0.0
2013-03-27,102.78,103.71,102.23,102.75,636700,1.0,0.0
2013-03-28,102.58,103.1,101.86,102.439,1629800,1.0,0.0
2013-04-01,103.13,103.3999,101.6,102.7,729200,1.0,0.0
2013-04-02,103.3,104.898,102.76,104.38,837300,1.0,0.0
2013-04-03,104.28,104.63,103.21,103.48,670500,1.0,0.0
2013-04-04,103.32,104.21,103.27,103.77,377400,1.0,0.0
2013-04-05,102.88,103.19,101.75,103.05,551400,1.0,0.0
2013-04-08,102.91,104.16,102.91,103.91,545900,1.0,0.0
2013-04-09,102.38,103.08,100.8,102.06,939400,1.0,0.0
2013-04-10,101.99,103.81,101.54,103.5,1269600,1.0,0.0
2013-04-11,103.79,105.4,103.51,104.01,1231700,1.0,0.0
2013-04-12,104.05,104.94,102.54,103.14,998500,1.0,0.0
2013-04-15,102.88,103.14,99.56,99.99,1272700,1.0,0.0
2013-04-16,101.02,101.11,99.8,99.99,1220600,1.0,0.0
2013-04-17,99.67,99.945,97.765,98.67,1255200,1.0,0.0
2013-04-18,99.0,99.8,98.01,98.84,840700,1.0,0.0
2013-04-19,98.56,99.82,98.37,99.36,1243300,1.0,0.0
2013-04-22,99.17,99.75,98.8,99.48,642900,1.0,0.0
2013-04-23,100.0,101.55,99.695,101.37,1366800,1.0,0.0
2013-04-24,102.15,102.57,100.91,101.12,871400,1.0,0.0
2013-04-25,104.17,108.99,103.99,106.13,1577600,1.0,0.0
2013-04-26,106.15,106.695,105.34,106.44,746900,1.0,0.0
2013-04-29,106.81,108.17,106.55,107.69,920200,1.0,0.0
2013-04-30,107.2,107.6,105.81,107.32,664500,1.0,0.0
2013-05-01,107.5,108.29,107.21,107.46,666600,1.0,0.0
2013-05-02,107.44,108.505,106.79,108.13,504300,1.0,0.0
2013-05-03,108.85,110.03,108.48,109.89,794400,1.0,0.0
2013-05-06,109.58,110.52,109.45,110.27,583900,1.0,0.0
2013-05-07,109.93,110.79,109.69,110.78,422000,1.0,0.0
2013-05-08,110.91,111.0,108.67,109.45,820600,1.0,0.0
2013-05-09,109.59,110.61,109.59,110.06,445100,1.0,0.0
2013-05-10,109.94,110.49,109.22,110.2,479300,1.0,0.0
2013-05-13,109.75,110.44,108.58,109.65,486400,1.0,0.0
2013-05-14,109.47,112.12,109.47,111.89,926200,1.0,0.0
2013-05-15,111.3,112.17,111.135,111.96,489700,1.0,0.0
2013-05-16,111.24,111.84,110.22,110.71,707400,1.0,0.0
2013-05-17,111.0,111.45,110.33,110.95,619100,1.0,0.0
2013-05-20,109.32,111.53,109.28,110.91,612200,1.0,0.0
2013-05-21,111.02,112.92,110.77,112.21,554400,1.0,0.0
2013-05-22,112.09,112.29,110.15,110.56,585300,1.0,0.0
2013-05-23,110.18,110.79,109.0701,110.23,539900,1.0,0.0
2013-05-24,109.44,111.27,109.44,110.74,424700,1.0,0.0
2013-05-28,111.19,111.72,109.67,110.75,523600,1.0,0.0
2013-05-29,110.09,110.63,109.21,110.435,487600,1.0,0.0
2013-05-30,110.54,111.32,109.91,109.98,516100,1.0,0.0
2013-05-31,109.5,111.28,108.68,108.85,970400,1.0,0.0
2013-06-03,109.24,110.26,109.0,110.17,722900,1.0,0.0
2013-06-04,109.84,110.72,108.61,109.53,508100,1.0,0.0
2013-06-05,109.49,110.18,107.8033,108.0,523500,1.0,0.0
2013-06-06,107.84,109.43,107.84,109.39,521200,1.0,0.0
2013-06-07,110.0,111.51,109.81,110.99,365200,1.0,0.0
2013-06-10,110.97,111.35,110.0525,111.1,363900,1.0,0.0
2013-06-11,110.07,111.23,110.05,110.54,300900,1.0,0.0
2013-06-12,110.77,110.99,109.98,110.03,384100,1.0,0.0
2013-06-13,110.29,111.81,109.86,111.45,470400,1.0,0.0
2013-06-14,111.18,112.472,110.974,111.56,446100,1.0,0.0
2013-06-17,111.57,112.56,111.17,111.95,727900,1.0,0.0
2013-06-18,112.05,113.14,111.71,113.09,683000,1.0,0.0
2013-06-19,113.09,114.06,112.88,113.01,672900,1.0,0.0
2013-06-20,112.03,112.58,110.47,110.82,609900,1.0,0.0
2013-06-21,111.45,111.895,110.075,110.992,1055600,1.0,0.0
2013-06-24,110.0,111.94,109.86,111.17,666800,1.0,0.0
2013-06-25,111.48,112.0,110.89,111.33,642800,1.0,0.0
2013-06-26,109.61,111.18,109.4401,110.31,1084800,1.0,0.0
2013-06-27,111.05,112.14,111.05,111.8,554200,1.0,0.0
2013-06-28,111.33,113.62,111.3,112.62,1112900,1.0,0.0
2013-07-01,113.03,115.0,112.72,114.73,866900,1.0,0.0
2013-07-02,114.99,115.85,113.57,113.91,629500,1.0,0.0
2013-07-03,113.3,114.91,112.93,114.56,310200,1.0,0.0
2013-07-05,115.2,116.14,114.6101,115.75,326500,1.0,0.0
2013-07-08,116.47,117.52,116.23,117.38,551000,1.0,0.0
2013-07-09,118.35,118.37,116.14,116.49,493700,1.0,0.0
2013-07-10,116.25,116.83,115.58,116.48,601200,1.0,0.0
2013-07-11,117.68,117.978,116.64,117.405,609600,1.0,0.0
2013-07-12,117.62,118.01,116.63,116.95,648100,1.0,0.0
2013-07-15,117.23,117.47,115.91,116.23,778400,1.0,0.0
2013-07-16,116.61,117.0,116.0,116.21,589200,1.0,0.0
2013-07-17,116.28,117.25,115.3,115.77,622200,1.0,0.0
2013-07-18,116.26,118.35,115.01,117.03,586700,1.0,0.0
2013-07-19,118.17,118.45,116.31,118.42,706400,1.0,0.0
2013-07-22,120.25,120.35,118.11,119.61,908200,1.0,0.0
2013-07-23,120.15,120.3,118.42,118.54,822200,1.0,0.0
2013-07-24,118.95,119.98,117.09,117.83,595500,1.0,0.0
2013-07-25,124.03,124.28,120.8,122.63,1866200,1.0,0.0
2013-07-26,122.8,123.95,122.18,123.06,706100,1.0,0.0
2013-07-29,123.39,123.69,122.64,123.57,378800,1.0,0.0
2013-07-30,123.23,124.715,123.23,124.56,576200,1.0,0.0
2013-07-31,124.97,126.14,124.56,125.3,740700,1.0,0.0
2013-08-01,126.23,128.24,126.0931,128.09,763900,1.0,0.0
2013-08-02,127.45,128.01,126.675,127.81,625700,1.0,0.0
2013-08-05,127.5,128.45,127.204,128.2,577400,1.0,0.0
2013-08-06,127.61,128.29,126.4,127.2,730300,1.0,0.0
2013-08-07,127.15,127.2,124.8501,125.45,550000,1.0,0.0
2013-08-08,125.91,126.2,123.58,125.61,894900,1.0,0.0
2013-08-09,122.0601,126.05,122.0601,125.75,342100,1.0,0.0
2013-08-12,125.28,127.24,125.07,126.96,669800,1.0,0.0
2013-08-13,127.36,127.75,126.34,127.54,435000,1.0,0.0
2013-08-14,127.47,127.713,126.18,126.39,451700,1.0,0.0
2013-08-15,125.66,126.14,123.12,123.18,434100,1.0,0.0
2013-08-16,122.83,124.11,122.8,123.14,578300,1.0,0.0
2013-08-19,122.9,123.86,121.94,121.96,699000,1.0,0.0
2013-08-20,122.26,123.69,122.26,123.59,563700,1.0,0.0
2013-08-21,123.08,123.64,121.569,122.18,347000,1.0,0.0
2013-08-22,122.58,123.62,121.51,122.33,431000,1.0,0.0
2013-08-23,123.0,123.7,122.0,123.66,334200,1.0,0.0
2013-08-26,123.34,124.485,123.28,123.94,393800,1.0,0.0
2013-08-27,122.83,123.41,121.91,122.02,444600,1.0,0.0
2013-08-28,121.79,122.62,121.41,121.97,479500,1.0,0.0
2013-08-29,121.72,123.53,121.44,123.07,428600,1.0,0.0
2013-08-30,123.4,123.89,121.5,122.71,677000,1.0,0.0
2013-09-03,123.97,124.74,122.25,122.95,455600,1.0,0.0
2013-09-04,122.9,124.34,121.61,123.8,562200,1.0,0.0
2013-09-05,123.67,124.48,123.05,123.5,323700,1.0,0.0
2013-09-06,124.3,124.3,122.06,122.35,430300,1.0,0.0
2013-09-09,122.36,124.04,122.36,123.76,370400,1.0,0.0
2013-09-10,124.62,126.3,124.05,125.34,581500,1.0,0.0
2013-09-11,125.59,126.71,125.325,126.22,509500,1.0,0.0
2013-09-12,125.58,126.29,125.02,125.75,490800,1.0,0.0
2013-09-13,125.56,126.03,124.54,125.83,443200,1.0,0.0
2013-09-16,127.04,127.254,124.86,125.18,455100,1.0,0.0
2013-09-17,124.39,126.01,124.39,125.38,515800,1.0,0.0
2013-09-18,125.28,127.15,124.84,126.95,608600,1.0,0.0
2013-09-19,127.08,127.5,126.1,126.64,697100,1.0,0.0
2013-09-20,126.93,127.71,124.98,125.74,1308500,1.0,0.0
2013-09-23,125.01,125.49,123.9,124.84,566900,1.0,0.0
2013-09-24,125.26,125.26,123.62,124.1,738300,1.0,0.0
2013-09-25,124.36,125.78,123.87,125.03,828000,1.0,0.0
2013-09-26,125.63,126.37,124.7801,125.86,463700,1.0,0.0
2013-09-27,124.84,126.85,124.6501,126.7,487300,1.0,0.0
2013-09-30,126.15,127.97,125.37,127.59,1096300,1.0,0.0
2013-10-01,127.3,128.45,127.0,127.6,568200,1.0,0.0
2013-10-02,127.09,127.23,125.69,127.11,485700,1.0,0.0
2013-10-03,126.62,127.4,125.22,125.61,370900,1.0,0.0
2013-10-04,125.44,127.14,125.13,127.04,379500,1.0,0.0
2013-10-07,125.95,127.44,125.32,126.88,624800,1.0,0.0
2013-10-08,126.89,127.68,124.89,124.99,708200,1.0,0.0
2013-10-09,124.93,125.21,122.66,123.004,681500,1.0,0.0
2013-10-10,123.8,126.15,123.12,125.94,666400,1.0,0.0
2013-10-11,126.07,128.21,126.0,128.19,961100,1.0,0.0
2013-10-14,127.5,129.24,127.23,129.11,382400,1.0,0.0
2013-10-15,129.49,129.98,128.395,129.08,627700,1.0,0.0
2013-10-16,131.1,132.54,130.43,132.17,1161400,1.0,0.0
2013-10-17,132.08,135.62,131.62,135.188,1052400,1.0,0.0
2013-10-18,135.56,135.56,132.95,133.93,1008500,1.0,0.0
2013-10-21,131.2,134.78,131.2,134.71,662000,1.0,0.0
2013-10-22,135.15,135.35,133.46,133.77,548700,1.0,0.0
2013-10-23,133.28,134.56,131.9,134.31,1192400,1.0,0.0
2013-10-24,125.8,127.2,122.75,125.08,3329900,1.0,0.0
2013-10-25,126.97,126.97,124.44,125.86,1246400,1.0,0.0
2013-10-28,125.74,126.39,123.52,123.71,851500,1.0,0.0
2013-10-29,124.0,124.65,123.39,124.06,1013100,1.0,0.0
2013-10-30,123.91,124.66,123.51,123.97,1034800,1.0,0.0
2013-10-31,124.17,124.8,123.51,123.81,709200,1.0,0.0
2013-11-01,124.81,124.86,123.57,124.21,566000,1.0,0.0
2013-11-04,124.28,125.67,123.89,124.24,534100,1.0,0.0
2013-11-05,123.98,125.31,123.53,124.26,607100,1.0,0.0
2013-11-06,124.37,124.89,123.59,124.25,418900,1.0,0.0
2013-11-07,124.93,124.93,123.0,123.1,672900,1.0,0.0
2013-11-08,123.31,123.92,122.42,123.52,659900,1.0,0.0
2013-11-11,123.74,124.74,123.27,124.2,389700,1.0,0.0
2013-11-12,123.75,125.1,123.54,124.04,773600,1.0,0.0
2013-11-13,123.71,125.29,123.54,125.2,538200,1.0,0.0
2013-11-14,125.5,125.89,124.2705,125.62,454000,1.0,0.0
2013-11-15,125.55,126.22,125.08,126.22,579800,1.0,0.0
2013-11-18,125.96,126.22,123.9,124.48,610400,1.0,0.0
2013-11-19,124.46,125.32,123.82,123.9,388300,1.0,0.0
2013-11-20,123.77,124.59,123.03,124.28,492700,1.0,0.0
2013-11-21,125.04,126.035,124.51,125.09,513400,1.0,0.0
2013-11-22,124.71,125.91,124.28,125.74,771500,1.0,0.0
2013-11-25,125.88,126.4,124.93,125.28,444500,1.0,0.0
2013-11-26,125.13,125.28,124.25,124.51,800400,1.0,0.0
2013-11-27,124.51,124.9,123.93,124.8,856000,1.0,0.0
2013-11-29,124.87,125.58,124.73,124.96,222900,1.0,0.0
2013-12-02,124.3,125.3,124.17,124.57,468200,1.0,0.0
2013-12-03,123.78,124.8,123.78,124.36,539500,1.0,0.0
2013-12-04,123.61,124.5,120.34,121.08,2158700,1.0,0.0
2013-12-05,121.06,122.19,120.92,120.96,1102000,1.0,0.0
2013-12-06,122.28,125.08,121.7,125.0,1190500,1.0,0.0
2013-12-09,125.0,125.215,123.235,123.86,1044900,1.0,0.0
2013-12-10,123.33,125.82,123.33,125.02,877400,1.0,0.0
2013-12-11,125.34,126.11,124.69,124.86,897800,1.0,0.0
2013-12-12,124.67,127.97,124.42,124.92,798700,1.0,0.0
2013-12-13,125.52,126.66,124.99,126.47,732000,1.0,0.0
2013-12-16,126.89,128.1,126.71,127.94,708900,1.0,0.0
2013-12-17,127.91,128.26,127.29,127.34,634600,1.0,0.0
2013-12-18,127.5,129.63,126.68,129.53,635200,1.0,0.0
2013-12-19,129.53,129.82,128.19,129.14,457700,1.0,0.0
2013-12-20,129.65,129.816,128.57,128.76,1049600,1.0,0.0
2013-12-23,128.97,129.46,127.34,128.25,650400,1.0,0.0
2013-12-24,128.61,129.594,128.2501,129.21,155800,1.0,0.0
2013-12-26,129.35,129.81,128.15,129.64,290800,1.0,0.0
2013-12-27,129.94,129.992,128.43,128.87,232400,1.0,0.0
2013-12-30,129.11,129.11,127.61,128.46,337300,1.0,0.0
2013-12-31,128.63,129.37,128.12,128.71,330400,1.0,0.0
2014-01-02,128.42,129.64,128.2,128.76,537600,1.0,0.0
2014-01-03,128.66,129.97,128.48,129.04,472900,1.0,0.0
2014-01-06,129.5,130.69,129.03,129.52,779000,1.0,0.0
2014-01-07,129.89,133.12,129.75,133.01,1007100,1.0,0.0
2014-01-08,132.76,133.33,131.53,132.58,1055100,1.0,0.0
2014-01-09,133.22,133.82,132.32,132.49,606200,1.0,0.0
2014-01-10,132.82,133.24,132.311,132.99,430700,1.0,0.0
2014-01-13,132.92,133.97,130.0,130.22,685400,1.0,0.0
2014-01-14,130.69,133.0195,130.06,132.6,685000,1.0,0.0
2014-01-15,132.49,133.7,132.42,133.14,444800,1.0,0.0
2014-01-16,133.0,133.75,132.04,133.72,391300,1.0,0.0
2014-01-17,133.44,135.54,133.23,135.48,830200,1.0,0.0
2014-01-21,135.89,136.436,134.96,135.99,715500,1.0,0.0
2014-01-22,136.16,137.282,135.25,136.02,581100,1.0,0.0
2014-01-23,135.02,136.15,133.6,134.35,588500,1.0,0.0
2014-01-24,133.99,134.42,132.48,132.56,727900,1.0,0.0
2014-01-27,132.96,134.26,131.975,133.06,859100,1.0,0.0
2014-01-28,133.0,133.97,131.61,132.06,781800,1.0,0.0
2014-01-29,131.45,131.74,130.23,130.3,1058500,1.0,0.0
2014-01-30,131.18,132.34,130.05,132.29,557600,1.0,0.0
2014-01-31,130.92,131.86,129.78,130.98,762500,1.0,0.0
2014-02-03,133.39,134.11,129.72,131.0,1273900,1.0,0.0
2014-02-04,132.47,134.74,131.69,134.49,1817600,1.0,0.0
2014-02-05,132.86,134.97,131.84,134.56,1394000,1.0,0.0
2014-02-06,142.32,149.99,141.93,146.72,2707500,1.0,0.0
2014-02-07,146.91,149.37,146.03,149.2,1124300,1.0,0.0
2014-02-10,149.13,149.48,147.16,148.19,824900,1.0,0.0
2014-02-11,147.09,151.5,147.0101,150.55,1584500,1.0,0.0
2014-02-12,151.0,151.85,150.35,151.33,842800,1.0,0.0
2014-02-13,150.68,152.87,150.3,152.82,898300,1.0,0.0
2014-02-14,152.39,155.16,151.48,154.81,1001100,1.0,0.0
2014-02-18,155.94,155.94,153.72,154.76,664300,1.0,0.0
2014-02-19,154.25,155.05,153.1,153.21,660100,1.0,0.0
2014-02-20,154.48,154.98,153.18,154.26,489400,1.0,0.0
2014-02-21,154.31,154.5,153.01,153.79,571800,1.0,0.0
2014-02-24,154.41,155.39,153.02,153.87,764100,1.0,0.0
2014-02-25,153.61,155.06,152.86,153.34,515100,1.0,0.0
2014-02-26,154.09,154.67,150.54,151.43,1049900,1.0,0.0
2014-02-27,152.0,152.29,149.55,150.5,857900,1.0,0.0
2014-02-28,150.97,151.88,149.77,150.85,734500,1.0,0.0
2014-03-03,150.13,152.17,150.0,151.13,667800,1.0,0.0
2014-03-04,151.04,153.05,149.56,151.39,981900,1.0,0.0
2014-03-05,150.65,151.48,149.22,150.48,545700,1.0,0.0
2014-03-06,150.75,150.75,149.41,149.75,471400,1.0,0.0
2014-03-07,150.52,151.19,149.57,150.47,471900,1.0,0.0
2014-03-10,150.63,151.48,149.8362,150.87,356000,1.0,0.0
2014-03-11,150.68,151.366,149.27,149.55,325100,1.0,0.0
2014-03-12,149.27,149.73,148.34,149.2,474300,1.0,0.0
2014-03-13,150.07,150.07,146.42,146.68,474400,1.0,0.0
2014-03-14,145.97,148.35,145.95,147.78,702500,1.0,0.0
2014-03-17,148.66,149.32,148.03,148.44,572100,1.0,0.0
2014-03-18,148.18,148.82,147.28,148.47,401700,1.0,0.0
2014-03-19,148.37,148.405,145.9,147.22,503100,1.0,0.0
2014-03-20,146.25,147.29,145.56,146.72,473300,1.0,0.0
2014-03-21,148.26,150.875,146.82,148.9,1157700,1.0,0.0
2014-03-24,148.64,149.18,145.62,146.81,542000,1.0,0.0
2014-03-25,147.06,148.23,146.16,146.72,468500,1.0,0.0
2014-03-26,146.89,148.42,146.67,146.79,808500,1.0,0.0
2014-03-27,146.69,147.47,145.13,145.68,446900,1.0,0.0
2014-03-28,146.36,148.8,145.65,147.93,673600,1.0,0.0
2014-03-31,148.41,149.0,147.41,148.39,607900,1.0,0.0
2014-04-01,148.48,151.26,148.48,149.35,977500,1.0,0.0
2014-04-02,149.09,150.26,148.36,149.39,430300,1.0,0.0
2014-04-03,149.42,150.195,147.65,148.53,428300,1.0,0.0
2014-04-04,149.05,149.275,144.36,145.0,638500,1.0,0.0
2014-04-07,144.65,144.82,142.17,143.03,870700,1.0,0.0
2014-04-08,143.03,144.63,142.102,144.15,588600,1.0,0.0
2014-04-09,144.61,145.22,143.5,144.96,531700,1.0,0.0
2014-04-10,145.07,145.79,142.425,142.44,737600,1.0,0.0
2014-04-11,141.39,143.5497,141.08,141.93,963100,1.0,0.0
2014-04-14,143.07,143.5399,141.5,143.0,594400,1.0,0.0
2014-04-15,143.47,144.365,141.12,142.85,577600,1.0,0.0
2014-04-16,143.43,144.72,141.74,144.54,617700,1.0,0.0
2014-04-17,145.18,147.97,144.64,146.44,898900,1.0,0.0
2014-04-21,146.93,148.22,146.2,147.96,697600,1.0,0.0
2014-04-22,147.52,149.45,147.37,147.95,657000,1.0,0.0
2014-04-23,148.35,149.26,147.23,148.12,804400,1.0,0.0
2014-04-24,145.65,147.89,143.25,147.69,1626000,1.0,0.0
2014-04-25,147.51,148.25,145.48,147.68,710200,1.0,0.0
2014-04-28,148.19,149.0,146.66,148.48,896500,1.0,0.0
2014-04-29,149.03,150.7,148.18,149.98,889400,1.0,0.0
2014-04-30,149.56,150.27,147.96,148.79,773900,1.0,0.0
2014-05-01,148.99,150.075,147.7011,147.91,537700,1.0,0.0
2014-05-02,149.11,150.91,147.915,148.92,693700,1.0,0.0
2014-05-05,147.91,148.97,147.37,147.67,504600,1.0,0.0
2014-05-06,147.38,147.98,146.561,147.05,666900,1.0,0.0
2014-05-07,147.25,147.82,145.27,146.05,552900,1.0,0.0
2014-05-08,146.05,147.77,145.24,146.56,794500,1.0,0.0
2014-05-09,146.97,148.63,145.88,148.61,627900,1.0,0.0
2014-05-12,148.61,151.15,148.19,150.62,716000,1.0,0.0
2014-05-13,150.67,151.2,148.19,149.06,572400,1.0,0.0
2014-05-14,148.5,149.269,147.244,147.77,435800,1.0,0.0
2014-05-15,147.76,148.37,144.38,146.11,563900,1.0,0.0
2014-05-16,145.85,146.61,145.22,146.34,402100,1.0,0.0
2014-05-19,145.74,147.41,145.74,146.68,367100,1.0,0.0
2014-05-20,146.34,146.98,145.11,145.71,504800,1.0,0.0
2014-05-21,146.32,146.8975,145.17,146.46,422700,1.0,0.0
2014-05-22,146.78,149.01,146.0,148.12,482900,1.0,0.0
2014-05-23,148.46,149.29,148.03,148.64,444100,1.0,0.0
2014-05-27,149.04,149.31,146.8,146.93,523900,1.0,0.0
2014-05-28,146.98,147.59,145.6201,146.69,610900,1.0,0.0
2014-05-29,146.36,147.18,146.04,146.52,669000,1.0,0.0
2014-05-30,146.95,148.42,146.52,147.95,930000,1.0,0.0
2014-06-02,148.43,149.58,147.9501,148.86,407900,1.0,0.0
2014-06-03,148.01,149.8,148.01,148.49,400600,1.0,0.0
2014-06-04,148.04,150.92,147.94,150.85,383500,1.0,0.0
2014-06-05,150.91,152.05,149.9,151.45,483700,1.0,0.0
2014-06-06,152.03,153.59,151.619,153.37,565900,1.0,0.0
2014-06-09,153.83,154.21,151.98,152.36,376400,1.0,0.0
2014-06-10,151.68,152.15,150.33,151.84,393300,1.0,0.0
2014-06-11,151.88,152.36,150.57,151.02,338500,1.0,0.0
2014-06-12,150.06,150.96,148.242,148.75,406800,1.0,0.0
2014-06-13,149.07,149.64,148.01,149.54,341100,1.0,0.0
2014-06-16,148.87,150.3,148.26,148.6,490900,1.0,0.0
2014-06-17,147.94,149.4,147.21,148.78,366700,1.0,0.0
2014-06-18,150.02,151.5,149.87,151.13,834400,1.0,0.0
2014-06-19,151.51,152.01,150.14,150.57,377900,1.0,0.0
2014-06-20,151.48,151.89,150.01,150.99,1206200,1.0,0.0
2014-06-23,150.65,151.045,149.5,149.82,532100,1.0,0.0
2014-06-24,151.05,151.17,149.04,149.16,585800,1.0,0.0
2014-06-25,148.47,149.96,147.71,149.24,481700,1.0,0.0
2014-06-26,149.07,149.56,148.44,149.31,427500,1.0,0.0
2014-06-27,148.92,150.23,148.9,149.76,690800,1.0,0.0
2014-06-30,149.39,150.62,149.29,150.6,689800,1.0,0.0
2014-07-01,150.03,152.09,150.01,151.51,489400,1.0,0.0
2014-07-02,151.06,151.98,150.18,151.9,369000,1.0,0.0
2014-07-03,152.07,153.11,151.71,152.95,274900,1.0,0.0
2014-07-07,152.69,153.4,152.17,152.5,294400,1.0,0.0
2014-07-08,152.39,153.16,152.01,152.07,580600,1.0,0.0
2014-07-09,152.5,155.8,152.09,155.65,644300,1.0,0.0
2014-07-10,153.82,154.81,153.32,153.59,565200,1.0,0.0
2014-07-11,153.73,154.21,151.96,154.1,449300,1.0,0.0
2014-07-14,154.91,156.37,154.16,155.89,601700,1.0,0.0
2014-07-15,155.62,155.92,153.8201,154.25,515300,1.0,0.0
2014-07-16,154.51,154.85,153.12,153.92,713600,1.0,0.0
2014-07-17,153.06,154.64,151.888,152.06,612600,1.0,0.0
2014-07-18,151.68,152.94,150.43,152.83,731600,1.0,0.0
2014-07-21,151.81,152.87,150.17,150.2,869500,1.0,0.0
2014-07-22,149.97,150.7,145.78,145.88,1665900,1.0,0.0
2014-07-23,145.95,147.01,145.51,146.61,1064100,1.0,0.0
2014-07-24,153.27,154.0,150.24,151.77,1654000,1.0,0.0
2014-07-25,151.17,152.49,151.17,151.74,911400,1.0,0.0
2014-07-28,151.72,152.26,151.06,151.58,429400,1.0,0.0
2014-07-29,151.65,152.0475,150.21,150.26,650100,1.0,0.0
2014-07-30,150.88,152.57,150.46,152.45,675200,1.0,0.0
2014-07-31,151.16,152.39,149.78,150.0,1155400,1.0,0.0
2014-08-01,150.18,152.08,149.82,150.09,645500,1.0,0.0
2014-08-04,150.02,151.7,149.84,150.83,782900,1.0,0.0
2014-08-05,149.59,151.23,149.59,150.01,291487,1.0,0.0
2014-08-06,149.76,150.82,149.73,150.08,248408,1.0,0.0
2014-08-07,151.05,151.05,148.74,148.86,404900,1.0,0.0
2014-08-08,149.54,152.72,149.37,152.66,677600,1.0,0.0
2014-08-11,152.73,153.62,152.5,153.1,595700,1.0,0.0
2014-08-12,152.69,153.2,150.87,152.01,401000,1.0,0.0
2014-08-13,152.54,152.54,150.45,151.02,543100,1.0,0.0
2014-08-14,151.89,153.97,151.56,153.92,813300,1.0,0.0
2014-08-15,155.0,155.0,151.37,151.94,689400,1.0,0.0
2014-08-18,154.87,154.87,152.26,153.89,463600,1.0,0.0
2014-08-19,153.89,154.72,153.61,153.91,402000,1.0,0.0
2014-08-20,153.39,155.34,153.34,155.12,452700,1.0,0.0
2014-08-21,154.65,156.21,153.82,154.47,507800,1.0,0.0
2014-08-22,154.93,155.93,154.25,155.42,439300,1.0,0.0
2014-08-25,156.46,157.11,155.48,156.96,480900,1.0,0.0
2014-08-26,156.69,156.77,154.84,154.94,439400,1.0,0.0
2014-08-27,154.51,155.78,154.51,155.3,336100,1.0,0.0
2014-08-28,155.6,156.87,154.2059,156.46,352200,1.0,0.0
2014-08-29,157.18,157.18,154.97,155.98,455100,1.0,0.0
2014-09-02,156.65,158.07,156.45,156.6,411800,1.0,0.0
2014-09-03,156.93,157.635,156.61,157.145,380200,1.0,0.0
2014-09-04,157.09,158.37,157.09,157.43,477600,1.0,0.0
2014-09-05,156.85,158.6,156.29,158.55,402300,1.0,0.0
2014-09-08,157.91,158.63,157.36,158.24,567600,1.0,0.0
2014-09-09,157.48,158.14,156.26,156.45,592700,1.0,0.0
2014-09-10,156.34,156.86,155.65,156.18,488200,1.0,0.0
2014-09-11,155.76,155.8,153.7,154.79,648800,1.0,0.0
2014-09-12,154.79,155.23,153.7148,154.23,437900,1.0,0.0
2014-09-15,154.04,154.61,153.68,153.88,313500,1.0,0.0
2014-09-16,153.6,155.511,153.5236,155.02,678500,1.0,0.0
2014-09-17,154.76,155.4,153.74,154.68,432400,1.0,0.0
2014-09-18,154.97,155.51,153.62,155.18,555200,1.0,0.0
2014-09-19,155.96,155.96,151.47,153.83,1353000,1.0,0.0
2014-09-22,153.25,153.63,151.22,151.72,592100,1.0,0.0
2014-09-23,150.95,152.23,150.57,150.84,563300,1.0,0.0
2014-09-24,151.02,152.31,150.71,151.62,597862,1.0,0.0
2014-09-25,151.02,151.72,149.51,149.57,552836,1.0,0.0
2014-09-26,149.57,151.84,149.57,151.34,447170,1.0,0.0
2014-09-29,150.43,152.58,149.84,151.81,536115,1.0,0.0
2014-09-30,151.56,152.03,150.21,150.36,947184,1.0,0.0
2014-10-01,149.97,150.92,149.28,149.44,657319,1.0,0.0
2014-10-02,149.47,151.48,149.47,150.95,533538,1.0,0.0
2014-10-03,151.46,153.7,151.21,153.22,415819,1.0,0.0
2014-10-06,153.21,154.4,152.29,152.63,361738,1.0,0.0
2014-10-07,151.64,152.78,151.13,151.31,457767,1.0,0.0
2014-10-08,151.66,153.48,150.83,153.09,712538,1.0,0.0
2014-10-09,153.11,153.855,150.06,150.06,780619,1.0,0.0
2014-10-10,149.85,152.09,149.83,151.55,861355,1.0,0.0
2014-10-13,151.31,151.79,148.5,148.53,780019,1.0,0.0
2014-10-14,149.78,150.17,148.85,149.0,684862,1.0,0.0
2014-10-15,147.17,150.49,146.22,149.62,1389125,1.0,0.0
2014-10-16,147.83,151.3,146.82,149.46,913268,1.0,0.0
2014-10-17,150.27,152.74,149.4,152.085,858153,1.0,0.0
2014-10-20,152.27,155.23,151.874,154.96,960530,1.0,0.0
2014-10-21,156.3,159.2,155.51,158.9,917241,1.0,0.0
2014-10-22,158.95,160.78,157.18,157.36,1173805,1.0,0.0
2014-10-23,165.0,169.13,163.72,167.44,1886938,1.0,0.0
2014-10-24,167.73,170.89,166.88,170.48,1066789,1.0,0.0
2014-10-27,170.69,172.0,170.01,171.3,803044,1.0,0.0
2014-10-28,171.59,173.34,171.51,173.33,855500,1.0,0.0
2014-10-29,173.82,174.14,172.65,174.06,712055,1.0,0.0
2014-10-30,173.16,175.8,172.771,174.9,587304,1.0,0.0
2014-10-31,177.0,177.0,175.0,175.88,883635,1.0,0.0
2014-11-03,175.65,176.4625,175.37,175.86,2862657,1.0,0.0
2014-11-04,175.17,178.12,175.01,177.11,871587,1.0,0.0
2014-11-05,178.41,178.82,176.81,177.46,671708,1.0,0.0
2014-11-06,176.68,180.0,175.63,179.61,749418,1.0,0.0
2014-11-07,179.95,179.968,178.29,179.0,528820,1.0,0.0
2014-11-10,178.52,180.11,177.88,180.09,705533,1.0,0.0
2014-11-11,179.89,180.175,179.02,179.33,483444,1.0,0.0
2014-11-12,179.33,180.35,178.5,180.01,521485,1.0,0.0
2014-11-13,180.4,181.915,179.91,181.63,550704,1.0,0.0
2014-11-14,181.75,181.75,178.74,179.88,613413,1.0,0.0
2014-11-17,178.8,179.63,176.71,177.3,694512,1.0,0.0
2014-11-18,177.18,178.98,177.18,178.57,421643,1.0,0.0
2014-11-19,179.21,179.32,177.53,178.19,388163,1.0,0.0
2014-11-20,177.31,179.28,177.31,178.71,407448,1.0,0.0
2014-11-21,181.05,181.05,178.72,179.04,457450,1.0,0.0
2014-11-24,179.83,180.5,178.22,180.46,679919,1.0,0.0
2014-11-25,181.0,182.12,178.82,178.95,1040389,1.0,0.0
2014-11-26,179.35,180.47,178.7601,180.32,414600,1.0,0.0
2014-11-28,181.56,183.63,180.74,182.74,392669,1.0,0.0
2014-12-01,182.72,183.25,180.69,181.52,574041,1.0,0.0
2014-12-02,181.53,184.05,181.3,183.96,458369,1.0,0.0
2014-12-03,184.35,188.88,184.2,188.67,1114032,1.0,0.0
2014-12-04,188.86,189.73,187.04,188.93,672673,1.0,0.0
2014-12-05,188.72,189.4,186.64,187.94,614159,1.0,0.0
2014-12-08,186.88,188.33,185.84,186.58,462021,1.0,0.0
2014-12-09,192.85,192.94,188.96,192.54,1020996,1.0,0.0
2014-12-10,191.97,192.87,190.18,190.83,772286,1.0,0.0
2014-12-11,191.02,193.93,190.86,191.87,657297,1.0,0.0
2014-12-12,189.95,194.076,189.95,191.99,756580,1.0,0.0
2014-12-15,192.81,193.74,190.3,192.21,685468,1.0,0.0
2014-12-16,192.99,193.43,190.12,190.17,605629,1.0,0.0
2014-12-17,190.31,192.48,188.36,192.2,599696,1.0,0.0
2014-12-18,194.19,194.73,191.02,193.58,951147,1.0,0.0
2014-12-19,193.3,194.53,191.9506,193.14,1852894,1.0,0.0
2014-12-22,192.96,195.28,192.0,194.955,476229,1.0,0.0
2014-12-23,196.0,196.8,194.86,195.06,551373,1.0,0.0
2014-12-24,195.87,196.23,193.9,193.95,231668,1.0,0.0
2014-12-26,193.98,195.84,193.52,193.99,262241,1.0,0.0
2014-12-29,193.95,195.64,192.89,195.48,415191,1.0,0.0
2014-12-30,194.68,195.73,193.84,194.15,328502,1.0,0.0
2014-12-31,195.0,196.0,192.54,192.62,587117,1.0,0.0
2015-01-02,192.86,195.03,190.71,192.11,839582,1.0,0.0
2015-01-05,191.51,192.38,188.54,188.72,971501,1.0,0.0
2015-01-06,189.73,189.92,186.57,188.08,898893,1.0,0.0
2015-01-07,189.17,190.9006,187.98,189.79,939739,1.0,0.0
2015-01-08,191.27,194.37,190.505,193.24,1288836,1.0,0.0
2015-01-09,191.04,191.99,187.62,187.83,1366185,1.0,0.0
2015-01-12,186.94,187.61,184.41,185.58,1061243,1.0,0.0
2015-01-13,184.16,186.5853,181.0,182.75,1154386,1.0,0.0
2015-01-14,182.03,183.24,180.45,182.455,860248,1.0,0.0
2015-01-15,183.1,183.95,179.81,179.96,636361,1.0,0.0
2015-01-16,179.51,182.99,179.0,182.91,687571,1.0,0.0
2015-01-20,183.7,186.91,182.58,186.42,975540,1.0,0.0
2015-01-21,185.61,186.42,183.98,184.97,685882,1.0,0.0
2015-01-22,185.35,189.99,184.64,189.32,554466,1.0,0.0
2015-01-23,189.27,190.93,188.37,190.08,497517,1.0,0.0
2015-01-26,189.6,191.94,188.82,191.28,552660,1.0,0.0
2015-01-27,189.69,191.8,189.5237,190.97,497139,1.0,0.0
2015-01-28,192.49,194.29,191.19,191.27,955940,1.0,0.0
2015-01-29,190.46,192.74,189.32,192.65,656817,1.0,0.0
2015-01-30,192.14,192.6637,187.23,187.36,868040,1.0,0.0
2015-02-02,187.7,190.35,184.76,190.28,832378,1.0,0.0
2015-02-03,191.65,193.79,188.87,193.28,1034709,1.0,0.0
2015-02-04,193.19,193.3,191.06,192.71,1058082,1.0,0.0
2015-02-05,201.72,214.15,200.87,208.24,2992152,1.0,0.0
2015-02-06,209.22,209.91,205.4,206.775,1326221,1.0,0.0
2015-02-09,205.66,206.28,204.31,205.07,757489,1.0,0.0
2015-02-10,204.4,206.48,203.66,206.03,696651,1.0,0.0
2015-02-11,206.24,208.24,205.76,207.45,484169,1.0,0.0
2015-02-12,207.57,208.05,206.0,206.57,615348,1.0,0.0
2015-02-13,206.38,207.08,205.01,205.55,541354,1.0,0.0
2015-02-17,205.21,206.32,203.89,205.7,497181,1.0,0.0
2015-02-18,206.07,206.49,204.32,205.78,298782,1.0,0.0
2015-02-19,206.06,206.68,204.09,204.91,383069,1.0,0.0
2015-02-20,205.27,206.64,203.168,205.84,469101,1.0,0.0
2015-02-23,206.15,208.68,205.74,208.52,689155,1.0,0.0
2015-02-24,208.21,209.5499,206.86,207.54,435963,1.0,0.0
2015-02-25,207.34,209.39,207.34,208.69,580288,1.0,0.0
2015-02-26,208.1,209.65,207.34,209.34,493371,1.0,0.0
2015-02-27,209.8,209.98,207.81,208.13,453731,1.0,0.0
2015-03-02,209.12,212.0,208.202,212.0,797671,1.0,0.0
2015-03-03,212.2,213.279,210.393,211.66,573649,1.0,0.0
2015-03-04,211.28,211.94,207.75,207.83,440699,1.0,0.0
2015-03-05,207.54,209.56,207.1059,208.02,554546,1.0,0.0
2015-03-06,207.15,208.64,203.63,204.19,612066,1.0,0.0
2015-03-09,204.6,206.66,203.69,206.58,532382,1.0,0.0
2015-03-10,205.34,205.47,202.44,203.06,471200,1.0,0.0
2015-03-11,202.94,205.6,202.94,204.275,429536,1.0,0.0
2015-03-12,205.37,210.11,205.09,209.55,591045,1.0,0.0
2015-03-13,208.69,210.7104,207.7,210.23,407836,1.0,0.0
2015-03-16,211.12,215.49,210.4,215.055,637233,1.0,0.0
2015-03-17,213.88,215.01,212.965,214.04,405389,1.0,0.0
2015-03-18,213.28,214.95,209.6001,214.315,502348,1.0,0.0
2015-03-19,214.33,215.23,213.38,214.97,368019,1.0,0.0
2015-03-20,216.41,217.6,213.76,214.79,992629,1.0,0.0
2015-03-23,214.97,217.0431,214.79,215.29,576171,1.0,0.0
2015-03-24,214.51,216.23,214.0,214.515,500318,1.0,0.0
2015-03-25,214.96,215.52,208.95,208.98,591378,1.0,0.0
2015-03-26,208.42,211.89,206.86,211.19,575184,1.0,0.0
2015-03-27,210.38,215.87,209.93,215.42,594303,1.0,0.0
2015-03-30,217.24,220.11,216.25,219.38,657877,1.0,0.0
2015-03-31,217.57,219.98,216.14,216.24,707574,1.0,0.0
2015-04-01,216.64,216.78,212.77,215.3,804274,1.0,0.0
2015-04-02,215.34,216.8,214.31,215.58,480103,1.0,0.0
2015-04-06,213.28,218.3,212.81,216.2,569246,1.0,0.0
2015-04-07,216.47,217.77,215.595,216.125,351245,1.0,0.0
2015-04-08,216.54,218.14,215.1,218.1,589197,1.0,0.0
2015-04-09,217.28,222.935,216.47,218.52,461963,1.0,0.0
2015-04-10,219.29,220.52,218.07,220.015,363803,1.0,0.0
2015-04-13,220.39,220.69,217.95,218.22,516045,1.0,0.0
2015-04-14,218.35,219.13,216.92,217.04,396699,1.0,0.0
2015-04-15,217.25,218.375,215.53,215.91,504662,1.0,0.0
2015-04-16,216.06,216.57,214.5,215.41,599373,1.0,0.0
2015-04-17,214.25,215.69,212.15,214.05,495476,1.0,0.0
2015-04-20,215.66,218.11,214.34,217.15,566244,1.0,0.0
2015-04-21,218.72,219.9199,216.135,217.07,475866,1.0,0.0
2015-04-22,217.07,217.36,214.19,216.67,770523,1.0,0.0
2015-04-23,225.0,230.77,224.0,228.31,1374785,1.0,0.0
2015-04-24,228.05,229.7999,227.09,229.35,747589,1.0,0.0
2015-04-27,230.0,230.0,224.82,225.13,498525,1.0,0.0
2015-04-28,225.2,226.56,223.55,226.26,709550,1.0,0.0
2015-04-29,225.46,225.8,220.57,220.96,687614,1.0,0.0
2015-04-30,220.87,222.86,216.72,217.83,657049,1.0,0.0
2015-05-01,219.0,222.48,218.21,222.04,691948,1.0,0.0
2015-05-04,221.85,223.51,220.61,222.79,407854,1.0,0.0
2015-05-05,221.82,223.1,218.76,219.52,576434,1.0,0.0
2015-05-06,220.26,220.6,216.41,217.38,671424,1.0,0.0
2015-05-07,217.88,220.66,217.84,219.38,584488,1.0,0.0
2015-05-08,221.03,223.86,220.39,221.09,586685,1.0,0.0
2015-05-11,220.81,222.61,220.0,220.48,634532,1.0,0.0
2015-05-12,219.35,221.31,218.58,220.195,501726,1.0,0.0
2015-05-13,220.01,222.02,218.6,219.58,507225,1.0,0.0
2015-05-14,221.23,222.62,218.86,222.28,456622,1.0,0.0
2015-05-15,222.78,223.452,221.7775,223.05,485683,1.0,0.0
2015-05-18,223.05,225.0,222.81,224.27,440871,1.0,0.0
2015-05-19,224.6,225.93,223.62,223.93,395113,1.0,0.0
2015-05-20,224.54,224.98,222.11,222.33,339988,1.0,0.0
2015-05-21,220.98,225.46,220.98,224.94,465442,1.0,0.0
2015-05-22,224.37,226.0,223.62,224.4,356353,1.0,0.0
2015-05-26,224.23,225.87,222.46,222.83,562938,1.0,0.0
2015-05-27,223.25,223.85,222.37,222.54,360434,1.0,0.0
2015-05-28,222.72,223.585,221.26,222.67,438622,1.0,0.0
2015-05-29,221.68,222.92,219.27,219.53,821940,1.0,0.0
2015-06-01,220.8,223.18,218.82,222.49,568537,1.0,0.0
2015-06-02,221.14,223.79,221.14,222.9,577978,1.0,0.0
2015-06-03,223.78,225.0,222.9,224.22,336903,1.0,0.0
2015-06-04,223.11,224.86,221.87,222.12,433607,1.0,0.0
2015-06-05,221.61,223.11,221.0203,222.09,349690,1.0,0.0
2015-06-08,221.61,223.14,221.61,221.84,425804,1.0,0.0
2015-06-09,221.41,223.95,220.78,222.93,327794,1.0,0.0
2015-06-10,223.53,226.21,222.93,225.68,389849,1.0,0.0
2015-06-11,226.47,227.67,225.57,226.03,410758,1.0,0.0
2015-06-12,225.1,226.33,224.71,225.45,411532,1.0,0.0
2015-06-15,223.8,224.83,222.18,223.32,511505,1.0,0.0
2015-06-16,223.56,226.46,223.24,225.86,378230,1.0,0.0
2015-06-17,227.09,227.735,224.08,226.22,376701,1.0,0.0
2015-06-18,226.52,229.98,226.52,229.36,583172,1.0,0.0
2015-06-19,229.43,231.38,228.0301,229.45,969501,1.0,0.0
2015-06-22,230.57,230.956,229.34,230.64,426432,1.0,0.0
2015-06-23,230.95,232.24,230.2882,231.76,388764,1.0,0.0
2015-06-24,230.83,231.8,229.845,230.19,422044,1.0,0.0
2015-06-25,230.96,233.45,230.61,231.77,512550,1.0,0.0
2015-06-26,232.93,233.84,231.5,232.41,635114,1.0,0.0
2015-06-29,231.08,231.13,226.268,226.43,568469,1.0,0.0
2015-06-30,228.65,229.17,225.0,225.98,814512,1.0,0.0
2015-07-01,228.01,231.38,227.77,230.98,678970,1.0,0.0
2015-07-02,231.98,232.58,230.15,231.24,379121,1.0,0.0
2015-07-06,229.3,233.6799,229.0,232.48,352912,1.0,0.0
2015-07-07,233.25,234.2,230.97,234.04,613405,1.0,0.0
2015-07-08,232.41,233.39,230.35,230.815,486925,1.0,0.0
2015-07-09,233.51,233.96,230.47,231.38,498500,1.0,0.0
2015-07-10,234.29,236.63,233.19,235.9,444186,1.0,0.0
2015-07-13,238.27,240.2,236.93,239.82,444209,1.0,0.0
2015-07-14,240.52,240.52,236.41,237.28,509446,1.0,0.0
2015-07-15,237.29,239.0,237.08,237.69,425498,1.0,0.0
2015-07-16,239.2,239.3,237.32,238.97,494462,1.0,0.0
2015-07-17,238.92,238.97,236.1,238.69,448447,1.0,0.0
2015-07-20,238.69,241.5,238.26,240.2,612467,1.0,0.0
2015-07-21,240.56,240.82,239.62,239.71,564663,1.0,0.0
2015-07-22,239.83,241.51,239.6636,240.65,434704,1.0,0.0
2015-07-23,241.04,244.31,240.03,240.67,541850,1.0,0.0
2015-07-24,240.6,242.9,240.01,241.85,647460,1.0,0.0
2015-07-27,240.97,242.6,237.17,239.84,810513,1.0,0.0
2015-07-28,240.19,242.06,238.03,240.95,618698,1.0,0.0
2015-07-29,240.95,242.445,238.421,241.71,908935,1.0,0.0
2015-07-30,246.41,247.0,236.79,238.15,928765,1.0,0.0
2015-07-31,239.43,242.79,238.46,240.31,822355,1.0,0.0
2015-08-03,241.3,241.93,238.27,241.51,658927,1.0,0.0
2015-08-04,240.55,243.62,240.51,243.37,475901,1.0,0.0
2015-08-05,245.0,245.71,243.28,244.17,556366,1.0,0.0
2015-08-06,244.13,245.12,240.58,241.18,467659,1.0,0.0
2015-08-07,241.96,244.48,240.49,244.46,417182,1.0,0.0
2015-08-10,246.53,248.39,245.95,247.69,631990,1.0,0.0
2015-08-11,247.53,247.75,245.06,247.64,496469,1.0,0.0
2015-08-12,246.01,247.74,242.78,247.24,496359,1.0,0.0
2015-08-13,247.22,256.515,246.33,253.92,981537,1.0,0.0
2015-08-14,254.22,255.61,252.4564,254.37,466821,1.0,0.0
2015-08-17,254.37,255.28,252.23,254.64,342384,1.0,0.0
2015-08-18,254.81,256.39,252.7501,254.45,372983,1.0,0.0
2015-08-19,254.45,258.15,252.56,256.47,474691,1.0,0.0
2015-08-20,253.82,255.27,251.32,251.32,549753,1.0,0.0
2015-08-21,249.22,249.74,237.74,238.17,1257929,1.0,0.0
2015-08-24,234.04,239.8,226.05,231.85,1396239,1.0,0.0
2015-08-25,236.88,241.4499,231.47,231.69,1386136,1.0,0.0
2015-08-26,237.01,239.28,230.99,239.03,1127330,1.0,0.0
2015-08-27,240.76,244.74,238.76,242.96,817832,1.0,0.0
2015-08-28,241.57,244.04,240.5003,240.99,620241,1.0,0.0
2015-08-31,239.78,242.785,239.405,240.07,596405,1.0,0.0
2015-09-01,235.69,239.0,230.913,231.54,1135240,1.0,0.0
2015-09-02,234.4,239.83,234.03,239.66,901684,1.0,0.0
2015-09-03,241.14,242.25,237.07,237.94,540637,1.0,0.0
2015-09-04,234.87,236.885,233.25,234.65,472151,1.0,0.0
2015-09-08,239.01,240.31,235.22,238.5,805617,1.0,0.0
2015-09-09,240.58,244.08,238.78,239.23,842074,1.0,0.0
2015-09-10,238.89,242.53,238.89,241.24,656298,1.0,0.0
2015-09-11,239.58,246.06,239.26,245.85,842938,1.0,0.0
2015-09-14,246.56,246.84,242.6933,244.27,632515,1.0,0.0
2015-09-15,245.75,250.59,243.55,249.39,695791,1.0,0.0
2015-09-16,249.72,252.89,248.27,252.5,720682,1.0,0.0
2015-09-17,253.31,255.57,250.07,250.68,852175,1.0,0.0
2015-09-18,247.98,251.4,245.98,246.31,2558157,1.0,0.0
2015-09-21,246.79,249.02,244.42,246.81,681394,1.0,0.0
2015-09-22,244.42,246.12,243.25,244.89,543014,1.0,0.0
2015-09-23,244.71,248.54,244.121,247.85,620970,1.0,0.0
2015-09-24,246.11,249.32,245.78,247.98,578678,1.0,0.0
2015-09-25,250.19,255.49,249.17,252.22,636501,1.0,0.0
2015-09-28,252.35,253.13,245.135,245.88,618358,1.0,0.0
2015-09-29,246.7,247.19,241.21,242.98,721713,1.0,0.0
2015-09-30,245.61,250.54,244.42,249.73,1004518,1.0,0.0
2015-10-01,251.0,253.46,246.964,251.9,843991,1.0,0.0
2015-10-02,249.0,252.39,246.12,252.32,738822,1.0,0.0
2015-10-05,253.85,255.0,251.43,254.21,807473,1.0,0.0
2015-10-06,255.0,255.974,252.77,253.79,811586,1.0,0.0
2015-10-07,254.35,254.9,250.34,251.78,541418,1.0,0.0
2015-10-08,250.52,254.25,249.4401,253.56,413639,1.0,0.0
2015-10-09,254.1,254.755,252.35,253.7,447320,1.0,0.0
2015-10-12,254.71,258.86,252.81,257.07,458443,1.0,0.0
2015-10-13,256.47,257.23,251.095,251.46,603047,1.0,0.0
2015-10-14,252.23,252.4362,246.48,247.29,637191,1.0,0.0
2015-10-15,249.16,251.99,247.26,251.45,744609,1.0,0.0
2015-10-16,252.99,254.07,251.68,254.04,445143,1.0,0.0
2015-10-19,254.17,254.97,250.41,252.22,776700,1.0,0.0
2015-10-20,252.17,253.2,250.89,252.35,581479,1.0,0.0
2015-10-21,253.0,253.7399,250.75,253.2,573068,1.0,0.0
2015-10-22,254.54,257.47,253.46,256.98,684618,1.0,0.0
2015-10-23,259.33,260.39,256.33,260.03,1074901,1.0,0.0
2015-10-26,261.39,262.92,260.25,262.47,773212,1.0,0.0
2015-10-27,260.83,262.04,258.33,260.14,710276,1.0,0.0
2015-10-28,260.27,263.66,258.5613,263.04,775252,1.0,0.0
2015-10-29,273.34,277.96,268.34,275.95,1462807,1.0,0.0
2015-10-30,276.0,277.5928,274.1004,276.26,841000,1.0,0.0
2015-11-02,276.38,277.6599,272.87,273.84,992946,1.0,0.0
2015-11-03,272.48,274.03,268.49,271.51,860819,1.0,0.0
2015-11-04,270.85,272.57,268.385,272.52,667294,1.0,0.0
2015-11-05,272.23,274.3632,270.35,273.48,468577,1.0,0.0
2015-11-06,272.48,274.55,271.38,273.33,462095,1.0,0.0
2015-11-09,271.33,271.79,268.59,269.59,538737,1.0,0.0
2015-11-10,269.59,273.87,269.04,272.24,620282,1.0,0.0
2015-11-11,272.92,273.95,270.59,270.97,422569,1.0,0.0
2015-11-12,266.75,269.98,263.02,266.9,659392,1.0,0.0
2015-11-13,265.83,267.77,259.35,259.83,757050,1.0,0.0
2015-11-16,259.48,266.54,258.635,266.47,751643,1.0,0.0
2015-11-17,267.02,270.09,265.36,266.7,587660,1.0,0.0
2015-11-18,267.9,269.67,265.93,269.4,454326,1.0,0.0
2015-11-19,269.56,271.178,267.885,268.96,435263,1.0,0.0
2015-11-20,270.58,270.9193,268.86,270.5,544222,1.0,0.0
2015-11-23,270.33,271.865,266.9283,268.25,394324,1.0,0.0
2015-11-24,266.22,269.3175,265.17,267.46,554492,1.0,0.0
2015-11-25,267.76,270.83,267.5,268.19,374378,1.0,0.0
2015-11-27,268.72,269.95,267.43,268.1,292435,1.0,0.0
2015-11-30,267.2,269.29,263.5,263.87,1439747,1.0,0.0
2015-12-01,264.96,267.19,261.02,262.33,1022429,1.0,0.0
2015-12-02,262.45,263.585,261.25,261.7,930174,1.0,0.0
2015-12-03,261.73,263.225,252.63,253.37,1300158,1.0,0.0
2015-12-04,253.48,259.008,253.42,258.61,1110446,1.0,0.0
2015-12-07,258.91,259.68,255.45,256.9,775943,1.0,0.0
2015-12-08,253.76,259.67,253.3647,258.75,974800,1.0,0.0
2015-12-09,256.76,262.27,255.9,257.72,993896,1.0,0.0
2015-12-10,257.44,259.99,256.04,256.43,758271,1.0,0.0
2015-12-11,253.33,255.29,248.4,248.93,1051022,1.0,0.0
2015-12-14,249.65,252.23,246.8817,251.73,1029622,1.0,0.0
2015-12-15,253.5,253.81,247.45,250.77,1314492,1.0,0.0
2015-12-16,252.47,258.39,251.9,257.64,957696,1.0,0.0
2015-12-17,259.88,259.88,254.28,254.35,752611,1.0,0.0
2015-12-18,253.41,253.74,250.16,251.38,2673588,1.0,0.0
2015-12-21,252.3,254.665,250.92,253.73,675625,1.0,0.0
2015-12-22,254.83,255.65,252.37,253.75,483799,1.0,0.0
2015-12-23,253.82,254.51,252.01,254.15,442953,1.0,0.0
2015-12-24,254.08,254.77,252.96,253.42,218651,1.0,0.0
2015-12-28,252.56,256.0,251.99,255.94,516234,1.0,0.0
2015-12-29,257.26,260.445,256.44,258.5,449458,1.0,0.0
2015-12-30,258.41,259.6,257.18,257.66,383318,1.0,0.0
2015-12-31,255.95,257.41,253.42,253.42,413466,1.0,0.0
2016-01-04,248.45,250.96,243.71,246.11,1195038,1.0,0.0
2016-01-05,246.86,249.49,245.25,247.96,823253,1.0,0.0
2016-01-06,243.63,244.54,238.57,241.07,974008,1.0,0.0
2016-01-07,237.1,244.3,236.0,240.17,1053397,1.0,0.0
2016-01-08,239.75,241.5,234.0001,234.66,880040,1.0,0.0
2016-01-11,235.77,239.71,234.51,237.94,824187,1.0,0.0
2016-01-12,237.94,243.87,236.09,243.13,788619,1.0,0.0
2016-01-13,244.62,244.75,235.14,235.68,840881,1.0,0.0
2016-01-14,235.49,238.34,233.29,235.99,760630,1.0,0.0
2016-01-15,229.5,235.91,225.12,232.16,952010,1.0,0.0
2016-01-19,235.91,236.9,232.31,235.69,957846,1.0,0.0
2016-01-20,232.33,239.9,228.01,236.63,1364817,1.0,0.0
2016-01-21,236.43,239.467,233.48,236.71,951331,1.0,0.0
2016-01-22,239.55,240.54,236.9,239.44,589454,1.0,0.0
2016-01-25,243.68,247.0,240.39,243.89,1393044,1.0,0.0
2016-01-26,244.75,250.11,244.64,249.85,941790,1.0,0.0
2016-01-27,250.25,251.86,244.65,246.42,885234,1.0,0.0
2016-01-28,248.07,257.75,246.39,256.34,1655442,1.0,0.0
2016-01-29,257.59,261.27,255.395,260.9,1433130,1.0,0.0
2016-02-01,260.32,266.19,258.43,265.25,1143796,1.0,0.0
2016-02-02,263.6,266.23,254.77,259.49,1160843,1.0,0.0
2016-02-03,261.27,261.51,250.5,253.62,946110,1.0,0.0
2016-02-04,253.24,253.6,247.05,250.88,1002280,1.0,0.0
2016-02-05,250.88,251.435,241.05,242.07,1381092,1.0,0.0
2016-02-08,238.91,239.37,226.51,233.53,1919673,1.0,0.0
2016-02-09,231.9,240.0,230.17,236.29,1574530,1.0,0.0
2016-02-10,240.01,242.93,235.86,236.7,1788240,1.0,0.0
2016-02-11,242.0,253.49,238.48,249.53,2630297,1.0,0.0
2016-02-12,254.47,255.96,248.3,253.02,1391629,1.0,0.0
2016-02-16,255.14,259.5,253.03,255.76,1830114,1.0,0.0
2016-02-17,257.91,260.03,251.74,254.62,1148797,1.0,0.0
2016-02-18,254.27,255.72,251.51,253.41,736529,1.0,0.0
2016-02-19,252.82,259.55,249.04,257.84,883049,1.0,0.0
2016-02-22,259.26,261.74,257.68,259.54,609945,1.0,0.0
2016-02-23,258.76,260.75,255.83,258.78,881412,1.0,0.0
2016-02-24,256.33,264.1,255.0,263.77,808359,1.0,0.0
2016-02-25,264.77,267.78,262.905,267.27,774041,1.0,0.0
2016-02-26,268.87,269.0,261.54,262.93,798890,1.0,0.0
2016-02-29,262.06,264.78,259.82,260.32,838799,1.0,0.0
2016-03-01,263.18,272.22,261.635,272.22,1288327,1.0,0.0
2016-03-02,271.56,272.25,267.2135,269.55,992115,1.0,0.0
2016-03-03,266.51,270.76,265.0183,267.93,1143570,1.0,0.0
2016-03-04,268.41,268.99,263.01,265.31,1166292,1.0,0.0
2016-03-07,263.98,265.57,260.93,262.01,861076,1.0,0.0
2016-03-08,260.01,268.26,258.55,264.81,1286178,1.0,0.0
2016-03-09,265.27,266.97,262.71,264.77,743734,1.0,0.0
2016-03-10,264.77,268.59,263.87,268.14,682416,1.0,0.0
2016-03-11,270.1,272.29,268.28,272.21,780074,1.0,0.0
2016-03-14,271.87,273.28,270.0169,271.62,1126201,1.0,0.0
2016-03-15,270.66,273.49,270.15,271.13,568829,1.0,0.0
2016-03-16,269.48,270.96,268.0,270.01,453850,1.0,0.0
2016-03-17,269.15,269.81,266.42,267.75,639447,1.0,0.0
2016-03-18,268.6,269.6599,265.24,268.53,972974,1.0,0.0
2016-03-21,266.99,269.72,266.41,269.61,453666,1.0,0.0
2016-03-22,270.33,273.5,269.6647,272.74,603483,1.0,0.0
2016-03-23,272.7,277.68,271.62,276.44,729404,1.0,0.0
2016-03-24,276.35,277.17,273.405,274.76,572160,1.0,0.0
2016-03-28,274.91,275.42,271.84,273.36,619164,1.0,0.0
2016-03-29,273.48,275.8999,273.47,275.31,555363,1.0,0.0
2016-03-30,276.52,277.109,274.01,276.64,425846,1.0,0.0
2016-03-31,277.56,277.66,273.51,273.66,563832,1.0,0.0
2016-04-01,273.19,277.83,271.31,277.82,646409,1.0,0.0
2016-04-04,277.69,277.69,271.5,272.15,555258,1.0,0.0
2016-04-05,271.17,271.9155,269.99,270.51,575842,1.0,0.0
2016-04-06,271.17,272.33,268.41,271.66,488840,1.0,0.0
2016-04-07,270.16,273.49,267.63,269.33,481420,1.0,0.0
2016-04-08,270.55,271.11,267.84,269.82,525403,1.0,0.0
2016-04-11,269.6,270.395,266.79,266.93,581705,1.0,0.0
2016-04-12,268.04,269.01,265.44,268.75,868729,1.0,0.0
2016-04-13,270.73,271.205,266.67,269.37,698686,1.0,0.0
2016-04-14,274.0,274.0,269.48,269.79,766879,1.0,0.0
2016-04-15,269.75,269.76,268.01,268.75,552694,1.0,0.0
2016-04-18,268.51,273.1,268.51,272.87,635071,1.0,0.0
2016-04-19,273.76,275.89,272.8111,274.31,621135,1.0,0.0
2016-04-20,275.52,275.53,272.4101,273.58,430038,1.0,0.0
2016-04-21,273.1,273.4,269.69,269.76,606852,1.0,0.0
2016-04-22,269.22,270.8606,267.63,269.65,646301,1.0,0.0
2016-04-25,268.61,270.39,266.13,270.3,611560,1.0,0.0
2016-04-26,271.62,274.0,270.49,272.34,716365,1.0,0.0
2016-04-27,272.64,273.83,271.01,272.87,895049,1.0,0.0
2016-04-28,261.54,269.46,261.0,265.03,1852486,1.0,0.0
2016-04-29,263.62,265.59,260.16,262.68,1069925,1.0,0.0
2016-05-02,262.75,265.5899,262.68,264.28,588441,1.0,0.0
2016-05-03,262.0,269.46,262.0,268.2,824255,1.0,0.0
2016-05-04,265.52,269.33,264.68,268.54,584937,1.0,0.0
2016-05-05,267.71,267.71,263.32,263.45,630185,1.0,0.0
2016-05-06,262.15,266.5,261.52,265.92,488166,1.0,0.0
2016-05-09,264.92,269.658,264.82,267.19,443757,1.0,0.0
2016-05-10,267.65,269.68,267.26,268.83,426670,1.0,0.0
2016-05-11,268.13,268.505,262.65,262.76,569174,1.0,0.0
2016-05-12,263.01,266.4,261.85,265.13,639479,1.0,0.0
2016-05-13,263.54,265.25,257.96,258.22,975831,1.0,0.0
2016-05-16,257.58,262.96,256.6868,261.84,593810,1.0,0.0
2016-05-17,260.07,261.64,253.3,254.16,1216887,1.0,0.0
2016-05-18,253.98,256.28,251.66,255.63,1064099,1.0,0.0
2016-05-19,249.03,256.1,248.0212,255.46,1023786,1.0,0.0
2016-05-20,256.11,258.56,255.47,256.79,763266,1.0,0.0
2016-05-23,256.66,257.67,253.17,253.32,609794,1.0,0.0
2016-05-24,252.72,259.0,250.9,257.5,751629,1.0,0.0
2016-05-25,257.8,264.4,257.22,263.63,1103460,1.0,0.0
2016-05-26,264.18,267.75,263.66,264.12,769026,1.0,0.0
2016-05-27,264.5,267.11,264.5,265.88,507645,1.0,0.0
2016-05-31,267.08,267.09,263.77,264.43,1010720,1.0,0.0
2016-06-01,264.34,266.56,262.425,263.54,715568,1.0,0.0
2016-06-02,263.19,263.73,260.11,262.69,732436,1.0,0.0
2016-06-03,262.38,262.505,258.37,259.53,612164,1.0,0.0
2016-06-06,258.96,259.34,257.14,258.77,633863,1.0,0.0
2016-06-07,258.63,261.26,258.45,260.28,550104,1.0,0.0
2016-06-08,259.88,262.14,259.6,261.41,424476,1.0,0.0
2016-06-09,261.23,264.37,260.46,262.35,471609,1.0,0.0
2016-06-10,260.07,263.46,259.56,261.04,529443,1.0,0.0
2016-06-13,260.62,262.81,259.67,259.84,573178,1.0,0.0
2016-06-14,259.3,260.25,257.52,259.65,533772,1.0,0.0
2016-06-15,259.66,262.85,258.255,260.46,476928,1.0,0.0
2016-06-16,258.98,259.98,258.01,259.81,454655,1.0,0.0
2016-06-17,259.35,260.92,258.38,259.98,806714,1.0,0.0
2016-06-20,261.82,264.77,259.595,261.64,491846,1.0,0.0
2016-06-21,261.22,262.83,260.28,260.77,395876,1.0,0.0
2016-06-22,261.74,264.185,261.0101,262.75,458044,1.0,0.0
2016-06-23,264.29,265.5992,262.56,264.25,448142,1.0,0.0
2016-06-24,255.01,269.33,255.01,267.66,1475085,1.0,0.0
2016-06-27,265.55,269.83,265.3,267.73,1185529,1.0,0.0
2016-06-28,269.37,271.67,267.51,271.43,732862,1.0,0.0
2016-06-29,272.4,274.79,272.375,273.67,855854,1.0,0.0
2016-06-30,274.0,274.0,269.94,271.1,1063401,1.0,0.0
2016-07-01,271.88,275.1,271.28,274.23,693491,1.0,0.0
2016-07-05,272.54,277.2,272.51,275.75,747893,1.0,0.0
2016-07-06,274.98,277.48,274.89,277.38,620541,1.0,0.0
2016-07-07,276.71,277.59,274.32,275.28,468803,1.0,0.0
2016-07-08,277.73,280.81,276.09,280.61,573036,1.0,0.0
2016-07-11,281.65,281.65,277.7,277.86,548503,1.0,0.0
2016-07-12,278.25,278.855,274.59,276.13,492201,1.0,0.0
2016-07-13,277.13,277.13,274.02,276.22,459629,1.0,0.0
2016-07-14,277.13,278.0,275.5201,277.65,393142,1.0,0.0
2016-07-15,279.36,279.46,273.43,273.63,512161,1.0,0.0
2016-07-18,274.95,275.93,274.13,274.28,570538,1.0,0.0
2016-07-19,270.15,273.73,266.805,273.22,902840,1.0,0.0
2016-07-20,273.66,275.47,273.175,274.14,542040,1.0,0.0
2016-07-21,273.49,273.95,270.32,271.33,468758,1.0,0.0
2016-07-22,272.6,274.26,270.96,273.97,425701,1.0,0.0
2016-07-25,273.31,278.78,271.75,278.74,772741,1.0,0.0
2016-07-26,280.0,284.66,278.93,281.77,1060296,1.0,0.0
2016-07-27,281.95,283.31,276.94,277.51,979720,1.0,0.0
2016-07-28,278.8,292.84,275.01,288.67,2382089,1.0,0.0
2016-07-29,288.66,291.91,286.82,290.63,829765,1.0,0.0
2016-08-01,290.63,291.683,288.42,289.01,673327,1.0,0.0
2016-08-02,287.0,288.535,284.19,287.02,697751,1.0,0.0
2016-08-03,287.62,288.63,285.41,286.68,703367,1.0,0.0
2016-08-04,287.25,289.95,286.88,288.71,504559,1.0,0.0
2016-08-05,289.07,291.1799,288.4039,290.48,653972,1.0,0.0
2016-08-08,289.55,290.63,287.16,287.65,286124,1.0,0.0
2016-08-09,288.52,288.5997,285.96,286.71,362969,1.0,0.0
2016-08-10,287.21,289.09,286.4,288.46,480435,1.0,0.0
2016-08-11,288.88,291.56,287.85,288.1,604869,1.0,0.0
2016-08-12,286.54,287.52,285.15,286.73,435880,1.0,0.0
2016-08-15,286.7,287.75,285.9056,287.14,410917,1.0,0.0
2016-08-16,285.83,287.38,285.02,285.92,498978,1.0,0.0
2016-08-17,285.92,286.06,283.32,285.73,392155,1.0,0.0
2016-08-18,286.24,286.32,284.4,286.01,365603,1.0,0.0
2016-08-19,285.12,287.57,284.66,285.72,367512,1.0,0.0
2016-08-22,286.0,288.67,285.975,286.53,467073,1.0,0.0
2016-08-23,287.24,287.8,284.77,285.15,405273,1.0,0.0
2016-08-24,284.48,286.69,283.71,284.45,394401,1.0,0.0
2016-08-25,283.7,285.5825,283.38,284.17,404954,1.0,0.0
2016-08-26,283.57,283.995,276.9,278.25,927889,1.0,0.0
2016-08-29,277.98,281.3199,277.91,280.03,609820,1.0,0.0
2016-08-30,280.41,280.53,276.67,277.97,802991,1.0,0.0
2016-08-31,278.09,280.49,277.68,279.95,687712,1.0,0.0
2016-09-01,280.7,283.505,280.0,282.13,526130,1.0,0.0
2016-09-02,282.34,283.1,281.51,282.58,658893,1.0,0.0
2016-09-06,282.53,283.25,281.22,283.09,578369,1.0,0.0
2016-09-07,283.32,283.34,281.0575,282.73,589141,1.0,0.0
2016-09-08,282.0,283.09,280.775,281.95,823476,1.0,0.0
2016-09-09,280.04,281.9,278.1,278.21,1368869,1.0,0.0
2016-09-12,277.57,280.49,276.86,279.23,1037421,1.0,0.0
2016-09-13,277.53,279.32,276.56,278.42,978615,1.0,0.0
2016-09-14,278.9,279.55,276.07,276.48,728770,1.0,0.0
2016-09-15,276.18,277.05,274.88,276.04,664931,1.0,0.0
2016-09-16,274.39,275.44,272.42,272.68,1113397,1.0,0.0
2016-09-19,273.04,276.06,273.04,275.46,654916,1.0,0.0
2016-09-20,276.4,278.22,274.53,275.15,739624,1.0,0.0
2016-09-21,280.0,280.0,274.99,279.55,979967,1.0,0.0
2016-09-22,280.51,285.6,279.65,283.59,1285154,1.0,0.0
2016-09-23,281.83,283.46,279.581,281.77,755214,1.0,0.0
2016-09-26,281.03,283.7,280.03,281.96,832213,1.0,0.0
2016-09-27,283.28,285.67,281.89,284.54,885632,1.0,0.0
2016-09-28,284.42,284.57,281.32,281.97,675817,1.0,0.0
2016-09-29,282.13,283.62,278.7601,278.9,677924,1.0,0.0
2016-09-30,279.84,281.23,278.9,280.11,516526,1.0,0.0
2016-10-03,279.43,279.99,275.85,276.08,791219,1.0,0.0
2016-10-04,276.35,277.94,273.56,274.37,666055,1.0,0.0
2016-10-05,275.39,276.55,274.61,274.86,544115,1.0,0.0
2016-10-06,274.43,277.78,273.11,277.56,520988,1.0,0.0
2016-10-07,278.62,278.62,274.64,275.38,505553,1.0,0.0
2016-10-10,275.8,278.49,275.6887,277.73,318772,1.0,0.0
2016-10-11,277.19,277.19,274.27,274.59,572752,1.0,0.0
2016-10-12,273.94,276.938,273.91,276.26,638803,1.0,0.0
2016-10-13,275.27,279.01,274.57,278.89,614720,1.0,0.0
2016-10-14,280.1,283.205,279.12,279.32,521282,1.0,0.0
2016-10-17,279.07,280.41,277.76,277.97,820586,1.0,0.0
2016-10-18,279.84,281.11,276.32,278.07,510047,1.0,0.0
2016-10-19,276.01,281.48,273.55,278.06,902033,1.0,0.0
2016-10-20,277.36,279.79,273.65,273.88,733731,1.0,0.0
2016-10-21,272.78,276.25,271.8,275.56,665064,1.0,0.0
2016-10-24,277.92,279.53,277.25,279.29,622952,1.0,0.0
2016-10-25,278.03,280.39,277.2,280.27,725523,1.0,0.0
2016-10-26,279.95,279.95,276.86,277.16,963641,1.0,0.0
2016-10-27,270.0,273.52,251.62,253.0,3364244,1.0,0.0
2016-10-28,253.02,264.26,253.02,263.5,2725857,1.0,0.0
2016-10-31,263.68,265.25,261.34,264.44,1378772,1.0,0.0
2016-11-01,263.9,265.93,262.45,264.24,1055232,1.0,0.0
2016-11-02,264.09,265.97,262.55,262.7,808962,1.0,0.0
2016-11-03,262.71,264.49,261.22,261.84,719026,1.0,0.0
2016-11-04,259.67,263.98,259.67,261.2,1064036,1.0,0.0
2016-11-07,264.75,264.87,258.995,259.61,1324844,1.0,0.0
2016-11-08,259.36,261.86,258.33,259.58,1038825,1.0,0.0
2016-11-09,254.28,265.19,250.069,264.15,1109778,1.0,0.0
2016-11-10,264.0,266.44,261.08,262.54,943239,1.0,0.0
2016-11-11,261.43,264.51,261.05,262.79,967433,1.0,0.0
2016-11-14,263.16,264.17,261.035,262.14,1522945,1.0,0.0
2016-11-15,267.89,269.21,263.41,268.05,1192820,1.0,0.0
2016-11-16,267.14,269.98,265.56,269.9,867738,1.0,0.0
2016-11-17,268.38,272.29,267.95,270.99,842178,1.0,0.0
2016-11-18,269.75,272.19,264.92,265.74,915560,1.0,0.0
2016-11-21,265.75,270.67,265.575,270.01,812212,1.0,0.0
2016-11-22,271.68,275.17,270.065,275.0,812728,1.0,0.0
2016-11-23,275.29,277.69,273.4,275.47,801952,1.0,0.0
2016-11-25,275.0,279.0,274.925,276.61,324195,1.0,0.0
2016-11-28,276.71,279.36,274.38,274.63,609164,1.0,0.0
2016-11-29,274.63,278.205,274.335,275.39,561880,1.0,0.0
2016-11-30,275.72,276.44,274.14,274.5,895299,1.0,0.0
2016-12-01,273.62,276.19,272.42,273.06,751627,1.0,0.0
2016-12-02,273.27,275.36,272.17,273.94,722707,1.0,0.0
2016-12-05,274.45,277.81,274.43,276.47,911459,1.0,0.0
2016-12-06,277.51,278.7915,276.015,277.68,506856,1.0,0.0
2016-12-07,278.23,285.45,278.1,285.2,892263,1.0,0.0
2016-12-08,284.39,285.8386,276.68,277.31,962992,1.0,0.0
2016-12-09,276.94,277.67,273.69,275.96,663908,1.0,0.0
2016-12-12,275.56,276.94,274.3,276.87,480671,1.0,0.0
2016-12-13,279.32,283.53,279.08,282.53,745252,1.0,0.0
2016-12-14,282.51,283.6853,276.25,276.83,715041,1.0,0.0
2016-12-15,276.39,282.57,275.74,278.04,609520,1.0,0.0
2016-12-16,279.45,281.13,278.355,279.3,970170,1.0,0.0
2016-12-19,279.3,284.16,278.01,283.11,674059,1.0,0.0
2016-12-20,284.31,285.71,282.56,285.15,459010,1.0,0.0
2016-12-21,285.0,286.57,283.78,285.53,506574,1.0,0.0
2016-12-22,285.28,285.405,282.52,282.99,719468,1.0,0.0
2016-12-23,282.88,283.785,282.07,283.22,295953,1.0,0.0
2016-12-27,283.01,284.735,283.01,283.65,437030,1.0,0.0
2016-12-28,284.3,284.99,280.24,280.67,446576,1.0,0.0
2016-12-29,281.3,282.46,280.91,281.64,401525,1.0,0.0
2016-12-30,282.59,283.37,277.37,278.41,577989,1.0,0.0
2017-01-03,280.0,281.07,278.06,280.82,967683,1.0,0.0
2017-01-04,280.82,282.8,279.3,282.11,492577,1.0,0.0
2017-01-05,280.84,283.12,280.22,282.81,643996,1.0,0.0
2017-01-06,282.81,283.969,281.34,281.78,472643,1.0,0.0
2017-01-09,280.76,281.98,278.79,279.4,524792,1.0,0.0
2017-01-10,279.67,283.18,278.84,281.3,443671,1.0,0.0
2017-01-11,281.78,283.82,279.27,281.33,477059,1.0,0.0
2017-01-12,280.12,281.98,279.21,281.58,464952,1.0,0.0
2017-01-13,281.87,282.83,278.88,279.15,468198,1.0,0.0
2017-01-17,278.5,281.71,276.273,278.76,660194,1.0,0.0
2017-01-18,280.16,281.16,278.5,280.81,574077,1.0,0.0
2017-01-19,280.04,281.5,274.8,275.05,561625,1.0,0.0
2017-01-20,276.76,277.41,273.37,274.01,980105,1.0,0.0
2017-01-23,269.5,269.5,263.13,264.99,1418437,1.0,0.0
2017-01-24,265.56,268.75,265.23,267.46,1017499,1.0,0.0
2017-01-25,268.33,268.675,265.72,266.07,990329,1.0,0.0
2017-01-26,265.48,267.42,262.83,263.0,971968,1.0,0.0
2017-01-27,263.57,265.28,261.66,263.79,972657,1.0,0.0
2017-01-30,262.0,263.975,259.15,261.89,1496008,1.0,0.0
2017-01-31,261.46,263.35,259.19,262.27,915020,1.0,0.0
2017-02-01,262.19,263.0,254.21,254.35,1648902,1.0,0.0
2017-02-02,254.19,258.1958,253.54,256.69,998377,1.0,0.0
2017-02-03,258.39,261.84,257.16,259.84,970659,1.0,0.0
2017-02-06,259.05,261.07,257.8,258.4,1182267,1.0,0.0
2017-02-07,259.36,263.29,259.09,262.19,2041304,1.0,0.0
2017-02-08,263.2,273.84,259.94,271.65,2786225,1.0,0.0
2017-02-09,275.35,277.4,271.12,274.78,1783312,1.0,0.0
2017-02-10,273.75,275.44,269.58,271.8,1267490,1.0,0.0
2017-02-13,272.46,272.63,268.19,268.48,867937,1.0,0.0
2017-02-14,268.49,270.26,267.66,269.52,917229,1.0,0.0
2017-02-15,268.72,271.16,268.72,270.62,665015,1.0,0.0
2017-02-16,270.67,270.98,266.555,266.85,756579,1.0,0.0
2017-02-17,266.85,268.16,264.47,268.12,738614,1.0,0.0
2017-02-21,269.11,272.64,267.16,268.7,1048196,1.0,0.0
2017-02-22,269.1,269.367,266.3,268.09,776077,1.0,0.0
2017-02-23,269.18,269.18,265.31,265.94,921407,1.0,0.0
2017-02-24,265.74,269.279,264.3741,268.73,719193,1.0,0.0
2017-02-27,267.63,269.73,264.56,268.25,550983,1.0,0.0
2017-02-28,267.97,271.93,267.3,271.71,1345795,1.0,0.0
2017-03-01,273.24,274.4,271.125,271.52,1006899,1.0,0.0
2017-03-02,270.9,272.27,269.71,271.98,799857,1.0,0.0
2017-03-03,272.05,273.03,268.39,270.65,1141759,1.0,0.0
2017-03-06,270.26,271.49,268.45,268.86,811939,1.0,0.0
2017-03-07,269.05,270.17,268.225,269.82,821679,1.0,0.0
2017-03-08,269.42,271.9,267.04,271.45,616874,1.0,0.0
2017-03-09,271.46,271.86,268.4,269.14,753764,1.0,0.0
2017-03-10,270.58,271.23,268.4701,269.63,726528,1.0,0.0
2017-03-13,269.47,275.07,268.69,274.43,1091500,1.0,0.0
2017-03-14,274.43,276.745,274.06,275.39,924199,1.0,0.0
2017-03-15,275.76,276.45,268.825,270.71,1498399,1.0,0.0
2017-03-16,271.0,272.92,270.35,272.06,651066,1.0,0.0
2017-03-17,274.33,274.92,272.14,274.2,1434326,1.0,0.0
2017-03-20,274.99,275.94,271.895,273.08,642856,1.0,0.0
2017-03-21,273.71,274.87,270.09,270.5,546257,1.0,0.0
2017-03-22,271.33,272.8,269.15,271.4,711829,1.0,0.0
2017-03-23,271.3,272.875,269.62,271.45,578244,1.0,0.0
2017-03-24,272.4,273.03,270.97,271.76,415785,1.0,0.0
2017-03-27,270.8,272.03,268.57,269.8,593505,1.0,0.0
2017-03-28,269.47,270.62,267.9,269.71,705874,1.0,0.0
2017-03-29,275.0,275.52,271.29,274.78,1010805,1.0,0.0
2017-03-30,275.15,275.23,270.61,272.41,828001,1.0,0.0
2017-03-31,271.55,272.78,269.23,269.84,785407,1.0,0.0
2017-04-03,266.0,266.0,253.86,258.69,2433935,1.0,0.0
2017-04-04,258.0,260.2,255.12,255.51,1380656,1.0,0.0
2017-04-05,255.51,258.07,254.97,255.17,791245,1.0,0.0
2017-04-06,255.75,256.67,253.76,254.37,883718,1.0,0.0
2017-04-07,255.54,256.1,252.6,253.19,963523,1.0,0.0
2017-04-10,253.23,257.4,252.05,254.91,728139,1.0,0.0
2017-04-11,254.6,254.9,252.62,254.74,713701,1.0,0.0
2017-04-12,252.63,254.03,250.54,253.03,840803,1.0,0.0
2017-04-13,252.94,254.01,251.59,251.99,763322,1.0,0.0
2017-04-17,252.69,254.57,252.07,253.95,657230,1.0,0.0
2017-04-18,251.95,256.87,251.86,256.06,794967,1.0,0.0
2017-04-19,257.66,263.617,257.5,258.87,982443,1.0,0.0
2017-04-20,260.0,263.81,258.5111,263.0,742190,1.0,0.0
2017-04-21,263.46,266.08,262.85,265.36,721597,1.0,0.0
2017-04-24,267.15,270.1,265.6,269.28,1270320,1.0,0.0
2017-04-25,265.15,268.32,262.78,263.96,1469425,1.0,0.0
2017-04-26,265.12,268.7307,263.31,265.07,1267842,1.0,0.0
2017-04-27,262.49,268.09,245.01,257.19,3444300,1.0,0.0
2017-04-28,257.0,257.0,245.74,248.15,3176715,1.0,0.0
2017-05-01,248.44,248.75,239.12,241.7,2859843,1.0,0.0
2017-05-02,240.34,247.61,240.32,245.82,1757804,1.0,0.0
2017-05-03,245.45,247.84,245.21,246.94,1023753,1.0,0.0
2017-05-04,247.93,250.96,246.508,250.82,1209574,1.0,0.0
2017-05-05,251.11,252.95,249.6,252.7,1182373,1.0,0.0
2017-05-08,252.51,254.88,252.19,253.82,1143232,1.0,0.0
2017-05-09,253.64,255.98,252.52,255.75,1212274,1.0,0.0
2017-05-10,255.52,258.1899,254.13,257.49,1567859,1.0,0.0
2017-05-11,257.65,257.99,254.25,256.28,1743464,1.0,0.0
2017-05-12,256.45,258.05,254.72,255.5,1239610,1.0,0.0
2017-05-15,254.71,260.31,254.5934,258.13,1115546,1.0,0.0
2017-05-16,256.83,257.05,254.42,254.91,1592570,1.0,0.0
2017-05-17,253.5,255.255,248.65,248.91,1317914,1.0,0.0
2017-05-18,249.16,253.5,248.67,249.78,1536733,1.0,0.0
2017-05-19,248.91,251.53,247.16,251.36,1203714,1.0,0.0
2017-05-22,251.65,251.8,248.26,248.46,1821826,1.0,0.0
2017-05-23,239.0,243.0,234.14,240.18,3446157,1.0,0.0
2017-05-24,239.53,241.38,234.5,240.01,2219219,1.0,0.0
2017-05-25,242.26,244.67,241.0818,243.85,1158899,1.0,0.0
2017-05-26,245.0,249.01,243.23,248.48,1148590,1.0,0.0
2017-05-30,246.53,251.94,245.04,247.63,1625330,1.0,0.0
2017-05-31,247.93,247.93,239.6,242.08,1613057,1.0,0.0
2017-06-01,243.54,246.29,240.06,245.65,1050497,1.0,0.0
2017-06-02,244.65,246.51,242.47,245.92,894113,1.0,0.0
2017-06-05,245.22,245.22,237.5,240.18,1600288,1.0,0.0
2017-06-06,240.12,240.12,233.59,235.41,1571913,1.0,0.0
2017-06-07,235.72,237.75,234.08,234.89,1137280,1.0,0.0
2017-06-08,234.23,234.57,230.06,230.62,1206571,1.0,0.0
2017-06-09,230.8,233.71,228.69,232.84,1222792,1.0,0.0
2017-06-12,232.66,236.83,232.08,234.72,1363068,1.0,0.0
2017-06-13,234.41,235.63,231.745,234.54,835440,1.0,0.0
2017-06-14,233.82,235.035,231.67,234.33,1015639,1.0,0.0
2017-06-15,233.99,234.94,230.64,233.97,1501524,1.0,0.0
2017-06-16,232.65,234.59,228.43,231.39,1677788,1.0,0.0
2017-06-19,233.12,233.7258,226.76,230.38,1294999,1.0,0.0
2017-06-20,226.51,226.58,220.31,225.01,2668043,1.0,0.0
2017-06-21,224.75,224.75,217.99,220.77,1733068,1.0,0.0
2017-06-22,221.85,223.06,219.39,220.13,1150990,1.0,0.0
2017-06-23,220.45,221.82,219.29,220.08,982004,1.0,0.0
2017-06-26,220.55,225.3,219.85,222.97,1053210,1.0,0.0
2017-06-27,222.27,225.27,220.24,221.87,740583,1.0,0.0
2017-06-28,220.22,221.82,216.61,217.02,1654507,1.0,0.0
2017-06-29,216.97,219.57,215.76,216.04,1223610,1.0,0.0
2017-06-30,217.44,219.48,215.76,218.74,1313248,1.0,0.0
2017-07-03,218.74,220.89,217.38,220.41,485675,1.0,0.0
2017-07-05,199.6,200.0,173.89,178.77,12818400,1.0,0.0
2017-07-06,178.0,181.91,176.13,176.53,5370168,1.0,0.0
2017-07-07,172.84,176.06,170.6801,172.85,4473660,1.0,0.0
2017-07-10,174.28,174.97,169.43,173.17,3337243,1.0,0.0
2017-07-11,173.58,175.23,171.94,174.1,2242261,1.0,0.0
2017-07-12,174.97,179.46,174.81,177.1,2968272,1.0,0.0
2017-07-13,177.81,186.73,177.331,184.63,2632250,1.0,0.0
2017-07-14,185.97,186.75,182.22,184.22,1633723,1.0,0.0
2017-07-17,184.49,188.0,183.7,185.5,2260745,1.0,0.0
2017-07-18,188.4,191.2,185.44,187.54,2823080,1.0,0.0
2017-07-19,188.02,188.925,185.88,186.91,2082123,1.0,0.0
2017-07-20,187.25,190.2,186.92,188.69,1479810,1.0,0.0
2017-07-21,188.46,189.37,187.15,188.19,2204411,1.0,0.0
2017-07-24,188.25,188.78,184.04,184.43,1710728,1.0,0.0
2017-07-25,184.33,187.02,183.6,186.85,1953179,1.0,0.0
2017-07-26,187.35,190.36,186.05,187.43,1773308,1.0,0.0
2017-07-27,196.4,202.17,190.05,201.31,3175134,1.0,0.0
2017-07-28,200.37,201.77,198.01,200.03,1440589,1.0,0.0
2017-07-31,200.22,205.71,199.3,204.3,1486249,1.0,0.0
2017-08-01,204.44,208.839,202.53,208.16,1454044,1.0,0.0
2017-08-02,207.88,210.03,206.58,209.66,1934524,1.0,0.0
2017-08-03,209.96,211.02,205.42,205.6,2827409,1.0,0.0
2017-08-04,206.41,207.27,204.71,205.05,1456705,1.0,0.0
2017-08-07,204.49,207.72,203.34,205.09,1212236,1.0,0.0
2017-08-08,204.04,205.5,202.08,203.07,1383942,1.0,0.0
2017-08-09,202.01,204.255,201.5,203.17,1140078,1.0,0.0
2017-08-10,201.38,202.01,196.72,197.22,1378600,1.0,0.0
2017-08-11,198.43,201.029,196.32,198.91,974991,1.0,0.0
2017-08-14,200.15,201.26,197.94,198.44,892613,1.0,0.0
2017-08-15,190.66,198.1,186.82,196.0,3092168,1.0,0.0
2017-08-16,198.99,202.37,196.51,201.58,1645623,1.0,0.0
2017-08-17,201.89,205.49,199.72,200.63,1520348,1.0,0.0
2017-08-18,200.07,203.74,196.85,197.92,1356378,1.0,0.0
2017-08-21,198.85,199.2106,194.73,197.8,1054965,1.0,0.0
2017-08-22,198.66,199.41,196.9,197.99,851678,1.0,0.0
2017-08-23,197.07,198.83,194.92,195.26,1131705,1.0,0.0
2017-08-24,194.72,197.67,194.72,196.44,1309368,1.0,0.0
2017-08-25,196.59,205.41,196.26,202.28,1372090,1.0,0.0
2017-08-28,202.49,202.96,197.86,198.06,1035644,1.0,0.0
2017-08-29,197.39,198.765,195.61,197.02,875361,1.0,0.0
2017-08-30,197.07,199.54,196.22,198.09,1026781,1.0,0.0
2017-08-31,198.0,199.025,195.1,196.13,1325290,1.0,0.0
2017-09-01,197.19,199.44,196.64,196.99,1393213,1.0,0.0
2017-09-05,197.72,202.389,197.72,200.38,1029149,1.0,0.0
2017-09-06,201.03,202.5,199.96,202.28,829934,1.0,0.0
2017-09-07,202.63,203.42,198.5,200.38,884791,1.0,0.0
2017-09-08,200.42,201.42,198.26,199.1,678902,1.0,0.0
2017-09-11,199.16,200.74,196.2,196.41,932977,1.0,0.0
2017-09-12,196.06,201.0,194.06,199.27,1608184,1.0,0.0
2017-09-13,199.31,209.79,199.25,208.01,1477250,1.0,0.0
2017-09-14,207.11,209.24,206.43,207.13,1163822,1.0,0.0
2017-09-15,207.34,212.09,206.1,209.86,1834207,1.0,0.0
2017-09-18,210.21,211.35,208.34,210.08,1360490,1.0,0.0
2017-09-19,213.13,216.61,201.054,202.91,2604050,1.0,0.0
2017-09-20,202.25,206.84,201.65,203.26,1112652,1.0,0.0
2017-09-21,204.17,205.6699,200.27,202.26,1165034,1.0,0.0
2017-09-22,202.67,209.82,202.58,209.59,1026053,1.0,0.0
2017-09-25,209.71,219.98,209.46,215.15,1805873,1.0,0.0
2017-09-26,216.58,216.58,212.46,212.95,845103,1.0,0.0
2017-09-27,213.02,214.99,211.92,214.51,774319,1.0,0.0
2017-09-28,213.6,215.63,212.49,215.28,571138,1.0,0.0
2017-09-29,215.09,216.58,214.22,215.37,722621,1.0,0.0
2017-10-02,215.98,215.98,214.14,215.4,582583,1.0,0.0
2017-10-03,215.23,216.26,213.345,213.95,591131,1.0,0.0
2017-10-04,213.94,215.65,209.89,212.16,681076,1.0,0.0
2017-10-05,212.79,212.95,209.93,211.18,759750,1.0,0.0
2017-10-06,211.32,214.27,208.6436,212.94,728297,1.0,0.0
2017-10-09,212.41,213.01,207.71,207.82,637122,1.0,0.0
2017-10-10,207.82,212.25,207.82,209.87,704876,1.0,0.0
2017-10-11,209.32,210.58,207.34,208.42,499143,1.0,0.0
2017-10-12,208.99,208.99,205.4688,207.01,693164,1.0,0.0
2017-10-13,207.76,210.25,206.89,209.72,915297,1.0,0.0
2017-10-16,209.55,211.09,208.4,209.02,655884,1.0,0.0
2017-10-17,208.6,213.23,208.21,212.01,775118,1.0,0.0
2017-10-18,212.35,214.0,210.95,212.99,1043494,1.0,0.0
2017-10-19,209.8,209.99,205.9,209.3,1699406,1.0,0.0
2017-10-20,209.65,210.42,205.4696,205.9,1287536,1.0,0.0
2017-10-23,205.8,208.92,205.06,205.65,976401,1.0,0.0
2017-10-24,204.48,207.38,201.1,203.33,1242270,1.0,0.0
2017-10-25,201.58,204.715,201.08,202.72,1560365,1.0,0.0
2017-10-26,192.0,215.82,190.0,214.0,4258093,1.0,0.0
2017-10-27,212.29,217.91,209.37,217.04,1510388,1.0,0.0
2017-10-30,216.88,216.88,212.92,213.79,830088,1.0,0.0
2017-10-31,213.91,215.02,210.53,210.95,862348,1.0,0.0
2017-11-01,211.24,212.719,205.65,207.56,970674,1.0,0.0
2017-11-02,207.5,214.79,207.5,214.52,1076097,1.0,0.0
2017-11-03,211.69,213.64,210.52,212.5,1196387,1.0,0.0
2017-11-06,211.57,212.22,208.45,208.86,705530,1.0,0.0
2017-11-07,208.62,209.97,206.545,208.11,612320,1.0,0.0
2017-11-08,208.36,212.0,207.84,209.65,735994,1.0,0.0
2017-11-09,209.11,211.95,207.31,211.09,618184,1.0,0.0
2017-11-10,210.57,215.48,210.04,214.43,843629,1.0,0.0
2017-11-13,214.16,216.99,212.28,214.17,732694,1.0,0.0
2017-11-14,220.0,223.38,215.1,215.89,1086525,1.0,0.0
2017-11-15,215.21,216.67,213.72,215.77,591907,1.0,0.0
2017-11-16,215.89,219.94,215.02,219.66,669480,1.0,0.0
2017-11-17,219.83,221.31,216.1,220.49,752576,1.0,0.0
2017-11-20,219.91,222.35,218.565,220.38,709180,1.0,0.0
2017-11-21,220.4,220.47,215.09,215.69,821267,1.0,0.0
2017-11-22,216.15,220.89,215.1,218.65,576854,1.0,0.0
2017-11-24,217.19,219.0,215.43,216.26,388601,1.0,0.0
2017-11-27,217.13,218.81,214.865,216.34,774962,1.0,0.0
2017-11-28,217.08,228.88,215.86,228.47,1212213,1.0,0.0
2017-11-29,227.49,241.49,226.25,236.32,2037074,1.0,0.0
2017-11-30,236.59,241.63,235.64,236.21,1366589,1.0,0.0
2017-12-01,235.0,237.17,228.34,234.4,832912,1.0,0.0
2017-12-04,236.02,252.53,235.59,250.39,1976592,1.0,0.0
2017-12-05,259.35,263.63,246.77,250.21,2113201,1.0,0.0
2017-12-06,249.53,251.22,245.46,245.83,985291,1.0,0.0
2017-12-07,245.0,247.98,243.14,244.86,804854,1.0,0.0
2017-12-08,246.39,251.38,244.6,251.07,607127,1.0,0.0
2017-12-11,250.08,250.64,245.37,247.24,703265,1.0,0.0
2017-12-12,246.23,247.94,244.65,246.86,981235,1.0,0.0
2017-12-13,251.67,253.45,245.63,245.92,1209110,1.0,0.0
2017-12-14,246.63,247.45,240.63,241.45,936959,1.0,0.0
2017-12-15,243.83,244.17,239.58,240.2,1522543,1.0,0.0
2017-12-18,241.8,246.46,240.68,245.88,1363526,1.0,0.0
2017-12-19,245.21,245.98,242.33,243.03,926821,1.0,0.0
2017-12-20,243.35,244.17,240.54,242.05,910888,1.0,0.0
2017-12-21,242.68,243.24,241.08,241.5,1149136,1.0,0.0
2017-12-22,240.98,243.4,240.15,242.5,971204,1.0,0.0
2017-12-26,243.66,246.89,242.24,244.65,645361,1.0,0.0
2017-12-27,245.0,246.02,241.68,242.31,640313,1.0,0.0
2017-12-28,242.85,243.54,240.96,242.36,723060,1.0,0.0
2017-12-29,241.34,242.51,240.28,240.54,831191,1.0,0.0
2018-01-02,241.34,252.03,241.29,249.26,1419422,1.0,0.0
2018-01-03,249.9,255.71,248.82,253.84,1261344,1.0,0.0
2018-01-04,255.56,261.22,254.22,257.68,877066,1.0,0.0
2018-01-05,259.49,262.33,257.51,260.28,637554,1.0,0.0
2018-01-08,260.95,266.26,259.21,260.0,638606,1.0,0.0
2018-01-09,260.18,262.38,258.01,261.26,530573,1.0,0.0
2018-01-10,260.19,261.13,258.06,258.45,702823,1.0,0.0
2018-01-11,258.54,260.28,256.96,259.75,808996,1.0,0.0
2018-01-12,261.15,261.15,256.13,258.6,1246958,1.0,0.0
2018-01-16,259.86,260.51,256.35,257.89,837213,1.0,0.0
2018-01-17,259.61,265.82,257.5,265.04,1056206,1.0,0.0
2018-01-18,264.92,267.13,263.36,266.33,647461,1.0,0.0
2018-01-19,268.04,273.17,266.79,273.02,778022,1.0,0.0
2018-01-22,273.0,274.68,268.77,272.3,674200,1.0,0.0
2018-01-23,271.49,272.46,268.82,271.21,583315,1.0,0.0
2018-01-24,272.49,277.13,269.18,275.93,731645,1.0,0.0
2018-01-25,277.57,279.23,272.38,272.88,844242,1.0,0.0
2018-01-26,275.14,276.01,272.75,275.47,689669,1.0,0.0
2018-01-29,275.14,276.24,272.96,273.94,638128,1.0,0.0
2018-01-30,272.87,276.05,267.78,268.27,866093,1.0,0.0
2018-01-31,269.13,271.56,263.7,264.69,1506905,1.0,0.0
2018-02-01,263.01,266.47,260.67,262.38,946107,1.0,0.0
2018-02-02,260.72,263.08,251.84,252.64,1458885,1.0,0.0
2018-02-05,251.73,258.47,246.46,246.49,1225360,1.0,0.0
2018-02-06,245.15,255.72,241.68,254.9,1353966,1.0,0.0
2018-02-07,254.03,258.4,250.51,252.08,1649515,1.0,0.0
2018-02-08,256.0,262.36,248.44,252.22,2412563,1.0,0.0
2018-02-09,254.82,256.36,239.82,249.83,1758726,1.0,0.0
2018-02-12,250.6,252.89,244.66,248.25,935391,1.0,0.0
2018-02-13,247.09,248.87,243.08,245.31,749105,1.0,0.0
2018-02-14,244.06,249.52,242.38,247.55,1088765,1.0,0.0
2018-02-15,248.62,252.29,247.6,252.29,839404,1.0,0.0
2018-02-16,251.99,253.54,249.43,251.1,695200,1.0,0.0
2018-02-20,250.05,254.89,247.73,252.38,767908,1.0,0.0
2018-02-21,255.05,258.76,247.53,247.69,973181,1.0,0.0
2018-02-22,248.47,251.87,246.65,247.36,561417,1.0,0.0
2018-02-23,249.08,254.22,249.08,254.13,602686,1.0,0.0
2018-02-26,254.4,255.03,251.5,254.97,753525,1.0,0.0
2018-02-27,253.4,253.67,238.41,238.58,1963790,1.0,0.0
2018-02-28,240.88,250.31,239.01,244.19,1166105,1.0,0.0
2018-03-01,243.63,248.16,240.54,243.26,938926,1.0,0.0
2018-03-02,242.33,244.13,237.7,241.01,934884,1.0,0.0
2018-03-05,240.0,246.91,240.0,246.85,744538,1.0,0.0
2018-03-06,246.78,252.78,245.64,251.74,661269,1.0,0.0
2018-03-07,249.32,250.5,242.43,242.78,880431,1.0,0.0
2018-03-08,244.42,244.86,241.67,242.34,653957,1.0,0.0
2018-03-09,244.44,250.83,243.25,250.51,634564,1.0,0.0
2018-03-12,250.52,251.01,246.01,249.12,702823,1.0,0.0
2018-03-13,250.13,253.44,248.15,250.82,643714,1.0,0.0
2018-03-14,251.4,253.15,248.19,249.14,493029,1.0,0.0
2018-03-15,249.55,252.32,248.5,248.84,419197,1.0,0.0
2018-03-16,250.08,253.34,248.3,251.16,895803,1.0,0.0
2018-03-19,250.16,254.11,246.43,248.7,743260,1.0,0.0
2018-03-20,249.63,250.57,246.88,247.61,453299,1.0,0.0
2018-03-21,247.43,251.9,246.9,247.05,621354,1.0,0.0
2018-03-22,244.9,247.47,240.97,241.16,955159,1.0,0.0
2018-03-23,241.37,242.39,239.38,239.44,826392,1.0,0.0
2018-03-26,242.94,245.97,241.1,245.4,878556,1.0,0.0
2018-03-27,246.66,247.69,238.26,238.97,854459,1.0,0.0
2018-03-28,239.4,245.49,239.26,242.72,673748,1.0,0.0
2018-03-29,243.86,249.96,243.86,247.38,714299,1.0,0.0
2018-04-02,245.48,247.36,232.34,236.08,1206804,1.0,0.0
2018-04-03,236.63,240.83,234.23,237.77,757099,1.0,0.0
2018-04-04,234.25,242.92,234.06,242.03,800112,1.0,0.0
2018-04-05,243.93,245.0,239.28,243.87,634147,1.0,0.0
2018-04-06,242.64,243.4,234.36,237.19,661852,1.0,0.0
2018-04-09,237.08,239.35,231.85,232.28,857815,1.0,0.0
2018-04-10,235.24,237.85,232.42,236.69,691784,1.0,0.0
2018-04-11,234.68,236.33,232.3,232.79,796608,1.0,0.0
2018-04-12,232.21,234.12,229.79,229.85,754421,1.0,0.0
2018-04-13,231.15,232.22,222.72,224.87,1374745,1.0,0.0
2018-04-16,227.26,229.36,223.76,226.77,733789,1.0,0.0
2018-04-17,226.76,227.34,223.51,224.01,898577,1.0,0.0
2018-04-18,225.31,229.1,224.74,226.73,857771,1.0,0.0
2018-04-19,225.81,226.58,221.63,222.95,931496,1.0,0.0
2018-04-20,222.76,223.68,217.64,221.48,897464,1.0,0.0
2018-04-23,222.24,224.46,220.95,222.58,643238,1.0,0.0
2018-04-24,224.33,227.62,223.08,224.63,1111451,1.0,0.0
2018-04-25,224.4,229.59,224.4,227.67,1730007,1.0,0.0
2018-04-26,254.94,262.0,249.5,257.4,3738433,1.0,0.0
2018-04-27,259.23,265.0,256.53,263.29,1551195,1.0,0.0
2018-04-30,263.98,264.57,256.07,256.07,1239328,1.0,0.0
2018-05-01,254.09,259.75,254.09,258.76,843013,1.0,0.0
2018-05-02,258.26,261.98,255.75,259.5,829829,1.0,0.0
2018-05-03,258.64,260.99,255.16,258.94,613257,1.0,0.0
2018-05-04,257.18,262.3,256.19,259.51,662108,1.0,0.0
2018-05-07,259.98,264.0,259.41,263.17,777977,1.0,0.0
2018-05-08,262.95,266.2,261.09,265.74,791128,1.0,0.0
2018-05-09,266.17,267.89,258.73,265.41,1003259,1.0,0.0
2018-05-10,265.55,265.55,261.75,265.2,507072,1.0,0.0
2018-05-11,264.96,270.89,263.06,269.62,724308,1.0,0.0
2018-05-14,269.67,274.95,267.75,272.85,841931,1.0,0.0
2018-05-15,271.81,273.55,266.64,272.45,734855,1.0,0.0
2018-05-16,273.38,274.96,269.93,271.26,616216,1.0,0.0
2018-05-17,270.49,276.34,269.96,272.89,692319,1.0,0.0
2018-05-18,273.9,273.9,270.61,272.09,521001,1.0,0.0
2018-05-21,273.85,278.83,272.28,276.18,653554,1.0,0.0
2018-05-22,280.02,280.4,264.5,267.45,1135748,1.0,0.0
2018-05-23,266.58,271.31,266.32,271.24,774212,1.0,0.0
2018-05-24,270.29,271.5,265.11,268.64,756294,1.0,0.0
2018-05-25,267.99,269.92,267.56,268.29,471707,1.0,0.0
2018-05-29,266.4,270.3,265.27,269.15,592472,1.0,0.0
2018-05-30,270.1,273.87,268.04,273.56,673123,1.0,0.0
2018-05-31,272.85,272.86,268.35,269.41,1182916,1.0,0.0
2018-06-01,269.91,274.72,269.26,272.48,585183,1.0,0.0
2018-06-04,273.15,279.34,272.94,277.72,528979,1.0,0.0
2018-06-05,277.44,277.71,274.51,275.82,711424,1.0,0.0
2018-06-06,276.34,279.65,275.84,279.13,698799,1.0,0.0
2018-06-07,279.79,287.66,278.54,282.76,725842,1.0,0.0
2018-06-08,281.53,284.16,281.26,283.13,486767,1.0,0.0
2018-06-11,282.62,286.51,282.31,284.78,599196,1.0,0.0
2018-06-12,284.95,286.86,283.73,284.78,500356,1.0,0.0
2018-06-13,284.25,284.86,281.56,281.65,540338,1.0,0.0
2018-06-14,282.74,284.26,280.37,281.89,641957,1.0,0.0
2018-06-15,280.0,285.06,279.91,282.93,1316960,1.0,0.0
2018-06-18,281.86,283.57,280.33,282.11,509462,1.0,0.0
2018-06-19,280.17,283.2,278.85,282.01,591811,1.0,0.0
2018-06-20,283.14,287.0,280.79,284.18,679967,1.0,0.0
2018-06-21,284.01,288.34,282.8,287.07,505081,1.0,0.0
2018-06-22,288.34,290.35,285.57,286.16,925951,1.0,0.0
2018-06-25,281.43,283.54,278.44,280.32,751174,1.0,0.0
2018-06-26,280.56,282.23,280.48,281.04,635483,1.0,0.0
2018-06-27,281.79,281.98,272.37,272.84,853042,1.0,0.0
2018-06-28,272.87,278.63,271.58,276.26,569775,1.0,0.0
2018-06-29,277.51,278.0,273.3,273.57,598483,1.0,0.0
2018-07-02,272.45,274.71,270.97,274.52,611079,1.0,0.0
2018-07-03,276.24,280.4,275.76,276.78,323913,1.0,0.0
2018-07-05,277.64,280.35,273.74,279.73,509573,1.0,0.0
2018-07-06,280.88,283.5,279.32,282.95,439462,1.0,0.0
2018-07-09,284.24,290.34,283.64,289.38,857155,1.0,0.0
2018-07-10,289.4,290.01,285.85,288.11,488824,1.0,0.0
2018-07-11,286.82,286.99,281.18,283.34,436614,1.0,0.0
2018-07-12,285.35,287.32,283.58,284.91,467674,1.0,0.0
2018-07-13,285.47,289.39,285.47,286.0,370896,1.0,0.0
2018-07-16,286.62,287.63,283.39,285.32,624824,1.0,0.0
2018-07-17,284.59,289.76,284.11,289.5,678165,1.0,0.0
2018-07-18,289.76,290.81,288.21,290.51,538936,1.0,0.0
2018-07-19,290.02,300.07,288.43,299.23,1017116,1.0,0.0
2018-07-20,299.09,299.81,296.58,297.33,643839,1.0,0.0
2018-07-23,297.05,301.69,291.54,299.53,645498,1.0,0.0
2018-07-24,300.91,300.91,293.01,294.15,784254,1.0,0.0
2018-07-25,294.31,297.37,291.16,297.2,1264481,1.0,0.0
2018-07-26,305.0,310.0,297.83,303.76,1570629,1.0,0.0
2018-07-27,303.58,305.05,298.12,300.44,702621,1.0,0.0
2018-07-30,299.68,305.76,299.0,304.59,658736,1.0,0.0
2018-07-31,303.09,306.3,301.62,306.0,559183,1.0,0.0
2018-08-01,302.66,305.0,301.02,302.7,575650,1.0,0.0
2018-08-02,301.73,310.11,301.41,308.87,856262,1.0,0.0
2018-08-03,309.39,312.99,308.46,311.88,612433,1.0,0.0
2018-08-06,312.33,315.86,311.17,315.47,529417,1.0,0.0
2018-08-07,315.5,316.57,312.05,315.67,412875,1.0,0.0
2018-08-08,316.39,321.01,316.31,318.04,519389,1.0,0.0
2018-08-09,317.66,320.22,316.39,318.78,357848,1.0,0.0
2018-08-10,316.1,319.86,315.79,318.94,443187,1.0,0.0
2018-08-13,319.96,320.0,314.08,314.36,528054,1.0,0.0
2018-08-14,317.01,325.36,317.01,323.27,717741,1.0,0.0
2018-08-15,320.71,327.21,318.3,324.75,683995,1.0,0.0
2018-08-16,326.51,329.21,325.48,328.54,500251,1.0,0.0
2018-08-17,328.17,330.21,326.18,329.96,508785,1.0,0.0
2018-08-20,330.87,332.27,326.37,330.11,501283,1.0,0.0
2018-08-21,331.48,334.02,328.29,329.97,508567,1.0,0.0
2018-08-22,328.85,332.4,328.24,328.66,489534,1.0,0.0
2018-08-23,329.13,332.23,327.75,331.65,444131,1.0,0.0
2018-08-24,332.15,333.33,328.9,330.67,424897,1.0,0.0
2018-08-27,332.22,332.95,329.28,330.08,393147,1.0,0.0
2018-08-28,331.16,332.6,328.99,332.03,338184,1.0,0.0
2018-08-29,332.14,335.36,330.07,332.77,357805,1.0,0.0
2018-08-30,331.82,333.75,329.04,329.53,509100,1.0,0.0
2018-08-31,329.63,335.98,329.63,335.42,708029,1.0,0.0
2018-09-04,335.52,345.36,335.52,343.78,763092,1.0,0.0
2018-09-05,342.84,346.35,340.43,340.86,690796,1.0,0.0
2018-09-06,340.87,346.3,340.87,344.7,407678,1.0,0.0
2018-09-07,344.09,347.98,344.09,346.12,440021,1.0,0.0
2018-09-10,348.07,349.42,345.01,345.89,487620,1.0,0.0
2018-09-11,346.04,351.65,346.04,347.72,688077,1.0,0.0
2018-09-12,347.97,349.36,342.78,343.96,583194,1.0,0.0
2018-09-13,343.08,345.23,339.77,341.81,893111,1.0,0.0
2018-09-14,342.74,343.99,337.95,338.73,598214,1.0,0.0
2018-09-17,340.24,341.47,334.85,336.66,840695,1.0,0.0
2018-09-18,331.15,342.29,329.99,340.48,758199,1.0,0.0
2018-09-19,340.73,343.99,340.11,342.91,469027,1.0,0.0
2018-09-20,343.65,344.93,340.94,344.54,364858,1.0,0.0
2018-09-21,345.5,345.62,342.19,344.51,1041080,1.0,0.0
2018-09-24,341.59,346.15,338.55,343.05,410558,1.0,0.0
2018-09-25,344.41,345.74,342.79,344.31,357861,1.0,0.0
2018-09-26,345.65,349.27,345.32,345.72,376649,1.0,0.0
2018-09-27,345.12,348.3,344.32,345.9,354390,1.0,0.0
2018-09-28,345.99,349.21,345.2,347.32,443492,1.0,0.0
2018-10-01,349.38,349.48,344.45,345.78,565837,1.0,0.0
2018-10-02,346.85,346.85,342.03,342.09,476454,1.0,0.0
2018-10-03,343.57,345.8,342.62,343.5,433858,1.0,0.0
2018-10-04,343.74,344.43,338.07,339.44,391358,1.0,0.0
2018-10-05,339.6,344.74,338.38,340.82,602872,1.0,0.0
2018-10-08,340.61,346.71,340.39,344.34,493519,1.0,0.0
2018-10-09,344.52,349.67,344.52,345.56,504356,1.0,0.0
2018-10-10,344.47,345.84,336.05,336.45,699329,1.0,0.0
2018-10-11,334.66,340.25,328.17,330.35,649143,1.0,0.0
2018-10-12,334.12,340.62,332.58,339.54,735019,1.0,0.0
2018-10-15,339.72,346.01,338.21,343.54,683664,1.0,0.0
2018-10-16,342.33,347.99,337.76,347.27,671752,1.0,0.0
2018-10-17,346.77,347.59,326.45,334.78,966008,1.0,0.0
2018-10-18,335.0,341.73,333.95,338.45,696982,1.0,0.0
2018-10-19,344.5,346.0,339.57,339.87,629105,1.0,0.0
2018-10-22,341.15,347.64,341.05,344.82,560781,1.0,0.0
2018-10-23,341.68,343.64,337.55,340.33,901804,1.0,0.0
2018-10-24,340.8,344.5,320.65,322.83,1158016,1.0,0.0
2018-10-25,318.0,334.0,314.14,324.55,1955760,1.0,0.0
2018-10-26,319.4,331.76,315.0,326.08,1009745,1.0,0.0
2018-10-29,330.15,333.24,324.77,329.18,584631,1.0,0.0
2018-10-30,330.69,335.28,327.32,330.47,645754,1.0,0.0
2018-10-31,332.04,333.0,319.69,320.75,1056508,1.0,0.0
2018-11-01,319.11,324.54,318.33,320.61,954767,1.0,0.0
2018-11-02,321.34,326.68,319.13,325.23,944623,1.0,0.0
2018-11-05,325.45,329.01,324.81,327.27,699097,1.0,0.0
2018-11-06,328.59,335.0,328.59,333.54,566530,1.0,0.0
2018-11-07,335.95,342.93,333.54,342.13,806832,1.0,0.0
2018-11-08,341.76,354.48,340.83,353.44,1017471,1.0,0.0
2018-11-09,354.45,356.26,349.86,354.74,772973,1.0,0.0
2018-11-12,353.6,355.27,346.92,349.41,989362,1.0,0.0
2018-11-13,355.32,359.06,353.34,357.52,759537,1.0,0.0
2018-11-14,359.94,363.2,354.15,354.78,668788,1.0,0.0
2018-11-15,352.79,352.83,343.74,346.0,818099,1.0,0.0
2018-11-16,343.3,353.09,342.22,352.6,625418,1.0,0.0
2018-11-19,352.62,358.42,349.83,354.24,583354,1.0,0.0
2018-11-20,350.36,350.96,335.83,336.07,790062,1.0,0.0
2018-11-21,337.64,346.29,337.64,345.58,545865,1.0,0.0
2018-11-23,343.22,353.38,343.0,350.63,260992,1.0,0.0
2018-11-26,354.52,358.5,350.26,350.99,468778,1.0,0.0
2018-11-27,350.08,356.0,350.08,353.08,671961,1.0,0.0
2018-11-28,352.77,359.09,352.15,358.87,647612,1.0,0.0
2018-11-29,357.31,361.57,354.42,354.85,543882,1.0,0.0
2018-11-30,355.27,356.73,344.29,346.78,814619,1.0,0.0
2018-12-03,350.37,351.43,343.24,346.34,1126616,1.0,0.0
2018-12-04,346.53,355.97,343.0,346.43,1144292,1.0,0.0
2018-12-06,342.38,342.4,330.1,340.41,990759,1.0,0.0
2018-12-07,336.62,343.96,330.36,331.45,551226,1.0,0.0
2018-12-10,332.86,340.12,328.41,338.06,563916,1.0,0.0
2018-12-11,340.58,346.67,339.52,342.57,596131,1.0,0.0
2018-12-12,346.61,355.44,346.49,353.63,718425,1.0,0.0
2018-12-13,352.65,355.5,350.43,354.56,613585,1.0,0.0
2018-12-14,352.98,356.4,347.81,348.17,663178,1.0,0.0
2018-12-17,346.94,347.51,338.81,340.94,680603,1.0,0.0
2018-12-18,342.0,347.34,341.2,344.1,550695,1.0,0.0
2018-12-19,343.16,348.92,338.01,340.39,674469,1.0,0.0
2018-12-20,340.05,340.87,327.33,332.69,769801,1.0,0.0
2018-12-21,330.77,339.97,329.37,330.57,1291532,1.0,0.0
2018-12-24,330.23,333.0,326.71,327.41,367362,1.0,0.0
2018-12-26,329.26,344.54,329.26,344.45,515110,1.0,0.0
2018-12-27,340.57,343.15,331.03,343.12,583277,1.0,0.0
2018-12-28,345.31,346.48,338.58,342.1,520717,1.0,0.0
2018-12-31,345.0,346.1021,340.06,344.33,588048,1.0,0.0
2019-01-02,335.82,346.71,335.01,341.15,937366,1.0,0.0
2019-01-03,338.95,348.96,335.38,346.13,1027535,1.0,0.0
2019-01-04,348.46,351.88,338.83,341.82,807746,1.0,0.0
2019-01-07,341.57,344.72,336.03,339.69,1096713,1.0,0.0
2019-01-08,342.08,342.41,329.86,336.07,1340780,1.0,0.0
2019-01-09,336.87,346.5,336.87,343.54,727882,1.0,0.0
2019-01-10,340.16,343.72,337.35,343.44,518098,1.0,0.0
2019-01-11,341.68,343.95,337.07,338.73,544029,1.0,0.0
2019-01-14,336.62,343.45,335.31,341.15,539373,1.0,0.0
2019-01-15,341.25,346.91,340.0,344.15,559850,1.0,0.0
2019-01-16,344.73,344.73,340.0,344.0,461856,1.0,0.0
2019-01-17,344.31,350.28,341.64,348.22,503092,1.0,0.0
2019-01-18,350.73,353.74,345.89,351.5,576119,1.0,0.0
2019-01-22,349.16,352.63,343.26,345.45,586158,1.0,0.0
2019-01-23,345.0,349.18,342.51,347.9,405995,1.0,0.0
2019-01-24,348.81,348.84,339.49,339.94,625145,1.0,0.0
2019-01-25,341.67,342.81,331.34,337.44,751023,1.0,0.0
2019-01-28,336.16,340.34,333.11,335.67,624478,1.0,0.0
2019-01-29,334.73,339.89,333.44,339.24,515850,1.0,0.0
2019-01-30,339.42,346.16,337.26,345.68,637272,1.0,0.0
2019-01-31,346.91,347.72,340.0,344.66,804808,1.0,0.0
2019-02-01,346.08,348.69,342.77,346.75,899359,1.0,0.0
2019-02-04,348.22,356.48,345.5,356.17,738609,1.0,0.0
2019-02-05,356.19,359.77,354.35,358.21,814503,1.0,0.0
2019-02-06,356.58,359.0,352.31,353.62,893829,1.0,0.0
2019-02-07,361.6,366.18,353.7,365.46,1760124,1.0,0.0
2019-02-08,362.53,365.39,357.76,360.23,1407676,1.0,0.0
2019-02-11,359.99,368.73,358.89,366.68,896565,1.0,0.0
2019-02-12,369.27,378.64,369.06,378.49,1032855,1.0,0.0
2019-02-13,379.39,379.91,375.13,377.42,725535,1.0,0.0
2019-02-14,376.31,383.68,372.87,383.05,622377,1.0,0.0
2019-02-15,386.11,388.51,382.07,388.0,675064,1.0,0.0
2019-02-19,388.27,394.42,382.08,384.54,631999,1.0,0.0
2019-02-20,383.58,386.13,379.0,383.58,521552,1.0,0.0
2019-02-21,382.39,383.15,378.57,380.5,455519,1.0,0.0
2019-02-22,382.41,385.9,380.8617,383.99,479995,1.0,0.0
2019-02-25,384.38,385.0,372.91,375.16,756246,1.0,0.0
2019-02-26,381.0,383.8,376.12,378.04,863912,1.0,0.0
2019-02-27,378.28,379.25,366.95,367.96,666164,1.0,0.0
2019-02-28,364.28,372.7,363.6,371.96,799134,1.0,0.0
2019-03-01,373.1,374.81,366.96,371.09,575787,1.0,0.0
2019-03-04,371.46,376.0,366.79,370.48,701080,1.0,0.0
2019-03-05,371.98,377.69,369.65,374.8,557142,1.0,0.0
2019-03-06,376.02,376.73,371.22,372.36,500258,1.0,0.0
2019-03-07,371.59,372.63,368.18,369.41,423017,1.0,0.0
2019-03-08,368.0,368.03,362.21,364.1,488997,1.0,0.0
2019-03-11,365.0,367.71,362.56,366.34,501462,1.0,0.0
2019-03-12,367.35,368.36,361.54,365.51,514343,1.0,0.0
2019-03-13,366.95,369.6,365.01,367.33,573209,1.0,0.0
2019-03-14,366.03,368.48,362.79,368.16,687906,1.0,0.0
2019-03-15,368.86,371.06,363.27,370.02,1154708,1.0,0.0
2019-03-18,369.26,378.33,368.96,375.8,711342,1.0,0.0
2019-03-19,375.82,379.39,373.02,374.21,431884,1.0,0.0
2019-03-20,372.97,378.02,371.26,375.48,457112,1.0,0.0
2019-03-21,375.19,385.0,373.25,384.61,514491,1.0,0.0
2019-03-22,383.44,385.81,375.98,376.3,457916,1.0,0.0
2019-03-25,381.5,387.11,377.36,385.89,487201,1.0,0.0
2019-03-26,387.11,387.8,382.64,384.68,435468,1.0,0.0
2019-03-27,385.38,388.23,381.98,386.89,424043,1.0,0.0
2019-03-28,388.77,390.36,384.08,388.47,436506,1.0,0.0
2019-03-29,389.64,391.78,387.63,388.3,797244,1.0,0.0
2019-04-01,391.4,394.42,388.85,391.54,737734,1.0,0.0
2019-04-02,393.0,395.05,390.54,394.33,535063,1.0,0.0
2019-04-03,396.37,398.07,394.16,396.4,578995,1.0,0.0
2019-04-04,397.0,398.41,394.0,398.08,341762,1.0,0.0
2019-04-05,399.63,403.79,398.17,401.13,486557,1.0,0.0
2019-04-08,400.76,404.16,397.45,401.99,496464,1.0,0.0
2019-04-09,400.67,401.46,397.55,399.91,378727,1.0,0.0
2019-04-10,401.46,405.14,398.88,405.01,471651,1.0,0.0
2019-04-11,406.26,409.33,403.19,407.85,554265,1.0,0.0
2019-04-12,407.85,408.84,404.11,406.32,490803,1.0,0.0
2019-04-15,405.34,409.71,404.2,408.67,457086,1.0,0.0
2019-04-16,410.08,414.63,406.29,408.49,572639,1.0,0.0
2019-04-17,407.42,408.2,403.12,404.27,502884,1.0,0.0
2019-04-18,401.0,402.61,397.23,399.46,774619,1.0,0.0
2019-04-22,397.43,398.6,392.06,393.31,704323,1.0,0.0
2019-04-23,393.12,398.92,392.47,395.66,906132,1.0,0.0
2019-04-24,396.75,400.93,394.46,396.71,802482,1.0,0.0
2019-04-25,380.43,382.2,367.12,380.0,2223077,1.0,0.0
2019-04-26,380.63,381.01,374.03,379.96,1097587,1.0,0.0
2019-04-29,380.95,383.77,373.35,375.0,771787,1.0,0.0
2019-04-30,373.72,378.88,370.5,378.57,803286,1.0,0.0
2019-05-01,377.69,381.8,373.28,373.55,651110,1.0,0.0
2019-05-02,373.0,381.61,372.2,381.03,722759,1.0,0.0
2019-05-03,382.37,383.11,375.48,375.79,672128,1.0,0.0
2019-05-06,372.49,377.06,370.5,375.76,599095,1.0,0.0
2019-05-07,373.12,375.71,366.61,368.87,590838,1.0,0.0
2019-05-08,368.28,370.35,364.65,367.77,676893,1.0,0.0
2019-05-09,364.38,367.83,361.66,367.39,716001,1.0,0.0
2019-05-10,365.55,368.62,358.54,364.79,747648,1.0,0.0
2019-05-13,360.66,361.46,353.91,354.85,749527,1.0,0.0
2019-05-14,355.03,355.42,349.71,353.81,819712,1.0,0.0
2019-05-15,352.78,356.1,351.97,353.4,814444,1.0,0.0
2019-05-16,353.8,356.66,351.17,352.57,646953,1.0,0.0
2019-05-17,351.44,357.9,350.36,353.02,606355,1.0,0.0
2019-05-20,350.58,355.76,349.84,353.99,562522,1.0,0.0
2019-05-21,356.31,363.8,356.31,362.64,869876,1.0,0.0
2019-05-22,360.97,369.82,360.1,368.62,929840,1.0,0.0
2019-05-23,365.18,367.9,362.12,366.14,705663,1.0,0.0
2019-05-24,368.49,372.33,362.24,366.85,671792,1.0,0.0
2019-05-28,368.67,376.28,368.58,369.3,774065,1.0,0.0
2019-05-29,368.2,370.49,363.44,367.13,611470,1.0,0.0
2019-05-30,368.57,373.14,366.44,372.31,441809,1.0,0.0
2019-05-31,368.85,372.16,366.29,371.37,549200,1.0,0.0
2019-06-03,371.49,378.58,367.64,374.22,802031,1.0,0.0
2019-06-04,377.97,380.59,372.95,374.9,687917,1.0,0.0
2019-06-05,375.34,381.51,374.17,379.89,504875,1.0,0.0
2019-06-06,379.46,383.57,378.82,381.05,456524,1.0,0.0
2019-06-07,383.17,385.18,381.39,382.26,462887,1.0,0.0
2019-06-10,382.87,387.64,382.87,385.03,361778,1.0,0.0
2019-06-11,387.55,387.59,380.11,381.0,455691,1.0,0.0
2019-06-12,381.25,385.43,380.17,384.71,292122,1.0,0.0
2019-06-13,386.55,389.81,385.13,387.57,282366,1.0,0.0
2019-06-14,389.6,390.1,386.17,387.96,448390,1.0,0.0
2019-06-17,389.18,391.15,383.28,383.85,641171,1.0,0.0
2019-06-18,384.77,387.68,382.54,385.33,620410,1.0,0.0
2019-06-19,384.65,385.25,369.241,378.99,695308,1.0,0.0
2019-06-20,382.02,383.77,373.0201,375.87,640329,1.0,0.0
2019-06-21,375.58,378.52,373.21,376.27,863400,1.0,0.0
2019-06-24,376.16,377.93,373.6,375.49,387033,1.0,0.0
2019-06-25,375.49,375.73,371.63,374.46,473092,1.0,0.0
2019-06-26,369.1,373.15,367.85,368.19,531807,1.0,0.0
2019-06-27,365.53,370.85,364.08,367.57,533013,1.0,0.0
2019-06-28,367.57,371.21,367.03,369.32,615706,1.0,0.0
2019-07-01,373.0,376.8,371.1,374.34,524248,1.0,0.0
2019-07-02,374.39,386.22,374.39,383.09,635933,1.0,0.0
2019-07-03,383.0,387.67,382.09,386.22,436705,1.0,0.0
2019-07-05,385.79,387.49,383.35,386.04,325637,1.0,0.0
2019-07-08,385.51,390.45,385.15,386.27,433526,1.0,0.0
2019-07-09,386.13,388.97,384.11,385.21,466030,1.0,0.0
2019-07-10,388.0,389.93,384.33,389.2,559219,1.0,0.0
2019-07-11,390.81,395.85,386.55,393.47,515518,1.0,0.0
2019-07-12,395.46,403.63,394.55,401.83,514861,1.0,0.0
2019-07-15,403.46,403.89,399.13,403.23,339543,1.0,0.0
2019-07-16,403.22,407.03,402.57,405.55,512289,1.0,0.0
2019-07-17,405.58,407.2,398.81,399.64,504488,1.0,0.0
2019-07-18,392.47,403.67,385.52,403.19,907009,1.0,0.0
2019-07-19,403.61,404.92,396.45,396.82,586579,1.0,0.0
2019-07-22,398.12,400.06,393.64,394.78,676014,1.0,0.0
2019-07-23,396.76,398.0,388.81,392.39,630268,1.0,0.0
2019-07-24,390.71,397.77,390.27,396.5,575888,1.0,0.0
2019-07-25,385.51,400.99,375.22,376.0,1568749,1.0,0.0
2019-07-26,375.7,385.39,374.7,383.79,553960,1.0,0.0
2019-07-29,383.55,390.54,383.41,389.82,666320,1.0,0.0
2019-07-30,388.62,389.11,382.89,383.35,432866,1.0,0.0
2019-07-31,382.11,385.53,375.55,380.76,646661,1.0,0.0
2019-08-01,380.86,381.71,372.28,374.8,823843,1.0,0.0
2019-08-02,375.04,375.6,368.0,369.93,678785,1.0,0.0
2019-08-05,366.41,366.99,359.86,363.62,792799,1.0,0.0
2019-08-06,366.67,375.18,362.5,373.56,728035,1.0,0.0
2019-08-07,369.37,376.57,368.0,375.84,695947,1.0,0.0
2019-08-08,377.04,382.3,375.55,381.59,538651,1.0,0.0
2019-08-09,382.1,384.74,375.43,378.31,542947,1.0,0.0
2019-08-12,376.75,377.99,368.78,370.84,863910,1.0,0.0
2019-08-13,367.81,381.27,364.58,373.54,842007,1.0,0.0
2019-08-14,368.5,374.37,366.64,369.43,782474,1.0,0.0
2019-08-15,371.77,379.0,369.24,375.43,483700,1.0,0.0
2019-08-16,378.93,382.66,378.38,381.64,506369,1.0,0.0
2019-08-19,384.63,387.57,380.87,385.77,560007,1.0,0.0
2019-08-20,386.66,389.85,382.78,383.24,505704,1.0,0.0
2019-08-21,388.02,388.74,382.39,384.0,385223,1.0,0.0
2019-08-22,385.36,386.5,380.06,382.18,434190,1.0,0.0
2019-08-23,379.36,383.21,375.95,377.34,486319,1.0,0.0
2019-08-26,378.43,380.87,375.02,378.65,445396,1.0,0.0
2019-08-27,380.98,382.29,376.72,376.92,613931,1.0,0.0
2019-08-28,375.66,385.4,375.0,383.72,409845,1.0,0.0
2019-08-29,388.0,390.01,384.87,385.44,468224,1.0,0.0
2019-08-30,387.7,388.04,382.99,383.76,421079,1.0,0.0
2019-09-03,380.0,385.63,380.0,383.86,354535,1.0,0.0
2019-09-04,387.36,389.13,381.97,388.61,420265,1.0,0.0
2019-09-05,391.96,399.45,391.5,396.58,500158,1.0,0.0
2019-09-06,398.47,403.75,398.12,399.73,417748,1.0,0.0
2019-09-09,401.24,403.0,398.68,402.62,548488,1.0,0.0
2019-09-10,402.05,409.17,398.03,407.68,698822,1.0,0.0
2019-09-11,407.72,408.85,402.27,404.77,440716,1.0,0.0
2019-09-12,406.0,407.49,393.73,393.9,599693,1.0,0.0
2019-09-13,391.0,394.66,389.56,390.85,636455,1.0,0.0
2019-09-16,389.86,391.53,379.87,380.44,626150,1.0,0.0
2019-09-17,379.49,391.77,378.24,391.57,614272,1.0,0.0
2019-09-18,392.23,395.59,385.8,390.49,439751,1.0,0.0
2019-09-19,390.49,396.83,389.17,389.93,470087,1.0,0.0
2019-09-20,392.8,403.5,391.57,398.86,1289430,1.0,0.0
2019-09-23,397.14,403.65,397.14,397.88,669820,1.0,0.0
2019-09-24,399.79,404.17,391.98,394.67,562615,1.0,0.0
2019-09-25,395.18,396.06,391.57,394.78,414747,1.0,0.0
2019-09-26,394.27,397.99,391.95,396.16,278088,1.0,0.0
2019-09-27,397.69,399.5,392.14,394.48,269350,1.0,0.0
2019-09-30,394.77,400.24,394.77,398.51,405451,1.0,0.0
2019-10-01,400.04,402.57,398.72,400.67,399591,1.0,0.0
2019-10-02,398.66,399.42,387.02,390.44,553824,1.0,0.0
2019-10-03,391.0,391.8,385.01,387.35,334393,1.0,0.0
2019-10-04,387.41,390.88,385.51,390.62,325311,1.0,0.0
2019-10-07,390.04,392.38,387.86,388.95,280051,1.0,0.0
2019-10-08,385.4,390.43,383.77,387.63,403984,1.0,0.0
2019-10-09,391.35,396.84,389.85,395.33,341968,1.0,0.0
2019-10-10,393.73,399.49,390.98,398.8,257851,1.0,0.0
2019-10-11,401.65,405.75,400.19,401.35,291539,1.0,0.0
2019-10-14,401.21,402.78,399.73,401.39,271834,1.0,0.0
2019-10-15,401.66,405.32,400.0,403.75,451073,1.0,0.0
2019-10-16,402.49,410.1,401.41,407.75,461843,1.0,0.0
2019-10-17,407.32,409.67,403.13,407.17,435231,1.0,0.0
2019-10-18,404.97,404.97,401.36,403.2,457919,1.0,0.0
2019-10-21,406.35,407.4,400.23,402.47,464210,1.0,0.0
2019-10-22,402.9,405.06,400.15,400.4,436803,1.0,0.0
2019-10-23,400.0,402.05,397.14,400.53,657887,1.0,0.0
2019-10-24,420.0,442.15,420.0,437.3,1612329,1.0,0.0
2019-10-25,436.82,446.78,436.02,438.54,910512,1.0,0.0
2019-10-28,438.53,445.14,438.35,442.19,594321,1.0,0.0
2019-10-29,438.36,440.88,434.27,434.35,469594,1.0,0.0
2019-10-30,434.75,438.62,433.46,436.69,466689,1.0,0.0
2019-10-31,437.25,437.66,431.19,435.51,383181,1.0,0.0
2019-11-01,437.93,440.07,435.98,437.01,447278,1.0,0.0
2019-11-04,438.91,439.71,433.58,436.49,439779,1.0,0.0
2019-11-05,435.86,439.86,433.0,433.72,458084,1.0,0.0
2019-11-06,435.02,441.98,432.19,440.83,533919,1.0,0.0
2019-11-07,443.1,444.4,438.36,440.26,383458,1.0,0.0
2019-11-08,439.24,441.57,436.8,439.23,256434,1.0,0.0
2019-11-11,437.01,440.85,436.8,439.95,272344,1.0,0.0
2019-11-12,438.15,442.32,436.2,439.91,416665,1.0,0.0
2019-11-13,439.89,443.31,436.73,441.64,256867,1.0,0.0
2019-11-14,442.36,443.83,439.36,443.19,241933,1.0,0.0
2019-11-15,445.37,445.37,440.59,445.23,414335,1.0,0.0
2019-11-18,446.03,454.31,445.87,449.89,488164,1.0,0.0
2019-11-19,451.37,453.99,444.22,444.57,415551,1.0,0.0
2019-11-20,444.47,447.67,436.7,438.7,640148,1.0,0.0
2019-11-21,436.91,441.35,433.37,434.94,429192,1.0,0.0
2019-11-22,437.58,438.46,434.27,438.26,533893,1.0,0.0
2019-11-25,439.19,441.12,437.24,438.0,320244,1.0,0.0
2019-11-26,439.27,443.44,439.12,442.28,516215,1.0,0.0
2019-11-27,442.57,446.74,441.57,445.66,263330,1.0,0.0
2019-11-29,438.0,447.7,438.0,442.28,241407,1.0,0.0
2019-12-02,443.38,447.45,441.01,446.36,334657,1.0,0.0
2019-12-03,444.2,444.88,434.5,438.64,556140,1.0,0.0
2019-12-04,438.08,443.65,435.51,442.09,393328,1.0,0.0
2019-12-05,442.25,443.15,439.32,441.04,351196,1.0,0.0
2019-12-06,444.13,447.21,442.03,445.57,335859,1.0,0.0
2019-12-09,441.3,444.31,437.61,439.73,385026,1.0,0.0
2019-12-10,448.1,448.1,441.26,441.9,518888,1.0,0.0
2019-12-11,439.47,444.8,439.25,444.65,422545,1.0,0.0
2019-12-12,444.46,448.53,440.98,441.2,380462,1.0,0.0
2019-12-13,438.56,442.56,436.71,441.35,474475,1.0,0.0
2019-12-16,443.65,445.82,440.42,440.52,563747,1.0,0.0
2019-12-17,441.21,446.38,441.21,443.7,458870,1.0,0.0
2019-12-18,443.69,444.3,439.71,440.54,534488,1.0,0.0
2019-12-19,435.47,444.16,433.63,442.65,479878,1.0,0.0
2019-12-20,445.66,446.4,439.26,441.16,890905,1.0,0.0
2019-12-23,441.86,442.5,435.5,437.41,362150,1.0,0.0
2019-12-24,435.9,439.84,435.9,439.83,127853,1.0,0.0
2019-12-26,440.72,442.04,436.53,439.09,242171,1.0,0.0
2019-12-27,439.65,441.0,436.05,437.21,256726,1.0,0.0
2019-12-30,437.36,439.26,435.43,437.51,297782,1.0,0.0
2019-12-31,437.76,440.17,435.97,438.26,390510,1.0,0.0
2020-01-02,438.5,439.06,434.44,437.52,796135,1.0,0.0
2020-01-03,435.81,439.22,433.04,438.75,482933,1.0,0.0
2020-01-06,437.03,437.03,429.22,434.66,837203,1.0,0.0
2020-01-07,433.94,434.51,425.28,428.77,661464,1.0,0.0
2020-01-08,428.87,437.57,428.87,431.9,479511,1.0,0.0
2020-01-09,434.99,439.54,433.45,437.37,561231,1.0,0.0
2020-01-10,437.88,438.39,434.9,436.85,569414,1.0,0.0
2020-01-13,436.63,437.84,433.07,435.5,561988,1.0,0.0
2020-01-14,434.16,438.79,432.5,438.51,432780,1.0,0.0
2020-01-15,436.87,440.34,436.78,438.15,349056,1.0,0.0
2020-01-16,439.9,443.99,438.45,441.07,875646,1.0,0.0
2020-01-17,442.68,442.8,436.16,440.68,606910,1.0,0.0
2020-01-21,439.92,446.83,439.81,440.6,620851,1.0,0.0
2020-01-22,441.18,443.86,433.52,435.71,754166,1.0,0.0
2020-01-23,432.74,436.91,430.89,436.05,685440,1.0,0.0
2020-01-24,437.46,439.12,429.71,430.77,374899,1.0,0.0
2020-01-27,425.88,428.85,425.88,426.81,448295,1.0,0.0
2020-01-28,427.35,429.84,425.59,428.06,457051,1.0,0.0
2020-01-29,427.7,429.53,423.9,424.13,368292,1.0,0.0
2020-01-30,420.7,420.79,417.0,419.88,623756,1.0,0.0
2020-01-31,415.28,417.95,405.0,406.1,1275130,1.0,0.0
2020-02-03,407.84,412.07,405.87,406.23,775083,1.0,0.0
2020-02-04,409.78,415.96,407.47,407.59,666594,1.0,0.0
2020-02-05,410.53,421.71,410.27,419.21,938030,1.0,0.0
2020-02-06,404.28,412.49,388.43,398.13,2185400,1.0,0.0
2020-02-07,396.28,397.49,386.18,387.69,1187935,1.0,0.0
2020-02-10,385.33,392.0,385.33,391.31,845676,1.0,0.0
2020-02-11,388.13,394.33,387.77,389.76,1255384,1.0,0.0
2020-02-12,391.19,393.26,389.33,392.47,840814,1.0,0.0
2020-02-13,391.84,396.23,391.84,392.6,723684,1.0,0.0
2020-02-14,393.59,396.01,389.77,390.89,899016,1.0,0.0
2020-02-18,393.23,399.36,391.31,395.99,1095345,1.0,0.0
2020-02-19,394.96,398.11,390.5,392.15,781890,1.0,0.0
2020-02-20,391.15,395.72,388.69,395.18,1095985,1.0,0.0
2020-02-21,393.3,394.21,389.37,391.5,641950,1.0,0.0
2020-02-24,386.15,391.29,385.48,387.77,758248,1.0,0.0
2020-02-25,389.71,390.9,376.75,377.35,1005763,1.0,0.0
2020-02-26,379.5,384.21,376.72,377.69,807259,1.0,0.0
2020-02-27,371.24,380.93,370.06,370.47,1110173,1.0,0.0
2020-02-28,360.91,372.5,358.87,368.72,1691766,1.0,0.0
2020-03-02,367.01,378.39,364.45,378.39,1222661,1.0,0.0
2020-03-03,368.43,380.48,362.25,364.17,1406887,1.0,0.0
2020-03-04,368.02,377.5,363.62,377.2,734271,1.0,0.0
2020-03-05,368.87,371.94,358.45,361.33,810218,1.0,0.0
2020-03-06,354.03,369.57,352.24,368.08,1175820,1.0,0.0
2020-03-09,358.56,380.0,355.0,373.63,1476898,1.0,0.0
2020-03-10,381.68,394.55,381.13,393.52,1284193,1.0,0.0
2020-03-11,385.51,387.47,370.99,374.35,1231726,1.0,0.0
2020-03-12,359.89,361.66,330.24,330.29,1616601,1.0,0.0
2020-03-13,344.0,354.92,328.71,354.3,952464,1.0,0.0
2020-03-16,325.72,336.0,298.53,299.65,1148834,1.0,0.0
2020-03-17,307.18,331.29,301.89,327.54,1111332,1.0,0.0
2020-03-18,291.21,312.48,274.94,293.72,1186746,1.0,0.0
2020-03-19,291.27,306.32,277.36,290.53,936826,1.0,0.0
2020-03-20,290.73,291.53,261.0,263.77,1104414,1.0,0.0
2020-03-23,255.85,270.84,251.52,260.92,1900602,1.0,0.0
2020-03-24,272.27,294.99,271.0,277.13,2921616,1.0,0.0
2020-03-25,279.51,314.74,274.93,298.92,2171775,1.0,0.0
2020-03-26,300.0,329.0,300.0,326.74,1602250,1.0,0.0
2020-03-27,315.1,325.52,307.22,313.43,902908,1.0,0.0
2020-03-30,315.25,320.85,306.56,318.19,760135,1.0,0.0
2020-03-31,309.81,313.61,299.37,301.05,1101242,1.0,0.0
2020-04-01,288.42,300.97,283.59,287.25,1184769,1.0,0.0
2020-04-02,288.94,303.94,288.94,303.49,1139439,1.0,0.0
2020-04-03,300.97,302.97,289.31,295.38,1019714,1.0,0.0
2020-04-06,311.37,337.8,311.37,333.43,1115431,1.0,0.0
2020-04-07,345.0,348.97,329.19,336.27,940684,1.0,0.0
2020-04-08,338.55,353.86,336.3,340.03,1002325,1.0,0.0
2020-04-09,342.95,351.96,338.25,342.44,867092,1.0,0.0
2020-04-13,341.28,348.94,332.16,347.92,485191,1.0,0.0
2020-04-14,352.98,362.94,352.98,356.35,643816,1.0,0.0
2020-04-15,347.0,356.0,344.5,353.89,467737,1.0,0.0
2020-04-16,361.77,374.94,357.0,367.68,976624,1.0,0.0
2020-04-17,377.73,385.55,365.59,373.51,669334,1.0,0.0
2020-04-20,368.39,376.55,365.04,373.66,737731,1.0,0.0
2020-04-21,368.37,373.55,357.62,358.3,1031796,1.0,0.0
2020-04-22,362.51,371.0,361.01,368.26,997704,1.0,0.0
2020-04-23,386.45,389.59,366.18,374.53,1589812,1.0,0.0
2020-04-24,381.98,390.04,375.87,384.82,699759,1.0,0.0
2020-04-27,385.92,394.65,384.84,389.5,589453,1.0,0.0
2020-04-28,398.59,399.99,383.64,384.5,919998,1.0,0.0
2020-04-29,390.9,394.5,387.19,391.02,556460,1.0,0.0
2020-04-30,387.19,389.52,382.85,386.34,568045,1.0,0.0
2020-05-01,379.39,382.33,373.57,376.37,559159,1.0,0.0
2020-05-04,374.74,388.79,373.14,388.21,577739,1.0,0.0
2020-05-05,390.0,395.41,388.52,390.38,540916,1.0,0.0
2020-05-06,394.03,402.95,388.5,397.76,885544,1.0,0.0
2020-05-07,401.0,407.0,384.76,386.45,810160,1.0,0.0
2020-05-08,394.13,405.35,393.51,402.51,641381,1.0,0.0
2020-05-11,396.53,402.21,394.36,398.9,515257,1.0,0.0
2020-05-12,397.75,400.94,393.76,394.31,498814,1.0,0.0
2020-05-13,392.43,398.97,385.13,389.89,741375,1.0,0.0
2020-05-14,386.66,398.93,377.27,398.6,587925,1.0,0.0
2020-05-15,394.75,408.17,392.07,407.12,969318,1.0,0.0
2020-05-18,416.3,423.31,408.84,409.89,953188,1.0,0.0
2020-05-19,410.0,417.0,405.95,409.78,671236,1.0,0.0
2020-05-20,410.0,413.92,403.25,407.11,592352,1.0,0.0
2020-05-21,407.88,411.37,400.02,404.28,456746,1.0,0.0
2020-05-22,403.33,405.4,398.5,404.99,449679,1.0,0.0
2020-05-26,413.08,416.19,397.69,399.12,851046,1.0,0.0
2020-05-27,402.96,416.29,401.95,415.28,699718,1.0,0.0
2020-05-28,415.0,417.79,411.29,413.13,452879,1.0,0.0
2020-05-29,414.82,418.9,411.95,417.24,562668,1.0,0.0
2020-06-01,418.95,422.76,415.81,417.6,505836,1.0,0.0
2020-06-02,420.39,422.5,417.26,419.74,524197,1.0,0.0
2020-06-03,419.93,425.82,417.69,420.95,478138,1.0,0.0
2020-06-04,420.07,421.72,410.8,413.85,369521,1.0,0.0
2020-06-05,417.9,423.65,414.38,422.7,554207,1.0,0.0
2020-06-08,419.71,425.46,417.63,419.73,500776,1.0,0.0
2020-06-09,417.33,424.0,416.21,423.24,741953,1.0,0.0
2020-06-10,422.71,423.81,415.72,416.48,499186,1.0,0.0
2020-06-11,410.98,418.17,408.8,408.92,579885,1.0,0.0
2020-06-12,415.0,415.61,401.65,410.35,617344,1.0,0.0
2020-06-15,403.35,418.38,403.0,415.71,445419,1.0,0.0
2020-06-16,426.99,428.9,415.65,426.25,676183,1.0,0.0
2020-06-17,427.47,432.0,423.7,426.33,774768,1.0,0.0
2020-06-18,425.11,427.33,421.51,425.94,387729,1.0,0.0
2020-06-19,430.63,430.73,418.96,422.18,860491,1.0,0.0
2020-06-22,421.78,432.3,419.44,430.91,559983,1.0,0.0
2020-06-23,432.97,434.37,426.42,427.48,629137,1.0,0.0
2020-06-24,425.0,428.86,412.55,413.92,572471,1.0,0.0
2020-06-25,413.22,417.97,409.17,417.6,503541,1.0,0.0
2020-06-26,420.73,424.43,411.78,415.47,1299249,1.0,0.0
2020-06-29,419.89,422.745,414.31,422.39,398094,1.0,0.0
2020-06-30,419.76,424.55,415.28,421.67,605173,1.0,0.0
2020-07-01,419.94,427.66,416.13,426.08,532473,1.0,0.0
2020-07-02,430.64,432.19,424.83,427.85,456871,1.0,0.0
2020-07-06,432.8,433.74,423.52,425.84,503659,1.0,0.0
2020-07-07,424.9,428.5,422.09,422.17,597517,1.0,0.0
2020-07-08,421.37,424.09,414.68,420.49,640484,1.0,0.0
2020-07-09,420.58,422.0,414.5,419.41,385520,1.0,0.0
2020-07-10,418.38,421.02,413.0,420.76,475904,1.0,0.0
2020-07-13,423.36,429.25,418.24,419.79,561258,1.0,0.0
2020-07-14,417.41,429.44,417.26,427.9,360845,1.0,0.0
2020-07-15,430.48,435.2,427.3,432.93,370364,1.0,0.0
2020-07-16,431.49,435.0,429.11,431.67,400813,1.0,0.0
2020-07-17,435.05,435.05,429.0,431.74,377741,1.0,0.0
2020-07-20,437.93,442.63,430.7,438.17,634765,1.0,0.0
2020-07-21,439.89,448.56,439.89,446.47,557198,1.0,0.0
2020-07-22,447.82,454.465,447.82,450.77,428595,1.0,0.0
2020-07-23,451.05,463.02,444.105,447.85,660951,1.0,0.0
2020-07-24,446.04,451.23,442.15,442.34,812877,1.0,0.0
2020-07-27,443.71,451.855,443.62,450.45,897861,1.0,0.0
2020-07-28,456.39,458.68,449.66,450.05,607877,1.0,0.0
2020-07-29,450.77,458.91,448.36,455.77,820828,1.0,0.0
2020-07-30,480.0,487.95,470.3,480.52,1524590,1.0,0.0
2020-07-31,479.31,481.12,471.25,477.38,656013,1.0,0.0
2020-08-03,479.61,480.695,471.01,473.79,560641,1.0,0.0
2020-08-04,470.01,476.5273,467.0418,472.88,557965,1.0,0.0
2020-08-05,474.72,475.6747,466.59,468.53,412223,1.0,0.0
2020-08-06,466.85,470.62,463.32,466.07,526423,1.0,0.0
2020-08-07,463.21,469.73,462.69,465.18,454243,1.0,0.0
2020-08-10,465.0,468.88,459.7,461.15,424725,1.0,0.0
2020-08-11,463.31,463.31,452.525,454.02,708419,1.0,0.0
2020-08-12,456.27,466.4,456.27,463.51,454003,1.0,0.0
2020-08-13,461.0,466.725,459.08,461.34,358403,1.0,0.0
2020-08-14,461.1,466.65,461.0,463.55,338001,1.0,0.0
2020-08-17,464.0,471.0,463.98,469.46,373443,1.0,0.0
2020-08-18,475.0,477.22,465.915,470.1,516941,1.0,0.0
2020-08-19,470.01,473.2299,464.8519,466.06,516173,1.0,0.0
2020-08-20,462.51,467.305,461.09,461.99,533158,1.0,0.0
2020-08-21,460.88,463.31,458.01,460.33,504197,1.0,0.0
2020-08-24,462.76,465.19,460.625,463.91,440227,1.0,0.0
2020-08-25,462.03,466.13,461.83,465.94,393697,1.0,0.0
2020-08-26,462.85,468.13,461.9,462.7,327849,1.0,0.0
2020-08-27,466.89,467.45,461.39,462.58,331554,1.0,0.0
2020-08-28,462.32,465.87,458.94,462.95,379162,1.0,0.0
2020-08-31,461.99,468.55,459.99,465.63,508695,1.0,0.0
2020-09-01,467.35,474.63,464.01,473.2,461397,1.0,0.0
2020-09-02,473.36,484.53,472.77,482.62,488991,1.0,0.0
2020-09-03,482.61,484.995,468.71,471.95,585238,1.0,0.0
2020-09-04,471.73,475.91,463.63,471.01,479100,1.0,0.0
2020-09-08,468.47,477.4379,461.36,470.41,557319,1.0,0.0
2020-09-09,471.48,481.76,471.01,476.28,410118,1.0,0.0
2020-09-10,476.8,480.645,467.43,469.27,367531,1.0,0.0
2020-09-11,473.08,476.04,469.63,474.65,334637,1.0,0.0
2020-09-14,475.98,483.255,474.95,478.12,347791,1.0,0.0
2020-09-15,480.0,480.7,476.4,477.41,245326,1.0,0.0
2020-09-16,480.0,480.31,468.52,469.92,420776,1.0,0.0
2020-09-17,461.0,470.53,461.0,467.39,405461,1.0,0.0
2020-09-18,468.12,470.01,457.19,463.9,677894,1.0,0.0
2020-09-21,460.74,461.65,446.68,453.96,645704,1.0,0.0
2020-09-22,456.57,464.0,451.275,455.4,530456,1.0,0.0
2020-09-23,454.79,458.93,448.05,448.62,517806,1.0,0.0
2020-09-24,445.03,447.155,437.57,443.97,874133,1.0,0.0
2020-09-25,437.35,447.79,437.35,444.68,464782,1.0,0.0
2020-09-28,450.17,458.01,449.94,457.34,485676,1.0,0.0
2020-09-29,457.36,459.03,452.7,453.32,403185,1.0,0.0
2020-09-30,455.68,464.61,453.58,461.08,515821,1.0,0.0
2020-10-01,462.93,467.63,461.11,463.56,385486,1.0,0.0
2020-10-02,458.25,462.0,453.345,458.24,356181,1.0,0.0
2020-10-05,459.77,463.58,459.06,459.49,349943,1.0,0.0
2020-10-06,459.62,461.23,443.28,444.61,527971,1.0,0.0
2020-10-07,447.04,451.615,444.325,444.9,529945,1.0,0.0
2020-10-08,447.05,455.69,447.05,453.36,386609,1.0,0.0
2020-10-09,454.59,455.145,448.69,449.38,420788,1.0,0.0
2020-10-12,452.71,461.62,449.33,458.47,491381,1.0,0.0
2020-10-13,460.02,471.28,460.02,469.45,394854,1.0,0.0
2020-10-14,470.47,475.375,463.59,464.63,413097,1.0,0.0
2020-10-15,462.34,471.29,459.5025,469.5,350300,1.0,0.0
2020-10-16,468.72,471.51,463.345,467.01,462607,1.0,0.0
2020-10-19,471.67,475.325,462.02,463.75,472973,1.0,0.0
2020-10-20,467.19,474.55,464.19,469.42,426525,1.0,0.0
2020-10-21,469.02,474.19,465.57,466.0,351440,1.0,0.0
2020-10-22,464.51,466.86,456.87,457.13,449083,1.0,0.0
2020-10-23,462.28,467.57,454.76,466.43,375553,1.0,0.0
2020-10-26,460.25,462.5,449.81,455.96,429592,1.0,0.0
2020-10-27,456.77,460.43,449.8,450.22,532864,1.0,0.0
2020-10-28,446.9,448.59,439.67,442.39,629774,1.0,0.0
2020-10-29,440.0,447.51,435.44,436.33,798000,1.0,0.0
2020-10-30,431.26,438.475,431.26,436.6,710730,1.0,0.0
2020-11-02,442.71,450.59,434.96,441.46,557223,1.0,0.0
2020-11-03,444.98,454.58,444.98,449.05,530504,1.0,0.0
2020-11-04,456.41,459.33,449.77,450.46,515819,1.0,0.0
2020-11-05,455.24,460.47,448.18,450.11,611068,1.0,0.0
2020-11-06,452.79,452.79,442.09,448.51,519833,1.0,0.0
2020-11-09,460.12,470.46,454.65,455.04,677182,1.0,0.0
2020-11-10,450.97,465.815,450.52,456.58,517334,1.0,0.0
2020-11-11,459.82,468.66,456.92,463.38,486603,1.0,0.0
2020-11-12,462.5,465.39,452.18,456.83,447894,1.0,0.0
2020-11-13,457.17,462.75,457.05,461.65,357632,1.0,0.0
2020-11-16,463.84,466.02,457.34,461.23,365903,1.0,0.0
2020-11-17,456.98,460.11,449.46,450.33,493404,1.0,0.0
2020-11-18,449.31,461.515,446.76,454.53,444578,1.0,0.0
2020-11-19,451.77,453.66,447.11,451.39,377488,1.0,0.0
2020-11-20,451.23,452.885,445.8,446.78,377048,1.0,0.0
2020-11-23,447.87,448.95,439.69,442.09,526524,1.0,0.0
2020-11-24,449.04,457.04,446.165,449.04,670528,1.0,0.0
2020-11-25,449.0,449.98,438.93,444.14,601224,1.0,0.0
2020-11-27,446.22,451.11,442.25,443.15,305170,1.0,0.0
2020-11-30,442.0,444.715,435.26,442.44,614638,1.0,0.0
2020-12-01,446.36,454.53,442.8775,453.56,504931,1.0,0.0
2020-12-02,452.51,452.51,440.5101,442.41,528569,1.0,0.0
2020-12-03,440.7,447.98,440.7,446.5,446333,1.0,0.0
2020-12-04,447.77,451.047,446.34,450.0,321598,1.0,0.0
2020-12-07,448.02,450.22,445.56,448.62,391674,1.0,0.0
2020-12-08,445.71,448.4,437.565,440.0,593423,1.0,0.0
2020-12-09,442.37,444.55,438.62,444.02,871664,1.0,0.0
2020-12-10,442.33,447.0,437.22,446.0,663238,1.0,0.0
2020-12-11,445.06,451.19,443.0001,447.94,652164,1.0,0.0
2020-12-14,450.34,460.0,447.03,447.55,651978,1.0,0.0
2020-12-15,451.06,452.1,447.17,449.08,602621,1.0,0.0
2020-12-16,449.66,457.035,448.23,454.98,643816,1.0,0.0
2020-12-17,456.37,458.22,447.19,451.83,632732,1.0,0.0
2020-12-18,452.23,454.28,448.47,451.15,1575478,1.0,0.0
2020-12-21,446.79,452.83,442.35,452.59,467918,1.0,0.0
2020-12-22,451.25,456.25,448.135,453.39,546599,1.0,0.0
2020-12-23,453.8,460.69,453.45,457.93,370833,1.0,0.0
2020-12-24,460.15,462.73,456.32,461.76,257246,1.0,0.0
2020-12-28,464.87,467.77,456.89,457.06,593728,1.0,0.0
2020-12-29,457.97,460.2,451.36,452.58,426509,1.0,0.0
2020-12-30,452.67,458.64,451.25,451.8,252877,1.0,0.0
2020-12-31,450.65,453.45,446.547,452.57,361816,1.0,0.0
2021-01-04,454.22,461.99,449.62,453.97,594829,1.0,0.0
2021-01-05,452.47,455.51,445.59,451.28,397330,1.0,0.0
2021-01-06,449.16,467.44,446.99,465.18,661599,1.0,0.0
2021-01-07,463.79,472.5,460.76,469.9,494816,1.0,0.0
2021-01-08,470.27,480.9362,469.96,477.92,786943,1.0,0.0
2021-01-11,474.53,486.1,474.53,483.83,537769,1.0,0.0
2021-01-12,482.48,496.61,482.48,495.4,659658,1.0,0.0
2021-01-13,492.74,494.47,482.25,482.81,420142,1.0,0.0
2021-01-14,483.36,485.5,470.88,471.5,562936,1.0,0.0
2021-01-15,467.77,473.96,461.75,466.69,1264737,1.0,0.0
2021-01-19,463.81,467.77,457.18,463.94,538506,1.0,0.0
2021-01-20,463.85,468.03,458.915,466.19,448488,1.0,0.0
2021-01-21,466.64,473.55,465.58,471.01,394206,1.0,0.0
2021-01-22,471.09,471.23,456.96,457.31,495373,1.0,0.0
2021-01-25,456.1,456.3,445.03,449.95,795447,1.0,0.0
2021-01-26,452.93,455.04,445.27,454.5,630692,1.0,0.0
2021-01-27,450.53,450.6,428.0,428.37,1529503,1.0,0.0
2021-01-28,433.52,440.89,428.39,432.33,840923,1.0,0.0
2021-01-29,427.85,434.02,424.03,425.47,878171,1.0,0.0
2021-02-01,428.3,441.84,425.49,436.54,803841,1.0,0.0
2021-02-02,437.68,453.59,437.68,444.97,779467,1.0,0.0
2021-02-03,445.01,447.97,441.37,442.48,588906,1.0,0.0
2021-02-04,442.92,453.5,442.46,451.84,560342,1.0,0.0
2021-02-05,453.35,458.69,445.81,448.29,616582,1.0,0.0
2021-02-08,452.3,457.0,451.06,452.5,486573,1.0,0.0
2021-02-09,451.02,454.9765,449.685,453.27,509433,1.0,0.0
2021-02-10,456.67,457.75,447.4,456.47,725491,1.0,0.0
2021-02-11,455.78,459.0,430.0,433.16,1276465,1.0,0.0
2021-02-12,432.22,436.86,428.79,433.05,608119,1.0,0.0
2021-02-16,432.84,443.64,432.84,442.78,776308,1.0,0.0
2021-02-17,441.93,448.77,440.22,447.46,628951,1.0,0.0
2021-02-18,442.26,459.55,442.21,458.52,734851,1.0,0.0
2021-02-19,460.0,464.57,452.85,460.41,686551,1.0,0.0
2021-02-22,458.87,460.15,455.0,456.67,489407,1.0,0.0
2021-02-23,456.96,463.7397,446.69,453.97,846928,1.0,0.0
2021-02-24,453.2,458.26,452.07,455.87,544922,1.0,0.0
2021-02-25,453.78,457.5188,443.56,445.89,869087,1.0,0.0
2021-02-26,449.2,452.55,446.19,447.33,745150,1.0,0.0
2021-03-01,450.1,455.23,449.375,451.23,636674,1.0,0.0
2021-03-02,450.45,452.75,446.56,451.36,695420,1.0,0.0
2021-03-03,448.98,458.37,448.48,454.5,723134,1.0,0.0
2021-03-04,454.97,459.96,448.16,450.26,789775,1.0,0.0
2021-03-05,450.0,467.23,447.45,465.85,748559,1.0,0.0
2021-03-08,469.73,480.44,466.5,472.9,680850,1.0,0.0
2021-03-09,472.97,479.9131,464.46,464.92,611159,1.0,0.0
2021-03-10,470.66,476.11,463.41,473.9,427239,1.0,0.0
2021-03-11,473.77,477.53,472.265,474.35,382032,1.0,0.0
2021-03-12,474.23,483.99,473.24,482.64,391882,1.0,0.0
2021-03-15,483.43,486.3,477.26,484.31,363484,1.0,0.0
2021-03-16,484.2,485.06,480.39,483.92,347460,1.0,0.0
2021-03-17,486.5,486.82,480.86,482.98,446398,1.0,0.0
2021-03-18,477.01,484.93,477.01,482.18,457532,1.0,0.0
2021-03-19,482.28,492.39,480.38,488.1,1296158,1.0,0.0
2021-03-22,488.89,493.39,484.76,490.84,686646,1.0,0.0
2021-03-23,493.03,495.78,484.8,485.29,505744,1.0,0.0
2021-03-24,484.8,493.0,484.8,488.86,465254,1.0,0.0
2021-03-25,488.23,498.275,484.54,496.98,472327,1.0,0.0
2021-03-26,498.83,507.27,494.1485,506.74,622825,1.0,0.0
2021-03-29,507.79,509.435,504.98,508.03,509745,1.0,0.0
2021-03-30,507.92,512.24,504.05,509.13,518910,1.0,0.0
2021-03-31,509.13,511.44,505.36,507.25,672368,1.0,0.0
2021-04-01,509.6063,510.0,504.12,507.82,362150,1.0,0.0
2021-04-05,511.0,512.88,508.0,509.11,597006,1.0,0.0
2021-04-06,507.52,516.92,506.5079,514.26,440889,1.0,0.0
2021-04-07,513.96,516.29,510.07,512.64,261034,1.0,0.0
2021-04-08,515.23,515.23,507.4934,508.22,361087,1.0,0.0
2021-04-09,508.92,517.48,506.865,516.71,423014,1.0,0.0
2021-04-12,519.17,521.27,514.57,519.57,526999,1.0,0.0
2021-04-13,518.8,518.89,512.66,515.39,367073,1.0,0.0
2021-04-14,516.09,519.02,512.585,517.69,359105,1.0,0.0
2021-04-15,520.0,525.31,510.7,521.99,503582,1.0,0.0
2021-04-16,522.14,534.0,520.93,530.52,995161,1.0,0.0
2021-04-19,534.59,539.815,531.34,533.77,521074,1.0,0.0
2021-04-20,537.98,539.82,531.68,536.27,509357,1.0,0.0
2021-04-21,536.13,538.3,532.86,533.26,371666,1.0,0.0
2021-04-22,533.26,534.23,526.98,529.58,380750,1.0,0.0
2021-04-23,531.03,536.72,525.9,532.61,323935,1.0,0.0
2021-04-26,530.83,531.73,524.47,526.19,288010,1.0,0.0
2021-04-27,528.71,534.65,527.75,532.65,361691,1.0,0.0
2021-04-28,533.49,536.43,527.19,528.95,482262,1.0,0.0
2021-04-29,532.25,547.56,530.23,547.17,794698,1.0,0.0
2021-04-30,543.94,553.43,543.02,552.88,668149,1.0,0.0
2021-05-03,555.1,561.98,554.21,554.96,546416,1.0,0.0
2021-05-04,553.53,560.0,551.35,559.88,570066,1.0,0.0
2021-05-05,559.72,561.89,551.54,560.09,560820,1.0,0.0
2021-05-06,562.9,564.0,557.76,561.22,452101,1.0,0.0
2021-05-07,557.6,563.7299,557.1,562.32,471273,1.0,0.0
2021-05-10,564.0,568.63,562.33,562.47,485785,1.0,0.0
2021-05-11,561.49,564.0,549.99,559.83,546027,1.0,0.0
2021-05-12,558.59,561.475,546.8,548.28,531228,1.0,0.0
2021-05-13,549.01,558.0,548.17,554.42,514203,1.0,0.0
2021-05-14,556.98,557.295,549.7,553.33,636608,1.0,0.0
2021-05-17,557.23,559.19,550.61,553.16,446161,1.0,0.0
2021-05-18,556.0,556.92,546.645,548.07,450988,1.0,0.0
2021-05-19,544.0,544.955,536.65,542.47,424073,1.0,0.0
2021-05-20,542.19,550.99,542.19,546.52,342979,1.0,0.0
2021-05-21,547.74,551.58,541.76,544.2,606471,1.0,0.0
2021-05-24,545.96,547.97,536.47,536.88,318120,1.0,0.0
2021-05-25,536.88,538.14,531.0,534.8,520243,1.0,0.0
2021-05-26,535.61,535.61,529.9,531.22,461869,1.0,0.0
2021-05-27,533.04,533.65,527.46,529.1,617738,1.0,0.0
2021-05-28,529.68,539.62,529.17,535.12,596441,1.0,0.0
2021-06-01,537.05,541.285,533.54,537.65,397398,1.0,0.0
2021-06-02,540.67,540.67,532.94,533.61,446984,1.0,0.0
2021-06-03,532.26,533.16,526.65,528.3,377676,1.0,0.0
2021-06-04,528.73,529.46,521.94,526.59,324116,1.0,0.0
2021-06-07,524.04,528.24,519.32,525.44,474038,1.0,0.0
2021-06-08,525.0,531.11,523.0,529.06,495715,1.0,0.0
2021-06-09,530.84,532.16,526.18,527.98,345315,1.0,0.0
2021-06-10,527.44,530.83,526.08,527.74,324502,1.0,0.0
2021-06-11,529.58,535.39,528.0,534.76,448373,1.0,0.0
2021-06-14,534.03,534.257,526.9,532.42,389226,1.0,0.0
2021-06-15,533.91,537.07,529.13,535.07,395915,1.0,0.0
2021-06-16,537.2,537.2,531.64,534.48,443563,1.0,0.0
2021-06-17,535.17,538.27,530.96,537.54,620341,1.0,0.0
2021-06-18,536.46,541.58,531.91,537.09,861527,1.0,0.0
2021-06-21,539.8,549.37,537.915,547.0,404875,1.0,0.0
2021-06-22,545.85,554.26,545.18,551.65,390657,1.0,0.0
2021-06-23,551.76,554.16,546.16,549.85,352174,1.0,0.0
2021-06-24,548.16,552.175,547.59,549.62,454169,1.0,0.0
2021-06-25,550.81,560.56,550.765,557.16,1639096,1.0,0.0
2021-06-28,558.8,563.07,554.38,561.57,372077,1.0,0.0
2021-06-29,560.4,567.68,560.4,564.97,309089,1.0,0.0
2021-06-30,568.37,569.47,564.99,566.21,300698,1.0,0.0
2021-07-01,566.92,577.0,566.39,575.38,351484,1.0,0.0
2021-07-02,576.72,582.79,573.4,581.88,275155,1.0,0.0
2021-07-06,582.34,582.58,576.0501,580.18,427275,1.0,0.0
2021-07-07,580.81,587.28,577.75,585.1,451101,1.0,0.0
2021-07-08,582.98,585.13,576.295,581.53,303496,1.0,0.0
2021-07-09,584.55,592.115,583.27,591.65,277308,1.0,0.0
2021-07-12,590.83,593.42,585.8,591.51,374957,1.0,0.0
2021-07-13,592.14,594.67,587.79,589.5,287460,1.0,0.0
2021-07-14,591.15,595.77,590.01,595.04,242390,1.0,0.0
2021-07-15,594.5,598.03,592.62,597.46,344884,1.0,0.0
2021-07-16,596.98,602.4056,596.04,601.3,348738,1.0,0.0
2021-07-19,598.81,602.61,590.6,594.45,378917,1.0,0.0
2021-07-20,596.0,612.6,596.0,607.38,543425,1.0,0.0
2021-07-21,607.66,608.75,602.17,604.39,319590,1.0,0.0
2021-07-22,606.26,610.6,603.33,609.04,227602,1.0,0.0
2021-07-23,610.73,621.67,610.69,620.92,276538,1.0,0.0
2021-07-26,619.63,621.73,615.0785,619.56,346087,1.0,0.0
2021-07-27,614.22,620.78,611.755,616.47,354573,1.0,0.0
2021-07-28,616.65,619.98,609.1357,609.59,450945,1.0,0.0
2021-07-29,590.0,597.89,579.0001,596.32,666787,1.0,0.0
2021-07-30,597.0,606.34,596.7,603.84,495545,1.0,0.0
2021-08-02,604.55,606.67,597.7,601.13,577864,1.0,0.0
2021-08-03,602.99,617.305,602.99,612.5,500369,1.0,0.0
2021-08-04,611.34,613.4162,602.83,605.83,271077,1.0,0.0
2021-08-05,606.68,611.77,601.47,605.15,290458,1.0,0.0
2021-08-06,603.47,608.9,600.0,603.45,414916,1.0,0.0
2021-08-09,601.86,602.145,595.61,598.6,325813,1.0,0.0
2021-08-10,596.18,603.29,593.54,600.65,464703,1.0,0.0
2021-08-11,601.26,608.86,600.17,601.18,437791,1.0,0.0
2021-08-12,603.29,603.29,594.18,596.93,418194,1.0,0.0
2021-08-13,596.03,599.52,593.59,594.03,259758,1.0,0.0
2021-08-16,592.91,604.37,592.91,603.9,350184,1.0,0.0
2021-08-17,602.28,603.41,590.82,599.77,364350,1.0,0.0
2021-08-18,598.37,605.47,598.08,598.84,317811,1.0,0.0
2021-08-19,598.17,603.05,596.58,602.13,290313,1.0,0.0
2021-08-20,604.62,608.22,602.56,606.41,295916,1.0,0.0
2021-08-23,604.87,607.23,600.74,602.6,359921,1.0,0.0
2021-08-24,600.69,604.3299,598.31,599.4,329028,1.0,0.0
2021-08-25,602.01,608.32,600.79,607.07,356930,1.0,0.0
2021-08-26,606.15,607.67,600.03,600.28,269806,1.0,0.0
2021-08-27,594.03,599.2997,591.64,591.91,378234,1.0,0.0
2021-08-30,593.58,599.74,593.24,596.65,376679,1.0,0.0
2021-08-31,596.84,596.84,590.07,594.08,526885,1.0,0.0
2021-09-01,596.0,599.3,589.44,592.54,430202,1.0,0.0
2021-09-02,593.39,596.13,574.51,578.82,815386,1.0,0.0
2021-09-03,578.82,585.87,573.93,584.8,480204,1.0,0.0
2021-09-07,582.87,586.0577,579.34,580.66,352096,1.0,0.0
2021-09-08,582.26,591.42,579.09,591.4,412411,1.0,0.0
2021-09-09,592.05,595.49,590.5,592.16,362886,1.0,0.0
2021-09-10,593.35,598.57,589.5,592.36,382776,1.0,0.0
2021-09-13,594.26,596.67,583.75,587.38,377268,1.0,0.0
2021-09-14,587.72,591.61,585.995,590.85,334603,1.0,0.0
2021-09-15,590.79,603.365,589.81,600.92,395423,1.0,0.0
2021-09-16,603.18,609.96,603.18,606.88,297753,1.0,0.0
2021-09-17,600.74,607.3,597.6,599.34,973273,1.0,0.0
2021-09-20,595.44,600.0,592.22,599.01,596367,1.0,0.0
2021-09-21,602.2,610.5459,601.85,607.22,392310,1.0,0.0
2021-09-22,612.23,622.98,607.59,620.26,503588,1.0,0.0
2021-09-23,621.51,629.395,621.51,626.33,410155,1.0,0.0
2021-09-24,622.53,627.19,620.0,625.54,291743,1.0,0.0
2021-09-27,624.22,624.46,616.73,623.68,361801,1.0,0.0
2021-09-28,623.08,624.125,609.94,613.06,464221,1.0,0.0
2021-09-29,614.66,628.43,613.87,626.0,305452,1.0,0.0
2021-09-30,625.85,625.85,608.36,611.06,459809,1.0,0.0
2021-10-01,612.82,614.695,599.86,604.44,338749,1.0,0.0
2021-10-04,603.96,609.455,594.2,598.28,598231,1.0,0.0
2021-10-05,599.99,611.605,595.78,607.62,572708,1.0,0.0
2021-10-06,604.98,614.28,602.01,612.93,475372,1.0,0.0
2021-10-07,617.8,619.29,611.03,611.82,419031,1.0,0.0
2021-10-08,611.79,615.595,607.22,610.25,465596,1.0,0.0
2021-10-11,609.96,613.065,604.975,605.22,268416,1.0,0.0
2021-10-12,608.81,612.0,604.33,608.92,210011,1.0,0.0
2021-10-13,609.7,612.99,601.73,612.34,266261,1.0,0.0
2021-10-14,612.52,625.47,611.945,625.13,288597,1.0,0.0
2021-10-15,628.35,633.12,628.0,628.99,349701,1.0,0.0
2021-10-18,629.17,640.255,629.17,638.33,478217,1.0,0.0
2021-10-19,639.9,641.1904,632.54,638.24,344072,1.0,0.0
2021-10-20,642.56,648.44,639.655,644.41,328885,1.0,0.0
2021-10-21,647.92,663.78,643.805,663.25,321735,1.0,0.0
2021-10-22,664.52,669.09,659.91,663.57,281832,1.0,0.0
2021-10-25,664.74,666.51,659.415,661.34,409486,1.0,0.0
2021-10-26,662.53,663.72,657.13,658.35,312387,1.0,0.0
2021-10-27,658.09,658.42,647.1,650.95,620775,1.0,0.0
2021-10-28,644.0,645.32,613.28,624.8,951616,1.0,0.0
2021-10-29,624.31,632.37,618.26,622.32,552268,1.0,0.0
2021-11-01,622.33,625.44,615.925,619.73,508457,1.0,0.0
2021-11-02,621.93,628.95,617.66,621.1,588098,1.0,0.0
2021-11-03,622.75,624.94,614.01,621.57,436124,1.0,0.0
2021-11-04,620.83,636.33,620.83,633.87,532423,1.0,0.0
2021-11-05,637.0,639.66,631.16,638.08,311891,1.0,0.0
2021-11-08,637.63,640.62,630.92,635.16,238833,1.0,0.0
2021-11-09,636.84,647.55,635.5,643.45,276109,1.0,0.0
2021-11-10,642.79,649.04,642.79,647.97,267549,1.0,0.0
2021-11-11,649.24,652.83,644.43,645.09,240081,1.0,0.0
2021-11-12,649.91,654.73,645.43,648.98,254670,1.0,0.0
2021-11-15,649.03,656.79,648.24,649.76,236930,1.0,0.0
2021-11-16,648.68,659.52,645.62,652.0,431415,1.0,0.0
2021-11-17,653.92,657.705,639.58,640.97,377692,1.0,0.0
2021-11-18,642.36,649.3,638.53,645.95,332101,1.0,0.0
2021-11-19,648.85,648.85,634.9,636.17,367004,1.0,0.0
2021-11-22,638.0,646.56,636.89,640.17,411892,1.0,0.0
2021-11-23,639.19,653.36,636.59,651.31,285990,1.0,0.0
2021-11-24,647.75,649.35,642.53,646.51,303194,1.0,0.0
2021-11-26,640.42,643.0,632.63,635.73,255785,1.0,0.0
2021-11-29,641.37,647.88,634.65,644.15,315797,1.0,0.0
2021-11-30,641.87,651.82,633.34,638.16,689980,1.0,0.0
2021-12-01,642.41,652.43,636.26,636.74,454352,1.0,0.0
2021-12-02,637.81,663.41,637.81,657.35,560856,1.0,0.0
2021-12-03,661.98,668.49,655.42,659.18,467072,1.0,0.0
2021-12-06,665.4,672.87,660.7,661.43,395684,1.0,0.0
2021-12-07,666.33,675.8,663.39,672.79,482663,1.0,0.0
2021-12-08,678.2,683.19,666.14,674.72,396180,1.0,0.0
2021-12-09,674.72,680.92,670.945,672.0,297040,1.0,0.0
2021-12-10,677.91,682.43,673.65,682.37,261037,1.0,0.0
2021-12-13,681.53,683.72,669.43,671.76,429478,1.0,0.0
2021-12-14,672.33,673.11,663.89,667.36,519909,1.0,0.0
2021-12-15,668.13,689.9,668.13,687.21,425147,1.0,0.0
2021-12-16,691.39,696.58,684.35,687.47,472259,1.0,0.0
2021-12-17,686.74,691.37,672.445,676.07,1071443,1.0,0.0
2021-12-20,672.91,679.27,662.34,672.59,489442,1.0,0.0
2021-12-21,672.59,678.0,663.53,674.72,383599,1.0,0.0
2021-12-22,676.92,681.51,671.34,681.45,337615,1.0,0.0
2021-12-23,681.45,688.74,677.985,679.42,261705,1.0,0.0
2021-12-27,684.47,693.22,679.045,692.44,321083,1.0,0.0
2021-12-28,692.81,698.04,691.43,696.87,243565,1.0,0.0
2021-12-29,699.73,710.1567,699.73,708.14,252754,1.0,0.0
2021-12-30,707.37,710.86,700.78,701.77,229233,1.0,0.0
2021-12-31,702.76,710.69,699.001,706.23,381814,1.0,0.0
2022-01-03,703.76,708.71,688.48,695.94,359333,1.0,0.0
2022-01-04,694.85,704.195,694.68,698.86,401043,1.0,0.0
2022-01-05,700.76,703.05,684.43,685.33,452100,1.0,0.0
2022-01-06,689.31,701.945,687.16,700.22,406188,1.0,0.0
2022-01-07,699.97,699.97,681.2877,682.25,351078,1.0,0.0
2022-01-10,681.72,681.72,664.44,675.08,456710,1.0,0.0
2022-01-11,673.36,681.87,664.935,681.6,408041,1.0,0.0
2022-01-12,683.27,687.5,678.53,683.6,354214,1.0,0.0
2022-01-13,692.96,693.665,685.12,687.74,292143,1.0,0.0
2022-01-14,692.46,692.79,674.77,678.87,590466,1.0,0.0
2022-01-18,674.17,677.035,656.45,665.67,542981,1.0,0.0
2022-01-19,668.0,673.78,658.89,659.59,516365,1.0,0.0
2022-01-20,659.64,669.34,646.09,648.06,495087,1.0,0.0
2022-01-21,649.9274,653.52,633.81,635.92,897346,1.0,0.0
2022-01-24,630.89,660.53,630.89,657.77,607114,1.0,0.0
2022-01-25,655.0,656.98,642.41,646.37,686397,1.0,0.0
2022-01-26,649.0,654.64,629.99,630.82,704888,1.0,0.0
2022-01-27,638.48,644.095,631.0,634.67,499686,1.0,0.0
2022-01-28,640.59,643.52,629.51,643.52,681699,1.0,0.0
2022-01-31,640.0,653.17,636.11,651.75,608434,1.0,0.0
2022-02-01,651.36,657.74,645.27,656.99,440936,1.0,0.0
2022-02-02,658.41,674.74,652.685,672.42,563782,1.0,0.0
2022-02-03,666.39,673.295,658.14,660.48,512078,1.0,0.0
2022-02-04,656.22,656.22,634.16,646.43,493194,1.0,0.0
2022-02-07,647.02,650.975,632.995,634.03,513115,1.0,0.0
2022-02-08,636.38,645.45,628.83,637.13,481333,1.0,0.0
2022-02-09,645.45,651.08,634.37,640.22,669046,1.0,0.0
2022-02-10,632.48,670.54,631.2,658.45,1291488,1.0,0.0
2022-02-11,660.66,674.4799,655.0008,668.28,688374,1.0,0.0
2022-02-14,672.81,672.81,651.12,661.04,783128,1.0,0.0
2022-02-15,664.91,677.81,661.565,674.76,671232,1.0,0.0
2022-02-16,676.91,680.96,669.78,678.44,588051,1.0,0.0
2022-02-17,676.62,683.24,670.01,674.94,602235,1.0,0.0
2022-02-18,673.93,684.435,673.4,676.96,569457,1.0,0.0
2022-02-22,674.92,677.46,647.1125,652.21,971223,1.0,0.0
2022-02-23,653.0,655.5,626.41,631.75,626401,1.0,0.0
2022-02-24,622.92,638.27,620.82,637.16,620212,1.0,0.0
2022-02-25,638.27,655.28,635.83,654.71,404022,1.0,0.0
2022-02-28,649.7,653.67,640.23,649.24,729173,1.0,0.0
2022-03-01,647.42,660.42,645.7106,656.52,748737,1.0,0.0
2022-03-02,656.52,681.435,654.65,675.87,580797,1.0,0.0
2022-03-03,680.75,687.23,673.71,684.19,744448,1.0,0.0
2022-03-04,679.42,686.69,671.68,674.09,725320,1.0,0.0
2022-03-07,674.0,682.41,657.07,660.43,574305,1.0,0.0
2022-03-08,661.22,672.78,650.55,655.17,584644,1.0,0.0
2022-03-09,665.39,679.77,661.935,674.7,493633,1.0,0.0
2022-03-10,665.3,676.95,660.15,675.58,454342,1.0,0.0
2022-03-11,682.71,689.75,674.675,675.11,404854,1.0,0.0
2022-03-14,678.07,686.59,670.33,674.82,726397,1.0,0.0
2022-03-15,679.74,697.41,675.59,695.84,603413,1.0,0.0
2022-03-16,698.22,701.53,683.33,700.86,591066,1.0,0.0
2022-03-17,696.05,701.75,691.16,701.32,487978,1.0,0.0
2022-03-18,694.24,696.15,670.05,689.98,952284,1.0,0.0
2022-03-21,689.85,691.19,678.38,685.47,514505,1.0,0.0
2022-03-22,690.69,690.7486,681.56,687.0,567423,1.0,0.0
2022-03-23,686.84,689.37,680.01,688.25,670496,1.0,0.0
2022-03-24,688.18,701.42,684.795,700.24,612455,1.0,0.0
2022-03-25,702.87,704.25,694.39,703.36,521507,1.0,0.0
2022-03-28,705.0,705.0,682.61,686.55,578787,1.0,0.0
2022-03-29,692.44,703.615,689.54,702.52,538188,1.0,0.0
2022-03-30,702.51,704.16,693.68,696.53,484215,1.0,0.0
2022-03-31,700.74,700.74,684.4,684.96,563635,1.0,0.0
2022-04-01,688.41,692.16,665.01,667.43,532229,1.0,0.0
2022-04-04,668.2,687.555,662.175,686.85,532528,1.0,0.0
2022-04-05,682.82,697.95,682.34,690.49,632564,1.0,0.0
2022-04-06,688.35,702.59,682.51,701.14,496477,1.0,0.0
2022-04-07,695.33,728.4511,695.33,726.83,750496,1.0,0.0
2022-04-08,725.0,747.0,723.38,736.47,476676,1.0,0.0
2022-04-11,733.73,739.35,721.04,723.94,364887,1.0,0.0
2022-04-12,725.17,732.207,714.1125,717.55,456013,1.0,0.0
2022-04-13,720.22,724.94,713.115,724.1,384583,1.0,0.0
2022-04-14,724.57,729.5,712.87,713.88,407885,1.0,0.0
2022-04-18,710.0,727.35,709.91,721.62,469727,1.0,0.0
2022-04-19,723.1,733.42,722.18,730.29,475207,1.0,0.0
2022-04-20,734.06,744.72,733.405,743.86,427232,1.0,0.0
2022-04-21,746.6,748.68,726.6,728.15,433657,1.0,0.0
2022-04-22,725.18,725.5,706.13,707.77,483062,1.0,0.0
2022-04-25,706.94,715.9,699.21,713.42,471237,1.0,0.0
2022-04-26,713.72,722.49,707.41,714.25,550993,1.0,0.0
2022-04-27,714.25,722.49,707.56,713.29,643913,1.0,0.0
2022-04-28,654.18,666.485,621.54,623.28,1989115,1.0,0.0
2022-04-29,624.89,630.265,606.01,606.55,1149388,1.0,0.0
2022-05-02,603.21,624.7,601.575,610.65,917635,1.0,0.0
2022-05-03,612.12,613.87,596.31,603.49,676643,1.0,0.0
2022-05-04,601.78,629.4829,599.9,628.08,813776,1.0,0.0
2022-05-05,624.27,627.5025,596.93,603.55,683096,1.0,0.0
2022-05-06,599.05,609.43,586.82,608.4,683479,1.0,0.0
2022-05-09,603.79,614.51,600.15,610.07,872636,1.0,0.0
2022-05-10,622.35,627.99,604.27,611.81,842779,1.0,0.0
2022-05-11,608.11,619.81,603.78,607.53,810214,1.0,0.0
2022-05-12,606.34,628.18,606.34,622.34,770908,1.0,0.0
2022-05-13,619.51,643.13,619.01,635.62,594615,1.0,0.0
2022-05-16,634.35,643.965,629.7,638.83,566116,1.0,0.0
2022-05-17,648.99,652.3,636.1,648.34,533671,1.0,0.0
2022-05-18,637.32,638.51,592.55,599.87,963721,1.0,0.0
2022-05-19,597.61,609.83,586.35,601.53,805544,1.0,0.0
2022-05-20,602.27,602.61,562.9,572.57,1513531,1.0,0.0
2022-05-23,580.57,583.2199,567.67,579.11,875793,1.0,0.0
2022-05-24,585.53,611.61,578.11,608.18,768906,1.0,0.0
2022-05-25,608.17,619.08,604.0,615.79,690120,1.0,0.0
2022-05-26,620.0,642.72,617.62,639.15,525592,1.0,0.0
2022-05-27,639.02,649.88,639.02,647.34,513519,1.0,0.0
2022-05-31,641.27,647.36,634.16,637.17,659299,1.0,0.0
2022-06-01,640.0,641.0,623.97,624.61,544945,1.0,0.0
2022-06-02,624.87,634.48,613.6,634.12,502147,1.0,0.0
2022-06-03,631.76,637.73,612.5,631.61,350812,1.0,0.0
2022-06-06,634.47,639.56,629.03,637.8,314654,1.0,0.0
2022-06-07,632.37,637.0,626.03,634.84,330705,1.0,0.0
2022-06-08,635.03,636.0,624.09,624.83,405983,1.0,0.0
2022-06-09,620.0,633.575,618.61,619.13,546000,1.0,0.0
2022-06-10,612.52,615.1525,605.47,607.44,525505,1.0,0.0
2022-06-13,595.91,604.6,590.0,594.27,751076,1.0,0.0
2022-06-14,598.87,607.97,593.78,596.69,548117,1.0,0.0
2022-06-15,607.18,607.18,593.82,599.01,486605,1.0,0.0
2022-06-16,591.78,593.08,580.01,585.0,640091,1.0,0.0
2022-06-17,585.07,592.81,581.32,586.72,1092488,1.0,0.0
2022-06-21,595.07,599.37,590.33,597.35,549048,1.0,0.0
2022-06-22,593.24,614.01,591.76,608.82,621210,1.0,0.0
2022-06-23,620.6,628.35,615.01,628.19,663758,1.0,0.0
2022-06-24,630.09,640.21,625.78,639.06,878338,1.0,0.0
2022-06-27,639.06,644.73,634.62,641.12,477020,1.0,0.0
2022-06-28,642.2,650.53,630.05,630.52,457635,1.0,0.0
2022-06-29,640.34,646.38,630.53,637.13,635050,1.0,0.0
2022-06-30,632.54,639.83,625.94,631.76,636223,1.0,0.0
2022-07-01,626.92,638.305,624.85,636.08,532478,1.0,0.0
2022-07-05,633.95,649.34,626.44,647.51,464360,1.0,0.0
2022-07-06,651.06,661.51,644.29,657.75,483139,1.0,0.0
2022-07-07,657.65,664.375,654.735,661.62,510005,1.0,0.0
2022-07-08,658.67,662.93,657.41,657.88,480153,1.0,0.0
2022-07-11,659.69,661.975,654.44,655.3,315838,1.0,0.0
2022-07-12,657.19,664.25,650.6001,653.29,346777,1.0,0.0
2022-07-13,647.54,670.44,647.54,667.16,361846,1.0,0.0
2022-07-14,661.97,675.61,656.17,673.78,357311,1.0,0.0
2022-07-15,677.03,683.98,674.28,683.2,390196,1.0,0.0
2022-07-18,681.5,684.145,671.33,672.74,383992,1.0,0.0
2022-07-19,680.5,690.42,677.27,689.32,363063,1.0,0.0
2022-07-20,691.0,691.93,684.95,689.96,411669,1.0,0.0
2022-07-21,688.5,689.57,677.68,685.86,475940,1.0,0.0
2022-07-22,689.95,695.31,686.69,688.2,338440,1.0,0.0
2022-07-25,689.11,690.99,683.15,685.2,326249,1.0,0.0
2022-07-26,676.51,681.91,672.46,675.35,556577,1.0,0.0
2022-07-27,675.79,690.2,665.445,689.4,775549,1.0,0.0
2022-07-28,673.88,711.87,671.2001,707.01,852490,1.0,0.0
2022-07-29,702.33,706.9099,698.0,703.59,472642,1.0,0.0
2022-08-01,701.27,711.1,699.56,708.99,442432,1.0,0.0
2022-08-02,706.68,711.66,701.0919,708.47,449383,1.0,0.0
2022-08-03,709.68,712.63,701.26,705.37,474637,1.0,0.0
2022-08-04,707.95,711.82,703.54,706.92,472983,1.0,0.0
2022-08-05,702.33,709.855,697.78,709.01,330430,1.0,0.0
2022-08-08,714.31,717.38,708.2,712.27,322696,1.0,0.0
2022-08-09,710.19,725.39,709.63,717.02,667212,1.0,0.0
2022-08-10,722.94,729.76,717.775,719.83,561303,1.0,0.0
2022-08-11,722.78,725.0,714.34,719.41,408541,1.0,0.0
2022-08-12,721.16,732.48,718.67,731.59,515612,1.0,0.0
2022-08-15,730.21,739.24,728.5,737.96,310536,1.0,0.0
2022-08-16,734.18,750.88,734.18,742.59,475713,1.0,0.0
2022-08-17,742.59,748.035,738.83,743.76,424591,1.0,0.0
2022-08-18,744.21,746.98,735.62,736.72,304475,1.0,0.0
2022-08-19,735.1,739.53,731.49,736.55,337450,1.0,0.0
2022-08-22,735.0,735.0,723.63,724.38,339835,1.0,0.0
2022-08-23,726.2,729.69,718.68,720.09,275160,1.0,0.0
2022-08-24,715.0,717.755,709.37,711.21,524711,1.0,0.0
2022-08-25,711.21,714.26,699.92,713.73,414762,1.0,0.0
2022-08-26,718.52,718.98,697.48,698.79,368739,1.0,0.0
2022-08-29,694.67,707.99,692.29,704.77,434899,1.0,0.0
2022-08-30,704.32,706.65,696.26,698.26,400939,1.0,0.0
2022-08-31,695.61,703.04,694.235,697.12,435418,1.0,0.0
2022-09-01,699.31,707.23,696.31,706.47,369511,1.0,0.0
2022-09-02,710.18,712.5,699.0288,702.7,421085,1.0,0.0
2022-09-06,702.06,713.49,701.99,707.53,467758,1.0,0.0
2022-09-07,711.12,726.77,710.15,724.41,439436,1.0,0.0
2022-09-08,721.85,728.73,719.61,728.64,300701,1.0,0.0
2022-09-09,729.0,729.04,720.445,721.02,352361,1.0,0.0
2022-09-12,724.11,729.57,723.82,727.42,471602,1.0,0.0
2022-09-13,715.36,720.83,694.15,695.68,562687,1.0,0.0
2022-09-14,699.93,699.93,681.6,689.43,479450,1.0,0.0
2022-09-15,693.36,694.46,683.11,688.87,496337,1.0,0.0
2022-09-16,687.08,695.03,683.4,693.51,1093417,1.0,0.0
2022-09-19,693.35,703.19,685.895,695.28,808775,1.0,0.0
2022-09-20,690.66,703.99,688.54,701.07,452384,1.0,0.0
2022-09-21,706.34,711.07,695.425,695.425,486782,1.0,0.0
2022-09-22,693.78,696.53,684.15,693.56,385266,1.0,0.0
2022-09-23,689.53,695.3352,680.0,688.23,461970,1.0,0.0
2022-09-26,687.94,703.54,687.94,693.72,533864,1.0,0.0
2022-09-27,694.59,704.335,691.16,693.19,503141,1.0,0.0
2022-09-28,701.07,722.14,696.72,717.63,533513,1.0,0.0
2022-09-29,709.69,713.92,701.43,711.76,444869,1.0,0.0
2022-09-30,712.5,713.6,701.02,703.35,517195,1.0,0.0
2022-10-03,708.54,725.1775,707.195,718.19,478053,1.0,0.0
2022-10-04,722.57,735.68,722.57,729.71,505372,1.0,0.0
2022-10-05,726.34,738.92,725.05,732.09,349158,1.0,0.0
2022-10-06,736.31,739.85,731.08,732.41,300860,1.0,0.0
2022-10-07,728.38,729.32,705.71,710.77,466679,1.0,0.0
2022-10-10,712.18,727.59,708.18,724.57,375660,1.0,0.0
2022-10-11,726.98,744.605,726.95,730.9,653078,1.0,0.0
2022-10-12,735.63,735.63,725.63,727.56,402944,1.0,0.0
2022-10-13,715.44,742.57,714.795,737.98,525179,1.0,0.0
2022-10-14,745.0,746.47,731.36,731.91,486592,1.0,0.0
2022-10-17,737.31,741.69,731.8,736.27,479333,1.0,0.0
2022-10-18,747.86,748.07,734.97,742.11,382758,1.0,0.0
2022-10-19,739.63,748.3899,734.1558,737.72,372850,1.0,0.0
2022-10-20,739.15,742.01,727.43,730.92,427887,1.0,0.0
2022-10-21,731.03,744.74,729.59,744.07,418277,1.0,0.0
2022-10-24,750.0,770.08,749.815,768.46,580848,1.0,0.0
2022-10-25,771.57,778.425,761.645,775.73,652005,1.0,0.0
2022-10-26,778.44,780.595,768.31,777.46,734846,1.0,0.0
2022-10-27,817.0,819.19,801.94,813.22,946479,1.0,0.0
2022-10-28,811.39,839.215,809.67,836.3,567512,1.0,0.0
2022-10-31,832.18,845.24,831.535,837.17,534891,1.0,0.0
2022-11-01,838.51,839.398,828.9718,834.0,562022,1.0,0.0
2022-11-02,837.46,842.33,813.91,815.11,690659,1.0,0.0
2022-11-03,812.37,824.16,808.64,819.37,339663,1.0,0.0
2022-11-04,821.52,827.28,805.25,815.74,473449,1.0,0.0
2022-11-07,816.3,830.955,815.88,830.2,373143,1.0,0.0
2022-11-08,834.84,840.67,826.245,833.51,309518,1.0,0.0
2022-11-09,830.32,841.25,827.445,828.7,427606,1.0,0.0
2022-11-10,847.93,848.65,834.25,843.85,467723,1.0,0.0
2022-11-11,839.34,842.22,808.805,815.6,652301,1.0,0.0
2022-11-14,822.19,833.0,819.62,824.92,562253,1.0,0.0
2022-11-15,825.54,828.0,808.23,825.12,568339,1.0,0.0
2022-11-16,814.68,841.84,814.22,833.98,631268,1.0,0.0
2022-11-17,833.98,835.81,822.15,829.98,358218,1.0,0.0
2022-11-18,829.98,839.515,827.88,838.27,399497,1.0,0.0
2022-11-21,841.95,852.25,840.37,846.39,493651,1.0,0.0
2022-11-22,850.96,853.895,844.5,852.13,332854,1.0,0.0
2022-11-23,850.76,855.1881,850.0,850.82,225801,1.0,0.0
2022-11-25,850.13,858.38,848.45,855.97,154202,1.0,0.0
2022-11-28,851.24,861.5,851.24,852.56,422976,1.0,0.0
2022-11-29,852.0,855.1,843.18,849.73,411649,1.0,0.0
2022-11-30,847.36,870.92,845.245,864.54,797500,1.0,0.0
2022-12-01,869.06,869.99,853.74,857.18,339531,1.0,0.0
2022-12-02,848.93,859.23,846.81,858.41,365654,1.0,0.0
2022-12-05,849.7,851.45,840.32,843.1,331612,1.0,0.0
2022-12-06,840.0,841.19,820.8,829.66,681750,1.0,0.0
2022-12-07,828.72,834.4835,821.5,828.79,558112,1.0,0.0
2022-12-08,832.04,839.74,831.65,836.36,324090,1.0,0.0
2022-12-09,834.3,836.36,826.58,827.8,327185,1.0,0.0
2022-12-12,831.07,834.89,824.16,834.35,342898,1.0,0.0
2022-12-13,844.72,845.14,815.72,818.76,521081,1.0,0.0
2022-12-14,820.92,826.17,807.17,814.5,529519,1.0,0.0
2022-12-15,809.99,811.97,801.42,807.2,485986,1.0,0.0
2022-12-16,806.82,815.33,800.38,811.77,1180658,1.0,0.0
2022-12-19,811.35,828.01,811.105,816.43,523983,1.0,0.0
2022-12-20,820.57,831.13,815.93,823.63,432280,1.0,0.0
2022-12-21,826.74,836.3,819.3487,833.62,398631,1.0,0.0
2022-12-22,834.65,834.65,821.12,823.78,372591,1.0,0.0
2022-12-23,823.78,835.42,823.0,833.55,188403,1.0,0.0
2022-12-27,837.21,847.51,836.24,843.84,265168,1.0,0.0
2022-12-28,842.38,851.19,840.28,844.62,334153,1.0,0.0
2022-12-29,847.45,849.4,841.3,843.66,265712,1.0,0.0
2022-12-30,840.52,844.305,839.47,844.03,284081,1.0,0.0
2023-01-03,842.43,843.88,833.51,840.72,455493,1.0,0.0
2023-01-04,846.02,850.72,824.25,826.74,499225,1.0,0.0
2023-01-05,824.7,837.15,823.675,834.29,366639,1.0,0.0
2023-01-06,846.68,856.57,839.0,842.52,420224,1.0,0.0
2023-01-09,839.83,844.975,826.83,828.71,334634,1.0,0.0
2023-01-10,828.71,833.01,820.6,826.88,350846,1.0,0.0
2023-01-11,830.24,834.59,824.07,825.5,339840,1.0,0.0
2023-01-12,826.14,826.14,808.81,810.85,517883,1.0,0.0
2023-01-13,806.26,816.97,806.01,815.47,324955,1.0,0.0
2023-01-17,816.29,821.64,807.55,809.74,299942,1.0,0.0
2023-01-18,807.4,815.186,803.805,805.08,351916,1.0,0.0
2023-01-19,806.75,812.03,792.49,793.73,348684,1.0,0.0
2023-01-20,792.89,794.37,787.145,793.38,429618,1.0,0.0
2023-01-23,792.58,796.74,784.03,794.4,491861,1.0,0.0
2023-01-24,794.84,806.79,791.06,799.09,404308,1.0,0.0
2023-01-25,797.96,804.98,790.52,800.47,362299,1.0,0.0
2023-01-26,804.6,811.185,799.89,800.63,354345,1.0,0.0
2023-01-27,797.26,800.56,767.27,771.17,905476,1.0,0.0
2023-01-30,777.0,797.4,776.945,789.63,473542,1.0,0.0
2023-01-31,796.65,802.375,785.24,792.35,413514,1.0,0.0
2023-02-01,788.56,814.76,784.72,807.93,515213,1.0,0.0
2023-02-02,810.27,813.235,800.26,805.66,458263,1.0,0.0
2023-02-03,804.72,811.66,792.14,794.84,388229,1.0,0.0
2023-02-06,795.28,810.11,794.2,809.45,532587,1.0,0.0
2023-02-07,805.01,805.325,788.185,801.02,687359,1.0,0.0
2023-02-08,792.59,796.79,776.43,787.36,909050,1.0,0.0
2023-02-09,806.2,822.5,782.5,817.0,990886,1.0,0.0
2023-02-10,820.41,843.37,820.41,825.32,674477,1.0,0.0
2023-02-13,825.32,849.88,820.09,849.49,708335,1.0,0.0
2023-02-14,850.06,865.02,845.0,861.0,958148,1.0,0.0
2023-02-15,857.98,864.25,857.66,861.23,557407,1.0,0.0
2023-02-16,852.22,865.8,852.12,862.0,622674,1.0,0.0
2023-02-17,865.34,873.94,861.3,873.01,585548,1.0,0.0
2023-02-21,865.3,868.75,859.36,860.13,500062,1.0,0.0
2023-02-22,859.08,860.2,839.765,842.51,501569,1.0,0.0
2023-02-23,847.75,847.75,831.69,841.16,363691,1.0,0.0
2023-02-24,832.42,838.335,830.48,831.82,324533,1.0,0.0
2023-02-27,837.68,846.43,833.84,845.96,422957,1.0,0.0
2023-02-28,845.13,847.385,828.4,830.1,567636,1.0,0.0
2023-03-01,822.69,828.405,812.3,824.22,444363,1.0,0.0
2023-03-02,825.03,843.77,821.965,840.89,505603,1.0,0.0
2023-03-03,839.64,840.88,829.27,838.03,411356,1.0,0.0
2023-03-06,840.0,847.54,837.63,839.44,444627,1.0,0.0
2023-03-07,840.62,844.6,825.23,828.72,345715,1.0,0.0
2023-03-08,828.75,833.0,823.85,830.56,286885,1.0,0.0
2023-03-09,833.17,838.11,819.77,822.31,379836,1.0,0.0
2023-03-10,822.31,833.015,819.21,819.92,433224,1.0,0.0
2023-03-13,814.87,835.0,814.87,818.23,422436,1.0,0.0
2023-03-14,818.22,827.4,813.3648,821.23,420223,1.0,0.0
2023-03-15,815.8,820.97,809.62,818.26,367188,1.0,0.0
2023-03-16,813.02,822.775,811.97,819.52,429339,1.0,0.0
2023-03-17,816.53,817.27,795.79,797.87,665767,1.0,0.0
2023-03-20,798.07,819.0,798.07,816.06,443051,1.0,0.0
2023-03-21,821.74,823.42,814.535,819.63,363134,1.0,0.0
2023-03-22,819.12,825.32,808.46,808.97,343798,1.0,0.0
2023-03-23,807.7,810.17,795.745,801.38,356727,1.0,0.0
2023-03-24,803.69,813.805,800.4,810.76,314278,1.0,0.0
2023-03-27,811.32,821.72,811.1825,819.04,378846,1.0,0.0
2023-03-28,819.7,832.1825,819.7,828.85,307922,1.0,0.0
2023-03-29,829.7,832.09,821.615,832.08,332060,1.0,0.0
2023-03-30,833.89,842.76,833.32,841.5,292138,1.0,0.0
2023-03-31,843.1,850.0,842.88,848.98,404367,1.0,0.0
2023-04-03,851.67,869.645,851.22,867.95,352521,1.0,0.0
2023-04-04,866.46,867.46,855.405,864.44,364716,1.0,0.0
2023-04-05,864.18,868.205,855.24,858.35,360482,1.0,0.0
2023-04-06,856.02,864.31,855.88,861.13,251066,1.0,0.0
2023-04-10,860.03,870.6818,859.79,869.75,332995,1.0,0.0
2023-04-11,875.25,878.235,869.87,871.04,320727,1.0,0.0
2023-04-12,874.32,882.13,872.01,877.35,291050,1.0,0.0
2023-04-13,880.36,889.99,874.64,887.95,306641,1.0,0.0
2023-04-14,885.27,896.168,885.27,892.27,237552,1.0,0.0
2023-04-17,898.21,904.5499,892.54,897.28,336826,1.0,0.0
2023-04-18,899.76,910.565,894.52,909.92,301118,1.0,0.0
2023-04-19,903.33,908.54,897.65,899.14,343815,1.0,0.0
2023-04-20,898.55,909.125,897.59,905.36,430501,1.0,0.0
2023-04-21,907.4,912.0,902.82,903.81,273934,1.0,0.0
2023-04-24,903.81,907.33,898.2801,907.0,318065,1.0,0.0
2023-04-25,904.47,906.94,896.78,897.76,312495,1.0,0.0
2023-04-26,888.09,901.19,885.32,894.2,523202,1.0,0.0
2023-04-27,883.96,918.64,883.24,915.67,567754,1.0,0.0
2023-04-28,916.37,922.8,909.32,917.31,355724,1.0,0.0
2023-05-01,917.75,929.77,914.845,929.6,387945,1.0,0.0
2023-05-02,928.98,937.24,919.3,936.52,570527,1.0,0.0
2023-05-03,936.52,941.87,928.4,931.67,527226,1.0,0.0
2023-05-04,935.88,939.5746,927.11,933.62,297792,1.0,0.0
2023-05-05,931.4,942.76,931.4,940.78,269954,1.0,0.0
2023-05-08,939.79,947.15,934.71,946.64,355203,1.0,0.0
2023-05-09,947.34,954.44,946.48,953.46,343358,1.0,0.0
2023-05-10,953.33,961.12,944.175,954.77,350881,1.0,0.0
2023-05-11,955.1,958.64,950.08,958.26,266559,1.0,0.0
2023-05-12,958.9,964.58,952.47,962.1,343047,1.0,0.0
2023-05-15,958.86,962.1,939.26,945.28,527101,1.0,0.0
2023-05-16,939.2,946.86,936.0766,937.55,371041,1.0,0.0
2023-05-17,935.71,943.94,932.49,939.43,446894,1.0,0.0
2023-05-18,933.65,942.585,930.07,941.8,347552,1.0,0.0
2023-05-19,942.49,954.84,939.1,954.3,492331,1.0,0.0
2023-05-22,958.7,960.0,925.87,928.14,460861,1.0,0.0
2023-05-23,918.88,928.1,905.46,911.99,775288,1.0,0.0
2023-05-24,918.64,933.42,916.06,928.94,498887,1.0,0.0
2023-05-25,920.99,939.54,916.77,935.02,466026,1.0,0.0
2023-05-26,933.46,935.295,921.77,923.0,427527,1.0,0.0
2023-05-30,919.87,928.58,915.24,928.08,396237,1.0,0.0
2023-05-31,886.17,908.175,873.78,903.31,1186657,1.0,0.0
2023-06-01,903.31,909.5,892.4,895.28,502589,1.0,0.0
2023-06-02,896.0,903.1335,891.38,895.34,542430,1.0,0.0
2023-06-05,896.69,905.0695,896.16,902.11,431616,1.0,0.0
2023-06-06,902.29,902.29,875.06,885.93,599622,1.0,0.0
2023-06-07,884.0,899.84,880.06,883.11,545503,1.0,0.0
2023-06-08,882.64,907.45,880.015,906.68,405804,1.0,0.0
2023-06-09,904.71,914.695,898.8,906.99,393393,1.0,0.0
2023-06-12,905.0,913.73,902.62,911.78,371361,1.0,0.0
2023-06-13,914.23,917.9316,908.66,916.27,405127,1.0,0.0
2023-06-14,916.19,918.5,901.81,909.64,752172,1.0,0.0
2023-06-15,916.52,930.2,909.6261,927.49,434015,1.0,0.0
2023-06-16,940.39,940.39,916.89,919.02,885560,1.0,0.0
2023-06-20,923.83,930.32,915.86,917.49,338165,1.0,0.0
2023-06-21,920.17,946.05,917.91,937.93,506629,1.0,0.0
2023-06-22,938.0,939.78,927.35,932.55,318539,1.0,0.0
2023-06-23,932.63,933.07,920.57,924.76,1715983,1.0,0.0
2023-06-26,928.1,940.47,926.41,931.65,343994,1.0,0.0
2023-06-27,937.0,940.715,932.44,935.39,264245,1.0,0.0
2023-06-28,932.63,945.19,925.185,937.03,301759,1.0,0.0
2023-06-29,937.68,941.39,931.38,937.42,220130,1.0,0.0
2023-06-30,947.0,959.8,942.47,955.3,386460,1.0,0.0
2023-07-03,954.46,954.46,939.91,947.08,184799,1.0,0.0
2023-07-05,947.83,949.96,938.37,947.84,305671,1.0,0.0
2023-07-06,940.9,954.23,940.9,944.33,373333,1.0,0.0
2023-07-07,940.17,941.3699,930.21,934.47,474464,1.0,0.0
2023-07-10,936.93,966.64,936.93,961.09,402206,1.0,0.0
2023-07-11,967.33,972.59,960.96,967.56,283014,1.0,0.0
2023-07-12,970.75,975.72,966.81,969.23,289293,1.0,0.0
2023-07-13,968.99,969.86,954.02,956.06,330911,1.0,0.0
2023-07-14,952.92,962.965,951.05,961.41,288677,1.0,0.0
2023-07-17,960.94,974.49,959.36,968.96,248095,1.0,0.0
2023-07-18,970.0,971.355,953.59,962.41,306837,1.0,0.0
2023-07-19,958.72,971.235,958.72,963.45,329573,1.0,0.0
2023-07-20,967.74,967.74,951.115,952.23,354584,1.0,0.0
2023-07-21,955.99,965.635,953.19,956.23,1044022,1.0,0.0
2023-07-24,954.61,960.44,950.72,957.98,306253,1.0,0.0
2023-07-25,948.04,964.6,945.2,964.31,353137,1.0,0.0
2023-07-26,963.09,970.9899,952.34,965.62,402048,1.0,0.0
2023-07-27,949.51,957.61,914.395,919.61,849842,1.0,0.0
2023-07-28,922.17,935.32,919.51,928.79,423735,1.0,0.0
2023-07-31,927.6,932.82,919.92,925.79,361756,1.0,0.0
2023-08-01,926.44,937.92,925.95,931.05,374133,1.0,0.0
2023-08-02,931.29,934.0,917.93,918.46,565139,1.0,0.0
2023-08-03,923.67,933.98,921.15,930.78,384003,1.0,0.0
2023-08-04,931.64,936.16,924.48,925.93,275592,1.0,0.0
2023-08-07,931.8,937.47,927.485,931.76,294906,1.0,0.0
2023-08-08,932.01,937.4299,925.13,929.2,330645,1.0,0.0
2023-08-09,928.43,935.47,925.52,929.74,284057,1.0,0.0
2023-08-10,934.8,941.76,930.8,936.64,381044,1.0,0.0
2023-08-11,939.67,945.63,937.29,943.56,257953,1.0,0.0
2023-08-14,947.48,953.7238,940.539,945.15,312625,1.0,0.0
2023-08-15,945.21,954.52,945.21,951.36,255911,1.0,0.0
2023-08-16,954.91,960.46,949.91,951.06,296530,1.0,0.0
2023-08-17,952.57,955.415,930.9,931.67,340464,1.0,0.0
2023-08-18,931.67,946.22,931.67,938.0,551583,1.0,0.0
2023-08-21,937.8,947.05,931.67,945.49,357536,1.0,0.0
2023-08-22,941.56,947.65,927.43,934.03,282182,1.0,0.0
2023-08-23,935.0,950.24,934.5475,947.17,294784,1.0,0.0
2023-08-24,946.76,952.65,934.95,935.14,251830,1.0,0.0
2023-08-25,937.56,942.95,923.865,931.04,333693,1.0,0.0
2023-08-28,931.66,939.01,928.27,934.43,220345,1.0,0.0
2023-08-29,937.08,948.18,931.94,946.62,256745,1.0,0.0
2023-08-30,944.28,958.26,943.055,952.15,399509,1.0,0.0
2023-08-31,949.89,952.735,937.56,939.7,444001,1.0,0.0
2023-09-01,945.57,948.9,938.59,947.45,316537,1.0,0.0
2023-09-05,943.82,951.4,937.79,945.53,346261,1.0,0.0
2023-09-06,944.88,953.61,938.67,944.79,356666,1.0,0.0
2023-09-07,949.55,953.535,940.03,945.81,333647,1.0,0.0
2023-09-08,948.0,959.235,945.0,958.36,479544,1.0,0.0
2023-09-11,959.39,963.72,940.68,942.5,320814,1.0,0.0
2023-09-12,942.45,946.63,919.92,924.27,483742,1.0,0.0
2023-09-13,922.37,932.28,922.37,926.85,316977,1.0,0.0
2023-09-14,928.52,941.69,926.11,940.68,286131,1.0,0.0
2023-09-15,941.34,941.34,928.65,930.21,573076,1.0,0.0
2023-09-18,934.91,940.98,927.505,929.35,335703,1.0,0.0
2023-09-19,925.26,936.1,915.215,929.18,329818,1.0,0.0
2023-09-20,928.98,954.06,928.98,945.83,377524,1.0,0.0
2023-09-21,948.07,948.71,926.24,926.47,414136,1.0,0.0
2023-09-22,921.16,941.35,921.16,936.02,399800,1.0,0.0
2023-09-25,932.88,938.99,929.04,933.64,274122,1.0,0.0
2023-09-26,932.86,933.25,912.38,914.56,403903,1.0,0.0
2023-09-27,916.63,920.775,909.46,914.17,421607,1.0,0.0
2023-09-28,915.85,921.4,912.125,917.41,350680,1.0,0.0
2023-09-29,923.15,925.94,905.22,908.86,434922,1.0,0.0
2023-10-02,908.86,914.92,897.035,898.62,430636,1.0,0.0
2023-10-03,897.29,905.02,885.52,889.6,347624,1.0,0.0
2023-10-04,893.81,899.16,890.13,897.2,291958,1.0,0.0
2023-10-05,905.99,911.365,894.25,900.8,326643,1.0,0.0
2023-10-06,888.29,906.4,882.14,902.15,363224,1.0,0.0
2023-10-09,902.43,916.79,895.565,914.67,349828,1.0,0.0
2023-10-10,919.0,922.8253,913.38,918.13,360644,1.0,0.0
2023-10-11,919.24,919.48,911.38,916.41,367527,1.0,0.0
2023-10-12,918.97,922.265,913.35,919.44,359284,1.0,0.0
2023-10-13,921.37,927.92,916.95,926.46,345262,1.0,0.0
2023-10-16,931.91,949.745,928.96,945.3,365204,1.0,0.0
2023-10-17,949.51,949.8,943.4856,946.06,265658,1.0,0.0
2023-10-18,947.36,947.36,929.36,930.5,418847,1.0,0.0
2023-10-19,922.0,922.0,893.1025,898.39,600122,1.0,0.0
2023-10-20,900.29,914.36,897.93,907.06,450471,1.0,0.0
2023-10-23,911.52,911.52,877.22,878.67,571511,1.0,0.0
2023-10-24,879.62,887.645,870.27,872.0,379811,1.0,0.0
2023-10-25,867.38,877.0199,860.1,874.92,507808,1.0,0.0
2023-10-26,904.0,932.115,895.8819,921.64,949932,1.0,0.0
2023-10-27,927.46,930.93,915.9273,924.56,711286,1.0,0.0
2023-10-30,924.9,937.28,917.963,930.14,551219,1.0,0.0
2023-10-31,932.59,933.635,924.965,930.44,456684,1.0,0.0
2023-11-01,934.92,946.63,925.5,945.66,536105,1.0,0.0
2023-11-02,937.29,957.88,937.29,948.09,492150,1.0,0.0
2023-11-03,950.0,959.35,950.0,952.84,309536,1.0,0.0
2023-11-06,956.19,960.08,951.9,956.1,255720,1.0,0.0
2023-11-07,958.82,975.82,952.89,974.61,429434,1.0,0.0
2023-11-08,975.0,980.645,968.8701,973.7,251240,1.0,0.0
2023-11-09,971.49,982.745,969.19,978.14,370668,1.0,0.0
2023-11-10,980.66,989.69,977.67,986.22,323604,1.0,0.0
2023-11-13,986.29,999.14,985.5325,995.92,321186,1.0,0.0
2023-11-14,1001.0,1005.96,980.18,982.96,506687,1.0,0.0
2023-11-15,981.4,983.59,970.22,973.335,661876,1.0,0.0
2023-11-16,976.9,980.22,969.2,971.99,588408,1.0,0.0
2023-11-17,981.51,981.51,965.73,968.55,418111,1.0,0.0
2023-11-20,970.0,982.73,965.49,978.61,339178,1.0,0.0
2023-11-21,979.91,988.065,977.29,983.59,284229,1.0,0.0
2023-11-22,984.56,995.07,982.345,991.46,254349,1.0,0.0
2023-11-24,992.6,992.6,984.76,987.16,97609,1.0,0.0
2023-11-27,984.65,990.07,982.15,983.13,283197,1.0,0.0
2023-11-28,987.08,988.935,972.02,977.43,272106,1.0,0.0
2023-11-29,975.7,977.75,969.78,973.94,275763,1.0,0.0
2023-11-30,975.12,982.81,971.1,982.38,509798,1.0,0.0
2023-12-01,984.5,988.81,978.28,980.52,321681,1.0,0.0
2023-12-04,978.48,988.1612,970.55,983.22,470040,1.0,0.0
2023-12-05,982.08,982.22,970.595,977.97,322881,1.0,0.0
2023-12-06,982.35,986.79,979.01,985.2,365673,1.0,0.0
2023-12-07,988.0,988.0,953.14,953.71,591182,1.0,0.0
2023-12-08,952.99,957.98,941.93,945.88,422768,1.0,0.0
2023-12-11,955.03,969.615,953.3,965.52,355772,1.0,0.0
2023-12-12,971.82,973.215,967.08,972.79,281752,1.0,0.0
2023-12-13,976.55,988.0,974.02,983.41,367493,1.0,0.0
2023-12-14,983.72,983.72,945.53,951.12,612699,1.0,0.0
2023-12-15,948.7,952.39,936.06,951.57,940969,1.0,0.0
2023-12-18,952.98,964.26,952.98,960.13,406689,1.0,0.0
2023-12-19,963.78,966.66,958.69,964.26,291443,1.0,0.0
2023-12-20,963.0,969.09,950.0,950.25,299567,1.0,0.0
2023-12-21,953.82,962.14,952.845,957.55,243310,1.0,0.0
2023-12-22,957.55,962.5622,951.32,952.06,335172,1.0,0.0
2023-12-26,950.68,952.89,940.42,942.06,258434,1.0,0.0
2023-12-27,940.0,943.84,936.09,942.55,203458,1.0,0.0
2023-12-28,945.69,945.835,939.36,941.21,232882,1.0,0.0
2023-12-29,944.49,950.83,941.3,950.08,350012,1.0,0.0
2024-01-02,948.89,965.68,943.33,944.98,396009,1.0,0.0
2024-01-03,952.1,958.54,941.38,943.71,465712,1.0,0.0
2024-01-04,945.5,951.2654,935.08,935.8,372992,1.0,0.0
2024-01-05,935.0,937.8,924.4,925.4,465829,1.0,0.0
2024-01-08,926.59,933.62,914.5,927.94,611745,1.0,0.0
2024-01-09,924.38,929.14,921.25,927.9,380015,1.0,0.0
2024-01-10,927.46,937.8122,927.46,936.55,404174,1.0,0.0
2024-01-11,937.61,947.17,935.75,944.61,330930,1.0,0.0
2024-01-12,948.38,957.9,941.06,953.06,334313,1.0,0.0
2024-01-16,956.99,996.83,954.33,990.25,581518,1.0,0.0
2024-01-17,991.14,1004.45,983.98,992.16,511864,1.0,0.0
2024-01-18,987.08,1015.6,987.08,1015.53,516778,1.0,0.0
2024-01-19,1015.62,1037.245,1014.88,1028.1,679794,1.0,0.0
2024-01-22,1028.61,1039.1592,1015.69,1035.94,362163,1.0,0.0
2024-01-23,1037.5,1039.83,1011.44,1025.32,473620,1.0,0.0
2024-01-24,1025.51,1025.51,1010.025,1018.45,346152,1.0,0.0
2024-01-25,1023.92,1024.38,1013.51,1024.04,340230,1.0,0.0
2024-01-26,1026.38,1028.92,1018.06,1022.51,268002,1.0,0.0
2024-01-29,1024.06,1032.64,1017.2,1030.01,255891,1.0,0.0
2024-01-30,1030.0,1047.57,1027.15,1041.12,256921,1.0,0.0
2024-01-31,1036.82,1045.8542,1022.44,1023.05,330865,1.0,0.0
2024-02-01,1031.11,1042.06,1021.29,1041.75,278096,1.0,0.0
2024-02-02,1037.0,1054.57,1034.91,1047.31,314719,1.0,0.0
2024-02-05,1043.75,1057.225,1040.62,1055.62,342615,1.0,0.0
2024-02-06,1054.62,1056.32,1045.865,1051.86,292048,1.0,0.0
2024-02-07,1055.71,1074.038,1050.48,1067.02,605587,1.0,0.0
2024-02-08,1010.5,1069.415,1009.29,1020.83,810185,1.0,0.0
2024-02-09,1025.89,1041.33,1021.75,1025.82,553829,1.0,0.0
2024-02-12,1025.7,1027.28,1016.86,1026.39,408158,1.0,0.0
2024-02-13,1025.0,1041.72,1025.0,1039.26,487463,1.0,0.0
2024-02-14,1035.0,1050.6,1034.63,1049.3,515205,1.0,0.0
2024-02-15,1050.98,1057.2,1037.03,1047.9,406179,1.0,0.0
2024-02-16,1055.23,1060.51,1041.99,1051.05,443135,1.0,0.0
2024-02-20,1050.73,1056.14,1032.76,1035.63,413704,1.0,0.0
2024-02-21,1039.12,1047.5,1033.2,1039.77,259916,1.0,0.0
2024-02-22,1043.2,1058.913,1043.2,1054.81,305682,1.0,0.0
2024-02-23,1053.93,1066.115,1053.74,1058.02,223840,1.0,0.0
2024-02-26,1058.9,1068.8,1056.185,1062.07,338590,1.0,0.0
2024-02-27,1069.2,1083.57,1058.84,1081.75,354778,1.0,0.0
2024-02-28,1080.0,1093.99,1074.87,1092.96,336800,1.0,0.0
2024-02-29,1098.95,1098.95,1078.145,1087.42,422869,1.0,0.0
2024-03-01,1085.71,1091.23,1082.13,1085.45,233548,1.0,0.0
2024-03-04,1088.06,1090.79,1072.84,1077.98,321595,1.0,0.0
2024-03-05,1082.05,1084.86,1077.415,1079.67,296777,1.0,0.0
2024-03-06,1079.67,1089.71,1074.98,1081.65,333946,1.0,0.0
2024-03-07,1090.45,1096.6845,1086.0,1089.43,264265,1.0,0.0
2024-03-08,1083.94,1095.0,1078.88,1084.2,316670,1.0,0.0
2024-03-11,1089.49,1089.49,1071.57,1086.13,218299,1.0,0.0
2024-03-12,1086.0,1098.46,1084.7875,1094.6,307278,1.0,0.0
2024-03-13,1093.92,1105.465,1088.5,1101.4,262361,1.0,0.0
2024-03-14,1105.0,1118.1,1100.72,1116.9,370621,1.0,0.0
2024-03-15,1113.41,1121.99,1110.4,1113.18,533788,1.0,0.0
2024-03-18,1122.57,1125.34,1111.55,1113.83,325431,1.0,0.0
2024-03-19,1121.58,1136.27,1121.5,1134.63,263951,1.0,0.0
2024-03-20,1141.24,1145.73,1136.11,1145.29,297086,1.0,0.0
2024-03-21,1149.61,1169.1099,1144.14,1162.94,427747,1.0,0.0
2024-03-22,1162.94,1168.595,1155.88,1167.53,273592,1.0,0.0
2024-03-25,1164.74,1165.15,1136.43,1137.07,350196,1.0,0.0
2024-03-26,1131.48,1140.64,1123.86,1134.78,353029,1.0,0.0
2024-03-27,1143.8,1144.06,1123.48,1135.52,369086,1.0,0.0
2024-03-28,1140.97,1142.72,1125.63,1128.88,292987,1.0,0.0
2024-04-01,1128.22,1133.77,1122.5,1130.28,231812,1.0,0.0
2024-04-02,1135.09,1142.04,1131.4,1140.21,322855,1.0,0.0
2024-04-03,1139.97,1149.235,1132.21,1132.95,280614,1.0,0.0
2024-04-04,1133.75,1134.02,1098.74,1099.63,306148,1.0,0.0
2024-04-05,1102.98,1121.21,1102.98,1117.56,278653,1.0,0.0
2024-04-08,1117.56,1120.41,1105.91,1107.24,243802,1.0,0.0
2024-04-09,1113.8,1118.21,1089.305,1095.74,288868,1.0,0.0
2024-04-10,1090.97,1096.54,1086.83,1093.1,221256,1.0,0.0
2024-04-11,1094.88,1094.88,1076.825,1083.0,299642,1.0,0.0
2024-04-12,1077.0,1082.5,1072.175,1076.49,263187,1.0,0.0
2024-04-15,1093.74,1094.32,1068.71,1069.27,324893,1.0,0.0
2024-04-16,1073.31,1095.0,1073.26,1089.51,539394,1.0,0.0
2024-04-17,1103.19,1103.2992,1091.14,1094.8,328057,1.0,0.0
2024-04-18,1105.08,1112.37,1095.07,1101.06,284268,1.0,0.0
2024-04-19,1103.46,1105.0,1081.14,1090.94,316382,1.0,0.0
2024-04-22,1099.61,1102.78,1081.04,1091.46,343097,1.0,0.0
2024-04-23,1100.75,1100.75,1086.44,1092.35,331215,1.0,0.0
2024-04-24,1086.3,1099.02,1078.98,1092.7,461772,1.0,0.0
2024-04-25,1020.0,1067.145,1005.78,1054.13,917937,1.0,0.0
2024-04-26,1045.99,1055.59,1040.805,1043.93,335739,1.0,0.0
2024-04-29,1040.23,1041.13,1026.82,1037.04,299058,1.0,0.0
2024-04-30,1028.58,1035.285,1008.99,1013.26,528901,1.0,0.0
2024-05-01,1005.95,1018.0,1004.19,1005.11,611043,1.0,0.0
2024-05-02,1004.12,1007.9299,1000.03,1006.23,411359,1.0,0.0
2024-05-03,1003.36,1019.49,1003.36,1012.95,417973,1.0,0.0
2024-05-06,1011.5,1019.365,1005.17,1016.09,348347,1.0,0.0
2024-05-07,1016.09,1022.92,1012.92,1020.71,396747,1.0,0.0
2024-05-08,1024.5,1030.77,1020.32,1020.34,282156,1.0,0.0
2024-05-09,1023.75,1033.745,1020.19,1030.72,245328,1.0,0.0
2024-05-10,1026.62,1030.82,1013.1177,1019.33,330721,1.0,0.0
2024-05-13,1026.26,1026.26,1008.0418,1012.75,478129,1.0,0.0
2024-05-14,1012.05,1012.05,990.115,1006.77,587740,1.0,0.0
2024-05-15,1014.22,1019.67,1007.36,1010.38,355286,1.0,0.0
2024-05-16,1007.68,1014.4212,1000.395,1005.98,310569,1.0,0.0
2024-05-17,1005.98,1012.69,1004.175,1012.06,401906,1.0,0.0
2024-05-20,1012.35,1012.35,993.68,995.33,397383,1.0,0.0
2024-05-21,999.06,1004.05,990.02,995.59,324664,1.0,0.0
2024-05-22,999.47,1001.05,988.01,991.44,312545,1.0,0.0
2024-05-23,991.0,994.695,973.42,975.87,526129,1.0,0.0
2024-05-24,977.2,990.67,977.2,986.96,338941,1.0,0.0
2024-05-28,983.51,983.83,956.55,957.51,481021,1.0,0.0
2024-05-29,951.44,959.72,947.49,957.9,429132,1.0,0.0
2024-05-30,958.99,975.0,956.375,963.64,396859,1.0,0.0
2024-05-31,967.54,972.83,959.71,963.26,770141,1.0,0.0
2024-06-03,959.35,965.2,954.0,956.61,439337,1.0,0.0
2024-06-04,950.6,971.62,950.6,970.3,293534,1.0,0.0
2024-06-05,968.2,977.39,964.705,976.86,676644,1.0,0.0
2024-06-06,982.47,992.32,980.96,982.42,544166,1.0,0.0
2024-06-07,985.06,988.1828,975.02,978.7,353247,1.0,0.0
2024-06-10,980.93,982.61,969.7,975.14,354816,1.0,0.0
2024-06-11,978.68,1002.9,975.95,1000.03,635534,1.0,0.0
2024-06-12,996.92,1016.15,989.91,1004.24,492301,1.0,0.0
2024-06-13,1001.04,1003.89,992.37,995.78,450753,1.0,0.0
2024-06-14,995.64,1007.42,988.86,1007.31,539056,1.0,0.0
2024-06-17,1007.02,1047.69,1004.06,1043.25,649250,1.0,0.0
2024-06-18,1044.08,1058.9156,1042.065,1056.65,385617,1.0,0.0
2024-06-20,1059.5,1083.245,1059.5,1080.57,724408,1.0,0.0
2024-06-21,1085.9,1091.22,1077.4,1081.79,663576,1.0,0.0
2024-06-24,1086.45,1086.45,1074.78,1083.52,363270,1.0,0.0
2024-06-25,1086.13,1086.13,1051.89,1057.79,452930,1.0,0.0
2024-06-26,1048.0,1055.1966,1043.77,1050.85,402491,1.0,0.0
2024-06-27,1054.66,1057.8,1046.61,1057.42,331007,1.0,0.0
2024-06-28,1053.14,1068.5337,1049.245,1056.06,585662,1.0,0.0
2024-07-01,1050.07,1057.365,1008.55,1016.32,542632,1.0,0.0
2024-07-02,1017.98,1037.8,1013.89,1037.06,377871,1.0,0.0
2024-07-03,1033.39,1038.33,1014.925,1020.54,254954,1.0,0.0
2024-07-05,1024.41,1029.5791,1015.84,1026.82,305008,1.0,0.0
2024-07-08,1022.09,1033.05,1018.23,1022.79,257566,1.0,0.0
2024-07-09,1020.25,1023.87,1013.18,1015.62,243073,1.0,0.0
2024-07-10,1020.33,1031.52,1014.68,1028.19,290437,1.0,0.0
2024-07-11,1023.82,1043.16,1021.0,1032.99,440349,1.0,0.0
2024-07-12,1035.93,1055.67,1032.955,1040.11,367443,1.0,0.0
2024-07-15,1032.86,1052.938,1030.66,1042.41,302692,1.0,0.0
2024-07-16,1046.08,1054.59,1038.32,1043.52,272955,1.0,0.0
2024-07-17,1045.61,1056.73,1042.3,1043.63,334351,1.0,0.0
2024-07-18,1041.68,1051.9,1026.615,1028.09,369629,1.0,0.0
2024-07-19,1029.64,1046.72,1028.44,1042.86,392783,1.0,0.0
2024-07-22,1049.0,1064.545,1049.0,1057.1,431971,1.0,0.0
2024-07-23,1050.61,1061.955,1046.75,1049.01,328211,1.0,0.0
2024-07-24,1051.08,1061.59,1040.0,1050.71,558791,1.0,0.0
2024-07-25,1050.71,1112.18,1050.71,1092.91,881218,1.0,0.0
2024-07-26,1094.24,1124.45,1091.09,1110.31,549923,1.0,0.0
2024-07-29,1119.72,1121.54,1104.905,1118.19,325870,1.0,0.0
2024-07-30,1118.5,1143.51,1116.67,1140.9,421451,1.0,0.0
2024-07-31,1147.38,1147.38,1123.22,1126.34,505116,1.0,0.0
2024-08-01,1130.8,1140.84,1123.2,1133.4,337914,1.0,0.0
2024-08-02,1139.23,1139.23,1107.9,1137.02,477432,1.0,0.0
2024-08-05,1145.5,1145.5,1101.305,1105.52,451155,1.0,0.0
2024-08-06,1098.78,1129.005,1098.78,1111.3,427249,1.0,0.0
2024-08-07,1109.01,1131.675,1106.97,1109.05,361876,1.0,0.0
2024-08-08,1109.07,1129.35,1105.38,1120.9,281683,1.0,0.0
2024-08-09,1117.03,1126.43,1111.27,1124.41,208770,1.0,0.0
2024-08-12,1120.62,1125.475,1110.41,1121.07,387406,1.0,0.0
2024-08-13,1119.3,1124.385,1110.08,1114.72,320317,1.0,0.0
2024-08-14,1110.31,1131.355,1110.31,1129.22,382117,1.0,0.0
2024-08-15,1135.0,1140.0,1106.225,1115.89,338237,1.0,0.0
2024-08-16,1119.26,1125.75,1113.91,1119.52,263141,1.0,0.0
2024-08-19,1122.81,1122.81,1109.04,1121.5,232272,1.0,0.0
2024-08-20,1121.0,1132.98,1116.05,1126.57,291282,1.0,0.0
2024-08-21,1134.99,1143.54,1126.93,1138.16,269756,1.0,0.0
2024-08-22,1129.32,1140.23,1122.01,1127.67,284279,1.0,0.0
2024-08-23,1132.8,1138.82,1111.99,1116.57,256526,1.0,0.0
2024-08-26,1116.6,1124.705,1115.75,1120.28,212994,1.0,0.0
2024-08-27,1122.99,1128.18,1116.76,1127.73,215115,1.0,0.0
2024-08-28,1123.82,1149.0,1123.82,1138.7,299109,1.0,0.0
2024-08-29,1143.27,1148.89,1131.8,1138.47,303443,1.0,0.0
2024-08-30,1138.26,1141.21,1119.08,1129.97,354362,1.0,0.0
2024-09-03,1132.32,1139.94,1122.85,1136.81,398321,1.0,0.0
2024-09-04,1140.17,1142.855,1125.675,1137.73,221847,1.0,0.0
2024-09-05,1137.86,1138.62,1117.8,1137.59,442226,1.0,0.0
2024-09-06,1139.28,1143.165,1117.33,1119.18,325758,1.0,0.0
2024-09-09,1123.98,1135.05,1116.71,1124.02,242955,1.0,0.0
2024-09-10,1118.2,1133.15,1118.2,1129.43,229880,1.0,0.0
2024-09-11,1129.71,1129.71,1096.6,1112.63,445200,1.0,0.0
2024-09-12,1113.59,1122.665,1107.3,1119.93,354276,1.0,0.0
2024-09-13,1122.95,1131.485,1116.97,1125.48,225611,1.0,0.0
2024-09-16,1134.53,1143.05,1120.65,1130.72,368980,1.0,0.0
2024-09-17,1129.36,1137.425,1123.065,1127.92,284956,1.0,0.0
2024-09-18,1131.27,1142.63,1127.36,1133.19,314321,1.0,0.0
2024-09-19,1136.57,1145.91,1111.39,1115.65,367862,1.0,0.0
2024-09-20,1110.23,1122.65,1104.53,1109.05,880742,1.0,0.0
2024-09-23,1116.55,1121.6,1107.95,1119.84,366496,1.0,0.0
2024-09-24,1110.5,1130.5,1100.0,1129.22,397751,1.0,0.0
2024-09-25,1136.75,1143.86,1129.83,1142.81,289422,1.0,0.0
2024-09-26,1144.63,1162.7,1136.85,1159.62,320040,1.0,0.0
2024-09-27,1164.7,1164.7,1138.6,1146.03,334636,1.0,0.0
2024-09-30,1154.04,1157.66,1141.9,1151.6,357855,1.0,0.0
2024-10-01,1153.66,1166.2,1145.3901,1161.99,303831,1.0,0.0
2024-10-02,1161.36,1167.05,1152.635,1154.92,230261,1.0,0.0
2024-10-03,1147.56,1151.91,1138.89,1149.31,189685,1.0,0.0
2024-10-04,1153.22,1157.0,1141.47,1154.9,257240,1.0,0.0
2024-10-07,1153.49,1171.39,1147.74,1151.42,249583,1.0,0.0
2024-10-08,1151.42,1169.77,1145.74,1167.53,245400,1.0,0.0
2024-10-09,1169.0,1186.91,1163.9573,1177.16,259513,1.0,0.0
2024-10-10,1180.0,1184.12,1165.21,1171.36,207132,1.0,0.0
2024-10-11,1178.94,1190.32,1175.725,1187.53,176553,1.0,0.0
2024-10-14,1185.16,1203.95,1182.315,1202.59,207275,1.0,0.0
2024-10-15,1203.42,1221.0482,1183.58,1190.0,355314,1.0,0.0
2024-10-16,1184.73,1203.45,1183.93,1198.9,282061,1.0,0.0
2024-10-17,1199.09,1207.32,1193.75,1204.22,177081,1.0,0.0
2024-10-18,1208.79,1218.14,1203.845,1210.96,227202,1.0,0.0
2024-10-21,1214.46,1221.18,1208.9401,1219.01,267791,1.0,0.0
2024-10-22,1199.35,1211.95,1194.0,1205.38,293296,1.0,0.0
2024-10-23,1195.4,1208.1,1195.4,1199.25,494769,1.0,0.0
2024-10-24,1181.9,1218.5,1175.4,1199.77,430628,1.0,0.0
2024-10-25,1208.26,1215.75,1193.69,1195.22,238279,1.0,0.0
2024-10-28,1199.87,1206.53,1192.23,1197.11,356050,1.0,0.0
2024-10-29,1195.55,1195.6332,1175.53,1175.9,470621,1.0,0.0
2024-10-30,1171.37,1185.2019,1157.97,1162.21,328995,1.0,0.0
2024-10-31,1161.0,1168.8,1151.05,1153.14,473524,1.0,0.0
2024-11-01,1146.44,1162.979,1143.29,1146.59,496806,1.0,0.0
2024-11-04,1151.69,1165.16,1151.27,1157.56,358092,1.0,0.0
2024-11-05,1157.56,1166.32,1153.72,1162.33,260386,1.0,0.0
2024-11-06,1194.74,1239.6531,1191.305,1234.15,563468,1.0,0.0
2024-11-07,1231.93,1231.93,1213.17,1214.51,414682,1.0,0.0
2024-11-08,1228.04,1233.795,1216.765,1217.7,313310,1.0,0.0
2024-11-11,1228.56,1241.29,1224.07,1228.52,366216,1.0,0.0
2024-11-12,1234.92,1244.5,1228.25,1236.85,298381,1.0,0.0
2024-11-13,1233.5,1252.535,1233.5,1238.78,287444,1.0,0.0
2024-11-14,1240.25,1255.3,1220.76,1224.4,414451,1.0,0.0
2024-11-15,1226.7,1228.79,1210.6,1213.37,437650,1.0,0.0
2024-11-18,1207.36,1222.16,1207.36,1216.67,397078,1.0,0.0
2024-11-19,1212.81,1213.2199,1197.58,1200.59,332504,1.0,0.0
2024-11-20,1200.59,1202.49,1181.4496,1188.87,405947,1.0,0.0
2024-11-21,1206.43,1206.43,1185.12,1204.74,344179,1.0,0.0
2024-11-22,1216.79,1228.81,1213.98,1227.37,338577,1.0,0.0
2024-11-25,1239.92,1253.02,1234.2,1238.76,521913,1.0,0.0
2024-11-26,1231.36,1245.54,1223.04,1244.22,375076,1.0,0.0
2024-11-27,1246.0,1249.86,1235.91,1244.01,214889,1.0,0.0
2024-11-29,1239.67,1251.6,1239.67,1243.22,149426,1.0,0.0
2024-12-02,1243.22,1255.4,1240.36,1246.82,424382,1.0,0.0
2024-12-03,1250.5,1252.5,1237.63,1247.99,263584,1.0,0.0
2024-12-04,1241.41,1253.06,1239.49,1242.92,257110,1.0,0.0
2024-12-05,1239.49,1245.73,1226.78,1234.81,274865,1.0,0.0
2024-12-06,1243.1,1260.04,1241.02,1257.78,317164,1.0,0.0
2024-12-09,1258.66,1265.52,1240.23,1254.9,312574,1.0,0.0
2024-12-10,1255.85,1273.595,1251.865,1266.35,320534,1.0,0.0
2024-12-11,1266.35,1275.8,1261.925,1269.01,274390,1.0,0.0
2024-12-12,1270.3,1273.875,1254.2,1269.72,230994,1.0,0.0
2024-12-13,1268.83,1281.95,1264.145,1270.6,203097,1.0,0.0
2024-12-16,1268.01,1283.965,1266.98,1268.86,373564,1.0,0.0
2024-12-17,1268.86,1274.5,1242.15,1246.08,493744,1.0,0.0
2024-12-18,1242.09,1250.75,1224.22,1225.14,328582,1.0,0.0
2024-12-19,1225.14,1234.5,1212.98,1214.39,402301,1.0,0.0
2024-12-20,1204.04,1229.635,1202.74,1219.11,861253,1.0,0.0
2024-12-23,1210.23,1210.345,1195.55,1207.26,309297,1.0,0.0
2024-12-24,1206.53,1231.7973,1206.53,1221.65,147117,1.0,0.0
2024-12-26,1211.98,1224.1549,1206.21,1206.78,266591,1.0,0.0
2024-12-27,1195.97,1210.31,1192.31,1197.35,217124,1.0,0.0
2024-12-30,1195.28,1195.28,1174.5001,1179.92,371579,1.0,0.0
2024-12-31,1185.72,1191.4699,1180.62,1185.8,291022,1.0,0.0
2025-01-02,1184.15,1194.945,1182.38,1187.71,281535,1.0,0.0
2025-01-03,1186.23,1210.09,1183.34,1204.22,315352,1.0,0.0
2025-01-06,1197.64,1223.0602,1196.32,1210.47,301136,1.0,0.0
2025-01-07,1216.33,1216.975,1195.42,1199.72,506300,1.0,0.0
2025-01-08,1199.89,1209.16,1196.15,1205.74,255440,1.0,0.0
2025-01-10,1196.04,1207.95,1195.36,1197.6,308264,1.0,0.0
2025-01-13,1195.04,1215.025,1193.77,1210.14,353788,1.0,0.0
2025-01-14,1210.14,1220.4792,1198.7,1204.33,244814,1.0,0.0
2025-01-15,1207.97,1217.04,1202.985,1204.04,282476,1.0,0.0
2025-01-16,1204.04,1206.595,1195.53,1204.72,199045,1.0,0.0
2025-01-17,1227.97,1227.97,1210.98,1216.79,278679,1.0,0.0
2025-01-21,1230.58,1257.3373,1230.58,1241.08,369239,1.0,0.0
2025-01-22,1238.13,1249.31,1231.67,1241.33,449759,1.0,0.0
2025-01-23,1239.29,1262.36,1239.29,1261.62,305117,1.0,0.0
2025-01-24,1259.53,1261.19,1243.55,1254.0,239539,1.0,0.0
2025-01-27,1249.64,1285.9,1249.64,1282.53,431799,1.0,0.0
2025-01-28,1289.35,1289.925,1264.415,1278.34,354796,1.0,0.0
2025-01-29,1275.67,1291.145,1275.67,1288.08,330688,1.0,0.0
2025-01-30,1301.87,1311.78,1297.5,1310.16,306166,1.0,0.0
2025-01-31,1306.18,1310.25,1292.12,1294.42,370860,1.0,0.0
2025-02-03,1297.5,1317.995,1291.1,1316.06,439111,1.0,0.0
2025-02-04,1293.41,1336.63,1293.41,1334.19,387661,1.0,0.0
2025-02-05,1341.4,1350.27,1335.43,1348.24,528099,1.0,0.0
2025-02-06,1336.88,1347.97,1313.18,1330.74,427569,1.0,0.0
2025-02-07,1326.02,1350.0,1314.7,1316.75,348136,1.0,0.0
2025-02-10,1318.71,1326.83,1307.07,1310.02,265891,1.0,0.0
2025-02-11,1311.73,1324.99,1300.098,1323.94,391453,1.0,0.0
2025-02-12,1318.175,1329.26,1310.13,1324.3,205508,1.0,0.0
2025-02-13,1331.68,1340.89,1326.515,1335.68,249942,1.0,0.0
2025-02-14,1340.66,1340.66,1317.79,1318.8,344571,1.0,0.0
2025-02-18,1312.08,1312.08,1285.16,1295.82,377947,1.0,0.0
2025-02-19,1294.1,1302.49,1292.75,1295.8,233022,1.0,0.0
2025-02-20,1295.16,1312.85,1293.08,1312.44,278212,1.0,0.0
2025-02-21,1314.29,1314.29,1297.87,1303.41,275109,1.0,0.0
2025-02-24,1311.61,1316.065,1305.445,1314.91,375124,1.0,0.0
2025-02-25,1320.98,1348.99,1320.005,1346.58,409158,1.0,0.0
2025-02-26,1345.5,1346.77,1323.43,1330.42,318558,1.0,0.0
2025-02-27,1335.0,1359.185,1334.38,1353.46,408065,1.0,0.0
2025-02-28,1361.85,1378.76,1351.74,1373.64,366054,1.0,0.0
2025-03-03,1382.15,1386.36,1365.98,1375.99,455249,1.0,0.0
2025-03-04,1376.01,1389.05,1353.54,1356.77,479207,1.0,0.0
2025-03-05,1348.11,1364.21,1332.81,1339.67,417262,1.0,0.0
2025-03-06,1335.59,1350.69,1320.0052,1331.06,445456,1.0,0.0
2025-03-07,1336.33,1336.33,1291.42,1319.01,366269,1.0,0.0
2025-03-10,1320.58,1352.37,1320.58,1346.58,464343,1.0,0.0
2025-03-11,1346.58,1356.7691,1312.78,1324.06,403483,1.0,0.0
2025-03-12,1320.46,1322.945,1295.97,1309.29,319185,1.0,0.0
2025-03-13,1301.78,1311.475,1283.28,1289.49,326488,1.0,0.0
2025-03-14,1303.14,1328.97,1287.475,1327.41,318316,1.0,0.0
2025-03-17,1327.41,1355.44,1325.9,1347.99,409043,1.0,0.0
2025-03-18,1341.3,1351.0,1331.52,1338.75,262086,1.0,0.0
2025-03-19,1346.03,1354.71,1329.785,1340.09,297106,1.0,0.0
2025-03-20,1334.24,1350.82,1328.705,1343.15,273180,1.0,0.0
2025-03-21,1333.07,1341.43,1328.72,1339.09,510380,1.0,0.0
2025-03-24,1347.98,1365.66,1345.785,1362.74,279544,1.0,0.0
2025-03-25,1359.04,1377.615,1356.66,1375.48,293823,1.0,0.0
2025-03-26,1376.94,1391.79,1372.6,1380.98,325184,1.0,0.0
2025-03-27,1392.9,1433.68,1391.52,1423.62,447940,1.0,0.0
2025-03-28,1417.25,1426.86,1397.11,1408.55,404390,1.0,0.0
2025-03-31,1417.36,1450.0,1417.36,1432.58,505741,1.0,0.0
2025-04-01,1425.5,1436.895,1421.01,1431.8,370115,1.0,0.0
2025-04-02,1424.26,1438.43,1416.33,1417.01,398337,1.0,0.0
2025-04-03,1405.42,1458.37,1403.75,1441.89,536838,1.0,0.0
2025-04-04,1442.52,1453.58,1389.54,1389.87,1113989,1.0,0.0
2025-04-07,1368.93,1384.83,1321.62,1333.84,886091,1.0,0.0
2025-04-08,1350.14,1372.675,1301.82,1315.2,592955,1.0,0.0
2025-04-09,1307.31,1397.65,1306.77,1348.45,934557,1.0,0.0
2025-04-10,1341.11,1392.965,1331.07,1373.36,710796,1.0,0.0
2025-04-11,1373.36,1394.38,1357.4015,1389.79,374726,1.0,0.0
2025-04-14,1396.8,1421.345,1394.045,1414.2,447286,1.0,0.0
2025-04-15,1418.27,1428.71,1392.0,1397.93,362243,1.0,0.0
2025-04-16,1402.79,1408.55,1361.6,1364.36,397041,1.0,0.0
2025-04-17,1378.52,1398.77,1370.68,1390.9,429000,1.0,0.0
2025-04-21,1392.0,1396.805,1347.5156,1368.5,319466,1.0,0.0
2025-04-22,1377.03,1397.66,1374.11,1393.54,399996,1.0,0.0
2025-04-23,1401.08,1405.9,1371.98,1380.5,597426,1.0,0.0
2025-04-24,1358.88,1365.53,1333.14,1352.17,1108842,1.0,0.0
2025-04-25,1350.95,1359.44,1328.71,1347.0,532206,1.0,0.0
2025-04-28,1352.48,1373.1759,1352.48,1370.16,492900,1.0,0.0
2025-04-29,1362.22,1402.435,1362.22,1399.23,404987,1.0,0.0
2025-04-30,1395.67,1417.51,1384.0,1415.2,418675,1.0,0.0
2025-05-01,1405.0,1413.85,1387.0968,1407.68,351403,1.0,0.0
2025-05-02,1423.39,1438.27,1402.51,1406.36,285442,1.0,0.0
2025-05-05,1400.76,1404.21,1385.04,1387.14,335576,1.0,0.0
2025-05-06,1385.05,1392.08,1379.93,1386.64,378690,1.0,0.0
2025-05-07,1386.27,1395.82,1374.555,1378.09,338377,1.0,0.0
2025-05-08,1380.0,1385.48,1358.205,1360.15,297472,1.0,0.0
2025-05-09,1360.215,1365.02,1347.6,1359.34,271962,1.0,0.0
2025-05-12,1373.48,1373.48,1308.41,1339.61,573782,1.0,0.0
2025-05-13,1343.72,1344.77,1315.41,1320.8,695784,1.0,0.0
2025-05-14,1312.0,1331.63,1312.0,1325.73,423263,1.0,0.0
2025-05-15,1328.85,1370.13,1328.85,1370.13,446625,1.0,0.0
2025-05-16,1373.18,1382.44,1365.04,1381.66,322490,1.0,0.0
2025-05-19,1379.0,1396.7899,1378.78,1393.9,310212,1.0,0.0
2025-05-20,1384.99,1398.58,1384.7,1386.22,254001,1.0,0.0
2025-05-21,1375.6,1389.22,1364.87,1370.49,240109,1.0,0.0
2025-05-22,1379.49,1382.65,1356.49,1364.79,305583,1.0,0.0
2025-05-23,1360.87,1381.56,1358.62,1374.37,287391,1.0,0.0
2025-05-27,1375.0,1389.09,1356.02,1361.38,438046,1.0,0.0
2025-05-28,1361.0,1373.78,1356.4,1357.56,291486,1.0,0.0
2025-05-29,1356.18,1360.73,1343.975,1352.06,300209,1.0,0.0
2025-05-30,1355.16,1372.935,1352.905,1367.5,719290,1.0,0.0
2025-06-02,1357.15,1373.5099,1351.75,1370.68,584266,1.0,0.0
2025-06-03,1364.5,1378.09,1352.5,1372.07,464085,1.0,0.0
2025-06-04,1372.07,1378.5761,1347.51,1366.59,306301,1.0,0.0
2025-06-05,1362.94,1375.06,1358.86,1371.8,266024,1.0,0.0
2025-06-06,1378.78,1394.41,1367.375,1377.72,333777,1.0,0.0
2025-06-09,1375.0,1376.215,1332.3,1348.1,372411,1.0,0.0
2025-06-10,90.0,92.12,89.61,91.71,5190679,15.0,0.0
2025-06-11,91.71,91.8716,89.53,90.01,5804062,1.0,0.0
2025-06-12,90.05,91.34,90.0,91.05,4604028,1.0,0.0
2025-06-13,90.695,91.64,89.4,89.91,4020387,1.0,0.0
2025-06-16,89.91,90.2799,87.655,88.12,6005537,1.0,0.0
2025-06-17,87.91,89.58,87.7,88.8,5671857,1.0,0.0
2025-06-18,89.18,89.41,88.09,88.32,3862688,1.0,0.0
2025-06-20,88.92,89.83,88.37,89.69,9218846,1.0,0.0
2025-06-23,90.01,91.34,89.93,91.26,5008718,1.0,0.0
2025-06-24,90.92,91.3199,88.94,89.18,4188305,1.0,0.0
2025-06-25,89.18,89.36,87.46,87.84,4525350,1.0,0.0
2025-06-26,87.93,88.56,86.94,88.23,5528240,1.0,0.0
2025-06-27,88.18,89.76,87.82,89.16,5843825,1.0,0.0
2025-06-30,89.52,90.35,88.98,90.13,5368222,1.0,0.0
2025-07-01,90.26,91.77,90.17,90.5,4547105,1.0,0.0
2025-07-02,90.07,90.35,88.91,89.32,3868557,1.0,0.0
2025-07-03,89.35,91.49,89.15,91.33,3187218,1.0,0.0
2025-07-07,91.1,92.86,90.77,92.67,4637930,1.0,0.0
2025-07-08,92.15,92.82,90.94,91.64,4045944,1.0,0.0
2025-07-09,91.69,92.74,90.77,92.58,4129192,1.0,0.0
2025-07-10,92.21,93.5,92.21,92.38,4635470,1.0,0.0
2025-07-11,92.04,92.19,90.75,91.62,3870989,1.0,0.0
2025-07-14,91.91,93.52,91.67,93.12,4598481,1.0,0.0
2025-07-15,92.55,93.05,91.16,91.19,3825690,1.0,0.0
2025-07-16,91.795,92.04,90.38,91.24,4018574,1.0,0.0
2025-07-17,91.03,92.62,91.03,91.59,3826387,1.0,0.0
2025-07-18,92.195,93.13,91.965,92.34,4003391,1.0,0.0
2025-07-21,92.26,94.64,92.185,94.15,5306847,1.0,0.0
2025-07-22,93.935,95.58,93.76,95.35,5070320,1.0,0.0
2025-07-23,95.09,95.52,94.43,95.42,5144720,1.0,0.0
2025-07-24,95.78,100.1,95.33,98.16,8587195,1.0,0.0
2025-07-25,99.24,99.65,97.43,97.66,5514115,1.0,0.0
2025-07-28,97.65,98.44,97.08,97.33,3657812,1.0,0.0
2025-07-29,97.65,99.59,97.455,98.9,4922472,1.0,0.0
2025-07-30,99.01,100.6,98.81,99.38,5164975,1.0,0.0
2025-07-31,98.76,99.97,98.1,98.32,5581758,1.0,0.0
2025-08-01,99.1,99.795,97.88,99.12,4719271,1.0,0.0
2025-08-04,99.41,101.74,99.12,101.37,4339358,1.0,0.0
2025-08-05,101.39,102.48,101.16,102.23,4039066,1.0,0.0
2025-08-06,102.66,104.67,102.56,104.44,6061792,1.0,0.0
2025-08-07,104.83,104.86,102.92,103.47,5632707,1.0,0.0
2025-08-08,103.38,104.18,103.19,103.33,3677004,1.0,0.0
2025-08-11,103.36,103.7081,102.8,103.6,4004921,1.0,0.0
2025-08-12,103.25,103.49,101.415,101.89,4259072,1.0,0.0
2025-08-13,101.95,103.24,101.91,102.64,4102007,1.0,0.0
2025-08-14,102.94,103.3354,101.4,101.5,7244503,1.0,0.0
2025-08-15,101.86,101.91,100.84,101.54,4281308,1.0,0.0
2025-08-18,101.91,102.12,100.99,101.39,4170676,1.0,0.0
2025-08-19,101.56,103.1,101.41,103.06,4250099,1.0,0.0
2025-08-20,103.89,104.53,103.135,104.0,5341050,1.0,0.0
2025-08-21,103.71,104.5,102.84,102.87,4173782,1.0,0.0
2025-08-22,103.37,104.0,102.03,102.31,3483902,1.0,0.0
2025-08-25,102.32,102.8714,101.8075,102.47,3102470,1.0,0.0
2025-08-26,102.43,103.98,102.0,103.18,4899048,1.0,0.0
2025-08-27,103.525,104.135,103.0401,104.05,3139205,1.0,0.0
2025-08-28,103.83,104.12,103.2705,103.99,2961195,1.0,0.0
2025-08-29,104.19,104.415,103.35,103.68,2952723,1.0,0.0
2025-09-02,103.75,104.35,102.87,103.19,3698028,1.0,0.0
2025-09-03,103.12,103.95,102.95,103.84,3083900,1.0,0.0
2025-09-04,104.02,105.13,103.77,105.04,3597911,1.0,0.0
2025-09-05,105.315,105.315,103.595,104.84,4202700,1.0,0.0
2025-09-08,104.94,106.545,104.89,106.4,4361074,1.0,0.0
2025-09-09,105.74,107.08,105.02,106.92,3533874,1.0,0.0
2025-09-10,106.66,107.2,104.65,105.11,4999967,1.0,0.0
2025-09-11,105.66,108.07,105.51,107.82,5271967,1.0,0.0
2025-09-12,107.43,108.42,107.2,107.5,4783128,1.0,0.0
2025-09-15,107.33,107.9,105.68,106.295,6955948,1.0,0.0
2025-09-16,106.21,107.155,105.38,105.39,5495945,1.0,0.0
2025-09-17,105.45,106.08,103.74,104.55,6557564,1.0,0.0
2025-09-18,104.245,105.385,103.475,103.69,6214967,1.0,0.0
2025-09-19,104.06,104.37,103.23,103.93,10047748,1.0,0.0
2025-09-22,103.335,104.61,103.18,103.45,4971013,1.0,0.0
2025-09-23,102.87,104.13,100.95,103.73,5495176,1.0,0.0
2025-09-24,103.66,104.11,102.73,103.47,4982412,1.0,0.0
2025-09-25,104.03,105.12,103.39,104.58,4415720,1.0,0.0
2025-09-26,105.04,106.3,104.3,106.1,3454276,1.0,0.0
2025-09-29,106.24,107.71,105.88,107.55,4527189,1.0,0.0
2025-09-30,107.5,108.715,107.5,107.81,5027587,1.0,0.0
2025-10-01,107.64,107.96,105.57,105.68,4144055,1.0,0.0
2025-10-02,104.72,105.385,103.7784,104.97,3388765,1.0,0.0
2025-10-03,104.77,105.36,104.16,104.79,2715957,1.0,0.0
2025-10-06,104.91,105.23,102.53,103.3,4161291,1.0,0.0
2025-10-07,102.92,103.3,101.02,101.85,3967419,1.0,0.0
2025-10-08,101.75,101.75,100.665,100.76,3520296,1.0,0.0
2025-10-09,101.04,101.55,99.625,99.72,3832552,1.0,0.0
2025-10-10,99.92,102.64,99.68,102.15,5487685,1.0,0.0
2025-10-13,101.82,102.98,101.62,102.88,4088993,1.0,0.0
2025-10-14,103.14,104.06,102.305,103.05,4008615,1.0,0.0
2025-10-15,103.04,103.82,101.88,102.12,3958948,1.0,0.0
2025-10-16,102.18,102.7144,101.0,101.17,5148389,1.0,0.0
2025-10-17,101.42,101.701,100.5,101.6,4359165,1.0,0.0
2025-10-20,102.02,102.02,99.6,100.97,4888407,1.0,0.0
2025-10-21,100.95,101.56,100.48,101.31,5042465,1.0,0.0
2025-10-22,101.48,101.735,100.0764,101.21,4836218,1.0,0.0
2025-10-23,99.5,101.43,94.02,98.27,11597455,1.0,0.0
2025-10-24,99.47,99.49,97.175,97.27,5234692,1.0,0.0
2025-10-27,96.805,97.02,95.29,95.79,6512003,1.0,0.0
2025-10-28,95.67,97.92,95.62,96.3,5797583,1.0,0.0
2025-10-29,95.58,96.52,94.13,94.52,4976922,1.0,0.0
2025-10-30,95.47,96.37,94.5301,95.15,5747822,1.0,0.0
2025-10-31,94.51,95.62,94.255,94.44,5746672,1.0,0.0
2025-11-03,93.975,94.275,90.18,91.7,11118372,1.0,0.0
2025-11-04,92.055,93.91,91.65,93.83,6563909,1.0,0.0
2025-11-05,94.66,96.38,94.1,94.94,6895572,1.0,0.0
2025-11-06,94.55,95.76,93.66,95.0,4814604,1.0,0.0
2025-11-07,95.7,97.39,95.02,97.09,6079800,1.0,0.0
2025-11-10,96.24,98.42,95.68,98.1,5319851,1.0,0.0
2025-11-11,98.49,99.42,97.88,99.22,4152092,1.0,0.0
2025-11-12,98.78,99.13,98.0,98.09,3279692,1.0,0.0
2025-11-13,98.13,99.76,98.13,98.35,4446168,1.0,0.0
2025-11-14,99.6,100.0,98.03,98.8,3351735,1.0,0.0
2025-11-17,99.26,99.67,98.6,99.56,4777483,1.0,0.0
2025-11-18,99.68,100.0399,98.3,98.33,6109563,1.0,0.0
2025-11-19,98.32,99.435,97.87,98.7,3708472,1.0,0.0
2025-11-20,98.3,99.6,98.17,99.01,4411281,1.0,0.0
2025-11-21,99.09,101.36,98.95,100.43,6554545,1.0,0.0
2025-11-24,100.62,100.745,98.66,99.0,6226593,1.0,0.0
2025-11-25,99.68,101.58,99.33,101.38,4511709,1.0,0.0
2025-11-26,101.5,101.893,101.01,101.51,4032820,1.0,0.0
2025-11-28,100.96,101.79,100.75,101.7,3499185,1.0,0.0
2025-12-01,101.31,102.455,100.84,101.24,4590355,1.0,0.0
2025-12-02,101.39,101.5,98.93,99.84,4650812,1.0,0.0
2025-12-03,99.71,101.12,98.11,98.61,4432334,1.0,0.0
2025-12-04,99.1,99.995,98.776143,99.51,3949415,1.0,0.0
2025-12-05,99.56,99.85,97.95,98.89,4517341,1.0,0.0
2025-12-08,98.86,99.185,97.99,98.11,3919282,1.0,0.0
2025-12-09,97.805,98.13,93.16,94.25,8978010,1.0,0.0
2025-12-10,94.41,95.16,93.19,93.63,7453564,1.0,0.0
2025-12-11,94.22,94.835,93.74,93.96,4483822,1.0,0.0
2025-12-12,94.57,94.93,93.68,94.11,4246648,1.0,0.0
2025-12-15,94.18,95.71,93.26,95.14,6611846,1.0,0.0
2025-12-16,94.87,95.6,92.77,92.9,5661217,1.0,0.0
2025-12-17,92.35,93.635,92.21,92.85,6073169,1.0,0.0
2025-12-18,92.85,93.16,91.5,91.79,8208660,1.0,0.0
2025-12-19,91.845,92.14,90.63,91.0,15349940,1.0,0.0
2025-12-22,91.0,91.86,90.845,91.75,4135274,1.0,0.0
2025-12-23,91.86,92.295,91.505,92.07,5276771,1.0,0.0
2025-12-24,91.95,92.71,91.78,92.4,1995593,1.0,0.0
2025-12-26,92.23,92.67,91.92,92.25,2257205,1.0,0.0
2025-12-29,92.82,92.88,91.51,91.78,4027902,1.0,0.0
2025-12-30,91.51,91.755,91.06,91.47,3057719,1.0,0.0
2025-12-31,91.41,91.55,91.01,91.21,3844033,1.0,0.0
2026-01-02,90.74,91.025,89.97,90.34,4557301,1.0,0.0
2026-01-05,89.42,91.025,89.12,90.58,5382953,1.0,0.0
2026-01-06,90.14,90.57,89.2,90.39,9940691,1.0,0.0
2026-01-07,91.27,91.805,90.48,90.85,5354266,1.0,0.0
2026-01-08,90.82,92.425,90.53,91.63,6787984,1.0,0.0
2026-01-09,91.44,94.01,91.38,93.8,6722627,1.0,0.0
2026-01-12,94.055,96.0,93.92,95.6,7441893,1.0,0.0
2026-01-13,95.15,95.54,94.02,94.63,4966386,1.0,0.0
2026-01-14,94.49,95.33,94.07,95.02,4905906,1.0,0.0
2026-01-15,95.06,95.335,93.075,93.64,5915108,1.0,0.0
2026-01-16,93.47,94.82,92.735,94.7,6718646,1.0,0.0
2026-01-20,94.38,95.81,94.07,95.24,6125886,1.0,0.0
2026-01-21,95.16,98.97,94.945,98.78,7058775,1.0,0.0
2026-01-22,98.27,99.31,97.71,98.88,4924959,1.0,0.0
2026-01-23,98.725,99.63,98.61,99.23,6236269,1.0,0.0
2026-01-26,99.76,102.11,99.64,100.24,6418839,1.0,0.0
2026-01-27,100.24,101.2,100.0,100.62,4688399,1.0,0.0
2026-01-28,100.62,101.69,99.95,101.37,5550693,1.0,0.0
2026-01-29,101.38,102.0,98.46,98.85,4789351,1.0,0.0
2026-01-30,98.36,98.861,97.34,98.41,6262826,1.0,0.0
2026-02-02,98.54,98.73,96.68,98.01,5791674,1.0,0.0
2026-02-03,97.22,99.2,96.82,97.1,6570516,1.0,0.0
2026-02-04,97.68,99.055,96.62,96.74,10103468,1.0,0.0
2026-02-05,92.35,95.19,92.09,92.86,12163960,1.0,0.0
2026-02-06,92.12,94.3,91.1,94.22,10452891,1.0,0.0
2026-02-09,93.995,94.38,91.875,92.72,6279161,1.0,0.0
2026-02-10,92.09,93.94,91.0505,93.44,5182573,1.0,0.0
2026-02-11,93.46,94.33,92.82,94.11,6037984,1.0,0.0
2026-02-12,94.27,96.16,94.27,95.21,6145055,1.0,0.0
2026-02-13,95.49,97.35,94.92,96.66,5952842,1.0,0.0
2026-02-17,97.03,97.28,92.4201,92.6,5163623,1.0,0.0
2026-02-18,92.43,93.63,91.8529,92.75,4102786,1.0,0.0
2026-02-19,92.71,94.32,92.14,94.17,4742155,1.0,0.0
2026-02-20,93.685,95.09,92.33,93.5,5634724,1.0,0.0
2026-02-23,92.97,95.91,92.955,95.35,7827444,1.0,0.0
2026-02-24,95.08,95.99,93.82,94.33,3845162,1.0,0.0
2026-02-25,93.5,94.08,90.83,91.44,5987135,1.0,0.0
2026-02-26,91.77,91.99,90.68,91.33,9822857,1.0,0.0
2026-02-27,90.46,94.0,90.22,93.88,10004254,1.0,0.0
2026-03-02,93.99,95.1686,93.46,95.03,6444367,1.0,0.0
2026-03-03,93.91,94.72,92.55,93.87,5563063,1.0,0.0
2026-03-04,93.65,94.78,92.63,94.27,6029480,1.0,0.0
2026-03-05,93.63,94.82,93.0601,94.36,5328680,1.0,0.0
2026-03-06,94.71,95.56,93.48,94.6,5980024,1.0,0.0
2026-03-09,94.74,95.47,93.44,94.61,5922921,1.0,0.0
2026-03-10,94.4,95.61,93.9,94.71,3913549,1.0,0.0
2026-03-11,94.31,95.0,93.83,94.39,4479765,1.0,0.0
2026-03-12,94.25,95.63,92.56,92.98,5801384,1.0,0.0
2026-03-13,93.55,93.825,91.04,91.54,4899971,1.0,0.0
2026-03-16,91.4,92.07,89.8,90.46,6239126,1.0,0.0
2026-03-17,90.66,91.23,89.03,89.39,5506470,1.0,0.0
2026-03-18,88.5,88.69,87.09,87.72,5396498,1.0,0.0
2026-03-19,88.09,88.59,87.02,87.91,5131284,1.0,0.0
2026-03-20,87.645,88.7,86.77,87.3,10368483,1.0,0.0
2026-03-23,89.08,89.71,87.52,88.7,8481843,1.0,0.0
2026-03-24,88.24,88.95,87.72,87.99,5553289,1.0,0.0
2026-03-25,88.7,91.25,88.26,91.16,5630388,1.0,0.0
2026-03-26,91.53,92.98,91.25,92.27,5294865,1.0,0.0
2026-03-27,92.33,92.63,90.1,90.11,6364380,1.0,0.0
2026-03-30,89.91,92.63,89.9,92.11,6008365,1.0,0.0
2026-03-31,92.36,92.76,91.09,92.31,6814291,1.0,0.0
2026-04-01,92.48,93.23,91.67,92.1,5722258,1.0,0.0
2026-04-02,91.47,92.33,90.72,91.42,3696619,1.0,0.0
2026-04-06,90.5,92.37,90.29,92.13,3226691,1.0,0.0
2026-04-07,91.95,92.305,91.17,91.36,3430035,1.0,0.0
2026-04-08,91.36,93.08,91.36,93.06,4383855,1.0,0.0
2026-04-09,93.6,94.61,92.4466,94.4,6371224,1.0,0.0
2026-04-10,94.07,94.07,92.225,93.01,4399085,1.0,0.0
2026-04-13,93.13,94.07,92.525,94.01,3645269,1.0,0.0
2026-04-14,93.275,94.255,93.1,93.52,3902878,1.0,0.0
2026-04-15,93.36,93.88,92.63,93.6,4317088,1.0,0.0
2026-04-16,93.18,94.255,92.5,92.71,4107683,1.0,0.0
2026-04-17,93.03,94.34,92.66,93.71,5426311,1.0,0.0
2026-04-20,93.98,94.4,92.581,92.83,5220506,1.0,0.0
2026-04-21,92.62,93.84,92.04,93.81,4832282,1.0,0.0
2026-04-22,93.81,94.72,93.41,93.92,4237897,1.0,0.0
2026-04-23,93.43,94.25,92.22,93.24,4109824,1.0,0.0
2026-04-24,92.88,93.61,91.66,93.13,5220923,1.0,0.0
2026-04-27,93.37,93.96,91.91,91.97,4415187,1.0,0.0
2026-04-28,92.87,93.455,91.145,91.57,4658367,1.0,0.0
2026-04-29,90.3,91.7,90.24,91.69,5631468,1.0,0.0
2026-04-30,96.015,99.8,95.835,99.4,11141078,1.0,0.0
2026-05-01,100.0,100.625,95.62,96.67,7531927,1.0,0.0
2026-05-04,95.87,97.71,93.09,93.98,4705644,1.0,0.0
2026-05-05,93.78,95.6,93.78,95.0,4349792,1.0,0.0
2026-05-06,94.545,95.67,94.17,94.78,4026933,1.0,0.0
2026-05-07,94.74,95.23,94.0,94.58,4253096,1.0,0.0
2026-05-08,94.58,95.105,92.91,92.96,6340974,1.0,0.0
2026-05-11,92.33,92.43,90.31,91.35,8672902,1.0,0.0
2026-05-12,91.66,92.765,90.25,91.84,7239002,1.0,0.0
2026-05-13,91.12,92.17,88.82,89.7,6409695,1.0,0.0
2026-05-14,89.97,90.68,88.72,89.68,7053941,1.0,0.0
2026-05-15,90.375,90.6334,88.17,88.49,6309241,1.0,0.0
2026-05-18,88.82,91.81,88.65,91.74,6261778,1.0,0.0
2026-05-19,92.0,93.11,91.165,91.92,4813086,1.0,0.0
2026-05-20,91.55,93.03,90.8404,92.22,5235460,1.0,0.0
2026-05-21,91.675,93.77,91.28,92.34,4694962,1.0,0.0
2026-05-22,92.01,92.936,91.56,91.74,4453735,1.0,0.0
2026-05-26,89.71,90.8,86.8,89.87,9060377,1.0,0.0
2026-05-27,89.87,90.09,88.25,89.02,6740867,1.0,0.0
2026-05-28,89.09,89.65,88.05,89.23,6348177,1.0,0.0
2026-05-29,88.25,89.17,86.42,86.88,11503251,1.0,0.0
2026-06-01,86.375,87.65,85.45,86.64,5725840,1.0,0.0
2026-06-02,86.6,86.635,85.35,86.23,6850783,1.0,0.0
2026-06-03,85.63,87.94,85.48,87.38,7427032,1.0,0.0
2026-06-04,89.05,89.815,87.32,88.4,7533180,1.0,0.0
2026-06-05,89.26,90.57,88.83,90.33,11549763,1.0,0.0
2026-06-08,89.475,90.19,88.93,89.02,6905025,1.0,0.0
2026-06-09,88.76,90.475,88.3001,89.49,10797667,1.0,0.0
2026-06-10,90.38,91.315,89.67,90.46,5558499,1.0,0.0
2026-06-11,90.46,91.725,89.57,90.1,6660733,1.0,0.0
2026-06-12,90.1,91.27,88.48,91.02,6523317,1.0,0.0
2026-06-15,90.955,91.89,89.51,90.26,5940300,1.0,0.0
2026-06-16,90.79,91.26,89.78,90.68,4401659,1.0,0.0
2026-06-17,89.8,91.205,87.785,88.4,8141656,1.0,0.0
2026-06-18,88.17,89.34,86.285,86.84,15497283,1.0,0.0
