date,open,high,low,close,volume
2000-01-03,23.0,24.25,23.0,24.06,2123467
2000-01-04,23.5,24.13,23.5,23.88,1188800
2000-01-05,23.88,24.38,23.81,24.25,2337600
2000-01-06,24.25,25.94,24.19,25.75,4260267
2000-01-07,25.56,28.0,25.5,27.63,4216800
2000-01-10,28.0,28.75,27.13,27.25,2322400
2000-01-11,27.0,27.38,25.88,26.31,2539200
2000-01-12,26.38,26.75,25.88,26.31,2509600
2000-01-13,26.25,27.75,26.13,27.25,4522400
2000-01-14,26.75,27.13,25.75,27.0,1768267
2000-01-18,26.5,27.0,26.38,26.81,1072267
2000-01-19,26.44,27.0,25.38,25.88,706933
2000-01-20,25.94,26.94,24.88,26.5,1306667
2000-01-21,26.5,26.56,24.13,25.25,1831733
2000-01-24,25.13,25.19,23.63,24.06,1560800
2000-01-25,24.06,24.19,23.75,23.75,1450400
2000-01-26,24.0,24.25,23.69,23.94,1752800
2000-01-27,24.0,24.19,22.69,22.88,1058933
2000-01-28,22.88,24.75,22.5,23.38,2805867
2000-01-31,23.38,23.63,22.63,22.75,1287200
2000-02-01,22.75,23.0,22.31,22.69,1783733
2000-02-02,22.0,23.75,22.0,23.44,3321600
2000-02-03,22.75,23.38,22.75,22.94,2385067
2000-02-04,22.94,23.63,22.94,23.38,2604800
2000-02-07,23.0,23.31,22.31,22.81,1184533
2000-02-08,22.88,23.19,22.69,22.94,1928800
2000-02-09,22.81,23.25,22.31,22.38,2136800
2000-02-10,22.38,22.38,21.13,21.19,1322667
2000-02-11,21.38,21.5,20.63,20.88,1613867
2000-02-14,21.0,21.0,20.31,20.56,1304000
2000-02-15,20.81,20.88,20.44,20.69,1646400
2000-02-16,20.88,21.0,20.13,20.31,1051733
2000-02-17,20.13,20.38,20.06,20.25,1774133
2000-02-18,20.0,20.25,19.5,19.63,1725067
2000-02-22,19.63,20.06,19.31,19.75,1049867
2000-02-23,19.63,19.63,18.69,18.75,917867
2000-02-24,19.0,19.19,18.0,18.63,2058667
2000-02-25,18.38,18.63,18.0,18.06,1432000
2000-02-28,18.0,18.0,16.94,17.38,2662933
2000-02-29,17.38,18.0,17.25,17.5,3055467
2000-03-01,17.75,18.75,17.31,18.69,3275200
2000-03-02,19.0,19.88,19.0,19.56,1971200
2000-03-03,19.81,21.06,19.5,20.81,1803733
2000-03-06,20.56,20.56,19.56,19.69,950933
2000-03-07,19.75,20.19,19.56,20.0,1821600
2000-03-08,19.75,19.81,19.25,19.44,824800
2000-03-09,19.38,19.94,19.25,19.88,472800
2000-03-10,20.0,20.75,19.75,20.69,944000
2000-03-13,20.63,20.69,19.94,20.25,505067
2000-03-14,20.19,20.63,19.81,20.0,996267
2000-03-15,20.06,22.88,20.0,22.0,1258400
2000-03-16,21.88,24.5,21.81,23.88,2348000
2000-03-17,23.94,24.06,23.19,23.19,1146133
2000-03-20,23.0,23.31,21.75,22.63,751733
2000-03-21,22.63,23.31,22.44,22.94,879200
2000-03-22,22.5,22.94,21.63,22.0,1033600
2000-03-23,22.0,22.0,21.44,21.56,801600
2000-03-24,21.25,22.44,20.5,21.75,1560000
2000-03-27,22.0,22.25,21.06,21.31,700800
2000-03-28,21.44,22.5,21.38,21.88,953600
2000-03-29,22.75,22.88,22.31,22.56,1016533
2000-03-30,22.31,23.63,22.0,23.0,1464267
2000-03-31,24.0,24.38,23.0,23.0,2536800
2000-04-03,23.25,24.81,23.25,24.31,1676000
2000-04-04,24.0,24.88,23.5,23.75,2274133
2000-04-05,23.94,25.0,23.81,24.63,985600
2000-04-06,24.88,26.06,24.88,25.5,2929067
2000-04-07,25.44,25.5,24.5,24.75,1145867
2000-04-10,24.5,25.25,24.5,24.75,1574667
2000-04-11,24.75,25.75,24.75,25.5,1015467
2000-04-12,25.44,27.13,25.44,26.75,2859467
2000-04-13,26.5,26.63,25.38,25.94,1222400
2000-04-14,25.5,25.94,24.38,25.25,1647733
2000-04-17,25.5,25.63,24.38,25.13,920800
2000-04-18,25.13,25.5,24.81,25.38,1230933
2000-04-19,25.5,25.69,25.06,25.19,892000
2000-04-20,25.31,26.0,25.25,25.81,1096000
2000-04-24,25.25,25.75,25.13,25.75,513867
2000-04-25,26.0,26.56,25.75,26.19,921600
2000-04-26,26.38,26.38,25.88,26.13,1095733
2000-04-27,25.5,26.0,25.44,25.63,867733
2000-04-28,25.56,25.81,25.25,25.5,823200
2000-05-01,25.44,25.44,24.0,24.31,1602400
2000-05-02,24.75,25.44,22.88,24.63,3604267
2000-05-03,24.63,25.69,23.88,24.13,1816267
2000-05-04,24.13,24.31,22.88,23.38,2300800
2000-05-05,23.38,24.56,23.25,24.0,1197600
2000-05-08,24.0,24.5,22.94,24.06,912267
2000-05-09,24.75,24.75,23.5,24.19,981600
2000-05-10,24.31,24.44,23.5,23.75,1022400
2000-05-11,24.0,24.63,23.94,24.13,774667
2000-05-12,24.25,24.5,24.13,24.25,374133
2000-05-15,24.31,26.19,24.31,26.0,1649600
2000-05-16,25.88,25.94,24.97,25.0,881600
2000-05-17,25.25,25.5,24.88,25.13,1022667
2000-05-18,25.13,26.75,25.13,26.56,2774667
2000-05-19,26.56,26.56,25.5,25.69,1116000
2000-05-22,25.75,25.94,25.06,25.44,853333
2000-05-23,25.69,27.06,25.56,26.0,1682400
2000-05-24,26.25,26.81,26.0,26.44,1029600
2000-05-25,25.75,26.44,25.75,26.0,1552267
2000-05-26,26.25,27.0,26.13,26.81,1395467
2000-05-30,26.38,26.44,24.88,25.81,1115733
2000-05-31,25.81,26.25,25.81,26.13,1358667
2000-06-01,25.88,26.38,25.5,25.88,876000
2000-06-02,25.81,25.88,24.75,25.19,1478667
2000-06-05,25.13,26.19,24.94,26.0,1302667
2000-06-06,26.0,26.0,24.94,26.0,1443733
2000-06-07,26.06,26.06,24.75,25.94,1483467
2000-06-08,25.75,25.75,24.81,25.38,910667
2000-06-09,25.38,25.38,25.0,25.19,542667
2000-06-12,25.0,25.88,25.0,25.25,836267
2000-06-13,25.38,26.38,25.31,26.31,1922133
2000-06-14,26.19,27.31,26.06,27.0,2350400
2000-06-15,26.75,27.0,26.25,26.75,1551733
2000-06-16,26.63,26.81,26.56,26.69,768000
2000-06-19,26.75,27.38,26.44,26.63,1085067
2000-06-20,27.0,27.13,26.38,26.94,1425867
2000-06-21,26.94,26.94,26.38,26.5,981333
2000-06-22,26.44,27.19,26.44,26.81,1613333
2000-06-23,26.81,27.31,26.5,27.25,3845333
2000-06-26,27.25,28.63,27.25,28.25,2286667
2000-06-27,28.06,28.94,27.94,28.19,2948800
2000-06-28,28.19,28.19,27.5,27.77,1136533
2000-06-29,27.88,28.25,27.75,27.81,1937600
2000-06-30,28.25,28.25,26.98,27.0,1983467
2000-07-03,27.13,27.5,26.5,27.44,678400
2000-07-05,27.69,28.63,27.69,28.56,2041600
2000-07-06,28.63,28.63,27.94,28.13,1509333
2000-07-07,28.56,28.63,28.25,28.44,1552000
2000-07-10,28.38,28.56,28.0,28.06,1394400
2000-07-11,27.94,28.56,27.88,28.0,1476800
2000-07-12,27.94,28.25,27.94,28.06,937067
2000-07-13,28.19,28.19,26.5,26.81,1505600
2000-07-14,26.75,26.94,26.44,26.69,1583467
2000-07-17,26.88,28.25,26.56,27.75,1020267
2000-07-18,28.0,28.0,27.0,28.0,781333
2000-07-19,28.13,28.69,28.0,28.56,708000
2000-07-20,28.56,28.75,28.13,28.5,1334133
2000-07-21,28.0,28.25,27.63,28.13,660000
2000-07-24,28.38,28.69,27.13,27.44,713067
2000-07-25,27.5,28.19,27.5,28.13,2248800
2000-07-26,28.0,29.38,28.0,28.38,2968000
2000-07-27,29.0,30.25,28.63,28.81,2682400
2000-07-28,29.75,31.88,29.69,31.19,4704000
2000-07-31,31.13,31.25,30.38,30.44,2476267
2000-08-01,30.63,31.13,30.0,31.0,2797067
2000-08-02,31.13,31.5,31.0,31.38,2020267
2000-08-03,31.25,31.5,30.5,31.19,1630933
2000-08-04,31.38,31.5,30.69,31.5,1421600
2000-08-07,31.5,31.5,31.13,31.44,923200
2000-08-08,31.25,31.31,30.38,31.06,1489067
2000-08-09,31.06,31.69,31.0,31.44,2966667
2000-08-10,31.5,31.81,31.25,31.63,1088800
2000-08-11,31.63,32.13,31.56,32.13,1709867
2000-08-14,32.25,32.69,31.75,32.38,1819200
2000-08-15,32.13,32.19,30.0,30.25,1739200
2000-08-16,30.75,31.5,30.75,31.06,1302933
2000-08-17,30.88,30.94,29.63,30.88,1222133
2000-08-18,30.88,31.19,30.5,30.63,1329067
2000-08-21,30.69,30.69,29.19,29.56,1174133
2000-08-22,29.44,29.56,28.06,28.94,1591467
2000-08-23,28.81,30.0,28.81,29.81,2040267
2000-08-24,29.56,31.31,29.56,31.06,1874667
2000-08-25,31.06,31.06,30.13,30.69,954133
2000-08-28,30.88,31.31,30.81,31.0,1197600
2000-08-29,30.94,31.0,29.88,30.06,1080000
2000-08-30,30.06,30.56,29.88,30.31,1252267
2000-08-31,30.5,31.25,30.38,30.89,1658133
2000-09-01,31.5,31.94,30.56,31.0,766400
2000-09-05,31.0,31.5,30.88,31.31,653067
2000-09-06,31.38,31.94,31.25,31.94,1014400
2000-09-07,31.69,32.0,31.19,31.44,1097600
2000-09-08,31.38,31.75,31.25,31.5,844267
2000-09-11,31.75,31.81,31.5,31.63,948267
2000-09-12,32.5,34.75,32.44,34.31,4717867
2000-09-13,34.5,35.25,34.44,35.03,4205600
2000-09-14,35.0,35.0,33.0,34.19,1899200
2000-09-15,35.0,35.19,34.56,34.84,1405867
2000-09-18,35.0,35.25,34.69,34.88,2274667
2000-09-19,34.88,36.0,34.81,35.81,2522933
2000-09-20,35.88,36.0,35.0,35.63,1770400
2000-09-21,35.38,35.44,34.5,35.06,2512800
2000-09-22,35.06,35.69,34.88,35.0,2051200
2000-09-25,35.5,35.5,34.69,35.13,8340800
2000-09-26,35.25,35.94,35.13,35.56,2001333
2000-09-27,35.38,36.13,35.38,36.06,1950667
2000-09-28,36.44,36.44,35.5,35.63,2186667
2000-09-29,36.0,36.75,35.81,36.44,1472267
2000-10-02,36.44,38.25,35.88,38.06,2860533
2000-10-03,38.75,39.13,37.0,37.94,3672533
2000-10-04,38.75,38.75,37.56,37.75,3213600
2000-10-05,37.75,38.69,37.56,38.5,3445600
2000-10-06,38.5,39.38,37.75,37.88,3215200
2000-10-09,37.94,38.31,37.13,37.69,1097600
2000-10-10,37.69,39.0,37.63,38.44,2027467
2000-10-11,38.5,40.06,38.44,40.06,2704000
2000-10-12,40.06,40.06,36.75,38.06,2521867
2000-10-13,37.94,38.81,37.25,38.81,2184800
2000-10-16,38.69,39.75,38.38,38.81,2006667
2000-10-17,38.94,40.06,38.88,40.0,2407733
2000-10-18,40.38,40.5,37.69,38.25,3646667
2000-10-19,39.0,39.0,37.5,37.94,2294933
2000-10-20,37.81,38.38,37.56,38.31,1411467
2000-10-23,38.0,38.06,36.75,37.63,1235733
2000-10-24,37.5,38.63,37.5,37.94,896533
2000-10-25,37.88,39.63,37.5,39.25,1440800
2000-10-26,39.38,39.94,38.19,38.38,1867733
2000-10-27,37.75,39.0,37.38,37.69,1334667
2000-10-30,37.88,39.81,37.75,39.5,1307200
2000-10-31,39.38,39.88,37.5,39.31,1877867
2000-11-01,38.63,38.69,37.38,37.5,4631467
2000-11-02,37.5,37.81,36.25,36.75,2827733
2000-11-03,36.88,36.94,35.88,36.13,3032000
2000-11-06,35.94,37.44,35.5,37.25,2953333
2000-11-07,37.5,38.44,37.13,38.38,1274133
2000-11-08,38.88,39.5,38.5,38.69,1128533
2000-11-09,38.69,39.63,38.69,39.63,1326933
2000-11-10,39.88,40.19,39.81,39.88,2064800
2000-11-13,39.88,40.0,38.31,39.06,1466667
2000-11-14,39.06,39.56,37.44,39.44,1257067
2000-11-15,40.0,40.38,38.75,39.38,1681867
2000-11-16,39.75,41.0,39.63,40.88,2607733
2000-11-17,41.13,43.0,41.13,42.44,4048000
2000-11-20,41.88,41.94,40.63,40.88,2787200
2000-11-21,41.13,41.25,40.13,40.31,1408800
2000-11-22,40.25,40.75,39.56,39.81,947467
2000-11-24,40.38,40.63,39.88,40.25,328800
2000-11-27,41.0,41.25,39.69,39.94,1579467
2000-11-28,39.94,41.0,39.56,41.0,1170400
2000-11-29,41.0,42.06,40.88,42.06,1235467
2000-11-30,42.19,43.44,42.13,42.56,3778400
2000-12-01,42.75,43.0,40.75,41.25,1295200
2000-12-04,41.5,42.38,41.25,42.25,842400
2000-12-05,42.25,42.44,39.44,40.81,1316000
2000-12-06,40.94,40.94,39.81,39.81,1265867
2000-12-07,39.94,40.0,38.5,39.44,1213333
2000-12-08,39.69,39.75,38.13,38.69,1792267
2000-12-11,38.75,41.69,38.63,40.75,1728800
2000-12-12,40.0,40.13,39.31,39.5,1449600
2000-12-13,39.88,39.94,39.06,39.13,991467
2000-12-14,39.38,39.88,37.25,38.06,933067
2000-12-15,38.0,39.25,37.13,39.25,2268533
2000-12-18,40.75,41.5,39.94,40.94,1659733
2000-12-19,41.19,43.0,41.06,42.06,2849600
2000-12-20,42.63,43.25,42.19,43.06,1853333
2000-12-21,43.19,43.25,41.13,41.75,1602667
2000-12-22,42.5,42.88,40.75,40.94,1532000
2000-12-26,41.19,43.0,39.87,42.5,1985600
2000-12-27,43.0,43.94,42.31,43.31,1509867
2000-12-28,43.63,45.5,43.63,45.25,1973600
2000-12-29,45.38,45.75,44.19,44.44,1211200
2001-01-02,43.75,44.44,43.25,43.44,1995200
2001-01-03,43.13,44.19,40.75,41.44,3332800
2001-01-04,40.63,40.94,37.0,39.0,6237867
2001-01-05,40.0,41.63,39.5,41.31,4305867
2001-01-08,41.31,43.0,41.31,42.38,3404800
2001-01-09,42.25,43.38,42.25,43.06,3411467
2001-01-10,42.25,44.5,42.25,44.38,3079733
2001-01-11,44.13,44.19,43.5,43.5,3532267
2001-01-12,42.56,42.94,41.56,41.88,2704000
2001-01-16,42.5,42.88,41.44,42.81,1891733
2001-01-17,42.25,42.44,40.0,41.06,2784000
2001-01-18,41.0,41.13,40.5,40.5,2773333
2001-01-19,39.12,39.47,37.88,38.0,3687733
2001-01-22,38.88,42.63,38.75,40.81,2849867
2001-01-23,40.81,43.69,40.81,43.56,3375200
2001-01-24,43.56,43.56,42.69,43.0,2257600
2001-01-25,43.0,44.5,43.0,43.63,1671467
2001-01-26,43.63,44.66,43.19,43.44,2272800
2001-01-29,43.0,43.1,42.77,42.88,1732267
2001-01-30,42.75,43.45,42.51,42.6,1593867
2001-01-31,42.65,43.99,42.5,43.62,1759200
2001-02-01,43.95,44.2,42.35,44.1,1708267
2001-02-02,44.02,44.5,43.65,44.09,1773600
2001-02-05,44.0,45.41,43.89,44.27,2161867
2001-02-06,44.45,44.95,43.9,44.63,1407200
2001-02-07,44.75,45.6,44.0,45.15,1637600
2001-02-08,45.15,45.15,43.53,44.11,1160267
2001-02-09,43.85,44.2,42.74,43.52,1717333
2001-02-12,43.75,45.85,43.6,45.79,1653867
2001-02-13,45.79,46.25,45.5,45.61,1552533
2001-02-14,45.85,46.63,45.12,45.71,2122133
2001-02-15,45.71,45.71,44.99,45.46,1646667
2001-02-16,45.5,45.95,45.05,45.4,1455733
2001-02-20,45.3,46.0,45.17,45.25,1865600
2001-02-21,46.7,46.75,45.53,45.6,1525067
2001-02-22,45.6,45.96,45.3,45.7,1507200
2001-02-23,45.75,45.93,45.25,45.91,1663733
2001-02-26,45.91,47.0,43.99,44.35,4078133
2001-02-27,44.88,46.65,44.81,46.08,2061600
2001-02-28,46.16,46.66,45.62,46.13,1209867
2001-03-01,46.25,46.4,44.5,45.5,2897867
2001-03-02,45.7,45.97,45.12,45.5,3726667
2001-03-05,46.0,46.0,45.05,45.2,1428533
2001-03-06,45.2,45.62,44.82,44.95,1968267
2001-03-07,44.96,45.16,44.0,44.81,1642133
2001-03-08,44.81,44.87,43.95,44.15,1612267
2001-03-09,44.05,44.05,43.05,43.49,1065333
2001-03-12,43.2,43.23,42.2,42.2,706667
2001-03-13,41.4,41.9,39.9,41.49,1591467
2001-03-14,40.0,40.96,39.91,40.55,1727733
2001-03-15,40.55,40.55,39.78,40.09,1092000
2001-03-16,39.0,40.62,39.0,40.33,2211733
2001-03-19,40.55,41.12,39.7,40.94,1399733
2001-03-20,41.1,41.89,40.56,41.01,1512000
2001-03-21,41.35,41.55,40.92,41.12,1801067
2001-03-22,41.0,41.08,38.0,39.5,1839200
2001-03-23,40.25,41.55,40.1,41.34,1508533
2001-03-26,42.75,43.25,42.55,42.7,1002667
2001-03-27,42.55,42.56,40.1,41.05,2336800
2001-03-28,40.95,41.59,40.8,41.25,1510133
2001-03-29,42.0,44.5,42.0,44.13,1847733
2001-03-30,43.93,44.38,43.13,44.0,1526933
2001-04-02,44.0,44.49,42.97,44.0,1392267
2001-04-03,44.0,44.25,43.3,44.0,2293333
2001-04-04,44.07,46.55,44.0,46.12,4228533
2001-04-05,46.95,47.23,45.86,46.3,2988000
2001-04-06,46.3,46.35,45.53,46.0,1869600
2001-04-09,46.0,46.05,44.6,45.0,2260267
2001-04-10,44.87,45.55,44.5,45.55,2119467
2001-04-11,45.55,45.75,44.77,45.06,1673600
2001-04-12,45.15,45.97,45.1,45.56,851467
2001-04-16,45.8,47.08,45.8,46.95,1654400
2001-04-17,46.75,47.75,46.65,46.98,1182667
2001-04-18,46.99,47.0,43.54,45.15,4836800
2001-04-19,45.0,45.2,42.14,42.93,2886400
2001-04-20,42.4,42.85,40.59,42.54,3961067
2001-04-23,42.53,43.24,42.4,42.7,1608533
2001-04-24,42.89,44.12,42.82,43.47,1317067
2001-04-25,43.35,45.15,43.32,44.0,1773600
2001-04-26,43.95,45.15,43.55,44.14,1263200
2001-04-27,44.0,44.7,43.98,44.42,922667
2001-04-30,44.55,45.09,44.25,44.64,1287733
2001-05-01,44.54,46.0,43.61,46.0,1862667
2001-05-02,45.4,45.4,43.96,44.67,2280000
2001-05-03,44.82,45.44,43.55,44.47,1026933
2001-05-04,44.37,44.72,43.65,44.65,624800
2001-05-07,44.66,44.9,43.07,43.75,1137333
2001-05-08,44.0,44.07,42.56,43.05,3313867
2001-05-09,43.05,43.1,42.45,43.01,1316533
2001-05-10,43.1,43.1,42.18,42.85,1832533
2001-05-11,43.05,43.78,42.7,42.96,1062667
2001-05-14,43.25,43.52,42.84,43.15,736800
2001-05-15,43.18,44.0,43.05,43.79,1117600
2001-05-16,43.79,46.25,43.68,45.41,2241600
2001-05-17,45.41,45.45,44.68,45.21,1796267
2001-05-18,45.22,45.48,44.6,44.98,2180000
2001-05-21,44.98,45.13,43.75,43.75,1071200
2001-05-22,43.4,43.79,42.57,43.48,2062400
2001-05-23,42.75,43.61,42.45,42.99,1983467
2001-05-24,43.6,44.54,43.47,44.47,1401067
2001-05-25,44.65,44.98,44.55,44.68,652267
2001-05-29,44.74,45.26,43.94,45.26,1199200
2001-05-30,45.26,46.0,44.9,45.71,1259200
2001-05-31,45.85,46.0,45.18,45.49,1313867
2001-06-01,45.49,45.5,44.73,45.42,807200
2001-06-04,45.5,46.77,45.5,46.55,2221867
2001-06-05,46.56,47.49,46.21,47.33,1428800
2001-06-06,46.8,48.5,46.76,48.5,1879467
2001-06-07,48.5,48.95,47.85,48.28,1338400
2001-06-08,48.27,48.85,48.27,48.73,921333
2001-06-11,48.35,48.38,47.56,47.62,1361867
2001-06-12,48.25,49.84,48.07,49.82,2878400
2001-06-13,49.76,49.9,49.24,49.49,1341867
2001-06-14,49.5,49.95,49.08,49.95,2997867
2001-06-15,49.45,51.38,49.34,51.09,3469867
2001-06-18,50.7,51.25,49.9,51.1,1842400
2001-06-19,51.3,51.5,50.12,50.84,1804267
2001-06-20,50.85,52.0,50.85,51.83,1300267
2001-06-21,51.6,52.23,51.25,51.55,1106667
2001-06-22,51.55,51.55,50.42,50.97,770133
2001-06-25,50.87,51.02,49.9,50.6,1307467
2001-06-26,49.8,50.44,49.8,50.2,1906933
2001-06-27,50.3,51.19,50.2,50.9,1018400
2001-06-28,50.9,51.7,50.9,51.36,1925600
2001-06-29,51.56,51.6,51.0,51.6,1896267
2001-07-02,51.59,51.59,50.55,50.7,1383200
2001-07-03,50.77,50.85,50.4,50.68,778667
2001-07-05,50.68,50.86,50.0,50.0,1456533
2001-07-06,50.1,50.21,49.91,50.0,1296267
2001-07-09,50.25,50.43,50.03,50.15,2394667
2001-07-10,51.5,51.9,51.2,51.75,2497867
2001-07-11,53.0,55.0,52.73,54.99,5550400
2001-07-12,55.95,56.0,53.9,53.96,5672000
2001-07-13,53.9,54.36,53.53,53.55,2758400
2001-07-16,53.7,54.25,53.61,54.2,2457600
2001-07-17,54.35,54.86,54.28,54.7,2453867
2001-07-18,54.8,57.0,54.8,55.75,3567200
2001-07-19,56.0,56.49,54.59,54.78,1918667
2001-07-20,54.78,55.8,54.4,54.85,1901600
2001-07-23,55.75,55.76,55.12,55.12,1881600
2001-07-24,54.92,55.57,53.66,53.96,1449067
2001-07-25,54.0,54.95,53.3,54.45,1876000
2001-07-26,54.69,55.5,54.6,55.3,1361600
2001-07-27,55.4,55.48,53.95,54.6,1255467
2001-07-30,53.95,54.34,53.25,54.09,2445067
2001-07-31,54.33,55.99,54.16,55.51,1808800
2001-08-01,55.7,55.99,55.16,55.55,1576000
2001-08-02,55.58,55.65,52.49,54.25,4525067
2001-08-03,54.3,54.48,53.93,54.1,1276800
2001-08-06,54.1,54.52,54.02,54.14,895467
2001-08-07,54.2,55.16,54.2,54.74,765067
2001-08-08,54.64,55.0,54.1,54.15,841867
2001-08-09,54.15,54.75,54.0,54.32,811200
2001-08-10,54.65,55.53,54.55,55.4,1549067
2001-08-13,55.6,55.99,55.35,55.35,1282933
2001-08-14,55.55,55.68,55.01,55.52,821867
2001-08-15,55.52,55.98,55.35,55.35,761067
2001-08-16,55.15,55.91,55.15,55.65,920000
2001-08-17,55.45,55.49,54.1,54.38,1505067
2001-08-20,54.38,55.28,54.35,55.27,2167200
2001-08-21,55.2,55.97,55.12,55.89,1202667
2001-08-22,56.0,57.43,56.0,57.29,3166667
2001-08-23,57.22,58.5,57.12,57.68,2151733
2001-08-24,57.9,57.91,57.0,57.5,3141333
2001-08-27,57.4,58.89,57.0,57.05,1252000
2001-08-28,57.05,57.2,56.32,56.57,1128000
2001-08-29,56.7,56.75,55.84,56.19,1390400
2001-08-30,57.9,57.9,56.12,56.94,1322400
2001-08-31,56.9,57.2,55.39,55.42,1546400
2001-09-04,56.0,57.82,56.0,57.28,1698400
2001-09-05,57.5,58.8,57.24,58.39,2031200
2001-09-06,58.39,59.5,57.81,58.64,1848000
2001-09-07,58.35,58.38,57.71,57.75,1997600
2001-09-10,57.6,58.7,56.6,56.77,2968800
2001-09-17,55.9,55.91,53.66,54.9,3300000
2001-09-18,55.05,55.8,54.68,55.0,2842933
2001-09-19,55.89,55.89,53.7,54.5,3240267
2001-09-20,56.3,56.3,55.1,56.0,4336267
2001-09-21,55.94,55.94,52.5,54.28,4243200
2001-09-24,55.1,55.1,53.9,54.87,2636533
2001-09-25,54.85,57.15,54.85,57.14,3308000
2001-09-26,58.6,58.6,57.17,58.57,1946133
2001-09-27,58.58,60.0,58.5,60.0,1509600
2001-09-28,60.0,60.85,57.71,59.65,2956800
2001-10-01,59.7,59.93,58.65,59.23,1736267
2001-10-02,59.6,59.95,58.33,59.1,1823200
2001-10-03,61.1,61.1,57.91,58.4,4582667
2001-10-04,60.4,60.4,59.05,60.22,3004000
2001-10-05,61.0,61.0,59.85,61.0,2073333
2001-10-08,61.49,61.49,59.65,60.65,1576267
2001-10-09,60.5,60.5,59.4,59.88,1737333
2001-10-10,60.25,61.7,60.25,61.25,1567467
2001-10-11,61.0,61.24,59.25,59.56,3334133
2001-10-12,59.55,59.72,58.98,59.7,2134133
2001-10-15,59.3,62.29,59.15,62.2,1617067
2001-10-16,61.75,62.6,61.0,61.39,2075733
2001-10-17,61.39,62.22,61.03,61.45,3304000
2001-10-18,61.35,61.85,59.3,60.89,1325067
2001-10-19,60.55,61.89,60.35,61.0,1130400
2001-10-22,60.65,62.78,60.65,62.23,943200
2001-10-23,62.4,62.7,60.2,60.8,1717333
2001-10-24,60.58,60.58,58.4,58.79,5617867
2001-10-25,58.7,58.8,57.49,58.5,4898400
2001-10-26,58.1,58.15,57.1,58.08,2696000
2001-10-29,58.2,59.35,58.0,59.04,1541333
2001-10-30,59.5,59.5,58.3,58.98,1547200
2001-10-31,59.05,59.05,57.14,57.52,2372533
2001-11-01,57.75,57.95,56.9,57.42,1192533
2001-11-02,57.41,57.65,56.42,56.68,2109067
2001-11-05,56.98,57.0,55.96,56.2,2828533
2001-11-06,56.35,57.8,56.35,57.2,1894133
2001-11-07,57.25,57.25,55.48,55.92,1838133
2001-11-08,55.92,55.92,53.7,54.1,5427733
2001-11-09,54.2,55.35,54.12,55.13,2052533
2001-11-12,55.3,57.0,54.85,56.33,1926133
2001-11-13,56.35,57.6,56.15,56.95,1713867
2001-11-14,58.15,58.75,57.5,57.6,2565333
2001-11-15,57.6,58.5,57.6,57.95,1610933
2001-11-16,58.0,58.6,57.75,58.1,1456000
2001-11-19,58.05,58.8,57.45,58.77,2278400
2001-11-20,58.67,61.21,58.67,60.4,2741067
2001-11-21,60.45,60.45,59.4,60.06,1269333
2001-11-23,60.68,60.68,60.09,60.34,471200
2001-11-26,60.65,60.7,59.4,59.93,1346667
2001-11-27,59.93,59.94,58.45,58.88,1564800
2001-11-28,59.37,59.37,58.5,58.7,956800
2001-11-29,58.9,59.5,58.4,59.4,1222667
2001-11-30,59.55,60.1,59.54,60.0,1182667
2001-12-03,60.15,60.15,59.65,60.11,1252267
2001-12-04,60.09,60.98,60.09,60.62,844000
2001-12-05,60.6,61.0,60.49,60.7,1712800
2001-12-06,60.98,60.98,59.7,60.05,1266400
2001-12-07,60.4,60.4,59.2,59.85,757600
2001-12-10,59.8,60.1,58.8,59.07,1008533
2001-12-11,59.1,60.5,58.45,59.95,1515733
2001-12-12,59.86,60.5,58.8,59.47,1146400
2001-12-13,59.3,60.25,59.0,59.7,1168800
2001-12-14,59.15,60.95,58.3,60.85,1705867
2001-12-17,60.35,60.7,59.56,59.79,1401600
2001-12-18,59.72,60.25,59.2,59.54,2124000
2001-12-19,59.9,59.93,58.1,58.33,2432533
2001-12-20,58.55,59.15,58.3,58.5,2809333
2001-12-21,58.5,58.99,57.3,57.42,1709867
2001-12-24,57.82,58.44,57.82,58.3,561867
2001-12-26,58.5,58.55,57.94,57.94,1174133
2001-12-27,58.0,58.79,57.91,58.5,1558667
2001-12-28,59.0,59.5,58.5,58.64,1217067
2001-12-31,58.8,59.15,58.69,58.72,2425600
2002-01-02,58.9,59.4,57.64,59.4,2075467
2002-01-03,60.0,60.0,59.0,60.0,2801867
2002-01-04,62.8,62.8,61.5,62.0,5526133
2002-01-07,62.0,63.0,62.0,62.5,1935200
2002-01-08,62.55,62.68,61.27,61.93,1121867
2002-01-09,62.15,62.85,61.8,62.1,1762400
2002-01-10,62.3,62.99,62.26,62.6,1461333
2002-01-11,62.8,63.98,62.71,63.15,1879467
2002-01-14,63.3,65.23,63.28,64.77,2338133
2002-01-15,65.0,65.4,64.42,65.22,1830667
2002-01-16,64.74,66.4,64.74,65.61,1791467
2002-01-17,65.4,65.4,64.15,64.33,1605600
2002-01-18,63.99,65.55,63.93,64.5,2684533
2002-01-22,64.6,65.02,64.46,64.8,1403200
2002-01-23,64.6,64.6,63.05,63.6,2043200
2002-01-24,63.3,64.5,63.2,63.66,2180533
2002-01-25,63.8,64.03,62.75,62.77,1640267
2002-01-28,62.75,62.76,61.8,62.6,2319467
2002-01-29,62.6,62.64,61.8,61.91,1071467
2002-01-30,62.0,62.94,61.61,62.8,1213600
2002-01-31,63.55,63.8,63.4,63.79,1505867
2002-02-01,64.4,64.4,63.2,63.31,857867
2002-02-04,63.5,63.65,62.6,62.99,925067
2002-02-05,63.45,65.15,63.44,64.85,2002667
2002-02-06,64.8,66.0,64.45,65.35,2261067
2002-02-07,65.35,65.52,64.85,65.25,1172533
2002-02-08,65.25,65.5,64.35,65.2,1026667
2002-02-11,65.2,65.4,62.1,63.8,4811467
2002-02-12,63.68,64.6,63.26,64.44,1888533
2002-02-13,64.65,64.82,63.21,63.74,1102667
2002-02-14,63.4,63.4,60.32,62.05,9255467
2002-02-15,61.95,61.95,59.8,60.5,3016533
2002-02-19,60.5,60.5,58.9,60.0,3084800
2002-02-20,60.31,60.31,59.1,60.12,2294400
2002-02-21,60.28,62.37,60.28,61.8,1883733
2002-02-22,61.7,62.06,61.21,61.76,1581067
2002-02-25,62.1,62.35,61.67,61.91,1257600
2002-02-26,61.85,61.86,59.75,60.0,3157067
2002-02-27,60.0,60.01,58.4,59.3,4956800
2002-02-28,59.0,59.46,56.7,57.75,3536267
2002-03-01,58.65,58.65,57.85,58.15,3385867
2002-03-04,58.35,58.4,56.5,56.65,3284267
2002-03-05,57.0,60.1,56.9,58.84,3728800
2002-03-06,58.95,59.0,58.3,58.79,2210400
2002-03-07,58.9,60.09,58.35,59.62,1900800
2002-03-08,59.62,60.5,59.3,60.31,2729067
2002-03-11,60.9,61.4,60.65,61.0,1855733
2002-03-12,61.47,61.47,59.6,61.3,2152267
2002-03-13,61.5,63.65,61.45,63.44,2182400
2002-03-14,63.69,63.69,62.45,62.75,1901067
2002-03-15,62.8,64.5,62.77,63.98,1879733
2002-03-18,63.9,64.04,62.66,63.39,1581600
2002-03-19,63.0,63.27,62.01,62.83,2197867
2002-03-20,62.85,64.21,62.81,64.12,1123200
2002-03-21,65.1,65.1,63.8,64.97,1358667
2002-03-22,65.05,65.05,64.3,64.69,1787200
2002-03-25,64.67,65.36,64.55,65.2,1280267
2002-03-26,65.1,65.59,64.75,65.53,1322133
2002-03-27,66.75,66.75,65.25,66.41,1502400
2002-03-28,66.65,67.65,66.65,67.02,1283200
2002-04-01,67.99,67.99,67.02,67.36,1964267
2002-04-02,67.5,68.6,67.5,68.25,3461600
2002-04-03,68.0,68.3,66.76,67.4,2366667
2002-04-04,66.4,67.7,65.9,67.4,2285600
2002-04-05,67.3,68.27,67.2,68.06,1432267
2002-04-08,68.0,69.48,67.91,69.32,1663733
2002-04-09,69.2,70.26,69.16,70.05,2689600
2002-04-10,70.0,70.99,69.8,70.91,1749067
2002-04-11,70.75,71.85,70.7,71.24,1731467
2002-04-12,71.26,71.35,69.95,70.0,2384000
2002-04-15,70.0,70.01,69.13,69.7,994667
2002-04-16,69.9,70.43,69.24,69.95,1656267
2002-04-17,70.0,71.4,69.96,70.96,830667
2002-04-18,70.97,72.45,70.97,72.11,1932000
2002-04-19,72.3,74.22,71.8,74.11,1872000
2002-04-22,74.0,74.49,72.69,73.11,1860000
2002-04-23,73.12,73.2,70.8,72.86,1796800
2002-04-24,72.86,73.4,72.6,72.95,1748000
2002-04-25,72.95,73.9,72.8,73.87,2247200
2002-04-26,74.05,74.72,73.85,74.48,1368800
2002-04-29,74.42,74.42,71.0,71.7,1750133
2002-04-30,71.8,73.54,71.68,73.37,1227467
2002-05-01,73.72,74.17,72.65,73.66,1380800
2002-05-02,73.75,73.85,72.2,73.35,1090400
2002-05-03,74.0,74.5,73.14,73.6,1233867
2002-05-06,73.85,75.4,73.85,74.78,1384267
2002-05-07,75.45,75.45,72.92,73.52,1823200
2002-05-08,73.5,74.2,71.85,74.11,1989333
2002-05-09,73.5,74.55,72.45,72.65,1073600
2002-05-10,72.0,72.65,70.7,71.5,1662667
2002-05-13,71.5,71.5,70.05,70.52,1186667
2002-05-14,70.75,71.9,69.52,71.53,2773867
2002-05-15,71.75,72.39,70.1,71.35,1956000
2002-05-16,71.45,71.95,70.85,71.8,1305333
2002-05-17,71.9,72.99,71.48,72.6,1729600
2002-05-20,72.3,72.31,70.4,71.0,1522933
2002-05-21,71.25,72.3,70.95,71.4,1080533
2002-05-22,71.1,71.7,70.46,70.56,1184800
2002-05-23,71.0,71.6,70.4,71.32,1041867
2002-05-24,71.1,71.15,70.44,70.58,1137600
2002-05-28,70.7,72.1,70.55,72.03,915733
2002-05-29,72.55,73.4,72.35,72.98,1890667
2002-05-30,72.97,74.5,72.96,74.2,2532800
2002-05-31,74.14,74.79,73.38,74.5,1735733
2002-06-03,74.75,74.99,73.9,74.01,1215200
2002-06-04,74.15,74.2,71.51,71.51,1789067
2002-06-05,72.45,73.8,71.83,73.36,2045067
2002-06-06,74.05,74.15,72.65,73.3,1234400
2002-06-07,73.7,75.5,73.7,74.82,2539467
2002-06-10,75.45,76.5,75.25,76.09,1940800
2002-06-11,77.1,78.0,76.13,76.2,3180267
2002-06-12,76.3,76.7,75.7,76.1,2140533
2002-06-13,76.1,76.86,75.69,76.14,1221600
2002-06-14,76.14,76.14,74.46,74.91,1803733
2002-06-17,75.2,75.3,74.4,74.7,2020800
2002-06-18,75.0,77.15,74.95,76.54,1118933
2002-06-19,76.55,78.2,76.54,78.1,1553067
2002-06-20,77.65,77.89,74.7,75.4,2018400
2002-06-21,74.1,75.39,74.1,74.75,3117333
2002-06-24,74.7,74.82,71.12,71.4,3000800
2002-06-25,71.5,71.95,70.5,71.01,2873600
2002-06-26,71.0,73.24,70.22,71.85,2110667
2002-06-27,72.35,73.7,71.4,72.5,2127467
2002-06-28,72.5,73.65,71.35,71.55,3716000
2002-07-01,48.4,48.7,46.75,47.4,1678933
2002-07-02,47.4,47.4,44.7,46.6,3840000
2002-07-03,46.6,47.73,46.5,47.6,2135600
2002-07-05,48.6,49.1,47.61,48.69,922800
2002-07-08,48.9,49.74,48.0,48.23,2511200
2002-07-09,48.62,49.07,47.15,47.48,2398800
2002-07-10,47.48,47.78,45.25,45.76,3722400
2002-07-11,45.81,48.5,45.05,48.2,7477600
2002-07-12,48.0,49.55,47.98,48.65,4536000
2002-07-15,48.85,48.9,46.48,47.9,3186800
2002-07-16,47.7,47.74,46.15,46.24,2541600
2002-07-17,47.35,48.7,46.96,47.5,3320800
2002-07-18,48.0,49.37,46.68,46.93,3508800
2002-07-19,46.6,46.69,45.49,45.7,3185600
2002-07-22,45.7,45.75,41.1,41.44,5945200
2002-07-23,41.51,42.9,41.25,41.66,4248000
2002-07-24,41.15,45.65,41.15,44.25,4508400
2002-07-25,44.25,45.91,43.99,45.14,3759600
2002-07-26,44.8,45.4,43.53,44.75,3170400
2002-07-29,44.35,45.35,43.61,44.9,4273200
2002-07-30,44.9,46.23,44.01,44.61,4119200
2002-07-31,45.25,47.92,45.23,47.65,3680000
2002-08-01,48.0,48.06,47.01,47.68,2903600
2002-08-02,47.85,48.48,47.32,47.87,2647200
2002-08-05,48.6,48.9,47.74,47.84,2634800
2002-08-06,48.15,49.0,47.75,48.0,2836400
2002-08-07,48.2,48.75,47.35,48.35,2322000
2002-08-08,48.95,49.88,48.6,49.75,3283200
2002-08-09,48.6,49.5,47.4,47.75,3582400
2002-08-12,46.9,47.17,46.08,46.33,3150800
2002-08-13,46.35,47.0,45.83,45.83,2109200
2002-08-14,46.6,47.76,45.35,47.7,1981200
2002-08-15,47.78,48.57,47.15,47.85,3042000
2002-08-16,47.6,48.2,47.11,47.92,1316400
2002-08-19,48.15,48.69,47.91,48.55,1467200
2002-08-20,48.3,48.47,47.44,47.56,2600400
2002-08-21,48.05,48.55,47.89,48.45,1732800
2002-08-22,48.4,49.0,48.35,48.75,2011600
2002-08-23,48.5,48.67,47.75,47.79,1353600
2002-08-26,47.9,48.58,47.5,48.27,1478400
2002-08-27,48.13,48.2,46.62,47.37,2986000
2002-08-28,47.35,47.85,46.42,46.71,1390800
2002-08-29,46.4,47.32,46.4,46.86,1498000
2002-08-30,46.85,48.34,46.58,47.17,1096000
2002-09-03,46.85,46.95,45.26,45.45,2486400
2002-09-04,45.7,46.15,44.8,45.7,2546400
2002-09-05,45.2,46.88,45.2,46.75,2060800
2002-09-06,47.0,47.65,46.85,47.23,1935600
2002-09-09,47.73,48.2,47.57,48.11,1899200
2002-09-10,48.43,48.6,47.96,48.35,1501600
2002-09-11,49.75,49.8,49.25,49.63,2316400
2002-09-12,49.7,50.75,49.26,50.25,3132800
2002-09-13,50.0,51.18,49.7,51.18,2174400
2002-09-16,51.18,51.79,50.75,51.6,2214400
2002-09-17,51.9,51.92,49.9,50.2,2922800
2002-09-18,50.1,50.5,49.5,49.73,2094000
2002-09-19,49.41,50.0,48.6,48.63,1534400
2002-09-20,48.7,49.05,48.3,48.55,2229200
2002-09-23,48.25,49.24,47.5,47.85,2186800
2002-09-24,48.4,48.4,47.1,47.44,3038000
2002-09-25,48.1,48.15,47.17,48.0,3265600
2002-09-26,48.55,49.25,47.98,49.1,2691200
2002-09-27,49.1,50.4,48.85,49.55,1889200
2002-09-30,49.55,49.9,48.4,49.5,2426000
2002-10-01,49.75,50.12,49.1,50.1,2373200
2002-10-02,51.0,51.9,50.5,51.55,3568400
2002-10-03,52.0,52.5,51.75,52.2,4084800
2002-10-04,51.35,52.0,50.31,50.54,4044000
2002-10-07,50.95,51.56,50.76,50.84,3211600
2002-10-08,50.84,51.05,50.2,50.52,2457600
2002-10-09,50.35,51.4,50.03,50.3,2559600
2002-10-10,50.65,50.95,49.5,49.6,3103200
2002-10-11,49.61,49.95,49.0,49.4,4021200
2002-10-14,48.0,49.6,48.0,49.01,2466000
2002-10-15,49.65,50.96,49.0,50.4,3824000
2002-10-16,50.41,51.13,50.24,50.56,3221200
2002-10-17,51.25,51.47,47.7,48.85,4835200
2002-10-18,48.85,50.45,48.82,50.03,3092400
2002-10-21,50.03,50.8,48.99,50.55,3022800
2002-10-22,50.65,50.85,49.35,49.93,2807600
2002-10-23,49.65,50.69,48.85,50.55,2258800
2002-10-24,50.42,50.43,48.3,48.54,2416800
2002-10-25,48.01,49.46,47.8,49.31,2017200
2002-10-28,47.05,47.05,42.18,42.5,19593600
2002-10-29,43.04,43.49,39.25,39.25,22582000
2002-10-30,39.55,41.2,38.64,38.97,15410800
2002-10-31,39.0,39.35,27.0,28.75,45192800
2002-11-01,29.51,29.51,23.01,26.5,80896000
2002-11-04,29.2,29.5,26.8,27.0,27744000
2002-11-05,25.6,27.45,23.7,26.22,31635600
2002-11-06,25.0,27.47,24.25,26.28,19075200
2002-11-07,26.45,28.2,26.4,27.95,21548400
2002-11-08,16.65,17.7,14.48,14.9,115424000
2002-11-11,14.5,15.19,13.7,14.0,28010000
2002-11-12,14.15,15.05,14.02,14.98,23511600
2002-11-13,15.63,15.63,14.72,14.8,17156400
2002-11-14,15.15,15.75,15.0,15.56,18392800
2002-11-15,15.59,16.34,15.3,16.33,17058000
2002-11-18,17.2,18.81,17.0,18.75,21030800
2002-11-19,18.75,18.75,17.5,17.51,11402400
2002-11-20,17.51,18.15,16.75,17.85,9751200
2002-11-21,17.85,18.17,17.15,17.26,7145600
2002-11-22,16.55,17.09,15.96,16.4,12230800
2002-11-25,16.4,16.6,15.88,16.52,10565600
2002-11-26,16.4,17.84,16.32,17.5,11738000
2002-11-27,17.8,18.5,17.8,18.15,7241600
2002-11-29,18.55,18.8,18.37,18.45,2517200
2002-12-02,19.22,19.22,17.75,17.76,8303200
2002-12-03,18.15,18.2,16.5,17.84,8558400
2002-12-04,16.82,19.2,16.75,18.75,17068800
2002-12-05,18.95,19.05,18.24,18.72,7587600
2002-12-06,18.65,18.98,18.2,18.4,4500800
2002-12-09,18.18,19.0,17.33,17.4,7546400
2002-12-10,17.48,17.9,17.4,17.56,3292000
2002-12-11,17.45,17.74,17.0,17.3,8476400
2002-12-12,18.0,18.69,17.7,18.0,9182400
2002-12-13,18.0,18.2,17.63,17.87,4124800
2002-12-16,17.75,18.0,17.61,17.89,3590000
2002-12-17,17.75,17.85,17.04,17.23,5244800
2002-12-18,17.25,17.44,17.06,17.15,5212800
2002-12-19,17.13,17.3,16.92,17.04,3425600
2002-12-20,15.5,16.2,15.25,15.35,27224000
2002-12-23,15.25,15.9,15.19,15.55,4650400
2002-12-24,15.55,15.65,15.35,15.59,1440400
2002-12-26,15.7,15.8,15.27,15.38,2704800
2002-12-27,15.3,15.48,15.12,15.13,2354400
2002-12-30,15.25,15.94,14.4,15.8,7604000
2002-12-31,15.9,16.85,15.9,16.4,5276800
2003-01-02,16.68,16.97,16.4,16.97,3970400
2003-01-03,16.3,16.85,16.3,16.78,4850000
2003-01-06,16.65,16.9,16.36,16.68,4221200
2003-01-07,16.61,17.3,16.6,16.99,3052000
2003-01-08,16.7,17.28,16.66,16.9,3508400
2003-01-09,16.8,17.14,16.68,16.95,4206400
2003-01-10,16.87,17.57,16.75,16.85,5532400
2003-01-13,17.5,17.95,16.95,17.69,8440400
2003-01-14,17.8,18.25,17.5,18.02,4832000
2003-01-15,18.05,18.99,18.05,18.84,7776800
2003-01-16,18.9,18.9,18.34,18.5,4950000
2003-01-17,18.9,19.1,18.75,18.8,6803200
2003-01-21,19.05,19.25,18.64,18.64,4178400
2003-01-22,18.65,18.83,18.43,18.55,3648000
2003-01-23,18.75,18.98,18.65,18.98,3490400
2003-01-24,18.95,18.95,18.15,18.31,4956400
2003-01-27,17.85,18.35,17.8,18.06,3882400
2003-01-28,18.05,18.24,17.75,18.05,4291200
2003-01-29,18.05,18.24,17.75,18.05,3992000
2003-01-30,18.0,18.15,17.35,17.45,3510000
2003-01-31,17.7,18.16,17.7,17.99,3178800
2003-02-03,18.15,18.39,17.8,17.9,2729600
2003-02-04,17.75,18.26,17.68,17.9,3459600
2003-02-05,18.05,18.15,17.7,17.86,2246800
2003-02-06,17.65,17.85,17.25,17.45,2008000
2003-02-07,17.79,18.01,17.65,17.9,3646000
2003-02-10,17.9,18.42,17.9,18.4,3890400
2003-02-11,18.4,18.5,18.05,18.05,2274000
2003-02-12,17.95,18.15,17.35,17.43,2750400
2003-02-13,17.4,17.47,16.96,17.03,3252800
2003-02-14,17.04,17.32,16.51,17.32,5488800
2003-02-18,17.15,17.8,16.97,17.62,2190400
2003-02-19,17.73,18.05,17.34,17.53,2529200
2003-02-20,17.53,17.64,17.38,17.4,1837600
2003-02-21,17.44,17.8,17.41,17.75,1862800
2003-02-24,17.75,17.75,17.3,17.38,1799200
2003-02-25,17.25,17.44,17.02,17.33,2898000
2003-02-26,17.36,17.7,17.06,17.25,2855600
2003-02-27,17.35,17.79,17.34,17.75,1870400
2003-02-28,18.25,18.58,17.8,18.17,4540400
2003-03-03,18.35,18.4,18.0,18.15,1835600
2003-03-04,18.15,18.24,17.51,17.62,2719600
2003-03-05,17.68,17.84,17.47,17.55,2191600
2003-03-06,17.0,17.4,16.8,16.91,5079600
2003-03-07,16.75,17.29,16.75,17.21,2581200
2003-03-10,17.2,17.25,16.86,16.96,2973200
2003-03-11,16.95,16.98,16.6,16.65,3441600
2003-03-12,16.6,16.7,16.5,16.6,2376800
2003-03-13,16.85,17.04,16.74,17.0,2015600
2003-03-14,16.98,17.09,16.34,16.75,5480400
2003-03-17,16.9,17.29,16.8,17.2,2532400
2003-03-18,17.4,18.27,17.4,18.0,5610400
2003-03-19,18.0,18.1,17.55,17.55,2527200
2003-03-20,17.5,17.51,16.98,17.0,6827600
2003-03-21,17.0,17.04,16.62,16.75,8565200
2003-03-24,16.57,16.72,16.48,16.54,4691600
2003-03-25,16.65,16.95,16.65,16.69,3053600
2003-03-26,16.71,16.9,16.5,16.7,2386800
2003-03-27,16.55,16.67,16.41,16.5,1760400
2003-03-28,16.5,16.82,16.47,16.67,2362000
2003-03-31,16.5,16.9,16.45,16.7,3131600
2003-04-01,16.64,17.47,16.52,16.77,2578000
2003-04-02,16.85,16.98,16.5,16.58,3322000
2003-04-03,16.58,16.675,16.32,16.35,2928400
2003-04-04,16.4,16.45,15.55,15.76,6960400
2003-04-07,15.9,16.0,15.28,15.28,6666800
2003-04-08,14.82,15.41,14.82,15.17,6461600
2003-04-09,14.65,15.34,14.65,15.06,5871200
2003-04-10,14.51,15.35,14.2,15.1,11534400
2003-04-11,15.35,15.4,15.16,15.35,2859600
2003-04-14,15.45,15.97,15.45,15.95,2736000
2003-04-15,15.49,15.71,15.01,15.3,10332800
2003-04-16,15.25,15.25,14.37,14.4,7780800
2003-04-17,14.5,14.82,14.45,14.74,3806000
2003-04-21,14.6,14.6,13.75,13.81,8474400
2003-04-22,13.51,14.28,13.51,14.19,5391600
2003-04-23,14.18,14.31,13.94,14.25,3490400
2003-04-24,14.18,14.59,14.01,14.4,3638000
2003-04-25,14.5,14.77,14.42,14.56,2842400
2003-04-28,14.5,14.6,14.21,14.33,3722800
2003-04-29,14.3,14.8,14.25,14.68,2719600
2003-04-30,14.65,15.0,14.6,14.84,3404000
2003-05-01,14.8,14.95,14.45,14.71,3860000
2003-05-02,15.0,15.61,14.71,15.59,6241200
2003-05-05,15.54,15.85,15.21,15.6,3593600
2003-05-06,15.5,15.8,15.5,15.78,3003200
2003-05-07,15.7,16.07,15.65,15.75,2893200
2003-05-08,15.7,15.98,15.6,15.84,2148000
2003-05-09,15.79,16.05,15.66,16.0,3112000
2003-05-12,16.05,16.24,15.848,16.05,2670400
2003-05-13,16.05,16.33,16.0,16.07,3009200
2003-05-14,16.4,16.9,16.09,16.5,7728800
2003-05-15,16.4,16.5,15.7,16.0,6469600
2003-05-16,15.95,16.12,15.9,16.08,3929600
2003-05-19,16.08,16.2,15.88,15.96,2040400
2003-05-20,15.96,16.11,15.87,16.1,2128400
2003-05-21,16.0,16.25,15.38,15.8,3195200
2003-05-22,15.8,15.8,15.55,15.7,3264000
2003-05-23,15.7,15.72,15.32,15.55,2046000
2003-05-27,15.75,16.49,15.75,16.14,12620000
2003-05-28,16.65,16.84,16.31,16.84,5268400
2003-05-29,16.95,17.41,16.23,16.77,10464400
2003-05-30,17.0,17.07,16.63,16.69,3718000
2003-06-02,16.95,16.95,16.57,16.67,4181200
2003-06-03,16.67,16.78,16.3,16.54,2648800
2003-06-04,16.54,16.6,16.13,16.2,4501600
2003-06-05,16.1,16.28,15.85,16.0,7036400
2003-06-06,16.0,16.3,15.85,16.27,5023200
2003-06-09,16.17,16.25,15.91,16.0,4267200
2003-06-10,16.02,16.23,15.98,16.21,3317200
2003-06-11,16.25,16.43,16.06,16.2,4678800
2003-06-12,16.25,16.37,15.82,15.89,4463200
2003-06-13,15.95,15.95,15.14,15.36,7550800
2003-06-16,15.36,15.82,15.36,15.8,3549200
2003-06-17,16.05,16.22,15.9,16.22,6673200
2003-06-18,16.28,16.63,16.191,16.6,5486000
2003-06-19,16.5,16.59,16.2,16.28,3576400
2003-06-20,16.24,16.41,16.03,16.23,3337200
2003-06-23,12.41,13.0,12.0,12.01,36690800
2003-06-24,11.8,12.14,11.72,12.0,19844400
2003-06-25,12.0,12.34,11.69,11.95,17720400
2003-06-26,11.8,11.94,11.58,11.72,11874400
2003-06-27,11.73,11.73,11.61,11.65,8564000
2003-06-30,11.67,11.74,11.47,11.65,8410800
2003-07-01,11.5,11.65,11.43,11.45,6430800
2003-07-02,11.48,11.55,11.32,11.49,8306000
2003-07-03,11.5,11.66,11.35,11.47,2702000
2003-07-07,11.57,11.75,11.57,11.63,4703200
2003-07-08,11.71,12.19,11.71,12.15,7328800
2003-07-09,11.85,12.37,11.69,12.1,7082800
2003-07-10,12.0,12.07,11.62,11.73,4711200
2003-07-11,11.83,11.88,11.53,11.85,3357200
2003-07-14,11.85,12.0,11.75,11.8,2849200
2003-07-15,11.81,12.49,11.8,12.45,8033600
2003-07-16,12.3,12.47,12.1,12.13,5986800
2003-07-17,12.1,12.12,11.77,11.85,4202800
2003-07-18,11.91,12.06,11.81,12.06,2320400
2003-07-21,11.96,12.13,11.9,12.07,2303600
2003-07-22,12.07,12.27,11.91,12.2,2817600
2003-07-23,12.3,12.4,12.0,12.21,2473200
2003-07-24,12.3,12.3,11.92,11.98,1975600
2003-07-25,11.95,12.4,11.9,12.37,2490000
2003-07-28,12.45,13.31,12.33,13.28,8334400
2003-07-29,13.988,13.988,13.37,13.7,6443600
2003-07-30,13.88,13.95,13.5,13.77,3327200
2003-07-31,13.87,14.0,13.62,13.78,4478000
2003-08-01,13.75,13.76,13.28,13.74,2435200
2003-08-04,13.74,13.75,13.37,13.38,1869600
2003-08-05,13.3,13.65,13.1,13.16,2612800
2003-08-06,12.9,13.1,12.78,13.05,2530000
2003-08-07,14.25,14.62,13.82,14.57,11962800
2003-08-08,14.11,14.96,14.09,14.39,9803600
2003-08-11,14.39,14.79,14.39,14.74,4157600
2003-08-12,14.86,14.86,14.5,14.71,4827200
2003-08-13,14.75,15.03,14.52,14.56,2845200
2003-08-14,14.66,14.66,14.33,14.49,1819200
2003-08-15,14.53,14.53,14.13,14.28,2311600
2003-08-18,14.28,14.32,14.15,14.3,1679600
2003-08-19,14.29,14.5,14.11,14.46,1889200
2003-08-20,14.45,14.55,14.29,14.52,1865200
2003-08-21,14.55,14.72,14.51,14.65,2286400
2003-08-22,14.66,14.75,14.59,14.68,1990800
2003-08-25,14.57,15.14,14.57,14.99,3389200
2003-08-26,15.05,15.6,15.03,15.53,6351600
2003-08-27,15.53,15.82,15.3,15.75,4352400
2003-08-28,15.85,16.38,15.85,16.2,6603200
2003-08-29,16.23,16.29,15.8,16.05,2014800
2003-09-02,16.05,16.22,15.93,16.19,2998800
2003-09-03,16.28,16.4,16.01,16.15,3122000
2003-09-04,16.0,16.13,15.91,15.98,4175200
2003-09-05,15.98,15.98,15.4,15.66,2849200
2003-09-08,15.22,15.85,15.13,15.76,3393200
2003-09-09,15.76,15.76,15.34,15.39,2301200
2003-09-10,15.39,15.47,15.28,15.4,1877200
2003-09-11,15.4,15.55,15.26,15.3,1328400
2003-09-12,15.31,15.35,15.11,15.26,1240400
2003-09-15,15.25,15.27,14.95,14.98,1958000
2003-09-16,14.97,15.28,14.96,15.11,2734000
2003-09-17,15.15,15.31,15.1,15.25,2532000
2003-09-18,15.3,15.55,15.25,15.43,2582800
2003-09-19,15.4,15.49,15.2,15.46,2231200
2003-09-22,15.39,15.39,15.09,15.16,1569600
2003-09-23,15.19,15.3,14.22,14.7,6918000
2003-09-24,14.7,14.96,14.6,14.88,3993600
2003-09-25,14.95,15.02,14.75,14.82,2385200
2003-09-26,14.81,14.84,14.6,14.64,1912400
2003-09-29,14.64,14.78,14.48,14.78,1606400
2003-09-30,14.73,14.75,14.1,14.48,3399200
2003-10-01,14.5,14.97,14.3,14.78,2995600
2003-10-02,14.81,14.94,14.65,14.9,1659200
2003-10-03,15.0,15.05,14.83,14.96,2083200
2003-10-06,15.0,15.27,14.95,15.21,2167600
2003-10-07,15.1,15.31,14.95,15.3,2524800
2003-10-08,15.3,15.32,14.98,15.29,2516000
2003-10-09,15.33,15.45,15.3,15.34,1426400
2003-10-10,15.39,15.51,15.2,15.4,1779600
2003-10-13,15.4,15.48,15.25,15.4,1308400
2003-10-14,15.45,15.55,15.31,15.51,1032000
2003-10-15,15.37,15.8,15.13,15.35,3216400
2003-10-16,15.42,16.02,15.35,15.84,2806800
2003-10-17,15.88,16.15,15.39,15.75,2714800
2003-10-20,15.75,15.75,15.3,15.6,2163600
2003-10-21,15.6,15.6,15.24,15.4,3285600
2003-10-22,13.18,13.8,13.18,13.58,15479200
2003-10-23,12.65,13.25,12.5,12.55,11740000
2003-10-24,12.35,12.6,12.35,12.54,6212800
2003-10-27,12.55,12.86,12.55,12.7,4330400
2003-10-28,12.85,12.97,12.69,12.85,2803200
2003-10-29,12.85,13.9,12.8,13.86,5751600
2003-10-30,14.25,14.29,13.55,13.78,4920800
2003-10-31,13.78,13.89,13.45,13.8,4726800
2003-11-03,13.8,13.93,13.35,13.49,3036400
2003-11-04,13.35,13.36,12.8,12.88,5850800
2003-11-05,12.8,12.93,12.63,12.7,4143600
2003-11-06,12.65,13.12,12.6,13.11,4078400
2003-11-07,13.21,13.46,13.07,13.41,3775200
2003-11-10,13.2,13.34,12.85,13.25,2525200
2003-11-11,12.75,13.25,12.65,13.03,4199200
2003-11-12,13.04,13.07,12.8,12.98,4932000
2003-11-13,12.99,13.36,12.93,13.21,4270800
2003-11-14,13.16,13.391,13.02,13.25,2917200
2003-11-17,13.35,13.41,13.13,13.3,3231200
2003-11-18,13.35,13.83,13.28,13.65,4603600
2003-11-19,13.8,13.95,13.58,13.71,2833200
2003-11-20,13.76,13.76,13.5,13.5,1506400
2003-11-21,13.65,13.84,13.55,13.75,1782800
2003-11-24,13.8,14.45,13.71,14.32,5090800
2003-11-25,14.4,14.5,14.2,14.4,2748000
2003-11-26,14.51,14.93,14.45,14.58,3268000
2003-11-28,14.58,14.68,14.56,14.61,594400
2003-12-01,14.79,15.06,14.75,15.04,2806800
2003-12-02,15.07,15.65,15.02,15.55,5232800
2003-12-03,15.6,15.74,15.1,15.22,5985600
2003-12-04,15.17,15.24,14.7,15.1,3184400
2003-12-05,15.1,15.15,14.96,15.03,3563200
2003-12-08,14.95,14.96,14.73,14.81,2251200
2003-12-09,14.81,14.81,14.6,14.7,2560400
2003-12-10,14.7,14.77,14.42,14.5,2226800
2003-12-11,14.55,14.8,14.52,14.74,1720800
2003-12-12,14.8,14.95,14.6,14.75,2130400
2003-12-15,14.9,14.93,14.69,14.73,1463600
2003-12-16,14.68,14.87,14.53,14.84,1828000
2003-12-17,14.8,14.84,14.49,14.75,1936800
2003-12-18,14.74,15.4,14.66,15.29,2943200
2003-12-19,15.29,15.29,15.02,15.18,2737600
2003-12-22,15.6,16.08,15.49,15.68,5062000
2003-12-23,15.74,15.79,15.55,15.56,2396800
2003-12-24,15.56,15.56,15.39,15.45,1206800
2003-12-26,15.55,15.8,15.55,15.59,812800
2003-12-29,16.0,16.0,15.87,15.9,4256400
2003-12-30,15.96,16.05,15.82,15.91,2528800
2003-12-31,15.95,16.2,15.93,16.05,2745600
2004-01-02,16.07,16.12,15.98,16.03,2260800
2004-01-05,16.15,16.19,16.02,16.14,4726000
2004-01-06,16.25,16.39,16.13,16.33,4010400
2004-01-07,16.27,16.45,16.0,16.3,2939600
2004-01-08,16.34,16.43,16.08,16.31,4214400
2004-01-09,16.27,16.458,16.11,16.32,3628800
2004-01-12,16.47,16.52,16.31,16.39,3713600
2004-01-13,16.44,16.5,16.25,16.36,3374000
2004-01-14,16.36,17.0,16.33,16.95,3932400
2004-01-15,16.96,17.05,16.7,16.95,2403600
2004-01-16,16.9,17.04,16.85,16.94,1830400
2004-01-20,17.5,18.35,17.38,18.2,4654400
2004-01-21,18.1,18.73,17.91,18.05,4243200
2004-01-22,18.09,18.37,17.9,18.0,3129600
2004-01-23,17.95,17.95,17.25,17.43,3556800
2004-01-26,16.5,17.13,16.25,17.0,5212400
2004-01-27,16.77,16.85,16.0,16.15,9136000
2004-01-28,14.0,14.05,12.35,13.18,46445200
2004-01-29,13.11,13.22,11.25,12.28,25088000
2004-01-30,12.52,12.6,12.23,12.4,12596400
2004-02-02,12.7,12.73,12.19,12.2,10285200
2004-02-03,12.35,12.75,12.34,12.5,13013200
2004-02-04,12.5,12.5,12.22,12.37,3779600
2004-02-05,12.42,12.45,11.95,12.18,5641600
2004-02-06,12.3,12.85,12.25,12.81,12874400
2004-02-09,12.83,12.96,12.14,12.15,7948800
2004-02-10,12.15,12.47,12.13,12.35,6331600
2004-02-11,12.53,12.7,12.301,12.48,4737200
2004-02-12,12.54,12.59,12.45,12.5,2866000
2004-02-13,12.51,12.61,12.2,12.22,3851600
2004-02-17,12.5,12.62,12.4,12.46,3960800
2004-02-18,12.65,12.86,12.52,12.67,4815600
2004-02-19,12.75,12.76,12.5,12.51,2566000
2004-02-20,12.6,12.6,12.11,12.27,3365600
2004-02-23,12.3,12.47,12.16,12.34,2604400
2004-02-24,12.35,12.35,12.08,12.21,3371200
2004-02-25,12.21,12.4,12.13,12.32,2563200
2004-02-26,12.33,12.33,12.14,12.16,3669200
2004-02-27,12.29,12.29,11.99,12.02,3167200
2004-03-01,11.8,12.29,11.8,12.12,6142000
2004-03-02,12.08,12.19,12.0,12.0,3669200
2004-03-03,12.02,12.06,11.87,12.01,4033600
2004-03-04,12.0,12.1,11.91,12.02,4078000
2004-03-05,12.0,12.2,11.94,12.08,2589200
2004-03-08,12.06,12.14,11.92,12.0,3415600
2004-03-09,11.94,12.0,11.56,11.72,6838000
2004-03-10,11.7,11.71,9.9,10.06,32577600
2004-03-11,10.05,10.62,9.98,10.52,9418400
2004-03-12,10.6,10.63,9.83,9.95,9528400
2004-03-15,9.85,10.15,9.2,9.81,16386800
2004-03-16,9.52,10.5,9.15,10.29,22572800
2004-03-17,10.42,10.92,10.42,10.8,9491600
2004-03-18,10.75,11.53,10.56,11.18,6655600
2004-03-19,11.0,11.1,10.63,10.7,3716000
2004-03-22,10.7,10.7,10.51,10.62,2911600
2004-03-23,10.7,10.7,10.51,10.63,3589200
2004-03-24,10.64,10.73,10.19,10.28,4505600
2004-03-25,10.6,10.75,10.32,10.42,4717200
2004-03-26,10.35,10.39,10.15,10.3,3408400
2004-03-29,10.39,10.8,10.35,10.74,3275600
2004-03-30,10.79,10.88,10.6,10.79,2150000
2004-03-31,10.86,11.3,10.81,11.16,4712000
2004-04-01,11.16,11.16,10.99,11.0,2980800
2004-04-02,11.07,11.2,10.98,11.0,2864000
2004-04-05,10.52,11.28,10.52,11.25,2938800
2004-04-06,11.29,11.37,11.1,11.16,4678000
2004-04-07,11.18,11.25,10.97,11.2,3667200
2004-04-08,11.29,11.34,11.17,11.25,1686800
2004-04-12,11.26,11.33,11.05,11.2,2612000
2004-04-13,11.19,11.21,10.84,10.98,2919200
2004-04-14,10.7,10.89,10.43,10.86,4153600
2004-04-15,10.84,10.85,10.66,10.85,2380000
2004-04-16,10.82,10.85,10.64,10.78,2770800
2004-04-19,10.77,10.83,10.66,10.7,2730800
2004-04-20,10.7,10.84,10.5,10.52,2543600
2004-04-21,10.6,11.41,10.54,11.41,7589200
2004-04-22,11.49,11.57,11.3,11.35,4530800
2004-04-23,11.37,11.51,11.11,11.4,1798800
2004-04-26,11.53,11.75,11.34,11.4,2372000
2004-04-27,11.65,11.95,11.57,11.62,6732800
2004-04-28,11.6,11.83,11.26,11.34,2446400
2004-04-29,11.4,11.5,11.12,11.13,2305200
2004-04-30,11.34,11.9,11.3,11.76,4792400
2004-05-03,11.76,12.05,11.5,11.9,3802400
2004-05-04,11.9,12.45,11.86,12.1,7823200
2004-05-05,12.5,12.5,12.23,12.27,5132400
2004-05-06,12.25,12.35,12.18,12.2,2702000
2004-05-07,12.2,12.3,12.08,12.1,2245200
2004-05-10,12.0,12.09,11.54,11.74,2663200
2004-05-11,11.69,12.15,11.67,12.0,1340800
2004-05-12,12.05,12.05,11.66,11.9,1593200
2004-05-13,11.77,12.15,11.7,11.96,1430400
2004-05-14,11.9,12.16,11.65,11.99,1571600
2004-05-17,11.75,11.84,11.58,11.79,2074800
2004-05-18,11.79,11.99,11.6,11.9,1512400
2004-05-19,11.86,12.0,11.45,11.63,2246400
2004-05-20,11.86,11.89,11.5,11.6,1228400
2004-05-21,11.67,11.88,11.51,11.73,1461200
2004-05-24,11.74,11.9,11.62,11.79,1126800
2004-05-25,11.76,12.04,11.65,11.96,1371200
2004-05-26,11.99,12.12,11.89,11.96,1021200
2004-05-27,12.01,12.06,11.78,11.92,2098000
2004-05-28,12.0,12.0,11.76,11.92,1362000
2004-06-01,11.95,12.19,11.93,12.15,1917200
2004-06-02,12.23,12.46,12.13,12.41,1523600
2004-06-03,12.41,12.55,12.18,12.5,2426000
2004-06-04,12.51,12.91,12.51,12.87,2726400
2004-06-07,12.85,13.08,12.4564,12.89,3567200
2004-06-08,12.78,12.85,12.6,12.84,1357200
2004-06-09,12.8,12.86,12.58,12.6,1127200
2004-06-10,12.75,12.75,12.53,12.63,1581200
2004-06-14,12.45,12.57,12.3,12.45,1384400
2004-06-15,12.55,12.69,12.44,12.49,1921200
2004-06-16,12.53,12.65,12.26,12.3,2324000
2004-06-17,12.3,12.51,12.25,12.51,1246800
2004-06-18,12.39,12.73,12.35,12.7,1865600
2004-06-21,12.6,12.64,12.34,12.38,1288800
2004-06-22,12.3,12.76,12.22,12.49,1744000
2004-06-23,12.5,12.6,12.25,12.47,1610000
2004-06-24,12.47,12.73,12.41,12.64,1340400
2004-06-25,12.72,12.97,12.63,12.84,2859200
2004-06-28,12.84,12.91,12.65,12.7,1470000
2004-06-29,12.71,12.9,12.67,12.82,955200
2004-06-30,13.02,13.43,12.97,13.41,4042800
2004-07-01,13.35,13.41,12.89,13.0,3065200
2004-07-02,13.0,13.11,12.65,13.11,1634000
2004-07-06,13.11,13.11,12.49,12.49,1757600
2004-07-07,12.55,12.55,12.22,12.35,2311600
2004-07-08,12.2,12.33,12.01,12.21,2029200
2004-07-09,12.35,12.45,12.12,12.24,1121600
2004-07-12,12.24,12.35,12.12,12.23,1052400
2004-07-13,12.28,12.51,12.2,12.46,1122800
2004-07-14,12.55,13.16,12.54,12.93,2540000
2004-07-15,12.9,13.0,12.81,12.81,909200
2004-07-16,12.91,12.95,12.68,12.68,1261200
2004-07-19,12.77,12.77,12.53,12.57,1008400
2004-07-20,12.6,12.81,12.52,12.81,1035200
2004-07-21,12.8,12.85,12.33,12.41,1303200
2004-07-22,12.33,12.49,12.09,12.24,1611200
2004-07-23,12.25,12.25,11.82,11.89,1694000
2004-07-26,11.92,11.98,11.79,11.82,1375600
2004-07-27,11.88,11.88,11.45,11.5,3110400
2004-07-28,11.5,11.5,11.11,11.24,2841200
2004-07-29,11.21,11.28,11.13,11.21,2211600
2004-07-30,11.24,11.34,11.06,11.18,2883200
2004-08-02,11.18,11.28,11.09,11.18,2098000
2004-08-03,10.5,10.81,9.95,10.81,11264400
2004-08-04,10.65,10.79,10.41,10.6,2619200
2004-08-05,10.54,10.57,10.31,10.31,2290800
2004-08-06,10.11,10.21,9.85,10.01,4327600
2004-08-09,9.95,10.08,9.9,9.9,2311200
2004-08-10,10.0,10.19,9.89,10.15,3194400
2004-08-11,10.1,10.48,10.02,10.46,2514800
2004-08-12,10.46,10.46,10.21,10.25,1588800
2004-08-13,10.25,10.3,10.13,10.26,1697600
2004-08-16,10.25,10.59,10.23,10.52,1756400
2004-08-17,10.59,10.67,10.45,10.48,1120400
2004-08-18,10.5,10.67,10.45,10.64,1259200
2004-08-19,10.57,10.6,10.36,10.51,1165600
2004-08-20,10.51,10.69,10.48,10.58,972000
2004-08-23,10.61,10.78,10.37,10.43,1272800
2004-08-24,10.5,10.58,10.25,10.29,1905600
2004-08-25,10.2,10.49,10.18,10.35,1659600
2004-08-26,10.35,10.45,10.26,10.28,1169200
2004-08-27,10.35,10.36,10.23,10.27,1812400
2004-08-30,10.26,10.33,10.22,10.26,1156000
2004-08-31,10.27,10.42,10.21,10.42,1790800
2004-09-01,10.4,10.59,10.4,10.53,1246400
2004-09-02,10.56,10.59,10.28,10.44,2416000
2004-09-03,10.44,10.55,10.41,10.41,2102000
2004-09-07,10.51,10.51,10.29,10.3,1900000
2004-09-08,10.29,10.31,9.92,9.98,4032000
2004-09-09,10.02,10.22,9.95,10.19,3149200
2004-09-10,10.21,10.28,10.18,10.25,1623600
2004-09-13,10.25,10.37,10.2,10.33,1664800
2004-09-14,10.35,10.39,10.14,10.25,2024400
2004-09-15,10.25,10.3,10.15,10.2,1391600
2004-09-16,10.18,10.37,10.1,10.23,3287200
2004-09-17,10.3,10.47,10.2,10.3,1752800
2004-09-20,10.25,10.37,10.16,10.26,1075200
2004-09-21,10.22,10.3,10.17,10.24,672400
2004-09-22,10.24,10.3,10.1504,10.26,2182800
2004-09-23,10.29,10.4,10.26,10.38,1168400
2004-09-24,10.38,10.5,10.36,10.41,1258800
2004-09-27,10.35,10.35,10.18,10.25,1412000
2004-09-28,10.3,10.51,10.22,10.46,1725200
2004-09-29,10.5,10.6,10.45,10.54,1702000
2004-09-30,10.5,10.84,10.48,10.79,2852000
2004-10-01,10.85,11.05,10.84,11.0,2198800
2004-10-04,11.07,11.27,11.06,11.22,3059200
2004-10-05,11.22,11.22,11.03,11.17,1825600
2004-10-06,11.28,11.33,11.0,11.13,1230800
2004-10-07,11.13,11.32,11.08,11.14,1155600
2004-10-08,11.13,11.27,10.95,11.24,4478400
2004-10-11,11.28,11.37,11.14,11.19,1028800
2004-10-12,11.19,11.19,10.86,10.94,1824400
2004-10-13,10.86,10.87,10.68,10.7,2802000
2004-10-14,10.7,10.74,10.3,10.37,3360400
2004-10-15,10.47,10.5,10.28,10.37,2824000
2004-10-18,10.32,10.37,10.2,10.3,3296800
2004-10-19,10.28,10.29,9.95,10.04,4164400
2004-10-20,10.04,10.22,9.98,10.19,2149200
2004-10-21,10.22,10.35,10.12,10.12,1289200
2004-10-22,10.18,10.48,10.16,10.41,3216000
2004-10-25,10.36,10.41,10.26,10.3,870800
2004-10-26,10.35,10.57,10.3,10.5,2043600
2004-10-27,10.54,10.75,10.51,10.7,1465200
2004-10-28,10.7,10.7,10.58,10.66,850000
2004-10-29,10.66,10.75,10.51,10.72,1766800
2004-11-01,10.7,10.7,10.48,10.53,1650000
2004-11-02,10.35,10.88,10.25,10.59,4862000
2004-11-03,10.9,10.94,10.74,10.85,3256400
2004-11-04,10.85,10.91,10.66,10.76,2025600
2004-11-05,10.74,10.94,10.7,10.91,3421200
2004-11-08,10.85,10.85,10.65,10.68,3123600
2004-11-09,10.75,10.84,10.7,10.8,2252800
2004-11-10,10.81,10.97,10.78,10.82,1751600
2004-11-11,10.85,10.9,10.75,10.88,1664000
2004-11-12,10.9,10.99,10.8,10.99,1480000
2004-11-15,11.0,11.07,10.92,11.03,1010000
2004-11-16,11.01,11.05,10.89,10.92,927200
2004-11-17,10.95,11.03,10.9,10.95,1181200
2004-11-18,11.0,11.0,10.8,10.8,3782000
2004-11-19,10.8,10.84,10.63,10.7,2933600
2004-11-22,10.56,10.75,10.5,10.7,2748400
2004-11-23,10.7,10.74,10.6,10.66,5104000
2004-11-24,10.66,10.68,10.51,10.64,2100000
2004-11-26,10.61,10.74,10.6,10.69,560800
2004-11-29,10.65,10.73,10.55,10.67,1472000
2004-11-30,10.67,10.9,10.56,10.85,3268400
2004-12-01,10.83,11.0,10.76,10.92,2008000
2004-12-02,10.82,11.1,10.7,10.99,2905200
2004-12-03,10.99,11.83,10.94,11.7,9215600
2004-12-06,11.7,11.85,11.5,11.77,3801600
2004-12-07,11.78,11.99,11.56,11.86,3327200
2004-12-08,11.85,12.23,11.82,12.18,4088000
2004-12-09,12.18,12.39,12.03,12.33,2613200
2004-12-10,12.45,12.45,12.02,12.04,2193600
2004-12-13,11.01,11.08,10.59,11.07,11819600
2004-12-14,11.02,11.03,10.74,10.9,5719600
2004-12-15,10.7,10.88,10.7,10.84,3702000
2004-12-16,10.75,10.78,10.33,10.46,6416800
2004-12-17,10.46,10.67,10.46,10.5,4072400
2004-12-20,10.51,10.6,10.4,10.43,2565200
2004-12-21,10.85,10.85,10.51,10.59,4681200
2004-12-22,10.59,10.8,10.56,10.68,3239200
2004-12-23,10.75,10.84,10.6,10.71,1838000
2004-12-27,10.67,10.71,10.58,10.64,2241200
2004-12-28,10.65,10.7,10.49,10.56,3530000
2004-12-29,10.5,10.62,10.46,10.54,3125600
2004-12-30,10.54,10.96,10.5,10.89,2407200
2004-12-31,10.92,11.03,10.86,10.98,3234400
2005-01-03,10.99,11.05,10.68,10.71,2675200
2005-01-04,10.51,10.7,10.5,10.61,3400800
2005-01-05,10.57,10.6,10.43,10.48,2544000
2005-01-06,10.48,10.53,10.29,10.37,3860800
2005-01-07,10.37,10.46,10.22,10.45,2867200
2005-01-10,10.53,10.65,10.45,10.56,1884000
2005-01-11,10.54,10.54,10.47,10.5,1645200
2005-01-12,10.65,10.89,10.52,10.59,4516000
2005-01-13,10.54,10.71,10.4,10.44,2548800
2005-01-14,10.41,10.6,10.33,10.59,1535200
2005-01-18,10.5,10.57,10.3,10.31,1779200
2005-01-19,10.31,10.35,10.25,10.27,2505200
2005-01-20,10.24,10.34,10.15,10.24,3007200
2005-01-21,10.25,10.33,10.22,10.23,1902000
2005-01-24,10.05,10.2,10.01,10.16,3482800
2005-01-25,10.19,10.26,10.01,10.12,2456000
2005-01-26,10.12,10.14,9.81,9.94,7294800
2005-01-27,9.93,10.02,9.86,9.99,2977600
2005-01-28,9.94,9.99,9.77,9.9,2401600
2005-01-31,9.9,9.99,9.84,9.93,3000000
2005-02-01,9.89,10.01,9.82,10.0,2640400
2005-02-02,10.05,10.45,10.05,10.4,3025200
2005-02-03,10.3,10.31,10.02,10.06,2045200
2005-02-04,10.11,10.5,10.11,10.48,2534800
2005-02-07,10.45,10.53,10.36,10.49,1034000
2005-02-08,10.44,10.44,10.18,10.23,2828000
2005-02-09,10.3,10.41,10.23,10.25,2696800
2005-02-10,10.33,10.33,10.08,10.09,2314000
2005-02-11,10.09,10.17,10.02,10.09,2844800
2005-02-14,10.15,10.2,10.04,10.16,3348400
2005-02-15,10.18,10.53,10.06,10.46,4726000
2005-02-16,10.45,10.59,10.35,10.52,1834800
2005-02-17,10.48,10.71,10.46,10.63,2553200
2005-02-18,10.64,10.97,10.64,10.78,4603600
2005-02-22,10.6,10.81,10.57,10.63,2250800
2005-02-23,10.67,10.95,10.63,10.84,2574800
2005-02-24,10.8,10.82,10.57,10.73,1924400
2005-02-25,10.68,10.95,10.66,10.85,1554800
2005-02-28,10.85,10.93,10.77,10.91,1973200
2005-03-01,10.91,11.28,10.87,11.27,3645200
2005-03-02,11.32,11.6,11.3,11.43,4251200
2005-03-03,11.37,11.37,11.04,11.18,3460400
2005-03-04,11.18,11.2,11.07,11.12,2595600
2005-03-07,11.15,11.19,11.01,11.03,2148400
2005-03-08,11.0,11.25,10.7,11.13,4748000
2005-03-09,11.14,11.14,10.88,10.89,3129200
2005-03-10,10.9,10.98,10.78,10.82,1706800
2005-03-11,10.82,10.89,10.57,10.57,2050000
2005-03-14,10.58,10.71,10.57,10.65,1651600
2005-03-15,10.66,10.75,10.44,10.46,1584000
2005-03-16,10.44,10.57,10.43,10.52,3254800
2005-03-17,10.52,10.62,10.41,10.59,1271600
2005-03-18,10.59,10.76,10.51,10.59,2335200
2005-03-21,10.65,10.7,10.52,10.53,800000
2005-03-22,10.53,10.7,10.52,10.52,1062800
2005-03-23,10.53,10.91,10.5,10.76,4445600
2005-03-24,10.76,11.09,10.7,11.0,3460800
2005-03-28,11.0,11.2,11.0,11.19,2034000
2005-03-29,11.6,12.2,11.5,11.72,12103600
2005-03-30,11.75,11.78,11.48,11.52,4519200
2005-03-31,11.47,11.63,11.42,11.53,3380800
2005-04-01,11.63,11.71,11.47,11.57,3411600
2005-04-04,11.59,11.63,11.35,11.59,2427600
2005-04-05,11.58,11.7,11.46,11.7,3316800
2005-04-06,11.8,12.06,11.7,11.91,3695200
2005-04-07,12.0,12.0,11.73,11.78,1595600
2005-04-08,11.7,11.84,11.68,11.81,4612800
2005-04-11,11.9,12.21,11.84,12.17,5134000
2005-04-12,12.15,12.19,11.96,11.99,2649200
2005-04-13,11.98,12.04,11.9,11.95,2073600
2005-04-14,11.97,12.0,11.82,11.87,2204400
2005-04-15,11.87,12.05,11.79,11.89,2914000
2005-04-18,11.86,12.0,11.83,11.86,2317200
2005-04-19,11.85,11.88,11.52,11.68,2748800
2005-04-20,11.7,11.85,11.6,11.62,1485200
2005-04-21,11.78,11.86,11.56,11.73,1469600
2005-04-22,11.74,11.85,11.5,11.8,1579200
2005-04-25,11.92,12.29,11.92,12.28,2428800
2005-04-26,12.18,12.29,11.99,12.0,1504400
2005-04-27,12.01,12.01,11.63,11.85,2725200
2005-04-28,11.73,11.81,11.42,11.5,3101200
2005-04-29,11.6,12.0,11.46,11.97,3269600
2005-05-02,12.0,12.12,11.88,12.1,3748000
2005-05-03,12.1,12.23,11.36,11.59,7725200
2005-05-04,11.64,11.85,11.57,11.65,3064800
2005-05-05,11.71,11.87,11.62,11.71,1501600
2005-05-06,11.81,11.85,11.7,11.71,676000
2005-05-09,11.82,12.34,11.79,12.3,5247600
2005-05-10,12.18,12.3,11.95,12.2,1984800
2005-05-11,12.25,12.27,12.0,12.18,2025600
2005-05-12,12.28,12.65,12.24,12.42,3670800
2005-05-13,12.43,12.44,11.92,12.18,2713600
2005-05-16,12.25,12.6,12.25,12.32,3718800
2005-05-17,12.22,12.31,12.13,12.28,1954400
2005-05-18,12.34,12.46,12.26,12.35,1867600
2005-05-19,12.32,12.56,12.27,12.52,1282000
2005-05-20,12.56,12.61,12.3,12.5,1319600
2005-05-23,12.5,12.66,12.28,12.41,1357600
2005-05-24,12.39,12.39,12.07,12.11,2070800
2005-05-25,12.12,12.12,11.87,11.98,3401600
2005-05-26,11.99,12.09,11.94,12.0,1238400
2005-05-27,12.0,12.05,11.92,12.0,1366800
2005-05-31,12.0,12.19,11.98,12.12,1744800
2005-06-01,12.16,12.16,11.88,11.98,1802000
2005-06-02,11.98,12.1686,11.86,12.03,1664400
2005-06-03,11.96,12.02,11.9,11.98,845600
2005-06-06,11.92,12.13,11.92,12.04,1107200
2005-06-07,12.05,12.15,11.99,12.05,1637600
2005-06-08,12.07,12.29,12.05,12.2,1242000
2005-06-09,11.91,12.19,11.64,12.09,3022800
2005-06-10,12.01,12.16,11.96,12.01,1153200
2005-06-13,11.97,12.16,11.97,12.11,1370400
2005-06-14,12.16,12.61,12.08,12.56,3079200
2005-06-15,12.61,12.74,12.46,12.7,1817600
2005-06-16,12.67,12.87,12.63,12.83,1607600
2005-06-17,12.93,12.93,12.74,12.76,2365200
2005-06-20,12.65,12.75,12.57,12.72,1268000
2005-06-21,12.67,12.74,12.5,12.58,1198000
2005-06-22,12.65,12.82,12.62,12.75,1348400
2005-06-23,12.72,12.75,12.55,12.6,789600
2005-06-24,12.55,12.64,12.31,12.32,1641600
2005-06-27,12.37,12.5,12.12,12.41,1886400
2005-06-28,12.37,12.65,12.32,12.4,1524400
2005-06-29,12.44,12.54,12.31,12.35,1566400
2005-06-30,12.3,12.39,12.22,12.24,3387200
2005-07-01,12.2,12.26,12.14,12.19,1001600
2005-07-05,12.11,12.29,12.1,12.13,966800
2005-07-06,12.13,12.31,12.08,12.11,1995200
2005-07-07,12.0,12.36,11.94,12.31,3040000
2005-07-08,12.28,12.35,12.16,12.3,1088000
2005-07-11,12.43,12.64,12.33,12.52,1157200
2005-07-12,12.52,12.52,12.17,12.35,1487600
2005-07-13,12.34,12.35,11.98,12.15,3913200
2005-07-14,12.15,12.34,12.11,12.15,2888000
2005-07-15,12.16,12.23,12.03,12.1,2048400
2005-07-18,12.05,12.07,11.88,12.04,2650800
2005-07-19,12.23,12.36,12.06,12.22,4830400
2005-07-20,12.25,12.42,12.15,12.4,2341600
2005-07-21,12.32,12.32,12.06,12.23,2531600
2005-07-22,12.22,12.23,12.0,12.11,1784800
2005-07-25,12.18,12.26,11.97,12.04,2263600
2005-07-26,12.04,12.18,12.005,12.12,1659600
2005-07-27,12.19,12.35,12.08,12.2,1885600
2005-07-28,12.2,12.27,12.13,12.16,1210000
2005-07-29,12.2,12.25,12.02,12.14,1289600
2005-08-01,12.15,12.22,12.04,12.18,1768800
2005-08-02,12.28,12.82,12.26,12.82,4385200
2005-08-03,12.82,12.92,12.6,12.9,4152000
2005-08-04,12.94,13.06,12.84,12.89,3117200
2005-08-05,12.94,12.94,12.55,12.66,1896400
2005-08-08,12.66,12.74,12.57,12.67,2406000
2005-08-09,12.75,12.96,12.71,12.83,2168400
2005-08-10,12.88,12.88,12.68,12.71,2524000
2005-08-11,12.77,12.82,12.69,12.81,2795200
2005-08-12,12.78,12.82,12.61,12.74,1195200
2005-08-15,12.72,12.73,12.48,12.7,1784800
2005-08-16,12.71,12.8,12.62,12.68,1226800
2005-08-17,12.68,12.78,12.51,12.76,1625600
2005-08-18,12.76,12.81,12.65,12.75,2508400
2005-08-19,12.82,12.84,12.66,12.75,1537600
2005-08-22,12.76,12.84,12.64,12.76,1462800
2005-08-23,12.77,12.9,12.69,12.75,1669600
2005-08-24,12.7,12.89,12.65,12.79,2364000
2005-08-25,12.86,12.89,12.76,12.89,1652800
2005-08-26,12.88,12.89,12.67,12.77,1994000
2005-08-29,12.79,12.79,12.57,12.7,1134000
2005-08-30,12.61,12.69,12.58,12.66,1093600
2005-08-31,12.55,12.55,11.92,12.18,4807200
2005-09-01,12.08,12.08,11.97,12.02,2676800
2005-09-02,12.09,12.09,11.95,12.0,1389200
2005-09-06,11.97,11.98,11.63,11.93,2755200
2005-09-07,11.82,12.16,11.81,12.0,3120800
2005-09-08,11.95,11.99,11.85,11.87,1599600
2005-09-09,11.89,12.06,11.88,12.02,1695200
2005-09-12,11.95,12.03,11.87,11.88,1633600
2005-09-13,11.91,11.92,11.54,11.65,2678400
2005-09-14,11.51,11.62,11.31,11.39,3364800
2005-09-15,11.39,11.41,11.0,11.34,3371200
2005-09-16,11.48,11.73,11.36,11.66,4128000
2005-09-19,11.7,11.812,11.56,11.65,3811600
2005-09-20,11.6,11.7,11.39,11.51,2466400
2005-09-21,11.41,11.45,11.09,11.14,2370800
2005-09-22,11.1,11.28,11.0,11.17,2464400
2005-09-23,11.26,11.48,11.26,11.41,1292800
2005-09-26,11.42,11.57,11.4,11.47,2061600
2005-09-27,11.54,11.76,11.46,11.47,1906400
2005-09-28,11.47,11.58,11.33,11.37,1460800
2005-09-29,11.37,11.38,10.95,11.12,3579200
2005-09-30,11.05,11.28,10.99,11.23,3026400
2005-10-03,11.29,11.49,10.93,11.01,2659600
2005-10-04,11.1,11.16,10.78,10.79,2179200
2005-10-05,10.73,10.74,10.42,10.52,4269600
2005-10-06,10.52,10.58,10.26,10.34,3190000
2005-10-07,10.31,10.56,10.25,10.46,2824000
2005-10-10,10.41,10.56,10.33,10.35,1858400
2005-10-11,10.4,10.58,10.14,10.15,2435200
2005-10-12,10.15,10.29,10.06,10.11,1822400
2005-10-13,10.03,10.1,9.89,9.91,3117200
2005-10-14,9.99,10.21,9.9,9.95,2709600
2005-10-17,10.0,10.01,9.61,9.86,3014400
2005-10-18,9.81,10.17,9.79,9.96,4881200
2005-10-19,9.97,10.05,9.9,9.96,3925600
2005-10-20,9.92,9.95,9.72,9.78,3084000
2005-10-21,9.92,9.92,9.1,9.12,13147600
2005-10-24,9.11,9.18,8.5,8.53,11486800
2005-10-25,8.44,8.45,8.17,8.29,5742400
2005-10-26,8.27,8.46,8.2,8.22,3692800
2005-10-27,8.12,8.29,8.03,8.2,2868400
2005-10-28,8.2,8.38,8.15,8.25,3812400
2005-10-31,8.2,8.47,8.05,8.42,4035200
2005-11-01,8.42,8.42,8.05,8.24,7358400
2005-11-02,8.3,8.37,8.12,8.32,3322000
2005-11-03,8.32,8.45,8.14,8.2,3874000
2005-11-04,8.2,8.2,7.83,7.92,4520000
2005-11-07,7.5,7.79,7.44,7.48,5178400
2005-11-08,7.4,7.55,7.4,7.49,4702000
2005-11-09,7.55,7.57,7.42,7.49,2930000
2005-11-10,7.48,7.58,7.42,7.57,3578800
2005-11-11,7.56,7.6,7.5,7.6,2730400
2005-11-14,7.57,7.6,7.5,7.52,3757200
2005-11-15,7.52,7.61,7.49,7.53,4201200
2005-11-16,7.47,7.5,7.27,7.38,4444000
2005-11-17,7.37,7.57,7.34,7.52,2746400
2005-11-18,7.62,7.83,7.46,7.61,3661200
2005-11-21,7.55,7.6,7.37,7.37,2868800
2005-11-22,7.37,7.39,7.27,7.31,3023200
2005-11-23,7.29,7.45,7.27,7.4,1928000
2005-11-25,7.43,7.47,7.35,7.43,859200
2005-11-28,7.41,7.71,7.41,7.65,3907600
2005-11-29,7.72,7.86,7.49,7.55,4627600
2005-11-30,7.5,7.94,7.44,7.82,6462000
2005-12-01,7.83,8.49,7.82,8.21,6007200
2005-12-02,8.23,8.29,8.15,8.22,3044400
2005-12-05,8.19,8.3,7.99,8.16,3512000
2005-12-06,8.17,8.24,8.05,8.18,2264400
2005-12-07,8.15,8.49,8.12,8.3,2967200
2005-12-08,8.36,8.53,8.27,8.53,3379200
2005-12-09,8.57,8.79,8.54,8.66,3523200
2005-12-12,8.63,8.68,8.53,8.57,2787200
2005-12-13,8.56,8.75,8.56,8.72,1916400
2005-12-14,8.67,8.74,8.34,8.49,3824000
2005-12-15,8.43,8.59,8.29,8.3,6126000
2005-12-16,8.33,8.45,8.21,8.45,6560000
2005-12-19,8.53,8.54,8.08,8.19,2757200
2005-12-20,8.19,8.23,8.04,8.04,1984800
2005-12-21,8.09,8.2,7.95,8.02,2260400
2005-12-22,7.98,8.13,7.97,8.11,2067200
2005-12-23,8.11,8.11,7.93,7.98,1607200
2005-12-27,7.96,7.97,7.68,7.68,2956400
2005-12-28,7.69,7.78,7.65,7.73,2087600
2005-12-29,7.7,7.79,7.65,7.7,2606800
2005-12-30,7.65,7.73,7.49,7.66,4520000
2006-01-03,7.85,7.87,7.54,7.62,3824000
2006-01-04,7.6,7.88,7.58,7.76,3591200
2006-01-05,7.73,7.84,7.66,7.68,2310000
2006-01-06,7.69,7.78,7.657,7.74,3418400
2006-01-09,7.66,7.77,7.65,7.7,2860400
2006-01-10,7.65,7.66,7.4,7.44,4674800
2006-01-11,7.52,7.57,7.45,7.53,3669600
2006-01-12,7.81,7.9199,7.52,7.64,6155600
2006-01-13,7.7,7.74,7.6,7.73,3293600
2006-01-17,7.77,7.82,7.69,7.78,2762000
2006-01-18,7.72,7.74,7.58,7.72,2462400
2006-01-19,7.64,7.7,7.57,7.67,1963200
2006-01-20,7.7,7.7,7.48,7.49,4131600
2006-01-23,7.5,7.55,7.33,7.35,4164000
2006-01-24,7.24,7.31,6.93,7.24,8384800
2006-01-25,7.28,7.36,7.22,7.29,3798400
2006-01-26,7.37,7.53,7.37,7.47,4001600
2006-01-27,7.49,7.63,7.4,7.48,3448000
2006-01-30,7.5,7.52,7.38,7.4,1395200
2006-01-31,7.36,7.42,7.22,7.27,2614400
2006-02-01,7.31,7.37,7.26,7.29,2232000
2006-02-02,7.26,7.29,7.1,7.21,2219200
2006-02-03,7.15,7.21,6.98,7.06,2241200
2006-02-06,7.06,7.09,6.91,7.06,2623200
2006-02-07,7.1,7.16,7.0,7.01,2551600
2006-02-08,7.08,7.1,7.02,7.07,2137600
2006-02-09,7.07,7.07,6.97,6.99,3562800
2006-02-10,6.95,7.04,6.89,7.04,2140800
2006-02-13,6.96,7.04,6.96,7.02,1297600
2006-02-14,7.01,7.06,6.89,7.05,1980800
2006-02-15,7.04,7.06,6.95,7.05,1747600
2006-02-16,7.5,7.6,7.37,7.59,6962000
2006-02-17,7.66,7.91,7.65,7.81,4863600
2006-02-21,8.09,8.25,7.83,8.06,4993600
2006-02-22,8.11,8.2,7.87,7.93,4561200
2006-02-23,7.95,8.2,7.92,8.17,2915200
2006-02-24,8.15,8.16,8.0,8.05,1728000
2006-02-27,8.07,8.08,7.97,8.01,1528800
2006-02-28,8.0,8.07,7.87,7.89,1926400
2006-03-01,7.83,7.88,7.7,7.71,3145200
2006-03-02,7.71,7.99,7.17,7.34,9225600
2006-03-03,7.25,7.69,7.24,7.43,4821600
2006-03-06,7.4,7.46,7.35,7.42,3054000
2006-03-07,7.37,7.42,7.05,7.1,3957200
2006-03-08,7.11,7.35,7.1,7.27,3576400
2006-03-09,7.2,7.37,7.11,7.26,4748000
2006-03-10,7.33,7.35,7.23,7.27,1728800
2006-03-13,7.16,7.33,7.11,7.11,2264800
2006-03-14,7.1,7.21,7.07,7.19,1258800
2006-03-15,7.12,7.23,7.11,7.2,1024400
2006-03-16,7.16,7.28,7.15,7.17,1496800
2006-03-17,7.23,7.31,7.18,7.28,2208800
2006-03-20,7.23,7.41,7.21,7.32,2043200
2006-03-21,7.25,7.29,7.04,7.07,2546000
2006-03-22,7.02,7.22,6.97,7.21,2086800
2006-03-23,7.17,7.27,7.09,7.26,2363600
2006-03-24,7.21,7.44,7.16,7.32,2783200
2006-03-27,7.32,7.41,7.23,7.3,2966000
2006-03-28,7.3,7.46,7.27,7.41,3400800
2006-03-29,7.41,7.57,7.36,7.48,2111600
2006-03-30,7.49,7.54,7.35,7.36,1551200
2006-03-31,7.37,7.46,7.33,7.38,1576000
2006-04-03,7.46,7.48,7.28,7.29,1460000
2006-04-04,7.27,8.1,7.02,7.9,9320400
2006-04-05,8.25,9.1,8.16,9.02,27957600
2006-04-06,9.0,9.27,8.79,9.04,8644000
2006-04-07,9.03,9.23,8.68,8.71,11694000
2006-04-10,8.65,8.78,8.57,8.73,3401200
2006-04-11,8.69,8.83,8.63,8.71,5093600
2006-04-12,8.68,8.77,8.6,8.74,3943200
2006-04-13,8.78,9.01,8.71,8.9,2764800
2006-04-17,8.91,8.91,8.69,8.74,2065200
2006-04-18,8.86,8.89,8.75,8.81,3184400
2006-04-19,8.86,9.04,8.78,8.97,2055200
2006-04-20,8.99,9.01,8.77,8.78,3373200
2006-04-21,8.85,8.93,8.61,8.63,3397600
2006-04-24,8.63,8.63,8.51,8.61,2213600
2006-04-25,8.6,8.63,8.5,8.53,2281600
2006-04-26,8.5,8.55,8.35,8.4,2902000
2006-04-27,8.41,8.42,8.28,8.34,1706400
2006-04-28,8.4,8.51,8.32,8.32,2727200
2006-05-01,8.32,8.5,8.14,8.17,3441200
2006-05-02,8.14,8.15,7.81,7.86,4949200
2006-05-03,7.86,8.08,7.81,8.05,3856400
2006-05-04,8.08,8.21,7.96,7.99,1992000
2006-05-05,7.97,8.05,7.95,8.02,1718000
2006-05-08,8.06,8.13,7.91,7.96,1755200
2006-05-09,7.8,7.99,7.58,7.59,5159600
2006-05-10,7.53,7.74,7.47,7.51,4197600
2006-05-11,7.5,7.5,7.29,7.34,3618000
2006-05-12,7.36,7.64,7.36,7.58,4094000
2006-05-15,7.62,7.64,7.39,7.53,2208400
2006-05-16,7.5,7.87,7.36,7.41,2351200
2006-05-17,7.85,8.03,7.62,8.03,6673600
2006-05-18,8.1,8.38,7.84,7.99,3405200
2006-05-19,7.99,8.08,7.77,7.95,2631600
2006-05-22,8.05,8.22,7.95,8.19,5161200
2006-05-23,8.19,8.19,7.75,7.75,2881600
2006-05-24,7.71,7.8,7.52,7.59,2689600
2006-05-25,7.66,7.76,7.62,7.63,1288000
2006-05-26,7.63,7.77,7.6,7.77,958800
2006-05-30,7.74,7.78,7.58,7.65,1398000
2006-05-31,7.68,7.93,7.68,7.92,3132000
2006-06-01,7.91,8.18,7.87,8.16,4906800
2006-06-02,8.06,8.18,8.0,8.05,1973200
2006-06-05,8.01,8.03,7.74,7.76,1511200
2006-06-06,7.75,7.95,7.68,7.73,2238400
2006-06-07,7.75,8.0,7.74,7.96,2826800
2006-06-08,8.0,8.11,7.85,7.98,3869200
2006-06-09,7.98,8.09,7.8,7.81,2690000
2006-06-12,7.85,7.92,7.69,7.72,1630400
2006-06-13,7.66,7.77,7.41,7.42,2318000
2006-06-14,7.37,7.5,7.24,7.32,2534400
2006-06-15,7.28,7.37,7.19,7.37,4131600
2006-06-16,7.32,7.47,7.3,7.41,3230000
2006-06-19,7.41,7.5,7.31,7.34,1235600
2006-06-20,7.34,7.37,7.05,7.08,5252800
2006-06-21,7.05,7.2,7.01,7.18,5166400
2006-06-22,7.14,7.29,7.11,7.28,3788800
2006-06-23,7.18,7.19,7.07,7.1,2333200
2006-06-26,7.07,7.19,7.02,7.03,2011200
2006-06-27,7.0,7.07,6.77,6.8,4789200
2006-06-28,6.81,9.0,6.8,7.23,6169600
2006-06-29,7.9,7.9,6.9475,7.1,31442800
2006-06-30,7.15,7.21,6.97,6.98,7416400
2006-07-03,6.98,7.05,6.78,6.9,2793600
2006-07-05,6.88,6.93,6.44,6.53,9664400
2006-07-06,6.53,6.66,6.48,6.54,5520400
2006-07-07,6.55,6.88,6.5,6.56,3188800
2006-07-10,6.53,6.61,6.49,6.57,2730800
2006-07-11,6.52,6.65,6.52,6.62,3147600
2006-07-12,6.63,6.676,6.51,6.55,2530000
2006-07-13,6.5,6.71,6.38,6.4,6044800
2006-07-14,6.23,6.47,6.17,6.23,11718400
2006-07-17,6.24,6.3,6.2,6.25,6501200
2006-07-18,6.25,6.28,6.1,6.18,6242800
2006-07-19,6.25,6.29,6.14,6.22,5198400
2006-07-20,6.22,6.3,6.13,6.15,4133600
2006-07-21,6.23,6.23,6.03,6.09,7532800
2006-07-24,6.09,6.16,5.92,5.96,4831600
2006-07-25,5.92,6.04,5.89,5.91,5542800
2006-07-26,5.9,6.04,5.85,5.98,4709200
2006-07-27,5.99,6.0,5.83,5.96,4112800
2006-07-28,5.96,6.0,5.88,5.92,4005600
2006-07-31,5.88,5.97,5.82,5.92,8020400
2006-08-01,5.87,5.92,5.77,5.81,5298400
2006-08-02,5.82,6.0,5.8,5.97,3546000
2006-08-03,5.98,6.0,5.9,6.0,2476000
2006-08-04,6.01,6.04,5.91,5.92,3612800
2006-08-07,5.89,5.95,5.87,5.93,1482800
2006-08-08,5.93,5.95,5.84,5.84,1717200
2006-08-09,5.84,5.92,5.79,5.83,2962000
2006-08-10,5.95,6.65,5.92,6.61,16048400
2006-08-11,6.88,7.06,6.75,7.05,10800800
2006-08-14,7.1,7.68,7.07,7.55,14026400
2006-08-15,7.6,7.6,7.2,7.29,5724800
2006-08-16,7.24,7.35,7.19,7.3,6084000
2006-08-17,7.14,7.5,7.14,7.5,4181200
2006-08-18,7.5,7.51,7.21,7.34,2776000
2006-08-21,7.26,7.39,7.2,7.32,2894800
2006-08-22,7.4,7.41,7.32,7.38,2023200
2006-08-23,7.39,7.46,7.33,7.39,1546000
2006-08-24,7.42,7.54,7.34,7.54,2490400
2006-08-25,7.48,7.62,7.27,7.29,3252400
2006-08-28,7.26,7.42,7.25,7.4,2183200
2006-08-29,7.41,7.62,7.39,7.61,3022000
2006-08-30,7.58,7.93,7.55,7.87,3829200
2006-08-31,7.94,7.98,7.7,7.88,3632000
2006-09-01,7.93,7.93,7.64,7.7,2480000
2006-09-05,7.65,7.7,7.6,7.61,1972400
2006-09-06,7.56,7.7,7.46,7.51,3341600
2006-09-07,7.52,7.62,7.46,7.54,1948000
2006-09-08,7.5,7.82,7.49,7.8,4206400
2006-09-11,7.82,8.23,7.73,8.05,6807600
2006-09-12,8.07,8.48,7.93,8.35,6692400
2006-09-13,8.58,8.58,8.35,8.37,6390800
2006-09-14,8.3399,8.36,8.15,8.27,3206000
2006-09-15,8.33,8.61,8.3,8.58,3942800
2006-09-18,8.6,8.69,8.3301,8.38,3530000
2006-09-19,8.38,8.42,8.26,8.36,2066800
2006-09-20,8.51,8.63,8.43,8.51,3992000
2006-09-21,8.51,8.58,8.25,8.27,1790400
2006-09-22,8.31,8.34,8.12,8.17,2024400
2006-09-25,8.19,8.33,8.13,8.2,2414400
2006-09-26,8.15,8.56,8.12,8.43,4080000
2006-09-27,8.39,8.4,8.16,8.17,2405200
2006-09-28,8.21,8.27,7.99,8.04,3132800
2006-09-29,8.18,8.23,8.06,8.14,2843600
2006-10-02,8.14,8.17,7.97,8.14,2478000
2006-10-03,8.15,8.19,7.93,8.12,2017200
2006-10-04,8.15,8.21,8.05,8.19,2001200
2006-10-05,8.15,8.49,8.13,8.49,2982400
2006-10-06,8.49,8.49,8.25,8.31,2579200
2006-10-09,8.26,8.29,8.1,8.13,1689200
2006-10-10,8.16,8.18,8.1,8.15,1823200
2006-10-11,8.15,8.15,8.07,8.11,1362000
2006-10-12,8.11,8.27,8.09,8.24,2162800
2006-10-13,8.25,8.2898,8.18,8.21,1666000
2006-10-16,8.22,8.29,8.11,8.25,1376400
2006-10-17,8.16,8.17,8.03,8.15,3710400
2006-10-18,8.16,8.25,8.08,8.12,1927600
2006-10-19,8.1,8.32,8.1,8.28,2542400
2006-10-20,8.29,8.29,8.11,8.14,2042000
2006-10-23,8.28,8.28,8.09,8.16,1337600
2006-10-24,8.12,8.19,8.06,8.13,4588000
2006-10-25,8.13,8.13,8.03,8.11,2782400
2006-10-26,8.16,8.16,8.01,8.03,2098400
2006-10-27,8.04,8.32,7.99,8.3,3308000
2006-10-30,7.55,7.87,7.31,7.42,9781200
2006-10-31,7.4,7.41,6.97,7.06,11569200
2006-11-01,7.04,7.16,6.93,6.97,6823600
2006-11-02,6.95,7.05,6.8,6.97,3350800
2006-11-03,6.93,6.98,6.81,6.84,5217600
2006-11-06,6.82,6.92,6.74,6.89,3702800
2006-11-07,6.91,7.26,6.91,7.07,5558800
2006-11-08,6.99,7.15,6.99,7.11,2812400
2006-11-09,7.07,7.47,7.05,7.27,5062400
2006-11-10,7.22,7.3,7.16,7.23,2888800
2006-11-13,7.22,7.37,7.19,7.34,2201600
2006-11-14,7.29,7.43,7.2,7.32,2040000
2006-11-15,7.21,7.33,7.15,7.27,2084800
2006-11-16,7.29,7.411,7.24,7.33,1839600
2006-11-17,7.3,7.35,7.222,7.26,3056400
2006-11-20,7.2,7.23,6.88,6.88,6013600
2006-11-21,6.82,7.2,6.73,7.0,4046800
2006-11-22,7.0,7.24,6.95,7.12,3656800
2006-11-24,7.15,7.16,7.05,7.09,738800
2006-11-27,7.17,7.17,7.05,7.09,3175200
2006-11-28,7.09,7.13,7.0,7.01,2944000
2006-11-29,6.97,7.04,6.85,6.99,2448800
2006-11-30,7.0,7.12,6.97,7.09,3164000
2006-12-01,7.1,7.1,6.94,6.98,2426400
2006-12-04,7.04,7.15,7.0,7.08,2408400
2006-12-05,7.03,7.09,6.95,7.0,4067600
2006-12-06,6.95,7.36,6.95,7.26,3672800
2006-12-07,7.25,7.32,7.14,7.19,2456400
2006-12-08,7.16,7.23,7.05,7.1,2243200
2006-12-11,7.07,7.12,7.04,7.07,1710000
2006-12-12,7.09,7.09,7.0,7.05,2118000
2006-12-13,7.0,7.14,7.0,7.04,1578800
2006-12-14,7.0,7.03,6.9,6.94,3344000
2006-12-15,6.9,6.94,6.8,6.82,4033200
2006-12-18,6.75,6.96,6.75,6.83,1913600
2006-12-19,6.89,6.96,6.84,6.85,1620000
2006-12-20,6.82,6.89,6.78,6.83,3650400
2006-12-21,6.85,6.98,6.84,6.86,1492800
2006-12-22,6.87,6.96,6.81,6.93,1770800
2006-12-26,6.93,6.96,6.85,6.85,1427200
2006-12-27,6.85,6.9,6.81,6.84,1411600
2006-12-28,6.85,7.1,6.83,7.02,3252800
2006-12-29,6.99,7.14,6.96,6.97,2890400
2007-01-03,7.02,7.38,7.0,7.14,4725600
2007-01-04,7.16,7.17,7.08,7.11,3059200
2007-01-05,7.1,7.14,7.05,7.1,3154800
2007-01-08,7.14,7.29,7.1,7.19,3838400
2007-01-09,7.23,7.28,7.13,7.18,3279200
2007-01-10,7.15,7.29,7.1,7.26,3098800
2007-01-11,7.27,7.3,7.24,7.28,2803200
2007-01-12,7.3,7.39,7.25,7.34,2664800
2007-01-16,7.37,7.52,7.35,7.49,3680400
2007-01-17,7.5,7.56,7.41,7.49,4002400
2007-01-18,7.66,7.68,7.46,7.51,4108800
2007-01-19,7.56,7.61,7.48,7.58,4292000
2007-01-22,7.59,7.6,7.34,7.53,3690800
2007-01-23,7.53,7.68,7.41,7.53,4090800
2007-01-24,7.5,7.5,7.26,7.33,5796000
2007-01-25,7.32,7.39,7.11,7.22,4124000
2007-01-26,7.22,7.26,7.07,7.07,3900400
2007-01-29,7.1,7.19,7.07,7.13,4419600
2007-01-30,7.14,7.17,7.02,7.05,3172000
2007-01-31,7.09,7.14,7.05,7.06,2754800
2007-02-01,7.06,7.18,6.98,7.16,3270800
2007-02-02,7.16,7.19,7.0,7.02,2068000
2007-02-05,7.11,7.23,7.07,7.23,4280400
2007-02-06,7.25,7.31,7.15,7.23,4068000
2007-02-07,7.23,7.37,7.19,7.36,2766400
2007-02-08,7.36,7.4,7.24,7.29,2224800
2007-02-09,7.28,7.31,7.16,7.19,2418400
2007-02-12,7.2,7.26,7.1,7.15,1751200
2007-02-13,7.15,7.2,6.97,7.07,4378800
2007-02-14,7.08,7.23,7.06,7.19,2904000
2007-02-15,7.19,7.38,7.19,7.35,2869200
2007-02-16,7.33,7.34,7.26,7.32,2456000
2007-02-20,7.38,7.67,7.35,7.5,5854800
2007-02-21,7.47,7.53,7.45,7.48,1676800
2007-02-22,7.51,7.57,7.46,7.52,1993200
2007-02-23,7.49,7.51,7.38,7.44,1830000
2007-02-26,7.4,7.55,7.33,7.5,2396800
2007-02-27,7.44,7.45,6.77,6.91,7373600
2007-02-28,6.94,6.96,6.75,6.82,5780800
2007-03-01,6.74,6.77,6.51,6.6,6326400
2007-03-02,6.57,6.61,6.21,6.43,7450000
2007-03-05,6.4,6.53,6.33,6.4,4309600
2007-03-06,6.41,6.48,6.3,6.36,4721600
2007-03-07,6.36,6.51,6.33,6.46,5376000
2007-03-08,6.28,6.55,6.28,6.44,4041600
2007-03-09,6.44,6.48,6.33,6.36,2850400
2007-03-12,6.34,6.4,6.29,6.31,2555200
2007-03-13,6.3,6.38,6.18,6.21,4261600
2007-03-14,6.21,6.34,6.19,6.31,5452800
2007-03-15,6.31,6.33,6.28,6.31,3990000
2007-03-16,6.25,6.41,6.24,6.35,6780800
2007-03-19,6.36,6.51,6.36,6.5,2763600
2007-03-20,6.5,6.53,6.45,6.51,2392800
2007-03-21,6.5,6.62,6.47,6.62,5917600
2007-03-22,6.67,6.84,6.3,6.81,5821600
2007-03-23,6.83,6.83,6.47,6.71,3332000
2007-03-26,6.69,6.69,6.58,6.67,3660000
2007-03-27,6.68,6.7,6.5,6.52,3134000
2007-03-28,6.49,6.52,6.4,6.48,5135600
2007-03-29,6.49,6.52,6.38,6.44,3212800
2007-03-30,6.4,6.47,6.4,6.43,2303600
2007-04-02,6.45,6.45,6.4,6.42,3794400
2007-04-03,6.5,6.63,6.43,6.63,4653200
2007-04-04,6.61,6.64,6.52,6.61,3238800
2007-04-05,6.6,6.75,6.59,6.73,2642400
2007-04-09,6.8,6.96,6.78,6.93,6122800
2007-04-10,6.93,7.01,6.91,6.99,4969200
2007-04-11,6.99,7.0,6.84,6.87,3863600
2007-04-12,6.8,7.08,6.8,7.07,5758800
2007-04-13,7.05,7.17,6.91,7.03,4449200
2007-04-16,7.22,7.3,7.04,7.11,2986800
2007-04-17,7.11,7.19,7.11,7.19,2890800
2007-04-18,7.15,7.211,7.07,7.17,3283200
2007-04-19,7.15,7.2,7.09,7.2,2417600
2007-04-20,7.27,7.45,7.24,7.41,6237600
2007-04-23,7.42,7.42,7.29,7.36,2571600
2007-04-24,7.38,7.47,7.34,7.44,4874000
2007-04-25,7.48,7.59,7.44,7.54,5314800
2007-04-26,7.51,7.59,7.44,7.5,4066000
2007-04-27,7.5,7.51,7.42,7.5,3083200
2007-04-30,7.5,7.5,7.42,7.42,3473600
2007-05-01,7.42,7.43,7.32,7.4,2922800
2007-05-02,7.41,7.49,7.32,7.41,5475600
2007-05-03,7.4,7.46,7.35,7.4,5268000
2007-05-04,7.45,7.47,7.38,7.47,2540800
2007-05-07,7.48,7.8,7.46,7.63,5463200
2007-05-08,7.64,7.76,7.22,7.26,11922800
2007-05-09,7.14,7.2,6.89,7.01,11329600
2007-05-10,6.96,7.14,6.93,7.06,7983600
2007-05-11,7.06,7.07,6.88,6.97,6942000
2007-05-14,6.99,7.06,6.9,6.93,4294800
2007-05-15,6.93,7.01,6.91,6.97,5554000
2007-05-16,6.98,7.05,6.92,7.03,5956800
2007-05-17,7.03,7.05,6.93,6.96,4646800
2007-05-18,6.99,7.01,6.83,6.88,9952800
2007-05-21,6.83,6.84,6.74,6.76,5464000
2007-05-22,6.79,6.98,6.7362,6.91,4720800
2007-05-23,6.92,6.98,6.87,6.95,5910400
2007-05-24,6.95,7.0,6.87,6.89,5364400
2007-05-25,6.9,6.92,6.82,6.87,3091600
2007-05-29,6.89,6.93,6.85,6.87,2242000
2007-05-30,6.84,6.95,6.83,6.95,2076000
2007-05-31,6.97,7.11,6.9,6.95,7807200
2007-06-01,6.98,7.04,6.96,7.02,4963200
2007-06-04,7.02,7.16,6.99,7.16,4652000
2007-06-05,7.14,7.19,6.96,7.03,6734800
2007-06-06,7.04,7.04,6.75,6.9,9786000
2007-06-07,6.9,6.9,6.77,6.78,5748800
2007-06-08,6.78,6.88,6.76,6.84,6089600
2007-06-11,6.81,6.88,6.77,6.84,5793200
2007-06-12,6.79,6.89,6.71,6.71,7290000
2007-06-13,6.72,6.74,6.61,6.73,4926400
2007-06-14,6.72,6.73,6.59,6.65,6601200
2007-06-15,6.66,7.05,6.58,6.72,5659600
2007-06-18,6.72,6.85,6.72,6.75,3702400
2007-06-19,6.75,6.75,6.62,6.75,6896000
2007-06-20,6.75,6.77,6.61,6.63,4060000
2007-06-21,6.55,6.65,6.49,6.63,5466800
2007-06-22,6.59,6.67,6.53,6.59,6474800
2007-06-25,6.58,6.59,6.48,6.5,5288800
2007-06-26,6.55,6.57,6.41,6.43,9313600
2007-06-27,6.4,6.49,6.38,6.46,6317600
2007-06-28,6.41,6.53,6.37,6.41,6158000
2007-06-29,6.41,6.53,6.39,6.51,7480000
2007-07-02,6.51,6.57,6.43,6.56,6069600
2007-07-03,6.57,6.67,6.57,6.67,3332400
2007-07-05,6.67,6.8,6.66,6.68,5078800
2007-07-06,6.69,6.69,6.52,6.59,5275200
2007-07-09,6.59,6.63,6.53,6.57,7653600
2007-07-10,6.54,6.59,6.42,6.45,8612000
2007-07-11,6.5,6.56,6.43,6.53,5980000
2007-07-12,6.53,6.6,6.5,6.57,8308400
2007-07-13,6.59,6.62,6.54,6.57,6575600
2007-07-16,6.55,6.64,6.52,6.61,6826400
2007-07-17,6.56,6.6,6.45,6.49,11807600
2007-07-18,6.51,6.53,6.32,6.45,10723600
2007-07-19,6.45,6.5,6.29,6.31,7468000
2007-07-20,6.27,6.35,6.13,6.18,8050800
2007-07-23,6.13,6.13,5.92,6.02,17183600
2007-07-24,5.97,6.05,5.85,5.94,13247200
2007-07-25,5.94,5.96,5.76,5.82,7446000
2007-07-26,5.79,5.8,5.42,5.55,11881200
2007-07-27,5.55,5.59,5.45,5.55,13298000
2007-07-30,5.55,5.68,5.34,5.35,8546400
2007-07-31,5.41,5.41,5.16,5.18,9898000
2007-08-01,5.18,5.22,4.89,5.12,11275200
2007-08-02,5.06,5.22,5.05,5.12,4703200
2007-08-03,5.09,5.12,4.85,4.86,5861200
2007-08-06,4.91,5.23,4.83,4.94,14575200
2007-08-07,4.77,4.95,3.9,4.15,27474400
2007-08-08,4.21,4.45,3.93,4.39,26673600
2007-08-09,4.47,5.09,4.36,4.66,20188800
2007-08-10,4.7,4.72,4.4,4.46,15372800
2007-08-13,4.36,4.48,4.28,4.41,10948400
2007-08-14,4.34,4.38,4.25,4.25,5062800
2007-08-15,4.25,4.33,3.99,4.02,9952800
2007-08-16,3.96,4.0,3.56,3.78,29606000
2007-08-17,3.93,4.01,3.72,3.8,24288000
2007-08-20,3.8,3.83,3.7,3.72,8297200
2007-08-21,3.72,3.74,3.63,3.68,10451600
2007-08-22,3.7,3.84,3.69,3.78,13182800
2007-08-23,3.78,3.92,3.77,3.78,16144400
2007-08-24,3.8,3.87,3.63,3.67,15918000
2007-08-27,3.81,3.82,3.63,3.68,25192000
2007-08-28,3.66,3.67,3.29,3.34,73558000
2007-08-29,3.45,3.48,3.23,3.4,19919600
2007-08-30,3.35,3.48,3.35,3.41,15172000
2007-08-31,3.41,3.53,3.37,3.39,14752000
2007-09-04,3.37,3.4,3.31,3.35,8728800
2007-09-05,3.32,3.43,3.27,3.4,9370400
2007-09-06,3.35,3.54,3.35,3.5,11630800
2007-09-07,3.45,3.51,3.44,3.48,15474000
2007-09-10,3.46,3.48,3.3,3.33,11730400
2007-09-11,3.39,3.4,3.23,3.35,9050000
2007-09-12,3.31,3.5,3.31,3.4,9017600
2007-09-13,3.42,3.43,3.32,3.36,4789600
2007-09-14,3.32,3.34,3.24,3.26,5534800
2007-09-17,3.25,3.28,3.11,3.27,13769200
2007-09-18,3.27,3.41,3.2,3.34,5131200
2007-09-19,3.38,3.42,3.29,3.39,8324800
2007-09-20,3.44,3.49,3.37,3.4,6285600
2007-09-21,3.45,3.6,3.35,3.55,14276800
2007-09-24,3.53,3.59,3.41,3.56,9320800
2007-09-25,3.55,3.57,3.43,3.47,8886800
2007-09-26,3.49,3.55,3.48,3.52,7347600
2007-09-27,3.51,3.54,3.41,3.42,10009200
2007-09-28,3.44,3.44,3.3,3.36,11936000
2007-10-01,3.38,3.41,3.25,3.32,9832400
2007-10-02,3.31,3.37,3.26,3.33,6674400
2007-10-03,3.34,3.46,3.32,3.45,13750400
2007-10-04,3.48,3.56,3.36,3.5,9772000
2007-10-05,3.51,3.54,3.47,3.49,5261600
2007-10-08,3.46,3.49,3.4,3.43,2878800
2007-10-09,3.42,3.45,3.4,3.45,2404000
2007-10-10,3.46,3.58,3.46,3.56,8012800
2007-10-11,3.61,3.63,3.36,3.41,9298000
2007-10-12,3.41,3.43,3.28,3.3,5478800
2007-10-15,3.3,3.34,3.2,3.27,9015600
2007-10-16,3.23,3.27,3.11,3.16,16773600
2007-10-17,3.16,3.17,3.06,3.1,12978000
2007-10-18,3.09,3.3,3.08,3.25,7657200
2007-10-19,3.23,3.38,3.1,3.1,11409200
2007-10-22,3.11,3.29,3.06,3.26,8171200
2007-10-23,3.27,3.35,3.17,3.35,9118400
2007-10-24,3.33,3.36,3.18,3.29,6718400
2007-10-25,3.31,3.37,3.27,3.32,5686800
2007-10-26,3.33,3.41,3.29,3.38,5855200
2007-10-29,3.39,3.47,3.36,3.45,4991600
2007-10-30,3.43,3.58,3.43,3.53,7589600
2007-10-31,3.52,3.55,3.43,3.51,6912400
2007-11-01,3.49,3.51,3.25,3.3,8983200
2007-11-02,3.31,3.38,3.18,3.2,10556800
2007-11-05,3.23,3.25,3.18,3.23,7713200
2007-11-06,3.68,3.95,3.51,3.95,36266000
2007-11-07,3.95,4.2,3.84,3.92,18413600
2007-11-08,3.95,4.1,3.94,4.06,10280800
2007-11-09,4.07,4.28,4.05,4.06,9999600
2007-11-12,4.02,4.38,4.02,4.35,13281200
2007-11-13,4.38,4.42,4.22,4.37,9083600
2007-11-14,4.43,4.43,4.25,4.38,8144000
2007-11-15,4.35,4.5,4.27,4.34,9676800
2007-11-16,4.38,4.45,4.31,4.4,8042400
2007-11-19,4.38,4.44,4.22,4.25,15198400
2007-11-20,4.27,4.32,3.88,4.01,16833600
2007-11-21,4.0,4.08,3.94,3.96,5509600
2007-11-23,3.96,4.01,3.94,3.97,1886000
2007-11-26,3.97,4.07,3.96,4.0,7848800
2007-11-27,4.18,4.48,4.07,4.43,17514400
2007-11-28,4.47,5.18,4.45,4.91,24085200
2007-11-29,4.95,5.15,4.9,5.09,13475600
2007-11-30,5.19,5.71,5.135,5.51,19378000
2007-12-03,5.57,5.58,5.25,5.33,14156800
2007-12-04,5.27,5.65,5.27,5.34,13778800
2007-12-05,5.38,5.53,5.33,5.44,11426000
2007-12-06,5.44,5.74,5.35,5.72,11502000
2007-12-07,5.79,5.93,5.7,5.82,9459600
2007-12-10,5.86,5.98,5.77,5.95,7836400
2007-12-11,5.97,6.0,5.52,5.53,11552800
2007-12-12,5.76,5.83,5.42,5.56,8636800
2007-12-13,5.54,5.68,5.38,5.6,8601200
2007-12-14,5.55,5.6,5.27,5.35,11394000
2007-12-17,5.29,5.36,5.01,5.02,12503200
2007-12-18,5.1,5.16,4.87,5.14,7909600
2007-12-19,5.15,5.2,5.01,5.11,4691600
2007-12-20,5.14,5.18,5.08,5.17,3866000
2007-12-21,5.35,5.43,5.25,5.32,8256400
2007-12-24,5.4,5.57,5.11,5.49,3485600
2007-12-26,5.44,5.56,5.41,5.44,3080000
2007-12-27,5.44,5.49,5.11,5.2,5631600
2007-12-28,5.2,5.25,5.04,5.08,2539200
2007-12-31,5.07,5.12,4.96,5.08,3314000
2008-01-02,5.08,5.1,4.98,5.01,4614800
2008-01-03,5.01,5.07,4.86,4.93,5704000
2008-01-04,4.85,4.92,4.66,4.75,8526000
2008-01-07,4.79,4.9,4.64,4.9,8447200
2008-01-08,4.95,5.0,4.74,4.76,7025600
2008-01-09,4.79,4.9,4.49,4.64,12315200
2008-01-10,4.6,4.64,4.34,4.46,8064800
2008-01-11,4.43,4.43,4.04,4.26,11972000
2008-01-14,4.34,4.36,4.23,4.3,7067200
2008-01-15,4.5,4.65,4.31,4.44,22204800
2008-01-16,4.39,4.89,4.39,4.76,16411200
2008-01-17,4.56,4.8,4.51,4.51,15029600
2008-01-18,4.55,4.76,4.25,4.4,8928000
2008-01-22,4.1,4.37,4.06,4.31,8703600
2008-01-23,4.15,4.3,4.14,4.28,8123600
2008-01-24,4.79,4.79,4.5,4.61,18218000
2008-01-25,4.72,4.78,4.5,4.6,13722800
2008-01-28,4.62,4.7,4.51,4.7,8628800
2008-01-29,4.72,4.8,4.6,4.69,14168400
2008-01-30,4.72,4.72,4.32,4.36,6713200
2008-01-31,4.3,4.51,4.26,4.4,11870400
2008-02-01,4.41,4.63,4.41,4.55,12496400
2008-02-04,4.52,4.79,4.5,4.69,9737600
2008-02-05,4.66,4.99,4.62,4.63,16844400
2008-02-06,4.71,4.77,4.61,4.63,7399600
2008-02-07,4.61,4.65,4.4,4.5,6946000
2008-02-08,4.5,4.57,4.2,4.27,8107600
2008-02-11,4.32,4.33,4.195,4.26,3948000
2008-02-12,4.28,4.29,4.14,4.2,4040400
2008-02-13,4.19,4.25,4.11,4.21,5194800
2008-02-14,4.17,4.24,4.14,4.15,3840400
2008-02-15,4.12,4.23,4.11,4.19,5442800
2008-02-19,4.2,4.34,4.19,4.24,4411600
2008-02-20,4.18,4.28,4.17,4.26,3070400
2008-02-21,4.27,4.29,4.15,4.17,4091600
2008-02-22,4.2,4.26,4.115,4.25,8239600
2008-02-25,4.21,4.3,4.19,4.28,8345600
2008-02-26,4.81,4.98,4.7,4.9,27039200
2008-02-27,5.2,5.35,4.97,5.0,18423200
2008-02-28,4.95,5.05,4.741,4.99,7572000
2008-02-29,4.93,4.98,4.79,4.81,7392800
2008-03-03,4.835,4.9,4.75,4.84,7736800
2008-03-04,4.8,5.05,4.78,5.04,9900800
2008-03-05,5.1,5.17,5.03,5.09,7373600
2008-03-06,5.1,5.18,4.86,4.94,17145200
2008-03-07,4.83,5.005,4.8,4.88,6988000
2008-03-10,4.89,5.08,4.82,4.9,9206400
2008-03-11,4.88,5.05,4.82,4.97,11100400
2008-03-12,4.99,5.13,4.82,4.95,8161600
2008-03-13,4.87,5.2,4.86,5.12,6645200
2008-03-14,5.15,5.24,4.99,5.01,10128400
2008-03-17,4.9,5.02,4.8,4.84,5607600
2008-03-18,4.92,4.98,4.74,4.98,11599600
2008-03-19,5.0,5.14,4.98,5.04,7452000
2008-03-20,5.01,5.24,4.98,5.24,6985600
2008-03-24,5.2,5.49,5.14,5.4,7833200
2008-03-25,5.39,5.48,5.22,5.41,5466800
2008-03-26,5.37,5.42,5.22,5.26,6230000
2008-03-27,5.25,5.4,5.24,5.3,5338400
2008-03-28,5.38,5.76,5.31,5.51,11706400
2008-03-31,5.52,5.74,5.52,5.66,7041600
2008-04-01,5.75,5.87,5.62,5.85,6003600
2008-04-02,5.87,5.9,5.77,5.81,5559200
2008-04-03,5.8,5.83,5.72,5.8,6812400
2008-04-04,5.81,5.85,5.47,5.53,8902000
2008-04-07,5.63,5.63,5.42,5.61,6189600
2008-04-08,5.56,5.74,5.43,5.49,7930800
2008-04-09,5.5,5.51,5.26,5.3,7138000
2008-04-10,5.29,5.3325,5.16,5.21,6981600
2008-04-11,5.16,5.26,5.16,5.22,5972800
2008-04-14,5.21,5.2801,5.17,5.22,7497200
2008-04-15,5.25,5.39,5.22,5.33,6030800
2008-04-16,5.38,5.44,5.34,5.4,5223200
2008-04-17,5.37,5.46,5.2,5.22,5486800
2008-04-18,5.31,5.54,5.25,5.44,5827200
2008-04-21,5.51,5.51,5.345,5.38,3541200
2008-04-22,5.35,5.38,5.16,5.22,3367200
2008-04-23,5.29,5.6,5.26,5.54,10152400
2008-04-24,5.55,5.55,5.42,5.46,3542400
2008-04-25,5.7,6.32,5.7,6.19,18726800
2008-04-28,6.22,6.75,6.14,6.7,16400800
2008-04-29,6.36,6.57,6.12,6.55,12345200
2008-04-30,6.55,6.57,6.35,6.4,11790000
2008-05-01,6.36,6.61,6.31,6.46,12978800
2008-05-02,6.39,6.57,6.35,6.38,5984000
2008-05-05,6.33,6.68,6.33,6.47,7420400
2008-05-06,6.58,6.88,5.9,6.01,25538800
2008-05-07,6.01,6.15,5.67,5.7,15696000
2008-05-08,5.71,5.77,5.63,5.74,5745200
2008-05-09,5.62,5.76,5.55,5.7,4421200
2008-05-12,5.7,5.76,5.63,5.73,3286800
2008-05-13,5.74,5.91,5.61,5.68,4256800
2008-05-14,5.69,5.76,5.66,5.73,4686800
2008-05-15,5.74,5.77,5.64,5.69,4225200
2008-05-16,5.71,5.74,5.66,5.66,4951600
2008-05-19,5.65,5.78,5.65,5.68,6054800
2008-05-20,5.64,5.76,5.62,5.74,6683600
2008-05-21,5.83,5.83,5.43,5.53,10881600
2008-05-22,5.46,5.76,5.46,5.72,7493600
2008-05-23,5.68,5.75,5.57,5.61,5271600
2008-05-27,5.62,5.76,5.58,5.68,5252400
2008-05-28,5.74,5.93,5.68,5.91,7132400
2008-05-29,5.88,6.15,5.88,5.97,6174000
2008-05-30,5.98,6.04,5.85,5.9,4982400
2008-06-02,5.89,6.03,5.8,5.99,7224800
2008-06-03,6.08,6.13,5.92,6.05,6971600
2008-06-04,5.95,6.18,5.89,6.05,9947200
2008-06-05,6.06,6.14,5.96,6.02,5154800
2008-06-06,5.95,5.99,5.65,5.71,6849600
2008-06-09,5.73,5.74,5.54,5.6,4247600
2008-06-10,5.55,5.55,5.35,5.43,6710400
2008-06-11,5.37,5.46,5.29,5.3,7004400
2008-06-12,5.64,5.8,5.6,5.69,7657200
2008-06-13,5.72,5.78,5.64,5.75,4326800
2008-06-16,5.7,5.76,5.58,5.63,2927600
2008-06-17,5.65,5.7,5.48,5.48,3152800
2008-06-18,5.48,5.58,5.44,5.51,6824400
2008-06-19,5.57,5.58,5.37,5.47,4723600
2008-06-20,5.32,5.51,5.3,5.33,6649200
2008-06-23,5.33,5.45,5.26,5.37,6061600
2008-06-24,5.33,5.53,5.22,5.47,7474000
2008-06-25,5.53,5.61,5.44,5.57,4423200
2008-06-26,5.57,5.57,5.37,5.42,4822800
2008-06-27,5.45,5.51,5.37,5.48,4505200
2008-06-30,5.48,5.66,5.43,5.56,6078000
2008-07-01,5.49,5.66,5.45,5.65,6821600
2008-07-02,5.73,5.97,5.65,5.66,7714000
2008-07-03,5.73,5.74,5.46,5.58,3382000
2008-07-07,5.58,5.64,5.27,5.38,8522800
2008-07-08,5.34,5.63,5.34,5.59,6443600
2008-07-09,5.59,5.69,5.51,5.52,6327600
2008-07-10,5.51,5.63,5.43,5.54,4778000
2008-07-11,5.38,5.63,5.19,5.57,9076000
2008-07-14,5.55,5.6,5.46,5.51,4330400
2008-07-15,5.46,5.56,5.3,5.49,4383200
2008-07-16,5.47,5.97,5.46,5.92,8344000
2008-07-17,5.94,6.0,5.595,5.69,9547600
2008-07-18,5.72,5.96,5.71,5.78,2322700
2008-07-21,5.75,5.87,5.75,5.82,1109600
2008-07-22,5.83,5.93,5.73,5.84,3444000
2008-07-23,5.93,5.94,5.79,5.8,6708000
2008-07-24,5.83,5.9,5.8,5.84,4932000
2008-07-25,5.88,5.9,5.79,5.83,3159200
2008-07-28,5.77,5.85,5.67,5.67,3366400
2008-07-29,5.68,5.95,5.63,5.92,7812400
2008-07-30,5.94,6.08,5.73,5.81,11288400
2008-07-31,5.84,5.89,5.75,5.79,4288800
2008-08-01,5.74,6.12,5.71,6.04,5505600
2008-08-04,6.12,6.37,5.93,6.23,12151600
2008-08-05,5.64,5.84,5.27,5.72,19772000
2008-08-06,5.68,5.68,5.4,5.49,8885200
2008-08-07,5.45,5.58,5.3,5.36,8464400
2008-08-08,5.28,5.74,5.28,5.67,7361600
2008-08-11,5.67,5.98,5.64,5.77,7040000
2008-08-12,5.72,5.8,5.61,5.63,5932000
2008-08-13,5.61,5.74,5.56,5.71,4040400
2008-08-14,5.58,6.05,5.58,5.93,5287200
2008-08-15,5.93,6.12,5.93,6.09,5122000
2008-08-18,6.1,6.18,5.99,6.04,3852400
2008-08-19,5.96,6.19,5.96,6.15,3526000
2008-08-20,6.15,6.26,6.05,6.1,3034800
2008-08-21,6.04,6.17,5.97,6.13,2413600
2008-08-22,6.18,6.18,6.03,6.08,3436800
2008-08-25,6.03,6.05,5.86,5.92,2335200
2008-08-26,5.83,5.95,5.83,5.91,1721600
2008-08-27,5.93,6.01,5.86,5.99,2545200
2008-08-28,6.03,6.15,6.0,6.09,2735600
2008-08-29,6.05,6.17,6.02,6.03,3148000
2008-09-02,6.12,6.21,5.98,6.08,3481600
2008-09-03,6.24,6.63,6.24,6.44,15950800
2008-09-04,6.44,6.5,6.35,6.4,6497200
2008-09-05,6.32,6.48,6.22,6.31,3462400
2008-09-08,6.42,6.56,6.34,6.55,4277600
2008-09-09,6.49,6.62,6.31,6.31,4987600
2008-09-10,6.31,6.36,6.02,6.08,6178800
2008-09-11,5.95,6.24,5.92,6.21,4038400
2008-09-12,6.19,6.49,5.92,6.48,5311600
2008-09-15,6.26,6.38,5.995,6.07,6836800
2008-09-16,6.02,6.12,5.77,5.95,5978000
2008-09-17,5.83,5.99,5.71,5.84,8001200
2008-09-18,5.95,6.25,5.915,6.14,10025600
2008-09-19,6.44,6.7,5.97,6.26,15388400
2008-09-22,6.1,6.33,6.05,6.08,7246000
2008-09-23,6.1,6.39,6.1,6.16,7199600
2008-09-24,6.1,6.24,5.9,6.01,4574400
2008-09-25,6.08,6.19,5.98,6.13,5393200
2008-09-26,6.1,6.2,5.92,6.01,5267600
2008-09-29,5.99,6.0,5.43,5.55,7989200
2008-09-30,5.57,5.63,5.4,5.55,5238400
2008-10-01,5.3,5.32,5.1,5.25,14788000
2008-10-02,5.2,5.33,4.89,5.01,9977600
2008-10-03,5.15,5.43,4.99,5.01,14997200
2008-10-06,4.92,5.0,4.31,4.51,10664400
2008-10-07,4.51,4.635,4.22,4.22,8978800
2008-10-08,4.13,4.5,4.08,4.29,8324800
2008-10-09,4.34,4.5,3.98,4.02,8388000
2008-10-10,3.77,4.47,3.61,4.18,14660400
2008-10-13,4.36,4.73,4.21,4.71,6122800
2008-10-14,4.88,5.05,4.35,4.54,8437600
2008-10-15,4.48,4.48,4.01,4.04,6695200
2008-10-16,4.06,4.19,3.99,4.08,9183600
2008-10-17,4.0,4.12,3.92,3.94,2271900
2008-10-20,3.95,4.08,3.88,4.03,1250100
2008-10-21,3.93,4.12,3.92,4.0,5590000
2008-10-22,3.89,4.13,3.76,3.79,5859600
2008-10-23,3.82,3.84,3.29,3.61,10924800
2008-10-24,3.29,3.68,3.24,3.6,5487200
2008-10-27,3.54,3.57,3.38,3.44,4823200
2008-10-28,3.45,3.57,3.29,3.57,7936800
2008-10-29,3.52,3.67,3.37,3.47,8308400
2008-10-30,3.58,4.02,3.48,4.01,13269200
2008-10-31,3.87,4.45,3.81,4.38,9858800
2008-11-03,4.35,4.5,4.12,4.12,10604800
2008-11-04,3.8,3.9,2.52,2.61,61659600
2008-11-05,2.74,2.74,2.25,2.48,28956800
2008-11-06,2.52,2.62,2.26,2.32,15543600
2008-11-07,2.31,2.37,2.25,2.26,8176000
2008-11-10,2.35,2.35,1.9,2.06,15955600
2008-11-11,2.05,2.06,1.94,2.05,9175600
2008-11-12,2.02,2.11,1.91,1.99,7373600
2008-11-13,2.0,2.2,1.82,2.17,11071600
2008-11-14,2.05,2.14,1.95,1.95,6924400
2008-11-17,1.85,2.05,1.84,1.85,5356400
2008-11-18,1.85,1.9,1.65,1.8,5112000
2008-11-19,1.8,1.8,1.46,1.46,7490400
2008-11-20,1.46,1.46,1.0,1.09,19798000
2008-11-21,1.16,1.26,1.02,1.21,9450000
2008-11-24,1.28,1.34,1.17,1.28,5998400
2008-11-25,1.31,1.34,1.19,1.21,4263600
2008-11-26,1.2,1.26,1.15,1.18,6832800
2008-11-28,1.26,1.33,1.12,1.21,7102000
2008-12-01,1.2,1.2,1.06,1.13,4956800
2008-12-02,1.15,1.26,1.1,1.2,10258800
2008-12-03,1.2,1.38,1.15,1.34,6616800
2008-12-04,1.35,1.52,1.31,1.32,6295600
2008-12-05,1.3,1.44,1.3,1.42,4622000
2008-12-08,1.5,1.58,1.45,1.54,4340000
2008-12-09,1.55,1.62,1.47,1.5,4394000
2008-12-10,1.52,1.55,1.36,1.41,4890000
2008-12-11,1.4,1.45,1.35,1.38,6626000
2008-12-12,1.29,1.42,1.29,1.37,3889600
2008-12-15,1.38,1.45,1.17,1.23,6660400
2008-12-16,1.25,1.28,1.16,1.2,7972400
2008-12-17,1.19,1.26,1.19,1.21,5500400
2008-12-18,1.23,1.23,1.1,1.13,6670800
2008-12-19,1.14,1.18,0.99,1.07,22284800
2008-12-22,1.08,1.15,1.01,1.08,10726000
2008-12-23,1.1,1.16,1.07,1.1,5567600
2008-12-24,1.11,1.15,1.08,1.15,806400
2008-12-26,1.17,1.24,1.12,1.21,2789200
2008-12-29,1.22,1.22,1.12,1.12,5308400
2008-12-30,1.12,1.16,1.09,1.16,5052800
2008-12-31,1.15,1.24,1.15,1.15,6151600
2009-01-02,1.18,1.31,1.18,1.27,5536800
2009-01-05,1.27,1.29,1.08,1.1,13440400
2009-01-06,1.19,1.3,1.15,1.25,12582400
2009-01-07,1.28,1.42,1.22,1.31,11322400
2009-01-08,1.31,1.47,1.31,1.45,10609600
2009-01-09,1.46,1.48,1.37,1.38,5952400
2009-01-12,1.38,1.39,1.22,1.23,5917600
2009-01-13,1.22,1.25,1.2,1.21,4476000
2009-01-14,1.19,1.23,1.16,1.2,4452800
2009-01-15,1.16,1.26,1.13,1.21,4903200
2009-01-16,1.22,1.29,1.17,1.19,4392000
2009-01-20,1.2,1.21,1.15,1.15,2316400
2009-01-21,1.18,1.25,1.15,1.24,4616800
2009-01-22,1.3,1.35,1.2,1.22,6316400
2009-01-23,1.19,1.27,1.14,1.16,7684800
2009-01-26,1.23,1.23,1.14,1.15,5105200
2009-01-27,1.16,1.175,1.14,1.15,1810400
2009-01-28,1.18,1.24,1.16,1.19,3706800
2009-01-29,1.17,1.2,1.11,1.13,1977600
2009-01-30,1.14,1.16,1.06,1.07,4348800
2009-02-02,1.1,1.14,1.05,1.1,2781200
2009-02-03,1.12,1.12,1.06,1.07,3831200
2009-02-04,1.08,1.1,1.07,1.07,2466400
2009-02-05,1.14,1.18,1.07,1.15,3520800
2009-02-06,1.16,1.21,1.1,1.2,4840000
2009-02-09,1.23,1.23,1.12,1.14,3129200
2009-02-10,1.2,1.25,1.11,1.12,6267600
2009-02-11,1.2,1.2,1.12,1.15,3630000
2009-02-12,1.14,1.19,1.13,1.17,3079200
2009-02-13,1.19,1.19,1.16,1.17,1646800
2009-02-17,1.15,1.2,1.1,1.11,3438400
2009-02-18,1.11,1.129,1.04,1.06,4153600
2009-02-19,1.05,1.09,1.03,1.05,4722800
2009-02-20,1.03,1.05,0.94,0.98,5325600
2009-02-23,1.0,1.13,0.78,0.98,10938800
2009-02-24,1.1,1.1,0.93,1.04,6456400
2009-02-25,1.04,1.07,0.98,1.03,5869200
2009-02-26,1.09,1.24,1.04,1.14,12659200
2009-02-27,1.11,1.2,1.06,1.11,3703200
2009-03-02,1.09,1.11,1.0,1.01,10778000
2009-03-03,1.02,1.07,0.97,1.02,5677200
2009-03-04,1.04,1.06,0.97,0.97,7569600
2009-03-05,0.97,0.99,0.9,0.94,3516400
2009-03-06,0.94,1.0,0.78,0.92,3428800
2009-03-09,0.92,0.95,0.84,0.9,3802000
2009-03-10,0.93,0.96,0.9,0.92,5910800
2009-03-11,0.94,0.94,0.86,0.9,3599600
2009-03-12,0.89,0.96,0.89,0.96,3408000
2009-03-13,0.97,1.04,0.95,1.03,3525600
2009-03-16,1.03,1.1,0.995,1.0,3520400
2009-03-17,1.01,1.09,0.995,1.03,2116800
2009-03-18,1.05,1.07,1.0,1.02,3147600
2009-03-19,1.05,1.09,1.02,1.05,2514400
2009-03-20,1.08,1.1,1.0,1.0,5410800
2009-03-23,1.02,1.15,1.0,1.14,7041200
2009-03-24,1.18,1.2,1.11,1.13,4172800
2009-03-25,1.2,1.23,1.11,1.14,4127200
2009-03-26,1.13,1.26,1.13,1.23,4203200
2009-03-27,1.23,1.31,1.16,1.16,5370000
2009-03-30,1.15,1.16,1.1,1.11,2787200
2009-03-31,1.13,1.16,1.1,1.16,2675200
2009-04-01,1.13,1.22,1.12,1.2,3812400
2009-04-02,1.22,1.25,1.18,1.19,3932400
2009-04-03,1.16,1.2,1.09,1.11,4264000
2009-04-06,1.11,1.17,1.1,1.12,3400800
2009-04-07,1.11,1.15,1.09,1.1,2124400
2009-04-08,1.1,1.13,1.04,1.05,5476400
2009-04-09,1.07,1.17,1.06,1.09,5341600
2009-04-13,1.13,1.17,1.09,1.15,4619600
2009-04-14,1.15,1.42,1.13,1.36,13980400
2009-04-15,1.42,1.53,1.33,1.46,9626400
2009-04-16,1.53,1.54,1.4201,1.46,5718000
2009-04-17,1.48,1.59,1.42,1.56,7652800
2009-04-20,1.5,1.55,1.4,1.42,4283600
2009-04-21,1.77,2.08,1.6,2.05,33370400
2009-04-22,2.01,2.21,1.92,2.04,17445600
2009-04-23,2.11,2.27,2.07,2.12,15179200
2009-04-24,2.15,2.2,2.1,2.11,6476800
2009-04-27,2.13,2.23,2.01,2.12,7832400
2009-04-28,2.11,2.3,2.04,2.22,9868400
2009-04-29,2.28,2.44,2.25,2.32,8184400
2009-04-30,2.43,2.48,2.23,2.25,8066800
2009-05-01,2.26,2.41,2.21,2.4,5976400
2009-05-04,2.44,2.52,2.31,2.5,8038800
2009-05-05,2.75,2.77,2.45,2.52,10526800
2009-05-06,2.48,2.53,2.27,2.38,8661200
2009-05-07,2.31,2.44,2.22,2.24,9241600
2009-05-08,2.19,2.42,2.16,2.38,6695600
2009-05-11,2.35,2.62,2.27,2.45,11527200
2009-05-12,2.54,2.55,2.4,2.49,6923600
2009-05-13,2.49,2.49,2.32,2.35,5367600
2009-05-14,2.35,2.43,2.28,2.4,4109200
2009-05-15,2.39,2.47,2.29,2.31,5019600
2009-05-18,2.29,2.37,2.13,2.25,10777600
2009-05-19,2.66,2.97,2.54,2.77,41330400
2009-05-20,2.93,3.22,2.85,3.12,34557600
2009-05-21,3.24,3.45,3.2,3.3,21567200
2009-05-22,3.34,3.39,3.065,3.22,11642800
2009-05-26,3.22,3.31,3.09,3.15,11398400
2009-05-27,3.21,3.4,3.16,3.25,24760800
2009-05-28,3.33,3.35,3.1,3.21,8948000
2009-05-29,3.25,3.68,3.15,3.63,14892000
2009-06-01,3.79,4.08,3.73,3.81,23828800
2009-06-02,3.99,3.99,3.57,3.74,10938400
2009-06-03,3.77,3.78,3.56,3.63,8376800
2009-06-04,3.61,3.75,3.47,3.7,8300800
2009-06-05,3.7,3.75,3.5,3.55,7857600
2009-06-08,3.6,3.64,3.28,3.56,7940800
2009-06-09,3.59,3.65,3.41,3.65,7002800
2009-06-10,3.67,3.7,3.49,3.58,7426800
2009-06-11,3.58,3.67,3.42,3.49,13629600
2009-06-12,3.45,3.45,3.03,3.06,17566000
2009-06-15,3.05,3.27,2.81,3.17,16980000
2009-06-16,3.24,3.28,3.03,3.04,7360400
2009-06-17,2.99,3.01,2.77,2.85,9765600
2009-06-18,2.86,3.02,2.83,2.96,7926400
2009-06-19,3.0,3.0,2.78,2.78,10898800
2009-06-22,2.7,2.76,2.56,2.57,10408000
2009-06-23,2.54,2.65,2.46,2.52,6758800
2009-06-24,2.53,2.82,2.51,2.68,11874400
2009-06-25,2.72,2.91,2.64,2.86,9465600
2009-06-26,2.76,2.915,2.75,2.89,6944400
2009-06-29,2.9,2.94,2.76,2.83,6832000
2009-06-30,2.84,2.88,2.74,2.82,5850000
2009-07-01,2.85,2.94,2.77,2.86,5832400
2009-07-02,2.81,2.92,2.74,2.78,5802400
2009-07-06,2.76,2.79,2.57,2.63,7541200
2009-07-07,2.66,2.89,2.58,2.86,10056400
2009-07-08,2.95,3.32,2.94,3.05,26166000
2009-07-09,3.07,3.14,2.92,3.01,7058400
2009-07-10,2.95,3.01,2.9,2.99,4498800
2009-07-13,3.01,3.08,2.9,2.94,5776400
2009-07-14,2.95,3.13,2.85,3.1,7388400
2009-07-15,3.15,3.24,3.11,3.19,8004000
2009-07-16,3.18,3.35,3.12,3.32,6473600
2009-07-17,3.31,3.32,3.2,3.24,3198000
2009-07-20,3.25,3.42,3.22,3.36,6641200
2009-07-21,3.4,3.44,3.19,3.29,6635200
2009-07-22,3.22,3.34,3.21,3.31,4513200
2009-07-23,3.31,3.55,3.25,3.38,6556800
2009-07-24,3.37,3.49,3.31,3.48,4544400
2009-07-27,3.49,3.64,3.43,3.6,8310000
2009-07-28,3.85,4.09,3.75,4.07,25902000
2009-07-29,3.96,4.12,3.8,4.05,8382000
2009-07-30,4.11,4.38,4.08,4.24,10392400
2009-07-31,4.35,4.35,3.95,3.95,8012400
2009-08-03,4.2,4.3,4.1,4.2,9198000
2009-08-04,4.24,4.39,4.1,4.27,10554400
2009-08-05,4.33,4.33,4.17,4.24,5568800
2009-08-06,4.18,4.32,4.01,4.07,8310400
2009-08-07,4.14,4.28,4.1,4.12,7314000
2009-08-10,4.1,4.35,4.04,4.31,7003600
2009-08-11,4.31,4.31,4.13,4.15,4428000
2009-08-12,4.13,4.22,4.06,4.12,5232000
2009-08-13,4.07,4.46,4.07,4.43,12592000
2009-08-14,4.58,4.89,4.44,4.77,23629200
2009-08-17,4.62,4.91,4.37,4.85,16146000
2009-08-18,4.82,5.09,4.65,4.81,12231200
2009-08-19,4.715,4.8,4.63,4.69,6890400
2009-08-20,4.66,4.84,4.65,4.69,5738400
2009-08-21,4.77,4.81,4.53,4.55,7552000
2009-08-24,4.65,4.66,4.5,4.57,6117200
2009-08-25,4.64,4.77,4.57,4.7,6083600
2009-08-26,4.68,4.85,4.64,4.69,4112400
2009-08-27,4.66,4.8,4.56,4.75,3800400
2009-08-28,4.73,4.83,4.68,4.76,4513600
2009-08-31,4.68,4.75,4.6,4.66,7135200
2009-09-01,4.65,4.7,4.37,4.39,8561600
2009-09-02,4.36,4.45,4.29,4.41,6154400
2009-09-03,4.46,4.5,4.38,4.49,3865600
2009-09-04,4.51,4.89,4.49,4.81,9364000
2009-09-08,4.88,4.94,4.78,4.84,7664000
2009-09-09,4.75,5.13,4.74,5.09,8146400
2009-09-10,5.1,5.46,5.0,5.41,9358400
2009-09-11,5.45,5.51,5.28,5.45,6926800
2009-09-14,5.83,6.07,5.71,5.75,39010000
2009-09-15,5.8,5.85,5.6,5.74,15470400
2009-09-16,5.8,5.95,5.62,5.95,12637200
2009-09-17,5.94,6.02,5.73,5.76,9783600
2009-09-18,5.75,5.85,5.61,5.61,8790400
2009-09-21,5.6,5.93,5.6,5.85,10209600
2009-09-22,5.81,5.98,5.77,5.9,6849200
2009-09-23,5.92,5.97,5.77,5.85,6061200
2009-09-24,5.87,5.87,5.48,5.53,7926000
2009-09-25,5.43,5.57,5.35,5.44,4956000
2009-09-28,5.45,5.89,5.44,5.83,9387600
2009-09-29,5.85,5.96,5.76,5.79,5380400
2009-09-30,5.79,5.89,5.46,5.88,11383200
2009-10-01,5.85,5.87,5.45,5.47,8338000
2009-10-02,5.27,5.45,5.21,5.36,7442400
2009-10-05,5.47,5.7,5.33,5.61,7805600
2009-10-06,5.68,5.78,5.53,5.65,7116000
2009-10-07,5.65,5.77,5.64,5.67,3851200
2009-10-08,5.79,6.02,5.74,5.95,12483200
2009-10-09,5.96,6.1,5.832,5.98,7718800
2009-10-12,6.01,6.01,5.91,5.99,7328000
2009-10-13,6.05,6.05,5.83,5.92,5579200
2009-10-14,5.95,6.0,5.86,6.0,4828400
2009-10-15,6.0,6.03,5.92,6.0,8481200
2009-10-16,5.96,6.03,5.8,5.94,8722800
2009-10-19,5.93,6.23,5.93,6.16,13284800
2009-10-20,6.2,6.36,6.09,6.24,9491200
2009-10-21,6.24,6.39,6.1,6.13,8547600
2009-10-22,6.2,6.26,6.03,6.08,9043600
2009-10-23,6.13,6.19,5.75,5.79,9976400
2009-10-26,5.81,5.92,5.38,5.56,11174800
2009-10-27,5.5,5.59,5.21,5.46,12486000
2009-10-28,5.4,5.46,5.07,5.11,10745600
2009-10-29,5.2,5.53,5.15,5.49,7256400
2009-10-30,5.55,5.55,5.01,5.12,9676000
2009-11-02,5.29,5.38,5.09,5.3,10908400
2009-11-03,5.3,5.46,5.2,5.4,10968000
2009-11-04,5.42,5.47,5.14,5.15,8110000
2009-11-05,5.19,5.35,5.15,5.23,7080400
2009-11-06,5.18,5.28,5.04,5.11,6251600
2009-11-09,5.25,5.3,5.15,5.3,5512800
2009-11-10,5.34,5.54,5.31,5.44,8391600
2009-11-11,5.48,5.7,5.48,5.58,5877200
2009-11-12,5.53,5.71,5.48,5.5,5028400
2009-11-13,5.52,5.63,5.47,5.56,4088000
2009-11-16,5.59,5.69,5.57,5.6,3777600
2009-11-17,5.55,5.585,5.44,5.47,5545200
2009-11-18,5.46,5.49,5.25,5.29,6169200
2009-11-19,5.23,5.35,5.13,5.26,6050000
2009-11-20,5.17,5.3,5.16,5.27,3583600
2009-11-23,5.36,5.41,5.15,5.19,4757200
2009-11-24,5.16,5.19,4.91,5.1,8428400
2009-11-25,5.1,5.1,5.02,5.09,3787200
2009-11-27,4.97,5.02,4.84,4.95,3589200
2009-11-30,4.99,5.01,4.52,4.55,13830400
2009-12-01,4.65,4.87,4.59,4.77,16256800
2009-12-02,4.65,4.75,4.55,4.73,11141600
2009-12-03,4.93,5.1,4.83,4.87,13016800
2009-12-04,4.98,5.05,4.7,4.75,9374000
2009-12-07,4.78,4.95,4.7,4.9,7843600
2009-12-08,4.86,4.9,4.75,4.79,5207600
2009-12-09,4.83,4.855,4.65,4.76,5700400
2009-12-10,4.78,4.86,4.75,4.86,4290800
2009-12-11,4.9,4.91,4.76,4.81,4456400
2009-12-14,4.83,4.95,4.8,4.92,4237200
2009-12-15,4.9,5.26,4.89,5.12,8782400
2009-12-16,5.19,5.35,5.16,5.26,6421600
2009-12-17,5.15,5.28,5.01,5.1,9245200
2009-12-18,5.11,5.19,4.91,4.91,11380000
2009-12-21,4.95,5.16,4.91,5.07,10667200
2009-12-22,5.13,5.35,5.11,5.32,9477600
2009-12-23,5.5,5.8,5.45,5.52,14655200
2009-12-24,5.78,5.8,5.46,5.62,5825600
2009-12-28,5.72,5.74,5.47,5.5,5524000
2009-12-29,5.44,5.48,5.21,5.33,8576400
2009-12-30,5.26,5.28,5.14,5.2,5708400
2009-12-31,5.21,5.52,5.21,5.39,9138800
2010-01-04,5.44,5.56,5.39,5.45,5353200
2010-01-05,5.92,6.16,5.91,6.0,26854000
2010-01-06,6.03,6.05,5.84,5.9,7894000
2010-01-07,6.07,6.15,5.98,6.01,9410800
2010-01-08,6.01,6.28,6.01,6.25,10325600
2010-01-11,6.36,6.38,6.11,6.14,5221600
2010-01-12,6.03,6.08,5.86,5.91,7155200
2010-01-13,5.99,6.28,5.96,6.25,9702400
2010-01-14,6.29,6.44,6.15,6.29,9964000
2010-01-15,6.26,6.34,6.06,6.07,8116000
2010-01-19,6.1,6.18,5.69,5.86,16025200
2010-01-20,5.74,5.8,5.6,5.65,10562400
2010-01-21,5.68,5.73,5.44,5.45,9026000
2010-01-22,5.43,5.53,5.17,5.19,15568800
2010-01-25,5.26,5.35,5.17,5.29,8294400
2010-01-26,5.2,5.65,5.2,5.53,12806000
2010-01-27,5.52,5.56,5.31,5.39,6740400
2010-01-28,5.48,5.5,5.13,5.16,9362400
2010-01-29,5.24,5.59,5.17,5.54,24048000
2010-02-01,5.51,5.58,5.3,5.49,12313200
2010-02-02,5.53,5.62,5.42,5.59,7503200
2010-02-03,5.58,5.69,5.47,5.52,5162400
2010-02-04,5.43,5.46,5.18,5.2,10795200
2010-02-05,5.19,5.2,4.95,5.1,10137600
2010-02-08,5.07,5.15,4.93,4.96,10228000
2010-02-09,5.07,5.18,5.0,5.15,6456000
2010-02-10,5.11,5.17,5.06,5.08,4394000
2010-02-11,5.07,5.27,5.04,5.24,4354400
2010-02-12,5.18,5.26,5.12,5.21,6771600
2010-02-16,5.31,5.32,5.17,5.32,5789200
2010-02-17,5.35,5.59,5.35,5.55,7526400
2010-02-18,5.52,5.75,5.51,5.64,7035600
2010-02-19,5.56,5.67,5.56,5.59,1732300
2010-02-22,5.65,5.65,5.52,5.58,2071000
2010-02-23,5.33,5.34,4.92,5.04,29557600
2010-02-24,5.06,5.17,5.02,5.07,16866400
2010-02-25,5.01,5.07,4.94,5.03,9439200
2010-02-26,5.03,5.3,4.97,5.27,13160800
2010-03-01,5.28,5.34,5.22,5.27,7796000
2010-03-02,5.27,5.38,5.15,5.38,9468400
2010-03-03,5.4,5.47,5.3,5.38,8205600
2010-03-04,5.38,5.47,5.32,5.45,7630400
2010-03-05,5.45,5.55,5.401,5.51,5201200
2010-03-08,5.55,5.59,5.46,5.5,5891200
2010-03-09,5.46,5.47,5.34,5.38,9799600
2010-03-10,5.33,5.41,5.18,5.37,13953600
2010-03-11,5.35,5.38,5.25,5.37,6306000
2010-03-12,5.37,5.44,5.3,5.39,4398800
2010-03-15,5.34,5.77,5.3,5.73,14440400
2010-03-16,5.71,5.78,5.61,5.72,8700800
2010-03-17,5.58,5.81,5.58,5.66,10157600
2010-03-18,5.65,5.89,5.61,5.66,13516400
2010-03-19,5.69,5.8,5.64,5.75,10642400
2010-03-22,6.11,6.38,6.01,6.27,34134000
2010-03-23,6.41,6.46,6.16,6.3,19315600
2010-03-24,6.26,6.26,5.92,5.97,14974800
2010-03-25,6.08,6.08,5.8,5.82,15822800
2010-03-26,5.91,5.96,5.75,5.81,8084400
2010-03-29,5.87,5.95,5.83,5.88,7034800
2010-03-30,5.93,5.95,5.71,5.73,8423600
2010-03-31,5.7,5.78,5.58,5.72,6492400
2010-04-01,5.8,5.96,5.8,5.96,8468000
2010-04-05,5.93,6.05,5.88,5.93,9757600
2010-04-06,5.84,5.94,5.8,5.83,6619600
2010-04-07,5.86,5.95,5.8,5.94,9266400
2010-04-08,5.87,6.02,5.82,5.95,8101200
2010-04-09,5.94,6.06,5.94,5.99,7758000
2010-04-12,5.98,6.14,5.98,6.06,6848400
2010-04-13,6.01,6.05,5.92,6.01,6971200
2010-04-14,5.99,6.04,5.945,5.96,9719200
2010-04-15,5.96,6.0,5.85,5.9,9500000
2010-04-16,5.88,5.94,5.73,5.8,12614000
2010-04-19,5.78,5.94,5.75,5.89,11238400
2010-04-20,5.98,6.31,5.93,6.28,17577200
2010-04-21,6.29,6.38,6.16,6.21,8362000
2010-04-22,6.2,6.41,6.06,6.39,10424400
2010-04-23,6.41,6.43,6.31,6.34,6522000
2010-04-26,6.31,6.38,6.15,6.15,7092400
2010-04-27,6.13,6.37,6.1,6.12,13274800
2010-04-28,6.14,6.305,6.13,6.2,8366000
2010-04-29,6.21,6.42,6.19,6.38,7279200
2010-04-30,6.4,6.44,6.15,6.25,10565600
2010-05-03,6.23,6.36,6.2,6.34,5748800
2010-05-04,6.13,6.17,5.83,5.87,13540800
2010-05-05,5.82,5.9,5.66,5.73,11696000
2010-05-06,5.72,5.86,5.24,5.58,16722800
2010-05-07,5.55,5.62,5.2875,5.32,11650800
2010-05-10,5.61,5.71,5.54,5.61,8270400
2010-05-11,5.56,5.75,5.55,5.68,5964400
2010-05-12,5.69,5.77,5.51,5.77,10666800
2010-05-13,5.75,5.91,5.67,5.7,11610800
2010-05-14,5.65,5.7,5.52,5.6,8662000
2010-05-17,5.6,5.74,5.4,5.63,8759200
2010-05-18,5.64,5.7,5.39,5.52,8943200
2010-05-19,5.45,5.54,5.32,5.37,7651200
2010-05-20,5.34,5.44,5.18,5.18,7848000
2010-05-21,5.12,5.49,5.01,5.37,16417600
2010-05-24,5.57,5.68,5.39,5.54,12408400
2010-05-25,5.36,5.5,5.26,5.43,10704400
2010-05-26,5.49,5.65,5.45,5.51,9692000
2010-05-27,5.63,5.8,5.6,5.8,6125600
2010-05-28,5.79,5.79,5.63,5.72,7986000
2010-06-01,5.54,5.6,4.69,4.72,58020000
2010-06-02,4.9,5.165,4.85,5.09,29261200
2010-06-03,5.04,5.09,4.78,5.03,21034000
2010-06-04,4.94,5.13,4.89,4.92,15564000
2010-06-07,5.0,5.34,4.76,5.11,29703200
2010-06-08,5.07,5.17,4.67,4.8,25324400
2010-06-09,4.83,4.97,4.76,4.78,15485200
2010-06-10,4.94,5.04,4.84,5.04,15300800
2010-06-11,4.98,5.07,4.94,5.07,10748000
2010-06-14,5.15,5.225,4.97,5.06,12790000
2010-06-15,5.24,5.28,5.0275,5.2,24292000
2010-06-16,5.14,5.22,5.09,5.16,6873200
2010-06-17,5.13,5.18,4.93,5.02,14152800
2010-06-18,5.02,5.04,4.85,4.9,16220400
2010-06-21,4.97,4.99,4.71,4.74,12563200
2010-06-22,4.74,4.83,4.68,4.7,8528400
2010-06-23,4.71,4.84,4.6,4.77,11987200
2010-06-24,4.76,4.8,4.6,4.62,12284800
2010-06-25,4.64,4.72,4.58,4.71,8740000
2010-06-28,4.72,4.82,4.65,4.66,12390000
2010-06-29,4.59,4.59,4.39,4.43,16516000
2010-06-30,4.41,4.54,4.34,4.34,14496000
2010-07-01,4.47,4.47,4.05,4.31,20747600
2010-07-02,4.31,4.38,4.06,4.15,11070400
2010-07-06,4.27,4.45,4.24,4.32,15820400
2010-07-07,4.31,4.37,4.21,4.33,8276000
2010-07-08,4.37,4.5,4.31,4.48,10132400
2010-07-09,4.48,4.6,4.41,4.57,5382000
2010-07-12,4.58,4.62,4.455,4.58,8806800
2010-07-13,4.61,4.66,4.51,4.56,6316000
2010-07-14,4.54,4.65,4.46,4.58,6469200
2010-07-15,4.57,4.78,4.52,4.75,8108400
2010-07-16,4.71,4.72,4.47,4.49,7451200
2010-07-19,4.51,4.59,4.47,4.55,5823200
2010-07-20,4.49,4.61,4.43,4.6,5442800
2010-07-21,4.63,4.63,4.28,4.3,8590800
2010-07-22,4.38,4.42,4.26,4.28,8994400
2010-07-23,4.29,4.46,4.28,4.41,5504800
2010-07-26,4.44,4.6,4.39,4.56,7268000
2010-07-27,4.63,4.65,4.43,4.47,6509600
2010-07-28,4.46,4.5,4.34,4.38,8353600
2010-07-29,4.37,4.6,4.37,4.41,12402400
2010-07-30,4.36,4.65,4.34,4.6,9392000
2010-08-02,4.64,4.78,4.57,4.59,11997200
2010-08-03,4.6,4.6,4.25,4.39,23996400
2010-08-04,4.4,4.67,4.4,4.62,11730000
2010-08-05,4.59,4.64,4.44,4.44,9207200
2010-08-06,4.42,4.47,4.36,4.42,5807600
2010-08-09,4.44,4.54,4.37,4.52,3208800
2010-08-10,4.45,4.58,4.42,4.5,6005200
2010-08-11,4.41,4.46,4.28,4.3,8060800
2010-08-12,4.26,4.34,4.18,4.2,6386400
2010-08-13,4.21,4.26,4.17,4.17,4312000
2010-08-16,4.14,4.23,4.1,4.13,4747600
2010-08-17,4.15,4.31,4.15,4.24,6654800
2010-08-18,4.23,4.31,4.18,4.27,4017600
2010-08-19,4.23,4.28,4.15,4.17,5675600
2010-08-20,4.15,4.26,4.12,4.23,4618000
2010-08-23,4.2,4.27,4.1,4.11,4750400
2010-08-24,4.05,4.07,4.0,4.01,5483200
2010-08-25,4.0,4.12,3.95,4.08,3259200
2010-08-26,4.1,4.135,3.98,3.99,4632000
2010-08-27,4.01,4.11,3.95,4.11,4716400
2010-08-30,4.09,4.12,4.0,4.0,2862400
2010-08-31,4.0,4.0575,3.92,3.92,5314400
2010-09-01,3.95,4.26,3.93,4.26,8958800
2010-09-02,4.26,4.41,4.26,4.33,7111600
2010-09-03,4.45,4.5,4.3,4.37,7617200
2010-09-07,4.33,4.35,4.18,4.24,6654400
2010-09-08,4.23,4.29,4.12,4.19,6920400
2010-09-09,4.21,4.42,4.21,4.42,9132000
2010-09-10,4.43,4.48,4.35,4.46,6417200
2010-09-13,4.49,4.5,4.28,4.35,16412800
2010-09-14,4.32,4.38,4.26,4.33,5882000
2010-09-15,4.33,4.49,4.26,4.43,9155600
2010-09-16,4.43,4.43,4.32,4.35,4915600
2010-09-17,4.37,4.46,4.18,4.22,21574400
2010-09-20,4.23,4.45,4.21,4.34,24060400
2010-09-21,4.34,4.355,4.21,4.21,9634000
2010-09-22,4.23,4.28,4.15,4.27,8910000
2010-09-23,4.25,4.3,4.15,4.18,4420000
2010-09-24,4.22,4.27,4.19,4.23,8338000
2010-09-27,4.22,4.38,4.16,4.36,6768800
2010-09-28,4.32,4.42,4.25,4.42,9066000
2010-09-29,4.37,4.7,4.36,4.59,17053200
2010-09-30,4.61,4.77,4.59,4.72,12163200
2010-10-01,4.72,4.74,4.51,4.53,10379200
2010-10-04,4.52,4.57,4.51,4.53,4071200
2010-10-05,4.51,4.59,4.41,4.51,12299600
2010-10-06,4.46,4.5,4.43,4.48,4756800
2010-10-07,4.5,4.51,4.39,4.42,5240000
2010-10-08,4.4,4.65,4.37,4.62,6900800
2010-10-11,4.62,4.65,4.42,4.49,5983200
2010-10-12,4.45,4.58,4.4,4.56,6616400
2010-10-13,4.59,4.66,4.53,4.56,4815600
2010-10-14,4.57,4.61,4.4,4.43,7929200
2010-10-15,4.5,4.54,4.4,4.42,5209200
2010-10-18,4.43,4.5,4.4,4.47,5529200
2010-10-19,4.42,4.47,4.37,4.4,7025200
2010-10-20,4.39,4.44,4.32,4.34,5877600
2010-10-21,4.35,4.37,4.26,4.31,3838800
2010-10-22,4.33,4.39,4.3,4.33,2612800
2010-10-25,4.35,4.37,4.23,4.26,7172400
2010-10-26,4.24,4.25,4.18,4.18,5684400
2010-10-27,4.14,4.27,4.12,4.22,5320000
2010-10-28,4.25,4.38,4.21,4.31,6037200
2010-10-29,4.29,4.36,4.26,4.36,4888400
2010-11-01,4.38,4.39,4.23,4.3,7679200
2010-11-02,4.14,4.31,3.96,4.3,20091600
2010-11-03,4.3,4.32,4.23,4.3,5844800
2010-11-04,4.36,4.48,4.34,4.47,9164800
2010-11-05,4.46,4.58,4.46,4.53,5865200
2010-11-08,4.49,4.65,4.49,4.64,6502000
2010-11-09,4.66,4.685,4.57,4.6,8256800
2010-11-10,4.62,4.62,4.52,4.59,6301200
2010-11-11,4.53,4.71,4.49,4.68,12390800
2010-11-12,4.65,4.75,4.62,4.65,10956000
2010-11-15,4.69,4.69,4.56,4.63,7036400
2010-11-16,4.59,4.61,4.45,4.5,8336000
2010-11-17,4.51,4.54,4.41,4.43,6891200
2010-11-18,4.47,4.52,4.325,4.38,9070800
2010-11-19,4.38,4.395,4.33,4.37,5606800
2010-11-22,4.36,4.37,4.3,4.3,5074400
2010-11-23,4.28,4.28,4.22,4.25,6626000
2010-11-24,4.27,4.33,4.18,4.22,5554800
2010-11-26,4.22,4.27,4.2,4.21,1373200
2010-11-29,4.18,4.24,4.06,4.14,9811600
2010-11-30,4.07,4.12,4.01,4.08,8807200
2010-12-01,4.15,4.19,4.08,4.1,10010400
2010-12-02,4.11,4.27,4.08,4.25,7449200
2010-12-03,4.22,4.31,4.2,4.29,5544800
2010-12-06,4.27,4.28,4.22,4.24,4888000
2010-12-07,4.28,4.28,4.18,4.22,4057200
2010-12-08,4.22,4.29,4.21,4.26,2708400
2010-12-09,4.28,4.3204,4.26,4.29,7232000
2010-12-10,6.43,6.75,6.35,6.65,239985200
2010-12-13,6.51,6.59,6.485,6.49,47835600
2010-12-14,6.45,6.64,6.44,6.48,23686800
2010-12-15,6.46,6.72,6.45,6.64,17979200
2010-12-16,6.59,6.655,6.58,6.63,8514000
2010-12-17,6.59,6.76,6.58,6.74,12988800
2010-12-20,6.66,6.78,6.66,6.76,10107200
2010-12-21,6.75,6.86,6.71,6.83,7094400
2010-12-22,6.61,6.84,6.61,6.8,6283200
2010-12-23,6.72,6.78,6.67,6.71,4513600
2010-12-27,6.61,6.74,6.6,6.69,4142000
2010-12-28,6.64,6.72,6.64,6.69,1367600
2010-12-29,6.68,6.73,6.66,6.66,2458800
2010-12-30,6.65,6.75,6.65,6.72,2306800
2010-12-31,6.72,6.8,6.69,6.69,4484800
2011-01-03,6.75,6.85,6.71,6.8,9155200
2011-01-04,6.84,6.89,6.76,6.84,11846000
2011-01-05,6.83,6.9,6.77,6.86,7013600
2011-01-06,6.9,6.93,6.82,6.87,7060000
2011-01-07,6.86,6.9,6.79,6.89,4667600
2011-01-10,6.86,6.91,6.78,6.84,13907200
2011-01-11,6.97,6.98,6.84,6.88,16985600
2011-01-12,6.93,7.01,6.84,7.01,17923600
2011-01-13,6.99,7.07,6.94,7.0,9900400
2011-01-14,6.94,7.1,6.93,7.06,12453600
2011-01-18,7.04,7.095,7.02,7.04,7215200
2011-01-19,7.05,7.05,6.84,6.85,19537200
2011-01-20,6.87,6.9,6.69,6.75,12612000
2011-01-21,6.8,6.81,6.68,6.7,4812400
2011-01-24,6.68,6.84,6.66,6.82,8426000
2011-01-25,6.78,6.85,6.73,6.8,4367600
2011-01-26,6.83,6.85,6.75,6.75,4841200
2011-01-27,6.75,6.8,6.72,6.74,4055200
2011-01-28,6.76,6.8,6.57,6.67,10362000
2011-01-31,6.65,6.78,6.64,6.65,4597200
2011-02-01,6.73,6.73,6.6,6.65,11845600
2011-02-02,6.61,6.69,6.6,6.68,5440800
2011-02-03,6.66,6.69,6.62,6.66,7533600
2011-02-04,6.68,6.69,6.6,6.67,4504800
2011-02-07,6.68,6.79,6.66,6.72,4978400
2011-02-08,6.66,6.8,6.66,6.78,4152800
2011-02-09,6.74,6.9,6.74,6.87,8968000
2011-02-10,6.84,6.96,6.81,6.96,5462800
2011-02-11,6.94,7.05,6.93,7.0,6084000
2011-02-14,6.98,7.01,6.95,6.98,3006000
2011-02-15,6.94,6.98,6.91,6.91,5599600
2011-02-16,6.92,7.06,6.91,7.03,9164800
2011-02-17,6.99,7.1,6.96,7.04,7245200
2011-02-18,7.06,7.1,7.0,7.01,4394000
2011-02-22,6.98,7.01,6.88,6.93,6009600
2011-02-23,6.94,6.9501,6.79,6.9,5667200
2011-02-24,6.89,7.04,6.82,6.97,5317600
2011-02-25,7.05,7.14,6.93,7.07,12406400
2011-02-28,7.0,7.27,6.96,7.18,15154000
2011-03-01,7.19,7.225,7.01,7.03,6098400
2011-03-02,7.01,7.13,7.0,7.09,4450000
2011-03-03,7.1,7.295,7.03,7.18,8444000
2011-03-04,7.16,7.23,7.1,7.18,2784800
2011-03-07,7.16,7.18,6.99,7.03,4554000
2011-03-08,7.03,7.22,7.01,7.13,8680800
2011-03-09,7.16,7.41,7.15,7.28,11269600
2011-03-10,7.2,7.285,7.18,7.24,5264400
2011-03-11,7.2,7.25,7.04,7.09,8267600
2011-03-14,7.03,7.11,7.0,7.08,6906400
2011-03-15,6.93,7.09,6.93,7.0,9276800
2011-03-16,6.97,7.09,6.86,6.89,10217600
2011-03-17,6.98,7.09,6.97,7.02,5106400
2011-03-18,7.08,7.11,6.98,7.01,5490800
2011-03-21,7.08,7.1,6.94,7.1,5794400
2011-03-22,7.13,7.13,7.0,7.03,4104000
2011-03-23,7.0,7.08,6.96,7.04,3226800
2011-03-24,7.06,7.11,6.98,7.1,3126400
2011-03-25,7.1,7.27,7.08,7.22,8082400
2011-03-28,7.22,7.29,7.17,7.27,7824000
2011-03-29,7.27,7.36,7.25,7.29,10580800
2011-03-30,7.33,7.51,7.3,7.51,9698000
2011-03-31,7.46,7.55,7.39,7.45,7664800
2011-04-01,7.46,7.7,7.46,7.63,8948800
2011-04-04,7.63,7.67,7.53,7.62,2917600
2011-04-05,7.6,7.65,7.51,7.58,3591200
2011-04-06,7.56,7.62,7.49,7.54,7744000
2011-04-07,7.52,7.56,7.45,7.5,4272800
2011-04-08,7.53,7.56,7.47,7.55,2149200
2011-04-11,7.23,7.25,6.01,6.44,85892800
2011-04-12,6.61,6.94,6.55,6.56,29563200
2011-04-13,6.78,6.79,6.48,6.54,23015600
2011-04-14,6.68,6.68,6.53,6.6,16116400
2011-04-15,6.66,6.79,6.595,6.66,13067600
2011-04-18,6.39,6.61,6.33,6.49,29226800
2011-04-19,6.49,6.69,6.42,6.64,18367200
2011-04-20,6.68,6.74,6.57,6.71,15850800
2011-04-21,6.71,6.84,6.7,6.77,9424800
2011-04-25,6.74,6.92,6.71,6.88,16141200
2011-04-26,6.9,7.0,6.8,6.9,24700000
2011-04-27,6.93,6.95,6.83,6.94,7007600
2011-04-28,6.92,6.96,6.88,6.93,5749600
2011-04-29,6.94,6.95,6.89,6.93,6566800
2011-05-02,6.51,6.74,6.48,6.69,98468400
2011-05-03,6.65,6.7,6.46,6.58,35393200
2011-05-04,6.59,6.63,6.27,6.27,23229600
2011-05-05,6.29,6.51,6.22,6.47,21058000
2011-05-06,6.49,6.61,6.44,6.53,16576800
2011-05-09,6.4,6.56,6.35,6.52,21096000
2011-05-10,6.51,6.6899,6.43,6.63,18986400
2011-05-11,6.6,6.63,6.48,6.49,9133200
2011-05-12,6.49,6.5,6.345,6.46,10928800
2011-05-13,6.46,6.49,6.29,6.34,11604000
2011-05-16,6.33,6.41,6.27,6.32,1795375
2011-05-17,6.31,6.41,6.29,6.3,1917941
2011-05-18,6.36,6.43,6.3,6.42,8575600
2011-05-19,6.45,6.5,6.38,6.42,7582000
2011-05-20,6.42,6.42,6.25,6.28,10904400
2011-05-23,6.23,6.35,6.17,6.28,11006000
2011-05-24,6.28,6.33,6.25,6.27,5939600
2011-05-25,6.21,6.38,6.21,6.32,8349200
2011-05-26,6.29,6.4,6.25,6.4,6272800
2011-05-27,6.38,6.43,6.33,6.4,3884000
2011-05-31,6.45,6.47,6.32,6.38,9324400
2011-06-01,6.37,6.41,6.3,6.3,5142000
2011-06-02,6.3,6.38,6.29,6.35,4339200
2011-06-03,6.27,6.34,6.24,6.25,6726000
2011-06-06,6.25,6.26,6.08,6.16,14808400
2011-06-07,6.17,6.22,6.12,6.15,5231600
2011-06-08,6.14,6.16,6.0,6.05,7508400
2011-06-09,6.09,6.2,6.05,6.12,5610000
2011-06-10,6.09,6.11,5.89,5.91,13755200
2011-06-13,5.95,6.04,5.92,5.97,8186000
2011-06-14,6.03,6.2,5.99,6.13,7576000
2011-06-15,6.1,6.29,6.01,6.04,16893200
2011-06-16,6.05,6.31,6.03,6.23,21786400
2011-06-17,6.27,6.46,6.25,6.41,16402800
2011-06-20,6.39,6.48,6.35,6.44,13328000
2011-06-21,6.47,6.5,6.35,6.41,11739600
2011-06-22,6.4,6.44,6.23,6.28,14401200
2011-06-23,6.2,6.32,6.1,6.29,7731600
2011-06-24,6.28,6.28,5.95,5.99,22286800
2011-06-27,5.99,6.1,5.91,6.05,8594800
2011-06-28,6.03,6.2,5.99,6.19,6506000
2011-06-29,6.2,6.24,6.16,6.19,3724400
2011-06-30,6.21,6.3,6.21,6.24,4281200
2011-07-01,6.25,6.54,6.23,6.51,10637200
2011-07-05,6.5,6.54,6.43,6.48,7301600
2011-07-06,6.49,6.52,6.35,6.48,9356000
2011-07-07,6.53,6.54,6.405,6.46,4638400
2011-07-08,6.39,6.45,6.25,6.3,6878000
2011-07-11,6.25,6.28,6.04,6.07,9285200
2011-07-12,6.05,6.16,6.0,6.02,5845200
2011-07-13,6.03,6.235,6.03,6.09,4882800
2011-07-14,6.09,6.2,6.0,6.0,6519200
2011-07-15,6.02,6.08,5.99,6.02,7296400
2011-07-18,6.05,6.05,5.955,6.01,7775600
2011-07-19,6.02,6.16,6.02,6.13,4266400
2011-07-20,6.15,6.15,6.03,6.09,3598400
2011-07-21,6.14,6.35,6.12,6.3,5896000
2011-07-22,6.3,6.32,6.22,6.26,2815600
2011-07-25,6.01,6.07,5.93,6.02,16948000
2011-07-26,5.99,6.01,5.74,5.85,11174400
2011-07-27,5.81,5.87,5.62,5.69,12288400
2011-07-28,5.69,5.8,5.62,5.7,11008000
2011-07-29,5.65,5.84,5.5,5.56,9838400
2011-08-01,5.69,5.69,5.27,5.44,15930800
2011-08-02,5.49,5.52,5.045,5.1,31629600
2011-08-03,5.01,5.21,4.94,5.19,20812800
2011-08-04,5.12,5.185,4.86,4.92,15261200
2011-08-05,4.97,5.1,4.54,4.95,23133600
2011-08-08,4.74,5.01,4.44,4.63,23375200
2011-08-09,4.62,4.86,4.6,4.78,8923200
2011-08-10,4.66,4.8,4.51,4.51,12600000
2011-08-11,4.6,4.98,4.5599,4.93,13137200
2011-08-12,5.0,5.14,4.87,4.95,13063600
2011-08-15,4.98,5.09,4.88,5.07,22294800
2011-08-16,5.02,5.15,4.975,5.09,8626800
2011-08-17,5.11,5.2,5.03,5.11,6236400
2011-08-18,4.99,4.99,4.68,4.74,7927600
2011-08-19,4.63,4.83,4.62,4.65,7378400
2011-08-22,4.75,4.81,4.54,4.62,9486400
2011-08-23,4.65,4.83,4.57,4.81,5402800
2011-08-24,4.76,5.14,4.72,5.13,8172800
2011-08-25,5.11,5.21,4.98,5.09,9948400
2011-08-26,5.03,5.17,4.82,5.13,8141200
2011-08-29,5.23,5.4,5.16,5.38,5650400
2011-08-30,5.32,5.42,5.27,5.36,7241200
2011-08-31,5.41,5.58,5.24,5.28,10029600
2011-09-01,5.29,5.45,5.18,5.22,5317200
2011-09-02,5.09,5.16,5.0,5.03,6701600
2011-09-06,4.82,5.13,4.79,5.06,8104000
2011-09-07,5.23,5.46,5.23,5.42,8730800
2011-09-08,5.37,5.43,5.17,5.2,6584400
2011-09-09,5.12,5.15,4.98,5.02,7168400
2011-09-12,4.51,4.85,4.43,4.52,21882000
2011-09-13,4.45,4.68,4.385,4.62,12124000
2011-09-14,4.61,4.64,4.41,4.49,15058400
2011-09-15,4.54,4.86,4.52,4.77,16687200
2011-09-16,4.79,4.83,4.66,4.79,12104000
2011-09-19,4.65,4.67,4.54,4.61,9304800
2011-09-20,4.68,4.72,4.46,4.46,7660400
2011-09-21,4.47,4.49,4.25,4.27,12430800
2011-09-22,4.1,4.25,4.04,4.15,16102000
2011-09-23,4.11,4.27,4.095,4.19,7974400
2011-09-26,4.25,4.33,4.17,4.28,11993200
2011-09-27,4.39,4.41,4.27,4.29,13935600
2011-09-28,4.29,4.31,4.02,4.03,9748800
2011-09-29,4.1,4.255,4.03,4.25,11440800
2011-09-30,4.15,4.275,4.08,4.11,13386800
2011-10-03,4.04,4.075,3.58,3.59,13178800
2011-10-04,3.52,3.84,3.46,3.8,13307200
2011-10-05,3.73,4.03,3.54,4.0,17010800
2011-10-06,3.97,4.35,3.96,4.3,11896400
2011-10-07,4.31,4.44,4.27,4.35,8434400
2011-10-10,4.42,4.5,4.32,4.41,7964400
2011-10-11,4.34,4.6,4.33,4.49,7668000
2011-10-12,4.49,4.71,4.48,4.57,12027600
2011-10-13,4.54,4.57,4.26,4.42,11992400
2011-10-14,4.48,4.59,4.42,4.56,10740400
2011-10-17,4.52,4.535,4.33,4.35,7658800
2011-10-18,4.37,4.54,4.28,4.47,11648400
2011-10-19,4.48,4.575,4.32,4.41,9156400
2011-10-20,4.4,4.67,4.36,4.67,10612800
2011-10-21,4.68,4.9,4.68,4.87,8902400
2011-10-24,4.85,5.03,4.8,5.02,12302400
2011-10-25,4.95,5.23,4.9,5.09,13694000
2011-10-26,5.17,5.25,4.875,5.18,8483200
2011-10-27,5.27,5.3013,5.04,5.26,20206400
2011-10-28,5.18,5.2,5.02,5.07,18212000
2011-10-31,5.04,5.06,4.73,4.73,13992800
2011-11-01,4.85,5.12,4.61,4.77,14748400
2011-11-02,4.85,5.0,4.78,4.96,8516800
2011-11-03,5.02,5.08,4.86,5.02,8053200
2011-11-04,4.97,5.005,4.75,4.86,8666000
2011-11-07,4.83,4.98,4.69,4.96,11767600
2011-11-08,5.0,5.19,4.91,5.16,11382800
2011-11-09,5.0,5.11,4.92,5.02,19330400
2011-11-10,5.11,5.17,4.92,5.06,7387200
2011-11-11,5.11,5.25,5.1,5.19,9561200
2011-11-14,5.12,5.24,5.09,5.13,9027200
2011-11-15,5.08,5.165,5.01,5.07,6816400
2011-11-16,4.97,5.04,4.82,4.83,10404000
2011-11-17,4.83,4.88,4.49,4.54,10226000
2011-11-18,4.57,4.6,4.45,4.5,8030400
2011-11-21,4.35,4.42,4.27,4.31,8374800
2011-11-22,4.33,4.36,4.2,4.28,4121200
2011-11-23,4.2,4.26,4.12,4.12,6916800
2011-11-25,4.14,4.235,4.09,4.17,2317200
2011-11-28,4.27,4.38,4.25,4.36,4692000
2011-11-29,4.33,4.5,4.33,4.36,5865200
2011-11-30,4.52,4.67,4.49,4.65,6090400
2011-12-01,4.74,4.81,4.56,4.68,7506400
2011-12-02,4.71,4.78,4.05,4.18,20881600
2011-12-05,4.46,4.76,4.45,4.7,9212400
2011-12-06,4.7,4.75,4.64,4.68,5008800
2011-12-07,4.6,4.66,4.51,4.55,7868800
2011-12-08,4.55,4.59,4.42,4.44,7174400
2011-12-09,4.46,4.53,4.42,4.45,6258000
2011-12-12,4.37,4.53,4.32,4.48,7197200
2011-12-13,4.53,4.6,4.3,4.33,7249600
2011-12-14,4.29,4.45,4.29,4.4,5604000
2011-12-15,4.46,4.53,4.3,4.47,8666800
2011-12-16,4.55,4.7,4.41,4.42,8556000
2011-12-19,4.5,4.59,4.42,4.42,4790800
2011-12-20,4.51,4.74,4.48,4.67,6969200
2011-12-21,4.68,4.89,4.64,4.88,5392400
2011-12-22,4.88,4.98,4.85,4.92,4591200
2011-12-23,4.97,5.01,4.91,4.98,3953600
2011-12-27,4.95,5.04,4.95,5.02,2438400
2011-12-28,5.03,5.06,4.9,4.93,3161600
2011-12-29,4.93,5.04,4.91,4.99,4406000
2011-12-30,4.96,5.2,4.96,5.13,4469200
2012-01-03,5.15,5.23,4.84,4.96,8650800
2012-01-04,4.95,4.95,4.67,4.69,10296000
2012-01-05,4.66,4.78,4.59,4.76,12863600
2012-01-06,4.79,5.15,4.76,4.99,12362000
2012-01-09,5.09,5.14,4.95,5.1,6280800
2012-01-10,5.09,5.22,4.97,5.15,11818800
2012-01-11,5.11,5.26,5.07,5.23,4368400
2012-01-12,5.25,5.25,5.12,5.13,7989600
2012-01-13,5.08,5.19,5.01,5.07,4564400
2012-01-17,5.13,5.16,4.9,4.93,7359200
2012-01-18,4.93,5.08,4.89,5.02,8448000
2012-01-19,5.09,5.2416,5.02,5.16,7014400
2012-01-20,5.16,5.17,5.005,5.1,5820400
2012-01-23,5.11,5.175,5.05,5.09,3926000
2012-01-24,5.05,5.37,5.02,5.33,9988400
2012-01-25,5.34,5.55,5.3,5.5,13364000
2012-01-26,5.56,5.59,5.34,5.41,7019200
2012-01-27,5.36,5.5,5.33,5.48,4139600
2012-01-30,5.4,5.44,5.29,5.33,5468800
2012-01-31,5.38,5.46,5.22,5.29,4268000
2012-02-01,5.33,5.53,5.27,5.47,8814400
2012-02-02,5.47,5.52,5.3,5.43,5846400
2012-02-03,5.5,6.02,5.47,5.97,22808400
2012-02-06,6.02,6.05,5.71,5.94,15647200
2012-02-07,5.86,5.94,5.82,5.85,8336800
2012-02-08,5.86,5.95,5.82,5.86,5164400
2012-02-09,5.86,5.91,5.55,5.58,13737600
2012-02-10,5.52,5.755,5.48,5.72,13510800
2012-02-13,5.79,5.86,5.73,5.77,4990800
2012-02-14,5.76,5.81,5.6,5.67,8834400
2012-02-15,5.69,5.75,5.59,5.7,12032800
2012-02-16,5.73,5.83,5.68,5.68,8577600
2012-02-17,5.73,5.7599,5.6,5.66,6393600
2012-02-21,5.7,5.73,5.5317,5.6,8178000
2012-02-22,5.65,5.65,5.49,5.55,15302000
2012-02-23,5.55,5.72,5.5,5.62,12332400
2012-02-24,5.65,5.9,5.62,5.78,10919600
2012-02-27,5.69,5.78,5.63,5.65,15750800
2012-02-28,5.55,5.75,5.55,5.71,12184400
2012-02-29,5.7,5.79,5.62,5.65,9595200
2012-03-01,5.68,5.76,5.6,5.73,11509600
2012-03-02,5.68,5.77,5.61,5.66,4235200
2012-03-05,5.63,5.79,5.48,5.52,9806800
2012-03-06,5.43,5.47,5.33,5.4,6342400
2012-03-07,5.39,5.54,5.39,5.45,7102000
2012-03-08,5.54,5.64,5.44,5.53,3796400
2012-03-09,5.55,5.62,5.46,5.47,8289200
2012-03-12,5.44,5.45,5.29,5.37,5747200
2012-03-13,5.4,5.49,5.35,5.47,10312400
2012-03-14,5.46,5.54,5.35,5.43,6208800
2012-03-15,5.44,5.685,5.43,5.68,7028400
2012-03-16,5.68,5.69,5.56,5.58,13499600
2012-03-19,5.59,5.63,5.51,5.53,4957200
2012-03-20,5.49,5.53,5.35,5.41,5832800
2012-03-21,5.39,5.43,5.315,5.43,4326400
2012-03-22,5.39,5.51,5.29,5.34,7972000
2012-03-23,5.34,5.37,5.23,5.25,3532400
2012-03-26,5.32,5.59,5.3,5.54,12890400
2012-03-27,5.53,5.59,5.4,5.41,7510000
2012-03-28,5.42,5.46,5.15,5.19,13551200
2012-03-29,5.13,5.3,5.06,5.16,14367600
2012-03-30,5.23,5.39,5.17,5.31,16070800
2012-04-02,5.31,5.47,5.27,5.37,12116000
2012-04-03,5.37,5.55,5.3,5.48,6838400
2012-04-04,5.45,5.465,5.35,5.35,6328800
2012-04-05,5.34,5.4,5.23,5.26,4650000
2012-04-09,5.14,5.23,5.1,5.11,2768400
2012-04-10,5.09,5.16,4.905,5.02,5975600
2012-04-11,5.07,5.23,5.02,5.08,7027200
2012-04-12,5.12,5.425,5.12,5.35,8363200
2012-04-13,5.33,5.36,5.23,5.3,4049200
2012-04-16,5.33,5.35,5.24,5.28,5443200
2012-04-17,5.31,5.49,5.29,5.38,4765200
2012-04-18,5.35,5.47,5.32,5.38,3024400
2012-04-19,5.37,5.45,5.34,5.44,3654000
2012-04-20,5.46,5.5,5.39,5.41,3274800
2012-04-23,5.3,5.35,5.25,5.32,3434000
2012-04-24,5.31,5.39,5.255,5.34,2693200
2012-04-25,5.39,5.48,5.36,5.48,3759200
2012-04-26,5.45,5.45,5.09,5.16,15069200
2012-04-27,5.15,5.24,5.12,5.21,8030000
2012-04-30,5.18,5.24,5.13,5.19,3842800
2012-05-01,5.22,5.41,5.18,5.34,4477600
2012-05-02,5.31,5.37,5.245,5.28,2566800
2012-05-03,5.27,5.29,5.07,5.1,3971200
2012-05-04,5.09,5.1,4.96,5.03,6389200
2012-05-07,5.04,5.09,4.98,5.04,3678400
2012-05-08,5.01,5.17,4.845,5.1,13087200
2012-05-09,5.02,5.21,5.0,5.14,14233200
2012-05-10,5.18,5.31,5.13,5.15,8024000
2012-05-11,5.12,5.14,5.03,5.07,7763600
2012-05-14,5.0,5.08,4.95,5.0,9442000
2012-05-15,5.0,5.025,4.88,4.92,6181600
2012-05-16,4.93,5.1,4.8,4.9,10653200
2012-05-17,4.9,4.93,4.7,4.7,5988400
2012-05-18,4.73,4.77,4.54,4.58,3876800
2012-05-21,4.58,4.69,4.52,4.66,5386400
2012-05-22,4.65,4.86,4.65,4.68,9120000
2012-05-23,4.64,4.66,4.53,4.63,5426400
2012-05-24,4.66,4.845,4.64,4.75,5211200
2012-05-25,4.77,4.82,4.71,4.75,2324000
2012-05-29,4.7,4.9,4.59,4.85,7812400
2012-05-30,4.8,4.8,4.685,4.75,3369600
2012-05-31,4.75,4.77,4.6,4.71,5122800
2012-06-01,4.61,4.64,4.48,4.49,4081600
2012-06-04,4.54,4.54,4.34,4.39,4294400
2012-06-05,4.36,4.48,4.33,4.45,4074400
2012-06-06,4.48,4.72,4.4,4.71,4458000
2012-06-07,4.79,4.85,4.55,4.58,4728400
2012-06-08,4.55,4.7,4.53,4.68,2426400
2012-06-11,4.77,4.81,4.66,4.68,2716000
2012-06-12,4.72,4.81,4.69,4.73,3908800
2012-06-13,4.7,4.73,4.57,4.61,4230000
2012-06-14,4.63,4.7,4.59,4.67,4991200
2012-06-15,4.71,4.72,4.59,4.61,6346400
2012-06-18,4.59,4.86,4.55,4.83,9142400
2012-06-19,4.82,4.985,4.82,4.95,8612800
2012-06-20,4.92,5.05,4.88,5.05,8198400
2012-06-21,5.05,5.08,4.78,4.8,6387200
2012-06-22,4.83,4.97,4.79,4.89,4221600
2012-06-25,4.83,4.85,4.6,4.6,3953200
2012-06-26,4.62,5.0,4.56,4.92,8753600
2012-06-27,4.93,5.0,4.91,4.98,4496800
2012-06-28,4.94,5.64,4.8,5.25,40724000
2012-06-29,5.42,5.48,5.22,5.24,19353200
2012-07-02,5.33,5.35,5.14,5.17,7537200
2012-07-03,5.14,5.23,5.01,5.09,5327600
2012-07-05,5.05,5.17,5.02,5.13,6429600
2012-07-06,5.05,5.21,5.05,5.08,3233200
2012-07-09,5.06,5.15,5.01,5.11,4754000
2012-07-10,5.13,5.2,4.85,4.88,5385200
2012-07-11,4.89,4.99,4.85,4.97,4040800
2012-07-12,4.94,4.94,4.79,4.86,3253200
2012-07-13,4.88,5.16,4.8603,5.14,6206000
2012-07-16,5.1,5.1,4.98,5.04,2204800
2012-07-17,5.04,5.08,4.79,4.89,5132800
2012-07-18,4.86,4.94,4.8,4.81,4326000
2012-07-19,4.87,4.9,4.75,4.78,3722000
2012-07-20,4.73,4.79,4.6,4.65,5748400
2012-07-23,4.57,4.63,4.43,4.47,5477200
2012-07-24,4.5,4.56,4.36,4.45,5740000
2012-07-25,4.46,4.46,4.35,4.39,3731200
2012-07-26,4.5,4.52,4.31,4.4,5099200
2012-07-27,4.43,4.85,4.38,4.82,7202800
2012-07-30,4.8,4.8,4.53,4.65,7686000
2012-07-31,4.65,4.69,4.59,4.62,6162800
2012-08-01,4.65,4.745,4.53,4.63,5714000
2012-08-02,4.52,4.705,4.5,4.65,5394400
2012-08-03,4.7,4.84,4.64,4.69,5284400
2012-08-06,4.73,4.74,4.45,4.66,9106800
2012-08-07,4.72,5.09,4.72,5.08,10282400
2012-08-08,5.07,5.26,5.06,5.21,5478800
2012-08-09,5.17,5.28,5.16,5.25,4506000
2012-08-10,5.25,5.26,5.14,5.22,4358400
2012-08-13,5.19,5.35,5.19,5.3,2884800
2012-08-14,5.3,5.31,5.18,5.25,5587200
2012-08-15,5.25,5.28,5.19,5.22,4677200
2012-08-16,5.24,5.32,5.2,5.29,7328400
2012-08-17,5.3,5.32,5.22,5.27,7217600
2012-08-20,5.27,5.29,5.09,5.16,7837200
2012-08-21,5.19,5.28,5.1,5.14,9345600
2012-08-22,5.22,5.23,5.1,5.12,5253600
2012-08-23,5.12,5.16,5.0,5.06,5516400
2012-08-24,5.05,5.23,5.015,5.17,4291600
2012-08-27,5.17,5.255,5.13,5.24,3929200
2012-08-28,5.21,5.26,5.15,5.24,3684400
2012-08-29,5.23,5.29,5.13,5.27,6696000
2012-08-30,5.22,5.295,5.2,5.28,5640400
2012-08-31,5.3,5.3,5.15,5.19,4745600
2012-09-04,5.17,5.34,5.13,5.31,6779200
2012-09-05,5.21,5.36,5.17,5.27,3994800
2012-09-06,5.32,5.47,5.31,5.41,8140400
2012-09-07,5.4,5.45,5.38,5.41,5611200
2012-09-10,5.41,5.43,5.3275,5.36,6671600
2012-09-11,5.36,5.435,5.34,5.42,3368400
2012-09-12,5.41,5.5,5.4,5.46,12148800
2012-09-13,5.45,5.45,5.28,5.37,16627200
2012-09-14,5.36,5.945,5.3498,5.76,39504400
2012-09-17,5.74,6.1,5.58,5.91,28598800
2012-09-18,5.91,6.25,5.91,6.09,15998000
2012-09-19,6.17,6.25,6.03,6.19,8674000
2012-09-20,6.16,6.23,6.08,6.21,6112800
2012-09-21,6.22,6.29,6.14,6.18,9048400
2012-09-24,6.11,6.44,6.11,6.31,9092000
2012-09-25,6.34,6.37,6.1,6.1,8195200
2012-09-26,6.08,6.32,6.0,6.27,9986800
2012-09-27,6.3,6.39,6.26,6.34,4492400
2012-09-28,6.29,6.38,6.2501,6.27,6603600
2012-10-01,6.51,6.74,6.36,6.48,17212400
2012-10-02,6.48,6.51,6.265,6.46,8839200
2012-10-03,6.44,6.49,6.36,6.4,12285200
2012-10-04,6.33,6.33,6.03,6.28,11927200
2012-10-05,6.33,6.37,6.15,6.19,8188800
2012-10-08,6.2,6.21,6.07,6.13,7207600
2012-10-09,6.12,6.16,5.93,5.96,9569600
2012-10-10,5.95,6.08,5.87,5.97,1714000
2012-10-11,24.05,24.61,23.93,24.09,12662400
2012-10-12,24.07,24.15,23.49,23.67,2154200
2012-10-15,23.67,24.45,23.34,24.18,3097000
2012-10-16,24.22,24.6,23.935,24.12,3227700
2012-10-17,24.24,24.84,24.15,24.3,2307500
2012-10-18,24.55,24.67,23.97,24.12,2011500
2012-10-19,24.04,24.04,23.33,23.51,1946600
2012-10-22,23.25,23.86,23.25,23.81,2123000
2012-10-23,23.41,23.5,22.86,23.29,2825800
2012-10-24,23.52,23.76,23.1,23.38,1855100
2012-10-25,23.53,23.79,23.22,23.75,2089000
2012-10-26,23.7,23.72,23.06,23.33,2128800
2012-10-31,23.31,23.7025,23.05,23.6,1655200
2012-11-01,23.69,25.465,23.6704,25.4,3629700
2012-11-02,25.44,25.6,24.91,25.03,3066700
2012-11-05,24.78,25.98,24.71,25.92,3072200
2012-11-06,26.12,26.12,24.36,24.95,4718600
2012-11-07,26.11,27.595,25.9,27.34,9527800
2012-11-08,27.33,27.35,26.3,26.3,3834500
2012-11-09,26.25,26.58,25.98,26.21,1525500
2012-11-12,26.04,26.72,25.96,26.57,2019400
2012-11-13,26.47,26.57,26.04,26.14,3214900
2012-11-14,26.18,26.28,25.08,25.18,2532700
2012-11-15,25.33,25.51,24.85,25.15,3184700
2012-11-16,25.07,26.42,25.07,26.39,5173500
2012-11-19,26.72,27.6,26.61,27.49,3351800
2012-11-20,27.38,27.9,27.25,27.8,1687000
2012-11-21,27.77,28.0,27.64,28.0,1641400
2012-11-23,28.09,28.35,27.96,28.29,696100
2012-11-26,28.03,28.11,27.655,28.08,1576900
2012-11-27,28.11,28.32,27.64,27.69,2170500
2012-11-28,27.51,28.43,27.4,28.38,1581100
2012-11-29,28.6,28.99,28.59,28.95,1678300
2012-11-30,28.82,29.0,28.45,28.96,2091400
2012-12-03,28.99,29.188,28.7,29.0,1757000
2012-12-04,28.73,29.07,28.73,28.93,2100600
2012-12-05,28.96,29.25,28.71,28.97,1259400
2012-12-06,28.96,29.23,28.83,29.09,1643300
2012-12-07,29.2,29.35,28.74,28.85,1703900
2012-12-10,28.99,29.67,28.8,29.61,1940700
2012-12-11,29.48,30.11,29.43,30.09,2241000
2012-12-12,30.18,30.72,30.11,30.15,2202000
2012-12-13,30.13,30.53,29.99,30.2,1558800
2012-12-14,30.35,30.74,30.3,30.63,2187500
2012-12-17,31.11,31.67,31.1,31.18,2357100
2012-12-18,31.81,32.77,31.58,32.47,3358000
2012-12-19,32.44,33.145,32.31,33.0,2461200
2012-12-20,33.02,33.86,32.8517,33.5,3397500
2012-12-21,33.14,33.16,32.41,32.43,2825900
2012-12-24,32.51,32.54,32.05,32.33,625000
2012-12-26,32.33,33.07,32.28,32.33,1246800
2012-12-27,32.28,32.4499,31.3,31.98,2213600
2012-12-28,31.84,32.06,31.27,31.33,1632500
2012-12-31,31.35,32.5,31.23,32.47,1328900
2013-01-02,33.17,33.65,33.0,33.39,2145900
2013-01-03,33.87,34.45,33.66,34.28,2658300
2013-01-04,34.3,34.68,33.89,34.11,2603600
2013-01-07,33.97,34.32,33.76,34.3,1541300
2013-01-08,34.18,34.44,33.31,33.47,1742100
2013-01-09,33.55,33.66,33.26,33.46,1887600
2013-01-10,33.55,33.66,33.14,33.16,2631800
2013-01-11,34.27,34.97,33.98,34.3,3836500
2013-01-14,34.16,34.75,33.96,34.68,1389800
2013-01-15,34.41,35.63,34.26,35.47,2568400
2013-01-16,35.3,35.78,35.27,35.75,1832500
2013-01-17,35.84,37.17,35.8,37.12,2075300
2013-01-18,37.2,38.13,37.15,38.04,2818300
2013-01-22,38.1,38.46,37.68,38.21,2743300
2013-01-23,37.85,38.0524,36.865,37.76,2813000
2013-01-24,38.63,39.3,38.5368,38.64,1742000
2013-01-25,38.87,39.22,38.65,39.05,2003200
2013-01-28,38.93,39.13,37.97,38.69,1940100
2013-01-29,38.67,38.68,37.21,37.76,2782700
2013-01-30,37.82,38.89,37.77,38.59,1952500
2013-01-31,38.38,39.0901,38.33,38.83,1249100
2013-02-01,39.19,39.425,38.83,39.33,1499100
2013-02-04,39.08,39.61,38.68,38.86,1642400
2013-02-05,38.98,39.92,37.97,38.84,2547300
2013-02-06,38.69,39.41,38.45,39.25,1226300
2013-02-07,39.3,39.5,38.87,39.16,1087300
2013-02-08,39.22,40.0,39.16,39.85,847200
2013-02-11,39.8,39.945,39.35,39.56,1086700
2013-02-12,39.46,39.53,38.54,38.99,1791200
2013-02-13,38.97,39.765,38.92,39.39,1131900
2013-02-14,39.3,40.32,39.11,40.11,1341900
2013-02-15,40.11,40.45,39.89,40.1,1616300
2013-02-19,40.01,40.72,39.55,40.7,1602800
2013-02-20,40.61,40.94,39.17,39.25,1957800
2013-02-21,39.34,39.38,38.17,38.99,2749400
2013-02-22,39.04,39.58,38.73,39.31,1427400
2013-02-25,39.49,39.59,37.58,37.63,1544700
2013-02-26,36.85,38.51,36.29,37.87,4397200
2013-02-27,37.73,38.97,37.53,38.95,1955400
2013-02-28,39.0,39.7157,38.76,39.31,1669400
2013-03-01,38.78,39.701,38.41,39.48,1673100
2013-03-04,39.26,39.91,38.88,39.15,1684400
2013-03-05,39.37,40.335,39.37,40.24,1425400
2013-03-06,40.62,40.76,40.095,40.38,1440700
2013-03-07,40.32,41.83,40.31,41.76,2367800
2013-03-08,42.29,43.29,42.29,43.2,2103600
2013-03-11,43.05,43.79,42.93,43.2,1465600
2013-03-12,43.08,43.87,43.04,43.65,1060900
2013-03-13,43.61,44.325,43.5,44.16,1052600
2013-03-14,44.25,45.0,44.1,44.96,1280500
2013-03-15,44.97,44.97,44.21,44.22,2342900
2013-03-18,43.74,44.82,43.48,44.21,1214800
2013-03-19,44.55,44.98,43.57,43.99,1624500
2013-03-20,44.36,45.09,44.235,44.89,1508100
2013-03-21,44.54,45.53,44.54,45.11,2126400
2013-03-22,45.44,45.69,45.19,45.38,980300
2013-03-25,45.54,47.13,45.54,46.66,2031800
2013-03-26,46.94,47.641,46.67,47.57,1563500
2013-03-27,47.25,47.82,46.82,47.54,1123400
2013-03-28,47.68,48.25,47.2434,47.58,1466800
2013-04-01,47.63,48.72,47.6201,48.0,1533200
2013-04-02,48.27,49.13,47.58,47.81,1939500
2013-04-03,48.01,48.23,43.99,44.09,5667200
2013-04-04,44.0,44.64,42.49,43.73,3633300
2013-04-05,42.78,43.97,42.7386,43.82,1838500
2013-04-08,43.84,44.08,43.17,44.03,1069700
2013-04-09,44.1,44.45,43.48,43.52,2044200
2013-04-10,42.34,42.48,40.78,41.14,5364800
2013-04-11,40.79,42.5,40.79,42.44,2980800
2013-04-12,42.18,42.67,41.94,42.4,1367900
2013-04-15,42.25,42.35,39.69,39.78,2294300
2013-04-16,39.41,40.43,38.17,40.4,4573700
2013-04-17,39.9,40.07,38.95,39.77,2136600
2013-04-18,39.71,39.81,38.8,39.26,1224500
2013-04-19,39.4,40.155,39.11,40.04,1204400
2013-04-22,39.99,40.08,38.81,39.75,1143300
2013-04-23,40.16,40.69,39.92,40.46,1334000
2013-04-24,40.49,40.89,39.94,40.32,1108000
2013-04-25,40.39,40.51,39.71,39.87,1670400
2013-04-26,39.93,41.53,39.93,41.16,2074500
2013-04-29,45.66,46.5,43.66,43.84,4347000
2013-04-30,43.92,45.37,43.9,45.36,3114000
2013-05-01,45.0,45.43,44.07,44.3,1997700
2013-05-02,44.48,46.29,44.48,46.21,2407600
2013-05-03,46.51,47.68,46.24,46.52,2193500
2013-05-06,46.63,47.09,46.32,47.0,1325100
2013-05-07,47.1,47.7,46.9,47.24,1578400
2013-05-08,47.32,48.13,47.21,48.07,2060600
2013-05-09,48.1,48.42,47.37,47.68,1370700
2013-05-10,47.76,48.87,47.55,48.66,917700
2013-05-13,48.32,49.09,48.17,48.99,1187200
2013-05-14,48.99,49.475,48.73,49.25,1395500
2013-05-15,47.24,47.7,46.55,47.44,3835100
2013-05-16,47.83,48.1,47.005,47.06,2910300
2013-05-17,47.19,47.19,45.47,45.82,3239300
2013-05-20,45.85,45.96,44.46,44.68,2892600
2013-05-21,44.8,45.24,44.01,45.11,2527700
2013-05-22,45.01,46.75,44.66,44.8,2096200
2013-05-23,44.16,45.25,43.92,45.0,1991800
2013-05-24,44.55,45.12,44.2,44.89,1137300
2013-05-28,45.53,46.97,45.52,46.64,1645500
2013-05-29,46.26,46.41,45.13,45.75,1266000
2013-05-30,45.89,47.64,45.81,47.17,1549100
2013-05-31,46.96,48.62,46.89,47.37,2399000
2013-06-03,47.56,47.88,45.92,47.04,1659700
2013-06-04,47.0,47.71,45.605,45.96,1970800
2013-06-05,45.89,45.89,44.18,44.37,1852600
2013-06-06,44.63,45.76,44.5,45.76,1685500
2013-06-07,46.14,46.66,45.99,46.58,1184600
2013-06-10,46.67,47.0,46.27,46.45,997200
2013-06-11,45.88,46.6,45.49,46.07,1012300
2013-06-12,46.82,47.0,45.99,46.09,791000
2013-06-13,46.0,47.2,45.41,47.13,1475000
2013-06-14,47.0,47.33,46.55,46.67,773400
2013-06-17,46.92,46.92,45.46,45.52,1534900
2013-06-18,45.46,45.93,45.34,45.83,849900
2013-06-19,45.73,45.745,43.94,44.11,2267600
2013-06-20,43.79,43.8,42.38,42.53,1555000
2013-06-21,42.91,43.05,41.1601,41.85,2247900
2013-06-24,44.3,46.2,42.47,43.73,6332500
2013-06-25,44.27,45.115,44.23,44.94,2360200
2013-06-26,45.2,45.94,44.61,45.38,1689200
2013-06-27,45.63,47.17,45.63,46.8,1792000
2013-06-28,46.52,46.68,45.67,46.1,2200900
2013-07-01,46.64,47.08,46.07,46.23,1192700
2013-07-02,46.1,46.24,45.395,45.62,969600
2013-07-03,44.89,44.89,43.0,43.64,2859600
2013-07-05,43.98,44.149,42.97,43.28,1086800
2013-07-08,43.5,43.86,43.1,43.35,992700
2013-07-09,43.48,44.12,43.04,43.92,1523000
2013-07-10,43.93,44.223,43.02,43.17,1508700
2013-07-11,43.62,43.73,43.17,43.6,1070200
2013-07-12,43.62,44.13,43.3567,43.81,754400
2013-07-15,43.9,44.15,43.6,43.71,944400
2013-07-16,44.37,45.68,44.29,45.19,2372800
2013-07-17,45.51,45.51,43.78,43.9,2216900
2013-07-18,43.98,44.59,43.43,43.7,1574500
2013-07-19,42.75,42.96,42.29,42.65,1740800
2013-07-22,42.69,43.24,42.55,43.13,716000
2013-07-23,43.19,43.43,42.77,43.1,1006600
2013-07-24,43.22,43.2599,42.81,43.17,709200
2013-07-25,43.03,43.56,42.86,43.56,931200
2013-07-26,43.41,44.8,43.41,44.78,1329500
2013-07-29,44.83,46.07,44.6,45.0,1635200
2013-07-30,45.1,45.1,43.87,44.4,1256000
2013-07-31,44.43,44.74,43.96,44.65,1173400
2013-08-01,45.0,45.23,44.3,44.39,1006600
2013-08-02,44.21,44.22,43.58,43.93,1301800
2013-08-05,43.94,45.89,43.79,44.66,2022500
2013-08-06,42.14,43.67,42.0,42.98,4446900
2013-08-07,42.59,42.71,41.45,41.52,2487100
2013-08-08,41.64,41.94,40.98,41.39,1155300
2013-08-09,41.32,41.865,41.15,41.66,985500
2013-08-12,41.4,42.03,41.17,41.83,1044300
2013-08-13,41.8,41.9,40.9923,41.47,1037300
2013-08-14,41.54,41.99,41.395,41.48,828100
2013-08-15,40.95,41.02,40.0,40.27,1012600
2013-08-16,40.11,40.21,39.435,39.67,1125600
2013-08-19,39.67,40.01,38.99,39.0,942600
2013-08-20,39.03,40.75,39.03,40.19,1753200
2013-08-21,40.04,40.13,39.29,39.7,1178100
2013-08-22,39.79,40.19,39.64,39.82,970300
2013-08-23,39.92,40.38,39.78,39.99,879700
2013-08-26,39.95,40.79,39.886,40.36,1068600
2013-08-27,40.01,40.14,39.39,39.43,973500
2013-08-28,39.52,40.04,39.44,39.6,823500
2013-08-29,39.47,40.0,39.31,39.57,626200
2013-08-30,39.62,39.66,38.37,39.05,1632500
2013-09-03,39.49,39.85,38.79,39.04,1111700
2013-09-04,39.06,39.51,38.715,39.38,864900
2013-09-05,39.48,40.985,39.45,40.68,1517200
2013-09-06,40.92,40.94,39.645,39.86,1258500
2013-09-09,39.81,39.89,36.87,38.39,6214900
2013-09-10,38.49,39.65,38.49,39.1,1530200
2013-09-11,38.97,39.72,38.55,38.75,992500
2013-09-12,38.7,38.7,37.45,38.23,1783000
2013-09-13,38.45,40.58,38.35,40.22,2014700
2013-09-16,40.65,41.33,40.25,40.72,1582900
2013-09-17,40.7,41.7,40.7,41.68,1202900
2013-09-18,41.52,43.0,41.01,42.96,2342600
2013-09-19,43.04,43.465,42.73,42.77,1618200
2013-09-20,42.82,42.86,41.62,42.03,2240800
2013-09-23,41.99,42.0,40.68,41.03,1436200
2013-09-24,40.88,41.02,39.39,40.36,3180900
2013-09-25,40.33,40.545,39.87,40.32,953600
2013-09-26,40.32,41.07,40.32,40.64,896100
2013-09-27,40.36,40.53,39.93,40.33,795100
2013-09-30,39.95,41.52,39.72,41.19,1145100
2013-10-01,41.21,42.02,40.77,41.37,1391000
2013-10-02,41.37,44.53,41.22,43.9,3512600
2013-10-03,44.47,47.15,44.31,46.27,6716200
2013-10-04,46.36,47.05,45.61,46.1,2488000
2013-10-07,45.74,46.64,45.39,46.1,1173300
2013-10-08,47.7,47.73,46.19,46.21,2075800
2013-10-09,46.3,46.8,45.39,45.61,1737200
2013-10-10,46.24,46.605,45.71,45.9,1690800
2013-10-11,45.84,46.41,45.5,46.21,1207500
2013-10-14,46.03,46.43,45.26,46.28,943200
2013-10-15,46.26,47.12,46.2,46.39,981100
2013-10-16,46.54,47.1,46.38,46.98,738900
2013-10-17,46.81,47.24,46.09,47.18,830200
2013-10-18,47.53,48.17,46.6,47.79,1493800
2013-10-21,47.83,47.87,46.92,47.18,985300
2013-10-22,47.26,47.58,46.73,47.25,663500
2013-10-23,47.02,47.02,45.61,46.29,1069300
2013-10-24,46.29,46.51,44.44,45.27,2554400
2013-10-25,45.5,46.08,45.34,45.93,1300300
2013-10-28,45.92,45.99,45.01,45.17,724900
2013-10-29,45.16,46.05,45.16,45.81,972000
2013-10-30,45.75,45.97,44.855,44.9,908900
2013-10-31,45.1,47.24,45.09,47.19,2117900
2013-11-01,47.26,47.57,46.11,47.19,1215800
2013-11-04,47.56,48.48,47.37,48.26,1955200
2013-11-05,44.8,45.9,41.82,44.0,9163000
2013-11-06,43.71,44.04,42.6401,43.77,3521800
2013-11-07,43.77,44.01,41.51,41.71,3371500
2013-11-08,41.73,42.89,41.31,42.33,2306100
2013-11-11,42.32,42.78,42.05,42.11,1046100
2013-11-12,42.69,44.1709,42.58,43.59,3200700
2013-11-13,43.7,44.13,43.08,43.45,1729000
2013-11-14,43.55,43.83,43.09,43.35,1200500
2013-11-15,43.4,43.56,41.99,42.39,1981100
2013-11-18,42.68,42.7,41.85,41.97,1953300
2013-11-19,41.76,41.97,40.46,40.63,1969200
2013-11-20,40.71,41.76,40.71,41.25,2668700
2013-11-21,41.28,42.21,41.24,42.06,1205000
2013-11-22,42.04,42.23,41.49,42.1,1128600
2013-11-25,42.1,42.22,41.43,41.99,4977100
2013-11-26,42.08,42.9,41.78,42.56,1128900
2013-11-27,42.62,42.96,42.5,42.82,734400
2013-11-29,42.77,43.41,42.45,43.15,551400
2013-12-02,43.0,43.6,42.27,42.37,1467700
2013-12-03,42.07,43.22,42.01,43.15,1637400
2013-12-04,42.95,43.35,42.46,43.07,1012600
2013-12-05,42.94,43.03,42.45,42.73,903500
2013-12-06,43.14,43.48,42.615,42.7,1400500
2013-12-09,42.82,42.98,42.53,42.77,891400
2013-12-10,42.58,43.0,42.545,42.55,1039800
2013-12-11,42.5,42.595,40.47,40.78,3601900
2013-12-12,40.54,40.89,39.7101,40.42,1391300
2013-12-13,40.46,40.87,40.32,40.34,1024400
2013-12-16,40.42,40.9,40.42,40.61,1143100
2013-12-17,40.43,40.48,38.71,39.86,3558100
2013-12-18,40.02,41.32,39.9,40.92,3782500
2013-12-19,40.81,40.81,39.42,39.85,3282600
2013-12-20,39.89,40.75,39.535,40.31,2574000
2013-12-23,40.47,41.3,39.585,39.81,3173400
2013-12-24,39.95,41.15,39.93,40.91,637000
2013-12-26,40.91,41.1199,40.39,40.84,768400
2013-12-27,41.02,41.14,40.68,40.89,633300
2013-12-30,40.8,41.71,40.43,41.55,1049900
2013-12-31,41.6,42.49,41.43,42.12,1585800
2014-01-02,41.97,43.825,41.73,43.12,2306500
2014-01-03,43.21,44.83,43.02,44.2,2221700
2014-01-06,44.35,44.82,43.2,43.95,2444800
2014-01-07,44.24,46.325,44.2,46.1,3321000
2014-01-08,45.61,46.1,44.235,45.36,3816800
2014-01-09,45.48,45.9,45.14,45.84,1665600
2014-01-10,45.91,47.11,45.53,46.68,1936200
2014-01-13,46.64,47.33,45.63,45.91,2751900
2014-01-14,46.06,47.01,46.01,46.52,1902300
2014-01-15,46.42,46.91,46.28,46.49,1355400
2014-01-16,46.45,47.24,46.33,47.23,1065900
2014-01-17,47.3,47.94,46.75,47.24,1542800
2014-01-21,47.3,47.48,44.79,45.54,2905300
2014-01-22,45.5,46.05,44.84,45.81,1521900
2014-01-23,45.7,46.35,45.39,46.11,1561500
2014-01-24,45.81,45.88,44.37,44.95,1230300
2014-01-27,45.02,45.25,44.27,44.92,1021300
2014-01-28,45.02,46.26,44.74,45.8,1172800
2014-01-29,45.12,45.96,44.41,45.22,1090400
2014-01-30,45.53,45.93,45.14,45.33,897500
2014-01-31,45.02,46.73,44.72,46.01,1654200
2014-02-03,46.11,46.18,44.92,44.97,1655800
2014-02-04,45.06,45.5,44.22,44.49,1387500
2014-02-05,44.38,44.71,43.4,44.07,1102100
2014-02-06,44.16,44.94,44.02,44.69,1036200
2014-02-07,44.83,45.09,44.04,44.79,1209300
2014-02-10,44.79,45.62,44.17,45.39,1805700
2014-02-11,45.05,45.95,44.31,45.79,1267300
2014-02-12,45.82,46.96,45.52,45.68,1212400
2014-02-13,45.37,47.2,44.94,47.0,1900400
2014-02-14,46.92,47.23,46.505,46.56,1650100
2014-02-18,46.6,47.15,46.36,46.56,1204200
2014-02-19,46.3,47.1099,46.08,46.09,1596300
2014-02-20,45.57,46.515,45.14,46.12,2199300
2014-02-21,46.3,47.6,45.85,46.87,1802600
2014-02-24,46.92,48.7,46.7,48.33,2425600
2014-02-25,46.26,46.84,42.85,43.93,10076400
2014-02-26,43.69,44.99,43.305,44.34,2842400
2014-02-27,44.26,44.95,43.75,44.07,2169300
2014-02-28,43.92,44.72,43.8,44.12,2050700
2014-03-03,43.49,44.09,42.97,43.65,1658700
2014-03-04,44.08,44.47,43.69,43.95,1868500
2014-03-05,43.71,44.11,43.21,43.39,1228500
2014-03-06,43.52,43.6575,42.7,42.82,1528400
2014-03-07,42.78,43.17,42.13,42.31,1464100
2014-03-10,42.3,42.58,41.65,42.01,1411400
2014-03-11,42.06,43.12,41.9,42.11,1481800
2014-03-12,41.79,41.95,41.04,41.31,1363700
2014-03-13,41.38,41.4595,39.87,40.24,2562900
2014-03-14,40.14,40.76,39.1,39.8,2378600
2014-03-17,39.79,40.3,39.56,40.03,1325600
2014-03-18,40.28,41.79,40.28,40.7,2261700
2014-03-19,40.7,41.41,40.61,41.08,1099600
2014-03-20,41.1,41.36,40.48,40.55,1076000
2014-03-21,40.76,41.0,40.05,40.19,2170500
2014-03-24,40.2,40.46,39.19,39.26,2083400
2014-03-25,39.49,39.89,38.4,38.9,2819600
2014-03-26,39.27,41.64,39.14,40.93,3652500
2014-03-27,40.93,41.555,40.09,41.3,2305000
2014-03-28,41.62,43.1,41.56,41.86,1616000
2014-03-31,42.02,42.81,41.93,42.81,1285900
2014-04-01,42.85,43.28,42.25,42.56,1666600
2014-04-02,42.59,43.29,42.51,42.6,1815700
2014-04-03,42.6,42.91,42.02,42.43,1539200
2014-04-04,42.72,43.92,41.7,41.88,1797700
2014-04-07,41.74,41.82,39.73,40.15,1888600
2014-04-08,40.05,40.98,39.655,40.58,1368900
2014-04-09,40.64,40.98,40.0,40.61,1502400
2014-04-10,40.6,40.8999,39.98,40.07,2083700
2014-04-11,40.0,40.34,39.2,39.34,1733700
2014-04-14,39.67,39.86,39.1,39.45,1109700
2014-04-15,39.48,40.08,38.7,39.44,1661700
2014-04-16,39.68,39.68,38.46,38.75,1230600
2014-04-17,38.63,39.76,37.95,39.72,2245900
2014-04-21,39.64,40.5,39.53,39.9,1411900
2014-04-22,39.65,40.82,39.65,40.34,950400
2014-04-23,40.49,42.12,40.49,42.03,2126800
2014-04-24,42.23,43.01,42.1,42.26,2061500
2014-04-25,43.88,46.49,43.6804,46.12,5474900
2014-04-28,46.23,46.53,45.41,46.26,2086400
2014-04-29,46.15,46.32,45.02,45.71,1640600
2014-04-30,45.55,45.65,44.69,45.08,1558000
2014-05-01,45.03,45.79,44.4,45.51,1976800
2014-05-02,45.71,45.93,44.97,45.41,2042800
2014-05-05,45.3,45.63,44.59,45.36,2552800
2014-05-06,45.0,46.99,43.76,45.34,3425500
2014-05-07,45.37,45.62,44.11,44.55,1562000
2014-05-08,44.37,45.13,43.57,43.77,1243500
2014-05-09,43.77,44.49,43.37,44.36,1420400
2014-05-12,44.41,44.82,44.12,44.58,1368800
2014-05-13,44.71,46.06,44.55,46.03,2017600
2014-05-14,46.05,46.945,45.935,46.08,2450900
2014-05-15,45.92,46.0,44.92,45.83,919400
2014-05-16,45.37,45.71,44.49,45.16,1797500
2014-05-19,44.91,46.24,44.91,45.8,1288200
2014-05-20,45.84,46.19,45.445,45.9,785400
2014-05-21,46.11,47.41,46.11,47.0,1552500
2014-05-22,47.15,47.88,46.995,47.3,1235200
2014-05-23,47.43,48.25,46.91,47.9,1177000
2014-05-27,48.075,48.13,46.73,47.27,1164900
2014-05-28,46.6,47.5,46.21,47.1,823700
2014-05-29,47.3,47.5,46.89,47.42,672000
2014-05-30,47.38,47.83,46.92,47.0,875500
2014-06-02,47.08,47.2799,46.36,46.73,913000
2014-06-03,46.74,47.37,46.66,46.96,1180900
2014-06-04,46.91,47.55,46.85,47.49,1191000
2014-06-05,47.49,49.65,47.49,49.43,3003500
2014-06-06,50.02,50.25,49.12,49.22,1813900
2014-06-09,49.18,49.53,48.56,49.15,990500
2014-06-10,48.94,48.98,48.27,48.78,629600
2014-06-11,48.68,48.68,47.43,48.2,1293500
2014-06-12,48.1,48.27,47.53,47.77,1035200
2014-06-13,47.78,47.86,46.83,46.97,1888800
2014-06-16,46.98,48.11,46.87,48.11,1827900
2014-06-17,48.12,49.04,47.96,48.01,1396300
2014-06-18,47.92,48.1,47.11,47.77,1422300
2014-06-19,47.85,48.1,47.02,48.0,1360400
2014-06-20,48.22,48.85,47.72,48.75,1464000
2014-06-23,48.85,49.84,48.67,49.47,1279800
2014-06-24,49.32,49.36,47.79,47.82,1148800
2014-06-25,47.97,48.49,46.71,47.94,2544000
2014-06-26,48.5,48.5,46.13,46.63,3580500
2014-06-27,46.44,47.37,46.05,46.91,1303800
2014-06-30,46.99,47.25,46.555,46.94,961000
2014-07-01,47.13,47.49,46.42,46.6,1079200
2014-07-02,46.56,47.91,46.33,47.85,1584300
2014-07-03,48.08,48.31,47.27,47.75,968400
2014-07-07,47.59,47.68,46.43,46.55,1160500
2014-07-08,46.37,46.37,44.68,45.39,1551000
2014-07-09,45.56,45.84,45.13,45.43,924500
2014-07-10,44.85,45.38,44.2,45.22,1470800
2014-07-11,45.13,45.44,44.46,45.16,1091500
2014-07-14,45.4,45.45,44.66,45.02,697000
2014-07-15,44.97,45.51,44.81,44.97,1229200
2014-07-16,48.35,49.14,47.23,48.71,3406500
2014-07-17,48.74,49.75,47.67,47.79,1558400
2014-07-18,47.73,48.75,47.13,48.42,1016600
2014-07-21,48.18,48.4,47.05,48.15,1035800
2014-07-22,48.2,49.19,45.87,48.51,2896300
2014-07-23,48.56,48.91,46.87,48.48,790400
2014-07-24,48.72,49.65,48.41,49.22,1683200
2014-07-25,50.58,53.87,50.43,53.61,5022600
2014-07-28,53.61,54.5,53.12,53.82,2213000
2014-07-29,54.32,55.34,53.695,54.0,1844800
2014-07-30,54.11,54.28,53.055,53.94,1969400
2014-07-31,53.53,53.72,52.62,52.77,2332100
2014-08-01,52.64,53.9,52.03,52.34,2087000
2014-08-04,52.53,53.645,52.4,53.3,2548200
2014-08-05,54.01,56.72,53.82,54.83,5118100
2014-08-06,54.37,56.38,54.12,56.14,3090700
2014-08-07,56.28,58.03,56.28,56.97,2795400
2014-08-08,62.66,63.23,60.955,61.53,1700100
2014-08-11,57.06,57.86,56.45,56.83,1411000
2014-08-12,56.69,57.154,56.39,56.98,974800
2014-08-13,57.01,57.73,56.85,57.69,1396100
2014-08-14,57.78,58.84,57.68,58.64,1178700
2014-08-15,58.89,59.04,58.09,58.6,1041300
2014-08-18,59.0,60.24,58.52,60.17,1311700
2014-08-19,60.4,60.62,59.5,59.81,1406600
2014-08-20,59.64,60.505,59.25,60.15,1307300
2014-08-21,60.31,60.41,59.77,60.06,717500
2014-08-22,60.06,60.91,59.97,60.59,657500
2014-08-25,60.42,60.58,59.4,59.9,1029100
2014-08-26,60.05,60.94,59.92,60.42,1527600
2014-08-27,60.54,61.12,60.29,60.37,877400
2014-08-28,60.23,60.57,59.86,59.99,1117100
2014-08-29,60.04,61.8,60.03,61.18,1175900
2014-09-02,61.1,61.12,59.16,60.76,1216200
2014-09-03,61.0,61.12,60.02,60.1,1175900
2014-09-04,60.1,60.1,56.51,57.0,3750300
2014-09-05,56.81,58.0994,56.81,57.71,2137400
2014-09-08,57.74,59.05,57.74,58.99,1533100
2014-09-09,59.42,62.37,59.42,60.97,2749200
2014-09-10,61.16,61.16,60.13,60.87,962100
2014-09-11,60.69,62.96,60.6742,62.84,1366100
2014-09-12,62.66,63.23,60.955,61.53,1769700
2014-09-15,61.66,61.98,60.59,60.68,768400
2014-09-16,60.48,62.07,60.28,61.9,979800
2014-09-17,62.0,62.57,61.5376,62.31,1130600
2014-09-18,62.37,62.97,61.92,62.71,1052400
2014-09-19,63.17,63.51,62.58,63.27,1478000
2014-09-22,63.31,63.61,62.26,62.45,774037
2014-09-23,62.42,62.93,61.79,62.33,1021784
2014-09-24,62.32,63.23,61.804,63.13,1034006
2014-09-25,62.87,62.9,61.49,61.84,749870
2014-09-26,61.84,62.645,60.27,60.75,992034
2014-09-29,60.23,61.0,59.9,60.64,824800
2014-09-30,60.86,61.01,59.24,59.39,1376841
2014-10-01,59.39,59.52,57.43,57.74,1473192
2014-10-02,57.85,58.37,55.48,58.15,2093764
2014-10-03,58.57,59.65,58.2,58.84,1966556
2014-10-06,58.98,59.4,57.33,57.65,1378767
2014-10-07,57.28,58.4,56.98,57.03,1578729
2014-10-08,56.73,58.52,56.35,58.19,2117105
2014-10-09,58.16,58.25,55.86,55.97,1503856
2014-10-10,55.73,57.22,55.49,55.53,1173340
2014-10-13,55.41,56.72,54.59,54.65,1487601
2014-10-14,55.12,56.14,53.91,54.65,2141657
2014-10-15,53.8,54.2,51.43,53.38,3217007
2014-10-16,53.61,56.135,53.5,55.6,3234915
2014-10-17,56.15,57.76,55.98,56.58,1929679
2014-10-20,56.36,57.37,55.35,56.45,1218525
2014-10-21,56.99,59.28,56.9461,58.87,1233678
2014-10-22,58.9,59.18,57.41,57.62,869071
2014-10-23,58.14,58.79,57.44,58.09,906928
2014-10-24,58.34,58.34,57.11,58.22,911939
2014-10-27,57.86,58.05,57.0,57.49,671214
2014-10-28,57.73,57.9497,55.92,56.82,2227578
2014-10-29,56.8,57.56,55.98,56.31,1254382
2014-10-30,56.34,56.44,54.98,55.43,1310201
2014-10-31,56.17,56.54,54.6304,56.05,1950139
2014-11-03,56.07,58.97,55.55,56.72,2272438
2014-11-04,58.0,58.03,51.97,53.06,6509157
2014-11-05,53.16,53.32,50.07,51.4,5772737
2014-11-06,51.6,52.02,51.01,51.18,2394325
2014-11-07,50.76,51.27,47.38,47.85,7841459
2014-11-10,48.65,49.66,47.6,48.03,4203483
2014-11-11,48.03,48.94,47.61,48.27,2533406
2014-11-12,47.61,48.39,47.01,48.12,2114342
2014-11-13,48.2,48.74,47.4,47.94,1696996
2014-11-14,47.61,48.36,46.44,46.5,2560764
2014-11-17,46.515,47.565,46.01,47.46,2791525
2014-11-18,47.46,49.3,47.36,49.15,2639568
2014-11-19,48.89,49.04,47.68,47.71,1477390
2014-11-20,47.28,47.79,47.0,47.5,1562300
2014-11-21,48.0,48.49,47.6,48.14,2046959
2014-11-24,48.26,50.11,48.26,48.54,1782888
2014-11-25,48.55,49.18,48.36,49.15,1539818
2014-11-26,49.14,49.37,48.06,48.23,1225073
2014-11-28,48.07,48.43,47.51,48.05,517840
2014-12-01,47.82,48.21,46.69,46.76,1272374
2014-12-02,46.83,47.08,46.41,46.75,1232443
2014-12-03,46.82,47.5,46.74,47.15,1300677
2014-12-04,47.19,48.78,47.01,48.42,2080027
2014-12-05,48.79,51.96,48.77,51.79,2622989
2014-12-08,51.61,52.69,51.17,51.31,1709504
2014-12-09,50.72,51.39,50.4,51.32,1142033
2014-12-10,51.16,51.75,50.38,50.81,1024276
2014-12-11,51.19,52.53,51.05,51.9,1130965
2014-12-12,51.33,51.99,50.24,50.25,1137052
2014-12-15,50.39,50.71,49.08,49.26,1424084
2014-12-16,48.77,49.98,48.29,48.36,1447879
2014-12-17,48.56,49.065,48.05,48.44,2157127
2014-12-18,49.93,51.74,49.745,51.3,3758046
2014-12-19,51.62,52.21,51.52,51.85,1380041
2014-12-22,51.78,52.09,51.51,51.7,868996
2014-12-23,51.8,52.21,51.22,51.38,1404401
2014-12-24,51.56,52.59,51.56,52.44,483968
2014-12-26,52.42,52.81,51.13,51.36,921109
2014-12-29,51.2,51.9,50.89,51.7,896769
2014-12-30,51.61,52.25,51.42,51.87,758193
2014-12-31,51.89,52.09,50.6,50.67,827294
2015-01-02,50.99,51.21,49.81,50.21,853934
2015-01-05,49.91,50.95,48.7,49.04,1340928
2015-01-06,49.0,49.65,47.76,48.56,1589203
2015-01-07,48.85,51.0,48.85,50.98,1264097
2015-01-08,51.45,52.34,51.2,52.16,1403514
2015-01-09,52.15,52.45,51.34,51.65,1433628
2015-01-12,52.1,52.1,46.4,47.0,5232739
2015-01-13,47.3,47.68,44.62,46.16,5302191
2015-01-14,45.53,45.88,44.43,45.25,2643205
2015-01-15,45.44,45.69,44.36,44.73,1898024
2015-01-16,44.45,45.04,43.88,44.98,2526967
2015-01-20,44.95,45.13,43.82,44.7,3438963
2015-01-21,44.48,45.96,44.36,44.71,2138593
2015-01-22,44.98,45.58,44.41,45.53,1688237
2015-01-23,45.32,45.62,43.8,43.88,1715977
2015-01-26,44.03,44.49,43.1499,44.41,2334757
2015-01-27,43.91,44.5299,43.5,43.6,1441113
2015-01-28,43.85,44.05,42.85,42.95,1106620
2015-01-29,42.95,43.52,41.84,43.39,1942516
2015-01-30,43.02,43.485,42.13,42.28,2061409
2015-02-02,42.22,42.637,41.47,42.22,3298670
2015-02-03,42.29,44.41,42.07,44.19,2754407
2015-02-04,43.86,44.27,42.91,43.42,1988566
2015-02-05,43.6,44.54,43.51,44.25,1812343
2015-02-06,44.2,44.96,43.46,43.68,1763147
2015-02-09,43.29,43.52,42.36,42.65,1299404
2015-02-10,42.85,44.08,42.69,43.86,1550325
2015-02-11,43.73,44.08,43.27,43.65,1055893
2015-02-12,43.74,44.1,43.415,43.55,698290
2015-02-13,43.43,44.36,43.31,44.3,1136181
2015-02-17,44.23,45.44,43.89,45.31,1231762
2015-02-18,45.36,45.69,44.6501,44.96,946456
2015-02-19,45.06,45.28,44.55,44.69,1005041
2015-02-20,44.64,45.37,44.3,44.85,1321697
2015-02-23,45.0,45.83,44.73,45.58,2437752
2015-02-24,45.54,48.08,44.8,45.29,2958068
2015-02-25,45.31,46.28,45.02,45.63,1594744
2015-02-26,45.55,47.16,45.19,46.74,2223107
2015-02-27,47.04,47.09,46.06,46.3,1596403
2015-03-02,46.21,47.8,46.13,47.02,2743243
2015-03-03,46.59,47.28,46.57,47.06,1930950
2015-03-04,46.94,50.84,46.35,49.99,5123874
2015-03-05,49.39,49.8,48.2672,49.23,2255232
2015-03-06,48.92,50.465,48.754,49.23,2223283
2015-03-09,49.28,49.28,47.53,47.59,1510526
2015-03-10,47.05,47.47,46.53,46.72,1279058
2015-03-11,47.0,48.19,46.42,47.82,1831131
2015-03-12,47.94,48.22,47.48,47.73,814318
2015-03-13,47.7,48.19,46.905,47.29,938467
2015-03-16,47.59,48.585,47.58,48.57,1266588
2015-03-17,48.28,49.56,47.95,49.2,1331644
2015-03-18,49.07,50.11,48.9,49.8,1230188
2015-03-19,49.73,50.44,49.53,50.37,1186968
2015-03-20,50.505,50.65,49.1,49.62,1851241
2015-03-23,51.25,52.69,50.55,52.07,4169807
2015-03-24,52.0,52.15,51.24,51.33,1868368
2015-03-25,51.33,51.68,49.64,49.95,1745680
2015-03-26,49.82,50.0,48.96,49.61,1713742
2015-03-27,49.58,50.17,49.368,49.95,1215652
2015-03-30,50.4,51.14,50.27,50.39,935265
2015-03-31,50.26,51.0,49.47,49.51,1402075
2015-04-01,49.76,49.76,47.58,48.79,2404918
2015-04-02,48.91,49.68,48.6,49.16,1872516
2015-04-06,48.87,50.52,48.555,49.99,2194933
2015-04-07,49.98,50.63,49.69,49.73,990204
2015-04-08,49.88,50.75,49.84,50.34,1218296
2015-04-09,50.34,50.85,50.1754,50.55,934302
2015-04-10,50.55,50.75,50.22,50.54,749409
2015-04-13,50.59,50.99,49.9,50.58,1183422
2015-04-14,50.51,51.03,49.8,50.91,798963
2015-04-15,52.04,52.89,51.881,52.15,1728955
2015-04-16,51.79,51.9,50.53,50.85,1543187
2015-04-17,50.44,51.48,50.0724,51.38,1343201
2015-04-20,51.65,51.7316,51.09,51.46,832378
2015-04-21,51.46,51.7,50.84,50.85,1031834
2015-04-22,50.91,51.25,50.19,50.58,1427011
2015-04-23,50.56,51.975,50.35,51.23,1813236
2015-04-24,51.2,51.57,50.545,50.65,1170543
2015-04-27,50.72,50.99,49.47,49.71,1161384
2015-04-28,49.74,50.25,47.87,49.87,1784603
2015-04-29,49.75,49.88,48.46,48.87,1775204
2015-04-30,48.74,49.41,47.76,47.86,1775813
2015-05-01,48.17,48.23,47.37,47.68,1429429
2015-05-04,47.8,49.97,47.8,49.49,4311380
2015-05-05,50.96,50.96,47.74,47.89,3114431
2015-05-06,48.32,48.32,46.82,46.99,1927341
2015-05-07,47.04,48.36,46.33,48.01,1479971
2015-05-08,48.25,48.52,47.72,48.26,922552
2015-05-11,48.31,49.37,48.13,49.0,1284843
2015-05-12,48.66,48.74,47.59,48.02,1240608
2015-05-13,48.05,48.58,47.93,48.17,1008481
2015-05-14,48.83,48.89,48.31,48.64,1339333
2015-05-15,48.72,48.83,48.01,48.45,1538467
2015-05-18,48.51,50.3,48.38,50.14,1765043
2015-05-19,50.27,51.655,50.05,50.99,1476439
2015-05-20,50.97,52.43,50.65,51.81,2627725
2015-05-21,51.77,52.44,51.57,51.97,1379225
2015-05-22,51.82,52.7999,51.42,51.92,846026
2015-05-26,51.85,53.69,51.69,52.45,2493801
2015-05-27,52.57,53.17,52.29,53.12,1542269
2015-05-28,52.95,53.23,52.18,53.07,1111762
2015-05-29,53.02,53.77,52.68,53.19,1473607
2015-06-01,53.63,53.89,52.75,53.25,1198413
2015-06-02,52.97,53.23,52.55,52.61,625417
2015-06-03,52.69,52.75,51.885,52.25,1103719
2015-06-04,52.15,52.39,51.28,51.37,1240768
2015-06-05,51.17,51.8325,50.78,51.72,1067444
2015-06-08,51.69,51.9591,50.67,50.89,1444759
2015-06-09,50.96,51.345,50.65,51.04,649541
2015-06-10,51.69,52.5,51.02,52.01,1282789
2015-06-11,52.09,52.855,51.97,52.84,1684678
2015-06-12,52.73,53.37,51.77,51.82,1095241
2015-06-15,51.53,52.3,51.16,52.27,836671
2015-06-16,52.17,52.6,51.273,51.42,1191827
2015-06-17,51.73,52.13,50.84,51.84,1848903
2015-06-18,52.0,52.12,51.13,52.07,1255636
2015-06-19,52.12,52.92,52.06,52.66,1376939
2015-06-22,53.0,53.09,52.18,52.24,1478625
2015-06-23,52.38,52.59,51.57,51.6,1422079
2015-06-24,51.6,51.68,49.99,50.08,2094789
2015-06-25,50.33,57.7,50.08,56.21,11332142
2015-06-26,57.32,58.61,57.02,57.8,4536295
2015-06-29,57.19,59.21,56.76,56.87,3173329
2015-06-30,57.75,58.08,56.39,57.88,2884421
2015-07-01,58.43,59.2875,57.66,58.5,2377295
2015-07-02,58.8,59.44,58.66,59.42,3246867
2015-07-06,59.09,60.1,58.95,59.69,3466807
2015-07-07,59.84,59.975,58.34,59.8,1556859
2015-07-08,59.49,59.66,58.08,58.49,1642610
2015-07-09,59.35,59.68,58.94,58.95,1644284
2015-07-10,59.57,59.87,59.01,59.43,1728134
2015-07-13,60.19,60.23,59.14,59.91,3021859
2015-07-14,59.82,60.93,59.68,60.78,1462781
2015-07-15,60.83,60.92,59.17,59.72,1980275
2015-07-16,59.27,59.32,58.13,59.01,2214675
2015-07-17,59.06,59.29,58.38,58.73,869487
2015-07-20,58.74,59.31,58.34,58.68,992094
2015-07-21,58.63,59.11,57.211,57.96,1551846
2015-07-22,57.89,58.927,57.86,58.5,972628
2015-07-23,58.51,59.31,58.08,58.38,1396934
2015-07-24,58.15,58.38,57.185,57.61,1132510
2015-07-27,57.19,57.19,56.18,56.42,1269360
2015-07-28,56.77,56.95,55.68,56.68,1112542
2015-07-29,56.9,57.17,56.34,56.72,1085094
2015-07-30,56.54,56.89,55.76,56.63,1288917
2015-07-31,57.14,57.22,56.07,56.3,1551127
2015-08-03,56.42,57.808,56.35,56.71,2354004
2015-08-04,56.9,59.77,56.19,57.5,2979032
2015-08-05,57.62,58.24,53.81,55.0,5217840
2015-08-06,54.89,55.43,53.59,54.19,2318630
2015-08-07,54.08,54.17,52.61,53.21,1889385
2015-08-10,53.63,54.02,52.88,53.13,1318019
2015-08-11,52.65,52.92,51.54,52.23,1514839
2015-08-12,51.88,52.63,50.99,52.47,1108553
2015-08-13,52.34,52.93,51.96,52.12,1067354
2015-08-14,52.07,52.5,51.8,52.18,770580
2015-08-17,51.53,52.69,51.41,52.4,1118563
2015-08-18,52.46,52.48,51.53,51.8,1018836
2015-08-19,51.23,51.91,51.02,51.51,1136290
2015-08-20,51.25,51.38,49.96,49.99,1978989
2015-08-21,49.59,49.94,49.0,49.23,2802275
2015-08-24,47.0,48.65,45.86,46.9,2639278
2015-08-25,48.26,48.56,46.19,46.19,1887557
2015-08-26,47.19,47.48,45.93,47.39,1883969
2015-08-27,47.8,49.97,47.7,49.7,2242003
2015-08-28,49.41,50.35,49.25,50.32,1852355
2015-08-31,50.95,51.47,49.17,49.23,1830668
2015-09-01,48.27,48.93,47.03,47.34,1308107
2015-09-02,47.93,48.0,46.77,47.81,1573529
2015-09-03,48.09,49.25,47.65,47.82,1191868
2015-09-04,47.19,47.75,46.66,47.21,970875
2015-09-08,48.12,48.48,47.62,48.28,1306436
2015-09-09,48.8,49.06,47.3,47.41,1022855
2015-09-10,47.56,48.17,46.93,47.17,1132938
2015-09-11,46.94,47.13,46.34,46.86,912052
2015-09-14,47.02,47.3599,46.67,47.09,1245401
2015-09-15,47.13,47.238,46.28,46.94,976315
2015-09-16,46.7,46.95,45.83,46.57,1844407
2015-09-17,46.73,47.78,46.1201,47.15,1199144
2015-09-18,46.41,46.95,44.26,44.5,2838073
2015-09-21,44.9,45.08,43.5,43.77,1724374
2015-09-22,43.25,44.03,42.79,43.6,1902153
2015-09-23,43.86,45.12,43.3,44.44,2316746
2015-09-24,43.94,43.96,42.01,42.44,2194574
2015-09-25,42.65,43.24,40.14,40.53,2576243
2015-09-28,39.95,40.07,36.56,37.15,4352258
2015-09-29,37.26,37.48,35.76,36.03,4307526
2015-09-30,36.64,37.21,35.795,36.92,3868754
2015-10-01,36.92,37.09,35.36,36.39,3098835
2015-10-02,35.56,36.33,34.9353,36.32,3420508
2015-10-05,37.6,39.75,37.25,37.98,6694792
2015-10-06,37.99,38.75,37.53,37.82,3270693
2015-10-07,38.0,38.54,37.25,38.21,2928301
2015-10-08,38.03,38.19,36.42,37.26,2448970
2015-10-09,37.28,37.57,36.85,37.29,2955903
2015-10-12,37.38,37.38,35.9,36.35,2579808
2015-10-13,36.21,37.24,35.855,35.93,2509324
2015-10-14,36.1,36.35,34.92,35.04,2481530
2015-10-15,32.13,35.14,31.52,35.0,6732927
2015-10-16,35.21,36.4,35.0801,35.87,2473752
2015-10-19,35.55,36.249,35.07,36.05,1620165
2015-10-20,36.08,37.25,35.88,36.4,2275262
2015-10-21,36.6,36.67,34.19,34.81,2919904
2015-10-22,30.02,30.62,26.62,28.24,15694622
2015-10-23,29.61,30.25,28.39,29.99,8012974
2015-10-26,29.86,30.97,29.09,30.44,3858107
2015-10-27,30.44,30.74,29.38,29.68,3323281
2015-10-28,29.6,32.07,29.07,31.85,4174371
2015-10-29,31.81,32.97,31.61,31.95,2606484
2015-10-30,32.29,32.51,31.34,31.37,3722260
2015-11-02,31.6,33.19,31.5,32.75,3254999
2015-11-03,32.37,35.53,32.15,34.26,6593539
2015-11-04,34.49,34.65,33.25,34.2,2985176
2015-11-05,34.05,34.3,32.9,33.62,3053582
2015-11-06,33.38,35.95,33.3,35.34,3505937
2015-11-09,35.21,35.31,34.04,34.68,2212261
2015-11-10,34.5,34.82,33.6,34.28,1705850
2015-11-11,34.41,34.41,32.16,32.83,2946218
2015-11-12,32.67,32.73,31.4,31.43,2595942
2015-11-13,31.39,32.5634,30.74,31.71,2411960
2015-11-16,31.77,32.56,31.6,32.55,1703754
2015-11-17,32.53,33.073,31.96,32.65,2151310
2015-11-18,32.67,33.18,32.49,33.05,1704377
2015-11-19,32.1,32.1,29.72,30.4,5362394
2015-11-20,30.65,31.49,30.41,31.33,2406208
2015-11-23,31.26,32.83,31.05,32.2,2258617
2015-11-24,32.06,33.9,31.73,33.69,2457218
2015-11-25,33.49,34.24,33.4,33.71,1184330
2015-11-27,33.89,34.39,33.58,33.97,655448
2015-11-30,34.02,34.15,33.11,33.19,1429808
2015-12-01,33.49,34.98,33.35,34.94,1726111
2015-12-02,34.77,35.35,33.98,34.11,2401206
2015-12-03,34.14,34.65,32.66,33.01,1966727
2015-12-04,32.98,33.39,32.71,33.21,1281082
2015-12-07,33.09,33.25,31.17,31.38,2103048
2015-12-08,30.98,31.4128,30.24,31.19,2334346
2015-12-09,31.01,32.46,30.785,31.24,2473235
2015-12-10,31.24,32.66,30.97,31.95,1778781
2015-12-11,31.48,31.585,29.77,30.0,2778679
2015-12-14,29.96,30.34,26.94,27.23,4427370
2015-12-15,27.62,28.32,27.34,27.45,2073502
2015-12-16,27.78,28.15,26.6,27.39,2867839
2015-12-17,27.46,28.19,27.01,27.63,3956165
2015-12-18,27.46,28.36,27.29,27.41,3750900
2015-12-21,27.71,30.6333,27.71,30.59,5964915
2015-12-22,30.68,30.93,29.65,30.32,2566576
2015-12-23,30.59,32.99,30.46,32.61,3231353
2015-12-24,32.55,33.25,32.14,32.27,945326
2015-12-28,32.06,32.245,30.48,31.04,1603771
2015-12-29,31.29,31.8,30.99,31.52,1575512
2015-12-30,31.44,31.67,30.03,30.28,2594936
2015-12-31,30.03,30.66,29.94,30.3,1881909
2016-01-04,29.26,29.62,28.31,29.43,2578255
2016-01-05,29.56,30.07,28.6,28.88,1955120
2016-01-06,28.2,28.32,26.57,27.28,3686928
2016-01-07,26.65,26.72,25.18,25.31,3430027
2016-01-08,25.49,26.37,24.96,25.34,2799025
2016-01-11,26.17,27.4096,25.46,25.78,2816970
2016-01-12,26.12,27.04,23.185,24.23,3856198
2016-01-13,24.26,24.68,21.91,22.63,4991214
2016-01-14,22.67,24.04,22.2,23.36,3852236
2016-01-15,22.44,23.205,21.96,23.08,3162986
2016-01-19,24.01,24.54,23.14,24.01,6115446
2016-01-20,23.46,25.08,22.34,24.69,4698251
2016-01-21,24.55,26.26,24.41,24.81,4863008
2016-01-22,25.63,26.39,24.63,25.07,2917273
2016-01-25,24.8,25.3999,24.5,24.8,1977833
2016-01-26,24.96,26.33,24.52,26.1,1866022
2016-01-27,25.98,27.79,25.74,26.67,2499288
2016-01-28,28.16,28.46,25.38,25.58,2578981
2016-01-29,25.78,27.2,25.64,27.12,2194080
2016-02-01,26.87,27.58,26.18,27.35,1923745
2016-02-02,26.71,26.84,25.96,26.08,1428332
2016-02-03,26.41,26.53,24.35,25.57,2466034
2016-02-04,25.47,26.8,25.25,26.47,1778957
2016-02-05,26.41,26.75,25.62,25.91,1783268
2016-02-08,25.36,25.47,23.48,24.15,2345754
2016-02-09,23.64,24.74,23.53,24.21,1973934
2016-02-10,24.35,25.69,24.28,24.92,1394077
2016-02-11,24.28,24.86,23.34,23.39,1778068
2016-02-12,23.7,24.03,22.88,24.0,1769723
2016-02-16,22.6,23.6,21.39,23.58,3764056
2016-02-17,23.77,25.69,23.675,25.05,1533354
2016-02-18,25.13,25.35,24.41,25.04,1423832
2016-02-19,24.82,24.89,23.46,23.82,2266327
2016-02-22,24.06,25.64,23.9,25.5,2652117
2016-02-23,24.43,26.1,23.17,25.1,5246491
2016-02-24,24.7,24.895,24.04,24.79,3363947
2016-02-25,24.95,25.85,24.4,24.81,2222230
2016-02-26,25.02,26.29,24.91,25.68,2801103
2016-02-29,25.72,25.81,24.8,24.82,1887822
2016-03-01,25.15,25.99,24.71,25.85,1653522
2016-03-02,25.63,26.23,25.28,26.22,1665172
2016-03-03,26.1,28.432,26.1,28.09,3111871
2016-03-04,28.09,28.79,26.79,27.06,2803860
2016-03-07,26.6,27.3,25.94,26.73,2085487
2016-03-08,26.52,26.86,25.73,25.83,1739117
2016-03-09,25.91,26.51,25.15,26.11,1585476
2016-03-10,26.28,26.718,25.31,25.5,1235445
2016-03-11,25.84,27.6626,25.84,27.6,2497231
2016-03-14,27.49,27.76,27.0,27.3,1499274
2016-03-15,26.91,26.95,25.12,25.37,1806381
2016-03-16,25.12,26.48,25.12,26.32,1913448
2016-03-17,26.23,27.09,25.92,26.57,2487995
2016-03-18,26.64,28.5,26.64,28.14,3781347
2016-03-21,28.15,29.07,27.58,28.42,1446472
2016-03-22,28.29,29.405,28.03,29.24,1975590
2016-03-23,29.21,30.07,28.62,29.01,2124933
2016-03-24,28.56,28.75,27.28,27.98,2264902
2016-03-28,28.13,28.45,27.58,28.01,1191599
2016-03-29,27.84,29.29,27.67,29.27,1410962
2016-03-30,29.51,29.9,28.83,28.93,1542487
2016-03-31,28.96,29.27,28.43,28.93,1210135
2016-04-01,28.79,29.15,28.23,28.89,1318497
2016-04-04,28.89,29.16,28.47,28.56,1272920
2016-04-05,28.26,28.77,27.85,28.2,1114745
2016-04-06,28.24,28.9,27.95,28.85,987464
2016-04-07,28.56,29.21,28.09,28.53,1193919
2016-04-08,28.7,29.34,28.09,29.0,2375312
2016-04-11,29.15,29.27,28.46,28.64,1436770
2016-04-12,28.7,29.11,28.57,29.04,1568729
2016-04-13,29.76,31.985,29.76,31.73,3587182
2016-04-14,31.86,32.8,31.66,32.23,3682715
2016-04-15,31.96,32.05,30.52,31.6,22093033
2016-04-18,31.4,32.04,31.07,31.87,1857760
2016-04-19,32.1,32.35,31.27,31.57,1639705
2016-04-20,31.73,32.6,30.66,32.06,2031288
2016-04-21,32.05,32.5,31.58,31.68,2303206
2016-04-22,31.74,33.21,31.68,32.56,1589837
2016-04-25,32.49,32.61,31.42,31.66,1270322
2016-04-26,31.87,32.86,31.665,32.59,1120313
2016-04-27,32.65,33.06,32.28,32.61,1405647
2016-04-28,32.62,34.0799,32.19,32.26,1768925
2016-04-29,32.12,32.205,30.93,31.69,1692294
2016-05-02,31.69,32.0,30.55,31.64,2547285
2016-05-03,33.34,33.39,31.71,31.95,4197065
2016-05-04,31.43,32.69,31.16,31.46,2147922
2016-05-05,31.32,32.18,31.26,31.6,1207670
2016-05-06,31.48,32.31,31.3,31.41,1273011
2016-05-09,31.37,31.77,31.14,31.14,1295501
2016-05-10,31.28,31.68,30.65,31.46,1191669
2016-05-11,31.42,32.14,31.26,31.5,1124128
2016-05-12,31.65,31.76,28.35,28.41,3369949
2016-05-13,28.5,28.89,27.99,28.43,2310781
2016-05-16,28.6,29.15,28.31,28.81,1657244
2016-05-17,28.77,29.875,28.55,29.18,2106568
2016-05-18,29.13,29.63,28.24,28.51,2144814
2016-05-19,28.25,28.97,27.59,27.79,2559734
2016-05-20,27.87,28.36,27.67,27.96,1421129
2016-05-23,27.86,27.93,26.97,27.68,1573335
2016-05-24,27.93,28.24,27.32,28.1,1303526
2016-05-25,28.3,29.03,28.11,28.91,1381475
2016-05-26,28.95,28.95,28.0,28.43,1251125
2016-05-27,28.36,29.2652,28.36,28.74,982310
2016-05-31,28.83,29.21,28.61,28.94,1110446
2016-06-01,28.74,29.82,28.59,29.62,1507009
2016-06-02,29.4,29.9,28.71,29.67,1097588
2016-06-03,29.64,29.69,28.61,28.91,1526790
2016-06-06,28.93,29.77,28.58,29.66,953377
2016-06-07,29.7,30.14,29.51,29.92,737544
2016-06-08,29.93,30.7624,29.93,30.32,991848
2016-06-09,30.19,30.315,29.69,29.95,741750
2016-06-10,29.46,29.46,28.74,28.9,1263013
2016-06-13,28.63,28.77,27.67,27.69,1527844
2016-06-14,27.54,27.94,26.99,27.62,1055087
2016-06-15,27.86,28.191,27.6,27.9,1503216
2016-06-16,27.48,27.57,27.0,27.44,1234449
2016-06-17,27.45,28.2,27.06,27.16,1821585
2016-06-20,27.73,28.29,27.5,27.65,1151151
2016-06-21,27.69,27.7838,26.97,27.56,1135147
2016-06-22,27.65,28.4,27.45,28.0,1093295
2016-06-23,28.41,29.52,28.32,29.38,1889324
2016-06-24,28.29,28.78,27.68,28.0,2131637
2016-06-27,27.6,27.7,25.71,26.04,2196015
2016-06-28,26.4,27.25,26.34,26.71,1081617
2016-06-29,27.15,28.39,26.9327,27.65,1230891
2016-06-30,27.65,27.69,26.77,27.64,1049464
2016-07-01,27.66,28.27,27.515,27.95,1201322
2016-07-05,27.65,27.65,26.63,27.2,1531398
2016-07-06,27.07,28.105,26.85,27.85,976237
2016-07-07,28.03,28.91,27.79,28.0,1465949
2016-07-08,28.26,29.0,28.0,28.88,1081708
2016-07-11,29.23,29.84,29.03,29.35,1131487
2016-07-12,29.77,30.03,29.47,29.75,1084185
2016-07-13,29.93,30.14,29.76,29.84,938618
2016-07-14,30.3,30.4,29.52,29.86,891572
2016-07-15,29.99,30.17,29.76,29.84,821443
2016-07-18,29.91,30.695,29.82,30.65,928321
2016-07-19,30.44,30.734,30.08,30.61,1234276
2016-07-20,30.65,31.095,30.49,30.89,498014
2016-07-21,30.76,31.84,30.76,31.19,1092519
2016-07-22,31.25,31.67,30.61,31.46,851620
2016-07-25,31.43,31.83,30.85,31.13,710931
2016-07-26,31.01,31.64,30.975,31.6,1087957
2016-07-27,30.44,31.22,29.96,30.72,1420947
2016-07-28,30.32,31.11,29.05,30.51,1591828
2016-07-29,30.24,30.75,29.78,30.61,1498119
2016-08-01,30.57,30.84,28.64,28.91,3168544
2016-08-02,28.76,30.59,27.0,27.57,4926446
2016-08-03,26.75,28.08,25.95,27.83,2853856
2016-08-04,27.63,27.82,27.19,27.3,1551890
2016-08-05,27.56,27.73,27.15,27.48,1232246
2016-08-08,27.58,27.85,27.125,27.32,1807927
2016-08-09,27.28,27.45,26.71,26.87,1339603
2016-08-10,26.9,27.07,26.28,26.37,1510828
2016-08-11,26.42,26.5799,25.13,25.61,2936464
2016-08-12,25.63,25.96,25.3926,25.5,1557677
2016-08-15,25.69,25.89,25.59,25.71,917441
2016-08-16,25.69,25.69,25.15,25.16,1293518
2016-08-17,25.07,25.16,24.07,24.32,2548047
2016-08-18,24.28,24.58,24.04,24.16,1755148
2016-08-19,23.96,24.16,23.74,24.02,2801248
2016-08-22,24.0,24.3219,23.76,24.22,1594789
2016-08-23,24.37,24.9,24.35,24.69,1711068
2016-08-24,24.7,24.96,23.56,23.68,1452159
2016-08-25,23.55,24.04,23.39,23.48,1643329
2016-08-26,23.535,23.83,23.0,23.22,1512655
2016-08-29,23.2,24.37,23.17,23.99,1457855
2016-08-30,23.8,24.29,23.73,24.0,1039153
2016-08-31,23.95,23.96,23.37,23.9,783326
2016-09-01,23.99,24.09,23.31,23.58,979044
2016-09-02,23.7,24.35,23.53,24.2,1184869
2016-09-06,24.09,24.1299,23.55,24.06,1083092
2016-09-07,24.09,24.86,23.99,24.68,2127188
2016-09-08,24.62,24.82,24.41,24.67,1233890
2016-09-09,24.4,24.4499,23.5603,23.62,1459450
2016-09-12,23.5,24.83,23.15,24.57,2089635
2016-09-13,24.25,24.28,23.19,23.81,2114404
2016-09-14,23.92,23.92,22.935,23.25,1731788
2016-09-15,23.23,23.34,22.46,22.8,2325196
2016-09-16,22.54,23.74,22.45,23.09,6984059
2016-09-19,23.13,23.72,22.84,23.04,1742535
2016-09-20,23.19,23.2,21.61,22.02,3851826
2016-09-21,22.08,22.45,20.93,21.37,3655812
2016-09-22,21.59,21.9,21.49,21.81,2258837
2016-09-23,21.98,22.2,21.77,21.97,2379042
2016-09-26,21.84,21.95,21.09,21.35,1776863
2016-09-27,21.4,21.7399,21.2,21.68,2792765
2016-09-28,21.74,22.55,21.15,22.36,2926475
2016-09-29,22.25,22.79,21.9,22.0,2155998
2016-09-30,22.06,22.9,21.68,22.66,2429593
2016-10-03,22.43,22.51,21.33,21.75,2050887
2016-10-04,21.85,22.07,21.48,21.5,1473884
2016-10-05,21.54,21.8488,21.24,21.68,2968443
2016-10-06,21.63,21.6447,21.055,21.07,1668146
2016-10-07,21.18,21.21,20.4,20.7,2244028
2016-10-10,20.88,21.52,20.88,21.35,1976015
2016-10-11,21.24,21.323,20.8,20.95,2151198
2016-10-12,20.91,21.5,20.87,21.28,1695756
2016-10-13,21.05,23.38,20.91,23.13,8745858
2016-10-14,23.32,23.33,22.435,22.78,3878996
2016-10-17,22.71,23.09,22.35,23.03,2147614
2016-10-18,23.3,23.87,23.19,23.68,2166293
2016-10-19,23.55,23.76,22.88,23.62,2285569
2016-10-20,23.57,23.78,23.2,23.52,1509976
2016-10-21,23.44,23.6,22.61,23.53,1195509
2016-10-24,23.9,23.9,23.19,23.82,1903414
2016-10-25,23.63,24.129,23.24,23.37,2043978
2016-10-26,23.11,23.11,21.49,21.6,3758420
2016-10-27,20.44,22.06,20.22,20.69,3387344
2016-10-28,20.63,21.12,19.825,20.25,3185051
2016-10-31,20.33,20.42,19.7,19.71,2859745
2016-11-01,20.65,20.95,18.86,19.12,6434395
2016-11-02,18.69,19.34,18.59,18.8,3527607
2016-11-03,18.86,19.19,17.47,17.47,3948671
2016-11-04,17.47,18.1,17.03,17.75,4527684
2016-11-07,18.62,20.43,18.56,19.82,4461635
2016-11-08,19.65,20.47,19.13,20.27,3540135
2016-11-09,14.57,15.82,14.51,15.21,17393495
2016-11-10,15.62,15.75,14.46,14.51,10305788
2016-11-11,14.8,14.87,14.06,14.55,8888459
2016-11-14,14.95,16.64,14.88,16.4,9358114
2016-11-15,16.66,16.68,15.9,16.5,3757725
2016-11-16,16.5,16.66,16.13,16.42,3183439
2016-11-17,16.5,17.29,16.5,17.24,2999419
2016-11-18,17.36,17.66,16.79,16.87,3743912
2016-11-21,16.89,17.505,16.851,17.01,2274526
2016-11-22,16.61,16.8,16.0,16.14,3398446
2016-11-23,15.93,16.39,15.7,16.26,1666095
2016-11-25,16.3,16.489,16.06,16.22,651020
2016-11-28,16.22,16.22,15.36,15.41,2567494
2016-11-29,15.25,15.42,14.71,14.99,3615368
2016-11-30,15.13,15.325,14.79,15.23,2260284
2016-12-01,15.23,15.79,15.14,15.18,2396000
2016-12-02,15.24,15.87,15.01,15.05,2474504
2016-12-05,15.21,15.47,15.15,15.35,1896968
2016-12-06,15.49,15.62,15.05,15.43,1482613
2016-12-07,15.4,15.5,14.93,14.96,2271153
2016-12-08,15.17,15.26,14.71,15.24,2693216
2016-12-09,15.3,15.35,15.01,15.18,1539920
2016-12-12,15.24,16.08,15.05,15.13,2945936
2016-12-13,15.21,15.445,14.66,15.03,5256540
2016-12-14,14.97,15.08,14.3,14.38,3335301
2016-12-15,14.38,14.805,14.36,14.7,1773213
2016-12-16,14.79,15.14,14.61,15.13,3224754
2016-12-19,15.05,15.27,14.86,14.98,1946617
2016-12-20,15.13,15.38,14.75,14.79,2466981
2016-12-21,14.9,15.01,14.51,14.88,2068997
2016-12-22,14.89,15.31,14.75,14.79,2128839
2016-12-23,14.85,15.34,14.8244,15.24,2381972
2016-12-27,15.23,15.39,15.01,15.02,1154479
2016-12-28,15.09,15.28,14.5,14.71,2535792
2016-12-29,14.65,15.23,14.57,15.0,3477790
2016-12-30,15.03,15.1,14.78,14.84,2342098
2017-01-03,14.98,15.4,14.73,15.4,2577433
2017-01-04,16.3,16.85,15.75,16.75,4695624
2017-01-05,16.6,16.9,16.28,16.6,2527091
2017-01-06,16.6,16.81,16.21,16.4,2492720
2017-01-09,16.38,17.5,16.2604,17.25,4944108
2017-01-10,17.22,17.69,16.94,17.52,3265663
2017-01-11,17.59,18.33,17.54,18.02,4386447
2017-01-12,18.02,18.14,17.84,18.09,2908092
2017-01-13,18.13,18.49,18.06,18.22,3034531
2017-01-17,18.22,19.64,18.03,18.99,4845437
2017-01-18,18.97,19.03,18.29,18.44,4744728
2017-01-19,18.29,18.29,17.91,18.05,2796102
2017-01-20,18.04,18.27,17.955,18.1,1716994
2017-01-23,17.95,18.265,17.51,18.2,3550442
2017-01-24,18.2,18.3593,17.69,18.28,2258458
2017-01-25,18.38,18.89,18.34,18.39,1874027
2017-01-26,18.35,18.545,18.29,18.35,1873800
2017-01-27,18.29,18.38,17.79,18.29,2395526
2017-01-30,18.16,18.21,17.245,17.38,3580549
2017-01-31,17.55,17.77,17.1801,17.59,2245857
2017-02-01,17.64,18.235,17.61,18.13,1920100
2017-02-02,17.97,18.12,17.78,17.79,2331330
2017-02-03,17.91,18.35,17.88,18.34,1939822
2017-02-06,18.35,18.51,18.115,18.38,2347971
2017-02-07,18.37,18.43,18.02,18.06,1435939
2017-02-08,17.99,18.42,17.81,18.34,1502148
2017-02-09,18.34,19.01,18.34,18.97,1884302
2017-02-10,19.11,19.125,18.78,18.97,1135417
2017-02-13,19.12,19.15,18.81,19.0,1169760
2017-02-14,18.98,19.3393,18.89,19.24,1318240
2017-02-15,19.37,19.88,19.1999,19.86,2009234
2017-02-16,19.87,20.0,19.33,19.48,1967889
2017-02-17,19.4,19.44,18.91,19.37,1553382
2017-02-21,19.92,20.91,19.9,20.8,3579397
2017-02-22,20.8,20.95,20.5295,20.65,1328249
2017-02-23,20.75,20.86,20.415,20.79,1482918
2017-02-24,21.05,22.22,20.88,21.99,4659625
2017-02-27,21.99,22.72,21.77,22.67,4330275
2017-02-28,19.96,20.04,19.0,19.3,11547151
2017-03-01,19.2,19.55,18.1,18.99,5136188
2017-03-02,18.95,19.31,18.67,19.12,2691260
2017-03-03,19.32,21.07,19.18,20.99,6053410
2017-03-06,21.16,21.39,20.24,20.81,3618183
2017-03-07,20.46,20.73,19.105,19.33,7728194
2017-03-08,19.33,20.12,19.33,19.62,4547532
2017-03-09,19.57,20.745,19.51,20.29,4123986
2017-03-10,20.28,20.46,18.79,19.22,6299315
2017-03-13,19.26,19.47,18.56,18.63,3108576
2017-03-14,18.37,18.37,17.47,18.02,3686734
2017-03-15,18.1,18.4,17.72,18.24,2697799
2017-03-16,18.31,18.55,17.75,18.0,2125826
2017-03-17,17.9,18.1554,17.8,17.95,2571061
2017-03-20,17.9,17.99,17.34,17.52,3078147
2017-03-21,17.6,17.72,16.4,16.44,4158322
2017-03-22,16.35,16.42,15.68,16.36,3677437
2017-03-23,16.45,17.23,16.35,17.02,6255827
2017-03-24,17.41,18.56,17.26,18.28,7679431
2017-03-27,18.66,19.74,18.295,18.54,8801855
2017-03-28,18.37,18.48,17.54,18.35,4365695
2017-03-29,18.26,18.57,17.835,17.93,2622873
2017-03-30,17.92,18.24,17.72,18.18,1522170
2017-03-31,18.18,18.239,17.64,17.71,1845839
2017-04-03,17.76,17.86,17.22,17.43,1666516
2017-04-04,17.36,17.36,16.5,16.99,3660811
2017-04-05,17.24,17.98,17.24,17.53,4276586
2017-04-06,17.52,17.59,17.21,17.47,2021221
2017-04-07,17.47,17.47,17.025,17.17,2163581
2017-04-10,17.17,17.59,17.1,17.37,2105474
2017-04-11,17.36,17.38,17.06,17.2,1960158
2017-04-12,17.12,17.63,17.0401,17.61,2559860
2017-04-13,17.58,17.78,17.3014,17.48,2207293
2017-04-17,17.15,17.18,15.83,16.08,6836303
2017-04-18,15.85,16.0,15.34,15.7,4096610
2017-04-19,15.79,15.99,15.44,15.48,2565726
2017-04-20,15.51,15.51,14.66,14.99,5874135
2017-04-21,15.01,15.67,14.83,15.35,5431703
2017-04-24,15.59,15.685,15.355,15.41,2983572
2017-04-25,15.54,15.68,15.34,15.6,2530788
2017-04-26,15.76,16.13,15.374,15.55,4656375
2017-04-27,15.56,15.67,15.125,15.47,3392843
2017-04-28,15.33,15.74,15.235,15.67,3659828
2017-05-01,15.58,15.91,15.29,15.35,6221309
2017-05-02,17.48,19.08,17.09,18.66,16933351
2017-05-03,18.63,19.05,17.255,17.34,6295433
2017-05-04,17.01,18.12,16.77,17.66,5824699
2017-05-05,17.71,18.1,17.51,17.83,2801351
2017-05-08,17.88,17.9599,17.5,17.9,3818526
2017-05-09,17.94,18.13,17.489,17.5,2786031
2017-05-10,17.48,18.44,17.38,18.16,2597520
2017-05-11,18.11,18.39,17.64,18.29,2235062
2017-05-12,18.3,18.38,17.74,18.08,1191388
2017-05-15,18.15,18.26,17.65,18.24,3614691
2017-05-16,18.43,18.43,17.69,17.73,2042307
2017-05-17,17.6,18.03,17.23,17.27,2249163
2017-05-18,17.2,17.34,16.85,16.98,2047616
2017-05-19,17.14,17.97,17.03,17.56,2283902
2017-05-22,17.57,17.72,17.22,17.32,1609477
2017-05-23,17.32,17.6,17.22,17.51,2051728
2017-05-24,17.43,17.535,17.16,17.28,1287876
2017-05-25,17.35,17.72,17.25,17.59,1328662
2017-05-26,17.4,17.48,16.98,17.45,2280129
2017-05-30,17.32,17.73,17.27,17.44,1314796
2017-05-31,17.43,17.43,16.405,16.54,4631744
2017-06-01,16.64,17.57,16.54,17.36,2175310
2017-06-02,17.46,17.67,17.045,17.23,3037047
2017-06-05,17.3,17.355,16.45,16.67,2185656
2017-06-06,17.4,17.5,16.9,17.01,2352149
2017-06-07,17.5,17.829,17.17,17.56,3345592
2017-06-08,17.53,17.8,17.22,17.64,1833779
2017-06-09,17.6,18.24,17.42,17.96,2033917
2017-06-12,17.99,18.5,17.99,18.28,2399861
2017-06-13,18.37,18.76,18.28,18.55,1344485
2017-06-14,18.67,19.02,18.43,18.88,1879184
2017-06-15,18.76,18.94,18.225,18.31,1754417
2017-06-16,18.28,18.2899,17.8,18.21,2019752
2017-06-19,18.23,18.63,17.86,18.62,2079619
2017-06-20,18.6,18.61,17.98,18.06,1603368
2017-06-21,18.05,18.53,17.4642,17.68,2202304
2017-06-22,17.63,19.26,17.54,18.9,6703400
2017-06-23,19.28,19.35,18.3301,18.52,10199278
2017-06-26,18.55,19.27,18.33,18.77,2682333
2017-06-27,18.88,19.74,18.88,19.09,3657423
2017-06-28,19.21,19.7,19.0464,19.67,2406085
2017-06-29,19.69,20.0,19.1693,19.46,3150427
2017-06-30,19.35,19.62,19.15,19.34,1667540
2017-07-03,19.42,19.42,19.06,19.22,729576
2017-07-05,19.22,19.3,18.79,19.11,1527776
2017-07-06,19.0,19.0,18.19,18.24,2817505
2017-07-07,18.27,18.78,17.91,18.65,1776325
2017-07-10,18.58,19.24,18.24,19.14,2361904
2017-07-11,19.08,19.29,18.66,18.9,1820883
2017-07-12,19.0,19.37,18.75,19.21,2274405
2017-07-13,19.29,19.29,18.9,18.99,1557044
2017-07-14,18.94,19.26,18.84,19.09,905195
2017-07-17,19.08,19.22,18.86,18.98,1141614
2017-07-18,19.39,19.51,18.8,19.2,3377054
2017-07-19,19.2,20.03,19.08,19.91,2577723
2017-07-20,19.91,20.71,19.88,20.67,4081100
2017-07-21,20.75,20.88,20.51,20.65,2421761
2017-07-24,20.67,21.19,20.57,21.11,1960806
2017-07-25,20.34,20.45,19.25,19.52,4799646
2017-07-26,19.22,19.27,18.3,19.06,4694952
2017-07-27,18.08,18.35,17.56,17.76,4498956
2017-07-28,17.75,18.22,17.25,17.78,3243064
2017-07-31,17.75,17.75,17.34,17.35,2473186
2017-08-01,17.5,17.66,17.08,17.32,2285966
2017-08-02,17.22,17.37,16.64,16.8,2880784
2017-08-03,16.67,17.025,16.56,16.9,2413008
2017-08-04,16.96,17.03,16.62,16.77,2636471
2017-08-07,16.49,16.77,16.33,16.69,4051825
2017-08-08,15.6,15.64,14.27,14.28,12914989
2017-08-09,14.06,14.26,13.31,13.53,10115628
2017-08-10,13.36,13.69,13.21,13.39,6744719
2017-08-11,13.28,14.4165,13.22,14.05,8988806
2017-08-14,14.14,14.19,12.975,13.03,8634052
2017-08-15,13.14,13.26,12.7767,13.07,5449821
2017-08-16,13.11,13.24,12.9,12.92,2761142
2017-08-17,12.84,13.09,12.54,12.65,3200615
2017-08-18,13.46,14.65,13.25,14.45,12079290
2017-08-21,15.19,17.47,15.0,16.56,18579944
2017-08-22,16.41,16.6699,15.38,15.58,6684204
2017-08-23,15.48,16.2,15.36,16.18,3314564
2017-08-24,16.16,16.93,16.16,16.5,3366193
2017-08-25,16.49,16.555,16.13,16.5,2601625
2017-08-28,16.6,17.63,16.56,17.48,7118851
2017-08-29,17.31,17.63,16.85,17.62,3642939
2017-08-30,17.6,17.6,16.955,17.21,4729884
2017-08-31,17.25,17.77,17.0,17.17,3890977
2017-09-01,17.51,18.16,16.91,18.12,5345962
2017-09-05,18.01,18.12,17.6,17.69,3883216
2017-09-06,17.86,17.89,16.77,17.15,4752054
2017-09-07,17.09,17.66,16.875,16.95,4192893
2017-09-08,16.86,16.92,16.46,16.6,4178226
2017-09-11,16.69,17.505,16.69,17.18,3580124
2017-09-12,17.2,17.5,16.98,17.15,3059416
2017-09-13,17.14,17.31,16.19,16.24,7793536
2017-09-14,17.44,17.56,16.51,17.16,10110178
2017-09-15,17.17,17.23,16.5,16.73,5472486
2017-09-18,16.64,16.769,15.38,15.72,6108313
2017-09-19,15.71,15.78,15.42,15.61,3022238
2017-09-20,15.67,15.83,15.36,15.57,3345979
2017-09-21,15.65,15.93,15.46,15.92,2317880
2017-09-22,15.8,16.53,15.695,16.32,3855177
2017-09-25,15.87,16.33,15.25,15.39,3296479
2017-09-26,15.57,15.97,15.33,15.51,2354178
2017-09-27,15.56,15.84,15.44,15.65,2971771
2017-09-28,15.62,15.985,15.59,15.94,2522734
2017-09-29,15.9,16.65,15.9,16.43,2663076
2017-10-02,16.47,16.92,16.4,16.75,2544653
2017-10-03,16.68,16.715,16.24,16.52,1864997
2017-10-04,16.59,16.59,15.6,15.69,2297702
2017-10-05,15.65,15.87,15.57,15.63,1258044
2017-10-06,15.51,15.99,15.51,15.65,1714450
2017-10-09,15.45,15.5582,14.8,14.88,1977620
2017-10-10,14.71,15.04,14.37,14.4,2112568
2017-10-11,14.37,14.88,14.36,14.5,1985683
2017-10-12,14.43,14.4878,13.85,13.86,3182764
2017-10-13,12.52,13.49,12.25,13.15,5728873
2017-10-16,12.98,13.105,12.745,12.91,2997290
2017-10-17,12.96,13.81,12.77,13.6,6386629
2017-10-18,13.58,13.75,12.9,12.97,4029199
2017-10-19,12.75,13.38,12.75,13.35,4186016
2017-10-20,13.28,14.68,13.28,14.66,6337543
2017-10-23,14.68,14.96,14.31,14.69,3013019
2017-10-24,14.35,14.71,14.1,14.28,3471016
2017-10-25,14.15,14.27,13.8,14.175,3365208
2017-10-26,14.0,14.33,12.72,12.87,8393077
2017-10-27,14.11,14.83,13.25,13.37,6076981
2017-10-30,13.29,13.92,13.03,13.86,3146696
2017-10-31,13.83,14.37,13.83,14.28,4312910
2017-11-01,14.09,14.41,13.9,14.35,2252590
2017-11-02,14.34,14.6,13.81,13.84,3031020
2017-11-03,13.74,13.94,13.06,13.08,4433123
2017-11-06,13.11,13.13,12.49,12.65,5915256
2017-11-07,13.28,13.88,12.78,13.21,7051689
2017-11-08,13.22,13.68,12.91,13.63,3131584
2017-11-09,13.18,13.54,13.04,13.5,1942164
2017-11-10,13.5,13.96,13.5,13.82,3128427
2017-11-13,13.66,13.89,13.4165,13.81,2047188
2017-11-14,13.79,13.79,13.1099,13.67,3843361
2017-11-15,13.58,13.58,12.93,13.23,2255183
2017-11-16,13.39,13.74,13.31,13.6,3113814
2017-11-17,13.58,13.67,12.96,13.24,3650777
2017-11-20,13.26,13.5,13.02,13.17,1592024
2017-11-21,13.26,13.35,12.9252,13.34,2044701
2017-11-22,13.34,13.89,13.34,13.5,2194735
2017-11-24,13.54,13.8,13.35,13.73,1140270
2017-11-27,13.7,14.075,13.665,13.87,3201709
2017-11-28,13.88,13.91,13.24,13.31,2550545
2017-11-29,13.37,14.21,13.33,14.0,5279486
2017-11-30,14.25,14.67,13.58,14.1,4350422
2017-12-01,14.04,14.26,13.44,13.5,3803874
2017-12-04,13.6,13.82,13.07,13.11,3252007
2017-12-05,13.16,13.34,12.89,13.03,2666290
2017-12-06,13.03,13.24,12.45,12.95,4751632
2017-12-07,12.96,13.44,12.68,13.23,4019462
2017-12-08,13.26,13.44,13.07,13.33,3204815
2017-12-11,13.33,14.16,13.33,13.74,3618382
2017-12-12,14.55,15.27,14.32,14.91,7684962
2017-12-13,14.89,15.28,14.51,14.82,3450733
2017-12-14,14.45,14.74,14.03,14.06,2840367
2017-12-15,14.1,14.38,14.04,14.34,2631698
2017-12-18,14.41,14.86,14.29,14.74,2095052
2017-12-19,15.01,15.84,14.94,15.03,3630441
2017-12-20,14.68,15.08,14.52,14.62,3354106
2017-12-21,14.62,15.2,14.62,15.11,2183683
2017-12-22,15.0,15.18,14.88,15.13,966977
2017-12-26,15.15,15.54,15.0,15.03,1057992
2017-12-27,15.03,15.16,14.84,14.93,1194074
2017-12-28,14.98,15.24,14.93,15.21,1185366
2017-12-29,15.25,15.49,15.1,15.16,1328746
2018-01-02,15.25,16.06,15.22,15.99,2841746
2018-01-03,15.99,16.09,15.45,15.56,2092469
2018-01-04,15.49,15.62,15.28,15.36,1457525
2018-01-05,15.38,15.46,15.06,15.44,1610207
2018-01-08,15.33,15.37,14.5,14.95,2395023
2018-01-09,14.99,15.22,14.75,15.11,1352543
2018-01-10,15.01,15.05,14.63,14.77,1634671
2018-01-11,14.81,15.66,14.81,15.43,1868639
2018-01-12,15.4,16.39,15.4,16.25,5472117
2018-01-16,16.09,16.42,15.84,16.2,2546702
2018-01-17,16.28,16.49,16.03,16.38,1865801
2018-01-18,16.33,16.49,15.99,16.28,1738513
2018-01-19,16.28,17.26,16.13,17.24,3899194
2018-01-22,17.41,18.1,17.4,18.1,5351120
2018-01-23,17.97,18.13,17.64,17.96,2513093
2018-01-24,18.04,18.36,17.88,18.29,2324814
2018-01-25,18.46,18.5,18.08,18.44,1716175
2018-01-26,18.6,19.04,18.26,18.97,2606805
2018-01-29,19.0,19.55,18.87,19.14,3557567
2018-01-30,19.15,19.69,18.75,19.61,3395214
2018-01-31,19.61,19.61,18.77,18.88,2213560
2018-02-01,18.77,19.23,18.48,19.02,1312703
2018-02-02,18.82,18.82,17.99,18.26,1728515
2018-02-05,18.14,18.52,17.55,17.61,1928309
2018-02-06,17.15,18.44,16.95,18.28,2555914
2018-02-07,18.19,18.54,18.09,18.3,1412692
2018-02-08,18.35,18.84,17.49,17.6,2180944
2018-02-09,17.72,18.24,16.94,18.03,2541340
2018-02-12,18.11,18.98,17.64,18.75,3622063
2018-02-13,18.57,18.85,18.09,18.49,1820138
2018-02-14,18.01,18.86,17.93,18.72,1984013
2018-02-15,18.85,19.75,18.59,19.49,2448316
2018-02-16,19.53,19.94,19.25,19.5,2787850
2018-02-20,19.3,19.73,19.25,19.36,1024368
2018-02-21,19.31,19.88,19.25,19.38,1487547
2018-02-22,19.57,19.71,18.96,19.1,1218243
2018-02-23,19.2,19.52,18.68,19.28,1396896
2018-02-26,19.27,19.34,18.86,19.07,1654700
2018-02-27,20.74,22.0,20.51,20.77,8378000
2018-02-28,21.45,21.5,20.56,20.6,4623722
2018-03-01,20.75,21.39,20.41,21.05,3040224
2018-03-02,20.97,22.02,20.46,21.93,3232948
2018-03-05,21.94,21.97,21.24,21.35,2543072
2018-03-06,21.45,22.67,21.45,22.64,3569566
2018-03-07,22.38,23.71,22.34,23.52,3442460
2018-03-08,23.52,24.2,23.44,23.84,2400124
2018-03-09,24.0,24.26,23.82,24.18,2667555
2018-03-12,24.25,24.73,24.1,24.67,2561764
2018-03-13,24.83,24.89,23.89,24.16,1836807
2018-03-14,24.24,24.87,24.13,24.42,2950316
2018-03-15,24.53,24.98,24.41,24.8,1512888
2018-03-16,24.87,24.95,23.97,24.62,2316539
2018-03-19,24.85,25.24,24.57,25.12,1912108
2018-03-20,25.07,25.17,23.97,24.2,2948724
2018-03-21,24.25,24.89,24.14,24.47,1522124
2018-03-22,24.34,24.79,24.06,24.07,1702532
2018-03-23,24.5,25.13,24.31,24.77,2281466
2018-03-26,24.95,25.0,24.35,24.82,2349673
2018-03-27,24.87,25.04,23.73,23.88,2468211
2018-03-28,23.89,24.42,23.69,23.83,2343202
2018-03-29,24.06,24.47,23.5,24.25,3337201
2018-04-02,24.16,24.34,22.9,23.19,2239689
2018-04-03,23.21,24.3,23.21,24.0,1808833
2018-04-04,23.58,24.33,23.58,23.95,1808827
2018-04-05,24.15,24.86,23.99,24.43,1748026
2018-04-06,24.19,24.46,23.52,23.69,1858536
2018-04-09,23.91,24.22,23.74,23.74,1206045
2018-04-10,23.92,24.11,22.88,22.9,2925421
2018-04-11,22.79,23.57,22.78,22.97,1934633
2018-04-12,23.04,23.73,22.85,22.95,1847805
2018-04-13,23.47,24.39,23.35,23.71,2101216
2018-04-16,23.71,24.17,23.42,24.03,1012625
2018-04-17,23.84,24.32,23.34,24.08,1404245
2018-04-18,24.18,25.0,24.16,24.51,1639325
2018-04-19,24.53,24.7,23.78,24.47,1028072
2018-04-20,24.45,24.51,24.02,24.09,1100067
2018-04-23,24.05,24.19,23.54,24.05,1379414
2018-04-24,24.2,24.73,23.77,23.92,1014483
2018-04-25,23.79,24.57,23.54,24.47,1599664
2018-04-26,23.75,23.98,22.66,23.28,2937537
2018-04-27,23.33,25.0,23.31,24.27,2945315
2018-04-30,24.34,24.8,23.77,23.94,2317219
2018-05-01,25.1,29.51,24.83,28.52,11328217
2018-05-02,28.86,31.75,28.85,31.29,7889905
2018-05-03,31.11,31.94,30.41,31.69,2382112
2018-05-04,31.67,32.11,31.04,31.12,2134215
2018-05-07,31.55,32.17,31.17,31.87,2097556
2018-05-08,31.8,32.73,30.94,31.31,2260920
2018-05-09,31.47,32.56,31.02,32.44,1600364
2018-05-10,32.37,32.72,32.1,32.57,1465726
2018-05-11,32.59,32.94,31.98,32.68,1053178
2018-05-14,32.66,33.16,32.48,32.95,1459629
2018-05-15,32.84,33.33,32.57,33.09,1190276
2018-05-16,33.15,33.67,32.87,33.5,968308
2018-05-17,33.46,34.16,32.88,33.75,1439384
2018-05-18,33.96,34.06,33.26,33.33,985811
2018-05-21,33.51,33.83,33.22,33.8,620354
2018-05-22,33.77,34.0,32.83,33.08,829948
2018-05-23,32.72,33.3,32.25,33.15,3397190
2018-05-24,33.1,33.78,33.0,33.7,1635915
2018-05-25,33.84,34.8,33.76,34.47,1804663
2018-05-29,34.43,35.49,34.03,35.34,2428930
2018-05-30,35.43,37.52,35.4,36.71,3238459
2018-05-31,36.65,36.76,34.92,35.43,2365200
2018-06-01,35.53,35.79,34.33,35.23,1607671
2018-06-04,35.23,35.77,34.64,35.47,1048708
2018-06-05,35.45,36.32,35.45,35.97,1230749
2018-06-06,36.04,36.4,35.66,36.39,1226048
2018-06-07,36.53,36.77,35.9,36.2,1128463
2018-06-08,36.0,37.54,36.0,36.81,1573421
2018-06-11,36.85,38.81,36.85,38.35,2630583
2018-06-12,38.37,38.47,37.14,37.74,1534350
2018-06-13,37.92,38.18,36.91,36.97,1072975
2018-06-14,37.04,37.55,36.21,36.56,1201888
2018-06-15,36.49,37.11,36.08,36.31,1652251
2018-06-18,36.15,37.55,36.15,36.74,910366
2018-06-19,36.49,36.79,35.41,36.77,771029
2018-06-20,36.77,37.63,36.52,37.58,1033547
2018-06-21,37.76,38.21,37.19,37.42,789645
2018-06-22,37.66,37.91,36.1,36.6,1851667
2018-06-25,36.55,36.72,35.68,36.25,1040388
2018-06-26,36.18,37.25,36.18,37.22,1295278
2018-06-27,37.17,37.4,34.18,34.31,1956869
2018-06-28,33.92,34.71,33.13,34.61,1767537
2018-06-29,33.0,33.72,32.11,33.57,3217964
2018-07-02,33.37,33.91,32.82,33.87,887823
2018-07-03,33.91,34.55,33.52,34.51,639744
2018-07-05,34.51,34.85,34.17,34.58,2249465
2018-07-06,34.76,35.51,34.61,35.41,1353652
2018-07-09,35.21,35.76,34.74,35.5,1289940
2018-07-10,35.7,36.33,35.46,35.54,599910
2018-07-11,35.34,35.9,34.59,34.7,1095658
2018-07-12,35.28,35.28,33.93,34.24,1052755
2018-07-13,34.35,34.76,34.14,34.24,765006
2018-07-16,34.39,34.72,34.11,34.3,714596
2018-07-17,34.19,35.17,34.19,34.94,959114
2018-07-18,34.94,34.95,34.41,34.57,914885
2018-07-19,34.7,35.69,34.22,35.67,1359670
2018-07-20,35.64,35.98,34.88,35.11,887494
2018-07-23,36.79,38.58,36.31,37.84,3388309
2018-07-24,38.03,38.15,36.87,36.91,1476723
2018-07-25,37.39,39.38,37.38,38.85,6663224
2018-07-26,39.05,39.74,38.77,38.88,1632537
2018-07-27,38.96,39.16,36.89,36.94,1821810
2018-07-30,36.85,37.53,36.28,37.43,1173264
2018-07-31,37.39,37.78,36.9,37.63,932179
2018-08-01,37.58,38.11,37.2,37.38,782964
2018-08-02,37.09,38.32,37.09,38.12,714336
2018-08-03,38.09,38.44,37.6,38.41,910772
2018-08-06,38.41,39.39,38.15,38.55,1878658
2018-08-07,37.0,37.0,31.63,32.41,7130071
2018-08-08,32.29,32.3,31.25,32.0,2571577
2018-08-09,31.83,32.52,31.33,32.48,1724660
2018-08-10,32.17,32.59,31.39,32.29,1886054
2018-08-13,32.13,32.67,31.94,32.56,1565554
2018-08-14,32.55,33.27,32.23,33.18,1133562
2018-08-15,33.1,33.54,32.66,33.09,2182246
2018-08-16,33.23,34.04,33.03,33.31,1351220
2018-08-17,33.38,34.05,32.95,33.99,1017702
2018-08-20,34.08,34.23,32.31,32.71,2104877
2018-08-21,32.87,33.4,32.46,33.2,1590281
2018-08-22,33.21,33.37,32.82,33.1,987770
2018-08-23,33.14,33.14,31.37,31.99,1402869
2018-08-24,31.98,32.18,31.6,31.88,828766
2018-08-27,31.97,32.44,31.54,31.71,1472921
2018-08-28,31.74,32.35,31.67,32.21,1033490
2018-08-29,32.36,32.95,32.14,32.86,848441
2018-08-30,32.7,32.79,32.13,32.46,891512
2018-08-31,32.29,33.8,32.29,33.72,957993
2018-09-04,33.68,34.19,32.67,32.83,1267735
2018-09-05,32.85,33.0,31.33,31.71,1702569
2018-09-06,31.71,31.9,31.29,31.34,965349
2018-09-07,31.19,31.78,30.77,30.83,1114170
2018-09-10,30.83,30.9,29.7,29.88,1015428
2018-09-11,29.75,30.21,29.38,29.49,763887
2018-09-12,29.45,29.68,27.98,28.72,1914614
2018-09-13,28.85,29.58,28.6,29.2,1357413
2018-09-14,29.16,29.6,28.51,28.53,755584
2018-09-17,28.84,28.85,28.06,28.38,1065573
2018-09-18,28.32,29.15,28.19,28.35,762676
2018-09-19,28.38,28.53,27.9,28.0,761193
2018-09-20,28.1,28.63,28.0,28.51,657152
2018-09-21,28.55,28.89,27.98,28.1,1011375
2018-09-24,28.14,28.71,27.82,28.58,762945
2018-09-25,28.56,28.66,28.05,28.07,636339
2018-09-26,28.03,28.15,27.21,27.43,1592688
2018-09-27,27.44,28.53,27.38,28.37,897845
2018-09-28,28.28,28.77,27.7,28.46,1237502
2018-10-01,28.65,29.09,27.95,28.05,1592120
2018-10-02,28.01,28.13,27.25,27.39,1074543
2018-10-03,27.49,28.34,27.11,28.18,1113129
2018-10-04,28.07,28.24,27.43,27.68,834356
2018-10-05,27.72,28.64,27.43,27.73,1002711
2018-10-08,27.88,28.66,27.25,28.44,1512618
2018-10-09,28.44,29.41,28.29,29.29,1336311
2018-10-10,29.31,29.41,26.76,26.82,1552018
2018-10-11,26.66,27.3,25.38,25.43,1965841
2018-10-12,25.85,26.08,25.07,25.39,1156354
2018-10-15,25.1,25.93,24.92,25.62,4188493
2018-10-16,25.87,26.7,25.48,26.67,1081670
2018-10-17,26.65,26.89,26.06,26.78,789653
2018-10-18,26.72,27.11,26.35,26.69,613350
2018-10-19,26.72,27.0,25.85,26.12,610127
2018-10-22,26.13,26.72,26.0,26.27,826287
2018-10-23,25.74,26.03,24.85,25.91,1145792
2018-10-24,25.91,26.32,24.92,24.94,1347862
2018-10-25,25.11,25.46,24.87,25.06,834595
2018-10-26,24.71,25.35,24.07,24.98,1108167
2018-10-29,25.38,25.93,24.67,25.11,1044635
2018-10-30,25.47,25.57,24.63,25.35,969478
2018-10-31,25.55,26.07,25.31,25.73,966635
2018-11-01,25.89,26.76,25.57,26.68,829821
2018-11-02,26.93,27.89,26.85,27.17,1330890
2018-11-05,27.31,27.33,26.28,27.2,1506441
2018-11-06,25.35,26.57,23.0,24.64,3971669
2018-11-07,25.08,27.05,25.0,26.64,2878502
2018-11-08,26.44,26.98,25.69,26.4,1508495
2018-11-09,26.17,26.95,25.97,26.29,991554
2018-11-12,26.2,26.65,25.35,25.73,1279404
2018-11-13,25.68,25.88,23.12,23.83,3282029
2018-11-14,24.16,24.47,23.44,23.74,988256
2018-11-15,23.51,24.01,23.11,23.75,1090867
2018-11-16,23.48,23.76,23.12,23.49,1421835
2018-11-19,23.56,23.61,22.3,22.42,1343449
2018-11-20,22.0,22.45,21.63,21.82,989715
2018-11-21,21.93,22.74,21.93,22.55,860044
2018-11-23,22.43,22.91,22.43,22.47,272455
2018-11-26,22.72,23.42,22.69,22.93,1369578
2018-11-27,22.79,24.15,22.79,23.99,1911953
2018-11-28,24.01,25.74,24.01,25.63,1373007
2018-11-29,25.61,26.21,25.14,26.07,1335143
2018-11-30,26.06,26.39,25.58,26.07,1786734
2018-12-03,26.53,27.02,26.15,26.92,1361443
2018-12-04,26.72,26.93,24.77,24.81,1649506
2018-12-06,24.36,24.51,23.29,24.01,1375743
2018-12-07,23.92,24.08,22.98,23.32,1033698
2018-12-10,23.36,23.54,22.48,23.4,908853
2018-12-11,23.73,23.89,23.08,23.33,775647
2018-12-12,23.76,24.27,23.25,23.27,845557
2018-12-13,23.49,23.97,22.97,23.44,1608299
2018-12-14,22.93,23.22,21.09,21.24,1829156
2018-12-17,19.66,20.77,19.55,19.8,2803210
2018-12-18,20.13,20.43,19.57,19.98,1831861
2018-12-19,19.91,20.17,19.15,19.26,1372066
2018-12-20,19.09,19.21,18.28,18.39,1550066
2018-12-21,18.27,18.59,17.43,17.54,2766869
2018-12-24,17.37,17.64,16.83,16.85,591205
2018-12-26,16.89,18.08,16.7,18.03,1034975
2018-12-27,17.77,17.85,16.61,17.61,1246115
2018-12-28,17.65,18.025,17.25,17.3,1574306
2018-12-31,17.44,17.58,16.87,17.14,1164872
2019-01-02,16.87,17.79,16.77,17.77,2242020
2019-01-03,17.47,18.15,17.15,17.61,1997179
2019-01-04,17.88,18.64,17.88,18.06,2332532
2019-01-07,18.14,18.87,18.02,18.82,2292906
2019-01-08,19.13,20.46,19.1,20.31,2943678
2019-01-09,20.55,21.52,20.41,21.0,1863845
2019-01-10,20.88,21.53,20.63,21.52,1198783
2019-01-11,21.39,21.74,21.18,21.69,941799
2019-01-14,21.44,21.69,20.91,21.0,1475664
2019-01-15,21.09,22.05,21.0,21.98,1408545
2019-01-16,21.99,22.71,21.87,22.39,1433901
2019-01-17,22.34,22.49,22.13,22.35,816750
2019-01-18,22.6,22.64,21.95,21.99,943093
2019-01-22,21.8,21.84,19.87,20.54,2215223
2019-01-23,20.69,21.29,20.39,20.8,1165242
2019-01-24,20.78,21.8,20.78,21.7,1261891
2019-01-25,21.85,22.45,21.85,22.05,1298428
2019-01-28,21.84,21.88,20.95,20.98,919813
2019-01-29,21.31,21.77,21.08,21.63,1207108
2019-01-30,21.9,22.09,21.52,22.03,797752
2019-01-31,21.96,22.41,21.88,21.99,1038103
2019-02-01,21.88,22.36,21.77,22.1,771840
2019-02-04,22.08,22.36,21.91,22.32,501732
2019-02-05,22.37,23.11,22.36,22.82,1362242
2019-02-06,22.68,23.05,22.11,22.98,1364455
2019-02-07,22.85,23.25,22.57,23.05,951694
2019-02-08,22.97,23.11,22.05,22.74,1594622
2019-02-11,22.75,23.03,22.5,22.92,801354
2019-02-12,23.18,23.49,22.97,23.41,576479
2019-02-13,23.55,23.77,23.22,23.56,537719
2019-02-14,23.34,23.9,22.97,23.84,888636
2019-02-15,24.04,24.5,23.77,24.47,775776
2019-02-19,24.28,24.63,23.88,24.28,1056361
2019-02-20,24.17,24.27,23.83,23.9,763631
2019-02-21,24.09,24.28,23.81,24.01,1294908
2019-02-22,24.05,24.42,23.96,24.16,792108
2019-02-25,24.39,24.91,24.21,24.22,1319946
2019-02-26,28.49,29.79,25.91,26.94,8474052
2019-02-27,27.16,28.27,26.56,28.26,2931279
2019-02-28,28.29,28.99,27.91,28.58,1962916
2019-03-01,28.88,29.78,28.88,29.39,1785906
2019-03-04,29.54,30.0,28.7,29.99,2405655
2019-03-05,29.97,29.98,28.72,28.86,1215475
2019-03-06,28.86,29.27,27.68,27.74,1487247
2019-03-07,27.75,28.27,27.37,27.71,1485927
2019-03-08,27.03,27.38,26.36,27.17,1787327
2019-03-11,27.66,28.01,27.27,27.96,1397633
2019-03-12,28.11,29.55,28.0,29.47,1716234
2019-03-13,29.52,30.0,29.25,29.76,1210364
2019-03-14,29.85,30.4,29.66,30.18,942287
2019-03-15,30.2,30.21,28.91,29.2,2207921
2019-03-18,29.34,29.8,28.92,29.62,743288
2019-03-19,29.84,30.36,29.47,29.8,691200
2019-03-20,29.73,30.17,29.27,29.62,695797
2019-03-21,29.41,30.84,29.4,30.56,876864
2019-03-22,30.13,30.32,29.02,29.13,923209
2019-03-25,29.14,29.31,28.17,29.03,1195243
2019-03-26,28.88,29.18,27.95,28.5,1524039
2019-03-27,28.25,28.73,27.6,28.14,1033776
2019-03-28,28.3,28.89,28.06,28.58,570385
2019-03-29,28.83,29.09,28.57,28.84,905851
2019-04-01,29.0,29.81,28.86,29.76,720286
2019-04-02,29.62,30.0,29.24,29.89,796422
2019-04-03,30.2,30.45,29.79,30.04,602012
2019-04-04,30.04,30.82,29.7,30.71,774964
2019-04-05,30.81,31.64,30.67,31.19,1363279
2019-04-08,30.88,31.04,30.43,30.65,994677
2019-04-09,30.51,31.11,30.26,30.48,740639
2019-04-10,30.85,31.59,30.5,30.73,976147
2019-04-11,30.65,30.96,29.34,29.6,991262
2019-04-12,29.97,30.54,28.74,29.01,1024427
2019-04-15,29.13,29.26,28.44,28.84,699818
2019-04-16,29.23,29.37,25.55,25.59,2167550
2019-04-17,25.59,25.69,22.08,22.95,6778921
2019-04-18,23.1,23.63,22.4,23.41,3129661
2019-04-22,23.24,23.86,22.75,23.18,1668789
2019-04-23,23.32,24.78,23.25,24.34,2188663
2019-04-24,24.35,25.39,24.35,24.45,1594102
2019-04-25,24.21,24.55,23.81,24.34,1110759
2019-04-26,24.3,24.355,23.58,24.25,926470
2019-04-29,24.19,24.3,23.56,23.79,1400365
2019-04-30,24.28,24.66,21.59,21.9,4572880
2019-05-01,21.73,22.26,21.28,21.31,2025042
2019-05-02,21.14,21.38,20.67,21.17,1785901
2019-05-03,21.51,21.58,21.11,21.4,1131146
2019-05-06,21.0,22.83,20.82,22.74,2874598
2019-05-07,22.43,22.88,21.51,21.72,2120347
2019-05-08,21.72,21.72,21.06,21.1,2042211
2019-05-09,20.87,21.08,20.07,20.96,1931652
2019-05-10,20.74,20.84,19.89,20.59,1515360
2019-05-13,20.09,20.47,19.55,20.43,2091674
2019-05-14,20.43,20.64,20.05,20.46,1400393
2019-05-15,20.27,20.96,20.13,20.89,1167931
2019-05-16,20.91,21.38,20.57,20.68,1091262
2019-05-17,20.39,21.21,20.3,20.84,993041
2019-05-20,20.63,21.57,20.48,21.45,1487840
2019-05-21,21.72,23.0,21.61,22.87,2682137
2019-05-22,22.6,23.03,22.26,22.86,1594503
2019-05-23,22.5,22.53,21.05,21.34,1942194
2019-05-24,21.12,22.22,21.02,22.0,1176172
2019-05-28,21.94,22.54,21.72,21.88,1320507
2019-05-29,21.51,21.52,19.8,19.97,1925874
2019-05-30,20.01,20.52,19.88,20.44,1543511
2019-05-31,20.06,20.58,19.39,19.96,1712421
2019-06-03,19.94,20.44,19.82,20.17,1176573
2019-06-04,20.5,21.29,20.4483,21.07,1359788
2019-06-05,21.2,21.3,20.58,21.08,1138180
2019-06-06,21.14,21.32,20.51,20.7,866151
2019-06-07,20.81,21.47,20.81,20.99,736056
2019-06-10,21.07,21.8118,21.07,21.48,745905
2019-06-11,21.61,21.68,20.62,20.95,1214159
2019-06-12,20.94,20.94,20.26,20.65,1212283
2019-06-13,20.78,21.2,20.55,21.19,895238
2019-06-14,21.2,21.33,20.9,20.99,531274
2019-06-17,20.92,21.33,20.67,21.19,908797
2019-06-18,21.29,21.98,21.18,21.26,728080
2019-06-19,21.28,21.49,21.0,21.23,999569
2019-06-20,21.59,21.8397,20.75,20.82,1348622
2019-06-21,20.52,20.97,19.87,20.65,1658946
2019-06-24,20.69,20.94,19.56,20.12,2189763
2019-06-25,20.1,21.26,19.88,20.41,1868192
2019-06-26,20.33,20.66,19.47,20.02,1511065
2019-06-27,20.1,20.75,20.02,20.31,1553576
2019-06-28,20.29,20.85,20.1,20.66,3969315
2019-07-01,20.91,21.01,19.56,19.6,3110873
2019-07-02,19.61,19.71,18.93,19.29,1542081
2019-07-03,19.46,19.55,19.16,19.39,634250
2019-07-05,19.29,19.56,19.14,19.35,856297
2019-07-08,19.36,19.36,18.83,18.99,1500070
2019-07-09,18.7,19.0,18.2,18.55,1502743
2019-07-10,18.68,19.16,18.68,19.0,1835276
2019-07-11,19.25,19.4,18.77,19.13,1530230
2019-07-12,19.03,19.56,18.89,19.48,1171385
2019-07-15,19.56,19.57,19.05,19.43,899450
2019-07-16,19.3,19.68,19.02,19.07,919524
2019-07-17,19.01,19.1,18.48,18.54,1433453
2019-07-18,18.49,18.84,18.19,18.58,796111
2019-07-19,18.49,18.73,18.06,18.08,1064461
2019-07-22,18.15,18.31,17.55,17.57,1612580
2019-07-23,17.59,17.66,17.18,17.57,1705874
2019-07-24,18.65,20.25,17.32,20.13,5634770
2019-07-25,20.03,20.04,18.84,19.75,4446848
2019-07-26,20.13,22.13,20.13,22.01,2805976
2019-07-29,22.38,23.86,22.05,23.58,3935528
2019-07-30,22.48,23.85,22.0,23.84,2257289
2019-07-31,23.83,24.34,23.23,23.57,1501586
2019-08-01,23.5,23.61,22.61,22.93,1673535
2019-08-02,22.71,23.27,21.81,22.35,1189697
2019-08-05,21.92,22.24,21.59,22.1,1190310
2019-08-06,22.9,23.26,21.03,21.51,2130299
2019-08-07,21.23,21.3,20.38,21.17,1374636
2019-08-08,21.3,21.72,20.94,21.62,1170884
2019-08-09,21.64,21.69,20.82,21.24,832333
2019-08-12,21.24,21.24,20.5,20.56,1013893
2019-08-13,20.55,21.38,20.37,21.2,1078614
2019-08-14,20.77,20.94,19.52,19.56,1330564
2019-08-15,19.54,19.61,18.88,18.99,1123466
2019-08-16,19.23,20.57,19.19,20.34,1471221
2019-08-19,20.79,21.23,20.57,20.92,1216555
2019-08-20,20.83,21.16,20.36,20.61,805737
2019-08-21,20.88,21.38,20.71,21.21,893798
2019-08-22,21.37,21.63,21.12,21.18,947819
2019-08-23,21.04,21.57,20.65,20.74,1095851
2019-08-26,21.1,21.42,20.92,21.41,1090484
2019-08-27,21.54,21.78,20.11,20.13,1515843
2019-08-28,20.03,20.51,19.8,20.43,1685556
2019-08-29,20.64,21.3,20.59,21.08,858190
2019-08-30,21.23,21.8,21.08,21.65,788051
2019-09-03,21.25,21.78,20.8,20.89,1136274
2019-09-04,21.15,21.34,20.3,20.59,1033203
2019-09-05,20.83,21.02,20.05,20.2,1549644
2019-09-06,20.3,20.4,19.37,19.78,1970542
2019-09-09,19.94,22.44,19.84,22.4,2704292
2019-09-10,22.28,24.24,22.09,24.2,2072393
2019-09-11,24.25,26.18,24.09,26.07,2777966
2019-09-12,25.93,26.44,25.08,25.7,2367984
2019-09-13,26.0,26.88,25.15,25.17,1399040
2019-09-16,24.96,25.8,24.74,25.52,924163
2019-09-17,25.68,25.94,24.63,24.98,1577451
2019-09-18,25.01,25.06,24.42,25.0,1412916
2019-09-19,24.91,25.77,24.86,25.17,2155937
2019-09-20,25.27,25.6,25.09,25.33,4190856
2019-09-23,24.9,25.07,23.77,23.98,1429989
2019-09-24,24.04,24.29,22.79,22.85,1483020
2019-09-25,22.7,23.25,22.47,22.73,1745845
2019-09-26,22.7,22.8,21.5,21.71,1366287
2019-09-27,21.85,22.29,21.57,21.82,1045525
2019-09-30,21.85,22.41,21.49,22.12,1140482
2019-10-01,22.27,22.84,21.05,21.4,1289415
2019-10-02,21.12,21.22,19.77,20.57,2189190
2019-10-03,20.36,21.07,20.04,20.94,1060922
2019-10-04,21.04,21.44,20.62,21.42,832729
2019-10-07,21.54,22.05,21.27,21.76,868169
2019-10-08,21.31,21.66,21.01,21.42,844673
2019-10-09,21.7,21.97,21.51,21.65,461172
2019-10-10,21.78,22.25,21.65,22.13,664362
2019-10-11,22.65,23.31,22.42,22.58,1137435
2019-10-14,22.34,22.58,21.67,22.09,464505
2019-10-15,22.33,22.99,22.15,22.62,634592
2019-10-16,22.61,23.11,22.46,22.98,778483
2019-10-17,23.0,23.67,22.84,23.5,550722
2019-10-18,23.63,23.86,23.24,23.81,584919
2019-10-21,24.12,25.08,23.97,24.48,841413
2019-10-22,24.51,25.13,24.3,24.93,501643
2019-10-23,24.98,25.46,24.64,25.06,506362
2019-10-24,25.38,25.44,24.63,24.91,395766
2019-10-25,24.02,25.1,23.61,24.65,976192
2019-10-28,24.81,25.97,24.8,25.34,1424107
2019-10-29,25.74,26.86,25.62,26.7,2280407
2019-10-30,26.7,26.75,25.91,26.39,712386
2019-10-31,26.17,26.36,25.1,25.34,894586
2019-11-01,25.66,26.89,25.6,25.88,1967712
2019-11-04,26.21,27.26,25.87,27.12,1649871
2019-11-05,28.22,28.74,27.3,28.11,3886748
2019-11-06,28.82,29.92,28.51,29.67,2675720
2019-11-07,30.0,30.53,29.59,30.0,1598097
2019-11-08,29.89,30.5,29.66,29.7,1898080
2019-11-11,29.37,30.0,28.89,29.98,882844
2019-11-12,30.1,30.45,29.79,29.9,1128832
2019-11-13,29.46,30.05,29.32,29.65,784338
2019-11-14,29.63,29.92,29.22,29.48,934454
2019-11-15,28.99,30.61,28.88,30.55,1947315
2019-11-18,30.59,31.11,30.3,30.8,1068702
2019-11-19,31.0,32.03,30.96,31.76,1564793
2019-11-20,31.45,32.0,30.91,31.4,1477068
2019-11-21,31.43,31.82,30.87,31.41,1268343
2019-11-22,31.63,31.82,31.34,31.43,970998
2019-11-25,31.76,32.89,31.39,32.51,1670635
2019-11-26,32.36,32.46,31.82,31.92,848153
2019-11-27,32.1,33.08,31.98,33.07,768109
2019-11-29,32.85,33.03,32.16,32.2,350158
2019-12-02,32.42,32.73,31.96,32.64,824533
2019-12-03,32.14,33.31,31.98,33.07,915868
2019-12-04,33.23,33.84,33.18,33.74,888951
2019-12-05,34.0,34.33,33.79,34.27,621846
2019-12-06,34.52,35.63,34.52,35.53,1125310
2019-12-09,36.71,36.99,36.04,36.85,1369842
2019-12-10,36.67,37.37,36.53,37.05,923553
2019-12-11,37.38,37.4,36.43,36.64,754580
2019-12-12,36.63,37.77,36.51,37.21,663025
2019-12-13,36.97,37.85,36.91,37.03,682173
2019-12-16,37.51,38.54,37.22,37.84,945410
2019-12-17,37.54,37.83,37.29,37.59,596587
2019-12-18,38.3,38.73,37.92,37.98,970688
2019-12-19,38.29,38.7,37.94,38.18,803371
2019-12-20,38.25,39.37,38.17,38.75,2463713
2019-12-23,38.88,38.95,38.25,38.45,548411
2019-12-24,38.63,38.63,38.1,38.23,263460
2019-12-26,38.3,38.71,38.21,38.45,452604
2019-12-27,38.47,38.47,37.91,38.25,504296
2019-12-30,38.25,38.31,37.31,37.82,1021390
2019-12-31,37.79,38.28,37.77,38.03,1001075
2020-01-02,38.2,38.36,37.22,38.35,765739
2020-01-03,37.54,38.23,37.23,37.95,837246
2020-01-06,37.37,37.77,36.9,37.51,1382365
2020-01-07,37.76,37.76,36.51,36.85,1381957
2020-01-08,37.05,37.35,36.3,36.77,1087203
2020-01-09,36.78,36.96,36.1,36.27,968862
2020-01-10,36.56,36.56,35.63,36.18,810549
2020-01-13,36.27,36.8,35.73,36.51,2032281
2020-01-14,36.23,37.32,36.11,36.59,1157251
2020-01-15,36.64,37.18,36.38,36.84,1280156
2020-01-16,37.1,37.5,36.81,37.14,1364057
2020-01-17,37.24,37.71,36.55,37.14,1260763
2020-01-21,37.14,37.23,36.01,36.14,888303
2020-01-22,36.36,36.85,36.25,36.39,985335
2020-01-23,36.18,36.71,35.51,36.5,1316218
2020-01-24,36.58,36.67,34.27,34.54,940365
2020-01-27,33.62,34.42,33.59,33.72,903638
2020-01-28,34.23,35.73,34.23,34.85,962035
2020-01-29,34.77,35.12,33.75,34.04,699659
2020-01-30,33.6,34.0,32.4,32.71,886160
2020-01-31,32.31,32.39,31.41,31.64,1276750
2020-02-03,31.87,32.67,31.6,32.02,989475
2020-02-04,33.0,33.31,32.66,32.98,942201
2020-02-05,33.56,35.09,33.43,34.73,935079
2020-02-06,34.88,34.88,33.24,33.32,673339
2020-02-07,33.12,33.41,32.62,33.16,854037
2020-02-10,33.16,33.5,33.04,33.44,365713
2020-02-11,33.79,34.32,33.56,34.21,475806
2020-02-12,34.65,34.88,33.14,33.43,896608
2020-02-13,33.19,34.24,33.02,33.97,860845
2020-02-14,33.97,34.13,33.06,33.4,611965
2020-02-18,33.22,33.34,32.27,33.33,625659
2020-02-19,33.59,33.86,33.19,33.34,1363089
2020-02-20,33.32,33.32,32.21,32.55,1677528
2020-02-21,32.5,34.28,32.5,34.2,1388341
2020-02-24,33.25,33.28,32.32,32.69,1523886
2020-02-25,33.36,34.7,29.05,29.25,3135628
2020-02-26,29.74,30.34,27.63,27.8,2050858
2020-02-27,26.94,28.76,26.02,26.74,2296176
2020-02-28,25.87,26.61,25.32,26.28,2281163
2020-03-02,26.61,28.51,25.63,28.4,2150957
2020-03-03,28.34,29.06,25.4,25.81,2374052
2020-03-04,27.9,29.3,27.36,28.76,2073251
2020-03-05,27.49,28.38,26.24,27.06,2676994
2020-03-06,25.65,25.99,24.54,25.85,2875160
2020-03-09,22.29,23.22,19.03,21.91,2712598
2020-03-10,23.28,23.58,20.06,21.6,2847483
2020-03-11,21.42,21.74,19.45,19.99,3438808
2020-03-12,17.41,18.33,15.93,17.52,3029411
2020-03-13,18.87,18.98,15.07,18.58,3191701
2020-03-16,16.53,18.42,14.45,14.98,3577211
2020-03-17,15.44,15.73,12.63,13.15,4160769
2020-03-18,12.32,12.76,10.0,11.01,3723903
2020-03-19,10.85,14.1,10.0,13.79,3555484
2020-03-20,14.19,16.03,12.55,12.98,4352357
2020-03-23,13.32,14.74,12.9,13.94,3533134
2020-03-24,15.19,15.88,14.02,15.05,4434263
2020-03-25,15.82,19.77,15.3,18.0,5519472
2020-03-26,18.9,21.3,17.08,18.48,4762028
2020-03-27,17.38,18.01,16.1,17.06,3600950
2020-03-30,17.01,17.25,15.61,15.94,2774237
2020-03-31,16.07,16.28,14.04,14.4,3845000
2020-04-01,13.47,13.86,12.6,13.01,4133998
2020-04-02,12.76,14.5,12.5,13.19,2872069
2020-04-03,12.76,13.6,11.67,11.89,3606698
2020-04-06,12.9,13.72,12.44,13.52,4193085
2020-04-07,14.71,16.56,14.09,15.52,4452805
2020-04-08,15.87,20.46,15.8,20.21,7558128
2020-04-09,21.0,22.09,19.37,19.87,4644340
2020-04-13,19.68,20.02,18.04,18.69,2150185
2020-04-14,19.1,20.33,18.8,20.2,2179439
2020-04-15,18.9,19.95,18.2,19.54,1513011
2020-04-16,19.44,20.07,18.55,19.4,1954392
2020-04-17,21.02,22.59,20.6,22.41,3037242
2020-04-20,21.59,21.95,20.35,20.97,2464861
2020-04-21,19.19,21.23,19.19,20.06,1765075
2020-04-22,20.78,20.96,18.55,18.6,1709458
2020-04-23,18.65,19.63,18.28,18.76,1703693
2020-04-24,19.03,19.54,18.48,19.33,1711001
2020-04-27,19.73,20.45,19.32,19.97,2383258
2020-04-28,20.85,21.11,19.42,19.49,2322317
2020-04-29,20.29,21.36,19.79,20.5,2448012
2020-04-30,20.03,20.89,19.25,20.18,2401124
2020-05-01,19.16,19.53,17.11,17.49,2522423
2020-05-04,17.04,18.1,16.68,17.96,1931828
2020-05-05,19.0,20.75,18.8,18.9,3184081
2020-05-06,18.7,18.89,17.0,17.16,3218691
2020-05-07,17.44,18.17,16.86,16.99,2209935
2020-05-08,17.43,19.69,17.26,19.53,3612446
2020-05-11,19.44,19.49,18.34,18.71,2414224
2020-05-12,18.96,19.36,17.6,17.62,2191917
2020-05-13,17.5,17.54,16.22,16.68,3030122
2020-05-14,16.23,17.14,15.19,16.7,2452932
2020-05-15,16.57,17.51,16.31,17.16,1891961
2020-05-18,18.39,20.66,18.34,20.5,3688900
2020-05-19,20.24,21.57,19.27,20.66,2557286
2020-05-20,20.92,22.5,20.85,22.41,2498011
2020-05-21,22.2,23.4,22.19,23.05,2139759
2020-05-22,23.2,23.22,21.84,22.88,1312664
2020-05-26,24.25,24.89,23.37,23.81,2056187
2020-05-27,24.34,24.55,22.87,23.98,1771029
2020-05-28,24.28,24.54,23.03,23.16,1694475
2020-05-29,22.85,22.85,20.77,21.76,2927876
2020-06-01,22.01,22.66,21.68,22.25,1953291
2020-06-02,22.46,22.61,21.56,22.11,1633542
2020-06-03,22.53,22.89,21.44,21.68,2027001
2020-06-04,21.49,22.22,21.14,21.24,1738894
2020-06-05,22.49,24.95,22.49,24.5,3319363
2020-06-08,25.31,26.22,25.31,25.8,2031813
2020-06-09,25.35,25.35,23.84,24.4,1517787
2020-06-10,24.1,24.24,22.01,22.08,2719097
2020-06-11,20.73,21.12,19.13,19.43,2516572
2020-06-12,20.6,21.38,18.75,19.76,2040936
2020-06-15,18.72,21.71,18.28,21.69,2437593
2020-06-16,23.07,23.53,21.18,22.34,2644592
2020-06-17,22.36,22.48,20.86,20.91,2013899
2020-06-18,20.5,21.85,20.2,21.39,1735597
2020-06-19,21.74,22.13,20.3,20.55,2149398
2020-06-22,20.29,20.44,19.53,19.98,1588774
2020-06-23,20.12,20.26,18.68,19.11,2557727
2020-06-24,18.51,18.87,17.45,17.84,3041443
2020-06-25,17.73,18.46,17.13,17.86,4474719
2020-06-26,17.67,17.8,16.99,17.58,5999994
2020-06-29,17.82,18.55,17.1712,18.2,1621248
2020-06-30,18.08,18.21,17.28,18.11,1847033
2020-07-01,18.05,18.91,17.93,18.47,1573558
2020-07-02,18.99,19.33,18.11,18.21,1313763
2020-07-06,18.66,18.86,18.05,18.61,1686966
2020-07-07,18.26,18.51,17.67,17.76,1337123
2020-07-08,17.63,18.06,17.07,17.73,1467251
2020-07-09,17.59,17.86,16.21,16.81,1903945
2020-07-10,16.7,17.91,16.39,17.78,1594282
2020-07-13,18.0,19.43,17.85,18.5,2102559
2020-07-14,18.44,19.32,18.2,19.31,1431154
2020-07-15,20.0,21.1,19.81,20.88,1862625
2020-07-16,20.8,22.84,20.18,22.37,3982611
2020-07-17,22.52,22.94,22.04,22.83,1492769
2020-07-20,22.75,23.07,21.34,21.51,1467062
2020-07-21,21.97,23.14,21.82,22.91,1594075
2020-07-22,23.57,25.67,23.32,24.76,2616900
2020-07-23,24.42,25.36,24.11,24.99,1715055
2020-07-24,24.86,25.17,24.25,24.87,1122570
2020-07-27,24.75,24.8999,24.0201,24.82,1007136
2020-07-28,24.62,25.685,24.29,25.5,1232296
2020-07-29,25.82,27.28,25.73,26.88,2458857
2020-07-30,26.05,27.23,25.61,26.83,1148023
2020-07-31,26.93,27.0,25.64,26.44,1530210
2020-08-03,26.53,26.77,25.95,26.41,1709574
2020-08-04,25.99,26.9099,24.22,26.59,3364596
2020-08-05,27.37,29.65,27.35,29.45,2698892
2020-08-06,29.77,30.32,29.16,29.36,1830188
2020-08-07,29.4,29.965,28.44,29.12,1338276
2020-08-10,29.45,30.41,29.27,29.75,1305035
2020-08-11,30.23,30.54,29.15,29.25,1057965
2020-08-12,29.25,29.39,28.44,29.3,1051568
2020-08-13,29.01,29.3,28.11,28.24,1337548
2020-08-14,28.03,29.12,27.54,29.08,1597808
2020-08-17,29.04,29.73,28.66,29.11,631771
2020-08-18,28.99,29.37,27.96,28.14,958303
2020-08-19,28.31,29.37,28.1,28.48,1165367
2020-08-20,27.96,28.0566,27.01,27.17,1109898
2020-08-21,26.86,27.3197,26.27,26.61,883668
2020-08-24,26.9,28.24,26.63,27.68,1110722
2020-08-25,27.86,27.96,26.58,27.38,922010
2020-08-26,27.33,27.33,25.81,26.21,1060973
2020-08-27,26.37,28.48,26.37,27.89,1563983
2020-08-28,28.03,28.82,27.455,28.81,659100
2020-08-31,28.56,28.835,28.18,28.18,1092410
2020-09-01,27.93,28.63,27.3,28.42,1158159
2020-09-02,28.57,29.88,28.23,29.23,1639475
2020-09-03,29.52,30.15,28.34,29.56,1241280
2020-09-04,30.27,30.54,29.08,30.0,1186552
2020-09-08,29.71,29.71,28.28,28.41,1128970
2020-09-09,28.64,29.32,27.63,29.14,1010123
2020-09-10,29.3,29.8,28.79,28.93,872693
2020-09-11,29.0,29.415,28.23,29.22,932504
2020-09-14,29.28,29.71,29.05,29.58,763418
2020-09-15,29.84,29.97,28.21,28.37,1072545
2020-09-16,28.81,29.67,28.51,28.91,1368273
2020-09-17,28.72,29.97,28.06,29.78,1439430
2020-09-18,29.92,29.92,27.88,28.23,2241033
2020-09-21,25.44,25.52,23.4551,24.52,3225166
2020-09-22,24.55,24.89,23.17,23.9,2069672
2020-09-23,23.97,24.18,21.69,21.76,2130517
2020-09-24,21.94,22.97,21.34,21.78,1831327
2020-09-25,21.38,23.1,21.38,22.89,1775072
2020-09-28,23.23,24.1,23.01,23.64,1583646
2020-09-29,23.59,23.81,22.52,23.49,1480964
2020-09-30,23.76,25.21,23.76,24.51,1713296
2020-10-01,24.49,24.94,23.59,24.87,1297998
2020-10-02,24.09,26.07,24.06,25.83,1301324
2020-10-05,26.3,27.91,26.08,27.81,1260326
2020-10-06,28.31,28.41,26.79,26.8,1459114
2020-10-07,27.24,28.48,27.24,27.37,1376779
2020-10-08,27.56,28.39,27.44,28.26,677440
2020-10-09,30.07,30.08,27.8,28.47,1744932
2020-10-12,28.3,28.66,27.21,27.86,846510
2020-10-13,27.39,28.16,26.63,28.05,1175421
2020-10-14,28.08,29.39,28.08,28.48,947676
2020-10-15,27.95,29.39,27.95,29.31,1201609
2020-10-16,29.28,30.04,28.93,28.96,1087833
2020-10-19,29.0,29.29,28.1,28.19,697494
2020-10-20,28.44,29.39,28.06,28.57,1052488
2020-10-21,27.92,28.97,26.0023,28.45,2407552
2020-10-22,28.87,29.15,27.37,27.96,1600550
2020-10-23,28.42,29.245,27.65,29.16,1444960
2020-10-26,28.49,29.36,28.0,28.45,1583869
2020-10-27,28.14,28.27,25.63,25.67,1603603
2020-10-28,25.25,25.745,24.57,24.99,1647649
2020-10-29,24.65,25.88,24.22,25.21,940277
2020-10-30,25.07,25.345,24.15,24.54,1361348
2020-11-02,25.22,26.81,25.0464,26.74,1262608
2020-11-03,27.49,28.65,27.32,28.04,2147728
2020-11-04,27.34,28.11,25.4601,26.27,2835080
2020-11-05,26.6,29.13,26.51,28.77,1677047
2020-11-06,28.83,29.1,28.2,28.46,705386
2020-11-09,31.3,33.0,30.82,32.18,2059702
2020-11-10,32.5,34.82,32.07,33.38,1659498
2020-11-11,33.38,33.4,30.96,31.62,1003002
2020-11-12,31.05,31.82,29.35,29.95,1135825
2020-11-13,30.35,31.94,30.215,31.15,1786847
2020-11-16,32.3,32.68,31.41,31.79,853496
2020-11-17,31.32,32.86,30.98,32.24,1301576
2020-11-18,32.56,32.68,31.51,31.8,937016
2020-11-19,31.54,31.95,30.58,31.83,562597
2020-11-20,31.71,32.33,31.41,31.59,538130
2020-11-23,31.86,33.46,31.775,32.7,1185831
2020-11-24,33.38,34.01,33.0836,33.56,737874
2020-11-25,33.16,33.53,32.395,32.56,758057
2020-11-27,32.55,33.29,32.495,32.88,332082
2020-11-30,32.6,32.81,31.345,31.43,1017778
2020-12-01,32.25,32.87,31.54,31.6,582028
2020-12-02,31.18,32.87,31.18,32.63,529549
2020-12-03,32.76,33.34,32.49,32.92,697194
2020-12-04,33.28,34.6,33.28,34.58,567510
2020-12-07,34.25,34.53,33.01,33.49,691954
2020-12-08,33.03,34.38,33.03,34.3,593595
2020-12-09,34.6,35.21,34.5,34.97,740219
2020-12-10,35.1,42.78,34.87,42.78,4898421
2020-12-11,42.28,42.57,39.78,41.04,2220331
2020-12-14,41.86,42.27,39.83,39.83,1402067
2020-12-15,42.35,42.63,40.55,42.3,1449583
2020-12-16,42.38,42.47,40.02,40.53,1290965
2020-12-17,40.91,41.95,40.56,41.12,1044964
2020-12-18,41.18,41.57,39.99,40.26,1602677
2020-12-21,38.97,40.74,38.845,39.95,728167
2020-12-22,40.0,41.35,39.47,40.83,796378
2020-12-23,41.19,41.5,40.5,40.53,460300
2020-12-24,40.38,40.53,39.65,40.11,214179
2020-12-28,40.86,40.86,39.69,39.73,474429
2020-12-29,39.75,40.21,39.3496,39.97,526111
2020-12-30,39.96,40.57,39.45,39.82,449751
2020-12-31,39.88,40.34,39.46,39.93,605053
2021-01-04,40.33,40.42,38.03,38.98,883645
2021-01-05,39.9,42.2,39.59,41.41,1745742
2021-01-06,42.39,46.19,42.39,44.39,1872425
2021-01-07,44.94,45.43,43.59,44.74,849197
2021-01-08,47.17,48.11,44.81,46.0,953626
2021-01-11,45.0,46.5,44.66,45.44,698149
2021-01-12,46.0,46.41,44.85,45.17,813742
2021-01-13,44.75,45.35,43.87,44.89,892309
2021-01-14,45.64,47.65,45.23,46.77,837082
2021-01-15,46.12,47.7,45.04,47.38,815430
2021-01-19,48.18,48.45,46.25,47.65,1031688
2021-01-20,47.09,48.9,46.91,48.01,728284
2021-01-21,48.69,50.44,47.94,50.05,1314419
2021-01-22,49.2,50.8,48.7722,50.74,883563
2021-01-25,50.14,51.05,49.5501,50.06,1053029
2021-01-26,50.41,50.59,49.456,49.76,1058658
2021-01-27,47.97,49.2,47.2,48.25,1243716
2021-01-28,48.96,49.9224,48.11,48.57,1062343
2021-01-29,48.51,48.78,46.0101,47.27,944236
2021-02-01,48.0,50.885,47.7077,50.72,999326
2021-02-02,51.68,51.97,49.55,49.57,746178
2021-02-03,49.41,50.46,49.04,49.88,989568
2021-02-04,49.93,50.34,49.46,49.87,912883
2021-02-05,50.51,50.81,48.9655,50.65,1567633
2021-02-08,50.75,52.59,49.65,52.31,1425681
2021-02-09,51.97,52.44,50.76,51.6,1153064
2021-02-10,50.06,52.63,48.2,49.65,2719691
2021-02-11,50.35,51.4,49.45,50.54,1735538
2021-02-12,50.09,50.53,48.62,49.83,1115799
2021-02-16,50.5,50.62,48.8816,50.62,839099
2021-02-17,50.09,51.37,49.58,50.23,794075
2021-02-18,50.26,50.46,49.44,49.96,997108
2021-02-19,50.12,51.42,49.8,50.9,580939
2021-02-22,50.35,51.34,49.85,50.53,688856
2021-02-23,50.15,51.88,49.2601,51.3,666237
2021-02-24,51.74,53.8,51.31,52.85,774068
2021-02-25,52.81,53.7,50.88,51.08,857547
2021-02-26,51.15,53.0,50.14,51.02,971738
2021-03-01,51.42,53.5,51.1,52.88,747265
2021-03-02,52.6,54.25,52.23,53.18,948834
2021-03-03,53.45,54.89,53.28,53.7,921626
2021-03-04,53.2,54.625,51.44,52.69,856568
2021-03-05,53.28,54.05,50.84,53.78,904473
2021-03-08,53.91,56.1,53.54,55.5,813339
2021-03-09,56.54,57.0,53.91,53.98,770448
2021-03-10,54.17,55.9,53.87,55.58,704469
2021-03-11,56.12,56.77,55.39,55.62,1477694
2021-03-12,55.68,56.515,54.39,55.29,868923
2021-03-15,55.08,57.65,54.91,57.56,1168318
2021-03-16,57.49,57.88,53.7,54.47,685663
2021-03-17,53.81,55.12,52.79,54.84,649968
2021-03-18,54.84,55.28,52.88,53.18,833405
2021-03-19,53.35,55.72,52.77,54.18,1555705
2021-03-22,54.63,55.48,53.86,54.81,820267
2021-03-23,53.07,53.84,49.57,50.49,1879384
2021-03-24,51.29,52.95,50.0,50.03,1063083
2021-03-25,49.74,53.7,49.145,53.24,1281534
2021-03-26,54.37,55.03,52.67,53.26,854920
2021-03-29,52.87,54.45,51.36,51.8,672366
2021-03-30,52.22,53.34,51.0,53.15,778426
2021-03-31,53.51,54.5,51.94,52.0,1265667
2021-04-01,52.06,52.22,50.85,51.19,934144
2021-04-05,51.65,52.36,50.67,50.77,1160186
2021-04-06,50.87,51.95,50.51,51.3,598816
2021-04-07,51.19,51.8,49.94,50.49,812775
2021-04-08,50.49,51.06,49.37,50.77,829885
2021-04-09,51.1,52.28,50.4,52.19,578483
2021-04-12,52.15,53.0,51.98,52.39,677065
2021-04-13,52.33,52.33,50.38,51.57,975529
2021-04-14,51.48,53.2622,51.48,52.23,673789
2021-04-15,53.03,53.47,52.44,53.19,706361
2021-04-16,53.64,54.88,53.46,54.42,793298
2021-04-19,54.47,54.64,51.895,52.55,1290664
2021-04-20,53.0,53.54,50.78,52.02,1155544
2021-04-21,53.0,55.88,51.02,54.53,1668959
2021-04-22,55.74,57.68,54.5405,56.18,3015970
2021-04-23,56.2,57.3199,55.01,55.7,2582568
2021-04-26,56.12,56.45,54.62,55.88,1672318
2021-04-27,55.66,57.09,55.37,56.46,1883090
2021-04-28,56.57,59.015,56.18,58.94,1159723
2021-04-29,59.13,61.24,58.9,59.59,1704686
2021-04-30,58.86,59.93,58.36,59.26,1164978
2021-05-03,60.76,63.135,60.25,62.3,1334689
2021-05-04,61.94,63.84,61.19,63.75,1017953
2021-05-05,64.38,64.5,63.47,64.13,791453
2021-05-06,64.0,65.45,63.485,65.41,940890
2021-05-07,65.55,67.26,64.59,66.84,945867
2021-05-10,67.35,67.85,64.87,64.92,1622107
2021-05-11,63.15,66.225,62.06,65.29,1339325
2021-05-12,63.94,64.69,61.77,62.03,1082933
2021-05-13,62.17,64.28,61.72,63.85,929247
2021-05-14,64.63,64.96,63.25,64.22,789625
2021-05-17,63.93,65.32,63.12,65.14,808861
2021-05-18,65.22,65.42,61.88,62.03,1252181
2021-05-19,60.83,61.74,59.74,61.67,1101748
2021-05-20,62.22,63.32,60.96,62.77,652724
2021-05-21,63.59,64.02,62.75,63.17,589590
2021-05-24,63.52,64.055,62.8,63.61,505756
2021-05-25,64.2,64.795,63.34,63.42,661063
2021-05-26,64.16,65.2,63.31,64.77,606740
2021-05-27,65.44,66.72,65.21,66.25,886860
2021-05-28,67.43,67.52,64.92,66.91,808568
2021-06-01,67.28,68.76,66.5076,68.51,936927
2021-06-02,68.9,69.26,67.1,67.3,1162601
2021-06-03,66.81,68.19,65.0,67.66,701594
2021-06-04,68.38,68.38,66.91,67.73,392416
2021-06-07,67.78,68.59,67.3213,68.09,570629
2021-06-08,68.13,68.21,66.81,67.71,526114
2021-06-09,67.85,68.35,67.0,67.69,681453
2021-06-10,68.52,68.82,66.95,68.15,647745
2021-06-11,68.42,68.92,67.7803,68.78,602958
2021-06-14,68.8,68.8,67.01,67.5,838204
2021-06-15,67.43,68.25,66.44,67.38,460137
2021-06-16,67.0,67.01,65.61,66.77,1181546
2021-06-17,67.99,70.75,67.5,68.63,1535471
2021-06-18,67.7,67.9,65.4,65.93,1685217
2021-06-21,66.56,68.79,66.03,68.58,1028101
2021-06-22,68.24,68.72,67.82,68.42,741970
2021-06-23,68.52,68.818,67.39,68.04,1089538
2021-06-24,69.01,69.51,67.9,68.89,695270
2021-06-25,68.75,70.11,68.3,69.94,1898530
2021-06-28,69.61,70.0,67.93,68.42,572573
2021-06-29,68.92,69.53,66.02,66.04,957759
2021-06-30,65.95,67.48,65.55,66.99,1008989
2021-07-01,67.475,68.9,66.49,67.92,1026465
2021-07-02,67.64,68.71,67.15,68.53,593981
2021-07-06,68.2,68.47,66.19,68.01,962349
2021-07-07,67.77,68.78,67.06,67.96,520002
2021-07-08,66.27,68.31,65.9937,67.08,718461
2021-07-09,68.61,69.31,67.79,68.92,844613
2021-07-12,68.56,70.225,67.96,69.1,927790
2021-07-13,68.66,68.97,67.12,68.24,608472
2021-07-14,68.33,69.28,66.43,66.78,727387
2021-07-15,66.17,67.92,66.06,67.33,803052
2021-07-16,67.76,68.12,66.5,66.63,647953
2021-07-19,64.91,65.88,63.49,64.66,1425579
2021-07-20,67.75,71.75,67.57,70.52,2175719
2021-07-21,71.18,73.65,70.85,72.25,1490929
2021-07-22,69.87,70.82,67.12,70.0,2487134
2021-07-23,71.42,72.2,70.7,71.63,1057888
2021-07-26,71.87,73.11,70.14,71.67,824013
2021-07-27,72.02,72.483,70.34,71.71,740636
2021-07-28,71.19,72.31,69.2,71.53,630326
2021-07-29,72.34,73.46,71.94,72.14,532114
2021-07-30,71.33,72.75,71.33,71.84,603252
2021-08-02,72.11,74.4,71.03,71.21,819492
2021-08-03,71.24,72.42,69.8,72.13,596494
2021-08-04,71.03,72.12,69.16,69.22,918161
2021-08-05,69.5,70.3,68.13,69.23,663039
2021-08-06,69.38,69.93,67.855,68.74,641087
2021-08-09,68.35,68.35,66.42,67.76,587011
2021-08-10,67.18,67.97,65.0,65.27,1745404
2021-08-11,65.41,67.61,64.1,67.52,1172336
2021-08-12,69.53,70.12,67.895,70.0,955359
2021-08-13,69.73,70.09,68.31,70.01,712438
2021-08-16,70.01,71.9,69.66,71.09,625259
2021-08-17,69.65,70.79,69.22,70.34,740471
2021-08-18,70.23,71.39,69.6,69.77,503642
2021-08-19,68.38,69.46,68.26,69.43,654582
2021-08-20,69.75,73.09,69.64,72.63,801876
2021-08-23,73.4,73.92,72.22,72.99,905357
2021-08-24,73.45,74.22,72.62,72.68,996952
2021-08-25,72.68,74.665,71.98,73.67,750842
2021-08-26,73.28,74.3,72.5701,73.56,452292
2021-08-27,73.93,75.6,73.83,74.99,739062
2021-08-30,75.25,76.155,74.47,75.46,444710
2021-08-31,75.26,76.15,74.63,75.35,657063
2021-09-01,75.67,75.67,73.67,74.99,545169
2021-09-02,75.43,76.07,74.81,75.98,382191
2021-09-03,75.26,76.07,75.03,75.89,358259
2021-09-07,75.66,75.91,74.25,74.88,454549
2021-09-08,74.45,75.53,73.95,75.19,400659
2021-09-09,75.11,75.95,74.2,74.21,544862
2021-09-10,74.38,74.46,72.45,72.71,520839
2021-09-13,73.64,73.865,72.4277,73.67,327836
2021-09-14,74.4,74.4,71.44,71.75,510825
2021-09-15,71.5,73.45,70.86,73.14,557319
2021-09-16,73.35,74.05,71.5,73.31,509684
2021-09-17,73.64,73.91,71.99,72.9,1682763
2021-09-20,70.86,72.22,70.25,71.82,744555
2021-09-21,72.7,73.77,71.96,72.58,542091
2021-09-22,72.94,74.35,72.2,73.23,644795
2021-09-23,74.11,74.4,72.66,72.67,630866
2021-09-24,71.53,72.33,70.77,71.39,604436
2021-09-27,70.95,71.74,68.775,69.59,1167015
2021-09-28,69.1,69.51,66.405,67.08,1343811
2021-09-29,67.64,69.25,67.01,68.64,629434
2021-09-30,69.03,69.03,65.9,66.44,1048148
2021-10-01,66.89,69.5,66.62,68.82,623816
2021-10-04,69.25,70.51,66.15,67.1,810249
2021-10-05,67.78,68.5,66.11,66.22,937206
2021-10-06,65.21,65.4,62.74,63.28,1209726
2021-10-07,63.6,64.62,62.92,63.53,864599
2021-10-08,63.23,63.79,61.7598,61.86,780326
2021-10-11,61.77,63.56,61.77,62.0,717118
2021-10-12,62.29,62.67,61.63,62.14,553362
2021-10-13,61.84,61.84,60.49,61.02,669940
2021-10-14,61.7,63.09,61.51,62.44,562690
2021-10-15,63.52,64.66,63.1,63.56,866396
2021-10-18,63.12,63.4,61.71,62.97,715350
2021-10-19,63.51,66.6,63.51,64.45,1237147
2021-10-20,64.7,66.73,64.46,65.65,1271823
2021-10-21,71.37,71.57,64.76,70.45,3086972
2021-10-22,69.96,72.545,68.89,70.63,1759828
2021-10-25,70.88,71.23,68.37,68.74,872343
2021-10-26,68.59,68.73,66.88,68.32,855768
2021-10-27,68.07,71.68,67.54,70.16,1084733
2021-10-28,70.86,72.15,70.09,71.77,818000
2021-10-29,71.5,72.8,71.23,71.66,652612
2021-11-01,71.6,72.18,70.92,71.49,535069
2021-11-02,72.01,72.11,69.19,69.64,435078
2021-11-03,69.4,73.72,69.12,73.68,891333
2021-11-04,73.86,74.7,71.77,72.72,470937
2021-11-05,73.87,76.49,73.485,75.42,1151235
2021-11-08,75.68,75.94,74.2,75.2,535589
2021-11-09,79.77,83.6899,78.05,79.53,1772452
2021-11-10,79.13,81.4,79.13,79.93,832634
2021-11-11,79.75,80.295,79.02,79.34,836985
2021-11-12,79.96,79.9799,78.08,79.13,760259
2021-11-15,79.81,80.975,78.84,80.23,824266
2021-11-16,79.75,80.77,79.49,79.7,792376
2021-11-17,79.43,80.19,78.42,78.78,491884
2021-11-18,78.28,79.41,78.28,78.66,544702
2021-11-19,78.1,79.11,76.4,77.45,701035
2021-11-22,77.91,80.66,77.76,78.54,715230
2021-11-23,78.15,79.57,77.63,79.4,679708
2021-11-24,79.12,79.95,77.95,78.19,422170
2021-11-26,75.56,76.63,72.6945,75.67,772163
2021-11-29,77.0,78.18,74.44,74.46,842205
2021-11-30,73.62,74.48,72.49,72.87,993608
2021-12-01,74.54,74.8,70.21,70.52,854586
2021-12-02,70.79,74.67,70.04,74.02,979390
2021-12-03,74.23,74.415,70.28,71.05,949189
2021-12-06,72.26,72.86,70.43,72.63,837525
2021-12-07,73.8,76.7975,73.315,75.36,922029
2021-12-08,75.13,76.28,75.0793,75.9,639227
2021-12-09,75.32,75.75,74.6,74.63,510160
2021-12-10,74.77,76.0,73.79,75.84,850546
2021-12-13,76.03,77.29,74.97,76.37,835073
2021-12-14,75.55,77.42,75.2801,76.26,579128
2021-12-15,75.94,78.7699,75.51,78.19,818273
2021-12-16,78.77,79.0325,74.43,74.55,830999
2021-12-17,74.14,75.41,72.57,74.52,2393590
2021-12-20,72.85,73.405,69.46,72.89,1127711
2021-12-21,73.84,76.53,73.74,76.21,663927
2021-12-22,75.83,78.99,75.48,78.2,639252
2021-12-23,78.57,79.98,78.4,79.26,782946
2021-12-27,79.6,80.09,78.9,80.02,443017
2021-12-28,80.01,81.96,79.95,80.14,421971
2021-12-29,80.38,81.84,79.91,80.43,448789
2021-12-30,80.4,82.88,80.4,81.91,658669
2021-12-31,81.78,82.86,81.53,81.69,788774
2022-01-03,81.7,81.875,79.23,79.95,765080
2022-01-04,79.95,81.765,79.54,80.65,952602
2022-01-05,80.76,81.88,77.88,77.97,866375
2022-01-06,78.87,78.89,76.61,77.66,818840
2022-01-07,77.18,77.6308,74.88,74.88,812745
2022-01-10,74.78,75.46,72.49,74.55,718100
2022-01-11,73.3,77.66,71.3,77.55,1708827
2022-01-12,78.0,79.27,75.92,76.82,978402
2022-01-13,77.28,79.355,75.87,78.63,1797539
2022-01-14,78.52,81.17,78.02,81.04,1247863
2022-01-18,79.58,81.46,77.77,77.9,1403033
2022-01-19,77.91,79.95,76.33,77.17,728613
2022-01-20,82.31,82.39,78.05,78.42,1483301
2022-01-21,78.38,79.02,75.25,75.97,1321202
2022-01-24,74.39,78.75,72.18,78.21,1484463
2022-01-25,76.5,76.69,72.38,74.6,1632607
2022-01-26,75.67,78.075,74.53,75.85,1017166
2022-01-27,73.5,75.08,72.53,73.18,1056241
2022-01-28,72.75,73.045,70.03,72.67,1288626
2022-01-31,72.02,74.18,71.8501,74.12,1499156
2022-02-01,74.3,75.12,72.6,74.64,944550
2022-02-02,74.34,76.95,73.37,76.43,899917
2022-02-03,75.35,76.93,74.22,75.2,622060
2022-02-04,74.04,74.76,70.82,72.84,998546
2022-02-07,72.91,72.91,69.54,70.0,1839339
2022-02-08,69.875,74.82,67.57,74.07,3603454
2022-02-09,77.33,82.97,76.94,82.22,2896241
2022-02-10,82.38,88.19,81.14,84.99,3272299
2022-02-11,85.06,86.51,80.985,81.68,1332834
2022-02-14,82.11,83.93,80.89,81.03,874178
2022-02-15,82.17,84.03,81.77,83.94,964394
2022-02-16,83.62,88.03,82.92,87.4,1151711
2022-02-17,86.5,86.76,84.04,84.1,697109
2022-02-18,83.79,84.69,80.46,80.51,1251581
2022-02-22,79.99,81.755,78.6,79.65,1112702
2022-02-23,80.63,81.35,78.64,79.12,1035132
2022-02-24,76.0,81.4,76.0,81.2,1032460
2022-02-25,81.36,85.95,81.36,85.71,995246
2022-02-28,83.03,86.31,83.03,85.99,1160572
2022-03-01,85.77,89.9,85.77,88.11,2272239
2022-03-02,88.0,90.97,87.95,89.89,1230118
2022-03-03,90.89,91.89,88.9,91.2,1323491
2022-03-04,89.24,91.23,87.5865,91.13,1311295
2022-03-07,90.71,90.71,85.94,87.13,1333255
2022-03-08,87.23,89.195,85.28,86.47,1058330
2022-03-09,88.93,91.76,88.25,89.62,1221947
2022-03-10,87.87,90.65,87.12,89.76,668427
2022-03-11,88.72,91.19,88.59,89.04,800304
2022-03-14,89.25,89.82,85.36,86.27,1337760
2022-03-15,86.8,88.1,85.78,87.49,1326171
2022-03-16,88.38,89.99,84.79,87.65,1374080
2022-03-17,87.43,89.155,86.637,88.83,1026404
2022-03-18,88.55,89.04,87.02,87.68,1583354
2022-03-21,87.52,89.13,86.46,87.53,741434
2022-03-22,87.54,88.57,86.4,87.66,1210567
2022-03-23,87.11,87.61,85.47,87.02,547053
2022-03-24,87.35,88.96,86.325,88.78,644207
2022-03-25,88.8,89.49,86.79,89.44,657906
2022-03-28,89.24,90.88,88.15,90.54,903357
2022-03-29,92.12,92.65,90.01,90.73,1015651
2022-03-30,90.31,90.31,85.85,86.99,1393693
2022-03-31,86.5,87.84,85.03,85.96,889840
2022-04-01,86.71,87.19,85.74,86.75,1210759
2022-04-04,86.63,86.68,82.0,82.67,1738081
2022-04-05,82.56,82.76,79.37,80.02,1558591
2022-04-06,79.31,81.34,77.81,80.94,1396021
2022-04-07,81.5,83.275,81.36,82.44,1043347
2022-04-08,82.08,85.34,81.225,84.13,1399024
2022-04-11,84.0,84.91,82.77,83.11,861919
2022-04-12,83.99,85.83,83.26,84.76,1590457
2022-04-13,85.64,86.598,83.56,83.96,720902
2022-04-14,84.35,86.25,84.12,85.0,750796
2022-04-18,84.09,84.98,83.4,84.15,751884
2022-04-19,84.37,86.84,83.62,84.33,1279186
2022-04-20,84.89,89.72,84.6107,89.01,2361056
2022-04-21,88.08,91.83,83.81,86.67,2472143
2022-04-22,82.67,83.02,72.76,73.11,5714051
2022-04-25,72.26,77.51,71.87,76.66,2821314
2022-04-26,73.47,75.59,73.0,74.35,1916017
2022-04-27,74.04,75.265,72.6601,73.72,1415439
2022-04-28,73.48,74.375,71.62,74.2,1538454
2022-04-29,73.39,74.49,72.14,72.51,1196687
2022-05-02,72.51,73.48,70.2,71.75,1469452
2022-05-03,71.45,73.525,71.2,72.89,806364
2022-05-04,73.39,75.69,71.82,75.49,1052632
2022-05-05,74.93,76.37,72.65,74.48,1229982
2022-05-06,74.52,76.09,73.47,75.0,1074217
2022-05-09,74.17,74.48,70.3,70.95,2096488
2022-05-10,71.9,74.79,70.83,73.53,2257163
2022-05-11,72.95,75.81,69.49,69.79,2092293
2022-05-12,69.08,71.88,69.03,70.84,1462441
2022-05-13,71.53,73.405,71.53,72.29,996674
2022-05-16,71.78,71.89,70.235,70.98,1352043
2022-05-17,72.12,73.77,71.3,73.76,1364300
2022-05-18,71.43,73.03,66.14,66.73,2995179
2022-05-19,65.67,67.0,63.53,63.83,2080003
2022-05-20,64.5,65.14,61.98,64.49,1822644
2022-05-23,65.29,65.98,62.23,64.59,1360297
2022-05-24,64.1,64.55,61.26,62.22,1500343
2022-05-25,62.49,64.26,62.14,62.73,1637104
2022-05-26,62.98,66.05,62.41,65.52,1431513
2022-05-27,66.29,67.54,65.48,66.37,1048124
2022-05-31,65.39,66.52,64.6,64.71,930724
2022-06-01,65.58,65.58,62.595,63.11,814494
2022-06-02,63.47,67.45,62.54,66.85,1312354
2022-06-03,66.59,69.06,66.3,67.35,1321684
2022-06-06,66.81,67.9,65.025,66.49,1319270
2022-06-07,65.67,67.95,65.18,67.88,937071
2022-06-08,67.16,67.525,66.07,66.87,1182891
2022-06-09,66.21,66.7,64.48,64.52,1011499
2022-06-10,63.04,64.31,61.94,63.1,1261601
2022-06-13,60.57,61.4,58.08,58.3,1239728
2022-06-14,58.11,58.4099,53.16,53.4,3810651
2022-06-15,53.74,55.67,52.92,54.26,1734117
2022-06-16,52.59,53.01,50.37,52.31,1865074
2022-06-17,52.96,54.35,52.55,52.95,1826116
2022-06-21,53.91,54.28,51.375,52.15,1514786
2022-06-22,51.54,54.55,51.49,54.28,1750161
2022-06-23,54.56,55.9,53.85,55.75,2792417
2022-06-24,56.39,58.24,55.7,58.24,14737259
2022-06-27,59.12,59.1933,56.12,56.87,1242840
2022-06-28,57.44,57.98,55.29,55.5,1595937
2022-06-29,55.53,56.85,54.28,56.58,1125210
2022-06-30,54.32,54.61,51.81,52.56,2880034
2022-07-01,51.93,55.01,51.9,55.0,1481469
2022-07-05,54.12,54.2454,52.03,53.66,1201644
2022-07-06,52.24,53.42,50.535,50.62,2373021
2022-07-07,52.22,55.5,52.22,55.22,2124928
2022-07-08,55.29,56.31,54.88,55.14,1133400
2022-07-11,55.03,55.38,53.93,54.0,1061432
2022-07-12,53.11,55.4,53.11,53.76,792478
2022-07-13,53.09,54.425,52.8,53.86,712610
2022-07-14,52.95,53.8,52.38,53.43,1012990
2022-07-15,54.17,56.48,53.63,55.55,1191662
2022-07-18,56.11,56.65,55.0701,55.26,799212
2022-07-19,56.53,59.2,55.83,58.32,1254560
2022-07-20,58.24,58.66,57.23,58.54,1496043
2022-07-21,58.52,59.6,57.94,59.54,2194026
2022-07-22,67.58,68.145,63.0001,63.12,4056057
2022-07-25,63.19,65.14,61.8,62.74,1634300
2022-07-26,63.13,64.67,62.75,63.17,1164927
2022-07-27,63.34,64.0,62.63,63.46,1056537
2022-07-28,63.27,65.94,63.12,65.47,1084802
2022-07-29,65.17,66.41,64.35,66.12,976618
2022-08-01,65.41,66.42,65.04,65.64,970457
2022-08-02,66.04,66.36,64.9,64.92,762368
2022-08-03,65.19,66.445,64.37,65.94,677898
2022-08-04,65.67,66.1399,63.93,64.07,846734
2022-08-05,63.14,64.87,62.87,64.37,723995
2022-08-08,64.97,65.3,63.815,64.17,842256
2022-08-09,64.25,64.58,62.81,63.2,658558
2022-08-10,64.23,65.82,63.98,65.64,771746
2022-08-11,65.82,66.9,65.06,65.21,1020767
2022-08-12,65.32,67.01,65.07,66.98,829261
2022-08-15,66.36,67.22,65.8985,66.61,751171
2022-08-16,66.61,66.61,64.17,64.46,1337538
2022-08-17,63.39,64.26,62.57,63.4,1311905
2022-08-18,63.62,64.145,62.95,63.74,871671
2022-08-19,63.74,64.1,63.07,63.16,1000746
2022-08-22,61.99,62.505,61.75,61.94,765704
2022-08-23,62.45,63.39,61.39,61.39,1029889
2022-08-24,62.11,62.31,61.245,62.13,1318760
2022-08-25,62.0,63.67,61.92,63.3,871126
2022-08-26,63.26,63.36,60.01,60.07,876659
2022-08-29,59.36,60.33,58.85,59.5,720112
2022-08-30,59.67,59.84,57.62,58.02,1048282
2022-08-31,58.28,58.36,56.32,56.5,1593501
2022-09-01,55.88,56.48,54.46,56.37,1919846
2022-09-02,57.19,57.35,55.605,55.8,851482
2022-09-06,55.98,56.24,55.02,55.12,893245
2022-09-07,54.77,60.37,54.57,60.02,2413988
2022-09-08,59.54,60.73,59.18,60.64,635673
2022-09-09,61.16,62.085,60.62,61.97,2040537
2022-09-12,62.79,63.86,62.31,63.81,1094830
2022-09-13,61.88,62.12,59.94,60.07,1526925
2022-09-14,60.44,60.76,58.06,59.28,1513516
2022-09-15,58.98,61.155,58.98,59.78,1253949
2022-09-16,59.18,59.49,58.13,59.04,2286553
2022-09-19,58.06,59.365,58.02,59.21,601189
2022-09-20,58.67,58.67,56.5,56.85,866565
2022-09-21,57.32,58.01,55.68,55.75,749342
2022-09-22,55.39,55.39,52.98,53.62,1362134
2022-09-23,52.56,53.2,51.4,52.89,1329771
2022-09-26,52.51,53.28,50.27,50.67,986309
2022-09-27,51.52,51.78,49.45,49.62,1217302
2022-09-28,50.1,53.46,49.73,52.88,958864
2022-09-29,52.19,53.21,50.83,53.05,1173899
2022-09-30,53.47,54.06,51.44,51.58,1056476
2022-10-03,52.38,54.329,51.12,53.65,1111983
2022-10-04,54.66,57.99,54.66,56.8,1514951
2022-10-05,55.66,56.62,54.6701,56.61,829710
2022-10-06,55.94,56.53,54.79,55.24,832995
2022-10-07,54.42,54.5,53.15,53.78,874061
2022-10-10,53.83,54.61,52.59,53.04,616967
2022-10-11,52.77,54.91,52.27,53.2,1033028
2022-10-12,53.3,53.82,52.16,53.33,1468575
2022-10-13,52.01,54.47,49.81,54.07,1738802
2022-10-14,54.57,55.05,51.97,52.06,941012
2022-10-17,53.33,54.91,53.25,54.74,1772642
2022-10-18,56.71,58.04,55.01,55.44,1060647
2022-10-19,54.93,56.035,54.2,54.46,1146406
2022-10-20,54.1,55.65,53.68,54.32,1952363
2022-10-21,40.36,41.0,36.693,37.5,15433425
2022-10-24,37.33,40.4438,37.33,39.01,6395968
2022-10-25,39.15,42.18,39.15,41.41,4123008
2022-10-26,41.77,44.78,41.77,42.53,3995921
2022-10-27,43.71,44.89,42.4075,42.52,3112562
2022-10-28,42.2,45.22,41.83,44.83,3087068
2022-10-31,44.52,45.16,43.72,44.36,1520385
2022-11-01,44.95,46.41,44.39,45.65,2190005
2022-11-02,45.04,45.05,41.56,41.56,3455943
2022-11-03,40.84,42.01,40.12,40.96,2505967
2022-11-04,41.08,41.82,39.21,41.74,3236937
2022-11-07,42.04,42.445,39.31,41.06,2103713
2022-11-08,40.86,41.66,39.55,40.48,1915180
2022-11-09,39.92,40.02,37.96,38.3,2983843
2022-11-10,40.15,42.63,40.1007,42.38,2238812
2022-11-11,42.5,44.07,42.43,43.77,1626079
2022-11-14,43.48,43.82,41.835,41.87,1572174
2022-11-15,42.33,44.545,42.31,43.97,2077538
2022-11-16,43.5,44.04,42.21,42.6,1073674
2022-11-17,41.81,43.62,40.39,42.37,2240287
2022-11-18,43.2,45.48,43.02,45.11,2325355
2022-11-21,44.54,44.9799,42.76,43.05,1634895
2022-11-22,43.55,44.79,43.0201,44.47,1686478
2022-11-23,44.46,45.11,44.31,45.01,1146543
2022-11-25,45.38,46.24,45.11,46.05,590189
2022-11-28,45.5,45.585,43.91,44.46,991649
2022-11-29,44.47,45.22,44.13,44.52,3078363
2022-11-30,44.78,46.23,43.85,46.18,1425508
2022-12-01,46.78,47.55,44.92,45.35,1045126
2022-12-02,44.58,45.655,44.11,45.28,725588
2022-12-05,44.86,45.0,44.01,44.6,776591
2022-12-06,44.14,44.63,42.99,43.76,1353762
2022-12-07,43.79,45.36,43.38,44.21,1395898
2022-12-08,44.18,45.33,43.63,44.12,1085295
2022-12-09,43.83,44.64,43.51,43.75,664403
2022-12-12,43.75,44.47,43.1,44.22,1252711
2022-12-13,46.41,47.45,44.665,45.98,1775245
2022-12-14,46.01,46.8355,45.07,45.87,978337
2022-12-15,44.78,45.46,44.41,44.5,1031762
2022-12-16,43.66,44.805,43.29,44.3,3494180
2022-12-19,44.17,44.66,43.45,43.62,1200197
2022-12-20,43.54,44.1977,43.1,43.26,1120958
2022-12-21,43.88,46.21,43.87,46.15,2886026
2022-12-22,45.54,46.79,45.25,46.77,2003636
2022-12-23,46.7,47.08,46.05,46.64,1030882
2022-12-27,46.75,47.54,46.53,47.42,1872555
2022-12-28,47.51,48.22,46.53,46.76,1407186
2022-12-29,46.93,48.75,46.75,47.98,1177437
2022-12-30,47.52,48.79,47.05,48.79,1429314
2023-01-03,49.26,49.7,48.19,48.98,2280295
2023-01-04,49.41,51.11,49.19,51.05,2357334
2023-01-05,50.45,51.69,50.04,51.43,1509416
2023-01-06,51.95,52.45,51.515,52.06,1243468
2023-01-09,52.5,52.665,51.7,51.84,1118848
2023-01-10,51.47,52.36,51.47,52.35,840454
2023-01-11,52.64,52.73,50.69,51.16,1477786
2023-01-12,51.64,51.73,50.51,51.15,1055621
2023-01-13,50.64,51.92,50.125,51.73,954649
2023-01-17,51.42,53.535,51.42,53.05,1908541
2023-01-18,53.34,55.11,53.2,53.42,1474609
2023-01-19,52.24,52.51,49.95,51.76,2498433
2023-01-20,52.03,52.28,50.91,51.54,1976338
2023-01-23,51.68,52.2,50.55,51.5,1379674
2023-01-24,51.4,51.72,50.171,50.25,956699
2023-01-25,49.96,50.78,49.61,50.56,1139346
2023-01-26,50.83,51.68,49.97,51.66,1333738
2023-01-27,50.09,53.1,49.95,52.79,2311143
2023-01-30,52.5,53.035,51.69,52.75,1316826
2023-01-31,53.51,54.99,53.03,54.85,1998458
2023-02-01,54.39,57.37,54.39,56.76,2253164
2023-02-02,57.12,58.125,56.82,57.86,1587413
2023-02-03,57.4,58.15,56.71,56.95,1029092
2023-02-06,56.46,57.0,54.87,55.11,1834185
2023-02-07,54.7,55.41,53.25,54.54,1924256
2023-02-08,54.22,54.86,53.62,54.37,2324179
2023-02-09,56.33,57.145,54.64,56.5,4364378
2023-02-10,56.58,59.79,56.5,58.65,2458918
2023-02-13,58.49,60.37,58.13,60.07,1607848
2023-02-14,60.14,62.449,59.95,61.85,2495862
2023-02-15,61.03,62.29,60.81,61.71,1852868
2023-02-16,61.06,62.45,60.94,61.33,1299113
2023-02-17,61.21,61.8,60.82,61.36,1280294
2023-02-21,61.13,61.225,59.42,59.69,975885
2023-02-22,59.94,60.54,58.92,59.39,1441193
2023-02-23,59.71,60.67,59.23,60.62,1335009
2023-02-24,59.31,59.66,58.045,59.29,1224487
2023-02-27,59.93,60.16,58.34,58.55,1304026
2023-02-28,57.54,58.75,57.3,58.53,1345007
2023-03-01,58.12,59.64,57.2,59.55,2429086
2023-03-02,59.04,59.325,57.73,58.78,1115322
2023-03-03,59.64,61.6,59.36,61.2,1418043
2023-03-06,60.98,61.27,59.5,59.82,1246811
2023-03-07,59.8,60.33,56.93,57.12,1753165
2023-03-08,56.81,58.17,56.45,57.6,942113
2023-03-09,57.93,58.15,54.77,54.93,1508648
2023-03-10,54.57,54.57,51.83,52.58,1719666
2023-03-13,51.35,52.25,49.76,51.51,1765848
2023-03-14,52.56,55.27,52.56,54.04,2078247
2023-03-15,52.63,54.53,51.79,54.23,2308130
2023-03-16,53.24,57.64,53.01,56.88,2331102
2023-03-17,56.42,56.42,54.85,55.06,2064389
2023-03-20,55.41,57.45,55.21,56.72,1319268
2023-03-21,57.92,58.86,56.86,57.98,1263716
2023-03-22,57.8,58.64,56.33,56.36,1020476
2023-03-23,56.45,56.82,54.03,55.16,1104069
2023-03-24,54.06,54.86,53.12,54.49,994151
2023-03-27,55.58,55.9199,54.565,55.17,1462165
2023-03-28,55.05,56.1,54.68,54.96,1574164
2023-03-29,55.76,56.155,55.11,56.06,1068021
2023-03-30,57.17,58.14,56.98,57.6,1536503
2023-03-31,57.97,59.47,57.97,59.42,1524487
2023-04-03,59.36,60.17,58.08,58.44,1808183
2023-04-04,58.93,59.005,57.99,58.5,969618
2023-04-05,58.1,60.9,57.9,60.84,2237264
2023-04-06,60.9,61.38,59.87,61.01,1508437
2023-04-10,60.64,61.82,60.605,60.87,1083421
2023-04-11,60.95,62.4275,60.95,62.16,1065749
2023-04-12,62.98,63.35,61.86,62.82,1260619
2023-04-13,63.93,64.475,63.2416,64.08,890763
2023-04-14,64.15,64.84,63.905,64.77,1431873
2023-04-17,64.72,65.35,64.385,65.23,1273159
2023-04-18,65.2,67.33,65.11,66.34,1384835
2023-04-19,66.88,67.28,66.27,67.22,1761319
2023-04-20,66.73,67.115,65.76,66.06,1330778
2023-04-21,69.33,70.93,68.18,68.89,2660972
2023-04-24,68.81,69.54,68.3,69.0,2110789
2023-04-25,72.01,73.32,70.5149,70.84,4363358
2023-04-26,72.0,72.08,70.18,71.66,1777535
2023-04-27,72.23,72.56,71.01,71.92,1187800
2023-04-28,71.76,73.52,71.66,73.32,2070766
2023-05-01,73.18,73.75,72.14,72.28,937364
2023-05-02,71.54,72.49,69.675,69.89,1780737
2023-05-03,69.92,70.27,68.59,68.7,1395790
2023-05-04,68.29,68.95,66.85,68.46,1774555
2023-05-05,69.56,70.29,69.07,69.35,1028368
2023-05-08,69.05,70.39,68.942,69.7,816257
2023-05-09,69.52,71.335,67.98,70.2,2163281
2023-05-10,71.2,72.84,71.03,71.54,1465807
2023-05-11,71.03,71.34,69.91,70.1,907719
2023-05-12,70.32,70.72,69.105,69.59,1304953
2023-05-15,69.73,71.19,69.58,71.09,1047587
2023-05-16,71.22,72.4075,70.68,71.5,1384925
2023-05-17,72.16,72.64,71.05,72.24,1153683
2023-05-18,72.77,73.6525,72.11,73.17,1267861
2023-05-19,73.84,74.1,72.59,72.88,768625
2023-05-22,73.25,73.95,72.082,72.69,898942
2023-05-23,72.05,72.26,69.24,69.45,1149360
2023-05-24,68.41,69.12,67.7741,68.9,1310365
2023-05-25,68.99,70.035,68.5,69.29,1335345
2023-05-26,69.18,70.4,69.18,70.29,766263
2023-05-30,70.16,72.02,69.56,70.38,912891
2023-05-31,69.74,71.49,68.6,71.2,1185724
2023-06-01,71.0,72.58,70.75,72.55,961159
2023-06-02,73.33,75.52,73.33,74.58,1127964
2023-06-05,73.53,74.67,73.51,73.92,947100
2023-06-06,73.92,75.07,73.465,75.05,993376
2023-06-07,75.42,75.84,74.41,74.64,1497515
2023-06-08,74.64,75.43,73.64,74.98,951355
2023-06-09,74.55,74.78,72.74,72.81,919159
2023-06-12,72.99,73.45,72.05,73.35,1398968
2023-06-13,73.73,76.1,73.73,75.57,2027423
2023-06-14,82.71,85.4,76.81,77.48,4194340
2023-06-15,77.02,79.06,76.8,78.19,1434003
2023-06-16,78.79,80.17,77.38,78.43,2931219
2023-06-20,78.77,79.48,77.51,78.4,994076
2023-06-21,77.89,79.175,77.4,78.95,1061140
2023-06-22,78.83,79.57,78.13,79.22,791294
2023-06-23,78.04,79.53,77.8553,78.2,1305695
2023-06-26,78.28,79.51,78.195,78.62,647515
2023-06-27,78.4,79.65,78.01,79.34,1279829
2023-06-28,79.21,80.0,78.66,79.75,977899
2023-06-29,79.99,81.75,79.69,81.64,1416293
2023-06-30,82.54,82.54,81.33,81.38,1010924
2023-07-03,80.83,81.49,80.12,81.35,666090
2023-07-05,81.3,81.7193,80.27,80.51,1006571
2023-07-06,80.54,80.54,78.96,79.96,1072225
2023-07-07,79.71,81.09,79.71,80.06,1029227
2023-07-10,79.95,82.92,79.74,82.86,1067082
2023-07-11,83.44,83.77,82.0,82.4,1004653
2023-07-12,83.49,84.13,82.43,83.45,1147239
2023-07-13,83.49,83.94,82.27,82.73,842349
2023-07-14,82.84,83.68,81.3,81.9,951591
2023-07-17,81.72,81.72,80.06,80.65,801616
2023-07-18,80.64,81.14,79.93,80.45,873922
2023-07-19,80.61,81.54,77.78,80.37,1148628
2023-07-20,80.44,81.09,77.08,78.92,1688564
2023-07-21,79.37,79.9,76.5,76.77,1562466
2023-07-24,76.42,78.24,75.81,76.89,1131841
2023-07-25,76.34,78.115,76.1,77.2,1295059
2023-07-26,76.92,78.07,75.835,76.75,1524867
2023-07-27,75.98,75.98,73.07,73.28,2004794
2023-07-28,74.03,74.47,73.03,74.36,1480050
2023-07-31,75.2,75.2,73.39,74.73,1609298
2023-08-01,76.6,79.86,73.975,76.78,3554000
2023-08-02,76.0,76.9817,73.775,74.1,1702917
2023-08-03,73.87,75.5,73.75,74.35,1285172
2023-08-04,74.43,75.03,73.43,74.48,1211906
2023-08-07,75.06,76.06,74.4475,75.7,847731
2023-08-08,74.85,74.93,72.64,73.19,1444997
2023-08-09,73.53,74.6594,72.98,73.18,1569799
2023-08-10,73.28,74.82,72.92,73.87,1177633
2023-08-11,73.51,74.43,73.32,73.84,838382
2023-08-14,73.62,74.06,72.54,73.21,1896355
2023-08-15,73.18,73.755,72.1701,72.92,993499
2023-08-16,72.75,73.99,71.46,71.91,1149829
2023-08-17,71.75,72.3,70.49,71.24,1632220
2023-08-18,70.54,71.185,69.86,70.68,1086249
2023-08-21,70.97,71.91,70.6401,71.63,513923
2023-08-22,71.96,73.3725,71.96,72.68,825399
2023-08-23,73.11,75.14,72.82,75.1,1180492
2023-08-24,75.32,75.93,73.86,73.87,646627
2023-08-25,73.98,74.79,73.03,74.23,582336
2023-08-28,74.63,76.5,74.52,76.39,838105
2023-08-29,76.47,79.09,76.24,78.54,1194488
2023-08-30,78.66,78.95,78.07,78.41,792398
2023-08-31,78.47,78.59,77.17,77.56,758954
2023-09-01,77.93,79.17,77.63,78.7,843297
2023-09-05,78.31,78.71,76.44,76.64,922690
2023-09-06,76.33,77.67,76.11,77.24,669192
2023-09-07,76.94,77.22,72.86,73.38,1777324
2023-09-08,73.3,75.655,73.3,74.73,1289639
2023-09-11,75.12,75.4,73.26,73.39,823391
2023-09-12,73.15,73.735,70.62,70.66,1910321
2023-09-13,70.51,71.43,70.2,70.98,1102849
2023-09-14,72.05,72.1629,70.9,71.33,1227753
2023-09-15,70.68,70.91,68.96,69.78,1801653
2023-09-18,69.71,70.53,69.25,70.02,812788
2023-09-19,69.8,70.2,69.37,69.99,825458
2023-09-20,70.49,70.92,69.5,69.59,663614
2023-09-21,68.8,68.93,67.3,67.33,1202273
2023-09-22,67.6,68.53,67.37,67.73,910037
2023-09-25,67.4,69.83,67.19,69.26,759204
2023-09-26,68.8,68.8,66.36,66.39,1211642
2023-09-27,67.02,67.37,64.955,66.15,1443347
2023-09-28,66.01,68.06,66.01,67.34,836236
2023-09-29,67.73,67.73,65.29,65.89,1071144
2023-10-02,65.84,66.33,65.06,66.17,1151994
2023-10-03,65.74,65.9114,62.24,63.21,1837286
2023-10-04,63.18,63.275,59.94,61.24,3289405
2023-10-05,61.21,61.6,57.78,60.71,3958539
2023-10-06,60.14,61.99,58.52,61.66,1898056
2023-10-09,61.73,62.635,59.765,61.35,1663216
2023-10-10,61.35,62.57,61.06,61.98,1343054
2023-10-11,61.23,62.45,57.37,57.7,2153637
2023-10-12,57.68,57.81,52.17,52.84,5217068
2023-10-13,53.22,55.325,53.15,54.09,2275678
2023-10-16,54.42,54.7,53.72,54.13,1173511
2023-10-17,53.49,57.32,53.49,56.49,2463200
2023-10-18,55.71,57.25,55.4099,55.73,1299831
2023-10-19,55.73,57.78,55.36,56.43,1310456
2023-10-20,57.05,57.05,54.47,54.57,1139282
2023-10-23,54.24,55.59,54.0,54.66,1259671
2023-10-24,53.0,56.77,52.1,56.05,2415544
2023-10-25,55.55,55.59,53.84,53.9,1417119
2023-10-26,53.81,54.51,53.16,53.41,1327270
2023-10-27,53.84,54.275,52.8,53.12,1736886
2023-10-30,53.74,54.05,52.44,53.25,1869749
2023-10-31,52.57,55.0,51.04,53.7,3237952
2023-11-01,53.32,53.77,51.83,53.09,1905285
2023-11-02,53.93,54.85,53.0,53.96,2342254
2023-11-03,55.0,55.38,53.51,54.92,2141947
2023-11-06,55.2,55.375,53.95,54.61,1062254
2023-11-07,54.51,55.72,54.14,55.6,1025067
2023-11-08,55.98,56.22,54.47,54.62,1625283
2023-11-09,54.74,54.85,52.42,52.66,1275851
2023-11-10,52.76,54.06,52.08,53.79,1494912
2023-11-13,54.62,55.8,53.63,54.87,1685715
2023-11-14,57.12,58.7,56.91,58.46,1677138
2023-11-15,58.32,60.185,58.32,58.65,1691883
2023-11-16,58.39,58.8026,57.65,58.14,876549
2023-11-17,63.16,66.24,62.67,63.74,4096680
2023-11-20,62.83,67.51,62.7,64.95,2276394
2023-11-21,64.78,67.57,64.65,66.18,2016242
2023-11-22,66.85,68.41,66.6337,67.73,1721003
2023-11-24,67.51,68.13,67.09,68.0,417262
2023-11-27,67.21,67.98,66.39,66.6,1638085
2023-11-28,66.4,67.25,65.9,66.46,1094479
2023-11-29,67.06,69.0,67.06,67.37,1460230
2023-11-30,67.16,69.255,66.645,69.01,2167657
2023-12-01,68.92,72.3,68.19,71.01,2405675
2023-12-04,70.75,72.67,70.46,72.31,1756553
2023-12-05,71.68,72.06,70.095,70.18,785476
2023-12-06,70.54,71.645,69.18,69.46,754134
2023-12-07,69.79,69.85,67.784,68.94,1051644
2023-12-08,68.92,71.72,68.84,71.55,1717047
2023-12-11,71.49,72.23,70.76,71.87,1036588
2023-12-12,72.1,72.4,70.92,71.26,733083
2023-12-13,71.13,74.61,71.08,74.25,861434
2023-12-14,75.83,78.545,75.79,77.01,2011215
2023-12-15,76.64,77.04,75.3,75.36,1989429
2023-12-18,75.95,76.68,74.82,74.98,667809
2023-12-19,75.08,76.44,75.08,75.56,646831
2023-12-20,75.5,75.91,73.54,73.62,617453
2023-12-21,74.52,76.16,74.52,75.88,774625
2023-12-22,76.1,76.28,75.25,75.75,383965
2023-12-26,76.06,77.31,75.92,76.82,329643
2023-12-27,77.22,77.83,75.91,76.32,427469
2023-12-28,75.85,76.91,75.76,76.25,446858
2023-12-29,75.99,76.6,75.16,75.57,448843
2024-01-02,75.19,77.25,74.14,76.03,999115
2024-01-03,74.87,75.44,73.35,74.2,934765
2024-01-04,74.24,75.67,74.01,74.17,692866
2024-01-05,73.85,76.58,73.21,75.91,1249285
2024-01-08,76.14,79.55,75.8335,79.33,1232090
2024-01-09,78.86,80.27,78.0,79.36,775565
2024-01-10,79.3,80.57,78.27,79.99,632866
2024-01-11,79.89,81.88,79.305,81.5,891740
2024-01-12,82.33,83.13,80.85,81.14,1099970
2024-01-16,80.07,81.34,79.84,80.96,997448
2024-01-17,79.77,80.58,78.03,78.74,1117721
2024-01-18,79.36,81.59,78.77,80.38,1107768
2024-01-19,80.57,82.33,80.05,82.17,1108300
2024-01-22,82.88,83.87,81.21,81.4,957975
2024-01-23,81.44,82.93,79.6175,80.47,745413
2024-01-24,81.33,81.47,79.0,79.65,662523
2024-01-25,80.53,82.74,80.53,82.66,1368893
2024-01-26,83.02,83.85,82.45,82.89,705935
2024-01-29,82.52,83.65,82.42,83.57,537531
2024-01-30,85.3,86.5,82.67,82.74,1146908
2024-01-31,82.15,84.33,82.15,82.74,906761
2024-02-01,85.03,89.88,85.03,89.11,2594176
2024-02-02,87.99,90.01,87.355,89.33,960802
2024-02-05,88.74,90.44,88.01,90.04,1322582
2024-02-06,90.0,90.385,87.7,88.44,1022012
2024-02-07,88.85,90.19,87.97,88.11,1175050
2024-02-08,89.65,91.85,86.7,89.02,2203924
2024-02-09,89.32,90.25,87.59,88.09,1316066
2024-02-12,88.09,90.59,87.43,90.54,1189657
2024-02-13,88.34,89.685,86.9,88.07,1064743
2024-02-14,88.98,89.62,87.0601,87.94,814407
2024-02-15,88.77,90.24,88.57,89.9,874267
2024-02-16,89.38,91.82,88.94,90.93,1006798
2024-02-20,89.93,91.45,89.18,91.17,1002195
2024-02-21,90.72,91.66,90.5,91.46,763166
2024-02-22,92.39,92.9,91.8701,92.38,737803
2024-02-23,92.65,94.16,92.5,92.8,835575
2024-02-26,93.08,93.79,91.8,91.81,1415736
2024-02-27,91.81,91.81,89.51,90.23,1495050
2024-02-28,90.05,91.15,88.98,89.22,1276385
2024-02-29,90.38,93.4,90.38,93.0,2131283
2024-03-01,93.4,95.6781,93.27,94.29,1775443
2024-03-04,94.74,95.43,92.68,93.7,1078409
2024-03-05,93.64,96.175,93.06,95.56,1471106
2024-03-06,95.71,98.215,94.66,97.34,1871139
2024-03-07,98.09,100.07,98.09,98.16,1690163
2024-03-08,98.63,100.54,98.625,98.68,1499741
2024-03-11,97.86,98.24,94.5,97.07,1345062
2024-03-12,97.0,100.09,96.37,99.96,1411133
2024-03-13,99.81,101.522,99.7975,100.38,1742995
2024-03-14,100.29,101.1,99.28,100.04,1329655
2024-03-15,99.18,101.645,98.0,98.8,2956306
2024-03-18,98.6,100.5,97.93,100.38,1088484
2024-03-19,100.4,102.76,100.2,102.52,1207869
2024-03-20,102.28,102.885,100.68,102.59,773267
2024-03-21,103.58,104.71,102.75,103.21,815987
2024-03-22,103.62,104.2,101.36,102.05,638484
2024-03-25,102.15,103.215,102.115,102.67,537124
2024-03-26,102.91,103.04,102.09,102.32,540619
2024-03-27,106.49,107.8,103.64,104.87,1455093
2024-03-28,104.97,105.64,104.09,105.11,890790
2024-04-01,104.86,104.94,103.0,104.39,769115
2024-04-02,102.53,103.04,100.9301,102.84,879320
2024-04-03,102.28,103.41,101.58,103.09,651798
2024-04-04,103.97,104.3837,100.51,100.71,1047223
2024-04-05,100.69,103.39,100.21,102.18,727281
2024-04-08,102.37,102.71,101.635,101.84,829985
2024-04-09,102.26,102.6,100.53,101.81,574429
2024-04-10,100.27,101.91,99.69,101.1,615769
2024-04-11,101.68,102.14,100.12,101.82,688814
2024-04-12,102.05,103.7,100.01,100.44,898660
2024-04-15,101.89,102.4,98.58,99.4,764131
2024-04-16,99.29,99.56,96.48,98.27,1047308
2024-04-17,98.93,99.315,95.71,96.0,1208545
2024-04-18,94.0,94.095,90.03,91.08,2381452
2024-04-19,91.38,93.56,91.36,93.19,1127374
2024-04-22,94.19,95.98,93.5225,94.85,1139860
2024-04-23,95.6,98.41,95.6,97.86,1276810
2024-04-24,98.28,99.79,97.26,98.26,911238
2024-04-25,97.57,98.01,96.39,97.51,1080732
2024-04-26,95.0,97.26,92.01,96.13,1322951
2024-04-29,96.48,99.27,96.14,99.15,1291339
2024-04-30,105.0,112.3,104.06,112.29,3866138
2024-05-01,112.82,120.03,112.13,115.95,3242585
2024-05-02,118.03,119.0,115.21,118.94,1988445
2024-05-03,121.0,121.72,118.465,120.28,1695112
2024-05-06,121.73,122.39,119.37,122.36,1248073
2024-05-07,123.2,124.9189,122.125,124.07,1528272
2024-05-08,123.32,124.6,121.165,122.84,1541032
2024-05-09,123.27,127.73,123.11,127.68,1181931
2024-05-10,127.61,128.68,126.48,127.13,1132209
2024-05-13,126.14,126.42,123.47,126.12,1569343
2024-05-14,126.54,128.79,126.26,128.56,1756544
2024-05-15,129.89,133.17,129.27,132.97,1647300
2024-05-16,132.51,132.86,127.61,127.93,1436313
2024-05-17,128.18,128.8099,127.25,128.47,761833
2024-05-20,129.48,131.02,127.85,130.96,892323
2024-05-21,130.39,131.04,129.29,130.36,770713
2024-05-22,129.46,131.18,129.15,130.42,986250
2024-05-23,130.42,130.84,128.75,128.98,782055
2024-05-24,130.35,131.87,129.01,131.13,1110231
2024-05-28,130.08,131.58,129.25,130.86,783087
2024-05-29,129.58,134.89,129.58,131.55,1079357
2024-05-30,133.54,135.75,132.46,133.17,1139624
2024-05-31,133.42,135.465,132.27,135.22,1364730
2024-06-03,134.78,135.89,132.635,133.69,1337274
2024-06-04,132.57,133.9,131.71,132.24,1031963
2024-06-05,132.82,136.8,132.34,135.56,2067969
2024-06-06,135.0,135.1983,133.35,134.68,744625
2024-06-07,133.93,134.855,133.06,133.73,1211992
2024-06-10,132.24,138.12,132.01,137.76,1431639
2024-06-11,137.02,137.33,134.77,135.77,1356447
2024-06-12,138.51,142.355,137.41,140.75,1766067
2024-06-13,140.65,141.265,139.13,139.48,858032
2024-06-14,137.42,138.59,135.7001,138.01,725345
2024-06-17,137.42,138.81,135.2801,136.88,722983
2024-06-18,136.54,138.21,135.765,137.51,787262
2024-06-20,136.94,138.31,134.86,135.23,902224
2024-06-21,135.22,135.75,133.85,134.25,2676114
2024-06-24,134.37,136.56,134.11,136.03,1097138
2024-06-25,135.0,136.48,133.62,134.93,1086805
2024-06-26,134.77,135.8,133.67,135.69,1347312
2024-06-27,135.0,138.34,133.78,138.3,955313
2024-06-28,138.29,139.99,130.75,133.03,2993022
2024-07-01,134.08,136.93,131.72,133.3,1139462
2024-07-02,133.74,135.59,133.0,134.24,565451
2024-07-03,134.29,137.19,133.15,135.84,524593
2024-07-05,135.41,135.66,130.96,131.8,1623055
2024-07-08,132.67,133.19,128.49,129.27,1012677
2024-07-09,130.99,132.445,129.3201,130.97,741883
2024-07-10,132.03,133.25,130.46,130.7,784410
2024-07-11,132.16,135.26,131.16,133.73,1292510
2024-07-12,132.81,136.005,132.56,134.39,1175747
2024-07-15,132.39,134.35,130.77,131.42,1060880
2024-07-16,132.37,134.915,131.885,133.39,832711
2024-07-17,132.21,135.83,132.0,133.43,1298347
2024-07-18,135.15,136.8599,131.135,131.75,1250960
2024-07-19,132.62,134.2,131.5,133.27,694909
2024-07-22,134.16,136.47,132.11,134.9,1056334
2024-07-23,137.64,140.05,136.3,138.68,1766203
2024-07-24,146.0,151.0,144.04,145.34,3967935
2024-07-25,146.21,150.3439,144.6169,149.74,2597572
2024-07-26,151.24,152.3734,148.3801,151.63,1459260
2024-07-29,153.1,155.0,152.62,152.87,1307164
2024-07-30,153.32,154.88,149.83,150.16,1829579
2024-07-31,151.7,151.7,147.95,149.7,1713945
2024-08-01,150.37,152.72,146.95,147.95,1411708
2024-08-02,144.98,146.9999,140.1,141.75,1610140
2024-08-05,135.93,146.97,133.71,144.99,2393335
2024-08-06,144.87,148.81,143.15,146.16,1324345
2024-08-07,147.76,149.35,144.89,145.49,1167747
2024-08-08,146.61,150.26,146.25,150.1,1015714
2024-08-09,149.68,151.395,148.07,150.06,747321
2024-08-12,149.68,151.5,147.52,151.48,728145
2024-08-13,152.16,153.3349,150.46,152.79,1133998
2024-08-14,153.0,156.5997,152.99,154.0,752576
2024-08-15,156.17,156.42,153.26,155.15,1036660
2024-08-16,155.13,157.6,154.84,156.66,772123
2024-08-19,156.09,156.7,154.2301,156.18,1030615
2024-08-20,156.08,156.53,154.92,155.22,681541
2024-08-21,155.65,158.48,155.61,158.22,666497
2024-08-22,159.05,161.65,158.64,160.5,740718
2024-08-23,161.27,165.58,160.6288,164.53,795470
2024-08-26,164.57,165.07,162.215,163.68,677773
2024-08-27,163.19,164.71,162.39,163.87,469251
2024-08-28,163.69,164.13,161.91,162.87,506583
2024-08-29,163.5,165.49,162.45,164.67,584323
2024-08-30,164.6,166.08,162.81,165.84,651305
2024-09-03,165.28,166.89,160.36,161.65,927329
2024-09-04,161.35,162.31,158.72,162.12,950471
2024-09-05,161.89,164.14,159.75,161.98,1679579
2024-09-06,162.15,163.605,150.12,153.4,2237319
2024-09-09,154.44,158.29,151.58,153.22,1722692
2024-09-10,153.84,156.34,152.33,154.62,1065105
2024-09-11,154.35,161.2,153.73,157.66,903711
2024-09-12,157.25,159.33,155.99,158.01,755297
2024-09-13,158.27,162.9,158.27,162.41,639077
2024-09-16,162.7,166.49,162.7,164.62,874441
2024-09-17,164.34,164.605,154.392,156.96,1488741
2024-09-18,157.0,162.8558,155.81,161.07,1367118
2024-09-19,164.22,167.29,160.88,167.2,1361418
2024-09-20,166.7,167.12,164.0,165.16,2500554
2024-09-23,166.25,171.2,166.12,168.03,837037
2024-09-24,167.09,167.56,164.3587,166.33,643059
2024-09-25,166.79,168.0,165.165,167.7,658459
2024-09-26,167.6,169.67,161.61,164.94,737629
2024-09-27,164.85,166.19,157.84,163.22,1330436
2024-09-30,163.91,166.33,160.19,166.2,1055201
2024-10-01,165.34,165.98,162.12,162.87,686666
2024-10-02,162.2,163.975,161.52,161.81,669219
2024-10-03,161.56,162.425,155.408684,156.74,1287101
2024-10-04,158.21,158.5,155.43,156.57,1187071
2024-10-07,156.0,156.0,151.45,152.87,1678247
2024-10-08,151.95,153.33,147.12,150.75,1448737
2024-10-09,150.93,154.14,149.65,154.07,1068998
2024-10-10,153.53,154.17,151.09,152.78,914126
2024-10-11,155.19,156.395,153.95,155.82,787872
2024-10-14,155.86,157.16,154.415,155.29,961437
2024-10-15,156.48,162.61,156.48,160.25,1214992
2024-10-16,161.28,166.0,161.05,164.03,908416
2024-10-17,162.86,163.76,161.14,161.71,488765
2024-10-18,161.43,164.76,159.15,163.87,829579
2024-10-21,163.03,163.19,159.39,159.72,631183
2024-10-22,158.01,158.675,156.24,157.24,765099
2024-10-23,157.15,159.84,155.86,157.62,872468
2024-10-24,157.38,158.185,150.37,151.09,1994924
2024-10-25,138.88,144.405,137.0801,139.77,2632674
2024-10-28,140.6,142.19,139.07,139.49,1782751
2024-10-29,147.7,162.9425,146.09,162.76,3711440
2024-10-30,161.21,161.94,157.2804,158.08,1401031
2024-10-31,156.83,157.79,154.4,155.02,1155030
2024-11-01,156.58,157.515,154.84,156.13,1215240
2024-11-04,156.14,163.49,156.14,162.38,1855497
2024-11-05,162.25,167.49,162.05,166.87,1198121
2024-11-06,155.01,162.315,153.28,160.37,2418363
2024-11-07,161.14,168.6,160.2962,168.52,1152478
2024-11-08,169.57,169.7669,164.44,165.21,1128138
2024-11-11,166.64,168.09,166.11,166.85,896104
2024-11-12,166.86,167.0,161.08,164.21,1009133
2024-11-13,165.06,165.57,161.86,162.93,969491
2024-11-14,163.1,171.0,159.5,162.65,1878160
2024-11-15,161.81,162.31,153.02,155.34,1573786
2024-11-18,156.1,156.42,151.86,153.45,1341117
2024-11-19,152.17,154.1593,150.3527,153.35,819193
2024-11-20,153.05,153.28,149.59,151.84,983579
2024-11-21,149.0,150.06,142.79,147.92,2251708
2024-11-22,145.33,145.628,141.09,143.63,2567038
2024-11-25,139.54,144.42,138.74,143.32,2306059
2024-11-26,142.9,145.7,140.12,145.64,1430584
2024-11-27,145.99,147.45,141.84,141.98,1278798
2024-11-29,142.1,143.59,141.5,142.68,490282
2024-12-02,142.25,143.29,141.0,142.03,1096050
2024-12-03,143.55,143.55,141.0,141.27,942524
2024-12-04,142.0,142.19,140.12,141.51,658818
2024-12-05,142.07,143.31,138.1,138.9,879130
2024-12-06,139.75,140.23,136.72,138.94,1108316
2024-12-09,139.54,144.94,138.06,141.01,1236418
2024-12-10,140.46,142.92,137.51,139.1,1242409
2024-12-11,140.7,141.47,137.6,140.09,942724
2024-12-12,140.19,141.2149,134.75,135.36,1866721
2024-12-13,135.62,137.73,135.62,136.71,1009359
2024-12-16,133.67,138.68,132.75,133.77,1910812
2024-12-17,133.0,134.525,131.535,132.55,1316171
2024-12-18,133.42,133.99,126.96,127.46,1307558
2024-12-19,126.97,129.01,125.23,125.7,1478787
2024-12-20,125.98,130.795,125.4374,129.46,7391634
2024-12-23,129.01,129.7,126.86,129.64,1118208
2024-12-24,128.63,130.245,127.77,129.71,490549
2024-12-26,129.34,129.34,127.81,127.95,535214
2024-12-27,127.01,128.56,126.22,127.97,1076832
2024-12-30,126.99,127.355,124.76,125.42,721265
2024-12-31,127.5,127.5,124.85,126.23,718662
2025-01-02,127.37,127.99,125.18,125.22,664849
2025-01-03,125.06,125.4,120.53,122.65,1506097
2025-01-06,123.31,126.76,122.76,125.61,1370305
2025-01-07,126.99,130.41,126.0,128.8,1162934
2025-01-08,128.27,130.97,127.0,130.21,1163292
2025-01-10,128.52,131.97,126.37,127.97,1078163
2025-01-13,127.21,129.32,125.92,129.27,1137552
2025-01-14,128.9,129.5,125.27,127.63,681513
2025-01-15,130.82,131.18,128.845,130.03,767009
2025-01-16,130.05,133.19,129.5,132.77,745983
2025-01-17,132.79,133.2993,129.87,130.86,747407
2025-01-21,131.68,134.91,131.17,134.43,1193535
2025-01-22,134.66,136.08,132.3,134.42,677209
2025-01-23,134.88,138.98,134.88,138.29,1317808
2025-01-24,137.82,138.545,130.87,135.58,1148736
2025-01-27,134.98,139.1,134.01,138.89,879058
2025-01-28,139.61,143.63,139.6,139.67,1549929
2025-01-29,140.15,141.21,137.58,139.37,888132
2025-01-30,140.82,144.67,140.21,143.23,976690
2025-01-31,143.04,143.385,140.0,140.89,842971
2025-02-03,138.39,146.99,138.39,144.64,1412821
2025-02-04,143.12,145.415,142.52,143.71,887800
2025-02-05,144.38,145.59,142.66,144.98,880150
2025-02-06,144.88,146.74,138.57,139.8,1226512
2025-02-07,140.8,141.49,138.94,140.47,689247
2025-02-10,140.98,141.5,134.47,139.45,1273414
2025-02-11,139.45,140.9,136.53,138.83,1419094
2025-02-12,134.07,142.69,124.2,126.19,4551852
2025-02-13,127.99,134.43,125.15,133.57,2689374
2025-02-14,134.04,137.57,132.59,133.31,1991896
2025-02-18,132.99,138.17,132.2143,134.91,1940298
2025-02-19,132.6,137.86,131.74,135.65,2509688
2025-02-20,134.66,138.11,133.7465,137.24,1854202
2025-02-21,136.32,137.145,129.51,129.6,1742125
2025-02-24,130.83,133.0,129.95,131.56,1598203
2025-02-25,131.66,135.05,130.41,134.57,1385835
2025-02-26,136.08,136.435,128.75,131.75,1724049
2025-02-27,134.16,137.3741,129.98,130.48,1298138
2025-02-28,122.95,126.65,117.0,126.59,3557121
2025-03-03,127.69,128.08,123.98,124.56,1645579
2025-03-04,122.75,125.05,120.5,122.67,1875420
2025-03-05,121.45,126.5,121.45,126.02,1364580
2025-03-06,124.48,126.67,123.68,125.44,1548571
2025-03-07,125.06,128.26,123.15,127.49,1325020
2025-03-10,126.54,128.84,124.5,126.15,1521506
2025-03-11,125.8,127.32,123.86,126.42,1058249
2025-03-12,127.52,129.25,120.77,121.2,1822983
2025-03-13,121.63,121.9,117.25,119.51,1896655
2025-03-14,120.77,123.14,119.42,122.67,1125191
2025-03-17,122.33,129.22,121.975,128.0,1677799
2025-03-18,127.58,128.975,124.42,125.33,979766
2025-03-19,125.34,127.8742,125.04,127.75,838310
2025-03-20,127.06,128.5427,126.025,126.34,962509
2025-03-21,124.4,125.51,121.325,123.2,6652268
2025-03-24,125.23,130.12,124.6,129.49,1543691
2025-03-25,132.81,137.86,129.58,130.78,1694002
2025-03-26,132.06,133.76,128.8701,133.04,1984069
2025-03-27,133.04,136.0,132.465,134.44,1368446
2025-03-28,133.86,135.81,131.39,133.14,864472
2025-03-31,131.02,135.76,131.01,134.5,1119058
2025-04-01,135.61,135.96,132.85,133.4,1115870
2025-04-02,131.75,137.5,131.22,137.18,1008729
2025-04-03,134.0,135.805,131.05,132.86,1335352
2025-04-04,128.33,129.0399,119.66,120.35,2875572
2025-04-07,116.59,124.8,113.435,119.72,2542055
2025-04-08,125.0,127.6375,117.965,119.51,1713498
2025-04-09,118.51,133.03,117.55,131.07,2466526
2025-04-10,129.35,130.245,123.65,127.52,1160284
2025-04-11,127.52,128.7229,121.11,123.79,1565979
2025-04-14,126.88,126.88,121.7,124.91,1363485
2025-04-15,121.98,123.645,120.32,120.91,1114094
2025-04-16,120.84,123.38,119.35,120.44,1106685
2025-04-17,124.45,124.62,120.86,121.81,969103
2025-04-21,121.4,121.4,109.8239,110.41,2242811
2025-04-22,111.75,114.76,111.15,114.68,1506478
2025-04-23,119.2,123.65,118.96,121.05,1741253
2025-04-24,121.93,125.21,120.94,124.24,1078603
2025-04-25,126.56,126.56,120.74,122.1,1181755
2025-04-28,122.83,124.34,121.83,123.91,1912340
2025-04-29,128.0,140.19,126.75,138.35,3455519
2025-04-30,137.12,143.63,134.56,142.95,2333229
2025-05-01,143.26,147.41,140.2757,145.29,2170295
2025-05-02,145.5,149.58,145.27,148.03,1467134
2025-05-05,147.8,151.485,147.52,149.03,1251012
2025-05-06,148.48,152.08,146.31,151.48,1548288
2025-05-07,151.48,153.0,148.915,152.32,1244286
2025-05-08,152.32,153.0,148.87,149.06,850539
2025-05-09,149.42,151.4361,147.51,148.83,966218
2025-05-12,153.52,161.55,151.345,154.57,1705177
2025-05-13,153.69,159.0,153.515,157.7,1715213
2025-05-14,157.35,160.78,156.68,159.57,1920598
2025-05-15,159.2,164.18,157.4,164.03,1819149
2025-05-16,164.03,166.15,161.3506,165.47,1767519
2025-05-19,163.74,167.63,163.55,167.28,1795342
2025-05-20,166.93,169.24,166.225,168.66,995340
2025-05-21,166.0,167.51,162.11,162.83,1021251
2025-05-22,161.22,163.76,160.265,161.33,858088
2025-05-23,159.35,163.715,158.444,162.98,1248741
2025-05-27,165.72,166.2238,163.725,165.1,819445
2025-05-28,164.08,167.23,163.62,164.67,1241927
2025-05-29,167.54,170.42,165.98,166.26,1426654
2025-05-30,165.41,170.365,163.87,168.77,2250201
2025-06-02,169.13,170.4966,167.28,170.12,1989401
2025-06-03,171.63,174.1407,170.608,171.84,1201534
2025-06-04,172.89,173.15,169.79,169.89,1342775
2025-06-05,170.27,173.56,169.76,171.84,1277615
2025-06-06,170.0,172.505,169.44,171.46,1351096
2025-06-09,171.07,171.46,159.22,166.19,1749874
2025-06-10,163.0,163.5,155.58,156.56,2670244
2025-06-11,153.115,162.445,152.55,161.41,2557759
2025-06-12,161.22,166.28,159.51,165.54,1945798
2025-06-13,163.49,168.26,162.4475,164.37,1842987
2025-06-16,165.27,166.25,154.33,164.24,3836790
2025-06-17,162.0,168.63,159.99,167.46,1796283
2025-06-18,167.7,170.27,166.82,167.58,1887935
2025-06-20,167.8,169.95,166.13,168.01,4238389
2025-06-23,167.91,169.39,164.75,169.12,1204867
2025-06-24,170.24,171.85,168.345,171.52,1174743
2025-06-25,170.79,171.65,167.73,169.01,1525514
2025-06-26,171.2,177.315,171.08,172.56,1505156
2025-06-27,172.71,176.49,172.5,173.63,1548713
2025-06-30,171.95,176.26,171.55,176.0,1727897
2025-07-01,176.02,178.76,175.33,177.43,1177072
2025-07-02,176.55,177.05,171.19,172.22,1520639
2025-07-03,173.7,173.7,169.27,171.5,977101
2025-07-07,171.95,174.03,170.8,173.09,1070543
2025-07-08,172.12,173.9,172.12,172.39,891880
2025-07-09,173.88,174.04,170.31,171.4,822430
2025-07-10,171.0,175.08,169.03,173.66,850708
2025-07-11,172.25,175.96,171.53,175.75,946825
2025-07-14,175.75,177.83,175.045,177.74,854215
2025-07-15,177.74,179.91,172.08,172.78,1120152
2025-07-16,171.13,173.69,166.98,173.39,1387273
2025-07-17,173.23,175.94,172.8,175.14,913642
2025-07-18,175.14,177.21,174.67,175.06,1855884
2025-07-21,175.06,177.45,172.775,174.65,2589720
2025-07-22,183.4,185.25,154.1749,155.97,6152157
2025-07-23,157.77,159.79,156.69,158.31,2928045
2025-07-24,157.94,158.14,147.52,148.38,2500486
2025-07-25,149.0,153.145,146.6,153.02,1982394
2025-07-28,151.63,157.0,151.0,156.52,2664662
2025-07-29,156.85,159.13,155.58,156.06,1222800
2025-07-30,156.1,161.18,155.0195,160.89,1601989
2025-07-31,160.47,163.8,158.375,161.28,1398640
2025-08-01,160.74,161.535,157.875,158.09,1057703
2025-08-04,158.7,162.21,156.715,161.07,757748
2025-08-05,161.75,162.42,160.06,160.29,665903
2025-08-06,161.16,161.65,158.76,159.26,907060
2025-08-07,160.19,163.71,159.4705,163.42,830820
2025-08-08,163.59,165.84,162.705,165.58,734147
2025-08-11,166.37,167.77,165.16,166.63,852979
2025-08-12,166.68,171.01,165.82,170.48,807179
2025-08-13,171.5,173.36,170.6,171.87,1056101
2025-08-14,171.14,173.6,170.43,172.36,797049
2025-08-15,172.36,173.215,167.86,172.02,1092473
2025-08-18,172.0,172.75,170.95,171.33,882539
2025-08-19,172.25,178.78,172.03,178.03,1183731
2025-08-20,178.82,182.9,178.28,181.94,1429838
2025-08-21,182.43,182.72,177.36,177.39,848412
2025-08-22,177.98,181.085,177.58,179.5,924177
2025-08-25,179.92,181.895,179.025,180.23,1157755
2025-08-26,179.71,181.35,179.51,180.04,720641
2025-08-27,180.22,183.1,180.22,181.95,961358
2025-08-28,182.09,185.0,181.04,184.53,978425
2025-08-29,184.17,184.68,181.6,184.33,918324
2025-09-02,183.58,186.05,183.07,185.35,960767
2025-09-03,184.74,187.03,183.1,186.91,654041
2025-09-04,188.16,193.46,187.495,192.52,1237932
2025-09-05,193.53,196.73,192.98,196.18,924023
2025-09-08,195.59,196.25,190.0836,192.47,1014358
2025-09-09,192.09,196.615,185.0,196.39,1330288
2025-09-10,198.08,199.99,187.67,191.78,2087006
2025-09-11,192.0,194.745,191.34,193.38,1845304
2025-09-12,192.02,193.42,191.365,192.82,889224
2025-09-15,192.29,193.0644,186.385,186.75,1740965
2025-09-16,188.02,188.02,180.78,182.82,1312828
2025-09-17,183.42,186.74,182.52,183.47,845396
2025-09-18,185.0,191.0375,183.35,190.29,1174670
2025-09-19,189.92,191.14,188.25,190.14,3491692
2025-09-22,190.14,196.07,189.905,194.06,825149
2025-09-23,194.48,198.605,192.54,193.08,816818
2025-09-24,193.0,197.9,191.34,196.63,936663
2025-09-25,196.21,197.3,193.13,196.72,647537
2025-09-26,197.7,202.15,197.555,202.0,975999
2025-09-29,201.9,202.71,199.49,201.2,1006433
2025-09-30,201.72,204.49,201.715,203.04,997198
2025-10-01,202.25,202.6,197.58,201.34,999237
2025-10-02,201.64,203.82,200.3737,203.38,521131
2025-10-03,203.52,205.99,202.01,203.0,868084
2025-10-06,202.78,204.59,199.64,199.76,640742
2025-10-07,201.12,207.14,199.3044,204.83,690597
2025-10-08,204.69,205.96,200.17,200.48,832025
2025-10-09,201.05,202.0,193.91,194.85,1374556
2025-10-10,195.19,195.46,189.13,189.58,869667
2025-10-13,191.43,191.68,187.67,190.0,686466
2025-10-14,191.01,196.6,190.48,196.33,1183632
2025-10-15,196.99,200.26,195.94,199.23,1122896
2025-10-16,199.26,200.65,197.2,199.13,733863
2025-10-17,199.13,200.12,196.2,200.0,760974
2025-10-20,201.31,202.825,200.385,202.11,695475
2025-10-21,202.64,203.29,200.88,202.35,770835
2025-10-22,203.42,206.1,202.86,205.12,991165
2025-10-23,204.27,208.25,204.14,206.91,1217774
2025-10-24,209.51,217.425,203.15,210.38,1771985
2025-10-27,210.39,217.16,210.39,216.17,1813320
2025-10-28,209.93,213.98,198.45,204.62,1765797
2025-10-29,205.34,212.22,203.54,209.14,1422483
2025-10-30,208.04,214.4,207.46,208.62,1236784
2025-10-31,207.78,210.47,205.65,206.49,1127483
2025-11-03,205.78,205.78,198.33,201.39,1234320
2025-11-04,199.98,209.64,199.12,207.73,1173761
2025-11-05,206.49,209.165,203.94,208.62,796379
2025-11-06,208.95,210.34,203.7185,204.19,693948
2025-11-07,203.55,206.24,201.89,205.26,508223
2025-11-10,192.0,198.14,189.575,194.68,1138719
2025-11-11,195.54,202.26,192.99,198.32,1109124
2025-11-12,198.12,202.439,197.35,199.99,602344
2025-11-13,199.02,200.17,195.29,196.66,516371
2025-11-14,196.18,196.705,191.88,192.91,936664
2025-11-17,193.0,194.92,191.1,192.4,1115795
2025-11-18,191.46,193.74,190.96,193.0,893828
2025-11-19,192.62,194.73,190.16,194.25,1294286
2025-11-20,194.97,195.997,186.21,186.68,847344
2025-11-21,188.78,194.72,187.52,191.96,1112201
2025-11-24,202.35,215.93,200.8341,214.62,3398159
2025-11-25,214.87,220.31,214.82,218.46,1571359
2025-11-26,219.8,221.0,217.04,217.42,856602
2025-11-28,217.5,218.589,215.8,216.84,189638
2025-12-01,215.72,218.87,212.855,215.13,968664
2025-12-02,222.0,222.815,214.48,214.84,806552
2025-12-03,215.675,217.7099,209.52,211.34,968094
2025-12-04,210.25,215.469,209.06,212.14,834601
2025-12-05,213.16,213.85,209.75,210.0,571744
2025-12-08,210.51,212.04,205.515,206.31,686232
2025-12-09,206.32,209.38,200.84,202.0,991649
2025-12-10,202.66,203.385,194.54,197.47,1424085
2025-12-11,197.77,200.115,196.63,197.71,829060
2025-12-12,197.6,200.76,196.62,199.4,770946
2025-12-15,199.13,199.13,195.7,197.32,835902
2025-12-16,196.59,198.54,194.26,196.88,680797
2025-12-17,195.69,197.16,193.44,195.02,927523
2025-12-18,196.59,198.98,193.25,194.37,635422
2025-12-19,194.36,197.155,193.62,196.33,1555160
2025-12-22,196.27,200.33,195.7,199.87,820448
2025-12-23,198.87,199.59,197.165,198.76,666444
2025-12-24,199.85,199.85,196.68,197.77,296131
2025-12-26,198.66,201.3899,197.01,200.6,567159
2025-12-29,200.7,201.79,198.44,201.14,614637
2025-12-30,201.21,202.39,199.45,201.3,669184
2025-12-31,200.65,201.12,198.22,198.72,661289
2026-01-02,198.87,200.56,195.27,199.45,985349
2026-01-05,198.88,208.29,198.88,207.01,1358173
2026-01-06,205.9,211.0,205.9,208.24,694093
2026-01-07,207.05,207.87,200.79,202.0,1132281
2026-01-08,202.41,204.54,200.86,203.35,505426
2026-01-09,204.67,205.83,200.25,201.2,442321
2026-01-12,199.0,200.07,194.5,199.61,1114178
2026-01-13,199.61,200.155,194.89,199.19,435499
2026-01-14,198.32,199.05,194.04,195.19,820564
2026-01-15,196.27,202.705,194.395,201.32,788144
2026-01-16,200.16,201.15,195.0,196.74,697486
2026-01-20,194.23,197.195,192.12,193.26,692649
2026-01-21,194.47,197.66,189.66,190.83,1074278
2026-01-22,190.52,192.82,187.31,189.45,837846
2026-01-23,188.12,190.0,185.0001,188.78,658186
2026-01-26,189.1,192.01,188.46,189.92,1015041
2026-01-27,196.18,201.28,188.95,189.15,1092006
2026-01-28,187.12,192.59,186.18,189.58,1031069
2026-01-29,189.25,190.52,186.735,189.49,748414
2026-01-30,188.95,191.41,186.91,189.28,631405
2026-02-02,189.73,195.17,187.7085,188.03,1154993
2026-02-03,193.68,195.77,191.855,192.85,1426314
2026-02-04,192.66,195.07,190.25,190.66,856877
2026-02-05,191.85,196.96,190.505,195.97,1114522
2026-02-06,198.45,204.38,197.48,201.37,1305354
2026-02-09,199.92,201.91,192.3,192.96,1320351
2026-02-10,194.21,194.21,188.79,193.04,1425485
2026-02-11,188.35,229.0,186.5,226.35,3392887
2026-02-12,226.35,235.77,223.8,232.26,2464472
2026-02-13,231.16,235.5,227.4765,231.1,1205046
2026-02-17,233.04,235.02,227.34,234.25,1244159
2026-02-18,234.6,234.6,229.02,231.75,781500
2026-02-19,230.69,231.9,227.01,228.08,984850
2026-02-20,227.66,230.15,226.06,229.9,1014668
2026-02-23,228.7,234.29,226.9,233.77,771051
2026-02-24,235.0,237.67,231.2601,237.58,802680
2026-02-25,238.5,240.83,235.6,237.04,730036
2026-02-26,237.32,240.59,233.16,239.67,1200245
2026-02-27,237.87,240.13,235.39,239.39,610674
2026-03-02,237.0,238.75,229.91,235.12,735247
2026-03-03,232.25,243.72,228.48,242.88,1247111
2026-03-04,242.5,245.98,237.8404,244.8,1136077
2026-03-05,241.27,247.21,236.74,241.4,949037
2026-03-06,238.69,239.93,233.0,236.95,811766
2026-03-09,234.98,241.51,230.42,240.59,1095439
2026-03-10,240.3,243.54,237.01,237.42,1001339
2026-03-11,237.0,239.65,233.0,234.58,1012211
2026-03-12,233.09,239.3,224.235,224.73,1091676
2026-03-13,226.57,228.3,215.97,227.63,1263684
2026-03-16,229.21,229.21,219.12,219.3,873734
2026-03-17,220.51,222.1,206.41,211.64,1170836
2026-03-18,211.64,214.28,199.99,203.21,1234701
2026-03-19,202.94,206.535,197.79,205.11,1083101
2026-03-20,203.5,204.9275,198.89,200.35,1961158
2026-03-23,204.71,207.23,202.2601,203.41,1077255
2026-03-24,202.19,203.44,194.43,199.63,1063743
2026-03-25,200.07,202.71,196.665,200.04,482296
2026-03-26,197.92,202.1,195.065,195.46,589452
2026-03-27,195.33,196.995,190.85,191.86,603532
2026-03-30,193.5,193.5,187.64,188.0,955333
2026-03-31,189.13,192.41,182.0,188.71,1493426
2026-04-01,189.65,192.75,188.915,190.27,818176
2026-04-02,185.54,189.585,183.1453,188.17,618769
2026-04-06,186.94,190.32,185.51,190.28,1235292
2026-04-07,189.26,196.79,189.26,194.6,1124614
2026-04-08,204.5,206.475,199.33,199.34,1699771
2026-04-09,198.77,205.61,198.67,201.87,763746
2026-04-10,201.67,203.8,193.4,195.24,1460855
2026-04-13,194.655,196.55,187.81,192.99,1356649
2026-04-14,192.73,200.06,191.135,196.6,983721
2026-04-15,198.32,200.86,191.605,193.56,1258875
2026-04-16,195.47,199.07,191.48,192.0,719875
2026-04-17,193.54,200.43,193.175,196.64,992347
2026-04-20,196.0,197.01,190.595,191.26,1345376
2026-04-21,192.1,192.75,185.29,185.47,2093565
2026-04-22,185.76,191.37,184.53,191.22,1253260
2026-04-23,190.92,192.7,186.26,188.33,948830
2026-04-24,179.01,181.64,170.6852,180.81,2653765
2026-04-27,181.37,186.3125,180.79,185.53,1536476
2026-04-28,187.18,188.04,177.2,177.5,1163402
2026-04-29,175.93,181.52,175.93,180.1,2107937
2026-04-30,183.61,183.73,168.11,177.12,3312036
2026-05-01,179.11,188.02,178.53,183.27,3327801
2026-05-04,180.93,186.59,177.41,185.35,1537854
2026-05-05,184.67,188.68,181.86,186.91,1776466
2026-05-06,188.32,196.55,187.445,194.51,2047731
2026-05-07,194.71,197.845,191.06,194.13,1485927
2026-05-08,196.11,198.43,188.88,190.38,1240931
2026-05-11,190.3,192.04,187.34,191.68,962132
2026-05-12,191.68,197.93,189.25,195.88,1290231
2026-05-13,195.23,199.2,194.12,195.86,1120294
2026-05-14,197.06,200.89,195.88,198.55,1515026
2026-05-15,198.89,200.66,194.8,196.66,1657788
2026-05-18,196.89,199.08,192.33,192.45,1102437
2026-05-19,190.99,193.47,182.0,191.4,2182721
2026-05-20,190.79,191.65,183.77,187.41,1793906
2026-05-21,182.93,184.09,177.75,178.0,1479845
2026-05-22,178.08,182.005,173.75,173.78,1006004
2026-05-26,171.91,179.01,171.59,176.38,1217900
2026-05-27,177.35,182.69,176.585,181.06,1507782
2026-05-28,179.19,180.36,172.39,173.2,1121683
2026-05-29,171.13,179.56,171.13,175.32,1420926
2026-06-01,172.96,175.0899,166.0,170.09,1753169
2026-06-02,170.3,170.85,162.55,163.6,1437342
2026-06-03,160.0,166.3725,159.11,164.84,2457905
2026-06-04,166.62,169.09,157.7075,161.37,1812707
2026-06-05,163.44,166.085,161.46,162.06,1029210
2026-06-08,161.58,163.1,157.58,163.01,1582848
2026-06-09,164.4,167.6,161.79,166.36,1245745
2026-06-10,164.07,168.9,161.75,164.77,906697
2026-06-11,165.19,175.74,165.19,173.17,1677720
2026-06-12,173.69,179.02,172.87,174.66,1326250
2026-06-15,178.4,179.99,174.89,179.11,1492588
2026-06-16,180.57,184.79,180.115,183.56,1427132
2026-06-17,182.25,184.855,177.975,178.5,1205695
