date,open,high,low,close,volume
2007-05-01,2.39,2.4489,2.39,2.4487,3700
2007-05-02,2.5,2.5,2.491,2.491,1700
2007-05-03,2.5,2.5,2.5,2.5,3000
2007-05-04,2.64,2.64,2.64,2.64,500
2007-05-07,2.5,2.58,2.5,2.54,51300
2007-05-08,2.64,2.64,2.55,2.59,12500
2007-05-09,2.56,2.56,2.54,2.55,15300
2007-05-10,2.55,2.55,2.52,2.54,8000
2007-05-11,2.53,2.55,2.51,2.55,13500
2007-05-14,2.55,2.59,2.55,2.59,50500
2007-05-15,2.55,2.55,2.55,2.55,23700
2007-05-16,2.558,2.561,2.51,2.561,13200
2007-05-17,2.56,2.56,2.56,2.56,0
2007-05-18,2.64,2.64,2.64,2.64,1500
2007-05-21,2.731,2.731,2.64,2.64,1900
2007-05-22,2.62,2.9,2.62,2.7292,14300
2007-05-23,2.75,2.75,2.7163,2.7163,5000
2007-05-24,2.64,2.68,2.6363,2.68,44700
2007-05-25,2.68,2.68,2.68,2.68,0
2007-05-29,2.75,2.75,2.65,2.7,12600
2007-05-30,2.67,2.67,2.55,2.6556,12800
2007-05-31,2.66,2.66,2.66,2.66,0
2007-06-01,2.55,2.55,2.55,2.55,3200
2007-06-04,2.68,2.68,2.6,2.68,3500
2007-06-05,2.7,2.719,2.668,2.719,25600
2007-06-06,2.69,2.69,2.69,2.69,1000
2007-06-07,2.67,2.8,2.67,2.77,153300
2007-06-08,2.8,3.05,2.78,2.9,90000
2007-06-11,2.9,2.9,2.875,2.885,13800
2007-06-12,2.8,2.83,2.8,2.83,4800
2007-06-13,2.83,2.83,2.83,2.83,0
2007-06-14,2.8,2.8,2.8,2.8,2700
2007-06-15,2.8,2.8,2.8,2.8,8900
2007-06-18,2.8,2.808,2.73,2.8,28700
2007-06-19,2.8,2.8,2.8,2.8,7100
2007-06-20,2.8,2.8,2.8,2.8,3900
2007-06-21,2.76,2.895,2.76,2.895,65100
2007-06-22,2.9,2.9,2.9,2.9,0
2007-06-25,2.75,2.811,2.72,2.72,12100
2007-06-26,2.72,2.814,2.72,2.814,9500
2007-06-27,2.81,2.81,2.81,2.81,0
2007-06-28,2.81,2.81,2.81,2.81,0
2007-06-29,2.81,2.81,2.81,2.81,0
2007-07-02,2.81,2.81,2.81,2.81,0
2007-07-03,2.81,2.81,2.81,2.81,0
2007-07-05,2.81,2.81,2.81,2.81,0
2007-07-06,2.81,2.81,2.81,2.81,0
2007-07-09,2.76,2.76,2.75,2.75,11000
2007-07-10,2.75,2.75,2.75,2.75,0
2007-07-11,2.68,2.68,2.68,2.68,400
2007-07-12,2.88,2.9,2.75,2.9,21500
2007-07-13,2.74,2.74,2.74,2.74,10000
2007-07-16,2.74,2.74,2.74,2.74,0
2007-07-17,2.74,2.74,2.74,2.74,5000
2007-07-18,2.73,2.89,2.73,2.89,15900
2007-07-19,2.964,2.974,2.8897,2.8897,32000
2007-07-20,2.92,2.92,2.905,2.905,16000
2007-07-23,2.81,2.81,2.8026,2.8028,2500
2007-07-24,2.8,2.8,2.8,2.8,0
2007-07-25,2.8874,2.8874,2.8874,2.8874,4200
2007-07-26,2.84,2.84,2.84,2.84,1000
2007-07-27,2.84,2.84,2.84,2.84,0
2007-07-30,2.84,2.84,2.84,2.84,0
2007-07-31,2.8,2.85,2.8,2.81,3100
2007-08-01,2.8005,2.855,2.79,2.79,20100
2007-08-02,2.79,2.79,2.65,2.72,17900
2007-08-03,2.8,2.8,2.59,2.76,14800
2007-08-06,2.7,2.7,2.65,2.65,4600
2007-08-07,2.65,2.75,2.65,2.7,7000
2007-08-08,2.65,2.75,2.65,2.75,200
2007-08-09,2.75,2.75,2.75,2.75,0
2007-08-10,2.64,2.74,2.64,2.74,8300
2007-08-13,2.66,2.66,2.6,2.65,10300
2007-08-14,2.65,2.65,2.5,2.6,7200
2007-08-15,2.4,2.55,2.4,2.51,2400
2007-08-16,2.35,2.35,2.05,2.18,2500
2007-08-17,2.01,2.35,2.01,2.35,3200
2007-08-20,2.4,2.5,2.4,2.4,1600
2007-08-21,2.4,2.45,2.35,2.4,1100
2007-08-22,2.4,2.4,2.4,2.4,0
2007-08-23,2.4,2.4,2.4,2.4,0
2007-08-24,2.4,2.4,2.4,2.4,200
2007-08-27,2.45,2.5,2.3,2.35,12100
2007-08-28,2.3,2.3,2.25,2.25,400
2007-08-29,2.3,2.3,2.3,2.3,200
2007-08-30,2.4,2.4,2.3,2.3,5500
2007-08-31,2.3,2.3,2.28,2.3,5600
2007-09-04,2.3,2.3,2.3,2.3,0
2007-09-05,2.27,2.27,2.16,2.16,4200
2007-09-06,2.37,2.45,2.25,2.34,96900
2007-09-07,2.34,2.4,2.34,2.36,40600
2007-09-10,2.31,2.38,2.1,2.2,36100
2007-09-11,2.15,2.25,2.05,2.13,46600
2007-09-12,2.13,2.15,2.07,2.14,31000
2007-09-13,2.18,2.2,2.05,2.16,12700
2007-09-14,2.2,2.2,2.12,2.16,22400
2007-09-17,2.15,2.22,2.13,2.2,38900
2007-09-18,2.18,2.35,2.12,2.26,84100
2007-09-19,2.33,2.35,2.26,2.27,16900
2007-09-20,2.3,2.32,2.28,2.32,16100
2007-09-21,2.33,2.33,2.32,2.32,4900
2007-09-24,2.26,2.3,2.23,2.23,13300
2007-09-25,2.3,2.31,2.23,2.3,59300
2007-09-26,2.29,2.3,2.2301,2.25,2700
2007-09-27,2.3099,2.41,2.3,2.4,16500
2007-09-28,2.42,2.8,2.182,2.65,79500
2007-10-01,2.65,2.75,2.6,2.65,63300
2007-10-02,2.6,2.67,2.5,2.67,27300
2007-10-03,2.65,2.669,2.59,2.6,16200
2007-10-04,2.6,2.6,2.57,2.57,32000
2007-10-05,2.62,2.62,2.5,2.52,12400
2007-10-08,2.51,2.6,2.51,2.55,10400
2007-10-09,2.5,2.52,2.45,2.51,30800
2007-10-10,2.48,2.52,2.4,2.4,14600
2007-10-11,2.4,2.5,2.4,2.44,21200
2007-10-12,2.35,2.5,2.35,2.47,23600
2007-10-15,2.4,2.46,2.3,2.4589,41300
2007-10-16,2.42,2.42,2.3,2.31,18700
2007-10-17,2.3,2.33,2.2001,2.2001,12100
2007-10-18,2.23,2.29,2.19,2.25,35600
2007-10-19,2.3,2.35,2.25,2.34,14700
2007-10-22,2.17,2.3,2.15,2.296,13300
2007-10-23,2.251,2.35,2.251,2.35,14800
2007-10-24,2.3,2.3,2.2,2.3,7100
2007-10-25,2.3,2.3,2.2112,2.28,16400
2007-10-26,2.2299,2.3,2.2299,2.3,8400
2007-10-29,2.3,2.54,2.3,2.53,112500
2007-10-30,2.53,2.58,2.34,2.5,50600
2007-10-31,2.45,2.73,2.44,2.55,44500
2007-11-01,2.57,2.57,2.31,2.55,35100
2007-11-02,2.55,2.58,2.52,2.54,20200
2007-11-05,2.46,2.48,2.35,2.41,24400
2007-11-06,2.64,2.75,2.35,2.4,111400
2007-11-07,2.48,2.5,2.26,2.33,13400
2007-11-08,2.28,2.28,2.22,2.2756,28900
2007-11-09,2.2,2.26,2.2,2.23,12200
2007-11-12,2.15,2.19,2.06,2.1,79000
2007-11-13,2.1,2.14,2.05,2.05,11300
2007-11-14,2.11,2.11,1.95,2.0,20700
2007-11-15,2.25,2.25,1.9,1.9,18500
2007-11-16,1.92,1.9501,1.9,1.9501,24900
2007-11-19,2.02,2.05,1.94,1.99,18600
2007-11-20,1.88,1.97,1.87,1.92,23700
2007-11-21,1.8,1.86,1.75,1.8,41800
2007-11-23,1.83,1.9,1.83,1.9,16600
2007-11-26,1.85,1.85,1.81,1.81,6600
2007-11-27,1.81,1.85,1.65,1.69,162100
2007-11-28,1.6,1.68,1.53,1.57,80600
2007-11-29,1.42,1.75,1.42,1.6504,46500
2007-11-30,1.6,1.75,1.45,1.69,46700
2007-12-03,1.68,1.75,1.6501,1.75,48000
2007-12-04,1.7,1.7,1.65,1.68,50600
2007-12-05,1.68,1.69,1.68,1.69,3000
2007-12-06,1.68,1.69,1.64,1.69,16400
2007-12-07,1.68,1.68,1.6,1.65,51100
2007-12-10,1.6,1.66,1.51,1.64,40400
2007-12-11,1.63,1.7,1.55,1.61,37000
2007-12-12,1.76,1.76,1.57,1.64,24500
2007-12-13,1.51,1.6,1.51,1.6,30300
2007-12-14,1.56,1.5799,1.43,1.57,108600
2007-12-17,1.51,1.52,1.36,1.36,72500
2007-12-18,1.33,1.45,1.3,1.35,44300
2007-12-19,1.35,1.47,1.3,1.448,48900
2007-12-20,1.47,1.47,1.44,1.47,4600
2007-12-21,1.52,1.75,1.49,1.7,47400
2007-12-24,1.74,1.82,1.73,1.82,29100
2007-12-26,1.89,1.99,1.8,1.9899,35300
2007-12-27,1.78,1.89,1.78,1.82,82300
2007-12-28,1.82,1.8211,1.75,1.8,22800
2007-12-31,1.85,1.89,1.8,1.835,40600
2008-01-02,1.94,1.94,1.8201,1.85,22500
2008-01-03,1.9,1.92,1.83,1.91,6200
2008-01-04,1.86,1.88,1.84,1.88,15700
2008-01-07,1.84,1.84,1.75,1.7932,10000
2008-01-08,1.61,1.85,1.483,1.61,48800
2008-01-09,1.57,1.57,1.51,1.51,12400
2008-01-10,1.53,1.53,1.46,1.51,65000
2008-01-11,1.51,1.51,1.47,1.49,59000
2008-01-14,1.48,1.56,1.48,1.56,104300
2008-01-15,1.72,1.72,1.5,1.51,50200
2008-01-16,1.52,1.52,1.48,1.51,15000
2008-01-17,1.47,1.5,1.44,1.47,19600
2008-01-18,1.5,1.5,1.5,1.5,1500
2008-01-22,1.35,1.5,1.3,1.5,23900
2008-01-23,1.47,1.53,1.37,1.52,15700
2008-01-24,1.52,1.55,1.46,1.55,40700
2008-01-25,1.5,1.56,1.48,1.55,14400
2008-01-28,1.6,1.77,1.5,1.77,34400
2008-01-29,1.8,2.14,1.7001,2.13,70900
2008-01-30,2.28,2.28,1.85,2.12,96300
2008-01-31,1.95,2.16,1.9,2.11,47000
2008-02-01,2.08,2.4,1.98,2.4,34100
2008-02-04,2.18,2.4,2.03,2.2299,18000
2008-02-05,1.96,2.18,1.9,1.93,22000
2008-02-06,1.94,1.96,1.94,1.96,5500
2008-02-07,1.93,2.05,1.9,2.05,37600
2008-02-08,2.11,2.207,2.05,2.2,55800
2008-02-11,2.22,2.3,2.1,2.26,66600
2008-02-12,2.27,2.27,2.09,2.09,54900
2008-02-13,2.15,2.19,2.1101,2.15,19600
2008-02-14,2.15,2.2,2.15,2.18,38500
2008-02-15,2.19,2.19,2.08,2.12,95500
2008-02-19,2.12,2.15,1.97,2.01,37500
2008-02-20,2.08,2.1164,1.97,2.1164,35700
2008-02-21,2.04,2.04,1.95,1.99,28000
2008-02-22,1.86,2.04,1.79,1.87,46200
2008-02-25,1.89,1.9199,1.81,1.81,125900
2008-02-26,1.87,1.9299,1.8301,1.8301,9300
2008-02-27,1.9,1.9,1.9,1.9,2300
2008-02-28,1.8999,1.9,1.8601,1.9,3100
2008-02-29,1.85,1.9,1.75,1.9,19400
2008-03-03,1.899,1.94,1.76,1.93,11500
2008-03-04,1.9392,1.94,1.77,1.94,4000
2008-03-05,1.88,1.93,1.7801,1.8801,32200
2008-03-06,1.88,1.88,1.75,1.81,17800
2008-03-07,1.81,1.95,1.75,1.8,12300
2008-03-10,1.8,1.8,1.65,1.661,56100
2008-03-11,1.67,1.768,1.65,1.76,17800
2008-03-12,1.9,1.9,1.69,1.78,46600
2008-03-13,1.8,1.9,1.75,1.79,35600
2008-03-14,1.85,1.95,1.75,1.76,23100
2008-03-17,1.89,1.89,1.56,1.57,34600
2008-03-18,1.56,1.65,1.56,1.65,8800
2008-03-19,1.62,1.62,1.5286,1.5984,4600
2008-03-20,1.57,1.57,1.4,1.53,13600
2008-03-24,1.55,1.56,1.45,1.5001,12700
2008-03-25,1.5699,1.64,1.5,1.56,21300
2008-03-26,1.64,1.67,1.57,1.67,6600
2008-03-27,1.65,1.65,1.61,1.63,5300
2008-03-28,1.67,1.67,1.64,1.64,600
2008-03-31,1.48,1.61,1.48,1.61,4400
2008-04-01,1.55,1.55,1.39,1.42,20300
2008-04-02,1.53,1.53,1.4,1.41,10900
2008-04-03,1.48,1.5,1.4501,1.5,15400
2008-04-04,1.5,1.5,1.42,1.42,18300
2008-04-07,1.47,1.4999,1.41,1.41,24000
2008-04-08,1.482,1.482,1.44,1.44,1200
2008-04-09,1.44,1.44,1.42,1.43,5100
2008-04-10,1.43,1.43,1.41,1.41,3300
2008-04-11,1.41,1.41,1.35,1.41,16400
2008-04-14,1.42,1.47,1.35,1.41,13300
2008-04-15,1.41,1.41,1.27,1.4,18500
2008-04-16,1.4,1.4,1.4,1.4,7300
2008-04-17,1.37,1.4,1.35,1.39,10300
2008-04-18,1.3999,1.3999,1.37,1.37,800
2008-04-21,1.42,1.42,1.27,1.4,12600
2008-04-22,1.4,1.4,1.33,1.4,18800
2008-04-23,1.4299,1.4299,1.2,1.335,9500
2008-04-24,1.31,1.34,1.21,1.25,5700
2008-04-25,1.28,1.2801,1.25,1.25,4300
2008-04-28,1.38,1.5,1.17,1.35,22400
2008-04-29,1.29,1.3048,1.26,1.3048,5800
2008-04-30,1.28,1.32,1.22,1.25,14700
2008-05-01,1.3,1.3,1.28,1.3,4300
2008-05-02,1.3,1.3,1.25,1.2601,5800
2008-05-05,1.3,1.31,1.2,1.27,13800
2008-05-06,1.31,1.35,1.23,1.26,38300
2008-05-07,1.3399,1.3399,1.3,1.3,3100
2008-05-08,1.17,1.37,1.17,1.35,12000
2008-05-09,1.38,1.55,1.31,1.49,42700
2008-05-12,1.73,1.73,1.58,1.72,28200
2008-05-13,1.85,2.07,1.81,2.03,55500
2008-05-14,2.07,2.22,1.89,1.89,29800
2008-05-15,1.72,1.8,1.68,1.7,15800
2008-05-16,1.73,1.77,1.73,1.77,1300
2008-05-19,1.75,1.9,1.7,1.71,9900
2008-05-20,1.78,1.8,1.75,1.75,2700
2008-05-21,1.79,1.82,1.79,1.82,2200
2008-05-22,1.98,1.98,1.69,1.69,11200
2008-05-23,1.7499,1.7499,1.69,1.69,3800
2008-05-27,1.7,1.85,1.6,1.67,31900
2008-05-28,1.6,1.66,1.55,1.65,4000
2008-05-29,1.68,1.68,1.68,1.68,900
2008-05-30,1.65,1.73,1.65,1.65,20300
2008-06-02,1.72,1.72,1.5,1.55,7900
2008-06-03,1.55,1.6,1.51,1.51,16400
2008-06-04,1.6,1.6,1.6,1.6,900
2008-06-05,1.61,1.65,1.61,1.61,2400
2008-06-06,1.51,1.582,1.51,1.54,6700
2008-06-09,1.5,1.6,1.5,1.59,4900
2008-06-10,1.57,1.58,1.5,1.5,12400
2008-06-11,1.5,1.54,1.5,1.5001,3700
2008-06-12,1.5,1.5,1.5,1.5,3900
2008-06-13,1.46,1.46,1.45,1.45,5000
2008-06-16,1.33,1.4,1.33,1.4,3700
2008-06-17,1.4,1.4,1.29,1.38,25400
2008-06-18,1.2888,1.29,1.2888,1.29,8400
2008-06-19,1.25,1.42,1.2,1.36,25300
2008-06-20,1.27,1.39,1.26,1.35,10500
2008-06-23,1.35,1.35,1.35,1.35,0
2008-06-24,1.26,1.26,1.2,1.25,7500
2008-06-25,1.28,1.28,1.23,1.25,35600
2008-06-26,1.38,1.65,1.36,1.53,87200
2008-06-27,1.54,1.7,1.47,1.5901,38300
2008-06-30,1.69,1.69,1.52,1.6399,35000
2008-07-01,1.6101,1.6101,1.61,1.61,500
2008-07-02,1.5999,1.6,1.55,1.55,5600
2008-07-03,1.64,1.64,1.5,1.51,14900
2008-07-07,1.5,1.5001,1.5,1.5001,1500
2008-07-08,1.5,1.5099,1.5,1.5,4100
2008-07-09,1.55,1.61,1.55,1.61,18500
2008-07-10,1.55,1.55,1.53,1.53,13100
2008-07-11,1.54,1.54,1.54,1.54,3000
2008-07-14,1.54,1.54,1.53,1.53,10300
2008-07-15,1.53,1.58,1.53,1.58,6400
2008-07-16,1.57,1.59,1.5,1.52,15500
2008-07-17,1.52,1.65,1.5199,1.52,9000
2008-07-18,1.66,1.66,1.4701,1.4701,3400
2008-07-21,1.47,1.53,1.47,1.51,11000
2008-07-22,1.52,1.52,1.45,1.49,5300
2008-07-23,1.49,1.49,1.41,1.42,21100
2008-07-24,1.45,1.47,1.45,1.47,2000
2008-07-25,1.47,1.47,1.47,1.47,4300
2008-07-28,1.46,1.46,1.42,1.43,24300
2008-07-29,1.43,1.45,1.43,1.45,2700
2008-07-30,1.46,1.4601,1.45,1.45,15800
2008-07-31,1.43,1.45,1.42,1.45,5400
2008-08-01,1.45,1.5,1.42,1.4899,21200
2008-08-04,1.49,1.49,1.49,1.49,0
2008-08-05,1.45,1.5,1.27,1.3,47300
2008-08-06,1.34,1.41,1.34,1.4,7200
2008-08-07,1.49,1.49,1.3,1.3,7500
2008-08-08,1.3,1.35,1.3,1.35,2100
2008-08-11,1.3,1.3,1.3,1.3,17600
2008-08-12,1.3,1.35,1.3,1.3478,4200
2008-08-13,1.35,1.39,1.35,1.39,1800
2008-08-14,1.336,1.35,1.336,1.35,1100
2008-08-15,1.35,1.35,1.35,1.35,0
2008-08-18,1.35,1.35,1.3,1.3499,2900
2008-08-19,1.34,1.34,1.3,1.34,5600
2008-08-20,1.36,1.45,1.36,1.45,4500
2008-08-21,1.41,1.43,1.37,1.37,17700
2008-08-22,1.36,1.38,1.26,1.31,11000
2008-08-25,1.39,1.39,1.24,1.28,20900
2008-08-26,1.31,1.36,1.25,1.35,14400
2008-08-27,1.33,1.38,1.27,1.38,11000
2008-08-28,1.38,1.38,1.38,1.38,0
2008-08-29,1.43,1.43,1.4,1.4,1400
2008-09-02,1.43,1.43,1.38,1.38,5800
2008-09-03,1.39,1.3901,1.38,1.3801,3400
2008-09-04,1.39,1.3901,1.33,1.35,8400
2008-09-05,1.35,1.35,1.28,1.3199,16900
2008-09-08,1.3,1.3,1.26,1.26,17200
2008-09-09,1.26,1.28,1.25,1.26,49800
2008-09-10,1.26,1.29,1.2,1.29,47700
2008-09-11,1.36,1.36,1.2,1.2,16100
2008-09-12,1.35,1.39,1.35,1.39,2600
2008-09-15,1.41,1.41,1.31,1.31,3900
2008-09-16,1.3,1.32,1.212,1.3199,10000
2008-09-17,1.31,1.61,1.25,1.25,18800
2008-09-18,1.3,1.355,1.28,1.35,23600
2008-09-19,1.5,1.5,1.32,1.39,10400
2008-09-22,1.4,1.45,1.3,1.45,21300
2008-09-23,1.6,1.9,1.4518,1.87,143100
2008-09-24,1.9,2.0,1.78,1.78,68300
2008-09-25,1.78,1.98,1.78,1.98,52400
2008-09-26,2.0,2.22,2.0,2.22,39500
2008-09-29,2.25,2.3,2.04,2.15,65300
2008-09-30,2.25,2.25,2.0,2.05,15000
2008-10-01,2.0,2.05,1.95,1.97,40600
2008-10-02,1.93,1.93,1.75,1.76,31900
2008-10-03,1.75,1.99,1.74,1.97,25700
2008-10-06,1.88,1.88,1.66,1.66,17900
2008-10-07,1.79,1.79,1.6,1.6,31000
2008-10-08,1.54,1.631,1.38,1.38,43000
2008-10-09,1.44,1.65,1.37,1.37,188100
2008-10-10,1.41,1.41,1.2,1.2799,38100
2008-10-13,1.29,1.464,1.28,1.373,8300
2008-10-14,1.38,1.38,1.32,1.32,4000
2008-10-15,1.36,1.36,1.2,1.2,9500
2008-10-16,1.29,1.29,1.11,1.11,35600
2008-10-17,1.08,1.19,1.05,1.19,11100
2008-10-20,1.29,1.306,1.14,1.22,15900
2008-10-21,1.18,1.1801,1.14,1.1801,4300
2008-10-22,1.2,1.2,1.06,1.12,149200
2008-10-23,1.15,1.15,1.02,1.02,76900
2008-10-24,0.89,0.95,0.88,0.95,21000
2008-10-27,0.93,0.95,0.86,0.86,55600
2008-10-28,0.92,0.92,0.92,0.92,3000
2008-10-29,0.9398,1.06,0.9398,1.04,41800
2008-10-30,1.05,1.24,1.01,1.12,420100
2008-10-31,1.35,1.35,1.09,1.21,586800
2008-11-03,1.21,1.484,1.2,1.41,186400
2008-11-04,1.56,1.69,1.49,1.55,165500
2008-11-05,1.53,1.68,1.39,1.43,100100
2008-11-06,1.5,1.5,1.25,1.25,127500
2008-11-07,1.23,1.34,1.2,1.28,39200
2008-11-10,1.39,1.39,1.25,1.25,55000
2008-11-11,1.23,1.25,1.18,1.2,40500
2008-11-12,1.21,1.21,1.06,1.0696,90600
2008-11-13,1.1,1.11,1.02,1.08,77100
2008-11-14,1.12,1.19,1.11,1.19,33700
2008-11-17,1.31,1.39,1.25,1.27,128300
2008-11-18,1.23,1.3099,1.2,1.23,15800
2008-11-19,1.21,1.21,1.1,1.1,58100
2008-11-20,1.1,1.11,1.01,1.05,31100
2008-11-21,1.09,1.15,1.01,1.09,162200
2008-11-24,1.22,1.22,1.09,1.09,88300
2008-11-25,1.12,1.12,1.02,1.05,46800
2008-11-26,1.05,1.07,1.01,1.03,66700
2008-11-28,1.09,1.09,0.98,1.04,29700
2008-12-01,1.05,1.05,0.96,0.97,55300
2008-12-02,0.99,0.99,0.9,0.93,89100
2008-12-03,0.93,0.93,0.87,0.88,39800
2008-12-04,0.89,0.9199,0.87,0.87,35800
2008-12-05,0.9,0.9,0.83,0.9,57800
2008-12-08,0.91,0.97,0.91,0.9599,25700
2008-12-09,0.96,1.08,0.93,0.93,30100
2008-12-10,1.0,1.2,0.88,0.91,171600
2008-12-11,0.99,1.13,0.99,1.06,101200
2008-12-12,1.1,1.1155,1.06,1.1,26200
2008-12-15,1.21,1.21,1.06,1.11,63800
2008-12-16,1.16,1.21,1.13,1.21,69300
2008-12-17,1.18,1.34,1.16,1.31,110900
2008-12-18,1.35,1.35,1.2,1.21,41600
2008-12-19,1.29,1.35,1.23,1.35,77300
2008-12-22,1.33,1.37,1.25,1.26,61400
2008-12-23,1.33,1.3309,1.26,1.29,34400
2008-12-24,1.3032,1.33,1.2901,1.32,6800
2008-12-26,1.32,1.33,1.27,1.33,8200
2008-12-29,1.46,1.46,1.37,1.44,31500
2008-12-30,1.44,1.44,1.27,1.28,55900
2008-12-31,1.32,1.32,1.2201,1.28,109800
2009-01-02,1.28,1.35,1.28,1.3299,15600
2009-01-05,1.46,1.5,1.3,1.5,84500
2009-01-06,1.47,1.55,1.39,1.4901,105200
2009-01-07,1.53,1.53,1.45,1.4799,47900
2009-01-08,1.52,1.55,1.48,1.55,26700
2009-01-09,1.6,1.77,1.55,1.7016,112600
2009-01-12,1.75,1.75,1.6,1.6568,46700
2009-01-13,1.66,1.66,1.48,1.5,85900
2009-01-14,1.48,1.55,1.4,1.46,87600
2009-01-15,1.48,1.48,1.4,1.45,20600
2009-01-16,1.5,1.59,1.42,1.54,54600
2009-01-20,1.7,1.7,1.5124,1.5124,57500
2009-01-21,1.54,1.64,1.52,1.64,25000
2009-01-22,1.75,1.75,1.6399,1.73,107900
2009-01-23,1.71,2.0,1.7001,1.99,103500
2009-01-26,2.03,2.15,2.0199,2.09,165500
2009-01-27,2.15,2.15,1.93,1.985,64000
2009-01-28,2.09,2.11,1.96,2.04,83800
2009-01-29,2.11,2.44,2.03,2.34,438600
2009-01-30,2.35,2.5,2.19,2.2101,165100
2009-02-02,2.18,2.31,2.15,2.22,133600
2009-02-03,2.22,2.22,2.13,2.17,116600
2009-02-04,2.11,2.21,2.1,2.17,113400
2009-02-05,2.2,2.25,2.15,2.25,113700
2009-02-06,2.17,2.24,2.13,2.21,116000
2009-02-09,2.01,2.23,2.01,2.1099,88200
2009-02-10,2.19,2.19,2.01,2.09,135300
2009-02-11,2.18,2.32,2.06,2.31,115900
2009-02-12,2.11,2.4,2.11,2.4,105900
2009-02-13,2.4,2.4,2.3,2.3301,37500
2009-02-17,2.31,2.7,2.2,2.34,165500
2009-02-18,2.41,2.57,2.41,2.46,80500
2009-02-19,2.46,2.48,2.2399,2.2399,65500
2009-02-20,2.35,2.42,2.3,2.4,83000
2009-02-23,2.44,2.45,2.35,2.37,64400
2009-02-24,2.37,2.37,1.861,2.13,333700
2009-02-25,2.22,2.22,2.06,2.0999,76700
2009-02-26,2.07,2.12,2.06,2.09,62500
2009-02-27,2.14,2.23,2.14,2.19,112300
2009-03-02,2.22,2.22,2.04,2.09,94600
2009-03-03,2.06,2.09,2.0,2.09,62300
2009-03-04,2.1,2.1899,2.0601,2.16,73300
2009-03-05,2.18,2.3,2.1594,2.3,61300
2009-03-06,2.5,2.5,2.3654,2.41,43400
2009-03-09,2.45,2.45,2.2539,2.2899,7400
2009-03-10,2.3,2.3,1.96,2.0,237700
2009-03-11,2.0,2.15,2.0,2.1,64100
2009-03-12,2.15,2.3,2.1,2.24,43500
2009-03-13,2.3,2.4,2.25,2.33,79000
2009-03-16,2.3,2.39,2.22,2.2599,29900
2009-03-17,2.24,2.24,2.14,2.17,87500
2009-03-18,2.15,2.38,2.12,2.34,110400
2009-03-19,2.56,2.56,2.4,2.45,109800
2009-03-20,2.55,2.55,2.36,2.3966,86800
2009-03-23,2.32,2.49,2.32,2.4784,55700
2009-03-24,2.48,2.48,2.32,2.47,63900
2009-03-25,2.44,2.59,2.43,2.56,118300
2009-03-26,2.65,2.72,2.55,2.62,103500
2009-03-27,2.68,2.68,2.58,2.6001,21100
2009-03-30,2.55,2.5599,2.4,2.4599,82300
2009-03-31,2.59,2.59,2.41,2.49,39400
2009-04-01,2.48,2.51,2.4,2.4699,124700
2009-04-02,2.48,2.48,2.33,2.39,86300
2009-04-03,2.39,2.39,2.26,2.26,51300
2009-04-06,2.2,2.22,2.12,2.21,93300
2009-04-07,2.21,2.32,2.17,2.3,44300
2009-04-08,2.3,2.4,2.27,2.4,38800
2009-04-09,2.3,2.36,2.3,2.36,38300
2009-04-13,2.37,2.4301,2.32,2.4301,77300
2009-04-14,2.4455,2.48,2.3801,2.4001,70900
2009-04-15,2.4,2.47,2.4,2.46,82900
2009-04-16,2.53,2.53,2.41,2.49,276400
2009-04-17,2.44,2.52,2.39,2.5,129700
2009-04-20,2.5,2.5,2.44,2.45,109400
2009-04-21,2.44,2.47,2.4,2.42,94200
2009-04-22,2.4,2.42,2.35,2.38,23600
2009-04-23,2.3994,2.54,2.3994,2.54,106800
2009-04-24,2.54,2.65,2.54,2.65,182200
2009-04-27,2.61,2.66,2.5,2.5,68500
2009-04-28,2.49,2.52,2.44,2.47,26400
2009-04-29,2.49,2.6,2.49,2.55,27100
2009-04-30,2.56,2.7,2.5198,2.55,33000
2009-05-01,2.62,2.7,2.55,2.7,89400
2009-05-04,2.74,3.14,2.68,2.8899,317200
2009-05-05,3.02,3.02,2.706,2.77,185400
2009-05-06,2.8,2.99,2.67,2.99,124200
2009-05-07,2.98,3.19,2.95,3.08,210800
2009-05-08,3.1,3.2296,3.0,3.2296,101900
2009-05-11,3.2,3.2,2.83,3.1,183800
2009-05-12,3.11,3.12,2.96,3.03,211900
2009-05-13,2.99,3.0,2.75,2.77,129800
2009-05-14,2.71,2.88,2.6513,2.74,134100
2009-05-15,2.83,2.84,2.6899,2.75,85100
2009-05-18,2.69,2.8001,2.69,2.76,27900
2009-05-19,2.79,2.86,2.65,2.76,83700
2009-05-20,2.72,2.86,2.72,2.74,125300
2009-05-21,2.71,2.8,2.67,2.79,92300
2009-05-22,2.85,2.9,2.79,2.86,139300
2009-05-26,2.9,2.92,2.78,2.88,78100
2009-05-27,2.82,2.9,2.76,2.7701,65300
2009-05-28,2.85,3.11,2.83,3.1,147600
2009-05-29,3.23,3.33,3.05,3.33,211400
2009-06-01,3.35,3.35,3.07,3.11,265500
2009-06-02,3.14,3.15,3.05,3.09,104000
2009-06-03,3.12,3.12,2.92,3.09,149600
2009-06-04,3.09,3.24,3.06,3.2001,89100
2009-06-05,3.11,3.2,3.01,3.08,106800
2009-06-08,3.01,3.08,2.9698,3.04,70500
2009-06-09,3.05,3.19,3.04,3.18,91300
2009-06-10,3.22,3.31,3.18,3.31,57100
2009-06-11,3.28,3.64,3.28,3.62,172600
2009-06-12,3.57,3.57,3.41,3.51,61900
2009-06-15,3.27,3.52,3.27,3.33,71800
2009-06-16,3.4,3.4486,3.29,3.39,65700
2009-06-17,3.39,3.39,3.0,3.16,139400
2009-06-18,3.13,3.18,2.96,2.96,98600
2009-06-19,3.07,3.0868,2.91,3.0,182400
2009-06-22,3.02,3.02,2.75,2.85,150300
2009-06-23,2.83,2.9,2.75,2.89,112300
2009-06-24,2.92,3.05,2.89,2.89,89200
2009-06-25,2.9,3.0,2.9,3.0,73900
2009-06-26,3.08,3.08,2.97,3.01,39500
2009-06-29,3.1,3.28,3.03,3.25,287100
2009-06-30,3.24,3.25,3.08,3.18,110900
2009-07-01,3.2,3.35,3.15,3.31,128400
2009-07-02,3.47,3.47,3.04,3.15,135900
2009-07-06,3.03,3.14,2.9,2.9,110600
2009-07-07,2.95,3.0489,2.82,2.83,135300
2009-07-08,2.8,2.84,2.61,2.64,306700
2009-07-09,2.61,2.77,2.61,2.7,94300
2009-07-10,2.69,2.72,2.55,2.55,214000
2009-07-13,2.6,2.74,2.42,2.71,193100
2009-07-14,2.75,2.83,2.75,2.77,103200
2009-07-15,2.85,2.92,2.8,2.8,126100
2009-07-16,3.05,3.05,2.85,2.93,96500
2009-07-17,2.94,2.97,2.83,2.94,42500
2009-07-20,2.93,3.1,2.93,3.01,149300
2009-07-21,3.03,3.04,2.96,2.97,127900
2009-07-22,2.96,3.2,2.96,3.2,106900
2009-07-23,3.2,3.3,3.17,3.29,127900
2009-07-24,3.28,3.34,3.18,3.21,57700
2009-07-27,3.16,3.3,3.16,3.23,82700
2009-07-28,3.25,3.25,3.0501,3.08,145100
2009-07-29,3.05,3.13,3.05,3.12,110100
2009-07-30,3.2,3.35,3.1806,3.34,87500
2009-07-31,3.3,3.48,3.3,3.48,79000
2009-08-03,3.5,3.5,3.34,3.49,106500
2009-08-04,3.5,3.5,3.39,3.44,70200
2009-08-05,3.45,3.6,3.45,3.6,139300
2009-08-06,3.61,3.62,3.49,3.5,111200
2009-08-07,3.47,3.47,3.26,3.27,112100
2009-08-10,3.28,3.3,3.12,3.16,75300
2009-08-11,3.13,3.22,3.11,3.19,68500
2009-08-12,3.18,3.23,3.15,3.19,46100
2009-08-13,3.25,3.2799,3.13,3.19,147000
2009-08-14,3.2,3.22,3.07,3.15,136300
2009-08-17,3.01,3.05,2.85,2.89,262700
2009-08-18,2.9,2.99,2.88,2.96,100100
2009-08-19,2.92,3.08,2.87,3.07,61500
2009-08-20,3.09,3.1,3.0,3.1,86800
2009-08-21,3.15,3.25,3.15,3.2497,115500
2009-08-24,3.25,3.32,2.9501,3.16,180100
2009-08-25,3.23,3.23,2.96,3.0,144800
2009-08-26,3.12,3.12,2.92,3.08,126600
2009-08-27,3.1,3.19,3.05,3.15,93700
2009-08-28,3.15,3.23,3.1,3.15,138600
2009-08-31,3.18,3.18,3.07,3.12,118400
2009-09-01,3.15,3.18,2.95,3.07,79800
2009-09-02,3.08,3.49,3.0,3.44,307600
2009-09-03,3.47,3.83,3.47,3.83,351500
2009-09-04,3.76,3.93,3.6,3.89,173000
2009-09-08,4.0,4.15,3.9,4.15,190500
2009-09-09,4.01,4.14,3.64,3.98,251700
2009-09-10,4.0,4.18,3.93,4.17,142100
2009-09-11,4.26,4.48,4.179,4.4,235000
2009-09-14,4.4,4.48,4.05,4.1599,135700
2009-09-15,4.13,4.28,4.01,4.26,158200
2009-09-16,4.4,4.5,4.36,4.46,121200
2009-09-17,4.45,4.5,4.21,4.34,157400
2009-09-18,4.26,4.47,4.26,4.29,76400
2009-09-21,4.24,4.25,3.91,4.12,180600
2009-09-22,4.23,4.29,4.1,4.24,104200
2009-09-23,4.3,4.3,4.17,4.2,93000
2009-09-24,4.22,4.22,3.85,3.98,138800
2009-09-25,4.01,4.01,3.79,3.88,199600
2009-09-28,3.88,4.11,3.82,4.04,80300
2009-09-29,3.85,4.05,3.85,4.04,74500
2009-09-30,4.07,4.13,3.98,4.04,98400
2009-10-01,4.04,4.06,3.9,3.96,136000
2009-10-02,3.95,4.22,3.84,4.21,128000
2009-10-05,4.26,4.46,4.21,4.34,104500
2009-10-06,4.46,4.65,4.42,4.59,310600
2009-10-07,4.69,5.2299,4.6,5.18,791300
2009-10-08,5.35,5.67,5.25,5.51,543000
2009-10-09,5.49,5.53,5.31,5.43,195100
2009-10-12,5.43,5.74,5.19,5.39,211300
2009-10-13,5.6,5.99,5.35,5.69,643600
2009-10-14,5.68,5.99,5.66,5.75,434300
2009-10-15,5.73,5.73,5.45,5.54,341800
2009-10-16,5.41,5.81,5.41,5.65,327600
2009-10-19,5.64,5.7799,5.5,5.74,167400
2009-10-20,5.75,5.8,5.33,5.33,206400
2009-10-21,5.39,5.53,5.2,5.38,225500
2009-10-22,5.43,5.45,5.02,5.09,168400
2009-10-23,5.2,5.24,5.081,5.11,121700
2009-10-26,5.16,5.26,5.0,5.06,247300
2009-10-27,5.08,5.13,4.8,4.9,310000
2009-10-28,4.85,4.9,4.63,4.63,348300
2009-10-29,4.67,5.07,4.67,4.8,197600
2009-10-30,4.8,4.82,4.6,4.71,148300
2009-11-02,4.78,5.06,4.65,4.69,273900
2009-11-03,4.54,5.34,4.54,5.2,643700
2009-11-04,5.49,5.6899,5.23,5.53,545200
2009-11-05,5.46,5.67,5.45,5.49,167400
2009-11-06,5.49,5.82,5.49,5.77,215100
2009-11-09,5.84,6.4,5.84,6.12,357200
2009-11-10,6.05,6.26,5.89,6.17,226900
2009-11-11,6.26,6.4,6.19,6.21,106500
2009-11-12,6.14,6.18,5.85,5.87,176800
2009-11-13,5.85,6.31,5.85,6.24,163100
2009-11-16,6.37,6.65,6.37,6.58,333700
2009-11-17,6.53,6.54,6.2602,6.53,215700
2009-11-18,6.56,6.68,6.5,6.52,228000
2009-11-19,6.6,6.6,6.21,6.47,132000
2009-11-20,6.78,6.78,6.2701,6.36,108400
2009-11-23,6.5,6.75,6.39,6.45,228700
2009-11-24,6.39,6.48,6.25,6.42,86700
2009-11-25,6.44,6.69,6.35,6.69,168000
2009-11-27,5.69,6.68,5.69,6.66,231800
2009-11-30,6.68,7.5,6.68,7.26,442400
2009-12-01,7.39,7.66,7.32,7.57,296100
2009-12-02,7.64,7.83,7.6,7.6099,227600
2009-12-03,7.85,7.85,7.33,7.57,327000
2009-12-04,7.5,7.59,7.11,7.27,267100
2009-12-07,7.1,7.557,6.96,7.3,449300
2009-12-08,7.25,7.4,7.04,7.18,257100
2009-12-09,7.18,7.24,6.97,7.0701,408600
2009-12-10,7.22,7.22,6.98,7.08,221300
2009-12-11,7.03,7.09,6.8,6.84,271000
2009-12-14,6.84,7.11,6.68,7.1,158100
2009-12-15,7.08,7.2201,7.03,7.18,202100
2009-12-16,7.21,7.54,7.2,7.47,317300
2009-12-17,7.3,7.47,6.9501,7.04,450200
2009-12-18,7.25,7.25,7.0601,7.15,232300
2009-12-21,7.21,7.3082,6.76,6.87,200200
2009-12-22,6.82,6.86,6.46,6.73,275900
2009-12-23,6.82,6.8299,6.71,6.73,177100
2009-12-24,6.82,6.82,6.69,6.79,116500
2009-12-28,7.0,7.0,6.77,6.85,123300
2009-12-29,6.83,6.87,6.72,6.74,183500
2009-12-30,6.65,6.91,6.52,6.86,265500
2009-12-31,6.93,7.18,6.83,7.09,187600
2010-01-04,7.37,7.37,7.16,7.27,204300
2010-01-05,7.3,7.47,7.23,7.4,177000
2010-01-06,7.38,7.84,7.38,7.7,669500
2010-01-07,7.71,7.71,7.5,7.6,195400
2010-01-08,7.51,7.81,7.51,7.81,447900
2010-01-11,7.91,8.08,7.65,7.74,367600
2010-01-12,7.68,7.68,7.3,7.4,349700
2010-01-13,7.43,7.66,7.32,7.58,200300
2010-01-14,7.58,7.65,7.29,7.37,261300
2010-01-15,7.32,7.35,7.19,7.32,149500
2010-01-19,7.34,7.54,7.25,7.48,168500
2010-01-20,7.3,7.3,7.09,7.16,177000
2010-01-21,7.15,7.22,6.65,6.81,428700
2010-01-22,6.77,6.9799,6.65,6.9,211800
2010-01-25,6.91,7.03,6.69,6.75,192900
2010-01-26,6.59,6.7,6.5,6.6,239400
2010-01-27,6.56,6.6,6.27,6.32,240400
2010-01-28,6.41,6.41,6.0,6.13,384200
2010-01-29,6.1,6.27,5.98,6.02,236400
2010-02-01,6.1,6.35,5.97,6.35,330100
2010-02-02,6.46,6.7,6.3299,6.43,216600
2010-02-03,6.45,6.45,6.07,6.22,220300
2010-02-04,6.07,6.08,5.75,5.76,345200
2010-02-05,5.67,6.0,5.5,6.0,450600
2010-02-08,6.05,6.07,5.87,5.89,184700
2010-02-09,5.95,6.02,5.83,6.0,296200
2010-02-10,6.0,6.02,5.75,5.98,101400
2010-02-11,6.0,6.57,6.0,6.5,204200
2010-02-12,6.46,6.46,6.29,6.39,141700
2010-02-16,6.6,6.83,6.48,6.78,279600
2010-02-17,6.8,6.8,6.41,6.62,274900
2010-02-18,6.48,6.89,6.4,6.87,227500
2010-02-19,6.77,6.78,6.64,6.71,170800
2010-02-22,6.82,6.82,6.46,6.5,158700
2010-02-23,6.4,6.58,6.12,6.17,228900
2010-02-24,6.16,6.25,6.12,6.15,107200
2010-02-25,6.02,6.54,5.98,6.53,380500
2010-02-26,6.6,6.65,6.43,6.58,175500
2010-03-01,6.6,6.65,6.55,6.6319,113500
2010-03-02,6.65,7.07,6.63,6.97,378300
2010-03-03,7.04,7.08,6.85,6.85,184100
2010-03-04,6.93,6.94,6.65,6.9,218200
2010-03-05,6.91,6.97,6.76,6.8,128300
2010-03-08,6.87,6.87,6.65,6.67,152000
2010-03-09,6.52,6.54,6.3601,6.48,334600
2010-03-10,6.42,6.46,6.1,6.15,388200
2010-03-11,6.18,6.18,5.8,5.95,639500
2010-03-12,5.99,6.03,5.85,5.92,330500
2010-03-15,6.0,6.0,5.67,5.84,216500
2010-03-16,5.93,6.38,5.87,6.3,403500
2010-03-17,6.25,6.35,6.0601,6.13,318800
2010-03-18,6.13,6.13,5.91,5.94,431500
2010-03-19,5.99,6.01,5.71,5.83,228100
2010-03-22,5.69,5.79,5.64,5.71,310000
2010-03-23,5.8,6.0,5.77,5.93,206900
2010-03-24,6.0,6.0,5.69,5.71,182700
2010-03-25,5.8,5.8,5.6,5.61,180200
2010-03-26,5.6,5.74,5.52,5.68,124800
2010-03-29,5.76,5.9,5.68,5.84,89500
2010-03-30,5.87,5.96,5.75,5.78,108900
2010-03-31,5.81,5.98,5.72,5.76,104800
2010-04-01,5.87,6.32,5.8,6.24,243400
2010-04-05,6.5,6.8,6.39,6.71,441500
2010-04-06,6.8,6.99,6.67,6.9,341900
2010-04-07,6.97,7.26,6.92,7.14,363200
2010-04-08,7.09,7.24,6.94,7.13,171300
2010-04-09,7.2,7.65,7.15,7.55,264800
2010-04-12,7.56,7.79,7.3,7.35,613400
2010-04-13,7.26,7.28,7.13,7.22,191000
2010-04-14,7.24,7.33,7.13,7.21,196000
2010-04-15,7.17,7.26,7.05,7.06,141800
2010-04-16,6.99,7.0,6.65,6.89,386200
2010-04-19,6.81,6.89,6.61,6.89,199900
2010-04-20,6.91,7.19,6.91,7.1,129700
2010-04-21,7.12,7.18,7.01,7.08,99900
2010-04-22,7.03,7.25,6.86,7.18,99600
2010-04-23,7.11,7.39,7.0106,7.27,116800
2010-04-26,7.29,7.4,7.08,7.09,147200
2010-04-27,7.08,7.13,6.92,7.0,116800
2010-04-28,7.05,7.3,6.97,7.22,169800
2010-04-29,7.31,7.44,7.21,7.28,181600
2010-04-30,7.36,7.36,6.98,7.02,236500
2010-05-03,7.03,7.12,6.83,6.93,128500
2010-05-04,6.9,6.91,6.64,6.74,232300
2010-05-05,6.55,6.7002,6.34,6.44,215900
2010-05-06,6.41,6.7,6.32,6.61,417200
2010-05-07,6.55,6.74,6.47,6.5317,164600
2010-05-10,6.56,6.79,6.55,6.78,117300
2010-05-11,6.96,7.28,6.82,7.19,293700
2010-05-12,7.29,7.39,7.15,7.18,263900
2010-05-13,7.26,7.3,7.12,7.2,193400
2010-05-14,7.22,7.3,6.94,7.1498,211800
2010-05-17,7.11,7.26,6.9,7.17,126400
2010-05-18,7.18,7.29,6.95,7.05,211400
2010-05-19,6.85,6.9,6.57,6.8,225800
2010-05-20,6.52,6.71,6.26,6.4,295500
2010-05-21,6.33,6.85,6.26,6.62,292700
2010-05-24,6.85,6.88,6.53,6.58,71000
2010-05-25,6.52,6.96,6.25,6.88,177000
2010-05-26,7.0,7.14,6.9,7.11,207700
2010-05-27,7.12,7.23,6.93,7.18,134800
2010-05-28,7.07,7.23,7.07,7.19,81400
2010-06-01,7.25,7.31,7.02,7.02,247300
2010-06-02,7.02,7.12,6.82,6.99,108100
2010-06-03,7.03,7.04,6.8,6.9,64900
2010-06-04,6.86,6.87,6.56,6.63,82600
2010-06-07,6.6,6.79,6.5,6.71,164400
2010-06-08,6.76,6.83,6.68,6.7,100800
2010-06-09,6.77,6.79,6.42,6.469,163000
2010-06-10,6.49,6.52,6.43,6.51,132400
2010-06-11,6.45,6.51,6.4401,6.49,83900
2010-06-14,6.48,6.6,6.23,6.27,193900
2010-06-15,6.32,6.53,6.26,6.5,127500
2010-06-16,6.37,6.86,6.37,6.61,144100
2010-06-17,6.67,6.8104,6.66,6.7601,85900
2010-06-18,6.84,6.95,6.74,6.81,151600
2010-06-21,6.81,6.88,6.3,6.39,205200
2010-06-22,6.29,6.61,6.29,6.4,114100
2010-06-23,6.41,6.65,6.32,6.53,111800
2010-06-24,6.51,6.66,6.48,6.56,67700
2010-06-25,6.6,6.81,6.57,6.77,121700
2010-06-28,6.8,7.0,6.78,6.85,162500
2010-06-29,6.62,6.7995,6.43,6.72,129600
2010-06-30,6.65,6.73,6.57,6.63,120900
2010-07-01,6.47,6.63,6.04,6.59,260100
2010-07-02,6.59,6.61,6.22,6.25,92900
2010-07-06,6.26,6.3,6.01,6.01,226400
2010-07-07,6.0,6.2305,6.0,6.2,133400
2010-07-08,6.22,6.22,6.04,6.12,100700
2010-07-09,6.2,6.25,6.02,6.16,209000
2010-07-12,6.16,6.18,5.99,6.08,123400
2010-07-13,6.15,6.32,6.15,6.2699,133500
2010-07-14,6.26,6.28,6.11,6.22,124600
2010-07-15,6.24,6.24,6.05,6.18,101700
2010-07-16,6.12,6.21,5.97,6.0,209700
2010-07-19,5.95,5.9999,5.8,5.89,145500
2010-07-20,5.84,6.13,5.83,6.08,96700
2010-07-21,6.11,6.14,5.8,5.84,136100
2010-07-22,5.9,6.01,5.81,5.9,173800
2010-07-23,5.94,6.14,5.93,6.13,118800
2010-07-26,6.14,6.16,6.1,6.1,71400
2010-07-27,6.11,6.11,5.93,5.98,98900
2010-07-28,6.04,6.05,5.96,6.03,109000
2010-07-29,6.06,6.2,6.05,6.17,184100
2010-07-30,6.16,6.25,6.16,6.2,110600
2010-08-02,6.19,6.35,6.06,6.26,114700
2010-08-03,6.3,6.45,6.22,6.31,139800
2010-08-04,6.4,6.4,6.089,6.19,263600
2010-08-05,6.12,6.14,5.97,5.97,154900
2010-08-06,6.02,6.14,5.99,6.05,107400
2010-08-09,6.07,6.12,5.92,6.03,99000
2010-08-10,6.0,6.05,5.9,6.04,84600
2010-08-11,5.97,6.04,5.85,6.04,161200
2010-08-12,6.07,6.24,6.01,6.21,126500
2010-08-13,6.22,6.23,6.11,6.18,42900
2010-08-16,6.23,6.29,6.18,6.22,88500
2010-08-17,6.27,6.28,6.17,6.21,96200
2010-08-18,6.18,6.44,6.1,6.39,205700
2010-08-19,6.4,6.49,6.29,6.33,131800
2010-08-20,6.27,6.28,6.14,6.27,60000
2010-08-23,6.28,6.28,6.0401,6.06,127000
2010-08-24,6.03,6.14,5.9,6.02,145500
2010-08-25,6.0,6.38,5.93,6.37,336200
2010-08-26,6.3,6.4,5.77,5.98,709800
2010-08-27,6.04,6.2,5.995,6.08,103200
2010-08-30,6.13,6.4,6.13,6.23,227600
2010-08-31,6.22,6.46,6.2,6.25,176800
2010-09-01,6.3,6.32,6.22,6.28,114800
2010-09-02,6.2924,6.33,6.24,6.26,27400
2010-09-03,6.27,6.35,6.12,6.29,143600
2010-09-07,6.35,6.38,6.149,6.149,123800
2010-09-08,6.26,6.35,6.17,6.17,111400
2010-09-09,6.26,6.27,6.01,6.01,98300
2010-09-10,6.01,6.09,5.8999,6.01,205900
2010-09-13,6.05,6.1,5.93,5.94,71600
2010-09-14,6.06,6.25,6.03,6.25,182500
2010-09-15,6.25,6.27,6.17,6.19,107200
2010-09-16,6.23,6.25,6.18,6.23,94600
2010-09-17,6.22,6.38,6.14,6.24,210800
2010-09-20,6.24,6.3,6.17,6.21,116800
2010-09-21,6.24,6.38,6.16,6.38,95500
2010-09-22,6.5,6.65,6.35,6.48,229500
2010-09-23,6.46,6.48,6.25,6.25,119200
2010-09-24,6.37,6.42,6.24,6.24,99200
2010-09-27,6.35,6.44,6.3,6.3801,223700
2010-09-28,6.44,6.63,6.3,6.58,278000
2010-09-29,6.33,6.37,6.18,6.22,519300
2010-09-30,6.27,6.33,6.23,6.3,241700
2010-10-01,6.32,6.38,6.3,6.3695,160300
2010-10-04,6.36,6.37,6.19,6.19,123100
2010-10-05,6.37,6.38,6.28,6.2901,188600
2010-10-06,6.34,6.41,6.31,6.41,162000
2010-10-07,6.41,6.54,6.3,6.48,520500
2010-10-08,6.48,6.49,6.34,6.4295,148500
2010-10-11,6.5,6.58,6.36,6.53,115600
2010-10-12,6.48,6.55,6.39,6.49,203300
2010-10-13,6.53,6.68,6.35,6.64,467000
2010-10-14,6.7,6.83,6.65,6.69,843500
2010-10-15,6.73,7.1,6.65,7.01,445800
2010-10-18,7.07,7.1,6.89,6.93,244400
2010-10-19,6.86,6.86,6.65,6.65,248100
2010-10-20,6.7,6.95,6.66,6.9,228400
2010-10-21,7.03,7.15,6.79,6.86,504400
2010-10-22,6.93,6.96,6.79,6.91,223700
2010-10-25,7.03,7.2899,7.03,7.24,349900
2010-10-26,7.16,7.29,6.97,7.09,258800
2010-10-27,7.08,7.29,7.04,7.28,369100
2010-10-28,7.36,7.5,7.21,7.38,192300
2010-10-29,7.48,7.62,7.4,7.44,239600
2010-11-01,7.47,7.5,7.28,7.4,215600
2010-11-02,7.46,7.85,7.46,7.8101,537400
2010-11-03,7.94,8.07,7.7201,8.05,568100
2010-11-04,8.25,8.55,8.17,8.49,730200
2010-11-05,8.44,8.75,8.33,8.42,401500
2010-11-08,8.51,8.59,8.05,8.47,450300
2010-11-09,8.61,8.81,8.05,8.1382,383100
2010-11-10,8.0,8.29,7.81,8.29,409600
2010-11-11,8.37,8.4,8.15,8.34,91000
2010-11-12,8.29,8.35,7.95,8.06,191400
2010-11-15,8.16,8.17,8.0,8.04,147900
2010-11-16,8.15,8.15,7.71,7.71,493700
2010-11-17,7.75,7.85,7.71,7.73,474900
2010-11-18,7.85,7.98,7.72,7.76,533500
2010-11-19,7.83,8.34,7.78,8.26,432100
2010-11-22,8.34,8.4,8.073,8.35,519200
2010-11-23,8.33,8.47,8.2,8.32,230700
2010-11-24,8.31,8.41,8.17,8.24,183100
2010-11-26,8.19,8.44,8.08,8.4,124400
2010-11-29,8.44,9.12,8.41,8.89,609500
2010-11-30,9.25,9.8,9.09,9.65,1028800
2010-12-01,9.7,9.89,9.42,9.78,531100
2010-12-02,9.72,9.8199,9.35,9.44,494100
2010-12-03,9.49,9.77,9.47,9.6,224100
2010-12-06,9.74,9.94,9.5,9.59,552500
2010-12-07,9.72,9.72,9.26,9.34,476400
2010-12-08,9.28,9.3281,8.79,9.06,527600
2010-12-09,9.11,9.31,9.01,9.16,224200
2010-12-10,9.19,9.33,9.03,9.33,227000
2010-12-13,9.44,9.95,9.44,9.8,504200
2010-12-14,9.88,9.94,9.65,9.76,465400
2010-12-15,9.72,9.97,9.45,9.5299,364100
2010-12-16,9.6,9.64,9.3,9.34,291700
2010-12-17,9.36,10.26,9.2605,10.0,823600
2010-12-20,9.75,9.93,9.36,9.81,628000
2010-12-21,9.91,10.29,9.829,10.22,517700
2010-12-22,10.19,10.25,9.64,9.66,292800
2010-12-23,9.65,10.0,9.52,9.78,208700
2010-12-27,9.81,9.81,9.5299,9.59,149600
2010-12-28,9.84,10.26,9.68,10.14,334300
2010-12-29,10.11,10.36,9.91,10.04,422900
2010-12-30,10.03,10.09,9.82,9.88,197800
2010-12-31,9.9,10.34,9.9,10.07,284100
2011-01-03,10.22,10.22,9.9,9.99,256900
2011-01-04,9.92,9.99,9.21,9.39,506500
2011-01-05,9.31,9.46,8.97,9.27,422800
2011-01-06,9.2,9.24,8.85,8.93,428300
2011-01-07,8.87,9.14,8.85,9.0,334000
2011-01-10,8.95,9.0999,8.74,9.02,225700
2011-01-11,9.14,9.55,9.14,9.41,273100
2011-01-12,9.41,9.51,9.2,9.32,237700
2011-01-13,9.29,9.32,9.06,9.1,198200
2011-01-14,9.01,9.05,8.58,8.66,500100
2011-01-18,8.79,8.85,8.584,8.76,326400
2011-01-19,8.78,8.91,8.55,8.55,265300
2011-01-20,8.45,8.51,8.02,8.42,431700
2011-01-21,8.41,8.65,8.27,8.37,223500
2011-01-24,8.39,8.67,8.24,8.32,225000
2011-01-25,8.26,8.53,8.21,8.46,309900
2011-01-26,8.52,9.05,8.39,9.01,427200
2011-01-27,9.04,9.06,8.78,8.85,354600
2011-01-28,8.85,9.46,8.74,9.36,451200
2011-01-31,9.34,9.446,9.14,9.21,282200
2011-02-01,9.39,9.5119,9.14,9.42,248700
2011-02-02,9.45,9.53,9.23,9.37,214800
2011-02-03,9.54,10.21,9.45,10.16,953100
2011-02-04,10.25,10.45,10.06,10.07,669900
2011-02-07,10.11,10.24,10.05,10.13,307800
2011-02-08,10.21,10.32,10.09,10.1,559600
2011-02-09,10.05,10.15,9.65,9.69,655200
2011-02-10,9.6,9.7,9.3,9.52,367700
2011-02-11,9.69,9.69,9.33,9.358,258700
2011-02-14,9.42,9.66,9.3,9.45,248600
2011-02-15,9.51,9.8,9.5,9.62,336700
2011-02-16,9.69,9.76,9.52,9.68,161700
2011-02-17,9.67,9.92,9.6,9.84,214700
2011-02-18,9.89,10.0,9.75,9.8,239700
2011-02-22,10.0,10.0699,9.33,9.4,343700
2011-02-23,9.39,9.69,9.33,9.51,224600
2011-02-24,9.52,9.56,9.11,9.15,301300
2011-02-25,9.23,9.58,9.2,9.34,327300
2011-02-28,9.37,9.63,9.23,9.3,284500
2011-03-01,9.34,9.56,9.24,9.55,396900
2011-03-02,9.5,9.74,9.34,9.4,374700
2011-03-03,9.37,9.46,9.17,9.3,259800
2011-03-04,9.31,9.48,9.25,9.48,372600
2011-03-07,9.49,9.54,9.12,9.25,437700
2011-03-08,9.17,9.19,9.0,9.05,201500
2011-03-09,9.16,9.24,8.9,9.01,264600
2011-03-10,8.84,8.86,8.48,8.67,540700
2011-03-11,8.46,8.83,8.46,8.77,220400
2011-03-14,8.65,8.85,8.54,8.72,185100
2011-03-15,8.24,8.581,8.0,8.54,393000
2011-03-16,8.51,8.63,8.15,8.36,283400
2011-03-17,8.29,8.67,8.29,8.623,182800
2011-03-18,8.67,8.91,8.62,8.77,308700
2011-03-21,8.98,8.98,8.82,8.9,169600
2011-03-22,9.38,9.38,8.8,8.99,311700
2011-03-23,9.03,9.48,8.77,9.37,401800
2011-03-24,9.38,9.5,9.13,9.32,324300
2011-03-25,9.37,9.39,8.94,9.04,195700
2011-03-28,8.98,9.02,8.81,8.935,176100
2011-03-29,9.1,9.49,8.87,9.43,391600
2011-03-30,9.54,9.9,9.4,9.9,943700
2011-03-31,10.02,10.15,9.87,10.03,1038300
2011-04-01,10.17,10.17,9.8,9.83,355100
2011-04-04,9.87,9.91,9.76,9.82,218400
2011-04-05,9.82,10.39,9.75,10.38,616400
2011-04-06,10.49,10.49,10.08,10.23,521700
2011-04-07,10.23,10.29,10.08,10.26,209500
2011-04-08,10.4,10.46,10.1,10.2,362500
2011-04-11,10.13,10.29,9.81,9.86,325200
2011-04-12,9.83,9.93,9.31,9.65,416300
2011-04-13,9.73,10.02,9.67,9.89,257100
2011-04-14,9.9,10.3948,9.841,10.23,310300
2011-04-15,10.34,10.34,10.17,10.17,336100
2011-04-18,10.09,10.15,9.46,9.88,334000
2011-04-19,9.97,10.0,9.6,9.92,279600
2011-04-20,10.03,10.19,9.68,9.76,370700
2011-04-21,9.89,9.89,9.69,9.84,197200
2011-04-25,9.9,9.95,9.45,9.47,222500
2011-04-26,9.43,9.5,9.23,9.33,216700
2011-04-27,9.4,9.82,9.14,9.66,354400
2011-04-28,9.68,9.85,9.42,9.46,201800
2011-04-29,9.46,9.78,9.4,9.72,169000
2011-05-02,9.61,9.62,9.05,9.09,276000
2011-05-03,9.18,9.35,8.7829,8.79,469100
2011-05-04,8.82,9.0,8.45,8.83,400700
2011-05-05,8.78,8.94,8.2,8.4,509800
2011-05-06,8.51,8.68,8.37,8.57,292600
2011-05-09,8.53,8.75,8.5,8.7,231800
2011-05-10,8.76,9.06,8.68,8.96,259300
2011-05-11,8.95,8.95,8.32,8.63,577700
2011-05-12,8.4,8.47,8.04,8.06,796000
2011-05-13,8.1,8.33,8.02,8.29,352200
2011-05-16,8.02,8.32,8.02,8.09,232000
2011-05-17,8.18,8.23,7.99,8.23,267700
2011-05-18,8.23,8.5346,8.23,8.4,175400
2011-05-19,8.44,8.46,8.26,8.4,82700
2011-05-20,8.38,8.38,8.16,8.25,188900
2011-05-23,8.16,8.21,8.07,8.16,145300
2011-05-24,8.23,8.26,8.01,8.09,268000
2011-05-25,8.12,8.2,8.03,8.05,249500
2011-05-26,8.05,8.15,7.73,8.15,418800
2011-05-27,8.15,8.35,8.15,8.28,172900
2011-05-31,8.31,8.37,8.18,8.24,190800
2011-06-01,8.21,8.5,8.06,8.11,156700
2011-06-02,8.13,8.24,7.53,7.81,390800
2011-06-03,7.77,7.9,7.65,7.71,253100
2011-06-06,7.51,7.75,7.3,7.32,334300
2011-06-07,7.34,7.63,7.31,7.5,240000
2011-06-08,7.41,7.53,7.0701,7.26,302200
2011-06-09,7.33,7.57,7.2,7.5,183700
2011-06-10,7.45,7.45,7.2,7.39,407400
2011-06-13,7.38,7.3854,6.74,6.79,554200
2011-06-14,6.89,7.06,6.72,6.97,372100
2011-06-15,6.89,7.02,6.68,6.79,242000
2011-06-16,6.76,6.79,6.42,6.475,494500
2011-06-17,6.6,6.74,6.41,6.57,400300
2011-06-20,6.48,6.66,6.46,6.57,295300
2011-06-21,6.75,7.09,6.66,6.99,324600
2011-06-22,7.06,7.31,6.97,7.01,320300
2011-06-23,6.92,7.0,6.73,6.92,450100
2011-06-24,6.98,6.98,6.72,6.78,240600
2011-06-27,6.86,6.86,6.61,6.75,223500
2011-06-28,6.79,6.98,6.74,6.96,159800
2011-06-29,7.11,7.63,7.05,7.57,419100
2011-06-30,7.65,7.73,7.41,7.54,293100
2011-07-01,7.44,7.49,7.26,7.33,171600
2011-07-05,7.45,7.8,7.42,7.69,322200
2011-07-06,7.86,7.86,7.59,7.71,215900
2011-07-07,7.83,7.95,7.71,7.81,277100
2011-07-08,7.85,7.95,7.76,7.82,274100
2011-07-11,7.84,7.92,7.54,7.64,311400
2011-07-12,7.68,7.94,7.59,7.84,387500
2011-07-13,7.99,8.3,7.91,8.14,559200
2011-07-14,8.25,8.3,7.71,7.83,464800
2011-07-15,7.9,8.05,7.75,8.05,163200
2011-07-18,8.12,8.33,8.07,8.25,244900
2011-07-19,8.39,8.43,8.02,8.1,280900
2011-07-20,8.07,8.23,7.95,8.1,193700
2011-07-21,8.17,8.17,7.97,8.05,109900
2011-07-22,8.09,8.12,8.02,8.07,94600
2011-07-25,8.15,8.28,7.96,7.98,169600
2011-07-26,8.0,8.05,7.92,8.04,122100
2011-07-27,8.06,8.14,7.57,7.57,190000
2011-07-28,7.55,7.62,7.4,7.61,187800
2011-07-29,7.64,7.66,7.359,7.5,159600
2011-08-01,7.52,7.82,7.5,7.6,107700
2011-08-02,7.62,7.7,7.46,7.46,321100
2011-08-03,7.59,7.66,7.46,7.47,301700
2011-08-04,7.47,7.52,6.71,6.83,646600
2011-08-05,6.87,6.99,6.59,6.75,262000
2011-08-08,6.72,7.04,6.6,6.85,413500
2011-08-09,7.0,7.3,6.82,7.25,413200
2011-08-10,7.32,7.59,7.04,7.49,308000
2011-08-11,7.5,7.65,7.27,7.65,223100
2011-08-12,7.53,7.6,7.25,7.5,137100
2011-08-15,7.48,7.83,7.36,7.81,210700
2011-08-16,7.8,7.88,7.67,7.78,229400
2011-08-17,7.8,8.05,7.8,7.97,226900
2011-08-18,7.95,7.96,7.52,7.5671,233000
2011-08-19,7.58,7.84,7.5,7.59,204100
2011-08-22,7.68,8.23,7.62,8.11,405000
2011-08-23,8.27,8.54,8.16,8.31,636000
2011-08-24,8.24,8.3,7.82,8.0,389000
2011-08-25,7.94,8.32,7.83,8.3,541900
2011-08-26,8.33,8.4,8.01,8.36,259600
2011-08-29,8.58,8.58,8.18,8.31,277000
2011-08-30,8.37,8.41,8.18,8.24,476500
2011-08-31,8.29,8.29,7.95,8.15,404800
2011-09-01,8.065,8.15,7.96,8.04,270500
2011-09-02,8.1,8.29,7.94,8.15,484200
2011-09-06,8.16,8.22,7.88,7.96,370400
2011-09-07,7.88,8.09,7.78,7.99,261400
2011-09-08,8.0,8.17,7.9,7.9,315000
2011-09-09,7.81,7.95,7.55,7.74,406200
2011-09-12,7.72,7.74,7.26,7.37,402700
2011-09-13,7.49,7.52,7.26,7.33,223700
2011-09-14,7.35,7.37,7.25,7.25,225200
2011-09-15,7.2,7.24,7.05,7.17,267800
2011-09-16,7.25,7.3,7.16,7.3,262500
2011-09-19,7.33,7.37,7.1,7.2,307900
2011-09-20,7.2,7.5,7.17,7.37,340100
2011-09-21,7.34,7.34,6.91,6.92,430700
2011-09-22,6.52,6.66,6.1,6.13,475300
2011-09-23,6.1,6.1,5.5,5.81,674500
2011-09-26,5.71,5.81,5.37,5.58,696800
2011-09-27,5.84,5.87,5.59,5.62,483500
2011-09-28,5.62,5.68,4.93,5.0,1022400
2011-09-29,5.1,5.24,5.0,5.01,466800
2011-09-30,4.98,5.31,4.92,5.03,372800
2011-10-03,5.16,5.3,4.82,4.88,435900
2011-10-04,4.85,4.85,4.42,4.6,690800
2011-10-05,4.61,4.76,4.53,4.7,429100
2011-10-06,4.84,5.11,4.8,4.94,574100
2011-10-07,5.04,5.06,4.75,4.87,442100
2011-10-10,5.06,5.34,5.0,5.3,295800
2011-10-11,5.24,5.33,5.01,5.06,579900
2011-10-12,5.27,5.32,5.14,5.17,445000
2011-10-13,5.11,5.19,5.0,5.11,202800
2011-10-14,5.23,5.28,5.05,5.21,276300
2011-10-17,5.22,5.22,4.95,5.0,154900
2011-10-18,4.93,5.07,4.8,5.025,270100
2011-10-19,5.04,5.04,4.73,4.74,234500
2011-10-20,4.75,4.8,4.6,4.74,293500
2011-10-21,4.85,4.89,4.71,4.73,218000
2011-10-24,4.8,5.1,4.8,5.05,295700
2011-10-25,5.04,5.47,4.83,5.37,553800
2011-10-26,5.42,5.64,5.34,5.47,484800
2011-10-27,5.6,5.66,5.46,5.46,457300
2011-10-28,5.37,5.55,5.32,5.32,639900
2011-10-31,5.28,5.28,5.11,5.15,237600
2011-11-01,5.0,5.33,4.94,5.25,286700
2011-11-02,5.53,5.55,5.25,5.38,265000
2011-11-03,5.42,5.47,5.2,5.25,288400
2011-11-04,5.21,5.3896,5.1,5.34,376900
2011-11-07,5.39,5.76,5.39,5.72,430100
2011-11-08,5.81,5.87,5.59,5.619,368300
2011-11-09,5.46,5.64,5.4,5.43,386600
2011-11-10,5.45,5.55,5.19,5.46,226400
2011-11-11,5.59,5.64,5.44,5.49,365700
2011-11-14,5.48,5.52,5.2632,5.39,214200
2011-11-15,5.3,5.45,5.15,5.25,238000
2011-11-16,5.21,5.35,5.07,5.18,273900
2011-11-17,5.15,5.22,4.88,4.9,417100
2011-11-18,5.0,5.02,4.8,4.85,259400
2011-11-21,4.85,4.88,4.53,4.65,294200
2011-11-22,4.68,4.9,4.68,4.86,254700
2011-11-23,4.76,4.78,4.57,4.61,185400
2011-11-25,4.54,4.67,4.52,4.53,95700
2011-11-28,4.72,4.83,4.6,4.64,248200
2011-11-29,4.74,4.74,4.53,4.61,157100
2011-11-30,4.75,5.04,4.73,5.03,466100
2011-12-01,5.04,5.07,4.79,4.86,319800
2011-12-02,4.95,4.96,4.7,4.75,227200
2011-12-05,4.79,4.98,4.79,4.92,287300
2011-12-06,4.96,5.05,4.75,5.05,221100
2011-12-07,5.04,5.06,4.75,4.83,387700
2011-12-08,4.75,4.79,4.56,4.59,330500
2011-12-09,4.62,4.74,4.51,4.6,337100
2011-12-12,4.44,4.53,4.17,4.3,466500
2011-12-13,4.22,4.39,3.89,3.96,743900
2011-12-14,3.92,3.96,3.7,3.84,853100
2011-12-15,3.9,3.95,3.67,3.69,393700
2011-12-16,3.76,3.91,3.67,3.68,467800
2011-12-19,3.7,3.82,3.59,3.6,365000
2011-12-20,3.68,3.76,3.64,3.74,1239200
2011-12-21,3.8,3.82,3.67,3.76,361100
2011-12-22,3.82,3.93,3.76,3.78,881400
2011-12-23,3.85,4.18,3.8,4.13,392600
2011-12-27,4.16,4.16,3.99,4.0,229400
2011-12-28,4.06,4.09,3.9,3.92,382500
2011-12-29,3.89,4.09,3.85,3.98,445100
2011-12-30,4.06,4.39,4.03,4.36,477800
2012-01-03,4.4,4.5899,4.39,4.55,282800
2012-01-04,4.52,4.66,4.49,4.53,267300
2012-01-05,4.46,4.67,4.36,4.58,170100
2012-01-06,4.61,4.74,4.49,4.49,242100
2012-01-09,4.53,4.69,4.52,4.58,183600
2012-01-10,4.79,4.87,4.6,4.65,300700
2012-01-11,4.67,4.7752,4.54,4.63,464500
2012-01-12,4.77,4.8,4.58,4.65,279600
2012-01-13,4.63,4.63,4.42,4.53,249100
2012-01-17,4.65,4.77,4.48,4.48,389700
2012-01-18,4.54,4.56,4.4933,4.55,318400
2012-01-19,4.54,4.61,4.381,4.39,295700
2012-01-20,4.4,4.65,4.37,4.55,238000
2012-01-23,4.64,4.83,4.61,4.61,246800
2012-01-24,4.61,4.79,4.55,4.65,157700
2012-01-25,4.65,5.22,4.6,5.18,717400
2012-01-26,5.31,5.58,5.29,5.37,633100
2012-01-27,5.48,5.62,5.4,5.62,399000
2012-01-30,5.49,5.57,5.29,5.38,405700
2012-01-31,5.5,5.51,5.22,5.35,268100
2012-02-01,5.42,5.5,5.28,5.28,148900
2012-02-02,5.35,5.46,5.2,5.23,304800
2012-02-03,5.26,5.31,5.1,5.18,182900
2012-02-06,5.16,5.25,5.03,5.11,254300
2012-02-07,5.11,5.37,5.03,5.11,328500
2012-02-08,5.14,5.29,5.07,5.17,242800
2012-02-09,5.24,5.36,5.07,5.07,183400
2012-02-10,5.02,5.15,4.97,5.03,214700
2012-02-13,5.05,5.2,4.98,4.99,103500
2012-02-14,5.0,5.06,4.98,5.02,148800
2012-02-15,5.08,5.2401,5.02,5.02,214200
2012-02-16,4.99,5.25,4.98,5.22,187500
2012-02-17,5.24,5.29,5.03,5.05,130600
2012-02-21,5.09,5.22,5.02,5.06,205400
2012-02-22,5.05,5.31,5.03,5.26,249800
2012-02-23,5.36,5.54,5.27,5.42,235100
2012-02-24,5.39,5.44,5.24,5.34,120700
2012-02-27,5.33,5.34,5.06,5.2,222400
2012-02-28,5.26,5.34,5.18,5.25,180700
2012-02-29,5.26,5.36,5.03,5.06,283700
2012-03-01,5.08,5.21,5.06,5.07,144100
2012-03-02,5.05,5.09,4.99,5.01,167400
2012-03-05,4.96,5.03,4.6,4.65,293700
2012-03-06,4.54,4.83,4.51,4.81,543800
2012-03-07,4.88,4.88,4.65,4.73,121900
2012-03-08,4.79,4.94,4.66,4.69,309000
2012-03-09,4.66,4.86,4.6,4.67,176700
2012-03-12,4.59,4.67,4.51,4.54,396700
2012-03-13,4.55,4.66,4.5,4.5,198800
2012-03-14,4.47,4.5,4.32,4.36,368800
2012-03-15,4.38,4.53,4.335,4.4,112100
2012-03-16,4.28,4.58,4.28,4.4,469700
2012-03-19,4.59,4.79,4.37,4.4,338700
2012-03-20,4.35,4.64,4.28,4.62,276500
2012-03-21,4.64,4.74,4.55,4.58,203600
2012-03-22,4.45,4.48,4.15,4.16,463200
2012-03-23,4.05,4.32,4.05,4.1,421600
2012-03-26,4.19,4.3,4.13,4.17,457800
2012-03-27,4.17,4.29,4.15,4.15,260500
2012-03-28,4.2,4.24,4.02,4.08,215900
2012-03-29,4.05,4.18,4.0,4.14,121800
2012-03-30,4.23,4.31,4.124,4.29,147000
2012-04-02,4.28,4.45,4.2,4.2,161300
2012-04-03,4.24,4.24,4.0,4.03,222000
2012-04-04,3.99,4.015,3.9,4.01,400100
2012-04-05,3.99,4.1,3.84,3.95,383300
2012-04-09,3.95,4.0,3.79,3.79,263600
2012-04-10,3.8,3.92,3.77,3.85,258600
2012-04-11,3.86,3.98,3.78,3.85,118600
2012-04-12,3.86,4.16,3.86,4.04,219200
2012-04-13,3.99,4.06,3.92,3.95,167200
2012-04-16,3.95,4.0,3.82,3.91,99900
2012-04-17,3.94,4.1,3.91,3.92,113300
2012-04-18,3.89,3.94,3.65,3.69,200900
2012-04-19,3.74,3.88,3.65,3.69,169200
2012-04-20,3.7,3.769,3.63,3.65,86100
2012-04-23,3.58,3.61,3.51,3.55,142100
2012-04-24,3.55,3.64,3.52,3.54,126400
2012-04-25,3.62,3.76,3.53,3.74,147000
2012-04-26,3.76,3.81,3.7,3.75,124600
2012-04-27,3.79,3.89,3.75,3.83,158100
2012-04-30,3.82,3.86,3.75,3.84,87400
2012-05-01,3.85,4.16,3.85,4.06,178000
2012-05-02,4.03,4.09,3.93,4.03,94400
2012-05-03,3.98,4.0,3.81,3.93,128300
2012-05-04,3.9,4.1,3.9,3.94,123900
2012-05-07,3.93,3.93,3.7,3.7,143100
2012-05-08,3.65,3.68,3.4,3.52,227400
2012-05-09,3.44,3.79,3.32,3.64,235600
2012-05-10,3.72,3.83,3.56,3.57,153100
2012-05-11,3.5,3.55,3.46,3.47,99000
2012-05-14,3.38,3.45,3.25,3.27,227000
2012-05-15,3.25,3.25,2.41,2.73,2062500
2012-05-16,2.64,2.84,2.4,2.63,687800
2012-05-17,2.7,3.03,2.64,2.87,471200
2012-05-18,2.98,3.0201,2.71,2.8,439000
2012-05-21,2.86,3.03,2.78,2.9,205600
2012-05-22,2.89,2.97,2.78,2.84,205300
2012-05-23,2.8,3.24,2.71,3.21,269900
2012-05-24,3.29,3.36,3.11,3.23,173900
2012-05-25,3.23,3.62,3.18,3.55,194000
2012-05-29,3.63,3.65,3.22,3.25,200000
2012-05-30,3.2,3.28,3.05,3.25,162200
2012-05-31,3.23,3.33,3.06,3.24,168100
2012-06-01,3.38,3.75,3.32,3.64,362500
2012-06-04,3.72,3.72,3.43,3.56,264500
2012-06-05,3.54,3.72,3.54,3.64,152400
2012-06-06,3.67,3.75,3.4,3.45,244300
2012-06-07,3.5,3.5,3.18,3.39,186800
2012-06-08,3.36,3.44,3.22,3.22,110300
2012-06-11,3.25,3.3,3.05,3.05,159300
2012-06-12,2.98,3.31,2.98,3.26,206600
2012-06-13,3.3,3.47,3.16,3.19,267900
2012-06-14,3.2,3.22,3.05,3.05,182600
2012-06-15,3.06,3.14,2.61,2.67,621500
2012-06-18,2.79,3.19,2.78,3.18,493500
2012-06-19,3.18,3.26,3.08,3.2,143600
2012-06-20,3.12,3.33,3.04,3.26,176000
2012-06-21,3.23,3.23,2.93,2.97,189200
2012-06-22,3.02,3.21,2.88,3.17,147800
2012-06-25,3.12,3.15,2.95,3.02,82700
2012-06-26,3.02,3.03,2.79,2.86,96400
2012-06-27,2.9,2.9,2.77,2.85,76300
2012-06-28,2.77,2.81,2.6489,2.67,263700
2012-06-29,2.9,2.98,2.76,2.78,135800
2012-07-02,2.78,2.81,2.71,2.77,38100
2012-07-03,2.94,3.08,2.87,3.06,94800
2012-07-05,3.04,3.07,2.93,2.97,127000
2012-07-06,2.96,2.96,2.85,2.93,68600
2012-07-09,2.88,2.93,2.78,2.84,67500
2012-07-10,2.93,2.93,2.61,2.65,147400
2012-07-11,2.66,2.71,2.6,2.68,84400
2012-07-12,2.63,2.76,2.6,2.69,163300
2012-07-13,2.77,2.8,2.64,2.66,97500
2012-07-16,2.71,2.95,2.66,2.91,156000
2012-07-17,2.94,2.94,2.73,2.82,70700
2012-07-18,2.79,2.81,2.71,2.71,66100
2012-07-19,2.74,2.89,2.74,2.82,127300
2012-07-20,2.8,2.83,2.66,2.7,105000
2012-07-23,2.69,2.69,2.57,2.6,134700
2012-07-24,2.63,2.65,2.51,2.56,111600
2012-07-25,2.6,2.65,2.46,2.58,190900
2012-07-26,2.6,2.7,2.5,2.65,99500
2012-07-27,2.63,2.68,2.56,2.62,112200
2012-07-30,2.64,2.7,2.6,2.67,110400
2012-07-31,2.67,2.69,2.57,2.62,87600
2012-08-01,2.57,2.61,2.44,2.51,181500
2012-08-02,2.54,2.57,2.41,2.49,109200
2012-08-03,2.53,2.71,2.47,2.68,167700
2012-08-06,2.7,2.85,2.67,2.77,100700
2012-08-07,2.75,2.76,2.69,2.74,77400
2012-08-08,2.74,2.79,2.7,2.7,36500
2012-08-09,2.7,2.73,2.63,2.7,90400
2012-08-10,2.7,2.89,2.6401,2.85,101400
2012-08-13,2.94,2.94,2.83,2.85,123700
2012-08-14,2.84,2.89,2.66,2.74,112300
2012-08-15,2.79,2.8,2.67,2.79,96800
2012-08-16,2.8,2.93,2.79,2.92,176700
2012-08-17,2.85,2.91,2.77,2.87,73500
2012-08-20,2.86,2.95,2.72,2.92,131400
2012-08-21,2.97,3.19,2.9,3.14,495800
2012-08-22,3.17,3.186,2.98,3.14,253000
2012-08-23,3.18,3.25,3.06,3.2,276000
2012-08-24,3.19,3.22,3.08,3.15,105000
2012-08-27,3.16,3.2,3.05,3.06,123500
2012-08-28,3.04,3.04,2.86,2.91,156100
2012-08-29,2.92,2.92,2.82,2.84,56300
2012-08-30,2.85,2.87,2.8,2.83,67200
2012-08-31,2.85,3.03,2.79,3.0,273700
2012-09-04,2.95,3.13,2.92,3.09,176100
2012-09-05,3.11,3.13,2.99,3.09,117700
2012-09-06,3.17,3.17,3.0,3.04,289800
2012-09-07,3.11,3.15,2.96,2.98,351000
2012-09-10,2.82,2.87,2.78,2.8,624800
2012-09-11,2.86,2.92,2.83,2.91,189600
2012-09-12,2.91,2.98,2.81,2.85,275800
2012-09-13,2.81,3.09,2.81,3.08,431100
2012-09-14,3.1,3.24,2.96,3.01,355800
2012-09-17,3.0,3.079,2.88,2.92,225400
2012-09-18,2.89,2.99,2.89,2.94,180000
2012-09-19,2.93,2.99,2.87,2.97,165400
2012-09-20,2.95,2.97,2.89,2.89,144200
2012-09-21,2.94,3.18,2.94,3.1,928600
2012-09-24,3.08,3.12,2.95,2.97,212700
2012-09-25,3.07,3.07,2.86,2.86,209500
2012-09-26,2.86,2.88,2.67,2.75,434200
2012-09-27,2.81,2.93,2.76,2.9,252800
2012-09-28,2.89,2.905,2.8,2.85,155600
2012-10-01,2.86,2.93,2.74,2.75,211400
2012-10-02,2.75,2.81,2.66,2.81,183300
2012-10-03,2.81,2.82,2.7,2.71,167500
2012-10-04,2.77,2.83,2.71,2.71,224900
2012-10-05,2.7,2.78,2.61,2.62,237300
2012-10-08,2.61,2.69,2.57,2.69,130400
2012-10-09,2.64,2.67,2.54,2.59,194000
2012-10-10,2.58,2.68,2.55,2.65,138300
2012-10-11,2.69,2.69,2.55,2.57,204000
2012-10-12,2.59,2.62,2.55,2.59,107600
2012-10-15,2.55,2.6,2.53,2.58,202300
2012-10-16,2.63,2.8,2.61,2.77,310100
2012-10-17,2.77,2.81,2.67,2.7,102700
2012-10-18,2.7,2.71,2.62,2.67,82600
2012-10-19,2.66,2.71,2.61,2.66,154200
2012-10-22,2.67,2.6804,2.61,2.65,71500
2012-10-23,2.62,2.63,2.55,2.55,225500
2012-10-24,2.57,2.57,2.45,2.48,276900
2012-10-25,2.55,2.55,2.47,2.52,106900
2012-10-26,2.5,2.55,2.45,2.47,85300
2012-10-31,2.48,2.51,2.41,2.43,207200
2012-11-01,2.45,2.46,2.39,2.4,147300
2012-11-02,2.39,2.4,2.34,2.36,240400
2012-11-05,2.4,2.4,2.17,2.18,416900
2012-11-06,2.2,2.28,2.15,2.28,373400
2012-11-07,2.27,2.3,2.12,2.14,293000
2012-11-08,2.14,2.39,2.11,2.37,2052800
2012-11-09,2.39,2.43,2.34,2.36,207400
2012-11-12,2.32,2.43,2.32,2.39,113200
2012-11-13,2.39,2.41,2.26,2.31,182200
2012-11-14,2.32,2.34,2.18,2.21,202600
2012-11-15,2.2,2.2,2.09,2.11,281200
2012-11-16,2.13,2.15,2.05,2.1,191100
2012-11-19,2.13,2.2,2.12,2.13,92900
2012-11-20,2.12,2.15,2.08,2.15,80400
2012-11-21,2.15,2.17,2.12,2.15,92500
2012-11-23,2.15,2.18,2.13,2.17,64700
2012-11-26,2.15,2.17,2.13,2.17,103400
2012-11-27,2.14,2.15,2.08,2.08,135900
2012-11-28,2.08,2.17,2.05,2.16,154000
2012-11-29,2.16,2.17,2.09,2.13,104900
2012-11-30,2.11,2.13,2.07,2.13,142900
2012-12-03,2.13,2.1399,2.05,2.06,202100
2012-12-04,2.05,2.09,2.04,2.08,160200
2012-12-05,2.07,2.08,2.02,2.04,110000
2012-12-06,2.05,2.15,2.02,2.1,143600
2012-12-07,2.11,2.12,2.05,2.12,113200
2012-12-10,2.16,2.23,2.09,2.21,239000
2012-12-11,2.19,2.42,2.16,2.29,314400
2012-12-12,2.31,2.36,2.26,2.29,155000
2012-12-13,2.21,2.24,2.1701,2.24,157600
2012-12-14,2.21,2.28,2.15,2.15,139800
2012-12-17,2.16,2.26,2.16,2.17,236300
2012-12-18,2.17,2.19,2.06,2.12,286200
2012-12-19,2.12,2.12,2.03,2.06,227100
2012-12-20,2.04,2.1,1.98,2.09,330800
2012-12-21,2.15,2.27,1.99,1.99,800800
2012-12-24,1.98,2.04,1.91,1.98,285700
2012-12-26,2.05,2.13,2.0,2.11,110400
2012-12-27,2.08,2.11,2.06,2.1,261600
2012-12-28,2.08,2.11,2.06,2.09,92200
2012-12-31,2.06,2.19,2.06,2.17,198600
2013-01-02,2.24,2.35,2.21,2.35,189000
2013-01-03,2.3,2.3,2.15,2.17,258600
2013-01-04,2.17,2.18,2.11,2.15,187400
2013-01-07,2.15,2.15,2.1,2.12,214600
2013-01-08,2.13,2.15,2.09,2.12,160300
2013-01-09,2.13,2.2,2.08,2.2,150500
2013-01-10,2.22,2.34,2.22,2.32,186100
2013-01-11,2.29,2.4,2.28,2.36,225400
2013-01-14,2.39,2.4299,2.36,2.42,178800
2013-01-15,2.44,2.49,2.41,2.46,142100
2013-01-16,2.45,2.46,2.29,2.31,178600
2013-01-17,2.31,2.44,2.3,2.4,116200
2013-01-18,2.39,2.45,2.33,2.39,133300
2013-01-22,2.43,2.45,2.39,2.39,138900
2013-01-23,2.39,2.4,2.25,2.25,103400
2013-01-24,2.21,2.27,2.15,2.16,187700
2013-01-25,2.16,2.19,2.04,2.06,175100
2013-01-28,2.06,2.09,2.0,2.03,173800
2013-01-29,2.05,2.15,2.05,2.1099,82200
2013-01-30,2.14,2.18,2.08,2.09,93300
2013-01-31,2.09,2.1157,2.05,2.09,65800
2013-02-01,2.13,2.18,2.11,2.14,105100
2013-02-04,2.13,2.23,2.13,2.22,94800
2013-02-05,2.22,2.25,2.15,2.2,162300
2013-02-06,2.19,2.23,2.19,2.21,84400
2013-02-07,2.19,2.21,2.14,2.17,47400
2013-02-08,2.18,2.19,2.11,2.11,57300
2013-02-11,2.06,2.15,2.05,2.12,150500
2013-02-12,2.1,2.16,2.1,2.1,66600
2013-02-13,2.1,2.1399,2.01,2.01,127300
2013-02-14,2.0,2.1,1.98,2.01,138800
2013-02-15,1.98,2.02,1.86,1.89,344200
2013-02-19,1.87,1.89,1.78,1.82,226100
2013-02-20,1.78,1.78,1.67,1.7,210000
2013-02-21,1.7,1.73,1.66,1.67,210400
2013-02-22,1.64,1.69,1.63,1.67,175000
2013-02-25,1.69,1.72,1.67,1.67,489500
2013-02-26,1.69,1.74,1.69,1.71,173900
2013-02-27,1.7,1.71,1.61,1.69,242200
2013-02-28,1.69,1.71,1.62,1.63,192800
2013-03-01,1.63,1.64,1.53,1.59,153500
2013-03-04,1.59,1.6,1.5,1.5,219700
2013-03-05,1.53,1.55,1.42,1.43,286100
2013-03-06,1.4,1.44,1.31,1.41,712700
2013-03-07,1.41,1.45,1.31,1.42,230300
2013-03-08,1.39,1.45,1.37,1.39,204800
2013-03-11,1.42,1.46,1.39,1.42,400400
2013-03-12,1.41,1.49,1.38,1.4,307600
2013-03-13,1.4,1.5,1.38,1.41,307900
2013-03-14,1.43,1.45,1.3901,1.41,288500
2013-03-15,1.4,1.48,1.4,1.46,1409600
2013-03-18,1.44,1.5,1.43,1.45,306100
2013-03-19,1.43,1.49,1.42,1.47,229700
2013-03-20,1.47,1.58,1.47,1.505,354800
2013-03-21,1.5,1.57,1.43,1.54,420900
2013-03-22,1.53,1.67,1.53,1.62,441100
2013-03-25,1.59,1.63,1.54,1.54,171200
2013-03-26,1.53,1.575,1.5201,1.55,110000
2013-03-27,1.54,1.64,1.51,1.51,245300
2013-03-28,1.51,1.59,1.46,1.52,335700
2013-04-01,1.5,1.55,1.46,1.46,127800
2013-04-02,1.46,1.46,1.41,1.42,228400
2013-04-03,1.42,1.43,1.275,1.3,302200
2013-04-04,1.29,1.38,1.22,1.31,296100
2013-04-05,1.35,1.44,1.35,1.38,141200
2013-04-08,1.41,1.419,1.36,1.36,80800
2013-04-09,1.4,1.43,1.36,1.38,129500
2013-04-10,1.39,1.41,1.32,1.32,140600
2013-04-11,1.34,1.36,1.29,1.31,151000
2013-04-12,1.26,1.31,1.18,1.22,339100
2013-04-15,1.05,1.0938,0.99,1.05,508900
2013-04-16,1.09,1.1,1.0,1.05,286800
2013-04-17,1.04,1.07,0.9251,0.98,390500
2013-04-18,0.99,1.01,0.913,1.01,203200
2013-04-19,1.0,1.0,0.94,0.96,251500
2013-04-22,0.99,1.07,0.9613,0.97,119500
2013-04-23,0.97,1.0,0.9465,0.97,196500
2013-04-24,0.97,0.985,0.88,0.97,380600
2013-04-25,0.99,1.06,0.9703,1.04,400200
2013-04-26,1.04,1.05,1.0,1.05,151500
2013-04-29,1.07,1.08,0.99,0.99,126700
2013-04-30,1.02,1.04,0.98,0.99,258500
2013-05-01,0.98,1.01,0.97,1.01,98200
2013-05-02,1.0,1.02,0.96,0.96,100100
2013-05-03,0.96,1.01,0.96,0.9671,122900
2013-05-06,0.98,1.01,0.95,0.96,125200
2013-05-07,0.95,0.97,0.9,0.9167,130700
2013-05-08,0.95,0.999,0.92,0.92,170600
2013-05-09,0.9,0.95,0.9,0.93,116500
2013-05-10,0.9,0.95,0.87,0.93,149300
2013-05-13,0.93,0.9988,0.9062,0.95,163000
2013-05-14,0.94,0.95,0.9,0.9162,75500
2013-05-15,0.9,0.9138,0.83,0.8362,242500
2013-05-16,0.83,0.8752,0.83,0.84,151800
2013-05-17,0.83,0.84,0.75,0.78,237500
2013-05-20,0.78,0.86,0.72,0.8489,164700
2013-05-21,0.83,0.87,0.8,0.84,134400
2013-05-22,0.86,0.9075,0.8199,0.87,182100
2013-05-23,0.87,0.89,0.812,0.83,271500
2013-05-24,0.83,0.8575,0.83,0.85,53600
2013-05-28,0.8574,0.866,0.782,0.8035,227600
2013-05-29,0.8098,0.85,0.78,0.82,252600
2013-05-30,0.84,0.87,0.81,0.8298,445200
2013-05-31,0.83,0.91,0.7227,0.91,837900
2013-06-03,0.7701,0.859,0.7251,0.859,852900
2013-06-04,0.81,0.83,0.77,0.815,231800
2013-06-05,0.82,0.87,0.82,0.8653,200800
2013-06-06,0.89,0.93,0.87,0.91,289100
2013-06-07,0.87,0.92,0.83,0.87,102000
2013-06-10,0.8599,0.8599,0.8302,0.858,67400
2013-06-11,0.84,0.8499,0.8012,0.82,172800
2013-06-12,0.81,0.8294,0.78,0.782,82700
2013-06-13,0.8,0.811,0.78,0.801,119700
2013-06-14,0.81,0.82,0.8,0.8,105700
2013-06-17,0.8,0.81,0.69,0.725,778300
2013-06-18,0.72,0.72,0.69,0.69,279700
2013-06-19,0.7,0.7,0.602,0.6051,1548900
2013-06-20,0.6,0.608,0.545,0.5464,713100
2013-06-21,0.56,0.73,0.51,0.51,6608900
2013-06-24,0.54,0.585,0.5,0.5104,562000
2013-06-25,0.52,0.555,0.49,0.5,641300
2013-06-26,0.46,0.5,0.4343,0.4898,565900
2013-06-27,0.53,0.5496,0.5021,0.52,441700
2013-06-28,0.55,0.65,0.54,0.65,453700
2013-07-01,0.66,0.69,0.62,0.631,299600
2013-07-02,0.6699,0.6699,0.58,0.59,303200
2013-07-03,0.6424,0.6499,0.6024,0.6499,174400
2013-07-05,0.63,0.6401,0.5907,0.6104,149200
2013-07-08,0.6399,0.6499,0.5435,0.556,449600
2013-07-09,0.558,0.568,0.52,0.5502,299600
2013-07-10,0.5517,0.6199,0.55,0.59,138300
2013-07-11,0.61,0.6432,0.6,0.615,313600
2013-07-12,0.63,0.6395,0.5415,0.58,292200
2013-07-15,0.5948,0.62,0.59,0.59,66100
2013-07-16,0.59,0.65,0.59,0.64,250900
2013-07-17,0.64,0.64,0.6,0.6,112300
2013-07-18,0.61,0.63,0.589,0.599,192100
2013-07-19,0.59,0.6299,0.59,0.605,72000
2013-07-22,0.63,0.7898,0.63,0.77,605200
2013-07-23,0.79,0.9,0.73,0.9,826500
2013-07-24,0.6026,0.64,0.36,0.41,5894200
2013-07-25,0.39,0.46,0.372,0.459,1656100
2013-07-26,0.44,0.465,0.41,0.462,1280100
2013-07-29,0.458,0.4799,0.4499,0.478,547900
2013-07-30,0.475,0.5295,0.475,0.523,800000
2013-07-31,0.53,0.55,0.476,0.51,1207700
2013-08-01,0.5388,0.5388,0.477,0.48,244700
2013-08-02,0.47,0.51,0.463,0.489,287700
2013-08-05,0.49,0.4999,0.47,0.48,162700
2013-08-06,0.47,0.47,0.45,0.4601,162300
2013-08-07,0.46,0.49,0.45,0.4501,230900
2013-08-08,0.45,0.469,0.45,0.461,330200
2013-08-09,0.4586,0.5295,0.4586,0.5228,290000
2013-08-12,0.52,0.56,0.5,0.54,593000
2013-08-13,0.559,0.5642,0.52,0.562,318400
2013-08-14,0.5545,0.56,0.525,0.54,349700
2013-08-15,0.53,0.645,0.5201,0.6,728900
2013-08-16,0.61,0.8,0.61,0.7561,1667800
2013-08-19,0.76,0.8,0.7,0.7662,659800
2013-08-20,0.77,0.77,0.6825,0.75,397800
2013-08-21,0.72,0.73,0.68,0.68,255900
2013-08-22,0.72,0.7368,0.645,0.65,518500
2013-08-23,0.66,0.74,0.66,0.725,333100
2013-08-26,0.76,0.77,0.7017,0.71,408100
2013-08-27,0.73,0.73,0.62,0.6328,375000
2013-08-28,0.64,0.668,0.59,0.611,341600
2013-08-29,0.6147,0.6201,0.5633,0.6,285300
2013-08-30,0.58,0.6,0.5616,0.5752,219300
2013-09-03,0.58,0.62,0.5756,0.6,87400
2013-09-04,0.58,0.61,0.57,0.59,226200
2013-09-05,0.58,0.59,0.5663,0.58,175400
2013-09-06,0.57,0.592,0.57,0.573,156100
2013-09-09,0.5601,0.5901,0.5601,0.58,223500
2013-09-10,0.5715,0.579,0.55,0.5513,314300
2013-09-11,0.57,0.5789,0.5374,0.55,130900
2013-09-12,0.53,0.5399,0.48,0.52,454500
2013-09-13,0.5,0.5,0.48,0.49,351800
2013-09-16,0.49,0.5,0.44,0.45,460800
2013-09-17,0.45,0.478,0.44,0.44,320600
2013-09-18,0.44,0.5725,0.4223,0.5192,978800
2013-09-19,0.55,0.56,0.4642,0.4665,794000
2013-09-20,0.44,0.4571,0.4172,0.4175,4996400
2013-09-23,0.45,0.45,0.39,0.39,437300
2013-09-24,0.39,0.4,0.35,0.3511,1202700
2013-09-25,0.365,0.3898,0.34,0.3401,1033800
2013-09-26,0.37,0.375,0.3301,0.3374,671300
2013-09-27,0.3503,0.36,0.34,0.3424,600400
2013-09-30,0.3423,0.35,0.313,0.313,353900
2013-10-01,0.3101,0.323,0.3,0.303,509700
2013-10-02,0.31,0.33,0.3,0.3,770300
2013-10-03,0.305,0.329,0.3001,0.3197,200300
2013-10-04,0.31,0.34,0.302,0.3101,247600
2013-10-07,0.34,0.34,0.3105,0.317,279700
2013-10-08,0.3378,0.39,0.3251,0.3559,1139600
2013-10-09,0.3501,0.3584,0.31,0.31,299500
2013-10-10,0.322,0.346,0.322,0.336,68500
2013-10-11,0.35,0.35,0.3232,0.3232,181500
2013-10-14,0.34,0.344,0.313,0.32,126300
2013-10-15,0.34,0.345,0.31,0.31,173400
2013-10-16,0.3379,0.3379,0.31,0.31,256500
2013-10-17,0.313,0.34,0.313,0.314,210100
2013-10-18,0.32,0.3349,0.3199,0.32,92500
2013-10-21,0.34,0.34,0.321,0.33,152200
2013-10-22,0.3341,0.41,0.3341,0.407,1122800
2013-10-23,0.389,0.389,0.3643,0.376,209200
2013-10-24,0.41,0.445,0.4,0.4205,515100
2013-10-25,0.44,0.51,0.4199,0.501,783400
2013-10-28,0.495,0.63,0.48,0.6,1200700
2013-10-29,0.6,0.69,0.5256,0.548,2219500
2013-10-30,0.58,0.5997,0.56,0.56,643100
2013-10-31,0.55,0.56,0.4742,0.5101,553400
2013-11-01,0.5,0.5198,0.5,0.5031,189000
2013-11-04,0.4901,0.51,0.43,0.4519,453900
2013-11-05,0.45,0.47005,0.4001,0.4201,586200
2013-11-06,0.43,0.47,0.43,0.46,273700
2013-11-07,0.4415,0.4492,0.42,0.42,272200
2013-11-08,0.44,0.44,0.401,0.41,194100
2013-11-11,0.41,0.4398,0.4002,0.41,331400
2013-11-12,0.42,0.54,0.365,0.43,649000
2013-11-13,0.43,0.43,0.4012,0.4013,167400
2013-11-14,0.4,0.417,0.4,0.4,166100
2013-11-15,0.4,0.42,0.4,0.4065,323000
2013-11-18,0.4,0.4098,0.38,0.388,178000
2013-11-19,0.382,0.3949,0.382,0.394,134800
2013-11-20,0.39,0.4168,0.376,0.39,183500
2013-11-21,0.3897,0.4,0.3705,0.3711,118100
2013-11-22,0.389,0.42,0.37,0.382,256900
2013-11-25,0.3815,0.3815,0.3601,0.37,396400
2013-11-26,0.3744,0.3888,0.3627,0.3708,218400
2013-11-27,0.3896,0.3901,0.372,0.372,94300
2013-11-29,0.4,0.4155,0.3921,0.4099,152300
2013-12-02,0.38,0.41,0.364,0.37,206200
2013-12-03,0.3733,0.3938,0.365,0.37,104700
2013-12-04,0.3718,0.405,0.37,0.39,135800
2013-12-05,0.4,0.4,0.3701,0.3702,185100
2013-12-06,0.3726,0.3798,0.3623,0.3685,201100
2013-12-09,0.37,0.38,0.3601,0.37,137900
2013-12-10,0.39,0.428,0.3801,0.4193,340400
2013-12-11,0.42,0.42,0.392,0.4011,153400
2013-12-12,0.4133,0.4141,0.398,0.41,267100
2013-12-13,0.4,0.4138,0.3831,0.41,245900
2013-12-16,0.39,0.42,0.3857,0.42,255100
2013-12-17,0.42,0.4349,0.4,0.4053,136500
2013-12-18,0.3933,0.4085,0.3811,0.3901,160300
2013-12-19,0.3836,0.3895,0.38,0.38,271800
2013-12-20,0.38,0.4,0.38,0.395,175700
2013-12-23,0.395,0.3998,0.37,0.38,293600
2013-12-24,0.371,0.371,0.36,0.3698,276200
2013-12-26,0.37,0.3998,0.3626,0.397,162100
2013-12-27,0.3978,0.3978,0.3633,0.376,198300
2013-12-30,0.3705,0.3943,0.3676,0.375,355800
2013-12-31,0.38,0.41,0.3704,0.41,216900
2014-01-02,0.4,0.4788,0.3979,0.454,1397100
2014-01-03,0.4787,0.4875,0.425,0.4351,329400
2014-01-06,0.4301,0.46,0.4025,0.458,344600
2014-01-07,0.49,0.5,0.458,0.485,785500
2014-01-08,0.5,0.525,0.47,0.482,733800
2014-01-09,0.51,0.51,0.49,0.49,266700
2014-01-10,0.51,0.513,0.4807,0.4873,400600
2014-01-13,0.49,0.5149,0.49,0.505,356600
2014-01-14,0.51,0.52,0.5,0.51,158900
2014-01-15,0.51,0.5115,0.483,0.51,311000
2014-01-16,0.52,0.5697,0.51,0.56,789000
2014-01-17,0.55,0.6678,0.55,0.625,2062600
2014-01-21,0.63,0.68,0.61,0.66,968300
2014-01-22,0.67,0.67,0.595,0.62,741700
2014-01-23,0.63,0.66,0.603,0.63,673000
2014-01-24,0.65,0.65,0.6,0.65,755800
2014-01-27,0.66,0.7,0.63,0.632,1021100
2014-01-28,0.62,0.6312,0.59,0.61,445900
2014-01-29,0.62,0.64,0.61,0.62,227600
2014-01-30,0.59,0.64,0.59,0.6242,141400
2014-01-31,0.6466,0.6466,0.6,0.605,279300
2014-02-03,0.615,0.6326,0.585,0.585,361300
2014-02-04,0.58,0.585,0.5158,0.551,853200
2014-02-05,0.5837,0.5849,0.51,0.515,297300
2014-02-06,0.5116,0.53,0.5101,0.52,177500
2014-02-07,0.512,0.58,0.5001,0.5715,381000
2014-02-10,0.6,0.654,0.5969,0.61,872900
2014-02-11,0.61,0.725,0.61,0.64,1088000
2014-02-12,0.7,0.7,0.6351,0.66,388400
2014-02-13,0.675,0.695,0.65,0.67,590500
2014-02-14,0.6799,0.725,0.661,0.67,658000
2014-02-18,0.6506,0.675,0.645,0.65,367100
2014-02-19,0.66,0.66,0.61,0.6169,496900
2014-02-20,0.6399,0.655,0.6132,0.64,369200
2014-02-21,0.67,0.67,0.605,0.61,487600
2014-02-24,0.63,0.67,0.63,0.65,420800
2014-02-25,0.6687,0.6687,0.63,0.66,280200
2014-02-26,0.6678,0.6692,0.62,0.65,421300
2014-02-27,0.6412,0.67,0.6321,0.67,263200
2014-02-28,0.6666,0.67,0.65,0.67,368800
2014-03-03,0.68,0.76,0.67,0.71,1330300
2014-03-04,0.7,0.78,0.635,0.7699,1326000
2014-03-05,0.7533,1.03,0.7533,0.97,2692100
2014-03-06,0.99,0.99,0.8526,0.885,1565000
2014-03-07,0.85,0.87,0.8133,0.8299,420700
2014-03-10,0.83,0.88,0.77,0.82,517800
2014-03-11,0.8399,0.89,0.8,0.81,615400
2014-03-12,0.85,0.91,0.825,0.88,463400
2014-03-13,0.88,0.9249,0.8634,0.9199,363700
2014-03-14,0.92,0.96,0.903,0.93,911300
2014-03-17,0.93,1.18,0.91,1.16,2230500
2014-03-18,1.09,1.16,1.01,1.12,885900
2014-03-19,1.09,1.12,0.95,0.98,873000
2014-03-20,0.98,1.05,0.93,1.05,680200
2014-03-21,1.08,1.13,1.0,1.01,745700
2014-03-24,0.98,0.99,0.8401,0.8451,1006400
2014-03-25,0.821,0.925,0.821,0.845,419300
2014-03-26,0.85,0.86,0.7633,0.7999,577500
2014-03-27,0.8,0.8,0.737,0.7652,452200
2014-03-28,0.77,0.86,0.7599,0.8349,317200
2014-03-31,0.81,0.82,0.75,0.755,470100
2014-04-01,0.7401,0.77,0.7212,0.7647,250900
2014-04-02,0.8,0.88,0.7833,0.85,397400
2014-04-03,0.84,0.869,0.79,0.83,282000
2014-04-04,0.853,0.91,0.8,0.8143,308500
2014-04-07,0.8043,0.84,0.77,0.77,319200
2014-04-08,0.8199,0.82,0.7826,0.8057,191800
2014-04-09,0.83,0.83,0.7667,0.8174,225000
2014-04-10,0.8189,0.8699,0.79,0.79,244500
2014-04-11,0.795,0.8201,0.79,0.79,156700
2014-04-14,0.811,0.85,0.7922,0.8169,430600
2014-04-15,0.8051,0.8096,0.7332,0.7428,420000
2014-04-16,0.75,0.75,0.68,0.7195,389000
2014-04-17,0.7,0.7,0.6701,0.68,151700
2014-04-21,0.69,0.69,0.635,0.69,246000
2014-04-22,0.68,0.68,0.635,0.635,182200
2014-04-23,0.65,0.6753,0.631,0.659,252900
2014-04-24,0.65,0.6989,0.623,0.64,321200
2014-04-25,0.6316,0.6813,0.6316,0.68,111400
2014-04-28,0.69,0.7291,0.6551,0.688,245400
2014-04-29,0.66,0.71,0.655,0.71,97900
2014-04-30,0.7,0.7078,0.66,0.66,73500
2014-05-01,0.66,0.6822,0.63,0.66,218000
2014-05-02,0.6521,0.6975,0.63,0.6975,370300
2014-05-05,0.7,0.71,0.672,0.68,74200
2014-05-06,0.6854,0.6856,0.6301,0.6498,62400
2014-05-07,0.676,0.676,0.601,0.601,239300
2014-05-08,0.62,0.64,0.6108,0.63,63000
2014-05-09,0.615,0.62,0.6025,0.61,90900
2014-05-12,0.62,0.6392,0.61,0.61,63700
2014-05-13,0.6117,0.6287,0.58,0.582,243700
2014-05-14,0.598,0.618,0.5855,0.5903,130700
2014-05-15,0.605,0.63,0.595,0.61,137400
2014-05-16,0.5901,0.6007,0.575,0.59,158800
2014-05-19,0.6,0.66,0.59,0.64,200800
2014-05-20,0.6018,0.6293,0.59,0.6289,80900
2014-05-21,0.615,0.628,0.6105,0.6151,69600
2014-05-22,0.618,0.628,0.5922,0.6032,68200
2014-05-23,0.601,0.6168,0.601,0.6031,24800
2014-05-27,0.63,0.63,0.529,0.5403,285700
2014-05-28,0.54,0.54,0.4452,0.495,419600
2014-05-29,0.5,0.5187,0.47,0.485,264800
2014-05-30,0.47,0.4931,0.47,0.488,145000
2014-06-02,0.49,0.517,0.47,0.4769,235000
2014-06-03,0.51,0.51,0.48,0.48,92500
2014-06-04,0.5,0.5387,0.4802,0.4899,169100
2014-06-05,0.5059,0.689,0.5059,0.576,551100
2014-06-06,0.62,0.62,0.58,0.6129,124600
2014-06-09,0.6,0.62,0.55,0.5699,158300
2014-06-10,0.5744,0.59,0.5651,0.5651,266600
2014-06-11,0.57,0.64,0.57,0.64,248600
2014-06-12,0.66,0.6748,0.6182,0.67,291700
2014-06-13,0.65,0.6789,0.6217,0.6594,137200
2014-06-16,0.68,0.68,0.5907,0.62,137800
2014-06-17,0.6,0.6297,0.54,0.5579,339800
2014-06-18,0.56,0.627,0.5417,0.6201,208100
2014-06-19,0.6301,0.7158,0.62,0.7099,867900
2014-06-20,0.699,0.72,0.67,0.67,224000
2014-06-23,0.67,0.75,0.67,0.73,478000
2014-06-24,0.7633,0.8056,0.701,0.72,419600
2014-06-25,0.72,0.75,0.68,0.7,202300
2014-06-26,0.73,0.73,0.68,0.69,79700
2014-06-27,0.69,0.71,0.68,0.6851,64200
2014-06-30,0.67,0.7325,0.641,0.72,248400
2014-07-01,0.7267,0.74,0.6626,0.7099,161400
2014-07-02,0.72,0.74,0.69,0.725,133700
2014-07-03,0.7017,0.7017,0.6718,0.7,87800
2014-07-07,0.68,0.72,0.67,0.7101,185500
2014-07-08,0.7012,0.71,0.6036,0.7095,292800
2014-07-09,0.6619,0.76,0.6619,0.741,340300
2014-07-10,0.75,0.78,0.6871,0.71,372500
2014-07-11,0.7399,0.759,0.6899,0.73,80000
2014-07-14,0.7,0.71,0.6615,0.71,226100
2014-07-15,0.7125,0.7387,0.6736,0.6771,149100
2014-07-16,0.68,0.7,0.6651,0.6679,97100
2014-07-17,0.686,0.74,0.686,0.72,140600
2014-07-18,0.71,0.74,0.7,0.723,63100
2014-07-21,0.71,0.7301,0.7,0.72,48700
2014-07-22,0.73,0.73,0.68,0.7,47000
2014-07-23,0.69,0.7164,0.6831,0.6879,20000
2014-07-24,0.68,0.6999,0.66,0.69,61400
2014-07-25,0.665,0.71,0.665,0.7089,71300
2014-07-28,0.6815,0.7099,0.6718,0.7099,64800
2014-07-29,0.69,0.715,0.675,0.71,135500
2014-07-30,0.6917,0.725,0.68,0.725,128600
2014-07-31,0.705,0.73,0.6917,0.73,251500
2014-08-01,0.72,0.72,0.675,0.6751,116000
2014-08-04,0.68,0.6924,0.64,0.6651,181900
2014-08-05,0.7,0.7001,0.65,0.69,159100
2014-08-06,0.69,0.73,0.68,0.68,188000
2014-08-07,0.69,0.72,0.671,0.715,161500
2014-08-08,0.715,0.715,0.6799,0.7,81800
2014-08-11,0.682,0.694,0.62,0.6899,179900
2014-08-12,0.6798,0.7,0.67,0.7,128400
2014-08-13,0.7,0.7,0.68,0.7,65000
2014-08-14,0.7,0.72,0.6721,0.705,27300
2014-08-15,0.7,0.7001,0.67,0.69,69400
2014-08-18,0.66,0.69,0.65,0.6701,116200
2014-08-19,0.67,0.689,0.66,0.681,69000
2014-08-20,0.68,0.71,0.651,0.67,244100
2014-08-21,0.67,0.6995,0.6533,0.68,122200
2014-08-22,0.6868,0.69,0.65,0.68,68200
2014-08-25,0.6618,0.67,0.651,0.67,44900
2014-08-26,0.66,0.675,0.6516,0.665,51600
2014-08-27,0.66,0.6606,0.65,0.65,28400
2014-08-28,0.65,0.665,0.648,0.657,93400
2014-08-29,0.66,0.69,0.66,0.69,220400
2014-09-02,0.69,0.69,0.651,0.685,144700
2014-09-03,0.665,0.68,0.64,0.645,159000
2014-09-04,0.6599,0.6799,0.59,0.61,268500
2014-09-05,0.601,0.61,0.563,0.5999,177300
2014-09-08,0.6149,0.6149,0.5451,0.5654,197400
2014-09-09,0.55,0.57,0.513,0.5399,160900
2014-09-10,0.5399,0.61,0.538,0.61,181000
2014-09-11,0.5701,0.6,0.54,0.591,89600
2014-09-12,0.59,0.59,0.5631,0.5784,54800
2014-09-15,0.5849,0.5999,0.57,0.572,60800
2014-09-16,0.58,0.598,0.57,0.598,61600
2014-09-17,0.5961,0.5961,0.5599,0.57,180400
2014-09-18,0.5518,0.57,0.54,0.5433,111900
2014-09-19,0.54,0.54,0.5116,0.52,76700
2014-09-22,0.52,0.55,0.49,0.5,348042
2014-09-23,0.52,0.5399,0.482,0.52,129639
2014-09-24,0.52,0.52,0.5009,0.502,31891
2014-09-25,0.5099,0.5099,0.48,0.5016,152659
2014-09-26,0.49,0.5,0.48,0.4801,101674
2014-09-29,0.48,0.4895,0.47,0.475,144890
2014-09-30,0.5,0.51,0.45,0.451,158880
2014-10-01,0.43,0.49,0.43,0.4642,53641
2014-10-02,0.46,0.48,0.44,0.46,72908
2014-10-03,0.4401,0.48,0.41,0.46,157058
2014-10-06,0.46,0.484,0.455,0.484,27010
2014-10-07,0.4611,0.49,0.45,0.4659,68561
2014-10-08,0.4701,0.5,0.45,0.49,61052
2014-10-09,0.4901,0.516,0.46,0.4601,86581
2014-10-10,0.47,0.4701,0.455,0.47,19774
2014-10-13,0.472,0.51,0.47,0.5097,29388
2014-10-14,0.5016,0.515,0.4746,0.4746,92466
2014-10-15,0.5013,0.52,0.49,0.5097,66447
2014-10-16,0.51,0.5205,0.49015,0.52,17938
2014-10-17,0.52,0.5295,0.4677,0.49,66020
2014-10-20,0.5294,0.5295,0.4939,0.4986,59175
2014-10-21,0.5,0.5,0.444,0.47,152472
2014-10-22,0.47,0.47,0.4425,0.4699,96469
2014-10-23,0.45,0.45,0.421,0.43,147841
2014-10-24,0.43,0.45,0.41,0.43,83977
2014-10-27,0.42,0.43,0.39,0.42,156518
2014-10-28,0.41,0.42,0.39,0.4199,180561
2014-10-29,0.4,0.4197,0.38,0.3954,122681
2014-10-30,0.3805,0.3999,0.36,0.375,251261
2014-10-31,0.4,0.4,0.32,0.35,291012
2014-11-03,0.35,0.355,0.32,0.35,131324
2014-11-04,0.35,0.371,0.331,0.365,87684
2014-11-05,0.359,0.359,0.3352,0.3352,139655
2014-11-06,0.34,0.385,0.3395,0.375,108781
2014-11-07,0.35,0.4199,0.35,0.38,234203
2014-11-10,0.37,0.4,0.361,0.361,100040
2014-11-11,0.3533,0.4102,0.34,0.3925,88423
2014-11-12,0.3901,0.4285,0.39,0.42,295858
2014-11-13,0.4001,0.4099,0.375,0.3863,107475
2014-11-14,0.37,0.3951,0.36,0.3867,148187
2014-11-17,0.39,0.406,0.3716,0.38,43099
2014-11-18,0.39,0.4233,0.38,0.4147,138984
2014-11-19,0.43,0.4401,0.3823,0.3825,170113
2014-11-20,0.38,0.3999,0.38,0.3801,17754
2014-11-21,0.3805,0.42,0.3805,0.392,218369
2014-11-24,0.3947,0.4199,0.39,0.4075,41847
2014-11-25,0.38,0.4,0.38,0.39,26928
2014-11-26,0.3851,0.4099,0.385,0.3891,38875
2014-11-28,0.38,0.395,0.37,0.3715,36442
2014-12-01,0.38,0.405,0.3725,0.39,178052
2014-12-02,0.3721,0.3869,0.3544,0.3812,56513
2014-12-03,0.3812,0.3997,0.375,0.375,59913
2014-12-04,0.375,0.385,0.3593,0.3607,79488
2014-12-05,0.355,0.3692,0.35,0.3538,88542
2014-12-08,0.36,0.4,0.34,0.3537,68062
2014-12-09,0.3484,0.3898,0.3405,0.3623,125516
2014-12-10,0.3795,0.3795,0.3483,0.3724,28500
2014-12-11,0.3524,0.366,0.345,0.366,53741
2014-12-12,0.3518,0.36,0.35,0.36,120371
2014-12-15,0.35,0.375,0.35,0.358,98463
2014-12-16,0.36,0.36,0.33,0.33,130113
2014-12-17,0.3305,0.3525,0.33,0.35,64085
2014-12-18,0.3351,0.3699,0.335,0.35,65703
2014-12-19,0.351,0.36,0.32,0.35,226383
2014-12-22,0.3954,0.3954,0.3357,0.35,69666
2014-12-23,0.3548,0.36,0.3548,0.3566,78660
2014-12-24,0.3501,0.3629,0.35,0.3561,44513
2014-12-26,0.35,0.3599,0.35,0.35,58679
2014-12-29,0.35,0.36,0.35,0.3584,44543
2014-12-30,0.3544,0.45,0.3544,0.4,241386
2014-12-31,0.4004,0.45,0.4003,0.45,138451
2015-01-02,0.4301,0.44,0.38,0.4108,146498
2015-01-05,0.4133,0.4701,0.38,0.44,131744
2015-01-06,0.43,0.47,0.43,0.45,142828
2015-01-07,0.4665,0.4665,0.43,0.4497,31445
2015-01-08,0.4352,0.48,0.4137,0.434,156894
2015-01-09,0.4398,0.4746,0.4022,0.4177,58684
2015-01-12,0.42,0.4679,0.42,0.4679,135174
2015-01-13,0.4628,0.55,0.44,0.5299,643187
2015-01-14,0.5556,0.5556,0.4894,0.4951,251650
2015-01-15,0.51,0.53,0.5062,0.52,190123
2015-01-16,0.5275,0.5875,0.51,0.545,192566
2015-01-20,0.56,0.6099,0.5587,0.58,482029
2015-01-21,0.59,0.62,0.5418,0.589,176176
2015-01-22,0.6,0.61,0.5616,0.6,234672
2015-01-23,0.6,0.6,0.56,0.5899,153501
2015-01-26,0.57,0.5737,0.48,0.5219,525329
2015-01-27,0.535,0.57,0.5207,0.5599,114610
2015-01-28,0.6,0.6,0.4925,0.52,204974
2015-01-29,0.48,0.5096,0.47,0.4967,295268
2015-01-30,0.47,0.5399,0.46,0.5023,488701
2015-02-02,0.48,0.4999,0.46,0.4999,271168
2015-02-03,0.477,0.4898,0.4441,0.465,205762
2015-02-04,0.46,0.47,0.445,0.47,172698
2015-02-05,0.4508,0.5,0.447,0.463,119557
2015-02-06,0.463,0.47,0.445,0.4552,107098
2015-02-09,0.46,0.49,0.4521,0.457,34306
2015-02-10,0.4451,0.4636,0.415,0.4636,292516
2015-02-11,0.4436,0.4436,0.42,0.4369,117812
2015-02-12,0.43,0.4499,0.4221,0.4499,46190
2015-02-13,0.425,0.46,0.42,0.44,160672
2015-02-17,0.42,0.4305,0.4101,0.425,100498
2015-02-18,0.4235,0.4435,0.41,0.415,71832
2015-02-19,0.43,0.43,0.41,0.4125,39510
2015-02-20,0.43,0.44,0.4175,0.4175,89500
2015-02-23,0.415,0.415,0.4,0.4,187300
2015-02-24,0.4,0.418,0.3975,0.4,68258
2015-02-25,0.4081,0.4199,0.4081,0.41,36050
2015-02-26,0.4145,0.4275,0.41,0.41,79791
2015-02-27,0.41,0.412,0.3923,0.393,201305
2015-03-02,0.38,0.4,0.34,0.3901,254066
2015-03-03,0.39,0.4,0.3714,0.38,75129
2015-03-04,0.3799,0.38,0.36,0.36,120042
2015-03-05,0.38,0.39,0.37,0.39,114540
2015-03-06,0.3993,0.3993,0.36,0.39,156311
2015-03-09,0.38,0.38,0.36,0.37,77138
2015-03-10,0.38,0.3917,0.35,0.35,286534
2015-03-11,0.35,0.3691,0.335,0.36,218180
2015-03-12,0.3512,0.37,0.3415,0.35,247477
2015-03-13,0.345,0.358,0.345,0.345,75606
2015-03-16,0.35,0.35,0.34,0.345,170037
2015-03-17,0.345,0.35,0.34,0.34,82777
2015-03-18,0.34,0.368,0.34,0.35,174276
2015-03-19,0.365,0.3755,0.345,0.357,152400
2015-03-20,0.37,0.39,0.36,0.37,107848
2015-03-23,0.39,0.392,0.37,0.38,37457
2015-03-24,0.38,0.4,0.3626,0.3631,244602
2015-03-25,0.38,0.3931,0.366,0.373,106094
2015-03-26,0.38,0.385,0.3581,0.36,99519
2015-03-27,0.36,0.3821,0.3599,0.36,77698
2015-03-30,0.36,0.375,0.36,0.37,37291
2015-03-31,0.3701,0.375,0.36,0.36,57747
2015-04-01,0.3601,0.38,0.35,0.37,130739
2015-04-02,0.36,0.38,0.3572,0.37,81185
2015-04-06,0.36,0.42,0.36,0.39,135462
2015-04-07,0.39,0.4063,0.3815,0.4025,95071
2015-04-08,0.39,0.4,0.38,0.4,43450
2015-04-09,0.3801,0.395,0.37,0.3738,68050
2015-04-10,0.37,0.38,0.3617,0.38,36300
2015-04-13,0.38,0.38,0.3606,0.37,90089
2015-04-14,0.3606,0.38,0.3606,0.3799,56078
2015-04-15,0.38,0.38,0.355,0.38,99099
2015-04-16,0.38,0.38,0.3602,0.37,84365
2015-04-17,0.3616,0.37,0.345,0.37,143229
2015-04-20,0.3501,0.3544,0.325,0.34,404806
2015-04-21,0.335,0.355,0.335,0.34,65622
2015-04-22,0.34,0.3429,0.326,0.3289,282354
2015-04-23,0.3351,0.35,0.3351,0.34,67510
2015-04-24,0.3266,0.35,0.3266,0.35,62845
2015-04-27,0.345,0.3872,0.34,0.3872,232157
2015-04-28,0.39,0.405,0.39,0.399,170361
2015-04-29,0.38,0.4,0.38,0.39,92806
2015-04-30,0.4,0.41,0.38,0.38,57528
2015-05-01,0.3661,0.3998,0.3626,0.3998,52688
2015-05-04,0.404,0.404,0.35,0.38,68434
2015-05-05,0.38,0.39,0.375,0.38,21143
2015-05-06,0.39,0.39,0.3493,0.3666,308910
2015-05-07,0.3699,0.37,0.35,0.35,59993
2015-05-08,0.351,0.37,0.345,0.36,136169
2015-05-11,0.361,0.371,0.347,0.355,34349
2015-05-12,0.365,0.3734,0.35,0.3631,113019
2015-05-13,0.363,0.397,0.355,0.375,217294
2015-05-14,0.388,0.3988,0.3711,0.38,49551
2015-05-15,0.37,0.37,0.3626,0.3694,56511
2015-05-18,0.365,0.385,0.365,0.385,60485
2015-05-19,0.36,0.373,0.35,0.366,65875
2015-05-20,0.3548,0.375,0.35,0.3739,55746
2015-05-21,0.38,0.38,0.3518,0.3561,49559
2015-05-22,0.35,0.3591,0.341,0.3502,19660
2015-05-26,0.35,0.351,0.335,0.3351,179900
2015-05-27,0.35,0.351,0.335,0.3494,115964
2015-05-28,0.341,0.36,0.34,0.35,56975
2015-05-29,0.36,0.36,0.34,0.35,127966
2015-06-01,0.35,0.36,0.34,0.3501,189496
2015-06-02,0.345,0.3578,0.34,0.35,29845
2015-06-03,0.35,0.365,0.35,0.3501,71595
2015-06-04,0.35,0.35,0.34,0.35,137279
2015-06-05,0.3401,0.3499,0.34,0.3497,36163
2015-06-08,0.34,0.35,0.34,0.34,37721
2015-06-09,0.35,0.358,0.3402,0.35,63508
2015-06-10,0.35,0.35,0.3255,0.34,422585
2015-06-11,0.3344,0.348,0.3344,0.3467,28077
2015-06-12,0.34,0.34,0.33,0.34,105371
2015-06-15,0.34,0.34,0.33,0.3384,38053
2015-06-16,0.336,0.34,0.3355,0.337,93918
2015-06-17,0.3363,0.34,0.336,0.337,25280
2015-06-18,0.34,0.34,0.3301,0.34,101491
2015-06-19,0.33,0.35,0.33,0.3481,71639
2015-06-22,0.35,0.35,0.3387,0.3387,12626
2015-06-23,0.33,0.34,0.33,0.3342,101900
2015-06-24,0.333,0.343,0.329,0.329,94245
2015-06-25,0.325,0.3356,0.325,0.3356,31668
2015-06-26,0.331,0.3363,0.32,0.32,28565
2015-06-29,0.33,0.3357,0.3252,0.3275,18187
2015-06-30,0.327,0.3333,0.32,0.3312,146923
2015-07-01,0.34,0.34,0.32,0.3362,105712
2015-07-02,0.3163,0.33,0.3163,0.3181,41730
2015-07-06,0.3182,0.324,0.3116,0.324,58111
2015-07-07,0.3171,0.32,0.2911,0.32,98988
2015-07-08,0.31,0.31,0.293,0.31,41002
2015-07-09,0.3079,0.3197,0.3076,0.3197,40006
2015-07-10,0.3197,0.32,0.3,0.303,51005
2015-07-13,0.31,0.31,0.2917,0.2917,61108
2015-07-14,0.3,0.308,0.2917,0.3001,52600
2015-07-15,0.3,0.31,0.2917,0.3012,42735
2015-07-16,0.31,0.31,0.2708,0.2856,344381
2015-07-17,0.273,0.288,0.24,0.27,595530
2015-07-20,0.273,0.273,0.2138,0.2424,195971
2015-07-21,0.256,0.256,0.1951,0.2297,696126
2015-07-22,0.218,0.245,0.215,0.2263,84982
2015-07-23,0.2219,0.2267,0.205,0.2159,139677
2015-07-24,0.205,0.22,0.2,0.22,225741
2015-07-27,0.21,0.2264,0.205,0.2255,80597
2015-07-28,0.2255,0.24,0.2211,0.24,74135
2015-07-29,0.24,0.253,0.23,0.253,51062
2015-07-30,0.25,0.25,0.22,0.2394,35071
2015-07-31,0.22,0.25,0.22,0.2427,202402
2015-08-03,0.24,0.2427,0.2211,0.2427,37200
2015-08-04,0.24,0.265,0.23,0.265,239405
2015-08-05,0.25,0.27,0.24,0.2697,48902
2015-08-06,0.25,0.28,0.25,0.28,51451
2015-08-07,0.27,0.2969,0.27,0.275,72805
2015-08-10,0.266,0.291,0.2655,0.2655,53536
2015-08-11,0.28,0.28,0.2749,0.275,68218
2015-08-12,0.28,0.2889,0.2701,0.2765,60110
2015-08-13,0.28,0.2809,0.2618,0.2682,15094
2015-08-14,0.2798,0.297,0.26,0.276,58452
2015-08-17,0.27,0.2895,0.26,0.278,49035
2015-08-18,0.279,0.279,0.24,0.244,119104
2015-08-19,0.244,0.261,0.2281,0.2393,93946
2015-08-20,0.24,0.25,0.2266,0.2299,55214
2015-08-21,0.24,0.24,0.22,0.2306,73260
2015-08-24,0.2193,0.24,0.21,0.215,56501
2015-08-25,0.209,0.2288,0.209,0.2203,33753
2015-08-26,0.22,0.2354,0.2149,0.2354,52493
2015-08-27,0.24,0.2552,0.2353,0.25,8804
2015-08-28,0.24,0.253,0.22,0.2224,76006
2015-08-31,0.23,0.2325,0.22,0.2264,43335
2015-09-01,0.2275,0.25,0.2275,0.25,12139
2015-09-02,0.257,0.257,0.2253,0.25,17799
2015-09-03,0.238,0.2757,0.23,0.2757,141700
2015-09-04,0.24,0.2554,0.238,0.2549,47664
2015-09-08,0.245,0.26,0.245,0.25,7300
2015-09-09,0.245,0.2498,0.232,0.2395,12950
2015-09-10,0.2375,0.245,0.2375,0.245,30225
2015-09-11,0.24,0.25,0.2315,0.25,32301
2015-09-14,0.236,0.26,0.23,0.2597,57817
2015-09-15,0.2301,0.2567,0.2301,0.2567,33600
2015-09-16,0.2566,0.27,0.2528,0.27,48653
2015-09-17,0.2601,0.28,0.2475,0.278,54650
2015-09-18,0.26,0.3,0.2518,0.29,70093
2015-09-21,0.3,0.3078,0.2673,0.3078,49725
2015-09-22,0.3095,0.3427,0.3095,0.325,472626
2015-09-23,0.3377,0.365,0.3341,0.3488,457098
2015-09-24,0.35,0.355,0.3402,0.3525,121397
2015-09-25,0.34,0.355,0.3155,0.355,293592
2015-09-28,0.345,0.345,0.3186,0.335,95389
2015-09-29,0.3401,0.3401,0.301,0.324,60064
2015-09-30,0.315,0.329,0.304,0.329,135900
2015-10-01,0.33,0.33,0.3,0.3185,59741
2015-10-02,0.3169,0.3408,0.3,0.3405,39010
2015-10-05,0.3308,0.343,0.3212,0.3403,104575
2015-10-06,0.3435,0.35,0.33,0.348,103590
2015-10-07,0.35,0.35,0.33,0.34,117372
2015-10-08,0.33,0.35,0.33,0.3478,50871
2015-10-09,0.3499,0.3746,0.34,0.3746,182984
2015-10-12,0.38,0.3848,0.37,0.3777,61500
2015-10-13,0.38,0.385,0.37,0.38,127894
2015-10-14,0.385,0.4201,0.3773,0.3844,288987
2015-10-15,0.39,0.4,0.3709,0.3785,236424
2015-10-16,0.38,0.3857,0.33,0.342,150536
2015-10-19,0.3391,0.35,0.3239,0.3345,56257
2015-10-20,0.3368,0.3679,0.3001,0.35,48100
2015-10-21,0.33,0.35,0.32,0.346,19400
2015-10-22,0.33,0.33,0.317,0.317,12550
2015-10-23,0.317,0.35,0.317,0.35,27257
2015-10-26,0.35,0.35,0.3075,0.3219,73314
2015-10-27,0.32,0.3499,0.31,0.31,38752
2015-10-28,0.321,0.3489,0.3,0.3,35569
2015-10-29,0.3,0.3021,0.27,0.27,89940
2015-10-30,0.2735,0.2735,0.25,0.2585,69163
2015-11-02,0.2586,0.2673,0.25,0.2672,36070
2015-11-03,0.271,0.28,0.2537,0.2562,40309
2015-11-04,0.26,0.27,0.25,0.25,97701
2015-11-05,0.25,0.29,0.2491,0.272,188097
2015-11-06,0.2901,0.2901,0.2453,0.25,195031
2015-11-09,0.25,0.2711,0.2413,0.2711,19179
2015-11-10,0.26,0.2699,0.241,0.241,52002
2015-11-11,0.245,0.2533,0.245,0.246,49143
2015-11-12,0.2729,0.273,0.237,0.263,30534
2015-11-13,0.285,0.285,0.251,0.251,32144
2015-11-16,0.2501,0.2549,0.241,0.241,38883
2015-11-17,0.2301,0.241,0.2301,0.2301,46955
2015-11-18,0.23,0.24,0.2255,0.2284,45476
2015-11-19,0.24,0.26,0.2355,0.2458,51082
2015-11-20,0.255,0.255,0.231,0.2421,22350
2015-11-23,0.232,0.2385,0.232,0.234,7840
2015-11-24,0.233,0.2401,0.233,0.2401,56000
2015-11-25,0.2311,0.2426,0.2311,0.2426,29155
2015-11-27,0.2418,0.2418,0.2418,0.2418,2014
2015-11-30,0.24,0.245,0.24,0.2401,32551
2015-12-01,0.24,0.2499,0.24,0.2401,60601
2015-12-02,0.24,0.255,0.2348,0.24,33951
2015-12-03,0.2505,0.255,0.2312,0.246,228196
2015-12-04,0.245,0.269,0.245,0.257,82942
2015-12-07,0.251,0.26,0.2201,0.222,334050
2015-12-08,0.224,0.23,0.2001,0.2051,391249
2015-12-09,0.2092,0.21,0.201,0.2013,128495
2015-12-10,0.2034,0.21,0.1955,0.1955,235761
2015-12-11,0.1956,0.21,0.1875,0.205,285989
2015-12-14,0.2014,0.21,0.2001,0.21,43983
2015-12-15,0.21,0.2264,0.2,0.21,39751
2015-12-16,0.21,0.237,0.21,0.2148,20240
2015-12-17,0.21,0.2148,0.2001,0.2001,15478
2015-12-18,0.2199,0.2199,0.2,0.2059,26729
2015-12-21,0.2199,0.2199,0.2001,0.215,76748
2015-12-22,0.21,0.21,0.1981,0.2059,57767
2015-12-23,0.201,0.205,0.2001,0.202,34954
2015-12-24,0.2,0.2199,0.2,0.21,69732
2015-12-28,0.202,0.205,0.192,0.2,97345
2015-12-29,0.2011,0.2024,0.1965,0.1987,182559
2015-12-30,0.195,0.2023,0.1901,0.1901,249808
2015-12-31,0.1918,0.2015,0.1918,0.195,177011
2016-01-04,0.195,0.2,0.1872,0.1892,101278
2016-01-05,0.19,0.2,0.1867,0.1902,15202
2016-01-06,0.2,0.21,0.1821,0.191,108631
2016-01-07,0.22,0.26,0.2035,0.2377,232683
2016-01-08,0.24,0.3172,0.22,0.278,579280
2016-01-11,0.275,0.2873,0.2137,0.2137,239804
2016-01-12,0.238,0.238,0.19,0.1952,107664
2016-01-13,0.2,0.2233,0.2,0.2199,78329
2016-01-14,0.22,0.23,0.195,0.21,278524
2016-01-15,0.21,0.23,0.19,0.23,377543
2016-01-19,0.22,0.23,0.1966,0.218,270596
2016-01-20,0.21,0.2451,0.1967,0.2112,218132
2016-01-21,0.21,0.2153,0.204,0.21,70726
2016-01-22,0.22,0.23,0.205,0.215,20085
2016-01-25,0.2,0.214,0.2,0.2051,75967
2016-01-26,0.2101,0.2251,0.2101,0.2178,75064
2016-01-27,0.2216,0.23,0.2011,0.2179,165977
2016-01-28,0.2189,0.2255,0.2038,0.225,46835
2016-01-29,0.2271,0.2272,0.21,0.2189,60726
2016-02-01,0.23,0.23,0.2043,0.2146,161668
2016-02-02,0.226,0.23,0.2045,0.228,18386
2016-02-03,0.21,0.2568,0.2062,0.2438,414081
2016-02-04,0.24,0.241,0.2106,0.215,328418
2016-02-05,0.2125,0.2525,0.21,0.2525,415702
2016-02-08,0.26,0.31,0.2446,0.2824,510194
2016-02-09,0.285,0.3,0.25,0.271,185206
2016-02-10,0.25,0.285,0.25,0.285,78429
2016-02-11,0.3498,0.3498,0.2951,0.3155,315892
2016-02-12,0.312,0.34,0.292,0.3052,458102
2016-02-16,0.26,0.3206,0.26,0.28,224990
2016-02-17,0.3032,0.3032,0.28,0.285,76543
2016-02-18,0.285,0.295,0.2522,0.282,385584
2016-02-19,0.276,0.3,0.2725,0.2961,42086
2016-02-22,0.28,0.28,0.26,0.264,255877
2016-02-23,0.2772,0.303,0.27,0.2874,287017
2016-02-24,0.295,0.3289,0.263,0.288,957629
2016-02-25,0.2818,0.29,0.2737,0.284,86044
2016-02-26,0.284,0.29,0.2634,0.274,113315
2016-02-29,0.2625,0.288,0.2625,0.2832,277225
2016-03-01,0.3,0.3,0.2688,0.287,186321
2016-03-02,0.2625,0.29,0.2615,0.2757,103199
2016-03-03,0.293,0.319,0.272,0.3,224075
2016-03-04,0.3115,0.3742,0.2949,0.332,683099
2016-03-07,0.349,0.349,0.32,0.322,79177
2016-03-08,0.355,0.355,0.2977,0.32,142260
2016-03-09,0.3,0.33,0.29,0.31,177431
2016-03-10,0.325,0.3398,0.2944,0.3234,141926
2016-03-11,0.325,0.3278,0.301,0.301,94393
2016-03-14,0.3,0.3045,0.27,0.294,111962
2016-03-15,0.2751,0.2965,0.2751,0.2899,42703
2016-03-16,0.29,0.329,0.28,0.3011,380217
2016-03-17,0.324,0.34,0.31,0.3266,324935
2016-03-18,0.35,0.35,0.3257,0.3316,68976
2016-03-21,0.338,0.34,0.31,0.32,63566
2016-03-22,0.3397,0.3397,0.3101,0.3122,57160
2016-03-23,0.3,0.31,0.281,0.3,221551
2016-03-24,0.307,0.315,0.3,0.3031,28942
2016-03-28,0.3,0.315,0.3,0.3099,13931
2016-03-29,0.312,0.3337,0.285,0.318,48792
2016-03-30,0.3115,0.33,0.3039,0.32,52701
2016-03-31,0.3351,0.3359,0.31,0.3149,46405
2016-04-01,0.3109,0.333,0.292,0.333,74635
2016-04-04,0.335,0.3498,0.3,0.31,12195
2016-04-05,0.3136,0.33,0.31,0.3208,99888
2016-04-06,0.33,0.3397,0.3251,0.33,21670
2016-04-07,0.33,0.33,0.3206,0.3265,82835
2016-04-08,0.33,0.372,0.32,0.3621,207530
2016-04-11,0.38,0.49,0.3798,0.47,600034
2016-04-12,0.51,0.55,0.4934,0.52,811365
2016-04-13,0.5108,0.541,0.46,0.4968,561022
2016-04-14,0.4851,0.5375,0.47,0.4996,160525
2016-04-15,0.5,0.54,0.4894,0.4987,245164
2016-04-18,0.5,0.7,0.5,0.69,1033748
2016-04-19,0.725,0.74,0.6627,0.7398,759240
2016-04-20,0.72,0.75,0.5748,0.5901,629679
2016-04-21,0.64,0.66,0.606,0.6099,333852
2016-04-22,0.6186,0.64,0.52,0.544,532417
2016-04-25,0.57,0.62,0.555,0.586,441930
2016-04-26,0.589,0.599,0.544,0.599,300411
2016-04-27,0.608,0.64,0.5701,0.5832,138438
2016-04-28,0.61,0.7,0.5901,0.7,528139
2016-04-29,0.68,0.74,0.673,0.7362,580840
2016-05-02,0.7399,0.7488,0.68,0.718,289678
2016-05-03,0.72,0.7246,0.62,0.7,388724
2016-05-04,0.679,0.679,0.6142,0.65,301495
2016-05-05,0.64,0.7099,0.6,0.62,189111
2016-05-06,0.63,0.714,0.63,0.6602,427617
2016-05-09,0.6499,0.6499,0.5901,0.6021,281731
2016-05-10,0.6227,0.65,0.59,0.6299,216739
2016-05-11,0.6305,0.6699,0.61,0.6331,159625
2016-05-12,0.6283,0.6498,0.5771,0.6299,114194
2016-05-13,0.6031,0.65,0.59,0.6447,137326
2016-05-16,0.67,0.67,0.602,0.625,162262
2016-05-17,0.625,0.6385,0.6131,0.6301,74021
2016-05-18,0.61,0.6295,0.58,0.5856,142825
2016-05-19,0.58,0.5899,0.5522,0.5899,235413
2016-05-20,0.5773,0.5999,0.5143,0.55,206792
2016-05-23,0.534,0.56,0.51,0.56,177127
2016-05-24,0.534,0.535,0.46,0.472,429944
2016-05-25,0.4,0.472,0.4,0.472,241310
2016-05-26,0.4849,0.5,0.4673,0.47,92353
2016-05-27,0.482,0.49,0.45,0.45,97244
2016-05-31,0.45,0.4998,0.45,0.49,125965
2016-06-01,0.499,0.5099,0.48,0.484,100095
2016-06-02,0.472,0.472,0.4,0.44,449755
2016-06-03,0.48,0.5341,0.4783,0.5263,482658
2016-06-06,0.54,0.58,0.5,0.57,251400
2016-06-07,0.57,0.59,0.55,0.5881,78260
2016-06-08,0.6,0.6099,0.57,0.5875,164206
2016-06-09,0.56,0.6,0.533,0.5899,181725
2016-06-10,0.6077,0.6499,0.59,0.6498,428953
2016-06-13,0.64,0.7,0.6305,0.6499,458066
2016-06-14,0.65,0.65,0.6048,0.6388,119872
2016-06-15,0.6298,0.65,0.6,0.6499,161959
2016-06-16,0.666,0.6979,0.6002,0.6289,234972
2016-06-17,0.645,0.645,0.6084,0.6199,146965
2016-06-20,0.598,0.615,0.5799,0.58,455803
2016-06-21,0.57,0.6,0.57,0.5701,104272
2016-06-22,0.57,0.59,0.55,0.5701,189317
2016-06-23,0.586,0.6159,0.55,0.5703,320491
2016-06-24,0.62,0.66,0.6012,0.637,620133
2016-06-27,0.6502,0.7499,0.65,0.7499,629888
2016-06-28,0.7498,0.8965,0.65,0.812,1883635
2016-06-29,0.85,0.97,0.83,0.87,1803843
2016-06-30,0.89,0.92,0.84,0.88,552277
2016-07-01,0.911,0.985,0.911,0.918,390977
2016-07-05,0.95,0.95,0.823,0.91,609250
2016-07-06,0.97,1.04,0.8888,1.03,941605
2016-07-07,1.0,1.05,0.87,0.95,712829
2016-07-08,0.9271,1.02,0.88,1.02,561733
2016-07-11,1.05,1.4,0.99,1.35,3282643
2016-07-12,1.33,1.35,1.1,1.15,2021186
2016-07-13,1.22,1.27,1.181,1.23,691515
2016-07-14,1.19,1.22,1.14,1.1895,436452
2016-07-15,1.19,1.2,1.143,1.143,258808
2016-07-18,1.19,1.2,1.12,1.17,429324
2016-07-19,1.13,1.2,1.13,1.13,212212
2016-07-20,1.1,1.1,1.05,1.07,390067
2016-07-21,1.12,1.14,1.03,1.09,304949
2016-07-22,1.07,1.1022,1.02,1.04,342480
2016-07-25,1.0,1.0199,0.9179,0.92,590201
2016-07-26,0.93,0.965,0.91,0.9245,242393
2016-07-27,0.9519,1.11,0.95,1.04,547077
2016-07-28,1.04,1.13,1.02,1.13,317391
2016-07-29,1.17,1.25,1.11,1.25,594532
2016-08-01,1.27,1.3,1.2,1.29,471277
2016-08-02,1.24,1.29,1.21,1.2101,449074
2016-08-03,1.19,1.19,1.12,1.159,386598
2016-08-04,1.21,1.24,1.13,1.1571,194025
2016-08-05,1.11,1.13,1.06,1.11,360173
2016-08-08,1.09,1.11,0.97,0.99,392253
2016-08-09,1.01,1.08,1.01,1.021,223141
2016-08-10,1.08,1.22,1.05,1.2,748341
2016-08-11,1.2,1.25,1.161,1.19,606071
2016-08-12,1.2,1.28,1.11,1.15,623790
2016-08-15,1.17,1.24,1.13,1.15,368669
2016-08-16,1.17,1.2,1.15,1.2,220060
2016-08-17,1.19,1.19,1.08,1.12,389097
2016-08-18,1.18,1.19,1.08,1.19,258321
2016-08-19,1.15,1.16,1.06,1.13,315095
2016-08-22,1.09,1.11,1.07,1.0801,177636
2016-08-23,1.1,1.1099,1.03,1.04,284766
2016-08-24,1.04,1.04,0.88,0.909,789305
2016-08-25,0.9251,0.9996,0.8804,0.9828,573754
2016-08-26,0.9973,1.11,0.948,1.0,261821
2016-08-29,0.9817,0.9999,0.9064,0.9979,159317
2016-08-30,0.9796,0.9895,0.89,0.9,341758
2016-08-31,0.89,0.9,0.83,0.84,274464
2016-09-01,0.81,0.975,0.779,0.8648,484114
2016-09-02,0.95,0.98,0.9,0.96,318385
2016-09-06,0.985,1.06,0.985,1.06,533545
2016-09-07,1.07,1.07,0.9595,0.9815,232915
2016-09-08,0.9864,0.9956,0.94,0.94,211979
2016-09-09,0.94,0.94,0.86,0.86,443246
2016-09-12,0.849,0.8798,0.8112,0.86,285244
2016-09-13,0.8799,0.8799,0.8006,0.83,191777
2016-09-14,0.86,0.8807,0.8125,0.8301,88602
2016-09-15,0.8327,0.8797,0.82,0.8406,142137
2016-09-16,0.8358,0.8572,0.82,0.84,74935
2016-09-19,0.824,0.8485,0.7962,0.8104,160282
2016-09-20,0.806,0.8204,0.7522,0.7995,293917
2016-09-21,0.8293,0.8744,0.7857,0.8744,339228
2016-09-22,0.9135,0.96,0.8696,0.8774,267038
2016-09-23,0.885,0.885,0.7999,0.8002,134731
2016-09-26,0.8375,0.87,0.8,0.8114,142934
2016-09-27,0.798,0.8274,0.768,0.773,234255
2016-09-28,0.7999,0.87,0.78,0.86,228367
2016-09-29,0.85,0.93,0.837948,0.92,186776
2016-09-30,0.99,0.9913,0.87,0.8898,206729
2016-10-03,0.88,0.9,0.85,0.8625,51019
2016-10-04,0.83,0.83,0.7,0.7498,515492
2016-10-05,0.77,0.77,0.73,0.73,206951
2016-10-06,0.7299,0.734,0.6852,0.69,324778
2016-10-07,0.71,0.7699,0.68,0.6906,336491
2016-10-10,0.724,0.7798,0.6915,0.693,123496
2016-10-11,0.7,0.7359,0.6859,0.6928,183764
2016-10-12,0.72,0.7283,0.69,0.7195,199618
2016-10-13,0.7102,0.776,0.7086,0.77,138083
2016-10-14,0.76,0.77,0.7279,0.76,55522
2016-10-17,0.725,0.7546,0.7238,0.74,120410
2016-10-18,0.7659,0.8191,0.76,0.7669,451327
2016-10-19,0.7841,0.84,0.772,0.7856,413643
2016-10-20,0.79,0.8197,0.7255,0.7593,332792
2016-10-21,0.755,0.7689,0.7331,0.7422,32364
2016-10-24,0.7641,0.7641,0.7144,0.7151,90330
2016-10-25,0.736,0.7553,0.7144,0.75,92943
2016-10-26,0.75,0.7592,0.7052,0.7592,93455
2016-10-27,0.732,0.762,0.715,0.725,124615
2016-10-28,0.7591,0.76,0.71,0.739,84173
2016-10-31,0.731,0.7582,0.7301,0.7434,107735
2016-11-01,0.76,0.8199,0.76,0.7944,183200
2016-11-02,0.8199,0.87,0.766,0.766,279815
2016-11-03,0.75,0.8381,0.75,0.81,160506
2016-11-04,0.7999,0.849,0.77,0.79,130356
2016-11-07,0.7506,0.77,0.71,0.7211,195572
2016-11-08,0.74,0.799,0.74,0.7401,61828
2016-11-09,0.82,0.82,0.75,0.7551,429477
2016-11-10,0.78,0.797,0.7,0.7004,435768
2016-11-11,0.7199,0.7199,0.62,0.6229,509352
2016-11-14,0.65,0.65,0.5647,0.5951,561662
2016-11-15,0.6235,0.65,0.5976,0.6284,273933
2016-11-16,0.64,0.64,0.57,0.5862,380909
2016-11-17,0.5701,0.59,0.5155,0.5235,428281
2016-11-18,0.5101,0.55,0.5101,0.5432,381440
2016-11-21,0.53,0.585,0.52,0.5347,226760
2016-11-22,0.5301,0.585,0.53,0.5848,459855
2016-11-23,0.57,0.599,0.537,0.5957,532719
2016-11-25,0.6,0.6,0.557,0.5595,85527
2016-11-28,0.5845,0.6354,0.57,0.6099,276320
2016-11-29,0.61,0.62,0.5702,0.61,159568
2016-11-30,0.6,0.6271,0.5302,0.5501,421826
2016-12-01,0.5623,0.6016,0.5349,0.5701,185747
2016-12-02,0.57,0.6395,0.57,0.61,432005
2016-12-05,0.6,0.6197,0.57,0.5875,215193
2016-12-06,0.5855,0.6102,0.58,0.5801,126458
2016-12-07,0.6089,0.62,0.5712,0.5712,482295
2016-12-08,0.5791,0.6029,0.5791,0.5801,46590
2016-12-09,0.61,0.6101,0.55,0.55,239944
2016-12-12,0.55,0.58,0.55,0.55,105474
2016-12-13,0.57,0.57,0.549,0.55,104133
2016-12-14,0.5539,0.5723,0.4945,0.5172,241403
2016-12-15,0.461,0.496,0.4526,0.4786,259400
2016-12-16,0.47,0.5266,0.4631,0.5266,401922
2016-12-19,0.495,0.5251,0.48,0.501,239577
2016-12-20,0.4531,0.499,0.4531,0.47,400409
2016-12-21,0.47,0.48,0.4355,0.4355,243891
2016-12-22,0.43,0.4617,0.425,0.4373,330078
2016-12-23,0.436,0.4605,0.432,0.4528,108401
2016-12-27,0.4756,0.53,0.45,0.51,229444
2016-12-28,0.4895,0.53,0.462,0.52,392458
2016-12-29,0.5202,0.5506,0.5,0.54,554703
2016-12-30,0.54,0.59,0.54,0.545,302841
2017-01-03,0.568,0.6274,0.55,0.588,479201
2017-01-04,0.595,0.6179,0.585,0.6037,226651
2017-01-05,0.625,0.65,0.6031,0.62,512049
2017-01-06,0.61,0.64,0.61,0.6271,213601
2017-01-09,0.63,0.6377,0.5902,0.615,322058
2017-01-10,0.617,0.6384,0.6,0.62,242043
2017-01-11,0.601,0.625,0.6,0.61,245403
2017-01-12,0.6283,0.6361,0.5602,0.5889,686110
2017-01-13,0.581,0.581,0.5583,0.565,299742
2017-01-17,0.62,0.6201,0.59,0.5901,320654
2017-01-18,0.62,0.62,0.59,0.61,250221
2017-01-19,0.59,0.5901,0.56,0.57,332590
2017-01-20,0.5746,0.5925,0.57,0.5924,181310
2017-01-23,0.6,0.6399,0.5932,0.61,475614
2017-01-24,0.619,0.6351,0.61,0.63,484262
2017-01-25,0.619,0.75,0.5901,0.71,1138862
2017-01-26,0.715,0.7336,0.67,0.7278,440112
2017-01-27,0.71,0.7271,0.69,0.72,334881
2017-01-30,0.7,0.73,0.65,0.6699,384774
2017-01-31,0.6899,0.7045,0.66,0.6789,194397
2017-02-01,0.706,0.706,0.66,0.6824,381037
2017-02-02,0.6968,0.738,0.6968,0.712,191336
2017-02-03,0.73,0.73,0.7,0.705,136814
2017-02-06,0.72,0.75,0.7,0.741,290387
2017-02-07,0.7498,0.76,0.7085,0.74,627893
2017-02-08,0.74,0.77,0.661,0.6849,1043924
2017-02-09,0.6818,0.7118,0.62,0.6522,499448
2017-02-10,0.649,0.6904,0.649,0.6751,182555
2017-02-13,0.68,0.68,0.65,0.6799,215550
2017-02-14,0.694,0.7,0.6531,0.66,154543
2017-02-15,0.6525,0.6525,0.6201,0.6311,262281
2017-02-16,0.63,0.6699,0.63,0.65,138179
2017-02-17,0.667,0.67,0.6201,0.6201,205135
2017-02-21,0.6385,0.6473,0.61,0.62,110324
2017-02-22,0.6167,0.6325,0.58,0.596,206482
2017-02-23,0.6166,0.6349,0.6,0.612,247650
2017-02-24,0.6364,0.6397,0.5785,0.62,173039
2017-02-27,0.615,0.617,0.56,0.5696,303935
2017-02-28,0.5605,0.59,0.554,0.5562,213489
2017-03-01,0.54,0.5663,0.5202,0.5323,271845
2017-03-02,0.5239,0.539,0.51,0.52,356865
2017-03-03,0.5,0.5289,0.4817,0.5,217723
2017-03-06,0.49,0.5245,0.48,0.5,193064
2017-03-07,0.4976,0.5103,0.46,0.485,186296
2017-03-08,0.47,0.4995,0.4568,0.49,75928
2017-03-09,0.49,0.4918,0.47,0.49,46713
2017-03-10,0.472,0.51,0.472,0.5,106801
2017-03-13,0.525,0.525,0.48,0.5069,104470
2017-03-14,0.486,0.51,0.485,0.4999,147252
2017-03-15,0.5,0.53,0.48,0.515,352074
2017-03-16,0.55,0.5829,0.5344,0.5439,187589
2017-03-17,0.5508,0.551,0.5,0.5,105870
2017-03-20,0.5,0.54,0.5,0.53,75396
2017-03-21,0.4901,0.5329,0.4901,0.5227,115471
2017-03-22,0.5111,0.54,0.5,0.51,87949
2017-03-23,0.4999,0.51,0.4805,0.4901,168099
2017-03-24,0.486,0.514,0.486,0.4906,101378
2017-03-27,0.53,0.54,0.49,0.515,190921
2017-03-28,0.528,0.529,0.4931,0.495,261950
2017-03-29,0.5057,0.54,0.5,0.54,69324
2017-03-30,0.55,0.55,0.515,0.5328,145525
2017-03-31,0.5202,0.5282,0.5151,0.525,146501
2017-04-03,0.52,0.527,0.5066,0.5202,124647
2017-04-04,0.52,0.5238,0.5061,0.52,54515
2017-04-05,0.495,0.5248,0.495,0.51,91070
2017-04-06,0.5096,0.545,0.5096,0.53,131066
2017-04-07,0.55,0.5611,0.5218,0.5225,284823
2017-04-10,0.52,0.5299,0.5085,0.51,275194
2017-04-11,0.53,0.5658,0.52,0.5301,394464
2017-04-12,0.53,0.5449,0.518,0.5301,222692
2017-04-13,0.565,0.5873,0.526,0.57,675853
2017-04-17,0.58,0.6,0.56,0.5735,464510
2017-04-18,0.5602,0.57,0.5338,0.57,207837
2017-04-19,0.55,0.5581,0.51,0.5207,319590
2017-04-20,0.5122,0.5289,0.5016,0.5205,143533
2017-04-21,0.54,0.58,0.51,0.566,289908
2017-04-24,0.56,0.5658,0.52,0.5321,162267
2017-04-25,0.5311,0.5312,0.5,0.525,243796
2017-04-26,0.5051,0.5299,0.5,0.5256,128516
2017-04-27,0.5207,0.5226,0.5,0.514,188485
2017-04-28,0.5001,0.5287,0.5,0.5,119486
2017-05-01,0.4883,0.518764,0.4883,0.5,129089
2017-05-02,0.52,0.52,0.49,0.505,114874
2017-05-03,0.505,0.52,0.505,0.52,116612
2017-05-04,0.505,0.51,0.4601,0.4601,338238
2017-05-05,0.465,0.4913,0.4645,0.4799,159004
2017-05-08,0.4701,0.505,0.4699,0.5,161291
2017-05-09,0.5,0.5,0.4559,0.4799,205519
2017-05-10,0.463,0.5,0.46,0.4731,284325
2017-05-11,0.4783,0.516,0.4662,0.516,168677
2017-05-12,0.516,0.52,0.4715,0.49,237832
2017-05-15,0.5096,0.52,0.4812,0.5,90994
2017-05-16,0.4823,0.5199,0.4823,0.489,41275
2017-05-17,0.5399,0.55,0.5,0.52,522628
2017-05-18,0.53,0.53,0.5036,0.53,117347
2017-05-19,0.51,0.5103,0.48,0.51,223164
2017-05-22,0.4936,0.52,0.491,0.5011,64148
2017-05-23,0.4921,0.5087,0.471,0.4735,173424
2017-05-24,0.472,0.5059,0.47,0.5059,89354
2017-05-25,0.51,0.51,0.47,0.48,163991
2017-05-26,0.48,0.4898,0.472,0.48,48517
2017-05-30,0.4715,0.5045,0.4588,0.4989,182216
2017-05-31,0.4899,0.4899,0.47,0.4717,77435
2017-06-01,0.474,0.4789,0.46,0.465,137871
2017-06-02,0.4789,0.4886,0.4632,0.4675,57042
2017-06-05,0.4764,0.4847,0.4643,0.475,61050
2017-06-06,0.4799,0.5075,0.465,0.5055,247286
2017-06-07,0.5024,0.5288,0.5,0.5101,133821
2017-06-08,0.53,0.53,0.5,0.52,72338
2017-06-09,0.5018,0.5018,0.49,0.4902,32152
2017-06-12,0.4655,0.4975,0.4655,0.48,86780
2017-06-13,0.48,0.52,0.48,0.4801,68033
2017-06-14,0.5,0.51,0.49,0.4901,109379
2017-06-15,0.4857,0.51,0.4801,0.51,221844
2017-06-16,0.519,0.519,0.48,0.5,192342
2017-06-19,0.4821,0.5082,0.4812,0.4821,74178
2017-06-20,0.4801,0.4899,0.465,0.48,81498
2017-06-21,0.48,0.4879,0.48,0.48,55837
2017-06-22,0.481,0.5,0.481,0.497,14451
2017-06-23,0.49,0.497,0.4893,0.4901,13273
2017-06-26,0.49,0.49,0.4802,0.4871,161647
2017-06-27,0.48,0.4899,0.48,0.48,155387
2017-06-28,0.485,0.493,0.4807,0.4807,64321
2017-06-29,0.49,0.49,0.48,0.4825,103744
2017-06-30,0.49,0.49,0.48,0.48,40467
2017-07-03,0.48,0.48,0.4575,0.4576,117424
2017-07-05,0.4575,0.4699,0.4575,0.464,57233
2017-07-06,0.465,0.48,0.4456,0.4607,134588
2017-07-07,0.4476,0.465,0.4455,0.449,106106
2017-07-10,0.448,0.46,0.4478,0.4554,66861
2017-07-11,0.46,0.46,0.44,0.4472,167887
2017-07-12,0.46,0.46,0.45,0.45,161858
2017-07-13,0.4576,0.4576,0.45,0.45,101669
2017-07-14,0.4542,0.5,0.454,0.48,293126
2017-07-17,0.5001,0.5301,0.5,0.519,238526
2017-07-18,0.52,0.54,0.52,0.5301,226169
2017-07-19,0.54,0.57,0.535,0.55,471378
2017-07-20,0.533,0.57,0.53,0.53,176295
2017-07-21,0.54,0.56,0.54,0.54,77899
2017-07-24,0.56,0.56,0.5151,0.54,65478
2017-07-25,0.5311,0.56,0.5303,0.5468,104610
2017-07-26,0.545,0.561,0.53,0.5522,112168
2017-07-27,0.5632,0.5633,0.5297,0.533,223492
2017-07-28,0.533,0.5521,0.53,0.53,232155
2017-07-31,0.54,0.555,0.4732,0.5201,105436
2017-08-01,0.53,0.5367,0.505,0.515,59288
2017-08-02,0.5028,0.56,0.5,0.52,123115
2017-08-03,0.52,0.54,0.52,0.5222,19152
2017-08-04,0.52,0.5295,0.5,0.5,117124
2017-08-07,0.51,0.5196,0.51,0.51,52175
2017-08-08,0.51,0.5198,0.51,0.51,109760
2017-08-09,0.5,0.53,0.5,0.5026,86036
2017-08-10,0.54,0.5517,0.51,0.53,284130
2017-08-11,0.53,0.5464,0.53,0.5302,89576
2017-08-14,0.56,0.56,0.5301,0.5365,43172
2017-08-15,0.53,0.53,0.4995,0.51,110281
2017-08-16,0.51,0.5475,0.51,0.54,68522
2017-08-17,0.5308,0.6,0.5302,0.58,326054
2017-08-18,0.6,0.6116,0.5384,0.54,191835
2017-08-21,0.55,0.5711,0.53,0.5386,104247
2017-08-22,0.53,0.5622,0.53,0.5351,25457
2017-08-23,0.5555,0.56,0.535,0.5515,112396
2017-08-24,0.5393,0.5499,0.5099,0.524,246110
2017-08-25,0.5248,0.55,0.5248,0.5352,112452
2017-08-28,0.5327,0.58,0.5114,0.57,300124
2017-08-29,0.59,0.6588,0.5801,0.613,510848
2017-08-30,0.62,0.62,0.6,0.61,203844
2017-08-31,0.61,0.62,0.6,0.61,77788
2017-09-01,0.58,0.62,0.58,0.61,145793
2017-09-05,0.6,0.65,0.6,0.64,202577
2017-09-06,0.65,0.659,0.6271,0.6352,252179
2017-09-07,0.659,0.6723,0.64,0.65,142476
2017-09-08,0.64,0.65,0.62,0.62,106205
2017-09-11,0.61,0.62,0.59,0.62,217579
2017-09-12,0.602,0.61,0.5855,0.5855,116562
2017-09-13,0.607,0.6099,0.5819,0.59,102099
2017-09-14,0.59,0.61,0.58,0.581,104510
2017-09-15,0.58,0.62,0.58,0.59,177209
2017-09-18,0.588,0.6148,0.5335,0.57,231667
2017-09-19,0.5988,0.5988,0.5599,0.565,143815
2017-09-20,0.58,0.6101,0.5601,0.59,199479
2017-09-21,0.5673,0.598,0.55,0.56,118587
2017-09-22,0.56,0.58,0.55,0.55,83464
2017-09-25,0.55,0.61,0.55,0.5515,165622
2017-09-26,0.5515,0.575,0.55,0.5515,100324
2017-09-27,0.5675,0.5675,0.55,0.5528,94879
2017-09-28,0.55,0.57,0.543,0.553,97495
2017-09-29,0.5501,0.57,0.526,0.5352,143065
2017-10-02,0.524,0.5269,0.4855,0.5,184096
2017-10-03,0.4896,0.5225,0.4896,0.51,155372
2017-10-04,0.5201,0.524,0.4975,0.51,100776
2017-10-05,0.524,0.524,0.4958,0.505,76246
2017-10-06,0.523,0.523,0.4975,0.5005,53808
2017-10-09,0.523,0.5565,0.5048,0.53,86487
2017-10-10,0.57,0.57,0.52,0.52,231816
2017-10-11,0.54,0.54,0.5,0.51,135552
2017-10-12,0.51,0.5306,0.51,0.53,59988
2017-10-13,0.53,0.5347,0.53,0.53,83843
2017-10-16,0.5356,0.55,0.5169,0.5181,56173
2017-10-17,0.51,0.5231,0.5,0.5102,104872
2017-10-18,0.51,0.5114,0.51,0.51,18791
2017-10-19,0.511,0.5133,0.51,0.5101,43214
2017-10-20,0.51,0.5125,0.5,0.5101,129305
2017-10-23,0.51,0.51,0.481,0.4845,104110
2017-10-24,0.498,0.498,0.47,0.4705,97431
2017-10-25,0.49,0.49,0.46,0.46,72603
2017-10-26,0.47,0.47,0.4398,0.44,225804
2017-10-27,0.449,0.47,0.433,0.465,133326
2017-10-30,0.46,0.465,0.44,0.4492,98099
2017-10-31,0.4491,0.455,0.4021,0.4251,135214
2017-11-01,0.434,0.4379,0.4239,0.4252,81904
2017-11-02,0.425,0.4441,0.425,0.429,50164
2017-11-03,0.429,0.4498,0.405,0.4104,84709
2017-11-06,0.41,0.4299,0.4073,0.421,83141
2017-11-07,0.42,0.44,0.413,0.439,78903
2017-11-08,0.4301,0.4498,0.4298,0.4328,60554
2017-11-09,0.444,0.444,0.4302,0.4342,7670
2017-11-10,0.455,0.455,0.4175,0.4234,53889
2017-11-13,0.44,0.44,0.4142,0.4176,62113
2017-11-14,0.41,0.42,0.36,0.39,356896
2017-11-15,0.4267,0.4267,0.3691,0.3758,103012
2017-11-16,0.4,0.4,0.37,0.3749,121443
2017-11-17,0.3752,0.3926,0.362,0.3799,175592
2017-11-20,0.4,0.4,0.38,0.38,135649
2017-11-21,0.373,0.39,0.3702,0.375,167892
2017-11-22,0.37,0.4,0.37,0.39,72190
2017-11-24,0.39,0.3962,0.376,0.3899,75944
2017-11-27,0.395,0.395,0.37,0.37,171142
2017-11-28,0.37,0.3884,0.37,0.3763,135782
2017-11-29,0.38,0.39,0.37,0.38,143750
2017-11-30,0.38,0.38,0.37,0.37,80475
2017-12-01,0.39,0.39,0.35,0.35,164396
2017-12-04,0.35,0.365,0.35,0.35,168341
2017-12-05,0.363,0.3631,0.2907,0.34,637085
2017-12-06,0.3328,0.3717,0.3063,0.33,135755
2017-12-07,0.32,0.3287,0.3001,0.306,127833
2017-12-08,0.31,0.3283,0.3007,0.32395,166906
2017-12-11,0.3,0.35,0.3,0.33,451046
2017-12-12,0.35,0.37,0.33,0.36,352515
2017-12-13,0.4,0.4,0.37,0.4,983609
2017-12-14,0.4,0.41,0.37,0.37,301148
2017-12-15,0.38,0.42,0.38,0.39,229367
2017-12-18,0.4,0.43,0.39,0.42,472501
2017-12-19,0.41,0.45,0.4,0.43,363630
2017-12-20,0.43,0.43,0.4,0.42,82882
2017-12-21,0.41,0.43,0.41,0.43,248445
2017-12-22,0.45,0.45,0.41,0.42,174061
2017-12-26,0.44,0.53,0.42,0.49,374690
2017-12-27,0.4993,0.4993,0.4399,0.4429,554464
2017-12-28,0.45,0.47,0.44,0.44,161999
2017-12-29,0.44,0.47,0.43,0.43,230526
2018-01-02,0.44,0.48,0.44,0.46,152375
2018-01-03,0.48,0.48,0.45,0.45,85427
2018-01-04,0.45,0.47,0.45,0.47,101502
2018-01-05,0.47,0.47,0.44,0.45,72018
2018-01-08,0.44,0.44,0.43,0.44,203085
2018-01-09,0.43,0.43,0.41,0.41,189947
2018-01-10,0.41,0.43,0.41,0.42,78675
2018-01-11,0.43,0.44,0.41,0.43,132474
2018-01-12,0.43,0.48,0.43,0.47,286820
2018-01-16,0.45,0.48,0.45,0.45,312123
2018-01-17,0.4601,0.4699,0.45,0.45,76625
2018-01-18,0.46,0.48,0.46,0.46,113487
2018-01-19,0.47,0.48,0.45,0.46,160289
2018-01-22,0.47,0.47,0.45,0.47,141697
2018-01-23,0.46,0.48,0.45,0.48,93424
2018-01-24,0.48,0.53,0.48,0.52,586786
2018-01-25,0.54,0.54,0.51,0.51,414288
2018-01-26,0.51,0.55,0.51,0.52,366907
2018-01-29,0.52,0.53,0.45,0.47,198216
2018-01-30,0.46,0.48,0.45,0.45,89850
2018-01-31,0.45,0.54,0.45,0.52,329755
2018-02-01,0.54,0.55,0.47,0.48,303819
2018-02-02,0.49,0.5,0.46,0.48,262786
2018-02-05,0.47,0.5,0.47,0.5,152642
2018-02-06,0.52,0.52,0.47,0.47,133001
2018-02-07,0.47,0.47,0.44,0.45,117554
2018-02-08,0.45,0.49,0.45,0.48,230820
2018-02-09,0.5,0.5,0.44,0.45,155626
2018-02-12,0.45,0.48,0.45,0.48,80343
2018-02-13,0.47,0.4797,0.45,0.46,107608
2018-02-14,0.47,0.55,0.47,0.54,389877
2018-02-15,0.57,0.57,0.5,0.54,237410
2018-02-16,0.56,0.56,0.51,0.51,104287
2018-02-20,0.51,0.51,0.48,0.49,78772
2018-02-21,0.5,0.51,0.48,0.49,85810
2018-02-22,0.482,0.5138,0.4804,0.4821,117285
2018-02-23,0.5062,0.5063,0.475,0.4785,103718
2018-02-26,0.48,0.49,0.48,0.48,39951
2018-02-27,0.48,0.48,0.46,0.46,96804
2018-02-28,0.48,0.48,0.43,0.45,273402
2018-03-01,0.43,0.47,0.43,0.47,107853
2018-03-02,0.44,0.47,0.44,0.44,99879
2018-03-05,0.44,0.46,0.44,0.45,111479
2018-03-06,0.45,0.46,0.45,0.45,87262
2018-03-07,0.46,0.46,0.45,0.45,42201
2018-03-08,0.45,0.48,0.45,0.48,95061
2018-03-09,0.47,0.48,0.45,0.47,103889
2018-03-12,0.465,0.4771,0.45,0.4695,179979
2018-03-13,0.46,0.48,0.45,0.45,72131
2018-03-14,0.4515,0.479,0.4515,0.46,138693
2018-03-15,0.46,0.48,0.46,0.46,65788
2018-03-16,0.46,0.48,0.45,0.47,204499
2018-03-19,0.47,0.47,0.45,0.45,107401
2018-03-20,0.46,0.47,0.45,0.46,111997
2018-03-21,0.47,0.5,0.45,0.5,355060
2018-03-22,0.5,0.5,0.48,0.49,124786
2018-03-23,0.5,0.56,0.49,0.56,480687
2018-03-26,0.55,0.57,0.53,0.54,381815
2018-03-27,0.56,0.56,0.51,0.54,120653
2018-03-28,0.56,0.56,0.5,0.5,15536533
2018-03-29,0.52,0.55,0.51,0.55,57689
2018-04-02,0.54,0.56,0.53,0.55,168129
2018-04-03,0.56,0.565,0.53,0.53,194971
2018-04-04,0.56,0.56,0.51,0.52,185835
2018-04-05,0.51,0.54,0.51,0.52,137031
2018-04-06,0.53,0.53,0.51,0.53,42236
2018-04-09,0.55,0.56,0.53,0.55,165065
2018-04-10,0.56,0.65,0.55,0.64,908870
2018-04-11,0.63,0.78,0.63,0.74,858211
2018-04-12,0.75,0.75,0.67,0.69,310414
2018-04-13,0.7,0.76,0.7,0.75,577584
2018-04-16,0.76,0.76,0.71,0.72,348008
2018-04-17,0.72,0.75,0.71,0.75,255484
2018-04-18,0.75,0.7667,0.7029,0.71,591561
2018-04-19,0.73,0.73,0.7,0.72,92479
2018-04-20,0.75,0.75,0.67,0.69,181010
2018-04-23,0.7,0.7,0.61,0.62,390877
2018-04-24,0.6,0.67,0.6,0.67,309306
2018-04-25,0.66,0.67,0.63,0.64,261618
2018-04-26,0.64,0.68,0.63,0.66,205585
2018-04-27,0.65,0.66,0.64,0.65,193875
2018-04-30,0.64,0.65,0.6,0.62,182630
2018-05-01,0.61,0.65,0.6,0.61,233059
2018-05-02,0.6138,0.64,0.61,0.6107,155534
2018-05-03,0.63,0.64,0.6,0.62,267001
2018-05-04,0.62,0.65,0.62,0.63,162174
2018-05-07,0.64,0.65,0.63,0.64,148781
2018-05-08,0.64,0.65,0.63,0.65,148237
2018-05-09,0.648,0.6589,0.6251,0.62521,142257
2018-05-10,0.63,0.65,0.61,0.65,159022
2018-05-11,0.65,0.68,0.63,0.63,118423
2018-05-14,0.63,0.6699,0.63,0.6586,109913
2018-05-15,0.65,0.65,0.63,0.63,64546
2018-05-16,0.63,0.65,0.61,0.64,144311
2018-05-17,0.63,0.65,0.63,0.65,84312
2018-05-18,0.66,0.69,0.65,0.69,172133
2018-05-21,0.69,0.7,0.65,0.69,161809
2018-05-22,0.7,0.7,0.66,0.69,89779
2018-05-23,0.7,0.7,0.66,0.68,112505
2018-05-24,0.69,0.72,0.67,0.7,223793
2018-05-25,0.72,0.72,0.67,0.7,217969
2018-05-29,0.7,0.72,0.65,0.72,214898
2018-05-30,0.745,0.745,0.69,0.71,122099
2018-05-31,0.72,0.73,0.7,0.72,86106
2018-06-01,0.71,0.72,0.69,0.69,70256
2018-06-04,0.68,0.7,0.67,0.67,123980
2018-06-05,0.67,0.68,0.58,0.64,483536
2018-06-06,0.63,0.63,0.56,0.56,452958
2018-06-07,0.56,0.58,0.55,0.55,130132
2018-06-08,0.55,0.59,0.55,0.58,292848
2018-06-11,0.55,0.64,0.52,0.6,349741
2018-06-12,0.61,0.65,0.6,0.6,281781
2018-06-13,0.6,0.62,0.57,0.59,315738
2018-06-14,0.59,0.6,0.58,0.59,204768
2018-06-15,0.58,0.6,0.55,0.55,357857
2018-06-18,0.56,0.56,0.53,0.53,154151
2018-06-19,0.53,0.56,0.52,0.55,344293
2018-06-20,0.54,0.54,0.51,0.54,177721
2018-06-21,0.53,0.54,0.52,0.52,51329
2018-06-22,0.52,0.54,0.52,0.54,93587
2018-06-25,0.53,0.54,0.52,0.52,104971
2018-06-26,0.52,0.54,0.52,0.54,147609
2018-06-27,0.52,0.54,0.52,0.52,41549
2018-06-28,0.52,0.52,0.5,0.5,129785
2018-06-29,0.5,0.51,0.46,0.5,338160
2018-07-02,0.5,0.6,0.5,0.53,156709
2018-07-03,0.53,0.56,0.51,0.55,88639
2018-07-05,0.58,0.58,0.54,0.5551,93043
2018-07-06,0.55,0.59,0.53,0.59,92966
2018-07-09,0.6,0.62,0.57,0.57,106776
2018-07-10,0.62,0.62,0.56,0.57,87838
2018-07-11,0.56,0.58,0.53,0.54,229355
2018-07-12,0.53,0.56,0.52,0.52,51861
2018-07-13,0.52,0.55,0.52,0.53,62253
2018-07-16,0.52,0.52,0.5,0.5,90877
2018-07-17,0.5,0.51,0.47,0.49,154627
2018-07-18,0.5,0.5,0.48,0.48,84633
2018-07-19,0.48,0.5,0.48,0.49,29650
2018-07-20,0.48,0.51,0.48,0.51,73996
2018-07-23,0.5,0.52,0.5,0.5,98354
2018-07-24,0.5,0.54,0.5,0.51,63731
2018-07-25,0.51,0.53,0.51,0.52,49186
2018-07-26,0.52,0.52,0.47,0.48,274829
2018-07-27,0.47,0.48,0.47,0.47,78054
2018-07-30,0.47,0.47,0.45,0.45,59941
2018-07-31,0.45,0.49,0.45,0.48,74709
2018-08-01,0.48,0.52,0.46,0.49,135323
2018-08-02,0.47,0.5,0.46,0.46,102102
2018-08-03,0.45,0.49,0.45,0.49,34186
2018-08-06,0.5,0.51,0.47,0.49,30466
2018-08-07,0.5,0.5,0.47,0.47,59947
2018-08-08,0.49,0.49,0.47,0.48,14870
2018-08-09,0.49,0.5,0.48,0.49,58315
2018-08-10,0.5,0.5,0.46,0.47,48208
2018-08-13,0.49,0.49,0.46,0.46,33108
2018-08-14,0.4631,0.48,0.4631,0.48,33201
2018-08-15,0.46,0.47,0.41,0.44,344908
2018-08-16,0.4572,0.4799,0.422,0.4222,147010
2018-08-17,0.47,0.48,0.43,0.48,148847
2018-08-20,0.48,0.49,0.45,0.48,106199
2018-08-21,0.46,0.48,0.45,0.46,61373
2018-08-22,0.47,0.48,0.45,0.48,28245
2018-08-23,0.46,0.46,0.45,0.45,63292
2018-08-24,0.45,0.48,0.45,0.47,96166
2018-08-27,0.48,0.49,0.46,0.47,66868
2018-08-28,0.46,0.5,0.46,0.48,46507
2018-08-29,0.47,0.5,0.46,0.49,81139
2018-08-30,0.48,0.48,0.46,0.47,42029
2018-08-31,0.48,0.48,0.46,0.46,28108
2018-09-04,0.46,0.48,0.46,0.47,47592
2018-09-05,0.46,0.47,0.45,0.45,135677
2018-09-06,0.42,0.46,0.42,0.45,23904
2018-09-07,0.43,0.46,0.426,0.4334,72672
2018-09-10,0.43,0.46,0.422,0.435,31559
2018-09-11,0.4361,0.4391,0.425,0.425,22118
2018-09-12,0.43,0.46,0.43,0.46,77167
2018-09-13,0.46,0.5,0.45,0.48,160505
2018-09-14,0.5,0.5,0.48,0.49,64423
2018-09-17,0.47,0.5,0.46,0.46,98984
2018-09-18,0.49,0.5,0.46,0.46,90217
2018-09-19,0.46,0.47,0.43,0.46,62454
2018-09-20,0.46,0.48,0.43,0.44,113909
2018-09-21,0.43,0.46,0.42,0.42,200464
2018-09-24,0.43,0.45,0.42,0.42,68735
2018-09-25,0.43,0.44,0.4,0.44,42274
2018-09-26,0.4,0.44,0.4,0.41,55568
2018-09-27,0.43,0.43,0.39,0.39,65954
2018-09-28,0.39,0.48,0.39,0.48,216401
2018-10-01,0.44,0.48,0.41,0.46,47222
2018-10-02,0.47,0.48,0.43,0.45,25667
2018-10-03,0.45,0.47,0.43,0.43,50528
2018-10-04,0.43,0.47,0.43,0.44,61616
2018-10-05,0.44,0.53,0.44,0.53,405577
2018-10-08,0.54,0.55,0.45,0.55,213065
2018-10-09,0.57,0.57,0.5,0.56,199976
2018-10-10,0.56,0.58,0.52,0.58,148004
2018-10-11,0.6,0.65,0.6,0.64,423954
2018-10-12,0.66,0.66,0.58,0.6,144797
2018-10-15,0.6,0.68,0.54,0.65,524453
2018-10-16,0.6,0.65,0.58,0.6,95139
2018-10-17,0.6,0.6,0.57,0.57,46584
2018-10-18,0.57,0.59,0.53,0.53,176257
2018-10-19,0.55,0.57,0.5,0.54,182489
2018-10-22,0.54,0.54,0.51,0.52,47064
2018-10-23,0.54,0.58,0.54,0.57,83656
2018-10-24,0.59,0.59,0.51,0.55,60031
2018-10-25,0.55,0.55,0.54,0.55,26730
2018-10-26,0.56,0.56,0.52,0.53,73971
2018-10-29,0.53,0.55,0.52,0.53,40572
2018-10-30,0.53,0.54,0.49,0.5,82274
2018-10-31,0.5,0.5,0.46,0.48,110242
2018-11-01,0.45,0.51,0.45,0.48,155031
2018-11-02,0.49,0.52,0.46,0.51,113900
2018-11-05,0.5,0.52,0.47,0.48,14932
2018-11-06,0.47,0.5,0.46,0.49,40241
2018-11-07,0.51,0.51,0.46,0.47,71294
2018-11-08,0.46,0.48,0.44,0.44,116668
2018-11-09,0.44,0.45,0.42,0.42,157596
2018-11-12,0.43,0.43,0.39,0.4,169023
2018-11-13,0.4,0.4,0.38,0.38,281522
2018-11-14,0.41,0.42,0.38,0.41,109293
2018-11-15,0.42,0.42,0.39,0.39,56023
2018-11-16,0.41,0.44,0.41,0.42,93608
2018-11-19,0.43,0.43,0.4055,0.4109,57622
2018-11-20,0.43,0.43,0.4,0.41,62179
2018-11-21,0.42,0.42,0.4,0.4,19794
2018-11-23,0.4,0.4,0.387,0.3954,28704
2018-11-26,0.4,0.41,0.38,0.38,50302
2018-11-27,0.38,0.39,0.35,0.36,215366
2018-11-28,0.37,0.39,0.36,0.38,52583
2018-11-29,0.4,0.4,0.36,0.38,27044
2018-11-30,0.38,0.41,0.38,0.39,22607
2018-12-03,0.4,0.42,0.39,0.41,43091
2018-12-04,0.41,0.41,0.39,0.4,34652
2018-12-06,0.41,0.43,0.401,0.401,45697
2018-12-07,0.38,0.45,0.38,0.4,118636
2018-12-10,0.47,0.47,0.4,0.42,70751
2018-12-11,0.44,0.44,0.4,0.41,34533
2018-12-12,0.41,0.43,0.4,0.4,33700
2018-12-13,0.43,0.43,0.41,0.41,6844
2018-12-14,0.4,0.42,0.39,0.41,60248
2018-12-17,0.4071,0.4499,0.39,0.425,157091
2018-12-18,0.46,0.48,0.42,0.47,174326
2018-12-19,0.48,0.48,0.4345,0.4588,122064
2018-12-20,0.48,0.51,0.47,0.5,198209
2018-12-21,0.52,0.54,0.46,0.47,70355
2018-12-24,0.48,0.51,0.46,0.5,78538
2018-12-26,0.51,0.52,0.46,0.51,61648
2018-12-27,0.51,0.51,0.46,0.51,63999
2018-12-28,0.5197,0.5197,0.45,0.4898,37866
2018-12-31,0.5197,0.5197,0.46,0.5195,43745
2019-01-02,0.5197,0.52,0.5,0.52,59927
2019-01-03,0.53,0.58,0.49,0.57,288882
2019-01-04,0.58,0.58,0.52,0.56,89387
2019-01-07,0.58,0.58,0.56,0.58,97262
2019-01-08,0.56,0.58,0.49,0.57,59342
2019-01-09,0.56,0.57,0.56,0.57,106765
2019-01-10,0.58,0.58,0.49,0.55,174247
2019-01-11,0.55,0.55,0.5,0.51,195071
2019-01-14,0.53,0.54,0.48,0.51,45438
2019-01-15,0.5,0.52,0.49,0.49,32342
2019-01-16,0.48,0.53,0.48,0.52,77104
2019-01-17,0.52,0.57,0.49,0.53,377631
2019-01-18,0.53,0.53,0.51,0.52,88181
2019-01-22,0.5252,0.5273,0.5012,0.5273,32831
2019-01-23,0.5,0.53,0.49,0.51,91123
2019-01-24,0.51,0.52,0.5,0.52,16837
2019-01-25,0.53,0.58,0.52,0.57,209396
2019-01-28,0.58,0.6,0.54,0.59,143752
2019-01-29,0.6,0.65,0.56,0.61,331633
2019-01-30,0.63,0.65,0.6,0.64,133214
2019-01-31,0.65,0.66,0.62,0.62,269443
2019-02-01,0.66,0.66,0.59,0.59,26095
2019-02-04,0.59,0.64,0.57,0.6,148697
2019-02-05,0.6,0.62,0.57,0.57,87052
2019-02-06,0.57,0.59,0.57,0.57,79214
2019-02-07,0.56,0.62,0.56,0.6,47304
2019-02-08,0.6,0.6,0.58,0.6,28277
2019-02-11,0.6,0.6,0.56,0.57,56795
2019-02-12,0.59,0.64,0.58,0.62,169875
2019-02-13,0.62,0.63,0.6,0.6,67765
2019-02-14,0.62,0.62,0.56,0.58,45217
2019-02-15,0.58,0.6,0.57,0.59,89108
2019-02-19,0.601,0.64,0.586,0.6274,216777
2019-02-20,0.62,0.64,0.59,0.59,277057
2019-02-21,0.601,0.6289,0.5911,0.6,73090
2019-02-22,0.64,0.64,0.5875,0.618,200526
2019-02-25,0.59,0.63,0.5801,0.5801,256122
2019-02-26,0.58,0.62,0.58,0.6,78766
2019-02-27,0.61,0.61,0.59,0.6,94786
2019-02-28,0.6,0.6,0.56,0.57,152318
2019-03-01,0.58,0.6,0.55,0.57,220873
2019-03-04,0.54,0.57,0.54,0.55,169283
2019-03-05,0.55,0.56,0.54,0.56,73179
2019-03-06,0.55,0.56,0.53,0.53,114467
2019-03-07,0.52,0.55,0.52,0.54,48886
2019-03-08,0.54,0.57,0.54,0.56,90599
2019-03-11,0.55,0.59,0.55,0.55,103843
2019-03-12,0.55,0.5846,0.5451,0.561,159702
2019-03-13,0.59,0.59,0.55,0.57,228262
2019-03-14,0.57,0.57,0.53,0.54,209703
2019-03-15,0.57,0.57,0.5431,0.57,139090
2019-03-18,0.57,0.57,0.51,0.53,164188
2019-03-19,0.52,0.556,0.5,0.5,163503
2019-03-20,0.51,0.55,0.5,0.54,267159
2019-03-21,0.53,0.55,0.51,0.52,138599
2019-03-22,0.52,0.54,0.52,0.52,26448
2019-03-25,0.54,0.57,0.54,0.55,134141
2019-03-26,0.55,0.55,0.53,0.55,96459
2019-03-27,0.56,0.56,0.53,0.55,41816
2019-03-28,0.53,0.55,0.5,0.51,111852
2019-03-29,0.53,0.55,0.52,0.53,48490
2019-04-01,0.53,0.55,0.5,0.51,136888
2019-04-02,0.51,0.53,0.5,0.5,40063
2019-04-03,0.51,0.51,0.49,0.5,45246
2019-04-04,0.5026,0.5099,0.494883,0.5099,73433
2019-04-05,0.5,0.5,0.49,0.5,113158
2019-04-08,0.49,0.52,0.49,0.51,313544
2019-04-09,0.52,0.52,0.51,0.52,67229
2019-04-10,0.52,0.53,0.42,0.5,202252
2019-04-11,0.49,0.49,0.45,0.46,304086
2019-04-12,0.4601,0.491397,0.4601,0.48,91678
2019-04-15,0.49,0.49,0.47,0.48,73010
2019-04-16,0.47,0.49,0.47,0.47,27283
2019-04-17,0.47,0.49,0.47,0.47,34048
2019-04-18,0.47,0.49,0.47,0.49,22253
2019-04-22,0.5,0.5,0.47,0.48,30824
2019-04-23,0.47,0.49,0.47,0.48,12748
2019-04-24,0.48,0.48,0.46,0.47,36309
2019-04-25,0.47,0.47,0.46,0.47,16907
2019-04-26,0.4659,0.5,0.4659,0.485,109683
2019-04-29,0.48,0.5,0.47,0.47,46120
2019-04-30,0.47,0.49,0.46,0.46,23310
2019-05-01,0.47,0.47,0.46,0.46,43451
2019-05-02,0.4603,0.4724,0.4601,0.4689,56455
2019-05-03,0.47,0.5,0.47,0.48,61745
2019-05-06,0.49,0.5,0.47,0.48,37223
2019-05-07,0.47,0.49,0.46,0.48,40815
2019-05-08,0.48,0.49,0.48,0.48,22048
2019-05-09,0.5,0.5,0.47,0.47,40235
2019-05-10,0.48,0.48,0.46,0.47,46941
2019-05-13,0.49,0.5,0.46,0.48,70473
2019-05-14,0.490048,0.491,0.4631,0.4909,9065
2019-05-15,0.49,0.49,0.44,0.46,38223
2019-05-16,0.46,0.48,0.46,0.46,39424
2019-05-17,0.48,0.48,0.46,0.46,12707
2019-05-20,0.47,0.47,0.46,0.46,50917
2019-05-21,0.44,0.46,0.44,0.46,116429
2019-05-22,0.45,0.45,0.44,0.44,50481
2019-05-23,0.45,0.47,0.45,0.47,10512
2019-05-24,0.47,0.47,0.45,0.46,6877
2019-05-28,0.45,0.46,0.45,0.46,9305
2019-05-29,0.46,0.51,0.46,0.5,88269
2019-05-30,0.48,0.5,0.47,0.49,21352
2019-05-31,0.5,0.5,0.47,0.5,69319
2019-06-03,0.47,0.5,0.47,0.49,49545
2019-06-04,0.4899,0.4975,0.47,0.49,60591
2019-06-05,0.5,0.5,0.47,0.49,67034
2019-06-06,0.49,0.52,0.49,0.49,56385
2019-06-07,0.49,0.52,0.4885,0.52,117384
2019-06-10,0.51,0.51,0.5001,0.5025,7894
2019-06-11,0.49,0.51,0.48,0.5,55719
2019-06-12,0.5,0.52,0.48,0.52,70715
2019-06-13,0.52,0.52,0.5,0.5,44459
2019-06-14,0.52,0.52,0.5,0.52,112909
2019-06-17,0.52,0.54,0.51,0.54,132238
2019-06-18,0.54,0.5499,0.508,0.5117,132082
2019-06-19,0.52,0.55,0.5171,0.55,53505
2019-06-20,0.56,0.6,0.5529,0.5847,514183
2019-06-21,0.59,0.59,0.57,0.57,125797
2019-06-24,0.6,0.6,0.53,0.59,264794
2019-06-25,0.59,0.6,0.57,0.59,121422
2019-06-26,0.58,0.59,0.56,0.57,38327
2019-06-27,0.56,0.58,0.56,0.57,51805
2019-06-28,0.56,0.58,0.56,0.56,159191
2019-07-01,0.55,0.6,0.55,0.6,160175
2019-07-02,0.58,0.6,0.56,0.6,146425
2019-07-03,0.6,0.6,0.57,0.6,110427
2019-07-05,0.6,0.6,0.57,0.59,64181
2019-07-08,0.6,0.6,0.58,0.59,106627
2019-07-09,0.57,0.6,0.57,0.57,82694
2019-07-10,0.58,0.6,0.57,0.6,77434
2019-07-11,0.58,0.6,0.58,0.58,17945
2019-07-12,0.6,0.6,0.54,0.54,107640
2019-07-15,0.54,0.58,0.54,0.55,60875
2019-07-16,0.55,0.55,0.55,0.55,33873
2019-07-17,0.54,0.59,0.54,0.58,130913
2019-07-18,0.59,0.63,0.57,0.63,453699
2019-07-19,0.61,0.63,0.6,0.61,160917
2019-07-22,0.6,0.63,0.58,0.63,204556
2019-07-23,0.63,0.63,0.61,0.62,110468
2019-07-24,0.62,0.63,0.61,0.62,74956
2019-07-25,0.61,0.62,0.56,0.56,75674
2019-07-26,0.58,0.61,0.57,0.61,162158
2019-07-29,0.61,0.62,0.58,0.58,27938
2019-07-30,0.59,0.62,0.59,0.62,83513
2019-07-31,0.62,0.62,0.59,0.6,238599
2019-08-01,0.59,0.62,0.58,0.6,93974
2019-08-02,0.58,0.6195,0.58,0.6127,117589
2019-08-05,0.62,0.67,0.62,0.64,347474
2019-08-06,0.62,0.66,0.62,0.62,76909
2019-08-07,0.68,0.68,0.63,0.64,290530
2019-08-08,0.65,0.66,0.63,0.65,153080
2019-08-09,0.63,0.677,0.63,0.6504,122375
2019-08-12,0.65,0.72,0.65,0.7,283245
2019-08-13,0.69,0.69,0.63,0.63,349392
2019-08-14,0.66,0.67,0.61,0.62,106861
2019-08-15,0.64,0.65,0.62,0.64,66273
2019-08-16,0.6111,0.6363,0.6101,0.6189,99207
2019-08-19,0.61,0.63,0.61,0.62,133283
2019-08-20,0.63,0.63,0.61,0.63,44196
2019-08-21,0.63,0.63,0.61,0.62,127774
2019-08-22,0.62,0.63,0.61,0.62,29356
2019-08-23,0.62,0.69,0.57,0.61,399556
2019-08-26,0.61,0.65,0.61,0.61,140588
2019-08-27,0.6257,0.63,0.5928,0.6291,419618
2019-08-28,0.635,0.6391,0.5929,0.6078,327593
2019-08-29,0.59,0.62,0.59,0.61,84962
2019-08-30,0.6,0.61,0.55,0.57,256933
2019-09-03,0.59,0.61,0.57,0.6,183216
2019-09-04,0.58,0.6,0.57,0.57,339877
2019-09-05,0.57,0.58,0.54,0.56,127718
2019-09-06,0.57,0.57,0.53,0.54,181614
2019-09-09,0.52,0.56,0.52,0.53,125036
2019-09-10,0.53,0.55,0.53,0.55,55854
2019-09-11,0.56,0.57,0.54,0.55,81082
2019-09-12,0.56,0.57,0.53,0.54,98358
2019-09-13,0.54,0.56,0.52,0.53,99667
2019-09-16,0.5367,0.5485,0.5292,0.5295,71582
2019-09-17,0.53,0.55,0.53,0.55,83636
2019-09-18,0.56,0.57,0.53,0.54,214379
2019-09-19,0.55,0.55,0.52,0.53,122614
2019-09-20,0.53,0.53,0.51,0.51,220055
2019-09-23,0.53,0.55,0.52,0.53,92684
2019-09-24,0.54,0.54,0.52,0.52,90218
2019-09-25,0.54,0.54,0.52,0.53,51256
2019-09-26,0.51,0.54,0.51,0.53,65884
2019-09-27,0.5205,0.525,0.52,0.524,106106
2019-09-30,0.525,0.5309,0.5147,0.5201,123067
2019-10-01,0.53,0.56,0.51,0.56,154913
2019-10-02,0.59,0.59,0.53,0.55,128781
2019-10-03,0.54,0.57,0.54,0.55,67616
2019-10-04,0.54,0.55,0.53,0.53,44752
2019-10-07,0.53,0.58,0.53,0.58,36086
2019-10-08,0.59,0.59,0.56,0.58,21797
2019-10-09,0.57,0.59,0.56,0.58,34867
2019-10-10,0.56,0.58,0.55,0.55,90754
2019-10-11,0.55,0.57,0.53,0.53,106350
2019-10-14,0.52,0.55,0.52,0.54,11762
2019-10-15,0.52,0.54,0.52,0.52,44881
2019-10-16,0.51,0.54,0.5,0.51,69875
2019-10-17,0.5101,0.52,0.5101,0.5199,17466
2019-10-18,0.52,0.52,0.52,0.52,6647
2019-10-21,0.52,0.54,0.51,0.54,172641
2019-10-22,0.58,0.58,0.53,0.54,182473
2019-10-23,0.55,0.58,0.53,0.55,98561
2019-10-24,0.55,0.56,0.54,0.55,54383
2019-10-25,0.55,0.58,0.55,0.56,131808
2019-10-28,0.58,0.58,0.54,0.54,34224
2019-10-29,0.54,0.55,0.53,0.53,55023
2019-10-30,0.55,0.55,0.53,0.53,24000
2019-10-31,0.54,0.56,0.54,0.55,119570
2019-11-01,0.58,0.58,0.53,0.55,66329
2019-11-04,0.55,0.578,0.53,0.578,92933
2019-11-05,0.57,0.57,0.53,0.55,62460
2019-11-06,0.54,0.56,0.53,0.56,39948
2019-11-07,0.55,0.55,0.53,0.53,49455
2019-11-08,0.53,0.54,0.52,0.52,35702
2019-11-11,0.52,0.53,0.51,0.53,64511
2019-11-12,0.52,0.53,0.51,0.51,96147
2019-11-13,0.51,0.52,0.51,0.51,73091
2019-11-14,0.51,0.52,0.5,0.51,205457
2019-11-15,0.505,0.5188,0.5,0.505,124283
2019-11-18,0.51,0.52,0.5,0.5,49155
2019-11-19,0.51,0.51,0.5,0.5,51559
2019-11-20,0.52,0.52,0.5,0.51,81494
2019-11-21,0.51,0.52,0.5,0.5,103102
2019-11-22,0.5,0.51,0.5,0.51,63132
2019-11-25,0.52,0.53,0.5,0.51,176762
2019-11-26,0.53,0.54,0.5,0.52,72717
2019-11-27,0.52,0.52,0.51,0.51,27280
2019-11-29,0.54,0.54,0.52,0.53,47998
2019-12-02,0.54,0.54,0.53,0.53,46107
2019-12-03,0.54,0.54,0.53,0.54,111883
2019-12-04,0.55,0.55,0.53,0.53,161912
2019-12-05,0.51,0.53,0.51,0.53,42666
2019-12-06,0.54,0.54,0.52,0.54,112652
2019-12-09,0.53,0.54,0.51,0.51,88652
2019-12-10,0.51,0.52,0.5,0.51,63656
2019-12-11,0.5,0.523,0.5,0.523,62915
2019-12-12,0.52,0.53,0.52,0.53,24121
2019-12-13,0.53,0.54,0.52,0.53,58681
2019-12-16,0.53,0.53,0.51,0.53,54167
2019-12-17,0.52,0.52,0.52,0.52,17103
2019-12-18,0.52,0.52,0.51,0.52,21638
2019-12-19,0.52,0.52,0.51,0.51,96595
2019-12-20,0.51,0.52,0.5,0.51,46296
2019-12-23,0.5,0.51,0.5,0.51,144224
2019-12-24,0.5,0.52,0.5,0.52,140890
2019-12-26,0.52,0.55,0.52,0.54,319803
2019-12-27,0.54,0.55,0.54,0.54,95351
2019-12-30,0.537,0.549,0.5352,0.542829,96003
2019-12-31,0.54,0.56,0.52,0.54,175830
2020-01-02,0.54,0.56,0.54,0.54,116910
2020-01-03,0.55,0.55,0.54,0.55,122085
2020-01-06,0.55,0.56,0.55,0.56,159687
2020-01-07,0.56,0.56,0.55,0.56,63249
2020-01-08,0.56,0.58,0.53,0.55,304356
2020-01-09,0.55,0.55,0.52,0.54,57949
2020-01-10,0.55,0.56,0.53,0.55,93588
2020-01-13,0.54,0.56,0.54,0.54,45884
2020-01-14,0.53,0.54,0.53,0.53,74506
2020-01-15,0.52,0.54,0.51,0.54,150781
2020-01-16,0.54,0.55,0.52,0.55,199148
2020-01-17,0.543,0.5449,0.536,0.5449,37038
2020-01-21,0.55,0.55,0.5101,0.5483,130882
2020-01-22,0.51,0.55,0.51,0.53,206032
2020-01-23,0.52,0.55,0.52,0.52,63006
2020-01-24,0.53,0.55,0.52,0.54,236021
2020-01-27,0.56,0.56,0.52,0.52,155180
2020-01-28,0.52,0.54,0.52,0.52,22343
2020-01-29,0.53,0.53,0.52,0.53,59787
2020-01-30,0.5285,0.5549,0.5152,0.5549,116096
2020-01-31,0.53,0.55,0.52,0.55,76541
2020-02-03,0.54,0.56,0.53,0.56,173425
2020-02-04,0.56,0.56,0.51,0.54,109703
2020-02-05,0.5369,0.5443,0.5199,0.5271,158119
2020-02-06,0.53,0.54,0.52,0.53,67928
2020-02-07,0.52,0.55,0.52,0.54,116976
2020-02-10,0.55,0.56,0.52,0.55,51154
2020-02-11,0.54,0.55,0.53,0.53,60694
2020-02-12,0.54,0.55,0.54,0.54,107680
2020-02-13,0.53,0.56,0.53,0.53,60120
2020-02-14,0.54,0.54,0.52,0.52,57472
2020-02-18,0.53,0.53,0.52,0.53,158767
2020-02-19,0.525,0.53,0.5202,0.53,120308
2020-02-20,0.53,0.54,0.53,0.54,78360
2020-02-21,0.55,0.56,0.54,0.55,280705
2020-02-24,0.56,0.6,0.55,0.56,553584
2020-02-25,0.58,0.6,0.52,0.52,159266
2020-02-26,0.53,0.56,0.53,0.53,125245
2020-02-27,0.54,0.55,0.5,0.51,360455
2020-02-28,0.5,0.5,0.45,0.45,677651
2020-03-02,0.48,0.49,0.45,0.46,246719
2020-03-03,0.46,0.52,0.46,0.51,285670
2020-03-04,0.52,0.52,0.5,0.51,55715
2020-03-05,0.51,0.52,0.48,0.49,120784
2020-03-06,0.5,0.51,0.45,0.48,221488
2020-03-09,0.49,0.49,0.4,0.42,395761
2020-03-10,0.42,0.46,0.36,0.42,416685
2020-03-11,0.39,0.4,0.35,0.35,465681
2020-03-12,0.37,0.42,0.36,0.37,432226
2020-03-13,0.38,0.39,0.33,0.36,235737
2020-03-16,0.37,0.37,0.33,0.35,317450
2020-03-17,0.34,0.44,0.33,0.4,303942
2020-03-18,0.42,0.43,0.39,0.39,172365
2020-03-19,0.39,0.41,0.36,0.37,80632
2020-03-20,0.4,0.4,0.36,0.38,170401
2020-03-23,0.38,0.4,0.36,0.37,172499
2020-03-24,0.39,0.44,0.39,0.4,314674
2020-03-25,0.42,0.43,0.39,0.41,164939
2020-03-26,0.44,0.45,0.42,0.42,113667
2020-03-27,0.4458,0.4458,0.4081,0.416,45529
2020-03-30,0.44,0.44,0.39,0.39,81505
2020-03-31,0.4,0.43,0.36,0.37,95338
2020-04-01,0.38,0.4,0.38,0.39,80661
2020-04-02,0.41,0.44,0.38,0.39,103968
2020-04-03,0.4,0.42,0.37,0.37,57787
2020-04-06,0.39,0.41,0.38,0.41,105066
2020-04-07,0.4,0.41,0.38,0.4,48317
2020-04-08,0.395,0.4102,0.3896,0.3896,34025
2020-04-09,0.4,0.44,0.4,0.41,366117
2020-04-13,0.43,0.45,0.42,0.44,362260
2020-04-14,0.43,0.45,0.4,0.41,382837
2020-04-15,0.4,0.44,0.4,0.44,136430
2020-04-16,0.43,0.44,0.41,0.42,95138
2020-04-17,0.44,0.44,0.42,0.43,87777
2020-04-20,0.42,0.43,0.41,0.42,138917
2020-04-21,0.43,0.45,0.41,0.45,215171
2020-04-22,0.45,0.5,0.45,0.48,617556
2020-04-23,0.5,0.52,0.49,0.51,438293
2020-04-24,0.52,0.52,0.49,0.51,68478
2020-04-27,0.5,0.51,0.5,0.51,170549
2020-04-28,0.5098,0.5098,0.4854,0.505,151360
2020-04-29,0.46,0.51,0.45,0.46,518153
2020-04-30,0.46,0.48,0.45,0.46,193334
2020-05-01,0.46,0.49,0.45,0.47,487041
2020-05-04,0.47,0.52,0.47,0.52,238018
2020-05-05,0.51,0.55,0.48,0.55,145751
2020-05-06,0.55,0.55,0.5,0.54,143068
2020-05-07,0.52,0.71,0.52,0.68,1233475
2020-05-08,0.72,0.75,0.6,0.7,1151694
2020-05-11,0.7,0.7,0.61,0.66,360041
2020-05-12,0.65,0.68,0.61,0.65,427720
2020-05-13,0.67,0.7,0.64,0.65,398561
2020-05-14,0.67,0.72,0.63,0.72,746293
2020-05-15,0.74,0.78,0.7,0.72,964405
2020-05-18,0.76,0.78,0.65,0.71,416267
2020-05-19,0.71,0.72,0.66,0.69,380331
2020-05-20,0.68,0.71,0.65,0.68,293268
2020-05-21,0.67,0.68,0.62,0.64,380676
2020-05-22,0.65,0.72,0.64,0.69,382890
2020-05-26,0.71,0.72,0.64,0.66,342208
2020-05-27,0.63,0.8,0.63,0.8,1028792
2020-05-28,0.94,1.25,0.9,1.09,4686703
2020-05-29,1.17,1.19,1.08,1.13,1589770
2020-06-01,1.2,1.39,1.16,1.39,2614059
2020-06-02,1.5,1.69,1.31,1.31,3432394
2020-06-03,1.17,1.28,1.1,1.22,1530120
2020-06-04,1.31,1.37,1.22,1.34,853717
2020-06-05,1.25,1.26,1.1,1.26,1244467
2020-06-08,1.37,1.37,1.17,1.22,626836
2020-06-09,1.24,1.24,1.17,1.23,359199
2020-06-10,1.22,1.29,1.08,1.28,971758
2020-06-11,1.3,1.32,1.1,1.13,744279
2020-06-12,1.28,1.28,1.13,1.19,533849
2020-06-15,1.19,1.23,1.11,1.21,332857
2020-06-16,1.24,1.24,1.17,1.19,270112
2020-06-17,1.24,1.25,1.18,1.25,468219
2020-06-18,1.23,1.29,1.2,1.29,311810
2020-06-19,1.35,1.44,1.25,1.41,772533
2020-06-22,1.48,1.51,1.37,1.42,911030
2020-06-23,1.45,1.46,1.35,1.46,505294
2020-06-24,1.47,1.47,1.37,1.41,479288
2020-06-25,1.39,1.5,1.38,1.47,162691
2020-06-26,1.47,1.49,1.37,1.48,443708
2020-06-29,1.5,1.65,1.45,1.65,850421
2020-06-30,1.65,1.9,1.57,1.78,1900310
2020-07-01,1.83,1.85,1.72,1.78,764523
2020-07-02,1.75,1.83,1.73,1.74,655184
2020-07-06,1.76,1.78,1.73,1.78,670760
2020-07-07,1.77,2.27,1.77,2.09,3002361
2020-07-08,2.19,2.22,1.8,2.05,2532124
2020-07-09,2.13,2.17,1.96,1.97,820401
2020-07-10,2.09,2.09,1.92,1.98,428562
2020-07-13,2.06,2.06,1.66,1.75,1051418
2020-07-14,1.77,1.9,1.76,1.9,527926
2020-07-15,1.86,1.94,1.83,1.91,354390
2020-07-16,1.86,1.91,1.61,1.74,762627
2020-07-17,1.76,1.99,1.75,1.96,639672
2020-07-20,1.98,2.05,1.81,1.9,881599
2020-07-21,2.1,2.1,1.84,1.86,851521
2020-07-22,1.93,1.99,1.86,1.89,699419
2020-07-23,1.91,1.94,1.8,1.8,831227
2020-07-24,1.93,1.9399,1.78,1.83,723505
2020-07-27,1.91,1.93,1.71,1.79,1548330
2020-07-28,1.71,1.79,1.7,1.75,531283
2020-07-29,1.76,1.78,1.66,1.7,686126
2020-07-30,1.69,1.69,1.62,1.69,488978
2020-07-31,1.69,1.76,1.61,1.72,434753
2020-08-03,1.68,1.71,1.6,1.7,513035
2020-08-04,1.67,1.73,1.635,1.67,682488
2020-08-05,1.69,1.74,1.42,1.5,2025716
2020-08-06,1.52,1.57,1.34,1.4,1497618
2020-08-07,1.36,1.39,1.22,1.32,1287475
2020-08-10,1.36,1.36,1.29,1.34,623734
2020-08-11,1.28,1.38,1.28,1.31,653084
2020-08-12,1.32,1.5,1.32,1.46,683609
2020-08-13,1.5,1.5,1.4,1.42,417171
2020-08-14,1.42,1.45,1.31,1.42,534357
2020-08-17,1.42,1.52,1.42,1.51,858078
2020-08-18,1.6,1.61,1.44,1.49,681934
2020-08-19,1.42,1.5,1.36,1.41,428610
2020-08-20,1.41,1.43,1.37,1.43,187393
2020-08-21,1.43,1.43,1.31,1.35,465346
2020-08-24,1.35,1.39,1.28,1.35,564701
2020-08-25,1.33,1.347,1.28,1.33,220782
2020-08-26,1.31,1.54,1.29,1.5,597320
2020-08-27,1.56,1.56,1.373,1.41,258113
2020-08-28,1.43,1.47,1.4,1.45,150006
2020-08-31,1.43,1.505,1.4,1.44,305051
2020-09-01,1.47,1.47,1.33,1.4,208319
2020-09-02,1.44,1.44,1.33,1.39,5968002
2020-09-03,1.38,1.53,1.36,1.47,1205615
2020-09-04,1.43,1.43,1.33,1.38,424056
2020-09-08,1.4,1.42,1.33,1.41,399545
2020-09-09,1.4,1.41,1.3499,1.36,534618
2020-09-10,1.35,1.4,1.35,1.37,404909
2020-09-11,1.35,1.39,1.28,1.29,480824
2020-09-14,1.3,1.377,1.3,1.36,342765
2020-09-15,1.44,1.44,1.36,1.39,279484
2020-09-16,1.4,1.4,1.34,1.34,146868
2020-09-17,1.3,1.36,1.3,1.32,127839
2020-09-18,1.38,1.4088,1.335,1.34,363353
2020-09-21,1.31,1.33,1.201,1.23,639660
2020-09-22,1.26,1.44,1.225,1.39,840891
2020-09-23,1.37,1.37,1.28,1.34,468744
2020-09-24,1.3,1.405,1.27,1.35,529375
2020-09-25,1.37,1.4,1.3,1.34,218532
2020-09-28,1.37,1.37,1.3,1.31,186635
2020-09-29,1.3,1.37,1.3,1.36,160725
2020-09-30,1.37,1.38,1.3,1.33,153964
2020-10-01,1.33,1.3399,1.27,1.27,192874
2020-10-02,1.27,1.3,1.245,1.27,297408
2020-10-05,1.36,1.42,1.27,1.34,586215
2020-10-06,1.4,1.4899,1.34,1.36,677848
2020-10-07,1.36,1.37,1.31,1.34,159570
2020-10-08,1.34,1.37,1.32,1.33,216036
2020-10-09,1.39,1.43,1.36,1.41,513017
2020-10-12,1.44,1.448,1.37,1.4,255758
2020-10-13,1.38,1.4,1.3464,1.4,444785
2020-10-14,1.41,1.45,1.37,1.44,1007605
2020-10-15,1.5,1.5,1.36,1.4,842000
2020-10-16,1.41,1.47,1.4078,1.43,293639
2020-10-19,1.46,1.47,1.395,1.42,164038
2020-10-20,1.41,1.44,1.39,1.42,266521
2020-10-21,1.45,1.57,1.41,1.57,771032
2020-10-22,1.48,1.59,1.48,1.5,272512
2020-10-23,1.54,1.57,1.45,1.57,353011
2020-10-26,1.53,1.68,1.4902,1.61,771469
2020-10-27,1.6,1.74,1.58,1.69,447821
2020-10-28,1.63,1.63,1.4,1.43,895591
2020-10-29,1.42,1.51,1.39,1.45,238230
2020-10-30,1.45,1.64,1.43,1.49,793138
2020-11-02,1.49,1.54,1.44,1.46,398968
2020-11-03,1.51,1.5599,1.47,1.52,216996
2020-11-04,1.53,1.54,1.43,1.45,198178
2020-11-05,1.5,1.63,1.5,1.6,792758
2020-11-06,1.66,1.9,1.58,1.62,823951
2020-11-09,1.5,1.535,1.39,1.51,538336
2020-11-10,1.5,1.54,1.5,1.51,141757
2020-11-11,1.5,1.5299,1.48,1.52,177327
2020-11-12,1.56,1.57,1.5,1.53,137586
2020-11-13,1.54,1.5473,1.48,1.49,193024
2020-11-16,1.46,1.53,1.45,1.53,245805
2020-11-17,1.51,1.52,1.46,1.49,126295
2020-11-18,1.48,1.49,1.42,1.47,193027
2020-11-19,1.44,1.464,1.41,1.42,201826
2020-11-20,1.45,1.52,1.42,1.47,267288
2020-11-23,1.47,1.47,1.27,1.37,1260196
2020-11-24,1.32,1.34,1.28,1.32,692597
2020-11-25,1.35,1.37,1.26,1.36,641894
2020-11-27,1.32,1.38,1.32,1.36,113144
2020-11-30,1.3,1.4,1.3,1.4,584437
2020-12-01,1.54,1.54,1.41,1.48,298727
2020-12-02,1.46,1.5,1.45,1.47,111576
2020-12-03,1.44,1.4967,1.44,1.46,165638
2020-12-04,1.45,1.5,1.42,1.42,96162
2020-12-07,1.45,1.46,1.38,1.45,301366
2020-12-08,1.45,1.45,1.4,1.41,79621
2020-12-09,1.38,1.4,1.35,1.38,204477
2020-12-10,1.38,1.44,1.36,1.38,303657
2020-12-11,1.37,1.3875,1.3,1.34,735275
2020-12-14,1.33,1.37,1.26,1.32,931096
2020-12-15,1.34,1.44,1.3,1.34,298124
2020-12-16,1.35,1.4,1.33,1.38,219443
2020-12-17,1.43,1.49,1.4,1.49,558136
2020-12-18,1.5,1.5294,1.46,1.49,310955
2020-12-21,1.51,1.57,1.45,1.49,360284
2020-12-22,1.48,1.5,1.34,1.42,314000
2020-12-23,1.42,1.46,1.42,1.46,58052
2020-12-24,1.45,1.45,1.4,1.41,113775
2020-12-28,1.42,1.439,1.36,1.42,334085
2020-12-29,1.42,1.42,1.35,1.37,187217
2020-12-30,1.38,1.4,1.32,1.37,422145
2020-12-31,1.41,1.41,1.366,1.38,111272
2021-01-04,1.41,1.52,1.409,1.47,599088
2021-01-05,1.51,1.55,1.46,1.52,530601
2021-01-06,1.52,1.52,1.44,1.48,336474
2021-01-07,1.49,1.49,1.36,1.41,386270
2021-01-08,1.38,1.4,1.27,1.34,985461
2021-01-11,1.3,1.34,1.2801,1.33,356498
2021-01-12,1.34,1.34,1.28,1.32,479440
2021-01-13,1.34,1.36,1.31,1.35,216441
2021-01-14,1.34,1.36,1.32,1.33,213707
2021-01-15,1.38,1.38,1.27,1.3,629612
2021-01-19,1.33,1.34,1.26,1.29,849679
2021-01-20,1.31,1.33,1.27,1.32,274519
2021-01-21,1.35,1.35,1.31,1.34,327860
2021-01-22,1.32,1.34,1.29,1.32,124774
2021-01-25,1.32,1.34,1.29,1.33,213076
2021-01-26,1.33,1.3399,1.31,1.32,95659
2021-01-27,1.33,1.33,1.24,1.29,670822
2021-01-28,1.25,1.34,1.25,1.32,490425
2021-01-29,1.35,1.41,1.29,1.31,698098
2021-02-01,1.34,1.47,1.32,1.44,849985
2021-02-02,1.43,1.43,1.32,1.35,293786
2021-02-03,1.35,1.4,1.345,1.38,281045
2021-02-04,1.35,1.375,1.3,1.32,269830
2021-02-05,1.34,1.3898,1.32,1.36,373288
2021-02-08,1.41,1.4158,1.34,1.39,369067
2021-02-09,1.4,1.41,1.34,1.4,245237
2021-02-10,1.4,1.43,1.34,1.4,397970
2021-02-11,1.4,1.41,1.33,1.36,406172
2021-02-12,1.33,1.3899,1.31,1.36,192007
2021-02-16,1.36,1.37,1.32,1.33,342668
2021-02-17,1.34,1.34,1.25,1.3,646505
2021-02-18,1.27,1.28,1.16,1.24,656903
2021-02-19,1.27,1.2871,1.155,1.17,747736
2021-02-22,1.24,1.28,1.2,1.28,357212
2021-02-23,1.23,1.25,1.17,1.21,488581
2021-02-24,1.23,1.26,1.17,1.22,226579
2021-02-25,1.22,1.24,1.17,1.19,205939
2021-02-26,1.22,1.24,1.1,1.11,773315
2021-03-01,1.11,1.184,1.11,1.17,348565
2021-03-02,1.14,1.23,1.14,1.2,231286
2021-03-03,1.2,1.21,1.15,1.17,167012
2021-03-04,1.17,1.2,1.13,1.2,281714
2021-03-05,1.19,1.19,1.115,1.18,377561
2021-03-08,1.14,1.16,1.13,1.16,149696
2021-03-09,1.16,1.22,1.16,1.18,164475
2021-03-10,1.22,1.25,1.2,1.25,123254
2021-03-11,1.24,1.25,1.21,1.25,181163
2021-03-12,1.21,1.24,1.2,1.23,198360
2021-03-15,1.25,1.39,1.17,1.39,964443
2021-03-16,1.38,1.39,1.3101,1.35,341814
2021-03-17,1.35,1.39,1.29,1.36,266927
2021-03-18,1.35,1.37,1.31,1.35,77436
2021-03-19,1.31,1.4,1.31,1.4,229162
2021-03-22,1.4,1.4,1.31,1.32,137884
2021-03-23,1.31,1.36,1.2,1.23,339499
2021-03-24,1.22,1.26,1.17,1.18,271154
2021-03-25,1.17,1.2,0.95,1.07,938376
2021-03-26,1.08,1.15,1.06,1.09,207328
2021-03-29,1.09,1.12,1.03,1.1,365010
2021-03-30,1.05,1.09,1.05,1.05,229387
2021-03-31,1.05,1.1,1.05,1.07,97081
2021-04-01,1.1,1.12,1.0842,1.12,71900
2021-04-05,1.2,1.2,1.09,1.15,124513
2021-04-06,1.14,1.19,1.1302,1.16,108596
2021-04-07,1.16,1.18,1.15,1.17,104224
2021-04-08,1.17,1.17,1.13,1.13,77871
2021-04-09,1.15,1.1869,1.14,1.17,121835
2021-04-12,1.15,1.25,1.11,1.25,444585
2021-04-13,1.24,1.24,1.16,1.2,121505
2021-04-14,1.19,1.25,1.14,1.16,252306
2021-04-15,1.19,1.2,1.06,1.1,416532
2021-04-16,1.1,1.13,1.065,1.09,240790
2021-04-19,1.12,1.15,1.08,1.11,66681
2021-04-20,1.09,1.1,1.04,1.05,121063
2021-04-21,1.06,1.11,1.06,1.11,128017
2021-04-22,1.09,1.13,1.09,1.11,31698
2021-04-23,1.1168,1.14,1.09,1.09,69564
2021-04-26,1.08,1.0991,1.06,1.09,79826
2021-04-27,1.08,1.0998,1.04,1.06,109164
2021-04-28,1.04,1.08,1.04,1.07,86884
2021-04-29,1.07,1.08,1.0,1.01,182455
2021-04-30,1.01,1.04,1.0,1.02,117696
2021-05-03,1.04,1.06,1.02,1.05,141918
2021-05-04,1.02,1.06,1.0,1.0,270740
2021-05-05,1.0,1.02,1.0,1.0089,105685
2021-05-06,1.0,1.08,1.0,1.04,260392
2021-05-07,1.05,1.12,1.05,1.1137,172804
2021-05-10,1.1,1.14,1.09,1.09,187448
2021-05-11,1.08,1.119,1.06,1.08,114491
2021-05-12,1.08,1.08,1.02,1.03,121466
2021-05-13,1.02,1.04,1.01,1.02,137462
2021-05-14,1.02,1.03,0.991,1.01,326606
2021-05-17,1.01,1.05,1.01,1.04,531965
2021-05-18,1.07,1.1,1.03,1.09,467031
2021-05-19,1.07,1.12,1.05,1.06,245743
2021-05-20,1.06,1.09,1.04,1.07,128255
2021-05-21,1.06,1.09,1.04,1.08,223620
2021-05-24,1.09,1.15,1.08,1.14,174094
2021-05-25,1.15,1.1892,1.14,1.18,196055
2021-05-26,1.19,1.23,1.14,1.15,199704
2021-05-27,1.14,1.19,1.1101,1.18,108980
2021-05-28,1.16,1.18,1.13,1.145,120892
2021-06-01,1.12,1.18,1.11,1.11,107232
2021-06-02,1.1,1.15,1.1,1.13,76759
2021-06-03,1.11,1.1199,1.05,1.1,156403
2021-06-04,1.11,1.11,1.07,1.07,44257
2021-06-07,1.07,1.12,1.0636,1.1,127836
2021-06-08,1.1,1.1226,1.07,1.09,50767
2021-06-09,1.08,1.12,1.0724,1.08,103176
2021-06-10,1.08,1.085,1.06,1.08,211712
2021-06-11,1.08,1.08,1.05,1.06,115576
2021-06-14,1.05,1.1,1.03,1.08,110085
2021-06-15,1.06,1.08,1.04,1.05,171048
2021-06-16,1.06,1.07,1.03,1.06,141931
2021-06-17,1.04,1.06,1.02,1.04,275118
2021-06-18,1.04,1.045,1.0,1.02,177780
2021-06-21,1.04,1.04,1.01,1.02,113165
2021-06-22,1.02,1.04,1.0,1.03,104043
2021-06-23,1.04,1.06,1.03,1.05,31921
2021-06-24,1.06,1.06,1.04,1.05,56753
2021-06-25,1.05,1.09,1.04,1.05,83189
2021-06-28,1.05,1.08,1.02,1.02,88091
2021-06-29,1.05,1.05,1.0,1.03,154291
2021-06-30,1.025,1.06,1.02,1.05,36977
2021-07-01,1.04,1.06,1.0248,1.06,15232
2021-07-02,1.06,1.1,1.04,1.09,253002
2021-07-06,1.1,1.1,1.05,1.07,103893
2021-07-07,1.06,1.06,1.02,1.02,40999
2021-07-08,1.02,1.03,0.991,1.0099,174590
2021-07-09,1.01,1.04,1.0,1.04,79441
2021-07-12,1.04,1.05,1.02,1.05,54769
2021-07-13,1.04,1.05,1.01,1.04,92478
2021-07-14,1.04,1.08,0.9931,1.08,174482
2021-07-15,1.07,1.07,1.03,1.07,80733
2021-07-16,1.05,1.05,1.0201,1.04,74799
2021-07-19,1.0,1.03,0.99,0.99,235470
2021-07-20,0.99,1.03,0.98,0.9801,120713
2021-07-21,0.98,1.02,0.98,1.02,125525
2021-07-22,1.0201,1.03,1.02,1.02,17003
2021-07-23,1.03,1.03,0.99,0.9996,99586
2021-07-26,1.0,1.02,0.9902,1.0099,81132
2021-07-27,0.99,1.02,0.99,1.0199,30132
2021-07-28,0.99,1.04,0.99,1.0256,21844
2021-07-29,1.02,1.04,0.9961,1.01,147857
2021-07-30,1.0,1.03,1.0,1.01,44959
2021-08-02,1.0,1.03,0.995,1.01,212174
2021-08-03,0.99,1.07,0.985,1.025,201749
2021-08-04,1.01,1.05,1.0,1.03,68500
2021-08-05,1.01,1.0474,1.0,1.0,46676
2021-08-06,1.03,1.03,0.879987,0.9738,340626
2021-08-09,0.9733,0.9733,0.8851,0.8851,254897
2021-08-10,0.85,0.865,0.8001,0.84,404708
2021-08-11,0.825,0.8801,0.825,0.87,102290
2021-08-12,0.87,0.88,0.835,0.85,101761
2021-08-13,0.84,0.89,0.835,0.835,99388
2021-08-16,0.8321,0.87219,0.83,0.8501,35323
2021-08-17,0.86,0.8696,0.82,0.841949,61175
2021-08-18,0.85,0.8501,0.811,0.82,93749
2021-08-19,0.82,0.8399,0.82,0.8212,50118
2021-08-20,0.82,0.8798,0.82,0.8529,93001
2021-08-23,0.8608,0.88,0.84,0.84,55162
2021-08-24,0.87,0.88,0.843101,0.87695,89705
2021-08-25,0.88,0.91,0.8317,0.8317,112860
2021-08-26,0.8744,0.8744,0.8501,0.8502,17567
2021-08-27,0.82,0.874,0.82,0.8679,83818
2021-08-30,0.866,0.87,0.83,0.86,100578
2021-08-31,0.85,0.8669,0.8271,0.841,81840
2021-09-01,0.84,0.8652,0.818,0.843,167786
2021-09-02,0.87,0.92,0.83,0.9091,123919
2021-09-03,0.9091,0.9189,0.88,0.9025,134804
2021-09-07,0.89,0.91,0.8758,0.8758,61781
2021-09-08,0.8652,0.8856,0.835,0.841,50233
2021-09-09,0.83,0.85,0.83,0.85,80210
2021-09-10,0.82,0.85,0.82,0.83,267624
2021-09-13,0.85,0.85,0.806,0.8141,116163
2021-09-14,0.8403,0.85,0.801,0.804,59148
2021-09-15,0.82,0.8348,0.7751,0.785,217092
2021-09-16,0.8,0.8,0.76,0.7759,163856
2021-09-17,0.76,0.78,0.75,0.77,85529
2021-09-20,0.7701,0.7701,0.71,0.73,171972
2021-09-21,0.7337,0.8287,0.7,0.73,532532
2021-09-22,0.73,0.7356,0.7102,0.7194,131612
2021-09-23,0.73,0.73,0.7012,0.7033,112765
2021-09-24,0.71,0.724,0.6783,0.7,185404
2021-09-27,0.68,0.72,0.675,0.6902,230963
2021-09-28,0.6768,0.687,0.64,0.664,215924
2021-09-29,0.675,0.675,0.6221,0.6479,134022
2021-09-30,0.65,0.7463,0.647,0.7457,332789
2021-10-01,0.78,0.8099,0.7495,0.8099,151363
2021-10-04,0.78,0.78,0.7301,0.7392,136662
2021-10-05,0.729,0.74,0.72,0.725,57822
2021-10-06,0.73,0.75,0.72,0.74,70986
2021-10-07,0.7392,0.7994,0.7392,0.780045,48357
2021-10-08,0.8,0.8,0.744,0.7712,59809
2021-10-11,0.7889,0.7889,0.727152,0.764999,60467
2021-10-12,0.7567,0.7886,0.75,0.777,21068
2021-10-13,0.7889,0.84,0.7889,0.8367,63364
2021-10-14,0.85,0.86,0.8367,0.85,111863
2021-10-15,0.86,0.86,0.8311,0.8375,30988
2021-10-18,0.82,0.86,0.7976,0.7976,68358
2021-10-19,0.8,0.8,0.74,0.7404,127746
2021-10-20,0.751,0.8,0.72,0.7975,152629
2021-10-21,0.8,0.8,0.785,0.7882,52037
2021-10-22,0.77,0.842,0.77,0.8404,111916
2021-10-25,0.82,0.899999,0.82,0.86,118883
2021-10-26,0.874,0.89,0.86,0.8638,87511
2021-10-27,0.8584,0.8584,0.83,0.8302,49662
2021-10-28,0.8452,0.8537,0.8014,0.8094,69245
2021-10-29,0.82,0.82,0.7621,0.775129,111686
2021-11-01,0.76,0.8041,0.7289,0.7499,162297
2021-11-02,0.7401,0.7836,0.736,0.766,80540
2021-11-03,0.76,0.765449,0.7,0.717,228149
2021-11-04,0.73,0.77,0.7,0.7062,190280
2021-11-05,0.8,0.8,0.68,0.71,188790
2021-11-08,0.7101,0.7498,0.6891,0.6903,158577
2021-11-09,0.691,0.7259,0.689,0.7088,119048
2021-11-10,0.711,0.77,0.707499,0.7259,250875
2021-11-11,0.721,0.789199,0.721,0.758,292047
2021-11-12,0.75,0.9701,0.75,0.9399,787221
2021-11-15,0.87,0.93,0.854301,0.86,143972
2021-11-16,0.85,0.8648,0.8182,0.84,72272
2021-11-17,0.84,0.8435,0.84,0.84,50238
2021-11-18,0.84,0.842,0.829,0.842,63723
2021-11-19,0.879,0.919,0.8439,0.8572,257488
2021-11-22,0.85,0.882,0.7531,0.7869,163679
2021-11-23,0.76,0.837,0.76,0.8,105085
2021-11-24,0.7937,0.8156,0.771,0.8156,233759
2021-11-26,0.81,0.8156,0.785,0.8023,189825
2021-11-29,0.81,0.8315,0.782,0.8198,91358
2021-11-30,0.82,0.8298,0.69,0.7696,1120488
2021-12-01,0.77,0.8,0.7296,0.7392,97692
2021-12-02,0.7333,0.7676,0.7214,0.739,119094
2021-12-03,0.76,0.76,0.7001,0.7128,107802
2021-12-06,0.73,0.75,0.7,0.7308,66523
2021-12-07,0.74,0.7476,0.7,0.7372,290294
2021-12-08,0.72,0.7338,0.72,0.731,30343
2021-12-09,0.73,0.7439,0.72,0.7313,79949
2021-12-10,0.7022,0.7308,0.7,0.7213,75099
2021-12-13,0.71,0.738,0.7001,0.73,128306
2021-12-14,0.7,0.73,0.7,0.72,89316
2021-12-15,0.72,0.73,0.7,0.7194,130735
2021-12-16,0.72,0.768,0.72,0.768,189185
2021-12-17,0.768,0.768,0.73,0.7473,154320
2021-12-20,0.7351,0.765,0.7351,0.74,11259
2021-12-21,0.748,0.748,0.7183,0.736,114031
2021-12-22,0.74,0.7859,0.736,0.740201,130093
2021-12-23,0.74,0.7664,0.74,0.7524,45625
2021-12-27,0.75,0.76,0.7383,0.76,70380
2021-12-28,0.76,0.78,0.75,0.7602,138835
2021-12-29,0.754,0.77699,0.71,0.759,89083
2021-12-30,0.7396,0.742049,0.7001,0.725,149560
2021-12-31,0.725,0.74,0.7,0.7347,213515
2022-01-03,0.73,0.76,0.72,0.7548,71593
2022-01-04,0.748999,0.77,0.748999,0.769,25388
2022-01-05,0.76,0.79,0.76,0.7799,159809
2022-01-06,0.7799,0.7799,0.752,0.7623,51264
2022-01-07,0.75,0.7651,0.7203,0.7374,94645
2022-01-10,0.754,0.754,0.71,0.726,148461
2022-01-11,0.731,0.839699,0.72,0.8,116273
2022-01-12,0.8,0.909899,0.79,0.9,330373
2022-01-13,0.85,0.91,0.84,0.84,55093
2022-01-14,0.8206,0.84,0.7852,0.81,65891
2022-01-18,0.8,0.81,0.7,0.7362,64457
2022-01-19,0.75,0.86,0.74,0.85245,160997
2022-01-20,0.86,0.879899,0.8201,0.8482,86945
2022-01-21,0.850201,0.87,0.78,0.82,137168
2022-01-24,0.8,0.84,0.7429,0.7672,103381
2022-01-25,0.7275,0.79,0.7275,0.7875,94305
2022-01-26,0.78,0.7945,0.74,0.7499,87756
2022-01-27,0.74,0.770001,0.7331,0.7331,142512
2022-01-28,0.7397,0.7398,0.6675,0.69,142680
2022-01-31,0.7,0.7339,0.677365,0.7339,85782
2022-02-01,0.733,0.7447,0.7329,0.7406,85759
2022-02-02,0.7398,0.7493,0.7303,0.7391,22969
2022-02-03,0.7391,0.739601,0.68,0.69,101507
2022-02-04,0.7,0.7288,0.693,0.71,53993
2022-02-07,0.703,0.72,0.69,0.69,110320
2022-02-08,0.69,0.705,0.69,0.7026,50057
2022-02-09,0.71,0.74,0.6951,0.703,129452
2022-02-10,0.71,0.734621,0.7032,0.71,89453
2022-02-11,0.73,0.79,0.71,0.787,324619
2022-02-14,0.8,0.87,0.799876,0.8452,283134
2022-02-15,0.86,0.86,0.7704,0.7789,248893
2022-02-16,0.8044,0.9,0.8021,0.8951,276565
2022-02-17,0.91,1.15,0.9013,1.07,1157108
2022-02-18,1.07,1.13,1.04,1.13,589859
2022-02-22,1.16,1.23,1.03,1.06,748288
2022-02-23,1.06,1.1499,1.041,1.07,170674
2022-02-24,1.13,1.2,0.9637,1.0,405719
2022-02-25,1.06,1.06,0.97,0.98995,107094
2022-02-28,0.99,1.05,0.975,1.02,143434
2022-03-01,1.02,1.14,0.98,0.98,282124
2022-03-02,0.95,1.05,0.95,1.0,133193
2022-03-03,1.0,1.04,0.983,1.04,125082
2022-03-04,1.08,1.08,1.03,1.04,111697
2022-03-07,1.1,1.1,1.04,1.04,290657
2022-03-08,1.08,1.1899,1.04,1.04,382621
2022-03-09,1.03,1.06,0.95,1.06,188936
2022-03-10,1.1,1.11,1.04,1.06,159067
2022-03-11,1.02,1.1,0.9901,1.0,233208
2022-03-14,0.98,0.99,0.91,0.9712,194285
2022-03-15,0.95,0.9747,0.93,0.9561,274327
2022-03-16,0.96,0.96,0.91,0.9406,207446
2022-03-17,0.93,0.9749,0.91,0.9402,177874
2022-03-18,0.93,0.97,0.92,0.9662,106104
2022-03-21,0.982,1.01,0.950101,1.0016,109745
2022-03-22,1.0,1.04,0.99,1.03,93139
2022-03-23,1.015,1.09,1.01,1.07,79162
2022-03-24,1.09,1.09,1.06,1.0601,37463
2022-03-25,1.06,1.06,0.99,1.05,113843
2022-03-28,1.09,1.09,0.969,0.99,224614
2022-03-29,0.97,1.02,0.97,0.9909,70486
2022-03-30,0.951,1.02,0.951,0.9599,82144
2022-03-31,0.99,1.01,0.9754,0.9809,48158
2022-04-01,1.0,1.08,0.9702,1.02,151386
2022-04-04,1.03,1.05,0.9902,1.0,87290
2022-04-05,1.0,1.02,0.9597,0.9853,139256
2022-04-06,0.97,1.0079,0.91,0.94,179630
2022-04-07,0.94,0.991,0.9111,0.9847,119219
2022-04-08,0.9748,1.01,0.9748,0.9999,186120
2022-04-11,1.0,1.03,0.94,0.99,161195
2022-04-12,0.99,1.02,0.99,0.9971,70773
2022-04-13,1.02,1.05,0.9701,1.01,338578
2022-04-14,1.05,1.05,0.984,1.0063,136130
2022-04-18,1.01,1.09,1.0099,1.08,216326
2022-04-19,1.09,1.09,1.01,1.03,90909
2022-04-20,1.01,1.05,1.0,1.0324,66951
2022-04-21,1.032,1.032,0.99,1.0199,131215
2022-04-22,1.01,1.01,0.93,0.946832,249446
2022-04-25,0.93,0.969899,0.9,0.9337,133329
2022-04-26,0.91,0.9407,0.8301,0.93,240163
2022-04-27,0.93,0.93,0.88,0.9024,95850
2022-04-28,0.891,0.9023,0.8602,0.8953,165604
2022-04-29,0.9024,0.9374,0.85,0.92,144204
2022-05-02,0.9108,0.93,0.856,0.92,83833
2022-05-03,0.92,0.92,0.8723,0.8959,65809
2022-05-04,0.9,0.9071,0.85,0.884,44223
2022-05-05,0.879,0.89,0.7819,0.79,118263
2022-05-06,0.7992,0.82,0.7953,0.8184,82577
2022-05-09,0.8,0.8,0.711,0.72,145140
2022-05-10,0.71,0.75,0.7,0.74,142476
2022-05-11,0.72,0.74,0.7013,0.71,92790
2022-05-12,0.72,0.72,0.6502,0.6733,501995
2022-05-13,0.670001,0.7499,0.67,0.7401,77158
2022-05-16,0.7385,0.7999,0.7385,0.7776,58032
2022-05-17,0.79,0.8123,0.754201,0.7895,28785
2022-05-18,0.7779,0.7779,0.75,0.7501,39135
2022-05-19,0.751,0.7673,0.715,0.715,109298
2022-05-20,0.73,0.73,0.6806,0.7182,61532
2022-05-23,0.7295,0.729899,0.68,0.695,89130
2022-05-24,0.695,0.7199,0.685,0.69,68522
2022-05-25,0.699,0.73,0.6441,0.73,148581
2022-05-26,0.73,0.759,0.6841,0.6841,158172
2022-05-27,0.6951,0.732,0.69,0.7151,124306
2022-05-31,0.717,0.7177,0.693,0.693,50597
2022-06-01,0.6755,0.7052,0.6755,0.7022,21068
2022-06-02,0.67,0.7392,0.6699,0.73,91374
2022-06-03,0.73,0.7392,0.68,0.6901,62706
2022-06-06,0.7,0.7051,0.6726,0.6738,25695
2022-06-07,0.6929,0.6937,0.66495,0.6887,37948
2022-06-08,0.6789,0.729,0.66,0.729,76119
2022-06-09,0.6901,0.705,0.6602,0.661,126475
2022-06-10,0.66,0.665,0.63,0.65,388070
2022-06-13,0.6143,0.6456,0.49,0.6422,483673
2022-06-14,0.6108,0.6368,0.6037,0.6037,86903
2022-06-15,0.6015,0.629,0.565,0.601,150899
2022-06-16,0.6,0.615,0.56,0.592,190292
2022-06-17,0.5919,0.5933,0.5601,0.575,62901
2022-06-21,0.56,0.6247,0.5549,0.558,133996
2022-06-22,0.536,0.599051,0.536,0.5802,72881
2022-06-23,0.59,0.5985,0.56,0.5661,21518
2022-06-24,0.57,0.6,0.5622,0.5993,54031
2022-06-27,0.6,0.6067,0.5448,0.571,141258
2022-06-28,0.5998,0.5998,0.525,0.525,137031
2022-06-29,0.53,0.5349,0.51,0.5299,112303
2022-06-30,0.54,0.54,0.4584,0.51,197959
2022-07-01,0.4947,0.5896,0.4868,0.5526,66205
2022-07-05,0.52,0.546,0.47,0.5304,104912
2022-07-06,0.516,0.530799,0.516,0.5225,43784
2022-07-07,0.53,0.55,0.514001,0.54,37047
2022-07-08,0.5548,0.5548,0.516,0.5399,26093
2022-07-11,0.5399,0.5399,0.5105,0.5106,66605
2022-07-12,0.51,0.537,0.5,0.537,80068
2022-07-13,0.5,0.5126,0.5,0.512,134445
2022-07-14,0.51,0.5337,0.5,0.5183,269201
2022-07-15,0.51,0.5353,0.5025,0.5199,93140
2022-07-18,0.59,0.63,0.5618,0.6255,260927
2022-07-19,0.64,0.665,0.6019,0.6111,81869
2022-07-20,0.61,0.6231,0.5453,0.555,114934
2022-07-21,0.555,0.567,0.5501,0.5615,70735
2022-07-22,0.5712,0.5712,0.55,0.5611,50178
2022-07-25,0.572,0.5721,0.5503,0.5543,53278
2022-07-26,0.561,0.5699,0.54,0.54,23336
2022-07-27,0.546949,0.5605,0.5301,0.5547,73467
2022-07-28,0.5519,0.58,0.54,0.575,194583
2022-07-29,0.575,0.6437,0.575,0.625,115135
2022-08-01,0.65,0.6551,0.606901,0.6299,158900
2022-08-02,0.6388,0.6515,0.6121,0.6318,54291
2022-08-03,0.6134,0.637,0.5427,0.637,101247
2022-08-04,0.6339,0.634,0.6032,0.634,52582
2022-08-05,0.624,0.6334,0.5315,0.57,156051
2022-08-08,0.59,0.601,0.5659,0.5933,87217
2022-08-09,0.59,0.5952,0.5805,0.5934,54051
2022-08-10,0.61,0.63,0.5817,0.5945,54871
2022-08-11,0.6019,0.6088,0.5601,0.5601,113283
2022-08-12,0.57,0.5913,0.563,0.5913,34417
2022-08-15,0.59,0.6,0.5332,0.5332,98057
2022-08-16,0.5635,0.565,0.51,0.565,92098
2022-08-17,0.53,0.59,0.486,0.58,320806
2022-08-18,0.57,0.589,0.5106,0.53,146577
2022-08-19,0.525,0.5266,0.4721,0.48175,414190
2022-08-22,0.51,0.51,0.4808,0.5016,129518
2022-08-23,0.4816,0.5192,0.4816,0.508,81675
2022-08-24,0.5027,0.5299,0.5027,0.5237,70091
2022-08-25,0.5237,0.539,0.5237,0.5388,50364
2022-08-26,0.533601,0.5426,0.5335,0.54,27834
2022-08-29,0.53,0.540101,0.525,0.525,22653
2022-08-30,0.5304,0.536,0.525,0.5263,28345
2022-08-31,0.525,0.5259,0.5001,0.5007,75549
2022-09-01,0.51,0.5119,0.485,0.4856,101590
2022-09-02,0.48,0.5073,0.4749,0.49,91345
2022-09-06,0.49,0.4961,0.46,0.4749,114290
2022-09-07,0.485,0.496899,0.464,0.464,35527
2022-09-08,0.4579,0.463,0.45,0.463,100721
2022-09-09,0.463,0.4716,0.46,0.469099,84193
2022-09-12,0.4691,0.4799,0.4678,0.47,59594
2022-09-13,0.46224,0.469899,0.46224,0.4661,34316
2022-09-14,0.4799,0.4877,0.463,0.4877,39281
2022-09-15,0.487499,0.487499,0.45,0.463,88977
2022-09-16,0.47,0.47,0.45,0.4524,98552
2022-09-19,0.4383,0.4828,0.4383,0.4775,93899
2022-09-20,0.4739,0.4739,0.4501,0.4503,13574
2022-09-21,0.4619,0.47,0.4618,0.4694,22800
2022-09-22,0.4699,0.5,0.4531,0.4975,68634
2022-09-23,0.497299,0.497299,0.44,0.465,96898
2022-09-26,0.45,0.456,0.438,0.44,36944
2022-09-27,0.4439,0.4642,0.43,0.4313,70605
2022-09-28,0.47,0.47,0.4432,0.465,59724
2022-09-29,0.4699,0.4699,0.4596,0.467,7868
2022-09-30,0.4533,0.52,0.4533,0.5177,243890
2022-10-03,0.5022,0.545,0.5022,0.5138,111327
2022-10-04,0.51,0.5555,0.51,0.553,62421
2022-10-05,0.551,0.551,0.5103,0.544,53890
2022-10-06,0.5301,0.5549,0.5204,0.5204,24784
2022-10-07,0.53,0.5337,0.4441,0.46,181457
2022-10-10,0.46,0.4795,0.45,0.4518,38410
2022-10-11,0.48,0.48,0.4452,0.4452,83447
2022-10-12,0.4599,0.4691,0.4316,0.4599,64653
2022-10-13,0.48,0.48,0.414,0.4363,163221
2022-10-14,0.445,0.446,0.4251,0.4387,40661
2022-10-17,0.44,0.4683,0.4285,0.4683,70931
2022-10-18,0.4536,0.4727,0.427,0.4293,181182
2022-10-19,0.44,0.47,0.44,0.47,62088
2022-10-20,0.4652,0.4999,0.451,0.49,64726
2022-10-21,0.5,0.51,0.4523,0.509,52401
2022-10-24,0.5,0.5,0.455,0.4764,97934
2022-10-25,0.4545,0.4936,0.4545,0.4935,62492
2022-10-26,0.488465,0.52,0.480792,0.494,80127
2022-10-27,0.47,0.506,0.43,0.4302,354871
2022-10-28,0.4474,0.4599,0.4304,0.4304,40739
2022-10-31,0.42,0.4336,0.42,0.432,22052
2022-11-01,0.436,0.436,0.432,0.435,83988
2022-11-02,0.439699,0.439699,0.4202,0.43,95925
2022-11-03,0.413,0.43,0.413,0.425,98288
2022-11-04,0.435,0.45,0.4265,0.4398,90422
2022-11-07,0.435,0.4698,0.435,0.4601,36532
2022-11-08,0.4674,0.4949,0.4601,0.486,69955
2022-11-09,0.5,0.5,0.46,0.4806,42702
2022-11-10,0.46,0.55,0.46,0.5289,179019
2022-11-11,0.52,0.5248,0.5033,0.52,34543
2022-11-14,0.53,0.53,0.4901,0.5206,59765
2022-11-15,0.53,0.53,0.4486,0.4553,195391
2022-11-16,0.45,0.4562,0.4448,0.45,173136
2022-11-17,0.45,0.4753,0.4487,0.4753,88283
2022-11-18,0.5,0.5,0.465,0.4796,22288
2022-11-21,0.48,0.4814,0.47,0.477,16299
2022-11-22,0.488,0.499,0.4488,0.49,69545
2022-11-23,0.45,0.49,0.45,0.4668,80441
2022-11-25,0.4669,0.4724,0.4669,0.4675,7545
2022-11-28,0.45,0.4614,0.44,0.45,47272
2022-11-29,0.464,0.464,0.4362,0.44,58172
2022-11-30,0.465,0.469,0.42,0.4379,250124
2022-12-01,0.45495,0.4631,0.4398,0.4441,326509
2022-12-02,0.44,0.4474,0.427971,0.4455,89017
2022-12-05,0.43,0.45,0.43,0.44,74785
2022-12-06,0.44,0.449,0.4302,0.44,60163
2022-12-07,0.44,0.4492,0.422255,0.438,89759
2022-12-08,0.45,0.4799,0.45,0.455,112661
2022-12-09,0.4637,0.4792,0.4463,0.4747,122026
2022-12-12,0.48,0.4825,0.45,0.45,153570
2022-12-13,0.4832,0.4949,0.448,0.45415,59842
2022-12-14,0.4626,0.4626,0.4275,0.4356,75382
2022-12-15,0.4213,0.4417,0.4151,0.4242,92467
2022-12-16,0.436,0.436,0.378,0.4055,192069
2022-12-19,0.4188,0.4188,0.3803,0.3885,178033
2022-12-20,0.3998,0.4168,0.395,0.4168,80799
2022-12-21,0.4298,0.4373,0.415,0.4274,90818
2022-12-22,0.44,0.440243,0.412,0.4229,130298
2022-12-23,0.4381,0.4381,0.4123,0.435999,25732
2022-12-27,0.4199,0.445,0.4199,0.4338,51449
2022-12-28,0.4499,0.4499,0.39,0.3968,244007
2022-12-29,0.4,0.4449,0.4,0.4308,164646
2022-12-30,0.43,0.43,0.42,0.4252,123280
2023-01-03,0.4201,0.441513,0.42,0.440601,132981
2023-01-04,0.45,0.477,0.45,0.4653,90525
2023-01-05,0.4674,0.5,0.4674,0.485,220118
2023-01-06,0.5,0.51,0.488,0.5008,161359
2023-01-09,0.52,0.5298,0.5,0.5006,126827
2023-01-10,0.5055,0.5086,0.4801,0.49,99801
2023-01-11,0.5098,0.53,0.4802,0.493899,210147
2023-01-12,0.51,0.56,0.4901,0.5502,634515
2023-01-13,0.53,0.598,0.53,0.598,421977
2023-01-17,0.596,0.623,0.58,0.583,188306
2023-01-18,0.6,0.62,0.5886,0.61,169907
2023-01-19,0.63,0.7485,0.63,0.71,443965
2023-01-20,0.71,0.7212,0.69,0.71,249813
2023-01-23,0.71,0.7198,0.645,0.6752,144290
2023-01-24,0.6545,0.68,0.637551,0.64,116362
2023-01-25,0.659899,0.6685,0.64,0.6658,67516
2023-01-26,0.67,0.67245,0.65,0.6687,30136
2023-01-27,0.64,0.671,0.62,0.6224,67279
2023-01-30,0.615,0.615,0.5843,0.595,118241
2023-01-31,0.589,0.601301,0.5611,0.5808,90936
2023-02-01,0.5866,0.6781,0.5701,0.6781,310415
2023-02-02,0.6791,0.68,0.59,0.597,148620
2023-02-03,0.58,0.61,0.58,0.58,74211
2023-02-06,0.58,0.6056,0.56,0.58495,47270
2023-02-07,0.5856,0.68,0.5856,0.6474,174114
2023-02-08,0.65,0.68,0.5934,0.64685,49610
2023-02-09,0.63,0.6626,0.5802,0.65,76455
2023-02-10,0.65,0.65,0.5972,0.6308,36039
2023-02-13,0.6,0.605,0.5411,0.57,171853
2023-02-14,0.5529,0.5864,0.5401,0.5746,42274
2023-02-15,0.557,0.62,0.5514,0.5948,34348
2023-02-16,0.57,0.5903,0.5675,0.5886,63614
2023-02-17,0.58,0.58,0.5476,0.5476,76452
2023-02-21,0.54,0.565,0.48,0.5272,125696
2023-02-22,0.5114,0.5299,0.51,0.5208,86878
2023-02-23,0.53,0.5303,0.4996,0.514,100244
2023-02-24,0.51015,0.5275,0.5003,0.5273,29573
2023-02-27,0.5036,0.53,0.4923,0.496,61672
2023-02-28,0.5,0.5447,0.4901,0.5,125990
2023-03-01,0.525,0.5592,0.5117,0.5592,51794
2023-03-02,0.5592,0.5592,0.53,0.5429,59733
2023-03-03,0.5663,0.5663,0.53,0.5538,57122
2023-03-06,0.53,0.5601,0.53,0.54,33766
2023-03-07,0.5397,0.55,0.53,0.5399,71732
2023-03-08,0.53,0.54,0.4926,0.5101,86468
2023-03-09,0.51,0.52,0.505,0.505,21021
2023-03-10,0.505,0.535,0.4966,0.51,183417
2023-03-13,0.535,0.58,0.5235,0.58,212222
2023-03-14,0.5745,0.5749,0.5301,0.5603,101316
2023-03-15,0.58,0.58,0.52,0.534848,49094
2023-03-16,0.53,0.5599,0.5201,0.55,115460
2023-03-17,0.54,0.6199,0.53,0.545,398410
2023-03-20,0.51,0.541,0.4923,0.53,393695
2023-03-21,0.54,0.54,0.49,0.51,97753
2023-03-22,0.511,0.5249,0.4999,0.512,78661
2023-03-23,0.5191,0.57,0.4999,0.5421,214751
2023-03-24,0.56,0.56,0.529,0.545,62835
2023-03-27,0.5405,0.5405,0.51,0.524,104872
2023-03-28,0.525,0.563,0.5181,0.55,99358
2023-03-29,0.549899,0.549899,0.5304,0.5331,48045
2023-03-30,0.55,0.558,0.532,0.558,153388
2023-03-31,0.54,0.63,0.53,0.6001,372618
2023-04-03,0.6001,0.637759,0.6,0.6371,140391
2023-04-04,0.62,0.68,0.605,0.623,219244
2023-04-05,0.62,0.6502,0.62,0.62,126333
2023-04-06,0.64,0.65,0.6111,0.6499,108052
2023-04-10,0.62,0.64,0.606,0.63,138004
2023-04-11,0.6354,0.66,0.62,0.6298,89795
2023-04-12,0.645,0.645,0.55,0.582,257111
2023-04-13,0.595,0.6497,0.595,0.6,117232
2023-04-14,0.6036,0.6036,0.5799,0.59,89642
2023-04-17,0.5701,0.59,0.5451,0.579,146920
2023-04-18,0.5792,0.5792,0.56,0.5674,86948
2023-04-19,0.57,0.579,0.5583,0.56,20856
2023-04-20,0.55,0.57,0.5473,0.57,79167
2023-04-21,0.565,0.565,0.5005,0.518,151952
2023-04-24,0.5052,0.52,0.5052,0.51,42617
2023-04-25,0.511,0.5148,0.5052,0.5077,59411
2023-04-26,0.505,0.525,0.505,0.5153,73136
2023-04-27,0.51,0.53,0.5099,0.5299,17525
2023-04-28,0.53,0.53,0.49,0.5102,249451
2023-05-01,0.51,0.54,0.51,0.5101,33872
2023-05-02,0.5194,0.5542,0.518287,0.5397,123714
2023-05-03,0.59,0.59,0.5135,0.5496,141202
2023-05-04,0.55,0.575,0.5151,0.549,219295
2023-05-05,0.5325,0.565,0.5325,0.55,23886
2023-05-08,0.55,0.555,0.5211,0.5373,26898
2023-05-09,0.53,0.53,0.5244,0.5259,19646
2023-05-10,0.52,0.53,0.518,0.5199,50419
2023-05-11,0.522,0.522,0.51,0.5124,51156
2023-05-12,0.5,0.515,0.5,0.5071,38884
2023-05-15,0.49,0.5097,0.49,0.496,90514
2023-05-16,0.49,0.496,0.45,0.4599,107102
2023-05-17,0.461,0.494599,0.4605,0.485,65479
2023-05-18,0.485,0.491556,0.473283,0.4899,47630
2023-05-19,0.5,0.5,0.46,0.47,143884
2023-05-22,0.455,0.499,0.45,0.48,90086
2023-05-23,0.49,0.4996,0.4828,0.4996,30168
2023-05-24,0.49,0.5,0.4837,0.4839,19180
2023-05-25,0.5,0.5,0.475,0.475,51962
2023-05-26,0.4751,0.4999,0.4751,0.49,84729
2023-05-30,0.5,0.505,0.49505,0.5,39618
2023-05-31,0.506,0.5061,0.48,0.48,50515
2023-06-01,0.4804,0.49,0.4751,0.49,48404
2023-06-02,0.48,0.5014,0.4707,0.4707,45988
2023-06-05,0.47,0.4795,0.47,0.472,16076
2023-06-06,0.4796,0.4796,0.46,0.47,71452
2023-06-07,0.46,0.4793,0.432468,0.4475,94976
2023-06-08,0.45,0.4717,0.445,0.4511,113488
2023-06-09,0.463,0.463,0.42,0.43,114665
2023-06-12,0.4375,0.445,0.4202,0.43,97500
2023-06-13,0.43,0.4547,0.41,0.42,95293
2023-06-14,0.4326,0.4538,0.43,0.4346,86719
2023-06-15,0.44,0.446,0.4363,0.4363,19629
2023-06-16,0.4459,0.4598,0.4201,0.4302,44720
2023-06-20,0.43,0.4322,0.4211,0.4249,34467
2023-06-21,0.42,0.4344,0.4199,0.43,49105
2023-06-22,0.415,0.4439,0.415,0.4426,7079
2023-06-23,0.423,0.4551,0.4021,0.4325,61266
2023-06-26,0.4336,0.44,0.4242,0.434699,14363
2023-06-27,0.4348,0.44,0.4301,0.4302,17643
2023-06-28,0.415,0.4232,0.39,0.39,79425
2023-06-29,0.4,0.4268,0.37,0.3713,135686
2023-06-30,0.374,0.428627,0.3716,0.419,123965
2023-07-03,0.4199,0.44,0.4191,0.44,22869
2023-07-05,0.44,0.4511,0.44,0.4443,14219
2023-07-06,0.44,0.4433,0.42,0.42,21657
2023-07-07,0.42,0.4489,0.42,0.4327,7543
2023-07-10,0.4327,0.4585,0.4326,0.4529,48525
2023-07-11,0.46,0.46,0.403,0.415,106272
2023-07-12,0.415,0.46,0.415,0.4599,122863
2023-07-13,0.4351,0.457699,0.41,0.44,132198
2023-07-14,0.4431,0.4588,0.4301,0.4588,32278
2023-07-17,0.4397,0.4695,0.4397,0.4673,32720
2023-07-18,0.465,0.467,0.4378,0.438,98563
2023-07-19,0.4383,0.4763,0.4383,0.4534,47266
2023-07-20,0.4534,0.4534,0.4298,0.4342,29549
2023-07-21,0.42,0.438,0.4,0.4283,73527
2023-07-24,0.435,0.435,0.41,0.416,68252
2023-07-25,0.42,0.4436,0.4152,0.4201,41851
2023-07-26,0.437,0.437499,0.42,0.42,26129
2023-07-27,0.4288,0.4288,0.4,0.4009,153130
2023-07-28,0.421,0.421,0.4102,0.4148,25504
2023-07-31,0.4193,0.431663,0.4001,0.405,84330
2023-08-01,0.4186,0.4366,0.4101,0.42,24849
2023-08-02,0.444,0.444,0.4102,0.4102,72345
2023-08-03,0.4005,0.4138,0.392,0.405,38378
2023-08-04,0.4147,0.4284,0.39,0.39,131875
2023-08-07,0.401,0.41,0.39,0.4037,54010
2023-08-08,0.39,0.4079,0.39,0.4,16270
2023-08-09,0.4053,0.4098,0.3901,0.4062,26893
2023-08-10,0.401,0.41,0.3841,0.40235,123435
2023-08-11,0.3868,0.409899,0.3868,0.4048,13424
2023-08-14,0.41,0.41,0.37,0.371,218604
2023-08-15,0.3725,0.375,0.3644,0.3732,107343
2023-08-16,0.374,0.3759,0.36,0.369,126812
2023-08-17,0.3866,0.3866,0.3343,0.3843,265549
2023-08-18,0.4,0.4,0.3516,0.3729,76496
2023-08-21,0.3798,0.3798,0.352,0.375999,126598
2023-08-22,0.366,0.376,0.3601,0.376,32121
2023-08-23,0.3689,0.4088,0.3689,0.4047,89258
2023-08-24,0.3765,0.4099,0.3765,0.4094,40671
2023-08-25,0.41,0.4175,0.4,0.4,21957
2023-08-28,0.3873,0.417,0.3873,0.4,71810
2023-08-29,0.4039,0.4078,0.37,0.3999,48192
2023-08-30,0.3795,0.399899,0.353048,0.3763,140927
2023-08-31,0.372,0.375,0.3584,0.3584,87482
2023-09-01,0.3801,0.384,0.3521,0.3675,48598
2023-09-05,0.36,0.374,0.36,0.3659,12092
2023-09-06,0.352,0.375899,0.31,0.35,309398
2023-09-07,0.36,0.36,0.345,0.3531,20522
2023-09-08,0.3644,0.3644,0.355,0.3621,28256
2023-09-11,0.36,0.37,0.35755,0.37,18188
2023-09-12,0.3617,0.365,0.356,0.3608,48478
2023-09-13,0.3608,0.3608,0.3206,0.3449,46076
2023-09-14,0.3524,0.359,0.3463,0.359,58045
2023-09-15,0.379,0.3866,0.3741,0.3866,50084
2023-09-18,0.3898,0.3898,0.35,0.3837,76977
2023-09-19,0.38,0.3832,0.3709,0.3709,9827
2023-09-20,0.3661,0.3849,0.366,0.38,10692
2023-09-21,0.38,0.38,0.36,0.37,64125
2023-09-22,0.36,0.3789,0.36,0.378,4953
2023-09-25,0.3501,0.38,0.3501,0.361,68835
2023-09-26,0.36,0.3649,0.34,0.36,176349
2023-09-27,0.36,0.36,0.313,0.3481,54786
2023-09-28,0.3451,0.3537,0.3299,0.346739,38078
2023-09-29,0.3467,0.3547,0.3311,0.352,32097
2023-10-02,0.32,0.3599,0.32,0.35,26181
2023-10-03,0.36,0.36,0.3273,0.35,39365
2023-10-04,0.3539,0.3597,0.3284,0.3525,35996
2023-10-05,0.3416,0.359,0.3416,0.3531,11050
2023-10-06,0.3415,0.3529,0.33,0.3524,17603
2023-10-09,0.3537,0.3537,0.331,0.331,16267
2023-10-10,0.331,0.3599,0.331,0.3478,32012
2023-10-11,0.35,0.355,0.3456,0.35,8033
2023-10-12,0.35,0.36,0.35,0.36,67735
2023-10-13,0.38,0.4,0.3463,0.4,146210
2023-10-16,0.4,0.4,0.3624,0.395,144557
2023-10-17,0.3751,0.4,0.3751,0.3907,18576
2023-10-18,0.3786,0.4056,0.3786,0.3988,88851
2023-10-19,0.3828,0.4048,0.3828,0.391601,11982
2023-10-20,0.38,0.43,0.38,0.429,129247
2023-10-23,0.429,0.437199,0.4002,0.4117,71314
2023-10-24,0.4149,0.4249,0.3979,0.4249,76945
2023-10-25,0.4339,0.4382,0.387,0.388,56041
2023-10-26,0.3957,0.4068,0.388,0.405,36823
2023-10-27,0.39,0.41,0.3512,0.4001,146441
2023-10-30,0.4,0.41,0.39,0.4089,76396
2023-10-31,0.4,0.4079,0.3603,0.3871,48894
2023-11-01,0.37,0.3826,0.3625,0.3824,20214
2023-11-02,0.378,0.3858,0.373,0.3838,18486
2023-11-03,0.385,0.388,0.371,0.388,39786
2023-11-06,0.399,0.401,0.399,0.401,12230
2023-11-07,0.4078,0.4078,0.39725,0.39725,2987
2023-11-08,0.408,0.408,0.3826,0.3928,16429
2023-11-09,0.3802,0.4318,0.3753,0.3755,35769
2023-11-10,0.398,0.398,0.37,0.3709,27325
2023-11-13,0.371,0.3787,0.3625,0.3625,21923
2023-11-14,0.3625,0.3625,0.35,0.352,58098
2023-11-15,0.3515,0.374,0.3515,0.36,12761
2023-11-16,0.354,0.3632,0.3406,0.3499,51034
2023-11-17,0.34,0.3538,0.34,0.346599,104589
2023-11-20,0.35,0.356,0.3406,0.356,60854
2023-11-21,0.35,0.37,0.33,0.35,134722
2023-11-22,0.3412,0.3565,0.3412,0.3478,35627
2023-11-24,0.35,0.356,0.3422,0.3425,24567
2023-11-27,0.3449,0.375,0.3449,0.375,288917
2023-11-28,0.375,0.4999,0.3538,0.4999,529413
2023-11-29,0.479,0.4935,0.4546,0.47,184712
2023-11-30,0.4561,0.5599,0.444949,0.536,419077
2023-12-01,0.5199,0.56,0.4982,0.55,349328
2023-12-04,0.58,0.58,0.46,0.5142,104586
2023-12-05,0.5187,0.5187,0.4912,0.4921,57293
2023-12-06,0.49,0.5215,0.485,0.4894,121535
2023-12-07,0.48,0.49,0.475,0.476,41990
2023-12-08,0.465,0.5029,0.453,0.4753,56642
2023-12-11,0.475,0.475,0.4526,0.4675,38413
2023-12-12,0.453,0.467,0.445,0.4623,33162
2023-12-13,0.467,0.5199,0.447,0.5149,136478
2023-12-14,0.5025,0.56445,0.5,0.5,156475
2023-12-15,0.5144,0.518,0.5,0.5135,46513
2023-12-18,0.5198,0.5198,0.48,0.507,93050
2023-12-19,0.57,0.57,0.515101,0.533,96582
2023-12-20,0.54,0.54,0.485,0.531,80208
2023-12-21,0.5015,0.59,0.5015,0.5573,61517
2023-12-22,0.59,0.59,0.55,0.5674,155737
2023-12-26,0.56,0.6415,0.56,0.6199,189459
2023-12-27,0.631,0.6649,0.6,0.652,248766
2023-12-28,0.63,0.6499,0.579,0.605,175224
2023-12-29,0.6,0.637,0.5778,0.585,137080
2024-01-02,0.5861,0.6243,0.56,0.62,292922
2024-01-03,0.605,0.65,0.5131,0.629,392519
2024-01-04,0.6243,0.648,0.5682,0.64,271295
2024-01-05,0.6427,0.6899,0.6426,0.688,392800
2024-01-08,0.6889,0.69,0.6296,0.69,365178
2024-01-09,0.69,0.694109,0.6353,0.636,80100
2024-01-10,0.6419,0.6877,0.630101,0.6699,152966
2024-01-11,0.65,0.6699,0.62,0.643,138303
2024-01-12,0.6579,0.692899,0.64,0.664,219087
2024-01-16,0.649,0.664,0.53,0.568,305307
2024-01-17,0.551,0.575,0.533,0.533,154514
2024-01-18,0.538,0.546203,0.5347,0.54,46634
2024-01-19,0.55,0.5658,0.545,0.557,54327
2024-01-22,0.5608,0.5608,0.52,0.528,130703
2024-01-23,0.587,0.5883,0.53,0.5343,260938
2024-01-24,0.558,0.57,0.54,0.561,189294
2024-01-25,0.574,0.574,0.5527,0.5599,44578
2024-01-26,0.5532,0.5594,0.54,0.555,55855
2024-01-29,0.54,0.57,0.539868,0.565,104224
2024-01-30,0.565,0.5899,0.565,0.57,124573
2024-01-31,0.575999,0.619999,0.575999,0.5859,132694
2024-02-01,0.61,0.61,0.583576,0.596,88054
2024-02-02,0.5802,0.63,0.5802,0.62,108296
2024-02-05,0.6117,0.627,0.595,0.627,74836
2024-02-06,0.63,0.63,0.590001,0.6199,46882
2024-02-07,0.5959,0.6188,0.5703,0.575,87267
2024-02-08,0.57,0.57,0.54,0.54,101547
2024-02-09,0.556,0.5599,0.53,0.5336,115650
2024-02-12,0.5301,0.5608,0.5301,0.5385,13254
2024-02-13,0.539,0.5411,0.5103,0.5103,46599
2024-02-14,0.5103,0.5419,0.509,0.5317,39351
2024-02-15,0.5317,0.57,0.531449,0.5675,38598
2024-02-16,0.55,0.5888,0.5478,0.5842,39314
2024-02-20,0.57,0.6,0.561,0.561,37999
2024-02-21,0.5611,0.5788,0.541,0.541,11956
2024-02-22,0.5411,0.5592,0.52,0.53,36367
2024-02-23,0.54,0.54,0.505,0.5192,112195
2024-02-26,0.51,0.518,0.49,0.4951,109612
2024-02-27,0.49733,0.4999,0.4875,0.4993,92159
2024-02-28,0.5,0.5114,0.4741,0.5051,82845
2024-02-29,0.505,0.505,0.47,0.4991,77299
2024-03-01,0.475,0.567999,0.475,0.5531,106705
2024-03-04,0.5528,0.6139,0.5528,0.61,268510
2024-03-05,0.62,0.62,0.5532,0.58,93368
2024-03-06,0.5727,0.62,0.524192,0.62,167473
2024-03-07,0.56,0.615,0.56,0.57999,95854
2024-03-08,0.5626,0.625,0.553101,0.6055,167149
2024-03-11,0.62,0.62,0.6,0.61,88431
2024-03-12,0.5929,0.626199,0.5702,0.61989,381724
2024-03-13,0.612,0.75,0.612,0.71,1147902
2024-03-14,0.72,0.734,0.68,0.7058,202231
2024-03-15,0.71,0.7271,0.68,0.7014,122830
2024-03-18,0.7125,0.7125,0.67,0.6993,122192
2024-03-19,0.65,0.72,0.633,0.6676,118531
2024-03-20,0.688,0.73,0.66,0.7275,264006
2024-03-21,0.75,0.76,0.654,0.654,198386
2024-03-22,0.64,0.6633,0.5976,0.5976,144530
2024-03-25,0.5976,0.63,0.5902,0.63,81067
2024-03-26,0.6346,0.6346,0.6008,0.6165,16971
2024-03-27,0.6436,0.65,0.6165,0.625,92215
2024-03-28,0.6403,0.6895,0.62,0.6895,122012
2024-04-01,0.7001,0.715,0.6511,0.6823,164486
2024-04-02,0.73,0.73,0.67425,0.6946,153136
2024-04-03,0.708,0.73,0.6742,0.7,202078
2024-04-04,0.6981,0.708,0.6683,0.6848,97593
2024-04-05,0.655,0.7197,0.64,0.6842,151881
2024-04-08,0.692,0.694,0.67,0.679,121076
2024-04-09,0.7,0.706299,0.681,0.69415,96517
2024-04-10,0.6942,0.73,0.68,0.73,92227
2024-04-11,0.719,0.8,0.7189,0.7998,263684
2024-04-12,0.8,0.8,0.7296,0.751,653835
2024-04-15,0.7599,0.7599,0.651633,0.680099,205433
2024-04-16,0.6641,0.684,0.66,0.6724,96177
2024-04-17,0.69,0.69,0.6212,0.6634,90854
2024-04-18,0.6633,0.67,0.66,0.66995,50806
2024-04-19,0.67,0.6957,0.66,0.675,100761
2024-04-22,0.6849,0.6849,0.623699,0.6477,85670
2024-04-23,0.6448,0.6453,0.6113,0.6342,60252
2024-04-24,0.64,0.6402,0.6251,0.64,31435
2024-04-25,0.63,0.6543,0.63,0.6543,71840
2024-04-26,0.654801,0.67,0.635,0.6488,98122
2024-04-29,0.6411,0.6595,0.635,0.6355,30688
2024-04-30,0.62,0.639899,0.62,0.6299,50852
2024-05-01,0.6284,0.63855,0.619,0.6363,39346
2024-05-02,0.6383,0.6799,0.63,0.6799,67181
2024-05-03,0.68,0.6834,0.6501,0.6717,54342
2024-05-06,0.6831,0.6831,0.6492,0.67,92669
2024-05-07,0.6728,0.685,0.6681,0.6827,34018
2024-05-08,0.6823,0.685,0.6604,0.6795,105495
2024-05-09,0.6795,0.69,0.63,0.6756,149301
2024-05-10,0.68,0.6898,0.6655,0.6723,52590
2024-05-13,0.66,0.6677,0.6401,0.6569,70446
2024-05-14,0.64,0.67,0.6,0.643,70252
2024-05-15,0.6537,0.6579,0.622,0.6242,192096
2024-05-16,0.6476,0.6558,0.62,0.65,169606
2024-05-17,0.644,0.708,0.644,0.68,183488
2024-05-20,0.6942,0.75,0.6942,0.7466,160106
2024-05-21,0.741,0.741,0.6803,0.704,153565
2024-05-22,0.6811,0.7089,0.6761,0.6783,38761
2024-05-23,0.6761,0.68,0.6674,0.679,58591
2024-05-24,0.691,0.691,0.665,0.6659,45450
2024-05-28,0.6838,0.6982,0.6602,0.68,137751
2024-05-29,0.68,0.68,0.6134,0.63,115115
2024-05-30,0.625,0.6479,0.6212,0.6385,48230
2024-05-31,0.638199,0.6461,0.5917,0.5999,155743
2024-06-03,0.611,0.6144,0.5924,0.6049,57980
2024-06-04,0.6219,0.6219,0.5894,0.5894,89134
2024-06-05,0.5898,0.6035,0.585249,0.5899,68343
2024-06-06,0.59,0.6,0.5814,0.5899,90695
2024-06-07,0.5756,0.5921,0.5702,0.5836,33126
2024-06-10,0.57,0.5859,0.55,0.55,105455
2024-06-11,0.55,0.5599,0.55,0.559,23981
2024-06-12,0.556,0.56545,0.5128,0.5296,228102
2024-06-13,0.5203,0.54,0.52,0.5245,28356
2024-06-14,0.52,0.54,0.52,0.53755,42564
2024-06-17,0.54,0.54,0.5301,0.5367,57739
2024-06-18,0.54,0.5407,0.5213,0.5275,132707
2024-06-20,0.5275,0.54,0.5201,0.5341,31136
2024-06-21,0.551,0.555,0.5217,0.5217,42040
2024-06-24,0.52,0.5221,0.5124,0.515,56975
2024-06-25,0.505,0.526,0.49,0.49,121144
2024-06-26,0.49,0.5098,0.49,0.5,81040
2024-06-27,0.5,0.51,0.4901,0.494,80867
2024-06-28,0.4901,0.5,0.48,0.49435,44220
2024-07-01,0.509,0.5093,0.4857,0.4948,35343
2024-07-02,0.495,0.495,0.4455,0.4478,270720
2024-07-03,0.45,0.45,0.445,0.4499,409058
2024-07-05,0.45,0.52,0.45,0.4994,251702
2024-07-08,0.49,0.52625,0.485,0.52,113354
2024-07-09,0.54,0.5415,0.4948,0.5215,120351
2024-07-10,0.5135,0.53,0.4908,0.5099,63593
2024-07-11,0.515,0.52,0.494999,0.4999,296404
2024-07-12,0.5035,0.54,0.4951,0.5079,213533
2024-07-15,0.5068,0.5248,0.478,0.513,310463
2024-07-16,0.5205,0.5205,0.4893,0.4994,162403
2024-07-17,0.503,0.5099,0.489,0.5089,49079
2024-07-18,0.4971,0.51,0.45,0.451,261689
2024-07-19,0.45,0.49,0.449899,0.4618,52531
2024-07-22,0.4599,0.475,0.4551,0.4675,34892
2024-07-23,0.46,0.4699,0.455,0.455,121064
2024-07-24,0.4649,0.4775,0.455,0.4588,76784
2024-07-25,0.458,0.47,0.4479,0.4594,13219
2024-07-26,0.47,0.47,0.4551,0.4609,46722
2024-07-29,0.445,0.46,0.443,0.443,99106
2024-07-30,0.44,0.4495,0.4108,0.4399,126467
2024-07-31,0.44709,0.45,0.42,0.4471,86485
2024-08-01,0.45,0.45,0.43,0.44,116834
2024-08-02,0.45,0.4653,0.43,0.4577,208746
2024-08-05,0.43,0.4479,0.425,0.4289,100352
2024-08-06,0.4577,0.4577,0.4255,0.448,150500
2024-08-07,0.426,0.4593,0.426,0.427,89634
2024-08-08,0.435,0.435,0.4297,0.43125,34886
2024-08-09,0.43,0.439399,0.4,0.4083,165269
2024-08-12,0.42,0.44,0.42,0.4367,62738
2024-08-13,0.4367,0.44,0.425,0.4284,63542
2024-08-14,0.4399,0.4399,0.42,0.4257,68392
2024-08-15,0.4267,0.445,0.415,0.43,163226
2024-08-16,0.44,0.45,0.4251,0.4398,167059
2024-08-19,0.44,0.5042,0.44,0.4905,159297
2024-08-20,0.508,0.56,0.5,0.537701,361898
2024-08-21,0.537499,0.5575,0.5103,0.5498,185242
2024-08-22,0.5508,0.57,0.52,0.5314,436075
2024-08-23,0.5348,0.5674,0.532,0.5323,111893
2024-08-26,0.5203,0.57,0.5203,0.5385,48642
2024-08-27,0.55,0.5598,0.532,0.532,173094
2024-08-28,0.532,0.544,0.5005,0.5241,113798
2024-08-29,0.528199,0.528199,0.5087,0.5184,56620
2024-08-30,0.52,0.52,0.5005,0.5129,124455
2024-09-03,0.5005,0.52,0.4805,0.4914,129523
2024-09-04,0.4805,0.4947,0.4805,0.4947,63536
2024-09-05,0.483,0.509,0.4805,0.5062,45488
2024-09-06,0.5077,0.5077,0.49,0.4944,17035
2024-09-09,0.4944,0.5148,0.4944,0.5113,90413
2024-09-10,0.513949,0.5199,0.4998,0.5152,31605
2024-09-11,0.502,0.5135,0.4984,0.5129,56691
2024-09-12,0.494,0.54,0.494,0.525,317076
2024-09-13,0.52,0.558,0.5163,0.5314,447153
2024-09-16,0.56,0.576,0.522,0.57,198968
2024-09-17,0.5529,0.5677,0.51,0.5166,126571
2024-09-18,0.5093,0.543,0.5093,0.5154,54687
2024-09-19,0.53,0.5498,0.53,0.5423,138683
2024-09-20,0.575,0.576,0.545,0.5591,727369
2024-09-23,0.53,0.5625,0.53,0.5591,117957
2024-09-24,0.55,0.5788,0.531,0.5788,165352
2024-09-25,0.567,0.6199,0.5637,0.6172,209326
2024-09-26,0.62,0.62,0.58,0.586,139429
2024-09-27,0.5862,0.6,0.5714,0.5727,52086
2024-09-30,0.5744,0.5768,0.531,0.5604,423813
2024-10-01,0.5604,0.5787,0.5544,0.5624,349005
2024-10-02,0.5601,0.5975,0.5504,0.58,70533
2024-10-03,0.6,0.6,0.5559,0.5624,75272
2024-10-04,0.566911,0.569999,0.5533,0.5591,52533
2024-10-07,0.5568,0.5568,0.54,0.5414,23860
2024-10-08,0.5498,0.5498,0.516,0.516,107463
2024-10-09,0.553,0.553,0.5201,0.549,56211
2024-10-10,0.517,0.569,0.517,0.565,117674
2024-10-11,0.5388,0.6304,0.5388,0.63,278291
2024-10-14,0.612,0.6495,0.612,0.649,188176
2024-10-15,0.63,0.674,0.63,0.66,392932
2024-10-16,0.6593,0.7687,0.6593,0.735,756305
2024-10-17,0.75,0.7549,0.68,0.69,234412
2024-10-18,0.7006,0.725,0.69,0.705,130701
2024-10-21,0.69,0.7218,0.6505,0.701,216324
2024-10-22,0.72,0.76,0.7026,0.719,196458
2024-10-23,0.6974,0.7017,0.6539,0.6869,88376
2024-10-24,0.69,0.69,0.66,0.666,61883
2024-10-25,0.666,0.669,0.6341,0.6358,127799
2024-10-28,0.6445,0.6445,0.57,0.5942,135641
2024-10-29,0.5979,0.6499,0.5979,0.64,82494
2024-10-30,0.64,0.65,0.6105,0.6206,33544
2024-10-31,0.63,0.633,0.5976,0.614,197094
2024-11-01,0.6198,0.629699,0.6001,0.609,68594
2024-11-04,0.6,0.61,0.561,0.5813,159873
2024-11-05,0.567,0.58065,0.49,0.5,265606
2024-11-06,0.4899,0.5488,0.485,0.54,298994
2024-11-07,0.5477,0.592,0.5403,0.5746,87006
2024-11-08,0.57,0.57,0.4999,0.5,326793
2024-11-11,0.4999,0.4999,0.4651,0.4798,236834
2024-11-12,0.4708,0.4902,0.4651,0.4801,225837
2024-11-13,0.474,0.4801,0.4025,0.4301,729127
2024-11-14,0.43,0.4896,0.43,0.44,196571
2024-11-15,0.44,0.4679,0.4233,0.4247,296235
2024-11-18,0.43,0.4435,0.422399,0.4388,335404
2024-11-19,0.436,0.4648,0.434,0.4647,100502
2024-11-20,0.47,0.4748,0.4496,0.456,182479
2024-11-21,0.4648,0.4648,0.44,0.4485,137056
2024-11-22,0.457,0.461,0.4453,0.461,91862
2024-11-25,0.46,0.461,0.443101,0.4598,116638
2024-11-26,0.46,0.4746,0.4569,0.4635,102283
2024-11-27,0.4668,0.4775,0.4501,0.459,177423
2024-11-29,0.44,0.47,0.44,0.46,49211
2024-12-02,0.4554,0.4555,0.4454,0.4544,98448
2024-12-03,0.4551,0.4592,0.45,0.457799,33105
2024-12-04,0.4428,0.4792,0.4428,0.4778,138839
2024-12-05,0.4673,0.4798,0.452,0.454,280812
2024-12-06,0.45,0.4632,0.45,0.463,111065
2024-12-09,0.4504,0.485,0.4504,0.48,114799
2024-12-10,0.49,0.568,0.471,0.531,1404354
2024-12-11,0.531,0.595,0.531,0.566,535659
2024-12-12,0.5582,0.5649,0.5042,0.5112,257819
2024-12-13,0.512,0.512001,0.49,0.4926,321411
2024-12-16,0.4926,0.498,0.4706,0.482,155084
2024-12-17,0.4844,0.5009,0.4738,0.49,54923
2024-12-18,0.49,0.4929,0.463,0.4699,80878
2024-12-19,0.4536,0.46,0.441,0.4529,241179
2024-12-20,0.450999,0.488,0.445,0.4579,219254
2024-12-23,0.4605,0.4676,0.441,0.448499,177505
2024-12-24,0.45,0.4595,0.441,0.444,54002
2024-12-26,0.44,0.459799,0.4302,0.4364,404485
2024-12-27,0.44,0.4448,0.43,0.4303,202742
2024-12-30,0.43,0.4406,0.428,0.4405,145561
2024-12-31,0.4324,0.4698,0.4324,0.4554,140442
2025-01-02,0.461,0.4948,0.461,0.471,135102
2025-01-03,0.484,0.5001,0.4753,0.4767,101828
2025-01-06,0.48,0.495,0.4767,0.491,34081
2025-01-07,0.51,0.514699,0.4507,0.46205,287871
2025-01-08,0.4482,0.47,0.4482,0.4686,118041
2025-01-10,0.468,0.49,0.45,0.465,168006
2025-01-13,0.47,0.4888,0.4554,0.4554,152090
2025-01-14,0.466,0.4698,0.45,0.45205,114472
2025-01-15,0.45,0.4737,0.45,0.4736,117621
2025-01-16,0.4751,0.4983,0.4658,0.487,79151
2025-01-17,0.52,0.556,0.5021,0.5149,530037
2025-01-21,0.5079,0.5147,0.484,0.4935,325061
2025-01-22,0.506,0.515,0.49,0.492,104131
2025-01-23,0.5,0.51,0.4782,0.4932,150541
2025-01-24,0.4998,0.4998,0.487,0.488538,132678
2025-01-27,0.495,0.4967,0.46,0.47,143566
2025-01-28,0.4687,0.483649,0.46,0.4605,66285
2025-01-29,0.479,0.5105,0.461,0.4712,130347
2025-01-30,0.5098,0.5098,0.4625,0.4771,398454
2025-01-31,0.5,0.5,0.46,0.46,292244
2025-02-03,0.46,0.4798,0.45,0.4611,200223
2025-02-04,0.464,0.5193,0.461,0.5184,252896
2025-02-05,0.52,0.525,0.503,0.5084,223303
2025-02-06,0.5196,0.5196,0.49,0.5086,133383
2025-02-07,0.5196,0.5196,0.4906,0.5,83625
2025-02-10,0.501,0.52,0.501,0.5186,139723
2025-02-11,0.52,0.52,0.4962,0.5025,106366
2025-02-12,0.5143,0.52,0.49,0.5199,190714
2025-02-13,0.5,0.5169,0.49815,0.5131,241693
2025-02-14,0.501,0.511,0.491,0.4923,112104
2025-02-18,0.5194,0.5194,0.491,0.5135,262006
2025-02-19,0.516,0.5169,0.493,0.497551,104714
2025-02-20,0.4999,0.5,0.495,0.5,87709
2025-02-21,0.4899,0.5,0.488751,0.4951,226105
2025-02-24,0.5098,0.510926,0.4701,0.4925,204222
2025-02-25,0.49,0.49,0.4649,0.4801,153937
2025-02-26,0.4829,0.4899,0.475,0.475,149964
2025-02-27,0.48,0.485,0.4648,0.4689,114967
2025-02-28,0.47,0.4787,0.4625,0.47,195110
2025-03-03,0.5,0.5,0.4734,0.4788,80846
2025-03-04,0.5,0.5,0.4625,0.473,332224
2025-03-05,0.471,0.52,0.47,0.5004,719058
2025-03-06,0.52,0.6001,0.501,0.5783,936477
2025-03-07,0.578,0.6634,0.5512,0.619,560861
2025-03-10,0.64,0.65,0.57,0.61,426531
2025-03-11,0.586,0.6353,0.58,0.6349,120295
2025-03-12,0.65,0.65,0.625551,0.63,131333
2025-03-13,0.63,0.6699,0.615,0.6417,377186
2025-03-14,0.66,0.7,0.642,0.6649,348905
2025-03-17,0.748,0.7731,0.6489,0.662,1203390
2025-03-18,0.739,0.7499,0.700142,0.745,602731
2025-03-19,0.75,0.75,0.6737,0.734,440673
2025-03-20,0.7,0.724,0.681,0.692,186020
2025-03-21,0.71,0.7104,0.66,0.6707,276651
2025-03-24,0.689,0.711,0.68,0.7,304989
2025-03-25,0.721,0.7443,0.6788,0.6804,375985
2025-03-26,0.67,0.6802,0.6401,0.644999,257854
2025-03-27,0.66,0.6844,0.64,0.6543,477193
2025-03-28,0.66,0.696,0.64,0.6479,317970
2025-03-31,0.648,0.6789,0.6295,0.632,360585
2025-04-01,0.63,0.642,0.5761,0.5761,444629
2025-04-02,0.571,0.61,0.532,0.532,461576
2025-04-03,0.52,0.57,0.51,0.51,652954
2025-04-04,0.51,0.53,0.4767,0.48,429536
2025-04-07,0.46,0.5492,0.46,0.4759,528616
2025-04-08,0.4999,0.528051,0.4801,0.4821,158725
2025-04-09,0.51,0.5999,0.5083,0.5625,406145
2025-04-10,0.57,0.6031,0.57,0.5775,280460
2025-04-11,0.61,0.6898,0.6,0.6749,423477
2025-04-14,0.673,0.6875,0.653001,0.6603,391030
2025-04-15,0.6754,0.6754,0.64,0.649,237059
2025-04-16,0.73,0.73505,0.6631,0.6781,693323
2025-04-17,0.67,0.7,0.6522,0.664,206101
2025-04-21,0.7,0.7,0.6157,0.619651,348137
2025-04-22,0.67,0.67,0.6075,0.6282,373091
2025-04-23,0.643,0.6631,0.6202,0.655,563371
2025-04-24,0.64,0.695,0.64,0.6499,392511
2025-04-25,0.6401,0.6572,0.6065,0.6065,330696
2025-04-28,0.63,0.6547,0.615,0.654,500846
2025-04-29,0.6568,0.66,0.6432,0.6457,143742
2025-04-30,0.65,0.669,0.6189,0.6189,360657
2025-05-01,0.6185,0.6437,0.6185,0.6306,118069
2025-05-02,0.63,0.6999,0.63,0.6754,393408
2025-05-05,0.7,0.95,0.6935,0.859,2330387
2025-05-06,0.88,0.92,0.7866,0.919551,1368493
2025-05-07,0.9011,0.95285,0.8622,0.8733,539923
2025-05-08,0.887,0.9052,0.8333,0.8422,449459
2025-05-09,0.9045,0.9045,0.821,0.8465,413729
2025-05-12,0.82,0.82,0.7126,0.7884,600813
2025-05-13,0.7946,0.7998,0.73,0.7379,439496
2025-05-14,0.7238,0.7563,0.6423,0.6799,893469
2025-05-15,0.6773,0.6962,0.6651,0.677,503376
2025-05-16,0.6634,0.67505,0.65,0.655,257843
2025-05-19,0.67,0.7017,0.66,0.67,248924
2025-05-20,0.6715,0.69,0.6653,0.685,705507
2025-05-21,0.69,0.7868,0.69,0.7665,627111
2025-05-22,0.78,0.83,0.7502,0.8154,434700
2025-05-23,0.8261,0.86,0.8051,0.853,235968
2025-05-27,0.8478,0.8898,0.81,0.8334,1041766
2025-05-28,0.8452,0.8597,0.804,0.8226,175416
2025-05-29,0.8016,0.845,0.8001,0.8416,170072
2025-05-30,0.8392,0.8392,0.7946,0.8084,226912
2025-06-02,0.81,0.898,0.8,0.8429,625115
2025-06-03,0.9,1.09,0.8875,0.993,1251580
2025-06-04,1.02,1.02,0.9,0.9701,454174
2025-06-05,0.94,1.03,0.9002,0.9616,540833
2025-06-06,0.9673,0.9892,0.937,0.955,202871
2025-06-09,0.935,0.9799,0.9124,0.96,221779
2025-06-10,0.98,0.98,0.9111,0.9528,346126
2025-06-11,0.9635,0.9635,0.92,0.934199,80060
2025-06-12,0.9421,0.9548,0.9201,0.9353,232086
2025-06-13,0.9476,0.9899,0.9203,0.9299,110313
2025-06-16,0.93,0.93,0.8791,0.8899,184253
2025-06-17,0.9,0.9612,0.8734,0.9023,426675
2025-06-18,0.92,0.9221,0.8801,0.8951,188648
2025-06-20,0.87,0.945,0.8416,0.8416,256042
2025-06-23,0.84,0.8638,0.8369,0.8445,222863
2025-06-24,0.84,0.8935,0.8302,0.8848,230402
2025-06-25,0.9,0.95,0.866101,0.9295,407102
2025-06-26,0.93,0.948,0.8651,0.895041,340234
2025-06-27,0.88,0.8928,0.85,0.85,203928
2025-06-30,0.85,0.8698,0.84,0.8555,127707
2025-07-01,0.91,0.9199,0.8801,0.8996,331288
2025-07-02,0.9,0.9149,0.8824,0.914,72216
2025-07-03,0.9,0.93,0.88,0.93,128828
2025-07-07,0.92,0.985,0.8991,0.9849,1052732
2025-07-08,0.9822,0.9831,0.92,0.94,298131
2025-07-09,0.96,0.9747,0.9244,0.9358,219634
2025-07-10,0.969,1.06,0.938,1.05,552193
2025-07-11,1.08,1.1,1.01,1.09,679509
2025-07-14,1.1,1.14,1.06,1.095,352806
2025-07-15,1.11,1.11,1.05,1.0609,183939
2025-07-16,1.07,1.09,1.0,1.03,428490
2025-07-17,1.02,1.085,0.98,1.08,379609
2025-07-18,1.09,1.09,1.0062,1.03,223897
2025-07-21,1.05,1.05,1.01,1.04,128861
2025-07-22,1.05,1.05,0.985,1.03,193206
2025-07-23,1.01,1.18,1.0006,1.18,743124
2025-07-24,1.16,1.16,1.08,1.11,186951
2025-07-25,1.12,1.14,1.0851,1.13,194729
2025-07-28,1.13,1.13,1.08,1.1,215289
2025-07-29,1.13,1.17,1.08,1.15,432953
2025-07-30,1.17,1.2,1.11,1.14,387823
2025-07-31,1.15,1.17,1.11,1.14,248585
2025-08-01,1.15,1.1652,1.1001,1.13,258458
2025-08-04,1.17,1.18,1.14,1.18,186980
2025-08-05,1.17,1.35,1.16,1.26,1591819
2025-08-06,1.28,1.35,1.23,1.29,558292
2025-08-07,1.32,1.44,1.285,1.43,670073
2025-08-08,1.43,1.49,1.36,1.4,715085
2025-08-11,1.4,1.4,1.27,1.3,512944
2025-08-12,1.32,1.3999,1.31,1.35,273582
2025-08-13,1.35,1.3542,1.2657,1.32,210112
2025-08-14,1.32,1.32,1.24,1.25,140487
2025-08-15,1.24,1.26,1.18,1.2,365498
2025-08-18,1.23,1.2551,1.13,1.19,734326
2025-08-19,1.21,1.2208,1.16,1.16,334275
2025-08-20,1.17,1.2193,1.15,1.2,223806
2025-08-21,1.18,1.3,1.18,1.28,541465
2025-08-22,1.29,1.45,1.28,1.41,756329
2025-08-25,1.41,1.461,1.35,1.37,667714
2025-08-26,1.41,1.43,1.34,1.35,271227
2025-08-27,1.33,1.385,1.3,1.38,153225
2025-08-28,1.38,1.42,1.31,1.35,292789
2025-08-29,1.35,1.43,1.3298,1.4,336721
2025-09-02,1.45,1.67,1.4446,1.61,1384958
2025-09-03,1.63,1.6594,1.5,1.57,671633
2025-09-04,1.54,1.55,1.41,1.43,623691
2025-09-05,1.53,1.54,1.39,1.41,581643
2025-09-08,1.49,1.6,1.41,1.59,670489
2025-09-09,1.6,1.62,1.5,1.53,398832
2025-09-10,1.53,1.5475,1.46,1.53,358664
2025-09-11,1.51,1.59,1.445,1.57,516192
2025-09-12,1.62,1.62,1.55,1.585,297594
2025-09-15,1.6,1.66,1.585,1.61,530087
2025-09-16,1.66,1.66,1.5501,1.58,544827
2025-09-17,1.58,1.61,1.47,1.48,655974
2025-09-18,1.48,1.51,1.42,1.51,329259
2025-09-19,1.51,1.6,1.5,1.6,474847
2025-09-22,1.64,1.69,1.595,1.67,561159
2025-09-23,1.73,1.73,1.57,1.57,599240
2025-09-24,1.64,1.662,1.46,1.51,755875
2025-09-25,1.5,1.54,1.46,1.54,280051
2025-09-26,1.56,1.62,1.5,1.55,431475
2025-09-29,1.66,1.68,1.59,1.61,696958
2025-09-30,1.59,1.65,1.58,1.64,663052
2025-10-01,1.65,1.78,1.6437,1.77,609616
2025-10-02,1.8,1.8,1.62,1.67,689481
2025-10-03,1.71,1.89,1.7,1.87,1396345
2025-10-06,1.92,1.93,1.8,1.82,956759
2025-10-07,1.9,1.91,1.73,1.87,1032511
2025-10-08,1.97,2.14,1.87,2.12,2437838
2025-10-09,2.28,2.3,1.88,1.93,2066394
2025-10-10,2.16,2.1622,1.9043,1.97,1295913
2025-10-13,2.06,2.13,1.97,2.05,1148378
2025-10-14,2.08,2.85,2.04,2.76,6021230
2025-10-15,3.02,3.13,2.48,2.67,3942680
2025-10-16,2.69,2.737,2.2,2.24,2740159
2025-10-17,2.22,2.25,1.99,2.0,1682945
2025-10-20,2.19,2.21,2.07,2.12,967096
2025-10-21,1.95,2.0,1.8,1.83,1643681
2025-10-22,1.74,1.97,1.73,1.89,1038526
2025-10-23,1.96,1.97,1.83,1.9,692031
2025-10-24,1.87,1.96,1.82,1.84,656523
2025-10-27,1.75,1.8,1.65,1.7,824838
2025-10-28,1.65,1.84,1.64,1.76,502076
2025-10-29,1.82,1.95,1.76,1.86,849307
2025-10-30,1.84,1.89,1.8,1.8,344668
2025-10-31,1.8,1.8789,1.78,1.79,309460
2025-11-03,1.85,1.87,1.695,1.72,490962
2025-11-04,1.64,1.6816,1.57,1.6,747856
2025-11-05,1.64,1.65,1.51,1.6,1889955
2025-11-06,1.6,1.73,1.6,1.69,512927
2025-11-07,1.65,1.72,1.62,1.67,538849
2025-11-10,1.75,1.86,1.75,1.82,484196
2025-11-11,1.84,1.84,1.7,1.74,369523
2025-11-12,1.78,1.84,1.73,1.77,1317024
2025-11-13,1.81,1.81,1.63,1.71,656750
2025-11-14,1.64,1.6885,1.59,1.66,365357
2025-11-17,1.62,1.735,1.59,1.61,547558
2025-11-18,1.63,1.67,1.52,1.59,497659
2025-11-19,1.61,1.725,1.5901,1.62,448734
2025-11-20,1.64,1.68,1.4501,1.5,1154782
2025-11-21,1.5,1.5,1.43,1.47,326437
2025-11-24,1.47,1.685,1.47,1.67,939351
2025-11-25,1.69,1.75,1.605,1.67,569204
2025-11-26,1.69,1.82,1.69,1.78,364463
2025-11-28,1.83,1.9779,1.795,1.94,744022
2025-12-01,2.02,2.061,1.9022,1.94,923061
2025-12-02,1.88,1.92,1.8201,1.87,365257
2025-12-03,1.89,1.8999,1.74,1.79,605137
2025-12-04,1.75,1.775,1.71,1.74,561149
2025-12-05,1.76,1.84,1.72,1.74,689334
2025-12-08,1.77,1.79,1.695,1.72,293986
2025-12-09,1.71,1.88,1.6955,1.86,815480
2025-12-10,1.88,1.89,1.76,1.84,583203
2025-12-11,1.84,2.22,1.81,2.11,2208802
2025-12-12,2.22,2.25,2.01,2.1,905033
2025-12-15,2.17,2.18,1.91,1.92,811606
2025-12-16,1.93,1.9799,1.835,1.88,520235
2025-12-17,1.93,1.96,1.87,1.91,546524
2025-12-18,1.91,1.96,1.855,1.9,293271
2025-12-19,1.91,2.0999,1.91,2.06,903735
2025-12-22,2.11,2.18,1.98,1.98,1039670
2025-12-23,2.06,2.08,1.92,2.08,790777
2025-12-24,2.06,2.0775,1.94,2.01,488848
2025-12-26,2.04,2.13,1.995,2.08,671773
2025-12-29,1.96,1.9772,1.85005,1.89,632369
2025-12-30,1.88,1.91,1.8,1.86,448652
2025-12-31,1.85,2.06,1.845,1.86,796916
2026-01-02,1.93,1.98,1.8,1.89,497215
2026-01-05,1.96,2.05,1.85,1.92,732164
2026-01-06,1.98,2.205,1.96,2.19,1476343
2026-01-07,2.1,2.19,2.005,2.17,897401
2026-01-08,2.08,2.16,2.04,2.16,696811
2026-01-09,2.17,2.22,2.09,2.12,701889
2026-01-12,2.24,2.39,2.17,2.34,1728757
2026-01-13,2.39,2.39,2.225,2.29,1028848
2026-01-14,2.35,2.37,2.16,2.21,579608
2026-01-15,2.18,2.23,2.16,2.19,336337
2026-01-16,2.17,2.26,2.07,2.26,576421
2026-01-20,2.37,2.39,2.255,2.33,805885
2026-01-21,2.41,2.415,2.3,2.38,858571
2026-01-22,2.38,2.58,2.37,2.44,1613804
2026-01-23,2.35,2.565,2.15,2.54,7391858
2026-01-26,2.88,2.88,2.39,2.46,4287072
2026-01-27,2.52,2.875,2.35,2.87,3679979
2026-01-28,3.1,3.6499,2.72,3.08,8500735
2026-01-29,3.29,3.34,2.76,2.99,3797584
2026-01-30,2.79,2.93,2.55,2.61,6449971
2026-02-02,2.81,3.0,2.405,2.46,3544295
2026-02-03,2.75,2.7573,2.492,2.68,3352300
2026-02-04,2.8,2.84,2.4101,2.59,3472947
2026-02-05,2.43,2.59,2.24,2.27,2278070
2026-02-06,2.39,2.57,2.32,2.57,1882913
2026-02-09,2.62,2.6652,2.49,2.65,1556770
2026-02-10,2.67,2.67,2.515,2.64,1173402
2026-02-11,2.7,2.79,2.5499,2.77,1763474
2026-02-12,2.75,2.75,2.39,2.42,1894822
2026-02-13,2.47,2.54,2.411,2.49,1294477
2026-02-17,2.39,2.49,2.195,2.49,2998777
2026-02-18,2.48,2.56,2.42,2.45,876478
2026-02-19,2.43,2.57,2.4,2.57,795435
2026-02-20,2.56,2.74,2.54,2.69,1856502
2026-02-23,2.77,2.98,2.68,2.88,2569081
2026-02-24,2.77,3.0137,2.76,2.97,1266135
2026-02-25,3.02,3.34,2.91,3.24,3683565
2026-02-26,3.21,3.405,3.05,3.35,2627196
2026-02-27,3.39,3.6195,3.25,3.51,2903202
2026-03-02,3.55,3.61,3.3,3.61,2433961
2026-03-03,3.33,3.38,3.08,3.2,2148291
2026-03-04,3.31,3.49,3.2,3.31,1238741
2026-03-05,3.22,3.25,2.92,3.01,2392820
2026-03-06,2.98,3.15,2.9408,3.05,1034188
2026-03-09,2.9,2.99,2.65,2.88,1701044
2026-03-10,2.88,3.09,2.88,3.02,1342886
2026-03-11,2.95,2.95,2.77,2.93,939840
2026-03-12,2.87,2.9796,2.72,2.78,1139596
2026-03-13,2.75,2.83,2.5,2.57,1339888
2026-03-16,2.55,2.62,2.43,2.53,1722379
2026-03-17,2.51,2.57,2.371,2.39,1237354
2026-03-18,2.31,2.35,2.15,2.19,1317816
2026-03-19,2.05,2.12,1.92,2.05,2063015
2026-03-20,2.04,2.05,1.89,1.98,2439737
2026-03-23,1.95,2.1,1.93,2.04,1580591
2026-03-24,2.03,2.115,1.98,2.08,995795
2026-03-25,2.21,2.28,2.13,2.16,1172056
2026-03-26,2.11,2.19,2.03,2.06,744110
2026-03-27,2.03,2.18,2.01,2.11,895233
2026-03-30,2.2,2.2,2.03,2.09,1045105
2026-03-31,2.18,2.3,2.13,2.3,964744
2026-04-01,2.38,2.515,2.31,2.39,1165836
2026-04-02,2.17,2.375,2.1666,2.34,1103125
2026-04-06,2.35,2.39,2.31,2.35,574619
2026-04-07,2.36,2.36,2.255,2.33,784837
2026-04-08,2.54,2.5761,2.35,2.46,1377243
2026-04-09,2.48,2.65,2.46,2.64,955998
2026-04-10,2.67,2.68,2.55,2.6,897583
2026-04-13,2.57,2.5725,2.435,2.52,1414967
2026-04-14,2.63,2.64,2.55,2.57,703010
2026-04-15,2.57,2.61,2.505,2.56,797460
2026-04-16,2.6,2.655,2.54,2.56,1117161
2026-04-17,2.63,2.775,2.6,2.62,1054972
2026-04-20,2.6,2.61,2.52,2.58,830894
2026-04-21,2.75,2.77,2.5,2.52,1501714
2026-04-22,2.63,2.725,2.53,2.63,1887192
2026-04-23,2.6,2.67,2.455,2.53,1134574
2026-04-24,2.57,2.64,2.48,2.63,1513283
2026-04-27,2.61,2.61,2.42,2.46,1144534
2026-04-28,2.4,2.4254,2.265,2.28,1010213
2026-04-29,2.31,2.315,2.18,2.26,1014323
2026-04-30,2.36,2.42,2.275,2.35,1315593
2026-05-01,2.34,2.38,2.29,2.35,827166
2026-05-04,2.33,2.39,2.3,2.32,1534872
2026-05-05,2.37,2.37,2.255,2.26,989217
2026-05-06,2.5,2.56,2.39,2.51,1222674
2026-05-07,2.56,2.7,2.505,2.55,1410460
2026-05-08,2.57,2.64,2.5,2.54,721490
2026-05-11,2.65,2.88,2.615,2.83,2085701
2026-05-12,2.8,2.8897,2.62,2.84,1093210
2026-05-13,2.82,2.895,2.68,2.79,708892
2026-05-14,2.75,2.78,2.62,2.67,649868
2026-05-15,2.56,2.57,2.42,2.49,970711
2026-05-18,2.5,2.55,2.35,2.38,1150190
2026-05-19,2.32,2.39,2.28,2.35,1635576
2026-05-20,2.36,2.48,2.35,2.44,684002
2026-05-21,2.39,2.49,2.35,2.48,719127
2026-05-22,2.46,2.4664,2.38,2.39,486442
2026-05-26,2.43,2.49,2.41,2.48,616164
2026-05-27,2.4,2.546,2.39,2.51,1112003
2026-05-28,2.5,2.59,2.415,2.54,616570
2026-05-29,2.56,2.74,2.5,2.71,934991
2026-06-01,2.63,2.65,2.495,2.62,877418
2026-06-02,2.66,2.6898,2.575,2.64,658406
2026-06-03,2.61,2.61,2.47,2.48,362264
2026-06-04,2.51,2.55,2.4529,2.49,487935
2026-06-05,2.4,2.45,2.09,2.1,1224828
2026-06-08,2.12,2.18,2.1,2.12,617511
2026-06-09,2.15,2.18,1.95,2.06,1503663
2026-06-10,1.94,2.045,1.885,1.89,1094725
2026-06-11,1.92,2.05,1.89,2.05,1252410
2026-06-12,2.05,2.12,2.015,2.09,730052
2026-06-15,2.28,2.34,2.24,2.25,820872
2026-06-16,2.25,2.37,2.25,2.32,759282
2026-06-17,2.34,2.395,2.21,2.21,602418
2026-06-18,2.24,2.308,2.17,2.21,896371
