date,open,high,low,close,volume,splitfactor,divcash
2000-01-03,17.38,17.5,16.62,16.69,170200,1.0,0.0
2000-01-04,16.5,16.63,15.88,16.5,243800,1.0,0.0
2000-01-05,16.63,16.75,16.0,16.5,166200,1.0,0.0
2000-01-06,16.31,18.75,16.31,17.38,291600,1.0,0.0
2000-01-07,18.0,18.19,17.63,17.94,655500,1.0,0.0
2000-01-10,18.25,18.25,17.75,17.81,291600,1.0,0.0
2000-01-11,17.88,18.06,17.69,17.81,485900,1.0,0.0
2000-01-12,18.0,18.25,17.75,17.81,229600,1.0,0.0
2000-01-13,17.81,18.63,17.81,18.56,255900,1.0,0.0
2000-01-14,18.75,19.19,18.5,18.75,331000,1.0,0.0
2000-01-18,18.75,19.38,18.19,19.0,286600,1.0,0.0
2000-01-19,19.13,21.25,19.06,20.75,849900,1.0,0.0
2000-01-20,22.0,22.31,20.13,20.13,623200,1.0,0.0
2000-01-21,21.0,21.0,19.75,20.63,773300,1.0,0.0
2000-01-24,21.13,21.88,20.75,21.19,326800,1.0,0.0
2000-01-25,21.25,21.63,19.5,20.31,430600,1.0,0.0
2000-01-26,20.31,21.63,20.19,21.25,306800,1.0,0.0
2000-01-27,22.0,22.0,20.25,20.31,264400,1.0,0.0
2000-01-28,18.5,20.25,18.5,19.19,187700,1.0,0.0
2000-01-31,19.44,19.94,18.81,19.13,188100,1.0,0.0
2000-02-01,18.88,19.81,18.69,19.75,72500,1.0,0.0
2000-02-02,19.5,19.63,19.0,19.19,220300,1.0,0.0
2000-02-03,19.5,19.5,18.38,19.25,90600,1.0,0.0
2000-02-04,20.25,20.25,18.94,18.94,163200,1.0,0.0
2000-02-07,19.0,19.19,18.13,18.5,111900,1.0,0.0
2000-02-08,18.75,18.94,17.69,17.69,174100,1.0,0.0
2000-02-09,17.75,18.0,16.75,17.06,568100,1.0,0.0
2000-02-10,16.94,17.63,16.5,16.88,365300,1.0,0.0
2000-02-11,16.81,17.0,15.88,16.31,372900,1.0,0.0
2000-02-14,16.56,16.75,15.5,15.75,473800,1.0,0.0
2000-02-15,15.94,17.5,15.75,17.25,455000,1.0,0.0
2000-02-16,17.38,17.44,16.81,16.81,133000,1.0,0.0
2000-02-17,16.75,17.0,16.69,16.81,148700,1.0,0.0
2000-02-18,16.75,16.88,16.0,16.38,251600,1.0,0.0
2000-02-22,15.0,16.38,15.0,16.06,707000,1.0,0.0
2000-02-23,15.81,16.38,15.63,16.38,227400,1.0,0.0
2000-02-24,16.13,16.63,16.0,16.56,345100,1.0,0.0
2000-02-25,16.81,16.81,16.19,16.44,252700,1.0,0.0
2000-02-28,16.44,16.44,15.19,15.88,334000,1.0,0.0
2000-02-29,15.75,16.38,15.38,15.63,514300,1.0,0.0
2000-03-01,15.56,16.0,15.25,15.5,225600,1.0,0.0
2000-03-02,15.13,15.19,14.75,15.0,606600,1.0,0.0
2000-03-03,15.0,15.0,14.25,14.94,309300,1.0,0.0
2000-03-06,14.94,15.0,14.75,15.0,296800,1.0,0.0
2000-03-07,15.0,15.0,14.44,14.5,408600,1.0,0.0
2000-03-08,14.25,14.56,13.75,13.94,569000,1.0,0.0
2000-03-09,13.94,14.63,13.88,14.5,260600,1.0,0.0
2000-03-10,14.63,15.0,14.5,14.56,230500,1.0,0.0
2000-03-13,14.44,14.94,14.38,14.5,90600,1.0,0.0
2000-03-14,14.5,14.5,13.81,13.81,199900,1.0,0.0
2000-03-15,13.88,13.88,13.44,13.75,403700,1.0,0.0
2000-03-16,13.88,14.75,13.75,14.38,611200,1.0,0.0
2000-03-17,14.38,14.88,13.69,13.75,459000,1.0,0.0
2000-03-20,14.0,14.5,13.94,14.13,444300,1.0,0.0
2000-03-21,14.63,15.31,14.44,14.88,599300,1.0,0.0
2000-03-22,15.0,15.06,14.5,14.81,136300,1.0,0.0
2000-03-23,14.69,14.81,14.19,14.81,195600,1.0,0.0
2000-03-24,14.75,15.69,14.75,15.13,341000,1.0,0.0
2000-03-27,15.13,15.56,15.13,15.19,233900,1.0,0.0
2000-03-28,15.38,15.5,14.56,14.94,125700,1.0,0.0
2000-03-29,15.0,15.0,14.13,14.75,186900,1.0,0.0
2000-03-30,14.63,16.0,14.56,15.75,314500,1.0,0.0
2000-03-31,15.75,17.31,15.63,17.25,475900,1.0,0.0
2000-04-03,17.0,17.19,16.19,16.38,215500,1.0,0.0
2000-04-04,16.5,16.63,15.0,15.94,287000,1.0,0.0
2000-04-05,15.75,16.19,15.69,15.69,97300,1.0,0.0
2000-04-06,15.69,15.81,15.13,15.25,235500,1.0,0.0
2000-04-07,15.31,15.38,14.88,15.0,545500,1.0,0.0
2000-04-10,14.94,14.94,14.56,14.56,265000,1.0,0.0
2000-04-11,14.69,14.88,14.25,14.5,139700,1.0,0.0
2000-04-12,14.69,14.69,14.0,14.06,389400,1.0,0.0
2000-04-13,14.5,15.25,14.25,14.88,570000,1.0,0.0
2000-04-14,14.25,14.69,13.81,14.38,299000,1.0,0.0
2000-04-17,14.5,14.81,14.06,14.81,249000,1.0,0.0
2000-04-18,14.5,15.0,14.38,14.75,277900,1.0,0.0
2000-04-19,14.75,14.75,14.38,14.5,185200,1.0,0.0
2000-04-20,14.5,14.75,14.31,14.63,168800,1.0,0.0
2000-04-24,14.88,14.88,13.88,13.88,115100,1.0,0.0
2000-04-25,14.13,14.13,13.75,14.13,118500,1.0,0.0
2000-04-26,14.06,14.06,13.56,13.75,163100,1.0,0.0
2000-04-27,13.75,13.88,13.38,13.81,429600,1.0,0.0
2000-04-28,13.94,13.94,13.44,13.5,130400,1.0,0.0
2000-05-01,13.63,14.75,13.56,14.0,163300,1.0,0.0
2000-05-02,14.0,14.13,13.0,13.56,3514400,1.0,0.0
2000-05-03,13.56,13.56,13.0,13.25,133600,1.0,0.0
2000-05-04,13.44,13.63,13.31,13.38,177900,1.0,0.0
2000-05-05,13.5,13.5,13.31,13.44,194100,1.0,0.0
2000-05-08,13.31,13.94,13.31,13.81,72200,1.0,0.0
2000-05-09,13.69,14.31,13.69,14.0,173900,1.0,0.0
2000-05-10,13.94,14.0,13.88,13.94,163600,1.0,0.0
2000-05-11,13.94,14.38,13.88,13.88,220900,1.0,0.0
2000-05-12,13.88,14.0,13.69,13.94,48100,1.0,0.0
2000-05-15,13.81,14.25,13.81,14.19,53800,1.0,0.0
2000-05-16,14.19,14.94,14.13,14.56,164800,1.0,0.0
2000-05-17,14.69,15.25,14.56,14.88,428900,1.0,0.0
2000-05-18,15.0,15.0,14.44,14.56,238000,1.0,0.0
2000-05-19,14.63,14.94,14.13,14.44,126600,1.0,0.0
2000-05-22,14.5,14.63,13.88,14.06,193500,1.0,0.0
2000-05-23,14.19,15.5,14.19,15.06,494900,1.0,0.0
2000-05-24,15.31,16.38,15.19,16.06,644600,1.0,0.0
2000-05-25,16.38,16.94,16.25,16.69,363800,1.0,0.0
2000-05-26,16.63,16.88,16.38,16.69,613600,1.0,0.0
2000-05-30,16.69,16.94,16.44,16.44,252600,1.0,0.0
2000-05-31,16.31,16.31,16.0,16.19,314500,1.0,0.0
2000-06-01,16.13,16.56,16.0,16.06,203200,1.0,0.0
2000-06-02,16.25,16.56,16.0,16.06,436400,1.0,0.0
2000-06-05,15.88,16.38,15.88,16.0,173500,1.0,0.0
2000-06-06,16.0,16.75,16.0,16.38,176100,1.0,0.0
2000-06-07,16.44,17.0,16.19,17.0,374300,1.0,0.0
2000-06-08,16.56,17.19,16.56,17.06,443000,1.0,0.0
2000-06-09,17.06,17.75,17.06,17.63,438200,1.0,0.0
2000-06-12,17.56,18.13,17.56,18.06,370600,1.0,0.0
2000-06-13,18.06,19.13,18.06,19.06,472900,1.0,0.0
2000-06-14,19.06,19.75,19.06,19.69,347600,1.0,0.0
2000-06-15,19.56,19.94,17.88,18.19,539500,1.0,0.0
2000-06-16,18.13,18.75,18.13,18.31,755300,1.0,0.0
2000-06-19,18.5,18.81,18.5,18.81,263300,1.0,0.0
2000-06-20,18.88,19.06,18.81,19.06,141300,1.0,0.0
2000-06-21,19.06,19.13,18.94,19.13,176000,1.0,0.0
2000-06-22,19.13,19.63,18.5,18.5,457200,1.0,0.0
2000-06-23,18.5,18.56,18.0,18.5,278100,1.0,0.0
2000-06-26,18.44,18.81,18.25,18.38,154800,1.0,0.0
2000-06-27,18.25,18.56,17.38,18.0,236100,1.0,0.0
2000-06-28,18.0,18.44,16.88,18.44,232700,1.0,0.0
2000-06-29,18.0,18.5,17.88,18.44,190900,1.0,0.0
2000-06-30,18.56,19.0,17.0,17.13,705900,1.0,0.0
2000-07-03,17.38,18.94,17.38,18.63,217900,1.0,0.0
2000-07-05,18.56,18.56,17.63,17.81,308300,1.0,0.0
2000-07-06,17.81,17.81,17.0,17.38,742100,1.0,0.0
2000-07-07,17.38,18.13,17.38,18.0,176900,1.0,0.0
2000-07-10,18.06,18.38,18.06,18.19,277100,1.0,0.0
2000-07-11,18.06,18.06,17.63,18.0,186100,1.0,0.0
2000-07-12,18.19,18.94,17.88,18.69,178400,1.0,0.0
2000-07-13,18.69,19.56,18.5,19.38,562800,1.0,0.0
2000-07-14,19.44,19.69,19.25,19.69,270400,1.0,0.0
2000-07-17,19.81,19.88,19.31,19.69,121300,1.0,0.0
2000-07-18,19.44,19.5,19.0,19.25,211800,1.0,0.0
2000-07-19,19.25,19.25,19.0,19.0,31700,1.0,0.0
2000-07-20,19.0,19.88,19.0,19.81,153600,1.0,0.0
2000-07-21,19.81,19.81,19.56,19.56,129100,1.0,0.0
2000-07-24,19.56,19.63,19.25,19.38,120400,1.0,0.0
2000-07-25,19.38,19.81,19.0,19.0,232300,1.0,0.0
2000-07-26,19.0,19.25,19.0,19.06,214100,1.0,0.0
2000-07-27,19.63,19.63,19.13,19.13,190600,1.0,0.0
2000-07-28,19.13,19.88,19.13,19.88,272400,1.0,0.0
2000-07-31,20.0,20.63,19.94,20.63,238200,1.0,0.0
2000-08-01,20.63,20.88,20.38,20.75,135500,1.0,0.0
2000-08-02,21.0,21.25,20.81,21.06,215200,1.0,0.0
2000-08-03,21.06,21.25,20.81,21.19,134800,1.0,0.0
2000-08-04,21.25,21.63,21.13,21.56,214200,1.0,0.0
2000-08-07,21.75,22.25,21.38,22.25,257700,1.0,0.0
2000-08-08,22.19,22.56,21.81,22.56,186500,1.0,0.0
2000-08-09,22.56,22.75,22.38,22.56,229400,1.0,0.0
2000-08-10,22.5,22.5,21.13,21.5,165200,1.0,0.0
2000-08-11,21.25,21.25,20.5,20.56,300200,1.0,0.0
2000-08-14,20.63,20.81,20.44,20.56,134200,1.0,0.0
2000-08-15,20.69,20.69,20.0,20.56,124500,1.0,0.0
2000-08-16,20.44,20.56,20.25,20.44,48700,1.0,0.0
2000-08-17,20.31,20.44,20.06,20.06,92300,1.0,0.0
2000-08-18,20.06,20.13,19.88,20.0,111800,1.0,0.0
2000-08-21,20.0,20.31,19.25,20.31,191700,1.0,0.0
2000-08-22,20.06,20.38,20.0,20.38,61300,1.0,0.0
2000-08-23,20.13,20.19,19.5,20.0,213900,1.0,0.0
2000-08-24,19.75,19.88,18.63,18.81,600700,1.0,0.0
2000-08-25,18.63,19.06,18.63,19.06,121700,1.0,0.0
2000-08-28,19.13,19.5,19.06,19.44,112800,1.0,0.0
2000-08-29,19.5,19.5,19.19,19.25,33400,1.0,0.0
2000-08-30,19.38,20.63,19.13,20.63,154200,1.0,0.0
2000-08-31,20.5,21.0,20.5,20.75,128600,1.0,0.0
2000-09-01,20.63,20.75,20.13,20.44,262400,1.0,0.0
2000-09-05,21.06,21.13,20.31,21.13,227100,1.0,0.0
2000-09-06,21.06,21.5,20.5,20.75,85900,1.0,0.0
2000-09-07,20.75,20.88,20.31,20.53,48800,1.0,0.0
2000-09-08,20.69,20.69,20.06,20.41,132900,1.0,0.0
2000-09-11,20.44,21.25,20.31,20.75,153000,1.0,0.0
2000-09-12,20.5,20.75,20.0,20.13,106300,1.0,0.0
2000-09-13,20.06,21.0,19.88,20.94,576300,1.0,0.0
2000-09-14,20.81,21.75,20.81,21.75,249000,1.0,0.0
2000-09-15,21.5,21.69,21.06,21.69,135800,1.0,0.0
2000-09-18,21.38,21.38,20.69,20.69,98500,1.0,0.0
2000-09-19,20.81,21.0,20.75,20.81,93900,1.0,0.0
2000-09-20,21.0,21.0,20.75,20.75,142600,1.0,0.0
2000-09-21,20.81,21.0,20.13,20.31,269600,1.0,0.0
2000-09-22,20.06,20.19,19.94,20.0,105200,1.0,0.0
2000-09-25,21.25,22.5,21.25,22.44,911200,1.0,0.0
2000-09-26,22.44,22.69,22.0,22.25,555900,1.0,0.0
2000-09-27,22.5,23.06,22.25,23.0,538700,1.0,0.0
2000-09-28,23.25,24.19,22.94,23.63,5205700,1.0,0.0
2000-09-29,23.63,24.19,23.19,24.13,464700,1.0,0.0
2000-10-02,23.69,24.06,23.69,23.69,422800,1.0,0.0
2000-10-03,23.88,24.31,23.75,24.31,361700,1.0,0.0
2000-10-04,24.06,24.13,23.56,23.63,313100,1.0,0.0
2000-10-05,23.63,24.0,23.38,23.94,199600,1.0,0.0
2000-10-06,23.94,24.0,23.5,23.56,204900,1.0,0.0
2000-10-09,23.31,23.5,23.25,23.38,233800,1.0,0.0
2000-10-10,23.38,23.94,23.38,23.5,224000,1.0,0.0
2000-10-11,23.25,23.44,22.69,22.69,186700,1.0,0.0
2000-10-12,22.69,22.75,20.31,21.56,461900,1.0,0.0
2000-10-13,21.56,22.19,21.13,21.75,339400,1.0,0.0
2000-10-16,21.63,22.06,21.06,21.75,443100,1.0,0.0
2000-10-17,21.5,21.56,19.5,19.75,611900,1.0,0.0
2000-10-18,19.38,19.88,19.19,19.69,344500,1.0,0.0
2000-10-19,19.75,20.31,19.75,20.19,143100,1.0,0.0
2000-10-20,20.19,20.94,20.06,20.38,205800,1.0,0.0
2000-10-23,20.44,20.44,20.19,20.31,82400,1.0,0.0
2000-10-24,20.19,20.19,19.5,20.13,152900,1.0,0.0
2000-10-25,20.13,20.13,19.69,19.81,82800,1.0,0.0
2000-10-26,19.75,19.88,18.44,18.81,247900,1.0,0.0
2000-10-27,18.56,20.5,17.5,18.56,648600,1.0,0.0
2000-10-30,18.31,19.44,17.69,19.38,440200,1.0,0.0
2000-10-31,19.31,21.56,19.31,21.5,400600,1.0,0.0
2000-11-01,20.88,20.94,20.31,20.38,523200,1.0,0.0
2000-11-02,20.44,20.5,20.13,20.38,168100,1.0,0.0
2000-11-03,20.13,20.13,18.5,19.0,346500,1.0,0.0
2000-11-06,19.0,19.13,18.63,18.94,238400,1.0,0.0
2000-11-07,18.94,18.94,18.56,18.63,86100,1.0,0.0
2000-11-08,18.69,19.63,18.63,19.56,261700,1.0,0.0
2000-11-09,19.38,19.5,18.25,18.44,140200,1.0,0.0
2000-11-10,18.44,19.0,17.69,18.31,142200,1.0,0.0
2000-11-13,18.13,18.19,17.88,17.94,122200,1.0,0.0
2000-11-14,18.0,18.13,17.81,17.88,151500,1.0,0.0
2000-11-15,17.94,18.69,17.81,18.56,199900,1.0,0.0
2000-11-16,18.63,18.63,17.63,17.69,106300,1.0,0.0
2000-11-17,17.88,18.19,17.81,17.94,84000,1.0,0.0
2000-11-20,17.94,18.0,17.0,17.06,64900,1.0,0.0
2000-11-21,17.06,17.19,16.63,16.63,141700,1.0,0.0
2000-11-22,16.63,16.63,15.75,15.81,195600,1.0,0.0
2000-11-24,15.81,16.5,15.81,16.31,118700,1.0,0.0
2000-11-27,16.5,16.63,16.25,16.38,228400,1.0,0.0
2000-11-28,16.38,16.38,15.5,15.94,269700,1.0,0.0
2000-11-29,15.69,15.69,15.19,15.38,284000,1.0,0.0
2000-11-30,15.38,15.81,15.25,15.56,475600,1.0,0.0
2000-12-01,15.75,16.81,15.75,16.56,265600,1.0,0.0
2000-12-04,16.56,16.56,15.63,15.63,194900,1.0,0.0
2000-12-05,15.69,17.13,15.69,17.06,237500,1.0,0.0
2000-12-06,17.06,17.06,16.5,16.5,140600,1.0,0.0
2000-12-07,16.56,16.81,16.44,16.56,107200,1.0,0.0
2000-12-08,16.69,18.0,16.69,18.0,358900,1.0,0.0
2000-12-11,18.0,18.0,17.69,17.81,233200,1.0,0.0
2000-12-12,17.88,18.75,17.81,18.25,380000,1.0,0.0
2000-12-13,18.25,18.25,17.13,17.13,229600,1.0,0.0
2000-12-14,17.31,17.31,16.25,16.56,220200,1.0,0.0
2000-12-15,16.13,16.38,16.0,16.25,350000,1.0,0.0
2000-12-18,14.75,14.94,12.56,12.75,1670300,1.0,0.0
2000-12-19,12.75,14.19,12.0,12.88,1415500,1.0,0.0
2000-12-20,12.75,13.0,11.94,12.19,1359600,1.0,0.0
2000-12-21,12.31,12.63,11.69,12.0,583600,1.0,0.0
2000-12-22,12.13,12.75,11.88,12.44,399100,1.0,0.0
2000-12-26,12.56,12.88,12.44,12.5,216800,1.0,0.0
2000-12-27,12.56,13.5,12.38,13.5,259800,1.0,0.0
2000-12-28,13.31,14.44,13.31,14.31,728200,1.0,0.0
2000-12-29,14.25,14.38,13.13,13.44,393400,1.0,0.0
2001-01-02,13.31,13.94,13.13,13.19,467000,1.0,0.0
2001-01-03,13.38,14.31,12.75,14.31,1509300,1.0,0.0
2001-01-04,14.5,15.19,14.38,14.88,676600,1.0,0.0
2001-01-05,14.81,14.94,14.75,14.75,849900,1.0,0.0
2001-01-08,14.75,15.19,14.75,14.94,461800,1.0,0.0
2001-01-09,14.94,15.13,14.63,14.69,238100,1.0,0.0
2001-01-10,14.75,15.19,14.63,15.19,171800,1.0,0.0
2001-01-11,15.19,15.19,14.75,14.81,430900,1.0,0.0
2001-01-12,14.81,15.0,14.56,14.88,221000,1.0,0.0
2001-01-16,15.06,16.0,14.81,16.0,561500,1.0,0.0
2001-01-17,15.88,16.13,15.5,15.81,185900,1.0,0.0
2001-01-18,15.56,15.69,15.13,15.19,110000,1.0,0.0
2001-01-19,15.25,15.5,15.0,15.31,233600,1.0,0.0
2001-01-22,15.19,15.63,14.94,15.56,266500,1.0,0.0
2001-01-23,15.31,16.13,15.31,16.13,303800,1.0,0.0
2001-01-24,16.38,16.88,15.88,15.94,232100,1.0,0.0
2001-01-25,15.81,16.56,15.63,16.56,72400,1.0,0.0
2001-01-26,16.44,16.94,16.41,16.94,135400,1.0,0.0
2001-01-29,16.7,17.6,16.7,17.47,135800,1.0,0.0
2001-01-30,17.47,18.35,17.3,18.18,239300,1.0,0.0
2001-01-31,18.01,18.1,16.9,17.29,222500,1.0,0.0
2001-02-01,17.49,17.49,16.46,17.29,127300,1.0,0.0
2001-02-02,17.54,17.59,16.3,16.81,175200,1.0,0.0
2001-02-05,16.7,17.02,16.5,17.0,64900,1.0,0.0
2001-02-06,16.9,17.29,16.8,17.05,157000,1.0,0.0
2001-02-07,16.9,17.34,16.7,17.16,132000,1.0,0.0
2001-02-08,17.17,17.51,17.0,17.39,102300,1.0,0.0
2001-02-09,17.3,17.75,17.2,17.34,257100,1.0,0.0
2001-02-12,17.39,17.88,17.18,17.88,105700,1.0,0.0
2001-02-13,17.7,18.8,17.7,18.66,214100,1.0,0.0
2001-02-14,18.66,18.79,16.91,16.93,415200,1.0,0.0
2001-02-15,16.9,17.95,16.9,17.89,190900,1.0,0.0
2001-02-16,17.4,17.4,17.15,17.26,219600,1.0,0.0
2001-02-20,17.21,17.46,16.91,16.95,169900,1.0,0.0
2001-02-21,17.2,17.2,16.8,16.98,106500,1.0,0.0
2001-02-22,16.91,17.35,16.8,16.82,220000,1.0,0.0
2001-02-23,16.8,17.0,16.1,17.0,207200,1.0,0.0
2001-02-26,17.0,17.14,16.81,16.99,392700,1.0,0.0
2001-02-27,16.99,17.0,16.22,16.28,487400,1.0,0.0
2001-02-28,16.43,17.21,16.43,17.11,432900,1.0,0.0
2001-03-01,17.06,17.29,16.7,17.09,182300,1.0,0.0
2001-03-02,17.05,18.15,17.05,17.9,429300,1.0,0.0
2001-03-05,17.75,17.99,17.2,17.2,472100,1.0,0.0
2001-03-06,17.38,17.65,17.22,17.37,540900,1.0,0.0
2001-03-07,18.0,18.1,17.35,17.49,619400,1.0,0.0
2001-03-08,17.8,18.3,17.65,18.28,539700,1.0,0.0
2001-03-09,17.75,19.73,17.62,19.44,500600,1.0,0.0
2001-03-12,19.19,19.35,18.6,18.67,308600,1.0,0.0
2001-03-13,18.42,19.71,18.42,19.43,435900,1.0,0.0
2001-03-14,19.15,19.16,18.44,18.45,208900,1.0,0.0
2001-03-15,18.67,18.76,18.0,18.0,231200,1.0,0.0
2001-03-16,18.25,18.3,17.54,17.54,280200,1.0,0.0
2001-03-19,17.7,17.9,17.25,17.25,374000,1.0,0.0
2001-03-20,17.4,17.59,17.0,17.01,546700,1.0,0.0
2001-03-21,16.8,16.81,16.17,16.18,186800,1.0,0.0
2001-03-22,16.4,16.4,15.9,16.02,306800,1.0,0.0
2001-03-23,16.03,16.55,16.02,16.49,346800,1.0,0.0
2001-03-26,16.25,16.85,16.15,16.22,174700,1.0,0.0
2001-03-27,16.47,17.02,16.3,17.0,292000,1.0,0.0
2001-03-28,16.6,16.95,16.3,16.35,241700,1.0,0.0
2001-03-29,16.55,16.6,15.98,15.98,250800,1.0,0.0
2001-03-30,15.95,16.33,15.61,16.33,695300,1.0,0.0
2001-04-02,16.33,16.46,15.68,15.78,212200,1.0,0.0
2001-04-03,16.0,16.0,15.06,15.26,284100,1.0,0.0
2001-04-04,15.26,15.41,15.15,15.19,124500,1.0,0.0
2001-04-05,15.45,17.12,15.4,16.94,303000,1.0,0.0
2001-04-06,16.5,16.75,15.73,16.48,256700,1.0,0.0
2001-04-09,16.48,17.6,16.48,16.99,393600,1.0,0.0
2001-04-10,17.08,17.7,17.0,17.69,226900,1.0,0.0
2001-04-11,17.6,17.92,17.49,17.92,305400,1.0,0.0
2001-04-12,17.7,18.0,17.45,17.64,206100,1.0,0.0
2001-04-16,17.7,17.7,17.2,17.22,100700,1.0,0.0
2001-04-17,17.35,17.89,17.2,17.89,564900,1.0,0.0
2001-04-18,17.64,19.17,17.64,19.01,407900,1.0,0.0
2001-04-19,19.0,19.25,18.44,18.53,243300,1.0,0.0
2001-04-20,18.53,18.54,17.7,18.25,150700,1.0,0.0
2001-04-23,18.25,18.49,18.05,18.06,110800,1.0,0.0
2001-04-24,18.08,18.09,17.5,17.7,185700,1.0,0.0
2001-04-25,17.9,18.47,17.63,18.47,326800,1.0,0.0
2001-04-26,18.47,19.4,18.43,19.0,259400,1.0,0.0
2001-04-27,19.01,19.85,18.8,19.79,354000,1.0,0.0
2001-04-30,19.65,20.08,19.5,20.02,193900,1.0,0.0
2001-05-01,19.9,21.76,19.9,21.7,625100,1.0,0.0
2001-05-02,21.7,23.4,21.59,22.26,613800,1.0,0.0
2001-05-03,22.0,22.5,21.6,22.22,435200,1.0,0.0
2001-05-04,22.0,22.4,21.07,22.4,339800,1.0,0.0
2001-05-07,22.4,22.66,21.2,22.1,438400,1.0,0.0
2001-05-08,21.4,21.9,21.12,21.4,1484300,1.0,0.0
2001-05-09,21.75,21.9,21.0,21.5,473100,1.0,0.0
2001-05-10,21.75,22.2,21.75,21.81,435800,1.0,0.0
2001-05-11,21.85,21.85,21.45,21.45,449800,1.0,0.0
2001-05-14,21.49,21.49,21.2,21.28,282000,1.0,0.0
2001-05-15,21.25,21.25,20.1,20.69,1053800,1.0,0.0
2001-05-16,20.68,20.78,20.3,20.7,659200,1.0,0.0
2001-05-17,20.75,20.8,20.47,20.8,378600,1.0,0.0
2001-05-18,20.0,20.85,20.0,20.85,434300,1.0,0.0
2001-05-21,20.9,21.24,20.8,21.24,701500,1.0,0.0
2001-05-22,21.38,22.33,21.3,22.29,794500,1.0,0.0
2001-05-23,22.3,22.95,22.3,22.85,705600,1.0,0.0
2001-05-24,22.86,22.99,22.43,22.43,556400,1.0,0.0
2001-05-25,22.44,22.44,22.17,22.26,239600,1.0,0.0
2001-05-29,22.2,22.5,22.05,22.17,401400,1.0,0.0
2001-05-30,22.1,23.4,22.0,22.97,627600,1.0,0.0
2001-05-31,22.97,23.29,22.97,23.07,190800,1.0,0.0
2001-06-01,23.07,23.14,22.5,23.1,208400,1.0,0.0
2001-06-04,23.15,23.95,23.05,23.8,188900,1.0,0.0
2001-06-05,23.65,24.74,23.65,24.67,368200,1.0,0.0
2001-06-06,25.05,25.09,24.12,24.23,391700,1.0,0.0
2001-06-07,24.1,25.25,24.1,25.25,486900,1.0,0.0
2001-06-08,25.25,26.02,25.25,25.98,391600,1.0,0.0
2001-06-11,25.85,25.85,25.27,25.47,621800,1.0,0.0
2001-06-12,25.27,26.29,25.15,26.25,397200,1.0,0.0
2001-06-13,26.3,26.4,25.29,25.42,651700,1.0,0.0
2001-06-14,25.0,25.4,24.67,25.4,348900,1.0,0.0
2001-06-15,25.06,25.4,24.56,24.7,453800,1.0,0.0
2001-06-18,24.8,25.0,24.15,24.41,223000,1.0,0.0
2001-06-19,24.95,24.95,24.25,24.54,283900,1.0,0.0
2001-06-20,24.3,24.7,24.3,24.55,437400,1.0,0.0
2001-06-21,24.4,24.5,24.3,24.43,184800,1.0,0.0
2001-06-22,24.42,24.42,23.51,23.7,202200,1.0,0.0
2001-06-25,23.8,24.0,23.39,23.39,372400,1.0,0.0
2001-06-26,23.49,23.85,22.84,23.61,518600,1.0,0.0
2001-06-27,23.62,24.85,23.6,24.85,489300,1.0,0.0
2001-06-28,24.85,25.28,24.25,25.13,295700,1.0,0.0
2001-06-29,25.2,25.99,24.9,25.95,662900,1.0,0.0
2001-07-02,25.85,26.0,25.25,25.48,416600,1.0,0.0
2001-07-03,25.48,26.0,25.04,25.27,258200,1.0,0.0
2001-07-05,25.3,25.9,25.27,25.28,153700,1.0,0.0
2001-07-06,24.45,24.46,23.57,23.9,446400,1.0,0.0
2001-07-09,24.0,24.6,24.0,24.25,125200,1.0,0.0
2001-07-10,24.25,24.3,23.89,24.05,150700,1.0,0.0
2001-07-11,24.05,24.05,22.7,23.25,267000,1.0,0.0
2001-07-12,23.5,23.95,23.35,23.45,321600,1.0,0.0
2001-07-13,23.6,23.85,23.18,23.55,217500,1.0,0.0
2001-07-16,23.6,23.8,22.93,23.38,190300,1.0,0.0
2001-07-17,23.13,24.0,23.01,23.95,220800,1.0,0.0
2001-07-18,23.85,23.95,23.54,23.87,375100,1.0,0.0
2001-07-19,23.8,24.0,23.65,23.87,174800,1.0,0.0
2001-07-20,24.0,24.0,23.25,23.41,193300,1.0,0.0
2001-07-23,23.5,24.27,23.5,24.15,219800,1.0,0.0
2001-07-24,24.1,24.1,23.0,23.66,232600,1.0,0.0
2001-07-25,23.65,23.65,22.1,23.43,377200,1.0,0.0
2001-07-26,23.35,23.9,22.95,23.8,346900,1.0,0.0
2001-07-27,23.8,24.08,23.36,23.95,175900,1.0,0.0
2001-07-30,23.95,23.95,23.15,23.32,73300,1.0,0.0
2001-07-31,23.0,23.8,22.65,23.39,310200,1.0,0.0
2001-08-01,23.4,23.92,23.3,23.69,350700,1.0,0.0
2001-08-02,23.8,23.8,23.23,23.51,154000,1.0,0.0
2001-08-03,23.75,23.99,23.36,23.9,266900,1.0,0.0
2001-08-06,23.65,23.65,23.16,23.21,106500,1.0,0.0
2001-08-07,23.25,23.5,22.95,23.33,101800,1.0,0.0
2001-08-08,23.25,23.6,22.72,23.14,295600,1.0,0.0
2001-08-09,23.14,23.15,22.61,23.05,163300,1.0,0.0
2001-08-10,23.05,23.74,23.0,23.35,189900,1.0,0.0
2001-08-13,23.35,23.5,22.65,23.4,93400,1.0,0.0
2001-08-14,23.4,23.49,23.24,23.45,115800,1.0,0.0
2001-08-15,23.25,23.46,23.0,23.24,107700,1.0,0.0
2001-08-16,23.24,23.6,23.0,23.51,149200,1.0,0.0
2001-08-17,23.26,23.95,23.15,23.72,297200,1.0,0.0
2001-08-20,23.6,24.47,23.29,24.47,187200,1.0,0.0
2001-08-21,24.47,24.85,24.05,24.13,172700,1.0,0.0
2001-08-22,24.16,24.23,23.85,23.98,169900,1.0,0.0
2001-08-23,23.98,24.08,23.87,23.96,172700,1.0,0.0
2001-08-24,23.85,24.1,23.85,23.92,102100,1.0,0.0
2001-08-27,24.0,24.0,23.7,23.79,169600,1.0,0.0
2001-08-28,23.65,23.65,23.35,23.58,602300,1.0,0.0
2001-08-29,23.62,23.7,23.51,23.64,64700,1.0,0.0
2001-08-30,23.64,23.64,22.8,22.84,120700,1.0,0.0
2001-08-31,22.95,23.25,22.69,23.25,161400,1.0,0.0
2001-09-04,23.25,23.96,23.15,23.2,225100,1.0,0.0
2001-09-05,23.21,23.68,23.08,23.12,359200,1.0,0.0
2001-09-06,23.08,23.09,22.57,22.65,145300,1.0,0.0
2001-09-07,22.45,22.8,21.64,21.64,194700,1.0,0.0
2001-09-10,21.64,21.64,20.04,20.53,625900,1.0,0.0
2001-09-17,20.3,21.9,19.7,19.86,555800,1.0,0.0
2001-09-18,19.9,20.0,19.4,19.5,318800,1.0,0.0
2001-09-19,19.99,19.99,17.9,18.7,198000,1.0,0.0
2001-09-20,18.75,18.75,17.62,18.7,613800,1.0,0.0
2001-09-21,18.6,18.6,17.2,17.9,477200,1.0,0.0
2001-09-24,18.65,18.65,17.64,18.18,429500,1.0,0.0
2001-09-25,18.18,19.25,17.94,18.5,606100,1.0,0.0
2001-09-26,17.9,17.9,16.35,16.46,1148900,1.0,0.0
2001-09-27,16.4,17.2,15.3,17.15,560700,1.0,0.0
2001-09-28,17.3,18.0,17.06,17.34,427900,1.0,0.0
2001-10-01,17.35,17.7,17.02,17.1,295400,1.0,0.0
2001-10-02,17.0,17.2,16.82,16.97,226700,1.0,0.0
2001-10-03,18.9,18.9,16.75,18.67,912600,1.0,0.0
2001-10-04,19.0,19.0,18.1,18.33,471500,1.0,0.0
2001-10-05,18.3,18.3,17.6,17.76,186400,1.0,0.0
2001-10-08,17.98,17.98,17.4,17.8,152900,1.0,0.0
2001-10-09,17.96,17.96,17.0,17.85,549600,1.0,0.0
2001-10-10,17.8,19.55,17.65,19.24,263000,1.0,0.0
2001-10-11,19.24,20.5,19.24,19.5,385600,1.0,0.0
2001-10-12,19.45,19.45,18.15,18.43,273500,1.0,0.0
2001-10-15,18.5,18.92,18.13,18.75,227700,1.0,0.0
2001-10-16,18.8,19.25,18.73,19.15,85600,1.0,0.0
2001-10-17,19.15,19.7,18.1,18.11,250300,1.0,0.0
2001-10-18,17.8,18.3,17.65,17.79,158800,1.0,0.0
2001-10-19,17.79,17.94,17.0,17.71,214600,1.0,0.0
2001-10-22,17.75,18.06,17.4,17.5,232700,1.0,0.0
2001-10-23,17.55,18.07,17.34,18.0,193000,1.0,0.0
2001-10-24,18.44,18.44,17.85,18.29,152600,1.0,0.0
2001-10-25,17.6,18.78,17.2,18.72,187500,1.0,0.0
2001-10-26,18.7,19.52,18.65,19.31,187000,1.0,0.0
2001-10-29,19.45,19.5,18.57,18.65,190000,1.0,0.0
2001-10-30,18.86,18.86,18.2,18.68,317800,1.0,0.0
2001-10-31,18.69,19.0,18.16,18.25,102400,1.0,0.0
2001-11-01,18.15,18.92,18.1,18.7,84800,1.0,0.0
2001-11-02,18.7,19.16,18.61,19.05,143800,1.0,0.0
2001-11-05,18.8,19.1,18.8,18.86,90300,1.0,0.0
2001-11-06,18.86,19.0,18.6,18.6,195500,1.0,0.0
2001-11-07,19.8,19.8,18.4,19.67,329000,1.0,0.0
2001-11-08,19.75,20.79,19.75,20.54,527600,1.0,0.0
2001-11-09,20.4,20.75,20.2,20.54,134900,1.0,0.0
2001-11-12,20.4,20.6,19.9,20.41,83300,1.0,0.0
2001-11-13,19.0,20.5,19.0,20.5,871000,1.0,0.0
2001-11-14,20.65,21.45,20.42,20.55,351000,1.0,0.0
2001-11-15,20.75,21.6,20.75,21.3,384700,1.0,0.0
2001-11-16,21.31,21.74,21.25,21.63,375200,1.0,0.0
2001-11-19,21.65,21.99,21.65,21.88,190800,1.0,0.0
2001-11-20,21.83,22.0,20.7,21.05,264700,1.0,0.0
2001-11-21,21.3,21.3,20.65,20.95,174000,1.0,0.0
2001-11-23,21.25,21.25,21.0,21.2,69100,1.0,0.0
2001-11-26,21.35,21.8,20.8,21.72,175900,1.0,0.0
2001-11-27,21.8,21.93,21.25,21.7,130000,1.0,0.0
2001-11-28,22.08,22.08,21.5,21.81,216700,1.0,0.0
2001-11-29,21.81,22.1,21.65,22.02,211200,1.0,0.0
2001-11-30,22.15,22.62,21.55,21.77,467300,1.0,0.0
2001-12-03,22.06,22.06,21.65,21.84,273500,1.0,0.0
2001-12-04,21.95,23.09,21.9,22.85,568900,1.0,0.0
2001-12-05,23.1,24.02,23.0,24.0,946100,1.0,0.0
2001-12-06,24.59,24.59,23.55,24.49,383000,1.0,0.0
2001-12-07,24.98,24.98,24.3,24.44,380100,1.0,0.0
2001-12-10,23.25,23.95,23.0,23.78,384600,1.0,0.0
2001-12-11,23.78,24.5,23.7,24.48,173000,1.0,0.0
2001-12-12,24.48,24.48,23.35,23.65,325700,1.0,0.0
2001-12-13,23.65,23.65,22.85,22.85,218100,1.0,0.0
2001-12-14,23.1,23.4,22.76,22.89,245200,1.0,0.0
2001-12-17,22.95,23.2,22.8,22.8,371700,1.0,0.0
2001-12-18,22.8,23.18,22.6,22.75,314400,1.0,0.0
2001-12-19,22.85,22.91,22.39,22.74,397900,1.0,0.0
2001-12-20,22.65,23.0,22.25,22.9,218000,1.0,0.0
2001-12-21,22.4,22.95,22.4,22.7,510800,1.0,0.0
2001-12-24,22.7,22.94,22.4,22.62,177600,1.0,0.0
2001-12-26,22.8,23.0,22.47,22.87,478600,1.0,0.0
2001-12-27,22.95,23.98,22.95,23.47,775000,1.0,0.0
2001-12-28,23.65,23.88,23.2,23.38,176800,1.0,0.0
2001-12-31,23.25,23.25,22.5,22.7,236800,1.0,0.0
2002-01-02,22.62,23.04,22.25,23.02,416400,1.0,0.0
2002-01-03,23.19,23.19,22.25,22.57,343700,1.0,0.0
2002-01-04,23.4,23.4,22.75,23.1,262000,1.0,0.0
2002-01-07,23.1,23.13,22.14,22.23,175400,1.0,0.0
2002-01-08,22.45,22.98,21.92,22.87,224400,1.0,0.0
2002-01-09,22.75,23.3,22.55,22.62,239800,1.0,0.0
2002-01-10,22.62,22.98,22.33,22.85,187500,1.0,0.0
2002-01-11,22.85,23.1,22.39,22.4,151500,1.0,0.0
2002-01-14,21.3,21.31,19.3,20.05,1520300,1.0,0.0
2002-01-15,20.05,20.73,19.5,20.62,887100,1.0,0.0
2002-01-16,20.62,20.75,20.09,20.36,447200,1.0,0.0
2002-01-17,20.5,20.74,20.22,20.42,193700,1.0,0.0
2002-01-18,20.4,20.41,20.02,20.07,283100,1.0,0.0
2002-01-22,19.95,20.06,19.7,19.97,771800,1.0,0.0
2002-01-23,20.57,20.57,19.9,20.49,210300,1.0,0.0
2002-01-24,20.45,21.17,20.39,21.12,320700,1.0,0.0
2002-01-25,21.0,21.11,20.6,20.93,187100,1.0,0.0
2002-01-28,20.99,21.03,20.45,20.66,204400,1.0,0.0
2002-01-29,20.67,20.9,19.9,20.02,364100,1.0,0.0
2002-01-30,20.2,21.6,20.2,21.39,544500,1.0,0.0
2002-01-31,22.05,22.05,21.15,21.25,285200,1.0,0.0
2002-02-01,21.95,21.95,21.26,21.65,258000,1.0,0.0
2002-02-04,21.9,21.96,20.84,21.15,196500,1.0,0.0
2002-02-05,21.15,21.7,20.75,20.78,310500,1.0,0.0
2002-02-06,20.9,21.15,20.7,21.01,257700,1.0,0.0
2002-02-07,21.1,21.1,20.73,20.85,299400,1.0,0.0
2002-02-08,20.86,21.25,20.61,21.08,410400,1.0,0.0
2002-02-11,21.3,21.86,21.22,21.85,211000,1.0,0.0
2002-02-12,21.85,22.6,21.72,22.17,424300,1.0,0.0
2002-02-13,22.25,23.07,22.25,22.8,466000,1.0,0.0
2002-02-14,22.8,23.35,22.71,22.86,587200,1.0,0.0
2002-02-15,23.0,23.0,22.23,22.23,244600,1.0,0.0
2002-02-19,22.24,22.4,21.9,22.01,170500,1.0,0.0
2002-02-20,22.4,22.4,21.65,21.98,257400,1.0,0.0
2002-02-21,22.0,22.0,21.5,21.5,129900,1.0,0.0
2002-02-22,21.7,21.95,21.5,21.59,228400,1.0,0.0
2002-02-25,21.65,22.5,21.5,22.28,310600,1.0,0.0
2002-02-26,22.75,24.4,22.75,24.21,686900,1.0,0.0
2002-02-27,24.22,24.94,24.22,24.56,402000,1.0,0.0
2002-02-28,24.45,24.9,24.11,24.33,179600,1.0,0.0
2002-03-01,24.5,25.3,24.05,25.2,222900,1.0,0.0
2002-03-04,25.5,27.31,25.5,27.1,783300,1.0,0.0
2002-03-05,27.05,27.06,26.48,26.61,651600,1.0,0.0
2002-03-06,26.55,26.97,26.43,26.87,665900,1.0,0.0
2002-03-07,29.75,29.8,28.3,29.12,1543200,1.0,0.0
2002-03-08,29.05,30.71,29.0,30.32,1569200,1.0,0.0
2002-03-11,30.5,30.7,29.68,29.95,697200,1.0,0.0
2002-03-12,30.1,30.1,29.36,29.99,477500,1.0,0.0
2002-03-13,30.3,30.36,29.25,29.49,604500,1.0,0.0
2002-03-14,29.7,29.7,28.76,29.4,295100,1.0,0.0
2002-03-15,29.35,29.48,28.9,29.48,286900,1.0,0.0
2002-03-18,29.5,30.83,29.5,30.54,732000,1.0,0.0
2002-03-19,27.95,28.05,27.1,27.1,4785800,1.0,0.0
2002-03-20,26.5,26.51,25.62,26.01,2696600,1.0,0.0
2002-03-21,26.6,26.6,25.6,25.8,582800,1.0,0.0
2002-03-22,25.95,26.55,25.55,26.35,1446800,1.0,0.0
2002-03-25,26.85,27.19,26.6,26.8,1789400,1.0,0.0
2002-03-26,26.85,28.04,26.85,27.5,2095700,1.0,0.0
2002-03-27,27.5,27.65,27.35,27.5,371000,1.0,0.0
2002-03-28,27.7,27.9,27.27,27.48,804700,1.0,0.0
2002-04-01,27.9,27.9,26.8,27.09,467900,1.0,0.0
2002-04-02,27.0,27.0,26.41,26.76,360100,1.0,0.0
2002-04-03,26.75,26.86,25.77,26.05,641600,1.0,0.0
2002-04-04,26.1,26.8,26.06,26.71,1161800,1.0,0.0
2002-04-05,27.1,27.32,26.92,26.97,380400,1.0,0.0
2002-04-08,26.75,27.95,26.72,27.86,547800,1.0,0.0
2002-04-09,27.9,28.2,27.52,27.76,321000,1.0,0.0
2002-04-10,27.8,28.87,27.79,28.87,406600,1.0,0.0
2002-04-11,28.75,28.82,27.5,27.5,410600,1.0,0.0
2002-04-12,27.65,28.47,27.55,27.9,455300,1.0,0.0
2002-04-15,27.9,28.09,27.31,27.45,295600,1.0,0.0
2002-04-16,27.65,28.67,27.6,28.6,958200,1.0,0.0
2002-04-17,28.7,28.8,27.67,27.67,420900,1.0,0.0
2002-04-18,27.74,27.74,27.1,27.35,323500,1.0,0.0
2002-04-19,27.55,27.6,27.32,27.34,321100,1.0,0.0
2002-04-22,27.34,27.34,26.6,26.78,400200,1.0,0.0
2002-04-23,26.8,27.48,26.7,27.09,373700,1.0,0.0
2002-04-24,27.1,27.4,26.43,26.52,313700,1.0,0.0
2002-04-25,26.72,26.85,26.0,26.16,355500,1.0,0.0
2002-04-26,26.3,26.3,25.65,25.71,536000,1.0,0.0
2002-04-29,25.9,25.9,25.0,25.01,395800,1.0,0.0
2002-04-30,25.05,25.82,25.05,25.5,511000,1.0,0.0
2002-05-01,25.5,26.14,25.41,25.99,427300,1.0,0.0
2002-05-02,26.0,26.15,25.7,25.76,276300,1.0,0.0
2002-05-03,25.8,25.8,25.04,25.18,365000,1.0,0.0
2002-05-06,25.15,25.7,24.9,24.95,1039400,1.0,0.0
2002-05-07,25.01,25.1,24.38,24.38,380600,1.0,0.0
2002-05-08,24.48,25.08,24.28,24.95,465700,1.0,0.0
2002-05-09,24.96,25.1,24.31,24.37,519700,1.0,0.0
2002-05-10,24.6,24.6,23.75,24.0,763300,1.0,0.0
2002-05-13,24.5,24.5,23.6,23.86,345000,1.0,0.0
2002-05-14,23.86,25.48,23.86,25.25,658000,1.0,0.0
2002-05-15,25.15,25.99,24.82,25.66,384800,1.0,0.0
2002-05-16,25.46,25.66,25.0,25.07,161400,1.0,0.0
2002-05-17,25.27,25.27,24.41,24.68,296500,1.0,0.0
2002-05-20,24.5,24.85,24.23,24.36,253100,1.0,0.0
2002-05-21,24.36,24.9,23.09,23.1,2611900,1.0,0.0
2002-05-22,23.06,23.45,22.92,23.05,421200,1.0,0.0
2002-05-23,23.0,23.6,23.0,23.55,553700,1.0,0.0
2002-05-24,23.55,23.99,23.5,23.61,446500,1.0,0.0
2002-05-28,23.65,23.78,23.4,23.53,282700,1.0,0.0
2002-05-29,23.54,23.54,23.03,23.06,562000,1.0,0.0
2002-05-30,23.06,23.19,22.53,23.05,424600,1.0,0.0
2002-05-31,23.1,23.5,23.0,23.34,310300,1.0,0.0
2002-06-03,23.35,23.65,22.64,22.82,523100,1.0,0.0
2002-06-04,23.0,23.05,22.35,22.42,389500,1.0,0.0
2002-06-05,22.45,23.0,22.31,22.6,181500,1.0,0.0
2002-06-06,22.5,22.73,21.95,22.4,254700,1.0,0.0
2002-06-07,21.75,23.43,21.73,22.78,413600,1.0,0.0
2002-06-10,22.9,23.19,22.75,22.91,228800,1.0,0.0
2002-06-11,22.95,23.2,22.48,22.5,193400,1.0,0.0
2002-06-12,22.4,22.56,21.01,21.95,370400,1.0,0.0
2002-06-13,21.98,22.44,21.82,22.15,658500,1.0,0.0
2002-06-14,22.4,22.72,21.7,22.58,353900,1.0,0.0
2002-06-17,22.65,23.35,22.39,23.18,170000,1.0,0.0
2002-06-18,23.1,23.74,23.07,23.32,300800,1.0,0.0
2002-06-19,23.25,23.41,22.48,22.57,175400,1.0,0.0
2002-06-20,22.75,23.27,21.98,22.28,163400,1.0,0.0
2002-06-21,22.03,22.58,21.99,21.99,300800,1.0,0.0
2002-06-24,22.08,22.35,21.07,21.47,399600,1.0,0.0
2002-06-25,21.6,22.49,21.6,21.98,317300,1.0,0.0
2002-06-26,21.55,21.6,20.8,21.48,545400,1.0,0.0
2002-06-27,21.95,22.25,21.5,21.85,363100,1.0,0.0
2002-06-28,21.85,22.28,21.5,21.8,911800,1.0,0.0
2002-07-01,18.6,19.4,17.9,17.95,2537800,1.0,0.0
2002-07-02,18.0,18.2,17.5,17.69,788700,1.0,0.0
2002-07-03,17.55,17.68,16.4,16.9,716200,1.0,0.0
2002-07-05,16.9,17.5,16.86,17.35,370900,1.0,0.0
2002-07-08,16.57,17.3,16.51,17.09,1119500,1.0,0.0
2002-07-09,17.07,17.34,16.8,16.83,249300,1.0,0.0
2002-07-10,16.65,16.8,15.71,15.85,466000,1.0,0.0
2002-07-11,15.9,15.99,14.7,15.54,903000,1.0,0.0
2002-07-12,15.7,16.3,15.32,15.75,843200,1.0,0.0
2002-07-15,15.5,16.65,15.37,16.62,972700,1.0,0.0
2002-07-16,16.0,16.3,15.8,15.96,732400,1.0,0.0
2002-07-17,16.1,16.5,15.9,16.12,552300,1.0,0.0
2002-07-18,16.0,16.23,15.89,15.91,652100,1.0,0.0
2002-07-19,15.75,16.04,15.0,15.89,487100,1.0,0.0
2002-07-22,15.64,16.0,15.03,15.13,472400,1.0,0.0
2002-07-23,14.85,15.03,13.77,14.13,929200,1.0,0.0
2002-07-24,13.4,14.6,13.1,13.58,963100,1.0,0.0
2002-07-25,13.59,14.73,13.24,14.0,793500,1.0,0.0
2002-07-26,14.0,14.01,13.5,13.6,684200,1.0,0.0
2002-07-29,14.0,14.94,13.9,14.8,600200,1.0,0.0
2002-07-30,14.75,15.0,14.14,15.0,590200,1.0,0.0
2002-07-31,14.9,14.9,14.23,14.5,446600,1.0,0.0
2002-08-01,14.5,14.5,13.8,14.11,439700,1.0,0.0
2002-08-02,14.21,14.21,13.02,13.16,274700,1.0,0.0
2002-08-05,13.2,13.26,12.57,12.7,211800,1.0,0.0
2002-08-06,12.71,13.85,12.71,13.5,257700,1.0,0.0
2002-08-07,13.53,13.64,12.8,13.16,291100,1.0,0.0
2002-08-08,13.06,13.9,12.9,13.73,230900,1.0,0.0
2002-08-09,13.63,13.7,13.25,13.5,111200,1.0,0.0
2002-08-12,13.4,13.54,13.16,13.34,266200,1.0,0.0
2002-08-13,13.4,13.55,12.81,12.83,344200,1.0,0.0
2002-08-14,12.83,13.76,12.6,13.74,463600,1.0,0.0
2002-08-15,13.84,14.45,13.84,14.31,301500,1.0,0.0
2002-08-16,14.29,14.8,14.03,14.5,142200,1.0,0.0
2002-08-19,14.9,15.3,14.79,15.15,315000,1.0,0.0
2002-08-20,15.35,15.5,14.72,14.85,205200,1.0,0.0
2002-08-21,15.2,15.7,15.14,15.6,301000,1.0,0.0
2002-08-22,15.65,15.8,15.1,15.61,156200,1.0,0.0
2002-08-23,15.45,15.52,15.16,15.18,164100,1.0,0.0
2002-08-26,15.3,15.79,15.0,15.74,175300,1.0,0.0
2002-08-27,15.85,15.94,14.91,15.1,319300,1.0,0.0
2002-08-28,15.08,15.31,14.7,15.0,249600,1.0,0.0
2002-08-29,14.9,15.55,14.75,15.45,322400,1.0,0.0
2002-08-30,15.41,15.7,15.26,15.45,210500,1.0,0.0
2002-09-03,15.45,15.45,14.1,14.18,245600,1.0,0.0
2002-09-04,14.5,14.88,14.19,14.87,280500,1.0,0.0
2002-09-05,14.77,14.77,13.77,13.77,362600,1.0,0.0
2002-09-06,13.98,14.38,13.9,14.35,394100,1.0,0.0
2002-09-09,14.3,14.76,13.88,14.55,167400,1.0,0.0
2002-09-10,14.55,14.65,14.24,14.28,240600,1.0,0.0
2002-09-11,14.18,14.47,14.14,14.28,259900,1.0,0.0
2002-09-12,14.25,14.39,14.0,14.11,199700,1.0,0.0
2002-09-13,14.06,14.12,13.34,13.34,432200,1.0,0.0
2002-09-16,13.44,13.69,13.05,13.2,256200,1.0,0.0
2002-09-17,13.45,13.46,12.59,12.76,667000,1.0,0.0
2002-09-18,12.7,12.7,12.01,12.35,398000,1.0,0.0
2002-09-19,12.25,12.53,11.95,12.46,350800,1.0,0.0
2002-09-20,12.4,12.4,10.9,11.0,1594600,1.0,0.0
2002-09-23,11.0,11.0,8.9,9.13,2211200,1.0,0.0
2002-09-24,9.13,9.7,9.0,9.25,1431200,1.0,0.0
2002-09-25,9.25,9.55,9.25,9.52,903700,1.0,0.0
2002-09-26,9.52,9.79,9.44,9.7,448800,1.0,0.0
2002-09-27,9.6,9.67,8.9,8.95,559100,1.0,0.0
2002-09-30,8.85,8.9,8.4,8.44,615000,1.0,0.0
2002-10-01,8.47,8.48,7.75,8.14,923900,1.0,0.0
2002-10-02,8.13,8.39,8.02,8.09,607900,1.0,0.0
2002-10-03,8.05,8.19,6.92,6.93,495900,1.0,0.0
2002-10-04,6.96,7.4,6.89,7.05,1218300,1.0,0.0
2002-10-07,7.1,7.3,7.01,7.01,658000,1.0,0.0
2002-10-08,7.02,7.4,6.75,7.25,719600,1.0,0.0
2002-10-09,6.75,7.18,6.75,7.1,649700,1.0,0.0
2002-10-10,7.0,7.38,6.7,7.23,691100,1.0,0.0
2002-10-11,7.33,7.75,7.33,7.52,727800,1.0,0.0
2002-10-14,7.55,7.55,7.2,7.3,452600,1.0,0.0
2002-10-15,7.4,8.22,7.4,8.0,853400,1.0,0.0
2002-10-16,7.9,7.91,7.24,7.35,362500,1.0,0.0
2002-10-17,7.55,7.8,7.1,7.1,315800,1.0,0.0
2002-10-18,7.3,7.4,7.0,7.27,224500,1.0,0.0
2002-10-21,7.25,7.54,7.03,7.4,267700,1.0,0.0
2002-10-22,7.58,7.58,7.15,7.4,313500,1.0,0.0
2002-10-23,7.25,7.92,6.35,6.45,2154000,1.0,0.0
2002-10-24,6.5,6.85,6.36,6.65,978500,1.0,0.0
2002-10-25,7.05,7.07,6.45,6.45,440300,1.0,0.0
2002-10-28,6.55,6.55,6.25,6.3,689200,1.0,0.0
2002-10-29,6.28,6.35,5.95,6.05,819200,1.0,0.0
2002-10-30,6.09,6.2,5.88,6.04,448300,1.0,0.0
2002-10-31,6.1,6.2,5.88,6.1,431400,1.0,0.0
2002-11-01,6.1,6.38,5.98,6.18,536600,1.0,0.0
2002-11-04,6.25,6.9,6.22,6.75,879800,1.0,0.0
2002-11-05,7.03,7.15,6.95,7.0,1112700,1.0,0.0
2002-11-06,7.1,7.53,7.02,7.3,978300,1.0,0.0
2002-11-07,7.4,7.6,7.11,7.25,425100,1.0,0.0
2002-11-08,7.25,7.65,7.25,7.5,1220100,1.0,0.0
2002-11-11,7.4,7.7,7.11,7.35,1373900,1.0,0.0
2002-11-12,7.37,7.9,7.3,7.73,394500,1.0,0.0
2002-11-13,7.53,8.51,7.35,8.49,886500,1.0,0.0
2002-11-14,8.59,9.09,8.301,8.93,750900,1.0,0.0
2002-11-15,8.83,8.9,8.5,8.9,699500,1.0,0.0
2002-11-18,8.89,9.24,8.89,9.15,518800,1.0,0.0
2002-11-19,9.05,9.3,8.96,9.1,346300,1.0,0.0
2002-11-20,9.05,9.22,8.95,8.95,269000,1.0,0.0
2002-11-21,8.95,10.05,8.95,9.76,688200,1.0,0.0
2002-11-22,9.56,10.26,9.56,10.11,717200,1.0,0.0
2002-11-25,10.2,10.6,9.55,9.67,505900,1.0,0.0
2002-11-26,9.84,9.93,9.31,9.35,347900,1.0,0.0
2002-11-27,9.57,10.19,9.57,9.85,423100,1.0,0.0
2002-11-29,9.95,9.96,9.6,9.69,103400,1.0,0.0
2002-12-02,9.79,10.24,9.79,10.13,362000,1.0,0.0
2002-12-03,10.03,10.04,9.7,9.73,259100,1.0,0.0
2002-12-04,9.73,10.17,9.45,10.15,281900,1.0,0.0
2002-12-05,10.15,10.15,9.5,9.54,301200,1.0,0.0
2002-12-06,9.44,9.68,9.16,9.3,390200,1.0,0.0
2002-12-09,9.3,9.3,8.2,8.71,1056000,1.0,0.0
2002-12-10,8.85,8.86,8.5,8.69,414900,1.0,0.0
2002-12-11,8.59,8.71,8.4,8.7,291200,1.0,0.0
2002-12-12,9.0,9.2,8.87,9.0,483400,1.0,0.0
2002-12-13,8.85,8.85,8.25,8.26,311400,1.0,0.0
2002-12-16,8.36,8.83,8.26,8.83,340200,1.0,0.0
2002-12-17,8.79,9.25,8.66,9.11,703600,1.0,0.0
2002-12-18,9.07,9.6,9.0,9.42,420400,1.0,0.0
2002-12-19,9.43,9.64,9.2,9.51,601600,1.0,0.0
2002-12-20,9.5,10.15,9.4,10.15,703700,1.0,0.0
2002-12-23,10.11,10.55,10.1,10.55,446900,1.0,0.0
2002-12-24,10.45,10.46,10.06,10.14,321600,1.0,0.0
2002-12-26,10.18,10.41,9.9,10.2,339700,1.0,0.0
2002-12-27,10.2,10.4,9.99,10.07,409400,1.0,0.0
2002-12-30,10.1,10.64,10.06,10.64,315500,1.0,0.0
2002-12-31,10.54,10.86,10.26,10.76,394300,1.0,0.0
2003-01-02,10.8,12.47,10.8,12.25,1008000,1.0,0.0
2003-01-03,12.22,12.22,11.42,11.44,535700,1.0,0.0
2003-01-06,11.49,11.95,11.42,11.95,349600,1.0,0.0
2003-01-07,11.95,12.38,11.95,12.18,589400,1.0,0.0
2003-01-08,12.15,12.24,11.9,11.95,267500,1.0,0.0
2003-01-09,11.96,12.41,11.9,12.32,414600,1.0,0.0
2003-01-10,12.3,12.5,12.25,12.38,381900,1.0,0.0
2003-01-13,12.58,12.6,12.0,12.18,263700,1.0,0.0
2003-01-14,12.15,12.38,12.0,12.27,316700,1.0,0.0
2003-01-15,11.97,12.04,11.3,11.92,919200,1.0,0.0
2003-01-16,11.42,11.7,11.2,11.26,703600,1.0,0.0
2003-01-17,11.23,11.35,11.0,11.17,279100,1.0,0.0
2003-01-21,11.27,11.45,11.14,11.16,240600,1.0,0.0
2003-01-22,11.06,11.1,10.55,10.62,258000,1.0,0.0
2003-01-23,10.5,10.78,10.4,10.47,348600,1.0,0.0
2003-01-24,10.47,10.5,10.09,10.44,280700,1.0,0.0
2003-01-27,10.44,10.44,9.91,10.05,338700,1.0,0.0
2003-01-28,10.2,10.49,10.18,10.25,706300,1.0,0.0
2003-01-29,10.2,10.49,10.18,10.25,399600,1.0,0.0
2003-01-30,10.55,10.55,10.04,10.23,405600,1.0,0.0
2003-01-31,10.13,10.49,10.06,10.33,202900,1.0,0.0
2003-02-03,10.43,10.49,10.18,10.3,215500,1.0,0.0
2003-02-04,10.2,10.3,9.9,10.04,289100,1.0,0.0
2003-02-05,10.09,10.18,9.9,10.05,269000,1.0,0.0
2003-02-06,10.09,10.2,9.85,9.99,205200,1.0,0.0
2003-02-07,10.15,10.2,9.59,9.59,228400,1.0,0.0
2003-02-10,9.55,9.89,9.3,9.85,394000,1.0,0.0
2003-02-11,9.85,10.01,9.7,10.0,192200,1.0,0.0
2003-02-12,9.85,9.97,9.3,9.31,225200,1.0,0.0
2003-02-13,9.31,9.46,8.94,9.22,287000,1.0,0.0
2003-02-14,9.32,9.35,8.95,8.95,250400,1.0,0.0
2003-02-18,9.1,9.33,9.1,9.28,337900,1.0,0.0
2003-02-19,9.3,9.39,9.21,9.3,140600,1.0,0.0
2003-02-20,9.33,9.35,8.99,9.13,181300,1.0,0.0
2003-02-21,9.18,9.41,9.05,9.36,152900,1.0,0.0
2003-02-24,8.5,9.15,8.0,8.91,418800,1.0,0.0
2003-02-25,8.9,8.91,8.29,8.29,510800,1.0,0.0
2003-02-26,8.35,8.42,8.26,8.41,465500,1.0,0.0
2003-02-27,8.41,8.75,8.3,8.58,518600,1.0,0.0
2003-02-28,8.68,8.77,8.56,8.63,842000,1.0,0.0
2003-03-03,8.65,8.74,8.55,8.6,487300,1.0,0.0
2003-03-04,8.58,8.7,8.49,8.49,314200,1.0,0.0
2003-03-05,8.6,8.96,8.56,8.7,350500,1.0,0.0
2003-03-06,8.62,9.16,8.6,8.85,666900,1.0,0.0
2003-03-07,8.8,9.65,8.8,9.2,526700,1.0,0.0
2003-03-10,9.17,9.17,8.69,8.89,351500,1.0,0.0
2003-03-11,9.05,9.35,8.82,8.93,403600,1.0,0.0
2003-03-12,8.93,9.35,8.93,9.3,604100,1.0,0.0
2003-03-13,9.4,9.69,9.21,9.38,317300,1.0,0.0
2003-03-14,9.58,9.74,9.16,9.3,302800,1.0,0.0
2003-03-17,9.2,9.71,9.04,9.64,300400,1.0,0.0
2003-03-18,9.9,10.01,9.65,9.92,280300,1.0,0.0
2003-03-19,9.82,10.0,9.7,9.72,255800,1.0,0.0
2003-03-20,9.8,10.04,9.5,9.95,278900,1.0,0.0
2003-03-21,10.05,10.36,9.8,10.36,710400,1.0,0.0
2003-03-24,10.3,10.3,9.55,9.7,585300,1.0,0.0
2003-03-25,9.71,9.88,9.46,9.73,406700,1.0,0.0
2003-03-26,9.63,9.73,9.5,9.58,159500,1.0,0.0
2003-03-27,9.48,9.67,9.4,9.56,737300,1.0,0.0
2003-03-28,9.5,9.79,9.4,9.74,382000,1.0,0.0
2003-03-31,9.64,9.8,9.14,9.62,323100,1.0,0.0
2003-04-01,9.62,9.76,9.4,9.72,189100,1.0,0.0
2003-04-02,9.73,10.18,9.68,9.86,1152700,1.0,0.0
2003-04-03,9.75,9.87,9.12,9.37,363600,1.0,0.0
2003-04-04,9.4,9.57,9.08,9.5,457800,1.0,0.0
2003-04-07,9.6,9.9,9.5,9.68,363000,1.0,0.0
2003-04-08,9.6,9.8,9.6,9.75,563500,1.0,0.0
2003-04-09,9.7,10.0,9.65,9.81,373400,1.0,0.0
2003-04-10,9.81,10.25,9.79,10.0,143800,1.0,0.0
2003-04-11,10.1,10.1,9.8,9.95,274700,1.0,0.0
2003-04-14,9.98,10.1,9.88,10.08,180700,1.0,0.0
2003-04-15,10.09,10.68,10.05,10.55,356600,1.0,0.0
2003-04-16,10.65,10.76,10.39,10.4,178500,1.0,0.0
2003-04-17,10.4,10.67,10.35,10.47,271100,1.0,0.0
2003-04-21,10.5,10.76,10.32,10.76,235400,1.0,0.0
2003-04-22,10.7,10.7,10.4,10.4,288500,1.0,0.0
2003-04-23,10.57,10.79,10.55,10.75,618100,1.0,0.0
2003-04-24,10.69,10.83,10.33,10.65,230400,1.0,0.0
2003-04-25,10.5,10.52,9.76,9.9,365300,1.0,0.0
2003-04-28,9.62,10.15,9.57,10.05,491500,1.0,0.0
2003-04-29,10.05,10.48,10.0,10.35,360300,1.0,0.0
2003-04-30,10.35,10.35,10.15,10.3,662400,1.0,0.0
2003-05-01,10.2,10.28,10.01,10.08,303600,1.0,0.0
2003-05-02,10.1,10.4,10.02,10.17,235500,1.0,0.0
2003-05-05,10.27,10.3,10.03,10.3,215200,1.0,0.0
2003-05-06,10.3,10.77,10.27,10.55,536600,1.0,0.0
2003-05-07,10.55,10.7,10.4,10.55,228100,1.0,0.0
2003-05-08,10.45,10.6,10.39,10.55,385600,1.0,0.0
2003-05-09,10.57,10.73,10.5,10.52,98800,1.0,0.0
2003-05-12,10.38,10.58,10.16,10.4,425100,1.0,0.0
2003-05-13,10.3,10.65,10.26,10.45,424300,1.0,0.0
2003-05-14,10.45,10.54,10.36,10.49,228200,1.0,0.0
2003-05-15,10.51,11.7,10.51,11.7,899400,1.0,0.0
2003-05-16,11.45,11.8,11.41,11.75,514200,1.0,0.0
2003-05-19,11.55,11.66,11.4,11.43,522700,1.0,0.0
2003-05-20,11.44,11.56,11.15,11.24,236200,1.0,0.0
2003-05-21,11.34,11.7,11.25,11.59,209600,1.0,0.0
2003-05-22,11.59,11.7,11.33,11.53,351200,1.0,0.0
2003-05-23,11.5,11.76,11.45,11.7,106200,1.0,0.0
2003-05-27,11.6,12.0,11.57,11.85,226100,1.0,0.0
2003-05-28,12.0,12.36,11.92,12.23,434200,1.0,0.0
2003-05-29,12.13,12.39,12.03,12.24,410800,1.0,0.0
2003-05-30,12.34,13.01,12.34,12.78,327900,1.0,0.0
2003-06-02,13.08,13.53,12.7,13.09,673900,1.0,0.0
2003-06-03,12.99,13.18,12.95,13.05,368200,1.0,0.0
2003-06-04,13.06,13.75,13.03,13.75,644800,1.0,0.0
2003-06-05,13.75,13.81,13.55,13.75,401700,1.0,0.0
2003-06-06,13.85,14.5,13.82,13.83,720100,1.0,0.0
2003-06-09,13.85,13.86,13.16,13.23,314000,1.0,0.0
2003-06-10,13.23,13.9,13.23,13.88,306800,1.0,0.0
2003-06-11,13.98,14.37,13.7,14.27,603200,1.0,0.0
2003-06-12,14.25,14.53,14.22,14.39,409800,1.0,0.0
2003-06-13,14.38,14.45,14.0,14.23,478600,1.0,0.0
2003-06-16,14.33,14.6,14.3,14.51,332500,1.0,0.0
2003-06-17,14.7,14.75,14.45,14.55,334800,1.0,0.0
2003-06-18,14.6,14.6,14.2,14.35,160800,1.0,0.0
2003-06-19,14.3,14.6,13.9,14.02,440500,1.0,0.0
2003-06-20,14.1,14.27,13.95,14.0,356200,1.0,0.0
2003-06-23,13.95,13.96,13.5,13.79,337400,1.0,0.0
2003-06-24,13.79,14.1,13.79,14.0,379300,1.0,0.0
2003-06-25,14.01,14.15,13.76,13.83,238400,1.0,0.0
2003-06-26,13.83,14.1,13.5,14.1,529100,1.0,0.0
2003-06-27,14.1,14.2,13.5,13.82,269200,1.0,0.0
2003-06-30,13.88,14.002,13.75,13.89,983000,1.0,0.0
2003-07-01,13.95,14.51,13.88,14.15,860100,1.0,0.0
2003-07-02,14.15,14.2,14.05,14.08,490600,1.0,0.0
2003-07-03,14.0,14.36,13.95,14.03,162300,1.0,0.0
2003-07-07,14.13,14.72,14.13,14.49,346500,1.0,0.0
2003-07-08,14.39,15.08,14.39,14.97,222700,1.0,0.0
2003-07-09,14.82,15.1,14.61,15.02,304300,1.0,0.0
2003-07-10,14.92,14.95,14.25,14.49,194400,1.0,0.0
2003-07-11,14.49,15.19,14.49,15.06,158200,1.0,0.0
2003-07-14,15.14,15.69,15.14,15.51,369000,1.0,0.0
2003-07-15,15.61,15.82,15.3,15.44,283100,1.0,0.0
2003-07-16,15.5,15.5,15.0,15.2,190100,1.0,0.0
2003-07-17,15.16,15.33,14.42,14.42,265100,1.0,0.0
2003-07-18,14.52,14.95,14.51,14.8,210500,1.0,0.0
2003-07-21,14.7,14.78,14.05,14.31,247200,1.0,0.0
2003-07-22,14.35,15.15,14.3,15.0,244500,1.0,0.0
2003-07-23,15.0,15.05,14.55,14.77,200500,1.0,0.0
2003-07-24,14.78,14.78,13.0,13.6,1063600,1.0,0.0
2003-07-25,13.7,13.89,13.3,13.84,348000,1.0,0.0
2003-07-28,13.84,14.34,13.81,14.09,229000,1.0,0.0
2003-07-29,14.1,14.25,13.39,13.74,332700,1.0,0.0
2003-07-30,13.74,13.9,13.45,13.83,239600,1.0,0.0
2003-07-31,13.93,14.57,13.75,14.5,377900,1.0,0.0
2003-08-01,14.4,14.7,14.37,14.51,358000,1.0,0.0
2003-08-04,14.41,14.49,13.7,14.07,248600,1.0,0.0
2003-08-05,14.17,14.25,13.6,13.62,275500,1.0,0.0
2003-08-06,13.62,14.01,13.32,13.73,167800,1.0,0.0
2003-08-07,13.77,13.77,13.25,13.51,242500,1.0,0.0
2003-08-08,13.52,14.08,13.52,13.95,159000,1.0,0.0
2003-08-11,14.05,14.68,14.05,14.46,218200,1.0,0.0
2003-08-12,14.56,14.86,14.15,14.8,255300,1.0,0.0
2003-08-13,14.9,14.9,14.54,14.6,284300,1.0,0.0
2003-08-14,14.68,14.68,14.36,14.4,208000,1.0,0.0
2003-08-15,14.5,15.2,14.45,15.2,239700,1.0,0.0
2003-08-18,15.2,15.36,15.03,15.35,610500,1.0,0.0
2003-08-19,15.35,16.08,15.34,15.95,457500,1.0,0.0
2003-08-20,16.0,16.71,15.75,16.45,498300,1.0,0.0
2003-08-21,16.45,17.4,16.4,16.95,525900,1.0,0.0
2003-08-22,17.16,17.35,16.44,16.6,359200,1.0,0.0
2003-08-25,16.5,16.55,15.9,15.98,484400,1.0,0.0
2003-08-26,15.98,16.18,15.41,15.9,476400,1.0,0.0
2003-08-27,15.94,16.11,15.8,16.04,252300,1.0,0.0
2003-08-28,16.04,16.36,15.86,16.21,337400,1.0,0.0
2003-08-29,16.21,17.15,16.21,16.88,269400,1.0,0.0
2003-09-02,16.95,17.1,16.6,17.0,280200,1.0,0.0
2003-09-03,17.2,17.46,17.01,17.01,253800,1.0,0.0
2003-09-04,17.16,17.3,16.85,17.24,573100,1.0,0.0
2003-09-05,17.19,17.5,17.1,17.35,336800,1.0,0.0
2003-09-08,17.36,18.0,17.36,17.86,349800,1.0,0.0
2003-09-09,17.66,18.24,17.61,18.22,419900,1.0,0.0
2003-09-10,18.2,18.2,17.39,17.58,710600,1.0,0.0
2003-09-11,17.83,18.05,17.71,17.8,418500,1.0,0.0
2003-09-12,17.7,18.12,17.5,17.91,315500,1.0,0.0
2003-09-15,18.0,18.0,17.54,17.58,306300,1.0,0.0
2003-09-16,17.8,18.05,17.6,17.87,584900,1.0,0.0
2003-09-17,17.87,17.87,17.01,17.11,700300,1.0,0.0
2003-09-18,17.2,18.15,17.13,18.09,482400,1.0,0.0
2003-09-19,18.26,18.59,18.1,18.58,381600,1.0,0.0
2003-09-22,18.48,18.5,17.99,18.0,323600,1.0,0.0
2003-09-23,17.85,18.1,17.76,17.87,285600,1.0,0.0
2003-09-24,18.07,18.09,17.4,17.43,238700,1.0,0.0
2003-09-25,17.6,17.6,16.69,16.8,322300,1.0,0.0
2003-09-26,16.73,16.74,16.08,16.12,424800,1.0,0.0
2003-09-29,16.32,16.45,16.1,16.3,451200,1.0,0.0
2003-09-30,16.05,16.34,15.9,16.09,347300,1.0,0.0
2003-10-01,16.09,16.65,16.09,16.54,476500,1.0,0.0
2003-10-02,16.64,16.65,16.3,16.4,376800,1.0,0.0
2003-10-03,16.75,17.0,16.71,16.79,540600,1.0,0.0
2003-10-06,16.75,17.14,16.7,17.1,248600,1.0,0.0
2003-10-07,17.1,17.2,16.8,16.94,294400,1.0,0.0
2003-10-08,16.94,17.0,16.64,16.64,381200,1.0,0.0
2003-10-09,16.65,16.77,16.3,16.66,505300,1.0,0.0
2003-10-10,16.84,17.05,16.6,17.0,176000,1.0,0.0
2003-10-13,17.2,17.47,17.0,17.15,161000,1.0,0.0
2003-10-14,17.2,17.45,17.2,17.2,236400,1.0,0.0
2003-10-15,17.23,17.23,16.58,16.61,333000,1.0,0.0
2003-10-16,16.61,16.94,16.61,16.75,362700,1.0,0.0
2003-10-17,16.85,16.96,16.48,16.84,418900,1.0,0.0
2003-10-20,16.81,16.89,16.31,16.45,437600,1.0,0.0
2003-10-21,16.5,16.64,16.31,16.56,898900,1.0,0.0
2003-10-22,16.44,16.44,15.62,15.67,696800,1.0,0.0
2003-10-23,15.87,16.89,15.69,16.6,981300,1.0,0.0
2003-10-24,16.5,16.87,16.3,16.65,436900,1.0,0.0
2003-10-27,16.7,17.3,16.68,17.23,608200,1.0,0.0
2003-10-28,17.23,17.23,16.5,17.05,4132500,1.0,0.0
2003-10-29,17.05,17.15,16.96,17.03,1162100,1.0,0.0
2003-10-30,17.16,17.34,17.04,17.26,1322800,1.0,0.0
2003-10-31,17.26,17.47,17.16,17.42,611700,1.0,0.0
2003-11-03,17.45,18.05,17.45,17.85,949300,1.0,0.0
2003-11-04,17.84,18.34,17.8,17.98,670300,1.0,0.0
2003-11-05,17.83,18.16,17.83,18.11,293800,1.0,0.0
2003-11-06,18.02,18.35,18.0,18.34,745300,1.0,0.0
2003-11-07,18.33,18.56,18.33,18.51,417100,1.0,0.0
2003-11-10,18.5,18.6,18.0,18.01,479700,1.0,0.0
2003-11-11,18.0,18.12,17.73,17.75,589900,1.0,0.0
2003-11-12,17.65,18.36,17.65,18.26,391100,1.0,0.0
2003-11-13,18.26,18.57,18.08,18.56,360000,1.0,0.0
2003-11-14,18.51,18.62,18.07,18.14,430400,1.0,0.0
2003-11-17,17.9,18.1,17.8,18.08,511600,1.0,0.0
2003-11-18,18.0,18.27,17.9,17.9,330900,1.0,0.0
2003-11-19,17.9,17.99,17.8,17.9,567700,1.0,0.0
2003-11-20,17.7,17.85,17.41,17.45,626500,1.0,0.0
2003-11-21,17.6,17.88,17.58,17.63,423000,1.0,0.0
2003-11-24,17.65,18.12,17.65,18.0,560200,1.0,0.0
2003-11-25,18.05,18.72,18.0,18.7,937600,1.0,0.0
2003-11-26,18.75,18.83,18.45,18.72,639900,1.0,0.0
2003-11-28,18.6,18.71,18.52,18.52,83400,1.0,0.0
2003-12-01,18.53,18.95,18.53,18.91,601500,1.0,0.0
2003-12-02,18.98,19.12,18.79,19.0,698700,1.0,0.0
2003-12-03,19.25,19.53,18.67,18.78,709400,1.0,0.0
2003-12-04,18.78,19.06,18.47,18.96,560900,1.0,0.0
2003-12-05,18.76,18.95,18.6,18.73,389600,1.0,0.0
2003-12-08,18.53,18.97,18.53,18.97,379100,1.0,0.0
2003-12-09,18.95,19.04,18.24,18.28,510100,1.0,0.0
2003-12-10,18.46,18.67,18.19,18.52,316700,1.0,0.0
2003-12-11,18.42,19.09,18.42,19.09,356200,1.0,0.0
2003-12-12,19.03,19.11,18.86,19.06,447300,1.0,0.0
2003-12-15,19.2,19.2,18.4,18.41,442500,1.0,0.0
2003-12-16,18.51,18.77,18.26,18.72,421000,1.0,0.0
2003-12-17,18.73,18.83,18.5,18.79,223000,1.0,0.0
2003-12-18,18.89,19.1,18.8,19.07,257200,1.0,0.0
2003-12-19,19.02,19.3,18.71,19.3,424300,1.0,0.0
2003-12-22,19.25,19.5,19.22,19.49,589300,1.0,0.0
2003-12-23,19.5,19.57,19.25,19.46,460300,1.0,0.0
2003-12-24,19.36,19.49,19.31,19.41,81300,1.0,0.0
2003-12-26,19.41,19.55,19.31,19.47,59500,1.0,0.0
2003-12-29,19.49,19.74,19.39,19.74,237000,1.0,0.0
2003-12-30,19.64,19.85,19.53,19.85,134500,1.0,0.0
2003-12-31,19.75,19.85,19.26,19.26,243700,1.0,0.0
2004-01-02,19.36,19.98,19.3,19.96,190200,1.0,0.0
2004-01-05,20.0,20.2,19.64,19.8,301800,1.0,0.0
2004-01-06,19.9,20.24,19.77,20.04,566100,1.0,0.0
2004-01-07,20.04,20.26,19.96,20.24,178100,1.0,0.0
2004-01-08,20.19,20.75,20.19,20.6,1952200,1.0,0.0
2004-01-09,20.45,20.6,20.19,20.25,361700,1.0,0.0
2004-01-12,20.3,20.43,20.05,20.42,362400,1.0,0.0
2004-01-13,20.52,20.52,20.2,20.51,302300,1.0,0.0
2004-01-14,20.6,20.81,20.55,20.78,271300,1.0,0.0
2004-01-15,20.68,20.8,20.4,20.61,360100,1.0,0.0
2004-01-16,20.86,20.97,20.63,20.79,270500,1.0,0.0
2004-01-20,20.98,21.05,20.77,20.98,474400,1.0,0.0
2004-01-21,21.0,22.99,20.8,22.64,1360200,1.0,0.0
2004-01-22,22.64,22.84,22.24,22.81,1048900,1.0,0.0
2004-01-23,22.76,23.06,22.7,23.0,565900,1.0,0.0
2004-01-26,23.0,23.29,22.69,23.2,547400,1.0,0.0
2004-01-27,23.2,23.35,22.95,23.17,1332800,1.0,0.0
2004-01-28,23.17,23.24,22.88,22.97,941900,1.0,0.0
2004-01-29,22.92,22.93,22.01,22.14,687500,1.0,0.0
2004-01-30,22.13,22.41,21.76,22.4,498700,1.0,0.0
2004-02-02,22.4,22.68,22.21,22.41,307700,1.0,0.0
2004-02-03,22.31,22.43,20.85,21.2,889800,1.0,0.0
2004-02-04,21.05,21.21,20.7,20.86,399600,1.0,0.0
2004-02-05,21.06,21.48,20.98,21.3,456100,1.0,0.0
2004-02-06,21.4,21.98,21.37,21.82,212000,1.0,0.0
2004-02-09,21.85,22.15,21.79,22.1,263200,1.0,0.0
2004-02-10,22.0,22.1,21.5,21.78,582100,1.0,0.0
2004-02-11,21.7,21.96,21.56,21.95,314100,1.0,0.0
2004-02-12,21.9,22.14,21.72,21.98,295900,1.0,0.0
2004-02-13,21.99,22.23,21.12,21.48,291000,1.0,0.0
2004-02-17,21.6,22.37,21.6,22.25,267200,1.0,0.0
2004-02-18,22.3,22.37,21.9,22.0,167500,1.0,0.0
2004-02-19,22.08,22.2,21.29,21.6,668800,1.0,0.0
2004-02-20,21.6,21.63,20.99,21.29,271300,1.0,0.0
2004-02-23,21.4,21.4,20.6,20.63,349500,1.0,0.0
2004-02-24,20.48,20.5,19.9,20.06,912700,1.0,0.0
2004-02-25,19.25,19.55,15.76,16.38,6198400,1.0,0.0
2004-02-26,16.38,18.06,16.25,17.4,2235700,1.0,0.0
2004-02-27,17.4,17.67,17.0,17.54,880800,1.0,0.0
2004-03-01,17.54,17.88,17.54,17.7,516500,1.0,0.0
2004-03-02,17.48,17.65,17.1,17.2,534500,1.0,0.0
2004-03-03,17.23,17.23,16.71,17.17,708800,1.0,0.0
2004-03-04,16.92,17.01,16.63,16.71,1057900,1.0,0.0
2004-03-05,16.61,17.05,16.56,17.0,721100,1.0,0.0
2004-03-08,17.01,17.33,16.88,16.92,398400,1.0,0.0
2004-03-09,16.92,17.07,16.65,17.06,1166500,1.0,0.0
2004-03-10,17.1,17.44,16.9,17.0,1475200,1.0,0.0
2004-03-11,16.97,17.18,16.8,16.86,664400,1.0,0.0
2004-03-12,16.87,17.36,16.83,17.36,521700,1.0,0.0
2004-03-15,17.2,17.36,16.95,17.03,483000,1.0,0.0
2004-03-16,17.04,17.32,17.0,17.0,570100,1.0,0.0
2004-03-17,17.02,17.42,17.02,17.39,459000,1.0,0.0
2004-03-18,17.35,17.54,17.21,17.5,724000,1.0,0.0
2004-03-19,17.5,17.59,17.23,17.34,371900,1.0,0.0
2004-03-22,17.34,17.34,16.58,16.63,514700,1.0,0.0
2004-03-23,16.83,17.04,16.72,16.82,421000,1.0,0.0
2004-03-24,16.79,17.0,16.65,16.76,503200,1.0,0.0
2004-03-25,16.85,17.32,16.85,17.26,378000,1.0,0.0
2004-03-26,17.12,17.33,17.03,17.14,546500,1.0,0.0
2004-03-29,17.15,17.52,17.1,17.31,622100,1.0,0.0
2004-03-30,17.31,17.82,17.29,17.78,356200,1.0,0.0
2004-03-31,17.75,17.91,17.51,17.77,316000,1.0,0.0
2004-04-01,17.72,18.48,17.68,18.2,571600,1.0,0.0
2004-04-02,18.45,19.24,18.45,19.02,759600,1.0,0.0
2004-04-05,18.02,18.25,17.72,17.96,786800,1.0,0.0
2004-04-06,17.97,18.16,17.67,17.71,571600,1.0,0.0
2004-04-07,17.86,17.91,17.51,17.73,360200,1.0,0.0
2004-04-08,17.98,17.98,17.22,17.29,445400,1.0,0.0
2004-04-12,17.29,17.75,17.28,17.66,751800,1.0,0.0
2004-04-13,17.81,17.85,17.26,17.32,290400,1.0,0.0
2004-04-14,17.32,17.39,16.99,17.11,406300,1.0,0.0
2004-04-15,17.25,17.39,16.73,16.98,418300,1.0,0.0
2004-04-16,16.98,17.3,16.71,17.2,589000,1.0,0.0
2004-04-19,17.2,17.2,16.75,16.85,803900,1.0,0.0
2004-04-20,16.95,17.15,16.76,16.76,715200,1.0,0.0
2004-04-21,16.9,16.91,16.45,16.85,708500,1.0,0.0
2004-04-22,17.1,19.94,17.1,19.87,2276800,1.0,0.0
2004-04-23,19.57,19.66,19.05,19.27,1053400,1.0,0.0
2004-04-26,19.28,19.34,18.73,18.95,1091700,1.0,0.0
2004-04-27,18.95,18.96,18.32,18.6,1082500,1.0,0.0
2004-04-28,18.57,18.57,18.0,18.1,502800,1.0,0.0
2004-04-29,18.1,18.3,17.16,17.75,1580400,1.0,0.0
2004-04-30,17.75,17.75,17.19,17.2,855900,1.0,0.0
2004-05-03,17.2,17.93,17.12,17.74,912100,1.0,0.0
2004-05-04,17.72,18.27,17.24,17.9,731300,1.0,0.0
2004-05-05,17.91,18.12,17.68,18.02,740500,1.0,0.0
2004-05-06,17.8,18.0,17.35,17.81,498000,1.0,0.0
2004-05-07,17.71,17.79,17.06,17.3,725400,1.0,0.0
2004-05-10,17.23,17.3,16.75,17.0,640100,1.0,0.0
2004-05-11,16.99,17.2,16.71,17.0,818400,1.0,0.0
2004-05-12,16.89,16.89,16.09,16.71,1084100,1.0,0.0
2004-05-13,16.5,16.64,16.25,16.48,585400,1.0,0.0
2004-05-14,16.5,16.6,16.08,16.08,646500,1.0,0.0
2004-05-17,15.96,16.37,15.73,16.03,496100,1.0,0.0
2004-05-18,16.03,16.15,15.7,16.05,649100,1.0,0.0
2004-05-19,16.35,16.64,16.05,16.18,577000,1.0,0.0
2004-05-20,16.16,16.28,15.62,16.01,519700,1.0,0.0
2004-05-21,16.1,16.31,15.84,15.89,367200,1.0,0.0
2004-05-24,16.05,16.38,15.9,16.27,526900,1.0,0.0
2004-05-25,16.2,16.51,16.03,16.4,530200,1.0,0.0
2004-05-26,16.4,16.6,16.15,16.59,196300,1.0,0.0
2004-05-27,16.58,17.09,16.5,17.03,633200,1.0,0.0
2004-05-28,16.91,17.1,16.7,17.1,330900,1.0,0.0
2004-06-01,16.87,17.19,16.8,17.15,415100,1.0,0.0
2004-06-02,17.4,17.5,17.05,17.08,397900,1.0,0.0
2004-06-03,17.08,17.08,16.6,16.6,255100,1.0,0.0
2004-06-04,16.88,17.16,16.62,16.85,291100,1.0,0.0
2004-06-07,17.03,17.08,16.77,17.07,374200,1.0,0.0
2004-06-08,17.09,17.55,17.0,17.39,306900,1.0,0.0
2004-06-09,17.39,17.42,16.43,16.49,776900,1.0,0.0
2004-06-10,16.69,17.02,16.55,16.99,747800,1.0,0.0
2004-06-14,16.89,16.94,16.68,16.79,544200,1.0,0.0
2004-06-15,16.89,17.1,16.67,16.88,525000,1.0,0.0
2004-06-16,17.08,17.15,16.7,16.75,489300,1.0,0.0
2004-06-17,16.92,17.09,16.6,16.98,316000,1.0,0.0
2004-06-18,16.98,17.09,16.77,16.92,360800,1.0,0.0
2004-06-21,16.92,17.2,16.76,17.12,448000,1.0,0.0
2004-06-22,17.22,17.32,16.99,17.16,417800,1.0,0.0
2004-06-23,17.2,17.37,16.92,17.3,248900,1.0,0.0
2004-06-24,17.5,17.5,17.05,17.15,627800,1.0,0.0
2004-06-25,17.25,17.7,17.17,17.7,964900,1.0,0.0
2004-06-28,17.68,17.98,17.5,17.79,591200,1.0,0.0
2004-06-29,17.88,18.15,17.79,18.0,398100,1.0,0.0
2004-06-30,17.98,18.03,17.74,17.89,487600,1.0,0.0
2004-07-01,17.99,18.05,17.56,17.62,350600,1.0,0.0
2004-07-02,17.63,17.63,17.21,17.53,323200,1.0,0.0
2004-07-06,17.5,17.5,17.13,17.2,215100,1.0,0.0
2004-07-07,17.12,17.59,17.12,17.51,400000,1.0,0.0
2004-07-08,17.35,17.84,17.35,17.68,906200,1.0,0.0
2004-07-09,17.8,17.88,17.61,17.63,457500,1.0,0.0
2004-07-12,17.64,18.17,17.54,18.05,508900,1.0,0.0
2004-07-13,18.05,18.39,17.96,18.17,715600,1.0,0.0
2004-07-14,18.17,18.17,17.92,18.13,466400,1.0,0.0
2004-07-15,18.1,18.12,17.85,18.0,390500,1.0,0.0
2004-07-16,18.05,18.16,17.9,17.94,284100,1.0,0.0
2004-07-19,18.0,18.0,17.61,17.72,511100,1.0,0.0
2004-07-20,17.87,19.0,17.84,18.99,1083400,1.0,0.0
2004-07-21,20.0,20.54,19.06,19.45,2855500,1.0,0.0
2004-07-22,19.51,19.84,19.5,19.72,1095300,1.0,0.0
2004-07-23,19.67,19.72,19.32,19.33,660800,1.0,0.0
2004-07-26,19.43,19.73,19.28,19.54,595400,1.0,0.0
2004-07-27,19.56,19.9,19.4,19.74,658000,1.0,0.0
2004-07-28,19.78,19.78,19.13,19.64,608500,1.0,0.0
2004-07-29,19.67,19.97,19.56,19.92,731500,1.0,0.0
2004-07-30,19.92,19.94,19.75,19.84,398600,1.0,0.0
2004-08-02,19.44,20.0,19.31,20.0,561100,1.0,0.0
2004-08-03,20.0,20.22,19.9,20.0,482800,1.0,0.0
2004-08-04,19.75,20.1,19.36,19.8,471000,1.0,0.0
2004-08-05,19.74,19.74,19.34,19.34,303300,1.0,0.0
2004-08-06,19.25,19.25,18.81,19.04,493600,1.0,0.0
2004-08-09,18.99,19.11,18.75,18.93,229900,1.0,0.0
2004-08-10,19.1,19.34,19.05,19.2,263200,1.0,0.0
2004-08-11,19.2,19.38,18.8,19.25,217500,1.0,0.0
2004-08-12,19.05,19.1,18.75,18.85,272600,1.0,0.0
2004-08-13,18.82,18.95,18.6,18.7,287600,1.0,0.0
2004-08-16,18.73,19.3,18.71,19.3,353500,1.0,0.0
2004-08-17,19.55,19.63,19.26,19.26,335100,1.0,0.0
2004-08-18,19.17,19.95,19.05,19.89,401600,1.0,0.0
2004-08-19,19.7,19.82,19.27,19.51,481700,1.0,0.0
2004-08-20,19.61,20.24,19.61,20.18,497600,1.0,0.0
2004-08-23,20.19,20.35,19.76,19.95,396700,1.0,0.0
2004-08-24,20.1,20.25,19.83,20.02,399300,1.0,0.0
2004-08-25,20.02,20.22,19.93,20.07,313400,1.0,0.0
2004-08-26,20.17,20.49,20.09,20.4,471700,1.0,0.0
2004-08-27,20.47,20.5,20.26,20.39,209800,1.0,0.0
2004-08-30,20.3,20.3,15.9,16.0,7740600,1.0,0.0
2004-08-31,15.95,16.25,13.95,14.69,6128400,1.0,0.0
2004-09-01,15.0,15.5,14.38,14.51,2417400,1.0,0.0
2004-09-02,14.52,14.84,14.41,14.67,1965900,1.0,0.0
2004-09-03,14.57,15.26,14.57,15.03,912800,1.0,0.0
2004-09-07,15.07,15.35,14.86,14.95,796200,1.0,0.0
2004-09-08,14.97,15.42,14.95,15.2,978600,1.0,0.0
2004-09-09,15.2,15.22,14.95,15.11,829100,1.0,0.0
2004-09-10,15.15,15.25,14.87,15.16,411200,1.0,0.0
2004-09-13,15.23,15.31,15.09,15.28,462400,1.0,0.0
2004-09-14,15.31,15.34,15.01,15.25,478900,1.0,0.0
2004-09-15,15.3,15.63,15.3,15.6,783000,1.0,0.0
2004-09-16,15.45,15.94,15.45,15.9,648200,1.0,0.0
2004-09-17,16.0,16.05,15.54,15.61,463100,1.0,0.0
2004-09-20,15.6,15.82,15.6,15.73,315600,1.0,0.0
2004-09-21,15.85,16.3,15.81,16.17,569500,1.0,0.0
2004-09-22,16.1,16.1,15.72,15.9,469500,1.0,0.0
2004-09-23,15.91,16.14,15.75,16.02,299900,1.0,0.0
2004-09-24,16.06,16.25,15.92,16.1,317500,1.0,0.0
2004-09-27,16.0,16.0,15.74,15.74,363700,1.0,0.0
2004-09-28,15.66,15.9,14.22,14.3,2803300,1.0,0.0
2004-09-29,14.4,15.6,14.3,15.4,1546800,1.0,0.0
2004-09-30,15.44,16.0,15.33,15.89,1045800,1.0,0.0
2004-10-01,15.89,15.99,15.09,15.2,1325600,1.0,0.0
2004-10-04,15.5,15.9,15.09,15.87,1423200,1.0,0.0
2004-10-05,15.8,16.25,15.67,16.17,698300,1.0,0.0
2004-10-06,16.1,16.3,15.81,16.3,332600,1.0,0.0
2004-10-07,16.15,16.33,15.9,16.2,747500,1.0,0.0
2004-10-08,16.1,16.11,15.85,15.88,270700,1.0,0.0
2004-10-11,15.88,15.88,15.57,15.65,311800,1.0,0.0
2004-10-12,15.65,15.69,15.37,15.6,294700,1.0,0.0
2004-10-13,15.66,15.73,15.31,15.58,268000,1.0,0.0
2004-10-14,15.54,15.75,15.32,15.44,268300,1.0,0.0
2004-10-15,15.45,15.88,15.33,15.69,250900,1.0,0.0
2004-10-18,15.59,16.15,15.37,16.15,517400,1.0,0.0
2004-10-19,16.15,16.25,15.52,15.52,291300,1.0,0.0
2004-10-20,15.5,16.09,15.4,15.96,417400,1.0,0.0
2004-10-21,15.9,16.05,15.68,15.83,351500,1.0,0.0
2004-10-22,15.92,16.04,15.51,15.62,323300,1.0,0.0
2004-10-25,15.48,15.84,15.23,15.47,489400,1.0,0.0
2004-10-26,15.6,15.95,15.25,15.85,422300,1.0,0.0
2004-10-27,15.8,15.9,15.66,15.86,329500,1.0,0.0
2004-10-28,15.8,15.87,15.42,15.61,360800,1.0,0.0
2004-10-29,15.5,15.68,15.34,15.45,281900,1.0,0.0
2004-11-01,15.51,15.85,15.31,15.85,387800,1.0,0.0
2004-11-02,16.0,16.09,15.6,15.7,455900,1.0,0.0
2004-11-03,15.85,16.46,15.7,16.4,554100,1.0,0.0
2004-11-04,16.3,16.57,16.15,16.54,392700,1.0,0.0
2004-11-05,16.7,16.76,16.55,16.67,367600,1.0,0.0
2004-11-08,16.57,16.92,16.57,16.83,430100,1.0,0.0
2004-11-09,16.9,16.9,16.57,16.8,219800,1.0,0.0
2004-11-10,16.8,16.85,16.5,16.7,354600,1.0,0.0
2004-11-11,16.68,16.79,16.25,16.58,816200,1.0,0.0
2004-11-12,16.58,16.58,16.37,16.5,760700,1.0,0.0
2004-11-15,16.51,16.97,16.47,16.87,436400,1.0,0.0
2004-11-16,16.77,17.1,16.65,16.93,229300,1.0,0.0
2004-11-17,17.11,17.38,16.99,16.99,334400,1.0,0.0
2004-11-18,17.0,17.17,16.65,17.1,198700,1.0,0.0
2004-11-19,17.11,17.11,16.51,16.6,254500,1.0,0.0
2004-11-22,16.7,16.96,16.52,16.94,314600,1.0,0.0
2004-11-23,17.04,17.43,16.9,17.42,401700,1.0,0.0
2004-11-24,17.42,18.22,17.4,18.17,705200,1.0,0.0
2004-11-26,18.27,18.27,17.87,17.88,175200,1.0,0.0
2004-11-29,18.1,18.1,17.59,17.62,422700,1.0,0.0
2004-11-30,17.72,18.07,17.43,17.87,494200,1.0,0.0
2004-12-01,17.87,18.38,17.86,18.22,345800,1.0,0.0
2004-12-02,18.22,18.27,18.0,18.12,293400,1.0,0.0
2004-12-03,18.25,18.4,18.1,18.14,288800,1.0,0.0
2004-12-06,18.08,18.15,17.71,17.75,447500,1.0,0.0
2004-12-07,17.9,17.95,17.55,17.68,473400,1.0,0.0
2004-12-08,17.77,18.34,17.7,18.0,498400,1.0,0.0
2004-12-09,18.01,18.17,17.55,17.81,468800,1.0,0.0
2004-12-10,17.75,18.32,17.55,18.25,316200,1.0,0.0
2004-12-13,18.25,18.25,17.97,18.08,715200,1.0,0.0
2004-12-14,18.11,18.59,18.03,18.5,386000,1.0,0.0
2004-12-15,18.5,18.52,18.16,18.43,265700,1.0,0.0
2004-12-16,18.51,18.72,18.36,18.43,244600,1.0,0.0
2004-12-17,18.33,18.4,17.98,18.1,347400,1.0,0.0
2004-12-20,18.1,18.26,17.85,18.03,255800,1.0,0.0
2004-12-21,18.23,18.65,18.23,18.61,235500,1.0,0.0
2004-12-22,18.62,18.99,18.62,18.7,195500,1.0,0.0
2004-12-23,18.75,19.15,18.71,18.9,312900,1.0,0.0
2004-12-27,19.0,19.14,18.62,18.78,203200,1.0,0.0
2004-12-28,18.82,18.95,18.68,18.85,388100,1.0,0.0
2004-12-29,18.85,19.04,18.75,18.96,147900,1.0,0.0
2004-12-30,19.0,19.1,18.73,18.87,86300,1.0,0.0
2004-12-31,18.89,19.16,18.84,18.9,337500,1.0,0.0
2005-01-03,18.98,19.38,18.85,19.0,365300,1.0,0.0
2005-01-04,19.12,19.13,18.41,18.6,410000,1.0,0.0
2005-01-05,18.61,18.61,18.15,18.22,484600,1.0,0.0
2005-01-06,18.25,18.55,18.25,18.35,277400,1.0,0.0
2005-01-07,18.4,18.4,18.02,18.03,213400,1.0,0.0
2005-01-10,17.9,18.25,17.8,18.02,325900,1.0,0.0
2005-01-11,17.9,17.95,17.62,17.66,432500,1.0,0.0
2005-01-12,17.66,17.68,17.05,17.41,686800,1.0,0.0
2005-01-13,17.39,17.5,17.03,17.07,375600,1.0,0.0
2005-01-14,17.15,17.48,17.03,17.3,244200,1.0,0.0
2005-01-18,17.31,17.75,17.26,17.59,237300,1.0,0.0
2005-01-19,17.68,18.06,17.2,17.31,557000,1.0,0.0
2005-01-20,17.25,17.37,16.83,16.95,348500,1.0,0.0
2005-01-21,17.05,17.08,16.53,16.57,469100,1.0,0.0
2005-01-24,16.5,16.61,16.15,16.23,422900,1.0,0.0
2005-01-25,16.4,16.64,16.16,16.52,816100,1.0,0.0
2005-01-26,16.67,16.72,16.17,16.27,273900,1.0,0.0
2005-01-27,16.27,16.4,16.14,16.22,417700,1.0,0.0
2005-01-28,16.32,16.68,16.26,16.63,292900,1.0,0.0
2005-01-31,16.73,17.16,16.73,17.01,356600,1.0,0.0
2005-02-01,17.05,17.2,16.85,17.03,235100,1.0,0.0
2005-02-02,17.21,17.26,17.04,17.21,139700,1.0,0.0
2005-02-03,17.22,17.23,16.9,17.05,218900,1.0,0.0
2005-02-04,17.0,17.65,16.89,17.63,458700,1.0,0.0
2005-02-07,17.64,18.23,17.61,18.15,811600,1.0,0.0
2005-02-08,18.2,18.49,18.1,18.3,736700,1.0,0.0
2005-02-09,18.35,18.4,17.87,17.92,543000,1.0,0.0
2005-02-10,17.96,18.1,17.5,17.86,434300,1.0,0.0
2005-02-11,17.86,18.05,17.6,17.9,363200,1.0,0.0
2005-02-14,17.85,17.87,17.63,17.75,404600,1.0,0.0
2005-02-15,17.75,17.82,17.51,17.62,434300,1.0,0.0
2005-02-16,17.62,17.88,17.35,17.77,345900,1.0,0.0
2005-02-17,17.78,17.88,17.42,17.46,290200,1.0,0.0
2005-02-18,17.48,17.68,17.48,17.64,661700,1.0,0.0
2005-02-22,17.64,17.7,17.31,17.51,300700,1.0,0.0
2005-02-23,17.61,17.83,17.54,17.63,372500,1.0,0.0
2005-02-24,17.64,17.7,17.43,17.68,403800,1.0,0.0
2005-02-25,17.66,19.0,17.66,19.0,1232100,1.0,0.0
2005-02-28,19.0,19.28,18.73,18.92,1141600,1.0,0.0
2005-03-01,18.95,19.78,18.88,19.76,674100,1.0,0.0
2005-03-02,19.68,19.99,19.43,19.93,534900,1.0,0.0
2005-03-03,19.93,19.97,19.61,19.88,511200,1.0,0.0
2005-03-04,19.95,20.11,19.85,20.03,439200,1.0,0.0
2005-03-07,20.03,20.23,19.94,19.99,578200,1.0,0.0
2005-03-08,20.0,20.0,19.75,19.83,375300,1.0,0.0
2005-03-09,20.5,20.9,20.17,20.42,1860500,1.0,0.0
2005-03-10,20.43,20.89,20.4,20.69,887400,1.0,0.0
2005-03-11,20.88,21.16,20.22,20.48,817900,1.0,0.0
2005-03-14,20.49,21.55,20.053,21.55,1609800,1.0,0.0
2005-03-15,21.56,21.87,21.06,21.26,877700,1.0,0.0
2005-03-16,21.26,21.55,21.15,21.3,933500,1.0,0.0
2005-03-17,21.3,21.3,20.89,21.08,637800,1.0,0.0
2005-03-18,21.0,21.1,20.75,20.95,869300,1.0,0.0
2005-03-21,21.01,21.13,20.69,20.75,522100,1.0,0.0
2005-03-22,20.76,20.98,20.7,20.84,707600,1.0,0.0
2005-03-23,20.85,20.9,20.64,20.75,245400,1.0,0.0
2005-03-24,20.79,20.85,20.6,20.6,304600,1.0,0.0
2005-03-28,20.67,20.79,20.6,20.75,502800,1.0,0.0
2005-03-29,20.76,20.95,20.6,20.62,612500,1.0,0.0
2005-03-30,20.65,20.73,20.19,20.47,627200,1.0,0.0
2005-03-31,20.52,20.52,20.1,20.21,892700,1.0,0.0
2005-04-01,20.33,20.57,19.52,19.86,1292500,1.0,0.0
2005-04-04,19.88,20.13,19.63,20.0,797500,1.0,0.0
2005-04-05,19.96,20.12,19.83,19.9,383700,1.0,0.0
2005-04-06,19.98,20.04,19.84,19.87,699800,1.0,0.0
2005-04-07,19.89,19.99,19.75,19.9,300400,1.0,0.0
2005-04-08,19.95,19.99,19.72,19.82,385000,1.0,0.0
2005-04-11,19.79,19.84,19.45,19.7,554500,1.0,0.0
2005-04-12,19.7,19.92,19.36,19.82,602600,1.0,0.0
2005-04-13,19.87,19.99,19.7,19.73,755700,1.0,0.0
2005-04-14,19.73,19.73,18.52,18.6,1051400,1.0,0.0
2005-04-15,18.6,18.86,18.25,18.3,506800,1.0,0.0
2005-04-18,18.3,18.5,18.14,18.2,468300,1.0,0.0
2005-04-19,18.26,18.65,18.14,18.59,449300,1.0,0.0
2005-04-20,18.54,18.96,18.13,18.13,458700,1.0,0.0
2005-04-21,18.38,18.59,18.16,18.53,568900,1.0,0.0
2005-04-22,18.6,18.85,18.06,18.25,1362600,1.0,0.0
2005-04-25,18.32,18.67,18.27,18.62,341300,1.0,0.0
2005-04-26,18.62,18.98,18.4,18.8,478200,1.0,0.0
2005-04-27,18.75,18.86,18.4,18.62,521600,1.0,0.0
2005-04-28,18.6,18.75,18.47,18.47,635100,1.0,0.0
2005-04-29,18.51,18.73,18.17,18.39,538400,1.0,0.0
2005-05-02,18.5,19.17,18.5,18.88,575100,1.0,0.0
2005-05-03,18.81,19.03,18.6,18.66,535000,1.0,0.0
2005-05-04,19.1,19.23,17.12,18.0,1714800,1.0,0.0
2005-05-05,17.95,18.16,17.5,17.71,658100,1.0,0.0
2005-05-06,17.8,17.96,17.55,17.82,988700,1.0,0.0
2005-05-09,17.87,18.29,17.74,18.23,1000300,1.0,0.0
2005-05-10,18.19,18.49,17.77,18.3,581700,1.0,0.0
2005-05-11,18.3,18.31,17.83,18.27,422200,1.0,0.0
2005-05-12,18.28,18.38,17.96,18.0,702700,1.0,0.0
2005-05-13,18.04,18.14,17.63,17.83,464500,1.0,0.0
2005-05-16,17.77,18.25,17.77,18.19,331200,1.0,0.0
2005-05-17,18.09,18.28,17.81,18.25,1262000,1.0,0.0
2005-05-18,18.35,19.05,18.35,18.95,600100,1.0,0.0
2005-05-19,18.96,18.97,18.74,18.83,257700,1.0,0.0
2005-05-20,18.85,18.89,18.55,18.89,293800,1.0,0.0
2005-05-23,18.91,19.1,18.84,18.96,340400,1.0,0.0
2005-05-24,18.92,19.05,18.77,18.93,155600,1.0,0.0
2005-05-25,18.82,18.99,18.45,18.48,415400,1.0,0.0
2005-05-26,18.5,18.75,18.46,18.6,482600,1.0,0.0
2005-05-27,18.6,19.6,18.51,19.32,713800,1.0,0.0
2005-05-31,19.4,20.21,19.25,20.08,720100,1.0,0.0
2005-06-01,20.13,20.13,19.6,19.71,658800,1.0,0.0
2005-06-02,19.5,20.07,19.45,19.9,435800,1.0,0.0
2005-06-03,19.9,19.9,19.61,19.81,331100,1.0,0.0
2005-06-06,19.5,19.57,19.25,19.38,675400,1.0,0.0
2005-06-07,19.45,20.11,19.45,19.88,490600,1.0,0.0
2005-06-08,19.98,20.08,19.82,19.92,529900,1.0,0.0
2005-06-09,19.94,19.95,19.49,19.69,402800,1.0,0.0
2005-06-10,19.69,19.89,19.5,19.77,480200,1.0,0.0
2005-06-13,19.77,20.5,19.62,20.5,1313900,1.0,0.0
2005-06-14,20.45,21.07,20.4,21.05,532000,1.0,0.0
2005-06-15,21.14,21.2,20.7,21.15,520100,1.0,0.0
2005-06-16,21.2,21.2,21.05,21.1,1086800,1.0,0.0
2005-06-17,21.18,21.37,21.05,21.23,1153300,1.0,0.0
2005-06-20,21.12,21.25,21.0,21.05,579000,1.0,0.0
2005-06-21,21.11,21.23,20.65,20.66,947900,1.0,0.0
2005-06-22,20.69,20.78,20.3,20.5,548700,1.0,0.0
2005-06-23,20.51,20.6,20.06,20.13,696500,1.0,0.0
2005-06-24,20.21,20.35,19.81,19.94,1566300,1.0,0.0
2005-06-27,19.94,20.26,19.85,19.94,511600,1.0,0.0
2005-06-28,20.19,20.41,20.0,20.35,475200,1.0,0.0
2005-06-29,20.5,20.55,20.24,20.3,530300,1.0,0.0
2005-06-30,20.4,20.47,20.17,20.21,737800,1.0,0.0
2005-07-01,20.39,20.49,20.1,20.1,502800,1.0,0.0
2005-07-05,20.11,20.3,20.09,20.24,767700,1.0,0.0
2005-07-06,20.32,20.33,20.04,20.11,353000,1.0,0.0
2005-07-07,20.03,20.18,19.6,19.98,334100,1.0,0.0
2005-07-08,19.94,20.21,19.85,20.06,636000,1.0,0.0
2005-07-11,20.1,20.35,20.1,20.26,656600,1.0,0.0
2005-07-12,20.24,20.34,19.99,20.25,613700,1.0,0.0
2005-07-13,20.29,20.4,20.21,20.21,421700,1.0,0.0
2005-07-14,19.3,19.55,16.46,17.3,6913600,1.0,0.0
2005-07-15,17.3,17.91,17.3,17.54,3467900,1.0,0.0
2005-07-18,17.49,17.86,17.48,17.65,1286400,1.0,0.0
2005-07-19,17.65,18.5,17.65,18.42,1482600,1.0,0.0
2005-07-20,18.32,18.79,18.1,18.75,797700,1.0,0.0
2005-07-21,18.69,18.82,18.03,18.2,915900,1.0,0.0
2005-07-22,18.15,18.67,18.12,18.67,409500,1.0,0.0
2005-07-25,18.63,18.74,18.25,18.38,442800,1.0,0.0
2005-07-26,18.43,18.5,18.23,18.4,766700,1.0,0.0
2005-07-27,18.48,18.55,18.27,18.47,651500,1.0,0.0
2005-07-28,18.57,18.85,18.57,18.8,914100,1.0,0.0
2005-07-29,18.75,18.79,18.46,18.6,578700,1.0,0.0
2005-08-01,18.64,18.89,18.63,18.75,708900,1.0,0.0
2005-08-02,18.8,18.93,18.74,18.76,337400,1.0,0.0
2005-08-03,18.74,18.8,18.45,18.49,564300,1.0,0.0
2005-08-04,18.58,18.64,18.15,18.15,385800,1.0,0.0
2005-08-05,18.15,18.15,17.65,17.8,995200,1.0,0.0
2005-08-08,17.89,18.1,17.67,17.95,585800,1.0,0.0
2005-08-09,17.95,18.04,17.55,17.9,1701200,1.0,0.0
2005-08-10,17.82,17.96,17.55,17.68,1135600,1.0,0.0
2005-08-11,17.68,18.08,17.66,18.0,834900,1.0,0.0
2005-08-12,18.0,18.6,17.65,18.57,920200,1.0,0.0
2005-08-15,18.59,18.7,18.35,18.49,648900,1.0,0.0
2005-08-16,18.34,18.35,17.67,17.79,1128800,1.0,0.0
2005-08-17,17.79,18.19,17.62,17.99,567200,1.0,0.0
2005-08-18,17.8,18.06,17.6,17.9,494300,1.0,0.0
2005-08-19,17.88,18.0,17.62,18.0,343500,1.0,0.0
2005-08-22,17.98,18.04,17.75,18.0,606400,1.0,0.0
2005-08-23,18.07,18.1,17.75,17.9,494200,1.0,0.0
2005-08-24,17.89,17.94,17.71,17.89,958400,1.0,0.0
2005-08-25,17.9,18.1,17.88,17.95,392600,1.0,0.0
2005-08-26,17.99,17.99,17.38,17.41,585400,1.0,0.0
2005-08-29,17.53,17.76,17.41,17.65,470500,1.0,0.0
2005-08-30,17.66,17.88,17.29,17.39,968900,1.0,0.0
2005-08-31,17.46,18.1,17.16,18.05,760300,1.0,0.0
2005-09-01,18.05,19.9,18.05,19.9,1980800,1.0,0.0
2005-09-02,20.0,20.99,19.18,19.34,1335500,1.0,0.0
2005-09-06,19.47,20.28,19.47,20.26,1258700,1.0,0.0
2005-09-07,20.21,20.85,20.19,20.84,1491400,1.0,0.0
2005-09-08,20.7,20.76,20.26,20.3,494100,1.0,0.0
2005-09-09,20.41,20.48,20.05,20.29,466200,1.0,0.0
2005-09-12,20.35,20.4,20.05,20.18,1097700,1.0,0.0
2005-09-13,20.2,20.2,19.79,19.8,549500,1.0,0.0
2005-09-14,19.97,20.0,19.57,19.57,517400,1.0,0.0
2005-09-15,19.72,19.8,19.59,19.76,555000,1.0,0.0
2005-09-16,19.87,19.98,19.6,19.64,892100,1.0,0.0
2005-09-19,19.65,19.65,19.34,19.44,389300,1.0,0.0
2005-09-20,19.49,19.75,19.26,19.35,597600,1.0,0.0
2005-09-21,19.35,19.64,19.22,19.22,638300,1.0,0.0
2005-09-22,19.17,19.47,19.01,19.34,515700,1.0,0.0
2005-09-23,19.46,20.24,19.34,19.97,710300,1.0,0.0
2005-09-26,20.04,20.24,19.51,19.72,358100,1.0,0.0
2005-09-27,19.63,19.78,19.31,19.63,308800,1.0,0.0
2005-09-28,19.7,19.75,19.0,19.09,528300,1.0,0.0
2005-09-29,19.12,19.59,19.01,19.59,316200,1.0,0.0
2005-09-30,19.49,19.89,19.44,19.71,307000,1.0,0.0
2005-10-03,19.73,20.06,19.45,19.85,612800,1.0,0.0
2005-10-04,19.85,20.25,19.15,19.16,832600,1.0,0.0
2005-10-05,19.17,19.28,18.06,18.23,905800,1.0,0.0
2005-10-06,18.29,18.43,18.0,18.16,599500,1.0,0.0
2005-10-07,18.16,18.5,18.13,18.39,529700,1.0,0.0
2005-10-10,18.5,18.96,18.2,18.29,499800,1.0,0.0
2005-10-11,18.39,18.4,17.74,17.83,803500,1.0,0.0
2005-10-12,17.8,18.09,17.6,17.69,515600,1.0,0.0
2005-10-13,17.7,17.84,17.52,17.76,755700,1.0,0.0
2005-10-14,17.97,17.97,17.45,17.88,688200,1.0,0.0
2005-10-17,17.83,18.05,17.48,17.8,650600,1.0,0.0
2005-10-18,17.84,18.04,17.54,17.61,540400,1.0,0.0
2005-10-19,17.36,18.15,17.06,18.12,810100,1.0,0.0
2005-10-20,18.26,18.27,17.69,17.94,581200,1.0,0.0
2005-10-21,17.95,18.26,17.84,18.01,298600,1.0,0.0
2005-10-24,18.01,18.76,18.01,18.55,677400,1.0,0.0
2005-10-25,18.48,18.49,18.25,18.48,328300,1.0,0.0
2005-10-26,18.48,18.86,18.18,18.31,482700,1.0,0.0
2005-10-27,18.27,18.31,17.77,18.01,327400,1.0,0.0
2005-10-28,18.05,18.87,18.05,18.86,595900,1.0,0.0
2005-10-31,18.96,19.84,18.73,19.57,1018800,1.0,0.0
2005-11-01,19.56,19.69,18.72,19.64,1479000,1.0,0.0
2005-11-02,19.64,19.96,19.5,19.9,1138600,1.0,0.0
2005-11-03,20.0,20.23,19.9,20.15,563100,1.0,0.0
2005-11-04,20.15,20.23,19.9,20.13,322300,1.0,0.0
2005-11-07,20.09,20.3,19.94,20.27,573400,1.0,0.0
2005-11-08,20.09,20.2,19.85,19.91,371300,1.0,0.0
2005-11-09,19.93,20.25,19.76,19.91,667100,1.0,0.0
2005-11-10,19.95,20.5,19.6,20.47,561800,1.0,0.0
2005-11-11,20.47,20.54,20.22,20.47,249800,1.0,0.0
2005-11-14,20.47,20.48,20.12,20.37,272900,1.0,0.0
2005-11-15,20.41,20.76,20.0,20.31,503800,1.0,0.0
2005-11-16,20.3,20.38,19.75,19.8,604300,1.0,0.0
2005-11-17,20.0,20.88,19.93,20.77,905300,1.0,0.0
2005-11-18,20.98,21.11,20.75,21.05,833400,1.0,0.0
2005-11-21,21.1,21.49,20.8,21.41,548400,1.0,0.0
2005-11-22,21.28,21.38,21.1,21.12,402700,1.0,0.0
2005-11-23,21.0,21.34,20.91,20.94,382500,1.0,0.0
2005-11-25,20.95,21.12,20.72,21.07,41700,1.0,0.0
2005-11-28,21.11,21.12,20.4,20.71,438500,1.0,0.0
2005-11-29,20.9,21.28,20.85,21.24,458900,1.0,0.0
2005-11-30,21.25,21.38,21.0,21.16,301900,1.0,0.0
2005-12-01,21.25,21.86,21.16,21.85,628400,1.0,0.0
2005-12-02,21.88,22.0,21.45,21.63,499100,1.0,0.0
2005-12-05,21.7,21.96,21.43,21.93,957300,1.0,0.0
2005-12-06,21.96,24.31,21.91,23.65,2926400,1.0,0.0
2005-12-07,23.6,24.09,23.47,23.7,1077800,1.0,0.0
2005-12-08,23.77,24.21,23.55,24.0,713000,1.0,0.0
2005-12-09,23.99,24.2,23.6,24.03,485400,1.0,0.0
2005-12-12,24.1,24.62,24.02,24.42,791600,1.0,0.0
2005-12-13,24.37,24.425,23.96,24.0,763900,1.0,0.0
2005-12-14,24.06,24.12,23.91,24.04,530400,1.0,0.0
2005-12-15,24.05,24.15,23.945,24.09,617700,1.0,0.0
2005-12-16,24.2,24.3,23.85,24.04,994400,1.0,0.0
2005-12-19,24.0,24.0,23.56,23.59,449300,1.0,0.0
2005-12-20,23.66,23.97,23.41,23.76,497800,1.0,0.0
2005-12-21,23.85,24.36,23.81,24.01,583000,1.0,0.0
2005-12-22,24.03,24.2,23.68,23.96,948000,1.0,0.0
2005-12-23,24.0,24.1,23.92,23.94,615400,1.0,0.0
2005-12-27,23.94,24.1,23.65,23.86,513300,1.0,0.0
2005-12-28,23.88,24.05,23.74,23.97,372300,1.0,0.0
2005-12-29,23.87,24.0,23.78,23.78,351900,1.0,0.0
2005-12-30,23.79,23.79,23.16,23.39,624600,1.0,0.0
2006-01-03,23.59,23.87,23.07,23.82,728200,1.0,0.0
2006-01-04,23.81,23.94,23.52,23.74,623100,1.0,0.0
2006-01-05,23.67,23.9,23.57,23.84,752100,1.0,0.0
2006-01-06,23.99,23.99,23.58,23.8,395800,1.0,0.0
2006-01-09,23.84,24.2,23.75,24.11,669600,1.0,0.0
2006-01-10,24.12,25.0,23.98,24.98,939400,1.0,0.0
2006-01-11,25.0,25.02,24.73,24.94,720800,1.0,0.0
2006-01-12,24.95,25.11,24.82,25.0,753900,1.0,0.0
2006-01-13,25.05,25.18,24.87,25.02,703000,1.0,0.0
2006-01-17,24.95,24.99,24.62,24.95,490200,1.0,0.0
2006-01-18,24.89,25.0,24.8,24.94,633600,1.0,0.0
2006-01-19,24.93,25.87,24.91,25.64,957300,1.0,0.0
2006-01-20,25.76,25.76,24.72,25.0,1114800,1.0,0.0
2006-01-23,25.05,25.3,24.95,25.11,661200,1.0,0.0
2006-01-24,25.14,25.2,24.82,25.1,769800,1.0,0.0
2006-01-25,25.11,25.35,25.0,25.3,449800,1.0,0.0
2006-01-26,26.05,28.93,26.05,28.8,3803500,1.0,0.0
2006-01-27,28.55,29.1,28.46,29.04,2655500,1.0,0.0
2006-01-30,28.85,29.3,28.5,29.23,1487300,1.0,0.0
2006-01-31,29.24,29.47,29.0,29.31,1196300,1.0,0.0
2006-02-01,29.31,29.89,29.19,29.71,1482100,1.0,0.0
2006-02-02,29.8,30.36,29.67,29.97,1229700,1.0,0.0
2006-02-03,29.77,30.06,29.6,29.85,422300,1.0,0.0
2006-02-06,29.95,29.95,29.49,29.65,449600,1.0,0.0
2006-02-07,29.9,29.94,29.12,29.28,840700,1.0,0.0
2006-02-08,29.51,29.91,29.09,29.91,491800,1.0,0.0
2006-02-09,29.95,30.09,29.85,29.89,576700,1.0,0.0
2006-02-10,29.76,30.02,29.29,29.95,666200,1.0,0.0
2006-02-13,29.95,29.95,29.56,29.75,362300,1.0,0.0
2006-02-14,29.8,30.63,29.64,30.58,1012600,1.0,0.0
2006-02-15,30.64,31.29,30.5,31.04,750700,1.0,0.0
2006-02-16,31.1,31.43,31.07,31.29,551400,1.0,0.0
2006-02-17,31.45,31.63,30.89,31.39,326100,1.0,0.0
2006-02-21,31.51,31.66,31.3,31.49,435600,1.0,0.0
2006-02-22,31.6,31.85,31.36,31.63,419100,1.0,0.0
2006-02-23,31.5,31.88,31.29,31.43,405600,1.0,0.0
2006-02-24,32.0,33.5,32.0,32.9,992400,1.0,0.0
2006-02-27,32.9,33.03,32.65,32.84,820900,1.0,0.0
2006-02-28,32.84,32.85,32.41,32.6,691000,1.0,0.0
2006-03-01,32.71,33.14,32.5,33.14,728300,1.0,0.0
2006-03-02,33.1,33.4,33.03,33.16,651400,1.0,0.0
2006-03-03,33.1,33.73,33.04,33.33,665700,1.0,0.0
2006-03-06,32.38,34.29,32.38,34.02,1245700,1.0,0.0
2006-03-07,34.65,34.65,31.501,31.76,2478800,1.0,0.0
2006-03-08,31.91,32.14,31.26,31.83,1360000,1.0,0.0
2006-03-09,31.83,31.85,31.22,31.29,543100,1.0,0.0
2006-03-10,31.2,31.71,30.44,31.4,564300,1.0,0.0
2006-03-13,31.5,32.59,31.5,32.56,1176200,1.0,0.0
2006-03-14,32.56,33.54,32.2401,33.54,798000,1.0,0.0
2006-03-15,33.5,34.0,33.13,33.88,622600,1.0,0.0
2006-03-16,33.99,34.5,33.78,34.11,1058000,1.0,0.0
2006-03-17,34.11,34.27,33.71,33.8,1262600,1.0,0.0
2006-03-20,33.8,33.91,33.33,33.35,981000,1.0,0.0
2006-03-21,33.33,33.39,32.52,32.52,980100,1.0,0.0
2006-03-22,32.53,32.79,32.36,32.49,806500,1.0,0.0
2006-03-23,32.48,32.49,31.76,32.15,1502400,1.0,0.0
2006-03-24,32.22,32.85,32.13,32.19,778000,1.0,0.0
2006-03-27,32.05,32.48,32.05,32.2,453400,1.0,0.0
2006-03-28,32.45,33.38,32.45,32.58,684500,1.0,0.0
2006-03-29,32.68,33.6,32.59,33.48,688300,1.0,0.0
2006-03-30,33.51,33.98,32.61,32.63,579900,1.0,0.0
2006-03-31,32.75,35.48,31.88,34.5,3203700,1.0,0.0
2006-04-03,34.75,36.56,34.7,35.75,2494300,1.0,0.0
2006-04-04,35.7,35.73,35.2,35.44,1744300,1.0,0.0
2006-04-05,35.54,36.15,35.53,35.95,722800,1.0,0.0
2006-04-06,35.95,36.25,35.55,35.88,569400,1.0,0.0
2006-04-07,36.05,36.17,35.0,35.25,623800,1.0,0.0
2006-04-10,35.32,35.42,34.6,34.81,577000,1.0,0.0
2006-04-11,34.81,34.87,34.14,34.31,971100,1.0,0.0
2006-04-12,34.32,34.71,34.1701,34.6,594800,1.0,0.0
2006-04-13,30.25,34.59,30.0,34.35,1969500,1.0,0.0
2006-04-17,34.9,35.05,33.97,34.15,1019100,1.0,0.0
2006-04-18,34.2,35.07,34.2,35.04,1081300,1.0,0.0
2006-04-19,35.06,35.5,34.77,35.23,623800,1.0,0.0
2006-04-20,35.17,35.5,34.74,34.83,1000600,1.0,0.0
2006-04-21,35.44,35.58,34.8,35.18,714900,1.0,0.0
2006-04-24,35.15,35.35,34.9,34.99,501200,1.0,0.0
2006-04-25,34.75,35.09,34.62,35.0,1264100,1.0,0.0
2006-04-26,35.09,36.39,34.97,36.23,949000,1.0,0.0
2006-04-27,36.2,36.37,35.5,35.79,766000,1.0,0.0
2006-04-28,35.78,36.19,35.35,35.67,763300,1.0,0.0
2006-05-01,35.82,35.9799,35.25,35.49,646000,1.0,0.0
2006-05-02,35.35,36.18,35.2,36.09,625900,1.0,0.0
2006-05-03,36.1,36.24,35.8,36.08,534900,1.0,0.0
2006-05-04,36.15,36.17,35.72,36.12,527000,1.0,0.0
2006-05-05,36.32,36.9,36.07,36.75,760400,1.0,0.0
2006-05-08,36.75,37.35,36.65,36.91,929200,1.0,0.0
2006-05-09,37.2,37.84,36.95,37.57,1236400,1.0,0.0
2006-05-10,37.56,37.56,35.1501,36.78,2690100,1.0,0.0
2006-05-11,36.6,36.7,35.46,35.88,1596500,1.0,0.0
2006-05-12,35.82,35.83,33.8,33.83,1577300,1.0,0.0
2006-05-15,33.63,33.75,33.12,33.45,984200,1.0,0.0
2006-05-16,33.55,34.0804,33.15,33.42,771900,1.0,0.0
2006-05-17,33.17,33.43,31.9,32.02,1059400,1.0,0.0
2006-05-18,31.98,32.46,31.54,31.67,680200,1.0,0.0
2006-05-19,31.59,31.75,30.75,31.45,979400,1.0,0.0
2006-05-22,31.48,31.76,30.88,31.02,1044200,1.0,0.0
2006-05-23,31.5,31.99,31.25,31.43,849800,1.0,0.0
2006-05-24,31.53,31.81,30.26,31.05,1012000,1.0,0.0
2006-05-25,31.2,32.07,31.15,32.07,731900,1.0,0.0
2006-05-26,32.14,32.64,32.01,32.39,671400,1.0,0.0
2006-05-30,32.15,32.48,31.6,32.25,907800,1.0,0.0
2006-05-31,32.64,32.75,32.09,32.58,867800,1.0,0.0
2006-06-01,32.58,33.3,32.35,33.17,1020000,1.0,0.0
2006-06-02,33.5,33.95,33.21,33.43,994900,1.0,0.0
2006-06-05,33.3,33.3,31.9,31.92,682300,1.0,0.0
2006-06-06,32.05,32.17,29.9,30.17,1501700,1.0,0.0
2006-06-07,30.3,30.74,29.85,29.92,1071700,1.0,0.0
2006-06-08,29.82,29.84,27.316,29.08,2396700,1.0,0.0
2006-06-09,29.09,29.67,28.63,29.04,810500,1.0,0.0
2006-06-12,28.73,29.14,26.97,26.99,1897800,1.0,0.0
2006-06-13,26.89,27.43,26.22,26.38,1685300,1.0,0.0
2006-06-14,26.38,26.97,26.05,26.97,1293600,1.0,0.0
2006-06-15,27.15,28.85,27.15,28.63,1526900,1.0,0.0
2006-06-16,28.69,29.0,27.99,28.58,1918300,1.0,0.0
2006-06-19,28.75,28.79,27.86,28.01,965400,1.0,0.0
2006-06-20,28.01,28.2,27.68,27.9,827800,1.0,0.0
2006-06-21,27.98,29.13,27.98,28.74,810900,1.0,0.0
2006-06-22,28.55,28.94,28.25,28.78,883300,1.0,0.0
2006-06-23,28.65,29.55,28.51,29.28,676200,1.0,0.0
2006-06-26,29.3,29.56,28.98,29.45,920100,1.0,0.0
2006-06-27,29.53,29.69,28.09,28.19,837200,1.0,0.0
2006-06-28,28.49,29.17,28.12,28.4,859800,1.0,0.0
2006-06-29,28.7,30.57,28.65,30.44,1448000,1.0,0.0
2006-06-30,30.6,31.98,30.3,31.98,4034700,1.0,0.0
2006-07-03,31.98,31.99,31.1,31.64,761000,1.0,0.0
2006-07-05,31.64,31.68,30.52,31.12,961200,1.0,0.0
2006-07-06,31.08,31.8501,30.64,30.74,814200,1.0,0.0
2006-07-07,30.75,31.0,30.27,30.29,463200,1.0,0.0
2006-07-10,30.49,30.55,29.95,30.02,499100,1.0,0.0
2006-07-11,29.96,30.34,29.6,30.22,566500,1.0,0.0
2006-07-12,30.23,30.27,29.42,29.63,474000,1.0,0.0
2006-07-13,29.4,29.4,28.335,28.47,1026300,1.0,0.0
2006-07-14,28.48,28.48,27.49,27.89,1014400,1.0,0.0
2006-07-17,27.72,27.75,26.97,27.1,962500,1.0,0.0
2006-07-18,27.27,27.54,26.5,26.87,1030600,1.0,0.0
2006-07-19,26.93,27.84,26.77,27.83,983800,1.0,0.0
2006-07-20,27.98,27.98,26.07,26.27,1254600,1.0,0.0
2006-07-21,26.25,26.26,25.52,25.68,727800,1.0,0.0
2006-07-24,25.86,26.38,25.57,26.26,778500,1.0,0.0
2006-07-25,26.27,27.07,25.94,27.05,1084900,1.0,0.0
2006-07-26,27.05,27.1,26.51,26.82,1049100,1.0,0.0
2006-07-27,27.02,27.3,26.85,27.02,801800,1.0,0.0
2006-07-28,27.2,27.8,26.96,27.59,667800,1.0,0.0
2006-07-31,27.55,27.97,27.23,27.92,732900,1.0,0.0
2006-08-01,27.85,27.95,27.23,27.61,830200,1.0,0.0
2006-08-02,27.8,28.46,27.7,28.17,919600,1.0,0.0
2006-08-03,28.13,29.35,27.9,29.02,894700,1.0,0.0
2006-08-04,29.27,30.0,28.09,28.32,585300,1.0,0.0
2006-08-07,28.33,28.46,26.82,26.88,1178700,1.0,0.0
2006-08-08,23.7,24.35,21.69,21.96,8487700,1.0,0.0
2006-08-09,22.38,22.38,21.2,21.46,3338800,1.0,0.0
2006-08-10,21.39,21.55,20.76,20.96,2013900,1.0,0.0
2006-08-11,20.86,20.96,20.25,20.3,2336400,1.0,0.0
2006-08-14,20.3,20.95,20.25,20.59,2679300,1.0,0.0
2006-08-15,20.96,21.53,20.88,21.45,1265700,1.0,0.0
2006-08-16,21.7,22.35,21.5,22.18,1255300,1.0,0.0
2006-08-17,22.05,22.7899,22.05,22.28,1074500,1.0,0.0
2006-08-18,22.2,22.2,21.56,21.83,871800,1.0,0.0
2006-08-21,21.67,22.0,21.45,21.67,685000,1.0,0.0
2006-08-22,21.67,22.01,21.5,21.56,662900,1.0,0.0
2006-08-23,21.56,21.56,20.58,20.64,939600,1.0,0.0
2006-08-24,20.79,20.84,20.25,20.62,685100,1.0,0.0
2006-08-25,20.62,20.7,20.31,20.44,430300,1.0,0.0
2006-08-28,20.52,21.02,20.35,20.99,570200,1.0,0.0
2006-08-29,21.01,21.05,20.37,20.59,652600,1.0,0.0
2006-08-30,20.7,20.79,20.31,20.5,475700,1.0,0.0
2006-08-31,20.6,21.66,20.57,21.66,1095900,1.0,0.0
2006-09-01,21.8,22.65,21.69,22.6,1503600,1.0,0.0
2006-09-05,22.8,23.05,22.6,22.98,1298300,1.0,0.0
2006-09-06,22.88,23.02,21.84,22.14,1286400,1.0,0.0
2006-09-07,22.07,22.39,21.45,21.82,1014000,1.0,0.0
2006-09-08,21.92,22.2,21.74,22.1,860700,1.0,0.0
2006-09-11,22.0,22.01,21.22,21.55,893000,1.0,0.0
2006-09-12,21.63,22.81,21.45,22.81,902000,1.0,0.0
2006-09-13,22.8,23.47,22.75,23.42,989600,1.0,0.0
2006-09-14,23.37,23.39,22.63,22.79,834000,1.0,0.0
2006-09-15,22.79,22.91,22.52,22.83,703300,1.0,0.0
2006-09-18,22.83,23.25,22.61,22.81,658100,1.0,0.0
2006-09-19,22.85,22.87,22.33,22.68,1345300,1.0,0.0
2006-09-20,22.75,23.1,22.28,22.38,854300,1.0,0.0
2006-09-21,22.38,22.56,21.95,22.32,1077800,1.0,0.0
2006-09-22,22.32,22.32,21.7,22.13,592800,1.0,0.0
2006-09-25,22.45,22.95,21.98,22.84,680800,1.0,0.0
2006-09-26,22.9,23.69,22.9,23.49,1065300,1.0,0.0
2006-09-27,23.37,23.55,22.66,22.82,721300,1.0,0.0
2006-09-28,22.82,23.89,22.82,23.42,885800,1.0,0.0
2006-09-29,23.35,23.59,23.03,23.25,657700,1.0,0.0
2006-10-02,23.32,23.64,22.89,23.19,716800,1.0,0.0
2006-10-03,23.2,23.85,23.0,23.5,1314500,1.0,0.0
2006-10-04,23.46,24.13,23.11,23.98,1242100,1.0,0.0
2006-10-05,23.9,24.1796,23.5401,23.93,1287000,1.0,0.0
2006-10-06,23.9,24.7,23.77,24.48,989000,1.0,0.0
2006-10-09,24.37,25.2,24.0,24.92,1394300,1.0,0.0
2006-10-10,24.92,25.12,24.6,24.9,891000,1.0,0.0
2006-10-11,24.75,25.17,24.41,24.97,820900,1.0,0.0
2006-10-12,25.0,25.24,24.67,25.16,1452100,1.0,0.0
2006-10-13,25.17,25.25,25.03,25.18,511200,1.0,0.0
2006-10-16,25.41,25.85,25.38,25.56,896900,1.0,0.0
2006-10-17,25.56,25.8,25.4,25.61,781700,1.0,0.0
2006-10-18,25.8,26.0,25.65,25.79,797000,1.0,0.0
2006-10-19,25.79,25.85,25.5,25.62,744900,1.0,0.0
2006-10-20,25.37,25.38,24.22,24.59,1894300,1.0,0.0
2006-10-23,24.45,24.73,24.23,24.69,833100,1.0,0.0
2006-10-24,24.79,25.01,24.44,24.62,777200,1.0,0.0
2006-10-25,24.74,24.9,24.35,24.44,760200,1.0,0.0
2006-10-26,24.64,24.82,24.21,24.8,832500,1.0,0.0
2006-10-27,24.81,24.81,24.27,24.36,996600,1.0,0.0
2006-10-30,24.26,24.49,24.11,24.21,904400,1.0,0.0
2006-10-31,24.37,24.47,23.54,23.69,1675900,1.0,0.0
2006-11-01,23.6,23.7,22.43,22.81,3858700,1.0,0.0
2006-11-02,22.52,22.79,22.46,22.65,1163900,1.0,0.0
2006-11-03,22.77,22.92,22.01,22.44,1187000,1.0,0.0
2006-11-06,22.58,22.8,22.49,22.63,900500,1.0,0.0
2006-11-07,22.59,22.71,22.41,22.55,720700,1.0,0.0
2006-11-08,22.48,23.26,22.46,22.99,883800,1.0,0.0
2006-11-09,23.09,23.31,22.78,22.96,1096200,1.0,0.0
2006-11-10,22.97,23.16,22.75,23.13,526500,1.0,0.0
2006-11-13,23.13,23.85,23.13,23.76,992700,1.0,0.0
2006-11-14,23.76,24.24,23.6,24.17,959800,1.0,0.0
2006-11-15,24.29,24.96,24.17,24.9,1135600,1.0,0.0
2006-11-16,25.0,25.35,24.87,25.0,1585400,1.0,0.0
2006-11-17,25.02,25.15,24.57,24.73,823300,1.0,0.0
2006-11-20,24.78,24.87,24.5,24.83,403900,1.0,0.0
2006-11-21,24.92,24.98,24.72,24.84,430100,1.0,0.0
2006-11-22,24.78,24.85,24.61,24.79,605600,1.0,0.0
2006-11-24,24.75,24.84,24.6,24.8,270400,1.0,0.0
2006-11-27,24.8,25.06,24.28,24.36,889600,1.0,0.0
2006-11-28,24.36,24.49,24.05,24.42,736700,1.0,0.0
2006-11-29,24.62,24.85,24.52,24.8,786100,1.0,0.0
2006-11-30,24.6,25.1,24.56,25.06,539500,1.0,0.0
2006-12-01,25.17,25.32,24.58,24.93,674500,1.0,0.0
2006-12-04,25.0,25.18,24.86,25.12,611000,1.0,0.0
2006-12-05,25.2,25.61,25.08,25.52,624700,1.0,0.0
2006-12-06,25.61,26.16,25.3701,25.92,1088200,1.0,0.0
2006-12-07,26.05,26.29,25.81,26.27,1241100,1.0,0.0
2006-12-08,26.22,26.58,26.1,26.35,901200,1.0,0.0
2006-12-11,26.35,26.361,25.81,26.22,877400,1.0,0.0
2006-12-12,26.15,26.25,25.78,25.9,1225300,1.0,0.0
2006-12-13,26.1,26.18,25.96,26.04,688300,1.0,0.0
2006-12-14,25.4,25.63,24.8,25.46,1688100,1.0,0.0
2006-12-15,25.51,25.6,24.94,24.97,1011200,1.0,0.0
2006-12-18,25.0,25.3,24.91,25.17,753400,1.0,0.0
2006-12-19,24.92,24.97,24.6602,24.89,1076900,1.0,0.0
2006-12-20,24.9,25.94,24.85,25.81,1303200,1.0,0.0
2006-12-21,25.79,25.89,25.55,25.61,754300,1.0,0.0
2006-12-22,25.61,25.61,25.18,25.35,441600,1.0,0.0
2006-12-26,25.36,25.41,25.13,25.37,371800,1.0,0.0
2006-12-27,25.39,25.77,25.34,25.77,438400,1.0,0.0
2006-12-28,25.76,26.03,25.73,25.79,717500,1.0,0.0
2006-12-29,25.79,25.93,25.32,25.43,671100,1.0,0.0
2007-01-03,25.6,26.14,25.54,25.89,971800,1.0,0.0
2007-01-04,25.79,25.91,25.45,25.46,1225800,1.0,0.0
2007-01-05,25.41,25.41,24.9,25.03,894200,1.0,0.0
2007-01-08,25.03,25.03,24.69,24.81,879000,1.0,0.0
2007-01-09,24.81,25.09,24.7,24.96,783600,1.0,0.0
2007-01-10,24.86,25.23,24.57,25.16,773500,1.0,0.0
2007-01-11,25.26,25.53,25.25,25.31,610000,1.0,0.0
2007-01-12,25.38,25.39,25.06,25.26,442000,1.0,0.0
2007-01-16,25.33,25.36,25.08,25.09,618400,1.0,0.0
2007-01-17,25.19,25.35,25.05,25.1,741100,1.0,0.0
2007-01-18,25.12,25.2,24.92,24.94,804300,1.0,0.0
2007-01-19,24.97,25.27,24.81,25.26,585200,1.0,0.0
2007-01-22,25.26,25.36,25.15,25.19,641500,1.0,0.0
2007-01-23,25.23,26.15,25.18,25.7,597800,1.0,0.0
2007-01-24,25.71,26.45,25.6,25.95,900300,1.0,0.0
2007-01-25,25.85,25.86,24.9,25.06,1121100,1.0,0.0
2007-01-26,25.19,25.38,24.65,24.93,782700,1.0,0.0
2007-01-29,24.97,25.31,24.79,24.84,908700,1.0,0.0
2007-01-30,24.98,25.01,24.82,24.96,653000,1.0,0.0
2007-01-31,25.01,25.77,24.84,25.75,1085900,1.0,0.0
2007-02-01,25.81,27.23,25.75,27.07,1942400,1.0,0.0
2007-02-02,27.08,27.77,27.02,27.75,1646500,1.0,0.0
2007-02-05,27.76,27.76,27.39,27.47,505500,1.0,0.0
2007-02-06,27.57,28.71,27.54,28.38,1771000,1.0,0.0
2007-02-07,28.38,28.83,28.28,28.81,1093300,1.0,0.0
2007-02-08,28.86,28.88,28.04,28.13,1334600,1.0,0.0
2007-02-09,28.14,28.36,27.67,27.79,829400,1.0,0.0
2007-02-12,27.85,28.36,27.7,28.26,992300,1.0,0.0
2007-02-13,28.4,28.76,28.32,28.4,584000,1.0,0.0
2007-02-14,28.48,28.8,28.35,28.74,902500,1.0,0.0
2007-02-15,28.79,29.68,28.79,29.56,1301500,1.0,0.0
2007-02-16,29.58,29.63,28.97,29.3,939500,1.0,0.0
2007-02-20,29.2,29.32,28.98,29.19,654900,1.0,0.0
2007-02-21,29.32,29.35,28.93,29.05,838000,1.0,0.0
2007-02-22,29.07,29.23,28.71,28.99,665000,1.0,0.0
2007-02-23,28.91,29.02,28.47,29.0,898800,1.0,0.0
2007-02-26,29.0,29.19,28.76,28.9,1658000,1.0,0.0
2007-02-27,28.51,29.28,28.01,28.71,1988400,1.0,0.0
2007-02-28,28.7,28.96,28.41,28.56,1501400,1.0,0.0
2007-03-01,28.45,28.45,27.57,27.98,1596100,1.0,0.0
2007-03-02,27.98,27.98,27.51,27.53,1043700,1.0,0.0
2007-03-05,27.0024,27.4,26.71,26.73,987800,1.0,0.0
2007-03-06,26.95,27.54,26.8,27.31,997100,1.0,0.0
2007-03-07,27.31,28.4,27.14,28.21,1201400,1.0,0.0
2007-03-08,28.3,28.88,28.12,28.34,1670500,1.0,0.0
2007-03-09,28.54,28.54,27.95,28.1,658000,1.0,0.0
2007-03-12,28.09,28.19,27.58,27.99,887900,1.0,0.0
2007-03-13,27.87,27.87,26.77,26.93,966200,1.0,0.0
2007-03-14,27.0,27.2,26.35,26.88,688000,1.0,0.0
2007-03-15,27.04,27.56,26.9,27.43,1253000,1.0,0.0
2007-03-16,27.43,27.63,27.02,27.07,672000,1.0,0.0
2007-03-19,27.28,27.52,26.98,27.09,711700,1.0,0.0
2007-03-20,27.09,27.28,26.96,27.12,884100,1.0,0.0
2007-03-21,27.12,28.09,27.05,28.01,1381700,1.0,0.0
2007-03-22,28.01,28.2,27.83,27.94,625200,1.0,0.0
2007-03-23,28.0,28.05,27.77,27.99,396000,1.0,0.0
2007-03-26,28.83,28.83,27.86,28.01,509600,1.0,0.0
2007-03-27,28.02,28.02,27.83,27.95,733300,1.0,0.0
2007-03-28,27.8654,27.97,27.73,27.8,609500,1.0,0.0
2007-03-29,27.91,28.0,27.34,27.43,825100,1.0,0.0
2007-03-30,27.5,27.65,27.39,27.5,742600,1.0,0.0
2007-04-02,27.48,27.6,27.23,27.35,491100,1.0,0.0
2007-04-03,27.45,27.8,27.41,27.74,1051800,1.0,0.0
2007-04-04,27.79,27.79,27.51,27.76,901400,1.0,0.0
2007-04-05,27.77,28.0,27.71,27.8,453500,1.0,0.0
2007-04-09,27.89,27.98,27.5,27.55,457600,1.0,0.0
2007-04-10,32.95,33.4,30.96,32.36,11915700,1.0,0.0
2007-04-11,32.12,32.13,31.07,31.31,3434200,1.0,0.0
2007-04-12,31.2801,32.04,31.16,31.42,1387200,1.0,0.0
2007-04-13,31.45,31.48,30.89,31.16,827600,1.0,0.0
2007-04-16,31.19,32.03,31.18,31.87,2026900,1.0,0.0
2007-04-17,32.07,32.51,31.69,32.41,2508500,1.0,0.0
2007-04-18,32.41,32.6,32.14,32.47,1301300,1.0,0.0
2007-04-19,32.28,32.55,31.94,32.18,866300,1.0,0.0
2007-04-20,32.43,32.68,31.93,32.25,1113700,1.0,0.0
2007-04-23,32.32,32.65,32.09,32.46,2380200,1.0,0.0
2007-04-24,32.44,32.57,32.03,32.52,1495700,1.0,0.0
2007-04-25,32.715,32.99,32.51,32.73,1624000,1.0,0.0
2007-04-26,32.7,33.84,32.59,33.51,2616600,1.0,0.0
2007-04-27,33.46,33.99,33.4,33.64,1501500,1.0,0.0
2007-04-30,33.6,33.93,33.48,33.5,2079300,1.0,0.0
2007-05-01,33.5,33.72,32.92,33.42,1330200,1.0,0.0
2007-05-02,33.5,34.13,33.46,33.53,2381200,1.0,0.0
2007-05-03,33.85,34.45,33.51,33.85,1566500,1.0,0.0
2007-05-04,34.01,34.05,33.38,33.7,962800,1.0,0.0
2007-05-07,33.8,33.8,33.16,33.48,1044900,1.0,0.0
2007-05-08,33.48,34.08,33.37,34.0,3133700,1.0,0.0
2007-05-09,33.85,34.05,33.66,33.93,758800,1.0,0.0
2007-05-10,33.83,33.99,33.55,33.85,990700,1.0,0.0
2007-05-11,34.38,34.63,33.85,34.58,786900,1.0,0.0
2007-05-14,34.31,35.56,34.18,34.5,1204300,1.0,0.0
2007-05-15,34.5,35.0798,34.03,34.15,1477800,1.0,0.0
2007-05-16,34.2,34.45,33.9,34.43,525800,1.0,0.0
2007-05-17,34.55,34.78,34.3,34.37,538700,1.0,0.0
2007-05-18,34.42,34.74,34.14,34.64,571200,1.0,0.0
2007-05-21,34.56,34.9,34.42,34.7,619600,1.0,0.0
2007-05-22,34.7,34.84,34.4,34.46,486900,1.0,0.0
2007-05-23,34.56,34.97,33.8,33.88,1527100,1.0,0.0
2007-05-24,33.8,33.81,32.65,32.85,2117200,1.0,0.0
2007-05-25,33.02,33.89,33.02,33.75,951700,1.0,0.0
2007-05-29,33.65,33.99,33.21,33.36,922800,1.0,0.0
2007-05-30,33.26,33.58,33.08,33.49,950500,1.0,0.0
2007-05-31,33.55,33.75,33.32,33.55,915000,1.0,0.0
2007-06-01,33.71,34.07,33.7,34.0,886700,1.0,0.0
2007-06-04,34.0,34.13,33.7,34.02,631400,1.0,0.0
2007-06-05,33.85,34.09,33.73,33.77,1036600,1.0,0.0
2007-06-06,33.7,33.85,33.47,33.61,1183000,1.0,0.0
2007-06-07,32.95,33.94,32.88,32.88,1266500,1.0,0.0
2007-06-08,32.72,33.35,32.6,33.32,1039900,1.0,0.0
2007-06-11,33.37,33.6,33.19,33.36,846400,1.0,0.0
2007-06-12,33.22,33.41,33.02,33.08,877100,1.0,0.0
2007-06-13,33.11,33.5,32.92,33.4,434000,1.0,0.0
2007-06-14,33.37,33.62,33.21,33.22,770600,1.0,0.0
2007-06-15,33.47,33.76,33.21,33.28,832200,1.0,0.0
2007-06-18,33.3,33.74,33.26,33.74,412400,1.0,0.0
2007-06-19,33.85,34.04,33.85,33.86,677500,1.0,0.0
2007-06-20,33.87,34.03,33.23,33.29,702400,1.0,0.0
2007-06-21,33.14,33.15,32.63,32.95,1090600,1.0,0.0
2007-06-22,32.9,33.49,32.69,32.74,1074600,1.0,0.0
2007-06-25,32.72,32.99,32.13,32.18,992400,1.0,0.0
2007-06-26,32.35,32.35,31.57,31.96,1012600,1.0,0.0
2007-06-27,31.7,32.23,31.35,32.18,885600,1.0,0.0
2007-06-28,32.2,33.14,32.2,32.47,1194500,1.0,0.0
2007-06-29,32.6,32.81,32.3,32.54,927600,1.0,0.0
2007-07-02,32.61,33.13,32.51,33.0,957500,1.0,0.0
2007-07-03,33.04,33.1,32.91,33.03,379200,1.0,0.0
2007-07-05,33.0,33.1,32.41,32.9,885800,1.0,0.0
2007-07-06,32.98,33.39,32.61,33.35,632400,1.0,0.0
2007-07-09,33.4,34.51,33.2,34.02,1211600,1.0,0.0
2007-07-10,33.85,33.86,32.92,32.98,1222500,1.0,0.0
2007-07-11,33.07,33.35,32.53,32.89,1234500,1.0,0.0
2007-07-12,33.25,34.74,33.195,34.07,4005500,1.0,0.0
2007-07-13,33.9,34.98,33.75,34.63,2613800,1.0,0.0
2007-07-16,34.51,34.51,34.0,34.18,1130600,1.0,0.0
2007-07-17,34.17,34.59,33.78,34.3,849400,1.0,0.0
2007-07-18,34.21,34.32,33.66,33.9,1346000,1.0,0.0
2007-07-19,34.15,34.36,33.4,33.52,888400,1.0,0.0
2007-07-20,33.33,33.4,32.07,32.37,2099900,1.0,0.0
2007-07-23,33.15,33.18,32.74,32.98,9758800,1.0,0.0
2007-07-24,32.86,32.93,32.2601,32.42,3945300,1.0,0.0
2007-07-25,32.42,32.6,32.03,32.5,3174200,1.0,0.0
2007-07-26,32.1,32.5,31.28,32.12,3008800,1.0,0.0
2007-07-27,32.0,32.76,31.58,32.25,3545300,1.0,0.0
2007-07-30,32.3,32.66,32.2,32.38,2247200,1.0,0.0
2007-07-31,32.49,32.65,31.92,32.14,1955900,1.0,0.0
2007-08-01,31.98,32.4,31.77,31.8,3257100,1.0,0.0
2007-08-02,31.5,31.95,31.4,31.87,4103800,1.0,0.0
2007-08-03,31.67,31.96,31.4,31.59,3467100,1.0,0.0
2007-08-06,31.7,31.9,30.74,31.03,2604100,1.0,0.0
2007-08-07,31.16,32.02,30.68,31.58,1343400,1.0,0.0
2007-08-08,31.7,32.1,31.6,31.74,1303200,1.0,0.0
2007-08-09,31.53,32.48,30.95,31.1,2103400,1.0,0.0
2007-08-10,30.8,31.38,28.55,31.16,2112800,1.0,0.0
2007-08-13,31.47,31.79,31.0,31.09,639900,1.0,0.0
2007-08-14,31.03,31.16,30.31,30.5,1198700,1.0,0.0
2007-08-15,30.41,30.75,29.97,30.4,1176500,1.0,0.0
2007-08-16,30.15,30.35,29.07,30.1,1107000,1.0,0.0
2007-08-17,30.09,31.05,29.75,30.5,1287600,1.0,0.0
2007-08-20,30.51,31.0,30.2,30.97,822500,1.0,0.0
2007-08-21,30.97,32.42,30.78,32.2,2519800,1.0,0.0
2007-08-22,32.3,32.51,32.14,32.29,1212700,1.0,0.0
2007-08-23,32.32,32.4,32.05,32.29,728900,1.0,0.0
2007-08-24,32.35,32.76,32.25,32.65,744800,1.0,0.0
2007-08-27,32.64,32.81,32.14,32.23,750600,1.0,0.0
2007-08-28,32.18,32.48,32.0,32.04,1008400,1.0,0.0
2007-08-29,32.29,32.33,32.15,32.33,961800,1.0,0.0
2007-08-30,32.2,32.43,32.2,32.32,654600,1.0,0.0
2007-08-31,32.6,32.86,32.37,32.6,1800600,1.0,0.0
2007-09-04,32.25,32.69,32.02,32.56,1635700,1.0,0.0
2007-09-05,32.35,32.55,32.27,32.44,865900,1.0,0.0
2007-09-06,32.55,32.72,32.48,32.62,1288500,1.0,0.0
2007-09-07,32.3,32.55,32.3,32.5,1252500,1.0,0.0
2007-09-10,32.75,32.75,32.4,32.51,669500,1.0,0.0
2007-09-11,32.72,32.72,32.3,32.51,1386200,1.0,0.0
2007-09-12,32.48,32.5,31.86,31.95,1625900,1.0,0.0
2007-09-13,32.06,32.07,31.13,31.21,2906000,1.0,0.0
2007-09-14,31.05,31.53,30.79,30.91,2507700,1.0,0.0
2007-09-17,30.8,31.37,30.8,30.95,1068500,1.0,0.0
2007-09-18,31.1,31.4,31.0,31.19,716000,1.0,0.0
2007-09-19,31.25,32.09,31.15,31.72,1493300,1.0,0.0
2007-09-20,31.9,32.6,31.74,32.42,3095200,1.0,0.0
2007-09-21,32.4,32.6,31.44,31.45,1958200,1.0,0.0
2007-09-24,31.5,31.5,30.82,30.88,2209100,1.0,0.0
2007-09-25,30.85,30.96,30.44,30.8,985300,1.0,0.0
2007-09-26,30.84,31.06,30.61,30.69,961500,1.0,0.0
2007-09-27,30.8,31.75,30.69,31.75,1430100,1.0,0.0
2007-09-28,31.85,32.59,31.85,32.17,2713600,1.0,0.0
2007-10-01,32.25,32.25,31.5,31.84,1110100,1.0,0.0
2007-10-02,31.95,32.04,31.46,31.81,1428800,1.0,0.0
2007-10-03,31.7,31.93,31.27,31.35,1765900,1.0,0.0
2007-10-04,31.7,33.24,31.7,32.95,3665000,1.0,0.0
2007-10-05,33.11,33.48,33.05,33.24,897600,1.0,0.0
2007-10-08,33.37,33.38,32.98,33.1,733800,1.0,0.0
2007-10-09,33.34,33.36,33.11,33.36,533100,1.0,0.0
2007-10-10,33.35,33.79,33.3,33.75,2155700,1.0,0.0
2007-10-11,33.78,33.92,33.75,33.75,2588200,1.0,0.0
2007-10-12,33.75,33.8,33.66,33.78,545900,1.0,0.0
2007-10-15,33.85,33.87,33.7,33.82,1066400,1.0,0.0
2007-10-16,33.8,34.07,33.8,33.94,895900,1.0,0.0
2007-10-17,34.03,34.03,33.7,33.89,925500,1.0,0.0
2007-10-18,33.75,33.87,33.6,33.61,1282100,1.0,0.0
2007-10-19,33.62,33.75,33.3,33.66,2605200,1.0,0.0
2007-10-22,33.64,33.89,33.64,33.81,953300,1.0,0.0
2007-10-23,34.0,34.0,33.75,33.83,624600,1.0,0.0
2007-10-24,33.78,34.0,33.73,33.99,818900,1.0,0.0
2007-10-25,34.0,34.05,33.72,33.93,852600,1.0,0.0
2007-10-26,34.14,34.14,33.77,33.77,633200,1.0,0.0
2007-10-29,33.94,34.1,33.82,33.86,684100,1.0,0.0
2007-10-30,33.86,34.065,33.82,33.93,1921600,1.0,0.0
2007-10-31,34.15,34.3,34.15,34.19,4050200,1.0,0.0
2007-11-01,34.29,34.3,34.23,34.25,5049400,1.0,0.0
2007-11-02,34.29,34.29,34.23,34.24,3047000,1.0,0.0
2007-11-05,34.25,34.29,34.22,34.23,1279000,1.0,0.0
2007-11-06,34.26,34.34,34.25,34.31,521500,1.0,0.0
2007-11-07,34.24,34.31,34.05,34.16,3834500,1.0,0.0
2007-11-08,34.21,34.33,34.09,34.17,1548400,1.0,0.0
2007-11-09,33.96,34.2,33.94,34.17,1257400,1.0,0.0
2007-11-12,34.23,34.2476,34.16,34.18,1964800,1.0,0.0
2007-11-13,34.21,34.3,33.67,34.01,3641700,1.0,0.0
2007-11-14,34.37,34.37,21.91,23.5,36409300,1.0,0.0
2007-11-15,23.9,25.13,22.41,22.91,19702400,1.0,0.0
2007-11-16,23.25,23.48,22.33,23.37,6784300,1.0,0.0
2007-11-19,23.23,23.32,22.25,22.5,4426100,1.0,0.0
2007-11-20,22.95,22.95,21.81,22.03,2524000,1.0,0.0
2007-11-21,21.75,23.3999,21.3,22.47,2822800,1.0,0.0
2007-11-23,22.47,22.49,22.0,22.24,489100,1.0,0.0
2007-11-26,22.28,22.94,21.12,21.2,1493500,1.0,0.0
2007-11-27,21.26,21.55,20.76,20.87,1667500,1.0,0.0
2007-11-28,20.87,21.58,20.87,21.5,1265100,1.0,0.0
2007-11-29,21.59,22.52,21.2,22.24,2425500,1.0,0.0
2007-11-30,22.4,23.44,22.35,23.27,3507700,1.0,0.0
2007-12-03,23.37,23.37,22.67,23.22,1138300,1.0,0.0
2007-12-04,23.12,23.29,22.6,23.02,1779400,1.0,0.0
2007-12-05,23.23,23.58,23.14,23.37,1775600,1.0,0.0
2007-12-06,23.29,23.89,23.23,23.77,1031700,1.0,0.0
2007-12-07,23.67,24.37,23.67,23.94,1599000,1.0,0.0
2007-12-10,23.96,25.49,23.76,24.23,2029400,1.0,0.0
2007-12-11,24.21,24.26,23.39,23.43,769200,1.0,0.0
2007-12-12,23.9,24.33,22.3,22.55,2906000,1.0,0.0
2007-12-13,22.34,22.55,20.67,21.16,3542400,1.0,0.0
2007-12-14,21.2,23.55,21.15,23.55,4141100,1.0,0.0
2007-12-17,25.11,25.25,24.05,24.25,4771800,1.0,0.0
2007-12-18,22.99,24.21,22.63,23.05,2768200,1.0,0.0
2007-12-19,22.99,23.03,21.54,22.25,2942100,1.0,0.0
2007-12-20,22.37,22.48,21.36,21.6,2358100,1.0,0.0
2007-12-21,21.95,21.95,17.32,17.91,10186200,1.0,0.0
2007-12-24,17.95,19.0,17.85,18.7,5344900,1.0,0.0
2007-12-26,18.65,19.19,18.12,19.05,3376800,1.0,0.0
2007-12-27,19.18,19.23,18.4,18.53,2654300,1.0,0.0
2007-12-28,18.55,18.75,18.28,18.47,1437500,1.0,0.0
2007-12-31,18.47,18.63,18.0,18.36,1692800,1.0,0.0
2008-01-02,18.33,18.92,17.71,17.77,2409400,1.0,0.0
2008-01-03,18.34,18.65,18.01,18.26,2512300,1.0,0.0
2008-01-04,18.05,18.11,17.28,17.34,2237900,1.0,0.0
2008-01-07,17.45,17.68,16.26,16.42,2204600,1.0,0.0
2008-01-08,16.51,16.69,15.64,15.7,2727000,1.0,0.0
2008-01-09,15.71,15.87,15.12,15.54,2052800,1.0,0.0
2008-01-10,15.46,16.75,15.44,16.57,2857100,1.0,0.0
2008-01-11,17.96,18.07,16.79,17.2,4523200,1.0,0.0
2008-01-14,17.2,17.76,16.83,17.59,1892900,1.0,0.0
2008-01-15,17.43,17.78,16.87,17.12,1974500,1.0,0.0
2008-01-16,17.02,17.35,16.58,17.05,1642900,1.0,0.0
2008-01-17,17.02,17.11,15.81,16.03,2002400,1.0,0.0
2008-01-18,16.05,16.6,15.7,16.02,1654400,1.0,0.0
2008-01-22,15.35,16.3,14.83,15.9,1539900,1.0,0.0
2008-01-23,15.65,16.75,15.6,16.64,1698600,1.0,0.0
2008-01-24,16.67,17.15,16.15,17.15,1341800,1.0,0.0
2008-01-25,17.21,17.45,16.53,16.86,1633100,1.0,0.0
2008-01-28,16.82,17.35,16.43,17.35,961300,1.0,0.0
2008-01-29,17.4,17.45,16.92,17.25,756900,1.0,0.0
2008-01-30,17.1,17.95,17.01,17.42,1395400,1.0,0.0
2008-01-31,17.6,18.5,17.33,18.23,1490000,1.0,0.0
2008-02-01,18.39,19.24,18.15,19.05,1471000,1.0,0.0
2008-02-04,18.94,19.0,18.3499,18.35,898200,1.0,0.0
2008-02-05,18.22,19.04,18.06,18.26,1533200,1.0,0.0
2008-02-06,18.15,18.38,17.6,17.9,899200,1.0,0.0
2008-02-07,17.76,18.13,17.43,17.91,1151000,1.0,0.0
2008-02-08,17.72,18.35,17.67,18.18,693200,1.0,0.0
2008-02-11,18.35,18.45,17.7,18.3,764400,1.0,0.0
2008-02-12,18.43,18.72,18.15,18.31,898700,1.0,0.0
2008-02-13,18.55,18.67,18.3,18.61,707400,1.0,0.0
2008-02-14,18.65,19.1,18.45,18.81,1233800,1.0,0.0
2008-02-15,18.55,18.99,18.53,18.84,621300,1.0,0.0
2008-02-19,19.07,19.17,18.81,19.05,1004600,1.0,0.0
2008-02-20,18.88,19.22,18.7499,18.95,1258900,1.0,0.0
2008-02-21,19.03,19.29,18.8,18.86,1344900,1.0,0.0
2008-02-22,18.88,18.95,18.44,18.88,715700,1.0,0.0
2008-02-25,19.01,19.29,18.78,19.27,894600,1.0,0.0
2008-02-26,19.14,19.62,19.1,19.4,510600,1.0,0.0
2008-02-27,19.33,19.74,19.22,19.36,677000,1.0,0.0
2008-02-28,19.16,19.23,18.55,18.97,1083300,1.0,0.0
2008-02-29,20.01,20.5,19.36,20.1,3417700,1.0,0.0
2008-03-03,19.99,20.17,19.4,19.65,1361400,1.0,0.0
2008-03-04,19.43,19.75,19.05,19.59,1409500,1.0,0.0
2008-03-05,19.98,19.98,19.0101,19.17,695500,1.0,0.0
2008-03-06,19.0,19.29,18.6,18.7,929800,1.0,0.0
2008-03-07,18.65,19.23,18.58,18.9,940900,1.0,0.0
2008-03-10,18.89,19.11,18.4,18.58,929700,1.0,0.0
2008-03-11,18.99,19.13,18.42,18.89,802100,1.0,0.0
2008-03-12,18.89,19.24,18.7,18.93,595800,1.0,0.0
2008-03-13,18.57,19.38,18.43,19.2,782300,1.0,0.0
2008-03-14,19.4,19.43,18.04,18.37,1303500,1.0,0.0
2008-03-17,17.99,18.19,17.45,17.71,1389700,1.0,0.0
2008-03-18,17.33,17.88,17.2,17.61,1890100,1.0,0.0
2008-03-19,17.64,17.98,17.6,17.61,1168900,1.0,0.0
2008-03-20,17.59,18.36,17.45,18.24,1002700,1.0,0.0
2008-03-24,18.24,19.21,18.24,18.96,674600,1.0,0.0
2008-03-25,18.97,19.62,18.97,19.52,1361900,1.0,0.0
2008-03-26,19.48,19.7,18.65,19.01,1229300,1.0,0.0
2008-03-27,18.97,19.17,18.46,18.52,801100,1.0,0.0
2008-03-28,18.57,18.86,18.26,18.41,523200,1.0,0.0
2008-03-31,18.51,19.07,18.34,18.84,863100,1.0,0.0
2008-04-01,19.03,19.41,18.84,18.84,1140900,1.0,0.0
2008-04-02,18.95,19.57,18.84,19.35,662700,1.0,0.0
2008-04-03,19.26,19.66,19.11,19.46,986300,1.0,0.0
2008-04-04,19.36,19.8,18.9,19.0,746500,1.0,0.0
2008-04-07,19.32,19.61,19.04,19.49,626600,1.0,0.0
2008-04-08,19.37,19.59,19.05,19.55,690400,1.0,0.0
2008-04-09,19.66,19.68,18.57,18.66,737300,1.0,0.0
2008-04-10,18.69,19.01,18.69,18.94,809700,1.0,0.0
2008-04-11,18.78,18.88,18.4,18.62,807100,1.0,0.0
2008-04-14,18.5,18.62,17.53,17.76,1491900,1.0,0.0
2008-04-15,17.91,18.37,17.87,18.2,1038600,1.0,0.0
2008-04-16,18.2,18.38,17.97,18.35,808100,1.0,0.0
2008-04-17,18.3,18.85,18.15,18.38,1231400,1.0,0.0
2008-04-18,18.69,18.88,18.56,18.74,1149200,1.0,0.0
2008-04-21,18.59,19.15,18.59,19.0,1308300,1.0,0.0
2008-04-22,18.94,19.05,18.51,18.66,861300,1.0,0.0
2008-04-23,18.67,19.0,18.67,18.83,2026800,1.0,0.0
2008-04-24,18.89,19.27,18.76,18.99,1537500,1.0,0.0
2008-04-25,19.07,19.32,18.84,19.04,1613000,1.0,0.0
2008-04-28,19.01,19.26,18.96,19.01,1621400,1.0,0.0
2008-04-29,18.95,19.17,18.78,19.01,1184600,1.0,0.0
2008-04-30,17.88,19.47,17.87,18.84,1970100,1.0,0.0
2008-05-01,18.96,19.22,18.96,19.16,927400,1.0,0.0
2008-05-02,19.21,19.43,19.06,19.33,600500,1.0,0.0
2008-05-05,19.3,19.5,18.98,19.21,745600,1.0,0.0
2008-05-06,19.12,19.64,19.08,19.38,523200,1.0,0.0
2008-05-07,19.39,19.59,19.34,19.56,734000,1.0,0.0
2008-05-08,19.56,20.08,19.45,19.69,640500,1.0,0.0
2008-05-09,19.585,19.69,19.44,19.55,398200,1.0,0.0
2008-05-12,19.54,19.98,19.51,19.96,499000,1.0,0.0
2008-05-13,19.84,20.1,19.8,20.09,624500,1.0,0.0
2008-05-14,20.15,20.18,19.85,19.89,547500,1.0,0.0
2008-05-15,19.96,20.52,19.7,20.52,784500,1.0,0.0
2008-05-16,20.51,20.79,20.5,20.69,462200,1.0,0.0
2008-05-19,20.78,20.95,20.4,20.64,485200,1.0,0.0
2008-05-20,20.53,20.6,19.95,20.09,991900,1.0,0.0
2008-05-21,20.13,20.3,20.05,20.1,651600,1.0,0.0
2008-05-22,20.1,20.44,20.0,20.31,653500,1.0,0.0
2008-05-23,20.14,20.25,20.02,20.12,610600,1.0,0.0
2008-05-27,20.04,20.36,19.98,20.22,876400,1.0,0.0
2008-05-28,20.18,20.7,20.17,20.66,328000,1.0,0.0
2008-05-29,20.69,20.94,20.35,20.42,609200,1.0,0.0
2008-05-30,20.41,20.69,20.24,20.59,656800,1.0,0.0
2008-06-02,20.67,20.89,20.28,20.5,615600,1.0,0.0
2008-06-03,20.54,20.63,20.22,20.47,585700,1.0,0.0
2008-06-04,20.43,20.9,20.16,20.36,939300,1.0,0.0
2008-06-05,19.85,20.09,19.39,20.07,1154800,1.0,0.0
2008-06-06,19.96,20.2,19.6,19.6,641800,1.0,0.0
2008-06-09,19.54,19.71,19.38,19.5,604200,1.0,0.0
2008-06-10,22.65,22.74,21.59,22.09,7421100,1.0,0.0
2008-06-11,21.9,22.26,21.53,21.59,3062700,1.0,0.0
2008-06-12,21.63,21.88,21.2,21.45,1482400,1.0,0.0
2008-06-13,21.6,21.87,21.6,21.8,742000,1.0,0.0
2008-06-16,21.8,22.05,21.61,22.02,702300,1.0,0.0
2008-06-17,22.16,22.2,21.75,21.83,1006100,1.0,0.0
2008-06-18,21.77,21.94,21.6,21.71,1157600,1.0,0.0
2008-06-19,21.73,21.94,21.5,21.82,2160500,1.0,0.0
2008-06-20,21.52,21.82,21.29,21.59,1350000,1.0,0.0
2008-06-23,21.73,21.87,21.18,21.28,1104000,1.0,0.0
2008-06-24,21.27,21.5,21.09,21.41,1937400,1.0,0.0
2008-06-25,21.45,21.47,21.12,21.13,3054400,1.0,0.0
2008-06-26,21.0,21.075,19.29,19.51,5984700,1.0,0.0
2008-06-27,19.23,20.08,18.89,19.96,2035700,1.0,0.0
2008-06-30,19.98,20.16,19.55,19.61,1775700,1.0,0.0
2008-07-01,20.59,20.59,18.65,19.13,7605200,1.0,0.0
2008-07-02,19.41,19.55,18.84,19.03,2224700,1.0,0.0
2008-07-03,19.09,19.72,18.5,18.95,1520800,1.0,0.0
2008-07-07,19.09,19.35,18.8,19.19,2703900,1.0,0.0
2008-07-08,19.18,19.89,19.12,19.85,3180700,1.0,0.0
2008-07-09,19.99,20.14,19.42,20.04,3639100,1.0,0.0
2008-07-10,19.85,20.01,19.29,19.59,1872600,1.0,0.0
2008-07-11,19.1,19.63,18.81,19.28,3115300,1.0,0.0
2008-07-14,19.1,19.63,18.9,18.95,3062600,1.0,0.0
2008-07-15,19.25,20.0,18.5,19.12,4688600,1.0,0.0
2008-07-16,22.585,22.585,18.85,18.89,4902300,1.0,0.0
2008-07-17,16.8,17.75,16.61,16.89,6039800,1.0,0.0
2008-07-18,17.05,17.23,16.75,16.83,2361900,1.0,0.0
2008-07-21,17.15,17.15,16.73,17.02,2898700,1.0,0.0
2008-07-22,17.03,17.55,16.9,17.5,4705500,1.0,0.0
2008-07-23,17.89,18.7,17.67,18.2,3862400,1.0,0.0
2008-07-24,18.17,18.3476,17.14,17.14,1110100,1.0,0.0
2008-07-25,17.03,18.01,17.03,17.32,1696800,1.0,0.0
2008-07-28,17.27,17.8,16.92,17.8,1058300,1.0,0.0
2008-07-29,17.94,18.0,17.05,17.13,2709100,1.0,0.0
2008-07-30,17.24,17.85,15.51,16.0,8514800,1.0,0.0
2008-07-31,15.95,16.33,15.25,16.18,4178200,1.0,0.0
2008-08-01,16.54,17.24,15.98,16.21,2345100,1.0,0.0
2008-08-04,16.41,16.45,15.67,16.09,2131500,1.0,0.0
2008-08-05,16.6,16.75,16.0,16.63,1882500,1.0,0.0
2008-08-06,16.62,16.75,16.06,16.55,1096100,1.0,0.0
2008-08-07,16.41,16.41,15.59,15.88,1667000,1.0,0.0
2008-08-08,15.81,16.42,15.74,16.36,835300,1.0,0.0
2008-08-11,16.38,16.67,16.01,16.57,1569400,1.0,0.0
2008-08-12,16.57,16.83,16.33,16.37,814200,1.0,0.0
2008-08-13,16.45,16.57,16.01,16.37,704600,1.0,0.0
2008-08-14,16.31,16.79,16.21,16.5,777400,1.0,0.0
2008-08-15,16.5,16.71,15.93,16.03,1040900,1.0,0.0
2008-08-18,16.18,16.18,15.67,15.75,382300,1.0,0.0
2008-08-19,15.66,15.91,15.29,15.43,937600,1.0,0.0
2008-08-20,15.33,15.42,15.08,15.27,1041400,1.0,0.0
2008-08-21,15.48,16.03,15.36,16.02,879500,1.0,0.0
2008-08-22,16.05,16.75,15.95,16.26,611800,1.0,0.0
2008-08-25,16.09,16.18,15.76,16.06,738600,1.0,0.0
2008-08-26,16.04,16.15,15.7,15.93,651700,1.0,0.0
2008-08-27,15.7,16.29,15.7,16.22,543100,1.0,0.0
2008-08-28,16.32,16.3878,15.98,16.32,453000,1.0,0.0
2008-08-29,16.25,16.51,16.02,16.19,425700,1.0,0.0
2008-09-02,16.53,16.67,16.22,16.41,980400,1.0,0.0
2008-09-03,16.51,16.75,16.27,16.35,1044000,1.0,0.0
2008-09-04,16.29,16.35,15.84,16.02,1031900,1.0,0.0
2008-09-05,15.99,16.15,15.66,15.92,1179000,1.0,0.0
2008-09-08,16.09,16.5,15.93,16.38,956900,1.0,0.0
2008-09-09,16.17,17.03,16.17,16.3,1148000,1.0,0.0
2008-09-10,16.18,16.78,16.01,16.63,1093900,1.0,0.0
2008-09-11,16.72,16.72,15.85,16.2,1012000,1.0,0.0
2008-09-12,16.08,16.5,15.91,16.2,739900,1.0,0.0
2008-09-15,15.4,15.9,15.39,15.81,1032200,1.0,0.0
2008-09-16,15.85,16.46,15.68,16.18,984300,1.0,0.0
2008-09-17,16.0,16.05,15.12,15.32,1499100,1.0,0.0
2008-09-18,15.41,20.0,14.57,20.0,2889000,1.0,0.0
2008-09-19,16.56,18.5,16.25,17.55,2778700,1.0,0.0
2008-09-22,17.3,17.5,16.23,16.23,989700,1.0,0.0
2008-09-23,16.0,16.46,15.26,15.84,894000,1.0,0.0
2008-09-24,16.07,16.75,14.62,14.79,672700,1.0,0.0
2008-09-25,14.96,15.06,14.65,14.77,677600,1.0,0.0
2008-09-26,14.6,15.48,14.34,14.98,997600,1.0,0.0
2008-09-29,15.84,16.32,14.01,15.65,1507300,1.0,0.0
2008-09-30,15.58,16.33,13.79,15.24,1504200,1.0,0.0
2008-10-01,15.225,15.52,13.77,13.89,1552500,1.0,0.0
2008-10-02,13.88,14.17,13.0,13.42,1607800,1.0,0.0
2008-10-03,13.53,13.83,12.75,12.78,1070800,1.0,0.0
2008-10-06,12.48,12.48,10.89,12.01,2116900,1.0,0.0
2008-10-07,12.15,12.21,11.09,11.09,862600,1.0,0.0
2008-10-08,10.84,11.25,10.44,10.96,2270700,1.0,0.0
2008-10-09,10.86,11.68,10.59,11.12,1567800,1.0,0.0
2008-10-10,10.73,10.92,9.33,10.02,1705300,1.0,0.0
2008-10-13,10.56,11.51,10.12,11.51,1425100,1.0,0.0
2008-10-14,11.84,12.11,11.16,11.61,2297000,1.0,0.0
2008-10-15,11.55,11.83,9.77,9.83,833900,1.0,0.0
2008-10-16,9.82,11.02,9.26,10.17,1215100,1.0,0.0
2008-10-17,10.68,10.68,9.8,9.99,535700,1.0,0.0
2008-10-20,10.19,10.49,9.91,10.22,543700,1.0,0.0
2008-10-21,10.12,10.15,9.54,9.55,644800,1.0,0.0
2008-10-22,9.37,9.65,8.28,8.42,897200,1.0,0.0
2008-10-23,8.12,8.7,7.75,8.0,971300,1.0,0.0
2008-10-24,7.47,8.34,6.24,7.99,885500,1.0,0.0
2008-10-27,7.65,8.29,7.48,7.49,722100,1.0,0.0
2008-10-28,7.54,8.25,7.31,8.21,1006200,1.0,0.0
2008-10-29,8.15,9.57,7.73,9.1,1265500,1.0,0.0
2008-10-30,9.33,9.95,9.32,9.84,1208700,1.0,0.0
2008-10-31,9.81,10.31,9.7,10.25,494700,1.0,0.0
2008-11-03,10.27,10.69,10.13,10.34,503300,1.0,0.0
2008-11-04,10.51,10.54,9.95,10.39,1825200,1.0,0.0
2008-11-05,10.24,10.24,9.56,9.56,1003600,1.0,0.0
2008-11-06,9.23,9.5,8.59,8.63,1439400,1.0,0.0
2008-11-07,8.57,8.87,7.75,8.25,961700,1.0,0.0
2008-11-10,8.44,8.48,7.52,7.85,1721800,1.0,0.0
2008-11-11,7.76,7.85,7.01,7.2,1256800,1.0,0.0
2008-11-12,7.06,7.13,6.42,6.54,771900,1.0,0.0
2008-11-13,6.6,6.66,6.27,6.66,1240800,1.0,0.0
2008-11-14,6.58,6.73,6.26,6.26,1278700,1.0,0.0
2008-11-17,6.22,6.41,5.84,5.9,849000,1.0,0.0
2008-11-18,5.9,5.9,5.23,5.57,893100,1.0,0.0
2008-11-19,5.56,5.84,4.94,4.94,989800,1.0,0.0
2008-11-20,4.91,5.11,4.39,4.4,1172700,1.0,0.0
2008-11-21,4.64,4.92,4.32,4.76,1137700,1.0,0.0
2008-11-24,4.76,5.63,4.75,5.53,907100,1.0,0.0
2008-11-25,5.61,6.71,5.53,6.67,1165400,1.0,0.0
2008-11-26,6.7,7.77,6.26,7.74,1086300,1.0,0.0
2008-11-28,7.51,8.12,7.5,8.07,354600,1.0,0.0
2008-12-01,7.87,7.89,6.4,6.42,1172300,1.0,0.0
2008-12-02,6.62,7.5,6.41,6.84,973200,1.0,0.0
2008-12-03,6.75,7.17,5.88,7.17,1482500,1.0,0.0
2008-12-04,7.1,7.22,5.39,6.09,1986000,1.0,0.0
2008-12-05,6.0,6.34,5.69,6.34,1135800,1.0,0.0
2008-12-08,6.7,7.24,6.64,6.98,1198900,1.0,0.0
2008-12-09,6.92,7.59,6.8,7.05,874800,1.0,0.0
2008-12-10,7.15,7.59,6.831,7.0,1296700,1.0,0.0
2008-12-11,6.95,7.29,6.7,6.81,750600,1.0,0.0
2008-12-12,6.6,7.05,6.54,6.98,671500,1.0,0.0
2008-12-15,7.09,7.1,6.15,6.34,1063200,1.0,0.0
2008-12-16,6.2,7.04,6.2,7.04,791300,1.0,0.0
2008-12-17,7.01,8.19,6.73,7.96,1646200,1.0,0.0
2008-12-18,7.85,8.41,7.85,8.36,1208900,1.0,0.0
2008-12-19,8.79,9.09,8.2,8.38,1656700,1.0,0.0
2008-12-22,7.81,8.4,7.6708,8.1,588200,1.0,0.0
2008-12-23,8.26,8.47,7.88,8.0,801000,1.0,0.0
2008-12-24,8.08,8.47,7.88,8.11,367400,1.0,0.0
2008-12-26,8.23,8.48,8.09,8.4,513000,1.0,0.0
2008-12-29,8.32,8.325,7.8,7.98,488900,1.0,0.0
2008-12-30,7.92,8.8,7.92,8.72,649400,1.0,0.0
2008-12-31,8.77,9.25,8.59,9.12,617400,1.0,0.0
2009-01-02,9.25,9.5,8.93,8.98,692500,1.0,0.0
2009-01-05,8.91,9.02,8.47,8.71,704400,1.0,0.0
2009-01-06,8.7,9.49,8.61,9.47,745300,1.0,0.0
2009-01-07,9.08,9.17,8.3,8.71,695500,1.0,0.0
2009-01-08,8.68,8.6846,8.35,8.63,526200,1.0,0.0
2009-01-09,8.65,8.67,8.01,8.01,695200,1.0,0.0
2009-01-12,8.07,8.22,7.25,7.4,620600,1.0,0.0
2009-01-13,7.3,7.43,6.99,7.09,800300,1.0,0.0
2009-01-14,7.11,7.11,6.51,6.55,709300,1.0,0.0
2009-01-15,6.55,6.68,6.14,6.59,913800,1.0,0.0
2009-01-16,6.65,6.76,6.0,6.41,991300,1.0,0.0
2009-01-20,6.33,6.34,5.64,5.7,1016100,1.0,0.0
2009-01-21,5.74,6.1,5.65,6.07,775700,1.0,0.0
2009-01-22,5.89,6.1,5.66,5.76,728000,1.0,0.0
2009-01-23,5.6,5.94,5.22,5.74,649100,1.0,0.0
2009-01-26,5.77,6.2,5.67,5.87,486300,1.0,0.0
2009-01-27,5.86,6.1,5.77,6.02,394600,1.0,0.0
2009-01-28,6.1,6.53,5.95,6.48,858200,1.0,0.0
2009-01-29,6.4,6.4,5.86,5.93,685000,1.0,0.0
2009-01-30,5.93,6.19,5.48,5.58,736000,1.0,0.0
2009-02-02,5.48,5.48,5.18,5.28,590900,1.0,0.0
2009-02-03,5.18,5.52,5.06,5.43,616300,1.0,0.0
2009-02-04,5.45,5.64,5.38,5.41,590300,1.0,0.0
2009-02-05,5.36,5.62,5.27,5.52,564300,1.0,0.0
2009-02-06,5.55,5.92,5.53,5.9,722300,1.0,0.0
2009-02-09,5.86,5.88,5.65,5.71,386800,1.0,0.0
2009-02-10,5.67,5.79,5.08,5.13,806600,1.0,0.0
2009-02-11,5.74,5.74,5.32,5.42,1030800,1.0,0.0
2009-02-12,5.4,5.6,5.23,5.54,859500,1.0,0.0
2009-02-13,5.49,5.5,5.25,5.26,484500,1.0,0.0
2009-02-17,5.12,5.18,4.86,4.86,565100,1.0,0.0
2009-02-18,4.97,5.05,4.71,5.02,658100,1.0,0.0
2009-02-19,5.07,5.21,4.7,4.71,618200,1.0,0.0
2009-02-20,4.61,4.78,4.44,4.7,566100,1.0,0.0
2009-02-23,4.65,4.65,4.33,4.38,810700,1.0,0.0
2009-02-24,4.45,4.67,4.45,4.52,765000,1.0,0.0
2009-02-25,4.5,4.7,4.01,4.19,836900,1.0,0.0
2009-02-26,4.73,4.73,3.89,4.19,2076000,1.0,0.0
2009-02-27,4.1,4.25,3.81,4.05,1305200,1.0,0.0
2009-03-02,3.95,3.98,3.76,3.78,877800,1.0,0.0
2009-03-03,3.86,3.93,3.33,3.49,1494300,1.0,0.0
2009-03-04,3.68,3.68,3.07,3.24,1777400,1.0,0.0
2009-03-05,3.16,3.45,3.05,3.2,2500700,1.0,0.0
2009-03-06,3.16,3.32,2.52,3.16,1455400,1.0,0.0
2009-03-09,3.17,3.33,2.98,3.03,1427600,1.0,0.0
2009-03-10,3.06,3.65,3.06,3.29,2125100,1.0,0.0
2009-03-11,3.25,3.3,3.12,3.2,2073000,1.0,0.0
2009-03-12,3.18,3.53,2.9701,3.52,1020100,1.0,0.0
2009-03-13,3.55,3.59,3.1601,3.44,1102700,1.0,0.0
2009-03-16,3.51,3.63,3.43,3.49,806400,1.0,0.0
2009-03-17,3.5,3.75,3.39,3.7,763300,1.0,0.0
2009-03-18,3.69,4.01,3.69,3.94,1119300,1.0,0.0
2009-03-19,4.0,4.1,3.97,4.02,990900,1.0,0.0
2009-03-20,4.0,4.04,3.65,3.72,1037200,1.0,0.0
2009-03-23,3.72,4.1174,3.72,4.11,887400,1.0,0.0
2009-03-24,3.93,3.9764,3.76,3.76,1079200,1.0,0.0
2009-03-25,3.77,3.99,3.52,3.73,1231500,1.0,0.0
2009-03-26,3.8,4.18,3.65,4.18,1241500,1.0,0.0
2009-03-27,4.12,5.31,4.05,4.7,2571000,1.0,0.0
2009-03-30,4.6,4.6,4.15,4.19,1429200,1.0,0.0
2009-03-31,4.28,4.35,4.05,4.21,909700,1.0,0.0
2009-04-01,4.12,4.4,3.99,4.29,1008000,1.0,0.0
2009-04-02,4.41,4.9,4.37,4.67,1806000,1.0,0.0
2009-04-03,4.7,4.7,4.36,4.59,739600,1.0,0.0
2009-04-06,4.62,4.62,4.31,4.36,899100,1.0,0.0
2009-04-07,4.29,4.33,4.06,4.06,1111600,1.0,0.0
2009-04-08,4.06,4.37,4.06,4.19,629800,1.0,0.0
2009-04-09,4.58,4.68,4.25,4.68,1102000,1.0,0.0
2009-04-13,4.59,4.95,4.46,4.9,1171200,1.0,0.0
2009-04-14,4.87,5.3909,4.7808,5.05,1525600,1.0,0.0
2009-04-15,5.02,5.14,4.84,4.98,646400,1.0,0.0
2009-04-16,5.05,5.27,4.96,5.18,1061800,1.0,0.0
2009-04-17,5.2,5.54,5.1999,5.47,835400,1.0,0.0
2009-04-20,5.34,5.34,4.84,5.0,1100600,1.0,0.0
2009-04-21,4.97,5.29,4.93,5.15,836800,1.0,0.0
2009-04-22,5.09,5.64,5.02,5.57,1128900,1.0,0.0
2009-04-23,5.7,5.815,5.52,5.71,1416300,1.0,0.0
2009-04-24,5.75,6.24,5.69,6.07,1217600,1.0,0.0
2009-04-27,6.02,6.14,5.88,6.01,1152300,1.0,0.0
2009-04-28,5.94,6.27,5.8102,6.11,1213000,1.0,0.0
2009-04-29,6.12,6.59,6.0,6.42,1589400,1.0,0.0
2009-04-30,5.98,6.24,5.7,6.06,2201100,1.0,0.0
2009-05-01,6.02,6.17,5.75,5.79,1113800,1.0,0.0
2009-05-04,5.97,6.07,5.74,6.04,1589700,1.0,0.0
2009-05-05,6.14,6.25,5.86,5.92,1190200,1.0,0.0
2009-05-06,6.09,6.14,5.83,6.01,821900,1.0,0.0
2009-05-07,6.15,6.23,5.58,5.65,1067700,1.0,0.0
2009-05-08,5.81,6.21,5.73,6.21,966800,1.0,0.0
2009-05-11,6.04,6.15,5.75,5.84,1570900,1.0,0.0
2009-05-12,5.89,5.96,5.48,5.62,937700,1.0,0.0
2009-05-13,5.54,5.56,5.0,5.01,1703800,1.0,0.0
2009-05-14,5.05,5.16,4.83,4.98,1595500,1.0,0.0
2009-05-15,4.99,5.28,4.96,5.14,840200,1.0,0.0
2009-05-18,5.2,5.28,5.02,5.23,774500,1.0,0.0
2009-05-19,5.29,5.35,5.01,5.05,1084500,1.0,0.0
2009-05-20,5.13,5.37,5.1,5.23,1806500,1.0,0.0
2009-05-21,5.19,5.25,5.0,5.09,840000,1.0,0.0
2009-05-22,5.1,5.15,4.96,4.98,486200,1.0,0.0
2009-05-26,4.98,5.11,4.85,4.96,945800,1.0,0.0
2009-05-27,4.95,5.13,4.81,4.83,612400,1.0,0.0
2009-05-28,4.89,4.94,4.68,4.7,799600,1.0,0.0
2009-05-29,4.72,4.9,4.7,4.75,730800,1.0,0.0
2009-06-01,4.82,5.3,4.82,5.15,1463600,1.0,0.0
2009-06-02,5.3,5.6,5.19,5.34,1859500,1.0,0.0
2009-06-03,5.24,5.58,4.96,5.43,1911900,1.0,0.0
2009-06-04,5.44,6.0,5.41,5.89,1602300,1.0,0.0
2009-06-05,6.0,6.555,5.95,6.42,1736100,1.0,0.0
2009-06-08,6.47,6.69,6.17,6.6,1753400,1.0,0.0
2009-06-09,6.6,6.89,6.51,6.82,1332500,1.0,0.0
2009-06-10,6.9,6.9,6.49,6.67,831300,1.0,0.0
2009-06-11,6.67,6.85,6.57,6.8,1227300,1.0,0.0
2009-06-12,6.73,6.88,6.68,6.8,1007300,1.0,0.0
2009-06-15,6.74,6.76,6.26,6.31,1354800,1.0,0.0
2009-06-16,6.39,6.66,5.94,6.23,1358900,1.0,0.0
2009-06-17,6.28,6.57,6.19,6.4,1552500,1.0,0.0
2009-06-18,6.4,6.49,6.11,6.24,953900,1.0,0.0
2009-06-19,6.37,6.42,6.13,6.15,778800,1.0,0.0
2009-06-22,6.1,6.14,5.77,5.83,1150500,1.0,0.0
2009-06-23,5.88,6.12,5.7,5.75,925300,1.0,0.0
2009-06-24,5.79,6.22,5.79,6.01,1238200,1.0,0.0
2009-06-25,6.05,6.31,5.89,6.3,1278800,1.0,0.0
2009-06-26,6.27,6.88,6.06,6.61,6870700,1.0,0.0
2009-06-29,6.6,6.65,6.17,6.49,1437700,1.0,0.0
2009-06-30,6.52,6.73,6.39,6.49,1192600,1.0,0.0
2009-07-01,6.57,6.69,6.25,6.3,1318200,1.0,0.0
2009-07-02,6.17,6.25,6.0,6.05,942700,1.0,0.0
2009-07-06,5.98,6.12,5.575,5.74,1103200,1.0,0.0
2009-07-07,5.72,5.77,5.46,5.47,976400,1.0,0.0
2009-07-08,5.5,5.6,5.25,5.34,1197400,1.0,0.0
2009-07-09,5.37,5.48,5.27,5.34,825700,1.0,0.0
2009-07-10,5.28,5.51,5.27,5.4,663000,1.0,0.0
2009-07-13,5.45,5.59,5.19,5.56,780500,1.0,0.0
2009-07-14,5.55,5.89,5.55,5.72,577300,1.0,0.0
2009-07-15,5.81,6.13,5.81,6.0,1291400,1.0,0.0
2009-07-16,5.96,6.2,5.95,6.15,660100,1.0,0.0
2009-07-17,6.13,6.18,5.94,6.02,714900,1.0,0.0
2009-07-20,6.08,6.55,6.06,6.47,1000000,1.0,0.0
2009-07-21,6.5,6.55,6.18,6.38,693900,1.0,0.0
2009-07-22,6.34,6.5,6.19,6.35,1071600,1.0,0.0
2009-07-23,6.44,6.77,6.36,6.65,937600,1.0,0.0
2009-07-24,6.65,6.9,6.4804,6.87,557400,1.0,0.0
2009-07-27,6.88,6.9,6.45,6.82,770300,1.0,0.0
2009-07-28,6.77,6.88,6.56,6.74,2006400,1.0,0.0
2009-07-29,6.7,6.83,6.61,6.68,913200,1.0,0.0
2009-07-30,6.74,7.48,6.61,7.12,3109500,1.0,0.0
2009-07-31,7.19,7.7,7.16,7.47,1585700,1.0,0.0
2009-08-03,7.58,7.71,7.32,7.66,987700,1.0,0.0
2009-08-04,7.58,7.96,7.52,7.93,788600,1.0,0.0
2009-08-05,7.95,7.96,7.67,7.84,845700,1.0,0.0
2009-08-06,7.96,7.96,7.66,7.82,630600,1.0,0.0
2009-08-07,8.0,8.43,7.98,8.35,1269900,1.0,0.0
2009-08-10,8.26,8.38,8.1,8.23,533900,1.0,0.0
2009-08-11,8.24,8.24,7.98,7.98,486800,1.0,0.0
2009-08-12,7.92,8.4,7.8,8.22,851800,1.0,0.0
2009-08-13,8.27,8.55,8.17,8.47,543000,1.0,0.0
2009-08-14,8.45,8.45,8.08,8.19,654400,1.0,0.0
2009-08-17,7.97,8.0,7.8,7.91,594300,1.0,0.0
2009-08-18,7.94,8.35,7.81,8.14,678100,1.0,0.0
2009-08-19,8.01,8.38,7.93,8.32,476800,1.0,0.0
2009-08-20,8.35,8.66,8.24,8.64,438400,1.0,0.0
2009-08-21,8.76,9.07,8.64,8.76,692100,1.0,0.0
2009-08-24,8.75,9.32,8.7,9.05,714100,1.0,0.0
2009-08-25,9.16,9.34,9.03,9.31,665300,1.0,0.0
2009-08-26,9.22,9.36,8.98,9.32,530700,1.0,0.0
2009-08-27,9.34,9.35,8.9,9.27,395500,1.0,0.0
2009-08-28,9.42,9.45,9.11,9.32,482200,1.0,0.0
2009-08-31,9.2,9.31,8.97,9.19,683000,1.0,0.0
2009-09-01,9.1,9.35,8.9,9.16,1719600,1.0,0.0
2009-09-02,9.1,9.255,8.73,9.21,721500,1.0,0.0
2009-09-03,9.26,9.29,8.88,9.28,846200,1.0,0.0
2009-09-04,9.26,9.37,9.08,9.32,780100,1.0,0.0
2009-09-08,9.42,9.83,9.35,9.78,1258500,1.0,0.0
2009-09-09,9.78,10.2,9.72,10.12,954600,1.0,0.0
2009-09-10,10.11,10.16,9.63,9.89,1202500,1.0,0.0
2009-09-11,9.91,10.16,9.88,10.16,887000,1.0,0.0
2009-09-14,10.08,10.82,9.9,10.81,1507100,1.0,0.0
2009-09-15,10.78,10.9,10.23,10.56,1978200,1.0,0.0
2009-09-16,10.63,11.32,10.57,10.96,1258900,1.0,0.0
2009-09-17,10.95,11.15,10.71,10.94,849000,1.0,0.0
2009-09-18,11.01,11.04,10.7,10.93,841600,1.0,0.0
2009-09-21,10.8,10.82,10.5,10.78,593900,1.0,0.0
2009-09-22,10.91,11.16,10.76,11.02,556500,1.0,0.0
2009-09-23,11.04,11.15,10.81,10.85,462000,1.0,0.0
2009-09-24,10.86,11.01,10.39,10.48,732700,1.0,0.0
2009-09-25,10.4,10.489,9.79,10.08,1165700,1.0,0.0
2009-09-28,10.12,10.69,9.97,10.54,917400,1.0,0.0
2009-09-29,10.48,10.89,10.44,10.76,518800,1.0,0.0
2009-09-30,10.8,10.85,10.06,10.3,769800,1.0,0.0
2009-10-01,10.23,10.27,9.68,9.73,945600,1.0,0.0
2009-10-02,9.65,9.73,9.11,9.45,972800,1.0,0.0
2009-10-05,9.5,9.75,9.39,9.61,678900,1.0,0.0
2009-10-06,9.7,10.1,9.59,9.8,636500,1.0,0.0
2009-10-07,9.73,9.8,9.41,9.46,484700,1.0,0.0
2009-10-08,9.55,10.07,9.5,9.84,787900,1.0,0.0
2009-10-09,9.86,10.0,9.75,9.94,383900,1.0,0.0
2009-10-12,9.92,10.35,9.92,10.16,514400,1.0,0.0
2009-10-13,10.17,10.35,9.79,10.23,773900,1.0,0.0
2009-10-14,10.4,10.92,10.24,10.9,865400,1.0,0.0
2009-10-15,10.75,10.95,10.53,10.83,678200,1.0,0.0
2009-10-16,10.72,10.93,10.22,10.82,818000,1.0,0.0
2009-10-19,10.99,11.1,10.82,10.9,501500,1.0,0.0
2009-10-20,10.89,11.14,10.53,10.93,576300,1.0,0.0
2009-10-21,10.92,11.53,10.92,10.96,832500,1.0,0.0
2009-10-22,10.98,11.13,10.59,11.03,627000,1.0,0.0
2009-10-23,11.07,11.14,10.45,10.56,595300,1.0,0.0
2009-10-26,10.65,11.04,9.94,10.03,819900,1.0,0.0
2009-10-27,10.0,10.15,9.79,9.97,615300,1.0,0.0
2009-10-28,10.0,10.0,9.16,9.19,770300,1.0,0.0
2009-10-29,9.34,10.29,9.25,9.89,2018800,1.0,0.0
2009-10-30,9.93,10.06,9.49,9.49,1175200,1.0,0.0
2009-11-02,9.53,9.64,8.95,9.12,816900,1.0,0.0
2009-11-03,9.07,9.44,9.04,9.42,741800,1.0,0.0
2009-11-04,9.54,9.65,9.26,9.27,491800,1.0,0.0
2009-11-05,9.35,9.78,9.29,9.77,438300,1.0,0.0
2009-11-06,9.53,9.85,9.4738,9.7,352400,1.0,0.0
2009-11-09,9.8,10.08,9.72,9.87,531500,1.0,0.0
2009-11-10,8.99,9.26,8.76,8.89,3452200,1.0,0.0
2009-11-11,8.8,8.89,8.62,8.71,6629600,1.0,0.0
2009-11-12,8.68,8.83,8.61,8.69,3863300,1.0,0.0
2009-11-13,8.76,9.02,8.66,8.92,1666300,1.0,0.0
2009-11-16,9.57,9.73,9.2,9.3,2319700,1.0,0.0
2009-11-17,9.3,9.48,9.1,9.35,722100,1.0,0.0
2009-11-18,9.4,9.79,9.25,9.59,1421800,1.0,0.0
2009-11-19,9.58,9.65,9.26,9.54,1697300,1.0,0.0
2009-11-20,9.44,9.77,9.08,9.64,2178600,1.0,0.0
2009-11-23,9.7,9.87,9.45,9.52,1532300,1.0,0.0
2009-11-24,9.49,9.5,8.85,9.08,2793300,1.0,0.0
2009-11-25,9.13,9.67,9.12,9.6,975100,1.0,0.0
2009-11-27,9.29,9.48,9.05,9.19,352000,1.0,0.0
2009-11-30,9.15,9.28,8.9,9.22,767600,1.0,0.0
2009-12-01,9.35,9.48,9.12,9.23,706400,1.0,0.0
2009-12-02,9.21,9.6,9.21,9.33,965000,1.0,0.0
2009-12-03,9.42,9.75,9.29,9.4,929800,1.0,0.0
2009-12-04,9.67,9.8,9.32,9.49,1256300,1.0,0.0
2009-12-07,9.52,10.04,9.49,9.97,1373500,1.0,0.0
2009-12-08,9.81,9.94,9.59,9.8,873300,1.0,0.0
2009-12-09,9.81,9.84,9.33,9.8,778800,1.0,0.0
2009-12-10,9.88,9.98,9.62,9.74,732600,1.0,0.0
2009-12-11,9.86,10.11,9.83,10.02,960400,1.0,0.0
2009-12-14,9.99,10.2,9.8,9.97,360500,1.0,0.0
2009-12-15,9.9,10.16,9.86,9.95,596000,1.0,0.0
2009-12-16,10.11,10.18,9.835,9.99,825100,1.0,0.0
2009-12-17,9.82,9.99,9.565,9.68,648900,1.0,0.0
2009-12-18,9.83,9.83,9.54,9.78,1289600,1.0,0.0
2009-12-21,9.94,10.04,9.82,10.0,670600,1.0,0.0
2009-12-22,10.06,10.23,10.01,10.19,715100,1.0,0.0
2009-12-23,10.15,10.29,9.96,10.23,617600,1.0,0.0
2009-12-24,10.19,10.32,10.13,10.26,334800,1.0,0.0
2009-12-28,10.32,10.37,10.02,10.14,520100,1.0,0.0
2009-12-29,10.15,10.2101,10.03,10.06,508900,1.0,0.0
2009-12-30,9.92,10.05,9.73,9.99,893700,1.0,0.0
2009-12-31,9.99,10.09,9.77,9.81,779800,1.0,0.0
2010-01-04,9.92,10.13,9.79,10.04,1692500,1.0,0.0
2010-01-05,10.04,10.04,9.8,9.93,1459200,1.0,0.0
2010-01-06,9.9,9.97,9.69,9.93,1072900,1.0,0.0
2010-01-07,9.87,9.98,9.73,9.8,2052800,1.0,0.0
2010-01-08,9.78,9.85,9.52,9.58,1399000,1.0,0.0
2010-01-11,9.61,9.65,9.29,9.3,1570800,1.0,0.0
2010-01-12,9.3,9.32,8.965,9.14,1666600,1.0,0.0
2010-01-13,9.16,9.21,8.85,8.96,3644500,1.0,0.0
2010-01-14,8.97,9.0,8.87,8.98,1102000,1.0,0.0
2010-01-15,9.03,9.15,8.91,9.14,1683000,1.0,0.0
2010-01-19,9.19,9.325,9.1,9.28,1929300,1.0,0.0
2010-01-20,9.2,9.28,9.0,9.25,1465700,1.0,0.0
2010-01-21,9.28,9.28,8.73,8.8,2489400,1.0,0.0
2010-01-22,8.73,8.87,8.45,8.49,4160800,1.0,0.0
2010-01-25,8.56,8.75,8.36,8.62,3592100,1.0,0.0
2010-01-26,8.59,8.77,8.43,8.5,1005900,1.0,0.0
2010-01-27,8.49,8.506,8.26,8.34,2403900,1.0,0.0
2010-01-28,8.34,8.44,8.18,8.33,2354300,1.0,0.0
2010-01-29,8.3,8.43,8.01,8.01,1727100,1.0,0.0
2010-02-01,8.06,8.44,8.05,8.38,1465500,1.0,0.0
2010-02-02,8.37,8.61,8.25,8.46,1937000,1.0,0.0
2010-02-03,8.42,8.5,8.15,8.31,1484000,1.0,0.0
2010-02-04,8.18,8.2,7.29,7.38,4219100,1.0,0.0
2010-02-05,7.33,7.43,7.13,7.38,2973700,1.0,0.0
2010-02-08,7.38,7.53,7.25,7.41,2475700,1.0,0.0
2010-02-09,7.54,7.81,7.34,7.54,1831000,1.0,0.0
2010-02-10,7.5,7.6,7.18,7.28,1747300,1.0,0.0
2010-02-11,7.25,7.3,7.03,7.08,2456200,1.0,0.0
2010-02-12,7.03,7.095,6.99,7.07,1658700,1.0,0.0
2010-02-16,7.14,7.2,7.03,7.14,1078700,1.0,0.0
2010-02-17,7.15,7.21,7.02,7.16,981700,1.0,0.0
2010-02-18,7.14,7.17,6.93,7.02,1175100,1.0,0.0
2010-02-19,6.96,7.06,6.87,7.03,2765200,1.0,0.0
2010-02-22,7.09,7.46,6.99,7.44,2207600,1.0,0.0
2010-02-23,7.44,7.47,7.235,7.29,991200,1.0,0.0
2010-02-24,7.3,7.46,7.25,7.36,1566200,1.0,0.0
2010-02-25,7.23,7.32,7.03,7.28,1366600,1.0,0.0
2010-02-26,7.27,7.6,7.21,7.55,1162300,1.0,0.0
2010-03-01,7.57,7.97,7.5625,7.8,1881800,1.0,0.0
2010-03-02,7.86,8.15,7.8,8.02,2345000,1.0,0.0
2010-03-03,8.04,8.19,7.67,7.76,1627000,1.0,0.0
2010-03-04,7.73,7.93,7.68,7.87,714000,1.0,0.0
2010-03-05,8.0,8.31,7.92,8.28,1420600,1.0,0.0
2010-03-08,8.29,8.35,8.11,8.18,633600,1.0,0.0
2010-03-09,8.11,8.49,8.11,8.39,939300,1.0,0.0
2010-03-10,8.38,8.64,8.29,8.5,1249500,1.0,0.0
2010-03-11,8.29,8.52,8.11,8.47,556800,1.0,0.0
2010-03-12,8.48,8.5,8.26,8.42,528700,1.0,0.0
2010-03-15,8.34,8.42,8.13,8.25,713100,1.0,0.0
2010-03-16,8.29,8.31,8.17,8.25,330800,1.0,0.0
2010-03-17,8.25,8.33,8.17,8.25,567900,1.0,0.0
2010-03-18,8.25,8.3,8.11,8.14,396600,1.0,0.0
2010-03-19,8.17,8.28,7.94,7.96,836200,1.0,0.0
2010-03-22,7.88,8.15,7.83,7.97,879000,1.0,0.0
2010-03-23,8.0,8.41,8.0,8.39,1027100,1.0,0.0
2010-03-24,8.35,8.49,8.25,8.46,1103400,1.0,0.0
2010-03-25,8.52,8.7,8.41,8.41,1027800,1.0,0.0
2010-03-26,8.37,8.65,8.31,8.4,695100,1.0,0.0
2010-03-29,8.5,9.1,8.41,9.0,2384100,1.0,0.0
2010-03-30,9.05,9.44,9.02,9.4,3247300,1.0,0.0
2010-03-31,9.37,9.62,9.17,9.38,1734600,1.0,0.0
2010-04-01,9.51,9.56,9.26,9.27,1442000,1.0,0.0
2010-04-05,9.3,9.64,9.26,9.6,1275300,1.0,0.0
2010-04-06,9.56,9.795,9.48,9.74,2087900,1.0,0.0
2010-04-07,9.65,10.0,9.65,9.83,1754900,1.0,0.0
2010-04-08,9.69,9.86,9.39,9.82,2041300,1.0,0.0
2010-04-09,9.83,10.48,9.76,10.46,3694700,1.0,0.0
2010-04-12,10.37,10.45,10.16,10.2,1985800,1.0,0.0
2010-04-13,10.22,10.5402,10.12,10.47,1783000,1.0,0.0
2010-04-14,10.5,10.84,10.42,10.78,1508000,1.0,0.0
2010-04-15,10.71,11.05,10.71,10.94,2356000,1.0,0.0
2010-04-16,10.86,11.0199,10.53,10.63,1306700,1.0,0.0
2010-04-19,10.53,10.8,10.53,10.73,1309700,1.0,0.0
2010-04-20,10.77,10.93,10.54,10.73,2109700,1.0,0.0
2010-04-21,10.75,10.76,10.345,10.7,1882300,1.0,0.0
2010-04-22,10.65,12.605,10.45,12.51,6920000,1.0,0.0
2010-04-23,12.49,13.35,12.42,13.14,3902600,1.0,0.0
2010-04-26,13.08,13.94,13.08,13.82,3153400,1.0,0.0
2010-04-27,13.75,13.95,13.13,13.22,3916900,1.0,0.0
2010-04-28,13.35,13.83,13.12,13.3,1827400,1.0,0.0
2010-04-29,13.33,14.69,13.33,14.46,4978600,1.0,0.0
2010-04-30,14.44,14.79,14.33,14.36,2752800,1.0,0.0
2010-05-03,14.48,14.7,14.31,14.59,1403700,1.0,0.0
2010-05-04,14.27,14.27,13.7,13.9,2395700,1.0,0.0
2010-05-05,13.59,13.8,13.14,13.3,2699200,1.0,0.0
2010-05-06,13.13,13.6,11.37,12.58,1824200,1.0,0.0
2010-05-07,12.6,12.75,11.99,12.12,2860700,1.0,0.0
2010-05-10,12.58,13.48,12.58,13.34,1794600,1.0,0.0
2010-05-11,13.1,13.9,12.88,13.46,1740400,1.0,0.0
2010-05-12,13.51,14.29,13.51,14.01,2087600,1.0,0.0
2010-05-13,14.01,14.5491,13.91,14.2,1554100,1.0,0.0
2010-05-14,14.02,14.12,13.27,13.56,1534500,1.0,0.0
2010-05-17,13.66,13.92,12.92,13.38,1138500,1.0,0.0
2010-05-18,13.5,13.84,13.17,13.31,1464900,1.0,0.0
2010-05-19,13.43,13.43,12.37,12.61,2051300,1.0,0.0
2010-05-20,12.15,12.42,11.61,11.61,3012800,1.0,0.0
2010-05-21,11.4,12.21,11.2,11.81,2038300,1.0,0.0
2010-05-24,11.77,12.28,11.77,11.89,1598100,1.0,0.0
2010-05-25,11.34,11.51,10.88,11.51,2319100,1.0,0.0
2010-05-26,11.55,12.17,11.51,11.7,1302600,1.0,0.0
2010-05-27,12.05,12.41,11.85,12.41,1229200,1.0,0.0
2010-05-28,12.33,12.61,12.08,12.15,1409400,1.0,0.0
2010-06-01,12.0,12.63,11.7,12.21,2426000,1.0,0.0
2010-06-02,12.36,12.62,12.23,12.62,1069400,1.0,0.0
2010-06-03,12.48,12.7,12.29,12.55,737900,1.0,0.0
2010-06-04,12.18,12.33,11.64,11.65,1570100,1.0,0.0
2010-06-07,11.66,11.8,11.08,11.17,1589400,1.0,0.0
2010-06-08,11.25,11.41,10.77,10.83,1615200,1.0,0.0
2010-06-09,10.91,11.63,10.87,10.97,3338700,1.0,0.0
2010-06-10,11.23,11.46,11.14,11.4,1561500,1.0,0.0
2010-06-11,11.12,11.7,11.0,11.7,2465000,1.0,0.0
2010-06-14,11.93,12.22,11.76,11.83,1067700,1.0,0.0
2010-06-15,12.0,12.65,11.91,12.61,2409800,1.0,0.0
2010-06-16,12.5,12.74,12.3,12.63,1202000,1.0,0.0
2010-06-17,12.64,12.7,12.17,12.52,812400,1.0,0.0
2010-06-18,12.57,12.77,11.92,12.48,1176300,1.0,0.0
2010-06-21,12.75,13.07,12.09,12.23,933500,1.0,0.0
2010-06-22,12.24,12.39,11.44,11.52,1422000,1.0,0.0
2010-06-23,11.56,11.56,10.83,10.98,2276500,1.0,0.0
2010-06-24,10.8,10.94,10.43,10.46,2131500,1.0,0.0
2010-06-25,10.46,10.76,10.13,10.68,2535500,1.0,0.0
2010-06-28,10.69,10.92,10.5,10.53,1034200,1.0,0.0
2010-06-29,10.23,10.24,9.39,9.51,3178800,1.0,0.0
2010-06-30,9.53,9.75,9.28,9.32,1350900,1.0,0.0
2010-07-01,9.32,9.35,8.55,8.91,2975300,1.0,0.0
2010-07-02,8.99,8.99,8.43,8.53,1500500,1.0,0.0
2010-07-06,8.75,8.87,8.2,8.29,2416900,1.0,0.0
2010-07-07,8.34,8.925,8.22,8.83,1554900,1.0,0.0
2010-07-08,8.95,9.12,8.87,9.1,1164500,1.0,0.0
2010-07-09,9.24,9.84,9.21,9.59,2278500,1.0,0.0
2010-07-12,9.52,9.71,9.27,9.51,939300,1.0,0.0
2010-07-13,9.77,10.3,9.715,10.17,2335000,1.0,0.0
2010-07-14,10.01,10.46,10.01,10.43,1939900,1.0,0.0
2010-07-15,10.42,10.61,10.14,10.57,2146300,1.0,0.0
2010-07-16,10.44,10.5,10.13,10.25,2535300,1.0,0.0
2010-07-19,10.31,10.4,10.06,10.4,2388200,1.0,0.0
2010-07-20,10.15,10.61,10.05,10.57,2442100,1.0,0.0
2010-07-21,11.93,12.31,11.53,11.85,10937000,1.0,0.0
2010-07-22,11.86,12.79,11.86,12.5,4350700,1.0,0.0
2010-07-23,12.4,12.9,12.39,12.85,2476900,1.0,0.0
2010-07-26,12.78,13.67,12.71,13.22,2563200,1.0,0.0
2010-07-27,13.43,13.57,12.86,13.1,1797600,1.0,0.0
2010-07-28,13.07,13.23,12.69,12.76,2351600,1.0,0.0
2010-07-29,12.97,13.43,12.75,13.11,2285100,1.0,0.0
2010-07-30,12.85,13.38,12.73,13.18,1341400,1.0,0.0
2010-08-02,13.52,13.7,13.19,13.37,1379700,1.0,0.0
2010-08-03,13.2,13.61,13.06,13.4,1773000,1.0,0.0
2010-08-04,13.4,13.98,13.39,13.89,1685400,1.0,0.0
2010-08-05,13.69,13.69,13.28,13.41,1312700,1.0,0.0
2010-08-06,13.42,13.68,12.9,13.47,1310500,1.0,0.0
2010-08-09,13.57,13.755,13.43,13.73,723500,1.0,0.0
2010-08-10,13.46,13.63,12.89,13.21,1202000,1.0,0.0
2010-08-11,12.77,12.78,12.16,12.26,1790100,1.0,0.0
2010-08-12,11.93,12.12,11.69,12.09,3415700,1.0,0.0
2010-08-13,12.0,12.17,11.93,12.03,713800,1.0,0.0
2010-08-16,11.86,12.35,11.81,12.26,894700,1.0,0.0
2010-08-17,12.45,12.89,12.36,12.62,837800,1.0,0.0
2010-08-18,12.54,13.08,12.33,12.95,1137200,1.0,0.0
2010-08-19,12.85,12.88,12.55,12.8,1379800,1.0,0.0
2010-08-20,12.69,12.88,12.35,12.41,1118200,1.0,0.0
2010-08-23,12.6,12.73,11.89,11.93,1538400,1.0,0.0
2010-08-24,11.68,11.82,11.33,11.61,1234300,1.0,0.0
2010-08-25,11.41,11.575,11.11,11.5,982700,1.0,0.0
2010-08-26,11.53,11.89,11.2599,11.31,658800,1.0,0.0
2010-08-27,11.48,11.89,11.04,11.84,948800,1.0,0.0
2010-08-30,11.7,11.77,11.22,11.23,1028100,1.0,0.0
2010-08-31,11.12,11.43,10.89,11.25,1071100,1.0,0.0
2010-09-01,11.48,11.95,11.3,11.93,2020700,1.0,0.0
2010-09-02,11.92,12.46,11.82,12.39,1057200,1.0,0.0
2010-09-03,12.75,13.08,12.7,12.93,1624400,1.0,0.0
2010-09-07,12.81,12.915,12.6,12.64,1043400,1.0,0.0
2010-09-08,12.66,13.165,12.59,13.06,1261400,1.0,0.0
2010-09-09,13.35,13.52,13.06,13.11,726600,1.0,0.0
2010-09-10,13.14,13.765,13.09,13.66,1079100,1.0,0.0
2010-09-13,13.78,14.05,13.72,13.8,1561100,1.0,0.0
2010-09-14,13.73,14.07,13.51,13.97,1301600,1.0,0.0
2010-09-15,13.91,14.03,13.69,13.95,718800,1.0,0.0
2010-09-16,13.89,14.0,13.44,13.89,1020600,1.0,0.0
2010-09-17,14.01,14.275,13.71,14.01,1344100,1.0,0.0
2010-09-20,14.09,14.52,13.94,14.48,1256900,1.0,0.0
2010-09-21,14.5,14.9,14.34,14.38,1658600,1.0,0.0
2010-09-22,14.27,14.62,14.245,14.35,1209900,1.0,0.0
2010-09-23,14.13,14.53,13.92,14.06,1038000,1.0,0.0
2010-09-24,14.35,14.53,14.34,14.52,2190300,1.0,0.0
2010-09-27,14.55,14.75,14.42,14.63,1775200,1.0,0.0
2010-09-28,14.63,14.82,14.29,14.8,1729800,1.0,0.0
2010-09-29,14.74,14.9,14.45,14.79,1395100,1.0,0.0
2010-09-30,14.91,15.41,14.48,14.84,1364600,1.0,0.0
2010-10-01,14.98,15.105,14.57,14.95,1378700,1.0,0.0
2010-10-04,14.91,15.01,14.46,14.53,1733000,1.0,0.0
2010-10-05,14.78,14.99,14.59,14.87,2638300,1.0,0.0
2010-10-06,14.89,15.05,14.48,14.69,2252800,1.0,0.0
2010-10-07,14.83,14.99,14.49,14.89,2207500,1.0,0.0
2010-10-08,14.88,15.28,14.68,14.78,2904800,1.0,0.0
2010-10-11,14.82,15.3,14.7,15.05,2683800,1.0,0.0
2010-10-12,15.19,16.26,15.19,16.07,6336100,1.0,0.0
2010-10-13,16.27,16.71,16.1,16.44,3533100,1.0,0.0
2010-10-14,16.47,16.49,15.92,16.46,1480100,1.0,0.0
2010-10-15,16.85,16.95,16.12,16.28,1603600,1.0,0.0
2010-10-18,16.28,16.75,16.12,16.66,1507500,1.0,0.0
2010-10-19,16.36,16.38,15.79,16.0,2454000,1.0,0.0
2010-10-20,17.23,18.0,16.75,17.6,8971100,1.0,0.0
2010-10-21,17.9,18.69,17.69,18.32,6289600,1.0,0.0
2010-10-22,18.33,18.53,17.75,18.47,2660700,1.0,0.0
2010-10-25,18.61,19.03,18.52,18.86,3107200,1.0,0.0
2010-10-26,18.68,19.13,18.44,18.6,1725200,1.0,0.0
2010-10-27,18.52,18.94,18.27,18.87,1414200,1.0,0.0
2010-10-28,19.06,19.14,18.46,18.5,1913200,1.0,0.0
2010-10-29,18.43,18.865,18.3,18.79,728600,1.0,0.0
2010-11-01,18.98,19.26,18.72,18.94,1609400,1.0,0.0
2010-11-02,19.27,19.55,19.1,19.37,1388500,1.0,0.0
2010-11-03,19.4,19.55,19.07,19.36,1184400,1.0,0.0
2010-11-04,19.7,20.13,19.57,19.94,1438000,1.0,0.0
2010-11-05,20.05,20.2999,19.8,20.06,1287800,1.0,0.0
2010-11-08,19.88,20.38,19.81,20.34,949800,1.0,0.0
2010-11-09,20.49,20.75,20.0,20.18,1311300,1.0,0.0
2010-11-10,20.13,20.4,19.71,20.38,894700,1.0,0.0
2010-11-11,19.95,20.34,19.58,20.22,1649400,1.0,0.0
2010-11-12,20.03,20.52,19.24,19.64,3095900,1.0,0.0
2010-11-15,19.89,20.45,19.75,19.78,1953000,1.0,0.0
2010-11-16,19.81,19.81,18.85,19.06,2246300,1.0,0.0
2010-11-17,19.05,19.76,19.05,19.59,1549600,1.0,0.0
2010-11-18,20.15,20.28,19.83,19.84,1330600,1.0,0.0
2010-11-19,19.73,20.07,19.64,19.87,743700,1.0,0.0
2010-11-22,19.68,19.97,19.49,19.91,925300,1.0,0.0
2010-11-23,19.53,20.01,19.43,19.84,1626600,1.0,0.0
2010-11-24,20.06,20.77,19.99,20.62,980400,1.0,0.0
2010-11-26,20.14,20.69,20.06,20.55,359400,1.0,0.0
2010-11-29,20.38,20.57,19.85,20.19,883400,1.0,0.0
2010-11-30,19.85,20.09,19.39,19.62,1172100,1.0,0.0
2010-12-01,20.14,20.4,19.81,20.22,1154100,1.0,0.0
2010-12-02,20.31,20.92,20.26,20.8,1454000,1.0,0.0
2010-12-03,20.62,21.53,20.54,21.41,1209200,1.0,0.0
2010-12-06,21.22,21.79,21.21,21.63,953400,1.0,0.0
2010-12-07,22.0,22.3,21.46,21.61,2562200,1.0,0.0
2010-12-08,22.04,23.12,21.86,22.66,2649000,1.0,0.0
2010-12-09,22.95,23.4,22.6701,23.08,2953600,1.0,0.0
2010-12-10,23.22,23.69,23.01,23.51,1348100,1.0,0.0
2010-12-13,23.6,23.65,22.57,22.66,1674000,1.0,0.0
2010-12-14,22.89,23.12,22.39,22.46,1251100,1.0,0.0
2010-12-15,22.46,22.73,21.63,21.95,1492400,1.0,0.0
2010-12-16,21.96,22.67,21.87,22.5,1334100,1.0,0.0
2010-12-17,22.57,22.57,22.0,22.16,1271800,1.0,0.0
2010-12-20,22.29,22.37,21.93,22.26,776100,1.0,0.0
2010-12-21,21.66,22.95,21.58,22.83,1150900,1.0,0.0
2010-12-22,22.91,23.06,22.32,22.65,1036400,1.0,0.0
2010-12-23,22.78,22.91,22.48,22.75,805400,1.0,0.0
2010-12-27,22.6,22.83,22.36,22.72,541800,1.0,0.0
2010-12-28,22.74,22.765,22.365,22.71,878500,1.0,0.0
2010-12-29,22.74,22.986,22.55,22.72,803900,1.0,0.0
2010-12-30,22.65,22.99,22.6,22.75,568600,1.0,0.0
2010-12-31,22.7,23.04,22.67,22.75,610200,1.0,0.0
2011-01-03,23.14,23.24,22.66,22.87,1560400,1.0,0.0
2011-01-04,23.12,23.77,22.87,23.69,2784700,1.0,0.0
2011-01-05,23.55,24.65,23.48,24.48,1887700,1.0,0.0
2011-01-06,24.59,24.98,24.41,24.46,1879000,1.0,0.0
2011-01-07,24.67,25.49,24.66,25.25,3414300,1.0,0.0
2011-01-10,25.1,25.45,24.76,25.18,1575500,1.0,0.0
2011-01-11,25.43,25.49,24.89,25.11,1642100,1.0,0.0
2011-01-12,25.43,25.47,24.95,25.11,1497000,1.0,0.0
2011-01-13,25.16,26.07,25.03,25.55,2031900,1.0,0.0
2011-01-14,25.55,26.565,25.54,26.49,1766600,1.0,0.0
2011-01-18,26.27,26.93,26.09,26.44,1562700,1.0,0.0
2011-01-19,26.45,26.59,25.23,25.45,2017700,1.0,0.0
2011-01-20,25.25,25.87,24.81,24.89,1666300,1.0,0.0
2011-01-21,25.21,25.69,24.92,25.3,1345500,1.0,0.0
2011-01-24,25.1501,26.28,25.15,26.12,1657400,1.0,0.0
2011-01-25,25.98,26.45,25.8442,26.17,1502000,1.0,0.0
2011-01-26,26.26,27.52,26.03,27.37,2236400,1.0,0.0
2011-01-27,27.49,27.84,27.18,27.71,1608600,1.0,0.0
2011-01-28,27.64,27.71,26.17,26.49,2533700,1.0,0.0
2011-01-31,26.6,27.23,26.53,26.65,1977500,1.0,0.0
2011-02-01,27.24,27.66,26.77,27.53,2931500,1.0,0.0
2011-02-02,27.76,29.93,27.64,28.7,5007300,1.0,0.0
2011-02-03,28.52,29.88,28.15,29.77,2419700,1.0,0.0
2011-02-04,29.7,30.53,29.69,30.5,2360000,1.0,0.0
2011-02-07,30.31,31.57,30.23,31.14,3351400,1.0,0.0
2011-02-08,31.14,31.19,30.63,30.9,4791700,1.0,0.0
2011-02-09,30.94,31.62,30.56,31.14,1848800,1.0,0.0
2011-02-10,30.88,31.61,30.74,31.58,1412600,1.0,0.0
2011-02-11,31.5,31.98,31.15,31.25,1477500,1.0,0.0
2011-02-14,32.11,33.63,31.46,32.97,2092800,1.0,0.0
2011-02-15,32.64,32.76,32.06,32.17,1316800,1.0,0.0
2011-02-16,32.4,33.01,32.38,32.47,1111400,1.0,0.0
2011-02-17,32.43,33.36,32.28,33.18,1097800,1.0,0.0
2011-02-18,33.34,33.37,32.57,32.65,1885300,1.0,0.0
2011-02-22,32.07,32.58,30.79,31.29,1618400,1.0,0.0
2011-02-23,31.41,31.47,29.32,30.42,2600100,1.0,0.0
2011-02-24,30.51,30.9,29.42,30.03,2890100,1.0,0.0
2011-02-25,30.9,32.31,30.64,32.19,2777200,1.0,0.0
2011-02-28,32.31,32.66,30.59,30.98,1779400,1.0,0.0
2011-03-01,31.13,31.183,29.95,30.24,1759500,1.0,0.0
2011-03-02,30.29,31.22,29.93,31.07,1986400,1.0,0.0
2011-03-03,31.745,32.95,31.745,32.06,1458400,1.0,0.0
2011-03-04,31.97,32.29,31.46,31.77,719600,1.0,0.0
2011-03-07,31.83,32.0,30.34,31.1,1643900,1.0,0.0
2011-03-08,31.12,31.9,30.66,31.49,1074400,1.0,0.0
2011-03-09,31.3,31.41,30.85,31.16,1015800,1.0,0.0
2011-03-10,30.6,30.66,29.75,30.04,1889700,1.0,0.0
2011-03-11,30.0,30.6,29.69,30.4,1169400,1.0,0.0
2011-03-14,29.79,30.5,29.4,30.37,1442100,1.0,0.0
2011-03-15,28.94,30.68,28.8,30.37,1294600,1.0,0.0
2011-03-16,30.41,31.52,29.84,30.29,1777700,1.0,0.0
2011-03-17,31.04,31.5,30.75,30.86,1644500,1.0,0.0
2011-03-18,31.4,31.78,30.49,30.52,1781900,1.0,0.0
2011-03-21,31.17,31.97,30.97,31.83,2377200,1.0,0.0
2011-03-22,32.0,32.15,30.99,31.14,690500,1.0,0.0
2011-03-23,30.92,31.82,30.37,31.36,976800,1.0,0.0
2011-03-24,31.75,32.03,31.19,31.9,1741900,1.0,0.0
2011-03-25,32.03,33.14,31.79,32.48,1385800,1.0,0.0
2011-03-28,32.6,32.71,32.06,32.36,894800,1.0,0.0
2011-03-29,32.4,32.62,31.86,32.4,1076500,1.0,0.0
2011-03-30,32.6,33.06,32.42,32.72,652800,1.0,0.0
2011-03-31,32.71,33.42,32.68,33.28,945100,1.0,0.0
2011-04-01,33.72,34.13,33.16,33.78,1395000,1.0,0.0
2011-04-04,34.02,34.11,33.53,33.73,2370300,1.0,0.0
2011-04-05,33.61,34.34,33.49,34.09,1400600,1.0,0.0
2011-04-06,34.52,34.78,33.41,33.81,2320900,1.0,0.0
2011-04-07,33.75,33.85,32.62,33.0,1504900,1.0,0.0
2011-04-08,33.99,33.99,31.8501,32.28,1493400,1.0,0.0
2011-04-11,32.13,32.28,31.62,31.88,1116700,1.0,0.0
2011-04-12,31.64,31.94,31.2,31.43,1401500,1.0,0.0
2011-04-13,31.8,32.05,31.42,31.72,958400,1.0,0.0
2011-04-14,31.21,31.72,30.98,31.56,1448200,1.0,0.0
2011-04-15,31.63,32.32,31.42,32.03,1285400,1.0,0.0
2011-04-18,31.39,31.6,30.06,30.65,2057300,1.0,0.0
2011-04-19,30.91,31.58,30.88,31.5,2291200,1.0,0.0
2011-04-20,30.39,30.5,27.8,28.37,11050300,1.0,0.0
2011-04-21,28.59,30.32,28.53,29.72,3966500,1.0,0.0
2011-04-25,29.67,29.76,29.0,29.15,1638700,1.0,0.0
2011-04-26,29.21,29.95,29.11,29.36,2093900,1.0,0.0
2011-04-27,29.34,29.74,28.46,29.5,1951100,1.0,0.0
2011-04-28,29.49,29.56,28.82,28.97,1041700,1.0,0.0
2011-04-29,29.29,29.53,28.7801,29.42,1388400,1.0,0.0
2011-05-02,29.57,29.87,29.12,29.25,1325300,1.0,0.0
2011-05-03,29.07,29.21,27.86,28.32,1746500,1.0,0.0
2011-05-04,28.38,28.39,26.89,27.36,2334600,1.0,0.0
2011-05-05,27.16,28.15,26.83,27.33,1620400,1.0,0.0
2011-05-06,27.95,28.57,27.5,27.64,1432300,1.0,0.0
2011-05-09,27.39,27.75,27.0,27.27,1460600,1.0,0.0
2011-05-10,27.48,28.28,27.48,28.06,1371800,1.0,0.0
2011-05-11,27.88,28.02,26.83,27.13,1246800,1.0,0.0
2011-05-12,26.99,27.09,26.58,26.67,1516700,1.0,0.0
2011-05-13,26.75,26.92,25.82,26.07,2338600,1.0,0.0
2011-05-16,25.91,26.51,25.73,25.95,1519600,1.0,0.0
2011-05-17,25.69,25.87,24.91,25.06,2503700,1.0,0.0
2011-05-18,25.16,25.89,25.08,25.61,2112500,1.0,0.0
2011-05-19,25.87,26.0,25.4,25.55,1843000,1.0,0.0
2011-05-20,25.4,25.5,24.89,25.17,1383100,1.0,0.0
2011-05-23,24.58,24.73,24.26,24.42,1729200,1.0,0.0
2011-05-24,24.42,24.97,24.22,24.24,1097400,1.0,0.0
2011-05-25,24.35,25.34,24.28,25.19,1611700,1.0,0.0
2011-05-26,24.98,25.5,24.84,25.44,1082200,1.0,0.0
2011-05-27,25.54,26.25,25.54,25.69,1203600,1.0,0.0
2011-05-31,26.08,27.43,26.08,27.34,2723700,1.0,0.0
2011-06-01,27.25,27.25,25.42,25.55,2069400,1.0,0.0
2011-06-02,25.91,25.98,25.17,25.43,1586800,1.0,0.0
2011-06-03,24.81,25.38,24.47,24.6,2121600,1.0,0.0
2011-06-06,24.6,24.91,23.76,23.9,1204800,1.0,0.0
2011-06-07,24.14,24.44,23.66,23.68,1070200,1.0,0.0
2011-06-08,23.5,23.71,22.13,22.18,3374800,1.0,0.0
2011-06-09,22.17,23.34,22.15,22.83,3251900,1.0,0.0
2011-06-10,22.62,22.77,22.24,22.32,1573100,1.0,0.0
2011-06-13,22.37,22.89,22.32,22.5,1948800,1.0,0.0
2011-06-14,22.91,24.22,22.65,23.96,2811100,1.0,0.0
2011-06-15,23.7,24.48,23.05,23.21,2480400,1.0,0.0
2011-06-16,23.2,23.65,22.97,23.24,1908900,1.0,0.0
2011-06-17,23.67,23.9,23.11,23.25,1550700,1.0,0.0
2011-06-20,23.17,23.51,22.77,23.21,2064100,1.0,0.0
2011-06-21,23.51,24.63,23.51,24.15,2371700,1.0,0.0
2011-06-22,24.04,24.8,23.95,24.12,2130500,1.0,0.0
2011-06-23,23.67,23.99,23.19,23.78,2037200,1.0,0.0
2011-06-24,23.85,24.1099,22.89,22.96,1898900,1.0,0.0
2011-06-27,22.98,23.45,22.68,23.23,1060300,1.0,0.0
2011-06-28,23.36,24.42,23.351,24.38,1739600,1.0,0.0
2011-06-29,24.33,24.58,23.98,24.41,1721600,1.0,0.0
2011-06-30,24.47,25.63,24.34,25.4,1610800,1.0,0.0
2011-07-01,25.49,26.89,25.25,26.69,2278000,1.0,0.0
2011-07-05,26.63,26.8,25.72,25.85,1359300,1.0,0.0
2011-07-06,25.81,25.81,25.0,25.15,2372300,1.0,0.0
2011-07-07,25.55,27.21,25.55,26.62,2998100,1.0,0.0
2011-07-08,26.27,26.27,25.48,25.93,1737800,1.0,0.0
2011-07-11,25.33,25.59,24.58,24.86,1383000,1.0,0.0
2011-07-12,24.78,25.19,24.53,24.62,913900,1.0,0.0
2011-07-13,24.65,24.87,23.69,23.81,3256000,1.0,0.0
2011-07-14,23.93,24.3,23.05,23.29,1784500,1.0,0.0
2011-07-15,23.51,23.51,22.8,23.01,1883900,1.0,0.0
2011-07-18,22.91,23.02,21.98,22.34,2289500,1.0,0.0
2011-07-19,22.7,23.23,22.44,23.01,3053500,1.0,0.0
2011-07-20,23.9,25.68,23.66,24.86,5739700,1.0,0.0
2011-07-21,25.13,25.81,24.99,25.64,2941800,1.0,0.0
2011-07-22,25.66,26.93,25.24,26.49,2802600,1.0,0.0
2011-07-25,26.01,26.32,25.53,25.65,1606800,1.0,0.0
2011-07-26,25.46,25.61,24.88,25.22,2195500,1.0,0.0
2011-07-27,24.87,24.9,23.58,23.79,2322400,1.0,0.0
2011-07-28,23.77,24.31,23.2,23.27,2169500,1.0,0.0
2011-07-29,22.84,23.35,22.05,23.01,2941200,1.0,0.0
2011-08-01,23.58,23.63,21.55,22.38,3317700,1.0,0.0
2011-08-02,22.04,22.35,20.5,20.75,4897800,1.0,0.0
2011-08-03,20.59,21.02,19.82,20.5,3194800,1.0,0.0
2011-08-04,20.0,20.0,17.37,17.44,6877000,1.0,0.0
2011-08-05,18.37,18.92,17.255,17.65,4764400,1.0,0.0
2011-08-08,17.37,17.37,14.51,14.75,7781500,1.0,0.0
2011-08-09,15.25,16.29,14.3,15.74,4028600,1.0,0.0
2011-08-10,15.06,15.44,14.6,14.64,4265000,1.0,0.0
2011-08-11,14.85,16.44,14.7,16.13,3623600,1.0,0.0
2011-08-12,16.7,17.19,16.42,16.9,3677000,1.0,0.0
2011-08-15,17.07,17.68,17.07,17.41,3074100,1.0,0.0
2011-08-16,17.2,17.72,17.05,17.1,2160100,1.0,0.0
2011-08-17,17.2,17.45,16.53,16.79,1983100,1.0,0.0
2011-08-18,15.42,15.78,13.7,14.19,5430000,1.0,0.0
2011-08-19,13.79,14.58,12.81,13.11,4021700,1.0,0.0
2011-08-22,13.49,13.65,12.92,13.34,3627000,1.0,0.0
2011-08-23,13.44,14.32,13.16,14.3,2302700,1.0,0.0
2011-08-24,14.25,14.82,14.07,14.65,1788700,1.0,0.0
2011-08-25,14.82,15.34,14.57,14.95,3800700,1.0,0.0
2011-08-26,14.68,16.395,14.41,16.21,3851300,1.0,0.0
2011-08-29,16.54,17.24,16.45,17.18,2070800,1.0,0.0
2011-08-30,17.02,17.2,16.46,16.95,2302600,1.0,0.0
2011-08-31,17.15,17.46,16.37,16.68,3489600,1.0,0.0
2011-09-01,16.85,17.245,16.43,16.48,2410100,1.0,0.0
2011-09-02,15.93,16.14,15.23,15.51,1991000,1.0,0.0
2011-09-06,14.48,15.68,14.48,15.61,2284400,1.0,0.0
2011-09-07,16.04,17.75,15.9,17.25,3951500,1.0,0.0
2011-09-08,17.0,17.44,16.64,16.75,2420800,1.0,0.0
2011-09-09,16.4,16.52,15.61,15.87,2942000,1.0,0.0
2011-09-12,15.61,16.02,15.11,15.64,3047700,1.0,0.0
2011-09-13,15.81,16.7,15.8,16.5,3235100,1.0,0.0
2011-09-14,16.77,17.84,16.59,17.48,3566200,1.0,0.0
2011-09-15,17.79,18.25,17.25,18.23,2439100,1.0,0.0
2011-09-16,18.54,18.73,17.96,18.67,4829400,1.0,0.0
2011-09-19,17.96,18.66,17.57,18.34,3305700,1.0,0.0
2011-09-20,18.42,19.12,17.8,17.87,2310100,1.0,0.0
2011-09-21,17.9,18.08,16.56,16.68,2331700,1.0,0.0
2011-09-22,15.8,16.45,15.17,15.78,3304100,1.0,0.0
2011-09-23,15.7,16.36,15.55,16.11,2919700,1.0,0.0
2011-09-26,16.45,17.08,15.74,17.02,1530400,1.0,0.0
2011-09-27,17.64,18.5,17.5,17.87,3233900,1.0,0.0
2011-09-28,18.0,18.21,17.13,17.16,2605400,1.0,0.0
2011-09-29,17.79,18.03,16.65,17.17,2313700,1.0,0.0
2011-09-30,16.72,17.53,16.51,16.84,2508300,1.0,0.0
2011-10-03,16.65,17.3,15.74,15.86,3672700,1.0,0.0
2011-10-04,15.57,17.78,15.14,17.75,3400000,1.0,0.0
2011-10-05,17.75,19.07,17.62,18.9,3284600,1.0,0.0
2011-10-06,18.84,20.23,18.63,20.04,3696400,1.0,0.0
2011-10-07,20.18,20.5475,19.1,19.62,3120200,1.0,0.0
2011-10-10,20.26,20.97,19.78,20.35,2221500,1.0,0.0
2011-10-11,20.02,20.93,20.0,20.54,2643900,1.0,0.0
2011-10-12,20.84,21.2,20.48,20.57,3011700,1.0,0.0
2011-10-13,20.37,21.14,20.18,20.92,2119900,1.0,0.0
2011-10-14,21.41,22.01,21.2494,21.5,1832800,1.0,0.0
2011-10-17,21.31,21.43,20.1114,20.24,2609500,1.0,0.0
2011-10-18,20.1,21.19,19.76,21.06,4172500,1.0,0.0
2011-10-19,22.94,24.4,22.45,23.22,8297800,1.0,0.0
2011-10-20,23.17,24.54,22.96,24.12,3867200,1.0,0.0
2011-10-21,24.66,24.76,23.12,24.01,2614800,1.0,0.0
2011-10-24,24.17,25.23,24.16,24.82,2042000,1.0,0.0
2011-10-25,24.51,24.79,23.48,23.52,2392900,1.0,0.0
2011-10-26,24.02,24.25,22.61,23.63,3782700,1.0,0.0
2011-10-27,24.91,25.29,24.49,24.75,3576600,1.0,0.0
2011-10-28,24.44,24.94,23.83,24.36,2295300,1.0,0.0
2011-10-31,23.87,24.11,23.3,23.41,1893500,1.0,0.0
2011-11-01,22.54,23.58,22.3,22.68,2803300,1.0,0.0
2011-11-02,23.23,23.8,22.96,23.49,1629000,1.0,0.0
2011-11-03,23.99,24.81,23.39,24.67,3196400,1.0,0.0
2011-11-04,24.26,24.88,23.9,24.6,1051900,1.0,0.0
2011-11-07,24.54,24.68,23.72,24.41,994900,1.0,0.0
2011-11-08,24.54,25.48,24.305,25.4,2110800,1.0,0.0
2011-11-09,24.34,25.3,23.76,23.94,2705300,1.0,0.0
2011-11-10,24.5,26.2,24.4,25.82,3591200,1.0,0.0
2011-11-11,26.24,26.6,25.99,26.44,2053800,1.0,0.0
2011-11-14,26.3,26.57,25.8145,26.23,959400,1.0,0.0
2011-11-15,26.07,26.84,25.802,26.66,1039900,1.0,0.0
2011-11-16,26.28,27.32,26.2,26.46,1838700,1.0,0.0
2011-11-17,26.5,26.71,24.94,25.19,2498900,1.0,0.0
2011-11-18,25.3,25.85,25.07,25.4,1018600,1.0,0.0
2011-11-21,24.6,25.26,24.54,24.98,1575400,1.0,0.0
2011-11-22,24.77,25.6399,24.75,25.13,1150500,1.0,0.0
2011-11-23,24.69,24.83,23.97,24.31,1539300,1.0,0.0
2011-11-25,24.14,24.73,24.07,24.18,535500,1.0,0.0
2011-11-28,25.22,26.21,25.08,25.69,1557300,1.0,0.0
2011-11-29,25.85,26.14,25.54,26.0,1541300,1.0,0.0
2011-11-30,26.7,28.23,26.54,28.14,3086100,1.0,0.0
2011-12-01,28.12,28.65,27.82,27.91,2000600,1.0,0.0
2011-12-02,28.35,28.76,27.82,27.96,1594500,1.0,0.0
2011-12-05,28.55,28.76,27.763,28.0,2068100,1.0,0.0
2011-12-06,27.95,28.0,27.0,27.49,1592500,1.0,0.0
2011-12-07,27.19,27.65,26.71,27.45,1327000,1.0,0.0
2011-12-08,27.35,28.26,26.89,27.15,2081600,1.0,0.0
2011-12-09,27.2,28.08,27.09,27.79,921800,1.0,0.0
2011-12-12,27.35,27.4,26.62,27.23,995900,1.0,0.0
2011-12-13,27.51,27.86,25.91,26.27,1281600,1.0,0.0
2011-12-14,25.96,26.31,25.44,25.75,1833000,1.0,0.0
2011-12-15,26.23,26.5,25.78,26.04,1378600,1.0,0.0
2011-12-16,27.12,28.0,26.0,27.89,17228400,1.0,0.0
2011-12-19,28.36,29.0,28.17,28.31,4968900,1.0,0.0
2011-12-20,28.82,30.0,28.71,29.86,3125100,1.0,0.0
2011-12-21,29.8,30.58,29.35,30.3,3822300,1.0,0.0
2011-12-22,30.33,30.73,29.41,29.77,2519200,1.0,0.0
2011-12-23,30.03,30.5,29.72,30.23,1747600,1.0,0.0
2011-12-27,30.08,30.42,29.69,30.31,1152500,1.0,0.0
2011-12-28,30.19,30.3,29.0,29.38,1519800,1.0,0.0
2011-12-29,29.55,30.0,29.38,29.59,1038100,1.0,0.0
2011-12-30,29.59,30.14,29.29,29.55,956600,1.0,0.0
2012-01-03,30.25,30.42,27.88,28.96,3900000,1.0,0.0
2012-01-04,29.19,29.97,28.51,29.78,3922600,1.0,0.0
2012-01-05,29.44,30.01,28.82,29.93,1979800,1.0,0.0
2012-01-06,29.85,30.08,29.3,29.63,1581900,1.0,0.0
2012-01-09,29.82,30.17,29.42,29.47,1624900,1.0,0.0
2012-01-10,30.43,32.21,30.15,31.41,3441200,1.0,0.0
2012-01-11,31.16,31.59,31.11,31.27,989300,1.0,0.0
2012-01-12,31.54,31.74,30.67,31.25,1431900,1.0,0.0
2012-01-13,30.64,31.34,30.521,31.09,1141600,1.0,0.0
2012-01-17,31.76,32.1,31.46,31.84,1959500,1.0,0.0
2012-01-18,32.22,35.03,32.22,34.77,6514200,1.0,0.0
2012-01-19,34.9,35.41,34.22,34.69,3139300,1.0,0.0
2012-01-20,34.61,34.81,33.54,34.48,2338400,1.0,0.0
2012-01-23,34.45,35.15,33.26,33.72,2654800,1.0,0.0
2012-01-24,33.55,34.435,32.84,33.97,1872100,1.0,0.0
2012-01-25,33.7,34.96,33.43,34.77,2996400,1.0,0.0
2012-01-26,37.83,38.6199,37.25,37.87,7387500,1.0,0.0
2012-01-27,37.86,38.5,37.64,38.43,3247200,1.0,0.0
2012-01-30,37.79,38.51,37.47,38.31,1418000,1.0,0.0
2012-01-31,38.5,38.6,37.63,38.24,1738300,1.0,0.0
2012-02-01,38.52,39.24,38.13,38.49,2565800,1.0,0.0
2012-02-02,38.63,39.0,38.075,38.48,2000900,1.0,0.0
2012-02-03,39.3,41.09,39.09,40.34,2500200,1.0,0.0
2012-02-06,40.02,41.38,39.61,41.23,1928000,1.0,0.0
2012-02-07,41.0,41.55,40.51,40.83,1372600,1.0,0.0
2012-02-08,41.14,41.77,40.7,41.48,1559200,1.0,0.0
2012-02-09,41.77,41.8999,40.24,40.76,2544000,1.0,0.0
2012-02-10,40.5,40.69,39.05,40.11,2030700,1.0,0.0
2012-02-13,41.08,41.5,40.65,41.27,1403500,1.0,0.0
2012-02-14,40.84,41.39,40.6,41.19,895200,1.0,0.0
2012-02-15,41.44,42.12,40.23,40.41,1502300,1.0,0.0
2012-02-16,40.51,41.53,40.0,41.25,1314700,1.0,0.0
2012-02-17,41.5,41.7,40.64,40.68,996100,1.0,0.0
2012-02-21,40.97,41.11,38.78,39.5,2393900,1.0,0.0
2012-02-22,39.63,41.25,39.61,41.15,1755200,1.0,0.0
2012-02-23,40.94,42.1,40.14,42.0,1895400,1.0,0.0
2012-02-24,42.59,44.1,42.5,42.89,2100100,1.0,0.0
2012-02-27,42.57,43.9325,42.44,43.25,1507200,1.0,0.0
2012-02-28,43.01,43.37,41.82,42.22,1410100,1.0,0.0
2012-02-29,42.49,42.85,41.43,41.68,1292300,1.0,0.0
2012-03-01,42.07,43.22,42.0,42.51,2101700,1.0,0.0
2012-03-02,42.52,43.31,42.095,43.3,2269600,1.0,0.0
2012-03-05,43.0,43.082,42.108,42.41,1518500,1.0,0.0
2012-03-06,41.63,42.04,41.0,41.36,1904200,1.0,0.0
2012-03-07,41.74,42.62,41.36,42.46,1100600,1.0,0.0
2012-03-08,42.79,43.29,42.53,43.26,1290200,1.0,0.0
2012-03-09,43.26,44.12,42.57,42.88,1341500,1.0,0.0
2012-03-12,42.69,42.82,41.7,42.27,1635700,1.0,0.0
2012-03-13,42.46,43.21,42.08,43.14,1345500,1.0,0.0
2012-03-14,42.73,42.99,42.37,42.84,1371300,1.0,0.0
2012-03-15,43.12,43.58,42.34,43.26,1523800,1.0,0.0
2012-03-16,43.35,43.42,42.18,42.58,2054000,1.0,0.0
2012-03-19,42.37,42.6,41.69,42.07,2459000,1.0,0.0
2012-03-20,41.61,41.8,40.83,41.07,1365800,1.0,0.0
2012-03-21,41.36,42.765,41.25,42.32,2127600,1.0,0.0
2012-03-22,41.87,42.02,40.9,41.6,831200,1.0,0.0
2012-03-23,41.55,41.69,40.26,41.39,1444300,1.0,0.0
2012-03-26,41.85,42.27,41.53,42.09,1197600,1.0,0.0
2012-03-27,42.21,42.38,41.68,42.15,1349500,1.0,0.0
2012-03-28,42.2,42.6,41.08,42.38,1793100,1.0,0.0
2012-03-29,41.86,43.12,41.7,42.82,1870300,1.0,0.0
2012-03-30,43.25,43.5,42.2614,42.89,1601000,1.0,0.0
2012-04-02,42.91,44.405,42.25,44.25,1648200,1.0,0.0
2012-04-03,44.19,45.08,44.0,44.89,3303800,1.0,0.0
2012-04-04,44.27,44.27,42.54,43.39,2055700,1.0,0.0
2012-04-05,43.03,43.67,42.61,42.85,1028100,1.0,0.0
2012-04-09,41.28,41.66,40.6,41.5,2593500,1.0,0.0
2012-04-10,41.33,41.43,37.8,38.61,6061100,1.0,0.0
2012-04-11,39.26,39.75,38.45,39.08,1952000,1.0,0.0
2012-04-12,39.09,40.92,38.97,40.65,1921400,1.0,0.0
2012-04-13,40.53,40.68,40.08,40.3,1766800,1.0,0.0
2012-04-16,40.62,41.148,39.46,40.3,1635000,1.0,0.0
2012-04-17,40.76,41.17,40.29,40.91,2217100,1.0,0.0
2012-04-18,44.38,46.7,43.06,45.75,8514100,1.0,0.0
2012-04-19,45.85,46.6299,44.91,45.15,2441500,1.0,0.0
2012-04-20,45.97,46.17,44.93,45.16,1989300,1.0,0.0
2012-04-23,44.17,44.7,43.16,44.37,1693800,1.0,0.0
2012-04-24,44.36,45.6,43.88,44.67,1518900,1.0,0.0
2012-04-25,45.29,46.07,45.13,45.99,1096600,1.0,0.0
2012-04-26,45.99,46.4499,44.82,44.95,1787700,1.0,0.0
2012-04-27,45.26,47.98,45.04,46.82,3472500,1.0,0.0
2012-04-30,46.89,47.09,45.89,46.68,5603400,1.0,0.0
2012-05-01,44.9,45.61,44.55,44.8,6685900,1.0,0.0
2012-05-02,44.3,45.47,43.81,45.14,2763300,1.0,0.0
2012-05-03,45.23,45.35,42.82,43.75,2972600,1.0,0.0
2012-05-04,43.29,43.72,41.47,42.21,3347700,1.0,0.0
2012-05-07,42.25,43.32,42.0,42.77,1833400,1.0,0.0
2012-05-08,42.43,42.6,40.07,42.11,3735600,1.0,0.0
2012-05-09,41.23,43.5,41.03,42.44,3521400,1.0,0.0
2012-05-10,43.33,44.75,42.83,43.1,2343400,1.0,0.0
2012-05-11,42.46,43.81,42.01,43.41,2335800,1.0,0.0
2012-05-14,42.61,43.0,40.58,40.91,3444900,1.0,0.0
2012-05-15,41.1,41.14,38.84,39.19,5217800,1.0,0.0
2012-05-16,39.34,39.89,37.48,37.98,4470800,1.0,0.0
2012-05-17,38.48,38.5,33.48,33.89,10214400,1.0,0.0
2012-05-18,33.98,34.3,32.71,33.05,5111700,1.0,0.0
2012-05-21,33.09,36.24,33.09,35.92,4081700,1.0,0.0
2012-05-22,35.97,37.0,35.14,35.65,3187200,1.0,0.0
2012-05-23,35.03,36.82,34.46,36.61,2500000,1.0,0.0
2012-05-24,36.8,37.08,35.31,36.36,2040900,1.0,0.0
2012-05-25,36.36,36.72,35.82,36.66,1275200,1.0,0.0
2012-05-29,37.57,38.53,37.18,38.41,2686500,1.0,0.0
2012-05-30,37.63,37.65,36.15,36.68,2658000,1.0,0.0
2012-05-31,36.83,36.83,33.24,34.55,4836300,1.0,0.0
2012-06-01,32.8,32.9,30.68,31.11,6031600,1.0,0.0
2012-06-04,31.7,31.815,29.07,30.16,3867900,1.0,0.0
2012-06-05,30.18,32.18,29.96,31.91,3808800,1.0,0.0
2012-06-06,32.45,33.52,32.25,32.6,6159400,1.0,0.0
2012-06-07,33.43,35.61,33.4,33.44,4512900,1.0,0.0
2012-06-08,33.27,33.31,31.735,32.55,3270400,1.0,0.0
2012-06-11,33.05,33.52,30.13,30.18,4484600,1.0,0.0
2012-06-12,30.66,32.74,30.66,32.3,5127200,1.0,0.0
2012-06-13,31.98,32.69,31.36,31.67,3340300,1.0,0.0
2012-06-14,31.64,33.39,31.62,33.06,2895500,1.0,0.0
2012-06-15,33.57,35.09,33.24,34.81,3971200,1.0,0.0
2012-06-18,34.28,35.0,33.83,34.79,2555600,1.0,0.0
2012-06-19,34.94,37.08,34.94,36.93,3573900,1.0,0.0
2012-06-20,36.23,36.45,34.1399,35.33,4344600,1.0,0.0
2012-06-21,36.33,36.8,33.62,34.13,3332000,1.0,0.0
2012-06-22,34.51,34.8,32.46,33.43,9861800,1.0,0.0
2012-06-25,32.65,32.7,30.54,31.57,4112900,1.0,0.0
2012-06-26,31.92,32.145,30.69,31.74,2996200,1.0,0.0
2012-06-27,31.99,32.32,30.7,31.42,3277200,1.0,0.0
2012-06-28,30.99,32.5,30.89,32.14,2834100,1.0,0.0
2012-06-29,33.58,34.72,33.38,34.04,3474600,1.0,0.0
2012-07-02,34.24,34.4,33.28,33.87,2190800,1.0,0.0
2012-07-03,33.92,36.0,33.87,35.84,2112900,1.0,0.0
2012-07-05,35.59,36.2,35.155,35.73,1961700,1.0,0.0
2012-07-06,35.1,35.1595,33.74,34.04,1936300,1.0,0.0
2012-07-09,33.89,35.54,33.352,35.26,2687200,1.0,0.0
2012-07-10,35.71,36.58,32.65,33.08,3285400,1.0,0.0
2012-07-11,33.2,33.33,31.77,32.23,2290800,1.0,0.0
2012-07-12,31.78,33.98,31.57,33.53,2780600,1.0,0.0
2012-07-13,33.7,34.99,33.63,34.89,2192200,1.0,0.0
2012-07-16,34.6,34.78,33.71,34.13,2725600,1.0,0.0
2012-07-17,34.49,34.8,33.25,34.43,4528600,1.0,0.0
2012-07-18,33.02,34.24,28.8395,29.66,14651100,1.0,0.0
2012-07-19,29.76,30.03,28.06,29.8,11061800,1.0,0.0
2012-07-20,29.4,31.33,28.93,30.39,5263200,1.0,0.0
2012-07-23,29.66,31.47,29.25,30.94,4315900,1.0,0.0
2012-07-24,30.81,31.53,28.01,28.2,5668900,1.0,0.0
2012-07-25,29.01,29.08,26.88,27.23,8039600,1.0,0.0
2012-07-26,28.07,28.25,26.91,27.43,4681600,1.0,0.0
2012-07-27,27.79,30.0,27.42,29.63,4553900,1.0,0.0
2012-07-30,29.65,30.09,28.75,29.17,1860700,1.0,0.0
2012-07-31,29.22,29.92,28.75,28.91,2321200,1.0,0.0
2012-08-01,28.99,29.4,27.41,27.78,3204200,1.0,0.0
2012-08-02,27.72,28.54,27.01,28.07,2769300,1.0,0.0
2012-08-03,28.81,30.68,28.7,30.23,4116700,1.0,0.0
2012-08-06,30.39,31.73,30.2801,31.1,3590200,1.0,0.0
2012-08-07,31.29,32.69,30.91,31.95,3541500,1.0,0.0
2012-08-08,31.08,32.49,31.08,32.1,1888300,1.0,0.0
2012-08-09,32.12,32.77,31.4,32.67,2771900,1.0,0.0
2012-08-10,32.33,32.69,32.06,32.62,791400,1.0,0.0
2012-08-13,32.39,32.91,31.52,32.29,2404700,1.0,0.0
2012-08-14,32.73,32.89,32.11,32.31,996500,1.0,0.0
2012-08-15,32.45,32.76,32.0,32.65,1209000,1.0,0.0
2012-08-16,32.68,34.64,32.56,34.02,4093500,1.0,0.0
2012-08-17,34.21,35.36,33.85,35.15,3070200,1.0,0.0
2012-08-20,34.6,35.01,33.48,33.58,2027400,1.0,0.0
2012-08-21,33.77,34.36,33.01,33.13,2092600,1.0,0.0
2012-08-22,33.1,33.68,32.751,32.9,1975700,1.0,0.0
2012-08-23,32.85,33.17,31.85,31.97,2212100,1.0,0.0
2012-08-24,31.94,32.52,31.03,32.25,1843100,1.0,0.0
2012-08-27,32.5,32.93,31.35,31.94,1948800,1.0,0.0
2012-08-28,31.8,32.37,31.12,31.37,1785200,1.0,0.0
2012-08-29,31.44,31.82,30.79,31.48,1503300,1.0,0.0
2012-08-30,31.12,31.69,30.72,31.5,1233000,1.0,0.0
2012-08-31,31.85,32.53,31.36,32.31,1583300,1.0,0.0
2012-09-04,32.97,34.65,32.6213,34.42,4770200,1.0,0.0
2012-09-05,34.36,34.74,33.63,34.37,3076300,1.0,0.0
2012-09-06,34.83,37.49,34.77,36.9,5405700,1.0,0.0
2012-09-07,36.98,38.14,36.68,37.83,3439800,1.0,0.0
2012-09-10,37.59,38.56,37.28,37.92,2245200,1.0,0.0
2012-09-11,38.06,38.42,36.76,37.05,3115100,1.0,0.0
2012-09-12,36.76,37.07,35.05,36.08,3943400,1.0,0.0
2012-09-13,35.99,38.0,34.95,37.71,4783000,1.0,0.0
2012-09-14,37.71,38.87,37.26,37.38,4201400,1.0,0.0
2012-09-17,37.22,37.28,35.69,35.85,2700700,1.0,0.0
2012-09-18,35.75,35.8,34.72,35.31,2668300,1.0,0.0
2012-09-19,35.48,38.12,35.48,37.55,3870300,1.0,0.0
2012-09-20,37.14,37.14,36.02,36.79,2837800,1.0,0.0
2012-09-21,37.05,37.31,36.44,36.91,3167100,1.0,0.0
2012-09-24,36.63,37.16,36.14,36.24,2023200,1.0,0.0
2012-09-25,36.46,36.47,34.14,34.44,4275400,1.0,0.0
2012-09-26,34.42,34.42,32.26,32.84,5745200,1.0,0.0
2012-09-27,33.32,33.54,32.81,33.33,3171000,1.0,0.0
2012-09-28,33.1,33.23,32.38,32.71,3319400,1.0,0.0
2012-10-01,32.91,33.68,31.99,32.28,3435500,1.0,0.0
2012-10-02,32.55,32.79,32.05,32.48,1794500,1.0,0.0
2012-10-03,32.48,32.76,32.01,32.18,1920600,1.0,0.0
2012-10-04,32.4,33.99,32.36,33.58,2689800,1.0,0.0
2012-10-05,34.1,35.25,33.68,33.9,2638700,1.0,0.0
2012-10-08,33.4,33.74,33.01,33.22,1490900,1.0,0.0
2012-10-09,33.25,33.25,32.35,33.05,1504700,1.0,0.0
2012-10-10,33.13,33.13,31.47,32.1,2767200,1.0,0.0
2012-10-11,32.68,33.07,32.39,32.49,2570800,1.0,0.0
2012-10-12,32.5,32.69,31.64,32.08,4401000,1.0,0.0
2012-10-15,32.31,33.63,32.26,33.44,3558200,1.0,0.0
2012-10-16,33.44,34.11,32.91,33.96,3931700,1.0,0.0
2012-10-17,36.83,39.71,35.36,39.22,12705500,1.0,0.0
2012-10-18,38.96,40.02,38.52,39.94,6162500,1.0,0.0
2012-10-19,39.58,39.65,38.23,38.58,3675600,1.0,0.0
2012-10-22,38.65,39.4,37.88,38.71,2905000,1.0,0.0
2012-10-23,37.92,39.22,37.52,38.79,1956300,1.0,0.0
2012-10-24,39.19,39.44,38.65,38.8,1649300,1.0,0.0
2012-10-25,39.31,39.68,38.57,39.08,1321000,1.0,0.0
2012-10-26,38.95,39.58,37.83,38.72,1864100,1.0,0.0
2012-10-31,39.16,41.24,39.16,40.66,4459800,1.0,0.0
2012-11-01,40.87,43.125,40.65,42.67,4996100,1.0,0.0
2012-11-02,42.64,42.89,40.88,40.94,2554700,1.0,0.0
2012-11-05,41.41,41.46,40.3,41.1,2066800,1.0,0.0
2012-11-06,41.47,41.78,40.82,41.44,1486400,1.0,0.0
2012-11-07,40.48,41.31,39.42,40.18,2855900,1.0,0.0
2012-11-08,40.32,40.5,38.38,38.87,2600700,1.0,0.0
2012-11-09,38.71,41.03,38.71,39.67,2824300,1.0,0.0
2012-11-12,40.13,41.499,39.99,40.77,2333900,1.0,0.0
2012-11-13,40.05,41.54,39.64,41.17,1957700,1.0,0.0
2012-11-14,41.24,41.41,39.03,39.17,3293700,1.0,0.0
2012-11-15,39.01,39.7,37.31,37.77,3618800,1.0,0.0
2012-11-16,38.02,39.49,37.64,38.95,2465200,1.0,0.0
2012-11-19,39.77,40.87,39.74,40.3,1853300,1.0,0.0
2012-11-20,40.11,40.65,39.72,40.04,1524300,1.0,0.0
2012-11-21,40.25,41.655,40.25,41.0,1776900,1.0,0.0
2012-11-23,41.11,41.38,40.7401,41.25,570400,1.0,0.0
2012-11-26,40.93,41.18,40.64,41.0,1247000,1.0,0.0
2012-11-27,41.0,41.4,39.74,39.86,1887900,1.0,0.0
2012-11-28,39.77,41.0,38.82,40.99,2502900,1.0,0.0
2012-11-29,41.4,41.96,40.51,41.5,2493800,1.0,0.0
2012-11-30,41.28,41.65,40.48,41.53,2190800,1.0,0.0
2012-12-03,41.95,42.43,41.495,41.67,2050800,1.0,0.0
2012-12-04,41.54,42.64,40.26,42.21,3017800,1.0,0.0
2012-12-05,42.31,43.34,41.91,42.57,2516400,1.0,0.0
2012-12-06,42.48,42.72,41.64,42.58,1501700,1.0,0.0
2012-12-07,43.04,43.47,42.48,42.7,1437800,1.0,0.0
2012-12-10,42.62,43.4,42.51,43.2,1315600,1.0,0.0
2012-12-11,43.56,44.24,42.895,43.08,2337500,1.0,0.0
2012-12-12,43.96,44.0,43.11,43.22,1474300,1.0,0.0
2012-12-13,43.17,43.6,41.67,42.41,1751000,1.0,0.0
2012-12-14,42.44,42.689,42.0001,42.28,933800,1.0,0.0
2012-12-17,42.58,42.77,42.03,42.54,1710900,1.0,0.0
2012-12-18,42.91,44.75,42.86,44.68,2516900,1.0,0.0
2012-12-19,44.82,45.48,43.95,44.78,2605600,1.0,0.0
2012-12-20,44.75,45.18,44.47,45.13,1759000,1.0,0.0
2012-12-21,43.9,45.05,43.11,44.8,4083000,1.0,0.0
2012-12-24,44.62,45.46,44.16,44.98,766000,1.0,0.0
2012-12-26,44.76,45.2,44.18,44.22,1039800,1.0,0.0
2012-12-27,44.44,44.485,42.46,43.48,1568200,1.0,0.0
2012-12-28,43.55,43.62,42.56,42.72,1651500,1.0,0.0
2012-12-31,42.68,45.83,42.63,45.52,2001700,1.0,0.0
2013-01-02,47.0,48.56,46.71,47.91,3288100,1.0,0.0
2013-01-03,47.97,48.39,47.08,48.05,2468400,1.0,0.0
2013-01-04,48.32,49.73,47.521,48.99,2529400,1.0,0.0
2013-01-07,48.47,48.66,47.79,48.25,1667700,1.0,0.0
2013-01-08,48.7,48.83,47.76,48.1,1922500,1.0,0.0
2013-01-09,48.58,49.06,48.12,48.25,1664600,1.0,0.0
2013-01-10,48.85,48.9,47.72,48.2,1829800,1.0,0.0
2013-01-11,48.4,48.462,46.83,47.57,1828600,1.0,0.0
2013-01-14,47.55,47.96,47.19,47.6,1198700,1.0,0.0
2013-01-15,47.3,49.07,47.17,48.71,1890000,1.0,0.0
2013-01-16,48.5,48.96,47.67,48.32,1687400,1.0,0.0
2013-01-17,48.81,49.72,48.74,49.28,1672400,1.0,0.0
2013-01-18,49.25,50.37,49.25,50.04,1438100,1.0,0.0
2013-01-22,50.03,50.12,48.3,48.93,3447500,1.0,0.0
2013-01-23,48.93,49.52,48.47,49.43,2057300,1.0,0.0
2013-01-24,49.19,51.5,46.67,49.16,5330400,1.0,0.0
2013-01-25,49.28,51.25,49.19,51.12,2704200,1.0,0.0
2013-01-28,50.98,51.84,49.91,51.41,1510500,1.0,0.0
2013-01-29,51.06,51.5299,50.71,51.02,1150600,1.0,0.0
2013-01-30,51.21,51.25,49.65,49.86,1481400,1.0,0.0
2013-01-31,49.59,50.74,49.55,50.62,1516300,1.0,0.0
2013-02-01,50.91,53.37,50.91,52.26,2417600,1.0,0.0
2013-02-04,51.68,52.158,50.6,50.75,1689800,1.0,0.0
2013-02-05,51.55,52.27,51.18,51.95,1233500,1.0,0.0
2013-02-06,51.56,52.65,51.02,52.55,1545600,1.0,0.0
2013-02-07,52.4,52.5,51.38,52.45,1300800,1.0,0.0
2013-02-08,52.52,53.44,52.45,53.09,1082000,1.0,0.0
2013-02-11,53.09,53.84,52.86,53.32,1244100,1.0,0.0
2013-02-12,54.0,55.04,53.77,54.3,2053600,1.0,0.0
2013-02-13,54.5,55.73,54.37,55.49,2054100,1.0,0.0
2013-02-14,55.21,56.1767,54.88,55.9,1486300,1.0,0.0
2013-02-15,55.72,56.16,54.61,54.87,1970400,1.0,0.0
2013-02-19,55.0,55.7,54.52,55.64,1225500,1.0,0.0
2013-02-20,55.85,56.87,52.72,53.09,2928200,1.0,0.0
2013-02-21,52.91,53.09,49.27,50.94,4256700,1.0,0.0
2013-02-22,51.42,53.28,51.41,52.71,2339800,1.0,0.0
2013-02-25,53.25,54.11,50.41,50.47,2911000,1.0,0.0
2013-02-26,50.93,51.35,49.1,51.1,3561900,1.0,0.0
2013-02-27,51.12,53.558,50.98,52.54,2041300,1.0,0.0
2013-02-28,52.56,54.26,52.36,53.41,2008500,1.0,0.0
2013-03-01,52.58,53.24,51.67,52.63,2064100,1.0,0.0
2013-03-04,52.49,52.49,50.9,52.05,2662400,1.0,0.0
2013-03-05,54.88,55.99,54.25,54.94,4594900,1.0,0.0
2013-03-06,55.1,55.489,54.1338,54.26,1682400,1.0,0.0
2013-03-07,54.41,54.56,53.41,53.78,1435500,1.0,0.0
2013-03-08,54.43,54.9899,53.61,54.8,1452000,1.0,0.0
2013-03-11,54.08,54.6485,53.66,54.31,1428200,1.0,0.0
2013-03-12,54.31,54.467,53.18,53.53,1878800,1.0,0.0
2013-03-13,53.69,54.9,53.42,54.64,1569100,1.0,0.0
2013-03-14,54.95,55.28,53.77,54.24,1413700,1.0,0.0
2013-03-15,53.98,54.08,52.57,52.69,2393000,1.0,0.0
2013-03-18,52.05,53.59,51.26,52.99,1747100,1.0,0.0
2013-03-19,53.46,54.46,52.48,53.42,1439000,1.0,0.0
2013-03-20,54.07,55.62,53.84,55.23,1805900,1.0,0.0
2013-03-21,54.69,55.83,53.19,54.18,1406900,1.0,0.0
2013-03-22,54.55,54.92,53.2,53.83,1086800,1.0,0.0
2013-03-25,54.04,54.89,52.52,53.02,1418900,1.0,0.0
2013-03-26,53.38,53.51,52.426,52.98,1120800,1.0,0.0
2013-03-27,52.24,53.83,51.7,53.51,2489600,1.0,0.0
2013-03-28,53.49,55.08,53.49,54.97,1527200,1.0,0.0
2013-04-01,54.61,54.94,51.87,53.16,1928700,1.0,0.0
2013-04-02,54.03,55.18,52.25,52.62,1954200,1.0,0.0
2013-04-03,52.7,53.24,49.9,51.24,2992500,1.0,0.0
2013-04-04,51.25,51.48,50.21,50.88,2176800,1.0,0.0
2013-04-05,49.84,51.97,48.47,51.85,2490800,1.0,0.0
2013-04-08,52.03,53.7,52.03,53.34,1780100,1.0,0.0
2013-04-09,53.7,53.99,53.095,53.21,1245200,1.0,0.0
2013-04-10,53.52,54.82,53.15,54.45,1891300,1.0,0.0
2013-04-11,54.47,57.24,54.38,55.21,3222200,1.0,0.0
2013-04-12,54.79,55.6399,53.691,54.98,1539000,1.0,0.0
2013-04-15,54.7,54.75,50.03,50.89,5262400,1.0,0.0
2013-04-16,51.79,52.64,51.0,52.21,3521900,1.0,0.0
2013-04-17,50.9,52.78,50.34,51.46,4523700,1.0,0.0
2013-04-18,51.56,51.6,49.67,50.69,2282500,1.0,0.0
2013-04-19,50.96,52.1,50.1,51.69,1539800,1.0,0.0
2013-04-22,51.92,51.93,50.26,51.55,1865400,1.0,0.0
2013-04-23,52.1,52.26,50.0901,50.7,1977800,1.0,0.0
2013-04-24,50.89,51.05,49.69,50.6,2448700,1.0,0.0
2013-04-25,50.86,52.25,50.17,52.01,2077600,1.0,0.0
2013-04-26,51.69,52.48,51.41,52.37,1136100,1.0,0.0
2013-04-29,52.5,53.144,52.13,52.41,1193600,1.0,0.0
2013-04-30,52.09,53.1,51.41,52.61,1958400,1.0,0.0
2013-05-01,52.63,52.87,50.66,50.83,2299800,1.0,0.0
2013-05-02,50.96,51.46,50.5,51.28,1652000,1.0,0.0
2013-05-03,52.42,56.08,52.35,54.49,3511000,1.0,0.0
2013-05-06,54.65,57.46,54.3201,56.64,5814700,1.0,0.0
2013-05-07,57.13,58.36,57.0,57.72,2311400,1.0,0.0
2013-05-08,57.73,58.247,57.01,58.17,1710500,1.0,0.0
2013-05-09,58.22,58.55,57.63,57.83,1408000,1.0,0.0
2013-05-10,57.79,58.51,57.51,58.28,1168200,1.0,0.0
2013-05-13,58.3,59.21,57.11,57.49,1475300,1.0,0.0
2013-05-14,57.04,59.61,56.77,59.52,1873300,1.0,0.0
2013-05-15,59.57,59.74,58.41,58.68,1319600,1.0,0.0
2013-05-16,58.62,59.36,57.301,57.49,1495100,1.0,0.0
2013-05-17,58.15,59.14,58.09,58.68,1342500,1.0,0.0
2013-05-20,58.63,58.865,57.2,57.51,1657400,1.0,0.0
2013-05-21,57.66,58.0799,56.81,57.43,1155200,1.0,0.0
2013-05-22,57.36,57.6,54.81,55.87,2861000,1.0,0.0
2013-05-23,55.04,57.15,54.6,56.06,2250200,1.0,0.0
2013-05-24,55.68,56.45,54.58,56.28,1500400,1.0,0.0
2013-05-28,57.23,57.93,56.7,57.17,1204600,1.0,0.0
2013-05-29,56.58,57.21,55.78,57.0,1244100,1.0,0.0
2013-05-30,57.2,57.77,56.41,57.41,1432700,1.0,0.0
2013-05-31,57.09,58.03,56.7,56.84,1263000,1.0,0.0
2013-06-03,56.87,57.0,53.751,55.02,2541800,1.0,0.0
2013-06-04,55.01,55.84,51.5,52.9,2354400,1.0,0.0
2013-06-05,52.78,52.86,51.12,51.44,2977500,1.0,0.0
2013-06-06,51.19,51.26,49.12,50.72,5113300,1.0,0.0
2013-06-07,51.27,52.88,50.35,51.85,2280000,1.0,0.0
2013-06-10,52.18,52.455,50.6758,50.94,1850900,1.0,0.0
2013-06-11,50.11,51.24,49.27,49.84,2224300,1.0,0.0
2013-06-12,50.55,50.73,48.48,48.82,2640500,1.0,0.0
2013-06-13,48.65,50.17,48.22,49.88,2563400,1.0,0.0
2013-06-14,49.88,50.58,49.65,50.26,1644100,1.0,0.0
2013-06-17,50.37,50.4,48.8,49.17,4151500,1.0,0.0
2013-06-18,49.45,52.41,49.251,51.65,3598900,1.0,0.0
2013-06-19,51.8,52.31,51.08,51.16,2170800,1.0,0.0
2013-06-20,50.43,52.38,49.25,50.76,3887900,1.0,0.0
2013-06-21,51.05,51.75,48.61,49.27,3948800,1.0,0.0
2013-06-24,48.8,48.83,44.85,46.26,6081700,1.0,0.0
2013-06-25,47.51,49.08,47.46,48.12,2992600,1.0,0.0
2013-06-26,48.73,49.74,48.6,48.95,2223800,1.0,0.0
2013-06-27,49.48,51.005,49.42,50.57,2734500,1.0,0.0
2013-06-28,50.27,50.99,49.77,49.91,2442200,1.0,0.0
2013-07-01,50.43,51.46,49.92,50.05,1667800,1.0,0.0
2013-07-02,49.93,50.99,49.54,49.99,1291200,1.0,0.0
2013-07-03,49.78,50.81,49.51,50.29,705400,1.0,0.0
2013-07-05,51.21,51.51,50.39,51.03,991400,1.0,0.0
2013-07-08,51.15,52.03,51.05,51.69,2129000,1.0,0.0
2013-07-09,52.57,53.94,51.97,53.27,2207300,1.0,0.0
2013-07-10,53.1,53.18,51.71,52.14,1796600,1.0,0.0
2013-07-11,53.12,53.36,51.51,52.74,2529400,1.0,0.0
2013-07-12,52.7,53.23,52.38,52.81,1000400,1.0,0.0
2013-07-15,53.28,53.47,52.11,52.22,1752700,1.0,0.0
2013-07-16,51.94,52.52,50.7,50.98,2761200,1.0,0.0
2013-07-17,53.4,56.48,52.97,56.37,8507800,1.0,0.0
2013-07-18,56.41,57.55,55.691,56.7,2734600,1.0,0.0
2013-07-19,56.39,56.7,55.26,56.63,1820600,1.0,0.0
2013-07-22,56.5,57.67,56.49,56.52,1832900,1.0,0.0
2013-07-23,56.85,57.1,55.83,55.95,1723700,1.0,0.0
2013-07-24,56.47,56.75,55.29,55.44,1543500,1.0,0.0
2013-07-25,55.24,55.89,54.45,55.4,1332400,1.0,0.0
2013-07-26,54.88,55.37,54.32,54.56,1347000,1.0,0.0
2013-07-29,54.4,54.7865,53.9,54.25,1148000,1.0,0.0
2013-07-30,54.71,55.57,54.32,55.16,1411600,1.0,0.0
2013-07-31,55.6,57.8,55.5901,57.32,2091000,1.0,0.0
2013-08-01,58.07,59.61,57.83,59.41,2473200,1.0,0.0
2013-08-02,58.95,59.84,58.17,59.62,1488000,1.0,0.0
2013-08-05,59.46,59.58,58.48,58.88,1033700,1.0,0.0
2013-08-06,58.92,58.92,56.33,57.34,1779300,1.0,0.0
2013-08-07,57.65,57.8,55.56,55.87,1494100,1.0,0.0
2013-08-08,56.93,57.28,55.87,56.05,1197100,1.0,0.0
2013-08-09,56.08,56.4,55.5,55.55,1009200,1.0,0.0
2013-08-12,55.17,56.34,54.8,55.85,861600,1.0,0.0
2013-08-13,55.98,56.0375,55.081,55.73,589700,1.0,0.0
2013-08-14,55.7,56.03,54.98,55.01,946300,1.0,0.0
2013-08-15,54.34,54.48,53.25,54.11,1038700,1.0,0.0
2013-08-16,54.1,55.24,53.78,54.03,664500,1.0,0.0
2013-08-19,53.98,54.88,53.794,54.01,1331800,1.0,0.0
2013-08-20,54.23,56.15,54.04,55.77,1239600,1.0,0.0
2013-08-21,55.76,57.1,55.76,56.14,1180900,1.0,0.0
2013-08-22,56.24,57.15,56.16,56.85,531600,1.0,0.0
2013-08-23,56.9,57.149,55.68,56.29,775100,1.0,0.0
2013-08-26,56.29,57.35,55.99,56.56,484000,1.0,0.0
2013-08-27,55.62,55.95,53.61,54.22,1462600,1.0,0.0
2013-08-28,54.33,55.72,53.86,55.09,1318000,1.0,0.0
2013-08-29,54.93,56.53,54.93,55.9,961800,1.0,0.0
2013-08-30,55.91,55.93,54.29,54.77,1075700,1.0,0.0
2013-09-03,55.79,56.76,54.91,55.65,1615100,1.0,0.0
2013-09-04,55.84,56.6,55.23,56.13,1148700,1.0,0.0
2013-09-05,55.59,57.56,55.53,56.95,1259200,1.0,0.0
2013-09-06,57.75,57.9,55.79,56.81,1480400,1.0,0.0
2013-09-09,57.06,58.59,57.04,58.25,834700,1.0,0.0
2013-09-10,58.72,58.8,57.41,57.67,1548500,1.0,0.0
2013-09-11,57.18,57.18,52.39,55.34,8496000,1.0,0.0
2013-09-12,55.37,56.48,55.0,55.87,2256700,1.0,0.0
2013-09-13,56.07,57.33,55.87,56.07,1788700,1.0,0.0
2013-09-16,56.89,56.91,54.68,55.01,2064600,1.0,0.0
2013-09-17,55.11,56.92,54.65,56.5,1619400,1.0,0.0
2013-09-18,56.37,58.15,56.33,58.09,1923500,1.0,0.0
2013-09-19,58.46,59.19,57.77,57.79,1135200,1.0,0.0
2013-09-20,57.84,57.84,56.48,56.52,1950500,1.0,0.0
2013-09-23,57.03,57.03,55.7005,56.54,1214600,1.0,0.0
2013-09-24,56.5,57.24,56.02,56.61,1178700,1.0,0.0
2013-09-25,56.86,57.53,56.01,56.79,781000,1.0,0.0
2013-09-26,56.8,58.28,56.8,57.64,1280100,1.0,0.0
2013-09-27,57.53,57.94,56.9,57.67,840200,1.0,0.0
2013-09-30,56.63,58.75,56.25,58.29,1653500,1.0,0.0
2013-10-01,58.4,60.38,58.25,59.32,2643300,1.0,0.0
2013-10-02,58.77,60.53,58.69,60.41,1330300,1.0,0.0
2013-10-03,60.33,60.87,58.9,59.92,1442000,1.0,0.0
2013-10-04,59.79,60.93,59.67,60.7,999800,1.0,0.0
2013-10-07,59.81,59.9,58.35,58.37,1819600,1.0,0.0
2013-10-08,58.35,58.86,56.48,56.51,2146700,1.0,0.0
2013-10-09,56.45,56.78,55.05,55.98,1799900,1.0,0.0
2013-10-10,57.09,58.34,57.02,58.1,1384800,1.0,0.0
2013-10-11,57.85,58.35,57.32,57.73,1470500,1.0,0.0
2013-10-14,57.33,58.11,57.19,57.88,1351900,1.0,0.0
2013-10-15,57.69,58.13,56.76,57.38,1362300,1.0,0.0
2013-10-16,58.12,61.43,56.55,59.79,6234300,1.0,0.0
2013-10-17,59.77,62.9,57.8,61.94,5496200,1.0,0.0
2013-10-18,62.98,65.36,62.62,64.89,3236200,1.0,0.0
2013-10-21,65.29,65.58,63.93,64.38,1823600,1.0,0.0
2013-10-22,64.79,65.28,63.95,64.69,1106900,1.0,0.0
2013-10-23,64.21,65.15,64.03,64.93,826000,1.0,0.0
2013-10-24,64.78,65.81,64.11,65.12,1064900,1.0,0.0
2013-10-25,65.48,65.64,63.79,65.35,949500,1.0,0.0
2013-10-28,65.32,66.1,65.04,65.79,1143300,1.0,0.0
2013-10-29,65.95,66.07,64.94,65.87,1399500,1.0,0.0
2013-10-30,65.77,65.91,63.63,64.27,1881900,1.0,0.0
2013-10-31,64.35,65.46,64.03,64.59,1145800,1.0,0.0
2013-11-01,64.82,65.33,63.83,64.43,1074100,1.0,0.0
2013-11-04,64.54,66.41,64.49,65.97,1133900,1.0,0.0
2013-11-05,65.7,66.8,65.38,66.1,1185900,1.0,0.0
2013-11-06,66.69,66.805,65.79,66.3,1260000,1.0,0.0
2013-11-07,66.2,66.36,62.01,62.11,3990100,1.0,0.0
2013-11-08,62.3,63.74,62.13,63.49,1492200,1.0,0.0
2013-11-11,63.76,65.08,63.35,64.73,1193000,1.0,0.0
2013-11-12,64.55,65.25,64.07,65.19,928200,1.0,0.0
2013-11-13,64.71,66.24,64.4,66.08,793300,1.0,0.0
2013-11-14,66.25,67.59,65.53,67.38,1409400,1.0,0.0
2013-11-15,67.72,68.75,67.08,68.59,1298300,1.0,0.0
2013-11-18,68.63,69.406,67.315,67.64,1724100,1.0,0.0
2013-11-19,67.69,68.58,67.05,67.19,1125100,1.0,0.0
2013-11-20,67.39,67.85,65.84,66.17,1386300,1.0,0.0
2013-11-21,67.08,67.55,66.2511,67.18,1094300,1.0,0.0
2013-11-22,67.2,69.4,67.07,68.84,1578300,1.0,0.0
2013-11-25,69.09,69.3499,68.085,68.76,787300,1.0,0.0
2013-11-26,68.65,69.31,68.1,69.04,746600,1.0,0.0
2013-11-27,68.84,69.25,68.3,68.89,840600,1.0,0.0
2013-11-29,68.95,69.38,68.312,68.73,298200,1.0,0.0
2013-12-02,69.05,70.86,68.805,69.97,1310200,1.0,0.0
2013-12-03,69.41,69.8858,68.5,68.78,1005600,1.0,0.0
2013-12-04,68.3,69.0,67.79,68.51,991600,1.0,0.0
2013-12-05,68.02,69.18,68.02,68.85,860400,1.0,0.0
2013-12-06,69.3,70.95,69.3,69.97,1216100,1.0,0.0
2013-12-09,69.91,71.88,69.75,70.99,1874400,1.0,0.0
2013-12-10,71.69,72.97,71.14,71.72,1945600,1.0,0.0
2013-12-11,71.92,72.2499,69.81,69.98,1434400,1.0,0.0
2013-12-12,69.83,71.04,69.51,70.59,1061900,1.0,0.0
2013-12-13,70.62,72.33,70.59,71.99,1213600,1.0,0.0
2013-12-16,72.86,73.77,72.8,73.32,1412700,1.0,0.0
2013-12-17,73.33,74.75,73.025,74.1,1475700,1.0,0.0
2013-12-18,75.54,75.75,73.15,75.72,2147800,1.0,0.0
2013-12-19,75.64,76.49,74.81,74.87,1297800,1.0,0.0
2013-12-20,74.32,77.481,74.17,77.35,1983400,1.0,0.0
2013-12-23,77.74,78.05,76.91,77.1,1245500,1.0,0.0
2013-12-24,77.48,77.85,76.65,76.81,620800,1.0,0.0
2013-12-26,77.2,78.366,77.2,77.87,904700,1.0,0.0
2013-12-27,78.23,78.23,77.06,77.24,697100,1.0,0.0
2013-12-30,77.37,77.5,76.71,76.99,996800,1.0,0.0
2013-12-31,77.37,78.14,77.21,77.95,1380700,1.0,0.0
2014-01-02,77.27,77.73,75.51,76.49,1292000,1.0,0.0
2014-01-03,76.58,77.43,76.45,77.16,1569400,1.0,0.0
2014-01-06,77.18,78.37,77.05,77.37,1253600,1.0,0.0
2014-01-07,77.71,78.79,77.59,77.78,1180400,1.0,0.0
2014-01-08,77.74,79.36,77.47,78.78,1713000,1.0,0.0
2014-01-09,79.36,79.43,77.85,78.26,1019700,1.0,0.0
2014-01-10,78.18,79.33,78.07,79.15,1035700,1.0,0.0
2014-01-13,79.04,79.64,76.79,77.08,1458400,1.0,0.0
2014-01-14,77.99,78.82,77.16,78.82,1140000,1.0,0.0
2014-01-15,79.68,82.0,79.35,81.68,2387900,1.0,0.0
2014-01-16,81.74,82.5699,81.31,82.01,1677000,1.0,0.0
2014-01-17,81.9,82.22,80.84,81.09,1309600,1.0,0.0
2014-01-21,82.29,82.29,80.45,81.51,1297500,1.0,0.0
2014-01-22,81.95,82.123,80.75,81.59,2602700,1.0,0.0
2014-01-23,80.92,84.2,80.38,83.32,4130400,1.0,0.0
2014-01-24,82.82,82.87,79.06,79.5,2742300,1.0,0.0
2014-01-27,79.86,80.3,76.1204,78.23,1914200,1.0,0.0
2014-01-28,78.75,81.64,78.75,81.56,2289400,1.0,0.0
2014-01-29,80.72,81.31,79.09,79.99,1964400,1.0,0.0
2014-01-30,81.06,82.68,80.2601,81.6,1680400,1.0,0.0
2014-01-31,80.7,82.14,80.12,80.94,1192900,1.0,0.0
2014-02-03,81.12,81.53,74.32,74.46,4193000,1.0,0.0
2014-02-04,74.95,78.14,74.88,76.87,2380200,1.0,0.0
2014-02-05,76.96,77.46,75.42,76.81,1461700,1.0,0.0
2014-02-06,77.34,79.95,77.31,79.45,1713400,1.0,0.0
2014-02-07,79.87,81.37,79.7,80.6,1307400,1.0,0.0
2014-02-10,80.44,80.56,78.73,79.18,1259100,1.0,0.0
2014-02-11,79.47,82.34,79.44,81.91,1729800,1.0,0.0
2014-02-12,82.7,83.565,81.91,82.63,1252800,1.0,0.0
2014-02-13,81.43,83.42,81.22,82.71,1190300,1.0,0.0
2014-02-14,82.46,83.7,82.31,83.31,1025600,1.0,0.0
2014-02-18,83.99,85.6,83.99,85.11,1449700,1.0,0.0
2014-02-19,85.36,85.7099,84.27,84.59,1254600,1.0,0.0
2014-02-20,84.58,87.25,84.01,86.78,1430500,1.0,0.0
2014-02-21,86.77,87.82,86.545,86.59,1233100,1.0,0.0
2014-02-24,87.09,88.76,87.0101,87.43,1353300,1.0,0.0
2014-02-25,87.31,89.1,86.99,87.9,1069800,1.0,0.0
2014-02-26,88.3,88.38,86.0,86.21,1945700,1.0,0.0
2014-02-27,86.22,88.55,86.07,88.08,2023300,1.0,0.0
2014-02-28,88.37,89.08,87.64,88.34,1501500,1.0,0.0
2014-03-03,86.81,88.26,86.2,87.5,1288800,1.0,0.0
2014-03-04,89.41,91.03,88.73,90.52,2317700,1.0,0.0
2014-03-05,90.26,90.6899,89.17,89.33,1471700,1.0,0.0
2014-03-06,89.85,90.3985,88.36,88.5,1376900,1.0,0.0
2014-03-07,89.91,89.91,88.17,88.49,1849100,1.0,0.0
2014-03-10,90.62,92.79,90.62,91.82,2923200,1.0,0.0
2014-03-11,91.99,92.6,89.634,89.95,1295600,1.0,0.0
2014-03-12,89.5,91.92,88.5022,91.92,1464200,1.0,0.0
2014-03-13,92.22,92.45,88.6,89.31,1785000,1.0,0.0
2014-03-14,88.9,91.21,88.9,90.09,1273400,1.0,0.0
2014-03-17,91.035,92.84,90.76,90.91,1478300,1.0,0.0
2014-03-18,91.09,92.17,90.57,91.88,1537300,1.0,0.0
2014-03-19,91.99,93.3199,91.35,92.66,1044200,1.0,0.0
2014-03-20,92.09,94.83,92.05,94.76,1834500,1.0,0.0
2014-03-21,95.1401,96.5099,94.5,94.91,3168000,1.0,0.0
2014-03-24,95.6,95.67,91.3,92.69,1672600,1.0,0.0
2014-03-25,93.85,94.0,91.76,93.13,1392000,1.0,0.0
2014-03-26,93.91,94.2288,91.44,91.68,1460800,1.0,0.0
2014-03-27,91.54,92.13,89.7,90.83,1751700,1.0,0.0
2014-03-28,91.32,93.142,90.5,92.43,1351300,1.0,0.0
2014-03-31,93.74,95.67,92.97,94.94,1391600,1.0,0.0
2014-04-01,95.2,96.72,95.03,95.94,1273300,1.0,0.0
2014-04-02,96.62,96.672,94.85,95.04,1305500,1.0,0.0
2014-04-03,94.75,95.84,93.44,94.57,1450600,1.0,0.0
2014-04-04,95.36,95.94,91.31,91.87,1665700,1.0,0.0
2014-04-07,91.35,91.44,85.01,85.66,4117900,1.0,0.0
2014-04-08,85.75,88.6,85.11,87.9,2781300,1.0,0.0
2014-04-09,88.7,91.45,88.07,90.98,1522900,1.0,0.0
2014-04-10,91.07,92.19,87.76,88.17,2217200,1.0,0.0
2014-04-11,87.71,89.38,86.41,87.41,1857900,1.0,0.0
2014-04-14,88.26,88.93,85.8,87.18,1893900,1.0,0.0
2014-04-15,88.03,88.855,85.88,88.49,1914800,1.0,0.0
2014-04-16,90.03,91.66,89.7,91.49,2392200,1.0,0.0
2014-04-17,94.5,96.0,92.61,93.47,4058500,1.0,0.0
2014-04-21,94.28,94.43,92.05,93.25,2246000,1.0,0.0
2014-04-22,93.65,96.41,93.4107,96.1,2138700,1.0,0.0
2014-04-23,96.15,96.47,93.603,94.46,1703700,1.0,0.0
2014-04-24,96.06,96.12,93.36,95.02,1443700,1.0,0.0
2014-04-25,94.29,94.56,92.15,92.35,1958600,1.0,0.0
2014-04-28,93.06,93.39,88.3601,90.37,2488200,1.0,0.0
2014-04-29,91.25,93.21,91.01,92.89,1699800,1.0,0.0
2014-04-30,92.7,93.83,91.8,93.83,1528800,1.0,0.0
2014-05-01,94.16,95.99,92.97,93.17,1973700,1.0,0.0
2014-05-02,93.16,94.54,92.56,94.0,1403400,1.0,0.0
2014-05-05,93.39,94.86,92.56,94.45,1188200,1.0,0.0
2014-05-06,93.9,94.66,93.33,93.43,1384300,1.0,0.0
2014-05-07,94.31,94.7,92.15,93.34,1543300,1.0,0.0
2014-05-08,93.17,95.41,92.5934,92.89,1893100,1.0,0.0
2014-05-09,92.71,93.71,91.29,93.47,1216500,1.0,0.0
2014-05-12,93.89,97.87,93.83,97.67,1789600,1.0,0.0
2014-05-13,97.79,99.245,97.22,97.65,1406600,1.0,0.0
2014-05-14,97.46,98.7296,96.62,96.73,1075600,1.0,0.0
2014-05-15,96.07,96.73,91.93,94.44,2736500,1.0,0.0
2014-05-16,94.35,96.17,93.14,95.36,1791400,1.0,0.0
2014-05-19,95.3,97.1,95.17,96.61,1469200,1.0,0.0
2014-05-20,96.52,97.72,95.35,96.38,1582300,1.0,0.0
2014-05-21,96.78,98.49,96.59,97.47,1541600,1.0,0.0
2014-05-22,97.65,99.09,97.07,98.78,1449600,1.0,0.0
2014-05-23,98.99,99.95,98.0,99.89,1256000,1.0,0.0
2014-05-27,101.09,102.48,100.73,101.27,1552600,1.0,0.0
2014-05-28,101.27,101.7575,100.09,100.93,1332000,1.0,0.0
2014-05-29,101.27,101.51,100.2,101.51,926200,1.0,0.0
2014-05-30,101.63,101.86,100.31,101.05,4078300,1.0,0.0
2014-06-02,100.77,101.73,99.19,101.5,1249100,1.0,0.0
2014-06-03,100.53,102.0,100.15,100.99,960000,1.0,0.0
2014-06-04,101.0,102.44,100.6618,102.21,1471700,1.0,0.0
2014-06-05,103.04,106.73,103.0,105.95,1971800,1.0,0.0
2014-06-06,105.77,106.56,105.12,105.97,1731400,1.0,0.0
2014-06-09,105.5301,108.46,105.5301,107.74,1691500,1.0,0.0
2014-06-10,107.0,107.5,105.33,107.17,1058300,1.0,0.0
2014-06-11,105.99,107.45,104.8,107.05,1245000,1.0,0.0
2014-06-12,106.55,106.995,104.36,105.01,1414900,1.0,0.0
2014-06-13,105.14,105.928,104.17,105.39,994100,1.0,0.0
2014-06-16,104.69,105.59,103.88,105.16,1521500,1.0,0.0
2014-06-17,103.2,103.81,101.8,102.75,2201600,1.0,0.0
2014-06-18,103.13,104.86,102.5,104.77,1436100,1.0,0.0
2014-06-19,104.85,104.85,103.39,104.23,968900,1.0,0.0
2014-06-20,104.29,105.34,103.64,105.25,3185200,1.0,0.0
2014-06-23,106.0,106.4181,104.85,105.37,1087600,1.0,0.0
2014-06-24,105.37,106.5957,103.64,103.71,1236500,1.0,0.0
2014-06-25,103.79,105.65,103.11,105.58,985300,1.0,0.0
2014-06-26,105.58,105.7799,103.93,105.28,689700,1.0,0.0
2014-06-27,105.01,105.68,104.12,104.89,959500,1.0,0.0
2014-06-30,104.98,105.21,104.14,104.73,1222600,1.0,0.0
2014-07-01,105.44,107.47,104.99,107.21,1325900,1.0,0.0
2014-07-02,106.75,108.385,106.75,107.5,702300,1.0,0.0
2014-07-03,108.45,109.18,107.95,108.96,489000,1.0,0.0
2014-07-07,108.25,108.5,106.15,106.36,993700,1.0,0.0
2014-07-08,106.39,106.905,104.85,106.28,1234500,1.0,0.0
2014-07-09,106.63,108.39,106.6,108.35,999500,1.0,0.0
2014-07-10,106.43,108.54,105.25,107.69,1022900,1.0,0.0
2014-07-11,107.34,107.85,106.16,107.39,704900,1.0,0.0
2014-07-14,108.45,109.6,108.02,109.5,1151800,1.0,0.0
2014-07-15,109.51,110.0,107.28,107.66,1495000,1.0,0.0
2014-07-16,108.6,108.86,107.3,108.23,1777400,1.0,0.0
2014-07-17,111.94,114.9497,109.0,110.06,3232800,1.0,0.0
2014-07-18,110.51,112.15,110.1,112.04,1553900,1.0,0.0
2014-07-21,111.0801,112.25,111.06,111.78,1040000,1.0,0.0
2014-07-22,112.1,113.96,112.02,113.33,917300,1.0,0.0
2014-07-23,113.94,114.0,112.56,112.77,815400,1.0,0.0
2014-07-24,113.07,113.84,112.33,112.63,830700,1.0,0.0
2014-07-25,112.34,113.18,112.11,112.69,750700,1.0,0.0
2014-07-28,112.95,112.95,110.67,111.18,960600,1.0,0.0
2014-07-29,111.43,112.38,110.28,110.46,949800,1.0,0.0
2014-07-30,111.63,111.7499,109.61,110.55,859800,1.0,0.0
2014-07-31,108.87,109.41,104.54,105.9,2120700,1.0,0.0
2014-08-01,104.64,107.06,103.6,105.87,1675700,1.0,0.0
2014-08-04,106.2,107.37,105.15,106.98,982900,1.0,0.0
2014-08-05,106.61,107.442,104.9,105.77,1082500,1.0,0.0
2014-08-06,105.5,106.48,104.67,105.44,1033600,1.0,0.0
2014-08-07,106.4299,108.3,104.8,105.23,1737000,1.0,0.0
2014-08-08,105.25,107.32,104.33,107.25,970600,1.0,0.0
2014-08-11,108.43,110.36,108.25,109.42,1192400,1.0,0.0
2014-08-12,109.24,110.1717,108.73,109.63,789400,1.0,0.0
2014-08-13,110.5,111.68,109.77,110.85,990500,1.0,0.0
2014-08-14,111.66,112.09,111.17,111.55,1085600,1.0,0.0
2014-08-15,112.15,112.47,109.5,111.71,1028200,1.0,0.0
2014-08-18,112.64,114.46,112.39,114.29,1063100,1.0,0.0
2014-08-19,114.9,116.63,114.6701,115.41,976100,1.0,0.0
2014-08-20,114.76,116.99,114.55,116.7,866100,1.0,0.0
2014-08-21,116.81,116.8567,115.24,116.27,863800,1.0,0.0
2014-08-22,116.27,117.9688,115.5004,117.23,716400,1.0,0.0
2014-08-25,118.41,119.175,117.42,117.98,871500,1.0,0.0
2014-08-26,118.29,118.7675,117.5,118.33,716500,1.0,0.0
2014-08-27,118.16,118.58,116.69,117.64,786700,1.0,0.0
2014-08-28,116.74,117.49,115.69,117.1,626500,1.0,0.0
2014-08-29,117.8,118.28,117.23,117.65,577900,1.0,0.0
2014-09-02,118.45,119.5,117.56,118.84,1071700,1.0,0.0
2014-09-03,119.44,119.83,117.625,118.22,912200,1.0,0.0
2014-09-04,118.45,119.79,117.9,118.3,758100,1.0,0.0
2014-09-05,118.17,118.9099,117.11,118.51,691900,1.0,0.0
2014-09-08,118.27,119.01,118.01,118.3,765300,1.0,0.0
2014-09-09,118.11,118.62,115.22,115.56,1250800,1.0,0.0
2014-09-10,115.77,116.2,113.29,115.2,1332700,1.0,0.0
2014-09-11,114.73,116.14,114.03,116.1,1100700,1.0,0.0
2014-09-12,116.42,116.91,115.63,116.6,1099300,1.0,0.0
2014-09-15,117.5,118.85,115.65,116.29,1631000,1.0,0.0
2014-09-16,115.68,118.04,115.5,117.71,1696200,1.0,0.0
2014-09-17,118.0,118.49,117.07,117.64,1025500,1.0,0.0
2014-09-18,118.5,118.95,117.21,118.7,1007000,1.0,0.0
2014-09-19,119.68,119.68,116.7,116.7,15985500,1.0,0.0
2014-09-22,116.97,117.16,114.57,114.85,2030723,1.0,0.0
2014-09-23,114.0,114.72,113.0,113.47,1072933,1.0,0.0
2014-09-24,113.23,114.22,112.35,114.14,1171262,1.0,0.0
2014-09-25,113.88,113.9799,110.77,110.98,1461990,1.0,0.0
2014-09-26,110.99,112.61,110.7401,112.5,1265526,1.0,0.0
2014-09-29,110.61,112.775,110.4805,112.52,1043237,1.0,0.0
2014-09-30,112.75,113.73,110.88,111.1,1528410,1.0,0.0
2014-10-01,110.92,110.98,103.43,104.43,3652856,1.0,0.0
2014-10-02,104.35,105.97,101.51,105.45,2468001,1.0,0.0
2014-10-03,106.13,111.11,106.08,109.16,2710476,1.0,0.0
2014-10-06,109.62,109.87,106.58,107.06,1483847,1.0,0.0
2014-10-07,104.14,104.14,99.18,99.27,4233975,1.0,0.0
2014-10-08,99.4,103.25,96.8717,103.12,3527470,1.0,0.0
2014-10-09,102.5,103.26,97.77,97.91,2709468,1.0,0.0
2014-10-10,97.79,97.86,93.47,93.74,3277315,1.0,0.0
2014-10-13,93.92,94.98,90.11,90.3,2795944,1.0,0.0
2014-10-14,91.02,94.6,90.87,92.45,2908113,1.0,0.0
2014-10-15,91.27,94.08,88.34,93.43,3109308,1.0,0.0
2014-10-16,93.55,100.895,89.43,99.64,6522136,1.0,0.0
2014-10-17,103.39,106.5,100.5,103.27,3487861,1.0,0.0
2014-10-20,102.5,104.26,101.79,104.01,2719747,1.0,0.0
2014-10-21,105.05,109.22,104.85,108.65,2713342,1.0,0.0
2014-10-22,109.03,109.1518,104.75,104.9,2030777,1.0,0.0
2014-10-23,107.01,108.55,106.4,107.41,1818061,1.0,0.0
2014-10-24,107.69,107.99,106.05,107.96,1026923,1.0,0.0
2014-10-27,107.33,107.3652,104.73,106.16,1420908,1.0,0.0
2014-10-28,106.68,108.87,106.41,108.74,1435462,1.0,0.0
2014-10-29,108.78,109.99,106.06,107.16,1493874,1.0,0.0
2014-10-30,106.68,107.63,105.21,106.12,1372032,1.0,0.0
2014-10-31,108.01,110.39,107.52,110.06,1770881,1.0,0.0
2014-11-03,109.92,113.61,109.9001,111.81,1662982,1.0,0.0
2014-11-04,111.04,111.29,107.63,109.6,1598782,1.0,0.0
2014-11-05,110.89,112.5,110.42,111.17,1276732,1.0,0.0
2014-11-06,111.41,114.02,111.11,113.76,1369712,1.0,0.0
2014-11-07,113.56,114.95,112.85,113.39,1358036,1.0,0.0
2014-11-10,113.71,114.94,113.31,113.7,957346,1.0,0.0
2014-11-11,114.0,115.225,112.67,113.98,975022,1.0,0.0
2014-11-12,113.32,115.08,112.94,114.43,999876,1.0,0.0
2014-11-13,114.03,114.71,112.62,113.55,1164409,1.0,0.0
2014-11-14,113.31,115.26,113.09,115.17,1113339,1.0,0.0
2014-11-17,114.32,114.675,112.29,113.01,1203884,1.0,0.0
2014-11-18,113.17,114.6,112.57,114.17,877314,1.0,0.0
2014-11-19,113.77,114.5,112.5,114.3,895843,1.0,0.0
2014-11-20,113.63,114.84,112.9,114.52,750686,1.0,0.0
2014-11-21,115.83,116.82,114.33,114.71,1163182,1.0,0.0
2014-11-24,115.0,116.53,113.751,115.74,1161235,1.0,0.0
2014-11-25,115.74,119.12,115.74,119.02,1791034,1.0,0.0
2014-11-26,118.61,119.3466,117.71,118.7,970559,1.0,0.0
2014-11-28,118.5,118.5,111.3328,113.31,1554459,1.0,0.0
2014-12-01,111.82,112.25,103.85,106.37,3768041,1.0,0.0
2014-12-02,107.19,109.35,107.07,108.74,1997358,1.0,0.0
2014-12-03,109.57,113.21,108.91,112.51,1803347,1.0,0.0
2014-12-04,112.22,113.53,110.72,113.35,1539432,1.0,0.0
2014-12-05,115.17,116.29,112.96,114.54,1465802,1.0,0.0
2014-12-08,113.99,114.23,109.35,110.84,1493797,1.0,0.0
2014-12-09,108.91,109.38,106.37,109.31,2397527,1.0,0.0
2014-12-10,109.35,111.17,107.59,108.21,2047617,1.0,0.0
2014-12-11,108.39,110.34,106.25,106.53,1846092,1.0,0.0
2014-12-12,105.02,105.03,99.58,99.68,3365332,1.0,0.0
2014-12-15,101.01,102.64,98.81,99.46,2563425,1.0,0.0
2014-12-16,98.73,104.35,98.26,99.71,3449384,1.0,0.0
2014-12-17,99.75,100.24,97.0,99.19,4814590,1.0,0.0
2014-12-18,101.42,103.21,99.17,100.76,2703939,1.0,0.0
2014-12-19,101.04,101.86,99.67,101.33,3073701,1.0,0.0
2014-12-22,101.67,102.94,101.01,102.37,1359069,1.0,0.0
2014-12-23,102.73,105.44,102.59,104.68,1337624,1.0,0.0
2014-12-24,104.73,106.03,104.19,104.84,668325,1.0,0.0
2014-12-26,104.99,106.8,104.99,106.03,847430,1.0,0.0
2014-12-29,105.89,106.42,105.24,105.69,736531,1.0,0.0
2014-12-30,105.21,105.7683,103.55,104.12,1029784,1.0,0.0
2014-12-31,104.6,104.6,101.87,102.01,1361884,1.0,0.0
2015-01-02,103.11,103.85,100.46,103.59,1321848,1.0,0.0
2015-01-05,102.68,102.82,90.98,92.25,5608989,1.0,0.0
2015-01-06,92.65,92.84,86.28,89.39,6799124,1.0,0.0
2015-01-07,90.47,90.9,87.76,88.58,3973418,1.0,0.0
2015-01-08,90.07,91.13,89.5,90.47,3246901,1.0,0.0
2015-01-09,90.57,91.5,88.16,89.29,2474943,1.0,0.0
2015-01-12,89.29,89.29,84.78,85.78,3570647,1.0,0.0
2015-01-13,87.23,88.4,84.08,85.81,2902833,1.0,0.0
2015-01-14,82.95,84.48,81.91,84.0,3916324,1.0,0.0
2015-01-15,84.29,85.45,83.08,83.11,3331178,1.0,0.0
2015-01-16,82.3,84.23,81.25,82.31,4509275,1.0,0.0
2015-01-20,82.42,84.84,81.29,84.47,3400050,1.0,0.0
2015-01-21,84.25,88.1,83.99,87.56,4272113,1.0,0.0
2015-01-22,91.63,92.09,82.11,86.03,7578274,1.0,0.0
2015-01-23,87.69,89.5,86.85,88.43,6579671,1.0,0.0
2015-01-26,88.85,91.54,88.73,90.46,4462869,1.0,0.0
2015-01-27,87.9,89.78,87.0,88.72,3230592,1.0,0.0
2015-01-28,89.0,89.44,86.01,86.26,4035035,1.0,0.0
2015-01-29,86.5,86.8196,84.66,86.32,3160478,1.0,0.0
2015-01-30,85.37,85.98,82.7,82.85,4288432,1.0,0.0
2015-02-02,83.01,85.61,82.51,85.15,3080043,1.0,0.0
2015-02-03,85.88,90.32,85.67,90.09,3568300,1.0,0.0
2015-02-04,89.0,89.98,88.18,89.0,2760717,1.0,0.0
2015-02-05,89.56,90.68,88.52,89.0,1992110,1.0,0.0
2015-02-06,90.14,91.0,88.75,89.72,1631244,1.0,0.0
2015-02-09,89.14,91.45,89.14,90.97,2019331,1.0,0.0
2015-02-10,92.0,92.08,90.12,91.07,1463853,1.0,0.0
2015-02-11,90.78,90.885,89.18,90.06,1605662,1.0,0.0
2015-02-12,90.55,92.0,90.4,91.57,1283170,1.0,0.0
2015-02-13,91.99,93.91,91.8,92.98,1281520,1.0,0.0
2015-02-17,92.94,94.76,92.45,94.29,1527935,1.0,0.0
2015-02-18,94.79,95.6299,94.1,95.39,1586685,1.0,0.0
2015-02-19,93.81,95.46,93.03,94.81,1387382,1.0,0.0
2015-02-20,94.69,96.03,93.529,95.98,1197984,1.0,0.0
2015-02-23,95.43,95.9,94.01,94.54,1266805,1.0,0.0
2015-02-24,94.59,95.0386,93.48,93.86,947136,1.0,0.0
2015-02-25,94.06,94.41,92.9901,94.06,1054380,1.0,0.0
2015-02-26,94.36,94.84,93.4,94.26,1282384,1.0,0.0
2015-02-27,94.36,94.84,93.0,93.06,1418809,1.0,0.0
2015-03-02,95.01,95.27,93.49,94.66,1918952,1.0,0.0
2015-03-03,94.9,95.5,93.99,94.31,1196662,1.0,0.0
2015-03-04,94.0,94.0,91.2,92.34,1503934,1.0,0.0
2015-03-05,92.54,92.55,90.76,92.06,1340468,1.0,0.0
2015-03-06,90.75,92.46,90.25,90.5,1727006,1.0,0.0
2015-03-09,91.0,91.21,90.1301,90.82,955576,1.0,0.0
2015-03-10,89.46,89.47,86.3806,87.05,3164416,1.0,0.0
2015-03-11,87.08,88.21,86.5,87.61,1711005,1.0,0.0
2015-03-12,87.87,89.07,87.775,88.2,1374985,1.0,0.0
2015-03-13,87.49,87.9668,86.1,87.8,1808850,1.0,0.0
2015-03-16,88.24,88.72,87.0,87.79,1567602,1.0,0.0
2015-03-17,87.76,88.77,87.2,87.33,1643371,1.0,0.0
2015-03-18,86.82,89.8,86.0,88.92,3346117,1.0,0.0
2015-03-19,88.85,88.85,87.6585,88.48,1340394,1.0,0.0
2015-03-20,89.07,89.3,88.13,88.85,1894273,1.0,0.0
2015-03-23,88.67,88.92,88.07,88.69,1655984,1.0,0.0
2015-03-24,88.48,89.69,88.3,88.91,1399014,1.0,0.0
2015-03-25,89.8,90.6,89.17,89.17,2225823,1.0,0.0
2015-03-26,88.49,92.11,88.25,91.09,2922548,1.0,0.0
2015-03-27,90.6,90.92,89.04,90.05,2245057,1.0,0.0
2015-03-30,90.64,92.317,90.51,91.86,1230867,1.0,0.0
2015-03-31,91.13,92.15,90.27,91.16,1691927,1.0,0.0
2015-04-01,90.46,92.73,90.4,91.48,1578466,1.0,0.0
2015-04-02,91.38,92.35,90.62,90.65,1573657,1.0,0.0
2015-04-06,90.16,94.07,90.0,93.63,1582919,1.0,0.0
2015-04-07,93.61,94.19,92.75,92.94,985092,1.0,0.0
2015-04-08,92.97,94.14,91.74,93.17,1444721,1.0,0.0
2015-04-09,93.01,94.72,92.7,94.66,1423744,1.0,0.0
2015-04-10,95.24,96.05,94.55,95.96,1400824,1.0,0.0
2015-04-13,95.96,96.75,95.6,95.83,1432589,1.0,0.0
2015-04-14,95.54,97.67,95.5,97.57,1674593,1.0,0.0
2015-04-15,97.6,100.02,96.74,99.3,1840094,1.0,0.0
2015-04-16,98.74,98.984,97.41,97.49,1598531,1.0,0.0
2015-04-17,96.67,97.11,95.26,96.46,2200638,1.0,0.0
2015-04-20,98.0,99.15,97.0,98.86,2368764,1.0,0.0
2015-04-21,99.25,99.426,96.87,97.9,2766233,1.0,0.0
2015-04-22,94.0,97.5199,93.72,95.79,6819245,1.0,0.0
2015-04-23,96.05,99.0,96.0,98.53,2698203,1.0,0.0
2015-04-24,99.27,99.43,96.34,96.64,2093522,1.0,0.0
2015-04-27,96.98,97.88,96.0301,96.52,1778451,1.0,0.0
2015-04-28,96.57,96.96,95.2,96.24,1533263,1.0,0.0
2015-04-29,96.03,98.49,95.92,97.76,1956804,1.0,0.0
2015-04-30,97.21,98.64,96.15,96.58,1424144,1.0,0.0
2015-05-01,96.88,99.54,96.88,99.27,1353459,1.0,0.0
2015-05-04,99.45,99.99,98.5001,99.02,897739,1.0,0.0
2015-05-05,99.22,102.94,99.1,100.53,2861188,1.0,0.0
2015-05-06,100.99,101.59,99.34,99.85,1873370,1.0,0.0
2015-05-07,99.51,100.05,98.0,99.3,1511341,1.0,0.0
2015-05-08,100.46,101.5,99.98,101.41,954421,1.0,0.0
2015-05-11,101.18,101.99,99.56,101.65,2077280,1.0,0.0
2015-05-12,100.69,103.4,100.17,102.98,2715269,1.0,0.0
2015-05-13,103.0,104.68,102.906,103.48,2138693,1.0,0.0
2015-05-14,103.83,104.24,102.47,103.05,981809,1.0,0.0
2015-05-15,102.91,103.48,100.9,103.17,1636522,1.0,0.0
2015-05-18,103.21,103.79,102.445,103.61,1055554,1.0,0.0
2015-05-19,104.16,104.27,101.64,102.01,1454084,1.0,0.0
2015-05-20,101.96,103.4,101.09,103.25,1249478,1.0,0.0
2015-05-21,103.01,105.83,103.01,105.13,2316961,1.0,0.0
2015-05-22,104.99,105.3599,103.64,104.89,1160128,1.0,0.0
2015-05-26,104.7,105.12,103.888,104.36,1413883,1.0,0.0
2015-05-27,104.45,105.44,104.09,104.5,1155461,1.0,0.0
2015-05-28,101.0,101.0,94.265,94.95,8954165,1.0,0.0
2015-05-29,92.67,93.32,87.895,88.91,10706166,1.0,0.0
2015-06-01,89.68,90.805,88.52,90.38,3950874,1.0,0.0
2015-06-02,90.2,92.88,90.18,92.06,2882635,1.0,0.0
2015-06-03,92.28,92.94,91.18,91.63,2238977,1.0,0.0
2015-06-04,90.85,91.845,90.7,91.19,2116462,1.0,0.0
2015-06-05,91.51,92.27,90.85,91.86,1307538,1.0,0.0
2015-06-08,91.87,92.32,90.17,90.34,1635745,1.0,0.0
2015-06-09,90.23,90.58,88.46,88.88,2340908,1.0,0.0
2015-06-10,89.57,90.34,89.07,89.68,1889141,1.0,0.0
2015-06-11,89.77,90.36,89.6,89.72,1305947,1.0,0.0
2015-06-12,90.84,92.25,89.87,91.44,2325305,1.0,0.0
2015-06-15,90.78,91.76,89.85,91.14,1483937,1.0,0.0
2015-06-16,89.11,89.5,86.88,88.76,3588740,1.0,0.0
2015-06-17,88.93,91.0454,88.82,90.53,2134303,1.0,0.0
2015-06-18,90.77,93.0,90.71,92.58,1905187,1.0,0.0
2015-06-19,92.18,92.73,91.76,91.92,1409845,1.0,0.0
2015-06-22,92.25,92.65,91.13,92.13,1503283,1.0,0.0
2015-06-23,92.4,93.35,92.03,92.57,1816519,1.0,0.0
2015-06-24,92.51,92.99,91.57,92.32,1137596,1.0,0.0
2015-06-25,92.61,92.613,88.99,89.58,2111896,1.0,0.0
2015-06-26,89.85,90.03,89.12,89.97,1568092,1.0,0.0
2015-06-29,88.88,89.388,87.08,87.24,2221385,1.0,0.0
2015-06-30,88.12,88.6,87.5,87.62,1809364,1.0,0.0
2015-07-01,87.64,87.99,82.96,83.6,4131935,1.0,0.0
2015-07-02,83.71,84.67,83.08,84.28,1788808,1.0,0.0
2015-07-06,83.31,85.27,82.63,83.25,1737608,1.0,0.0
2015-07-07,83.3,83.69,80.08,83.31,2302253,1.0,0.0
2015-07-08,82.94,83.1288,78.9,80.05,2950920,1.0,0.0
2015-07-09,81.5,83.31,81.34,81.37,2446948,1.0,0.0
2015-07-10,82.44,82.59,81.18,81.39,1463276,1.0,0.0
2015-07-13,82.21,82.63,81.45,82.01,1647041,1.0,0.0
2015-07-14,81.9,82.55,81.41,82.32,1446913,1.0,0.0
2015-07-15,82.07,82.21,80.08,80.13,2771942,1.0,0.0
2015-07-16,80.96,82.32,80.52,81.78,2057997,1.0,0.0
2015-07-17,81.93,82.34,80.3,81.26,2165226,1.0,0.0
2015-07-20,80.51,80.79,79.11,79.2,2755526,1.0,0.0
2015-07-21,79.25,80.13,78.3401,78.77,2252446,1.0,0.0
2015-07-22,78.41,78.48,76.82,77.63,3107351,1.0,0.0
2015-07-23,71.88,74.9199,66.7364,66.98,13080427,1.0,0.0
2015-07-24,66.75,66.75,62.46,64.72,12555502,1.0,0.0
2015-07-27,64.22,66.55,63.01,65.16,4908154,1.0,0.0
2015-07-28,65.86,67.5,65.61,66.93,3835539,1.0,0.0
2015-07-29,67.16,67.549,66.25,66.88,3717906,1.0,0.0
2015-07-30,66.01,66.72,64.88,66.54,2109132,1.0,0.0
2015-07-31,66.9,68.49,66.78,66.99,2492787,1.0,0.0
2015-08-03,66.46,66.6399,65.11,65.28,2178180,1.0,0.0
2015-08-04,66.01,66.899,65.17,65.5,1902052,1.0,0.0
2015-08-05,66.0,67.06,65.29,65.47,1797865,1.0,0.0
2015-08-06,65.31,66.21,64.66,65.66,2304287,1.0,0.0
2015-08-07,65.4,66.12,63.67,63.81,1860283,1.0,0.0
2015-08-10,64.74,67.49,64.18,66.71,2596893,1.0,0.0
2015-08-11,65.78,67.09,64.61,65.84,2707361,1.0,0.0
2015-08-12,64.88,66.44,64.03,66.27,1988794,1.0,0.0
2015-08-13,66.63,66.83,64.141,64.31,2266105,1.0,0.0
2015-08-14,64.27,65.39,64.27,65.33,1711171,1.0,0.0
2015-08-17,65.16,65.66,64.2,65.58,1130292,1.0,0.0
2015-08-18,65.1,65.93,65.1,65.51,1569337,1.0,0.0
2015-08-19,65.11,66.63,64.91,65.56,1989938,1.0,0.0
2015-08-20,64.65,66.39,64.53,64.55,2329702,1.0,0.0
2015-08-21,63.07,63.9,61.63,61.66,2585651,1.0,0.0
2015-08-24,56.88,63.96,56.66,60.92,4298275,1.0,0.0
2015-08-25,63.47,63.79,60.8,60.83,3129800,1.0,0.0
2015-08-26,62.28,63.59,60.97,63.51,2479825,1.0,0.0
2015-08-27,64.86,68.77,64.63,68.3,3243213,1.0,0.0
2015-08-28,68.05,69.21,66.52,67.06,2298729,1.0,0.0
2015-08-31,66.8,69.58,66.21,69.33,2357135,1.0,0.0
2015-09-01,66.64,67.92,65.01,65.34,2349234,1.0,0.0
2015-09-02,67.75,68.96,65.51,67.36,2645376,1.0,0.0
2015-09-03,67.5,68.81,66.28,67.83,2652062,1.0,0.0
2015-09-04,66.62,67.01,65.16,66.08,1543975,1.0,0.0
2015-09-08,67.47,68.23,66.38,67.99,1563971,1.0,0.0
2015-09-09,68.94,71.98,67.955,69.22,3724599,1.0,0.0
2015-09-10,69.12,70.47,68.57,68.98,1783702,1.0,0.0
2015-09-11,68.3,69.54,67.61,69.45,1250435,1.0,0.0
2015-09-14,69.17,69.4299,67.4,67.63,1776153,1.0,0.0
2015-09-15,67.79,69.95,67.79,69.83,1392341,1.0,0.0
2015-09-16,69.98,72.46,69.82,72.28,2317270,1.0,0.0
2015-09-17,71.79,72.19,69.33,69.6,3133072,1.0,0.0
2015-09-18,68.19,68.67,66.6,67.13,2777895,1.0,0.0
2015-09-21,67.91,68.62,67.07,67.61,1925698,1.0,0.0
2015-09-22,66.52,67.2,65.6675,66.7,1712542,1.0,0.0
2015-09-23,66.76,66.93,62.57,63.3,2627538,1.0,0.0
2015-09-24,62.05,62.72,59.07,61.81,3364761,1.0,0.0
2015-09-25,64.48,64.87,62.23,62.8,2561230,1.0,0.0
2015-09-28,62.3,62.46,59.33,59.48,2150839,1.0,0.0
2015-09-29,59.68,60.49,58.62,59.94,1527726,1.0,0.0
2015-09-30,60.6,61.73,59.3,60.05,2321560,1.0,0.0
2015-10-01,60.58,61.97,59.46,59.84,3333495,1.0,0.0
2015-10-02,59.0,59.68,57.41,59.65,3802952,1.0,0.0
2015-10-05,60.5,65.03,60.45,64.41,2624196,1.0,0.0
2015-10-06,64.37,66.32,64.27,65.73,2256581,1.0,0.0
2015-10-07,66.78,69.23,65.93,67.9,3156276,1.0,0.0
2015-10-08,68.18,71.53,67.6,70.53,2639250,1.0,0.0
2015-10-09,71.06,72.05,69.62,70.76,2170593,1.0,0.0
2015-10-12,70.51,70.74,68.94,69.52,1708417,1.0,0.0
2015-10-13,68.75,71.95,68.01,70.01,2326491,1.0,0.0
2015-10-14,69.96,71.01,68.88,70.2,2062266,1.0,0.0
2015-10-15,69.5,69.88,67.02,69.27,2569116,1.0,0.0
2015-10-16,69.18,69.18,66.0401,66.89,2777012,1.0,0.0
2015-10-19,66.47,66.93,65.02,65.39,2218425,1.0,0.0
2015-10-20,65.02,67.73,64.22,66.21,2860931,1.0,0.0
2015-10-21,66.68,68.2,65.01,67.2,3430377,1.0,0.0
2015-10-22,69.82,74.845,69.28,73.9,5773071,1.0,0.0
2015-10-23,74.15,75.97,73.1,73.96,2677610,1.0,0.0
2015-10-26,74.14,75.0,73.12,73.85,2215601,1.0,0.0
2015-10-27,72.47,73.29,71.23,71.98,1568287,1.0,0.0
2015-10-28,72.32,75.15,71.93,74.69,1608724,1.0,0.0
2015-10-29,73.95,75.4199,73.27,74.26,1458596,1.0,0.0
2015-10-30,74.62,75.51,73.95,74.86,1514269,1.0,0.0
2015-11-02,74.84,76.58,74.73,76.04,1332229,1.0,0.0
2015-11-03,75.9,78.09,75.65,76.97,1821285,1.0,0.0
2015-11-04,77.34,77.92,75.98,76.56,959804,1.0,0.0
2015-11-05,76.39,78.62,75.69,78.34,2018075,1.0,0.0
2015-11-06,77.45,80.18,77.02,79.84,1954315,1.0,0.0
2015-11-09,79.4,79.955,76.18,77.5,1847047,1.0,0.0
2015-11-10,77.17,78.09,76.28,77.72,1305457,1.0,0.0
2015-11-11,77.97,77.97,76.67,76.99,1322302,1.0,0.0
2015-11-12,75.46,76.32,73.32,73.49,2541816,1.0,0.0
2015-11-13,73.53,74.82,73.11,74.14,1879748,1.0,0.0
2015-11-16,74.06,75.29,73.63,74.75,1575916,1.0,0.0
2015-11-17,76.22,77.86,75.41,75.66,1998727,1.0,0.0
2015-11-18,76.12,77.21,75.84,76.99,1425938,1.0,0.0
2015-11-19,76.47,76.96,75.02,75.56,1413182,1.0,0.0
2015-11-20,75.99,76.93,75.24,75.58,1163484,1.0,0.0
2015-11-23,75.4,76.47,75.35,76.14,1318640,1.0,0.0
2015-11-24,75.87,78.365,75.75,77.41,2109881,1.0,0.0
2015-11-25,77.73,78.6,76.405,77.88,1177802,1.0,0.0
2015-11-27,77.32,78.197,76.8,77.16,454125,1.0,0.0
2015-11-30,77.36,79.18,77.13,78.67,1434174,1.0,0.0
2015-12-01,78.63,79.32,77.43,78.41,1528178,1.0,0.0
2015-12-02,77.85,78.19,75.5767,76.21,1496631,1.0,0.0
2015-12-03,76.58,77.62,74.553,75.2,1578573,1.0,0.0
2015-12-04,74.7,75.47,73.99,74.14,1666115,1.0,0.0
2015-12-07,73.3,73.53,69.7,70.46,2665114,1.0,0.0
2015-12-08,68.8,69.78,67.5001,67.93,2744791,1.0,0.0
2015-12-09,69.87,72.655,69.78,71.07,2620404,1.0,0.0
2015-12-10,70.69,72.09,70.57,71.04,1319596,1.0,0.0
2015-12-11,69.62,70.51,67.28,67.56,1841080,1.0,0.0
2015-12-14,67.07,67.28,64.03,66.13,2551287,1.0,0.0
2015-12-15,67.21,68.91,66.96,67.58,1676330,1.0,0.0
2015-12-16,68.22,69.39,67.54,69.23,1617401,1.0,0.0
2015-12-17,69.23,69.23,66.87,66.9,1711998,1.0,0.0
2015-12-18,66.71,68.25,66.03,67.18,2662425,1.0,0.0
2015-12-21,67.5,70.15,67.36,69.05,2029748,1.0,0.0
2015-12-22,69.31,72.67,69.05,72.05,2131743,1.0,0.0
2015-12-23,72.78,75.09,72.505,74.82,2115241,1.0,0.0
2015-12-24,74.76,75.44,74.5,74.6,779889,1.0,0.0
2015-12-28,73.43,73.75,71.055,72.47,1524568,1.0,0.0
2015-12-29,73.08,73.8699,72.3054,73.32,1127150,1.0,0.0
2015-12-30,72.8,73.6,72.4,72.68,1091269,1.0,0.0
2015-12-31,72.07,73.1244,71.99,72.54,1540385,1.0,0.0
2016-01-04,71.11,71.51,68.73,70.76,2257294,1.0,0.0
2016-01-05,70.85,71.3,69.39,70.05,1605696,1.0,0.0
2016-01-06,68.75,69.14,66.01,66.7,2748824,1.0,0.0
2016-01-07,64.89,64.96,61.71,62.36,3385080,1.0,0.0
2016-01-08,63.05,63.78,61.51,61.81,2025673,1.0,0.0
2016-01-11,62.17,62.3599,59.765,60.96,1678690,1.0,0.0
2016-01-12,61.99,63.85,59.66,61.28,2168239,1.0,0.0
2016-01-13,61.96,63.52,56.6001,57.74,2824932,1.0,0.0
2016-01-14,58.23,58.32,54.67,57.14,3572792,1.0,0.0
2016-01-15,55.56,56.0,53.6101,54.9,3140215,1.0,0.0
2016-01-19,56.02,56.69,52.97,54.0,2458851,1.0,0.0
2016-01-20,52.38,55.01,50.25,54.41,2871353,1.0,0.0
2016-01-21,54.4,56.93,53.7,55.31,2712374,1.0,0.0
2016-01-22,57.14,59.65,55.87,57.74,2617808,1.0,0.0
2016-01-25,56.68,57.12,54.51,54.64,3017282,1.0,0.0
2016-01-26,55.25,56.93,54.71,56.89,2555818,1.0,0.0
2016-01-27,56.4,57.9,54.73,55.84,3408017,1.0,0.0
2016-01-28,49.9,50.2,44.6,45.58,11008249,1.0,0.0
2016-01-29,45.01,48.395,44.59,47.91,4561974,1.0,0.0
2016-02-01,47.46,49.46,46.65,48.83,3280920,1.0,0.0
2016-02-02,47.71,47.73,44.61,45.76,4333234,1.0,0.0
2016-02-03,46.48,48.46,44.88,48.43,4192540,1.0,0.0
2016-02-04,48.09,51.08,47.98,48.68,2815690,1.0,0.0
2016-02-05,47.76,50.06,47.51,48.2,2575796,1.0,0.0
2016-02-08,47.14,47.76,45.17,46.61,2405612,1.0,0.0
2016-02-09,45.51,46.09,43.61,44.78,2745191,1.0,0.0
2016-02-10,45.16,46.72,44.64,45.5,1972282,1.0,0.0
2016-02-11,43.96,44.83,41.9,43.34,2716551,1.0,0.0
2016-02-12,44.32,45.85,43.53,45.45,2188601,1.0,0.0
2016-02-16,46.31,47.77,45.59,47.56,2241731,1.0,0.0
2016-02-17,48.02,49.19,47.31,48.18,2332619,1.0,0.0
2016-02-18,48.78,50.45,47.73,49.87,2797771,1.0,0.0
2016-02-19,49.22,49.28,46.65,48.4,2403615,1.0,0.0
2016-02-22,49.68,52.17,49.65,51.61,2249180,1.0,0.0
2016-02-23,51.07,51.14,49.38,49.87,1657582,1.0,0.0
2016-02-24,49.14,49.77,47.02,49.68,2023646,1.0,0.0
2016-02-25,49.52,50.42,47.88,50.36,1323418,1.0,0.0
2016-02-26,51.0,52.3199,50.67,51.53,1726151,1.0,0.0
2016-02-29,51.58,52.52,50.96,51.57,1915029,1.0,0.0
2016-03-01,52.1,52.71,49.91,52.47,2105246,1.0,0.0
2016-03-02,52.31,54.53,52.03,54.31,2054379,1.0,0.0
2016-03-03,54.41,56.64,53.935,56.56,2015303,1.0,0.0
2016-03-04,57.05,59.15,55.69,57.49,2521782,1.0,0.0
2016-03-07,57.6,60.82,57.6,59.85,2453042,1.0,0.0
2016-03-08,58.69,58.94,56.28,56.84,2071773,1.0,0.0
2016-03-09,57.12,58.95,55.93,58.24,1347668,1.0,0.0
2016-03-10,58.32,59.17,56.46,57.92,1483822,1.0,0.0
2016-03-11,58.89,59.85,58.53,59.65,1479209,1.0,0.0
2016-03-14,59.16,60.41,58.27,60.01,1584300,1.0,0.0
2016-03-15,58.75,59.69,58.45,59.54,1573176,1.0,0.0
2016-03-16,59.28,61.98,59.1475,61.76,2221522,1.0,0.0
2016-03-17,61.84,63.84,61.45,63.37,2119761,1.0,0.0
2016-03-18,63.86,64.38,61.57,62.91,2626950,1.0,0.0
2016-03-21,62.75,63.99,62.13,63.54,1497179,1.0,0.0
2016-03-22,62.83,64.05,62.68,63.77,1092486,1.0,0.0
2016-03-23,63.25,63.66,61.245,61.6,1626207,1.0,0.0
2016-03-24,61.03,62.54,60.06,61.99,1385981,1.0,0.0
2016-03-28,62.2,62.63,60.84,61.68,1332760,1.0,0.0
2016-03-29,61.2,62.67,60.26,62.56,1421256,1.0,0.0
2016-03-30,63.07,64.2,62.37,62.79,1151396,1.0,0.0
2016-03-31,62.58,62.58,60.74,62.19,2119580,1.0,0.0
2016-04-01,60.45,61.02,58.85,60.81,2500735,1.0,0.0
2016-04-04,60.54,61.285,59.36,59.47,2650602,1.0,0.0
2016-04-05,58.4,59.43,58.2,58.48,2309431,1.0,0.0
2016-04-06,58.74,59.57,56.97,59.0,2268410,1.0,0.0
2016-04-07,58.27,59.81,57.452,57.95,1771770,1.0,0.0
2016-04-08,59.01,60.15,58.86,59.5,1377338,1.0,0.0
2016-04-11,59.88,60.99,59.55,59.58,1468231,1.0,0.0
2016-04-12,59.71,60.28,58.72,59.96,946183,1.0,0.0
2016-04-13,60.82,62.38,60.32,61.91,1665324,1.0,0.0
2016-04-14,62.31,62.55,61.29,61.34,1039784,1.0,0.0
2016-04-15,61.0,61.24,59.95,61.0,1158609,1.0,0.0
2016-04-18,60.36,62.11,60.13,61.54,1224850,1.0,0.0
2016-04-19,62.21,62.33,60.65,61.15,2011851,1.0,0.0
2016-04-20,61.05,61.19,60.0,60.14,3434418,1.0,0.0
2016-04-21,57.15,65.74,56.01,64.87,7668990,1.0,0.0
2016-04-22,62.82,66.06,62.52,66.01,4653638,1.0,0.0
2016-04-25,65.78,67.14,64.36,64.82,2380954,1.0,0.0
2016-04-26,65.48,67.06,65.3,66.9,1946599,1.0,0.0
2016-04-27,66.85,68.37,66.43,68.07,1666508,1.0,0.0
2016-04-28,67.7,68.84,66.66,66.81,1285297,1.0,0.0
2016-04-29,66.75,67.835,65.88,66.93,1397255,1.0,0.0
2016-05-02,67.18,67.44,64.985,65.77,1460755,1.0,0.0
2016-05-03,65.16,65.48,62.95,63.49,2069850,1.0,0.0
2016-05-04,63.16,64.0,61.5,61.87,2175176,1.0,0.0
2016-05-05,62.49,62.82,60.88,61.04,1987697,1.0,0.0
2016-05-06,59.03,61.73,58.83,61.5,2681046,1.0,0.0
2016-05-09,61.15,61.7,60.76,61.02,1747260,1.0,0.0
2016-05-10,61.33,63.37,61.08,62.94,1510647,1.0,0.0
2016-05-11,62.66,63.28,61.1,61.76,1604642,1.0,0.0
2016-05-12,62.15,62.88,60.57,60.87,1598944,1.0,0.0
2016-05-13,60.64,61.34,59.43,59.83,1644158,1.0,0.0
2016-05-16,60.31,61.79,60.195,60.94,1411450,1.0,0.0
2016-05-17,61.67,66.47,61.67,64.28,4489998,1.0,0.0
2016-05-18,63.7,66.27,63.55,64.86,2382262,1.0,0.0
2016-05-19,64.15,64.72,62.65,64.1,1874691,1.0,0.0
2016-05-20,64.53,65.66,64.36,65.27,1254919,1.0,0.0
2016-05-23,65.11,65.45,64.21,64.96,1043496,1.0,0.0
2016-05-24,65.52,66.03,64.54,65.75,1083947,1.0,0.0
2016-05-25,66.1,68.32,65.76,68.09,1787470,1.0,0.0
2016-05-26,68.5,70.09,67.65,68.2,1564115,1.0,0.0
2016-05-27,68.15,68.58,67.57,68.4,1053115,1.0,0.0
2016-05-31,68.42,69.79,68.16,69.67,1336356,1.0,0.0
2016-06-01,68.89,69.47,67.69,69.45,2049084,1.0,0.0
2016-06-02,69.03,71.18,68.68,71.09,1528553,1.0,0.0
2016-06-03,70.98,71.64,69.07,71.27,1789450,1.0,0.0
2016-06-06,71.62,73.91,71.13,73.67,1667304,1.0,0.0
2016-06-07,73.56,74.75,73.09,74.48,1220040,1.0,0.0
2016-06-08,74.68,76.04,74.46,74.92,1336809,1.0,0.0
2016-06-09,73.86,74.35,72.69,74.11,934855,1.0,0.0
2016-06-10,72.85,73.28,70.74,71.51,2099145,1.0,0.0
2016-06-13,71.18,71.7,70.19,70.31,1402814,1.0,0.0
2016-06-14,70.21,71.64,68.54,70.0,2021086,1.0,0.0
2016-06-15,70.29,71.35,69.29,69.84,1346241,1.0,0.0
2016-06-16,67.54,67.86,65.04,67.01,4257763,1.0,0.0
2016-06-17,67.64,68.79,67.21,67.62,3108914,1.0,0.0
2016-06-20,69.5,70.1,68.83,68.85,1958986,1.0,0.0
2016-06-21,69.2,69.48,67.95,68.96,1224546,1.0,0.0
2016-06-22,69.46,70.04,68.82,69.01,1105724,1.0,0.0
2016-06-23,70.36,72.25,70.36,72.23,1452660,1.0,0.0
2016-06-24,68.42,69.8599,65.95,66.25,2940974,1.0,0.0
2016-06-27,65.44,65.665,61.78,62.27,2057986,1.0,0.0
2016-06-28,63.5,64.085,61.83,62.97,2265860,1.0,0.0
2016-06-29,63.9,66.0,63.5,65.49,1701143,1.0,0.0
2016-06-30,65.9,67.12,64.68,67.1,1741264,1.0,0.0
2016-07-01,66.96,67.5,65.81,66.58,2127368,1.0,0.0
2016-07-05,65.88,66.34,62.63,63.47,1722885,1.0,0.0
2016-07-06,62.81,63.86,61.92,63.66,1897498,1.0,0.0
2016-07-07,64.15,65.74,63.795,64.63,1971489,1.0,0.0
2016-07-08,65.59,67.6,65.59,67.44,1274635,1.0,0.0
2016-07-11,68.09,69.22,68.0501,68.26,966370,1.0,0.0
2016-07-12,69.38,70.56,69.22,70.29,1699905,1.0,0.0
2016-07-13,70.48,70.89,68.46,69.24,1536358,1.0,0.0
2016-07-14,68.74,70.06,67.81,69.59,1329952,1.0,0.0
2016-07-15,69.98,70.96,69.53,70.12,1403265,1.0,0.0
2016-07-18,69.87,69.87,68.65,69.18,1500363,1.0,0.0
2016-07-19,68.41,68.63,67.09,67.93,1816240,1.0,0.0
2016-07-20,68.0,70.09,67.64,69.86,2772921,1.0,0.0
2016-07-21,76.07,80.68,75.41,76.25,9560155,1.0,0.0
2016-07-22,76.89,78.58,75.51,78.22,3599976,1.0,0.0
2016-07-25,78.1,79.33,77.89,78.34,2384025,1.0,0.0
2016-07-26,78.3,80.35,78.245,80.04,2316329,1.0,0.0
2016-07-27,80.6,81.5,79.48,80.55,1841123,1.0,0.0
2016-07-28,80.34,80.595,78.94,79.84,1533315,1.0,0.0
2016-07-29,79.62,80.0,78.66,79.67,1582570,1.0,0.0
2016-08-01,79.63,79.65,76.79,77.35,2461737,1.0,0.0
2016-08-02,77.58,78.05,74.33,75.32,2224609,1.0,0.0
2016-08-03,75.47,76.71,75.32,76.6,1284724,1.0,0.0
2016-08-04,76.17,77.215,75.93,76.93,1222879,1.0,0.0
2016-08-05,77.52,79.785,77.23,79.45,1804054,1.0,0.0
2016-08-08,79.96,80.76,79.08,79.47,1017708,1.0,0.0
2016-08-09,79.1,80.815,78.53,78.84,1409766,1.0,0.0
2016-08-10,79.24,79.3,77.74,77.86,1056394,1.0,0.0
2016-08-11,78.49,79.42,78.01,78.89,1389729,1.0,0.0
2016-08-12,78.68,79.47,77.85,78.37,1223268,1.0,0.0
2016-08-15,78.67,79.69,78.635,79.23,1160184,1.0,0.0
2016-08-16,79.08,79.25,77.77,77.88,1154230,1.0,0.0
2016-08-17,77.92,78.05,77.16,77.62,1035164,1.0,0.0
2016-08-18,78.16,81.37,78.16,80.81,2106073,1.0,0.0
2016-08-19,80.24,80.57,79.12,80.23,1387940,1.0,0.0
2016-08-22,79.68,80.51,79.01,80.13,1128417,1.0,0.0
2016-08-23,80.73,82.5,80.69,82.12,1774621,1.0,0.0
2016-08-24,81.96,82.83,80.68,80.96,1482302,1.0,0.0
2016-08-25,80.73,81.61,80.597,81.21,931666,1.0,0.0
2016-08-26,81.57,83.76,81.42,82.26,1867704,1.0,0.0
2016-08-29,82.25,83.59,82.06,82.89,1067152,1.0,0.0
2016-08-30,82.91,83.67,82.2636,82.82,1019147,1.0,0.0
2016-08-31,82.5,82.6015,80.78,82.31,1695488,1.0,0.0
2016-09-01,82.0,82.3,79.699,81.16,1384096,1.0,0.0
2016-09-02,81.95,83.04,81.681,81.96,937209,1.0,0.0
2016-09-06,81.96,82.345,81.34,81.96,979105,1.0,0.0
2016-09-07,82.52,83.995,81.99,83.92,1869855,1.0,0.0
2016-09-08,83.88,84.63,82.85,83.88,1333708,1.0,0.0
2016-09-09,82.4,82.71,77.88,77.9,2616264,1.0,0.0
2016-09-12,77.03,80.03,76.54,79.88,2000412,1.0,0.0
2016-09-13,78.66,79.09,76.53,77.01,2349478,1.0,0.0
2016-09-14,77.17,79.09,76.62,78.69,1829464,1.0,0.0
2016-09-15,78.72,79.63,78.19,79.31,1341593,1.0,0.0
2016-09-16,78.32,78.68,77.07,77.64,2139375,1.0,0.0
2016-09-19,78.77,80.335,78.45,79.18,1172239,1.0,0.0
2016-09-20,79.49,79.49,75.56,75.56,2470635,1.0,0.0
2016-09-21,76.34,76.965,74.6,75.66,2638985,1.0,0.0
2016-09-22,76.42,76.89,74.973,75.39,2330978,1.0,0.0
2016-09-23,75.28,77.24,74.99,75.55,2158085,1.0,0.0
2016-09-26,75.36,76.0,73.82,73.95,1994297,1.0,0.0
2016-09-27,73.52,73.95,72.85,73.22,1916232,1.0,0.0
2016-09-28,73.47,75.29,73.23,75.14,2529137,1.0,0.0
2016-09-29,75.0,76.98,74.7605,76.34,2522367,1.0,0.0
2016-09-30,77.11,78.91,76.86,78.49,2598349,1.0,0.0
2016-10-03,78.38,79.54,78.02,78.93,1657868,1.0,0.0
2016-10-04,80.15,80.88,78.83,79.16,1970021,1.0,0.0
2016-10-05,79.98,81.54,79.63,80.58,2055415,1.0,0.0
2016-10-06,80.64,83.56,80.64,83.21,2570612,1.0,0.0
2016-10-07,82.83,82.83,80.415,80.76,2086308,1.0,0.0
2016-10-10,81.39,82.24,80.69,81.28,1316823,1.0,0.0
2016-10-11,81.28,81.28,78.94,79.5,1341809,1.0,0.0
2016-10-12,79.61,80.555,79.18,80.18,1073938,1.0,0.0
2016-10-13,79.13,79.16,77.17,78.21,1542540,1.0,0.0
2016-10-14,76.39,76.9,75.05,75.27,2695566,1.0,0.0
2016-10-17,74.91,76.02,74.31,75.7,2203747,1.0,0.0
2016-10-18,76.86,77.22,76.06,76.44,1768583,1.0,0.0
2016-10-19,76.65,76.85,75.44,75.58,2826333,1.0,0.0
2016-10-20,80.0,81.5,77.04,79.13,4268736,1.0,0.0
2016-10-21,78.3,79.8,78.04,79.18,1785395,1.0,0.0
2016-10-24,78.65,78.65,76.35,76.57,2169788,1.0,0.0
2016-10-25,76.2,77.48,75.6,76.49,1967652,1.0,0.0
2016-10-26,75.92,76.82,75.31,76.19,1834452,1.0,0.0
2016-10-27,76.59,76.78,75.4,76.27,1358518,1.0,0.0
2016-10-28,76.36,76.72,74.86,75.39,1380997,1.0,0.0
2016-10-31,75.6,75.95,74.9,75.66,1361533,1.0,0.0
2016-11-01,75.89,76.06,72.261,73.03,1943078,1.0,0.0
2016-11-02,72.61,73.36,70.58,70.92,2378377,1.0,0.0
2016-11-03,71.31,73.03,70.74,72.29,2340051,1.0,0.0
2016-11-04,72.37,73.75,71.55,72.16,1783799,1.0,0.0
2016-11-07,74.39,76.16,74.24,76.11,1712246,1.0,0.0
2016-11-08,75.4,76.24,74.43,75.87,1816598,1.0,0.0
2016-11-09,82.9,90.07,82.7,88.86,9739027,1.0,0.0
2016-11-10,89.04,92.8,88.46,89.5,4807120,1.0,0.0
2016-11-11,88.96,91.23,88.17,91.2,2953164,1.0,0.0
2016-11-14,91.9,96.6,91.28,94.69,3713596,1.0,0.0
2016-11-15,93.91,94.18,91.57,94.14,2062710,1.0,0.0
2016-11-16,91.01,93.2,90.78,92.12,1948065,1.0,0.0
2016-11-17,92.0,92.88,91.51,92.23,1181109,1.0,0.0
2016-11-18,92.74,92.8,90.77,90.95,1449679,1.0,0.0
2016-11-21,91.87,94.15,91.72,93.86,2048436,1.0,0.0
2016-11-22,94.39,94.6,93.28,94.06,1380926,1.0,0.0
2016-11-23,94.23,97.67,94.23,97.35,2448653,1.0,0.0
2016-11-25,97.35,98.12,96.76,98.12,652259,1.0,0.0
2016-11-28,97.11,97.93,94.83,96.19,1977582,1.0,0.0
2016-11-29,94.59,97.29,94.2,96.3,1586882,1.0,0.0
2016-11-30,98.51,101.87,98.51,101.11,3275398,1.0,0.0
2016-12-01,101.47,105.7,101.245,104.29,3847622,1.0,0.0
2016-12-02,103.89,105.57,103.251,104.85,2206761,1.0,0.0
2016-12-05,105.27,106.42,104.87,105.31,1904005,1.0,0.0
2016-12-06,104.62,107.58,104.4,107.17,1524927,1.0,0.0
2016-12-07,107.02,109.75,106.76,109.12,1926973,1.0,0.0
2016-12-08,109.39,109.9,106.59,108.3,1871284,1.0,0.0
2016-12-09,108.68,109.63,107.25,108.0,1527643,1.0,0.0
2016-12-12,108.68,108.83,103.71,107.03,1848405,1.0,0.0
2016-12-13,106.88,107.4,105.361,106.3,1602468,1.0,0.0
2016-12-14,105.59,107.16,104.65,105.05,1399603,1.0,0.0
2016-12-15,104.88,108.24,104.22,107.14,1907407,1.0,0.0
2016-12-16,107.42,107.49,105.56,105.71,1998191,1.0,0.0
2016-12-19,106.18,107.68,105.64,106.27,982750,1.0,0.0
2016-12-20,106.46,108.06,106.14,107.25,1013761,1.0,0.0
2016-12-21,107.06,108.62,106.95,108.48,1480679,1.0,0.0
2016-12-22,108.26,108.98,106.11,106.86,1047870,1.0,0.0
2016-12-23,107.46,108.53,107.46,108.06,539649,1.0,0.0
2016-12-27,108.5,109.31,108.25,108.58,584306,1.0,0.0
2016-12-28,108.76,109.55,105.73,106.21,1170003,1.0,0.0
2016-12-29,106.58,107.77,105.87,106.7,751568,1.0,0.0
2016-12-30,107.1,107.5499,104.699,105.58,1168489,1.0,0.0
2017-01-03,107.88,110.79,107.3,109.31,1903183,1.0,0.0
2017-01-04,109.5,110.5,108.4,109.87,1090853,1.0,0.0
2017-01-05,109.9,111.81,108.215,110.15,1348320,1.0,0.0
2017-01-06,110.29,111.0,108.91,109.38,1147753,1.0,0.0
2017-01-09,108.12,108.9,106.12,106.16,1811425,1.0,0.0
2017-01-10,106.81,110.609,106.81,108.9,2139026,1.0,0.0
2017-01-11,108.91,109.99,107.69,109.26,1538483,1.0,0.0
2017-01-12,109.0,109.35,105.33,106.54,1490947,1.0,0.0
2017-01-13,106.5,108.3,106.24,107.05,951146,1.0,0.0
2017-01-17,106.72,108.11,105.65,107.23,1219629,1.0,0.0
2017-01-18,107.47,111.3,107.09,111.02,2067411,1.0,0.0
2017-01-19,110.71,112.5,109.61,110.45,1614742,1.0,0.0
2017-01-20,110.98,111.945,110.44,111.19,1252302,1.0,0.0
2017-01-23,110.98,111.25,109.41,110.11,1312167,1.0,0.0
2017-01-24,111.15,114.47,110.525,113.61,1783756,1.0,0.0
2017-01-25,115.0,115.61,112.5901,114.26,3048053,1.0,0.0
2017-01-26,123.42,129.39,122.05,127.06,6526546,1.0,0.0
2017-01-27,126.6,128.64,125.2,128.26,2468422,1.0,0.0
2017-01-30,128.74,128.93,124.72,128.77,2757703,1.0,0.0
2017-01-31,129.0,129.6,124.13,126.51,3670615,1.0,0.0
2017-02-01,127.53,131.19,127.53,129.89,2868379,1.0,0.0
2017-02-02,127.34,128.9009,126.281,127.09,1764819,1.0,0.0
2017-02-03,127.82,129.6,127.82,128.65,1576429,1.0,0.0
2017-02-06,127.8,128.7183,125.88,126.31,1381907,1.0,0.0
2017-02-07,126.68,127.49,125.3975,126.24,1255041,1.0,0.0
2017-02-08,125.89,125.89,123.06,124.65,1863360,1.0,0.0
2017-02-09,125.0,126.64,123.77,125.44,1531925,1.0,0.0
2017-02-10,126.15,127.54,125.3948,127.12,1313726,1.0,0.0
2017-02-13,127.31,128.91,127.15,127.78,1789809,1.0,0.0
2017-02-14,127.24,129.0,126.06,128.79,953538,1.0,0.0
2017-02-15,128.5,129.57,127.185,129.18,1135234,1.0,0.0
2017-02-16,128.67,129.2788,126.43,127.86,989567,1.0,0.0
2017-02-17,126.95,126.95,125.02,126.03,1120678,1.0,0.0
2017-02-21,126.65,129.52,126.44,128.93,1311605,1.0,0.0
2017-02-22,127.84,128.14,126.35,128.06,1125137,1.0,0.0
2017-02-23,129.06,129.86,120.34,120.9,3065963,1.0,0.0
2017-02-24,119.36,124.7,119.11,124.15,2269345,1.0,0.0
2017-02-27,124.71,128.86,124.21,128.21,1748857,1.0,0.0
2017-02-28,126.81,128.69,126.0,128.03,1539334,1.0,0.0
2017-03-01,130.79,134.28,130.77,133.36,2489110,1.0,0.0
2017-03-02,133.11,133.24,128.65,129.01,1961414,1.0,0.0
2017-03-03,129.01,130.15,126.92,128.72,1470844,1.0,0.0
2017-03-06,127.22,130.16,126.9,129.78,1443563,1.0,0.0
2017-03-07,129.37,130.5,127.46,128.15,1497110,1.0,0.0
2017-03-08,128.84,129.975,124.16,124.3,2010196,1.0,0.0
2017-03-09,124.0,125.22,120.59,121.98,3077047,1.0,0.0
2017-03-10,123.62,124.8,121.34,122.95,1453985,1.0,0.0
2017-03-13,122.98,125.06,122.98,124.2,1362806,1.0,0.0
2017-03-14,122.16,122.18,119.3,122.12,2049695,1.0,0.0
2017-03-15,123.2,127.04,122.76,126.35,2135101,1.0,0.0
2017-03-16,127.0,128.46,124.92,125.28,1369699,1.0,0.0
2017-03-17,125.72,126.78,125.15,125.19,977990,1.0,0.0
2017-03-20,124.47,125.84,123.01,124.99,950029,1.0,0.0
2017-03-21,125.33,125.75,119.59,120.01,1795441,1.0,0.0
2017-03-22,119.33,121.48,118.14,120.38,1394253,1.0,0.0
2017-03-23,119.7,122.48,119.43,120.82,1058618,1.0,0.0
2017-03-24,121.33,122.75,119.53,120.69,1259849,1.0,0.0
2017-03-27,117.455,120.01,115.1,119.56,1422380,1.0,0.0
2017-03-28,119.59,124.66,119.22,123.24,1636583,1.0,0.0
2017-03-29,123.06,125.03,122.57,123.64,1069554,1.0,0.0
2017-03-30,123.66,124.55,122.97,124.17,873688,1.0,0.0
2017-03-31,123.35,126.19,123.18,125.05,979314,1.0,0.0
2017-04-03,125.11,125.28,121.62,123.83,1258014,1.0,0.0
2017-04-04,123.12,124.89,122.73,123.77,831541,1.0,0.0
2017-04-05,125.0,126.765,120.28,121.06,1657547,1.0,0.0
2017-04-06,121.51,124.96,121.2,124.0,1263309,1.0,0.0
2017-04-07,123.59,125.43,123.0801,123.41,1264630,1.0,0.0
2017-04-10,124.37,126.57,123.94,125.96,1442285,1.0,0.0
2017-04-11,125.99,126.56,124.02,125.93,954204,1.0,0.0
2017-04-12,125.56,126.06,120.816,121.13,1505961,1.0,0.0
2017-04-13,121.32,123.21,119.25,119.29,1324175,1.0,0.0
2017-04-17,120.01,120.97,119.05,120.95,1302928,1.0,0.0
2017-04-18,119.77,120.505,117.93,119.86,1339190,1.0,0.0
2017-04-19,120.96,122.59,118.979,119.45,2840120,1.0,0.0
2017-04-20,113.74,114.635,110.6,113.24,6931688,1.0,0.0
2017-04-21,112.9,113.25,108.82,111.46,3743439,1.0,0.0
2017-04-24,113.71,114.79,113.11,113.56,2589236,1.0,0.0
2017-04-25,114.35,115.23,112.53,113.3,1965277,1.0,0.0
2017-04-26,113.3,114.86,113.17,113.4,1525503,1.0,0.0
2017-04-27,112.89,113.4,108.01,109.52,2796093,1.0,0.0
2017-04-28,111.94,112.88,109.2252,109.66,2560664,1.0,0.0
2017-05-01,109.81,110.0,107.06,108.88,1639625,1.0,0.0
2017-05-02,108.98,109.78,107.62,108.62,1388007,1.0,0.0
2017-05-03,107.67,108.77,106.61,107.7,1434252,1.0,0.0
2017-05-04,107.7,107.93,105.73,107.36,1599643,1.0,0.0
2017-05-05,107.57,109.05,106.8482,108.96,1363471,1.0,0.0
2017-05-08,110.74,112.15,110.68,111.68,2205362,1.0,0.0
2017-05-09,112.02,112.55,111.07,111.7,1317966,1.0,0.0
2017-05-10,111.75,114.95,111.3673,114.23,1779717,1.0,0.0
2017-05-11,113.8,115.17,111.38,114.43,1488737,1.0,0.0
2017-05-12,113.6,113.6592,111.24,112.16,1197107,1.0,0.0
2017-05-15,113.1344,114.75,112.65,113.83,1330116,1.0,0.0
2017-05-16,113.68,114.02,110.62,111.72,1356438,1.0,0.0
2017-05-17,109.94,110.5,104.72,105.1,2391024,1.0,0.0
2017-05-18,104.21,107.4,102.73,106.5,2587252,1.0,0.0
2017-05-19,106.92,110.59,106.91,110.1,1705111,1.0,0.0
2017-05-22,110.68,111.26,109.19,110.6,1006994,1.0,0.0
2017-05-23,110.58,111.31,109.26,111.3,1033240,1.0,0.0
2017-05-24,111.21,113.35,110.27,110.81,1457321,1.0,0.0
2017-05-25,110.86,113.93,110.26,111.4,1683981,1.0,0.0
2017-05-26,111.0,111.86,109.95,111.17,787021,1.0,0.0
2017-05-30,110.73,112.07,109.97,110.65,1119958,1.0,0.0
2017-05-31,110.35,111.07,106.32,108.73,2086126,1.0,0.0
2017-06-01,109.58,112.36,109.0049,109.97,1758236,1.0,0.0
2017-06-02,109.66,109.71,108.16,108.49,1569648,1.0,0.0
2017-06-05,108.4,108.4,104.24,105.74,2820779,1.0,0.0
2017-06-06,105.05,106.59,103.48,106.32,1989077,1.0,0.0
2017-06-07,106.67,106.81,104.58,105.26,1490900,1.0,0.0
2017-06-08,105.13,108.08,104.87,106.54,1239479,1.0,0.0
2017-06-09,106.84,110.8,106.61,110.22,2118192,1.0,0.0
2017-06-12,110.67,112.5,109.92,111.82,1946422,1.0,0.0
2017-06-13,111.35,111.95,109.64,111.66,1608812,1.0,0.0
2017-06-14,111.24,111.24,104.07,104.81,3029395,1.0,0.0
2017-06-15,103.76,105.6743,102.86,103.49,2112563,1.0,0.0
2017-06-16,103.66,105.22,102.73,105.2,1854938,1.0,0.0
2017-06-19,105.64,107.45,105.38,106.95,1004421,1.0,0.0
2017-06-20,106.22,106.22,102.42,103.91,2059731,1.0,0.0
2017-06-21,104.26,104.74,100.621,101.62,1901617,1.0,0.0
2017-06-22,102.17,104.35,101.3,103.82,1376989,1.0,0.0
2017-06-23,104.0,105.755,103.28,104.85,1460170,1.0,0.0
2017-06-26,104.96,107.18,104.96,106.11,862264,1.0,0.0
2017-06-27,106.79,108.65,105.75,105.78,1289762,1.0,0.0
2017-06-28,107.09,109.09,106.82,108.49,1264285,1.0,0.0
2017-06-29,109.71,113.66,108.79,109.7,2388412,1.0,0.0
2017-06-30,110.71,113.87,110.515,112.71,2055873,1.0,0.0
2017-07-03,113.6,115.075,112.6,113.21,747904,1.0,0.0
2017-07-05,113.76,117.55,112.76,114.27,1905829,1.0,0.0
2017-07-06,114.18,115.395,111.92,112.35,2250560,1.0,0.0
2017-07-07,112.39,113.02,111.105,112.55,1013787,1.0,0.0
2017-07-10,112.06,114.65,111.09,113.54,1105823,1.0,0.0
2017-07-11,113.83,114.08,111.92,113.69,817403,1.0,0.0
2017-07-12,114.73,117.32,114.06,114.26,1257963,1.0,0.0
2017-07-13,116.1,116.1,113.34,114.74,1841765,1.0,0.0
2017-07-14,115.07,117.65,114.33,117.21,1239369,1.0,0.0
2017-07-17,118.62,119.44,117.16,117.79,1497058,1.0,0.0
2017-07-18,117.34,117.84,116.3,117.48,1709086,1.0,0.0
2017-07-19,117.48,119.19,117.04,118.7,1630597,1.0,0.0
2017-07-20,124.0,126.26,121.39,122.54,3490836,1.0,0.0
2017-07-21,120.75,121.53,119.25,119.31,1772825,1.0,0.0
2017-07-24,119.5,120.46,117.53,118.39,1328686,1.0,0.0
2017-07-25,119.77,122.96,119.69,121.18,1704537,1.0,0.0
2017-07-26,122.17,122.17,119.761,120.17,913035,1.0,0.0
2017-07-27,120.19,121.23,118.71,120.77,1086797,1.0,0.0
2017-07-28,120.61,120.94,119.03,119.73,1108318,1.0,0.0
2017-07-31,119.92,120.25,118.42,118.96,866701,1.0,0.0
2017-08-01,119.47,119.5679,115.67,116.56,1585564,1.0,0.0
2017-08-02,115.87,117.0396,114.06,115.03,1300394,1.0,0.0
2017-08-03,115.48,117.08,115.2061,116.31,1177242,1.0,0.0
2017-08-04,117.2,118.66,117.01,118.37,920644,1.0,0.0
2017-08-07,118.52,118.835,117.44,118.1,830486,1.0,0.0
2017-08-08,117.4,119.419,116.88,117.38,848730,1.0,0.0
2017-08-09,116.08,116.81,114.6,115.31,944866,1.0,0.0
2017-08-10,114.71,115.5,111.56,111.62,1696038,1.0,0.0
2017-08-11,111.42,112.25,110.7,111.54,979080,1.0,0.0
2017-08-14,113.0,113.67,111.99,112.2,1209898,1.0,0.0
2017-08-15,113.1,113.22,111.6,111.99,680055,1.0,0.0
2017-08-16,112.82,113.33,111.16,111.97,992233,1.0,0.0
2017-08-17,115.75,116.0,111.59,111.82,2062517,1.0,0.0
2017-08-18,112.96,113.21,110.651,111.86,1394489,1.0,0.0
2017-08-21,111.71,111.86,107.67,108.4,1359931,1.0,0.0
2017-08-22,109.0,112.56,109.0,112.44,1377398,1.0,0.0
2017-08-23,111.36,111.74,108.69,108.69,1018171,1.0,0.0
2017-08-24,109.0,109.76,107.33,107.61,972484,1.0,0.0
2017-08-25,108.05,108.39,106.52,107.26,1062795,1.0,0.0
2017-08-28,108.5,110.77,108.22,110.71,1334420,1.0,0.0
2017-08-29,109.58,115.84,109.43,114.94,2912900,1.0,0.0
2017-08-30,115.1,119.8,113.13,119.19,3205490,1.0,0.0
2017-08-31,119.59,120.71,117.54,118.06,1734265,1.0,0.0
2017-09-01,118.37,121.18,118.37,120.56,1646493,1.0,0.0
2017-09-05,120.56,121.68,117.86,119.09,1508482,1.0,0.0
2017-09-06,120.46,121.43,119.79,121.16,1425777,1.0,0.0
2017-09-07,121.5,123.16,120.33,123.09,1865158,1.0,0.0
2017-09-08,123.5,128.0,123.5,126.69,2558326,1.0,0.0
2017-09-11,125.4,126.34,123.45,125.03,2156715,1.0,0.0
2017-09-12,127.11,128.49,126.17,127.69,1410069,1.0,0.0
2017-09-13,127.5,129.63,126.11,128.82,1434663,1.0,0.0
2017-09-14,128.27,128.75,126.79,127.36,1301160,1.0,0.0
2017-09-15,127.15,128.82,126.97,128.1,1101877,1.0,0.0
2017-09-18,128.1,129.51,128.09,129.43,919992,1.0,0.0
2017-09-19,129.5,129.9599,128.12,129.89,788244,1.0,0.0
2017-09-20,130.0,132.3,129.72,130.74,995651,1.0,0.0
2017-09-21,131.21,131.21,129.9,130.12,894840,1.0,0.0
2017-09-22,129.72,132.81,129.01,132.31,950879,1.0,0.0
2017-09-25,132.72,132.98,131.22,132.21,1021709,1.0,0.0
2017-09-26,132.4,134.57,132.0236,133.94,1016927,1.0,0.0
2017-09-27,134.63,137.12,134.15,135.69,1224475,1.0,0.0
2017-09-28,135.77,138.33,135.18,137.97,1036721,1.0,0.0
2017-09-29,137.96,139.98,136.96,138.74,1223461,1.0,0.0
2017-10-02,139.2,139.75,136.84,139.2,1253235,1.0,0.0
2017-10-03,139.71,142.71,138.98,142.71,1667298,1.0,0.0
2017-10-04,142.22,142.31,139.46,140.75,1654006,1.0,0.0
2017-10-05,141.54,143.145,140.81,141.98,890067,1.0,0.0
2017-10-06,141.43,143.0674,141.0,142.24,804563,1.0,0.0
2017-10-09,142.66,142.88,141.09,142.49,737995,1.0,0.0
2017-10-10,143.6,144.19,140.35,141.55,1105571,1.0,0.0
2017-10-11,141.83,142.44,140.9085,142.16,825604,1.0,0.0
2017-10-12,140.99,144.35,140.16,144.01,1074784,1.0,0.0
2017-10-13,144.9,145.56,143.43,144.21,884855,1.0,0.0
2017-10-16,145.89,146.67,144.45,145.79,1201856,1.0,0.0
2017-10-17,145.43,145.63,143.01,143.34,1488116,1.0,0.0
2017-10-18,144.07,144.6,142.16,144.32,1773745,1.0,0.0
2017-10-19,144.8,147.6,140.94,144.4,2955451,1.0,0.0
2017-10-20,144.81,146.69,144.03,144.4,2516833,1.0,0.0
2017-10-23,144.44,144.6425,141.2,141.48,1257780,1.0,0.0
2017-10-24,142.45,145.5,142.18,143.94,1331429,1.0,0.0
2017-10-25,143.25,144.1,138.19,138.88,2214275,1.0,0.0
2017-10-26,139.75,142.225,139.3,141.24,1992559,1.0,0.0
2017-10-27,141.34,146.06,141.34,145.94,1358286,1.0,0.0
2017-10-30,145.32,146.72,143.25,143.59,1247887,1.0,0.0
2017-10-31,143.6,144.82,141.23,141.48,1324674,1.0,0.0
2017-11-01,143.339,144.59,142.6,143.67,1147315,1.0,0.0
2017-11-02,143.37,146.87,143.0,145.58,1025882,1.0,0.0
2017-11-03,145.09,146.0,144.46,144.71,702372,1.0,0.0
2017-11-06,145.26,148.52,145.12,148.4,1092284,1.0,0.0
2017-11-07,148.4,149.45,146.56,147.55,762526,1.0,0.0
2017-11-08,146.92,148.84,146.5,148.74,906744,1.0,0.0
2017-11-09,146.0,147.39,143.05,145.09,1019377,1.0,0.0
2017-11-10,144.95,146.98,144.95,146.31,738782,1.0,0.0
2017-11-13,145.19,145.72,143.58,144.61,1302650,1.0,0.0
2017-11-14,143.75,146.17,143.75,144.87,1112007,1.0,0.0
2017-11-15,143.97,144.85,141.36,143.38,1051683,1.0,0.0
2017-11-16,145.0,148.56,143.65,148.36,1583117,1.0,0.0
2017-11-17,147.75,151.145,147.4325,150.09,1601268,1.0,0.0
2017-11-20,149.75,152.76,149.75,151.5,1027101,1.0,0.0
2017-11-21,152.1,155.0,152.0,153.69,1318804,1.0,0.0
2017-11-22,154.61,154.96,152.5,153.27,1049493,1.0,0.0
2017-11-24,153.61,155.45,152.16,153.16,768115,1.0,0.0
2017-11-27,152.88,154.74,152.37,153.36,943374,1.0,0.0
2017-11-28,154.02,156.8,153.18,156.6,653821,1.0,0.0
2017-11-29,156.0,158.68,155.19,157.84,1183980,1.0,0.0
2017-11-30,158.48,161.35,158.04,159.48,1467039,1.0,0.0
2017-12-01,159.07,159.45,151.3,157.09,1735795,1.0,0.0
2017-12-04,160.22,163.92,159.73,159.75,1312752,1.0,0.0
2017-12-05,159.75,161.58,158.2,159.19,896893,1.0,0.0
2017-12-06,158.19,159.63,156.85,158.28,596652,1.0,0.0
2017-12-07,158.22,163.16,157.86,162.38,964847,1.0,0.0
2017-12-08,163.74,165.18,162.77,164.0,1080971,1.0,0.0
2017-12-11,164.53,165.65,163.12,163.82,836741,1.0,0.0
2017-12-12,164.0,165.85,163.16,163.65,823864,1.0,0.0
2017-12-13,162.99,165.7,160.37,163.81,941365,1.0,0.0
2017-12-14,163.82,165.3,160.95,161.17,988740,1.0,0.0
2017-12-15,162.8,165.6,162.34,164.29,1190047,1.0,0.0
2017-12-18,165.98,169.05,165.56,168.57,1285010,1.0,0.0
2017-12-19,169.37,170.33,165.02,166.38,1387250,1.0,0.0
2017-12-20,167.99,169.02,165.73,168.3,1418104,1.0,0.0
2017-12-21,169.69,170.74,167.65,170.47,1071759,1.0,0.0
2017-12-22,170.47,171.32,168.22,169.49,571063,1.0,0.0
2017-12-26,169.0,171.83,168.99,170.61,744042,1.0,0.0
2017-12-27,170.47,172.22,170.02,171.47,580519,1.0,0.0
2017-12-28,172.38,173.47,171.03,173.33,801579,1.0,0.0
2017-12-29,173.79,174.4,171.78,171.91,597623,1.0,0.0
2018-01-02,172.92,173.96,171.7,173.58,804948,1.0,0.0
2018-01-03,174.45,175.74,173.4,175.19,820573,1.0,0.0
2018-01-04,175.85,176.62,169.63,172.0,1328663,1.0,0.0
2018-01-05,173.0,173.32,169.5,171.38,1045101,1.0,0.0
2018-01-08,171.29,172.67,169.43,172.45,1415723,1.0,0.0
2018-01-09,172.75,173.53,170.7,172.43,877110,1.0,0.0
2018-01-10,171.73,174.93,171.5,173.2,1090491,1.0,0.0
2018-01-11,174.81,179.99,174.64,179.99,1486930,1.0,0.0
2018-01-12,180.6,182.86,179.52,180.89,882618,1.0,0.0
2018-01-16,181.95,184.0,176.68,178.97,1063741,1.0,0.0
2018-01-17,178.76,180.68,177.52,180.17,691716,1.0,0.0
2018-01-18,180.33,181.79,179.77,181.24,803311,1.0,0.0
2018-01-19,181.7,184.25,180.82,183.67,1199644,1.0,0.0
2018-01-22,184.0,187.17,181.0,187.12,990534,1.0,0.0
2018-01-23,187.5,188.73,183.88,185.87,1519168,1.0,0.0
2018-01-24,186.47,187.08,183.88,185.52,1740772,1.0,0.0
2018-01-25,186.0,189.0,176.55,181.91,3101322,1.0,0.0
2018-01-26,184.69,187.25,180.44,185.37,1946517,1.0,0.0
2018-01-29,184.93,188.31,180.21,180.47,1761494,1.0,0.0
2018-01-30,177.06,182.99,176.79,182.14,1396174,1.0,0.0
2018-01-31,185.1,185.89,179.78,181.11,1408947,1.0,0.0
2018-02-01,180.68,183.53,178.45,179.65,1406701,1.0,0.0
2018-02-02,177.58,178.21,173.04,173.3,1491263,1.0,0.0
2018-02-05,171.72,176.01,166.58,166.71,2197390,1.0,0.0
2018-02-06,162.28,172.76,161.41,171.34,1977646,1.0,0.0
2018-02-07,170.49,176.06,170.31,173.58,1836141,1.0,0.0
2018-02-08,173.83,173.92,161.86,161.99,2276127,1.0,0.0
2018-02-09,164.51,166.44,156.01,164.26,2504143,1.0,0.0
2018-02-12,166.63,168.77,163.21,166.06,1551460,1.0,0.0
2018-02-13,165.1,167.46,164.53,166.33,1093406,1.0,0.0
2018-02-14,164.02,168.29,163.34,167.04,1266080,1.0,0.0
2018-02-15,169.04,169.69,164.11,167.24,1201174,1.0,0.0
2018-02-16,166.41,170.69,166.41,168.02,975446,1.0,0.0
2018-02-20,167.19,174.75,166.8,172.25,1349504,1.0,0.0
2018-02-21,171.86,175.61,171.6,171.9,1287960,1.0,0.0
2018-02-22,173.65,176.44,172.59,175.16,1387291,1.0,0.0
2018-02-23,176.69,179.23,175.38,179.09,1175774,1.0,0.0
2018-02-26,180.36,181.07,177.36,180.63,1110322,1.0,0.0
2018-02-27,180.5,182.16,178.31,178.42,1129271,1.0,0.0
2018-02-28,179.46,179.99,175.04,175.09,1360124,1.0,0.0
2018-03-01,174.76,175.0,170.45,173.24,1782280,1.0,0.0
2018-03-02,172.65,177.11,169.5,176.6,1659807,1.0,0.0
2018-03-05,175.3,181.12,173.76,180.71,1325903,1.0,0.0
2018-03-06,180.78,185.84,178.55,184.99,1365590,1.0,0.0
2018-03-07,182.78,184.7,177.31,181.35,1883655,1.0,0.0
2018-03-08,181.54,184.41,180.01,183.36,882034,1.0,0.0
2018-03-09,185.12,189.56,183.86,189.4,1043074,1.0,0.0
2018-03-12,189.4,189.5,185.4,186.63,1274309,1.0,0.0
2018-03-13,187.64,190.74,186.11,186.65,897348,1.0,0.0
2018-03-14,187.91,188.21,184.11,184.82,885554,1.0,0.0
2018-03-15,186.02,186.63,182.37,182.91,1002426,1.0,0.0
2018-03-16,183.0,188.0,182.62,186.29,1060497,1.0,0.0
2018-03-19,185.62,186.08,182.85,185.4,1000835,1.0,0.0
2018-03-20,185.68,187.88,184.82,185.16,1035833,1.0,0.0
2018-03-21,184.97,190.3,184.51,187.27,909522,1.0,0.0
2018-03-22,184.0,186.23,179.58,180.26,1443464,1.0,0.0
2018-03-23,181.11,181.11,174.02,174.18,1115747,1.0,0.0
2018-03-26,177.63,180.81,175.91,180.57,1326361,1.0,0.0
2018-03-27,181.48,183.75,176.0,177.15,1133690,1.0,0.0
2018-03-28,177.22,177.22,168.95,169.11,1815412,1.0,0.0
2018-03-29,170.9,174.17,168.44,172.73,1567857,1.0,0.0
2018-04-02,172.04,172.74,163.57,166.6,1649828,1.0,0.0
2018-04-03,167.28,169.82,166.32,169.5,1340028,1.0,0.0
2018-04-04,165.05,174.39,164.46,173.68,1478003,1.0,0.0
2018-04-05,175.33,178.76,174.0,177.94,1356925,1.0,0.0
2018-04-06,176.22,179.29,169.61,172.14,1178682,1.0,0.0
2018-04-09,173.97,175.44,171.66,171.94,932498,1.0,0.0
2018-04-10,175.71,178.76,173.73,177.97,1135921,1.0,0.0
2018-04-11,175.95,178.34,173.63,173.97,1026686,1.0,0.0
2018-04-12,175.0,177.64,174.39,176.32,791564,1.0,0.0
2018-04-13,178.51,178.84,172.83,172.95,1289879,1.0,0.0
2018-04-16,174.68,176.84,172.51,174.13,1663546,1.0,0.0
2018-04-17,175.89,178.19,175.4,177.54,1456154,1.0,0.0
2018-04-18,179.64,181.66,178.6,180.0,2129295,1.0,0.0
2018-04-19,174.0,175.75,165.75,168.22,4919175,1.0,0.0
2018-04-20,169.9,170.18,162.62,163.22,2347619,1.0,0.0
2018-04-23,163.03,164.95,161.98,163.61,1244051,1.0,0.0
2018-04-24,164.26,164.93,154.07,156.43,2294058,1.0,0.0
2018-04-25,156.4,158.7,153.36,157.88,1413792,1.0,0.0
2018-04-26,158.62,159.0,153.67,155.35,1406490,1.0,0.0
2018-04-27,155.08,157.34,155.06,155.31,1090026,1.0,0.0
2018-04-30,155.35,155.83,149.89,150.0,1262900,1.0,0.0
2018-05-01,149.21,151.2,145.93,148.64,1858958,1.0,0.0
2018-05-02,149.05,152.0,148.7,149.29,1261813,1.0,0.0
2018-05-03,148.96,150.42,145.34,149.8,1420476,1.0,0.0
2018-05-04,149.6,154.24,148.08,153.23,1112729,1.0,0.0
2018-05-07,154.51,161.74,154.44,159.49,2258944,1.0,0.0
2018-05-08,158.64,161.0,157.95,159.33,1510945,1.0,0.0
2018-05-09,160.36,162.84,159.45,162.32,1180803,1.0,0.0
2018-05-10,163.78,167.16,163.12,166.36,1335879,1.0,0.0
2018-05-11,167.14,168.54,165.57,166.89,844953,1.0,0.0
2018-05-14,167.79,167.93,165.07,165.56,918314,1.0,0.0
2018-05-15,164.9,166.5,164.0,165.55,811239,1.0,0.0
2018-05-16,165.4,170.47,165.39,169.48,1061310,1.0,0.0
2018-05-17,169.39,171.39,168.4,170.36,842096,1.0,0.0
2018-05-18,170.45,172.4,169.54,169.82,804923,1.0,0.0
2018-05-21,171.44,174.59,170.52,173.78,818781,1.0,0.0
2018-05-22,174.0,175.42,166.54,166.78,1127326,1.0,0.0
2018-05-23,165.4,167.83,163.64,167.77,1213590,1.0,0.0
2018-05-24,166.0,168.84,164.5,167.41,928893,1.0,0.0
2018-05-25,166.62,166.83,161.06,161.94,1284801,1.0,0.0
2018-05-29,160.25,162.85,159.29,160.46,835739,1.0,0.0
2018-05-30,161.59,163.32,159.88,162.37,893121,1.0,0.0
2018-05-31,162.15,162.15,159.08,159.57,1261156,1.0,0.0
2018-06-01,161.2,165.42,160.68,163.27,1153737,1.0,0.0
2018-06-04,163.55,164.46,160.82,161.35,908050,1.0,0.0
2018-06-05,161.77,164.42,161.57,163.92,713085,1.0,0.0
2018-06-06,164.83,165.81,163.44,164.85,1079658,1.0,0.0
2018-06-07,165.51,167.75,164.38,166.22,1037858,1.0,0.0
2018-06-08,165.53,166.89,164.88,166.8,533712,1.0,0.0
2018-06-11,166.55,168.8,166.07,167.93,566273,1.0,0.0
2018-06-12,168.4,172.57,168.17,169.8,954583,1.0,0.0
2018-06-13,169.77,169.81,166.54,166.64,725758,1.0,0.0
2018-06-14,166.69,168.75,163.95,164.46,866156,1.0,0.0
2018-06-15,162.3,163.11,158.63,160.85,1866595,1.0,0.0
2018-06-18,159.12,163.8,158.63,163.32,990500,1.0,0.0
2018-06-19,160.72,161.14,156.32,159.39,1443697,1.0,0.0
2018-06-20,160.26,162.0,158.34,161.69,897944,1.0,0.0
2018-06-21,160.4,160.49,152.02,153.18,2113287,1.0,0.0
2018-06-22,157.95,160.81,154.5,154.95,2444537,1.0,0.0
2018-06-25,153.5,153.5,145.92,148.15,2172326,1.0,0.0
2018-06-26,149.11,149.76,146.32,147.48,1626175,1.0,0.0
2018-06-27,148.59,151.97,146.46,146.57,1544510,1.0,0.0
2018-06-28,146.29,147.91,143.4,147.47,1093185,1.0,0.0
2018-06-29,148.4,151.47,147.45,147.62,1531500,1.0,0.0
2018-07-02,144.64,146.43,142.61,144.75,1096413,1.0,0.0
2018-07-03,146.14,148.59,144.95,145.15,643951,1.0,0.0
2018-07-05,146.55,148.76,145.14,148.5,1365146,1.0,0.0
2018-07-06,148.66,151.36,147.5,149.53,1048749,1.0,0.0
2018-07-09,150.68,155.5,150.35,155.11,1153515,1.0,0.0
2018-07-10,158.39,158.91,153.03,154.29,1743512,1.0,0.0
2018-07-11,151.74,153.93,151.47,151.69,1038202,1.0,0.0
2018-07-12,153.48,153.84,150.24,152.31,1074301,1.0,0.0
2018-07-13,154.2,156.08,153.68,154.83,1118417,1.0,0.0
2018-07-16,154.33,154.75,151.18,151.75,1429874,1.0,0.0
2018-07-17,150.76,153.27,150.07,152.21,1262437,1.0,0.0
2018-07-18,153.61,155.77,151.61,154.91,2483475,1.0,0.0
2018-07-19,150.07,156.69,150.0,156.57,3005334,1.0,0.0
2018-07-20,155.47,156.4,150.84,151.11,1824196,1.0,0.0
2018-07-23,150.99,151.53,147.42,149.32,1751030,1.0,0.0
2018-07-24,150.82,151.88,146.32,147.94,1476966,1.0,0.0
2018-07-25,146.95,147.65,143.33,146.36,1632133,1.0,0.0
2018-07-26,146.23,152.3,146.22,150.97,1394440,1.0,0.0
2018-07-27,151.76,152.3,146.35,147.31,1075967,1.0,0.0
2018-07-30,148.0,149.39,145.09,145.45,1066039,1.0,0.0
2018-07-31,146.2,149.55,146.2,148.8,1504884,1.0,0.0
2018-08-01,148.74,149.15,145.59,146.86,1288634,1.0,0.0
2018-08-02,145.47,148.02,144.09,147.13,890294,1.0,0.0
2018-08-03,147.9,148.5,146.36,148.41,818226,1.0,0.0
2018-08-06,148.2,151.73,148.06,151.32,1034259,1.0,0.0
2018-08-07,152.07,154.3,151.88,154.02,1344978,1.0,0.0
2018-08-08,153.44,153.72,151.75,151.85,758250,1.0,0.0
2018-08-09,152.04,152.91,150.6,150.76,549164,1.0,0.0
2018-08-10,149.26,150.16,147.3,148.59,703381,1.0,0.0
2018-08-13,148.62,149.99,147.26,148.18,786115,1.0,0.0
2018-08-14,148.62,152.525,148.5,151.21,987615,1.0,0.0
2018-08-15,149.47,149.59,144.5,146.87,1351767,1.0,0.0
2018-08-16,148.39,150.48,148.26,148.99,649081,1.0,0.0
2018-08-17,149.0,150.99,148.69,150.51,620251,1.0,0.0
2018-08-20,150.65,156.19,150.56,154.44,1066972,1.0,0.0
2018-08-21,154.95,159.57,154.95,157.94,1271071,1.0,0.0
2018-08-22,157.36,159.06,156.51,157.32,781105,1.0,0.0
2018-08-23,156.64,156.92,153.87,154.13,505324,1.0,0.0
2018-08-24,155.17,156.77,154.4,156.17,533217,1.0,0.0
2018-08-27,157.3,160.05,156.45,159.31,1095294,1.0,0.0
2018-08-28,160.0,161.48,157.7,158.48,746284,1.0,0.0
2018-08-29,158.79,160.28,156.52,159.77,637556,1.0,0.0
2018-08-30,159.32,159.32,156.14,156.68,807628,1.0,0.0
2018-08-31,156.03,156.75,155.33,155.87,826087,1.0,0.0
2018-09-04,155.87,159.0,155.05,158.1,1119208,1.0,0.0
2018-09-05,157.16,158.51,155.94,156.62,1088367,1.0,0.0
2018-09-06,157.32,157.98,151.42,153.82,1341615,1.0,0.0
2018-09-07,152.63,153.47,150.77,152.3,938705,1.0,0.0
2018-09-10,154.99,161.22,153.82,159.99,1928268,1.0,0.0
2018-09-11,159.52,169.15,159.515,168.38,2861052,1.0,0.0
2018-09-12,169.23,169.23,165.35,167.1,1881663,1.0,0.0
2018-09-13,167.94,170.43,166.2,166.85,1220126,1.0,0.0
2018-09-14,167.09,169.74,166.65,168.95,1070583,1.0,0.0
2018-09-17,169.26,169.88,164.42,164.94,1327070,1.0,0.0
2018-09-18,165.18,167.52,164.37,167.05,1020885,1.0,0.0
2018-09-19,167.5,172.41,166.9,168.96,1091065,1.0,0.0
2018-09-20,170.46,173.0,168.26,171.76,1523948,1.0,0.0
2018-09-21,172.12,172.3,168.78,169.04,1575028,1.0,0.0
2018-09-24,168.5,168.9,166.32,168.07,780249,1.0,0.0
2018-09-25,168.43,169.24,166.9,168.59,698835,1.0,0.0
2018-09-26,168.57,170.73,167.05,167.86,810680,1.0,0.0
2018-09-27,169.28,170.53,167.24,169.08,588352,1.0,0.0
2018-09-28,168.21,168.55,163.58,163.6,1472495,1.0,0.0
2018-10-01,164.28,165.44,161.98,162.67,1444033,1.0,0.0
2018-10-02,162.0,163.37,160.34,160.4,1078305,1.0,0.0
2018-10-03,161.5,167.29,161.49,165.53,1178505,1.0,0.0
2018-10-04,165.16,165.84,161.12,163.19,910071,1.0,0.0
2018-10-05,162.41,163.92,157.13,159.22,1370534,1.0,0.0
2018-10-08,157.94,158.86,153.35,156.07,1382583,1.0,0.0
2018-10-09,155.44,155.71,152.62,152.74,1177696,1.0,0.0
2018-10-10,152.31,152.58,143.63,144.84,2359860,1.0,0.0
2018-10-11,144.02,147.97,139.65,139.84,1971677,1.0,0.0
2018-10-12,144.81,144.81,135.68,137.88,2478680,1.0,0.0
2018-10-15,137.5,139.4,136.37,137.62,1558886,1.0,0.0
2018-10-16,138.21,141.56,136.25,141.22,1792336,1.0,0.0
2018-10-17,141.83,141.88,138.53,139.04,2601668,1.0,0.0
2018-10-18,132.3,133.61,117.55,118.13,9440700,1.0,0.0
2018-10-19,118.77,123.0,116.88,117.12,4771811,1.0,0.0
2018-10-22,118.32,119.2,113.89,114.91,3394222,1.0,0.0
2018-10-23,110.39,115.62,107.91,114.41,3645738,1.0,0.0
2018-10-24,114.98,116.97,106.73,106.99,3411635,1.0,0.0
2018-10-25,109.54,113.16,109.01,111.33,2323508,1.0,0.0
2018-10-26,109.0,110.92,106.48,109.23,2312844,1.0,0.0
2018-10-29,110.96,113.95,107.42,109.29,2136754,1.0,0.0
2018-10-30,108.3,115.98,108.02,115.62,2622580,1.0,0.0
2018-10-31,119.29,126.43,118.75,120.07,4268182,1.0,0.0
2018-11-01,122.34,126.04,120.55,125.71,3101079,1.0,0.0
2018-11-02,126.62,127.71,122.8,125.14,2470945,1.0,0.0
2018-11-05,125.86,128.34,122.38,126.7,1519685,1.0,0.0
2018-11-06,126.15,129.92,126.05,129.76,1751200,1.0,0.0
2018-11-07,132.86,134.49,129.85,131.32,2878147,1.0,0.0
2018-11-08,132.25,133.17,126.35,126.72,2086041,1.0,0.0
2018-11-09,124.87,127.6,120.12,126.67,2131809,1.0,0.0
2018-11-12,126.79,127.35,119.83,121.16,2027717,1.0,0.0
2018-11-13,121.22,123.61,118.95,119.57,1946888,1.0,0.0
2018-11-14,121.64,123.66,117.68,119.69,1660943,1.0,0.0
2018-11-15,118.97,119.87,114.7,118.5,2120852,1.0,0.0
2018-11-16,117.5,118.06,114.19,114.97,2379242,1.0,0.0
2018-11-19,114.3,116.28,112.2,112.54,1974210,1.0,0.0
2018-11-20,109.32,112.47,107.25,109.85,2356103,1.0,0.0
2018-11-21,111.65,115.33,111.46,113.0,1575197,1.0,0.0
2018-11-23,110.54,111.9601,109.79,109.88,699191,1.0,0.0
2018-11-26,111.3,115.74,111.3,115.32,1341242,1.0,0.0
2018-11-27,113.88,115.03,111.4,112.54,1615569,1.0,0.0
2018-11-28,113.32,117.48,110.38,117.25,1662496,1.0,0.0
2018-11-29,116.24,117.3,115.0,115.92,1082174,1.0,0.0
2018-11-30,115.33,117.88,114.76,117.13,1477462,1.0,0.0
2018-12-03,121.5,124.23,118.0,119.26,1612885,1.0,0.0
2018-12-04,118.21,118.95,105.95,106.29,3214379,1.0,0.0
2018-12-06,103.44,106.65,102.09,104.83,2416122,1.0,0.0
2018-12-07,106.09,107.99,103.22,103.94,2570042,1.0,0.0
2018-12-10,103.07,104.57,99.5,101.86,1975651,1.0,0.0
2018-12-11,103.96,107.19,100.84,101.86,1606165,1.0,0.0
2018-12-12,107.12,112.07,107.03,108.3,3437854,1.0,0.0
2018-12-13,110.25,112.9,108.5,108.88,2203981,1.0,0.0
2018-12-14,106.55,109.62,105.36,105.8,1833764,1.0,0.0
2018-12-17,105.05,108.49,102.95,105.41,1569501,1.0,0.0
2018-12-18,106.3,109.52,102.86,104.54,1710433,1.0,0.0
2018-12-19,104.24,108.54,100.07,100.9,2404175,1.0,0.0
2018-12-20,100.34,103.16,99.5,101.36,2518588,1.0,0.0
2018-12-21,102.24,104.9,99.03,99.51,2379216,1.0,0.0
2018-12-24,98.47,99.57,95.65,95.9,1007924,1.0,0.0
2018-12-26,96.61,103.24,94.28,103.12,1553717,1.0,0.0
2018-12-27,100.93,104.81,99.48,104.79,1448302,1.0,0.0
2018-12-28,105.43,105.43,100.84,101.5,1832539,1.0,0.0
2018-12-31,102.78,103.24,98.78,102.53,1743820,1.0,0.0
2019-01-02,100.31,105.99,99.0,105.62,1729591,1.0,0.0
2019-01-03,104.39,104.39,100.5,101.98,1771544,1.0,0.0
2019-01-04,104.42,110.84,103.47,110.13,2396857,1.0,0.0
2019-01-07,110.85,115.73,108.11,114.12,2153172,1.0,0.0
2019-01-08,116.28,117.13,114.01,116.26,2046570,1.0,0.0
2019-01-09,118.24,119.57,114.85,118.47,1641070,1.0,0.0
2019-01-10,116.44,119.94,115.6,118.78,1576379,1.0,0.0
2019-01-11,117.37,118.85,115.33,117.45,1355581,1.0,0.0
2019-01-14,116.0,118.0,115.52,116.74,1201997,1.0,0.0
2019-01-15,117.32,117.79,114.6,116.15,1086520,1.0,0.0
2019-01-16,116.74,118.5,116.17,117.5,1203077,1.0,0.0
2019-01-17,117.13,120.63,117.0,119.38,1742792,1.0,0.0
2019-01-18,120.96,124.55,119.3,123.32,2275678,1.0,0.0
2019-01-22,121.1,122.01,117.03,118.24,2388661,1.0,0.0
2019-01-23,119.34,119.4,114.06,116.02,3024310,1.0,0.0
2019-01-24,121.52,125.0,119.73,123.32,4040649,1.0,0.0
2019-01-25,124.7,127.66,123.4,127.26,3089635,1.0,0.0
2019-01-28,124.49,126.76,123.0,124.79,1710427,1.0,0.0
2019-01-29,125.59,126.27,124.01,124.32,1335437,1.0,0.0
2019-01-30,125.67,128.0,122.3,127.97,2009520,1.0,0.0
2019-01-31,127.71,127.71,124.47,125.26,1497820,1.0,0.0
2019-02-01,124.87,127.24,124.42,126.34,1750489,1.0,0.0
2019-02-04,126.26,129.46,125.05,129.39,1389748,1.0,0.0
2019-02-05,129.05,131.0,128.03,129.14,1259095,1.0,0.0
2019-02-06,128.62,130.16,128.0,128.9,934743,1.0,0.0
2019-02-07,127.75,128.35,124.53,125.98,1401950,1.0,0.0
2019-02-08,124.6,126.38,123.66,126.29,1137660,1.0,0.0
2019-02-11,126.55,128.73,126.14,127.89,946537,1.0,0.0
2019-02-12,129.55,132.46,129.2,131.41,1332993,1.0,0.0
2019-02-13,132.73,133.77,132.09,132.14,1148984,1.0,0.0
2019-02-14,131.41,132.1,130.0,131.7,1178115,1.0,0.0
2019-02-15,133.07,136.05,132.11,134.86,1630488,1.0,0.0
2019-02-19,134.39,135.4,130.63,134.29,1710146,1.0,0.0
2019-02-20,134.96,137.65,134.21,136.26,1254843,1.0,0.0
2019-02-21,136.0,136.95,133.8303,135.05,1186017,1.0,0.0
2019-02-22,136.04,137.09,135.38,136.84,1118338,1.0,0.0
2019-02-25,137.88,139.03,135.7,136.29,1328352,1.0,0.0
2019-02-26,135.45,136.7,134.15,134.84,1297226,1.0,0.0
2019-02-27,134.92,136.27,133.42,135.66,916830,1.0,0.0
2019-02-28,135.33,136.06,134.24,134.59,995448,1.0,0.0
2019-03-01,136.64,138.5,134.04,135.69,1108341,1.0,0.0
2019-03-04,136.49,137.16,131.37,132.49,1470389,1.0,0.0
2019-03-05,132.7,132.78,130.31,130.44,1715592,1.0,0.0
2019-03-06,130.7,130.78,127.89,128.05,1170788,1.0,0.0
2019-03-07,127.68,127.84,123.75,126.58,1934403,1.0,0.0
2019-03-08,123.85,124.73,121.62,123.24,1491800,1.0,0.0
2019-03-11,123.18,124.09,122.55,124.01,1213774,1.0,0.0
2019-03-12,124.52,126.0,122.05,125.3,1553374,1.0,0.0
2019-03-13,126.1,127.06,124.2,124.34,1011592,1.0,0.0
2019-03-14,123.53,123.75,121.62,121.71,1013706,1.0,0.0
2019-03-15,121.75,122.88,119.85,120.14,1920299,1.0,0.0
2019-03-18,120.57,123.26,120.0,122.99,1208083,1.0,0.0
2019-03-19,123.8,124.5,120.33,120.68,1385357,1.0,0.0
2019-03-20,120.27,120.31,114.06,116.11,3348184,1.0,0.0
2019-03-21,115.66,119.19,115.38,119.06,1400998,1.0,0.0
2019-03-22,118.11,118.15,110.89,110.96,2664015,1.0,0.0
2019-03-25,110.63,113.1,110.25,111.12,1642887,1.0,0.0
2019-03-26,113.21,113.65,109.86,111.6,1405571,1.0,0.0
2019-03-27,111.94,112.55,109.19,110.72,1342086,1.0,0.0
2019-03-28,110.67,112.69,110.02,112.57,1219611,1.0,0.0
2019-03-29,114.0,115.16,113.31,114.25,1355154,1.0,0.0
2019-04-01,115.59,118.69,114.38,118.11,2037122,1.0,0.0
2019-04-02,118.0,120.05,117.35,118.53,1147340,1.0,0.0
2019-04-03,119.93,121.76,119.79,120.98,1501423,1.0,0.0
2019-04-04,121.58,122.78,121.3,122.54,1267834,1.0,0.0
2019-04-05,123.81,124.77,123.11,123.34,1308131,1.0,0.0
2019-04-08,122.75,124.12,121.83,124.08,826245,1.0,0.0
2019-04-09,122.63,122.65,119.15,119.57,1522950,1.0,0.0
2019-04-10,119.94,121.34,118.69,121.19,897577,1.0,0.0
2019-04-11,121.55,126.12,121.38,124.75,2156453,1.0,0.0
2019-04-12,127.41,128.75,125.14,126.74,1426585,1.0,0.0
2019-04-15,127.02,127.84,125.04,125.37,2411091,1.0,0.0
2019-04-16,126.67,126.99,123.72,126.05,1323601,1.0,0.0
2019-04-17,126.63,127.18,125.15,125.76,2116118,1.0,0.0
2019-04-18,135.3,138.49,134.11,136.0,4772775,1.0,0.0
2019-04-22,135.36,137.15,133.66,135.46,1644085,1.0,0.0
2019-04-23,135.41,139.32,135.13,138.38,1587169,1.0,0.0
2019-04-24,138.53,140.6,138.0,139.89,1300678,1.0,0.0
2019-04-25,139.3,139.96,136.77,137.53,1047223,1.0,0.0
2019-04-26,138.01,140.54,137.39,140.4,1129909,1.0,0.0
2019-04-29,141.05,142.15,140.28,140.94,845123,1.0,0.0
2019-04-30,141.12,141.39,138.72,140.92,1193864,1.0,0.0
2019-05-01,141.78,142.69,138.56,138.64,1221318,1.0,0.0
2019-05-02,138.2,139.38,134.17,137.0,1725076,1.0,0.0
2019-05-03,137.59,141.25,137.49,140.24,1015327,1.0,0.0
2019-05-06,135.74,138.59,134.4,137.55,1403921,1.0,0.0
2019-05-07,134.93,135.76,132.44,134.27,1238362,1.0,0.0
2019-05-08,134.08,135.99,133.36,133.99,839412,1.0,0.0
2019-05-09,131.13,134.22,128.31,133.79,1242503,1.0,0.0
2019-05-10,132.99,133.39,128.76,132.51,1104842,1.0,0.0
2019-05-13,128.39,128.91,124.23,126.19,1489173,1.0,0.0
2019-05-14,127.32,128.75,125.65,127.09,1079436,1.0,0.0
2019-05-15,125.27,129.27,124.45,128.67,1066022,1.0,0.0
2019-05-16,129.04,130.61,128.13,128.46,900608,1.0,0.0
2019-05-17,126.65,127.57,125.65,126.33,912348,1.0,0.0
2019-05-20,124.26,125.46,122.93,124.05,1521975,1.0,0.0
2019-05-21,125.38,126.94,124.77,126.73,1126170,1.0,0.0
2019-05-22,125.91,126.39,121.6,122.39,1375089,1.0,0.0
2019-05-23,120.3,120.51,117.64,118.49,1309644,1.0,0.0
2019-05-24,119.32,120.91,116.91,118.54,623303,1.0,0.0
2019-05-28,118.64,119.47,114.97,115.0,1212365,1.0,0.0
2019-05-29,114.13,116.08,112.89,115.83,1327837,1.0,0.0
2019-05-30,116.48,118.1,114.63,115.19,1368011,1.0,0.0
2019-05-31,112.6,112.94,109.35,110.1,1615343,1.0,0.0
2019-06-03,111.98,115.1,111.75,113.85,1984448,1.0,0.0
2019-06-04,115.55,121.5,115.55,121.34,1822051,1.0,0.0
2019-06-05,122.21,122.39,117.68,119.38,1133404,1.0,0.0
2019-06-06,119.23,120.11,116.61,118.75,818227,1.0,0.0
2019-06-07,118.7,122.81,118.58,122.23,1277599,1.0,0.0
2019-06-10,123.38,125.88,123.05,123.59,1032949,1.0,0.0
2019-06-11,125.52,125.65,121.27,122.25,997404,1.0,0.0
2019-06-12,121.34,121.98,119.92,121.55,739382,1.0,0.0
2019-06-13,121.97,123.84,121.71,123.78,689473,1.0,0.0
2019-06-14,123.44,123.61,120.94,122.87,684440,1.0,0.0
2019-06-17,122.93,123.44,120.69,121.34,1036393,1.0,0.0
2019-06-18,123.96,128.98,123.42,127.76,1760193,1.0,0.0
2019-06-19,127.56,128.2,125.7547,126.28,1074190,1.0,0.0
2019-06-20,129.18,131.58,128.36,130.75,1345790,1.0,0.0
2019-06-21,130.45,131.58,128.7,129.87,1056147,1.0,0.0
2019-06-24,129.57,132.41,129.51,129.61,1128620,1.0,0.0
2019-06-25,129.61,130.25,127.91,128.62,744393,1.0,0.0
2019-06-26,129.86,131.95,129.4,130.57,1144281,1.0,0.0
2019-06-27,131.55,132.38,129.76,131.97,604958,1.0,0.0
2019-06-28,132.83,135.19,132.14,132.63,1875730,1.0,0.0
2019-07-01,136.0,137.8,133.1,134.3,1281686,1.0,0.0
2019-07-02,133.84,134.09,131.2,131.8,692450,1.0,0.0
2019-07-03,132.52,133.54,131.92,132.92,454875,1.0,0.0
2019-07-05,131.82,133.4,130.0,132.92,644587,1.0,0.0
2019-07-08,131.85,134.04,130.97,131.92,681502,1.0,0.0
2019-07-09,130.35,131.51,129.62,131.41,734243,1.0,0.0
2019-07-10,132.18,132.32,129.11,130.48,960065,1.0,0.0
2019-07-11,130.55,131.37,128.77,131.33,823246,1.0,0.0
2019-07-12,132.13,136.75,131.83,136.34,1118392,1.0,0.0
2019-07-15,136.79,137.67,134.58,134.74,810144,1.0,0.0
2019-07-16,134.53,137.9,132.82,137.59,1519548,1.0,0.0
2019-07-17,136.65,136.9,131.26,131.49,2476541,1.0,0.0
2019-07-18,123.5,125.34,120.82,121.11,5510051,1.0,0.0
2019-07-19,121.18,122.54,118.87,118.98,3149049,1.0,0.0
2019-07-22,119.9,120.53,117.0,118.11,2425112,1.0,0.0
2019-07-23,118.26,122.3,118.1,121.86,2062541,1.0,0.0
2019-07-24,121.73,127.24,121.5,126.63,1867833,1.0,0.0
2019-07-25,126.64,127.89,124.9,127.74,1221941,1.0,0.0
2019-07-26,127.91,129.6,127.05,127.61,1302569,1.0,0.0
2019-07-29,127.55,129.81,126.3,128.99,1174693,1.0,0.0
2019-07-30,127.91,130.72,126.59,129.95,1088236,1.0,0.0
2019-07-31,129.66,130.5,125.95,126.55,1270946,1.0,0.0
2019-08-01,125.64,126.21,119.61,120.88,1609090,1.0,0.0
2019-08-02,119.36,119.72,116.16,117.28,1611583,1.0,0.0
2019-08-05,114.19,114.44,111.78,113.35,1858363,1.0,0.0
2019-08-06,115.23,115.79,112.52,114.38,1221483,1.0,0.0
2019-08-07,111.77,113.57,110.56,113.41,1314373,1.0,0.0
2019-08-08,114.68,118.26,114.68,117.85,1331000,1.0,0.0
2019-08-09,117.08,117.24,114.5,115.57,1231372,1.0,0.0
2019-08-12,113.91,114.06,110.4,110.84,998400,1.0,0.0
2019-08-13,110.1,116.66,109.56,112.52,1415625,1.0,0.0
2019-08-14,109.72,109.99,103.85,105.36,2139106,1.0,0.0
2019-08-15,105.47,105.95,102.76,104.57,1727994,1.0,0.0
2019-08-16,105.77,108.8,105.29,107.99,1553123,1.0,0.0
2019-08-19,110.34,111.38,109.27,110.64,1205651,1.0,0.0
2019-08-20,110.0,110.12,109.04,109.16,738221,1.0,0.0
2019-08-21,112.11,112.44,110.6,111.26,828186,1.0,0.0
2019-08-22,112.06,112.8,109.33,109.85,960690,1.0,0.0
2019-08-23,108.25,109.68,104.31,104.96,1467894,1.0,0.0
2019-08-26,107.2,107.31,104.29,106.26,1186980,1.0,0.0
2019-08-27,106.95,107.75,103.0,103.8,1160692,1.0,0.0
2019-08-28,103.45,107.62,101.9,106.32,1066861,1.0,0.0
2019-08-29,108.86,112.07,108.25,111.32,1315790,1.0,0.0
2019-08-30,112.95,114.43,111.88,112.56,1221038,1.0,0.0
2019-09-03,110.5,111.73,108.05,109.67,1338903,1.0,0.0
2019-09-04,111.85,113.09,111.06,112.8,1270447,1.0,0.0
2019-09-05,115.0,118.52,114.8,116.49,1541827,1.0,0.0
2019-09-06,116.61,118.18,115.52,116.89,861298,1.0,0.0
2019-09-09,118.06,120.83,117.52,120.72,1623416,1.0,0.0
2019-09-10,120.34,124.17,119.58,124.05,1325304,1.0,0.0
2019-09-11,126.56,127.77,123.63,127.62,1724207,1.0,0.0
2019-09-12,125.95,129.69,125.95,128.0,1503452,1.0,0.0
2019-09-13,129.8,132.23,128.61,128.87,1879423,1.0,0.0
2019-09-16,128.0,131.21,126.88,128.35,1121487,1.0,0.0
2019-09-17,127.04,128.0,124.63,126.9,1126595,1.0,0.0
2019-09-18,124.8,125.42,122.82,124.71,2012566,1.0,0.0
2019-09-19,125.65,126.73,124.7,125.1,1309598,1.0,0.0
2019-09-20,129.48,130.17,126.27,126.44,2232790,1.0,0.0
2019-09-23,124.99,129.55,124.05,128.4,1423033,1.0,0.0
2019-09-24,128.12,129.14,124.18,124.73,1482558,1.0,0.0
2019-09-25,124.71,128.46,124.6,127.89,1133039,1.0,0.0
2019-09-26,127.26,128.41,126.21,127.57,840144,1.0,0.0
2019-09-27,128.25,129.21,123.78,124.79,1387886,1.0,0.0
2019-09-30,124.54,125.75,122.2,124.64,1457687,1.0,0.0
2019-10-01,125.83,127.07,119.15,119.57,1540219,1.0,0.0
2019-10-02,117.3,118.36,114.13,115.98,1756590,1.0,0.0
2019-10-03,115.18,116.48,112.13,116.39,1629204,1.0,0.0
2019-10-04,117.64,118.79,116.31,117.21,1238370,1.0,0.0
2019-10-07,116.7,117.62,115.24,115.66,1161090,1.0,0.0
2019-10-08,111.12,112.85,109.04,109.2,2322208,1.0,0.0
2019-10-09,110.7,112.64,109.81,111.48,1401635,1.0,0.0
2019-10-10,111.63,114.46,111.63,113.32,955763,1.0,0.0
2019-10-11,116.77,120.55,116.17,118.4,1596459,1.0,0.0
2019-10-14,117.32,119.14,117.0,118.68,952535,1.0,0.0
2019-10-15,119.05,121.49,117.66,120.68,1255844,1.0,0.0
2019-10-16,120.0,123.08,119.83,121.67,2202232,1.0,0.0
2019-10-17,123.47,132.8,122.5,127.9,6030143,1.0,0.0
2019-10-18,127.82,130.77,127.5,128.66,2138369,1.0,0.0
2019-10-21,129.5,132.94,129.38,129.67,1639609,1.0,0.0
2019-10-22,129.42,133.88,128.45,132.4,1807555,1.0,0.0
2019-10-23,131.9,134.49,130.01,133.67,1480044,1.0,0.0
2019-10-24,134.48,134.8,130.38,132.0,1039038,1.0,0.0
2019-10-25,131.2,135.7,131.0,135.38,1242760,1.0,0.0
2019-10-28,135.8,137.35,134.18,136.0,1121657,1.0,0.0
2019-10-29,135.61,138.76,134.97,137.04,1104264,1.0,0.0
2019-10-30,136.09,136.43,132.86,135.94,1287729,1.0,0.0
2019-10-31,135.5,135.5,130.02,133.57,1361177,1.0,0.0
2019-11-01,136.0,142.0,135.34,141.86,2098710,1.0,0.0
2019-11-04,142.98,147.5,142.97,146.73,2578882,1.0,0.0
2019-11-05,147.72,151.84,146.42,146.98,2095930,1.0,0.0
2019-11-06,146.86,147.43,143.83,147.14,1273153,1.0,0.0
2019-11-07,149.42,152.45,149.18,150.17,1826668,1.0,0.0
2019-11-08,150.46,155.74,150.29,155.32,1644476,1.0,0.0
2019-11-11,153.31,156.53,152.9,156.36,1173183,1.0,0.0
2019-11-12,156.36,157.7,153.08,154.46,1542592,1.0,0.0
2019-11-13,152.34,152.96,150.27,150.73,1561353,1.0,0.0
2019-11-14,150.79,153.34,150.64,152.32,863922,1.0,0.0
2019-11-15,154.27,155.24,152.9,154.34,969344,1.0,0.0
2019-11-18,154.26,154.59,151.69,153.27,1051225,1.0,0.0
2019-11-19,154.19,154.96,151.21,152.27,742717,1.0,0.0
2019-11-20,151.93,151.97,146.35,148.52,1780603,1.0,0.0
2019-11-21,148.66,152.64,147.75,152.47,1374165,1.0,0.0
2019-11-22,152.25,155.49,151.87,154.51,1053668,1.0,0.0
2019-11-25,155.38,157.85,153.16,157.02,1146777,1.0,0.0
2019-11-26,156.11,157.16,154.73,156.29,880315,1.0,0.0
2019-11-27,157.09,157.23,154.47,156.46,528313,1.0,0.0
2019-11-29,155.7,156.18,152.68,153.05,420445,1.0,0.0
2019-12-02,153.21,155.98,151.62,152.19,975807,1.0,0.0
2019-12-03,148.02,150.08,145.95,149.37,1207340,1.0,0.0
2019-12-04,151.6,153.85,150.37,150.53,912645,1.0,0.0
2019-12-05,151.74,153.19,151.05,153.13,768453,1.0,0.0
2019-12-06,156.18,159.39,155.94,157.26,1368536,1.0,0.0
2019-12-09,156.3,158.21,155.47,155.86,720075,1.0,0.0
2019-12-10,155.0,155.3,152.5,153.78,864704,1.0,0.0
2019-12-11,156.2,157.17,155.05,156.97,863325,1.0,0.0
2019-12-12,157.44,163.55,156.69,163.19,1437271,1.0,0.0
2019-12-13,162.26,165.85,160.17,162.74,933681,1.0,0.0
2019-12-16,164.64,166.27,164.2,165.16,1130202,1.0,0.0
2019-12-17,164.7,165.0,162.7,164.51,923263,1.0,0.0
2019-12-18,164.55,166.65,163.76,166.2,806033,1.0,0.0
2019-12-19,166.53,166.66,163.6,165.69,941959,1.0,0.0
2019-12-20,167.77,168.0,165.43,167.33,1534671,1.0,0.0
2019-12-23,167.0,169.74,166.57,168.92,848277,1.0,0.0
2019-12-24,169.72,169.9,167.97,168.44,217047,1.0,0.0
2019-12-26,168.74,169.88,168.14,169.82,476399,1.0,0.0
2019-12-27,169.74,170.04,168.0,168.53,570809,1.0,0.0
2019-12-30,168.7,169.65,167.21,168.36,400041,1.0,0.0
2019-12-31,167.7,169.37,166.36,166.77,617502,1.0,0.0
2020-01-02,168.41,168.67,164.41,168.65,861232,1.0,0.0
2020-01-03,164.99,166.56,161.37,165.71,1088996,1.0,0.0
2020-01-06,162.61,165.69,162.36,165.38,707023,1.0,0.0
2020-01-07,165.0,165.97,163.63,165.08,525186,1.0,0.0
2020-01-08,165.31,166.27,163.61,164.81,688699,1.0,0.0
2020-01-09,165.91,165.92,162.62,163.23,923183,1.0,0.0
2020-01-10,163.23,163.45,158.65,159.47,993371,1.0,0.0
2020-01-13,160.6,160.86,155.71,157.44,1537730,1.0,0.0
2020-01-14,156.27,157.07,152.62,154.34,1419812,1.0,0.0
2020-01-15,153.24,156.05,152.25,154.89,924697,1.0,0.0
2020-01-16,156.03,157.79,155.51,157.65,891773,1.0,0.0
2020-01-17,158.46,161.28,158.14,158.72,1118552,1.0,0.0
2020-01-21,157.9,157.9,154.79,154.99,1146429,1.0,0.0
2020-01-22,156.43,156.95,154.63,155.27,742227,1.0,0.0
2020-01-23,153.66,155.35,150.84,155.15,1107195,1.0,0.0
2020-01-24,155.24,155.82,149.51,151.65,1232200,1.0,0.0
2020-01-27,146.54,149.72,146.04,146.27,1521431,1.0,0.0
2020-01-28,148.25,151.55,147.31,150.5,872432,1.0,0.0
2020-01-29,151.5,153.66,150.56,152.26,1297961,1.0,0.0
2020-01-30,150.05,152.56,140.07,141.58,2641644,1.0,0.0
2020-01-31,139.84,140.84,135.26,135.69,2158064,1.0,0.0
2020-02-03,137.19,141.31,136.72,139.52,1729559,1.0,0.0
2020-02-04,142.27,149.33,141.61,147.53,1547972,1.0,0.0
2020-02-05,151.0,155.28,150.25,154.38,1329065,1.0,0.0
2020-02-06,155.26,155.26,150.36,152.61,770860,1.0,0.0
2020-02-07,151.28,151.56,149.05,149.75,819999,1.0,0.0
2020-02-10,149.27,151.09,148.26,150.75,537545,1.0,0.0
2020-02-11,152.59,156.0,151.9,154.05,1061203,1.0,0.0
2020-02-12,156.95,160.08,156.02,158.87,1093675,1.0,0.0
2020-02-13,157.47,160.29,157.0,160.08,847404,1.0,0.0
2020-02-14,159.99,161.11,154.9,156.86,601827,1.0,0.0
2020-02-18,155.25,156.59,151.52,153.98,847926,1.0,0.0
2020-02-19,154.85,156.49,153.16,153.55,599740,1.0,0.0
2020-02-20,152.76,159.12,152.55,155.72,821825,1.0,0.0
2020-02-21,153.72,154.47,150.8,151.41,972990,1.0,0.0
2020-02-24,143.73,143.97,139.43,141.95,1431252,1.0,0.0
2020-02-25,142.66,143.5,132.72,134.64,1736858,1.0,0.0
2020-02-26,136.65,137.69,131.56,131.72,1449999,1.0,0.0
2020-02-27,126.32,136.83,123.63,129.64,1918334,1.0,0.0
2020-02-28,124.54,135.36,124.1,132.48,2540621,1.0,0.0
2020-03-02,134.52,135.8,127.0,135.8,1979052,1.0,0.0
2020-03-03,135.41,138.61,126.57,128.64,1508270,1.0,0.0
2020-03-04,131.06,132.33,126.38,130.16,1566632,1.0,0.0
2020-03-05,125.36,125.74,118.67,119.82,1922390,1.0,0.0
2020-03-06,114.05,118.36,111.65,115.67,2691412,1.0,0.0
2020-03-09,100.99,106.77,97.9,98.96,3338657,1.0,0.0
2020-03-10,104.97,108.85,97.96,107.42,2640720,1.0,0.0
2020-03-11,102.34,104.21,98.38,99.72,2677735,1.0,0.0
2020-03-12,91.02,94.05,83.0,83.23,3396998,1.0,0.0
2020-03-13,90.2,91.56,83.01,91.01,2484919,1.0,0.0
2020-03-16,78.0,90.39,76.09,83.23,2729442,1.0,0.0
2020-03-17,85.1,86.03,74.62,81.43,2620089,1.0,0.0
2020-03-18,73.94,75.54,58.85,69.59,3456966,1.0,0.0
2020-03-19,67.81,79.4,63.58,77.71,2854006,1.0,0.0
2020-03-20,79.53,82.04,69.97,70.1,2510770,1.0,0.0
2020-03-23,69.16,72.54,63.77,70.89,2181590,1.0,0.0
2020-03-24,77.52,89.68,77.33,86.61,2774175,1.0,0.0
2020-03-25,89.32,101.18,82.54,93.19,2442663,1.0,0.0
2020-03-26,95.13,101.26,90.29,99.18,2516103,1.0,0.0
2020-03-27,92.1,92.99,86.45,90.15,2616314,1.0,0.0
2020-03-30,88.43,95.49,86.0,95.16,2248815,1.0,0.0
2020-03-31,95.12,105.74,94.64,102.9,3265539,1.0,0.0
2020-04-01,96.94,100.43,92.14,95.98,2111959,1.0,0.0
2020-04-02,95.34,103.5,93.25,96.16,2132758,1.0,0.0
2020-04-03,92.33,93.76,86.69,91.07,2358991,1.0,0.0
2020-04-06,97.08,104.25,97.0,103.18,2261289,1.0,0.0
2020-04-07,111.02,111.99,104.01,107.93,2470714,1.0,0.0
2020-04-08,109.08,114.94,107.31,111.64,1520284,1.0,0.0
2020-04-09,113.12,114.84,103.65,107.71,2607923,1.0,0.0
2020-04-13,103.37,104.9,100.13,103.76,1531038,1.0,0.0
2020-04-14,107.0,109.82,105.15,108.64,1340214,1.0,0.0
2020-04-15,103.56,104.96,100.2,103.79,1652514,1.0,0.0
2020-04-16,103.37,103.97,94.8,98.55,2715999,1.0,0.0
2020-04-17,102.18,106.2,100.51,105.05,2060752,1.0,0.0
2020-04-20,101.89,104.9,98.32,100.6,1947843,1.0,0.0
2020-04-21,97.16,99.25,96.18,97.67,1228107,1.0,0.0
2020-04-22,101.78,101.79,99.05,100.62,1170874,1.0,0.0
2020-04-23,102.2,105.05,100.22,103.73,1415669,1.0,0.0
2020-04-24,105.42,107.3,102.24,106.05,960085,1.0,0.0
2020-04-27,105.54,111.98,105.02,111.03,1483525,1.0,0.0
2020-04-28,115.73,118.79,112.79,116.55,2027598,1.0,0.0
2020-04-29,121.11,128.41,120.03,127.98,2310126,1.0,0.0
2020-04-30,126.22,130.99,120.5,128.5,2689178,1.0,0.0
2020-05-01,125.55,125.93,118.35,119.28,1934816,1.0,0.0
2020-05-04,116.14,117.61,112.01,116.75,1290984,1.0,0.0
2020-05-05,119.41,122.35,113.63,113.87,1189462,1.0,0.0
2020-05-06,114.33,116.34,110.71,110.81,878744,1.0,0.0
2020-05-07,112.86,115.75,111.63,112.73,1039229,1.0,0.0
2020-05-08,115.16,119.78,113.5,119.58,900600,1.0,0.0
2020-05-11,117.08,119.03,114.8,116.52,900518,1.0,0.0
2020-05-12,117.12,117.3,110.08,110.18,996516,1.0,0.0
2020-05-13,109.95,111.15,106.5,108.77,1166165,1.0,0.0
2020-05-14,107.3,116.24,105.26,116.06,1727697,1.0,0.0
2020-05-15,114.51,118.95,113.33,118.57,1468327,1.0,0.0
2020-05-18,126.3,133.01,125.12,129.33,2404065,1.0,0.0
2020-05-19,128.01,129.46,124.59,124.75,1151281,1.0,0.0
2020-05-20,128.46,129.58,126.05,128.02,1217290,1.0,0.0
2020-05-21,128.42,129.89,126.25,127.72,672451,1.0,0.0
2020-05-22,127.76,131.61,126.57,130.56,914648,1.0,0.0
2020-05-26,135.5,140.4,135.25,137.17,1634384,1.0,0.0
2020-05-27,141.63,143.7,137.26,140.48,2192660,1.0,0.0
2020-05-28,142.11,142.11,136.52,137.62,1329997,1.0,0.0
2020-05-29,135.37,141.3,134.39,138.89,1540830,1.0,0.0
2020-06-01,138.95,141.91,137.3,139.96,763628,1.0,0.0
2020-06-02,142.0,144.28,141.15,143.13,1062233,1.0,0.0
2020-06-03,145.35,150.87,145.3,149.79,1227077,1.0,0.0
2020-06-04,148.94,153.95,147.06,151.38,1509258,1.0,0.0
2020-06-05,160.04,165.87,159.32,161.36,3124081,1.0,0.0
2020-06-08,162.66,165.8,156.43,158.28,1930843,1.0,0.0
2020-06-09,154.41,161.6,152.5,158.25,1435527,1.0,0.0
2020-06-10,158.22,158.91,153.6,155.6,1498712,1.0,0.0
2020-06-11,144.14,148.0,141.79,142.05,2001974,1.0,0.0
2020-06-12,149.25,149.44,139.37,143.49,1315366,1.0,0.0
2020-06-15,136.85,147.8,136.51,147.04,1110180,1.0,0.0
2020-06-16,157.5,161.06,154.68,158.29,2592005,1.0,0.0
2020-06-17,157.84,158.04,154.68,155.56,1250391,1.0,0.0
2020-06-18,154.8,156.59,152.76,153.81,1407772,1.0,0.0
2020-06-19,157.6,158.47,152.4,155.51,1981367,1.0,0.0
2020-06-22,154.46,157.53,152.74,157.11,1235828,1.0,0.0
2020-06-23,158.02,158.68,153.94,153.98,1146573,1.0,0.0
2020-06-24,152.26,152.28,142.27,142.43,2149649,1.0,0.0
2020-06-25,141.28,144.98,139.1,144.34,1347969,1.0,0.0
2020-06-26,143.3,144.02,139.95,140.4,2392526,1.0,0.0
2020-06-29,143.11,148.36,141.83,147.72,1164368,1.0,0.0
2020-06-30,147.07,149.72,146.32,149.04,866986,1.0,0.0
2020-07-01,150.0,151.67,145.4,145.8,950227,1.0,0.0
2020-07-02,149.31,152.88,147.08,147.91,1019171,1.0,0.0
2020-07-06,150.84,152.25,149.5,150.74,769616,1.0,0.0
2020-07-07,149.12,151.96,147.5,147.57,935317,1.0,0.0
2020-07-08,147.32,149.36,145.1,148.65,769757,1.0,0.0
2020-07-09,149.03,149.87,142.01,143.66,847185,1.0,0.0
2020-07-10,143.96,148.93,143.71,147.83,921363,1.0,0.0
2020-07-13,151.13,155.39,149.16,152.2,1256512,1.0,0.0
2020-07-14,151.16,157.72,149.64,157.15,949136,1.0,0.0
2020-07-15,160.29,161.95,157.46,160.8,987443,1.0,0.0
2020-07-16,160.08,162.59,157.64,158.44,785712,1.0,0.0
2020-07-17,159.46,160.48,157.75,159.08,608707,1.0,0.0
2020-07-20,158.0,159.5,156.49,157.24,517372,1.0,0.0
2020-07-21,159.15,163.08,158.89,160.3,824636,1.0,0.0
2020-07-22,158.88,163.2,158.88,162.75,832048,1.0,0.0
2020-07-23,162.83,165.845,161.58,163.49,763355,1.0,0.0
2020-07-24,163.61,164.44,160.8,160.88,632400,1.0,0.0
2020-07-27,160.07,163.9,159.24,163.29,865425,1.0,0.0
2020-07-28,161.24,162.29,157.7,158.33,760045,1.0,0.0
2020-07-29,158.69,163.59,158.48,163.42,1060816,1.0,0.0
2020-07-30,161.36,161.79,153.765,156.91,1861253,1.0,0.0
2020-07-31,157.35,157.35,151.41,155.37,1198446,1.0,0.0
2020-08-03,156.7,159.98,155.4,159.63,770350,1.0,0.0
2020-08-04,159.15,162.36,158.8101,160.84,714341,1.0,0.0
2020-08-05,162.5,169.94,161.5401,169.56,1119760,1.0,0.0
2020-08-06,169.22,169.87,167.225,168.65,657886,1.0,0.0
2020-08-07,167.74,174.11,167.64,173.59,875352,1.0,0.0
2020-08-10,174.15,184.21,174.15,181.26,1279541,1.0,0.0
2020-08-11,183.32,186.78,174.86,175.62,1644252,1.0,0.0
2020-08-12,178.03,180.51,176.1945,178.6,588666,1.0,0.0
2020-08-13,178.13,181.93,177.6332,178.37,676427,1.0,0.0
2020-08-14,177.79,181.745,176.91,179.33,677871,1.0,0.0
2020-08-17,179.21,181.33,178.73,179.08,480717,1.0,0.0
2020-08-18,179.02,179.45,176.2229,176.56,483273,1.0,0.0
2020-08-19,176.23,177.98,174.92,175.43,804423,1.0,0.0
2020-08-20,172.64,175.7,172.09,174.55,584901,1.0,0.0
2020-08-21,174.85,176.15,173.69,175.06,464766,1.0,0.0
2020-08-24,177.38,180.35,175.42,176.97,1076664,1.0,0.0
2020-08-25,178.07,179.91,174.9515,176.82,421440,1.0,0.0
2020-08-26,175.68,178.69,174.005,177.59,608587,1.0,0.0
2020-08-27,178.0,180.0,177.28,179.02,518192,1.0,0.0
2020-08-28,179.49,182.79,178.89,182.53,516913,1.0,0.0
2020-08-31,181.85,182.47,176.97,177.05,695340,1.0,0.0
2020-09-01,176.02,183.21,175.2904,182.54,935867,1.0,0.0
2020-09-02,182.49,185.29,177.75,184.58,788752,1.0,0.0
2020-09-03,183.0,183.61,171.66,174.39,1006755,1.0,0.0
2020-09-04,177.69,179.29,170.665,176.43,966520,1.0,0.0
2020-09-08,171.61,176.31,168.5,172.37,912266,1.0,0.0
2020-09-09,174.89,177.41,173.9,175.89,797651,1.0,0.0
2020-09-10,176.9,177.14,171.4,171.96,808105,1.0,0.0
2020-09-11,173.46,175.35,172.2206,174.63,445365,1.0,0.0
2020-09-14,177.49,178.3,174.91,176.58,432193,1.0,0.0
2020-09-15,177.92,178.97,175.27,176.56,623789,1.0,0.0
2020-09-16,177.19,183.1,175.43,181.55,807710,1.0,0.0
2020-09-17,178.28,184.0,175.89,180.78,859144,1.0,0.0
2020-09-18,180.06,181.44,173.59,176.2,1305146,1.0,0.0
2020-09-21,171.2,172.05,164.29,167.48,746433,1.0,0.0
2020-09-22,167.7,168.75,165.32,167.97,586064,1.0,0.0
2020-09-23,168.32,170.99,161.745,161.98,828725,1.0,0.0
2020-09-24,161.25,168.03,159.01,166.63,1068178,1.0,0.0
2020-09-25,164.91,169.69,164.31,168.14,545151,1.0,0.0
2020-09-28,172.13,178.6406,170.99,175.73,782784,1.0,0.0
2020-09-29,174.89,176.62,171.5,174.21,602130,1.0,0.0
2020-09-30,175.56,179.45,171.75,174.5,800905,1.0,0.0
2020-10-01,176.58,176.58,171.88,175.35,911547,1.0,0.0
2020-10-02,171.75,186.24,171.75,185.02,1159129,1.0,0.0
2020-10-05,187.2,198.62,186.6,197.7,1540066,1.0,0.0
2020-10-06,197.97,200.65,193.47,193.87,1171222,1.0,0.0
2020-10-07,197.82,201.51,196.08,198.96,770496,1.0,0.0
2020-10-08,201.0,201.9977,197.04,199.49,609041,1.0,0.0
2020-10-09,201.15,203.57,195.93,196.94,819247,1.0,0.0
2020-10-12,197.54,200.36,194.18,199.1,665422,1.0,0.0
2020-10-13,196.65,197.26,192.12,194.27,780425,1.0,0.0
2020-10-14,196.16,197.0,187.79,188.13,1045194,1.0,0.0
2020-10-15,186.59,189.5,185.433,188.43,783844,1.0,0.0
2020-10-16,189.71,196.05,188.571,192.94,806438,1.0,0.0
2020-10-19,191.01,194.8,186.66,187.44,668467,1.0,0.0
2020-10-20,189.6,192.49,188.77,189.32,576636,1.0,0.0
2020-10-21,188.44,190.95,185.57,186.87,551971,1.0,0.0
2020-10-22,186.54,189.28,184.02,185.4,686481,1.0,0.0
2020-10-23,187.92,189.09,184.09,188.24,519101,1.0,0.0
2020-10-26,184.63,185.285,179.41,182.12,551318,1.0,0.0
2020-10-27,182.45,182.45,174.75,174.81,1015099,1.0,0.0
2020-10-28,169.0,172.84,167.25,170.73,1153826,1.0,0.0
2020-10-29,175.49,176.98,169.27,173.22,1151537,1.0,0.0
2020-10-30,171.91,179.3754,170.14,178.29,1234404,1.0,0.0
2020-11-02,181.0,192.96,180.57,192.67,1327420,1.0,0.0
2020-11-03,197.0,202.94,195.19,201.45,1425694,1.0,0.0
2020-11-04,188.05,190.0,178.85,179.19,2760248,1.0,0.0
2020-11-05,185.0,191.99,183.01,188.47,1404555,1.0,0.0
2020-11-06,188.47,194.85,187.979,191.46,801353,1.0,0.0
2020-11-09,205.02,213.0,202.35,205.82,1330501,1.0,0.0
2020-11-10,205.08,212.8,205.08,209.27,801957,1.0,0.0
2020-11-11,209.97,210.23,203.47,207.25,477046,1.0,0.0
2020-11-12,204.56,205.27,198.74,201.92,568117,1.0,0.0
2020-11-13,205.3,209.48,204.15,207.27,634693,1.0,0.0
2020-11-16,211.27,217.88,207.84,217.83,1315783,1.0,0.0
2020-11-17,214.0,216.447,211.28,214.62,641795,1.0,0.0
2020-11-18,216.0,220.813,214.09,216.25,1103495,1.0,0.0
2020-11-19,214.47,217.1,209.16,217.0,779284,1.0,0.0
2020-11-20,222.84,223.89,218.59,219.8,1023279,1.0,0.0
2020-11-23,223.56,227.81,221.93,226.31,830731,1.0,0.0
2020-11-24,230.46,240.26,229.0,237.91,1169246,1.0,0.0
2020-11-25,235.11,235.9,228.36,230.46,760108,1.0,0.0
2020-11-27,230.19,234.55,230.19,232.91,336729,1.0,0.0
2020-11-30,231.72,232.0,226.06,226.98,1273655,1.0,0.0
2020-12-01,232.98,236.12,230.68,233.64,787608,1.0,0.0
2020-12-02,232.6,233.8,228.97,231.4,651525,1.0,0.0
2020-12-03,231.61,238.51,230.925,236.95,858087,1.0,0.0
2020-12-04,239.3,245.81,238.605,245.62,783564,1.0,0.0
2020-12-07,243.45,246.59,241.04,246.48,652231,1.0,0.0
2020-12-08,244.64,249.59,241.28,243.0,718817,1.0,0.0
2020-12-09,249.6,249.6,243.98,246.75,874464,1.0,0.0
2020-12-10,243.76,244.94,239.36,241.98,754761,1.0,0.0
2020-12-11,240.18,243.58,239.15,240.76,728452,1.0,0.0
2020-12-14,245.09,245.09,238.52,238.89,650117,1.0,0.0
2020-12-15,231.73,239.67,231.01,238.98,770147,1.0,0.0
2020-12-16,240.42,240.42,230.27,232.49,886818,1.0,0.0
2020-12-17,229.68,232.5156,226.6,229.16,1090786,1.0,0.0
2020-12-18,228.68,229.95,224.695,227.54,1231894,1.0,0.0
2020-12-21,221.22,231.25,217.39,229.55,752203,1.0,0.0
2020-12-22,231.05,231.28,223.74,227.39,515772,1.0,0.0
2020-12-23,229.86,231.99,227.72,230.93,581150,1.0,0.0
2020-12-24,230.67,233.155,228.95,232.62,213247,1.0,0.0
2020-12-28,233.41,234.5078,226.57,226.99,446905,1.0,0.0
2020-12-29,227.59,229.37,223.72,226.43,485874,1.0,0.0
2020-12-30,227.86,231.18,227.5,230.06,327910,1.0,0.0
2020-12-31,229.73,233.83,228.0,231.91,523041,1.0,0.0
2021-01-04,234.0,236.3,224.52,229.65,967402,1.0,0.0
2021-01-05,229.2,239.4261,228.61,235.57,774645,1.0,0.0
2021-01-06,248.15,262.04,248.15,256.55,1988116,1.0,0.0
2021-01-07,261.33,267.59,259.05,264.68,1031144,1.0,0.0
2021-01-08,264.5,266.545,253.475,260.15,708118,1.0,0.0
2021-01-11,255.15,261.4455,255.0,257.45,445559,1.0,0.0
2021-01-12,259.18,264.09,257.81,262.14,712987,1.0,0.0
2021-01-13,260.8,261.45,253.64,254.45,678809,1.0,0.0
2021-01-14,258.77,264.4,255.02,260.37,661375,1.0,0.0
2021-01-15,256.76,258.42,250.61,255.14,658261,1.0,0.0
2021-01-19,260.0,266.59,259.565,260.83,763286,1.0,0.0
2021-01-20,263.8,264.2,258.61,260.2,495312,1.0,0.0
2021-01-21,260.01,261.79,258.0,259.22,426417,1.0,0.0
2021-01-22,255.37,259.75,254.5,258.59,481832,1.0,0.0
2021-01-25,256.51,261.99,251.93,253.52,670486,1.0,0.0
2021-01-26,257.39,257.5861,247.41,248.21,495834,1.0,0.0
2021-01-27,240.12,241.8199,228.22,236.27,1264440,1.0,0.0
2021-01-28,245.7,257.565,243.0,253.56,1172690,1.0,0.0
2021-01-29,251.63,251.88,238.5515,243.01,1117059,1.0,0.0
2021-02-01,247.92,254.21,245.0,253.28,710365,1.0,0.0
2021-02-02,257.72,261.94,249.75,250.67,749808,1.0,0.0
2021-02-03,252.34,255.39,248.07,250.8,514493,1.0,0.0
2021-02-04,252.79,260.45,251.25,259.83,712099,1.0,0.0
2021-02-05,261.0,266.67,261.0,265.73,617335,1.0,0.0
2021-02-08,267.47,274.12,266.73,272.23,741888,1.0,0.0
2021-02-09,270.04,278.86,267.27,277.28,710824,1.0,0.0
2021-02-10,279.72,285.03,275.53,276.83,841209,1.0,0.0
2021-02-11,277.85,282.96,274.58,279.82,645062,1.0,0.0
2021-02-12,279.8,287.23,279.12,286.22,494672,1.0,0.0
2021-02-16,290.0,293.47,288.08,288.08,1105735,1.0,0.0
2021-02-17,286.01,287.32,274.28,277.81,726746,1.0,0.0
2021-02-18,273.73,275.596,267.42,274.79,759054,1.0,0.0
2021-02-19,278.08,291.33,278.07,290.01,691942,1.0,0.0
2021-02-22,288.0,302.7,287.31,298.49,960078,1.0,0.0
2021-02-23,296.95,308.86,286.42,306.36,1292906,1.0,0.0
2021-02-24,310.0,321.94,307.78,312.52,1253861,1.0,0.0
2021-02-25,311.73,312.215,292.0,295.11,1275123,1.0,0.0
2021-02-26,298.54,301.55,285.0,297.38,1001354,1.0,0.0
2021-03-01,304.11,305.99,299.09,302.49,696025,1.0,0.0
2021-03-02,304.05,304.05,292.4151,293.42,694834,1.0,0.0
2021-03-03,294.62,302.695,293.075,294.93,644503,1.0,0.0
2021-03-04,294.55,303.095,282.7,288.6,1180411,1.0,0.0
2021-03-05,293.12,302.0975,282.2,300.96,733311,1.0,0.0
2021-03-08,303.91,308.14,300.4837,302.6,863076,1.0,0.0
2021-03-09,302.46,304.21,293.55,295.25,720500,1.0,0.0
2021-03-10,296.73,304.59,296.08,303.06,488501,1.0,0.0
2021-03-11,305.6,314.1,304.09,310.78,502312,1.0,0.0
2021-03-12,310.77,319.11,309.06,317.86,580345,1.0,0.0
2021-03-15,319.08,323.83,311.61,323.48,553351,1.0,0.0
2021-03-16,322.12,322.12,311.75,314.86,802068,1.0,0.0
2021-03-17,317.64,324.22,311.0,321.9,526697,1.0,0.0
2021-03-18,321.9,330.79,317.33,318.12,608098,1.0,0.0
2021-03-19,316.43,319.955,305.56,316.0,970021,1.0,0.0
2021-03-22,315.0,316.7205,308.53,311.48,603031,1.0,0.0
2021-03-23,308.11,310.305,297.5,299.93,774828,1.0,0.0
2021-03-24,308.99,313.1,304.89,305.41,607688,1.0,0.0
2021-03-25,304.14,315.65,299.82,314.24,655857,1.0,0.0
2021-03-26,318.27,330.17,315.5,329.86,840095,1.0,0.0
2021-03-29,329.5,335.59,322.72,324.47,903055,1.0,0.0
2021-03-30,324.72,336.32,324.72,333.21,1181868,1.0,0.0
2021-03-31,334.0,339.717,325.81,329.31,1398317,1.0,0.0
2021-04-01,331.51,334.29,324.27,331.71,771784,1.0,0.0
2021-04-05,337.0,338.49,330.94,331.53,590903,1.0,0.0
2021-04-06,331.0,341.0,323.775,325.43,835725,1.0,0.0
2021-04-07,326.0,326.5,319.12,322.0,730229,1.0,0.0
2021-04-08,320.96,324.24,313.52,321.25,620065,1.0,0.0
2021-04-09,321.0,325.12,317.46,324.71,575940,1.0,0.0
2021-04-12,326.61,328.96,323.32,327.87,506323,1.0,0.0
2021-04-13,324.21,326.58,316.67,325.57,477565,1.0,0.0
2021-04-14,325.28,331.625,324.15,325.06,716122,1.0,0.0
2021-04-15,328.22,328.22,319.56,325.39,592601,1.0,0.0
2021-04-16,329.63,332.41,325.32,328.14,765590,1.0,0.0
2021-04-19,325.39,326.47,318.8252,324.59,779550,1.0,0.0
2021-04-20,322.3,322.3,304.3,310.74,908904,1.0,0.0
2021-04-21,308.15,316.97,304.66,316.75,730807,1.0,0.0
2021-04-22,318.8,320.0,309.73,309.99,851649,1.0,0.0
2021-04-23,313.77,320.55,311.45,318.94,716597,1.0,0.0
2021-04-26,320.43,326.51,320.395,324.97,547894,1.0,0.0
2021-04-27,322.72,325.09,318.01,324.82,606560,1.0,0.0
2021-04-28,323.55,327.89,322.48,324.85,545445,1.0,0.0
2021-04-29,331.31,331.31,315.93,327.33,823050,1.0,0.0
2021-04-30,323.24,326.42,319.49,319.95,559756,1.0,0.0
2021-05-03,324.58,328.51,319.505,321.8,457473,1.0,0.0
2021-05-04,321.03,330.655,317.43,329.95,849944,1.0,0.0
2021-05-05,330.75,336.76,324.1,332.71,706600,1.0,0.0
2021-05-06,332.71,342.96,331.76,342.58,699642,1.0,0.0
2021-05-07,341.88,348.41,336.77,347.33,531906,1.0,0.0
2021-05-10,348.5,354.6,346.78,348.14,796032,1.0,0.0
2021-05-11,342.25,345.3284,335.99,340.33,697353,1.0,0.0
2021-05-12,340.34,343.2899,328.02,329.29,584717,1.0,0.0
2021-05-13,330.59,339.25,328.17,333.06,573504,1.0,0.0
2021-05-14,337.16,343.28,334.67,341.79,477883,1.0,0.0
2021-05-17,339.83,341.84,333.48,341.04,356255,1.0,0.0
2021-05-18,340.35,341.62,331.12,331.33,438253,1.0,0.0
2021-05-19,325.64,325.64,315.28,321.34,981437,1.0,0.0
2021-05-20,321.63,322.93,314.31,319.31,711614,1.0,0.0
2021-05-21,322.78,327.0,318.705,321.45,534339,1.0,0.0
2021-05-24,323.23,327.85,318.94,325.92,417387,1.0,0.0
2021-05-25,328.63,332.65,323.69,324.38,569720,1.0,0.0
2021-05-26,322.64,327.6,322.36,326.82,537890,1.0,0.0
2021-05-27,332.9,335.25,329.96,333.63,953384,1.0,0.0
2021-05-28,333.59,336.05,328.12,333.96,547467,1.0,0.0
2021-06-01,338.61,341.25,337.66,339.45,544086,1.0,0.0
2021-06-02,339.44,339.44,334.98,338.47,773983,1.0,0.0
2021-06-03,337.61,340.85,332.75,336.12,596639,1.0,0.0
2021-06-04,336.34,337.74,328.1,332.07,474813,1.0,0.0
2021-06-07,333.68,334.18,315.0,316.02,1189173,1.0,0.0
2021-06-08,316.1,326.1,313.37,324.24,734260,1.0,0.0
2021-06-09,321.84,323.94,313.02,314.71,709380,1.0,0.0
2021-06-10,318.77,320.6,302.74,303.32,1339462,1.0,0.0
2021-06-11,304.31,308.47,302.03,305.34,963305,1.0,0.0
2021-06-14,304.17,306.65,298.555,302.98,913703,1.0,0.0
2021-06-15,304.49,310.67,303.41,309.83,739580,1.0,0.0
2021-06-16,307.59,310.015,302.78,307.02,719713,1.0,0.0
2021-06-17,308.0,309.88,289.9,294.18,1045509,1.0,0.0
2021-06-18,287.05,291.32,285.59,288.95,1463989,1.0,0.0
2021-06-21,293.35,301.89,292.45,299.21,677090,1.0,0.0
2021-06-22,300.77,304.69,294.79,303.75,711469,1.0,0.0
2021-06-23,310.0,313.97,307.361,308.12,835990,1.0,0.0
2021-06-24,310.52,320.6463,309.51,316.8,1151280,1.0,0.0
2021-06-25,325.83,325.83,312.37,312.97,1512405,1.0,0.0
2021-06-28,313.18,319.0,307.65,318.05,926632,1.0,0.0
2021-06-29,319.7,323.54,314.59,315.02,625219,1.0,0.0
2021-06-30,313.15,320.0,312.515,319.01,708057,1.0,0.0
2021-07-01,323.2,324.43,319.445,321.35,593348,1.0,0.0
2021-07-02,319.77,322.41,318.67,319.57,459732,1.0,0.0
2021-07-06,319.79,320.0,307.75,311.43,888733,1.0,0.0
2021-07-07,310.0,315.3,307.07,312.79,592649,1.0,0.0
2021-07-08,304.1,311.81,300.07,306.22,927078,1.0,0.0
2021-07-09,312.5,317.87,311.6624,317.48,861059,1.0,0.0
2021-07-12,315.2,322.99,313.89,321.59,870074,1.0,0.0
2021-07-13,319.74,320.635,314.31,314.45,598499,1.0,0.0
2021-07-14,316.29,318.79,310.22,312.59,463808,1.0,0.0
2021-07-15,310.1,318.49,309.735,314.71,683998,1.0,0.0
2021-07-16,317.66,317.9572,304.16,306.08,868393,1.0,0.0
2021-07-19,297.63,299.65,291.3901,298.85,978363,1.0,0.0
2021-07-20,297.91,313.03,296.495,311.6,711428,1.0,0.0
2021-07-21,315.4,323.88,314.74,323.19,982225,1.0,0.0
2021-07-22,322.42,323.65,316.78,319.97,583110,1.0,0.0
2021-07-23,322.11,325.1,318.255,324.06,543243,1.0,0.0
2021-07-26,324.63,329.5,324.05,327.91,677532,1.0,0.0
2021-07-27,326.2,332.23,323.27,326.75,607129,1.0,0.0
2021-07-28,328.0,331.51,320.85,325.89,973354,1.0,0.0
2021-07-29,317.52,325.7,308.47,322.46,1751156,1.0,0.0
2021-07-30,319.64,332.15,319.23,329.55,703840,1.0,0.0
2021-08-02,332.65,336.33,325.49,326.27,1014173,1.0,0.0
2021-08-03,327.69,338.69,323.03,338.23,777353,1.0,0.0
2021-08-04,335.14,335.18,323.42,323.67,630353,1.0,0.0
2021-08-05,326.13,331.0,324.44,325.39,341756,1.0,0.0
2021-08-06,330.0,332.1899,326.24,331.45,370999,1.0,0.0
2021-08-09,331.34,336.31,326.24,332.84,367865,1.0,0.0
2021-08-10,332.53,342.64,330.15,340.54,510105,1.0,0.0
2021-08-11,344.0,357.85,341.15,357.5,1052588,1.0,0.0
2021-08-12,359.3,364.2999,356.64,361.34,992311,1.0,0.0
2021-08-13,360.44,361.33,350.97,353.11,550108,1.0,0.0
2021-08-16,349.8,352.86,345.67,351.21,413301,1.0,0.0
2021-08-17,348.35,348.715,340.04,345.1,573978,1.0,0.0
2021-08-18,342.28,349.9,339.63,340.16,407520,1.0,0.0
2021-08-19,332.3,336.35,329.0544,331.44,498323,1.0,0.0
2021-08-20,329.78,332.61,324.8,330.13,486790,1.0,0.0
2021-08-23,333.47,339.41,331.71,338.0,498409,1.0,0.0
2021-08-24,339.24,346.21,338.99,343.91,335067,1.0,0.0
2021-08-25,345.48,354.0289,344.48,350.37,411376,1.0,0.0
2021-08-26,351.25,352.55,346.225,347.64,349547,1.0,0.0
2021-08-27,349.62,356.78,348.815,355.22,476113,1.0,0.0
2021-08-30,357.39,357.45,351.96,354.35,311320,1.0,0.0
2021-08-31,355.07,356.54,351.76,352.65,519674,1.0,0.0
2021-09-01,352.38,353.74,343.71,347.33,493806,1.0,0.0
2021-09-02,350.74,356.6,348.5,353.75,362959,1.0,0.0
2021-09-03,352.1,353.12,346.68,351.37,366777,1.0,0.0
2021-09-07,348.91,350.79,345.52,345.75,380393,1.0,0.0
2021-09-08,343.67,345.335,336.16,339.71,574351,1.0,0.0
2021-09-09,338.7,346.42,338.22,342.08,523581,1.0,0.0
2021-09-10,346.38,347.6,340.53,341.29,409539,1.0,0.0
2021-09-13,344.0,346.87,340.14,343.47,541358,1.0,0.0
2021-09-14,346.02,346.02,328.0,331.3,518698,1.0,0.0
2021-09-15,331.0,342.47,330.15,341.6,479308,1.0,0.0
2021-09-16,343.81,354.39,342.88,346.2,702847,1.0,0.0
2021-09-17,343.5,349.13,337.98,341.46,920031,1.0,0.0
2021-09-20,329.36,333.705,323.92,329.62,675231,1.0,0.0
2021-09-21,334.8,334.99,325.4127,330.26,567436,1.0,0.0
2021-09-22,337.0,349.36,334.9607,345.9,1080312,1.0,0.0
2021-09-23,348.17,361.54,346.04,355.27,884626,1.0,0.0
2021-09-24,354.13,361.0,353.67,356.51,440917,1.0,0.0
2021-09-27,356.68,369.17,356.68,365.84,543509,1.0,0.0
2021-09-28,366.55,369.22,358.25,362.83,659573,1.0,0.0
2021-09-29,366.91,366.91,359.8,362.09,469698,1.0,0.0
2021-09-30,362.16,363.3,350.65,350.93,807868,1.0,0.0
2021-10-01,351.0,361.19,350.06,358.15,927940,1.0,0.0
2021-10-04,355.62,357.295,346.01,348.76,611859,1.0,0.0
2021-10-05,352.75,357.88,346.05,353.05,858705,1.0,0.0
2021-10-06,347.0,352.885,340.5901,346.67,727516,1.0,0.0
2021-10-07,351.96,357.55,350.22,352.43,523371,1.0,0.0
2021-10-08,348.98,352.19,342.38,342.56,426576,1.0,0.0
2021-10-11,342.5,349.58,341.73,342.91,443081,1.0,0.0
2021-10-12,345.33,347.315,340.88,342.72,386412,1.0,0.0
2021-10-13,342.79,347.35,336.97,339.45,387904,1.0,0.0
2021-10-14,344.28,353.18,343.06,352.34,418608,1.0,0.0
2021-10-15,357.01,359.73,348.57,349.34,606631,1.0,0.0
2021-10-18,346.66,351.135,344.08,350.27,422376,1.0,0.0
2021-10-19,351.5,357.37,350.2,353.44,349541,1.0,0.0
2021-10-20,352.41,367.66,351.32,365.92,622826,1.0,0.0
2021-10-21,362.36,366.65,359.16,365.4,370048,1.0,0.0
2021-10-22,366.46,370.38,364.62,368.29,353732,1.0,0.0
2021-10-25,368.81,370.13,364.63,366.26,535125,1.0,0.0
2021-10-26,368.0,369.75,357.03,357.19,591535,1.0,0.0
2021-10-27,356.53,359.66,346.785,347.55,716656,1.0,0.0
2021-10-28,364.75,373.55,349.25,367.18,1300315,1.0,0.0
2021-10-29,369.69,380.17,368.46,379.11,1041654,1.0,0.0
2021-11-01,380.5,384.915,379.18,383.33,630565,1.0,0.0
2021-11-02,385.96,391.66,382.72,386.19,534897,1.0,0.0
2021-11-03,383.95,386.99,377.05,381.27,665051,1.0,0.0
2021-11-04,385.76,387.7509,380.93,385.97,487685,1.0,0.0
2021-11-05,389.73,396.97,389.1,391.96,475051,1.0,0.0
2021-11-08,411.36,414.99,392.51,392.79,1052542,1.0,0.0
2021-11-09,392.0,395.265,387.93,391.5,345663,1.0,0.0
2021-11-10,389.63,391.422,377.62,379.98,635462,1.0,0.0
2021-11-11,380.87,387.87,378.95,382.45,384680,1.0,0.0
2021-11-12,383.19,387.025,381.72,382.96,296463,1.0,0.0
2021-11-15,386.2,389.15,383.41,384.29,310307,1.0,0.0
2021-11-16,385.95,387.49,380.79,381.67,381250,1.0,0.0
2021-11-17,379.8,381.98,374.3,379.73,536035,1.0,0.0
2021-11-18,380.41,382.47,376.0,377.87,318369,1.0,0.0
2021-11-19,374.98,380.66,371.745,375.26,479899,1.0,0.0
2021-11-22,379.36,386.86,376.75,376.95,489302,1.0,0.0
2021-11-23,376.62,378.88,371.4,375.19,1009351,1.0,0.0
2021-11-24,371.8,376.94,371.01,373.89,361709,1.0,0.0
2021-11-26,360.52,364.66,354.26,362.23,542944,1.0,0.0
2021-11-29,367.37,368.9,356.42,357.02,658894,1.0,0.0
2021-11-30,354.07,355.49,338.04,338.74,1463094,1.0,0.0
2021-12-01,348.95,349.75,332.7,332.82,984538,1.0,0.0
2021-12-02,335.25,343.82,335.0,339.42,670585,1.0,0.0
2021-12-03,343.79,343.79,326.88,332.83,818665,1.0,0.0
2021-12-06,335.2,348.0,329.2,344.89,1518403,1.0,0.0
2021-12-07,354.34,364.48,352.01,356.75,852161,1.0,0.0
2021-12-08,356.64,361.02,356.04,356.96,544003,1.0,0.0
2021-12-09,361.0,362.1892,355.03,356.53,589161,1.0,0.0
2021-12-10,358.5,360.0,344.83,347.81,599965,1.0,0.0
2021-12-13,346.91,347.35,335.31,338.26,675253,1.0,0.0
2021-12-14,335.67,342.07,333.42,337.58,471115,1.0,0.0
2021-12-15,336.29,342.68,327.75,341.15,671150,1.0,0.0
2021-12-16,346.33,349.0395,335.335,337.47,522545,1.0,0.0
2021-12-17,336.99,337.5199,327.75,332.33,1148022,1.0,0.0
2021-12-20,325.81,326.04,316.62,321.98,752628,1.0,0.0
2021-12-21,315.55,330.19,315.0,328.95,623969,1.0,0.0
2021-12-22,329.9,331.84,323.29,325.67,598963,1.0,0.0
2021-12-23,327.87,335.855,327.87,331.73,372632,1.0,0.0
2021-12-27,333.0,333.5,328.55,333.5,382110,1.0,0.0
2021-12-28,333.29,337.57,331.18,333.57,254497,1.0,0.0
2021-12-29,334.87,336.11,332.5901,334.12,354547,1.0,0.0
2021-12-30,333.52,336.01,329.72,329.89,336590,1.0,0.0
2021-12-31,328.29,334.18,325.52,332.29,659714,1.0,0.0
2022-01-03,333.26,338.75,329.27,330.64,524415,1.0,0.0
2022-01-04,334.83,349.139,333.3,347.09,698777,1.0,0.0
2022-01-05,347.3,351.5,333.2461,335.02,801233,1.0,0.0
2022-01-06,337.96,338.59,330.78,335.17,536955,1.0,0.0
2022-01-07,335.1,338.72,325.59,325.98,796064,1.0,0.0
2022-01-10,327.63,328.19,316.75,322.21,794695,1.0,0.0
2022-01-11,323.03,334.76,315.68,333.99,883451,1.0,0.0
2022-01-12,338.28,345.0,331.3,331.95,1031245,1.0,0.0
2022-01-13,333.92,345.275,333.92,336.21,731827,1.0,0.0
2022-01-14,333.53,335.77,322.87,327.82,589018,1.0,0.0
2022-01-18,323.58,324.95,313.85,314.2,759675,1.0,0.0
2022-01-19,317.59,317.6,307.04,307.3,655352,1.0,0.0
2022-01-20,309.69,317.6,306.23,307.11,732632,1.0,0.0
2022-01-21,302.33,309.45,294.9601,297.17,938064,1.0,0.0
2022-01-24,288.44,312.975,286.86,312.19,1302227,1.0,0.0
2022-01-25,305.04,313.655,301.1583,308.4,1170515,1.0,0.0
2022-01-26,313.33,319.86,303.54,307.76,977026,1.0,0.0
2022-01-27,329.8,329.8,313.14,319.8,1967175,1.0,0.0
2022-01-28,317.61,321.025,305.84,317.77,1093485,1.0,0.0
2022-01-31,315.45,320.772,315.0,320.12,817688,1.0,0.0
2022-02-01,317.49,330.07,317.49,330.01,839889,1.0,0.0
2022-02-02,330.03,333.5,323.89,326.22,905610,1.0,0.0
2022-02-03,321.53,328.135,321.53,324.43,832929,1.0,0.0
2022-02-04,322.9,325.43,312.0,312.29,758514,1.0,0.0
2022-02-07,315.0,317.89,312.69,315.78,516184,1.0,0.0
2022-02-08,318.37,324.55,316.76,323.39,544757,1.0,0.0
2022-02-09,328.45,335.04,326.96,334.19,532740,1.0,0.0
2022-02-10,329.89,335.2391,322.98,325.68,605997,1.0,0.0
2022-02-11,325.08,327.065,308.44,312.91,831264,1.0,0.0
2022-02-14,310.49,318.93,310.29,313.25,609916,1.0,0.0
2022-02-15,317.03,323.56,314.22,322.87,762278,1.0,0.0
2022-02-16,320.56,326.62,320.51,325.12,456956,1.0,0.0
2022-02-17,321.51,324.37,313.36,314.21,433721,1.0,0.0
2022-02-18,313.92,318.6599,310.33,311.82,392519,1.0,0.0
2022-02-22,310.0,316.045,308.3856,312.32,620779,1.0,0.0
2022-02-23,315.46,317.25,298.55,299.2,817651,1.0,0.0
2022-02-24,288.96,308.895,288.37,308.32,754243,1.0,0.0
2022-02-25,309.0,317.49,307.22,316.31,516638,1.0,0.0
2022-02-28,312.47,322.21,311.55,321.62,669718,1.0,0.0
2022-03-01,320.05,320.9799,310.0,313.04,629234,1.0,0.0
2022-03-02,316.45,329.66,315.72,326.31,491256,1.0,0.0
2022-03-03,329.32,330.985,322.3712,328.64,618405,1.0,0.0
2022-03-04,324.81,326.08,312.31,316.51,654897,1.0,0.0
2022-03-07,317.86,317.86,295.5,298.24,999785,1.0,0.0
2022-03-08,301.94,320.3,301.94,310.68,904607,1.0,0.0
2022-03-09,318.99,320.9899,314.08,315.79,704803,1.0,0.0
2022-03-10,312.48,322.34,311.19,321.25,439239,1.0,0.0
2022-03-11,327.49,330.795,322.45,322.75,462855,1.0,0.0
2022-03-14,324.22,331.045,318.345,320.26,801405,1.0,0.0
2022-03-15,321.0,331.13,320.3,328.35,573764,1.0,0.0
2022-03-16,329.76,340.495,329.76,337.56,831442,1.0,0.0
2022-03-17,333.56,348.3,333.06,346.77,907702,1.0,0.0
2022-03-18,342.44,349.46,341.88,346.24,666932,1.0,0.0
2022-03-21,346.25,348.95,343.405,347.8,607504,1.0,0.0
2022-03-22,350.0,358.08,349.55,356.36,698009,1.0,0.0
2022-03-23,355.0,361.17,352.01,354.43,795814,1.0,0.0
2022-03-24,356.25,359.58,352.07,358.98,559598,1.0,0.0
2022-03-25,360.01,364.4999,358.83,363.67,596963,1.0,0.0
2022-03-28,362.44,363.55,356.42,363.4,397875,1.0,0.0
2022-03-29,367.16,368.61,356.6686,365.2,611263,1.0,0.0
2022-03-30,363.38,366.74,357.65,359.19,638470,1.0,0.0
2022-03-31,359.43,365.28,355.16,355.21,705264,1.0,0.0
2022-04-01,358.75,361.545,350.58,354.0,465958,1.0,0.0
2022-04-04,353.45,353.515,348.6,349.9,592914,1.0,0.0
2022-04-05,348.85,350.22,340.71,342.22,608667,1.0,0.0
2022-04-06,336.25,337.0,320.96,325.47,1250032,1.0,0.0
2022-04-07,325.43,326.6,317.815,320.92,816226,1.0,0.0
2022-04-08,319.38,324.66,316.15,317.05,802724,1.0,0.0
2022-04-11,314.05,324.03,312.13,316.03,632506,1.0,0.0
2022-04-12,318.75,327.017,315.51,318.8,538394,1.0,0.0
2022-04-13,319.61,325.46,318.06,324.75,370805,1.0,0.0
2022-04-14,326.12,334.55,326.12,331.07,526530,1.0,0.0
2022-04-18,330.0,341.89,330.0,339.55,679675,1.0,0.0
2022-04-19,340.21,352.235,340.0,351.48,613264,1.0,0.0
2022-04-20,355.46,359.86,351.81,353.09,553320,1.0,0.0
2022-04-21,359.03,359.79,335.87,337.72,914178,1.0,0.0
2022-04-22,334.14,336.35,314.33,314.67,976286,1.0,0.0
2022-04-25,308.96,315.26,301.8,313.28,1200470,1.0,0.0
2022-04-26,309.48,311.91,300.74,302.26,856662,1.0,0.0
2022-04-27,301.76,310.65,300.09,309.62,1030383,1.0,0.0
2022-04-28,321.45,324.0,305.58,318.5,1248622,1.0,0.0
2022-04-29,317.82,321.115,314.91,316.52,924832,1.0,0.0
2022-05-02,316.08,316.795,296.76,307.03,1183062,1.0,0.0
2022-05-03,307.39,315.53,307.39,312.45,599035,1.0,0.0
2022-05-04,314.36,321.25,302.38,320.51,967535,1.0,0.0
2022-05-05,314.98,318.55,298.4,303.2,1013092,1.0,0.0
2022-05-06,300.41,302.65,288.25,295.46,960452,1.0,0.0
2022-05-09,290.0,303.36,286.0,286.82,1463425,1.0,0.0
2022-05-10,291.24,299.65,285.61,293.69,1124221,1.0,0.0
2022-05-11,291.0,298.27,280.46,280.82,894742,1.0,0.0
2022-05-12,276.86,283.03,269.37,283.02,1363846,1.0,0.0
2022-05-13,285.55,293.48,285.31,288.44,566514,1.0,0.0
2022-05-16,286.14,287.62,280.2,282.93,514527,1.0,0.0
2022-05-17,292.2,296.25,286.41,290.46,524415,1.0,0.0
2022-05-18,287.75,292.9,272.7,273.4,877513,1.0,0.0
2022-05-19,269.14,278.57,268.5314,272.61,686148,1.0,0.0
2022-05-20,276.17,276.78,262.76,269.92,844649,1.0,0.0
2022-05-23,272.67,275.75,267.62,274.15,862974,1.0,0.0
2022-05-24,271.5,272.05,263.05,267.74,698823,1.0,0.0
2022-05-25,267.3,276.93,264.97,275.82,618462,1.0,0.0
2022-05-26,280.84,286.07,279.934,284.84,747287,1.0,0.0
2022-05-27,288.85,297.63,288.77,297.46,611512,1.0,0.0
2022-05-31,292.29,299.56,291.29,298.18,1726608,1.0,0.0
2022-06-01,298.73,301.48,286.41,293.5,649319,1.0,0.0
2022-06-02,296.1,300.0,295.825,299.7,474114,1.0,0.0
2022-06-03,296.43,303.12,296.07,301.25,592009,1.0,0.0
2022-06-06,304.97,308.5,301.3,307.27,445154,1.0,0.0
2022-06-07,303.73,313.5,300.12,312.68,535567,1.0,0.0
2022-06-08,309.83,310.28,304.36,305.19,365876,1.0,0.0
2022-06-09,303.43,305.03,298.11,298.4,471594,1.0,0.0
2022-06-10,286.07,293.39,280.22,280.22,844421,1.0,0.0
2022-06-13,269.58,273.5,261.8,265.06,1072456,1.0,0.0
2022-06-14,264.58,268.94,257.97,260.12,846068,1.0,0.0
2022-06-15,263.14,270.58,260.895,265.96,781463,1.0,0.0
2022-06-16,256.96,256.96,243.12,245.54,1111868,1.0,0.0
2022-06-17,242.74,245.07,233.17,239.69,1470633,1.0,0.0
2022-06-21,243.5,249.68,240.6807,242.08,879702,1.0,0.0
2022-06-22,234.63,243.0,233.17,241.35,896910,1.0,0.0
2022-06-23,241.0,243.97,230.54,235.84,954721,1.0,0.0
2022-06-24,238.96,250.8148,237.44,248.29,1028346,1.0,0.0
2022-06-27,250.51,254.75,248.0,251.99,892320,1.0,0.0
2022-06-28,253.88,257.96,247.57,247.99,894157,1.0,0.0
2022-06-29,246.92,246.92,237.38,241.07,713426,1.0,0.0
2022-06-30,238.21,246.15,235.77,242.91,750040,1.0,0.0
2022-07-01,242.61,248.2,237.9,244.36,526729,1.0,0.0
2022-07-05,238.0,245.11,235.39,244.99,544479,1.0,0.0
2022-07-06,245.31,248.64,238.24,241.58,497162,1.0,0.0
2022-07-07,249.46,252.73,245.54,251.09,683705,1.0,0.0
2022-07-08,250.35,251.0,245.5701,248.86,398351,1.0,0.0
2022-07-11,245.72,249.53,242.48,249.33,646483,1.0,0.0
2022-07-12,247.65,255.61,247.3201,250.98,671355,1.0,0.0
2022-07-13,246.46,253.25,243.99,251.05,672271,1.0,0.0
2022-07-14,244.2,248.85,239.4,248.53,867248,1.0,0.0
2022-07-15,253.72,254.23,244.2,251.84,727884,1.0,0.0
2022-07-18,259.18,264.27,255.66,257.05,994050,1.0,0.0
2022-07-19,259.71,271.185,259.71,270.51,1041206,1.0,0.0
2022-07-20,271.0,277.165,269.34,275.64,1063588,1.0,0.0
2022-07-21,274.41,280.06,271.68,279.79,711753,1.0,0.0
2022-07-22,281.11,282.075,272.02,274.29,721479,1.0,0.0
2022-07-25,275.25,278.08,271.8034,277.83,499091,1.0,0.0
2022-07-26,275.53,278.64,272.98,276.21,627243,1.0,0.0
2022-07-27,276.42,288.18,276.42,287.23,1035032,1.0,0.0
2022-07-28,292.99,304.98,290.26,304.83,1276084,1.0,0.0
2022-07-29,308.0,325.9,307.4708,322.67,1502303,1.0,0.0
2022-08-01,314.86,322.65,307.18,319.68,922888,1.0,0.0
2022-08-02,317.4,321.7269,310.82,314.1,701021,1.0,0.0
2022-08-03,315.97,319.13,309.04,317.6,670437,1.0,0.0
2022-08-04,318.7,324.0799,315.29,319.21,535964,1.0,0.0
2022-08-05,314.0,324.6,313.07,323.43,510490,1.0,0.0
2022-08-08,324.19,329.23,320.01,322.14,409799,1.0,0.0
2022-08-09,321.01,322.48,317.245,319.89,518410,1.0,0.0
2022-08-10,329.62,330.7212,326.78,327.95,557970,1.0,0.0
2022-08-11,330.93,334.16,329.505,332.22,560729,1.0,0.0
2022-08-12,334.45,336.79,331.4,336.55,321274,1.0,0.0
2022-08-15,332.56,338.31,332.56,337.52,399782,1.0,0.0
2022-08-16,334.77,343.67,334.77,339.31,465571,1.0,0.0
2022-08-17,331.82,333.78,329.88,331.38,555211,1.0,0.0
2022-08-18,326.55,326.55,316.97,323.23,1028087,1.0,0.0
2022-08-19,319.06,320.75,314.13,316.69,676143,1.0,0.0
2022-08-22,312.2,315.39,306.84,307.55,567692,1.0,0.0
2022-08-23,306.5,313.52,306.5,307.01,634495,1.0,0.0
2022-08-24,307.0,313.98,304.27,308.0,550646,1.0,0.0
2022-08-25,309.83,319.81,308.56,319.57,457416,1.0,0.0
2022-08-26,316.94,321.68,306.25,306.42,543338,1.0,0.0
2022-08-29,301.77,305.215,300.71,301.23,901130,1.0,0.0
2022-08-30,302.55,303.61,287.75,292.92,979534,1.0,0.0
2022-08-31,293.91,295.42,290.0,292.04,861220,1.0,0.0
2022-09-01,288.26,288.7,281.525,288.69,830818,1.0,0.0
2022-09-02,293.86,296.835,288.02,289.71,657450,1.0,0.0
2022-09-06,290.57,293.34,284.25,292.08,659380,1.0,0.0
2022-09-07,290.16,297.705,289.97,297.11,500592,1.0,0.0
2022-09-08,293.92,305.18,291.5772,304.93,546725,1.0,0.0
2022-09-09,307.93,311.835,307.29,311.14,469454,1.0,0.0
2022-09-12,314.5,317.3,309.04,313.4,645454,1.0,0.0
2022-09-13,301.41,302.622,293.57,294.67,833580,1.0,0.0
2022-09-14,295.62,295.62,285.27,290.0,649765,1.0,0.0
2022-09-15,285.88,296.19,285.88,288.71,715694,1.0,0.0
2022-09-16,285.18,286.43,278.25,286.04,1048882,1.0,0.0
2022-09-19,284.12,295.91,283.135,295.42,633288,1.0,0.0
2022-09-20,290.54,290.875,285.2,289.76,608800,1.0,0.0
2022-09-21,292.88,295.9774,282.57,282.87,764183,1.0,0.0
2022-09-22,282.61,283.88,270.47,273.27,1013755,1.0,0.0
2022-09-23,268.59,269.75,256.23,263.37,1097538,1.0,0.0
2022-09-26,261.95,269.81,257.6001,260.01,728480,1.0,0.0
2022-09-27,264.32,270.63,260.5555,264.45,680771,1.0,0.0
2022-09-28,265.91,278.28,264.7,277.02,860198,1.0,0.0
2022-09-29,272.8,274.18,264.42,270.15,534389,1.0,0.0
2022-09-30,268.85,276.63,265.0,270.12,930352,1.0,0.0
2022-10-03,276.39,283.94,273.32,281.61,829345,1.0,0.0
2022-10-04,289.4,294.39,289.35,294.26,478740,1.0,0.0
2022-10-05,288.79,296.94,287.605,293.88,453662,1.0,0.0
2022-10-06,293.13,298.1443,291.95,293.58,672725,1.0,0.0
2022-10-07,288.27,290.79,280.9,284.52,827987,1.0,0.0
2022-10-10,287.12,288.5129,281.15,282.02,598172,1.0,0.0
2022-10-11,280.06,282.57,274.07,277.76,668759,1.0,0.0
2022-10-12,277.78,281.575,274.3,276.58,668565,1.0,0.0
2022-10-13,269.55,286.81,260.97,283.35,851506,1.0,0.0
2022-10-14,286.9,289.9,275.4,277.0,582663,1.0,0.0
2022-10-17,284.0,289.46,280.6,287.84,542919,1.0,0.0
2022-10-18,296.63,299.37,289.65,295.37,610792,1.0,0.0
2022-10-19,291.97,293.58,284.18,286.85,541400,1.0,0.0
2022-10-20,286.56,289.4899,274.04,275.38,956815,1.0,0.0
2022-10-21,274.33,285.88,271.05,284.68,661939,1.0,0.0
2022-10-24,286.96,291.33,282.1,290.73,653093,1.0,0.0
2022-10-25,288.48,296.98,288.14,294.94,841663,1.0,0.0
2022-10-26,297.36,302.52,292.38,296.23,757949,1.0,0.0
2022-10-27,301.92,304.95,293.11,298.57,1047645,1.0,0.0
2022-10-28,301.72,309.84,299.0,309.59,760057,1.0,0.0
2022-10-31,309.57,319.64,308.27,315.71,907592,1.0,0.0
2022-11-01,319.74,322.38,314.272,321.2,652618,1.0,0.0
2022-11-02,319.76,324.1,309.04,309.45,757407,1.0,0.0
2022-11-03,303.83,318.96,303.31,316.33,521310,1.0,0.0
2022-11-04,323.93,326.44,316.95,323.87,579469,1.0,0.0
2022-11-07,326.68,326.68,316.59,322.99,601668,1.0,0.0
2022-11-08,324.77,330.21,321.03,327.83,651575,1.0,0.0
2022-11-09,323.66,326.2,317.37,317.68,545512,1.0,0.0
2022-11-10,333.0,348.23,333.0,344.91,1081842,1.0,0.0
2022-11-11,347.41,362.68,346.25,349.31,1028546,1.0,0.0
2022-11-14,345.0,364.21,343.92,358.11,1153503,1.0,0.0
2022-11-15,367.94,367.94,351.56,354.89,889952,1.0,0.0
2022-11-16,354.18,354.18,342.915,347.2,871403,1.0,0.0
2022-11-17,341.65,352.14,335.94,347.42,795877,1.0,0.0
2022-11-18,353.48,354.95,341.54,345.7,474647,1.0,0.0
2022-11-21,344.21,354.06,342.78,349.09,500173,1.0,0.0
2022-11-22,359.41,359.98,353.7,356.24,641940,1.0,0.0
2022-11-23,355.29,361.92,354.4557,358.44,515664,1.0,0.0
2022-11-25,360.0,361.9899,355.0,359.03,197657,1.0,0.0
2022-11-28,355.01,358.76,345.651,347.59,674055,1.0,0.0
2022-11-29,348.15,348.95,341.48,342.73,720457,1.0,0.0
2022-11-30,342.01,353.25,337.435,353.03,1218802,1.0,0.0
2022-12-01,354.0,358.45,350.31,356.42,523277,1.0,0.0
2022-12-02,350.59,358.56,347.57,356.57,507585,1.0,0.0
2022-12-05,351.64,354.4701,344.81,345.67,470905,1.0,0.0
2022-12-06,346.94,350.04,343.6,347.29,683051,1.0,0.0
2022-12-07,345.31,357.16,345.24,351.52,664835,1.0,0.0
2022-12-08,355.61,361.99,354.49,361.64,862429,1.0,0.0
2022-12-09,361.6,363.47,352.55,352.63,428576,1.0,0.0
2022-12-12,354.05,361.77,351.0001,360.45,486035,1.0,0.0
2022-12-13,371.28,372.0,361.71,367.02,731866,1.0,0.0
2022-12-14,367.02,373.9075,364.64,368.14,944214,1.0,0.0
2022-12-15,360.05,361.58,353.37,357.43,981628,1.0,0.0
2022-12-16,354.0,360.1,351.68,353.51,1089135,1.0,0.0
2022-12-19,354.22,356.78,349.33,351.25,485534,1.0,0.0
2022-12-20,351.23,353.7,349.26,350.61,555588,1.0,0.0
2022-12-21,353.44,360.37,351.25,359.83,534431,1.0,0.0
2022-12-22,354.59,354.79,343.2066,350.88,680905,1.0,0.0
2022-12-23,350.43,355.74,349.63,355.22,270647,1.0,0.0
2022-12-27,355.24,364.66,354.0354,358.68,617081,1.0,0.0
2022-12-28,359.34,361.08,351.4,351.88,382491,1.0,0.0
2022-12-29,355.6,360.74,354.3598,356.21,404126,1.0,0.0
2022-12-30,352.96,356.63,350.665,355.42,670570,1.0,0.0
2023-01-03,357.7,359.4,352.19,356.71,492921,1.0,0.0
2023-01-04,360.53,367.53,359.94,366.01,584600,1.0,0.0
2023-01-05,361.59,365.915,359.17,364.09,549706,1.0,0.0
2023-01-06,367.65,379.77,366.56,377.34,711622,1.0,0.0
2023-01-09,382.73,388.74,374.81,376.0,806577,1.0,0.0
2023-01-10,375.23,383.51,372.865,381.47,635413,1.0,0.0
2023-01-11,382.94,387.48,381.02,383.97,581034,1.0,0.0
2023-01-12,384.73,393.9808,382.62,391.77,694079,1.0,0.0
2023-01-13,388.23,392.64,386.355,392.24,471768,1.0,0.0
2023-01-17,391.6,392.84,386.72,388.87,460560,1.0,0.0
2023-01-18,391.25,394.4,384.57,386.01,583171,1.0,0.0
2023-01-19,381.1,382.85,372.65,373.33,634523,1.0,0.0
2023-01-20,373.51,383.875,370.02,383.67,689793,1.0,0.0
2023-01-23,386.28,392.91,384.33,392.03,743145,1.0,0.0
2023-01-24,391.15,397.375,387.27,393.8,790387,1.0,0.0
2023-01-25,386.02,394.6,383.56,392.48,788349,1.0,0.0
2023-01-26,414.53,431.89,404.39,431.48,1984576,1.0,0.0
2023-01-27,432.0,438.215,428.19,434.09,1274867,1.0,0.0
2023-01-30,430.65,437.28,428.56,429.04,725032,1.0,0.0
2023-01-31,430.01,441.17,425.545,440.95,919576,1.0,0.0
2023-02-01,439.02,459.47,438.365,454.9,1049867,1.0,0.0
2023-02-02,460.8,466.01,451.04,456.2,1209183,1.0,0.0
2023-02-03,448.95,457.44,446.6401,455.07,639725,1.0,0.0
2023-02-06,451.0,455.525,449.25,453.96,504295,1.0,0.0
2023-02-07,450.8,458.21,445.6801,455.9,751054,1.0,1.48
2023-02-08,454.31,459.44,452.415,458.04,670800,1.0,0.0
2023-02-09,460.47,463.06,448.43,450.02,526445,1.0,0.0
2023-02-10,448.09,450.31,444.44,448.65,487462,1.0,0.0
2023-02-13,450.0,460.62,449.1,459.5,553648,1.0,0.0
2023-02-14,456.61,461.98,451.3299,456.63,571618,1.0,0.0
2023-02-15,451.78,470.875,451.7258,470.65,738908,1.0,0.0
2023-02-16,463.02,469.1499,460.38,462.02,657158,1.0,0.0
2023-02-17,460.38,463.79,459.203,461.25,485926,1.0,0.0
2023-02-21,455.0,460.61,444.63,445.62,758554,1.0,0.0
2023-02-22,445.62,449.16,440.06,442.08,719930,1.0,0.0
2023-02-23,447.3,450.76,438.68,446.62,605112,1.0,0.0
2023-02-24,441.55,451.62,439.065,450.43,463276,1.0,0.0
2023-02-27,454.4,464.99,453.805,463.26,842380,1.0,0.0
2023-02-28,463.72,471.86,462.57,468.53,979048,1.0,0.0
2023-03-01,467.42,475.33,467.35,467.8,706252,1.0,0.0
2023-03-02,465.19,472.075,459.12,470.6,577352,1.0,0.0
2023-03-03,471.38,481.59,468.6025,479.57,526761,1.0,0.0
2023-03-06,477.96,481.99,475.0,475.02,647568,1.0,0.0
2023-03-07,476.69,481.0,474.655,475.76,690524,1.0,0.0
2023-03-08,473.93,477.48,470.5,477.36,524632,1.0,0.0
2023-03-09,477.5,479.985,453.24,453.69,790272,1.0,0.0
2023-03-10,453.51,454.37,425.67,429.28,1731550,1.0,0.0
2023-03-13,419.0,420.75,407.6574,408.15,1602449,1.0,0.0
2023-03-14,421.89,425.0,409.48,416.09,1279469,1.0,0.0
2023-03-15,402.57,405.25,382.1,393.82,1830599,1.0,0.0
2023-03-16,387.51,402.41,382.31,397.16,1085976,1.0,0.0
2023-03-17,391.53,392.445,368.85,370.09,2179233,1.0,0.0
2023-03-20,375.52,385.35,375.075,378.45,1760635,1.0,0.0
2023-03-21,388.61,400.83,386.655,398.29,1512504,1.0,0.0
2023-03-22,397.1,404.84,388.5,389.21,1206977,1.0,0.0
2023-03-23,391.59,397.38,373.89,382.18,1123227,1.0,0.0
2023-03-24,374.43,375.96,361.64,370.78,1533615,1.0,0.0
2023-03-27,369.11,375.32,365.475,372.83,1251631,1.0,0.0
2023-03-28,372.46,379.77,371.085,374.97,665688,1.0,0.0
2023-03-29,381.32,384.28,376.13,384.11,627575,1.0,0.0
2023-03-30,389.36,391.42,384.77,386.2,716003,1.0,0.0
2023-03-31,390.21,395.94,388.26,395.76,878148,1.0,0.0
2023-04-03,394.67,401.285,385.73,389.07,713367,1.0,0.0
2023-04-04,390.15,390.15,354.64,359.13,1997372,1.0,0.0
2023-04-05,352.2,359.7333,346.98,351.27,1839254,1.0,0.0
2023-04-06,349.99,360.44,345.63,355.27,1495207,1.0,0.0
2023-04-10,354.09,366.34,353.3,364.92,904405,1.0,0.0
2023-04-11,367.42,374.99,366.61,370.55,781650,1.0,0.0
2023-04-12,375.62,380.185,371.27,376.07,825957,1.0,0.0
2023-04-13,375.07,377.4532,368.47,373.34,1006156,1.0,0.0
2023-04-14,375.69,381.0155,373.07,378.05,716571,1.0,0.0
2023-04-17,379.46,385.54,378.595,383.52,692624,1.0,0.0
2023-04-18,386.0,389.465,384.02,387.28,677945,1.0,0.0
2023-04-19,382.9,384.015,376.15,378.57,717401,1.0,0.0
2023-04-20,372.55,380.37,371.38,375.48,787109,1.0,0.0
2023-04-21,373.99,374.0,367.09,372.66,742382,1.0,0.0
2023-04-24,373.68,384.11,373.68,383.61,848747,1.0,0.0
2023-04-25,379.5,381.63,376.07,377.64,1357229,1.0,0.0
2023-04-26,378.78,381.29,372.62,375.01,1689660,1.0,0.0
2023-04-27,356.0,357.98,345.07,357.66,2002694,1.0,0.0
2023-04-28,354.53,361.8099,350.24,361.11,967146,1.0,0.0
2023-05-01,360.96,368.34,360.0,361.64,797719,1.0,0.0
2023-05-02,358.96,362.65,348.35,355.42,910128,1.0,0.0
2023-05-03,354.48,362.9999,349.65,350.23,878040,1.0,0.0
2023-05-04,347.93,348.0,325.15,328.38,2702985,1.0,0.0
2023-05-05,338.45,343.05,334.645,342.05,1005543,1.0,0.0
2023-05-08,345.07,347.4257,337.6,340.89,749390,1.0,0.0
2023-05-09,336.95,343.45,334.95,340.67,631314,1.0,1.48
2023-05-10,345.88,346.69,328.66,336.05,733813,1.0,0.0
2023-05-11,331.45,334.57,328.39,334.08,574405,1.0,0.0
2023-05-12,336.35,338.79,325.91,331.66,728361,1.0,0.0
2023-05-15,332.79,339.95,328.7,336.93,684575,1.0,0.0
2023-05-16,331.36,332.99,326.41,326.53,645130,1.0,0.0
2023-05-17,331.45,344.93,329.0,340.22,876200,1.0,0.0
2023-05-18,339.54,350.61,338.05,344.64,817290,1.0,0.0
2023-05-19,348.83,350.562,342.27,349.02,1181683,1.0,0.0
2023-05-22,349.32,351.0,339.25,346.21,803096,1.0,0.0
2023-05-23,343.51,349.33,339.12,343.62,613099,1.0,0.0
2023-05-24,340.49,341.3976,331.68,333.84,745910,1.0,0.0
2023-05-25,336.51,343.61,335.172,341.53,615722,1.0,0.0
2023-05-26,344.7,352.71,344.14,350.97,946660,1.0,0.0
2023-05-30,352.59,355.905,342.325,346.52,766208,1.0,0.0
2023-05-31,343.32,345.27,333.01,333.79,1121070,1.0,0.0
2023-06-01,335.28,342.42,330.3001,339.29,953516,1.0,0.0
2023-06-02,353.14,363.06,347.23,361.6,1353136,1.0,0.0
2023-06-05,363.0,363.28,352.89,357.63,729902,1.0,0.0
2023-06-06,353.85,372.375,353.49,371.16,821212,1.0,0.0
2023-06-07,376.21,391.57,374.22,387.53,1631256,1.0,0.0
2023-06-08,386.64,393.06,384.4101,389.61,963906,1.0,0.0
2023-06-09,390.92,392.435,384.01,389.02,821583,1.0,0.0
2023-06-12,388.43,393.61,382.24,390.57,726901,1.0,0.0
2023-06-13,389.85,414.395,389.295,410.09,1347687,1.0,0.0
2023-06-14,411.8,414.53,401.77,405.98,1165041,1.0,0.0
2023-06-15,402.47,413.31,402.47,409.96,881657,1.0,0.0
2023-06-16,412.41,413.65,402.73,403.09,1133671,1.0,0.0
2023-06-20,399.3,408.96,396.74,407.01,930871,1.0,0.0
2023-06-21,405.36,417.92,404.8,414.06,948232,1.0,0.0
2023-06-22,411.85,411.85,401.84,402.47,803371,1.0,0.0
2023-06-23,395.87,407.0,392.77,404.38,1110140,1.0,0.0
2023-06-26,404.33,417.77,404.33,412.78,745407,1.0,0.0
2023-06-27,415.01,426.8,412.9335,423.27,903078,1.0,0.0
2023-06-28,421.5,431.81,419.95,430.37,880452,1.0,0.0
2023-06-29,430.08,438.08,429.4,435.63,708998,1.0,0.0
2023-06-30,440.0,448.45,437.095,445.37,782934,1.0,0.0
2023-07-03,443.0,450.6499,442.96,448.63,382765,1.0,0.0
2023-07-05,443.0,448.18,438.97,441.63,842665,1.0,0.0
2023-07-06,436.48,440.9,423.54,428.28,1013418,1.0,0.0
2023-07-07,428.1,440.26,426.41,433.57,555404,1.0,0.0
2023-07-10,429.78,445.2,429.78,444.97,516965,1.0,0.0
2023-07-11,447.0,459.17,446.82,457.32,912536,1.0,0.0
2023-07-12,468.17,471.82,460.455,467.17,851554,1.0,0.0
2023-07-13,466.7,469.725,458.07,458.43,816445,1.0,0.0
2023-07-14,459.92,460.4,439.08,445.45,1109230,1.0,0.0
2023-07-17,444.08,455.395,442.53,451.49,509379,1.0,0.0
2023-07-18,450.72,465.42,450.72,464.5,586029,1.0,0.0
2023-07-19,460.64,469.35,456.37,460.49,650902,1.0,0.0
2023-07-20,460.3,462.13,454.08,458.74,625896,1.0,0.0
2023-07-21,461.34,462.0,450.05,450.43,523911,1.0,0.0
2023-07-24,451.65,455.6,447.66,450.21,509689,1.0,0.0
2023-07-25,448.44,454.385,445.135,450.22,633006,1.0,0.0
2023-07-26,446.99,452.22,441.26,445.0,835029,1.0,0.0
2023-07-27,438.36,445.55,413.6,441.12,1535311,1.0,0.0
2023-07-28,447.45,459.3012,440.705,446.07,704961,1.0,0.0
2023-07-31,450.13,465.28,447.49,464.68,770799,1.0,0.0
2023-08-01,463.32,477.69,460.71,474.0,847609,1.0,0.0
2023-08-02,468.91,475.4423,465.05,468.16,841849,1.0,0.0
2023-08-03,464.09,465.78,452.13,465.0,645213,1.0,0.0
2023-08-04,467.0,470.11,461.6542,465.81,516995,1.0,0.0
2023-08-07,471.75,492.215,471.75,486.56,1438583,1.0,0.0
2023-08-08,479.25,481.6,469.46,480.55,1094311,1.0,1.48
2023-08-09,480.62,484.135,476.5,478.73,768906,1.0,0.0
2023-08-10,480.11,489.0,475.9237,482.31,997056,1.0,0.0
2023-08-11,481.31,488.92,480.37,488.2,596090,1.0,0.0
2023-08-14,484.89,489.49,482.58,487.38,623211,1.0,0.0
2023-08-15,483.0,484.98,478.74,481.55,743172,1.0,0.0
2023-08-16,481.43,491.63,463.49,464.12,793406,1.0,0.0
2023-08-17,468.64,472.5,450.81,452.7,843540,1.0,0.0
2023-08-18,445.44,454.605,440.54,451.41,712346,1.0,0.0
2023-08-21,455.0,457.79,448.1517,452.48,375503,1.0,0.0
2023-08-22,453.91,455.71,439.435,441.63,555893,1.0,0.0
2023-08-23,440.72,450.05,438.4,448.78,403159,1.0,0.0
2023-08-24,446.43,455.0,444.3,445.71,455832,1.0,0.0
2023-08-25,449.37,453.63,440.97,449.12,425440,1.0,0.0
2023-08-28,448.69,460.7916,448.69,457.1,321871,1.0,0.0
2023-08-29,456.0,478.53,454.18,474.6,764670,1.0,0.0
2023-08-30,474.52,478.52,469.42,477.41,544530,1.0,0.0
2023-08-31,477.84,483.33,474.55,476.54,635941,1.0,0.0
2023-09-01,483.97,492.33,482.56,491.17,645610,1.0,0.0
2023-09-05,487.0,491.0,470.54,470.62,684263,1.0,0.0
2023-09-06,472.41,483.28,467.43,475.06,479173,1.0,0.0
2023-09-07,469.13,472.04,457.48,467.31,659463,1.0,0.0
2023-09-08,460.7,466.2036,459.235,463.77,392660,1.0,0.0
2023-09-11,469.52,470.34,456.52,458.68,476040,1.0,0.0
2023-09-12,456.32,465.005,455.51,457.15,422591,1.0,0.0
2023-09-13,453.93,457.42,443.08,447.34,569010,1.0,0.0
2023-09-14,453.85,459.7699,446.7825,453.32,581531,1.0,0.0
2023-09-15,453.12,454.835,446.58,452.01,815241,1.0,0.0
2023-09-18,452.77,457.2,450.2744,453.62,567700,1.0,0.0
2023-09-19,449.29,456.67,447.05,451.05,441998,1.0,0.0
2023-09-20,453.95,462.31,447.49,448.03,622818,1.0,0.0
2023-09-21,444.0,444.24,430.45,435.74,883557,1.0,0.0
2023-09-22,434.74,440.16,432.29,433.29,521278,1.0,0.0
2023-09-25,430.76,444.23,430.76,443.82,620156,1.0,0.0
2023-09-26,440.07,445.685,437.66,437.69,844306,1.0,0.0
2023-09-27,443.0,450.0,440.3201,446.22,546870,1.0,0.0
2023-09-28,445.63,455.89,443.05,448.22,400854,1.0,0.0
2023-09-29,453.19,456.86,442.715,444.57,559924,1.0,0.0
2023-10-02,443.78,447.91,433.2938,437.37,499102,1.0,0.0
2023-10-03,434.63,438.1074,422.5,425.96,783972,1.0,0.0
2023-10-04,425.16,427.73,415.59,424.15,768601,1.0,0.0
2023-10-05,422.76,426.36,416.08,420.93,541662,1.0,0.0
2023-10-06,419.0,437.2,417.435,433.3,526851,1.0,0.0
2023-10-09,429.47,437.3,426.665,437.14,337517,1.0,0.0
2023-10-10,440.2,454.2,438.505,448.87,690084,1.0,0.0
2023-10-11,449.61,454.67,446.62,454.07,369472,1.0,0.0
2023-10-12,455.11,455.11,438.08,444.46,603501,1.0,0.0
2023-10-13,445.27,449.11,430.35,433.05,566296,1.0,0.0
2023-10-16,440.89,446.6,435.0,441.07,558528,1.0,0.0
2023-10-17,437.05,454.99,436.65,453.04,621766,1.0,0.0
2023-10-18,442.1,443.54,424.61,429.34,2882443,1.0,0.0
2023-10-19,427.84,432.71,411.16,411.19,1321933,1.0,0.0
2023-10-20,412.3,414.23,404.67,406.4,1018813,1.0,0.0
2023-10-23,407.0,415.23,402.69,408.88,734369,1.0,0.0
2023-10-24,411.84,413.115,403.13,406.35,804096,1.0,0.0
2023-10-25,406.68,407.74,395.455,399.15,947709,1.0,0.0
2023-10-26,390.1,417.13,387.01,403.77,1205507,1.0,0.0
2023-10-27,406.7,410.13,395.24,399.02,933700,1.0,0.0
2023-10-30,406.45,415.0,398.97,410.95,879000,1.0,0.0
2023-10-31,407.16,409.085,395.44,406.27,885149,1.0,0.0
2023-11-01,403.79,409.71,399.62,409.48,665131,1.0,0.0
2023-11-02,421.34,433.87,419.81,432.95,1014292,1.0,0.0
2023-11-03,441.94,457.08,440.995,451.51,1105911,1.0,0.0
2023-11-06,454.36,455.51,433.84,438.54,732957,1.0,0.0
2023-11-07,433.7,442.525,432.8183,440.36,363703,1.0,1.48
2023-11-08,441.47,446.045,435.83,436.56,480060,1.0,0.0
2023-11-09,442.8,447.03,435.795,437.48,436802,1.0,0.0
2023-11-10,442.62,457.62,440.14,456.53,765583,1.0,0.0
2023-11-13,455.85,465.185,453.23,462.53,738770,1.0,0.0
2023-11-14,477.93,487.37,476.26,477.69,755046,1.0,0.0
2023-11-15,478.0,488.725,471.16,479.51,1208817,1.0,0.0
2023-11-16,477.8,481.94,468.6101,474.36,569034,1.0,0.0
2023-11-17,479.17,484.85,475.25,480.98,623533,1.0,0.0
2023-11-20,467.69,474.63,458.01,471.8,861923,1.0,0.0
2023-11-21,470.0,470.51,463.67,466.23,629693,1.0,0.0
2023-11-22,465.45,467.34,460.0,463.42,532067,1.0,0.0
2023-11-24,464.4,469.345,462.025,467.31,220704,1.0,0.0
2023-11-27,462.88,466.35,461.19,464.19,474275,1.0,0.0
2023-11-28,462.25,465.21,454.71,455.88,459788,1.0,0.0
2023-11-29,461.79,480.68,461.5326,476.22,861655,1.0,0.0
2023-11-30,479.1,481.3675,473.58,476.02,754931,1.0,0.0
2023-12-01,478.75,505.155,477.74,501.83,1127732,1.0,0.0
2023-12-04,495.06,497.13,485.81,490.09,1013068,1.0,0.0
2023-12-05,477.42,486.685,474.56,475.5,847649,1.0,0.0
2023-12-06,477.05,488.0099,475.43,476.44,493381,1.0,0.0
2023-12-07,477.19,485.0885,475.52,484.02,424944,1.0,0.0
2023-12-08,483.81,498.96,483.4675,495.06,556660,1.0,0.0
2023-12-11,491.71,505.9,491.6041,505.14,556737,1.0,0.0
2023-12-12,503.9,514.68,503.23,509.58,551583,1.0,0.0
2023-12-13,511.72,534.51,504.65,530.16,864810,1.0,0.0
2023-12-14,540.58,571.075,537.89,569.43,1408843,1.0,0.0
2023-12-15,564.2,580.9999,562.5,571.74,1486114,1.0,0.0
2023-12-18,577.11,577.11,562.8101,568.23,845869,1.0,0.0
2023-12-19,573.98,582.63,569.5,574.2,669150,1.0,0.0
2023-12-20,568.0,578.2,556.62,558.27,1272628,1.0,0.0
2023-12-21,568.0,571.45,563.05,570.95,445721,1.0,0.0
2023-12-22,570.17,575.5,566.37,570.51,363847,1.0,0.0
2023-12-26,573.13,585.5,572.095,580.47,607256,1.0,0.0
2023-12-27,582.41,582.41,574.5,578.86,488178,1.0,0.0
2023-12-28,564.22,581.5799,563.03,578.69,268794,1.0,0.0
2023-12-29,580.3,582.99,570.63,573.42,300481,1.0,0.0
2024-01-02,568.81,575.08,562.51,567.1,444028,1.0,0.0
2024-01-03,556.58,558.4321,546.76,547.16,828776,1.0,0.0
2024-01-04,549.08,558.26,546.68,548.86,547851,1.0,0.0
2024-01-05,537.19,548.4619,535.23,541.39,670568,1.0,0.0
2024-01-08,538.66,551.77,533.7,550.83,500710,1.0,0.0
2024-01-09,543.27,548.57,539.225,548.02,435779,1.0,0.0
2024-01-10,548.97,551.73,543.18,549.68,372714,1.0,0.0
2024-01-11,549.68,552.825,536.825,551.7,567222,1.0,0.0
2024-01-12,558.05,560.7536,551.35,559.18,512751,1.0,0.0
2024-01-16,552.0,566.33,551.95,561.13,524779,1.0,0.0
2024-01-17,554.69,561.31,545.16,550.32,635519,1.0,0.0
2024-01-18,557.01,565.21,553.22,563.37,553195,1.0,0.0
2024-01-19,566.81,572.35,555.34,572.03,651195,1.0,0.0
2024-01-22,575.85,585.94,574.41,578.88,606946,1.0,0.0
2024-01-23,582.76,584.95,574.09,578.07,598463,1.0,0.0
2024-01-24,586.97,591.665,576.25,576.9,942536,1.0,0.0
2024-01-25,608.85,658.505,596.835,651.64,2662425,1.0,0.0
2024-01-26,653.0,653.21,629.3,630.75,1423813,1.0,0.0
2024-01-29,633.83,648.25,632.575,647.73,597852,1.0,0.0
2024-01-30,642.0,653.25,642.0,642.98,504822,1.0,0.0
2024-01-31,639.2,641.25,624.2,625.4,1012521,1.0,0.0
2024-02-01,635.92,646.76,620.27,645.37,646148,1.0,0.0
2024-02-02,640.95,658.63,639.89,654.2,491362,1.0,0.0
2024-02-05,649.22,649.65,636.07,645.57,650252,1.0,0.0
2024-02-06,649.33,654.54,645.0,654.54,478422,1.0,0.0
2024-02-07,658.06,658.86,649.35,652.73,402991,1.0,0.0
2024-02-08,651.77,656.12,644.3501,647.0,609663,1.0,0.0
2024-02-09,647.65,653.0799,643.9294,650.35,363437,1.0,0.0
2024-02-12,650.96,673.68,650.96,663.53,519077,1.0,0.0
2024-02-13,639.05,645.5723,629.58,636.88,726927,1.0,1.63
2024-02-14,646.99,657.99,643.15,654.04,616086,1.0,0.0
2024-02-15,655.05,662.06,648.0,660.96,359304,1.0,0.0
2024-02-16,659.27,660.47,648.71,650.31,366563,1.0,0.0
2024-02-20,641.65,647.92,638.01,643.91,466706,1.0,0.0
2024-02-21,639.15,649.285,637.98,644.89,395274,1.0,0.0
2024-02-22,656.06,663.155,652.975,658.8,369287,1.0,0.0
2024-02-23,663.0,665.44,658.0,658.23,373647,1.0,0.0
2024-02-26,659.35,674.66,659.0,670.79,493745,1.0,0.0
2024-02-27,676.0,683.84,672.66,676.48,485412,1.0,0.0
2024-02-28,673.54,688.6808,671.2,686.19,462113,1.0,0.0
2024-02-29,691.99,695.42,684.6742,693.27,618317,1.0,0.0
2024-03-01,693.45,702.68,690.83,700.59,367145,1.0,0.0
2024-03-04,708.88,732.3699,706.0,712.31,555748,1.0,0.0
2024-03-05,700.0,704.7625,673.56,679.37,811193,1.0,0.0
2024-03-06,687.42,689.085,673.25,676.81,452805,1.0,0.0
2024-03-07,683.86,686.55,670.455,679.28,454543,1.0,0.0
2024-03-08,681.93,692.31,674.41,676.14,468642,1.0,0.0
2024-03-11,669.73,669.73,650.01,664.3,550753,1.0,0.0
2024-03-12,670.86,678.3382,662.15,675.49,392193,1.0,0.0
2024-03-13,670.41,680.0,667.33,668.43,615501,1.0,0.0
2024-03-14,676.09,683.89,668.7598,672.48,733252,1.0,0.0
2024-03-15,667.3,681.665,665.001,675.58,874567,1.0,0.0
2024-03-18,680.6,686.99,673.29,683.61,357328,1.0,0.0
2024-03-19,680.11,695.49,676.69,693.62,459860,1.0,0.0
2024-03-20,691.51,715.3678,691.51,709.33,1070645,1.0,0.0
2024-03-21,717.59,729.91,713.255,719.05,591880,1.0,0.0
2024-03-22,724.28,727.0,713.45,714.27,445573,1.0,0.0
2024-03-25,711.06,715.99,703.84,704.44,423967,1.0,0.0
2024-03-26,706.46,712.64,703.855,704.81,440404,1.0,0.0
2024-03-27,709.4,720.53,706.41,720.15,257166,1.0,0.0
2024-03-28,720.44,724.95,717.17,721.11,440314,1.0,0.0
2024-04-01,721.11,722.37,709.41,710.15,326170,1.0,0.0
2024-04-02,700.0,701.25,688.29,691.79,597628,1.0,0.0
2024-04-03,692.59,709.68,692.0,706.14,457505,1.0,0.0
2024-04-04,714.95,717.5,692.18,693.83,339725,1.0,0.0
2024-04-05,695.77,710.14,695.02,706.87,275838,1.0,0.0
2024-04-08,709.55,715.04,702.62,702.96,370190,1.0,0.0
2024-04-09,705.07,708.38,681.4201,696.76,379316,1.0,0.0
2024-04-10,679.33,691.9434,675.4363,682.13,482727,1.0,0.0
2024-04-11,681.45,686.9,673.175,685.69,585170,1.0,0.0
2024-04-12,674.35,685.43,668.77,674.81,594512,1.0,0.0
2024-04-15,688.11,690.99,663.76,666.74,696737,1.0,0.0
2024-04-16,664.89,665.5,652.6,655.97,585189,1.0,0.0
2024-04-17,655.18,658.34,632.21,636.22,896009,1.0,0.0
2024-04-18,640.74,648.93,631.77,632.88,499257,1.0,0.0
2024-04-19,633.76,641.64,624.01,628.34,572680,1.0,0.0
2024-04-22,632.45,638.0671,621.56,629.3,767131,1.0,0.0
2024-04-23,640.94,664.54,638.65,661.32,598195,1.0,0.0
2024-04-24,664.2,672.39,648.755,655.19,641193,1.0,0.0
2024-04-25,680.0,694.94,643.55,690.92,1034142,1.0,0.0
2024-04-26,685.28,693.4,678.78,690.8,581711,1.0,0.0
2024-04-29,697.98,713.59,690.21,712.69,604936,1.0,0.0
2024-04-30,699.63,705.6,667.19,667.99,1081619,1.0,0.0
2024-05-01,664.41,672.52,649.26,653.76,585950,1.0,0.0
2024-05-02,663.22,669.05,646.5961,664.57,366808,1.0,0.0
2024-05-03,678.08,685.89,664.325,666.66,343283,1.0,0.0
2024-05-06,675.0,683.34,672.0399,683.34,348375,1.0,0.0
2024-05-07,684.28,688.8299,672.52,674.27,437465,1.0,1.63
2024-05-08,665.31,678.4626,663.2001,677.84,474005,1.0,0.0
2024-05-09,680.0,689.32,677.335,689.21,358471,1.0,0.0
2024-05-10,693.2,699.75,691.75,698.13,352088,1.0,0.0
2024-05-13,703.71,712.79,696.24,696.67,395072,1.0,0.0
2024-05-14,701.0,703.835,689.2401,694.47,349792,1.0,0.0
2024-05-15,702.8,715.335,698.35,712.37,508792,1.0,0.0
2024-05-16,708.3,712.0,680.88,681.14,480471,1.0,0.0
2024-05-17,689.39,689.39,679.68,685.79,362951,1.0,0.0
2024-05-20,686.53,706.81,686.33,701.13,344116,1.0,0.0
2024-05-21,698.94,700.89,690.09,694.59,276033,1.0,0.0
2024-05-22,690.94,692.28,679.527,682.6,280411,1.0,0.0
2024-05-23,690.0,690.0,660.78,666.77,482066,1.0,0.0
2024-05-24,671.34,675.15,662.12,673.55,296107,1.0,0.0
2024-05-28,676.15,676.15,655.6,664.75,395312,1.0,0.0
2024-05-29,656.45,657.9067,644.53,644.89,559485,1.0,0.0
2024-05-30,645.25,663.15,643.0,659.23,415315,1.0,0.0
2024-05-31,661.3,670.19,650.0,669.41,859709,1.0,0.0
2024-06-03,675.0,675.0,625.44,637.51,561047,1.0,0.0
2024-06-04,630.8,635.965,617.619,631.2,821362,1.0,0.0
2024-06-05,634.36,643.485,625.06,640.87,382187,1.0,0.0
2024-06-06,638.79,644.62,626.16,630.52,504263,1.0,0.0
2024-06-07,630.83,647.83,626.26,643.4,677060,1.0,0.0
2024-06-10,640.42,651.0,640.42,645.1,535219,1.0,0.0
2024-06-11,640.5,640.5,624.07,627.98,750355,1.0,0.0
2024-06-12,650.0,668.31,623.31,625.13,1111048,1.0,0.0
2024-06-13,622.6,628.48,616.62,627.83,656913,1.0,0.0
2024-06-14,616.5,618.5,596.48,616.21,709104,1.0,0.0
2024-06-17,615.01,621.0,610.0,619.29,859085,1.0,0.0
2024-06-18,615.66,646.41,607.42,644.89,1017957,1.0,0.0
2024-06-20,639.79,647.22,630.495,639.22,615750,1.0,0.0
2024-06-21,641.11,641.36,627.73,640.78,725382,1.0,0.0
2024-06-24,644.0,653.9,635.39,645.37,364193,1.0,0.0
2024-06-25,644.48,644.67,629.22,640.45,442279,1.0,0.0
2024-06-26,636.57,636.57,624.0,629.83,586917,1.0,0.0
2024-06-27,626.15,630.82,620.12,623.04,576187,1.0,0.0
2024-06-28,631.21,652.085,631.21,646.73,820126,1.0,0.0
2024-07-01,649.07,649.07,629.41,640.84,507153,1.0,0.0
2024-07-02,635.79,647.58,634.64,645.88,446460,1.0,0.0
2024-07-03,649.36,660.33,642.78,653.95,350743,1.0,0.0
2024-07-05,650.45,652.18,629.47,633.95,530081,1.0,0.0
2024-07-08,638.1,645.0,628.5701,637.42,546895,1.0,0.0
2024-07-09,631.75,636.06,626.0,627.41,434729,1.0,0.0
2024-07-10,630.79,649.21,629.56,645.19,603157,1.0,0.0
2024-07-11,654.2,675.58,652.67,666.29,678804,1.0,0.0
2024-07-12,672.7,688.9999,670.0,679.58,544913,1.0,0.0
2024-07-15,687.66,713.0725,683.0,707.41,594322,1.0,0.0
2024-07-16,707.24,743.24,707.24,743.01,647092,1.0,0.0
2024-07-17,731.65,739.1338,721.11,723.59,826403,1.0,0.0
2024-07-18,721.14,759.98,720.1,728.45,885030,1.0,0.0
2024-07-19,733.18,733.18,716.42,718.64,493345,1.0,0.0
2024-07-22,731.78,738.35,715.0,738.35,520977,1.0,0.0
2024-07-23,731.74,751.41,724.25,743.94,596419,1.0,0.0
2024-07-24,740.28,747.155,715.74,715.82,1212428,1.0,0.0
2024-07-25,715.0,768.6206,700.0,754.26,1207914,1.0,0.0
2024-07-26,763.59,789.7995,750.065,752.21,939572,1.0,0.0
2024-07-29,753.42,756.74,740.29,744.81,394431,1.0,0.0
2024-07-30,744.47,754.815,721.905,737.08,803294,1.0,0.0
2024-07-31,744.34,773.61,743.635,757.1,556742,1.0,0.0
2024-08-01,756.63,757.34,710.18,716.49,701267,1.0,0.0
2024-08-02,690.0,691.945,664.06,671.43,1004257,1.0,0.0
2024-08-05,640.0,687.975,634.3,668.61,835924,1.0,0.0
2024-08-06,672.75,699.0299,663.79,681.72,464808,1.0,0.0
2024-08-07,694.75,699.975,660.81,661.59,516343,1.0,0.0
2024-08-08,674.41,691.55,665.81,689.26,503960,1.0,0.0
2024-08-09,688.79,701.2899,681.675,696.1,338680,1.0,0.0
2024-08-12,695.83,698.905,685.72,688.27,280282,1.0,0.0
2024-08-13,695.0,704.1,686.0,703.11,383296,1.0,0.0
2024-08-14,703.71,713.67,695.575,702.19,365776,1.0,1.63
2024-08-15,718.18,727.56,712.8,720.64,342276,1.0,0.0
2024-08-16,717.13,722.94,709.465,714.47,310871,1.0,0.0
2024-08-19,716.1,721.31,709.39,719.9,303104,1.0,0.0
2024-08-20,720.0,724.325,710.0,716.24,244684,1.0,0.0
2024-08-21,719.5,730.2199,717.21,724.75,206721,1.0,0.0
2024-08-22,725.6,726.05,711.15,717.05,259849,1.0,0.0
2024-08-23,721.23,748.515,721.23,745.03,283925,1.0,0.0
2024-08-26,750.0,757.85,741.37,743.38,285843,1.0,0.0
2024-08-27,737.86,742.71,733.79,736.45,276404,1.0,0.0
2024-08-28,730.93,734.72,723.79,727.73,317880,1.0,0.0
2024-08-29,732.82,740.635,719.645,728.74,276889,1.0,0.0
2024-08-30,734.69,741.58,724.16,741.26,338023,1.0,0.0
2024-09-03,727.98,733.3199,698.04,701.85,503034,1.0,0.0
2024-09-04,701.43,708.2499,697.06,700.57,397778,1.0,0.0
2024-09-05,699.31,700.58,683.65,697.52,315564,1.0,0.0
2024-09-06,698.9,709.8,680.75,681.1,372239,1.0,0.0
2024-09-09,690.27,698.86,689.0,695.94,491140,1.0,0.0
2024-09-10,700.81,704.15,691.01,704.07,511818,1.0,0.0
2024-09-11,700.0,710.9134,675.92,706.36,511582,1.0,0.0
2024-09-12,707.19,716.45,699.815,712.63,317219,1.0,0.0
2024-09-13,720.285,738.605,719.0,729.47,393141,1.0,0.0
2024-09-16,733.88,742.68,728.27,741.96,318156,1.0,0.0
2024-09-17,748.23,771.68,744.595,771.26,499997,1.0,0.0
2024-09-18,770.26,801.39,765.0,773.29,613987,1.0,0.0
2024-09-19,795.0,797.52,775.85,793.94,439122,1.0,0.0
2024-09-20,787.63,794.4152,781.33,783.6,607490,1.0,0.0
2024-09-23,796.13,803.4799,788.12,798.95,335742,1.0,0.0
2024-09-24,804.72,807.79,792.51,802.26,411986,1.0,0.0
2024-09-25,806.45,819.41,799.895,802.05,378505,1.0,0.0
2024-09-26,815.0,826.24,797.8201,802.66,734672,1.0,0.0
2024-09-27,810.0,818.5,805.17,814.1,383440,1.0,0.0
2024-09-30,805.0,810.0,796.305,809.73,453072,1.0,0.0
2024-10-01,809.13,813.144,798.91,806.79,364356,1.0,0.0
2024-10-02,796.35,806.31,789.01,796.03,499568,1.0,0.0
2024-10-03,794.93,799.82,784.24,789.17,399870,1.0,0.0
2024-10-04,804.24,804.24,781.22,789.52,416998,1.0,0.0
2024-10-07,783.15,803.3825,780.42,802.27,590909,1.0,0.0
2024-10-08,802.0,806.6125,794.0,799.71,441750,1.0,0.0
2024-10-09,801.43,814.08,797.44,813.51,452280,1.0,0.0
2024-10-10,802.09,809.18,797.92,802.83,319230,1.0,0.0
2024-10-11,805.36,821.955,805.36,819.0,484079,1.0,0.0
2024-10-14,819.0,840.565,816.4438,838.05,439229,1.0,0.0
2024-10-15,831.83,844.94,831.21,833.68,432713,1.0,0.0
2024-10-16,839.03,861.74,835.9,846.06,345643,1.0,0.0
2024-10-17,849.87,850.0,836.975,840.54,340749,1.0,0.0
2024-10-18,839.44,840.0,828.71,839.27,341329,1.0,0.0
2024-10-21,839.48,842.23,828.33,832.53,323160,1.0,0.0
2024-10-22,829.91,861.33,823.5,847.46,1035430,1.0,0.0
2024-10-23,846.68,847.89,827.55,834.18,657917,1.0,0.0
2024-10-24,835.65,840.0,808.88,824.99,687536,1.0,0.0
2024-10-25,828.7,830.71,808.72,812.5,460369,1.0,0.0
2024-10-28,819.32,831.28,814.21,824.65,462136,1.0,0.0
2024-10-29,821.38,823.845,807.51,812.44,440240,1.0,0.0
2024-10-30,807.57,822.22,806.34,812.12,410616,1.0,0.0
2024-10-31,809.33,817.4,805.861,812.8,398654,1.0,0.0
2024-11-01,820.0,821.49,792.92,793.47,741051,1.0,0.0
2024-11-04,790.59,801.6282,779.63,785.99,775304,1.0,0.0
2024-11-05,782.64,799.49,780.72,798.0,611947,1.0,0.0
2024-11-06,862.21,888.62,849.295,880.32,1651914,1.0,0.0
2024-11-07,878.75,879.34,858.69,862.43,554065,1.0,0.0
2024-11-08,863.0,882.26,863.0,875.01,468375,1.0,0.0
2024-11-11,885.0,896.98,872.33,873.88,589416,1.0,0.0
2024-11-12,875.0,877.6,858.71,868.36,385354,1.0,0.0
2024-11-13,865.69,871.21,855.0,858.83,407925,1.0,1.63
2024-11-14,860.3,860.55,840.0,849.6,630083,1.0,0.0
2024-11-15,849.46,854.5,835.11,836.0,603106,1.0,0.0
2024-11-18,834.73,841.21,829.02,832.94,478768,1.0,0.0
2024-11-19,818.47,829.8,818.47,821.16,461669,1.0,0.0
2024-11-20,824.67,827.13,817.79,820.55,402108,1.0,0.0
2024-11-21,824.0,843.525,819.01,840.74,711813,1.0,0.0
2024-11-22,849.03,852.13,840.31,849.32,465633,1.0,0.0
2024-11-25,857.81,873.42,855.14,864.39,869102,1.0,0.0
2024-11-26,860.64,873.99,852.5,873.17,368677,1.0,0.0
2024-11-27,878.42,881.17,856.19,856.98,341033,1.0,0.0
2024-11-29,869.79,875.15,862.0,866.0,201375,1.0,0.0
2024-12-02,863.88,867.16,853.96,857.05,354028,1.0,0.0
2024-12-03,861.8,869.36,851.135,869.02,479654,1.0,0.0
2024-12-04,866.03,871.94,858.86,868.24,454994,1.0,0.0
2024-12-05,866.44,866.44,853.4,854.99,346852,1.0,0.0
2024-12-06,864.96,869.33,851.545,858.92,777507,1.0,0.0
2024-12-09,860.0,861.68,828.61,835.89,462485,1.0,0.0
2024-12-10,797.4,808.62,782.56,796.02,966816,1.0,0.0
2024-12-11,808.0,815.0,793.85,796.97,556502,1.0,0.0
2024-12-12,798.47,801.13,783.6,786.59,412257,1.0,0.0
2024-12-13,786.55,788.06,774.275,778.82,384315,1.0,0.0
2024-12-16,780.08,788.42,764.45,764.9,711033,1.0,0.0
2024-12-17,759.12,762.28,751.67,758.39,480521,1.0,0.0
2024-12-18,760.64,763.07,722.975,724.15,584761,1.0,0.0
2024-12-19,735.57,739.98,709.92,710.94,731117,1.0,0.0
2024-12-20,704.49,732.37,700.48,722.64,1214109,1.0,0.0
2024-12-23,722.5,725.72,712.41,719.6,375357,1.0,0.0
2024-12-24,720.54,727.42,717.7564,727.42,137734,1.0,0.0
2024-12-26,722.45,729.045,719.16,726.11,223130,1.0,0.0
2024-12-27,718.57,726.32,709.58,716.54,280452,1.0,0.0
2024-12-30,710.62,711.0,696.17,705.99,490397,1.0,0.0
2024-12-31,706.79,711.25,700.86,704.44,363437,1.0,0.0
2025-01-02,710.69,713.222,686.68,689.83,729161,1.0,0.0
2025-01-03,693.9,696.56,687.0001,695.31,528696,1.0,0.0
2025-01-06,701.02,705.0,683.01,684.0,731420,1.0,0.0
2025-01-07,686.0,689.84,677.33,685.41,666966,1.0,0.0
2025-01-08,681.0,681.67,668.27,670.0,697636,1.0,0.0
2025-01-10,654.04,678.61,654.04,670.94,697880,1.0,0.0
2025-01-13,667.0,689.15,666.17,689.15,754984,1.0,0.0
2025-01-14,727.0,730.92,710.5888,729.86,942319,1.0,0.0
2025-01-15,750.77,754.88,734.505,741.49,934418,1.0,0.0
2025-01-16,741.09,758.88,738.0,757.42,796568,1.0,0.0
2025-01-17,763.79,779.42,762.51,771.0,897163,1.0,0.0
2025-01-21,780.0,790.0,779.21,789.0,851225,1.0,0.0
2025-01-22,790.0,790.05,778.0001,782.53,591131,1.0,0.0
2025-01-23,786.66,795.2999,779.82,788.57,574228,1.0,0.0
2025-01-24,785.8,790.74,783.185,789.56,339339,1.0,0.0
2025-01-27,775.35,777.2842,763.1237,769.91,811339,1.0,0.0
2025-01-28,773.87,773.87,761.6525,766.95,441802,1.0,0.0
2025-01-29,758.34,770.86,755.15,758.39,565013,1.0,0.0
2025-01-30,766.0,782.9499,747.115,774.08,1100893,1.0,0.0
2025-01-31,781.61,781.61,749.21,758.06,951596,1.0,0.0
2025-02-03,738.89,753.275,735.8,738.21,654982,1.0,0.0
2025-02-04,753.75,760.36,744.22,753.49,541579,1.0,0.0
2025-02-05,758.0,758.0,733.56,738.18,1033335,1.0,0.0
2025-02-06,743.35,758.7299,741.01,749.44,395874,1.0,0.0
2025-02-07,750.85,755.2876,739.47,740.7,330319,1.0,0.0
2025-02-10,749.19,753.67,743.35,747.3,346043,1.0,0.0
2025-02-11,744.0,756.76,744.0,752.99,306524,1.0,0.0
2025-02-12,739.75,742.92,720.34,734.49,479640,1.0,1.79
2025-02-13,734.8,749.24,726.2,729.37,495396,1.0,0.0
2025-02-14,731.63,744.155,731.63,741.26,415974,1.0,0.0
2025-02-18,727.0,728.99,709.345,720.35,899917,1.0,0.0
2025-02-19,709.26,714.29,699.8,709.31,637413,1.0,0.0
2025-02-20,708.42,710.29,691.12,694.77,508417,1.0,0.0
2025-02-21,696.2,697.65,650.3,657.29,1067560,1.0,0.0
2025-02-24,660.25,661.18,628.82,632.0,1286641,1.0,0.0
2025-02-25,633.0,644.41,618.6328,638.62,1130160,1.0,0.0
2025-02-26,647.28,654.7,639.4901,642.97,609195,1.0,0.0
2025-02-27,642.17,655.91,632.735,633.17,479726,1.0,0.0
2025-02-28,635.5,643.72,627.755,642.32,694835,1.0,0.0
2025-03-03,647.0,650.565,616.25,617.52,697054,1.0,0.0
2025-03-04,600.37,611.92,585.2735,597.91,1089629,1.0,0.0
2025-03-05,600.75,636.195,600.14,633.89,1201111,1.0,0.0
2025-03-06,624.93,635.35,613.44,625.88,1126232,1.0,0.0
2025-03-07,623.6,630.88,612.11,628.76,1000667,1.0,0.0
2025-03-10,615.75,620.52,594.02,599.75,919256,1.0,0.0
2025-03-11,597.53,608.99,597.53,600.76,684071,1.0,0.0
2025-03-12,610.08,617.16,597.75,609.35,657989,1.0,0.0
2025-03-13,609.27,615.59,588.84,594.17,689913,1.0,0.0
2025-03-14,607.1,625.625,603.5958,622.92,823623,1.0,0.0
2025-03-17,616.97,627.71,615.63,620.71,568093,1.0,0.0
2025-03-18,616.93,618.07,604.28,609.06,452403,1.0,0.0
2025-03-19,609.01,632.06,609.01,626.94,524541,1.0,0.0
2025-03-20,619.73,636.965,616.895,630.69,555294,1.0,0.0
2025-03-21,621.32,630.48,611.36,628.16,766944,1.0,0.0
2025-03-24,640.86,652.0,639.82,647.08,614890,1.0,0.0
2025-03-25,653.18,657.2998,646.045,653.39,693848,1.0,0.0
2025-03-26,653.62,659.74,635.81,641.6,458757,1.0,0.0
2025-03-27,637.82,652.19,628.7866,645.92,427692,1.0,0.0
2025-03-28,641.28,642.975,620.39,627.65,401070,1.0,0.0
2025-03-31,614.15,628.732,597.425,626.7,781750,1.0,0.0
2025-04-01,620.63,632.85,612.865,631.99,559770,1.0,0.0
2025-04-02,618.7,647.58,616.48,646.17,512229,1.0,0.0
2025-04-03,604.17,610.0,587.9,591.17,760673,1.0,0.0
2025-04-04,572.5,583.3053,544.32,564.57,1180823,1.0,0.0
2025-04-07,542.32,586.1,525.9136,560.79,1182817,1.0,0.0
2025-04-08,583.2,597.68,541.32,551.94,903553,1.0,0.0
2025-04-09,537.3,617.01,533.445,611.12,2342767,1.0,0.0
2025-04-10,596.52,599.12,559.58,579.94,1104431,1.0,0.0
2025-04-11,574.92,588.475,565.61,582.9,769171,1.0,0.0
2025-04-14,594.97,600.96,578.315,596.83,998926,1.0,0.0
2025-04-15,596.83,607.71,595.0,597.18,530785,1.0,0.0
2025-04-16,593.91,599.47,575.51,585.23,592152,1.0,0.0
2025-04-17,586.88,597.77,585.255,591.5,367853,1.0,0.0
2025-04-21,583.63,588.3393,562.0,570.6,489974,1.0,0.0
2025-04-22,575.51,579.4199,557.05,574.76,825178,1.0,0.0
2025-04-23,601.37,614.91,588.35,589.21,885070,1.0,0.0
2025-04-24,613.96,657.0,605.43,647.36,1534828,1.0,0.0
2025-04-25,641.06,648.895,627.06,633.6,812428,1.0,0.0
2025-04-28,633.74,644.14,622.73,629.18,575478,1.0,0.0
2025-04-29,628.0,632.09,621.64,630.18,479945,1.0,0.0
2025-04-30,619.59,634.09,611.93,631.45,570617,1.0,0.0
2025-05-01,632.25,655.49,632.25,640.6,690157,1.0,0.0
2025-05-02,651.84,671.54,648.82,665.4,884238,1.0,0.0
2025-05-05,656.12,672.26,656.12,657.73,721184,1.0,0.0
2025-05-06,648.35,656.96,645.18,651.65,593032,1.0,0.0
2025-05-07,654.75,659.73,647.05,651.75,505369,1.0,0.0
2025-05-08,665.97,676.9323,656.9501,670.0,671258,1.0,0.0
2025-05-09,667.71,676.48,666.95,672.4,599003,1.0,0.0
2025-05-12,710.44,723.04,698.3273,711.83,1002696,1.0,0.0
2025-05-13,717.16,732.0,715.34,721.95,698167,1.0,0.0
2025-05-14,720.16,723.0,708.8101,713.35,444664,1.0,1.79
2025-05-15,709.22,717.27,704.315,713.32,608628,1.0,0.0
2025-05-16,717.73,729.34,712.25,725.67,477799,1.0,0.0
2025-05-19,709.46,726.26,707.51,723.98,381478,1.0,0.0
2025-05-20,718.1,723.91,712.15,715.47,335910,1.0,0.0
2025-05-21,706.08,713.4,694.3,695.8,488280,1.0,0.0
2025-05-22,701.85,706.99,694.121,703.66,424110,1.0,0.0
2025-05-23,687.51,704.79,687.51,700.1,333195,1.0,0.0
2025-05-27,713.84,720.0,704.815,717.56,403712,1.0,0.0
2025-05-28,720.2,722.8299,710.53,712.14,273962,1.0,0.0
2025-05-29,719.22,719.48,708.585,714.98,355347,1.0,0.0
2025-05-30,704.63,714.45,700.44,708.38,729812,1.0,0.0
2025-06-02,709.4,709.44,681.98,691.15,571255,1.0,0.0
2025-06-03,700.53,704.31,693.45,702.89,333987,1.0,0.0
2025-06-04,706.37,708.63,696.57,696.57,266838,1.0,0.0
2025-06-05,696.59,704.37,692.0,699.18,255579,1.0,0.0
2025-06-06,709.69,712.36,703.495,706.65,302172,1.0,0.0
2025-06-09,712.42,713.76,706.57,707.21,262721,1.0,0.0
2025-06-10,708.63,716.06,702.4,715.74,441589,1.0,0.0
2025-06-11,717.95,723.255,713.625,719.95,529197,1.0,0.0
2025-06-12,710.2,717.6399,704.51,716.92,376601,1.0,0.0
2025-06-13,700.0,705.855,691.72,694.84,468484,1.0,0.0
2025-06-16,702.7,707.03,682.075,688.38,625511,1.0,0.0
2025-06-17,685.04,712.75,685.04,694.99,627198,1.0,0.0
2025-06-18,695.41,708.93,692.7,698.67,373042,1.0,0.0
2025-06-20,704.29,712.03,701.59,705.4,714664,1.0,0.0
2025-06-23,701.78,716.73,693.78,716.57,334287,1.0,0.0
2025-06-24,725.0,743.76,718.9,740.77,680014,1.0,0.0
2025-06-25,743.66,748.07,735.88,736.18,504038,1.0,0.0
2025-06-26,740.0,744.27,728.06,742.07,519409,1.0,0.0
2025-06-27,749.7,758.33,745.01,752.62,924469,1.0,0.0
2025-06-30,756.315,757.0,750.3,753.4,406365,1.0,0.0
2025-07-01,752.98,781.98,745.04,774.14,628542,1.0,0.0
2025-07-02,776.33,788.0,773.035,787.79,661446,1.0,0.0
2025-07-03,788.0,794.525,786.7,792.5,342929,1.0,0.0
2025-07-07,788.07,793.76,777.23,783.94,602668,1.0,0.0
2025-07-08,784.81,803.51,783.33,791.48,598390,1.0,0.0
2025-07-09,800.0,806.45,791.86,803.99,378856,1.0,0.0
2025-07-10,808.0,826.46,806.5,819.74,581578,1.0,0.0
2025-07-11,811.65,817.409,808.155,814.28,603988,1.0,0.0
2025-07-14,809.77,815.285,802.44,808.67,556257,1.0,0.0
2025-07-15,812.57,815.0,798.17,798.17,776660,1.0,0.0
2025-07-16,800.0,803.46,778.2982,798.47,549070,1.0,0.0
2025-07-17,801.0,818.72,798.96,816.81,805045,1.0,0.0
2025-07-18,820.24,821.91,804.59,808.05,390232,1.0,0.0
2025-07-21,815.9,815.9,777.985,778.02,721611,1.0,0.0
2025-07-22,779.94,795.545,777.45,791.04,839118,1.0,0.0
2025-07-23,799.52,808.25,796.305,803.25,726351,1.0,0.0
2025-07-24,829.22,875.51,816.125,875.25,1594541,1.0,0.0
2025-07-25,873.35,890.0,862.96,890.0,872828,1.0,0.0
2025-07-28,890.0,903.605,885.89,899.46,806601,1.0,0.0
2025-07-29,903.0,903.4375,879.196,882.24,751822,1.0,0.0
2025-07-30,885.0,889.84,873.8,880.42,533352,1.0,0.0
2025-07-31,872.66,886.6199,872.35,882.94,450892,1.0,0.0
2025-08-01,860.88,862.72,842.175,859.62,655439,1.0,0.0
2025-08-04,862.04,870.955,853.55,868.57,456963,1.0,0.0
2025-08-05,871.2,879.59,853.8,867.08,371541,1.0,0.0
2025-08-06,869.29,869.4825,854.0,861.26,436014,1.0,0.0
2025-08-07,872.39,872.39,848.75,854.61,431812,1.0,0.0
2025-08-08,859.19,862.6244,853.12,858.97,273089,1.0,0.0
2025-08-11,860.14,870.38,852.8,869.7,437006,1.0,0.0
2025-08-12,875.25,918.72,874.03,916.95,695920,1.0,0.0
2025-08-13,916.0,933.32,912.165,932.23,437393,1.0,1.79
2025-08-14,921.62,929.71,906.9901,921.45,637746,1.0,0.0
2025-08-15,926.77,928.79,908.88,908.88,372732,1.0,0.0
2025-08-18,910.01,916.0,906.99,914.04,309509,1.0,0.0
2025-08-19,915.15,925.805,910.66,915.64,306045,1.0,0.0
2025-08-20,910.0,915.5,886.675,901.87,466705,1.0,0.0
2025-08-21,901.0,901.0,888.03,890.12,365840,1.0,0.0
2025-08-22,896.72,937.45,890.78,929.95,767826,1.0,0.0
2025-08-25,929.95,946.0,927.477,939.49,684712,1.0,0.0
2025-08-26,936.125,946.97,931.64,943.7,799530,1.0,0.0
2025-08-27,939.13,951.535,937.9962,949.34,276859,1.0,0.0
2025-08-28,952.97,960.0,947.205,955.24,527749,1.0,0.0
2025-08-29,961.16,961.16,947.73,956.34,508062,1.0,0.0
2025-09-02,943.37,959.05,935.02,958.77,468623,1.0,0.0
2025-09-03,959.0,965.0,941.79,945.26,508304,1.0,0.0
2025-09-04,948.92,966.65,947.865,964.66,405033,1.0,0.0
2025-09-05,965.81,980.53,955.385,975.23,440236,1.0,0.0
2025-09-08,973.41,974.45,959.0624,970.23,585158,1.0,0.0
2025-09-09,965.0,965.42,934.84,945.33,424663,1.0,0.0
2025-09-10,948.58,958.02,940.94,944.81,540408,1.0,0.0
2025-09-11,947.38,970.5698,947.38,959.59,450149,1.0,0.0
2025-09-12,954.71,957.29,936.4,938.0,534964,1.0,0.0
2025-09-15,940.37,957.745,938.145,947.9,532998,1.0,0.0
2025-09-16,960.66,963.845,941.0,958.65,447425,1.0,0.0
2025-09-17,961.21,967.4,925.65,931.01,760270,1.0,0.0
2025-09-18,940.95,956.08,936.0,942.79,634211,1.0,0.0
2025-09-19,947.19,947.19,935.165,941.52,1035015,1.0,0.0
2025-09-22,944.1,948.09,934.82,943.42,509338,1.0,0.0
2025-09-23,956.01,972.1175,950.01,955.22,592080,1.0,0.0
2025-09-24,957.0,960.0696,934.8001,935.78,386690,1.0,0.0
2025-09-25,919.25,932.41,913.59,931.25,392193,1.0,0.0
2025-09-26,931.46,950.48,931.09,947.27,378312,1.0,0.0
2025-09-29,956.74,956.74,935.98,943.89,381052,1.0,0.0
2025-09-30,942.33,957.355,941.085,954.66,417930,1.0,0.0
2025-10-01,967.0,970.14,959.13,962.92,395875,1.0,0.0
2025-10-02,959.25,978.46,954.56,978.22,385067,1.0,0.0
2025-10-03,979.5,997.5,979.5,980.8,334680,1.0,0.0
2025-10-06,979.78,989.0,969.29,987.34,308696,1.0,0.0
2025-10-07,988.67,1003.57,983.775,988.59,417626,1.0,0.0
2025-10-08,991.48,1004.92,985.26,994.37,378942,1.0,0.0
2025-10-09,995.16,998.16,976.1,980.43,314380,1.0,0.0
2025-10-10,986.04,988.9999,949.91,950.03,461498,1.0,0.0
2025-10-13,960.1,979.365,960.1,974.54,286248,1.0,0.0
2025-10-14,960.87,1007.97,955.42,1000.5,306093,1.0,0.0
2025-10-15,1004.78,1021.36,999.125,1020.0,447874,1.0,0.0
2025-10-16,1020.0,1021.47,1002.04,1005.65,572621,1.0,0.0
2025-10-17,998.87,1007.3751,975.0,980.37,512421,1.0,0.0
2025-10-20,986.22,1004.28,981.2,1000.29,289111,1.0,0.0
2025-10-21,995.22,1015.68,991.49,1002.29,328857,1.0,0.0
2025-10-22,1003.0,1008.23,986.725,991.5,563922,1.0,0.0
2025-10-23,950.01,991.08,907.6125,914.3,1264465,1.0,0.0
2025-10-24,924.76,933.0,912.54,913.33,770672,1.0,0.0
2025-10-27,918.59,920.425,885.88,900.34,797045,1.0,0.0
2025-10-28,901.4,902.115,874.98,875.67,873105,1.0,0.0
2025-10-29,882.24,896.465,867.04,870.78,656133,1.0,0.0
2025-10-30,867.73,883.03,858.49,858.91,503791,1.0,0.0
2025-10-31,857.82,883.475,850.0001,871.18,697612,1.0,0.0
2025-11-03,866.0,868.225,855.0,857.41,567405,1.0,0.0
2025-11-04,850.0,859.48,845.67,852.76,468172,1.0,0.0
2025-11-05,850.37,855.78,840.64,844.51,494618,1.0,0.0
2025-11-06,844.75,851.55,833.76,845.04,758436,1.0,0.0
2025-11-07,836.38,851.65,833.45,848.25,376832,1.0,0.0
2025-11-10,855.78,862.9834,843.83,854.53,429907,1.0,0.0
2025-11-11,852.52,863.6452,847.526,855.01,310068,1.0,0.0
2025-11-12,853.22,866.86,853.02,860.71,440612,1.0,1.79
2025-11-13,858.97,865.995,841.86,843.26,483412,1.0,0.0
2025-11-14,842.5,845.0,829.0101,834.03,396871,1.0,0.0
2025-11-17,834.03,836.5,798.67,806.61,793803,1.0,0.0
2025-11-18,806.04,813.105,798.9,800.5,780995,1.0,0.0
2025-11-19,800.08,809.469,791.45,792.27,619502,1.0,0.0
2025-11-20,806.6,813.92,769.88,770.0,893388,1.0,0.0
2025-11-21,776.48,815.94,772.57,800.0,1320578,1.0,0.0
2025-11-24,801.1,817.8499,798.1,811.0,951949,1.0,0.0
2025-11-25,813.86,821.635,805.7794,810.0,1100126,1.0,0.0
2025-11-26,814.42,819.17,806.59,814.97,787030,1.0,0.0
2025-11-28,820.05,823.01,814.19,815.18,262211,1.0,0.0
2025-12-01,809.31,815.67,802.3,805.24,608297,1.0,0.0
2025-12-02,810.66,812.255,798.88,800.83,512151,1.0,0.0
2025-12-03,800.6,816.12,797.0,813.66,791987,1.0,0.0
2025-12-04,817.93,824.21,802.61,807.74,861725,1.0,0.0
2025-12-05,810.0,813.91,794.52,796.91,697537,1.0,0.0
2025-12-08,794.72,805.83,782.49,785.04,1059948,1.0,0.0
2025-12-09,784.02,810.56,784.02,789.9,919513,1.0,0.0
2025-12-10,789.0,816.42,786.645,813.59,839187,1.0,0.0
2025-12-11,815.62,837.17,810.68,833.85,756265,1.0,0.0
2025-12-12,838.13,852.145,816.05,818.31,708439,1.0,0.0
2025-12-15,820.2,820.2,800.29,810.44,559496,1.0,0.0
2025-12-16,809.44,829.655,801.62,818.68,655524,1.0,0.0
2025-12-17,822.38,824.99,784.27,792.54,839428,1.0,0.0
2025-12-18,806.51,828.26,795.92,800.53,774040,1.0,0.0
2025-12-19,795.77,812.71,792.81,812.42,1223384,1.0,0.0
2025-12-22,815.06,821.58,807.29,816.73,487181,1.0,0.0
2025-12-23,816.69,821.3,810.11,817.85,313496,1.0,0.0
2025-12-24,817.41,828.0,817.41,824.77,189896,1.0,0.0
2025-12-26,823.14,828.01,819.89,827.94,195734,1.0,0.0
2025-12-29,825.54,829.909,815.92,819.51,300707,1.0,0.0
2025-12-30,817.57,824.375,813.53,817.25,226631,1.0,0.0
2025-12-31,819.9,819.9,808.77,809.32,315593,1.0,0.0
2026-01-02,810.59,847.15,810.59,845.06,536573,1.0,0.0
2026-01-05,860.0,906.02,858.5,887.01,1145392,1.0,0.0
2026-01-06,888.39,896.01,872.48,892.1,777039,1.0,0.0
2026-01-07,896.22,896.22,872.12,880.88,543573,1.0,0.0
2026-01-08,877.39,925.65,877.39,917.86,821828,1.0,0.0
2026-01-09,934.23,949.04,928.0,938.79,753314,1.0,0.0
2026-01-12,935.0,952.9,933.86,948.49,579844,1.0,0.0
2026-01-13,949.0,954.9999,927.0,940.17,610229,1.0,0.0
2026-01-14,937.0,941.87,914.04,917.34,564622,1.0,0.0
2026-01-15,925.81,933.32,920.0,926.57,342539,1.0,0.0
2026-01-16,925.52,933.005,920.64,921.24,407427,1.0,0.0
2026-01-20,904.84,917.44,896.76,910.55,566618,1.0,0.0
2026-01-21,920.0,949.255,914.17,940.09,572903,1.0,0.0
2026-01-22,949.79,961.19,949.32,956.01,585906,1.0,0.0
2026-01-23,946.68,952.6,914.68,919.03,574203,1.0,0.0
2026-01-26,922.0,922.955,909.74,911.16,445732,1.0,0.0
2026-01-27,905.0,913.485,898.705,907.45,408230,1.0,0.0
2026-01-28,911.78,915.485,900.02,903.19,612475,1.0,0.0
2026-01-29,845.06,845.06,757.3,787.04,2809460,1.0,0.0
2026-01-30,780.12,803.3,775.0,782.06,1038138,1.0,0.0
2026-02-02,784.31,796.77,775.62,778.98,1123569,1.0,0.0
2026-02-03,785.76,798.87,775.67,792.75,951711,1.0,0.0
2026-02-04,792.75,850.45,789.055,848.13,1538317,1.0,0.0
2026-02-05,831.65,855.0,826.24,847.77,972476,1.0,0.0
2026-02-06,860.1,903.57,857.265,899.55,962738,1.0,0.0
2026-02-09,896.45,908.185,874.165,876.52,663265,1.0,0.0
2026-02-10,884.75,889.47,872.39,876.58,429990,1.0,0.0
2026-02-11,882.38,898.24,868.35,873.83,750603,1.0,1.97
2026-02-12,878.42,903.03,868.41,869.46,630144,1.0,0.0
2026-02-13,867.26,883.97,858.69,869.57,587133,1.0,0.0
2026-02-17,862.52,877.055,848.37,863.28,597506,1.0,0.0
2026-02-18,863.26,881.52,854.64,880.18,414258,1.0,0.0
2026-02-19,873.0,889.71,865.0,888.98,448624,1.0,0.0
2026-02-20,882.95,909.92,880.34,909.11,491477,1.0,0.0
2026-02-23,900.55,904.63,877.155,882.7,543494,1.0,0.0
2026-02-24,885.0,909.79,881.5,896.88,450856,1.0,0.0
2026-02-25,900.75,904.5,852.26,854.46,725007,1.0,0.0
2026-02-26,863.57,863.57,839.22,858.09,437438,1.0,0.0
2026-02-27,839.22,845.89,818.7581,840.0,908718,1.0,0.0
2026-03-02,822.8,831.97,796.55,820.58,772400,1.0,0.0
2026-03-03,797.75,842.855,792.01,833.47,751529,1.0,0.0
2026-03-04,839.51,852.265,829.54,851.88,514807,1.0,0.0
2026-03-05,837.53,857.75,835.5,842.93,533502,1.0,0.0
2026-03-06,820.0,820.155,802.72,809.6,720699,1.0,0.0
2026-03-09,798.63,826.51,784.26,820.68,1007220,1.0,0.0
2026-03-10,815.41,820.07,768.545,775.79,1026600,1.0,0.0
2026-03-11,776.13,785.525,772.81,780.57,398722,1.0,0.0
2026-03-12,766.51,771.825,733.6,733.82,861562,1.0,0.0
2026-03-13,738.0,745.11,727.4,737.22,810444,1.0,0.0
2026-03-16,747.0,754.09,737.25,743.13,499489,1.0,0.0
2026-03-17,746.74,755.0,732.54,745.02,507398,1.0,0.0
2026-03-18,738.98,750.06,724.67,725.3,431511,1.0,0.0
2026-03-19,713.82,729.0,701.59,719.95,624123,1.0,0.0
2026-03-20,709.87,718.85,702.02,710.47,706316,1.0,0.0
2026-03-23,737.28,747.25,727.355,732.05,570718,1.0,0.0
2026-03-24,724.53,752.3,720.0001,746.84,495347,1.0,0.0
2026-03-25,758.4,761.6,737.31,747.59,482115,1.0,0.0
2026-03-26,739.56,752.34,736.0401,742.22,422489,1.0,0.0
2026-03-27,726.57,747.63,725.01,734.3,590171,1.0,0.0
2026-03-30,737.57,742.62,712.435,713.86,513640,1.0,0.0
2026-03-31,723.69,739.785,711.4801,728.56,779411,1.0,0.0
2026-04-01,734.07,739.1169,724.31,731.54,583895,1.0,0.0
2026-04-02,719.41,740.395,709.45,732.09,493142,1.0,0.0
2026-04-06,730.86,737.3899,727.66,736.5,269914,1.0,0.0
2026-04-07,730.73,737.31,723.93,732.74,336089,1.0,0.0
2026-04-08,767.89,773.44,747.22,760.69,677980,1.0,0.0
2026-04-09,758.76,768.0,749.52,767.36,460254,1.0,0.0
2026-04-10,768.32,776.31,760.49,771.93,357712,1.0,0.0
2026-04-13,767.27,779.53,760.48,779.53,423440,1.0,0.0
2026-04-14,777.87,782.62,767.67,771.01,449465,1.0,0.0
2026-04-15,771.07,777.9,756.69,765.29,525713,1.0,0.0
2026-04-16,771.15,793.8,768.0115,777.49,486236,1.0,0.0
2026-04-17,790.88,808.56,774.81,796.15,601476,1.0,0.0
2026-04-20,796.49,819.53,796.49,812.27,407032,1.0,0.0
2026-04-21,815.91,834.98,806.005,806.22,428629,1.0,0.0
2026-04-22,816.29,820.4931,801.26,802.79,585211,1.0,0.0
2026-04-23,943.01,993.96,935.0,986.78,1635318,1.0,0.0
2026-04-24,997.99,1001.12,964.0347,974.41,1043777,1.0,0.0
2026-04-27,974.4,980.0,954.1,959.85,529014,1.0,0.0
2026-04-28,962.55,973.9999,955.64,962.72,540666,1.0,0.0
2026-04-29,968.43,977.66,942.825,952.13,438573,1.0,0.0
2026-04-30,961.19,965.33,945.66,959.84,816504,1.0,0.0
2026-05-01,974.24,974.24,943.87,949.23,505748,1.0,0.0
2026-05-04,951.92,952.15,921.02,925.21,453667,1.0,0.0
2026-05-05,930.31,945.53,929.14,933.95,564369,1.0,0.0
2026-05-06,945.0,965.75,940.825,964.5,684399,1.0,0.0
2026-05-07,966.39,973.72,934.31,944.12,478513,1.0,0.0
2026-05-08,946.29,948.5,931.505,937.0,377279,1.0,0.0
2026-05-11,938.4,944.18,931.45,938.15,493303,1.0,0.0
2026-05-12,947.0,967.36,931.5,955.76,732433,1.0,0.0
2026-05-13,949.43,953.96,930.77,935.26,649988,1.0,1.97
2026-05-14,943.27,976.19,943.27,972.96,384877,1.0,0.0
2026-05-15,967.7,969.01,949.745,961.15,524549,1.0,0.0
2026-05-18,955.43,967.59,939.82,944.57,572543,1.0,0.0
2026-05-19,942.07,942.07,911.15,927.62,541178,1.0,0.0
2026-05-20,936.57,945.46,921.4,936.27,617417,1.0,0.0
2026-05-21,927.31,943.73,916.92,932.18,303743,1.0,0.0
2026-05-22,935.96,947.805,930.69,938.62,339349,1.0,0.0
2026-05-26,942.84,967.93,936.2,962.92,354394,1.0,0.0
2026-05-27,969.73,989.9703,965.0,988.24,478650,1.0,0.0
2026-05-28,978.88,994.45,967.12,988.42,360695,1.0,0.0
2026-05-29,982.49,1004.885,977.65,995.67,573522,1.0,0.0
2026-06-01,987.075,1001.655,974.21,997.82,502388,1.0,0.0
2026-06-02,998.59,1015.0,993.4787,994.82,321891,1.0,0.0
2026-06-03,1004.41,1067.88,995.87,1056.58,860199,1.0,0.0
2026-06-04,1062.03,1091.23,1050.1001,1084.62,581416,1.0,0.0
2026-06-05,1080.0,1082.8699,1053.85,1067.77,560908,1.0,0.0
2026-06-08,1065.5,1093.97,1062.24,1084.05,454092,1.0,0.0
2026-06-09,1087.95,1106.878,1070.0,1094.17,455466,1.0,0.0
2026-06-10,1093.77,1097.39,1054.02,1056.35,575278,1.0,0.0
2026-06-11,1065.01,1076.04,1045.92,1068.49,720870,1.0,0.0
2026-06-12,1084.42,1087.32,1063.15,1074.24,450498,1.0,0.0
2026-06-15,1086.07,1093.57,1075.92,1084.01,671339,1.0,0.0
2026-06-16,1078.55,1087.22,1065.07,1069.81,434881,1.0,0.0
2026-06-17,1070.13,1080.01,1048.71,1048.97,433302,1.0,0.0
2026-06-18,1063.59,1091.9,1063.59,1076.81,846539,1.0,0.0
