date,open,high,low,close,volume,splitfactor,divcash
2000-01-03,17.75,17.88,17.31,17.38,3833200,1.0,0.0
2000-01-04,17.31,18.0,17.13,17.31,4736900,1.0,0.0
2000-01-05,17.25,17.63,17.19,17.31,2676000,1.0,0.0
2000-01-06,17.38,17.38,16.69,17.25,2428500,1.0,0.0
2000-01-07,17.19,17.25,16.5,16.56,2461900,1.0,0.0
2000-01-10,16.88,16.88,16.38,16.63,2145600,1.0,0.0
2000-01-11,16.56,16.62,16.12,16.44,1388000,1.0,0.0
2000-01-12,16.38,16.88,16.38,16.81,1638400,1.0,0.0
2000-01-13,16.81,17.38,16.75,16.94,2438200,1.0,0.0
2000-01-14,16.94,16.94,16.63,16.75,1205700,1.0,0.0
2000-01-18,16.88,17.06,16.69,16.75,1922400,1.0,0.0
2000-01-19,16.94,17.25,16.81,17.13,1665300,1.0,0.0
2000-01-20,17.06,17.13,16.56,16.75,1770300,1.0,0.0
2000-01-21,17.06,17.06,16.56,16.63,2491100,1.0,0.0
2000-01-24,16.75,16.88,16.19,16.31,1929700,1.0,0.0
2000-01-25,16.13,16.5,15.75,16.06,2462900,1.0,0.0
2000-01-26,16.5,17.0,16.31,16.56,2689000,1.0,0.0
2000-01-27,17.06,17.81,16.81,17.31,3919100,1.0,0.0
2000-01-28,17.63,18.06,17.38,17.69,4148000,1.0,0.0
2000-01-31,17.75,18.0,17.38,17.5,4220800,1.0,0.0
2000-02-01,17.5,17.69,17.13,17.5,2508200,1.0,0.0
2000-02-02,17.5,17.63,17.25,17.38,3076400,1.0,0.0
2000-02-03,17.63,18.5,17.38,18.13,3936100,1.0,0.0
2000-02-04,18.25,18.31,17.5,17.81,2430000,1.0,0.0
2000-02-07,17.81,17.81,17.38,17.38,1812700,1.0,0.0
2000-02-08,17.56,17.63,16.5,16.75,2746800,1.0,0.0
2000-02-09,17.0,17.0,16.0,16.31,2866300,1.0,0.0
2000-02-10,16.31,16.31,14.63,15.0,8920800,1.0,0.0
2000-02-11,15.13,15.31,13.88,14.5,7279600,1.0,0.0
2000-02-14,14.56,15.13,14.13,14.69,1886600,1.0,0.0
2000-02-15,14.88,14.94,14.13,14.56,3668100,1.0,0.0
2000-02-16,14.5,15.25,14.19,14.5,3947000,1.0,0.0
2000-02-17,15.44,15.94,14.94,15.88,2847000,1.0,0.0
2000-02-18,15.75,15.81,15.44,15.5,2752600,1.0,0.0
2000-02-22,15.75,16.25,15.75,16.13,4359300,1.0,0.0
2000-02-23,16.13,16.25,15.75,15.75,4033200,1.0,0.0
2000-02-24,15.94,16.0,15.5,15.75,3297300,1.0,0.0
2000-02-25,15.31,15.69,15.19,15.25,2252500,1.0,0.0
2000-02-28,15.31,15.44,14.81,15.0,1811500,1.0,0.0
2000-02-29,15.13,15.19,14.75,15.0,2533900,1.0,0.0
2000-03-01,15.13,15.25,14.63,14.75,2881500,1.0,0.0
2000-03-02,15.0,15.0,14.38,14.5,2083600,1.0,0.0
2000-03-03,14.81,14.81,14.5,14.63,2996500,1.0,0.0
2000-03-06,14.63,14.69,14.13,14.19,2744400,1.0,0.0
2000-03-07,14.31,14.38,13.88,13.94,3043900,1.0,0.0
2000-03-08,13.94,14.19,13.75,13.94,2411500,1.0,0.0
2000-03-09,13.94,14.06,13.69,13.94,2159000,1.0,0.0
2000-03-10,13.94,14.19,13.63,14.0,3602400,1.0,0.0
2000-03-13,13.94,14.06,13.75,13.94,2257200,1.0,0.0
2000-03-14,13.81,13.94,13.0,13.25,2965900,1.0,0.0
2000-03-15,13.25,13.44,13.06,13.25,2452900,1.0,0.0
2000-03-16,13.56,13.56,13.0,13.44,4848300,1.0,0.0
2000-03-17,13.75,14.75,13.44,14.25,6011700,1.0,0.0
2000-03-20,14.0,14.44,13.63,14.38,1771000,1.0,0.0
2000-03-21,14.38,14.44,13.88,13.94,2576000,1.0,0.0
2000-03-22,13.69,14.06,13.63,14.0,3040500,1.0,0.0
2000-03-23,13.94,14.38,13.94,14.0,2885500,1.0,0.0
2000-03-24,13.88,14.0,13.31,13.56,3613400,1.0,0.0
2000-03-27,13.5,14.38,13.5,14.25,3566100,1.0,0.0
2000-03-28,14.25,14.25,13.06,13.06,3799700,1.0,0.0
2000-03-29,13.81,14.25,13.38,14.13,4698100,1.0,0.0
2000-03-30,14.19,14.19,13.75,13.81,4463300,1.0,0.0
2000-03-31,13.81,13.88,13.56,13.69,3595100,1.0,0.0
2000-04-03,13.88,14.25,13.5,14.19,2803700,1.0,0.0
2000-04-04,14.19,14.69,13.75,14.25,3690700,1.0,0.0
2000-04-05,14.0,14.25,13.75,13.81,1772500,1.0,0.0
2000-04-06,13.88,14.69,13.81,14.31,1981700,1.0,0.0
2000-04-07,14.44,15.19,14.44,14.94,2653100,1.0,0.0
2000-04-10,15.06,15.69,15.06,15.56,3091200,1.0,0.0
2000-04-11,15.44,15.5,14.88,15.31,1919800,1.0,0.0
2000-04-12,15.31,15.38,14.69,15.25,2009700,1.0,0.0
2000-04-13,15.13,15.19,14.56,14.56,1606200,1.0,0.0
2000-04-14,14.31,14.5,13.75,13.81,3181500,1.0,0.0
2000-04-17,13.81,13.88,13.31,13.5,2824700,1.0,0.0
2000-04-18,13.63,14.31,13.63,14.31,2441300,1.0,0.0
2000-04-19,14.31,14.31,13.81,13.88,1697700,1.0,0.0
2000-04-20,13.94,14.06,13.81,14.0,2278500,1.0,0.0
2000-04-24,14.0,14.88,13.94,14.81,2983400,1.0,0.0
2000-04-25,15.0,15.44,14.38,15.06,2445600,1.0,0.0
2000-04-26,15.19,15.44,15.06,15.06,1640400,1.0,0.0
2000-04-27,15.13,15.13,14.56,14.94,2388100,1.0,0.0
2000-04-28,15.06,16.31,15.06,16.0,3653300,1.0,0.0
2000-05-01,16.06,16.5,15.81,15.81,1969600,1.0,0.0
2000-05-02,15.81,15.81,15.44,15.44,1386900,1.0,0.0
2000-05-03,15.38,15.44,14.69,14.81,1306000,1.0,0.0
2000-05-04,14.94,15.13,14.69,14.94,1577200,1.0,0.0
2000-05-05,15.0,16.06,14.88,15.75,2290800,1.0,0.0
2000-05-08,15.63,15.94,15.44,15.5,1894300,1.0,0.0
2000-05-09,15.44,15.56,14.75,15.0,1278100,1.0,0.0
2000-05-10,15.0,15.25,14.81,15.0,1137600,1.0,0.0
2000-05-11,16.69,19.0,15.75,18.94,12046700,1.0,0.0
2000-05-12,18.81,19.44,18.13,19.19,4319500,1.0,0.0
2000-05-15,18.94,19.44,18.56,18.81,2361800,1.0,0.0
2000-05-16,18.69,19.25,18.44,18.75,2037600,1.0,0.0
2000-05-17,18.63,18.88,18.44,18.75,1142200,1.0,0.0
2000-05-18,18.69,18.75,18.19,18.38,1599900,1.0,0.0
2000-05-19,18.06,18.38,17.69,18.25,1912100,1.0,0.0
2000-05-22,18.38,18.44,18.0,18.25,2173700,1.0,0.0
2000-05-23,18.25,18.94,18.13,18.81,1534700,1.0,0.0
2000-05-24,18.88,19.13,18.38,18.88,2268900,1.0,0.0
2000-05-25,18.69,19.75,18.31,19.44,2830200,1.0,0.0
2000-05-26,19.81,20.5,19.81,20.38,3112800,1.0,0.0
2000-05-30,20.13,20.38,19.88,20.25,2131900,1.0,0.0
2000-05-31,20.25,20.88,19.94,20.38,2184600,1.0,0.0
2000-06-01,20.44,20.63,19.88,20.31,2578800,1.0,0.0
2000-06-02,20.25,20.31,19.0,19.31,2465300,1.0,0.0
2000-06-05,19.44,20.19,19.25,19.88,1612900,1.0,0.0
2000-06-06,19.5,19.63,19.06,19.38,1325200,1.0,0.0
2000-06-07,19.25,19.56,19.19,19.31,1016500,1.0,0.0
2000-06-08,19.06,19.13,18.44,18.56,1672100,1.0,0.0
2000-06-09,18.63,19.13,18.5,19.13,1295200,1.0,0.0
2000-06-12,19.25,19.69,18.94,19.13,1287300,1.0,0.0
2000-06-13,18.69,18.88,18.0,18.38,1892500,1.0,0.0
2000-06-14,18.38,18.63,18.19,18.25,2204500,1.0,0.0
2000-06-15,18.25,18.31,17.69,17.88,2042200,1.0,0.0
2000-06-16,17.81,17.81,17.19,17.44,1812900,1.0,0.0
2000-06-19,17.56,18.13,17.44,17.88,1874100,1.0,0.0
2000-06-20,17.94,17.94,17.38,17.69,1248600,1.0,0.0
2000-06-21,17.63,18.13,17.13,17.81,2178800,1.0,0.0
2000-06-22,17.56,18.0,17.31,17.69,1315600,1.0,0.0
2000-06-23,17.63,17.63,17.0,17.13,1028200,1.0,0.0
2000-06-26,17.38,17.69,17.19,17.44,1415000,1.0,0.0
2000-06-27,17.44,18.44,17.38,17.5,2870100,1.0,0.0
2000-06-28,17.25,17.56,16.94,17.25,1389500,1.0,0.0
2000-06-29,17.0,17.38,16.38,17.19,1791200,1.0,0.0
2000-06-30,17.19,19.1,17.19,19.0,3256100,1.0,0.0
2000-07-03,18.81,18.88,18.13,18.81,813900,1.0,0.0
2000-07-05,18.81,19.25,18.31,19.06,2172500,1.0,0.0
2000-07-06,19.06,20.19,19.0,19.5,2388800,1.0,0.0
2000-07-07,19.25,19.5,19.06,19.19,1395600,1.0,0.0
2000-07-10,19.38,19.44,18.81,19.0,1027100,1.0,0.0
2000-07-11,19.13,19.38,19.0,19.0,1510100,1.0,0.0
2000-07-12,19.31,19.88,19.19,19.25,1443300,1.0,0.0
2000-07-13,19.25,19.5,19.13,19.44,1250300,1.0,0.0
2000-07-14,19.31,19.75,19.31,19.44,836900,1.0,0.0
2000-07-17,19.5,19.56,18.94,19.0,1408900,1.0,0.0
2000-07-18,19.0,19.0,18.44,18.81,1145000,1.0,0.0
2000-07-19,18.69,18.88,18.56,18.63,854500,1.0,0.0
2000-07-20,18.75,19.25,18.63,18.69,831000,1.0,0.0
2000-07-21,18.75,19.13,18.06,18.44,1191300,1.0,0.0
2000-07-24,18.56,18.56,17.81,18.13,999200,1.0,0.0
2000-07-25,18.19,18.81,18.19,18.63,823700,1.0,0.0
2000-07-26,18.81,18.94,18.44,18.52,1372000,1.0,0.0
2000-07-27,18.5,18.94,18.5,18.81,700800,1.0,0.0
2000-07-28,18.81,18.94,18.75,18.75,937300,1.0,0.0
2000-07-31,18.81,19.13,18.56,18.56,1713800,1.0,0.0
2000-08-01,18.63,18.75,18.25,18.69,1887900,1.0,0.0
2000-08-02,19.13,19.63,18.88,18.88,1747100,1.0,0.0
2000-08-03,19.0,19.19,18.75,19.06,940100,1.0,0.0
2000-08-04,19.25,20.06,19.19,19.94,2332400,1.0,0.0
2000-08-07,20.19,21.88,20.0,21.44,4475300,1.0,0.0
2000-08-08,21.38,21.63,20.69,21.25,2724900,1.0,0.0
2000-08-09,20.88,20.94,19.56,19.88,3926500,1.0,0.0
2000-08-10,20.0,20.0,19.38,19.63,1594100,1.0,0.0
2000-08-11,19.81,19.94,19.69,19.81,1051900,1.0,0.0
2000-08-14,19.94,20.63,19.88,20.44,2052200,1.0,0.0
2000-08-15,20.5,20.5,19.75,19.75,1143900,1.0,0.0
2000-08-16,19.63,19.94,19.31,19.44,1386900,1.0,0.0
2000-08-17,19.5,19.63,19.19,19.19,894600,1.0,0.0
2000-08-18,19.31,19.75,19.25,19.5,989300,1.0,0.0
2000-08-21,19.44,19.69,19.19,19.69,1138000,1.0,0.0
2000-08-22,19.63,20.13,19.44,19.63,1442800,1.0,0.0
2000-08-23,19.69,19.81,19.25,19.5,1782400,1.0,0.0
2000-08-24,19.31,19.31,18.94,19.13,920500,1.0,0.0
2000-08-25,19.19,19.25,18.75,18.88,1248100,1.0,0.0
2000-08-28,19.0,19.13,18.75,18.94,1567000,1.0,0.0
2000-08-29,19.0,19.0,18.5,18.81,1355600,1.0,0.0
2000-08-30,18.81,19.19,18.81,19.06,2073200,1.0,0.0
2000-08-31,19.19,19.31,18.94,18.96,2925600,1.0,0.0
2000-09-01,18.94,19.0,18.75,18.75,1768600,1.0,0.0
2000-09-05,18.88,19.06,18.75,18.88,1900500,1.0,0.0
2000-09-06,19.0,19.19,18.94,19.06,865700,1.0,0.0
2000-09-07,19.13,19.31,19.0,19.06,1072900,1.0,0.0
2000-09-08,19.13,19.56,19.06,19.56,3244500,1.0,0.0
2000-09-11,19.75,20.13,19.63,19.88,1439600,1.0,0.0
2000-09-12,20.0,20.13,19.75,19.88,1164400,1.0,0.0
2000-09-13,19.94,19.94,19.5,19.63,1061300,1.0,0.0
2000-09-14,19.63,19.88,19.31,19.75,1316800,1.0,0.0
2000-09-15,19.56,19.63,19.25,19.5,2805600,1.0,0.0
2000-09-18,19.31,19.38,18.94,19.25,1242800,1.0,0.0
2000-09-19,19.0,19.38,19.0,19.0,1324200,1.0,0.0
2000-09-20,18.88,19.06,18.06,18.44,2356400,1.0,0.0
2000-09-21,18.5,18.69,18.0,18.38,3716600,1.0,0.0
2000-09-22,18.25,18.38,18.13,18.13,3032300,1.0,0.0
2000-09-25,18.38,18.56,18.13,18.31,1246300,1.0,0.0
2000-09-26,18.13,18.38,17.94,17.94,1020200,1.0,0.0
2000-09-27,17.75,18.13,17.38,18.0,1937200,1.0,0.01
2000-09-28,17.69,18.69,17.69,18.5,1661900,1.0,0.0
2000-09-29,18.5,18.5,17.13,17.44,1949700,1.0,0.0
2000-10-02,17.5,18.06,17.31,18.0,1567900,1.0,0.0
2000-10-03,17.94,18.19,17.75,18.06,1177800,1.0,0.0
2000-10-04,17.94,18.31,17.81,18.25,1323600,1.0,0.0
2000-10-05,18.25,19.0,18.25,18.94,2093600,1.0,0.0
2000-10-06,18.94,19.31,18.81,19.06,1432200,1.0,0.0
2000-10-09,18.88,18.94,17.88,18.75,1468100,1.0,0.0
2000-10-10,18.75,19.69,18.75,18.81,1821400,1.0,0.0
2000-10-11,18.88,18.94,18.31,18.38,1567600,1.0,0.0
2000-10-12,18.38,18.56,17.69,17.75,1881200,1.0,0.0
2000-10-13,17.75,18.06,17.63,17.81,1246500,1.0,0.0
2000-10-16,17.94,18.56,17.88,18.56,1211800,1.0,0.0
2000-10-17,18.44,18.5,18.25,18.44,1166800,1.0,0.0
2000-10-18,18.13,18.13,17.56,17.94,1451400,1.0,0.0
2000-10-19,17.88,18.25,17.88,18.25,1219100,1.0,0.0
2000-10-20,18.13,19.0,18.13,18.81,1333400,1.0,0.0
2000-10-23,18.5,19.75,18.25,19.56,1935000,1.0,0.0
2000-10-24,19.44,19.69,18.75,19.44,1408400,1.0,0.0
2000-10-25,19.13,19.81,19.06,19.19,1249600,1.0,0.0
2000-10-26,19.31,19.31,18.13,18.56,2603500,1.0,0.0
2000-10-27,18.38,18.56,17.94,18.31,1485000,1.0,0.0
2000-10-30,18.25,19.25,17.88,19.25,1974100,1.0,0.0
2000-10-31,19.56,20.44,19.25,20.0,7806900,1.0,0.0
2000-11-01,20.44,21.06,20.31,20.75,4156200,1.0,0.0
2000-11-02,20.88,21.13,19.69,20.56,3406400,1.0,0.0
2000-11-03,20.5,20.88,20.13,20.69,1703600,1.0,0.0
2000-11-06,20.56,21.88,20.5,21.63,3704700,1.0,0.0
2000-11-07,22.0,23.31,21.81,23.06,9170400,1.0,0.0
2000-11-08,23.06,24.63,22.75,24.44,7148400,1.0,0.0
2000-11-09,24.44,24.94,24.19,24.5,3425400,1.0,0.0
2000-11-10,24.5,24.5,23.81,24.06,1594900,1.0,0.0
2000-11-13,24.0,24.5,23.75,24.44,1846200,1.0,0.0
2000-11-14,24.56,24.63,24.25,24.38,2370200,1.0,0.0
2000-11-15,24.13,26.0,24.13,25.69,2522600,1.0,0.0
2000-11-16,25.69,26.56,25.38,25.75,2483500,1.0,0.0
2000-11-17,25.94,26.44,25.31,25.56,1998400,1.0,0.0
2000-11-20,25.31,26.56,25.13,26.5,1758700,1.0,0.0
2000-11-21,25.81,26.13,25.44,25.75,2502800,1.0,0.0
2000-11-22,25.5,25.56,24.0,24.44,2132300,1.0,0.0
2000-11-24,24.44,24.94,24.44,24.69,492700,1.0,0.0
2000-11-27,24.69,25.13,24.25,24.5,1231900,1.0,0.0
2000-11-28,24.13,24.44,23.75,24.38,1082800,1.0,0.0
2000-11-29,24.19,24.5,24.06,24.19,1006800,1.0,0.0
2000-11-30,24.25,24.63,23.75,23.94,2426500,1.0,0.0
2000-12-01,23.81,24.63,23.56,24.5,2036900,1.0,0.0
2000-12-04,24.5,26.25,24.31,25.81,2828100,1.0,0.0
2000-12-05,25.94,26.13,25.0,26.06,2543700,1.0,0.0
2000-12-06,25.88,25.94,24.88,25.56,1399400,1.0,0.0
2000-12-07,25.69,26.0,25.0,25.94,1209700,1.0,0.0
2000-12-08,25.56,26.13,25.38,25.69,2120800,1.0,0.0
2000-12-11,25.13,26.0,25.13,25.25,1572200,1.0,0.0
2000-12-12,25.19,25.63,25.13,25.31,734000,1.0,0.0
2000-12-13,25.19,25.5,25.06,25.13,775300,1.0,0.0
2000-12-14,24.75,25.5,24.75,24.94,1370500,1.0,0.0
2000-12-15,25.0,25.56,24.88,24.94,1892800,1.0,0.0
2000-12-18,24.94,25.88,24.94,25.88,2956000,1.0,0.0
2000-12-19,25.13,25.94,25.13,25.75,1083900,1.0,0.0
2000-12-20,25.0,25.5,24.44,25.44,2365500,1.0,0.0
2000-12-21,25.5,26.06,25.13,25.94,5994100,1.0,0.0
2000-12-22,26.0,26.0,25.56,26.0,1333000,1.0,0.0
2000-12-26,26.0,26.0,25.31,25.69,1011000,1.0,0.0
2000-12-27,25.5,27.19,25.5,27.06,4366000,1.0,0.0
2000-12-28,27.06,28.0,27.06,27.94,3436500,1.0,0.0
2000-12-29,27.56,28.31,27.5,27.75,1957600,1.0,0.0
2001-01-02,27.5,28.06,26.38,27.0,1713800,1.0,0.0
2001-01-03,27.0,28.63,26.75,28.5,3236400,1.0,0.0
2001-01-04,27.75,28.0,26.75,27.25,2511500,1.0,0.0
2001-01-05,27.5,28.19,26.38,27.25,2400200,1.0,0.0
2001-01-08,27.5,27.56,26.75,27.19,1159900,1.0,0.0
2001-01-09,27.88,28.38,27.5,28.31,3279300,1.0,0.0
2001-01-10,28.06,28.06,27.0,27.5,2520200,1.0,0.0
2001-01-11,27.5,27.56,26.5,26.88,2209900,1.0,0.0
2001-01-12,26.88,27.0,25.63,26.31,1863900,1.0,0.0
2001-01-16,26.31,27.31,26.13,27.25,1323700,1.0,0.0
2001-01-17,27.56,27.81,26.31,26.5,2179700,1.0,0.0
2001-01-18,26.69,26.81,25.25,25.5,1880500,1.0,0.0
2001-01-19,25.56,26.19,25.38,25.69,1607500,1.0,0.0
2001-01-22,25.38,26.75,25.38,26.5,1749100,1.0,0.0
2001-01-23,26.44,26.44,24.63,25.0,2157700,1.0,0.0
2001-01-24,25.0,25.25,23.63,24.75,2661600,1.0,0.0
2001-01-25,24.25,25.25,24.13,24.81,1632100,1.0,0.0
2001-01-26,25.25,25.81,25.0,25.81,1292700,1.0,0.0
2001-01-29,25.93,26.41,25.0,25.38,1373000,1.0,0.31
2001-01-30,25.2,25.24,24.1,24.42,2118500,1.0,0.0
2001-01-31,24.7,24.7,23.8,24.4,2121800,1.0,0.0
2001-02-01,24.35,25.23,23.97,24.41,1750700,1.0,0.0
2001-02-02,24.41,24.75,23.82,24.0,1752300,1.0,0.0
2001-02-05,23.9,24.04,23.08,23.87,2354700,1.0,0.0
2001-02-06,24.0,24.73,23.77,24.6,1560200,1.0,0.0
2001-02-07,24.6,25.38,24.0,24.92,2586800,1.0,0.0
2001-02-08,24.67,24.79,23.85,24.0,3800100,1.0,0.0
2001-02-09,24.3,24.33,23.9,23.99,1103600,1.0,0.0
2001-02-12,24.09,24.23,23.62,24.2,1326500,1.0,0.0
2001-02-13,24.3,25.0,24.05,24.8,1859100,1.0,0.0
2001-02-14,24.8,25.0,24.35,24.37,1645200,1.0,0.0
2001-02-15,24.37,24.65,24.07,24.23,1610500,1.0,0.0
2001-02-16,23.7,24.06,23.52,23.67,1933300,1.0,0.0
2001-02-20,23.92,24.25,23.69,23.98,1685800,1.0,0.0
2001-02-21,24.0,24.3,23.61,23.72,2149800,1.0,0.0
2001-02-22,24.0,24.05,23.22,23.5,1386000,1.0,0.0
2001-02-23,23.5,23.5,22.66,23.05,1923400,1.0,0.0
2001-02-26,23.15,23.5,22.52,23.42,1204900,1.0,0.0
2001-02-27,23.95,24.83,23.26,24.75,1821200,1.0,0.0
2001-02-28,24.4,25.37,24.16,25.37,2562000,1.0,0.0
2001-03-01,25.15,25.24,24.01,24.65,1494500,1.0,0.0
2001-03-02,24.7,25.73,24.5,25.2,1439600,1.0,0.0
2001-03-05,25.55,26.0,25.41,25.88,1377400,1.0,0.0
2001-03-06,25.95,26.35,25.28,25.59,1133100,1.0,0.0
2001-03-07,25.72,25.95,25.55,25.9,683400,1.0,0.0
2001-03-08,27.0,27.75,26.5,27.15,6084700,1.0,0.0
2001-03-09,27.0,27.15,26.68,26.95,3991200,1.0,0.0
2001-03-12,26.1,26.59,25.18,26.2,2714100,1.0,0.0
2001-03-13,25.95,26.0,25.15,25.6,1803500,1.0,0.0
2001-03-14,25.0,25.89,24.35,25.4,2155800,1.0,0.0
2001-03-15,25.55,25.55,24.72,25.48,1990600,1.0,0.0
2001-03-16,25.2,26.5,25.11,26.31,2937400,1.0,0.0
2001-03-19,26.25,26.8,25.7,26.6,4491200,1.0,0.0
2001-03-20,26.6,27.1,26.51,26.7,3466000,1.0,0.0
2001-03-21,26.25,26.84,26.21,26.21,1433400,1.0,0.0
2001-03-22,26.21,26.22,23.8,24.49,2501600,1.0,0.0
2001-03-23,23.7,25.99,23.65,25.57,2581800,1.0,0.0
2001-03-26,26.0,26.22,25.6,25.98,1833200,1.0,0.0
2001-03-27,25.98,25.98,25.05,25.42,2542600,1.0,0.0
2001-03-28,25.0,25.3,24.94,25.25,1345600,1.0,0.0
2001-03-29,25.1,25.5,24.95,25.43,1583300,1.0,0.0
2001-03-30,25.48,25.48,24.2,24.7,2153200,1.0,0.0
2001-04-02,24.6,24.75,23.95,24.0,2059900,1.0,0.0
2001-04-03,24.1,24.1,22.51,23.1,2480200,1.0,0.0
2001-04-04,23.09,23.68,22.93,23.01,2373900,1.0,0.0
2001-04-05,23.1,24.12,23.1,24.12,2322600,1.0,0.0
2001-04-06,24.0,24.5,23.77,24.2,1534800,1.0,0.0
2001-04-09,24.88,25.73,24.87,25.3,2859100,1.0,0.0
2001-04-10,25.3,25.8,25.3,25.47,1841100,1.0,0.0
2001-04-11,25.52,25.52,24.81,25.25,1841000,1.0,0.0
2001-04-12,25.22,26.25,25.15,25.6,1716000,1.0,0.0
2001-04-16,25.5,25.97,25.13,25.56,1685600,1.0,0.0
2001-04-17,25.44,26.29,25.15,26.21,2204500,1.0,0.0
2001-04-18,26.5,26.6,25.09,25.09,3091000,1.0,0.0
2001-04-19,25.1,25.1,24.0,24.91,3567500,1.0,0.0
2001-04-20,24.75,24.92,24.0,24.22,2993500,1.0,0.0
2001-04-23,24.05,24.65,24.05,24.22,1840400,1.0,0.0
2001-04-24,24.25,24.68,23.95,24.25,1172700,1.0,0.0
2001-04-25,24.2,24.7,24.06,24.43,979500,1.0,0.0
2001-04-26,24.58,25.25,24.4,24.55,2767000,1.0,0.22
2001-04-27,24.6,25.2,24.5,24.82,1784600,1.0,0.0
2001-04-30,24.95,25.07,24.0,24.41,2510700,1.0,0.0
2001-05-01,24.3,24.7,24.09,24.68,2082600,1.0,0.0
2001-05-02,24.75,24.91,24.67,24.81,1293500,1.0,0.0
2001-05-03,24.35,24.6,24.05,24.32,1667600,1.0,0.0
2001-05-04,24.2,24.75,24.07,24.21,1241700,1.0,0.0
2001-05-07,24.35,25.55,24.27,25.52,1737300,1.0,0.0
2001-05-08,25.51,26.84,25.5,26.3,3687200,1.0,0.0
2001-05-09,26.15,26.6,25.15,26.0,1569300,1.0,0.0
2001-05-10,26.38,26.82,26.15,26.8,2461900,1.0,0.0
2001-05-11,26.8,27.04,26.4,26.72,1645200,1.0,0.0
2001-05-14,26.7,27.6,26.52,27.3,5096400,1.0,0.0
2001-05-15,27.25,27.4,26.89,27.33,2487900,1.0,0.0
2001-05-16,27.2,27.65,27.0,27.55,1697600,1.0,0.0
2001-05-17,27.55,28.2,27.5,28.2,4577900,1.0,0.0
2001-05-18,28.2,28.24,27.86,28.0,1980000,1.0,0.0
2001-05-21,27.95,28.0,27.51,27.9,968700,1.0,0.0
2001-05-22,28.05,28.14,27.8,27.8,2794500,1.0,0.0
2001-05-23,27.7,27.72,27.4,27.57,2096200,1.0,0.0
2001-05-24,27.5,28.13,27.0,27.82,2435000,1.0,0.0
2001-05-25,27.75,27.77,27.33,27.41,880300,1.0,0.0
2001-05-29,27.38,27.82,27.38,27.5,797500,1.0,0.0
2001-05-30,27.6,28.0,27.46,28.0,1216300,1.0,0.0
2001-05-31,27.9,28.13,27.74,27.98,2076100,1.0,0.0
2001-06-01,27.85,28.03,27.58,27.8,1132200,1.0,0.0
2001-06-04,27.85,27.95,27.64,27.84,1218000,1.0,0.0
2001-06-05,27.8,28.57,27.77,28.4,3950600,1.0,0.0
2001-06-06,28.8,28.98,28.09,28.51,4140100,1.0,0.0
2001-06-07,28.3,28.65,28.3,28.59,1500700,1.0,0.0
2001-06-08,28.61,28.61,28.25,28.44,999800,1.0,0.0
2001-06-11,28.46,28.7,27.89,28.05,1542200,1.0,0.0
2001-06-12,28.15,28.5,27.38,28.5,2406300,1.0,0.0
2001-06-13,28.6,29.35,28.5,29.12,4836100,1.0,0.0
2001-06-14,29.28,29.85,29.28,29.73,4989700,1.0,0.0
2001-06-15,29.55,29.98,29.29,29.49,4331400,1.0,0.0
2001-06-18,29.4,29.4,28.95,29.23,2241500,1.0,0.0
2001-06-19,29.5,29.63,29.2,29.47,2614600,1.0,0.0
2001-06-20,29.7,30.25,29.14,30.22,3358100,1.0,0.0
2001-06-21,30.22,30.38,29.7,29.9,2427900,1.0,0.0
2001-06-22,29.9,29.9,29.0,29.15,1709000,1.0,0.0
2001-06-25,29.0,29.0,28.4,28.47,1657400,1.0,0.0
2001-06-26,28.55,30.1,28.11,29.87,3418600,1.0,0.0
2001-06-27,29.27,29.75,28.9,29.7,1866700,1.0,0.0
2001-06-28,30.45,30.75,30.05,30.51,4330100,1.0,0.0
2001-06-29,30.35,30.95,30.18,30.82,2842100,1.0,0.0
2001-07-02,30.82,31.2,30.19,30.36,1715100,1.0,0.0
2001-07-03,30.36,30.47,30.01,30.22,671500,1.0,0.0
2001-07-05,30.3,30.35,29.62,30.08,1323400,1.0,0.0
2001-07-06,30.2,30.23,29.33,29.51,1235900,1.0,0.0
2001-07-09,29.68,30.5,29.53,30.11,2113000,1.0,0.0
2001-07-10,30.23,30.42,29.8,29.87,2127000,1.0,0.0
2001-07-11,29.95,30.74,29.95,30.25,2227400,1.0,0.0
2001-07-12,30.58,31.09,30.3,30.91,2454200,1.0,0.0
2001-07-13,31.0,31.42,30.69,31.2,1947100,1.0,0.0
2001-07-16,31.6,31.65,30.7,31.02,2747300,1.0,0.0
2001-07-17,30.9,31.48,30.56,31.37,1995000,1.0,0.0
2001-07-18,31.5,31.57,31.32,31.49,2524600,1.0,0.0
2001-07-19,31.5,31.6,31.3,31.5,2646200,1.0,0.0
2001-07-20,31.7,31.85,31.47,31.59,2411900,1.0,0.0
2001-07-23,31.6,31.63,30.84,30.99,967300,1.0,0.0
2001-07-24,30.88,30.88,29.65,29.93,2208300,1.0,0.0
2001-07-25,29.75,30.45,29.22,30.35,2701300,1.0,0.0
2001-07-26,30.34,30.89,29.5,30.83,2009500,1.0,0.0
2001-07-27,30.81,31.25,30.2,30.28,2022000,1.0,0.23
2001-07-30,30.55,30.78,30.35,30.74,1489500,1.0,0.0
2001-07-31,30.55,31.16,30.45,31.0,1945800,1.0,0.0
2001-08-01,31.2,31.49,30.95,31.17,2530900,1.0,0.0
2001-08-02,31.0,31.47,30.82,30.99,2837100,1.0,0.0
2001-08-03,31.1,31.1,30.72,30.8,919900,1.0,0.0
2001-08-06,30.45,30.8,29.2,29.59,3469500,1.0,0.0
2001-08-07,29.8,30.2,29.2,30.07,2605600,1.0,0.0
2001-08-08,30.2,30.35,29.7,29.78,3612600,1.0,0.0
2001-08-09,29.75,29.87,28.55,29.17,3214400,1.0,0.0
2001-08-10,29.32,30.18,29.3,30.0,2006900,1.0,0.0
2001-08-13,29.8,30.64,29.7,30.06,1758800,1.0,0.0
2001-08-14,30.06,30.44,29.91,30.33,1269800,1.0,0.0
2001-08-15,30.6,30.86,30.32,30.44,1876700,1.0,0.0
2001-08-16,30.34,30.45,29.77,30.35,1062100,1.0,0.0
2001-08-17,30.1,30.19,29.8,29.89,1932000,1.0,0.0
2001-08-20,29.8,29.91,29.5,29.5,2255300,1.0,0.0
2001-08-21,29.5,30.7,29.46,30.12,2400000,1.0,0.0
2001-08-22,30.25,31.39,30.22,31.0,2785300,1.0,0.0
2001-08-23,30.1,30.9,29.9,30.65,1982200,1.0,0.0
2001-08-24,30.65,31.47,30.65,31.27,1627400,1.0,0.0
2001-08-27,31.27,31.68,31.24,31.38,1444000,1.0,0.0
2001-08-28,31.0,31.16,30.42,31.08,1696200,1.0,0.0
2001-08-29,31.08,31.1,30.5,31.0,932900,1.0,0.0
2001-08-30,31.04,31.04,29.96,30.27,1597300,1.0,0.0
2001-08-31,30.15,31.11,30.08,30.93,1301900,1.0,0.0
2001-09-04,30.94,31.34,30.45,30.59,1588700,1.0,0.0
2001-09-05,30.35,31.0,29.95,30.94,1273500,1.0,0.0
2001-09-06,30.5,30.75,29.96,30.01,1869900,1.0,0.0
2001-09-07,29.95,30.25,29.75,30.01,1552000,1.0,0.0
2001-09-10,29.95,30.3,29.55,29.75,1946800,1.0,0.0
2001-09-17,28.75,28.9,27.45,27.5,4688100,1.0,0.0
2001-09-18,27.6,27.88,26.55,26.94,3531200,1.0,0.0
2001-09-19,27.39,27.39,24.79,26.54,4306500,1.0,0.0
2001-09-20,26.14,26.14,25.48,26.01,4248800,1.0,0.0
2001-09-21,26.15,26.15,25.3,25.55,5286100,1.0,0.0
2001-09-24,27.34,27.34,25.72,25.83,3790200,1.0,0.0
2001-09-25,27.0,27.0,26.0,26.25,2620700,1.0,0.01
2001-09-26,27.21,27.21,26.29,26.35,2455100,1.0,0.0
2001-09-27,26.85,27.52,26.4,26.75,2456200,1.0,0.0
2001-09-28,27.15,27.2,26.57,26.74,3306000,1.0,0.0
2001-10-01,26.65,26.65,26.26,26.49,2890800,1.0,0.0
2001-10-02,26.7,27.95,26.7,27.87,3726500,1.0,0.0
2001-10-03,28.85,28.85,27.5,28.49,3571900,1.0,0.0
2001-10-04,28.64,28.64,27.75,27.97,2040500,1.0,0.0
2001-10-05,28.5,28.5,27.6,28.5,1468100,1.0,0.0
2001-10-08,28.35,28.35,26.34,26.7,2809300,1.0,0.0
2001-10-09,27.0,27.0,26.58,26.95,2218400,1.0,0.0
2001-10-10,26.83,27.39,26.55,27.2,1704900,1.0,0.0
2001-10-11,27.35,27.58,26.0,27.26,3389700,1.0,0.0
2001-10-12,27.1,27.5,26.39,27.4,2218600,1.0,0.0
2001-10-15,27.2,27.63,26.88,27.37,2707000,1.0,0.0
2001-10-16,27.62,27.75,27.48,27.58,1882500,1.0,0.0
2001-10-17,27.8,28.0,27.25,27.25,1794300,1.0,0.0
2001-10-18,27.5,27.7,27.3,27.54,2277500,1.0,0.0
2001-10-19,27.79,27.84,27.41,27.65,980200,1.0,0.0
2001-10-22,27.35,28.15,27.35,27.96,1414600,1.0,0.0
2001-10-23,28.0,28.2,27.6,27.83,2018700,1.0,0.0
2001-10-24,28.24,28.24,27.75,28.12,3264000,1.0,0.0
2001-10-25,28.0,28.5,27.71,28.46,1804600,1.0,0.0
2001-10-26,28.64,29.3,28.32,28.4,1800500,1.0,0.0
2001-10-29,28.0,28.04,27.01,27.2,1787200,1.0,0.24
2001-10-30,27.48,27.48,25.84,25.88,3069300,1.0,0.0
2001-10-31,26.5,26.77,24.09,24.5,5262000,1.0,0.0
2001-11-01,24.95,25.34,24.21,25.17,2712200,1.0,0.0
2001-11-02,25.59,25.6,24.58,24.8,2019200,1.0,0.0
2001-11-05,24.9,25.38,24.78,24.89,2078800,1.0,0.0
2001-11-06,25.3,26.31,25.1,25.35,2693900,1.0,0.0
2001-11-07,27.7,27.7,25.55,26.98,3719900,1.0,0.0
2001-11-08,27.1,28.2,27.0,27.13,2980900,1.0,0.0
2001-11-09,27.38,28.18,26.9,27.52,1661200,1.0,0.0
2001-11-12,27.3,27.55,26.63,27.26,811000,1.0,0.0
2001-11-13,27.55,27.85,27.39,27.72,877900,1.0,0.0
2001-11-14,27.85,28.14,26.9,27.22,1625400,1.0,0.0
2001-11-15,27.2,28.19,27.1,28.08,1797400,1.0,0.0
2001-11-16,28.6,29.25,28.25,29.22,2420300,1.0,0.0
2001-11-19,29.05,29.25,28.45,29.1,1560900,1.0,0.0
2001-11-20,29.0,29.02,28.52,28.52,1653300,1.0,0.0
2001-11-21,29.05,29.05,28.6,28.75,1055100,1.0,0.0
2001-11-23,29.2,29.2,28.45,29.18,625700,1.0,0.0
2001-11-26,28.93,29.35,28.63,29.3,1501500,1.0,0.0
2001-11-27,29.15,29.67,28.78,28.95,1823600,1.0,0.0
2001-11-28,29.29,29.29,28.7,29.25,1118000,1.0,0.0
2001-11-29,29.45,29.48,27.94,28.68,2402100,1.0,0.0
2001-11-30,28.5,29.47,28.5,29.3,1648800,1.0,0.0
2001-12-03,29.3,29.3,28.7,29.21,1361400,1.0,0.0
2001-12-04,29.1,29.3,28.35,28.6,1561600,1.0,0.0375
2001-12-05,28.9,29.09,28.7,28.9,2010600,1.0,0.0
2001-12-06,29.57,29.57,28.7,29.57,1317400,1.0,0.0
2001-12-07,30.0,30.0,29.1,30.0,1542300,1.0,0.0
2001-12-10,30.0,30.27,29.8,30.27,1836800,1.0,0.0
2001-12-11,30.4,30.4,29.86,30.2,1863400,1.0,0.0
2001-12-12,30.25,30.36,29.5,29.5,1722400,1.0,0.0
2001-12-13,29.5,30.45,29.3,30.4,2920600,1.0,0.0
2001-12-14,30.4,30.55,30.0,30.35,1734100,1.0,0.0
2001-12-17,30.3,30.68,30.03,30.68,2476200,1.0,0.0
2001-12-18,30.95,31.08,30.78,31.05,1579200,1.0,0.0
2001-12-19,31.05,31.06,30.8,31.0,1031200,1.0,0.0
2001-12-20,31.0,31.07,30.3,30.94,1190100,1.0,0.0
2001-12-21,31.48,31.72,30.95,31.5,2876100,1.0,0.0
2001-12-24,31.51,31.62,31.15,31.4,387400,1.0,0.0
2001-12-26,31.26,31.8,30.92,31.71,1080700,1.0,0.0
2001-12-27,31.71,32.19,31.71,32.19,1777400,1.0,0.0
2001-12-28,32.2,32.5,32.0,32.38,1571500,1.0,0.0
2001-12-31,32.05,32.45,31.91,31.91,1133400,1.0,0.0
2002-01-02,30.25,31.25,30.24,31.17,3924500,1.0,0.0
2002-01-03,31.25,31.25,30.5,30.6,1661200,1.0,0.0
2002-01-04,31.16,31.16,30.1,30.81,2123300,1.0,0.0
2002-01-07,30.6,30.91,30.27,30.79,1340500,1.0,0.0
2002-01-08,30.65,30.95,30.31,30.78,735100,1.0,0.0
2002-01-09,30.8,31.1,30.36,30.4,1060700,1.0,0.0
2002-01-10,30.15,30.27,29.9,30.03,1443600,1.0,0.0
2002-01-11,30.28,30.62,29.9,30.34,1303000,1.0,0.0
2002-01-14,30.09,31.01,30.01,30.63,1701300,1.0,0.0
2002-01-15,31.0,31.0,30.27,30.56,1014800,1.0,0.0
2002-01-16,30.6,30.68,29.0,29.0,1104800,1.0,0.0
2002-01-17,30.39,30.71,30.12,30.37,1385400,1.0,0.0
2002-01-18,30.05,30.3,29.91,29.99,1687000,1.0,0.0
2002-01-22,29.84,30.2,29.51,29.84,1156300,1.0,0.0
2002-01-23,30.05,30.05,29.6,30.0,1070900,1.0,0.0
2002-01-24,29.9,30.2,29.8,30.0,1690900,1.0,0.0
2002-01-25,30.15,30.15,29.5,29.8,1985100,1.0,0.0
2002-01-28,29.7,30.09,29.64,29.91,1989600,1.0,0.0
2002-01-29,30.05,30.27,29.58,29.7,2031300,1.0,0.25
2002-01-30,29.5,29.9,28.3,28.9,2903200,1.0,0.0
2002-01-31,28.75,28.86,27.8,28.82,2115400,1.0,0.0
2002-02-01,26.96,26.96,24.6,25.13,20623500,1.0,0.0
2002-02-04,24.0,25.45,22.0,24.58,10349000,1.0,0.0
2002-02-05,24.1,25.3,24.05,25.15,4364300,1.0,0.0
2002-02-06,25.2,25.35,24.7,24.73,3607100,1.0,0.0
2002-02-07,24.5,25.0,24.5,24.71,2698600,1.0,0.0
2002-02-08,24.85,25.0,24.65,24.85,3177800,1.0,0.0
2002-02-11,25.0,25.0,23.77,24.0,3166000,1.0,0.0
2002-02-12,24.0,24.1,23.53,23.78,3916300,1.0,0.0
2002-02-13,23.5,23.74,23.27,23.35,5835700,1.0,0.0
2002-02-14,23.45,24.13,23.45,23.77,4052500,1.0,0.0
2002-02-15,24.6,24.6,23.81,24.55,2592100,1.0,0.0
2002-02-19,24.55,24.63,24.14,24.45,2309500,1.0,0.0
2002-02-20,25.05,25.05,24.52,24.91,1966100,1.0,0.0
2002-02-21,25.15,25.24,24.75,24.85,2029000,1.0,0.0
2002-02-22,24.45,25.24,24.45,25.22,1879600,1.0,0.0
2002-02-25,24.85,25.47,24.75,25.23,1981800,1.0,0.0
2002-02-26,25.9,26.5,25.6,25.75,3613800,1.0,0.0
2002-02-27,25.95,26.88,25.85,26.3,2144000,1.0,0.0
2002-02-28,26.5,27.14,26.31,26.31,2080700,1.0,0.0
2002-03-01,26.43,27.21,26.38,27.03,1285700,1.0,0.0
2002-03-04,27.25,27.69,27.2,27.63,1971400,1.0,0.0
2002-03-05,27.68,28.12,27.37,27.42,2348500,1.0,0.0
2002-03-06,27.42,28.14,27.07,28.06,2356400,1.0,0.0
2002-03-07,28.0,28.5,27.88,27.98,2461600,1.0,0.0
2002-03-08,28.0,28.1,27.4,27.46,1567500,1.0,0.0
2002-03-11,27.6,27.8,27.41,27.62,2247300,1.0,0.0
2002-03-12,27.96,27.96,27.4,27.57,1131500,1.0,0.0
2002-03-13,27.57,27.89,27.09,27.45,919800,1.0,0.0
2002-03-14,27.75,27.75,27.1,27.56,765000,1.0,0.0
2002-03-15,27.5,27.55,27.21,27.49,1709400,1.0,0.0
2002-03-18,27.55,27.61,26.78,27.37,1192800,1.0,0.0
2002-03-19,27.05,27.58,27.02,27.5,1351600,1.0,0.0
2002-03-20,27.25,27.92,27.25,27.68,998300,1.0,0.0
2002-03-21,27.54,27.54,26.94,27.21,875100,1.0,0.0
2002-03-22,27.05,27.3,26.84,26.89,2215000,1.0,0.0
2002-03-25,26.72,27.4,26.72,26.9,1485800,1.0,0.0
2002-03-26,26.95,27.9,24.99,26.89,8516700,1.0,0.0
2002-03-27,26.55,26.9,26.1,26.23,2140300,1.0,0.0
2002-03-28,26.22,27.39,26.0,27.25,2904400,1.0,0.0
2002-04-01,27.56,27.56,26.98,27.3,1615900,1.0,0.0
2002-04-02,26.8,27.2,26.63,26.7,2157400,1.0,0.0
2002-04-03,26.72,26.95,26.4,26.67,1544400,1.0,0.0
2002-04-04,26.85,26.95,26.5,26.63,1364000,1.0,0.0
2002-04-05,26.88,27.0,26.21,26.26,1684700,1.0,0.0
2002-04-08,25.55,26.54,25.55,26.28,1875400,1.0,0.0
2002-04-09,26.4,26.75,26.05,26.28,1129900,1.0,0.0
2002-04-10,26.15,26.95,25.96,26.0,1842000,1.0,0.0
2002-04-11,26.05,26.2,25.81,25.88,1594100,1.0,0.0
2002-04-12,25.78,26.47,25.52,26.2,1005800,1.0,0.0
2002-04-15,26.15,26.64,25.93,25.94,1085900,1.0,0.0
2002-04-16,26.0,26.79,25.98,26.48,1522000,1.0,0.0
2002-04-17,26.35,26.5,25.98,26.01,984500,1.0,0.0
2002-04-18,25.9,26.17,25.45,25.99,1364800,1.0,0.0
2002-04-19,26.0,26.25,25.75,25.97,1323200,1.0,0.0
2002-04-22,25.62,25.65,25.11,25.51,1711200,1.0,0.0
2002-04-23,25.38,26.03,25.38,25.98,2068300,1.0,0.0
2002-04-24,26.2,26.23,25.77,25.89,1438600,1.0,0.0
2002-04-25,25.92,26.1,25.69,26.01,1428700,1.0,0.0
2002-04-26,26.01,26.52,25.76,25.83,1155700,1.0,0.26
2002-04-29,25.9,26.08,25.71,25.93,1272900,1.0,0.0
2002-04-30,25.88,26.7,25.8,26.34,2456400,1.0,0.0
2002-05-01,26.45,26.45,25.5,25.9,2191600,1.0,0.0
2002-05-02,25.8,25.82,25.56,25.68,2006200,1.0,0.0
2002-05-03,25.75,26.2,25.53,26.04,1589500,1.0,0.0
2002-05-06,26.15,26.41,25.7,25.85,1757500,1.0,0.0
2002-05-07,25.55,26.18,25.02,26.05,2832900,1.0,0.0
2002-05-08,25.9,27.35,25.56,26.92,4299600,1.0,0.0
2002-05-09,26.92,27.6,26.85,26.95,1759000,1.0,0.0
2002-05-10,26.95,27.36,26.7,26.75,1766800,1.0,0.0
2002-05-13,26.57,27.24,26.57,27.13,1243900,1.0,0.0
2002-05-14,27.4,27.88,27.26,27.74,1653100,1.0,0.0
2002-05-15,27.6,28.26,27.56,27.74,1536100,1.0,0.0
2002-05-16,27.74,27.9,26.77,27.46,1808300,1.0,0.0
2002-05-17,27.43,28.48,27.43,28.3,1489400,1.0,0.0
2002-05-20,28.2,28.2,27.69,27.71,1115900,1.0,0.0
2002-05-21,27.64,28.0,27.27,27.29,1306600,1.0,0.0
2002-05-22,27.35,27.57,26.85,27.09,1549600,1.0,0.0
2002-05-23,27.12,27.65,26.95,27.62,1053500,1.0,0.0
2002-05-24,27.52,27.7,27.09,27.09,1369700,1.0,0.0
2002-05-28,27.15,27.52,27.11,27.2,1349100,1.0,0.0
2002-05-29,27.21,28.1,27.21,27.72,1431900,1.0,0.0
2002-05-30,27.6,27.77,27.39,27.43,1458600,1.0,0.0
2002-05-31,27.3,27.83,27.3,27.45,1964500,1.0,0.0
2002-06-03,27.45,27.73,26.96,27.08,1283800,1.0,0.0
2002-06-04,27.17,27.39,26.73,26.98,1457200,1.0,0.0
2002-06-05,26.98,27.31,26.89,27.31,1515000,1.0,0.0
2002-06-06,27.53,27.96,27.41,27.81,1594000,1.0,0.0
2002-06-07,27.37,28.13,27.23,28.04,1647800,1.0,0.0
2002-06-10,28.0,28.45,27.99,28.36,1294100,1.0,0.0
2002-06-11,28.42,28.89,28.1,28.2,1278100,1.0,0.0
2002-06-12,28.2,28.43,27.86,28.16,2498900,1.0,0.0
2002-06-13,28.0,28.45,27.9,28.28,1186100,1.0,0.0
2002-06-14,28.5,28.5,28.05,28.18,3340400,1.0,0.0
2002-06-17,28.16,28.59,28.05,28.58,2407900,1.0,0.0
2002-06-18,28.7,28.8,28.44,28.74,1496600,1.0,0.0
2002-06-19,28.45,28.74,28.39,28.39,1469500,1.0,0.0
2002-06-20,28.3,28.73,28.2,28.4,1847400,1.0,0.0
2002-06-21,28.3,28.58,28.25,28.41,2794600,1.0,0.0
2002-06-24,28.41,28.65,28.05,28.2,2028300,1.0,0.0
2002-06-25,28.4,28.65,27.3,27.36,1710200,1.0,0.0
2002-06-26,26.85,27.39,26.53,27.12,3018400,1.0,0.0
2002-06-27,26.7,26.91,26.06,26.57,2941500,1.0,0.0
2002-06-28,26.35,27.04,26.05,26.05,3848400,1.0,0.0
2002-07-01,26.05,26.42,25.57,25.79,2346500,1.0,0.0
2002-07-02,25.7,26.06,24.49,25.45,2638300,1.0,0.0
2002-07-03,25.35,25.63,24.55,25.17,1262000,1.0,0.0
2002-07-05,25.15,26.35,25.15,26.18,784600,1.0,0.0
2002-07-08,26.18,26.4,25.82,25.94,1148700,1.0,0.0
2002-07-09,25.7,25.98,25.19,25.19,1237900,1.0,0.0
2002-07-10,25.17,25.5,24.7,24.7,1825500,1.0,0.0
2002-07-11,24.7,25.24,23.5,24.62,3031400,1.0,0.0
2002-07-12,24.5,25.26,24.28,24.65,1457500,1.0,0.0
2002-07-15,24.2,24.76,23.5,24.53,1918900,1.0,0.0
2002-07-16,24.38,25.05,23.62,24.18,1791600,1.0,0.0
2002-07-17,24.75,25.21,24.3,24.7,1521300,1.0,0.0
2002-07-18,24.4,24.98,24.4,24.64,1537200,1.0,0.0
2002-07-19,24.35,24.66,23.21,23.32,2187400,1.0,0.0
2002-07-22,23.6,24.28,22.5,22.78,2765200,1.0,0.0
2002-07-23,22.78,23.3,21.9,21.9,2052600,1.0,0.0
2002-07-24,21.3,22.68,21.14,22.66,3719100,1.0,0.0
2002-07-25,22.5,23.18,22.18,22.87,2270000,1.0,0.0
2002-07-26,22.75,23.0,22.5,23.0,1627900,1.0,0.0
2002-07-29,23.08,24.84,23.04,24.8,2463300,1.0,0.27
2002-07-30,24.35,24.4,23.59,23.97,1802900,1.0,0.0
2002-07-31,23.98,24.91,23.0,23.67,2860900,1.0,0.0
2002-08-01,23.1,24.79,23.0,24.3,3567700,1.0,0.0
2002-08-02,24.23,24.37,23.85,24.19,2868900,1.0,0.0
2002-08-05,24.16,24.16,23.34,23.44,2266500,1.0,0.0
2002-08-06,23.25,24.35,23.25,23.88,2080900,1.0,0.0
2002-08-07,23.86,24.6,23.86,24.5,1778900,1.0,0.0
2002-08-08,24.25,25.5,24.25,25.5,1526300,1.0,0.0
2002-08-09,25.39,25.39,25.02,25.16,1927500,1.0,0.0
2002-08-12,24.7,25.34,24.65,25.03,1256700,1.0,0.0
2002-08-13,24.65,25.1,24.5,24.66,1345400,1.0,0.0
2002-08-14,24.22,25.2,24.11,24.98,1910700,1.0,0.0
2002-08-15,24.84,25.13,24.55,24.94,1508000,1.0,0.0
2002-08-16,24.6,25.94,24.6,24.89,1331800,1.0,0.0
2002-08-19,24.8,25.25,24.75,25.05,1240400,1.0,0.0
2002-08-20,24.83,25.33,24.83,25.08,1052700,1.0,0.0
2002-08-21,25.07,25.9,25.07,25.53,1111100,1.0,0.0
2002-08-22,25.4,26.18,25.4,26.02,1143800,1.0,0.0
2002-08-23,26.02,26.35,26.01,26.06,1701000,1.0,0.0
2002-08-26,26.2,26.39,25.26,25.91,1129400,1.0,0.0
2002-08-27,26.2,26.3,25.47,25.71,1267100,1.0,0.0
2002-08-28,25.6,25.65,24.45,25.0,1555900,1.0,0.0
2002-08-29,24.55,25.38,24.46,25.38,1271400,1.0,0.0
2002-08-30,25.25,25.89,25.25,25.43,1127200,1.0,0.0
2002-09-03,25.0,25.35,24.86,25.0,1810600,1.0,0.0
2002-09-04,25.03,25.86,25.03,25.65,1898800,1.0,0.0
2002-09-05,25.5,25.5,24.51,24.86,1725600,1.0,0.0
2002-09-06,25.05,25.43,24.9,25.25,862700,1.0,0.0
2002-09-09,25.25,25.55,24.81,25.4,851200,1.0,0.0
2002-09-10,25.35,25.47,25.04,25.34,914900,1.0,0.0
2002-09-11,25.45,25.84,25.35,25.45,606400,1.0,0.0
2002-09-12,25.35,25.74,25.1,25.29,1739200,1.0,0.0
2002-09-13,25.25,25.35,24.9,25.22,1278900,1.0,0.0
2002-09-16,25.22,25.24,24.91,25.17,1253100,1.0,0.0
2002-09-17,25.25,25.39,24.65,24.68,1353000,1.0,0.0
2002-09-18,24.69,24.84,24.15,24.48,1035000,1.0,0.0
2002-09-19,23.8,24.66,23.76,23.97,1114800,1.0,0.0
2002-09-20,23.96,24.85,23.83,24.68,2273600,1.0,0.0
2002-09-23,24.1,24.75,23.7,24.13,1642800,1.0,0.0
2002-09-24,23.85,23.98,22.47,23.0,2185100,1.0,0.0
2002-09-25,23.2,23.63,22.96,23.36,1645600,1.0,0.0
2002-09-26,23.48,23.64,22.83,23.56,1287300,1.0,0.01
2002-09-27,23.62,24.1,22.89,23.14,1384400,1.0,0.0
2002-09-30,23.14,23.9,22.76,23.32,1970200,1.0,0.0
2002-10-01,23.46,24.5,23.03,24.36,1684900,1.0,0.0
2002-10-02,24.36,25.0,24.31,24.35,2317900,1.0,0.0
2002-10-03,24.55,24.55,23.5,23.59,2083300,1.0,0.0
2002-10-04,23.6,24.1,22.55,22.92,1950200,1.0,0.0
2002-10-07,22.97,23.1,21.7,21.81,1920200,1.0,0.0
2002-10-08,21.85,22.31,21.05,22.0,4117900,1.0,0.0
2002-10-09,22.0,22.4,21.4,21.7,1854800,1.0,0.0
2002-10-10,21.8,23.0,21.6,22.96,2056900,1.0,0.0
2002-10-11,23.15,23.7,23.14,23.66,1744300,1.0,0.0
2002-10-14,23.66,23.75,22.64,23.0,1353900,1.0,0.0
2002-10-15,22.85,23.49,22.5,23.34,2958700,1.0,0.0
2002-10-16,23.59,23.65,22.65,22.87,1199900,1.0,0.0
2002-10-17,23.45,23.62,23.0,23.22,1256500,1.0,0.0
2002-10-18,23.25,24.1,22.8,23.85,1370300,1.0,0.0
2002-10-21,23.85,23.9,23.15,23.56,1411200,1.0,0.0
2002-10-22,23.52,23.58,23.2,23.43,1534500,1.0,0.0
2002-10-23,23.43,23.6,22.6,23.05,1595100,1.0,0.0
2002-10-24,23.05,23.05,22.1,22.15,1780900,1.0,0.0
2002-10-25,22.1,22.14,20.2,20.87,4714900,1.0,0.0
2002-10-28,20.88,22.73,20.88,22.08,4807300,1.0,0.0
2002-10-29,22.08,23.15,22.06,22.93,3904000,1.0,0.28
2002-10-30,23.65,24.0,22.76,23.17,3220900,1.0,0.0
2002-10-31,23.8,23.8,22.5,23.02,2836300,1.0,0.0
2002-11-01,22.8,23.95,22.77,23.72,3463400,1.0,0.0
2002-11-04,24.5,25.01,23.96,24.7,2718700,1.0,0.0
2002-11-05,24.77,24.77,24.19,24.69,1836300,1.0,0.0
2002-11-06,24.6,25.05,24.46,25.03,1943700,1.0,0.0
2002-11-07,25.0,25.13,24.75,25.08,1401700,1.0,0.0
2002-11-08,25.0,25.0,24.35,24.51,1452100,1.0,0.0
2002-11-11,24.45,25.18,24.17,25.04,1611300,1.0,0.0
2002-11-12,25.05,25.2,24.85,24.99,1604300,1.0,0.0
2002-11-13,24.95,25.08,24.66,25.05,6387100,1.0,0.0
2002-11-14,25.13,25.2,24.84,25.02,1451500,1.0,0.0
2002-11-15,24.8,25.1,24.77,25.0,1680000,1.0,0.0
2002-11-18,25.0,25.03,24.42,24.69,1427100,1.0,0.0
2002-11-19,24.45,24.49,23.04,23.28,3169400,1.0,0.0
2002-11-20,23.28,23.95,22.89,23.0,3114300,1.0,0.0
2002-11-21,23.2,24.08,22.96,23.95,2759600,1.0,0.0
2002-11-22,23.94,24.25,23.85,23.91,1529000,1.0,0.0
2002-11-25,24.4,24.61,23.93,24.39,2258200,1.0,0.0
2002-11-26,24.24,24.62,24.01,24.04,1836800,1.0,0.0
2002-11-27,24.04,25.0,24.04,24.86,1193800,1.0,0.0
2002-11-29,24.7,25.05,24.7,24.92,1054700,1.0,0.0
2002-12-02,25.05,25.15,24.71,24.98,1294000,1.0,0.0
2002-12-03,25.05,25.05,24.65,25.0,2172200,1.0,0.0
2002-12-04,24.75,25.0,24.5,24.88,1430500,1.0,0.0
2002-12-05,25.05,25.07,24.55,24.57,840400,1.0,0.0
2002-12-06,24.32,24.97,24.19,24.51,3532900,1.0,0.0
2002-12-09,24.44,24.52,23.7,23.86,2267800,1.0,0.0
2002-12-10,23.71,23.75,23.09,23.27,2302200,1.0,0.0
2002-12-11,23.1,23.25,22.69,22.8,1809100,1.0,0.0
2002-12-12,23.05,23.34,22.8,23.2,1826600,1.0,0.0
2002-12-13,23.21,23.3,22.85,23.24,1735900,1.0,0.0
2002-12-16,23.42,24.12,23.25,24.12,1713600,1.0,0.0
2002-12-17,24.12,24.42,23.77,24.17,1239300,1.0,0.0
2002-12-18,24.17,24.21,23.8,24.0,1760100,1.0,0.0
2002-12-19,23.8,24.05,23.01,23.12,1727600,1.0,0.0
2002-12-20,23.3,23.57,23.29,23.41,2969300,1.0,0.0
2002-12-23,23.42,24.07,23.2,23.5,1035100,1.0,0.0
2002-12-24,23.15,23.38,23.1,23.32,582500,1.0,0.0
2002-12-26,23.2,23.55,22.99,23.08,1156800,1.0,0.0
2002-12-27,23.12,23.25,22.46,22.74,1411300,1.0,0.0
2002-12-30,22.45,22.9,21.9,22.84,2466500,1.0,0.0
2002-12-31,22.74,23.02,22.61,22.92,1176900,1.0,0.0
2003-01-02,23.05,23.63,23.05,23.63,1565400,1.0,0.0
2003-01-03,23.63,23.9,23.43,23.81,1200700,1.0,0.0
2003-01-06,23.55,24.17,23.55,23.76,2172500,1.0,0.0
2003-01-07,23.8,23.8,23.27,23.59,1885200,1.0,0.0
2003-01-08,23.75,23.75,23.51,23.67,1684700,1.0,0.0
2003-01-09,23.69,24.05,23.67,23.75,1478100,1.0,0.0
2003-01-10,23.27,24.18,23.26,23.96,2442100,1.0,0.0
2003-01-13,24.0,24.08,23.64,23.76,1307100,1.0,0.0
2003-01-14,23.75,24.11,23.55,24.11,1402200,1.0,0.0
2003-01-15,24.25,24.55,23.94,23.98,1464500,1.0,0.0
2003-01-16,23.99,24.1,23.66,23.79,1185500,1.0,0.0
2003-01-17,23.88,23.88,23.44,23.59,1176400,1.0,0.0
2003-01-21,23.77,23.77,23.23,23.57,1166100,1.0,0.0
2003-01-22,23.62,24.35,23.55,24.0,3718400,1.0,0.0
2003-01-23,24.0,24.15,23.76,23.9,1700700,1.0,0.0
2003-01-24,23.95,23.95,23.1,23.15,1276900,1.0,0.0
2003-01-27,23.14,23.41,22.55,22.8,1522900,1.0,0.0
2003-01-28,22.77,23.11,22.77,22.79,1696600,1.0,0.0
2003-01-29,22.77,23.11,22.77,22.79,1447700,1.0,0.29
2003-01-30,22.77,23.16,22.73,22.73,1430600,1.0,0.0
2003-01-31,22.46,23.03,22.46,22.99,1571800,1.0,0.0
2003-02-03,22.99,23.17,22.8,23.01,1087400,1.0,0.0
2003-02-04,22.62,22.73,22.16,22.55,1616000,1.0,0.0
2003-02-05,22.78,23.06,22.41,22.46,1381000,1.0,0.0
2003-02-06,22.56,22.69,22.0,22.04,2562000,1.0,0.0
2003-02-07,22.15,22.22,21.65,21.95,1467100,1.0,0.0
2003-02-10,22.12,22.27,21.74,21.76,1407200,1.0,0.0
2003-02-11,21.7,22.0,21.54,21.69,1165400,1.0,0.0
2003-02-12,21.8,22.08,21.5,21.5,1213300,1.0,0.0
2003-02-13,21.5,21.75,21.25,21.44,1476300,1.0,0.0
2003-02-14,21.44,21.88,21.23,21.88,1002700,1.0,0.0
2003-02-18,21.88,22.31,21.5,22.1,1715000,1.0,0.0
2003-02-19,22.11,22.15,21.55,21.97,1671700,1.0,0.0
2003-02-20,21.97,22.02,21.15,21.15,1725800,1.0,0.0
2003-02-21,21.25,21.3,20.3,20.87,3941100,1.0,0.0
2003-02-24,20.5,20.55,20.09,20.16,2144300,1.0,0.0
2003-02-25,19.83,20.27,19.39,20.0,2933900,1.0,0.0
2003-02-26,20.0,20.1,19.8,19.94,1819700,1.0,0.0
2003-02-27,19.99,20.15,19.8,19.98,1975300,1.0,0.0
2003-02-28,19.99,20.03,19.79,19.9,1555300,1.0,0.0
2003-03-03,20.0,20.18,19.74,19.87,1522600,1.0,0.0
2003-03-04,19.71,19.81,19.59,19.72,2006900,1.0,0.0
2003-03-05,19.66,20.03,19.66,19.97,1909200,1.0,0.0
2003-03-06,19.98,20.07,19.61,19.97,1611500,1.0,0.0
2003-03-07,19.71,20.23,19.65,20.0,2420500,1.0,0.0
2003-03-10,19.87,20.05,19.6,19.9,1224800,1.0,0.0
2003-03-11,19.94,20.2,19.81,19.86,1970400,1.0,0.0
2003-03-12,19.86,20.05,19.66,19.98,1418700,1.0,0.0
2003-03-13,20.45,21.04,20.12,21.01,2645500,1.0,0.0
2003-03-14,20.92,21.47,20.71,21.25,1773100,1.0,0.0
2003-03-17,21.37,22.08,21.34,22.08,2409200,1.0,0.0
2003-03-18,22.04,22.08,21.63,22.03,1718600,1.0,0.0
2003-03-19,22.1,22.12,21.48,21.64,2495400,1.0,0.0
2003-03-20,21.67,22.03,21.3,21.86,2493500,1.0,0.0
2003-03-21,22.01,22.6,21.68,22.6,3367300,1.0,0.0
2003-03-24,22.3,22.31,21.49,21.62,1812100,1.0,0.0
2003-03-25,21.5,22.15,21.37,21.95,1822200,1.0,0.0
2003-03-26,21.7,22.01,21.51,21.89,1291600,1.0,0.0
2003-03-27,21.7,21.84,21.47,21.84,1703700,1.0,0.0
2003-03-28,21.7,21.9,21.52,21.74,1265700,1.0,0.0
2003-03-31,21.48,21.65,21.05,21.18,1289100,1.0,0.0
2003-04-01,21.18,21.42,20.92,21.0,1975800,1.0,0.0
2003-04-02,21.25,21.9,21.18,21.88,1692400,1.0,0.0
2003-04-03,21.88,21.88,21.08,21.15,2354300,1.0,0.0
2003-04-04,21.33,21.549,20.9,21.1,2072700,1.0,0.0
2003-04-07,21.55,21.741,20.95,20.99,1609500,1.0,0.0
2003-04-08,21.1,21.15,20.95,21.01,1250700,1.0,0.0
2003-04-09,20.99,21.4,20.86,20.99,1497900,1.0,0.0
2003-04-10,20.92,21.1,20.69,21.07,1514600,1.0,0.0
2003-04-11,21.15,21.4,20.9,20.9,855000,1.0,0.0
2003-04-14,20.85,21.45,20.83,21.4,992700,1.0,0.0
2003-04-15,21.45,21.75,21.31,21.73,1707800,1.0,0.0
2003-04-16,21.75,21.93,21.2,21.3,988300,1.0,0.0
2003-04-17,21.21,21.55,21.15,21.37,958500,1.0,0.0
2003-04-21,21.36,21.5,20.9,20.91,1321100,1.0,0.0
2003-04-22,20.92,21.77,20.8,21.58,2208300,1.0,0.0
2003-04-23,21.48,21.55,21.16,21.2,1942400,1.0,0.0
2003-04-24,21.2,21.27,20.44,20.85,2693100,1.0,0.0
2003-04-25,20.87,20.91,20.19,20.47,2535900,1.0,0.0
2003-04-28,20.67,21.14,20.58,21.0,1733900,1.0,0.3
2003-04-29,21.48,21.76,21.4,21.56,4578800,1.0,0.0
2003-04-30,21.47,21.87,21.4,21.72,3316500,1.0,0.0
2003-05-01,21.68,21.81,21.3,21.68,1257800,1.0,0.0
2003-05-02,21.68,22.22,21.6,22.1,2146300,1.0,0.0
2003-05-05,22.05,22.24,21.94,22.05,1746700,1.0,0.0
2003-05-06,22.05,22.6,21.98,22.45,2561200,1.0,0.0
2003-05-07,22.44,22.44,22.07,22.33,2180900,1.0,0.0
2003-05-08,22.26,22.48,21.96,22.11,1819700,1.0,0.0
2003-05-09,22.18,22.67,22.16,22.65,4144700,1.0,0.0
2003-05-12,22.85,23.15,22.57,23.05,2575200,1.0,0.0
2003-05-13,23.2,23.87,23.09,23.87,3668000,1.0,0.0
2003-05-14,24.01,24.15,23.68,24.0,2697000,1.0,0.0
2003-05-15,24.11,24.61,24.01,24.59,2565800,1.0,0.0
2003-05-16,24.65,24.88,24.47,24.88,2412700,1.0,0.0
2003-05-19,24.68,24.71,24.4,24.52,2480300,1.0,0.0
2003-05-20,24.52,24.7,23.73,24.15,2059100,1.0,0.0
2003-05-21,24.03,24.1,23.85,23.98,1774600,1.0,0.0
2003-05-22,23.91,24.5,23.9,24.5,2447600,1.0,0.0
2003-05-23,24.56,24.6,24.32,24.4,1780500,1.0,0.0
2003-05-27,24.18,24.65,24.0,24.49,2313000,1.0,0.0
2003-05-28,24.5,24.96,24.5,24.8,2185500,1.0,0.0
2003-05-29,24.8,25.0,24.55,24.74,3960600,1.0,0.0
2003-05-30,24.75,25.51,24.75,25.47,2795300,1.0,0.0
2003-06-02,25.59,26.039,25.32,25.47,1971100,1.0,0.0
2003-06-03,25.48,25.57,24.77,24.95,1492300,1.0,0.0
2003-06-04,24.94,25.7,24.7,25.7,1558300,1.0,0.0
2003-06-05,25.7,25.75,25.3,25.52,2071100,1.0,0.0
2003-06-06,25.5,25.7,25.0,25.15,1792100,1.0,0.0
2003-06-09,25.16,25.16,24.69,24.93,1024100,1.0,0.0
2003-06-10,24.93,25.1,24.87,25.05,832300,1.0,0.0
2003-06-11,25.15,25.2,24.91,25.08,1370600,1.0,0.0
2003-06-12,25.18,25.61,25.18,25.45,1842300,1.0,0.0
2003-06-13,25.44,25.48,24.66,24.8,1666600,1.0,0.0
2003-06-16,24.75,24.89,24.5,24.65,2725100,1.0,0.0
2003-06-17,24.75,25.03,24.53,24.78,2514300,1.0,0.0
2003-06-18,24.75,24.76,24.44,24.7,1766200,1.0,0.0
2003-06-19,24.75,24.77,24.25,24.7,2165200,1.0,0.0
2003-06-20,24.7,24.75,24.28,24.37,2451700,1.0,0.0
2003-06-23,24.27,24.28,23.249,23.35,1764900,1.0,0.0
2003-06-24,23.6,23.86,23.1,23.78,1687500,1.0,0.0
2003-06-25,23.79,24.21,23.45,23.84,1879400,1.0,0.0
2003-06-26,23.7,24.15,23.62,23.9,2832000,1.0,0.0
2003-06-27,23.85,23.93,23.58,23.7,1501100,1.0,0.0
2003-06-30,23.93,24.33,23.9,24.09,2411000,1.0,0.0
2003-07-01,24.0,24.38,23.8,24.33,2425800,1.0,0.0
2003-07-02,24.33,24.95,24.25,24.84,1937300,1.0,0.0
2003-07-03,24.75,24.98,24.6,24.8,1387200,1.0,0.0
2003-07-07,24.95,25.05,24.76,24.76,1349200,1.0,0.0
2003-07-08,24.55,25.19,24.55,25.07,1979300,1.0,0.0
2003-07-09,24.95,25.26,24.6,25.02,1151300,1.0,0.0
2003-07-10,24.85,24.894,24.25,24.3,1412900,1.0,0.0
2003-07-11,24.28,24.63,24.28,24.41,1535700,1.0,0.0
2003-07-14,24.55,24.74,24.27,24.48,1076900,1.0,0.0
2003-07-15,24.5,24.75,24.39,24.49,1038500,1.0,0.0
2003-07-16,24.03,24.17,23.29,24.05,1856500,1.0,0.0
2003-07-17,23.95,24.0,23.26,23.38,1908400,1.0,0.0
2003-07-18,23.55,23.7,23.4,23.62,2036200,1.0,0.0
2003-07-21,23.8,23.89,23.25,23.39,1235400,1.0,0.0
2003-07-22,23.39,23.6,23.1,23.51,972400,1.0,0.0
2003-07-23,23.59,23.6,23.23,23.35,1467400,1.0,0.0
2003-07-24,23.55,23.77,23.13,23.15,1769000,1.0,0.0
2003-07-25,23.2,23.97,23.14,23.91,1016600,1.0,0.0
2003-07-28,23.8,24.05,23.49,23.73,1022300,1.0,0.0
2003-07-29,23.75,23.9,23.3,23.55,1526800,1.0,0.4
2003-07-30,23.67,23.93,23.43,23.72,1595100,1.0,0.0
2003-07-31,24.0,24.24,23.71,23.89,2014900,1.0,0.0
2003-08-01,23.72,23.86,23.51,23.7,2016900,1.0,0.0
2003-08-04,23.75,24.0,23.67,23.82,1584700,1.0,0.0
2003-08-05,24.1,25.42,24.04,24.65,4399900,1.0,0.0
2003-08-06,24.55,25.31,24.01,24.32,1841100,1.0,0.0
2003-08-07,24.25,24.66,24.1,24.6,1649100,1.0,0.0
2003-08-08,24.57,24.88,24.55,24.81,850000,1.0,0.0
2003-08-11,24.88,25.21,24.79,24.9,1570700,1.0,0.0
2003-08-12,24.89,24.96,24.56,24.95,1802400,1.0,0.0
2003-08-13,24.98,24.99,24.65,24.69,1224800,1.0,0.0
2003-08-14,24.75,24.81,24.65,24.78,1707800,1.0,0.0
2003-08-15,24.81,25.2,24.57,25.16,1069100,1.0,0.0
2003-08-18,25.66,25.68,25.18,25.3,1841300,1.0,0.0
2003-08-19,25.75,26.25,25.69,26.09,2103200,1.0,0.0
2003-08-20,26.04,26.15,25.86,26.08,1470900,1.0,0.0
2003-08-21,26.22,26.6,26.15,26.35,1966000,1.0,0.0
2003-08-22,26.56,26.76,26.08,26.18,1419400,1.0,0.0
2003-08-25,26.17,26.49,25.9,26.0,1377200,1.0,0.0
2003-08-26,25.88,25.93,25.23,25.64,1857900,1.0,0.0
2003-08-27,25.64,26.0,25.5,25.87,1355000,1.0,0.0
2003-08-28,25.89,26.25,25.75,26.0,1103700,1.0,0.0
2003-08-29,25.9,26.63,25.88,26.61,1142600,1.0,0.0
2003-09-02,26.61,26.81,25.82,26.69,2078500,1.0,0.0
2003-09-03,26.57,26.61,26.2,26.31,1839000,1.0,0.0
2003-09-04,26.41,26.61,26.31,26.4,1708800,1.0,0.0
2003-09-05,26.28,26.44,25.92,26.03,1561700,1.0,0.0
2003-09-08,26.14,26.52,26.1,26.35,1195800,1.0,0.0
2003-09-09,26.2,26.35,25.96,25.98,1471600,1.0,0.0
2003-09-10,26.0,26.0,25.53,25.62,1092300,1.0,0.0
2003-09-11,25.8,25.89,25.62,25.62,910900,1.0,0.0
2003-09-12,25.54,25.82,25.26,25.75,826300,1.0,0.0
2003-09-15,25.6,25.85,25.53,25.61,756200,1.0,0.0
2003-09-16,25.58,26.11,25.58,26.1,976500,1.0,0.0
2003-09-17,26.01,26.11,25.9,25.9,800000,1.0,0.0
2003-09-18,26.05,26.87,26.005,26.47,1625700,1.0,0.0
2003-09-19,26.47,26.7,26.35,26.67,1318400,1.0,0.0
2003-09-22,26.47,26.49,26.25,26.4,1130300,1.0,0.0
2003-09-23,26.4,26.69,26.4,26.53,1152400,1.0,0.0
2003-09-24,26.63,26.93,26.4,26.6,2052200,1.0,0.0
2003-09-25,26.57,26.93,26.52,26.54,1674600,1.0,0.0
2003-09-26,26.43,26.44,25.69,26.16,2044100,1.0,0.01
2003-09-29,26.16,26.93,26.14,26.73,2163300,1.0,0.0
2003-09-30,26.56,26.59,26.15,26.17,1936300,1.0,0.0
2003-10-01,26.15,26.5,26.1,26.35,1669700,1.0,0.0
2003-10-02,26.35,26.4,25.97,25.99,1353000,1.0,0.0
2003-10-03,26.3,26.4,26.0,26.05,1825900,1.0,0.0
2003-10-06,26.0,26.18,25.8,26.02,1361800,1.0,0.0
2003-10-07,25.89,26.49,25.83,26.46,2104900,1.0,0.0
2003-10-08,26.49,26.49,26.05,26.09,992900,1.0,0.0
2003-10-09,26.09,26.49,25.92,26.0,1333800,1.0,0.0
2003-10-10,26.0,26.08,25.81,25.84,985000,1.0,0.0
2003-10-13,25.97,25.99,25.56,25.64,1488600,1.0,0.0
2003-10-14,25.7,26.06,25.33,26.05,2339900,1.0,0.0
2003-10-15,26.2,26.38,26.05,26.16,2287400,1.0,0.0
2003-10-16,26.05,26.32,25.91,26.27,1495100,1.0,0.0
2003-10-17,26.35,26.46,26.16,26.46,1702500,1.0,0.0
2003-10-20,26.48,26.49,26.15,26.47,1387200,1.0,0.0
2003-10-21,26.47,26.74,26.3,26.42,1162000,1.0,0.0
2003-10-22,26.3,26.38,26.02,26.05,1561600,1.0,0.0
2003-10-23,26.05,26.05,25.4,25.59,2293600,1.0,0.0
2003-10-24,25.59,25.59,24.9,25.2,2099200,1.0,0.0
2003-10-27,25.2,25.56,24.95,25.37,1674500,1.0,0.0
2003-10-28,25.38,25.65,25.04,25.4,1658400,1.0,0.0
2003-10-29,25.4,26.0,25.18,25.93,1674800,1.0,0.41
2003-10-30,25.93,26.47,25.67,25.88,1675900,1.0,0.0
2003-10-31,25.88,26.16,25.6,25.92,1127000,1.0,0.0
2003-11-03,25.92,26.06,25.87,26.0,1057600,1.0,0.0
2003-11-04,25.95,26.02,25.65,25.75,1207400,1.0,0.0
2003-11-05,25.63,25.82,25.24,25.47,1111500,1.0,0.0
2003-11-06,25.35,25.86,25.2,25.72,2060700,1.0,0.0
2003-11-07,26.08,26.8,25.87,26.55,3038600,1.0,0.0
2003-11-10,26.55,26.73,26.351,26.73,1645800,1.0,0.0
2003-11-11,26.73,26.91,26.63,26.85,2000900,1.0,0.0
2003-11-12,26.91,27.31,26.66,27.28,1764500,1.0,0.0
2003-11-13,27.5,28.25,27.35,28.19,3333500,1.0,0.0
2003-11-14,28.25,28.64,27.97,28.29,2589200,1.0,0.0
2003-11-17,28.08,28.13,27.7,28.11,1194400,1.0,0.0
2003-11-18,28.15,28.23,27.95,28.01,1055800,1.0,0.0
2003-11-19,28.0,28.37,28.0,28.27,1595700,1.0,0.0
2003-11-20,28.28,28.28,27.88,28.17,1411300,1.0,0.0
2003-11-21,28.14,28.17,27.67,28.15,1375500,1.0,0.0
2003-11-24,28.25,28.57,28.17,28.46,1471900,1.0,0.0
2003-11-25,29.03,29.03,28.5,28.95,2676600,1.0,0.0
2003-11-26,28.95,29.72,28.85,29.45,2300800,1.0,0.0
2003-11-28,29.3,29.43,29.1,29.41,783300,1.0,0.0
2003-12-01,29.41,29.42,29.13,29.25,3669200,1.0,0.0
2003-12-02,29.15,29.35,29.1,29.2,1984300,1.0,0.0
2003-12-03,29.3,29.45,29.18,29.45,1757000,1.0,0.0
2003-12-04,29.45,29.48,29.11,29.26,2026800,1.0,0.0
2003-12-05,29.13,29.18,28.66,28.8,1697900,1.0,0.0
2003-12-08,28.71,28.95,28.6,28.95,2228700,1.0,0.0
2003-12-09,28.99,29.32,28.99,29.32,1441000,1.0,0.0
2003-12-10,29.31,29.5,29.24,29.39,1756900,1.0,0.0
2003-12-11,29.54,29.66,29.28,29.45,1663200,1.0,0.0
2003-12-12,29.4,29.45,28.92,29.15,1400500,1.0,0.0
2003-12-15,29.26,29.3,29.05,29.06,1547800,1.0,0.0
2003-12-16,29.06,29.4,29.02,29.31,1435500,1.0,0.0
2003-12-17,29.35,29.38,29.12,29.35,2412700,1.0,0.0
2003-12-18,29.25,29.47,28.96,29.37,2579800,1.0,0.0
2003-12-19,29.42,29.46,28.99,29.28,3320500,1.0,0.0
2003-12-22,29.25,29.65,29.08,29.55,3787700,1.0,0.0
2003-12-23,29.63,29.69,29.17,29.38,2274100,1.0,0.0
2003-12-24,29.38,29.48,29.27,29.3,693000,1.0,0.0
2003-12-26,29.4,29.48,29.35,29.39,661800,1.0,0.0
2003-12-29,29.48,29.59,29.14,29.52,1438100,1.0,0.0
2003-12-30,29.43,29.5,29.3,29.44,1104400,1.0,0.0
2003-12-31,29.47,29.67,29.4,29.6,2512800,1.0,0.0
2004-01-02,29.58,30.0,29.5,29.83,1446500,1.0,0.0
2004-01-05,29.9,30.1,29.39,29.43,2546800,1.0,0.0
2004-01-06,29.43,29.43,28.97,29.09,1829000,1.0,0.0
2004-01-07,29.03,29.15,28.75,28.83,2132800,1.0,0.0
2004-01-08,28.85,28.92,28.47,28.64,1536100,1.0,0.0
2004-01-09,28.6,28.64,28.28,28.44,2537200,1.0,0.0
2004-01-12,28.45,28.75,28.28,28.7,2658400,1.0,0.0
2004-01-13,28.8,28.89,28.58,28.7,2535800,1.0,0.0
2004-01-14,28.75,28.75,28.25,28.63,1699000,1.0,0.0
2004-01-15,28.62,28.73,27.96,28.55,2090400,1.0,0.0
2004-01-16,28.55,28.82,28.08,28.18,1872900,1.0,0.0
2004-01-20,28.25,28.39,27.69,27.81,2263900,1.0,0.0
2004-01-21,28.0,28.0,27.84,27.84,1890100,1.0,0.0
2004-01-22,27.86,27.98,27.7,27.7,1491500,1.0,0.0
2004-01-23,27.8,28.12,27.72,27.87,1413300,1.0,0.0
2004-01-26,27.85,28.04,27.76,27.95,1460200,1.0,0.0
2004-01-27,28.0,28.2,27.45,27.65,1916500,1.0,0.0
2004-01-28,27.8,28.1,27.43,27.6,1538600,1.0,0.42
2004-01-29,27.7,28.05,27.28,27.85,1764200,1.0,0.0
2004-01-30,27.87,28.09,27.51,27.76,1311300,1.0,0.0
2004-02-02,27.73,28.57,27.57,28.34,2400800,1.0,0.0
2004-02-03,28.4,28.55,27.94,28.5,1681900,1.0,0.0
2004-02-04,28.4,28.84,28.25,28.49,2028300,1.0,0.0
2004-02-05,28.58,29.45,28.45,28.99,2485300,1.0,0.0
2004-02-06,28.85,29.6,28.85,29.46,1916600,1.0,0.0
2004-02-09,29.25,29.38,29.02,29.2,1048400,1.0,0.0
2004-02-10,29.15,29.5,29.07,29.45,1696100,1.0,0.0
2004-02-11,29.2,29.38,28.0,29.0,2526400,1.0,0.0
2004-02-12,29.3,29.85,29.14,29.39,1956500,1.0,0.0
2004-02-13,29.43,29.68,29.2,29.28,2012100,1.0,0.0
2004-02-17,29.35,29.77,29.12,29.45,1565100,1.0,0.0
2004-02-18,29.6,29.74,29.25,29.32,1687700,1.0,0.0
2004-02-19,29.31,29.61,29.01,29.15,2191800,1.0,0.0
2004-02-20,29.15,29.19,28.2,28.51,3443600,1.0,0.0
2004-02-23,28.55,28.71,28.3,28.42,1607300,1.0,0.0
2004-02-24,28.35,29.05,28.25,28.93,2621100,1.0,0.0
2004-02-25,29.0,29.19,28.95,29.1,2226000,1.0,0.0
2004-02-26,29.01,29.09,28.65,28.74,1844700,1.0,0.1875
2004-02-27,25.67,29.05,25.67,28.5,1807300,1.0,0.0
2004-03-01,28.7,28.7,28.34,28.41,2316000,1.0,0.0
2004-03-02,28.5,28.64,28.08,28.45,1741200,1.0,0.0
2004-03-03,28.35,29.0,28.35,28.92,1936300,1.0,0.0
2004-03-04,29.45,29.5,29.24,29.3,2368700,1.0,0.0
2004-03-05,29.2,29.7,29.01,29.47,1556700,1.0,0.0
2004-03-08,29.2,29.65,29.15,29.52,1812700,1.0,0.0
2004-03-09,29.57,29.75,29.17,29.32,1533000,1.0,0.0
2004-03-10,29.2,29.53,29.0,29.01,1471700,1.0,0.0
2004-03-11,28.9,29.49,28.61,29.3,2428500,1.0,0.0
2004-03-12,29.3,29.69,28.89,29.65,3142500,1.0,0.0
2004-03-15,29.7,29.7,28.85,29.0,2492100,1.0,0.0
2004-03-16,29.27,29.3,28.94,29.2,2452200,1.0,0.0
2004-03-17,29.26,30.15,29.26,29.84,1848400,1.0,0.0
2004-03-18,29.7,29.9,29.25,29.68,1245900,1.0,0.0
2004-03-19,29.5,29.6,29.39,29.49,2051100,1.0,0.0
2004-03-22,29.32,29.47,28.5,28.61,1935300,1.0,0.0
2004-03-23,28.77,28.95,28.371,28.71,1619500,1.0,0.0
2004-03-24,28.65,28.75,28.05,28.47,1910500,1.0,0.0
2004-03-25,28.5,28.7,28.05,28.47,2108000,1.0,0.0
2004-03-26,28.5,28.79,28.2,28.3,1516200,1.0,0.0
2004-03-29,28.5,29.06,28.5,28.94,1546500,1.0,0.0
2004-03-30,29.05,29.82,29.02,29.7,2423800,1.0,0.0
2004-03-31,29.8,30.63,29.55,30.18,5415200,1.0,0.0
2004-04-01,29.99,30.64,29.97,30.43,2692700,1.0,0.0
2004-04-02,30.47,31.0,30.19,30.45,2647000,1.0,0.0
2004-04-05,30.44,30.5,30.08,30.48,2037500,1.0,0.0
2004-04-06,30.5,30.67,30.15,30.65,1495900,1.0,0.0
2004-04-07,30.64,30.64,30.18,30.31,1153100,1.0,0.0
2004-04-08,30.5,30.71,30.15,30.17,1497800,1.0,0.0
2004-04-12,30.17,30.48,30.15,30.3,832600,1.0,0.0
2004-04-13,30.32,30.41,29.9,30.03,1245000,1.0,0.0
2004-04-14,30.03,30.19,29.87,29.97,1046600,1.0,0.0
2004-04-15,30.02,30.15,29.58,29.78,1514600,1.0,0.0
2004-04-16,29.85,29.85,29.58,29.69,1844600,1.0,0.0
2004-04-19,29.7,30.05,29.65,30.04,2100100,1.0,0.0
2004-04-20,29.99,30.08,29.88,29.93,3173500,1.0,0.0
2004-04-21,29.93,30.05,29.73,29.74,2256200,1.0,0.0
2004-04-22,29.95,30.17,29.68,29.95,2949700,1.0,0.0
2004-04-23,30.0,30.07,29.7,29.78,1675000,1.0,0.0
2004-04-26,29.86,30.0,29.62,29.78,864500,1.0,0.0
2004-04-27,29.83,30.1,29.66,29.72,1518400,1.0,0.0
2004-04-28,29.72,29.75,29.38,29.66,1631200,1.0,0.43
2004-04-29,29.66,29.66,28.76,28.95,2522500,1.0,0.0
2004-04-30,28.85,29.02,28.29,28.4,2346600,1.0,0.0
2004-05-03,28.39,28.85,28.15,28.67,3256800,1.0,0.0
2004-05-04,28.8,29.15,28.79,28.96,2207800,1.0,0.0
2004-05-05,28.9,29.08,28.761,29.04,1070400,1.0,0.0
2004-05-06,29.0,29.08,28.54,28.8,1262600,1.0,0.0
2004-05-07,28.7,28.91,28.38,28.46,1272700,1.0,0.0
2004-05-10,28.23,28.62,27.8,28.26,1507900,1.0,0.0
2004-05-11,28.18,28.3,27.78,28.25,1855800,1.0,0.0
2004-05-12,28.15,28.16,27.75,28.1,1240900,1.0,0.0
2004-05-13,27.92,28.11,27.6,27.99,1257400,1.0,0.0
2004-05-14,28.05,28.6,28.02,28.46,1684300,1.0,0.0
2004-05-17,28.38,28.38,27.65,27.75,1160800,1.0,0.0
2004-05-18,27.85,28.05,27.63,27.94,1024500,1.0,0.0
2004-05-19,28.1,28.52,27.74,27.77,1900600,1.0,0.0
2004-05-20,27.98,28.19,27.86,27.92,1750000,1.0,0.0
2004-05-21,28.0,28.35,27.88,28.31,1385300,1.0,0.0
2004-05-24,28.49,28.73,28.05,28.12,1177800,1.0,0.0
2004-05-25,28.23,28.88,28.1,28.67,1551300,1.0,0.0
2004-05-26,28.77,29.07,28.7,29.0,1489100,1.0,0.0
2004-05-27,28.95,29.37,28.93,29.11,1243700,1.0,0.1875
2004-05-28,29.21,29.25,28.58,28.76,1223500,1.0,0.0
2004-06-01,28.76,28.79,28.11,28.32,2137300,1.0,0.0
2004-06-02,28.55,28.73,28.18,28.68,1430200,1.0,0.0
2004-06-03,28.68,28.78,28.12,28.22,1674400,1.0,0.0
2004-06-04,28.4,28.69,28.26,28.45,1462500,1.0,0.0
2004-06-07,28.65,29.09,28.6,29.05,1126300,1.0,0.0
2004-06-08,29.05,29.58,28.94,29.58,2310500,1.0,0.0
2004-06-09,29.54,29.6,29.3,29.48,1539900,1.0,0.0
2004-06-10,29.73,29.95,29.48,29.66,1912300,1.0,0.0
2004-06-14,29.5,29.7,29.39,29.52,1160500,1.0,0.0
2004-06-15,29.73,29.8,29.34,29.49,2226100,1.0,0.0
2004-06-16,29.6,29.84,29.573,29.71,1722200,1.0,0.0
2004-06-17,29.75,29.82,29.45,29.59,1823600,1.0,0.0
2004-06-18,29.58,29.64,29.25,29.44,1759700,1.0,0.0
2004-06-21,29.42,29.68,29.36,29.41,1728200,1.0,0.0
2004-06-22,29.49,29.81,29.45,29.72,1496600,1.0,0.0
2004-06-23,29.7,29.91,29.53,29.84,1777500,1.0,0.0
2004-06-24,29.84,30.17,29.73,29.98,3162400,1.0,0.0
2004-06-25,30.0,30.0,29.2,29.7,2843200,1.0,0.0
2004-06-28,29.85,30.2,29.46,30.12,4118400,1.0,0.0
2004-06-29,30.12,30.73,30.12,30.73,2626600,1.0,0.0
2004-06-30,30.73,30.75,30.18,30.65,2214700,1.0,0.0
2004-07-01,30.65,30.66,29.53,29.88,2369200,1.0,0.0
2004-07-02,29.75,29.79,29.45,29.73,1027400,1.0,0.0
2004-07-06,29.5,30.16,29.36,30.05,2395600,1.0,0.0
2004-07-07,29.9,30.1,29.65,30.06,1613200,1.0,0.0
2004-07-08,30.07,30.23,29.6,29.65,1619500,1.0,0.0
2004-07-09,29.7,29.73,28.85,28.95,2293000,1.0,0.0
2004-07-12,29.04,29.86,28.99,29.72,1691900,1.0,0.0
2004-07-13,29.73,29.95,29.31,29.8,1225000,1.0,0.0
2004-07-14,29.77,29.8,29.15,29.34,1392100,1.0,0.0
2004-07-15,29.33,29.67,29.15,29.44,864800,1.0,0.0
2004-07-16,29.69,29.72,29.12,29.17,1050900,1.0,0.0
2004-07-19,29.25,29.44,29.001,29.19,666100,1.0,0.0
2004-07-20,29.12,29.42,28.98,29.32,968500,1.0,0.0
2004-07-21,29.48,29.6,28.72,28.72,1141300,1.0,0.0
2004-07-22,28.5,28.71,28.32,28.51,1805100,1.0,0.0
2004-07-23,28.56,28.77,28.32,28.48,928200,1.0,0.0
2004-07-26,28.48,28.76,28.44,28.52,1263200,1.0,0.0
2004-07-27,28.55,28.77,28.3,28.5,1047100,1.0,0.0
2004-07-28,28.51,28.51,27.13,28.14,3170500,1.0,0.44
2004-07-29,28.98,29.05,27.76,28.15,2979600,1.0,0.0
2004-07-30,28.15,28.39,27.92,28.14,2106900,1.0,0.0
2004-08-02,28.0,28.47,27.69,28.41,1329500,1.0,0.0
2004-08-03,28.4,28.52,27.83,27.85,1990100,1.0,0.0
2004-08-04,27.83,27.85,27.39,27.66,1355800,1.0,0.0
2004-08-05,27.7,27.82,27.1,27.11,1635100,1.0,0.0
2004-08-06,27.03,27.04,26.4,26.6,2486100,1.0,0.0
2004-08-09,26.61,27.07,26.6,26.96,2092300,1.0,0.0
2004-08-10,27.05,27.7,27.0,27.69,1610600,1.0,0.0
2004-08-11,27.67,27.9,27.45,27.75,1950400,1.0,0.0
2004-08-12,27.75,27.79,27.52,27.55,1946400,1.0,0.0
2004-08-13,27.6,27.9,27.6,27.77,1861200,1.0,0.0
2004-08-16,27.8,28.07,27.72,27.99,1610200,1.0,0.0
2004-08-17,27.99,28.0,27.49,27.71,1516700,1.0,0.0
2004-08-18,27.73,27.79,27.55,27.67,2059100,1.0,0.0
2004-08-19,27.62,27.64,27.38,27.54,1425600,1.0,0.0
2004-08-20,27.6,28.05,27.5,27.95,1813800,1.0,0.0
2004-08-23,28.05,28.09,27.72,27.81,1000300,1.0,0.0
2004-08-24,27.9,28.05,27.67,27.81,1330100,1.0,0.0
2004-08-25,27.77,28.0,27.77,27.95,1565300,1.0,0.0
2004-08-26,27.85,28.18,27.85,27.92,1174600,1.0,0.0
2004-08-27,27.93,28.35,27.79,28.31,1413300,1.0,0.0
2004-08-30,28.09,28.16,27.79,27.87,1059500,1.0,0.1875
2004-08-31,27.8,27.9,27.63,27.79,1833600,1.0,0.0
2004-09-01,27.84,27.92,27.65,27.8,1494200,1.0,0.0
2004-09-02,27.81,28.46,27.81,28.37,1065300,1.0,0.0
2004-09-03,28.3,28.56,28.21,28.43,1903100,1.0,0.0
2004-09-07,28.62,28.65,28.19,28.19,1294000,1.0,0.0
2004-09-08,28.27,28.36,27.92,27.92,1177200,1.0,0.0
2004-09-09,27.94,28.07,27.65,27.67,1794600,1.0,0.0
2004-09-10,27.77,27.86,27.46,27.75,2076700,1.0,0.0
2004-09-13,27.71,28.04,27.62,27.78,1292000,1.0,0.0
2004-09-14,27.62,27.62,27.1,27.27,2067800,1.0,0.0
2004-09-15,27.32,27.33,26.87,27.18,2022900,1.0,0.0
2004-09-16,27.22,27.54,27.12,27.31,1220200,1.0,0.0
2004-09-17,27.43,27.51,27.14,27.42,1535700,1.0,0.0
2004-09-20,27.3,27.57,27.25,27.46,1116100,1.0,0.0
2004-09-21,27.46,27.58,26.9,27.1,1612900,1.0,0.0
2004-09-22,27.08,27.29,26.71,26.88,2673200,1.0,0.0
2004-09-23,26.9,27.01,26.77,26.94,2083400,1.0,0.0
2004-09-24,26.94,27.2,26.86,26.97,1450300,1.0,0.0
2004-09-27,27.04,27.05,26.8,26.91,1887700,1.0,0.0
2004-09-28,26.92,27.06,26.48,26.48,1900100,1.0,0.0
2004-09-29,26.49,26.93,26.35,26.91,4115400,1.0,0.0
2004-09-30,26.91,27.5,26.88,27.34,2884300,1.0,0.0
2004-10-01,27.45,27.71,27.4,27.68,1855200,1.0,0.0
2004-10-04,27.77,28.15,27.53,28.0,2270900,1.0,0.0
2004-10-05,28.0,28.04,27.74,27.84,1610500,1.0,0.0
2004-10-06,27.85,27.85,27.65,27.76,1267400,1.0,0.0
2004-10-07,27.75,27.75,27.08,27.15,1679200,1.0,0.0
2004-10-08,27.13,27.42,26.81,26.9,1522800,1.0,0.0
2004-10-11,27.0,27.1,26.64,26.91,1116200,1.0,0.0
2004-10-12,26.85,26.97,26.64,26.89,966200,1.0,0.0
2004-10-13,26.92,27.15,26.52,26.68,1386500,1.0,0.0
2004-10-14,26.78,26.78,26.48,26.53,1207800,1.0,0.0
2004-10-15,26.68,26.9,26.37,26.56,983600,1.0,0.0
2004-10-18,26.53,26.8,26.19,26.68,1413300,1.0,0.0
2004-10-19,26.69,26.82,26.12,26.17,1469200,1.0,0.0
2004-10-20,26.18,26.55,26.03,26.54,1304700,1.0,0.0
2004-10-21,26.54,26.77,26.47,26.7,1037700,1.0,0.0
2004-10-22,26.85,27.08,26.53,26.6,1178900,1.0,0.0
2004-10-25,26.65,26.8,26.52,26.58,1135500,1.0,0.0
2004-10-26,26.6,27.27,26.55,27.27,1446700,1.0,0.0
2004-10-27,27.15,27.57,26.81,27.34,2275300,1.0,0.45
2004-10-28,27.4,28.86,27.38,28.61,3109900,1.0,0.0
2004-10-29,28.5,28.8,28.29,28.48,1404800,1.0,0.0
2004-11-01,28.3,28.75,27.92,28.49,2197200,1.0,0.0
2004-11-02,28.49,28.81,28.41,28.54,2102500,1.0,0.0
2004-11-03,28.65,28.99,28.55,28.7,1558100,1.0,0.0
2004-11-04,28.74,29.39,28.62,29.26,1358500,1.0,0.0
2004-11-05,29.24,29.65,29.13,29.64,1515400,1.0,0.0
2004-11-08,29.64,29.86,29.5,29.7,1647500,1.0,0.0
2004-11-09,29.72,29.95,29.67,29.86,1934300,1.0,0.0
2004-11-10,29.86,29.89,29.33,29.35,2301000,1.0,0.0
2004-11-11,29.47,29.52,29.26,29.46,1512600,1.0,0.0
2004-11-12,29.46,29.71,29.26,29.71,1471200,1.0,0.0
2004-11-15,29.71,29.85,29.47,29.51,1137100,1.0,0.0
2004-11-16,29.52,29.7,29.42,29.45,1107600,1.0,0.0
2004-11-17,29.7,29.8,29.48,29.49,1025900,1.0,0.0
2004-11-18,29.64,29.87,29.54,29.78,1359000,1.0,0.0
2004-11-19,29.91,29.92,29.52,29.6,1103200,1.0,0.0
2004-11-22,29.55,29.82,29.21,29.3,1637700,1.0,0.0
2004-11-23,29.35,29.39,29.02,29.37,1088100,1.0,0.0
2004-11-24,29.3,29.6,29.29,29.54,1132500,1.0,0.0
2004-11-26,29.59,30.0,29.59,29.89,595500,1.0,0.0
2004-11-29,29.9,30.0,29.47,29.69,2009800,1.0,0.1875
2004-11-30,29.65,29.81,29.27,29.81,1516700,1.0,0.0
2004-12-01,29.81,29.89,29.56,29.66,2005600,1.0,0.0
2004-12-02,29.59,30.0,29.55,30.0,1831900,1.0,0.0
2004-12-03,29.8,29.96,29.65,29.9,1474600,1.0,0.0
2004-12-06,29.8,29.98,29.64,29.86,1131700,1.0,0.0
2004-12-07,29.95,30.41,29.76,30.16,2609000,1.0,0.0
2004-12-08,30.2,30.4,30.04,30.4,2141900,1.0,0.0
2004-12-09,30.3,30.67,29.86,30.6,2236900,1.0,0.0
2004-12-10,30.58,31.28,30.33,31.1,2853000,1.0,0.0
2004-12-13,31.2,31.42,30.6,30.7,2417800,1.0,0.0
2004-12-14,30.56,31.0,30.36,30.91,1473200,1.0,0.0
2004-12-15,30.97,31.0,30.78,30.81,2216500,1.0,0.0
2004-12-16,30.4,30.43,29.75,30.23,2392800,1.0,0.0
2004-12-17,29.93,30.31,29.52,29.64,2910000,1.0,0.0
2004-12-20,29.89,29.89,29.2,29.52,2504600,1.0,0.0
2004-12-21,29.55,29.83,29.35,29.55,1798100,1.0,0.0
2004-12-22,29.55,29.87,29.46,29.76,1478700,1.0,0.0
2004-12-23,29.77,29.89,29.6,29.7,751200,1.0,0.0
2004-12-27,29.71,29.94,29.6,29.68,1009000,1.0,0.0
2004-12-28,29.64,29.9,29.64,29.89,909000,1.0,0.0
2004-12-29,29.79,30.05,29.79,30.02,1361200,1.0,0.0
2004-12-30,30.12,30.37,29.93,30.18,821800,1.0,0.0
2004-12-31,30.19,30.2,29.85,29.94,739400,1.0,0.0
2005-01-03,29.95,29.96,29.53,29.53,1451500,1.0,0.0
2005-01-04,29.73,29.8,29.17,29.2,1567700,1.0,0.0
2005-01-05,29.32,29.32,28.9,28.96,1380500,1.0,0.0
2005-01-06,28.85,29.07,28.74,28.81,1224200,1.0,0.0
2005-01-07,28.8,28.89,28.61,28.67,1945500,1.0,0.0
2005-01-10,28.73,28.85,28.49,28.59,1993300,1.0,0.0
2005-01-11,28.65,28.76,28.42,28.74,1668900,1.0,0.0
2005-01-12,28.75,29.28,28.73,29.24,2554200,1.0,0.0
2005-01-13,29.43,29.66,29.03,29.37,2320500,1.0,0.0
2005-01-14,29.37,29.43,29.1,29.29,1567000,1.0,0.0
2005-01-18,29.27,29.46,28.83,29.21,1619600,1.0,0.0
2005-01-19,29.23,29.26,28.76,28.85,1317600,1.0,0.0
2005-01-20,28.9,29.07,28.7,28.75,1732800,1.0,0.0
2005-01-21,28.65,29.13,28.64,28.86,1385100,1.0,0.0
2005-01-24,28.78,29.02,28.5,28.78,1399100,1.0,0.0
2005-01-25,28.79,29.05,28.66,28.68,1233700,1.0,0.0
2005-01-26,28.74,28.95,28.53,28.88,1070500,1.0,0.0
2005-01-27,28.9,29.12,28.8,28.91,1025700,1.0,0.46
2005-01-28,28.86,28.96,28.36,28.72,1668600,1.0,0.0
2005-01-31,29.0,29.07,28.79,29.0,1650600,1.0,0.0
2005-02-01,28.97,29.54,28.82,29.45,1922400,1.0,0.0
2005-02-02,29.4,29.83,29.36,29.7,1531300,1.0,0.0
2005-02-03,29.68,29.96,29.58,29.65,1205400,1.0,0.0
2005-02-04,29.62,29.95,29.56,29.87,1477400,1.0,0.0
2005-02-07,29.85,30.11,29.76,30.05,1243700,1.0,0.0
2005-02-08,29.95,30.38,29.85,30.28,1443500,1.0,0.0
2005-02-09,30.28,30.28,29.6,29.69,2094400,1.0,0.0
2005-02-10,29.8,29.9,29.25,29.77,1904200,1.0,0.0
2005-02-11,29.77,29.89,29.3,29.77,1475700,1.0,0.0
2005-02-14,29.85,30.18,29.7,30.09,1863200,1.0,0.0
2005-02-15,30.08,30.36,29.92,30.0,1720100,1.0,0.0
2005-02-16,29.9,30.08,29.85,30.04,1178500,1.0,0.0
2005-02-17,30.02,30.08,29.78,30.01,1300100,1.0,0.0
2005-02-18,30.05,30.25,29.91,30.0,982900,1.0,0.0
2005-02-22,29.95,30.05,29.38,29.43,1638200,1.0,0.0
2005-02-23,29.35,29.5,29.08,29.31,1645400,1.0,0.0
2005-02-24,29.32,29.42,29.02,29.42,1280700,1.0,0.0
2005-02-25,29.17,29.64,28.97,29.56,1428700,1.0,0.2
2005-02-28,29.5,29.58,29.1,29.24,1795500,1.0,0.0
2005-03-01,29.27,29.78,29.27,29.69,1645500,1.0,0.0
2005-03-02,29.55,29.86,29.4,29.78,1411300,1.0,0.0
2005-03-03,29.76,29.82,29.45,29.52,1257800,1.0,0.0
2005-03-04,29.62,29.97,29.5,29.91,1762500,1.0,0.0
2005-03-07,29.78,30.07,29.64,29.93,1723600,1.0,0.0
2005-03-08,29.8,29.99,29.75,29.8,1285700,1.0,0.0
2005-03-09,29.68,29.92,29.62,29.68,1432300,1.0,0.0
2005-03-10,29.71,29.9,29.52,29.66,1574700,1.0,0.0
2005-03-11,29.55,29.65,29.34,29.41,1599100,1.0,0.0
2005-03-14,29.4,29.55,29.22,29.3,1625800,1.0,0.0
2005-03-15,29.4,29.62,29.27,29.3,1482500,1.0,0.0
2005-03-16,29.23,29.42,28.98,29.04,1051100,1.0,0.0
2005-03-17,29.04,29.12,28.786,28.95,1908200,1.0,0.0
2005-03-18,28.96,29.12,28.65,29.1,2953500,1.0,0.0
2005-03-21,29.1,29.4,28.99,29.27,1296500,1.0,0.0
2005-03-22,29.27,29.62,29.15,29.39,2028800,1.0,0.0
2005-03-23,29.5,29.72,29.24,29.36,1654300,1.0,0.0
2005-03-24,29.25,29.38,29.06,29.08,1200800,1.0,0.0
2005-03-28,29.3,29.41,29.21,29.24,889000,1.0,0.0
2005-03-29,29.25,29.48,28.99,29.11,1467800,1.0,0.0
2005-03-30,29.1,29.38,28.9,29.2,1520200,1.0,0.0
2005-03-31,29.17,29.22,28.8,28.85,1898100,1.0,0.0
2005-04-01,28.86,28.95,28.7,28.92,1758900,1.0,0.0
2005-04-04,28.92,29.37,28.8,29.16,1988000,1.0,0.0
2005-04-05,29.18,29.61,29.01,29.5,1494400,1.0,0.0
2005-04-06,29.55,29.68,29.33,29.49,1648400,1.0,0.0
2005-04-07,29.5,29.89,29.5,29.7,1686900,1.0,0.0
2005-04-08,29.8,29.8,29.53,29.55,1384200,1.0,0.0
2005-04-11,29.62,29.8,29.58,29.77,1039200,1.0,0.0
2005-04-12,29.7,30.0,29.56,29.89,1248100,1.0,0.0
2005-04-13,29.83,29.9,29.15,29.23,1580000,1.0,0.0
2005-04-14,29.2,29.31,28.7,28.84,2628700,1.0,0.0
2005-04-15,28.6,28.81,27.96,28.05,2439300,1.0,0.0
2005-04-18,28.07,28.23,27.85,28.07,2043500,1.0,0.0
2005-04-19,28.07,28.13,27.67,27.86,1592800,1.0,0.0
2005-04-20,27.73,27.93,27.52,27.54,1491800,1.0,0.0
2005-04-21,27.6,27.75,27.18,27.35,2516900,1.0,0.0
2005-04-22,27.35,27.78,27.22,27.5,2001300,1.0,0.0
2005-04-25,27.68,27.8,27.5,27.68,1295800,1.0,0.0
2005-04-26,27.67,27.82,27.43,27.43,1849300,1.0,0.0
2005-04-27,27.35,28.24,27.33,28.12,2719900,1.0,0.47
2005-04-28,28.7,28.7,27.65,28.06,2514300,1.0,0.0
2005-04-29,28.15,28.49,27.92,28.49,3026800,1.0,0.0
2005-05-02,28.55,28.65,28.24,28.4,1847400,1.0,0.0
2005-05-03,28.41,29.05,28.3,28.8,2037700,1.0,0.0
2005-05-04,28.8,29.45,28.7,29.34,2088000,1.0,0.0
2005-05-05,29.4,29.55,29.24,29.25,2504400,1.0,0.0
2005-05-06,29.42,29.5,29.13,29.2,1558600,1.0,0.0
2005-05-09,29.14,29.26,29.02,29.26,1174200,1.0,0.0
2005-05-10,29.06,29.19,28.97,29.06,1459000,1.0,0.0
2005-05-11,29.07,29.25,28.93,29.23,1428500,1.0,0.0
2005-05-12,29.3,29.4,28.89,29.0,1890900,1.0,0.0
2005-05-13,29.15,29.15,28.7,28.96,1676900,1.0,0.0
2005-05-16,28.96,29.11,28.87,29.08,1156800,1.0,0.0
2005-05-17,28.95,28.98,28.68,28.92,1969200,1.0,0.0
2005-05-18,28.93,29.56,28.92,29.49,1263000,1.0,0.0
2005-05-19,29.49,29.59,29.27,29.4,887200,1.0,0.0
2005-05-20,29.5,29.54,29.31,29.44,982100,1.0,0.0
2005-05-23,29.45,29.55,29.29,29.47,1204500,1.0,0.0
2005-05-24,29.48,29.48,29.26,29.32,1057700,1.0,0.0
2005-05-25,29.2,29.32,28.91,29.16,1656500,1.0,0.0
2005-05-26,29.3,29.66,29.24,29.53,1326800,1.0,0.0
2005-05-27,29.4,29.63,29.31,29.62,1508500,1.0,0.2
2005-05-31,29.62,29.65,29.21,29.49,2695900,1.0,0.0
2005-06-01,29.34,29.7,29.16,29.61,1965800,1.0,0.0
2005-06-02,29.63,29.65,29.45,29.58,1579300,1.0,0.0
2005-06-03,29.62,29.75,29.5,29.69,948600,1.0,0.0
2005-06-06,29.7,29.73,29.44,29.56,947700,1.0,0.0
2005-06-07,29.56,29.6,29.17,29.18,1714300,1.0,0.0
2005-06-08,29.24,29.36,29.05,29.15,2203700,1.0,0.0
2005-06-09,29.19,29.3,28.96,29.14,1673100,1.0,0.0
2005-06-10,29.15,29.23,28.88,29.02,1094900,1.0,0.0
2005-06-13,28.93,29.3,28.89,29.17,893600,1.0,0.0
2005-06-14,29.2,29.5,29.0,29.38,1024000,1.0,0.0
2005-06-15,29.41,29.43,29.05,29.15,957900,1.0,0.0
2005-06-16,29.1,29.24,28.96,29.18,933000,1.0,0.0
2005-06-17,29.46,29.46,29.1,29.15,2095700,1.0,0.0
2005-06-20,29.05,29.08,28.77,28.9,1415000,1.0,0.0
2005-06-21,28.9,28.95,28.6,28.64,1130500,1.0,0.0
2005-06-22,29.0,29.05,28.45,28.51,1135200,1.0,0.0
2005-06-23,28.58,28.6,28.19,28.29,1788900,1.0,0.0
2005-06-24,28.31,28.38,27.96,27.97,2129200,1.0,0.0
2005-06-27,28.06,28.44,27.92,28.32,1757300,1.0,0.0
2005-06-28,28.37,28.8,28.3,28.79,1560600,1.0,0.0
2005-06-29,28.82,28.82,28.35,28.44,1351000,1.0,0.0
2005-06-30,28.54,28.7,28.29,28.34,1416200,1.0,0.0
2005-07-01,28.44,28.87,28.36,28.45,1062400,1.0,0.0
2005-07-05,28.37,28.7,28.29,28.5,1793700,1.0,0.0
2005-07-06,28.5,28.53,28.21,28.25,1723000,1.0,0.0
2005-07-07,27.9,28.13,27.7,28.05,1817100,1.0,0.0
2005-07-08,28.14,28.25,28.02,28.1,1992600,1.0,0.0
2005-07-11,28.1,28.19,27.91,27.98,2002600,1.0,0.0
2005-07-12,28.0,28.04,27.88,27.99,1737000,1.0,0.0
2005-07-13,28.0,28.08,27.9,27.92,1874300,1.0,0.0
2005-07-14,27.95,28.0,27.73,27.77,4016800,1.0,0.0
2005-07-15,27.8,27.9,27.7,27.8,3020200,1.0,0.0
2005-07-18,27.88,28.1,27.77,27.95,2669000,1.0,0.0
2005-07-19,28.95,29.25,28.12,28.89,4908600,1.0,0.0
2005-07-20,28.84,28.95,28.58,28.85,1855700,1.0,0.0
2005-07-21,28.86,29.01,28.74,28.83,2226600,1.0,0.0
2005-07-22,28.86,29.35,28.82,29.35,1858100,1.0,0.0
2005-07-25,29.35,29.4,29.02,29.09,1985600,1.0,0.0
2005-07-26,29.01,29.1,28.82,28.95,2000700,1.0,0.0
2005-07-27,29.5,29.76,29.36,29.53,2083900,1.0,0.48
2005-07-28,28.9,28.92,27.35,27.52,7851700,1.0,0.0
2005-07-29,28.25,28.33,27.96,28.12,5040300,1.0,0.0
2005-08-01,28.12,28.32,28.1,28.18,2634600,1.0,0.0
2005-08-02,28.44,28.64,28.21,28.25,4246600,1.0,0.0
2005-08-03,28.2,28.23,27.92,27.94,6359800,1.0,0.0
2005-08-04,27.87,27.94,27.75,27.8,2313300,1.0,0.0
2005-08-05,27.7,27.8,27.61,27.63,1627900,1.0,0.0
2005-08-08,27.8,27.89,27.52,27.6,2093500,1.0,0.0
2005-08-09,27.65,27.95,27.57,27.75,2392200,1.0,0.0
2005-08-10,27.95,28.0,27.36,27.44,2243600,1.0,0.0
2005-08-11,27.2,27.45,27.02,27.36,3822300,1.0,0.0
2005-08-12,27.3,27.35,26.97,27.21,3408800,1.0,0.0
2005-08-15,27.3,27.73,27.21,27.65,2865900,1.0,0.0
2005-08-16,27.7,27.71,27.37,27.5,2853500,1.0,0.0
2005-08-17,27.55,27.65,27.42,27.53,1669100,1.0,0.0
2005-08-18,27.6,27.74,27.43,27.55,2881800,1.0,0.0
2005-08-19,27.65,27.77,27.6,27.72,2975300,1.0,0.0
2005-08-22,27.85,27.99,27.52,27.81,2105400,1.0,0.0
2005-08-23,27.65,27.75,27.42,27.45,2908100,1.0,0.0
2005-08-24,27.45,27.46,27.2,27.37,2434000,1.0,0.0
2005-08-25,27.56,27.56,27.35,27.5,2232800,1.0,0.0
2005-08-26,27.45,27.59,27.25,27.41,1547200,1.0,0.0
2005-08-29,27.35,27.57,27.26,27.39,2066400,1.0,0.0
2005-08-30,27.18,27.22,26.8,27.04,2742000,1.0,0.2
2005-08-31,27.05,27.48,26.85,27.43,2402500,1.0,0.0
2005-09-01,27.44,27.83,27.29,27.78,2411000,1.0,0.0
2005-09-02,27.97,28.14,27.64,27.69,1568500,1.0,0.0
2005-09-06,27.96,28.33,27.96,28.08,1623500,1.0,0.0
2005-09-07,28.28,28.33,28.04,28.31,2649000,1.0,0.0
2005-09-08,28.35,28.51,28.31,28.4,3354800,1.0,0.0
2005-09-09,28.52,28.57,28.31,28.46,2013900,1.0,0.0
2005-09-12,28.59,28.59,28.35,28.42,1729200,1.0,0.0
2005-09-13,28.44,28.67,28.17,28.37,1982300,1.0,0.0
2005-09-14,28.45,28.5,28.02,28.16,1990500,1.0,0.0
2005-09-15,28.28,28.29,27.9,28.22,1476200,1.0,0.0
2005-09-16,28.27,28.3,28.0,28.2,1961800,1.0,0.0
2005-09-19,28.18,28.18,27.45,27.57,1750700,1.0,0.0
2005-09-20,27.55,27.73,27.16,27.35,2503900,1.0,0.0
2005-09-21,27.34,27.39,27.05,27.2,2382800,1.0,0.0
2005-09-22,27.21,28.22,27.124,28.1,2898900,1.0,0.0
2005-09-23,28.15,28.23,27.87,28.07,1876800,1.0,0.0
2005-09-26,28.25,28.5,28.07,28.13,1566600,1.0,0.0
2005-09-27,28.18,28.38,28.05,28.26,1274600,1.0,0.0
2005-09-28,28.42,28.45,28.12,28.28,2031400,1.0,0.0
2005-09-29,28.16,28.47,28.1,28.4,1756100,1.0,0.0
2005-09-30,28.4,28.67,28.35,28.61,1576600,1.0,0.0
2005-10-03,28.75,28.98,28.64,28.79,2995500,1.0,0.0
2005-10-04,28.79,29.15,28.5,28.62,3153200,1.0,0.0
2005-10-05,28.5,28.71,28.17,28.19,2054900,1.0,0.0
2005-10-06,28.09,28.38,27.96,28.07,2123200,1.0,0.0
2005-10-07,28.03,28.1,27.71,27.83,1573800,1.0,0.0
2005-10-10,27.69,27.75,27.47,27.47,1261600,1.0,0.0
2005-10-11,27.42,27.56,27.21,27.26,2159900,1.0,0.0
2005-10-12,27.39,27.51,27.0,27.25,1556600,1.0,0.0
2005-10-13,27.18,27.4,26.95,27.26,2319400,1.0,0.0
2005-10-14,27.25,27.4,27.13,27.31,1699200,1.0,0.0
2005-10-17,27.18,27.5,27.18,27.37,1373900,1.0,0.0
2005-10-18,27.39,27.41,27.26,27.3,1281900,1.0,0.0
2005-10-19,27.15,27.37,26.96,27.35,1760600,1.0,0.0
2005-10-20,27.4,27.5,27.0,27.09,1311100,1.0,0.0
2005-10-21,27.22,27.49,27.16,27.45,1806100,1.0,0.0
2005-10-24,27.55,28.02,27.51,28.01,1609000,1.0,0.0
2005-10-25,27.89,28.09,27.71,27.74,2324400,1.0,0.0
2005-10-26,27.2,28.0,27.0,27.55,3593000,1.0,0.0
2005-10-27,27.6,29.09,27.6,28.48,4367700,1.0,0.49
2005-10-28,29.05,29.97,28.5,29.96,4809800,1.0,0.0
2005-10-31,30.0,30.0,29.4,29.51,4267100,1.0,0.0
2005-11-01,29.61,29.75,29.0,29.31,5423000,1.0,0.0
2005-11-02,29.2,30.15,29.15,30.05,2736200,1.0,0.0
2005-11-03,30.05,30.24,29.59,29.7,2044100,1.0,0.0
2005-11-04,29.75,30.24,29.73,29.85,1515000,1.0,0.0
2005-11-07,29.84,30.12,29.78,30.07,1232300,1.0,0.0
2005-11-08,29.85,30.13,29.85,30.03,2116900,1.0,0.0
2005-11-09,29.9,30.24,29.9,30.15,1628700,1.0,0.0
2005-11-10,30.16,30.34,30.05,30.25,1355800,1.0,0.0
2005-11-11,30.25,30.49,30.2,30.46,816700,1.0,0.0
2005-11-14,30.38,30.74,30.3,30.61,1342300,1.0,0.0
2005-11-15,30.53,30.75,30.53,30.59,1227700,1.0,0.0
2005-11-16,30.57,30.7,30.42,30.5,1784300,1.0,0.0
2005-11-17,30.65,30.74,30.45,30.67,1780000,1.0,0.0
2005-11-18,30.87,30.87,30.39,30.55,2550000,1.0,0.0
2005-11-21,30.45,30.79,30.44,30.75,1265500,1.0,0.0
2005-11-22,30.6,30.7,30.36,30.5,2776400,1.0,0.0
2005-11-23,30.54,30.62,30.35,30.4,1814200,1.0,0.0
2005-11-25,30.3,30.5,30.25,30.4,532900,1.0,0.0
2005-11-28,30.55,30.6,30.2,30.2,2475500,1.0,0.0
2005-11-29,30.3,30.33,30.17,30.18,1334900,1.0,0.2
2005-11-30,30.18,30.27,29.91,29.91,1523900,1.0,0.0
2005-12-01,30.16,30.5,30.0,30.39,2466500,1.0,0.0
2005-12-02,30.25,30.5499,30.21,30.46,1310100,1.0,0.0
2005-12-05,30.23,30.23,29.79,29.95,1503400,1.0,0.0
2005-12-06,30.18,30.48,29.9242,30.34,1435800,1.0,0.0
2005-12-07,30.35,30.42,30.07,30.12,1206800,1.0,0.0
2005-12-08,30.19,30.25,29.67,29.81,1243800,1.0,0.0
2005-12-09,29.92,30.11,29.74,29.98,1502500,1.0,0.0
2005-12-12,29.99,30.13,29.69,29.89,1433500,1.0,0.0
2005-12-13,29.84,30.23,29.8101,29.99,2207900,1.0,0.0
2005-12-14,30.13,30.95,30.13,30.82,2403400,1.0,0.0
2005-12-15,30.8,30.89,30.58,30.78,2025900,1.0,0.0
2005-12-16,30.84,31.03,30.8,31.01,2697400,1.0,0.0
2005-12-19,30.92,30.96,30.75,30.77,1608900,1.0,0.0
2005-12-20,30.9,30.95,30.58,30.61,1818900,1.0,0.0
2005-12-21,30.8,30.8,30.57,30.57,1549800,1.0,0.0
2005-12-22,30.64,30.75,30.48,30.54,1291400,1.0,0.0
2005-12-23,30.56,30.78,30.44,30.71,683800,1.0,0.0
2005-12-27,30.8,31.0,30.45,30.51,1059400,1.0,0.0
2005-12-28,30.38,30.55,30.26,30.43,1258400,1.0,0.0
2005-12-29,30.26,30.52,30.24,30.42,1022800,1.0,0.0
2005-12-30,30.25,30.47,30.25,30.35,1161200,1.0,0.0
2006-01-03,30.34,30.75,30.08,30.67,1728800,1.0,0.0
2006-01-04,30.47,30.73,30.27,30.27,1520400,1.0,0.0
2006-01-05,30.28,30.59,30.22,30.39,2483600,1.0,0.0
2006-01-06,30.64,30.8,30.35,30.54,3149600,1.0,0.0
2006-01-09,30.6,31.5,30.53,31.04,2834000,1.0,0.0
2006-01-10,31.04,31.66,30.94,31.6,3234100,1.0,0.0
2006-01-11,31.65,31.87,31.08,31.21,2412900,1.0,0.0
2006-01-12,31.21,31.65,31.08,31.31,1893300,1.0,0.0
2006-01-13,31.45,31.74,31.43,31.66,1676200,1.0,0.0
2006-01-17,31.32,31.77,31.21,31.59,2120700,1.0,0.0
2006-01-18,31.59,32.0,31.52,31.57,2151500,1.0,0.0
2006-01-19,32.0,32.0,31.68,31.81,1906100,1.0,0.0
2006-01-20,31.82,31.83,31.02,31.27,2499700,1.0,0.0
2006-01-23,31.27,31.39,31.1,31.27,1873300,1.0,0.0
2006-01-24,31.28,31.82,31.24,31.65,1707700,1.0,0.0
2006-01-25,31.61,31.82,31.5,31.66,1436900,1.0,0.0
2006-01-26,31.91,32.0,31.75,31.76,1870400,1.0,0.0
2006-01-27,31.6,31.83,31.55,31.56,1719300,1.0,0.0
2006-01-30,31.35,31.61,31.11,31.55,1787900,1.0,0.0
2006-01-31,31.56,31.83,31.53,31.58,1752800,1.0,0.0
2006-02-01,31.35,31.71,31.35,31.67,1650100,1.0,0.0
2006-02-02,31.64,31.84,31.26,31.39,1512100,1.0,0.0
2006-02-03,31.38,31.76,31.38,31.65,1563600,1.0,0.0
2006-02-06,31.7,32.44,31.7,32.42,2737600,1.0,0.0
2006-02-07,32.43,32.7,32.38,32.5,2624700,1.0,0.0
2006-02-08,32.5,32.55,32.08,32.54,2162300,1.0,0.0
2006-02-09,32.54,32.8,32.54,32.67,2277700,1.0,0.0
2006-02-10,32.7,33.9,32.7,33.58,4385500,1.0,0.0
2006-02-13,33.48,33.49,32.83,33.04,2633600,1.0,0.0
2006-02-14,33.92,33.94,33.43,33.43,5308500,1.0,0.0
2006-02-15,33.38,33.58,33.1,33.54,4493500,1.0,0.0
2006-02-16,33.6,33.78,33.43,33.76,3009800,1.0,0.0
2006-02-17,33.75,33.86,33.56,33.85,2637000,1.0,0.0
2006-02-21,33.85,34.14,33.77,33.9,2906500,1.0,0.0
2006-02-22,34.0,34.21,33.95,34.13,1922600,1.0,0.0
2006-02-23,34.13,34.2,33.92,34.0,2965800,1.0,0.0
2006-02-24,34.05,34.09,33.71,33.88,1911900,1.0,0.0
2006-02-27,33.8,33.98,33.7,33.85,2023600,1.0,0.0
2006-02-28,33.7,33.81,33.25,33.26,2043400,1.0,0.0
2006-03-01,33.32,33.81,33.26,33.48,2799400,1.0,0.0
2006-03-02,33.4,33.61,33.21,33.59,2219800,1.0,0.22
2006-03-03,33.6,33.7,33.34,33.35,2508800,1.0,0.0
2006-03-06,33.48,33.59,33.2,33.37,1918200,1.0,0.0
2006-03-07,33.31,33.74,33.31,33.7,3094800,1.0,0.0
2006-03-08,33.74,34.05,33.59,33.95,3850500,1.0,0.0
2006-03-09,34.0,34.2115,33.58,33.67,2397000,1.0,0.0
2006-03-10,33.66,34.1,33.65,33.87,2788000,1.0,0.0
2006-03-13,33.98,34.3,33.79,34.23,4993300,1.0,0.0
2006-03-14,34.3,34.48,34.17,34.43,2273800,1.0,0.0
2006-03-15,34.45,34.49,34.26,34.38,1960100,1.0,0.0
2006-03-16,34.4,34.727,34.38,34.59,2247800,1.0,0.0
2006-03-17,34.48,34.59,34.36,34.54,3742600,1.0,0.0
2006-03-20,34.58,34.59,34.22,34.31,2654200,1.0,0.0
2006-03-21,34.35,34.35,34.1,34.16,2916600,1.0,0.0
2006-03-22,34.12,34.3,34.07,34.27,3089100,1.0,0.0
2006-03-23,34.3,34.34,34.11,34.23,2702200,1.0,0.0
2006-03-24,34.23,34.36,33.13,34.3,3057600,1.0,0.0
2006-03-27,34.33,34.36,34.2,34.24,2886800,1.0,0.0
2006-03-28,34.32,34.4,33.92,34.25,3050000,1.0,0.0
2006-03-29,34.26,34.83,34.25,34.68,12343000,1.0,0.0
2006-03-30,34.79,34.95,34.54,34.9,3621000,1.0,0.0
2006-03-31,34.95,35.35,34.79,35.3,3494700,1.0,0.0
2006-04-03,35.3,35.79,35.3,35.58,3517800,1.0,0.0
2006-04-04,35.7,35.96,35.0,35.88,3352900,1.0,0.0
2006-04-05,35.93,36.0,35.69,36.0,3951800,1.0,0.0
2006-04-06,35.91,35.94,35.38,35.77,2896800,1.0,0.0
2006-04-07,36.23,36.23,35.08,35.48,1716700,1.0,0.0
2006-04-10,35.5,35.77,35.48,35.71,2019700,1.0,0.0
2006-04-11,35.72,36.11,35.72,36.02,2456600,1.0,0.0
2006-04-12,36.06,36.17,35.83,35.84,2319600,1.0,0.0
2006-04-13,35.92,36.19,35.84,36.12,1830000,1.0,0.0
2006-04-17,36.13,36.21,35.58,35.75,1084000,1.0,0.0
2006-04-18,35.74,36.3,35.73,36.15,1838900,1.0,0.0
2006-04-19,36.23,36.68,35.8,36.68,2226200,1.0,0.0
2006-04-20,36.85,37.21,36.53,36.77,1913700,1.0,0.0
2006-04-21,36.75,36.86,36.4201,36.62,1621700,1.0,0.0
2006-04-24,36.5,36.55,36.25,36.51,1185400,1.0,0.0
2006-04-25,36.5,36.71,36.31,36.58,2278700,1.0,0.0
2006-04-26,36.66,37.46,36.38,37.32,3863800,1.0,0.51
2006-04-27,37.35,38.08,37.1,38.04,4091800,1.0,0.0
2006-04-28,37.81,37.86,37.05,37.46,2896500,1.0,0.0
2006-05-01,37.35,37.69,37.1,37.19,3035100,1.0,0.0
2006-05-02,37.44,37.64,37.28,37.64,2503900,1.0,0.0
2006-05-03,37.64,37.77,37.06,37.7,2548000,1.0,0.0
2006-05-04,37.65,37.95,37.58,37.81,1416800,1.0,0.0
2006-05-05,37.98,38.14,37.66,38.06,2007600,1.0,0.0
2006-05-08,38.05,38.33,37.92,38.08,2261800,1.0,0.0
2006-05-09,38.0,38.18,37.86,38.18,1336000,1.0,0.0
2006-05-10,38.2,38.34,37.72,37.9,1524200,1.0,0.0
2006-05-11,37.75,37.76,37.37,37.48,1612300,1.0,0.0
2006-05-12,37.3,37.57,36.95,37.0,2530100,1.0,0.0
2006-05-15,37.0,37.0,36.01,36.55,2941000,1.0,0.0
2006-05-16,36.54,36.84,36.43,36.75,2693400,1.0,0.0
2006-05-17,36.43,36.81,36.1,36.2,3641100,1.0,0.0
2006-05-18,35.42,36.88,35.42,36.31,1991800,1.0,0.0
2006-05-19,36.7,36.8,36.24,36.71,2910500,1.0,0.0
2006-05-22,36.71,36.83,36.09,36.52,2728200,1.0,0.0
2006-05-23,36.7,37.0,36.27,36.29,1534400,1.0,0.0
2006-05-24,36.31,36.41,35.39,35.63,2624100,1.0,0.0
2006-05-25,35.7,35.91,35.15,35.69,2857100,1.0,0.0
2006-05-26,35.95,36.37,35.69,36.2,1588800,1.0,0.0
2006-05-30,36.15,36.31,35.53,36.07,2641100,1.0,0.0
2006-05-31,36.13,36.82,36.09,36.4,2586600,1.0,0.0
2006-06-01,36.45,37.04,36.37,36.82,2517900,1.0,0.22
2006-06-02,37.05,37.3,36.64,37.0,2328800,1.0,0.0
2006-06-05,36.75,36.85,35.96,36.02,1441500,1.0,0.0
2006-06-06,36.15,36.75,36.1001,36.66,2799400,1.0,0.0
2006-06-07,36.65,37.3,36.56,36.87,2928200,1.0,0.0
2006-06-08,36.65,36.8,35.36,36.48,3468400,1.0,0.0
2006-06-09,36.43,37.04,36.42,36.94,2508300,1.0,0.0
2006-06-12,36.51,36.7,35.73,35.8,1892400,1.0,0.0
2006-06-13,35.55,36.0,34.8,34.88,2859500,1.0,0.0
2006-06-14,34.95,35.05,34.26,34.53,2722100,1.0,0.0
2006-06-15,34.62,34.94,34.52,34.85,2824600,1.0,0.0
2006-06-16,34.75,35.12,34.65,34.92,3330100,1.0,0.0
2006-06-19,35.15,35.15,34.17,34.2,2493800,1.0,0.0
2006-06-20,34.08,34.8,33.81,34.55,3129200,1.0,0.0
2006-06-21,34.9,35.63,34.57,35.34,2987700,1.0,0.0
2006-06-22,35.34,35.34,34.77,35.03,1407600,1.0,0.0
2006-06-23,34.97,35.42,34.8,35.05,1365300,1.0,0.0
2006-06-26,35.02,35.52,35.01,35.39,2204300,1.0,0.0
2006-06-27,35.36,35.4,34.78,35.11,3395300,1.0,0.0
2006-06-28,35.36,35.5,35.03,35.26,1414500,1.0,0.0
2006-06-29,35.25,35.65,34.97,35.58,2329500,1.0,0.0
2006-06-30,35.58,35.95,35.46,35.88,2751200,1.0,0.0
2006-07-03,35.88,35.9,35.45,35.64,1051000,1.0,0.0
2006-07-05,34.8,35.59,34.73,34.84,3482200,1.0,0.0
2006-07-06,34.85,35.0,34.42,34.9,3597700,1.0,0.0
2006-07-07,35.0,35.1,34.58,34.63,2093900,1.0,0.0
2006-07-10,34.75,34.79,34.56,34.74,1361000,1.0,0.0
2006-07-11,34.77,35.04,34.63,34.94,4169600,1.0,0.0
2006-07-12,34.97,35.2,34.68,34.83,3221000,1.0,0.0
2006-07-13,34.86,34.86,34.11,34.12,2791500,1.0,0.0
2006-07-14,33.99,34.01,33.02,33.56,2926100,1.0,0.0
2006-07-17,33.51,34.19,33.46,34.06,2329100,1.0,0.0
2006-07-18,34.0,34.53,33.93,34.48,2938300,1.0,0.0
2006-07-19,34.6,34.91,34.47,34.57,1977600,1.0,0.0
2006-07-20,34.35,34.4399,33.74,33.77,1979300,1.0,0.0
2006-07-21,33.7,33.78,33.27,33.52,2934700,1.0,0.0
2006-07-24,33.6,34.01,33.6,33.75,2408100,1.0,0.0
2006-07-25,33.78,35.0,33.77,34.89,3262300,1.0,0.0
2006-07-26,34.89,34.89,34.33,34.54,2334200,1.0,0.0
2006-07-27,34.05,34.78,34.05,34.31,3120500,1.0,0.52
2006-07-28,34.3,35.11,34.0,34.74,3807100,1.0,0.0
2006-07-31,34.8,34.85,34.27,34.38,1895600,1.0,0.0
2006-08-01,34.25,34.25,33.55,33.79,2306900,1.0,0.0
2006-08-02,33.97,34.94,33.92,34.8,2715200,1.0,0.0
2006-08-03,34.74,35.38,34.64,35.2,2151300,1.0,0.0
2006-08-04,35.54,35.68,34.95,35.18,2192600,1.0,0.0
2006-08-07,35.18,35.18,34.35,34.57,1836600,1.0,0.0
2006-08-08,34.82,35.35,34.82,34.84,2276700,1.0,0.0
2006-08-09,34.95,35.0,33.66,33.86,2328700,1.0,0.0
2006-08-10,33.75,34.54,33.6901,34.38,2127500,1.0,0.0
2006-08-11,34.22,34.4,33.79,33.87,1389300,1.0,0.0
2006-08-14,34.23,34.39,32.99,34.1,1781800,1.0,0.0
2006-08-15,34.35,34.86,34.35,34.81,2261400,1.0,0.0
2006-08-16,34.9,35.0,34.7,34.98,1910200,1.0,0.0
2006-08-17,34.9,35.04,34.84,34.97,2006900,1.0,0.0
2006-08-18,34.98,35.0,34.14,34.36,1774800,1.0,0.0
2006-08-21,34.38,34.39,33.91,34.11,1591100,1.0,0.0
2006-08-22,34.03,34.29,33.6,34.13,1874200,1.0,0.0
2006-08-23,34.26,34.32,33.62,33.8,1190500,1.0,0.0
2006-08-24,33.69,33.9,33.25,33.38,1666500,1.0,0.0
2006-08-25,33.4,33.45,32.932,33.16,1704000,1.0,0.0
2006-08-28,33.21,33.55,33.21,33.28,2257900,1.0,0.0
2006-08-29,33.38,33.43,32.88,33.24,2596600,1.0,0.0
2006-08-30,33.44,34.0,33.3396,33.68,2620700,1.0,0.0
2006-08-31,33.75,34.37,33.7,34.28,2481200,1.0,0.22
2006-09-01,34.49,34.59,34.22,34.41,1788400,1.0,0.0
2006-09-05,34.61,34.74,34.47,34.52,1314900,1.0,0.0
2006-09-06,34.28,34.54,33.92,34.37,1450900,1.0,0.0
2006-09-07,34.38,34.38,33.26,33.37,2626400,1.0,0.0
2006-09-08,33.6,33.71,33.4,33.42,1748500,1.0,0.0
2006-09-11,33.48,33.83,33.23,33.69,1314000,1.0,0.0
2006-09-12,33.9,34.28,33.9,34.16,1507600,1.0,0.0
2006-09-13,34.03,34.34,33.83,34.23,1180200,1.0,0.0
2006-09-14,34.23,34.6,34.02,34.6,1782400,1.0,0.0
2006-09-15,34.82,35.37,34.76,35.37,3722900,1.0,0.0
2006-09-18,35.04,35.37,35.0,35.17,2184700,1.0,0.0
2006-09-19,35.49,35.49,35.08,35.35,1438800,1.0,0.0
2006-09-20,35.69,35.93,35.47,35.65,1631900,1.0,0.0
2006-09-21,35.97,36.0,35.22,35.34,1916300,1.0,0.0
2006-09-22,35.35,35.5,35.26,35.35,1423000,1.0,0.0
2006-09-25,35.55,35.95,35.05,35.75,2064300,1.0,0.0
2006-09-26,35.94,36.34,35.72,35.86,2322800,1.0,0.0
2006-09-27,35.9,36.6,35.9,36.6,2095400,1.0,0.0
2006-09-28,36.75,37.22,36.61,37.2,2479900,1.0,0.0
2006-09-29,37.34,37.44,36.68,36.68,2042900,1.0,0.0
2006-10-02,36.61,36.87,36.52,36.65,2157400,1.0,0.0
2006-10-03,36.81,36.9152,36.45,36.54,2408900,1.0,0.0
2006-10-04,36.56,36.66,36.29,36.54,3219400,1.0,0.0
2006-10-05,36.54,36.83,36.37,36.79,2366500,1.0,0.0
2006-10-06,36.82,37.28,36.52,37.1,2401600,1.0,0.0
2006-10-09,37.05,37.31,36.73,37.26,1122200,1.0,0.0
2006-10-10,37.3,37.5,37.15,37.49,1448200,1.0,0.0
2006-10-11,37.28,37.87,37.28,37.71,1918800,1.0,0.0
2006-10-12,37.7,38.35,37.61,38.1,1904200,1.0,0.0
2006-10-13,38.0,38.2,37.9,38.16,2394500,1.0,0.0
2006-10-16,38.03,38.31,37.94,38.29,1424000,1.0,0.0
2006-10-17,38.05,38.18,37.43,37.74,2447100,1.0,0.0
2006-10-18,37.88,38.0,37.42,37.79,1499100,1.0,0.0
2006-10-19,37.62,37.64,37.08,37.08,2532200,1.0,0.0
2006-10-20,37.27,37.38,36.88,37.37,2585100,1.0,0.0
2006-10-23,37.23,37.92,37.19,37.71,1306600,1.0,0.0
2006-10-24,37.65,37.98,37.264,37.53,2259200,1.0,0.0
2006-10-25,37.25,37.5,36.79,37.38,2937200,1.0,0.0
2006-10-26,37.3,37.76,37.15,37.64,1988500,1.0,0.0
2006-10-27,37.48,37.75,37.09,37.32,1428300,1.0,0.53
2006-10-30,37.2,37.44,37.05,37.31,1202900,1.0,0.0
2006-10-31,37.5,37.6,37.23,37.48,2833800,1.0,0.0
2006-11-01,37.55,37.93,37.21,37.31,2261100,1.0,0.0
2006-11-02,37.13,37.51,36.9,37.38,2381800,1.0,0.0
2006-11-03,37.5,37.59,37.17,37.42,1282800,1.0,0.0
2006-11-06,37.6,38.02,37.5764,37.96,1537000,1.0,0.0
2006-11-07,38.0,38.08,37.85,37.99,1217800,1.0,0.0
2006-11-08,38.0,38.47,37.85,38.28,3726200,1.0,0.0
2006-11-09,38.37,38.64,38.25,38.35,2466400,1.0,0.0
2006-11-10,38.56,38.63,38.23,38.52,2613700,1.0,0.0
2006-11-13,38.49,38.61,38.2,38.33,1655300,1.0,0.0
2006-11-14,38.42,38.42,37.88,38.03,2915300,1.0,0.0
2006-11-15,38.07,38.32,38.05,38.2,2803700,1.0,0.0
2006-11-16,38.4,38.53,38.33,38.46,1282600,1.0,0.0
2006-11-17,38.23,38.32,38.09,38.21,1607400,1.0,0.0
2006-11-20,38.21,38.595,37.77,37.91,1630400,1.0,0.0
2006-11-21,37.93,38.1,37.74,37.82,1533500,1.0,0.0
2006-11-22,37.82,38.0,37.56,37.58,2337500,1.0,0.0
2006-11-24,37.47,37.9,37.4232,37.71,691900,1.0,0.0
2006-11-27,37.53,37.54,36.64,36.75,2154600,1.0,0.0
2006-11-28,36.78,37.37,36.67,37.12,1906900,1.0,0.0
2006-11-29,37.24,37.44,36.86,37.07,1437300,1.0,0.0
2006-11-30,37.01,37.14,36.6,36.61,2857400,1.0,0.22
2006-12-01,36.75,36.93,36.25,36.45,2014900,1.0,0.0
2006-12-04,36.63,37.29,36.4,37.2,2411300,1.0,0.0
2006-12-05,37.29,37.55,37.13,37.37,1711000,1.0,0.0
2006-12-06,37.37,37.86,37.12,37.8,2282800,1.0,0.0
2006-12-07,37.79,37.9,37.6,37.68,1435800,1.0,0.0
2006-12-08,37.7,37.85,37.47,37.54,1396200,1.0,0.0
2006-12-11,37.52,37.59,37.25,37.45,1910900,1.0,0.0
2006-12-12,37.45,37.57,37.2,37.35,2684700,1.0,0.0
2006-12-13,37.56,37.65,37.34,37.4,1435000,1.0,0.0
2006-12-14,37.43,37.58,37.17,37.3,1408700,1.0,0.0
2006-12-15,37.3,37.3,36.92,36.97,3187600,1.0,0.0
2006-12-18,37.3,37.37,36.38,36.45,3593700,1.0,0.0
2006-12-19,36.45,36.56,36.0,36.05,3955700,1.0,0.0
2006-12-20,36.01,36.69,36.01,36.09,2641500,1.0,0.0
2006-12-21,36.15,36.57,36.15,36.21,2408200,1.0,0.0
2006-12-22,36.3,36.38,35.67,35.74,2092100,1.0,0.0
2006-12-26,35.74,36.43,35.7,36.25,2830800,1.0,0.0
2006-12-27,36.29,37.06,36.29,36.82,2150000,1.0,0.0
2006-12-28,36.82,36.95,36.59,36.75,1616900,1.0,0.0
2006-12-29,36.75,36.97,36.55,36.77,1885700,1.0,0.0
2007-01-03,36.77,37.55,36.77,37.03,2530700,1.0,0.0
2007-01-04,36.87,36.87,36.45,36.57,2264700,1.0,0.0
2007-01-05,36.53,36.53,35.93,35.98,2507500,1.0,0.0
2007-01-08,35.84,36.17,35.61,36.07,2457400,1.0,0.0
2007-01-09,36.07,36.15,35.5,35.69,3121500,1.0,0.0
2007-01-10,35.7,36.73,35.63,36.68,2570100,1.0,0.0
2007-01-11,36.75,37.27,36.75,37.04,2829000,1.0,0.0
2007-01-12,37.06,37.15,36.8,36.9,1894100,1.0,0.0
2007-01-16,36.99,37.26,36.87,36.93,1875100,1.0,0.0
2007-01-17,36.88,37.2,36.8,36.96,2676300,1.0,0.0
2007-01-18,36.98,37.07,36.73,36.85,1655100,1.0,0.0
2007-01-19,36.98,37.03,36.73,36.91,1630700,1.0,0.0
2007-01-22,36.88,37.48,36.78,37.35,2924100,1.0,0.0
2007-01-23,37.35,37.79,37.28,37.6,2606700,1.0,0.0
2007-01-24,37.77,37.99,37.62,37.79,1900300,1.0,0.0
2007-01-25,37.72,37.8899,37.05,37.12,2467000,1.0,0.0
2007-01-26,37.1,37.54,37.02,37.46,2886700,1.0,0.0
2007-01-29,37.5,38.02,37.5,37.71,2640900,1.0,0.0
2007-01-30,37.84,38.05,37.64,37.94,2088700,1.0,0.0
2007-01-31,37.96,38.07,37.77,37.98,2625800,1.0,0.0
2007-02-01,38.12,38.15,37.62,37.69,3141900,1.0,0.0
2007-02-02,37.81,38.04,37.63,37.85,1856200,1.0,0.0
2007-02-05,37.8,38.37,37.51,38.29,3001200,1.0,0.0
2007-02-06,38.49,38.7,37.92,38.06,2648500,1.0,0.0
2007-02-07,38.06,38.56,37.91,38.41,2389900,1.0,0.0
2007-02-08,37.72,37.75,34.61,35.43,15309700,1.0,0.0
2007-02-09,35.4,35.81,35.04,35.25,6761600,1.0,0.0
2007-02-12,35.2,35.35,34.8,34.93,3532800,1.0,0.0
2007-02-13,34.92,35.2,34.83,35.02,5971100,1.0,0.0
2007-02-14,35.23,35.51,35.02,35.3,3799800,1.0,0.0
2007-02-15,35.1,35.71,34.8,35.65,4265400,1.0,0.0
2007-02-16,35.44,35.82,35.32,35.68,4007600,1.0,0.0
2007-02-20,35.55,35.65,35.33,35.38,3840500,1.0,0.0
2007-02-21,35.2,35.32,35.0,35.03,5164100,1.0,0.0
2007-02-22,35.23,35.33,33.99,34.0,10206100,1.0,0.0
2007-02-23,34.0,34.83,34.0,34.63,6178900,1.0,0.0
2007-02-26,34.71,34.93,34.29,34.52,3905100,1.0,0.0
2007-02-27,34.52,34.52,33.45,33.83,5466500,1.0,0.0
2007-02-28,33.83,34.19,33.75,34.05,5547900,1.0,0.0
2007-03-01,33.86,34.05,33.5,33.75,3868500,1.0,0.0
2007-03-02,33.75,33.82,33.38,33.39,2723100,1.0,0.0
2007-03-05,33.26,33.62,32.92,33.41,6400200,1.0,0.0
2007-03-06,33.75,33.93,33.45,33.81,3405800,1.0,0.0
2007-03-07,33.81,34.33,33.61,33.77,4732900,1.0,0.0
2007-03-08,33.88,34.47,33.77,33.84,3717300,1.0,0.24
2007-03-09,34.05,34.3,33.88,33.92,3721100,1.0,0.0
2007-03-12,33.95,34.25,33.3,33.71,3865700,1.0,0.0
2007-03-13,33.51,33.74,32.8,32.84,3460200,1.0,0.0
2007-03-14,32.9,33.38,32.56,33.36,4814200,1.0,0.0
2007-03-15,33.23,33.77,33.03,33.62,3911000,1.0,0.0
2007-03-16,33.6,33.66,33.25,33.52,3918600,1.0,0.0
2007-03-19,33.85,34.12,33.66,34.01,2893800,1.0,0.0
2007-03-20,34.1,34.16,33.89,34.1,3296100,1.0,0.0
2007-03-21,34.2,34.5,33.9,34.4,4061600,1.0,0.0
2007-03-22,33.55,34.49,33.55,34.33,3793300,1.0,0.0
2007-03-23,34.4,34.99,34.29,34.93,4282400,1.0,0.0
2007-03-26,34.93,35.19,34.63,35.15,4108700,1.0,0.0
2007-03-27,35.15,35.15,34.43,34.51,3637900,1.0,0.0
2007-03-28,34.51,34.55,34.0,34.07,3048700,1.0,0.0
2007-03-29,34.2,34.7882,34.13,34.72,4213600,1.0,0.0
2007-03-30,34.84,35.0,34.35,34.41,2715000,1.0,0.0
2007-04-02,34.4,34.76,34.4,34.65,2867600,1.0,0.0
2007-04-03,34.93,35.14,34.48,34.99,2732100,1.0,0.0
2007-04-04,35.0,35.11,34.68,34.73,2543500,1.0,0.0
2007-04-05,34.9,34.91,34.4,34.53,2357400,1.0,0.0
2007-04-09,34.71,34.82,34.4,34.43,3216800,1.0,0.0
2007-04-10,34.34,34.69,34.12,34.63,4033300,1.0,0.0
2007-04-11,34.63,34.75,33.9,34.29,4730000,1.0,0.0
2007-04-12,35.12,35.12,34.09,34.16,4218600,1.0,0.0
2007-04-13,34.28,34.65,33.93,33.98,3959600,1.0,0.0
2007-04-16,34.05,34.45,34.03,34.3,3519500,1.0,0.0
2007-04-17,34.33,34.49,34.23,34.46,3791800,1.0,0.0
2007-04-18,34.43,35.25,34.37,35.02,3499300,1.0,0.0
2007-04-19,35.57,35.57,34.56,34.75,2405200,1.0,0.0
2007-04-20,35.27,35.27,34.79,34.85,3101200,1.0,0.0
2007-04-23,35.25,35.72,35.18,35.57,3373400,1.0,0.0
2007-04-24,35.99,36.42,35.08,35.25,3376900,1.0,0.0
2007-04-25,35.4,35.75,35.25,35.41,3063500,1.0,0.0
2007-04-26,35.59,35.67,35.3,35.35,3436100,1.0,0.0
2007-04-27,36.76,38.25,36.75,38.13,8203500,1.0,0.0
2007-04-30,38.02,38.05,37.34,37.41,3941500,1.0,0.0
2007-05-01,37.41,38.04,37.33,37.52,4610400,1.0,0.0
2007-05-02,37.5,37.82,37.27,37.65,3433800,1.0,0.0
2007-05-03,37.88,38.25,37.7,38.24,2359500,1.0,0.0
2007-05-04,38.2,38.4,37.8,38.0,2608700,1.0,0.0
2007-05-07,37.98,38.48,37.96,38.25,1623800,1.0,0.0
2007-05-08,37.98,38.23,37.88,37.98,1901200,1.0,0.0
2007-05-09,38.04,38.59,37.97,38.45,2039400,1.0,0.0
2007-05-10,38.5,38.66,38.22,38.39,3206400,1.0,0.0
2007-05-11,38.465,38.73,38.45,38.73,2016200,1.0,0.0
2007-05-14,38.73,38.95,38.53,38.61,2106600,1.0,0.0
2007-05-15,38.65,38.73,38.03,38.07,2359800,1.0,0.0
2007-05-16,38.13,38.59,37.94,38.48,1728000,1.0,0.0
2007-05-17,38.43,38.5,38.23,38.37,1259800,1.0,0.0
2007-05-18,38.48,38.69,38.16,38.65,2461800,1.0,0.0
2007-05-21,38.7,39.0,38.7,38.91,1839900,1.0,0.0
2007-05-22,39.0,39.36,38.81,39.06,1804500,1.0,0.0
2007-05-23,39.15,39.58,39.11,39.33,2125500,1.0,0.0
2007-05-24,39.15,39.48,38.44,38.46,2544700,1.0,0.0
2007-05-25,38.71,39.23,38.6,38.94,1411300,1.0,0.0
2007-05-29,38.94,39.44,38.91,39.29,1674000,1.0,0.0
2007-05-30,39.1,39.27,38.9994,39.06,3095300,1.0,0.0
2007-05-31,38.82,38.92,38.55,38.67,3746300,1.0,0.24
2007-06-01,39.09,39.7,38.9,39.7,3406900,1.0,0.0
2007-06-04,39.99,40.35,39.5,39.96,3736000,1.0,0.0
2007-06-05,40.79,40.79,39.5,39.87,2498500,1.0,0.0
2007-06-06,39.94,40.0,39.6,39.77,2574800,1.0,0.0
2007-06-07,39.51,40.24,38.86,38.87,3086700,1.0,0.0
2007-06-08,38.75,39.11,38.36,39.11,2243300,1.0,0.0
2007-06-11,38.97,39.28,38.57,39.14,2036200,1.0,0.0
2007-06-12,39.1,39.155,38.39,38.39,2298200,1.0,0.0
2007-06-13,38.51,39.21,38.22,39.18,2813800,1.0,0.0
2007-06-14,39.1,39.61,39.0,39.12,1930600,1.0,0.0
2007-06-15,39.27,39.6,39.21,39.47,3192800,1.0,0.0
2007-06-18,39.5,39.7,39.29,39.35,1675700,1.0,0.0
2007-06-19,39.23,39.48,39.01,39.43,1524200,1.0,0.0
2007-06-20,39.61,39.92,39.16,39.54,2170100,1.0,0.0
2007-06-21,39.48,39.77,39.13,39.77,1700600,1.0,0.0
2007-06-22,39.8,39.8,39.12,39.16,2675900,1.0,0.0
2007-06-25,39.25,39.5,38.45,38.63,1838500,1.0,0.0
2007-06-26,38.88,39.49,38.82,39.01,2515500,1.0,0.0
2007-06-27,38.69,39.01,38.39,38.83,2646900,1.0,0.0
2007-06-28,38.89,39.46,38.68,39.15,2126800,1.0,0.0
2007-06-29,39.19,39.48,38.88,39.05,2216900,1.0,0.0
2007-07-02,39.35,39.75,39.06,39.74,2093500,1.0,0.0
2007-07-03,39.15,40.0,38.97,39.74,1316700,1.0,0.0
2007-07-05,39.84,39.94,39.26,39.44,1609800,1.0,0.0
2007-07-06,39.55,39.78,39.0,39.61,1771900,1.0,0.0
2007-07-09,39.65,39.73,39.41,39.58,2028800,1.0,0.0
2007-07-10,39.3,39.48,38.34,38.5,3506600,1.0,0.0
2007-07-11,38.53,38.8,38.43,38.73,1692300,1.0,0.0
2007-07-12,38.65,39.36,38.51,39.36,2431100,1.0,0.0
2007-07-13,39.4,39.9,39.2,39.7,1334100,1.0,0.0
2007-07-16,39.49,39.78,39.32,39.45,1368100,1.0,0.0
2007-07-17,39.39,39.71,39.28,39.5,1600700,1.0,0.0
2007-07-18,39.3,39.4416,38.68,39.39,2600500,1.0,0.0
2007-07-19,39.73,40.03,39.54,39.81,1855900,1.0,0.0
2007-07-20,39.03,40.5,38.93,39.55,4599500,1.0,0.0
2007-07-23,39.09,40.68,39.09,40.3,3220600,1.0,0.0
2007-07-24,39.45,41.19,39.44,39.52,2652800,1.0,0.0
2007-07-25,40.0,40.76,39.0,39.71,2485500,1.0,0.0
2007-07-26,40.06,40.59,37.3,37.81,6286400,1.0,0.0
2007-07-27,37.53,38.3,37.13,37.36,4538100,1.0,0.0
2007-07-30,37.5,37.69,37.03,37.49,3361900,1.0,0.0
2007-07-31,39.25,40.84,37.87,38.03,7266900,1.0,0.0
2007-08-01,38.8,39.27,37.93,38.69,5128500,1.0,0.0
2007-08-02,39.48,39.48,38.05,38.64,2712900,1.0,0.0
2007-08-03,39.2,39.27,37.88,37.88,3683100,1.0,0.0
2007-08-06,38.3,38.3,37.2,37.52,4252700,1.0,0.0
2007-08-07,38.3,38.44,36.64,37.19,4023500,1.0,0.0
2007-08-08,37.35,37.55,35.65,37.48,7486700,1.0,0.0
2007-08-09,37.65,37.8,35.18,35.48,8120200,1.0,0.0
2007-08-10,35.35,36.41,34.22,36.04,6872400,1.0,0.0
2007-08-13,36.05,38.23,36.01,37.25,5757100,1.0,0.0
2007-08-14,37.22,37.3,36.38,36.45,2946700,1.0,0.0
2007-08-15,36.32,36.94,35.16,35.29,3354400,1.0,0.0
2007-08-16,34.68,35.6,33.94,35.38,6360000,1.0,0.0
2007-08-17,36.11,36.95,32.4,36.0,4523500,1.0,0.0
2007-08-20,36.12,36.57,35.67,36.38,2398600,1.0,0.0
2007-08-21,36.57,36.89,36.18,36.63,1787900,1.0,0.0
2007-08-22,36.76,37.67,36.63,37.57,2569000,1.0,0.0
2007-08-23,37.58,37.94,37.0,37.34,2197300,1.0,0.0
2007-08-24,37.42,37.82,37.205,37.59,2096000,1.0,0.0
2007-08-27,37.45,37.83,37.21,37.25,1362300,1.0,0.0
2007-08-28,36.96,37.47,36.26,36.29,2370600,1.0,0.0
2007-08-29,36.43,37.58,36.35,37.57,2242300,1.0,0.0
2007-08-30,37.05,37.5,36.83,37.14,1277500,1.0,0.24
2007-08-31,37.63,37.85,37.22,37.67,2190300,1.0,0.0
2007-09-04,37.4,38.05,37.4,37.84,1876200,1.0,0.0
2007-09-05,37.5,37.62,37.12,37.19,1792900,1.0,0.0
2007-09-06,37.12,37.89,37.12,37.81,2038700,1.0,0.0
2007-09-07,37.63,37.77,37.0,37.08,1726800,1.0,0.0
2007-09-10,37.19,37.53,36.56,36.94,1542700,1.0,0.0
2007-09-11,37.29,37.5,36.91,37.4,1187800,1.0,0.0
2007-09-12,37.32,37.56,37.19,37.29,1454800,1.0,0.0
2007-09-13,37.62,37.82,37.22,37.3,1611300,1.0,0.0
2007-09-14,37.29,37.29,36.62,36.88,1783800,1.0,0.0
2007-09-17,36.75,37.19,36.64,37.01,1493200,1.0,0.0
2007-09-18,37.4,37.82,36.79,37.81,2416700,1.0,0.0
2007-09-19,38.04,39.12,37.78,38.91,2755600,1.0,0.0
2007-09-20,38.88,39.13,38.23,38.31,2368200,1.0,0.0
2007-09-21,38.6,38.6,37.82,38.1,3398700,1.0,0.0
2007-09-24,38.06,38.31,37.75,37.87,2279600,1.0,0.0
2007-09-25,37.84,38.15,37.58,38.07,2064300,1.0,0.0
2007-09-26,38.25,38.57,38.11,38.29,1871000,1.0,0.0
2007-09-27,38.36,38.38,37.61,37.87,2024600,1.0,0.0
2007-09-28,37.91,38.08,37.53,37.74,2390400,1.0,0.0
2007-10-01,37.85,38.407,37.74,38.21,2115900,1.0,0.0
2007-10-02,38.15,38.15,37.66,38.06,1981500,1.0,0.0
2007-10-03,37.8,38.09,37.75,37.89,2108400,1.0,0.0
2007-10-04,38.23,38.32,37.88,38.24,1370800,1.0,0.0
2007-10-05,38.53,38.59,38.03,38.44,1889900,1.0,0.0
2007-10-08,38.44,38.71,38.38,38.56,946600,1.0,0.0
2007-10-09,38.63,38.88,38.46,38.79,1353200,1.0,0.0
2007-10-10,38.74,39.11,38.35,38.44,2067200,1.0,0.0
2007-10-11,38.44,39.44,38.26,38.42,1882800,1.0,0.0
2007-10-12,38.37,38.65,38.05,38.54,1664600,1.0,0.0
2007-10-15,38.69,38.77,38.12,38.3,1440200,1.0,0.0
2007-10-16,38.29,38.37,37.52,37.78,2103000,1.0,0.0
2007-10-17,38.14,38.31,37.65,38.01,1626800,1.0,0.0
2007-10-18,37.91,38.28,37.71,38.11,2120000,1.0,0.0
2007-10-19,37.82,38.41,37.81,38.02,3599900,1.0,0.0
2007-10-22,37.75,38.21,37.62,37.97,2257100,1.0,0.0
2007-10-23,38.11,38.52,37.82,38.32,2187400,1.0,0.0
2007-10-24,38.32,38.78,37.91,38.76,2509300,1.0,0.0
2007-10-25,38.94,39.03,37.77,39.03,3280100,1.0,0.0
2007-10-26,37.55,37.55,34.18,36.01,12787000,1.0,0.0
2007-10-29,36.26,36.77,36.02,36.39,4334100,1.0,0.0
2007-10-30,36.24,36.34,35.77,35.85,3759000,1.0,0.0
2007-10-31,36.05,36.46,35.58,36.39,4016500,1.0,0.0
2007-11-01,36.4,36.7,35.5,35.59,4266100,1.0,0.0
2007-11-02,35.59,36.11,35.37,35.89,2460900,1.0,0.0
2007-11-05,35.87,36.0,35.37,35.77,2916200,1.0,0.0
2007-11-06,35.63,35.91,35.04,35.75,2168700,1.0,0.0
2007-11-07,35.67,35.67,34.38,34.44,2718900,1.0,0.0
2007-11-08,34.47,34.98,34.22,34.72,3328400,1.0,0.0
2007-11-09,34.19,34.44,33.42,33.49,8072300,1.0,0.0
2007-11-12,33.39,34.34,33.24,33.65,4210300,1.0,0.0
2007-11-13,33.87,35.15,33.87,35.11,3967800,1.0,0.0
2007-11-14,35.25,35.82,34.7,34.77,4314100,1.0,0.0
2007-11-15,34.56,34.98,34.18,34.43,3729700,1.0,0.0
2007-11-16,34.59,34.71,34.03,34.35,3666300,1.0,0.0
2007-11-19,34.2,34.44,33.9,33.97,3832900,1.0,0.0
2007-11-20,34.09,34.25,33.33,33.87,6868700,1.0,0.0
2007-11-21,33.66,34.16,33.45,33.78,3585400,1.0,0.0
2007-11-23,33.94,34.32,33.83,34.03,1307200,1.0,0.0
2007-11-26,34.1,34.56,33.51,33.57,3485500,1.0,0.0
2007-11-27,33.59,34.37,33.45,34.34,4426000,1.0,0.0
2007-11-28,34.53,35.16,34.18,34.84,3652800,1.0,0.0
2007-11-29,34.66,34.89,33.63,33.76,4025600,1.0,0.24
2007-11-30,34.39,34.57,34.0,34.32,3000200,1.0,0.0
2007-12-03,34.68,34.68,34.18,34.37,1930100,1.0,0.0
2007-12-04,34.32,34.67,34.05,34.1,2194300,1.0,0.0
2007-12-05,34.48,34.48,33.62,33.88,2613600,1.0,0.0
2007-12-06,33.76,34.67,33.76,34.62,1631300,1.0,0.0
2007-12-07,34.61,35.03,34.26,34.42,1725800,1.0,0.0
2007-12-10,34.35,35.21,34.35,35.09,2565200,1.0,0.0
2007-12-11,35.07,35.14,34.38,34.38,2249100,1.0,0.0
2007-12-12,35.41,35.5,34.41,34.73,3572200,1.0,0.0
2007-12-13,34.63,34.63,33.8,34.12,3143000,1.0,0.0
2007-12-14,33.7,34.06,33.22,33.27,2605900,1.0,0.0
2007-12-17,33.01,33.25,32.6,32.89,3049200,1.0,0.0
2007-12-18,33.25,34.26,33.06,33.83,3615100,1.0,0.0
2007-12-19,34.16,34.16,32.84,32.97,3276500,1.0,0.0
2007-12-20,33.18,33.28,32.9,33.12,3924900,1.0,0.0
2007-12-21,33.44,33.71,32.93,33.68,5097200,1.0,0.0
2007-12-24,33.67,34.01,33.47,33.79,894900,1.0,0.0
2007-12-26,33.57,33.89,33.25,33.69,1409800,1.0,0.0
2007-12-27,33.5,33.54,33.23,33.31,1442900,1.0,0.0
2007-12-28,33.4,33.53,33.01,33.22,1961100,1.0,0.0
2007-12-31,32.95,33.08,32.56,32.67,2660300,1.0,0.0
2008-01-02,32.71,32.93,32.15,32.26,3059700,1.0,0.0
2008-01-03,32.5,32.65,31.77,32.26,3201900,1.0,0.0
2008-01-04,32.31,32.58,30.9,31.05,6205700,1.0,0.0
2008-01-07,31.18,32.22,31.18,31.57,5026800,1.0,0.0
2008-01-08,31.7,32.045,31.39,31.73,4873900,1.0,0.0
2008-01-09,31.47,31.75,30.86,31.16,4505400,1.0,0.0
2008-01-10,30.99,31.86,30.89,31.64,3605400,1.0,0.0
2008-01-11,31.29,31.47,31.15,31.23,4531300,1.0,0.0
2008-01-14,31.42,32.58,31.22,32.27,3902000,1.0,0.0
2008-01-15,32.01,32.24,31.57,31.81,4136000,1.0,0.0
2008-01-16,31.61,31.9,31.28,31.61,4115600,1.0,0.0
2008-01-17,31.6,31.99,30.6,30.62,3433900,1.0,0.0
2008-01-18,30.77,30.86,29.88,29.98,5180000,1.0,0.0
2008-01-22,28.0,29.57,27.57,29.15,5603200,1.0,0.0
2008-01-23,28.35,30.55,28.04,30.52,6353300,1.0,0.0
2008-01-24,30.67,30.91,29.79,30.73,6013200,1.0,0.0
2008-01-25,31.07,31.21,30.59,30.95,3707300,1.0,0.0
2008-01-28,30.65,31.45,30.65,31.34,2787300,1.0,0.0
2008-01-29,31.47,31.59,31.26,31.49,2324900,1.0,0.15
2008-01-30,31.35,32.19,31.29,31.57,3001300,1.0,0.0
2008-01-31,31.14,32.61,30.99,32.41,4585300,1.0,0.0
2008-02-01,32.46,33.23,32.38,33.14,3069900,1.0,0.0
2008-02-04,33.15,33.45,32.77,33.38,2736400,1.0,0.0
2008-02-05,32.86,33.08,32.22,32.23,4316700,1.0,0.0
2008-02-06,32.39,32.82,32.2,32.52,4584500,1.0,0.0
2008-02-07,32.41,32.59,31.91,32.28,4212400,1.0,0.0
2008-02-08,32.17,32.87,31.98,32.66,4212100,1.0,0.0
2008-02-11,32.72,32.72,31.91,32.16,3008000,1.0,0.0
2008-02-12,32.25,33.3,32.25,33.13,3132800,1.0,0.0
2008-02-13,33.99,34.14,33.38,34.04,4336900,1.0,0.0
2008-02-14,34.2375,34.53,33.83,33.91,3757200,1.0,0.0
2008-02-15,33.85,33.85,33.18,33.51,2943800,1.0,0.0
2008-02-19,33.83,34.14,33.51,33.83,2572300,1.0,0.0
2008-02-20,33.6,34.01,33.35,33.89,2234200,1.0,0.0
2008-02-21,34.08,34.08,33.33,33.4,2616000,1.0,0.0
2008-02-22,33.57,33.92,33.09,33.88,2289300,1.0,0.0
2008-02-25,33.96,34.3,33.61,34.25,4048000,1.0,0.0
2008-02-26,34.15,34.64,34.07,34.44,3170500,1.0,0.0
2008-02-27,34.45,34.59,33.93,34.07,4009400,1.0,0.0
2008-02-28,33.85,34.01,33.67,33.83,3339200,1.0,0.0
2008-02-29,33.5,33.73,32.75,32.83,3119000,1.0,0.0
2008-03-03,33.09,33.2,32.64,33.11,2913700,1.0,0.0
2008-03-04,32.87,33.27,32.77,33.03,3279400,1.0,0.0
2008-03-05,32.95,33.85,32.95,33.85,4160700,1.0,0.0
2008-03-06,33.59,33.7,32.55,32.63,4212600,1.0,0.27
2008-03-07,32.44,32.89,32.25,32.53,4597100,1.0,0.0
2008-03-10,32.5,32.9,32.5,32.58,4282500,1.0,0.0
2008-03-11,33.25,33.86,32.83,33.47,3674700,1.0,0.0
2008-03-12,33.6,34.0,33.51,33.7,3769900,1.0,0.0
2008-03-13,33.6,33.63,33.06,33.44,4541700,1.0,0.0
2008-03-14,33.72,33.82,31.94,32.48,6238400,1.0,0.0
2008-03-17,32.14,33.39,31.89,33.06,5029600,1.0,0.0
2008-03-18,33.76,34.13,33.31,34.1,5730800,1.0,0.0
2008-03-19,34.2,34.46,33.05,33.06,3941000,1.0,0.0
2008-03-20,33.16,33.39,32.76,33.32,4458600,1.0,0.0
2008-03-24,33.5,33.92,33.32,33.76,3013300,1.0,0.0
2008-03-25,33.84,34.33,33.69,34.26,3322200,1.0,0.0
2008-03-26,34.15,34.5,33.96,34.45,3863400,1.0,0.0
2008-03-27,34.64,34.64,33.66,33.78,2657900,1.0,0.0
2008-03-28,34.05,34.17,33.77,33.85,2103300,1.0,0.0
2008-03-31,33.79,33.92,33.25,33.56,4043800,1.0,0.0
2008-04-01,33.79,34.38,33.7,34.31,3558000,1.0,0.0
2008-04-02,34.44,34.9,34.3,34.73,3123000,1.0,0.0
2008-04-03,34.73,34.88,34.42,34.78,2127200,1.0,0.0
2008-04-04,34.88,34.97,34.34,34.83,2035100,1.0,0.0
2008-04-07,34.94,34.98,34.59,34.86,1805400,1.0,0.0
2008-04-08,34.68,34.95,34.5,34.82,1923900,1.0,0.0
2008-04-09,34.9,34.96,34.12,34.29,2127700,1.0,0.0
2008-04-10,34.23,34.3,33.88,34.17,1969300,1.0,0.0
2008-04-11,33.62,34.08,33.55,33.8,2839400,1.0,0.0
2008-04-14,33.56,34.17,33.33,33.91,1304600,1.0,0.0
2008-04-15,34.01,34.35,33.89,33.99,2162200,1.0,0.0
2008-04-16,34.62,35.03,34.3,35.03,3810600,1.0,0.0
2008-04-17,34.99,35.05,34.67,34.9,1874500,1.0,0.0
2008-04-18,35.29,35.91,35.17,35.76,2952400,1.0,0.0
2008-04-21,35.64,35.75,35.24,35.42,2180200,1.0,0.0
2008-04-22,35.34,35.43,34.89,35.1,1511600,1.0,0.0
2008-04-23,35.3,35.48,34.98,35.31,1580500,1.0,0.0
2008-04-24,35.43,35.66,35.015,35.35,2580800,1.0,0.0
2008-04-25,35.47,35.598,35.13,35.46,2260400,1.0,0.0
2008-04-28,35.59,35.77,35.25,35.37,1896400,1.0,0.01
2008-04-29,35.78,36.16,35.58,35.71,2162600,1.0,0.0
2008-04-30,35.85,36.65,35.82,36.1,3355100,1.0,0.0
2008-05-01,36.12,36.89,36.12,36.58,3143800,1.0,0.0
2008-05-02,36.69,36.96,36.31,36.64,1695500,1.0,0.0
2008-05-05,36.7,36.7,36.17,36.24,2027200,1.0,0.0
2008-05-06,36.1,36.45,35.81,36.43,2296200,1.0,0.0
2008-05-07,36.52,36.92,36.28,36.28,3188000,1.0,0.0
2008-05-08,36.45,36.915,36.3,36.67,2141400,1.0,0.0
2008-05-09,36.64,36.64,36.0,36.43,1911500,1.0,0.0
2008-05-12,36.6,36.9,36.26,36.9,1139900,1.0,0.0
2008-05-13,36.9,37.156,36.53,36.81,1487500,1.0,0.0
2008-05-14,37.04,37.58,36.81,37.41,2017900,1.0,0.0
2008-05-15,37.31,37.49,37.14,37.48,2144600,1.0,0.0
2008-05-16,37.5,37.65,37.01,37.43,1567500,1.0,0.0
2008-05-19,37.3,37.31,36.6,36.76,2696500,1.0,0.0
2008-05-20,36.66,36.91,36.52,36.8,1953800,1.0,0.0
2008-05-21,36.76,37.06,36.4235,36.65,2967600,1.0,0.0
2008-05-22,36.76,37.21,36.58,37.0,1712000,1.0,0.0
2008-05-23,36.9,37.3,36.53,37.02,3301900,1.0,0.0
2008-05-27,36.96,37.55,36.75,37.4,6260900,1.0,0.0
2008-05-28,37.36,37.579,37.14,37.38,1968800,1.0,0.0
2008-05-29,37.23,37.8,36.78,37.51,4639200,1.0,0.27
2008-05-30,37.51,38.0,37.43,37.93,4608900,1.0,0.0
2008-06-02,37.79,38.0,37.52,37.76,4412600,1.0,0.0
2008-06-03,37.92,38.15,37.66,37.9,5357800,1.0,0.0
2008-06-04,37.85,38.5,37.78,38.03,4476000,1.0,0.0
2008-06-05,38.02,38.54,37.83,38.49,4697700,1.0,0.0
2008-06-06,38.26,38.26,37.67,37.71,4799900,1.0,0.0
2008-06-09,37.81,38.45,37.81,38.21,5955900,1.0,0.0
2008-06-10,38.07,38.65,37.89,38.31,5204500,1.0,0.0
2008-06-11,38.01,38.25,36.91,36.95,6657400,1.0,0.0
2008-06-12,36.95,38.22,36.95,37.86,4897400,1.0,0.0
2008-06-13,38.07,39.1,37.72,39.06,5825700,1.0,0.0
2008-06-16,38.59,38.79,38.115,38.47,4595500,1.0,0.0
2008-06-17,38.7,39.05,38.45,38.55,4626500,1.0,0.0
2008-06-18,38.25,39.18,38.25,38.95,5784100,1.0,0.0
2008-06-19,38.95,39.25,38.57,39.1,4401000,1.0,0.0
2008-06-20,38.39,39.16,38.18,38.3,3855000,1.0,0.0
2008-06-23,38.3,38.87,37.88,38.58,6503000,1.0,0.0
2008-06-24,38.46,38.79,37.89,38.04,6532200,1.0,0.0
2008-06-25,38.43,38.99,38.41,38.7,6599400,1.0,0.0
2008-06-26,38.16,38.4,37.3,37.38,2960700,1.0,0.0
2008-06-27,37.34,37.68,37.03,37.24,4267000,1.0,0.0
2008-06-30,37.29,38.0,37.07,37.71,7101700,1.0,0.0
2008-07-01,37.04,37.19,36.55,37.06,4840600,1.0,0.0
2008-07-02,37.25,37.34,36.28,36.35,3651700,1.0,0.0
2008-07-03,36.53,36.9,36.31,36.46,2697300,1.0,0.0
2008-07-07,36.68,36.68,35.5,36.02,3769600,1.0,0.0
2008-07-08,35.98,36.59,35.73,36.54,3228600,1.0,0.0
2008-07-09,36.54,37.08,36.23,36.49,3325900,1.0,0.0
2008-07-10,36.57,37.05,36.33,36.97,3439900,1.0,0.0
2008-07-11,36.6,36.96,36.25,36.61,3661000,1.0,0.0
2008-07-14,35.75,36.32,34.05,34.49,10344400,1.0,0.0
2008-07-15,34.89,34.93,33.34,34.68,9784000,1.0,0.0
2008-07-16,34.67,35.35,34.32,35.28,5112900,1.0,0.0
2008-07-17,35.15,35.62,34.71,35.56,4970400,1.0,0.0
2008-07-18,35.29,35.6,34.9,35.51,5009400,1.0,0.0
2008-07-21,35.47,36.14,35.35,35.87,3704300,1.0,0.0
2008-07-22,35.49,36.72,35.49,36.56,4008800,1.0,0.0
2008-07-23,36.68,36.95,36.34,36.75,4609900,1.0,0.0
2008-07-24,36.62,36.92,35.99,36.03,3489000,1.0,0.0
2008-07-25,36.05,36.23,35.66,35.75,2951600,1.0,0.0
2008-07-28,35.65,35.65,34.8,35.07,6444100,1.0,0.0
2008-07-29,36.0,36.3999,34.96,35.92,3438600,1.0,0.01
2008-07-30,36.07,36.16,35.51,35.8,3122800,1.0,0.0
2008-07-31,35.87,36.06,35.47,35.54,3414100,1.0,0.0
2008-08-01,36.02,36.02,35.37,35.67,3437300,1.0,0.0
2008-08-04,35.59,36.34,35.55,35.99,4059600,1.0,0.0
2008-08-05,36.23,36.67,35.75,36.22,3500000,1.0,0.0
2008-08-06,36.12,36.12,34.92,35.34,4989800,1.0,0.0
2008-08-07,35.12,35.42,34.83,35.01,3841100,1.0,0.0
2008-08-08,35.03,36.04,35.01,36.01,3252000,1.0,0.0
2008-08-11,35.78,36.73,35.67,36.11,3045200,1.0,0.0
2008-08-12,36.28,36.28,35.12,35.38,3161300,1.0,0.0
2008-08-13,35.27,35.64,35.0,35.22,2421900,1.0,0.0
2008-08-14,35.05,35.68,34.21,34.61,4289100,1.0,0.0
2008-08-15,34.44,34.93,34.25,34.78,3824800,1.0,0.0
2008-08-18,35.0,35.29,34.81,34.98,2246700,1.0,0.0
2008-08-19,34.83,35.11,34.31,34.44,2566400,1.0,0.0
2008-08-20,34.57,34.75,34.2,34.62,2335500,1.0,0.0
2008-08-21,34.65,34.77,33.6,34.68,2217500,1.0,0.0
2008-08-22,34.9,35.37,34.9,35.2,1592600,1.0,0.0
2008-08-25,35.07,35.22,34.69,34.74,2230800,1.0,0.0
2008-08-26,34.51,34.98,34.14,34.84,2213500,1.0,0.0
2008-08-27,34.71,35.11,34.63,34.9,1683700,1.0,0.0
2008-08-28,34.72,35.39,34.72,35.27,1764300,1.0,0.27
2008-08-29,35.16,35.47,35.04,35.18,1954800,1.0,0.0
2008-09-02,35.41,36.31,35.16,35.37,2466000,1.0,0.0
2008-09-03,35.29,35.3,34.81,35.01,4714600,1.0,0.0
2008-09-04,34.835,35.09,34.28,34.28,3570800,1.0,0.0
2008-09-05,34.08,34.97,34.01,34.89,3576800,1.0,0.0
2008-09-08,35.53,35.91,34.93,35.35,3280200,1.0,0.0
2008-09-09,35.43,35.59,34.4,34.42,2378800,1.0,0.0
2008-09-10,34.78,35.06,34.17,34.78,2692400,1.0,0.0
2008-09-11,34.6,35.02,34.2,34.99,2636300,1.0,0.0
2008-09-12,34.85,35.45,34.58,35.32,2916000,1.0,0.0
2008-09-15,34.75,35.5,34.48,34.79,2797400,1.0,0.0
2008-09-16,34.36,34.84,33.28,34.56,5016300,1.0,0.0
2008-09-17,33.98,34.5,33.2,33.86,4671900,1.0,0.0
2008-09-18,34.11,34.48,33.32,34.09,5312500,1.0,0.0
2008-09-19,35.2,36.16,33.49,34.91,4278800,1.0,0.0
2008-09-22,34.85,35.15,34.25,34.41,2730200,1.0,0.0
2008-09-23,34.4,34.4,32.86,33.01,3868300,1.0,0.0
2008-09-24,33.19,33.35,32.4,32.86,2547600,1.0,0.0
2008-09-25,33.4,33.68,33.01,33.38,2366900,1.0,0.0
2008-09-26,32.98,33.38,32.44,33.29,2461900,1.0,0.0
2008-09-29,33.05,33.43,31.05,31.5,4713900,1.0,0.0
2008-09-30,32.05,32.09,31.2,31.49,5263200,1.0,0.0
2008-10-01,31.42,31.5,30.5,31.04,5193700,1.0,0.0
2008-10-02,30.8,31.9,30.49,31.58,5871600,1.0,0.0
2008-10-03,32.12,33.43,32.09,32.21,6597000,1.0,0.0
2008-10-06,31.86,32.39,30.11,31.39,5736000,1.0,0.0
2008-10-07,31.78,31.89,29.75,29.78,4531400,1.0,0.0
2008-10-08,29.29,30.52,28.68,28.96,6545400,1.0,0.0
2008-10-09,29.18,29.71,27.33,27.33,6106500,1.0,0.0
2008-10-10,26.4,27.97,24.51,25.76,10187300,1.0,0.0
2008-10-13,28.37,30.51,27.28,30.39,7627700,1.0,0.0
2008-10-14,32.64,32.97,29.923,31.08,7530100,1.0,0.0
2008-10-15,31.0,31.0,29.51,30.06,6556300,1.0,0.0
2008-10-16,30.04,32.33,28.57,29.89,7184400,1.0,0.0
2008-10-17,29.3,31.1,28.85,29.78,4907500,1.0,0.0
2008-10-20,30.25,31.93,29.79,31.75,4408400,1.0,0.0
2008-10-21,31.5,31.65,30.45,30.6,3023200,1.0,0.0
2008-10-22,30.06,30.56,28.88,29.35,5316300,1.0,0.0
2008-10-23,29.54,30.6699,27.82,29.23,5609700,1.0,0.0
2008-10-24,27.48,29.0,27.0,28.13,3630900,1.0,0.0
2008-10-27,27.88,28.29,26.71,26.71,3587200,1.0,0.0
2008-10-28,27.5,28.85,26.14,28.83,4913000,1.0,0.0
2008-10-29,28.46,31.46,28.46,29.6,6246800,1.0,0.0
2008-10-30,30.99,31.69,30.12,31.44,4033200,1.0,0.0
2008-10-31,31.49,32.13,30.41,31.23,4296700,1.0,0.0
2008-11-03,31.2,31.65,30.56,30.87,2722700,1.0,0.0
2008-11-04,31.62,32.8,31.42,32.74,3998600,1.0,0.0
2008-11-05,32.36,32.67,30.98,31.21,3960600,1.0,0.0
2008-11-06,30.54,31.68,29.3,29.53,5402100,1.0,0.0
2008-11-07,29.8,30.59,29.48,30.59,5938700,1.0,0.0
2008-11-10,30.8,31.59,30.29,30.68,3226000,1.0,0.0
2008-11-11,30.32,30.87,29.26,30.26,3227700,1.0,0.0
2008-11-12,29.76,30.18,29.09,29.24,3667700,1.0,0.0
2008-11-13,29.36,31.34,28.18,31.33,6246800,1.0,0.0
2008-11-14,31.03,32.72,30.72,31.2,5708500,1.0,0.0
2008-11-17,30.87,30.87,29.6,30.03,5918200,1.0,0.0
2008-11-18,30.03,31.39,29.73,31.39,5520400,1.0,0.0
2008-11-19,31.35,31.6,29.68,29.73,5413500,1.0,0.0
2008-11-20,29.45,30.88,28.68,29.0,7576100,1.0,0.0
2008-11-21,29.55,29.78,28.0,29.69,7714300,1.0,0.0
2008-11-24,30.26,30.8412,29.45,30.37,5556000,1.0,0.0
2008-11-25,30.96,31.47,28.7,29.93,6732700,1.0,0.0
2008-11-26,28.99,29.5,27.61,28.37,7414800,1.0,0.27
2008-11-28,28.29,29.29,28.29,29.2,1980900,1.0,0.0
2008-12-01,29.01,29.01,27.48,27.56,5430700,1.0,0.0
2008-12-02,28.4,28.65,27.66,28.38,4776700,1.0,0.0
2008-12-03,28.16,29.94,28.02,29.69,7092700,1.0,0.0
2008-12-04,29.24,30.24,28.99,29.35,4774600,1.0,0.0
2008-12-05,28.71,29.75,27.97,29.7,4725000,1.0,0.0
2008-12-08,30.0,30.68,29.61,30.18,3372600,1.0,0.0
2008-12-09,30.28,30.9,29.86,30.15,3860500,1.0,0.0
2008-12-10,30.36,30.62,29.27,30.26,5445900,1.0,0.0
2008-12-11,30.03,30.45,29.33,29.46,3203000,1.0,0.0
2008-12-12,28.94,29.98,28.57,29.91,2988300,1.0,0.0
2008-12-15,31.01,31.01,29.7,30.17,2690700,1.0,0.0
2008-12-16,30.43,32.09,29.98,31.72,4500700,1.0,0.0
2008-12-17,31.44,31.89,30.81,31.42,3603300,1.0,0.0
2008-12-18,31.67,32.19,30.83,31.24,3088600,1.0,0.0
2008-12-19,31.9,32.73,31.11,31.21,4234500,1.0,0.0
2008-12-22,30.93,31.54,30.83,31.49,2444200,1.0,0.0
2008-12-23,31.69,31.98,30.46,30.72,2466600,1.0,0.0
2008-12-24,30.99,31.14,30.59,30.9,611000,1.0,0.0
2008-12-26,31.07,31.38,30.68,30.96,799200,1.0,0.0
2008-12-29,31.0,31.0,30.51,30.83,1452100,1.0,0.0
2008-12-30,31.05,32.44,30.93,32.44,4204400,1.0,0.0
2008-12-31,32.04,33.3,32.04,33.14,3970600,1.0,0.0
2009-01-02,33.1,33.96,32.73,33.78,3451500,1.0,0.0
2009-01-05,33.7,33.98,33.38,33.57,3217800,1.0,0.0
2009-01-06,33.83,33.99,32.88,33.08,3423200,1.0,0.0
2009-01-07,32.91,33.06,32.42,32.57,4711900,1.0,0.0
2009-01-08,32.37,33.26,32.12,33.18,3164000,1.0,0.0
2009-01-09,33.37,33.66,32.62,32.73,3080900,1.0,0.0
2009-01-12,32.72,32.75,32.17,32.54,2892600,1.0,0.0
2009-01-13,32.5,32.53,32.04,32.32,3669200,1.0,0.0
2009-01-14,32.0,32.14,31.01,31.43,4010700,1.0,0.0
2009-01-15,30.65,32.41,30.5,32.39,5364200,1.0,0.0
2009-01-16,32.78,32.78,31.68,32.39,6339200,1.0,0.0
2009-01-20,32.01,32.47,31.42,31.54,4018800,1.0,0.0
2009-01-21,31.92,32.75,31.42,32.64,4354700,1.0,0.0
2009-01-22,32.23,32.77,31.24,32.57,4276000,1.0,0.0
2009-01-23,32.01,32.63,31.56,32.08,3906700,1.0,0.0
2009-01-26,32.1,33.07,32.0,32.58,3791400,1.0,0.0
2009-01-27,32.81,33.0,32.43,32.74,3320700,1.0,0.0
2009-01-28,33.24,33.4,32.51,32.84,3797300,1.0,0.0
2009-01-29,32.66,32.785,31.644,31.81,4323100,1.0,0.0
2009-01-30,32.06,32.1,31.0,31.19,4091200,1.0,0.0
2009-02-02,30.88,31.16,29.9,30.26,5782100,1.0,0.0
2009-02-03,30.5,30.75,29.8,30.64,4219500,1.0,0.0
2009-02-04,30.83,31.15,29.9,30.0,4782500,1.0,0.0
2009-02-05,29.8,30.02,29.14,29.48,6078400,1.0,0.0
2009-02-06,29.43,29.88,29.31,29.75,4393700,1.0,0.0
2009-02-09,29.68,30.02,29.0,29.5,4467000,1.0,0.0
2009-02-10,29.31,29.5,28.29,28.3,5109200,1.0,0.0
2009-02-11,28.5,29.03,28.32,28.45,4651700,1.0,0.0
2009-02-12,29.61,29.61,27.6,29.26,7121000,1.0,0.0
2009-02-13,28.96,29.7,28.93,29.3,4480000,1.0,0.0
2009-02-17,28.96,29.15,27.84,28.63,5140300,1.0,0.0
2009-02-18,28.63,29.03,28.4,28.54,4861300,1.0,0.0
2009-02-19,28.73,28.92,28.31,28.4,3084600,1.0,0.0
2009-02-20,28.01,28.81,28.0,28.57,5185700,1.0,0.0
2009-02-23,28.84,28.93,27.45,27.54,5316700,1.0,0.0
2009-02-24,27.72,28.54,27.21,28.41,6275300,1.0,0.0
2009-02-25,28.41,28.7,27.72,27.97,4387200,1.0,0.0
2009-02-26,28.2,28.27,27.348,27.39,3501100,1.0,0.0
2009-02-27,27.14,27.31,26.08,27.0,7556400,1.0,0.0
2009-03-02,26.48,26.83,25.79,25.81,6955200,1.0,0.0
2009-03-03,25.5,26.29,25.0,25.27,6898100,1.0,0.0
2009-03-04,25.525,25.72,24.5,24.61,7635900,1.0,0.0
2009-03-05,24.14,24.27,23.22,23.4,6551900,1.0,0.29
2009-03-06,23.58,24.17,22.82,23.26,5928100,1.0,0.0
2009-03-09,23.07,23.25,22.1,22.23,6210800,1.0,0.0
2009-03-10,22.4,23.07,22.29,22.85,6985600,1.0,0.0
2009-03-11,23.05,23.72,22.72,23.38,5035100,1.0,0.0
2009-03-12,23.24,24.57,23.24,24.4,4541200,1.0,0.0
2009-03-13,24.55,24.67,23.83,24.07,3517100,1.0,0.0
2009-03-16,24.37,24.6919,23.9,24.01,4045500,1.0,0.0
2009-03-17,24.07,25.05,23.9,25.05,4863000,1.0,0.0
2009-03-18,24.95,25.8,24.44,25.25,4725400,1.0,0.0
2009-03-19,25.94,26.17,25.67,25.86,4455500,1.0,0.0
2009-03-20,25.98,26.43,25.07,25.11,5309000,1.0,0.0
2009-03-23,25.56,26.0,25.36,25.9,4310100,1.0,0.0
2009-03-24,25.69,26.07,25.51,25.77,2769400,1.0,0.0
2009-03-25,25.91,26.5,25.32,25.74,4778000,1.0,0.0
2009-03-26,25.91,26.63,25.5,26.6,5186100,1.0,0.0
2009-03-27,26.31,26.33,25.81,25.9,2947400,1.0,0.0
2009-03-30,25.46,25.67,25.08,25.32,3721700,1.0,0.0
2009-03-31,25.58,26.0,25.29,25.6,4107800,1.0,0.0
2009-04-01,25.32,25.94,25.05,25.59,4848600,1.0,0.0
2009-04-02,26.13,26.75,25.69,26.17,5106900,1.0,0.0
2009-04-03,26.22,26.4999,25.72,26.43,5570400,1.0,0.0
2009-04-06,26.24,26.69,25.78,26.59,2739200,1.0,0.0
2009-04-07,26.14,26.34,25.78,25.97,2588400,1.0,0.0
2009-04-08,26.02,26.11,25.74,25.98,2482700,1.0,0.0
2009-04-09,26.57,27.4,25.94,26.25,3523500,1.0,0.0
2009-04-13,26.15,26.77,26.03,26.6,2799300,1.0,0.0
2009-04-14,26.31,26.84,26.26,26.68,2948000,1.0,0.0
2009-04-15,26.61,26.97,26.6,26.95,2950000,1.0,0.0
2009-04-16,26.99,27.12,26.4,26.84,3319100,1.0,0.0
2009-04-17,26.96,27.58,26.84,27.48,4439300,1.0,0.0
2009-04-20,27.13,27.5,26.95,27.4,3859800,1.0,0.0
2009-04-21,27.32,27.71,27.26,27.57,3439700,1.0,0.0
2009-04-22,27.29,27.48,26.91,27.05,3609200,1.0,0.0
2009-04-23,26.99,26.99,26.25,26.67,4121600,1.0,0.0
2009-04-24,26.83,27.09,26.53,26.89,3263300,1.0,0.0
2009-04-27,26.65,27.37,26.46,26.6,4360400,1.0,0.0
2009-04-28,26.41,27.3,26.38,26.98,3979200,1.0,0.0
2009-04-29,27.0,27.989,26.57,26.94,6568100,1.0,0.0
2009-04-30,27.23,27.42,26.42,26.67,4928100,1.0,0.0
2009-05-01,26.6,26.87,26.01,26.17,6568400,1.0,0.0
2009-05-04,26.41,26.95,26.22,26.83,4752000,1.0,0.0
2009-05-05,26.69,26.94,26.61,26.88,5062300,1.0,0.0
2009-05-06,27.12,27.12,26.725,26.95,4745000,1.0,0.0
2009-05-07,27.46,27.46,26.4,26.65,5032300,1.0,0.0
2009-05-08,26.95,27.45,26.75,27.0,4393500,1.0,0.0
2009-05-11,26.75,26.99,26.62,26.86,3015000,1.0,0.0
2009-05-12,27.01,27.01,26.6,26.88,3155200,1.0,0.0
2009-05-13,26.6,26.95,26.5,26.6,2825400,1.0,0.0
2009-05-14,26.53,27.25,26.53,27.05,3828600,1.0,0.0
2009-05-15,26.98,27.21,26.62,26.83,3864600,1.0,0.0
2009-05-18,27.01,27.88,26.85,27.86,3982400,1.0,0.0
2009-05-19,28.68,28.88,28.03,28.56,5018600,1.0,0.0
2009-05-20,28.8,28.88,28.28,28.3,4218300,1.0,0.0
2009-05-21,28.21,28.9,27.87,28.15,2966700,1.0,0.0
2009-05-22,28.24,28.53,28.052,28.23,2500100,1.0,0.0
2009-05-26,28.27,28.8,27.77,28.45,3868600,1.0,0.0
2009-05-27,28.51,28.71,28.0,28.04,3798900,1.0,0.0
2009-05-28,27.99,28.11,27.27,27.65,4491900,1.0,0.29
2009-05-29,27.83,27.97,27.3,27.59,4212900,1.0,0.0
2009-06-01,27.93,28.9,27.9,28.88,4579400,1.0,0.0
2009-06-02,28.62,29.0,28.56,28.73,3544500,1.0,0.0
2009-06-03,28.5,28.75,28.31,28.69,3045500,1.0,0.0
2009-06-04,28.73,28.89,28.37,28.49,3191700,1.0,0.0
2009-06-05,28.65,28.83,28.2,28.28,3476200,1.0,0.0
2009-06-08,28.24,28.27,27.59,27.96,3505000,1.0,0.0
2009-06-09,28.02,28.06,27.63,27.83,2416500,1.0,0.0
2009-06-10,28.0,28.2,27.8,28.11,3048000,1.0,0.0
2009-06-11,28.19,28.88,28.16,28.56,2445000,1.0,0.0
2009-06-12,28.48,28.67,28.19,28.6,2111500,1.0,0.0
2009-06-15,28.37,28.58,27.91,28.13,2788500,1.0,0.0
2009-06-16,28.19,28.19,27.54,27.73,3194900,1.0,0.0
2009-06-17,27.87,28.35,27.73,28.02,3899200,1.0,0.0
2009-06-18,28.16,28.58,27.9,28.29,3026400,1.0,0.0
2009-06-19,28.54,28.71,28.09,28.22,3963800,1.0,0.0
2009-06-22,28.1,28.5,27.51,27.62,2967400,1.0,0.0
2009-06-23,27.65,27.8,27.13,27.16,3105600,1.0,0.0
2009-06-24,27.31,27.88,27.17,27.63,3467800,1.0,0.0
2009-06-25,27.5,28.45,27.33,28.32,3400800,1.0,0.0
2009-06-26,28.19,28.41,27.88,28.26,6480800,1.0,0.0
2009-06-29,28.3,28.59,28.19,28.52,3390100,1.0,0.0
2009-06-30,28.6,28.6,27.98,28.16,2818600,1.0,0.0
2009-07-01,28.26,28.53,27.97,28.03,3293300,1.0,0.0
2009-07-02,27.8,27.98,27.37,27.42,2411200,1.0,0.0
2009-07-06,27.3,27.74,27.1,27.33,3259700,1.0,0.0
2009-07-07,27.32,27.35,26.86,26.89,2446500,1.0,0.0
2009-07-08,26.94,27.0,26.31,26.58,4397100,1.0,0.0
2009-07-09,26.69,26.9,26.47,26.78,3006500,1.0,0.0
2009-07-10,26.67,26.94,26.386,26.87,2334800,1.0,0.0
2009-07-13,26.99,27.2,26.83,27.17,2905100,1.0,0.0
2009-07-14,27.29,27.34,27.04,27.31,3002800,1.0,0.0
2009-07-15,27.59,27.77,27.33,27.71,2379400,1.0,0.0
2009-07-16,27.68,28.3,27.57,28.23,2521800,1.0,0.0
2009-07-17,28.17,28.2,27.81,28.09,2572300,1.0,0.0
2009-07-20,28.26,28.33,28.04,28.24,2321700,1.0,0.0
2009-07-21,28.47,28.66,27.9,28.09,2476600,1.0,0.0
2009-07-22,27.91,29.13,27.91,28.84,4620100,1.0,0.0
2009-07-23,28.91,29.65,28.65,29.52,4737500,1.0,0.0
2009-07-24,29.31,29.59,28.97,29.39,2282800,1.0,0.0
2009-07-27,29.41,29.69,29.26,29.69,2258700,1.0,0.0
2009-07-28,29.52,29.92,29.36,29.42,3712800,1.0,0.0
2009-07-29,29.25,29.68,29.1,29.48,3384900,1.0,0.0
2009-07-30,28.75,29.41,27.85,28.05,7811500,1.0,0.0
2009-07-31,28.09,28.54,27.98,28.11,3981900,1.0,0.0
2009-08-03,28.27,28.4,27.648,28.39,3935800,1.0,0.0
2009-08-04,28.33,28.56,28.16,28.5,2846700,1.0,0.0
2009-08-05,28.94,29.25,28.42,28.58,1652600,1.0,0.0
2009-08-06,28.74,28.74,27.52,28.01,4040900,1.0,0.0
2009-08-07,28.25,28.66,28.13,28.57,2973400,1.0,0.0
2009-08-10,28.41,28.75,28.05,28.72,2050800,1.0,0.0
2009-08-11,28.76,28.98,28.4,28.85,2905600,1.0,0.0
2009-08-12,28.85,30.29,28.66,30.02,4547600,1.0,0.0
2009-08-13,30.24,31.66,30.05,30.65,4217800,1.0,0.0
2009-08-14,30.6,30.65,30.04,30.23,2092100,1.0,0.0
2009-08-17,29.86,30.94,29.64,29.74,1726600,1.0,0.0
2009-08-18,29.26,29.58,28.87,29.0,2723300,1.0,0.0
2009-08-19,28.76,29.42,28.71,29.38,2008100,1.0,0.0
2009-08-20,29.47,29.94,29.22,29.85,1429900,1.0,0.0
2009-08-21,30.06,30.35,29.9,30.06,2395000,1.0,0.0
2009-08-24,30.08,30.38,30.0,30.24,1600100,1.0,0.0
2009-08-25,30.37,30.58,30.02,30.04,1625300,1.0,0.0
2009-08-26,29.99,30.3,29.83,30.2,1277800,1.0,0.0
2009-08-27,30.28,30.35,29.73,30.05,1447800,1.0,0.0
2009-08-28,30.16,30.3,29.42,29.64,2014300,1.0,0.0
2009-08-31,29.51,29.93,29.43,29.93,1684200,1.0,0.0
2009-09-01,29.94,30.2,29.6,29.86,2671900,1.0,0.0
2009-09-02,29.87,29.87,29.2,29.49,2779700,1.0,0.0
2009-09-03,29.54,29.79,28.97,29.76,2149700,1.0,0.29
2009-09-04,29.67,30.12,29.51,30.08,1981300,1.0,0.0
2009-09-08,29.8,30.46,29.3,30.31,2584300,1.0,0.0
2009-09-09,29.26,30.1,29.26,29.88,3499300,1.0,0.0
2009-09-10,29.94,30.09,29.63,30.08,2696300,1.0,0.0
2009-09-11,30.08,30.59,30.08,30.4,2393300,1.0,0.0
2009-09-14,29.58,30.67,29.58,30.66,3430600,1.0,0.0
2009-09-15,30.66,30.8,30.07,30.1,3105300,1.0,0.0
2009-09-16,30.23,30.27,29.9,30.14,2571000,1.0,0.0
2009-09-17,30.03,30.54,29.79,30.02,3018700,1.0,0.0
2009-09-18,30.09,30.8,29.85,30.75,4529900,1.0,0.0
2009-09-21,30.62,30.62,29.85,29.96,2482700,1.0,0.0
2009-09-22,30.05,30.18,29.73,29.88,2750500,1.0,0.0
2009-09-23,29.99,30.02,29.38,29.84,3009100,1.0,0.0
2009-09-24,29.83,29.92,29.45,29.55,2177100,1.0,0.0
2009-09-25,29.52,29.64,28.92,28.98,2112300,1.0,0.0
2009-09-28,29.43,29.95,29.22,29.93,1714300,1.0,0.0
2009-09-29,29.93,30.13,29.71,30.0,2002200,1.0,0.0
2009-09-30,30.05,30.08,29.62,29.82,3271100,1.0,0.0
2009-10-01,29.56,29.655,28.98,28.98,2340300,1.0,0.0
2009-10-02,28.85,29.25,28.85,29.15,2414600,1.0,0.0
2009-10-05,29.28,29.28,28.64,28.92,1999100,1.0,0.0
2009-10-06,29.11,29.17,28.76,28.78,2843200,1.0,0.0
2009-10-07,28.63,28.89,28.28,28.39,3042200,1.0,0.0
2009-10-08,28.62,28.81,28.51,28.68,2225900,1.0,0.0
2009-10-09,28.65,28.82,28.6,28.64,2080300,1.0,0.0
2009-10-12,28.74,28.96,28.65,28.73,1800100,1.0,0.0
2009-10-13,28.75,29.05,28.7,28.97,2379300,1.0,0.0
2009-10-14,29.2,30.0,29.05,29.94,3945900,1.0,0.0
2009-10-15,29.78,31.7,29.78,31.63,6584300,1.0,0.0
2009-10-16,31.09,31.38,30.8,31.22,2547300,1.0,0.0
2009-10-19,31.27,31.29,30.9,31.25,2112500,1.0,0.0
2009-10-20,31.22,31.26,30.75,30.96,1861600,1.0,0.0
2009-10-21,30.86,31.57,30.78,31.09,2175400,1.0,0.0
2009-10-22,31.12,31.55,30.8,31.48,2072500,1.0,0.0
2009-10-23,31.47,31.74,30.89,30.93,1813800,1.0,0.0
2009-10-26,30.96,31.41,30.33,30.63,2404600,1.0,0.0
2009-10-27,30.6,31.24,30.52,31.07,1580000,1.0,0.0
2009-10-28,31.05,31.19,30.55,30.62,2410900,1.0,0.0
2009-10-29,30.74,30.97,30.2,30.77,2100900,1.0,0.0
2009-10-30,30.72,31.16,29.77,29.88,3117200,1.0,0.0
2009-11-02,29.88,30.77,29.75,30.69,2452500,1.0,0.0
2009-11-03,30.68,30.85,30.17,30.48,2009400,1.0,0.0
2009-11-04,30.6,31.08,30.37,30.66,2098800,1.0,0.0
2009-11-05,30.66,31.61,30.65,31.56,2385100,1.0,0.0
2009-11-06,31.51,31.66,31.17,31.64,1463400,1.0,0.0
2009-11-09,31.78,32.51,31.7,32.49,1923400,1.0,0.0
2009-11-10,32.4,32.71,32.23,32.62,1713600,1.0,0.0
2009-11-11,32.78,33.07,32.22,32.43,2445300,1.0,0.0
2009-11-12,32.4,32.49,31.91,31.97,2034600,1.0,0.0
2009-11-13,31.92,32.58,31.9,32.18,2387300,1.0,0.0
2009-11-16,32.19,32.98,32.19,32.79,2143300,1.0,0.0
2009-11-17,32.81,33.14,32.7,33.12,1770100,1.0,0.0
2009-11-18,33.12,33.12,32.63,32.79,1345100,1.0,0.0
2009-11-19,32.45,32.64,32.0,32.17,1769200,1.0,0.0
2009-11-20,32.13,32.42,32.02,32.3,1525600,1.0,0.0
2009-11-23,32.91,33.6,32.83,33.28,2410500,1.0,0.0
2009-11-24,33.21,33.58,32.92,33.53,1950400,1.0,0.0
2009-11-25,32.88,33.34,32.75,33.06,840232,1.0,0.0
2009-11-27,32.75,33.34,32.75,33.06,311300,1.0,0.0
2009-11-30,32.91,32.9885,32.54,32.84,1861200,1.0,0.29
2009-12-01,32.89,33.395,32.89,33.2,1551600,1.0,0.0
2009-12-02,33.22,33.5,32.84,33.2,1854100,1.0,0.0
2009-12-03,33.19,33.71,33.02,33.05,1633000,1.0,0.0
2009-12-04,33.5,33.85,33.13,33.56,1772700,1.0,0.0
2009-12-07,33.49,33.94,33.39,33.79,1335600,1.0,0.0
2009-12-08,33.57,33.64,32.85,33.17,1593300,1.0,0.0
2009-12-09,33.19,33.5,32.98,33.21,1605100,1.0,0.0
2009-12-10,33.26,33.36,33.03,33.36,1982000,1.0,0.0
2009-12-11,33.32,33.59,32.95,33.21,1793400,1.0,0.0
2009-12-14,33.55,33.74,33.23,33.48,1472300,1.0,0.0
2009-12-15,33.32,33.41,32.9,33.04,2086100,1.0,0.0
2009-12-16,33.14,33.27,32.76,32.95,2733700,1.0,0.0
2009-12-17,32.74,33.06,32.48,32.71,2718100,1.0,0.0
2009-12-18,32.97,33.19,32.75,32.99,4291600,1.0,0.0
2009-12-21,33.17,33.76,32.81,32.99,2403000,1.0,0.0
2009-12-22,33.03,33.21,32.806,32.99,1056300,1.0,0.0
2009-12-23,33.17,33.71,33.0,33.66,2105200,1.0,0.0
2009-12-24,33.77,33.95,33.75,33.76,539700,1.0,0.0
2009-12-28,33.81,33.95,33.65,33.94,1598000,1.0,0.0
2009-12-29,33.93,34.15,33.8,34.1,1569300,1.0,0.0
2009-12-30,34.0,34.18,33.82,33.99,1167900,1.0,0.0
2009-12-31,34.04,34.05,33.8,33.81,1347000,1.0,0.0
2010-01-04,34.01,34.26,33.87,34.16,2058800,1.0,0.0
2010-01-05,34.22,34.22,33.78,34.01,2961700,1.0,0.0
2010-01-06,33.87,34.15,33.78,34.0,1636700,1.0,0.0
2010-01-07,33.94,34.12,33.82,34.08,1406700,1.0,0.0
2010-01-08,33.92,34.33,33.665,34.24,1451900,1.0,0.0
2010-01-11,34.36,34.72,34.28,34.67,1731700,1.0,0.0
2010-01-12,34.59,34.9,34.3,34.88,2191900,1.0,0.0
2010-01-13,34.87,35.0,34.66,34.8,1952500,1.0,0.0
2010-01-14,34.71,34.75,34.32,34.44,2481700,1.0,0.0
2010-01-15,34.36,34.39,33.15,33.25,4103700,1.0,0.0
2010-01-19,33.26,33.93,33.18,33.92,3002200,1.0,0.0
2010-01-20,33.65,33.75,33.02,33.72,3236500,1.0,0.0
2010-01-21,33.7,33.99,33.03,33.1,3303900,1.0,0.0
2010-01-22,33.13,33.58,32.83,32.86,2825300,1.0,0.0
2010-01-25,33.11,33.11,32.6,32.64,1669700,1.0,0.0
2010-01-26,32.53,32.91,32.26,32.56,1752700,1.0,0.0
2010-01-27,32.51,32.74,32.14,32.58,1873700,1.0,0.0
2010-01-28,32.73,32.73,31.83,32.11,2761400,1.0,0.0
2010-01-29,32.34,32.52,31.95,32.05,2373700,1.0,0.0
2010-02-01,32.2,32.46,31.83,32.18,1834100,1.0,0.0
2010-02-02,32.18,32.62,32.14,32.51,1881100,1.0,0.0
2010-02-03,32.43,32.57,32.21,32.47,1071200,1.0,0.0
2010-02-04,32.28,32.44,31.73,31.81,2477600,1.0,0.0
2010-02-05,31.74,32.12,31.37,31.82,2663600,1.0,0.0
2010-02-08,31.87,31.95,31.4,31.4,1737700,1.0,0.0
2010-02-09,31.66,32.17,31.56,32.06,2018100,1.0,0.0
2010-02-10,32.06,32.14,31.56,31.92,1374100,1.0,0.0
2010-02-11,31.73,31.99,31.3,31.93,2636200,1.0,0.0
2010-02-12,31.69,32.0,31.29,31.83,3396800,1.0,0.0
2010-02-16,32.49,33.09,32.4,32.9,2948500,1.0,0.0
2010-02-17,33.09,33.2,32.84,33.0,2075100,1.0,0.0
2010-02-18,32.9,33.08,32.67,32.9,2765800,1.0,0.0
2010-02-19,32.81,33.48,32.63,33.38,2581200,1.0,0.0
2010-02-22,33.51,33.51,33.2101,33.36,1396000,1.0,0.0
2010-02-23,32.94,33.28,32.54,32.62,2547600,1.0,0.0
2010-02-24,32.73,32.99,32.5107,32.92,3163500,1.0,0.0
2010-02-25,32.64,33.03,32.42,33.03,2507200,1.0,0.0
2010-02-26,33.04,33.14,32.79,33.02,1879800,1.0,0.0
2010-03-01,33.04,33.45,33.01,33.37,2404900,1.0,0.315
2010-03-02,33.49,33.63,33.4,33.51,1690100,1.0,0.0
2010-03-03,33.52,33.76,33.34,33.5,1579300,1.0,0.0
2010-03-04,33.5,33.6646,33.31,33.47,1389900,1.0,0.0
2010-03-05,33.64,33.86,33.54,33.86,1624900,1.0,0.0
2010-03-08,33.94,33.94,33.555,33.6,1645100,1.0,0.0
2010-03-09,33.58,33.64,33.34,33.62,1929900,1.0,0.0
2010-03-10,33.54,33.59,33.27,33.49,2410900,1.0,0.0
2010-03-11,33.45,33.47,33.11,33.45,2142500,1.0,0.0
2010-03-12,33.45,33.51,33.15,33.42,1906700,1.0,0.0
2010-03-15,33.45,33.73,33.22,33.7,2090800,1.0,0.0
2010-03-16,33.79,33.9885,33.68,33.88,2194700,1.0,0.0
2010-03-17,34.0,34.17,33.88,33.97,1658300,1.0,0.0
2010-03-18,34.04,34.19,33.95,34.1,1797900,1.0,0.0
2010-03-19,34.17,34.47,33.98,34.16,4385100,1.0,0.0
2010-03-22,34.04,34.3,34.0,34.27,1962300,1.0,0.0
2010-03-23,34.42,34.72,34.25,34.69,2501800,1.0,0.0
2010-03-24,34.57,34.6,33.99,34.36,2415400,1.0,0.0
2010-03-25,34.58,34.58,34.27,34.27,2169900,1.0,0.0
2010-03-26,34.31,34.64,34.22,34.43,4230200,1.0,0.0
2010-03-29,34.59,34.75,34.34,34.55,1697100,1.0,0.0
2010-03-30,34.63,34.64,34.32,34.44,1705100,1.0,0.0
2010-03-31,34.35,34.57,34.09,34.43,1910200,1.0,0.0
2010-04-01,34.5,34.74,34.4,34.58,1405100,1.0,0.0
2010-04-05,34.72,34.8,34.5,34.68,1256700,1.0,0.0
2010-04-06,34.65,35.04,34.59,34.84,1816300,1.0,0.0
2010-04-07,34.81,34.9,34.63,34.68,1764900,1.0,0.0
2010-04-08,34.67,34.8174,34.42,34.61,1651200,1.0,0.0
2010-04-09,34.68,34.8,34.31,34.77,1767100,1.0,0.0
2010-04-12,34.74,34.97,34.71,34.92,1444200,1.0,0.0
2010-04-13,34.69,35.0,34.51,34.87,1869900,1.0,0.0
2010-04-14,34.99,35.1,34.75,35.1,1889900,1.0,0.0
2010-04-15,35.01,35.37,34.91,35.14,2360400,1.0,0.0
2010-04-16,35.15,35.39,34.95,35.03,3290300,1.0,0.0
2010-04-19,35.0,35.21,34.75,35.11,3485600,1.0,0.0
2010-04-20,35.31,35.39,35.0,35.09,2152500,1.0,0.0
2010-04-21,35.17,35.27,35.0,35.13,2407100,1.0,0.0
2010-04-22,35.11,35.35,34.8,35.24,2306600,1.0,0.0
2010-04-23,35.26,35.55,35.16,35.53,2903300,1.0,0.0
2010-04-26,35.63,35.99,35.58,35.66,2305200,1.0,0.0
2010-04-27,35.72,35.72,34.75,34.77,2974900,1.0,0.0
2010-04-28,34.96,35.33,34.82,35.29,3022300,1.0,0.0
2010-04-29,35.29,35.57,34.75,35.09,3829800,1.0,0.0
2010-04-30,34.97,35.33,34.68,34.68,2970000,1.0,0.0
2010-05-03,34.89,35.54,34.82,35.08,2409000,1.0,0.0
2010-05-04,34.82,34.85,33.99,34.2,2213000,1.0,0.0
2010-05-05,33.82,34.2,33.8,34.04,2158100,1.0,0.0
2010-05-06,33.98,34.21,31.55,33.09,4843900,1.0,0.0
2010-05-07,33.0,33.2,32.21,32.86,4931500,1.0,0.0
2010-05-10,33.81,34.11,33.6,33.98,3107800,1.0,0.0
2010-05-11,33.71,34.3,33.64,33.96,1866600,1.0,0.0
2010-05-12,33.99,34.52,33.91,34.35,2949000,1.0,0.0
2010-05-13,34.35,34.3999,34.0,34.06,2284800,1.0,0.0
2010-05-14,33.9,34.11,33.26,33.47,3220700,1.0,0.0
2010-05-17,33.65,33.9,33.27,33.74,2919300,1.0,0.0
2010-05-18,34.02,34.35,33.72,33.75,3391300,1.0,0.0
2010-05-19,33.58,33.68,33.1,33.3,3551100,1.0,0.0
2010-05-20,32.78,32.99,32.17,32.17,4765400,1.0,0.0
2010-05-21,31.77,32.46,31.48,32.4,3706200,1.0,0.0
2010-05-24,32.32,32.41,31.97,32.02,2110400,1.0,0.0
2010-05-25,31.42,32.065,31.11,32.04,3568000,1.0,0.0
2010-05-26,32.22,32.73,32.15,32.22,4034900,1.0,0.0
2010-05-27,32.57,32.68,32.26,32.68,2684200,1.0,0.315
2010-05-28,32.72,32.84,32.3,32.51,3220300,1.0,0.0
2010-06-01,32.35,32.71,31.92,31.97,3343700,1.0,0.0
2010-06-02,32.04,32.68,31.97,32.68,2758300,1.0,0.0
2010-06-03,32.59,32.87,32.47,32.8,2262300,1.0,0.0
2010-06-04,32.32,32.32,31.45,31.56,4284700,1.0,0.0
2010-06-07,31.62,31.71,31.3181,31.37,3182500,1.0,0.0
2010-06-08,31.39,31.9,31.24,31.85,4106100,1.0,0.0
2010-06-09,31.97,32.26,31.86,31.96,3764000,1.0,0.0
2010-06-10,32.31,32.84,32.23,32.83,3960600,1.0,0.0
2010-06-11,32.64,32.77,32.35,32.77,2252000,1.0,0.0
2010-06-14,33.0,33.28,32.76,32.83,2909300,1.0,0.0
2010-06-15,33.21,33.61,32.97,33.61,2322000,1.0,0.0
2010-06-16,33.45,33.73,33.41,33.64,2252800,1.0,0.0
2010-06-17,33.65,33.76,33.44,33.71,2291700,1.0,0.0
2010-06-18,33.68,33.82,33.42,33.53,4063600,1.0,0.0
2010-06-21,33.77,34.12,33.37,33.55,2554000,1.0,0.0
2010-06-22,33.51,33.78,32.9975,33.04,2216200,1.0,0.0
2010-06-23,33.14,33.2099,32.51,32.67,3236600,1.0,0.0
2010-06-24,32.57,32.75,32.08,32.14,3687600,1.0,0.0
2010-06-25,32.28,32.38,31.91,32.15,8698400,1.0,0.0
2010-06-28,32.39,32.56,32.02,32.3,2460400,1.0,0.0
2010-06-29,31.91,31.99,31.27,31.46,3417600,1.0,0.0
2010-06-30,31.48,31.79,31.22,31.29,3160100,1.0,0.0
2010-07-01,31.25,31.83,31.22,31.65,5582500,1.0,0.0
2010-07-02,31.65,32.06,31.63,31.81,4334600,1.0,0.0
2010-07-06,32.01,32.15,31.5,31.73,3232100,1.0,0.0
2010-07-07,31.72,32.5,31.55,32.48,2487100,1.0,0.0
2010-07-08,32.8,32.94,32.53,32.88,2126300,1.0,0.0
2010-07-09,32.91,32.97,32.41,32.78,914100,1.0,0.0
2010-07-12,32.76,32.92,32.6,32.74,2082700,1.0,0.0
2010-07-13,33.03,33.25,32.86,33.15,2277300,1.0,0.0
2010-07-14,33.04,33.09,32.68,33.06,1868700,1.0,0.0
2010-07-15,33.11,33.24,32.71,33.18,2259000,1.0,0.0
2010-07-16,32.93,33.12,32.33,32.44,2599300,1.0,0.0
2010-07-19,32.5,32.645,32.26,32.47,1952900,1.0,0.0
2010-07-20,32.2,32.69,31.98,32.68,2515200,1.0,0.0
2010-07-21,32.8,32.95,32.485,32.61,3985000,1.0,0.0
2010-07-22,32.74,33.39,32.74,33.35,2611600,1.0,0.0
2010-07-23,33.35,33.6329,33.18,33.59,2123200,1.0,0.0
2010-07-26,33.7,34.14,33.6,34.12,2038900,1.0,0.0
2010-07-27,34.35,34.35,33.96,34.13,2425800,1.0,0.0
2010-07-28,34.23,34.23,33.87,34.12,2839300,1.0,0.0
2010-07-29,34.24,34.45,33.66,34.25,2299800,1.0,0.0
2010-07-30,33.87,34.16,33.26,33.95,4020400,1.0,0.0
2010-08-02,34.37,34.49,34.08,34.46,2167800,1.0,0.0
2010-08-03,34.25,34.5,34.22,34.39,1824000,1.0,0.0
2010-08-04,34.43,34.6,34.325,34.59,1866100,1.0,0.0
2010-08-05,34.4,34.46,34.13,34.46,1823800,1.0,0.0
2010-08-06,34.23,34.57,34.08,34.57,2126600,1.0,0.0
2010-08-09,34.66,34.75,34.53,34.65,1172100,1.0,0.0
2010-08-10,34.31,34.53,34.06,34.32,1529500,1.0,0.0
2010-08-11,33.97,34.01,33.26,33.33,2118700,1.0,0.0
2010-08-12,32.92,33.21,32.83,33.1,2043400,1.0,0.0
2010-08-13,33.06,33.24,33.0,33.01,1241400,1.0,0.0
2010-08-16,32.83,33.3,32.58,33.25,1557500,1.0,0.0
2010-08-17,33.48,34.45,33.41,33.96,2603500,1.0,0.0
2010-08-18,33.94,34.15,33.71,33.96,1328300,1.0,0.0
2010-08-19,33.89,33.96,33.34,33.48,1821800,1.0,0.0
2010-08-20,33.41,33.67,33.17,33.6,1782400,1.0,0.0
2010-08-23,33.77,33.91,33.36,33.52,1809200,1.0,0.0
2010-08-24,33.29,33.65,32.89,33.17,2232000,1.0,0.0
2010-08-25,33.04,33.27,32.56,33.12,4336800,1.0,0.0
2010-08-26,33.25,33.42,33.01,33.09,1513400,1.0,0.0
2010-08-27,33.2,33.65,33.02,33.62,1536700,1.0,0.0
2010-08-30,33.61,33.74,33.3677,33.43,1758800,1.0,0.0
2010-08-31,33.32,33.44,32.86,33.09,3140900,1.0,0.0
2010-09-01,33.42,34.19,33.33,34.0,3051800,1.0,0.0
2010-09-02,33.82,33.89,33.61,33.84,2012400,1.0,0.315
2010-09-03,33.88,34.19,33.75,34.11,1480700,1.0,0.0
2010-09-07,33.99,34.06,33.75,33.83,1520600,1.0,0.0
2010-09-08,33.9,34.07,33.81,33.92,2396800,1.0,0.0
2010-09-09,34.18,34.25,33.75,33.8,1920800,1.0,0.0
2010-09-10,33.85,34.17,33.8,34.0,1309400,1.0,0.0
2010-09-13,34.25,34.34,34.05,34.16,1525800,1.0,0.0
2010-09-14,34.15,34.46,33.97,34.27,1706000,1.0,0.0
2010-09-15,34.22,34.59,34.04,34.53,1677400,1.0,0.0
2010-09-16,34.48,34.64,34.36,34.54,1427700,1.0,0.0
2010-09-17,34.69,35.18,34.64,35.0,3992500,1.0,0.0
2010-09-20,35.06,35.38,34.91,35.31,2821400,1.0,0.0
2010-09-21,35.31,35.74,35.25,35.6,2132200,1.0,0.0
2010-09-22,35.51,35.92,35.45,35.62,2809700,1.0,0.0
2010-09-23,35.42,35.48,35.01,35.12,2052000,1.0,0.0
2010-09-24,35.55,35.83,35.45,35.76,1827300,1.0,0.0
2010-09-27,35.84,35.87,35.44,35.47,1842900,1.0,0.0
2010-09-28,35.47,35.68,35.077,35.58,1945400,1.0,0.0
2010-09-29,35.3957,35.9,35.3957,35.85,1798400,1.0,0.0
2010-09-30,36.0,36.24,35.59,35.74,2440600,1.0,0.0
2010-10-01,35.9,36.04,35.79,35.93,2057600,1.0,0.0
2010-10-04,35.92,36.02,35.46,35.75,1532800,1.0,0.0
2010-10-05,36.0065,36.51,35.81,36.4,2469600,1.0,0.0
2010-10-06,36.33,36.65,36.3,36.55,1809400,1.0,0.0
2010-10-07,36.7,36.7,36.06,36.17,2594700,1.0,0.0
2010-10-08,36.15,36.46,36.0,36.35,2414600,1.0,0.0
2010-10-11,36.29,36.49,36.17,36.44,1574400,1.0,0.0
2010-10-12,36.42,36.62,36.0175,36.53,2094500,1.0,0.0
2010-10-13,36.66,37.24,36.57,36.99,2773500,1.0,0.0
2010-10-14,37.02,37.11,36.75,36.91,2047400,1.0,0.0
2010-10-15,37.2,37.25,36.49,36.61,5315800,1.0,0.0
2010-10-18,36.65,36.748,36.3119,36.47,2373600,1.0,0.0
2010-10-19,36.14,36.4407,35.97,36.13,2267600,1.0,0.0
2010-10-20,36.15,36.73,36.13,36.54,1751300,1.0,0.0
2010-10-21,36.65,36.88,36.5009,36.72,1908800,1.0,0.0
2010-10-22,36.87,36.9,36.63,36.79,1404800,1.0,0.0
2010-10-25,37.0,37.25,36.82,36.88,2092800,1.0,0.0
2010-10-26,36.56,36.87,36.49,36.5,3284000,1.0,0.0
2010-10-27,36.34,36.37,35.77,36.09,4422100,1.0,0.0
2010-10-28,36.3,36.49,35.81,36.13,3259300,1.0,0.0
2010-10-29,36.09,36.1,35.33,35.72,3851600,1.0,0.0
2010-11-01,35.85,36.17,35.38,35.55,3036200,1.0,0.0
2010-11-02,35.78,36.06,35.63,35.88,2102300,1.0,0.0
2010-11-03,36.0,36.06,35.64,35.95,3434600,1.0,0.0
2010-11-04,36.26,36.27,35.74,35.87,3906600,1.0,0.0
2010-11-05,35.82,35.9,35.18,35.51,3570100,1.0,0.0
2010-11-08,35.31,35.41,35.13,35.18,3098100,1.0,0.0
2010-11-09,35.39,35.48,35.07,35.15,2619600,1.0,0.0
2010-11-10,35.19,35.28,35.06,35.08,3154400,1.0,0.0
2010-11-11,34.95,35.02,34.67,34.93,2319400,1.0,0.0
2010-11-12,35.02,35.34,34.84,35.09,3272800,1.0,0.0
2010-11-15,35.2,35.3,34.96,34.99,2347900,1.0,0.0
2010-11-16,34.74,34.98,34.68,34.83,3602700,1.0,0.0
2010-11-17,34.8,34.97,34.7,34.83,1993100,1.0,0.0
2010-11-18,35.11,35.38,35.02,35.2,6862600,1.0,0.0
2010-11-19,35.2,35.38,35.05,35.22,8292500,1.0,0.0
2010-11-22,35.23,35.42,34.9,35.16,7505600,1.0,0.0
2010-11-23,34.93,35.44,34.81,34.87,2445400,1.0,0.0
2010-11-24,35.09,35.44,35.03,35.3,1984500,1.0,0.0
2010-11-26,35.09,35.17,34.81,34.92,1635500,1.0,0.0
2010-11-29,34.61,34.61,34.13,34.42,4546200,1.0,0.315
2010-11-30,34.24,34.4,34.08,34.25,4242000,1.0,0.0
2010-12-01,34.64,34.66,34.43,34.55,4685800,1.0,0.0
2010-12-02,34.54,35.06,34.5,34.98,3550000,1.0,0.0
2010-12-03,34.88,34.9,34.46,34.8,3947700,1.0,0.0
2010-12-06,34.76,34.78,34.5,34.68,1965400,1.0,0.0
2010-12-07,34.99,35.0,34.52,34.73,2915200,1.0,0.0
2010-12-08,34.79,34.98,34.68,34.89,2782000,1.0,0.0
2010-12-09,35.01,35.35,34.91,35.35,3599600,1.0,0.0
2010-12-10,35.44,35.88,35.35,35.87,3668700,1.0,0.0
2010-12-13,35.98,36.27,35.98,36.19,2901800,1.0,0.0
2010-12-14,36.25,36.5,36.08,36.36,2602400,1.0,0.0
2010-12-15,36.21,36.41,36.08,36.17,3420500,1.0,0.0
2010-12-16,36.36,36.41,36.0,36.26,2044500,1.0,0.0
2010-12-17,36.33,36.36,36.08,36.28,2602700,1.0,0.0
2010-12-20,36.41,36.48,36.11,36.3,1906900,1.0,0.0
2010-12-21,36.45,36.59,36.31,36.4,1562000,1.0,0.0
2010-12-22,36.36,36.55,36.32,36.49,1451400,1.0,0.0
2010-12-23,36.4,36.56,36.3,36.49,1157600,1.0,0.0
2010-12-27,36.39,36.63,36.27,36.62,920900,1.0,0.0
2010-12-28,36.74,36.83,36.48,36.66,2074800,1.0,0.0
2010-12-29,36.71,36.88,36.7,36.8,979400,1.0,0.0
2010-12-30,36.7,36.92,36.64,36.82,1132000,1.0,0.0
2010-12-31,36.76,36.96,36.63,36.87,1653300,1.0,0.0
2011-01-03,37.08,37.08,36.6897,36.82,2032700,1.0,0.0
2011-01-04,36.91,36.9125,36.39,36.6,1967700,1.0,0.0
2011-01-05,36.48,36.75,36.4,36.58,2126600,1.0,0.0
2011-01-06,36.56,36.6,36.25,36.41,2022000,1.0,0.0
2011-01-07,36.48,36.48,36.0,36.21,1764300,1.0,0.0
2011-01-10,35.98,36.32,35.95,36.15,2019100,1.0,0.0
2011-01-11,36.2,36.41,35.93,36.04,2071300,1.0,0.0
2011-01-12,36.23,36.42,36.05,36.36,1474000,1.0,0.0
2011-01-13,36.48,36.75,36.25,36.68,2854900,1.0,0.0
2011-01-14,36.55,37.03,36.55,37.03,2276300,1.0,0.0
2011-01-18,36.97,37.24,36.81,37.21,2159500,1.0,0.0
2011-01-19,37.06,37.3,37.01,37.19,3258200,1.0,0.0
2011-01-20,37.18,37.37,37.0,37.18,2069000,1.0,0.0
2011-01-21,37.36,37.47,37.11,37.43,2233400,1.0,0.0
2011-01-24,37.5,37.92,37.33,37.7,5226700,1.0,0.0
2011-01-25,37.58,37.9,37.51,37.87,1847600,1.0,0.0
2011-01-26,37.94,38.4,37.89,38.23,2693800,1.0,0.0
2011-01-27,38.17,38.39,38.0685,38.34,1745200,1.0,0.0
2011-01-28,38.37,38.58,37.78,37.87,2758000,1.0,0.0
2011-01-31,37.95,38.16,37.76,37.87,2592900,1.0,0.0
2011-02-01,38.0,38.22,37.91,38.1,2280500,1.0,0.0
2011-02-02,37.96,38.24,37.7,37.84,2320500,1.0,0.0
2011-02-03,37.77,37.84,37.49,37.7,1922600,1.0,0.0
2011-02-04,37.79,38.06,37.57,37.72,2039900,1.0,0.0
2011-02-07,37.76,38.08,37.75,38.04,1856500,1.0,0.0
2011-02-08,38.09,38.14,37.92,38.07,1737100,1.0,0.0
2011-02-09,38.0,38.27,37.99,38.18,1925600,1.0,0.0
2011-02-10,38.12,38.26,37.99,38.14,2284000,1.0,0.0
2011-02-11,38.01,38.33,37.78,38.04,2065200,1.0,0.0
2011-02-14,38.09,38.22,37.92,38.18,2912300,1.0,0.0
2011-02-15,37.98,38.12,37.77,37.98,2793900,1.0,0.0
2011-02-16,38.07,38.2,37.94,37.99,2260700,1.0,0.0
2011-02-17,38.18,38.32,37.68,37.98,3522700,1.0,0.0
2011-02-18,38.05,38.17,37.89,38.04,2369800,1.0,0.0
2011-02-22,37.76,37.95,37.53,37.7,2781500,1.0,0.0
2011-02-23,37.69,37.72,37.24,37.26,3663900,1.0,0.0
2011-02-24,37.17,37.3,36.57,36.79,4122200,1.0,0.0
2011-02-25,36.97,37.04,36.66,36.88,2468600,1.0,0.0
2011-02-28,37.02,37.13,36.89,37.06,3221600,1.0,0.0
2011-03-01,37.15,37.27,36.7,36.77,3635000,1.0,0.0
2011-03-02,36.77,37.0,36.61,36.84,2408700,1.0,0.0
2011-03-03,37.12,37.32,36.95,37.26,2816700,1.0,0.0
2011-03-04,37.32,38.0,36.96,37.21,2742700,1.0,0.0
2011-03-07,37.33,37.62,37.14,37.24,2856000,1.0,0.0
2011-03-08,37.28,37.65,37.16,37.5,2293800,1.0,0.0
2011-03-09,37.24,37.35,37.02,37.35,2085400,1.0,0.34
2011-03-10,37.04,37.15,36.79,36.82,2425700,1.0,0.0
2011-03-11,36.72,37.14,36.72,36.87,1923700,1.0,0.0
2011-03-14,36.72,37.03,36.67,36.98,2507300,1.0,0.0
2011-03-15,36.34,36.94,36.3,36.73,3218600,1.0,0.0
2011-03-16,36.61,36.64,35.86,36.1,3932400,1.0,0.0
2011-03-17,36.21,36.72,36.09,36.23,2545900,1.0,0.0
2011-03-18,36.63,37.0,36.28,36.52,2764100,1.0,0.0
2011-03-21,36.88,36.92,36.6,36.76,2248700,1.0,0.0
2011-03-22,36.84,37.05,36.73,36.81,2258300,1.0,0.0
2011-03-23,36.64,37.01,36.53,36.96,2280700,1.0,0.0
2011-03-24,37.03,37.17,36.79,37.17,2033100,1.0,0.0
2011-03-25,37.3,37.49,37.05,37.08,2060300,1.0,0.0
2011-03-28,37.25,37.56,37.11,37.12,1961100,1.0,0.0
2011-03-29,37.06,37.23,36.89,37.17,2178400,1.0,0.0
2011-03-30,37.33,37.45,37.14,37.18,2257400,1.0,0.0
2011-03-31,37.1,37.44,37.01,37.34,2422600,1.0,0.0
2011-04-01,37.42,37.71,37.36,37.65,1984300,1.0,0.0
2011-04-04,37.65,37.8,37.54,37.75,1494300,1.0,0.0
2011-04-05,37.75,37.87,37.6,37.74,2207700,1.0,0.0
2011-04-06,37.84,38.31,37.81,38.24,3099600,1.0,0.0
2011-04-07,38.11,38.22,37.91,38.09,2231600,1.0,0.0
2011-04-08,38.19,38.3,37.7,37.92,2427800,1.0,0.0
2011-04-11,37.92,38.02,37.65,37.76,2131000,1.0,0.0
2011-04-12,37.81,37.87,37.59,37.67,3453700,1.0,0.0
2011-04-13,37.67,37.83,37.43,37.59,4780700,1.0,0.0
2011-04-14,37.53,37.89,37.29,37.82,2290500,1.0,0.0
2011-04-15,38.0,38.01,37.68,37.85,2410700,1.0,0.0
2011-04-18,37.5,37.57,37.19,37.33,1846500,1.0,0.0
2011-04-19,37.31,37.47,37.22,37.38,1669000,1.0,0.0
2011-04-20,37.77,38.22,37.67,38.17,2190900,1.0,0.0
2011-04-21,38.3,38.4,38.17,38.38,1783500,1.0,0.0
2011-04-25,38.32,38.63,38.29,38.5,3687100,1.0,0.0
2011-04-26,38.55,39.3114,38.55,39.13,3200000,1.0,0.0
2011-04-27,39.2,39.54,39.11,39.46,2464700,1.0,0.0
2011-04-28,39.43,39.69,39.02,39.61,2874400,1.0,0.0
2011-04-29,39.29,39.6,39.09,39.46,2554400,1.0,0.0
2011-05-02,39.55,39.69,39.37,39.47,2434300,1.0,0.0
2011-05-03,39.32,39.47,39.07,39.35,2177700,1.0,0.0
2011-05-04,39.27,39.46,38.94,39.06,5257200,1.0,0.0
2011-05-05,38.86,38.88,38.4,38.57,2674500,1.0,0.0
2011-05-06,38.9,39.3062,38.61,38.71,2506700,1.0,0.0
2011-05-09,38.77,38.95,38.55,38.8,2466100,1.0,0.0
2011-05-10,38.9,39.03,38.85,38.99,2064200,1.0,0.0
2011-05-11,39.03,39.1,38.63,38.85,3314000,1.0,0.0
2011-05-12,38.76,39.12,38.66,39.05,2571700,1.0,0.0
2011-05-13,39.07,39.15,38.62,38.75,2303200,1.0,0.0
2011-05-16,38.67,38.86,38.55,38.71,2208800,1.0,0.0
2011-05-17,38.63,38.73,38.41,38.56,2476600,1.0,0.0
2011-05-18,38.65,39.11,38.55,39.06,2220700,1.0,0.0
2011-05-19,39.19,39.43,39.07,39.22,1959800,1.0,0.0
2011-05-20,39.15,39.19,38.74,38.87,1943600,1.0,0.0
2011-05-23,38.56,38.57,38.24,38.43,2208000,1.0,0.0
2011-05-24,38.5,38.55,38.24,38.37,2469700,1.0,0.0
2011-05-25,38.3,38.42,38.06,38.25,2443900,1.0,0.0
2011-05-26,38.09,38.49,38.07,38.4,2237900,1.0,0.0
2011-05-27,38.51,38.94,38.49,38.87,2886800,1.0,0.0
2011-05-31,38.8,38.89,38.65,38.88,2605200,1.0,0.34
2011-06-01,38.88,38.9,38.27,38.39,3296300,1.0,0.0
2011-06-02,38.35,38.48,38.02,38.24,2932800,1.0,0.0
2011-06-03,37.84,38.195,37.79,37.92,2687700,1.0,0.0
2011-06-06,37.92,37.93,37.55,37.55,2260300,1.0,0.0
2011-06-07,37.73,37.76,37.18,37.18,3398600,1.0,0.0
2011-06-08,37.19,37.32,36.71,36.75,5984200,1.0,0.0
2011-06-09,36.8,37.0,36.71,36.91,3362400,1.0,0.0
2011-06-10,36.76,36.78,36.525,36.54,2641900,1.0,0.0
2011-06-13,36.7,36.7,36.36,36.49,2352800,1.0,0.0
2011-06-14,36.84,36.93,36.73,36.84,2382700,1.0,0.0
2011-06-15,36.62,36.7,36.22,36.37,2700200,1.0,0.0
2011-06-16,36.49,36.58,36.2511,36.44,3207800,1.0,0.0
2011-06-17,36.7,36.95,36.4,36.74,3545200,1.0,0.0
2011-06-20,36.75,37.55,36.62,37.32,7321800,1.0,0.0
2011-06-21,37.47,37.54,37.26,37.47,2384600,1.0,0.0
2011-06-22,37.31,37.6,37.28,37.29,2209100,1.0,0.0
2011-06-23,36.96,37.1,36.5,37.1,3154700,1.0,0.0
2011-06-24,37.06,37.23,36.67,36.8,2565200,1.0,0.0
2011-06-27,36.82,36.93,36.6,36.82,2088600,1.0,0.0
2011-06-28,36.9,36.94,36.66,36.9,3171200,1.0,0.0
2011-06-29,37.12,37.29,36.96,37.05,3152500,1.0,0.0
2011-06-30,37.09,37.36,36.95,37.27,2762900,1.0,0.0
2011-07-01,37.16,37.68,37.16,37.54,2445600,1.0,0.0
2011-07-05,37.5,37.78,37.39,37.62,2232900,1.0,0.0
2011-07-06,37.6,37.845,37.44,37.73,2588400,1.0,0.0
2011-07-07,37.96,38.06,37.84,38.0,3286300,1.0,0.0
2011-07-08,37.63,37.78,37.43,37.74,2672900,1.0,0.0
2011-07-11,37.34,37.42,37.01,37.15,2466300,1.0,0.0
2011-07-12,36.87,36.87,36.38,36.63,4717200,1.0,0.0
2011-07-13,36.87,36.92,36.49,36.54,3399800,1.0,0.0
2011-07-14,36.62,36.71,36.0,36.05,3402400,1.0,0.0
2011-07-15,36.16,36.3,35.82,36.16,3062500,1.0,0.0
2011-07-18,36.0,36.07,35.63,35.73,3709700,1.0,0.0
2011-07-19,35.78,36.22,35.75,36.06,2923200,1.0,0.0
2011-07-20,36.23,36.51,36.035,36.14,3036100,1.0,0.0
2011-07-21,36.29,36.85,36.24,36.57,3057700,1.0,0.0
2011-07-22,36.53,36.6,35.91,35.97,3251000,1.0,0.0
2011-07-25,35.7,36.15,35.56,35.95,3964300,1.0,0.0
2011-07-26,35.88,36.02,35.56,35.8,2756100,1.0,0.0
2011-07-27,35.61,35.74,35.34,35.51,4781500,1.0,0.0
2011-07-28,34.5,35.03,32.23,32.68,13315100,1.0,0.0
2011-07-29,32.14,32.56,31.49,31.49,12686100,1.0,0.0
2011-08-01,31.8,31.8,31.2,31.48,8932500,1.0,0.0
2011-08-02,31.43,31.7,30.64,30.66,7122500,1.0,0.0
2011-08-03,30.97,31.25,30.08,30.86,8576000,1.0,0.0
2011-08-04,30.7,30.99,30.07,30.07,9952100,1.0,0.0
2011-08-05,30.63,30.79,29.67,30.37,9695800,1.0,0.0
2011-08-08,29.92,30.23,28.08,28.17,13453000,1.0,0.0
2011-08-09,29.03,29.93,27.75,29.4,18354200,1.0,0.0
2011-08-10,29.42,29.78,28.64,28.7,10030000,1.0,0.0
2011-08-11,28.91,31.16,28.75,30.73,9481800,1.0,0.0
2011-08-12,30.94,31.11,30.42,30.79,6052300,1.0,0.0
2011-08-15,31.14,31.415,30.86,30.97,5796500,1.0,0.0
2011-08-16,30.77,30.8,30.27,30.6,4431200,1.0,0.0
2011-08-17,30.76,31.27,30.68,31.2,4862600,1.0,0.0
2011-08-18,30.32,30.43,29.56,29.72,6893300,1.0,0.0
2011-08-19,29.35,29.87,29.13,29.4,5500800,1.0,0.0
2011-08-22,30.01,30.35,29.65,30.12,5740900,1.0,0.0
2011-08-23,30.3,32.13,30.13,32.13,8697500,1.0,0.0
2011-08-24,31.94,33.2,31.92,33.11,8350600,1.0,0.0
2011-08-25,33.22,33.46,32.34,32.48,12939600,1.0,0.0
2011-08-26,32.34,32.76,31.57,32.34,12274100,1.0,0.0
2011-08-29,32.75,33.93,32.75,33.9,12150300,1.0,0.0
2011-08-30,33.59,33.75,33.04,33.47,6069500,1.0,0.0
2011-08-31,33.75,33.83,32.92,33.04,7528200,1.0,0.0
2011-09-01,32.76,33.0,32.04,32.08,6890800,1.0,0.34
2011-09-02,31.68,32.03,30.7,30.71,7775700,1.0,0.0
2011-09-06,30.14,31.13,29.89,30.72,4409400,1.0,0.0
2011-09-07,31.35,31.53,31.06,31.45,5038200,1.0,0.0
2011-09-08,31.25,31.62,31.03,31.2,4055400,1.0,0.0
2011-09-09,30.99,31.14,30.32,30.48,4952400,1.0,0.0
2011-09-12,30.31,30.95,30.05,30.83,5388600,1.0,0.0
2011-09-13,30.83,31.37,30.66,31.15,4427700,1.0,0.0
2011-09-14,31.25,32.12,30.665,31.77,4686100,1.0,0.0
2011-09-15,32.0,32.29,31.75,32.28,4290500,1.0,0.0
2011-09-16,32.44,32.47,31.7,32.01,6291100,1.0,0.0
2011-09-19,31.56,31.58,30.89,31.25,6083400,1.0,0.0
2011-09-20,31.3,31.98,31.1,31.14,5944100,1.0,0.0
2011-09-21,31.07,31.11,29.61,29.62,7262000,1.0,0.0
2011-09-22,28.9,29.57,28.77,29.35,11629200,1.0,0.0
2011-09-23,29.44,31.05,29.4308,30.81,9655700,1.0,0.0
2011-09-26,31.3,32.1,31.03,32.09,9537500,1.0,0.0
2011-09-27,32.67,33.08,32.29,32.48,7377100,1.0,0.0
2011-09-28,32.45,32.89,31.54,31.55,4839800,1.0,0.0
2011-09-29,32.1,32.4701,31.58,32.37,5441300,1.0,0.0
2011-09-30,32.0,33.13,31.96,32.56,6464800,1.0,0.0
2011-10-03,32.45,33.05,31.36,31.36,6094400,1.0,0.0
2011-10-04,30.84,32.03,30.53,31.99,5300000,1.0,0.0
2011-10-05,32.03,32.7193,31.75,32.64,4186900,1.0,0.0
2011-10-06,32.56,33.09,32.32,33.09,3411600,1.0,0.0
2011-10-07,33.35,33.475,32.66,32.93,5644100,1.0,0.0
2011-10-10,33.36,33.75,33.28,33.75,2630400,1.0,0.0
2011-10-11,33.49,33.49,33.0,33.12,5020700,1.0,0.0
2011-10-12,33.27,33.61,32.94,33.09,5914000,1.0,0.0
2011-10-13,32.91,32.96,32.365,32.56,5583300,1.0,0.0
2011-10-14,32.91,33.11,32.65,32.92,4428700,1.0,0.0
2011-10-17,32.75,32.85,32.39,32.55,2899900,1.0,0.0
2011-10-18,32.52,33.35,32.178,33.09,3453600,1.0,0.0
2011-10-19,32.92,33.35,32.87,33.01,3432200,1.0,0.0
2011-10-20,33.07,33.36,32.75,33.26,3692800,1.0,0.0
2011-10-21,33.6,33.92,33.33,33.91,4288600,1.0,0.0
2011-10-24,33.9,34.55,33.8675,34.33,3532900,1.0,0.0
2011-10-25,34.08,34.33,33.62,33.88,3826100,1.0,0.0
2011-10-26,34.33,34.83,34.022,34.68,5349800,1.0,0.0
2011-10-27,35.1,35.52,33.63,34.07,8782700,1.0,0.0
2011-10-28,33.93,34.16,33.3402,33.72,4475600,1.0,0.0
2011-10-31,33.34,33.55,32.9,32.93,5593100,1.0,0.0
2011-11-01,32.42,32.46,31.27,31.37,9175700,1.0,0.0
2011-11-02,31.95,31.95,31.11,31.36,6869100,1.0,0.0
2011-11-03,31.7,31.86,31.13,31.82,6668900,1.0,0.0
2011-11-04,31.55,31.605,31.13,31.5,5111400,1.0,0.0
2011-11-07,31.4,31.68,31.1199,31.65,3275300,1.0,0.0
2011-11-08,31.68,31.69,31.05,31.67,4042300,1.0,0.0
2011-11-09,31.12,31.46,30.91,30.99,4203600,1.0,0.0
2011-11-10,31.4,31.54,30.99,31.16,3072100,1.0,0.0
2011-11-11,31.38,31.93,31.37,31.84,2200500,1.0,0.0
2011-11-14,31.65,31.72,31.04,31.16,2583100,1.0,0.0
2011-11-15,31.09,31.36,30.91,31.18,2961500,1.0,0.0
2011-11-16,30.99,31.55,30.92,31.14,2818700,1.0,0.0
2011-11-17,31.13,31.1399,30.6,30.87,7178200,1.0,0.0
2011-11-18,31.11,31.31,30.78,30.97,11678800,1.0,0.0
2011-11-21,30.74,30.74,29.77,29.83,16226700,1.0,0.0
2011-11-22,29.93,30.79,29.81,30.54,7882200,1.0,0.0
2011-11-23,30.39,30.77,30.15,30.25,6236800,1.0,0.0
2011-11-25,30.26,30.68,30.2,30.31,3505900,1.0,0.0
2011-11-28,30.47,30.72,30.16,30.41,6303400,1.0,0.34
2011-11-29,30.54,30.59,30.38,30.42,2798900,1.0,0.0
2011-11-30,30.95,31.32,30.93,31.3,5000700,1.0,0.0
2011-12-01,31.29,31.5,31.19,31.24,2856200,1.0,0.0
2011-12-02,31.51,31.67,31.1,31.23,3842200,1.0,0.0
2011-12-05,31.58,31.67,31.38,31.53,4080400,1.0,0.0
2011-12-06,31.59,31.74,31.46,31.61,2179100,1.0,0.0
2011-12-07,31.53,31.61,31.17,31.49,2053100,1.0,0.0
2011-12-08,31.17,31.28,30.51,30.57,4182400,1.0,0.0
2011-12-09,30.91,31.85,30.86,31.66,3867200,1.0,0.0
2011-12-12,31.45,31.85,31.2699,31.71,3643800,1.0,0.0
2011-12-13,31.89,32.27,31.11,31.25,3922700,1.0,0.0
2011-12-14,31.26,31.846,31.2,31.62,4121900,1.0,0.0
2011-12-15,32.02,32.03,30.89,30.89,5557400,1.0,0.0
2011-12-16,30.98,31.21,30.81,31.0,6489400,1.0,0.0
2011-12-19,31.26,31.5,31.01,31.05,2730300,1.0,0.0
2011-12-20,31.51,31.9,31.45,31.84,2807600,1.0,0.0
2011-12-21,31.91,32.1,31.67,32.06,2358900,1.0,0.0
2011-12-22,32.19,32.8,32.17,32.39,2759400,1.0,0.0
2011-12-23,32.5,32.9,32.34,32.73,2387500,1.0,0.0
2011-12-27,32.74,33.0,32.63,32.85,1765000,1.0,0.0
2011-12-28,32.92,32.98,32.27,32.41,2107400,1.0,0.0
2011-12-29,32.5,32.85,32.45,32.78,1830700,1.0,0.0
2011-12-30,32.84,32.87,32.5501,32.71,1873000,1.0,0.0
2012-01-03,33.11,33.45,32.68,32.84,3104500,1.0,0.0
2012-01-04,32.85,32.88,32.33,32.35,2919200,1.0,0.0
2012-01-05,32.3,32.7,32.11,32.61,3736000,1.0,0.0
2012-01-06,32.63,33.14,32.49,32.99,3160700,1.0,0.0
2012-01-09,33.11,33.13,32.82,32.94,2063600,1.0,0.0
2012-01-10,33.19,33.66,33.09,33.42,2582400,1.0,0.0
2012-01-11,32.66,33.33,32.63,33.33,2879200,1.0,0.0
2012-01-12,33.35,33.84,33.3,33.83,2904800,1.0,0.0
2012-01-13,33.62,33.78,33.24,33.4,2033100,1.0,0.0
2012-01-17,33.79,33.99,33.41,33.5,2500500,1.0,0.0
2012-01-18,33.45,33.75,33.4,33.68,3105800,1.0,0.0
2012-01-19,33.81,33.855,33.46,33.85,1955300,1.0,0.0
2012-01-20,33.89,34.0,33.73,33.95,2483600,1.0,0.0
2012-01-23,33.99,34.37,33.93,34.31,2571600,1.0,0.0
2012-01-24,34.15,34.395,34.0516,34.33,1629300,1.0,0.0
2012-01-25,34.32,34.69,34.0,34.61,2105500,1.0,0.0
2012-01-26,34.83,35.0,34.64,34.73,2511300,1.0,0.0
2012-01-27,34.7,34.9,34.46,34.81,1983200,1.0,0.0
2012-01-30,34.62,34.795,34.34,34.76,1918100,1.0,0.0
2012-01-31,34.89,34.98,34.47,34.76,2138800,1.0,0.0
2012-02-01,34.9,35.19,34.81,34.99,2567700,1.0,0.0
2012-02-02,34.99,35.25,34.76,34.99,2110400,1.0,0.0
2012-02-03,35.29,35.5,35.23,35.37,2093700,1.0,0.0
2012-02-06,35.3,35.53,35.11,35.37,2489700,1.0,0.0
2012-02-07,35.25,35.37,35.12,35.33,2298800,1.0,0.0
2012-02-08,35.32,35.4,35.17,35.31,2501600,1.0,0.0
2012-02-09,35.42,35.435,35.04,35.18,2241700,1.0,0.0
2012-02-10,34.96,35.24,34.78,35.21,2863700,1.0,0.0
2012-02-13,35.37,35.64,35.23,35.59,2400800,1.0,0.0
2012-02-14,35.5,35.58,35.21,35.44,2427900,1.0,0.0
2012-02-15,35.47,35.59,34.92,35.02,3503600,1.0,0.0
2012-02-16,34.29,34.71,34.17,34.42,5156900,1.0,0.0
2012-02-17,34.6,34.82,34.46,34.61,3187900,1.0,0.0
2012-02-21,34.75,35.29,34.702,35.1,3021200,1.0,0.0
2012-02-22,35.17,35.25,34.75,35.03,3129700,1.0,0.0
2012-02-23,35.12,35.525,35.07,35.47,2106600,1.0,0.0
2012-02-24,35.56,35.76,35.09,35.64,1862000,1.0,0.0
2012-02-27,35.46,35.48,35.29,35.38,3726400,1.0,0.0
2012-02-28,35.36,35.38,35.01,35.2,2445600,1.0,0.0
2012-02-29,35.15,35.18,34.89,34.98,3312300,1.0,0.0
2012-03-01,35.09,35.4,34.94,35.15,2305300,1.0,0.0
2012-03-02,35.17,35.2699,34.8,34.89,1657600,1.0,0.0
2012-03-05,34.89,35.15,34.8,35.1,2008800,1.0,0.0
2012-03-06,34.86,35.01,34.63,34.72,2468000,1.0,0.0
2012-03-07,34.44,34.56,34.21,34.45,2044800,1.0,0.355
2012-03-08,34.66,34.94,34.61,34.82,1350100,1.0,0.0
2012-03-09,34.82,35.1,34.77,34.9,2197900,1.0,0.0
2012-03-12,34.95,35.18,34.75,34.9,1471600,1.0,0.0
2012-03-13,35.07,35.07,34.625,35.02,3489000,1.0,0.0
2012-03-14,35.0,35.04,34.52,34.82,2764100,1.0,0.0
2012-03-15,34.82,34.9,34.54,34.65,3478800,1.0,0.0
2012-03-16,34.61,34.95,34.54,34.84,3758000,1.0,0.0
2012-03-19,34.9,34.966,34.67,34.79,2707100,1.0,0.0
2012-03-20,34.7,34.828,34.52,34.81,1523400,1.0,0.0
2012-03-21,34.76,35.14,34.7,35.06,2890500,1.0,0.0
2012-03-22,34.86,35.01,34.62,34.94,1940700,1.0,0.0
2012-03-23,35.0,35.0,34.7,34.95,1755100,1.0,0.0
2012-03-26,35.15,35.41,35.05,35.41,2338100,1.0,0.0
2012-03-27,35.42,35.48,35.25,35.32,1685200,1.0,0.0
2012-03-28,35.25,35.41,34.93,34.99,2012600,1.0,0.0
2012-03-29,34.84,34.93,34.6,34.91,1713200,1.0,0.0
2012-03-30,35.0,35.12,34.8,34.96,1921100,1.0,0.0
2012-04-02,34.85,35.35,34.8,35.19,1728800,1.0,0.0
2012-04-03,35.17,35.18,34.88,34.94,2127300,1.0,0.0
2012-04-04,34.73,35.06,34.62,35.06,2693600,1.0,0.0
2012-04-05,34.93,35.17,34.84,35.11,1939800,1.0,0.0
2012-04-09,34.88,35.0995,34.76,34.95,2041400,1.0,0.0
2012-04-10,34.85,34.99,34.49,34.49,2291400,1.0,0.0
2012-04-11,34.83,35.0,34.695,34.89,1700700,1.0,0.0
2012-04-12,34.89,35.5,34.89,35.39,1972400,1.0,0.0
2012-04-13,35.28,35.34,35.1,35.14,3318600,1.0,0.0
2012-04-16,35.19,35.39,35.12,35.35,4248400,1.0,0.0
2012-04-17,35.48,35.73,35.29,35.68,1865100,1.0,0.0
2012-04-18,35.69,35.99,35.68,35.89,2114800,1.0,0.0
2012-04-19,35.85,36.16,35.58,35.74,2623400,1.0,0.0
2012-04-20,35.81,36.35,35.81,35.96,3555700,1.0,0.0
2012-04-23,35.85,35.9,35.57,35.87,2165100,1.0,0.0
2012-04-24,35.92,36.25,35.87,35.98,2621600,1.0,0.0
2012-04-25,36.15,36.335,35.955,36.08,2673900,1.0,0.0
2012-04-26,35.55,35.81,34.98,35.29,4858000,1.0,0.0
2012-04-27,35.23,35.25,33.915,34.25,10798800,1.0,0.0
2012-04-30,34.2,34.46,34.15,34.2,4640800,1.0,0.0
2012-05-01,34.2,34.62,34.09,34.54,2928500,1.0,0.0
2012-05-02,34.39,34.49,34.23,34.46,2343800,1.0,0.0
2012-05-03,34.4,34.56,34.08,34.27,2154500,1.0,0.0
2012-05-04,34.13,34.29,33.93,33.97,2160700,1.0,0.0
2012-05-07,33.93,34.27,33.9,34.01,2775100,1.0,0.0
2012-05-08,33.88,34.05,33.78,33.98,3464800,1.0,0.0
2012-05-09,33.75,34.07,33.65,33.79,2609300,1.0,0.0
2012-05-10,33.86,34.05,33.73,33.83,2013100,1.0,0.0
2012-05-11,33.73,33.82,33.455,33.48,3571000,1.0,0.0
2012-05-14,33.27,33.31,32.46,32.62,5601400,1.0,0.0
2012-05-15,32.67,32.98,32.57,32.66,2918200,1.0,0.0
2012-05-16,32.91,32.94,32.67,32.69,1857400,1.0,0.0
2012-05-17,32.67,32.81,32.25,32.38,2983500,1.0,0.0
2012-05-18,32.46,32.65,32.16,32.3,2634900,1.0,0.0
2012-05-21,32.34,32.67,32.31,32.65,1699000,1.0,0.0
2012-05-22,32.73,33.0,32.55,32.85,2181800,1.0,0.0
2012-05-23,32.68,33.21,32.62,33.15,3665200,1.0,0.0
2012-05-24,33.2,33.3487,32.85,33.09,10155500,1.0,0.0
2012-05-25,33.13,33.32,32.93,32.96,8543400,1.0,0.0
2012-05-29,33.0,33.1,32.85,32.95,11503300,1.0,0.0
2012-05-30,32.81,32.85,32.56,32.63,2740900,1.0,0.0
2012-05-31,32.64,32.6701,32.33,32.44,3143900,1.0,0.0
2012-06-01,32.2,32.34,32.13,32.16,3656400,1.0,0.0
2012-06-04,32.27,32.33,31.95,32.15,2960700,1.0,0.0
2012-06-05,32.12,32.28,32.08,32.2,4861100,1.0,0.0
2012-06-06,32.15,32.37,32.01,32.3,6223600,1.0,0.355
2012-06-07,32.58,32.88,32.375,32.4,3951300,1.0,0.0
2012-06-08,32.31,32.55,32.28,32.48,2295500,1.0,0.0
2012-06-11,32.68,32.68,32.22,32.22,1612500,1.0,0.0
2012-06-12,32.23,32.42,32.06,32.39,2894200,1.0,0.0
2012-06-13,32.34,32.49,32.2,32.4,2833500,1.0,0.0
2012-06-14,32.49,32.58,32.28,32.36,3026400,1.0,0.0
2012-06-15,32.48,32.55,32.3,32.5,3087100,1.0,0.0
2012-06-18,32.49,32.6,32.36,32.5,1968600,1.0,0.0
2012-06-19,32.65,33.0,32.62,32.69,2391000,1.0,0.0
2012-06-20,32.77,32.8,32.51,32.7,2523000,1.0,0.0
2012-06-21,32.79,33.0,32.42,32.42,3898700,1.0,0.0
2012-06-22,32.64,32.67,32.28,32.37,2554800,1.0,0.0
2012-06-25,32.21,32.42,31.93,32.16,4460700,1.0,0.0
2012-06-26,32.26,32.39,32.1,32.17,4077200,1.0,0.0
2012-06-27,32.16,32.55,32.16,32.41,4274500,1.0,0.0
2012-06-28,32.15,32.56,32.06,32.55,4015000,1.0,0.0
2012-06-29,32.96,33.41,32.9,33.4,4885100,1.0,0.0
2012-07-02,33.55,33.55,33.03,33.27,3770200,1.0,0.0
2012-07-03,33.26,33.53,33.17,33.45,1559000,1.0,0.0
2012-07-05,33.28,33.44,33.19,33.27,2741900,1.0,0.0
2012-07-06,33.04,33.17,32.95,33.0,2645900,1.0,0.0
2012-07-09,32.96,33.16,32.85,33.04,5439700,1.0,0.0
2012-07-10,33.09,33.33,32.925,33.07,5890700,1.0,0.0
2012-07-11,32.69,32.75,31.07,31.59,16986800,1.0,0.0
2012-07-12,31.42,32.09,31.36,31.89,7152300,1.0,0.0
2012-07-13,31.84,32.39,31.83,32.37,5854700,1.0,0.0
2012-07-16,32.32,32.475,32.1,32.47,4615100,1.0,0.0
2012-07-17,32.45,32.79,32.27,32.79,3868400,1.0,0.0
2012-07-18,32.68,33.3,32.61,33.22,4659000,1.0,0.0
2012-07-19,33.2,33.4,32.84,33.33,3082300,1.0,0.0
2012-07-20,33.2,33.37,32.91,32.95,4583100,1.0,0.0
2012-07-23,32.63,32.97,32.3,32.92,6116300,1.0,0.0
2012-07-24,32.87,32.9,32.34,32.53,6767800,1.0,0.0
2012-07-25,32.6,32.65,32.16,32.44,6082900,1.0,0.0
2012-07-26,32.34,33.27,32.01,33.1,9325800,1.0,0.0
2012-07-27,33.32,34.5,33.17,34.15,7137200,1.0,0.0
2012-07-30,34.16,34.64,34.1,34.58,3436200,1.0,0.0
2012-07-31,34.59,34.65,34.35,34.4,2893200,1.0,0.0
2012-08-01,34.5,34.53,34.04,34.22,4540000,1.0,0.0
2012-08-02,34.03,34.46,33.97,34.26,3914900,1.0,0.0
2012-08-03,34.61,34.97,34.58,34.77,2676200,1.0,0.0
2012-08-06,34.94,35.06,34.85,34.9,2141300,1.0,0.0
2012-08-07,35.0,35.09,34.8,34.96,1910100,1.0,0.0
2012-08-08,34.76,34.93,34.55,34.89,1708800,1.0,0.0
2012-08-09,34.88,35.0,34.75,34.9,1413400,1.0,0.0
2012-08-10,34.83,35.08,34.66,35.05,1362800,1.0,0.0
2012-08-13,35.0,35.05,34.88,35.01,1463800,1.0,0.0
2012-08-14,35.14,35.22,35.0,35.21,1898600,1.0,0.0
2012-08-15,35.12,35.41,35.065,35.33,2020400,1.0,0.0
2012-08-16,35.28,35.7,35.15,35.68,1997500,1.0,0.0
2012-08-17,35.65,35.66,35.43,35.66,2009200,1.0,0.0
2012-08-20,34.93,34.99,33.88,34.6,7905200,1.0,0.0
2012-08-21,34.5,34.8,34.44,34.48,4085600,1.0,0.0
2012-08-22,34.39,34.6,34.31,34.4,2507100,1.0,0.0
2012-08-23,34.37,34.48,34.25,34.34,2939500,1.0,0.0
2012-08-24,34.22,34.5386,34.1611,34.28,2307800,1.0,0.0
2012-08-27,34.29,34.4,34.025,34.09,2395900,1.0,0.0
2012-08-28,34.05,34.38,34.01,34.23,2342200,1.0,0.0
2012-08-29,34.19,34.76,34.19,34.65,3672900,1.0,0.0
2012-08-30,34.45,34.65,34.35,34.53,2360300,1.0,0.0
2012-08-31,34.61,34.8,34.46,34.58,9377900,1.0,0.0
2012-09-04,34.73,34.88,34.45,34.76,11117200,1.0,0.0
2012-09-05,34.36,34.36,33.87,34.0,3046700,1.0,0.355
2012-09-06,34.25,34.45,34.11,34.44,2818500,1.0,0.0
2012-09-07,34.49,34.55,34.33,34.5,2237500,1.0,0.0
2012-09-10,34.34,34.45,34.09,34.27,1822200,1.0,0.0
2012-09-11,34.32,34.36,34.09,34.15,2215600,1.0,0.0
2012-09-12,34.24,34.33,33.97,33.99,2346600,1.0,0.0
2012-09-13,34.0,34.19,33.72,34.07,3388200,1.0,0.0
2012-09-14,34.13,34.2,33.88,33.96,3563400,1.0,0.0
2012-09-17,34.0,34.24,33.88,33.94,4789800,1.0,0.0
2012-09-18,33.94,34.09,33.86,33.94,3174300,1.0,0.0
2012-09-19,33.38,33.55,32.65,32.69,7621400,1.0,0.0
2012-09-20,32.62,32.66,32.41,32.55,4620000,1.0,0.0
2012-09-21,32.63,32.63,32.38,32.48,6819200,1.0,0.0
2012-09-24,32.45,32.55,32.2901,32.35,2946800,1.0,0.0
2012-09-25,32.47,32.5599,32.08,32.08,4913200,1.0,0.0
2012-09-26,32.14,32.39,31.86,31.86,3638600,1.0,0.0
2012-09-27,31.9,32.18,31.89,32.02,3998500,1.0,0.0
2012-09-28,31.93,32.15,31.87,32.08,3718100,1.0,0.0
2012-10-01,32.07,32.12,31.55,31.63,4664600,1.0,0.0
2012-10-02,31.65,31.71,31.54,31.67,3133100,1.0,0.0
2012-10-03,31.66,31.8,31.53,31.68,2702800,1.0,0.0
2012-10-04,31.72,32.1,31.52,32.01,3943900,1.0,0.0
2012-10-05,32.23,32.29,31.97,32.05,2745100,1.0,0.0
2012-10-08,31.95,32.23,31.91,32.09,2370400,1.0,0.0
2012-10-09,32.08,32.225,31.89,31.89,2643300,1.0,0.0
2012-10-10,31.83,32.14,31.8,32.0,3069900,1.0,0.0
2012-10-11,32.1,32.16,31.96,32.11,2038400,1.0,0.0
2012-10-12,32.18,32.25,32.01,32.09,2884200,1.0,0.0
2012-10-15,32.07,32.32,31.99,32.32,2045600,1.0,0.0
2012-10-16,32.41,32.56,32.3475,32.47,2836000,1.0,0.0
2012-10-17,32.48,32.84,32.4,32.75,2504400,1.0,0.0
2012-10-18,32.73,33.03,32.7,32.98,2156000,1.0,0.0
2012-10-19,32.87,32.99,32.4399,32.53,2950900,1.0,0.0
2012-10-22,32.45,32.68,32.4,32.58,1619000,1.0,0.0
2012-10-23,32.36,32.41,32.12,32.3,1804000,1.0,0.0
2012-10-24,32.4,32.45,32.1,32.16,1937400,1.0,0.0
2012-10-25,32.38,32.75,32.3,32.69,2085600,1.0,0.0
2012-10-26,32.63,32.71,32.4867,32.54,1637900,1.0,0.0
2012-10-31,32.9,33.405,32.72,32.74,3641900,1.0,0.0
2012-11-01,32.8,33.25,32.75,33.0,2589300,1.0,0.0
2012-11-02,33.13,33.13,32.125,32.17,4071900,1.0,0.0
2012-11-05,32.09,32.46,31.8,32.28,2838500,1.0,0.0
2012-11-06,32.35,32.5099,32.15,32.23,3277500,1.0,0.0
2012-11-07,32.03,32.16,31.91,31.92,3621700,1.0,0.0
2012-11-08,31.92,32.05,31.65,31.65,3154100,1.0,0.0
2012-11-09,31.64,32.0,31.64,31.82,2324600,1.0,0.0
2012-11-12,31.84,31.89,31.72,31.81,1532900,1.0,0.0
2012-11-13,31.7,31.87,31.54,31.55,2419400,1.0,0.0
2012-11-14,31.55,31.66,31.05,31.08,3093600,1.0,0.0
2012-11-15,31.06,31.23,30.82,30.96,2303000,1.0,0.0
2012-11-16,30.93,31.43,30.92,31.43,4824700,1.0,0.0
2012-11-19,31.67,31.75,31.43,31.62,2360300,1.0,0.0
2012-11-20,31.6,31.83,31.465,31.82,2021300,1.0,0.0
2012-11-21,31.85,32.18,31.7,32.11,2556700,1.0,0.0
2012-11-23,32.14,32.36,32.08,32.36,1285800,1.0,0.0
2012-11-26,31.97,32.12,31.92,32.04,2733300,1.0,0.355
2012-11-27,32.0,32.12,31.89,31.91,1831900,1.0,0.0
2012-11-28,31.81,32.37,31.7933,32.37,2447800,1.0,0.0
2012-11-29,32.5,32.59,32.3001,32.56,1967300,1.0,0.0
2012-11-30,32.55,32.66,32.37,32.57,2165200,1.0,0.0
2012-12-03,32.68,32.69,32.3347,32.52,1780600,1.0,0.0
2012-12-04,32.5,32.76,32.48,32.63,2139500,1.0,0.0
2012-12-05,33.17,33.7,33.09,33.52,5020600,1.0,0.0
2012-12-06,33.59,33.77,33.35,33.68,3542200,1.0,0.0
2012-12-07,33.79,34.14,33.639,34.12,3395100,1.0,0.0
2012-12-10,34.0,34.34,34.0,34.33,3715600,1.0,0.0
2012-12-11,34.37,34.45,33.95,34.0,6199100,1.0,0.0
2012-12-12,34.07,34.11,33.27,33.5,6429600,1.0,0.0
2012-12-13,33.56,33.84,33.48,33.64,5716600,1.0,0.0
2012-12-14,33.64,33.67,33.44,33.57,2682400,1.0,0.0
2012-12-17,33.6,33.78,33.57,33.74,2428600,1.0,0.0
2012-12-18,33.71,33.91,33.57,33.91,4941400,1.0,0.0
2012-12-19,33.9,34.05,33.59,33.8,4733000,1.0,0.0
2012-12-20,33.83,34.01,33.65,34.01,2936600,1.0,0.0
2012-12-21,33.71,34.06,33.66,33.85,4684000,1.0,0.0
2012-12-24,33.76,33.93,33.6,33.84,1454700,1.0,0.0
2012-12-26,33.89,34.01,33.66,33.73,2752900,1.0,0.0
2012-12-27,33.72,33.83,33.53,33.71,2994100,1.0,0.0
2012-12-28,33.58,33.695,33.4,33.46,3060300,1.0,0.0
2012-12-31,33.36,33.74,33.2,33.74,3415500,1.0,0.0
2013-01-02,34.13,34.13,33.7,33.97,4247900,1.0,0.0
2013-01-03,34.0,34.33,33.75,34.09,2467300,1.0,0.0
2013-01-04,34.19,34.21,33.85,34.08,3656800,1.0,0.0
2013-01-07,33.97,34.12,33.85,33.97,2887200,1.0,0.0
2013-01-08,33.97,34.06,33.8401,34.04,2356100,1.0,0.0
2013-01-09,34.12,34.75,34.0,34.57,3577800,1.0,0.0
2013-01-10,34.63,34.89,34.495,34.86,2983200,1.0,0.0
2013-01-11,34.85,34.89,34.65,34.81,1510800,1.0,0.0
2013-01-14,34.83,34.99,34.72,34.86,1611500,1.0,0.0
2013-01-15,34.8,34.9299,34.69,34.91,1800400,1.0,0.0
2013-01-16,34.88,34.99,34.68,34.97,2251300,1.0,0.0
2013-01-17,35.0,35.35,34.97,35.27,2256800,1.0,0.0
2013-01-18,35.38,35.39,34.9296,35.25,4898200,1.0,0.0
2013-01-22,35.28,35.75,35.27,35.75,2062400,1.0,0.0
2013-01-23,35.66,35.75,35.26,35.5,2753400,1.0,0.0
2013-01-24,35.48,35.61,35.42,35.52,2711600,1.0,0.0
2013-01-25,35.52,35.715,35.365,35.69,2430200,1.0,0.0
2013-01-28,35.97,37.98,35.74,36.46,13811200,1.0,0.0
2013-01-29,36.47,36.69,36.29,36.31,3215800,1.0,0.0
2013-01-30,36.37,36.425,35.9,36.05,3684800,1.0,0.0
2013-01-31,36.14,36.43,35.95,36.38,3742100,1.0,0.0
2013-02-01,36.55,36.55,36.175,36.3,2624900,1.0,0.0
2013-02-04,36.1399,36.3,35.89,35.92,1888900,1.0,0.0
2013-02-05,36.09,36.28,35.85,35.97,2784500,1.0,0.0
2013-02-06,35.84,36.13,35.6,36.1,3093700,1.0,0.0
2013-02-07,36.1,36.83,36.06,36.55,4971500,1.0,0.0
2013-02-08,36.21,36.3355,35.81,36.3,3671500,1.0,0.0
2013-02-11,36.31,36.49,36.29,36.31,1670500,1.0,0.0
2013-02-12,36.3,36.49,36.2,36.46,1525600,1.0,0.0
2013-02-13,36.52,36.82,36.4428,36.64,3344000,1.0,0.0
2013-02-14,35.99,37.44,35.5,37.14,6154700,1.0,0.0
2013-02-15,37.11,37.16,36.51,36.69,3600800,1.0,0.0
2013-02-19,36.8,36.8,36.43,36.62,2601100,1.0,0.0
2013-02-20,36.53,36.72,36.5,36.53,2040500,1.0,0.0
2013-02-21,36.48,36.58,36.23,36.42,2075300,1.0,0.0
2013-02-22,36.5,36.7,36.429,36.61,2150200,1.0,0.0
2013-02-25,36.7,36.74,36.34,36.34,3595900,1.0,0.0
2013-02-26,36.48,36.69,36.37,36.6,1809100,1.0,0.0
2013-02-27,36.52,37.11,36.505,37.05,2149500,1.0,0.0
2013-02-28,37.06,37.5,36.89,37.32,3904500,1.0,0.0
2013-03-01,37.18,37.23,36.7,36.9,2160200,1.0,0.0
2013-03-04,36.92,37.3,36.77,37.2,2368500,1.0,0.0
2013-03-05,37.32,37.63,37.2855,37.5,2226700,1.0,0.0
2013-03-06,37.6,37.64,37.16,37.23,1888000,1.0,0.0
2013-03-07,36.86,37.06,36.59,36.75,2398000,1.0,0.365
2013-03-08,36.93,37.04,36.72,36.92,2152300,1.0,0.0
2013-03-11,36.92,37.13,36.77,37.0,2531000,1.0,0.0
2013-03-12,37.03,37.31,36.85,36.96,1576200,1.0,0.0
2013-03-13,37.02,37.33,36.9899,37.26,1585900,1.0,0.0
2013-03-14,37.28,37.43,37.1,37.23,2185600,1.0,0.0
2013-03-15,37.08,37.55,37.01,37.52,2753800,1.0,0.0
2013-03-18,37.25,37.55,37.235,37.48,1557000,1.0,0.0
2013-03-19,37.57,37.63,37.23,37.42,2114900,1.0,0.0
2013-03-20,37.53,37.94,37.4,37.93,2894600,1.0,0.0
2013-03-21,37.75,37.97,37.71,37.88,2291100,1.0,0.0
2013-03-22,37.95,38.38,37.89,38.37,2229100,1.0,0.0
2013-03-25,38.38,38.44,38.095,38.38,2823500,1.0,0.0
2013-03-26,38.59,38.74,38.47,38.64,1908200,1.0,0.0
2013-03-27,38.49,38.775,38.32,38.62,2283600,1.0,0.0
2013-03-28,38.64,39.27,38.55,39.21,4283300,1.0,0.0
2013-04-01,39.05,39.18,38.44,38.64,2287800,1.0,0.0
2013-04-02,38.78,39.12,38.67,38.78,2480200,1.0,0.0
2013-04-03,38.88,39.11,38.55,38.64,613676,1.0,0.0
2013-04-04,38.68,38.99,38.65,38.85,491253,1.0,0.0
2013-04-05,38.57,38.61,38.34,38.51,2261900,1.0,0.0
2013-04-08,38.51,38.75,38.37,38.75,1683100,1.0,0.0
2013-04-09,38.8,39.155,38.7,38.89,1809600,1.0,0.0
2013-04-10,39.0,39.49,38.98,39.36,1923600,1.0,0.0
2013-04-11,39.32,39.44,39.02,39.3,2726800,1.0,0.0
2013-04-12,38.95,39.34,38.95,39.21,1937900,1.0,0.0
2013-04-15,39.02,39.165,38.3105,38.43,2328000,1.0,0.0
2013-04-16,38.59,39.1,38.51,39.05,1992100,1.0,0.0
2013-04-17,38.85,38.93,38.19,38.4,2044500,1.0,0.0
2013-04-18,38.49,38.5,37.965,38.14,2287500,1.0,0.0
2013-04-19,38.27,38.81,38.22,38.7,1991400,1.0,0.0
2013-04-22,38.77,38.87,38.4,38.53,1779900,1.0,0.0
2013-04-23,38.71,38.949,38.33,38.7,2312100,1.0,0.0
2013-04-24,38.83,39.885,38.78,39.55,3144800,1.0,0.0
2013-04-25,39.95,40.98,39.9001,40.02,4440900,1.0,0.0
2013-04-26,40.1,40.45,39.961,40.19,2104600,1.0,0.0
2013-04-29,40.23,40.61,40.12,40.47,2567300,1.0,0.0
2013-04-30,40.38,41.0,40.1,40.98,3565800,1.0,0.0
2013-05-01,40.81,41.18,40.55,40.55,2377800,1.0,0.0
2013-05-02,40.64,40.85,40.461,40.8,2391200,1.0,0.0
2013-05-03,41.05,41.23,40.97,41.12,2966600,1.0,0.0
2013-05-06,41.04,41.23,41.0,41.09,1167500,1.0,0.0
2013-05-07,41.22,41.48,41.15,41.42,1519500,1.0,0.0
2013-05-08,41.39,41.53,41.14,41.53,1460100,1.0,0.0
2013-05-09,41.47,41.55,41.055,41.3,1670000,1.0,0.0
2013-05-10,41.27,41.41,41.06,41.21,1097100,1.0,0.0
2013-05-13,41.16,41.18,40.93,41.03,1033300,1.0,0.0
2013-05-14,41.09,41.5,41.04,41.5,1416500,1.0,0.0
2013-05-15,41.4,42.05,41.21,41.98,1735500,1.0,0.0
2013-05-16,41.83,42.12,41.8,41.99,1147400,1.0,0.0
2013-05-17,42.04,42.41,42.01,42.39,1892900,1.0,0.0
2013-05-20,42.39,42.68,42.33,42.59,1844400,1.0,0.0
2013-05-21,42.62,42.94,42.59,42.75,1659200,1.0,0.0
2013-05-22,42.7,43.0,42.145,42.32,1955900,1.0,0.0
2013-05-23,41.79,42.5,41.79,42.3,1519500,1.0,0.0
2013-05-24,42.09,42.44,42.05,42.38,1216400,1.0,0.0
2013-05-28,42.63,42.8,42.2,42.45,2102100,1.0,0.0
2013-05-29,42.3,42.32,41.64,41.9,2034800,1.0,0.0
2013-05-30,41.95,42.34,41.92,42.15,1238800,1.0,0.0
2013-05-31,42.02,42.4,41.93,41.93,2529700,1.0,0.0
2013-06-03,42.0,42.0,41.4027,41.62,2471500,1.0,0.0
2013-06-04,41.53,41.93,41.53,41.77,2935700,1.0,0.0
2013-06-05,41.47,41.47,40.73,40.98,2344800,1.0,0.365
2013-06-06,40.9,41.09,40.04,40.59,2935600,1.0,0.0
2013-06-07,39.7,40.52,38.82,40.47,5462600,1.0,0.0
2013-06-10,40.61,40.75,40.37,40.45,2574000,1.0,0.0
2013-06-11,40.25,40.5946,40.12,40.26,1639800,1.0,0.0
2013-06-12,40.48,40.48,40.1001,40.14,1642400,1.0,0.0
2013-06-13,39.68,40.0,39.59,39.84,3272700,1.0,0.0
2013-06-14,39.75,39.94,39.64,39.68,2317600,1.0,0.0
2013-06-17,39.92,40.62,39.74,40.45,2408100,1.0,0.0
2013-06-18,40.54,40.93,40.4,40.85,1237100,1.0,0.0
2013-06-19,40.84,40.85,40.16,40.17,1646500,1.0,0.0
2013-06-20,39.95,39.95,39.47,39.54,2009000,1.0,0.0
2013-06-21,39.83,40.03,39.45,39.86,2891400,1.0,0.0
2013-06-24,39.45,39.57,39.03,39.04,2439500,1.0,0.0
2013-06-25,39.32,39.54,38.811,39.11,2852400,1.0,0.0
2013-06-26,39.41,40.09,39.36,40.06,2528600,1.0,0.0
2013-06-27,40.23,40.4,40.03,40.21,1540400,1.0,0.0
2013-06-28,40.14,40.51,39.72,40.33,2424200,1.0,0.0
2013-07-01,40.4,40.99,40.34,40.68,1503000,1.0,0.0
2013-07-02,40.56,40.98,40.25,40.4,1258600,1.0,0.0
2013-07-03,40.25,40.3,39.9301,40.18,748200,1.0,0.0
2013-07-05,40.29,40.78,40.075,40.75,1213600,1.0,0.0
2013-07-08,40.79,41.05,40.42,40.68,2309800,1.0,0.0
2013-07-09,40.78,41.38,40.75,41.24,1785600,1.0,0.0
2013-07-10,41.22,41.74,41.22,41.4,2134400,1.0,0.0
2013-07-11,41.83,42.0,41.66,41.98,1147200,1.0,0.0
2013-07-12,42.0,42.19,41.83,42.07,1192500,1.0,0.0
2013-07-15,42.03,42.22,41.97,42.07,1107800,1.0,0.0
2013-07-16,42.05,42.2,41.706,41.86,1073600,1.0,0.0
2013-07-17,42.0,42.12,41.73,41.88,851300,1.0,0.0
2013-07-18,42.1,42.49,42.07,42.32,1512600,1.0,0.0
2013-07-19,42.42,42.4299,42.07,42.39,1196700,1.0,0.0
2013-07-22,42.43,42.61,42.26,42.36,925100,1.0,0.0
2013-07-23,42.36,42.43,42.105,42.43,1182600,1.0,0.0
2013-07-24,42.45,42.83,42.23,42.31,1449500,1.0,0.0
2013-07-25,42.13,42.41,42.01,42.35,1079700,1.0,0.0
2013-07-26,42.08,42.204,41.75,42.05,1504100,1.0,0.0
2013-07-29,42.04,42.099,41.77,41.85,1237500,1.0,0.0
2013-07-30,41.85,42.23,41.59,41.72,1606600,1.0,0.0
2013-07-31,41.88,42.3074,41.79,42.03,1979800,1.0,0.0
2013-08-01,42.24,42.67,42.18,42.54,1490600,1.0,0.0
2013-08-02,42.54,42.72,42.24,42.6,1409700,1.0,0.0
2013-08-05,42.45,42.76,42.41,42.74,1445000,1.0,0.0
2013-08-06,42.66,42.77,42.53,42.64,1323400,1.0,0.0
2013-08-07,42.58,42.825,42.19,42.8,1697500,1.0,0.0
2013-08-08,42.85,43.23,42.76,43.09,1234100,1.0,0.0
2013-08-09,43.12,43.2199,42.8,43.2,1280800,1.0,0.0
2013-08-12,43.18,43.48,43.02,43.17,1914900,1.0,0.0
2013-08-13,43.22,43.585,43.0943,43.5,1601100,1.0,0.0
2013-08-14,43.52,43.52,43.035,43.12,1701000,1.0,0.0
2013-08-15,42.45,42.45,41.65,41.85,2937800,1.0,0.0
2013-08-16,41.73,42.07,41.71,41.93,1497000,1.0,0.0
2013-08-19,41.9,41.98,41.69,41.73,1265600,1.0,0.0
2013-08-20,41.73,42.38,41.54,42.12,1663800,1.0,0.0
2013-08-21,42.03,42.04,41.5,41.58,1415700,1.0,0.0
2013-08-22,41.64,42.174,41.59,41.89,1205300,1.0,0.0
2013-08-23,42.02,42.27,41.98,42.12,1164500,1.0,0.0
2013-08-26,42.14,42.22,41.9,41.98,961300,1.0,0.0
2013-08-27,41.6,41.8,41.15,41.17,2100600,1.0,0.0
2013-08-28,41.1,41.22,40.921,41.1,1206700,1.0,0.0
2013-08-29,41.0,41.24,40.83,40.92,1172400,1.0,0.0
2013-08-30,40.91,40.92,40.31,40.44,2003100,1.0,0.0
2013-09-03,40.87,40.95,39.9,40.15,2047100,1.0,0.0
2013-09-04,39.78,40.29,39.6,40.04,2334400,1.0,0.365
2013-09-05,40.0,40.15,39.83,39.85,2314000,1.0,0.0
2013-09-06,40.03,40.1,39.6,39.92,1639900,1.0,0.0
2013-09-09,40.04,40.36,40.02,40.34,1082400,1.0,0.0
2013-09-10,40.5,40.78,40.4,40.7,1174400,1.0,0.0
2013-09-11,40.72,40.99,40.567,40.91,1225700,1.0,0.0
2013-09-12,40.98,41.18,40.84,40.87,1282800,1.0,0.0
2013-09-13,41.01,41.08,40.77,40.89,1184200,1.0,0.0
2013-09-16,41.2,41.61,41.14,41.4,1196500,1.0,0.0
2013-09-17,41.4,41.47,40.9,41.19,1447000,1.0,0.0
2013-09-18,41.17,42.24,41.1,42.22,2229800,1.0,0.0
2013-09-19,42.25,42.48,42.1401,42.27,1259400,1.0,0.0
2013-09-20,42.33,42.37,42.0,42.09,2216500,1.0,0.0
2013-09-23,42.0,42.2,41.72,41.85,1332300,1.0,0.0
2013-09-24,41.75,42.06,41.65,41.69,1450100,1.0,0.0
2013-09-25,41.55,41.69,41.325,41.37,1410500,1.0,0.0
2013-09-26,41.5,41.74,41.45,41.69,1463100,1.0,0.0
2013-09-27,41.49,41.56,41.13,41.39,1193700,1.0,0.0
2013-09-30,41.04,41.32,40.98,41.24,1309900,1.0,0.0
2013-10-01,41.24,41.62,41.11,41.58,939700,1.0,0.0
2013-10-02,41.4,41.4,40.9,41.22,1280200,1.0,0.0
2013-10-03,41.08,41.12,40.281,40.62,1419500,1.0,0.0
2013-10-04,40.63,40.9,40.5,40.8,1050300,1.0,0.0
2013-10-07,40.49,41.0,40.39,40.86,1407500,1.0,0.0
2013-10-08,40.76,40.89,40.46,40.49,1228400,1.0,0.0
2013-10-09,40.61,40.64,40.3,40.4,1277500,1.0,0.0
2013-10-10,40.84,41.23,40.66,41.23,1322900,1.0,0.0
2013-10-11,41.15,41.85,41.09,41.74,1452700,1.0,0.0
2013-10-14,41.5,41.83,41.33,41.72,798700,1.0,0.0
2013-10-15,41.53,41.83,41.4,41.43,974500,1.0,0.0
2013-10-16,41.72,41.99,41.55,41.98,1068300,1.0,0.0
2013-10-17,41.77,42.49,41.61,42.47,1768900,1.0,0.0
2013-10-18,42.55,42.59,42.34,42.45,1284200,1.0,0.0
2013-10-21,42.44,42.54,42.09,42.52,1376600,1.0,0.0
2013-10-22,42.62,43.0601,42.58,43.01,1447300,1.0,0.0
2013-10-23,42.9,43.37,42.74,43.3,1904100,1.0,0.0
2013-10-24,43.47,43.47,42.97,43.27,1644800,1.0,0.0
2013-10-25,43.19,43.68,43.02,43.65,1552600,1.0,0.0
2013-10-28,43.63,43.87,43.37,43.61,2419800,1.0,0.0
2013-10-29,43.57,44.6,43.21,43.25,4017100,1.0,0.0
2013-10-30,43.25,43.7,42.49,42.54,3818800,1.0,0.0
2013-10-31,42.5,43.65,42.5,43.54,2620900,1.0,0.0
2013-11-01,43.52,43.8299,43.4407,43.69,1830800,1.0,0.0
2013-11-04,43.75,43.84,43.56,43.62,1967600,1.0,0.0
2013-11-05,43.55,43.79,43.36,43.7,1680900,1.0,0.0
2013-11-06,43.79,43.91,43.57,43.78,2714500,1.0,0.0
2013-11-07,43.82,44.04,43.36,43.38,1908400,1.0,0.0
2013-11-08,43.45,44.16,43.4,44.16,1461400,1.0,0.0
2013-11-11,44.09,44.36,43.97,44.12,1123100,1.0,0.0
2013-11-12,43.95,44.04,43.43,43.79,1838500,1.0,0.0
2013-11-13,43.75,44.18,43.35,44.18,3453100,1.0,0.0
2013-11-14,44.15,44.95,44.14,44.79,2175800,1.0,0.0
2013-11-15,44.77,45.32,44.77,45.21,2052400,1.0,0.0
2013-11-18,45.28,45.72,45.17,45.48,1923900,1.0,0.0
2013-11-19,45.32,45.54,45.15,45.34,2928500,1.0,0.0
2013-11-20,45.46,45.73,45.265,45.41,1530100,1.0,0.0
2013-11-21,45.4,45.88,45.2,45.78,6290900,1.0,0.0
2013-11-22,45.57,46.13,45.47,46.1,7267600,1.0,0.0
2013-11-25,46.22,46.38,45.53,45.67,8638400,1.0,0.0
2013-11-26,45.66,45.8,45.62,45.72,2082800,1.0,0.0
2013-11-27,45.75,45.7975,45.36,45.64,1713800,1.0,0.0
2013-11-29,45.59,45.82,45.44,45.68,1131100,1.0,0.0
2013-12-02,45.27,45.36,44.89,44.95,3319300,1.0,0.365
2013-12-03,44.63,44.91,44.515,44.63,2221400,1.0,0.0
2013-12-04,44.5,44.79,44.31,44.56,2322900,1.0,0.0
2013-12-05,44.47,44.61,44.27,44.34,2068500,1.0,0.0
2013-12-06,44.82,45.05,44.74,44.83,1687300,1.0,0.0
2013-12-09,44.85,44.93,44.61,44.65,1716100,1.0,0.0
2013-12-10,44.68,44.77,44.46,44.55,2321200,1.0,0.0
2013-12-11,44.5,44.64,43.72,43.76,2506000,1.0,0.0
2013-12-12,43.7,44.13,43.55,43.81,2350600,1.0,0.0
2013-12-13,43.85,43.97,43.55,43.62,1997700,1.0,0.0
2013-12-16,43.68,43.919,43.6,43.73,3054000,1.0,0.0
2013-12-17,43.66,43.72,43.35,43.46,2733300,1.0,0.0
2013-12-18,43.58,44.03,42.95,43.99,3454600,1.0,0.0
2013-12-19,43.91,44.0901,43.69,43.89,2048400,1.0,0.0
2013-12-20,43.84,44.45,43.84,44.37,3735600,1.0,0.0
2013-12-23,44.46,44.79,44.45,44.73,2721900,1.0,0.0
2013-12-24,44.78,45.09,44.78,44.92,766300,1.0,0.0
2013-12-26,45.1,45.12,44.8,44.98,987000,1.0,0.0
2013-12-27,44.91,45.02,44.8,44.91,702900,1.0,0.0
2013-12-30,44.81,44.93,44.68,44.88,1019500,1.0,0.0
2013-12-31,44.91,45.0,44.75,44.87,1027000,1.0,0.0
2014-01-02,44.79,44.8,44.1,44.2,1503800,1.0,0.0
2014-01-03,44.25,44.46,44.0,44.19,1463400,1.0,0.0
2014-01-06,44.38,44.39,43.71,43.76,1907200,1.0,0.0
2014-01-07,44.04,44.18,43.84,44.08,2136700,1.0,0.0
2014-01-08,44.09,44.14,43.78,43.99,1761800,1.0,0.0
2014-01-09,44.1,44.17,43.6,43.73,1637100,1.0,0.0
2014-01-10,44.06,44.14,43.43,43.61,2015400,1.0,0.0
2014-01-13,43.34,43.47,42.9326,43.03,2471900,1.0,0.0
2014-01-14,43.09,43.425,43.05,43.3,1794200,1.0,0.0
2014-01-15,43.44,43.48,43.155,43.19,1831900,1.0,0.0
2014-01-16,43.11,43.19,42.75,42.86,2193200,1.0,0.0
2014-01-17,42.96,43.33,42.84,43.12,2450800,1.0,0.0
2014-01-21,43.41,43.45,42.75,42.91,1949300,1.0,0.0
2014-01-22,43.04,43.05,42.6775,42.75,1743800,1.0,0.0
2014-01-23,42.49,42.51,41.91,42.31,3057400,1.0,0.0
2014-01-24,42.05,42.12,41.61,41.64,3029400,1.0,0.0
2014-01-27,41.61,41.84,41.37,41.54,2464800,1.0,0.0
2014-01-28,41.63,41.78,41.23,41.44,2139800,1.0,0.0
2014-01-29,41.15,41.46,40.86,41.07,3043600,1.0,0.0
2014-01-30,41.37,41.92,41.31,41.79,1863800,1.0,0.0
2014-01-31,41.34,41.84,41.16,41.78,2745500,1.0,0.0
2014-02-03,41.72,41.86,40.89,41.0,3098500,1.0,0.0
2014-02-04,41.15,41.37,41.08,41.29,1764600,1.0,0.0
2014-02-05,41.13,41.655,41.12,41.5,2167300,1.0,0.0
2014-02-06,41.5,42.25,41.39,42.07,2090600,1.0,0.0
2014-02-07,42.31,43.0,42.31,42.84,2407800,1.0,0.0
2014-02-10,42.84,42.85,42.37,42.64,2498300,1.0,0.0
2014-02-11,42.54,43.07,42.5,42.85,1643900,1.0,0.0
2014-02-12,42.86,43.06,42.8,42.88,1208800,1.0,0.0
2014-02-13,42.72,43.37,42.6237,43.33,1134800,1.0,0.0
2014-02-14,43.22,43.78,43.0056,43.67,1715900,1.0,0.0
2014-02-18,42.69,43.45,41.4,41.72,6161100,1.0,0.0
2014-02-19,41.17,41.68,40.67,41.19,4958800,1.0,0.0
2014-02-20,41.13,41.41,40.84,40.98,3454600,1.0,0.0
2014-02-21,41.08,41.29,40.83,40.99,2672200,1.0,0.0
2014-02-24,41.04,41.31,40.9,41.06,3222400,1.0,0.0
2014-02-25,41.0,41.16,40.6,40.76,2978300,1.0,0.0
2014-02-26,40.74,41.1,40.65,40.85,2813700,1.0,0.0
2014-02-27,40.83,41.09,40.45,40.58,2166400,1.0,0.0
2014-02-28,40.55,41.515,40.55,41.5,3542400,1.0,0.0
2014-03-03,40.88,41.415,40.88,41.28,2574300,1.0,0.0
2014-03-04,41.6,41.81,41.07,41.37,3013800,1.0,0.0
2014-03-05,41.4,41.51,41.185,41.34,2074200,1.0,0.0
2014-03-06,40.95,41.24,40.91,41.2,2087700,1.0,0.375
2014-03-07,41.29,41.56,41.17,41.38,1714500,1.0,0.0
2014-03-10,41.3,41.39,41.14,41.35,1138800,1.0,0.0
2014-03-11,41.35,41.47,41.069,41.26,1331700,1.0,0.0
2014-03-12,41.0,41.09,40.525,40.59,2662100,1.0,0.0
2014-03-13,40.74,40.81,40.35,40.41,1989900,1.0,0.0
2014-03-14,40.46,40.92,40.39,40.81,2216300,1.0,0.0
2014-03-17,40.92,41.1,40.885,41.06,1649200,1.0,0.0
2014-03-18,41.09,41.3793,41.09,41.31,1355300,1.0,0.0
2014-03-19,41.25,41.51,40.96,41.18,1711100,1.0,0.0
2014-03-20,41.08,41.31,40.99,41.07,1138500,1.0,0.0
2014-03-21,41.43,41.51,40.71,40.73,3765400,1.0,0.0
2014-03-24,40.91,41.15,40.415,40.51,2856300,1.0,0.0
2014-03-25,40.66,40.89,40.54,40.61,2033300,1.0,0.0
2014-03-26,40.82,40.96,40.5,40.52,1767900,1.0,0.0
2014-03-27,40.57,41.1,40.41,40.9,1734300,1.0,0.0
2014-03-28,41.13,41.47,41.0,41.15,1630600,1.0,0.0
2014-03-31,41.37,42.1,41.34,42.07,3596300,1.0,0.0
2014-04-01,42.12,42.21,41.75,41.93,1965300,1.0,0.0
2014-04-02,41.83,42.05,41.64,41.71,1959100,1.0,0.0
2014-04-03,41.76,41.86,41.55,41.84,1597400,1.0,0.0
2014-04-04,41.94,42.31,41.815,41.83,1837200,1.0,0.0
2014-04-07,41.82,42.15,41.53,41.6,2118600,1.0,0.0
2014-04-08,41.59,42.06,41.53,42.0,1871600,1.0,0.0
2014-04-09,42.07,42.15,41.77,41.97,1650500,1.0,0.0
2014-04-10,41.97,42.205,41.36,41.38,1691500,1.0,0.0
2014-04-11,41.29,41.48,41.04,41.06,1450100,1.0,0.0
2014-04-14,41.36,41.49,41.11,41.4,1138300,1.0,0.0
2014-04-15,41.38,41.5,41.09,41.4,1508000,1.0,0.0
2014-04-16,41.68,42.36,41.6,42.16,2188400,1.0,0.0
2014-04-17,41.98,42.11,41.85,42.03,1546500,1.0,0.0
2014-04-21,41.87,42.075,41.64,41.86,1393000,1.0,0.0
2014-04-22,42.0,42.21,41.92,41.96,1425600,1.0,0.0
2014-04-23,41.86,42.22,41.73,41.99,2135900,1.0,0.0
2014-04-24,41.96,43.24,41.84,42.84,3982500,1.0,0.0
2014-04-25,42.88,43.3,42.77,43.04,1983600,1.0,0.0
2014-04-28,43.33,43.91,43.27,43.81,2625400,1.0,0.0
2014-04-29,43.98,44.24,43.66,43.91,2051000,1.0,0.0
2014-04-30,43.97,44.5,43.88,44.45,2414000,1.0,0.0
2014-05-01,44.39,44.5,44.15,44.33,1715700,1.0,0.0
2014-05-02,44.28,44.39,44.05,44.14,1433200,1.0,0.0
2014-05-05,44.0,44.16,43.76,44.11,1418600,1.0,0.0
2014-05-06,44.0,44.01,43.57,43.57,2364200,1.0,0.0
2014-05-07,43.75,44.01,43.55,43.96,1811500,1.0,0.0
2014-05-08,44.0,44.35,43.88,44.07,1349400,1.0,0.0
2014-05-09,44.0,44.0478,43.69,43.92,1165800,1.0,0.0
2014-05-12,44.1,44.165,43.76,43.88,1563700,1.0,0.0
2014-05-13,44.09,44.24,43.85,44.11,1662000,1.0,0.0
2014-05-14,44.1,44.24,43.94,44.01,1115300,1.0,0.0
2014-05-15,43.89,44.09,43.69,43.95,2292500,1.0,0.0
2014-05-16,43.92,43.95,43.52,43.8,1590600,1.0,0.0
2014-05-19,43.73,43.91,43.525,43.89,1974000,1.0,0.0
2014-05-20,43.89,43.97,43.24,43.42,1454100,1.0,0.0
2014-05-21,43.54,43.65,43.28,43.65,1036000,1.0,0.0
2014-05-22,43.6,43.62,43.31,43.48,1661800,1.0,0.0
2014-05-23,43.57,43.64,43.26,43.37,1719800,1.0,0.0
2014-05-27,43.41,43.73,43.25,43.73,1891800,1.0,0.0
2014-05-28,43.9,44.48,43.81,44.25,2305900,1.0,0.0
2014-05-29,44.3,44.39,44.1,44.36,1475300,1.0,0.0
2014-05-30,44.35,44.72,44.3,44.68,2031000,1.0,0.0
2014-06-02,44.69,44.84,44.5467,44.81,1497200,1.0,0.0
2014-06-03,44.64,44.71,44.335,44.67,1778800,1.0,0.0
2014-06-04,44.2,44.44,44.09,44.2,2571700,1.0,0.375
2014-06-05,44.29,44.29,43.99,44.13,1608000,1.0,0.0
2014-06-06,44.21,44.3,44.11,44.26,1819300,1.0,0.0
2014-06-09,44.1,44.58,44.0984,44.53,2508900,1.0,0.0
2014-06-10,44.47,44.87,44.47,44.55,1258100,1.0,0.0
2014-06-11,44.41,44.42,44.08,44.09,1444900,1.0,0.0
2014-06-12,44.05,44.145,43.74,43.89,1930800,1.0,0.0
2014-06-13,43.92,44.28,43.83,44.0,1212600,1.0,0.0
2014-06-16,43.97,44.25,43.9,43.99,1066700,1.0,0.0
2014-06-17,43.88,44.42,43.8,44.26,1239500,1.0,0.0
2014-06-18,44.26,44.43,44.02,44.3,1438100,1.0,0.0
2014-06-19,44.31,44.48,44.21,44.37,1453600,1.0,0.0
2014-06-20,44.47,44.69,44.405,44.63,2224200,1.0,0.0
2014-06-23,44.69,44.845,44.2,44.39,1240900,1.0,0.0
2014-06-24,44.31,44.5,44.24,44.37,1023700,1.0,0.0
2014-06-25,44.3,44.5,44.175,44.46,990100,1.0,0.0
2014-06-26,44.43,44.57,44.305,44.44,961000,1.0,0.0
2014-06-27,44.32,44.89,44.32,44.84,2025300,1.0,0.0
2014-06-30,44.82,44.83,44.52,44.73,1283100,1.0,0.0
2014-07-01,44.75,44.97,44.56,44.83,1021300,1.0,0.0
2014-07-02,44.83,44.8999,44.37,44.47,926100,1.0,0.0
2014-07-03,44.52,44.71,44.45,44.71,662500,1.0,0.0
2014-07-07,44.56,44.7,44.34,44.54,1125200,1.0,0.0
2014-07-08,44.46,44.695,44.39,44.6,1391300,1.0,0.0
2014-07-09,44.6,44.69,44.07,44.24,1809000,1.0,0.0
2014-07-10,44.0,44.3,43.8301,44.18,1064200,1.0,0.0
2014-07-11,44.17,44.35,44.02,44.34,1252300,1.0,0.0
2014-07-14,44.49,44.49,44.26,44.4,1447100,1.0,0.0
2014-07-15,44.36,44.62,44.18,44.51,1579200,1.0,0.0
2014-07-16,44.55,44.69,44.39,44.65,930300,1.0,0.0
2014-07-17,44.45,44.58,44.07,44.07,1083200,1.0,0.0
2014-07-18,44.23,44.5,44.0,44.44,834300,1.0,0.0
2014-07-21,44.37,44.58,44.05,44.48,1232700,1.0,0.0
2014-07-22,44.55,44.66,44.35,44.51,1151600,1.0,0.0
2014-07-23,44.51,44.57,44.28,44.28,794500,1.0,0.0
2014-07-24,44.33,44.36,44.12,44.31,1221700,1.0,0.0
2014-07-25,44.25,44.58,44.05,44.1,1170700,1.0,0.0
2014-07-28,44.0,44.17,43.49,43.89,1506300,1.0,0.0
2014-07-29,44.13,45.67,44.13,45.59,7869600,1.0,0.0
2014-07-30,45.69,45.69,45.11,45.4,2174800,1.0,0.0
2014-07-31,45.23,45.35,44.89,44.89,2170800,1.0,0.0
2014-08-01,44.72,44.82,44.3,44.41,476399,1.0,0.0
2014-08-04,44.4,44.67,44.23,44.55,600338,1.0,0.0
2014-08-05,44.53,44.82,44.33,44.5,2882300,1.0,0.0
2014-08-06,44.29,44.51,44.115,44.23,1620500,1.0,0.0
2014-08-07,44.4,44.55,43.97,44.05,1716800,1.0,0.0
2014-08-08,44.11,45.23,44.02,45.18,1666800,1.0,0.0
2014-08-11,45.17,45.59,45.04,45.28,1514800,1.0,0.0
2014-08-12,45.24,45.53,45.23,45.48,1531200,1.0,0.0
2014-08-13,45.65,45.96,45.583,45.7,1359100,1.0,0.0
2014-08-14,45.68,45.89,45.61,45.85,852200,1.0,0.0
2014-08-15,45.9,46.07,45.51,45.82,1591500,1.0,0.0
2014-08-18,45.99,46.15,45.87,46.09,1365000,1.0,0.0
2014-08-19,46.18,46.429,46.09,46.33,947100,1.0,0.0
2014-08-20,46.3,46.7,46.21,46.68,1376600,1.0,0.0
2014-08-21,46.64,46.92,46.58,46.7,1324400,1.0,0.0
2014-08-22,46.7,46.8,46.39,46.43,1146500,1.0,0.0
2014-08-25,46.46,46.69,46.39,46.49,1352100,1.0,0.0
2014-08-26,47.0,47.091,46.82,46.92,978000,1.0,0.0
2014-08-27,46.85,47.35,46.81,46.96,2361900,1.0,0.0
2014-08-28,46.79,46.98,46.68,46.82,1321800,1.0,0.0
2014-08-29,46.85,47.06,46.7,46.97,1217600,1.0,0.0
2014-09-02,46.97,47.27,46.85,47.26,1517500,1.0,0.0
2014-09-03,47.0,47.091,46.82,46.92,1527100,1.0,0.375
2014-09-04,46.93,47.21,46.6727,46.86,1491200,1.0,0.0
2014-09-05,46.85,47.18,46.81,47.03,2222700,1.0,0.0
2014-09-08,47.05,47.24,46.96,47.17,1263800,1.0,0.0
2014-09-09,47.09,47.22,46.97,47.01,906800,1.0,0.0
2014-09-10,46.99,47.42,46.99,47.3,1282800,1.0,0.0
2014-09-11,47.12,47.285,47.03,47.2,913200,1.0,0.0
2014-09-12,47.32,47.38,46.51,46.8,1991300,1.0,0.0
2014-09-15,46.89,47.3,46.74,47.12,1119200,1.0,0.0
2014-09-16,47.15,47.34,46.88,47.25,943400,1.0,0.0
2014-09-17,47.26,47.55,47.21,47.36,1256800,1.0,0.0
2014-09-18,47.36,47.5,47.17,47.4,1364400,1.0,0.0
2014-09-19,47.67,47.69,47.29,47.35,1801300,1.0,0.0
2014-09-22,47.24,47.36,47.07,47.11,1185660,1.0,0.0
2014-09-23,47.1,47.29,46.91,46.92,1367535,1.0,0.0
2014-09-24,47.04,47.46,46.93,47.41,1159341,1.0,0.0
2014-09-25,47.27,47.4,46.88,46.9,1345822,1.0,0.0
2014-09-26,46.88,47.2974,46.82,47.18,1282747,1.0,0.0
2014-09-29,47.18,47.54,47.11,47.4,1645666,1.0,0.0
2014-09-30,47.46,47.68,47.3,47.53,1517949,1.0,0.0
2014-10-01,47.64,47.64,47.06,47.15,1810621,1.0,0.0
2014-10-02,47.16,47.478,46.97,47.12,1618944,1.0,0.0
2014-10-03,47.39,47.62,47.2601,47.6,1597170,1.0,0.0
2014-10-06,47.64,47.79,47.3,47.51,1040159,1.0,0.0
2014-10-07,47.35,47.36,46.72,46.73,1807108,1.0,0.0
2014-10-08,46.73,47.6,46.62,47.58,1596792,1.0,0.0
2014-10-09,47.58,47.74,46.84,46.92,1464905,1.0,0.0
2014-10-10,46.96,47.37,46.8,46.82,2699592,1.0,0.0
2014-10-13,46.83,47.13,46.63,46.64,2167383,1.0,0.0
2014-10-14,46.79,47.09,46.33,46.49,3235292,1.0,0.0
2014-10-15,46.0,46.49,45.5,46.28,3158293,1.0,0.0
2014-10-16,45.66,46.39,45.62,46.29,2880341,1.0,0.0
2014-10-17,46.54,46.86,46.31,46.72,2274748,1.0,0.0
2014-10-20,46.53,46.7,46.41,46.65,1718214,1.0,0.0
2014-10-21,46.73,47.29,46.66,47.26,1783176,1.0,0.0
2014-10-22,47.4,47.54,47.18,47.19,1895667,1.0,0.0
2014-10-23,47.65,48.07,47.605,47.89,1589001,1.0,0.0
2014-10-24,48.0,48.05,47.74,47.96,1090381,1.0,0.0
2014-10-27,47.98,48.22,47.87,48.12,1066934,1.0,0.0
2014-10-28,48.33,48.42,48.04,48.42,1391129,1.0,0.0
2014-10-29,48.38,48.5,46.4801,47.73,4958816,1.0,0.0
2014-10-30,47.73,48.75,47.7,48.55,2767203,1.0,0.0
2014-10-31,49.03,49.18,48.605,48.89,3261936,1.0,0.0
2014-11-03,48.79,48.89,48.25,48.61,2212616,1.0,0.0
2014-11-04,48.62,48.78,48.22,48.34,3713706,1.0,0.0
2014-11-05,48.41,48.915,48.22,48.89,1707025,1.0,0.0
2014-11-06,49.02,49.4,48.92,49.23,1643778,1.0,0.0
2014-11-07,49.31,49.66,49.31,49.45,1578470,1.0,0.0
2014-11-10,49.54,49.71,49.43,49.49,1966429,1.0,0.0
2014-11-11,49.46,49.61,49.26,49.36,1315867,1.0,0.0
2014-11-12,49.32,49.5197,49.25,49.38,1239091,1.0,0.0
2014-11-13,49.43,49.53,49.22,49.37,1115447,1.0,0.0
2014-11-14,49.26,49.45,49.01,49.09,1230336,1.0,0.0
2014-11-17,49.03,49.16,48.98,49.09,1149043,1.0,0.0
2014-11-18,49.16,49.27,49.04,49.1,1453100,1.0,0.0
2014-11-19,49.07,49.07,48.36,48.56,2776867,1.0,0.0
2014-11-20,48.34,48.44,48.2,48.32,2191583,1.0,0.0
2014-11-21,48.78,48.78,48.37,48.53,2150871,1.0,0.0
2014-11-24,48.5,48.77,48.42,48.67,1410059,1.0,0.0
2014-11-25,48.7,48.75,48.36,48.51,2370776,1.0,0.0
2014-11-26,48.58,48.81,48.55,48.7,1847780,1.0,0.0
2014-11-28,48.88,49.26,48.67,48.73,1271908,1.0,0.0
2014-12-01,48.73,48.79,48.47,48.49,1930612,1.0,0.0
2014-12-02,48.73,49.12,48.6,48.81,3721573,1.0,0.0
2014-12-03,48.58,49.26,48.5,49.16,4255147,1.0,0.375
2014-12-04,49.06,49.47,48.84,49.25,3025588,1.0,0.0
2014-12-05,49.18,49.52,49.07,49.45,3070657,1.0,0.0
2014-12-08,49.42,49.42,49.01,49.19,3165456,1.0,0.0
2014-12-09,48.95,49.04,48.56,48.94,1676588,1.0,0.0
2014-12-10,49.01,49.1,48.51,48.65,1998597,1.0,0.0
2014-12-11,48.71,49.42,48.7001,49.07,1687298,1.0,0.0
2014-12-12,48.96,49.07,48.38,48.5,1960437,1.0,0.0
2014-12-15,48.6,49.18,48.29,49.1,4429654,1.0,0.0
2014-12-16,49.09,49.85,48.92,49.39,3587761,1.0,0.0
2014-12-17,49.27,49.58,48.53,49.55,3370441,1.0,0.0
2014-12-18,50.0,50.86,49.92,50.86,2867540,1.0,0.0
2014-12-19,51.09,51.14,50.49,50.78,3662058,1.0,0.0
2014-12-22,50.78,51.15,50.58,51.12,1340915,1.0,0.0
2014-12-23,51.18,51.49,51.04,51.21,1386328,1.0,0.0
2014-12-24,51.4,51.4,51.05,51.16,659023,1.0,0.0
2014-12-26,51.37,51.61,51.17,51.36,939864,1.0,0.0
2014-12-29,51.4,51.71,51.23,51.54,1249131,1.0,0.0
2014-12-30,51.53,51.65,51.21,51.58,1446121,1.0,0.0
2014-12-31,51.74,51.95,51.28,51.32,2238836,1.0,0.0
2015-01-02,51.25,51.78,51.2,51.75,3146760,1.0,0.0
2015-01-05,51.43,51.62,51.13,51.23,3859108,1.0,0.0
2015-01-06,51.27,51.64,50.86,51.27,3013167,1.0,0.0
2015-01-07,51.42,51.62,51.05,51.31,2243273,1.0,0.0
2015-01-08,51.64,51.94,51.535,51.9,2941842,1.0,0.0
2015-01-09,51.82,51.89,51.37,51.53,1659795,1.0,0.0
2015-01-12,51.6,51.69,51.24,51.47,1315833,1.0,0.0
2015-01-13,51.68,52.11,51.07,51.51,1788089,1.0,0.0
2015-01-14,51.25,51.88,51.1,51.81,1624100,1.0,0.0
2015-01-15,51.8,52.14,51.76,51.82,1352568,1.0,0.0
2015-01-16,51.78,52.28,51.56,52.24,1311210,1.0,0.0
2015-01-20,52.54,52.95,52.3188,52.91,2422928,1.0,0.0
2015-01-21,52.72,53.06,52.56,52.73,2409886,1.0,0.0
2015-01-22,52.98,53.19,52.46,52.78,2857920,1.0,0.0
2015-01-23,52.71,53.06,52.62,53.0,2400285,1.0,0.0
2015-01-26,52.95,53.35,52.66,53.21,1599892,1.0,0.0
2015-01-27,52.96,53.35,52.89,53.14,2293123,1.0,0.0
2015-01-28,53.18,53.49,52.59,52.64,1752362,1.0,0.0
2015-01-29,52.56,52.64,52.01,52.55,1447217,1.0,0.0
2015-01-30,52.23,52.3,51.39,51.43,3119529,1.0,0.0
2015-02-02,51.46,51.58,50.821,51.56,4397815,1.0,0.0
2015-02-03,51.43,52.24,51.38,52.24,2220476,1.0,0.0
2015-02-04,52.2,52.59,52.01,52.22,1773767,1.0,0.0
2015-02-05,52.22,52.62,52.21,52.6,1086972,1.0,0.0
2015-02-06,52.56,52.81,52.2,52.44,1387613,1.0,0.0
2015-02-09,52.2,52.76,52.2,52.53,1629999,1.0,0.0
2015-02-10,52.74,52.96,52.52,52.7,1554408,1.0,0.0
2015-02-11,52.77,52.98,52.42,52.56,1605477,1.0,0.0
2015-02-12,52.59,52.97,52.45,52.7,1692439,1.0,0.0
2015-02-13,51.6,51.65,50.67,51.29,4966281,1.0,0.0
2015-02-17,52.2,54.49,52.2,53.94,5269825,1.0,0.0
2015-02-18,54.08,54.77,53.74,54.63,2558172,1.0,0.0
2015-02-19,54.5,54.62,53.85,54.39,1962015,1.0,0.0
2015-02-20,54.48,54.72,54.18,54.51,2262311,1.0,0.0
2015-02-23,54.51,54.8,54.355,54.57,1442982,1.0,0.0
2015-02-24,54.4,54.73,54.3501,54.47,1605613,1.0,0.0
2015-02-25,54.62,54.84,54.44,54.53,1683468,1.0,0.0
2015-02-26,54.62,54.66,54.03,54.28,1759260,1.0,0.0
2015-02-27,54.31,54.6799,54.12,54.48,1702588,1.0,0.0
2015-03-02,54.66,54.9,54.49,54.85,2004178,1.0,0.0
2015-03-03,54.7,55.27,54.66,55.18,3237487,1.0,0.0
2015-03-04,55.0,55.16,54.87,55.07,3351770,1.0,0.0
2015-03-05,54.72,54.84,54.23,54.5,2054411,1.0,0.385
2015-03-06,54.16,54.295,53.64,53.65,2521169,1.0,0.0
2015-03-09,53.61,53.84,53.58,53.67,2991321,1.0,0.0
2015-03-10,53.32,53.53,52.905,52.91,2854037,1.0,0.0
2015-03-11,52.93,53.07,52.67,52.69,2797539,1.0,0.0
2015-03-12,52.72,53.19,52.71,53.09,1974612,1.0,0.0
2015-03-13,53.18,53.4,52.84,53.32,1908663,1.0,0.0
2015-03-16,53.5,54.5,53.49,54.4,2280052,1.0,0.0
2015-03-17,54.41,54.66,54.32,54.47,1508115,1.0,0.0
2015-03-18,54.27,55.2,54.05,55.07,2049004,1.0,0.0
2015-03-19,55.12,55.31,54.73,54.73,1704854,1.0,0.0
2015-03-20,54.79,54.85,54.38,54.55,5120323,1.0,0.0
2015-03-23,54.72,55.13,54.47,54.92,2467674,1.0,0.0
2015-03-24,54.92,54.96,54.57,54.61,1879185,1.0,0.0
2015-03-25,54.65,54.7,53.84,53.86,1508432,1.0,0.0
2015-03-26,53.64,53.71,53.38,53.4,1376145,1.0,0.0
2015-03-27,53.38,53.6963,53.38,53.4,1590865,1.0,0.0
2015-03-30,53.56,54.23,53.53,54.01,1585978,1.0,0.0
2015-03-31,53.88,54.4,53.82,54.23,2337277,1.0,0.0
2015-04-01,54.25,54.38,53.57,53.65,2061428,1.0,0.0
2015-04-02,53.69,54.0,53.66,53.9,1401459,1.0,0.0
2015-04-06,53.89,54.73,53.75,54.55,3344045,1.0,0.0
2015-04-07,54.47,54.89,54.35,54.74,2023189,1.0,0.0
2015-04-08,54.76,55.09,54.58,54.61,3859855,1.0,0.0
2015-04-09,54.67,55.13,54.42,54.97,4105704,1.0,0.0
2015-04-10,55.17,55.93,54.99,55.14,4470917,1.0,0.0
2015-04-13,55.0,55.16,54.74,54.84,2603161,1.0,0.0
2015-04-14,54.73,54.76,54.145,54.24,1967510,1.0,0.0
2015-04-15,54.37,54.64,54.22,54.25,1233737,1.0,0.0
2015-04-16,54.06,54.15,53.63,53.99,2056264,1.0,0.0
2015-04-17,53.61,53.825,52.75,52.88,2859729,1.0,0.0
2015-04-20,53.16,53.44,53.0,53.02,2767713,1.0,0.0
2015-04-21,53.11,53.36,52.745,52.84,4163606,1.0,0.0
2015-04-22,52.81,53.17,52.2,52.61,3544450,1.0,0.0
2015-04-23,52.49,52.805,52.451,52.68,4064251,1.0,0.0
2015-04-24,52.64,52.76,52.26,52.66,3995240,1.0,0.0
2015-04-27,52.94,52.94,52.17,52.29,1868330,1.0,0.0
2015-04-28,52.34,52.69,52.08,52.47,1767709,1.0,0.0
2015-04-29,51.5,52.02,49.63,49.88,5639938,1.0,0.0
2015-04-30,49.77,50.1,49.43,49.53,4134180,1.0,0.0
2015-05-01,49.57,50.23,49.57,50.09,2120643,1.0,0.0
2015-05-04,50.11,50.45,49.8,49.85,2826585,1.0,0.0
2015-05-05,49.87,50.04,48.75,48.86,2948278,1.0,0.0
2015-05-06,49.02,49.2,48.086,48.47,3185966,1.0,0.0
2015-05-07,48.5,48.995,48.48,48.86,2224225,1.0,0.0
2015-05-08,49.16,49.59,49.13,49.33,1681324,1.0,0.0
2015-05-11,49.16,49.9,49.051,49.43,3939271,1.0,0.0
2015-05-12,49.23,49.7,49.08,49.51,1924136,1.0,0.0
2015-05-13,49.54,49.805,49.32,49.37,2035570,1.0,0.0
2015-05-14,49.49,49.86,49.49,49.72,1434377,1.0,0.0
2015-05-15,49.81,49.97,49.73,49.83,1572104,1.0,0.0
2015-05-18,49.94,49.95,49.69,49.85,1540866,1.0,0.0
2015-05-19,49.79,49.95,49.61,49.86,1572174,1.0,0.0
2015-05-20,49.81,49.95,49.67,49.72,1337768,1.0,0.0
2015-05-21,49.71,50.251,49.655,50.12,2043369,1.0,0.0
2015-05-22,49.98,50.27,49.98,50.06,1388308,1.0,0.0
2015-05-26,50.0,50.14,49.44,49.57,2593611,1.0,0.0
2015-05-27,49.79,49.97,49.48,49.84,1181620,1.0,0.0
2015-05-28,49.81,50.0,49.71,49.79,1625887,1.0,0.0
2015-05-29,49.64,49.86,49.41,49.65,2362564,1.0,0.0
2015-06-01,49.82,49.91,49.54,49.74,1357814,1.0,0.0
2015-06-02,49.61,49.84,49.4999,49.56,1699578,1.0,0.0
2015-06-03,49.28,49.34,49.06,49.25,1696228,1.0,0.385
2015-06-04,49.0,49.27,48.47,48.68,3159719,1.0,0.0
2015-06-05,48.6,48.67,48.33,48.41,2020037,1.0,0.0
2015-06-08,48.37,48.615,48.3,48.46,1363621,1.0,0.0
2015-06-09,48.46,48.563,48.23,48.32,1431818,1.0,0.0
2015-06-10,48.39,48.755,48.39,48.44,1810652,1.0,0.0
2015-06-11,48.59,48.771,48.31,48.49,1906429,1.0,0.0
2015-06-12,48.45,48.5,48.193,48.44,1876364,1.0,0.0
2015-06-15,48.11,48.11,47.63,47.71,1686829,1.0,0.0
2015-06-16,47.79,47.9,47.69,47.8,1489421,1.0,0.0
2015-06-17,47.93,48.015,47.57,47.88,2002122,1.0,0.0
2015-06-18,48.0,48.39,48.0,48.3,1504245,1.0,0.0
2015-06-19,48.25,48.25,47.74,47.76,2121472,1.0,0.0
2015-06-22,48.07,48.11,47.57,47.7,1643739,1.0,0.0
2015-06-23,47.68,47.845,47.3,47.34,1629384,1.0,0.0
2015-06-24,47.25,47.4,47.115,47.17,1881707,1.0,0.0
2015-06-25,47.28,47.29,46.88,46.94,1161061,1.0,0.0
2015-06-26,46.98,47.19,46.82,47.03,1268429,1.0,0.0
2015-06-29,46.75,46.8999,46.33,46.35,1606830,1.0,0.0
2015-06-30,46.7,46.8,46.31,46.35,1345961,1.0,0.0
2015-07-01,46.64,46.68,46.24,46.51,1241150,1.0,0.0
2015-07-02,46.57,46.67,46.2236,46.37,884581,1.0,0.0
2015-07-06,46.04,46.54,45.86,46.53,1228540,1.0,0.0
2015-07-07,46.53,47.11,46.41,47.02,1986316,1.0,0.0
2015-07-08,46.66,47.26,46.6,46.81,2051667,1.0,0.0
2015-07-09,47.17,47.34,47.07,47.15,2254252,1.0,0.0
2015-07-10,47.56,47.89,47.31,47.75,1920274,1.0,0.0
2015-07-13,48.14,48.1699,47.78,47.93,2082372,1.0,0.0
2015-07-14,47.86,48.665,47.83,48.6,2285072,1.0,0.0
2015-07-15,48.63,48.74,48.32,48.4,1573892,1.0,0.0
2015-07-16,48.67,49.23,48.48,48.94,2299899,1.0,0.0
2015-07-17,48.83,48.89,48.51,48.68,1602073,1.0,0.0
2015-07-20,48.64,48.73,48.44,48.53,1022934,1.0,0.0
2015-07-21,48.51,48.61,48.02,48.23,1269456,1.0,0.0
2015-07-22,48.22,48.47,47.55,47.8,2750066,1.0,0.0
2015-07-23,47.76,49.36,47.76,49.08,4709274,1.0,0.0
2015-07-24,49.21,49.5558,48.73,48.83,3129720,1.0,0.0
2015-07-27,48.73,49.54,48.69,49.06,3871662,1.0,0.0
2015-07-28,49.71,50.25,49.52,50.16,3520456,1.0,0.0
2015-07-29,50.27,50.79,50.21,50.7,3278939,1.0,0.0
2015-07-30,50.54,51.38,50.54,51.2,2769387,1.0,0.0
2015-07-31,51.43,51.46,51.04,51.13,1658329,1.0,0.0
2015-08-03,51.05,51.13,50.67,50.8,2178613,1.0,0.0
2015-08-04,50.87,51.38,50.79,50.97,1854808,1.0,0.0
2015-08-05,51.21,51.83,51.18,51.6,2046872,1.0,0.0
2015-08-06,51.6,51.8,50.95,50.98,1820746,1.0,0.0
2015-08-07,50.96,51.12,50.56,50.76,2309141,1.0,0.0
2015-08-10,51.03,51.43,50.95,51.39,1606822,1.0,0.0
2015-08-11,51.01,51.57,50.94,51.52,1590608,1.0,0.0
2015-08-12,51.24,51.91,51.1501,51.85,2531555,1.0,0.0
2015-08-13,51.72,52.27,51.61,51.9,1872906,1.0,0.0
2015-08-14,51.96,52.29,51.83,52.25,1104621,1.0,0.0
2015-08-17,51.92,52.7,51.63,52.64,1428350,1.0,0.0
2015-08-18,52.54,53.055,52.5,52.7,2028810,1.0,0.0
2015-08-19,52.43,52.95,52.17,52.6,2285060,1.0,0.0
2015-08-20,52.29,53.04,52.1,52.57,3257094,1.0,0.0
2015-08-21,52.06,52.36,51.631,51.64,3558664,1.0,0.0
2015-08-24,49.18,50.68,48.79,49.47,4431326,1.0,0.0
2015-08-25,50.37,50.77,49.12,49.15,3039221,1.0,0.0
2015-08-26,50.32,50.34,49.12,49.5,4369616,1.0,0.0
2015-08-27,49.96,50.31,49.31,50.03,3856951,1.0,0.0
2015-08-28,50.01,50.5,49.93,50.21,2509939,1.0,0.0
2015-08-31,50.11,50.27,49.92,50.06,2075370,1.0,0.0
2015-09-01,49.2,49.84,48.9,49.31,2870876,1.0,0.0
2015-09-02,49.74,49.96,49.29,49.78,1703040,1.0,0.0
2015-09-03,49.88,50.55,49.88,50.28,1934753,1.0,0.0
2015-09-04,49.69,50.19,49.57,49.93,2295326,1.0,0.0
2015-09-08,50.58,50.9,50.25,50.7,2922625,1.0,0.0
2015-09-09,51.02,51.18,50.03,50.13,3217011,1.0,0.0
2015-09-10,49.78,50.14,49.51,49.8,2729447,1.0,0.385
2015-09-11,49.68,50.05,49.55,50.0,1889806,1.0,0.0
2015-09-14,50.01,50.03,49.445,49.89,2187027,1.0,0.0
2015-09-15,50.05,50.325,49.88,50.15,2945881,1.0,0.0
2015-09-16,50.29,50.29,49.99,50.16,2215169,1.0,0.0
2015-09-17,50.24,50.51,49.94,50.07,2119522,1.0,0.0
2015-09-18,49.46,50.05,49.44,49.89,3756391,1.0,0.0
2015-09-21,50.26,50.35,49.97,50.11,2083750,1.0,0.0
2015-09-22,49.65,49.925,49.32,49.87,1972798,1.0,0.0
2015-09-23,49.88,50.06,49.435,49.95,2004215,1.0,0.0
2015-09-24,49.66,49.92,49.42,49.8,3534496,1.0,0.0
2015-09-25,50.22,50.66,49.94,50.37,3294353,1.0,0.0
2015-09-28,50.18,50.28,49.68,49.78,2074372,1.0,0.0
2015-09-29,49.72,49.77,48.9769,49.22,5423714,1.0,0.0
2015-09-30,49.58,49.86,49.07,49.81,3393228,1.0,0.0
2015-10-01,49.85,50.24,49.52,50.1,2361644,1.0,0.0
2015-10-02,49.7,50.53,49.49,50.53,1761209,1.0,0.0
2015-10-05,50.84,51.53,50.79,51.46,1556535,1.0,0.0
2015-10-06,51.41,51.64,51.14,51.43,1857826,1.0,0.0
2015-10-07,51.56,51.985,51.48,51.82,1593728,1.0,0.0
2015-10-08,51.8,52.98,51.49,52.95,2472168,1.0,0.0
2015-10-09,52.95,53.55,52.85,53.16,1482756,1.0,0.0
2015-10-12,53.07,53.56,53.01,53.41,893962,1.0,0.0
2015-10-13,53.24,53.42,52.98,53.06,1393352,1.0,0.0
2015-10-14,52.97,53.03,52.43,52.45,1412470,1.0,0.0
2015-10-15,52.55,52.7,52.23,52.5,1829896,1.0,0.0
2015-10-16,52.66,53.1,52.19,52.45,2384655,1.0,0.0
2015-10-19,52.37,52.65,52.04,52.51,2003028,1.0,0.0
2015-10-20,52.45,52.87,52.38,52.71,1727658,1.0,0.0
2015-10-21,53.28,53.78,53.28,53.44,3239250,1.0,0.0
2015-10-22,53.86,53.97,53.455,53.51,2538619,1.0,0.0
2015-10-23,53.6,53.81,52.97,53.19,2839629,1.0,0.0
2015-10-26,53.26,53.63,53.1,53.19,2226173,1.0,0.0
2015-10-27,52.94,54.5,52.8,54.34,3126172,1.0,0.0
2015-10-28,54.59,54.8499,54.06,54.61,2812752,1.0,0.0
2015-10-29,54.67,54.69,54.2,54.46,1523795,1.0,0.0
2015-10-30,54.44,54.69,53.76,53.76,3320661,1.0,0.0
2015-11-02,53.86,54.605,53.86,54.44,2193224,1.0,0.0
2015-11-03,54.31,54.61,53.88,54.05,2082263,1.0,0.0
2015-11-04,54.09,55.28,53.93,54.14,2343713,1.0,0.0
2015-11-05,54.36,54.57,54.23,54.43,1829333,1.0,0.0
2015-11-06,54.43,54.44,53.97,54.43,1400252,1.0,0.0
2015-11-09,54.27,54.41,53.5,53.69,1556140,1.0,0.0
2015-11-10,53.57,54.03,53.53,53.65,1526032,1.0,0.0
2015-11-11,53.74,54.0785,53.61,53.63,1527868,1.0,0.0
2015-11-12,53.46,53.57,52.77,52.77,1882074,1.0,0.0
2015-11-13,52.65,52.85,52.021,52.16,2404373,1.0,0.0
2015-11-16,52.05,52.57,52.04,52.56,2935933,1.0,0.0
2015-11-17,52.62,52.85,52.441,52.68,1492222,1.0,0.0
2015-11-18,52.77,53.63,52.56,53.58,1900018,1.0,0.0
2015-11-19,53.77,53.9,53.51,53.63,1181521,1.0,0.0
2015-11-20,53.86,54.17,53.78,54.12,1223817,1.0,0.0
2015-11-23,54.12,54.45,53.9364,54.14,1362186,1.0,0.0
2015-11-24,53.87,54.075,53.54,53.98,1541249,1.0,0.0
2015-11-25,54.02,54.161,53.91,54.03,1038714,1.0,0.0
2015-11-27,53.99,54.24,53.7,53.92,780652,1.0,0.0
2015-11-30,54.03,54.17,53.75,53.77,1808056,1.0,0.0
2015-12-01,54.05,54.57,53.6,53.92,1980562,1.0,0.0
2015-12-02,53.55,53.84,53.38,53.51,1695193,1.0,0.385
2015-12-03,53.52,53.67,51.63,51.84,3822643,1.0,0.0
2015-12-04,52.01,52.7,52.01,52.66,4590559,1.0,0.0
2015-12-07,52.46,52.67,51.8,52.1,2420299,1.0,0.0
2015-12-08,51.85,52.63,51.7,52.53,2426797,1.0,0.0
2015-12-09,52.3,52.63,51.65,51.89,1916866,1.0,0.0
2015-12-10,51.97,52.4,51.742,52.02,1450715,1.0,0.0
2015-12-11,51.63,51.8414,51.17,51.34,2142472,1.0,0.0
2015-12-14,51.49,51.88,51.08,51.83,3198569,1.0,0.0
2015-12-15,52.1,53.42,52.1,53.34,3434239,1.0,0.0
2015-12-16,53.7,54.24,53.16,53.93,2270058,1.0,0.0
2015-12-17,53.91,54.1,53.27,53.28,3179052,1.0,0.0
2015-12-18,53.0,53.09,52.39,52.73,4056541,1.0,0.0
2015-12-21,52.98,53.26,52.49,52.81,1383557,1.0,0.0
2015-12-22,52.99,53.395,52.5183,53.2,1412275,1.0,0.0
2015-12-23,53.41,53.74,53.29,53.66,1229881,1.0,0.0
2015-12-24,53.47,53.62,53.2,53.43,529517,1.0,0.0
2015-12-28,53.4,53.97,53.34,53.91,986043,1.0,0.0
2015-12-29,54.02,54.44,54.02,54.35,849431,1.0,0.0
2015-12-30,54.33,54.4801,53.92,53.98,825101,1.0,0.0
2015-12-31,53.83,53.97,53.35,53.37,1055230,1.0,0.0
2016-01-04,52.6,52.61,52.0,52.45,2067325,1.0,0.0
2016-01-05,52.42,52.7,52.23,52.65,2401370,1.0,0.0
2016-01-06,52.17,53.32,52.12,53.3,3277358,1.0,0.0
2016-01-07,52.58,53.05,52.42,52.67,3309597,1.0,0.0
2016-01-08,52.69,53.15,52.23,52.35,2617432,1.0,0.0
2016-01-11,52.35,53.04,52.25,52.86,2127954,1.0,0.0
2016-01-12,52.97,53.32,52.66,53.2,2299865,1.0,0.0
2016-01-13,53.19,53.35,52.0,52.26,2445120,1.0,0.0
2016-01-14,52.44,53.01,51.94,52.78,2786763,1.0,0.0
2016-01-15,51.92,52.11,51.05,51.52,3405723,1.0,0.0
2016-01-19,51.99,52.73,51.84,52.62,2156708,1.0,0.0
2016-01-20,51.96,52.37,50.36,51.92,4118908,1.0,0.0
2016-01-21,51.9,52.58,51.63,51.98,2414133,1.0,0.0
2016-01-22,52.53,53.14,52.2925,52.98,2244625,1.0,0.0
2016-01-25,52.92,52.92,52.09,52.24,1748218,1.0,0.0
2016-01-26,52.19,52.57,51.98,52.29,1990944,1.0,0.0
2016-01-27,52.13,52.49,51.46,51.89,2885379,1.0,0.0
2016-01-28,52.0,52.38,51.64,52.07,1451085,1.0,0.0
2016-01-29,52.31,53.07,52.18,52.95,3446580,1.0,0.0
2016-02-01,52.69,53.47,52.39,53.26,1742136,1.0,0.0
2016-02-02,52.7,52.96,51.75,52.12,2529195,1.0,0.0
2016-02-03,52.47,53.27,51.79,53.08,2225927,1.0,0.0
2016-02-04,52.92,53.55,52.73,53.19,1682741,1.0,0.0
2016-02-05,52.93,53.19,52.285,52.57,2150925,1.0,0.0
2016-02-08,52.23,52.8799,51.68,52.7,1916762,1.0,0.0
2016-02-09,52.23,53.58,52.2,53.28,2733927,1.0,0.0
2016-02-10,53.49,54.2,53.37,53.52,1686566,1.0,0.0
2016-02-11,52.57,53.15,52.23,52.96,3380890,1.0,0.0
2016-02-12,53.24,54.23,53.05,53.98,2457211,1.0,0.0
2016-02-16,54.72,54.87,54.03,54.79,2896836,1.0,0.0
2016-02-17,54.87,55.25,54.5801,54.9,2775420,1.0,0.0
2016-02-18,54.8,55.5799,54.34,55.31,3122107,1.0,0.0
2016-02-19,55.25,55.72,54.86,55.5,3046064,1.0,0.0
2016-02-22,55.76,56.25,55.64,56.18,2600547,1.0,0.0
2016-02-23,56.18,56.8,56.14,56.3,1801017,1.0,0.0
2016-02-24,56.04,56.26,55.11,56.09,2669586,1.0,0.0
2016-02-25,56.25,56.5,55.97,56.17,2458141,1.0,0.0
2016-02-26,56.48,56.5,55.97,56.04,2227747,1.0,0.0
2016-02-29,56.11,56.17,55.5,55.85,2960564,1.0,0.0
2016-03-01,56.19,57.18,56.06,57.05,2357602,1.0,0.0
2016-03-02,56.85,57.09,56.52,57.08,2188601,1.0,0.0
2016-03-03,56.72,57.31,56.38,57.27,1773033,1.0,0.41
2016-03-04,57.25,57.49,56.91,57.15,2129760,1.0,0.0
2016-03-07,56.97,57.09,56.64,56.95,1442422,1.0,0.0
2016-03-08,56.75,57.61,56.4,57.32,3061596,1.0,0.0
2016-03-09,57.44,57.96,57.44,57.66,1745487,1.0,0.0
2016-03-10,57.78,57.97,57.18,57.67,2180392,1.0,0.0
2016-03-11,58.0,58.4151,57.93,58.4,1854949,1.0,0.0
2016-03-14,58.39,58.54,57.97,58.22,2242947,1.0,0.0
2016-03-15,57.82,58.845,57.7,58.67,2149712,1.0,0.0
2016-03-16,58.59,59.06,58.21,58.83,2421459,1.0,0.0
2016-03-17,58.9,58.97,58.55,58.78,2832780,1.0,0.0
2016-03-18,58.86,59.01,58.44,58.6,6734568,1.0,0.0
2016-03-21,58.42,58.9,58.39,58.73,2433495,1.0,0.0
2016-03-22,58.51,58.755,58.28,58.46,2594129,1.0,0.0
2016-03-23,58.45,58.985,58.25,58.91,2234741,1.0,0.0
2016-03-24,58.75,59.12,58.58,59.11,2112479,1.0,0.0
2016-03-28,59.11,59.49,59.09,59.38,1685116,1.0,0.0
2016-03-29,59.14,59.99,59.14,59.71,3088177,1.0,0.0
2016-03-30,59.74,59.82,59.42,59.63,1363593,1.0,0.0
2016-03-31,59.52,59.82,58.945,59.0,2030471,1.0,0.0
2016-04-01,58.84,59.27,58.75,59.17,3369172,1.0,0.0
2016-04-04,59.06,59.13,58.52,58.68,2558241,1.0,0.0
2016-04-05,58.25,58.42,58.13,58.25,4811276,1.0,0.0
2016-04-06,58.22,58.44,57.46,57.71,5144834,1.0,0.0
2016-04-07,57.5,57.72,57.37,57.59,2807315,1.0,0.0
2016-04-08,57.84,58.08,57.58,57.67,1707539,1.0,0.0
2016-04-11,57.84,58.0,57.27,57.29,1900160,1.0,0.0
2016-04-12,57.37,57.5,57.08,57.21,1534647,1.0,0.0
2016-04-13,57.35,57.47,56.46,57.01,2357473,1.0,0.0
2016-04-14,57.01,57.24,56.85,56.96,1370943,1.0,0.0
2016-04-15,57.08,57.13,56.825,56.9,1944409,1.0,0.0
2016-04-18,56.94,57.26,56.82,57.17,1859508,1.0,0.0
2016-04-19,57.26,57.53,57.09,57.13,1430405,1.0,0.0
2016-04-20,57.28,57.45,56.73,56.74,3854766,1.0,0.0
2016-04-21,56.6,56.89,56.34,56.35,1920314,1.0,0.0
2016-04-22,56.32,56.62,56.18,56.39,2810796,1.0,0.0
2016-04-25,56.2,56.43,56.05,56.35,1742566,1.0,0.0
2016-04-26,56.45,56.95,56.38,56.53,1834916,1.0,0.0
2016-04-27,56.59,56.76,56.07,56.4,6091301,1.0,0.0
2016-04-28,56.4,58.955,56.4,58.31,5097832,1.0,0.0
2016-04-29,58.4,58.94,58.01,58.79,2691195,1.0,0.0
2016-05-02,59.0,59.98,58.93,59.98,3067547,1.0,0.0
2016-05-03,59.74,59.98,59.47,59.84,2558722,1.0,0.0
2016-05-04,59.84,60.46,59.44,60.41,2219601,1.0,0.0
2016-05-05,60.68,60.945,60.22,60.3,2954922,1.0,0.0
2016-05-06,60.29,60.71,60.13,60.69,2979751,1.0,0.0
2016-05-09,60.7,61.27,60.52,61.2,2992055,1.0,0.0
2016-05-10,61.22,61.4898,61.03,61.35,1499458,1.0,0.0
2016-05-11,61.3,61.55,61.07,61.31,1533558,1.0,0.0
2016-05-12,61.3,61.86,61.13,61.78,1548861,1.0,0.0
2016-05-13,61.66,62.05,61.26,61.46,1842562,1.0,0.0
2016-05-16,61.25,61.63,61.0,61.45,1463478,1.0,0.0
2016-05-17,61.27,61.6899,60.56,60.73,1572170,1.0,0.0
2016-05-18,60.76,61.22,60.41,60.8,1391838,1.0,0.0
2016-05-19,60.63,60.84,60.4675,60.76,1627713,1.0,0.0
2016-05-20,61.07,61.24,60.56,60.73,1630766,1.0,0.0
2016-05-23,60.73,60.79,60.42,60.49,1140686,1.0,0.0
2016-05-24,60.96,61.28,60.88,61.04,2209837,1.0,0.0
2016-05-25,61.05,61.19,60.55,60.64,2276993,1.0,0.0
2016-05-26,60.69,61.23,60.64,61.11,2179081,1.0,0.0
2016-05-27,61.12,61.445,61.04,61.33,1540334,1.0,0.0
2016-05-31,61.34,61.63,60.595,60.95,3144126,1.0,0.0
2016-06-01,60.61,61.1,60.59,60.98,1926336,1.0,0.41
2016-06-02,61.0,61.41,60.95,61.41,1385449,1.0,0.0
2016-06-03,61.4,61.65,61.05,61.47,1308095,1.0,0.0
2016-06-06,61.41,61.91,61.41,61.83,1323491,1.0,0.0
2016-06-07,61.64,62.16,61.64,62.07,2157077,1.0,0.0
2016-06-08,62.17,62.24,62.02,62.22,1173787,1.0,0.0
2016-06-09,62.04,62.64,62.015,62.62,1903130,1.0,0.0
2016-06-10,62.62,62.92,62.4,62.62,1225411,1.0,0.0
2016-06-13,62.64,62.925,62.535,62.56,1769868,1.0,0.0
2016-06-14,62.47,63.02,62.25,62.98,1574224,1.0,0.0
2016-06-15,63.13,63.2,62.71,62.8,1316042,1.0,0.0
2016-06-16,62.77,63.485,62.73,63.41,1936500,1.0,0.0
2016-06-17,63.38,63.42,62.52,62.65,2359638,1.0,0.0
2016-06-20,62.9,62.92,62.53,62.57,1803114,1.0,0.0
2016-06-21,62.92,63.01,62.6,62.73,1208100,1.0,0.0
2016-06-22,62.95,63.35,62.89,63.06,1189615,1.0,0.0
2016-06-23,63.41,63.52,63.23,63.45,1063556,1.0,0.0
2016-06-24,61.97,64.0,61.7188,63.7,6874073,1.0,0.0
2016-06-27,63.5,63.786,63.05,63.65,2809675,1.0,0.0
2016-06-28,63.75,64.26,63.368,64.2,2111544,1.0,0.0
2016-06-29,64.5,64.98,64.465,64.78,2089440,1.0,0.0
2016-06-30,64.87,66.27,64.86,66.27,2335911,1.0,0.0
2016-07-01,66.15,66.605,66.0,66.47,2482847,1.0,0.0
2016-07-05,66.33,70.5,66.16,67.07,4079579,1.0,0.0
2016-07-06,67.15,67.37,66.25,67.21,2866403,1.0,0.0
2016-07-07,67.3,67.63,66.88,67.29,1610073,1.0,0.0
2016-07-08,67.44,67.97,67.35,67.61,2039188,1.0,0.0
2016-07-11,67.61,67.87,67.48,67.71,1708326,1.0,0.0
2016-07-12,67.99,68.18,67.29,67.47,2502284,1.0,0.0
2016-07-13,67.61,67.95,67.15,67.81,3187246,1.0,0.0
2016-07-14,68.12,68.47,67.69,67.9,2414768,1.0,0.0
2016-07-15,68.06,68.09,67.19,67.45,2304126,1.0,0.0
2016-07-18,67.78,67.88,67.12,67.23,1471129,1.0,0.0
2016-07-19,67.29,67.66,67.2,67.62,1535592,1.0,0.0
2016-07-20,67.56,67.83,67.51,67.77,1116215,1.0,0.0
2016-07-21,67.63,67.75,67.08,67.18,1650166,1.0,0.0
2016-07-22,67.28,67.5,67.04,67.2,2397579,1.0,0.0
2016-07-25,67.07,67.34,66.91,67.22,2276877,1.0,0.0
2016-07-26,67.29,67.4,66.81,67.35,2160978,1.0,0.0
2016-07-27,67.82,68.305,65.65,66.1,3904033,1.0,0.0
2016-07-28,66.42,66.85,66.18,66.36,2133117,1.0,0.0
2016-07-29,66.36,66.4,65.85,66.12,2079276,1.0,0.0
2016-08-01,66.25,66.64,66.14,66.48,1725740,1.0,0.0
2016-08-02,66.31,66.47,65.78,66.11,2130701,1.0,0.0
2016-08-03,66.02,66.23,65.62,65.82,1597785,1.0,0.0
2016-08-04,66.0,66.2699,65.68,65.78,1331172,1.0,0.0
2016-08-05,66.05,66.29,65.85,65.97,1952104,1.0,0.0
2016-08-08,65.98,66.18,65.5,65.51,1653161,1.0,0.0
2016-08-09,65.76,66.1199,65.66,65.76,2189818,1.0,0.0
2016-08-10,65.93,66.58,65.74,66.55,1686553,1.0,0.0
2016-08-11,66.67,67.24,66.54,66.82,1698377,1.0,0.0
2016-08-12,66.46,66.95,66.46,66.67,1101058,1.0,0.0
2016-08-15,66.65,66.89,66.22,66.23,1352236,1.0,0.0
2016-08-16,65.99,65.99,64.87,64.97,2238595,1.0,0.0
2016-08-17,65.19,65.43,64.86,65.41,2417656,1.0,0.0
2016-08-18,65.26,65.33,64.69,64.92,2111298,1.0,0.0
2016-08-19,64.78,65.08,64.685,64.97,1525451,1.0,0.0
2016-08-22,65.0,65.685,64.91,65.51,2194508,1.0,0.0
2016-08-23,65.51,65.63,65.13,65.28,1380743,1.0,0.0
2016-08-24,65.22,65.42,65.06,65.29,1297717,1.0,0.0
2016-08-25,65.34,65.63,65.15,65.21,1592487,1.0,0.0
2016-08-26,64.99,65.32,63.77,63.97,2609515,1.0,0.0
2016-08-29,64.1,64.56,63.98,64.37,2233540,1.0,0.0
2016-08-30,64.52,64.52,63.84,64.05,1671396,1.0,0.0
2016-08-31,63.88,64.04,63.61,63.94,1520342,1.0,0.0
2016-09-01,63.98,64.13,63.67,64.0,2225297,1.0,0.0
2016-09-02,64.32,64.62,64.08,64.35,1513997,1.0,0.0
2016-09-06,64.51,64.84,64.2,64.65,2494100,1.0,0.0
2016-09-07,64.2,64.3,63.83,64.11,2023081,1.0,0.41
2016-09-08,63.95,64.445,63.86,64.31,1790135,1.0,0.0
2016-09-09,63.87,63.87,62.74,62.75,2536495,1.0,0.0
2016-09-12,62.89,63.56,62.63,63.34,3803220,1.0,0.0
2016-09-13,63.0,63.2169,62.6,62.69,3682948,1.0,0.0
2016-09-14,62.78,62.94,62.41,62.65,1964858,1.0,0.0
2016-09-15,62.58,63.14,62.45,62.83,2722168,1.0,0.0
2016-09-16,62.51,62.9,62.48,62.81,2975502,1.0,0.0
2016-09-19,62.66,63.17,62.57,62.99,2501460,1.0,0.0
2016-09-20,63.48,63.7,63.17,63.22,3085430,1.0,0.0
2016-09-21,63.36,64.05,63.25,64.0,2558464,1.0,0.0
2016-09-22,64.2,64.25,63.695,64.01,5233177,1.0,0.0
2016-09-23,63.12,63.74,63.12,63.36,1922472,1.0,0.0
2016-09-26,63.31,63.665,63.09,63.5,1450078,1.0,0.0
2016-09-27,63.71,64.03,63.71,63.89,2660580,1.0,0.0
2016-09-28,63.96,64.16,63.72,63.85,1455716,1.0,0.0
2016-09-29,63.73,63.78,63.21,63.27,1650763,1.0,0.0
2016-09-30,63.49,64.04,63.4,63.76,2471686,1.0,0.0
2016-10-03,63.7,63.76,63.38,63.46,1230606,1.0,0.0
2016-10-04,63.47,63.58,62.38,62.65,1813868,1.0,0.0
2016-10-05,62.82,62.96,62.26,62.41,1665858,1.0,0.0
2016-10-06,62.37,63.0,62.06,62.78,2706075,1.0,0.0
2016-10-07,62.73,62.85,62.28,62.28,2323044,1.0,0.0
2016-10-10,62.34,62.855,62.34,62.78,2356791,1.0,0.0
2016-10-11,62.61,62.845,62.215,62.43,1440912,1.0,0.0
2016-10-12,62.54,63.14,62.36,62.82,1826341,1.0,0.0
2016-10-13,62.1,62.22,61.0807,61.7,2567384,1.0,0.0
2016-10-14,61.85,62.46,61.7401,61.88,1869137,1.0,0.0
2016-10-17,61.87,62.82,61.81,62.64,1733083,1.0,0.0
2016-10-18,63.05,63.15,62.45,62.54,941125,1.0,0.0
2016-10-19,62.55,62.59,61.975,62.43,1394718,1.0,0.0
2016-10-20,62.4,62.59,62.17,62.44,979459,1.0,0.0
2016-10-21,62.02,62.2501,61.59,62.21,1158391,1.0,0.0
2016-10-24,62.4,62.71,62.4,62.58,1263526,1.0,0.0
2016-10-25,62.48,63.39,62.33,62.74,2363179,1.0,0.0
2016-10-26,64.04,64.25,62.96,63.97,2276462,1.0,0.0
2016-10-27,64.19,64.44,63.22,63.36,2113721,1.0,0.0
2016-10-28,63.51,64.43,63.51,63.98,2556292,1.0,0.0
2016-10-31,64.93,65.87,64.92,65.66,3529396,1.0,0.0
2016-11-01,64.92,65.0,63.79,63.95,2696173,1.0,0.0
2016-11-02,64.07,64.28,63.5,63.64,1853974,1.0,0.0
2016-11-03,63.64,63.64,63.19,63.41,1069814,1.0,0.0
2016-11-04,63.41,63.72,63.35,63.37,1136631,1.0,0.0
2016-11-07,64.26,64.75,64.04,64.7,1905043,1.0,0.0
2016-11-08,64.68,65.58,64.52,65.3,1704182,1.0,0.0
2016-11-09,64.68,66.1,64.32,65.96,2532872,1.0,0.0
2016-11-10,66.0,66.66,65.56,66.54,2748506,1.0,0.0
2016-11-11,66.4,67.87,66.4,67.61,2425302,1.0,0.0
2016-11-14,67.65,68.0,67.14,67.72,1956889,1.0,0.0
2016-11-15,67.84,68.675,67.75,68.65,2988181,1.0,0.0
2016-11-16,68.66,69.45,68.3,68.71,2564469,1.0,0.0
2016-11-17,68.58,68.91,68.42,68.77,1863973,1.0,0.0
2016-11-18,68.76,68.97,68.52,68.9,2078869,1.0,0.0
2016-11-21,68.99,69.58,68.81,69.53,1635232,1.0,0.0
2016-11-22,69.67,69.9,69.49,69.57,1591110,1.0,0.0
2016-11-23,69.54,69.92,69.37,69.54,1422076,1.0,0.0
2016-11-25,69.59,70.13,69.53,70.03,750453,1.0,0.0
2016-11-28,70.0,70.3614,69.76,70.23,1514667,1.0,0.0
2016-11-29,70.02,70.665,69.9,70.39,2391445,1.0,0.0
2016-11-30,70.36,70.36,69.52,69.52,2896651,1.0,0.41
2016-12-01,69.62,69.81,68.93,69.29,2392898,1.0,0.0
2016-12-02,69.58,70.41,69.41,69.87,1835032,1.0,0.0
2016-12-05,69.9,70.22,68.88,69.0,2621290,1.0,0.0
2016-12-06,68.89,69.53,68.84,69.51,2257416,1.0,0.0
2016-12-07,69.46,69.95,68.97,69.94,2539210,1.0,0.0
2016-12-08,69.91,70.275,69.79,70.06,1385306,1.0,0.0
2016-12-09,70.07,70.23,69.76,70.02,1628119,1.0,0.0
2016-12-12,69.94,70.765,69.87,70.7,1402085,1.0,0.0
2016-12-13,70.76,71.17,70.39,70.83,1787963,1.0,0.0
2016-12-14,71.03,71.1,69.99,70.04,2384243,1.0,0.0
2016-12-15,69.89,70.41,69.87,70.1,3199729,1.0,0.0
2016-12-16,70.33,70.81,70.0,70.08,3669867,1.0,0.0
2016-12-19,70.74,71.36,70.66,71.09,2249702,1.0,0.0
2016-12-20,71.25,71.78,71.1,71.14,1460797,1.0,0.0
2016-12-21,71.1,71.35,70.68,70.69,1440682,1.0,0.0
2016-12-22,70.69,70.93,70.61,70.79,1608774,1.0,0.0
2016-12-23,70.96,71.11,70.76,70.92,910778,1.0,0.0
2016-12-27,70.96,71.11,70.85,70.96,708457,1.0,0.0
2016-12-28,71.0,71.4,70.9,70.96,1098845,1.0,0.0
2016-12-29,71.0,71.24,70.93,71.01,871339,1.0,0.0
2016-12-30,71.27,71.5,70.75,70.91,1231153,1.0,0.0
2017-01-03,71.0,71.28,70.187,70.52,1743978,1.0,0.0
2017-01-04,70.75,71.18,70.32,70.32,1606324,1.0,0.0
2017-01-05,70.37,71.1046,70.29,70.59,2464180,1.0,0.0
2017-01-06,70.41,70.8,70.18,70.19,1570683,1.0,0.0
2017-01-09,70.35,70.48,69.665,69.78,2262522,1.0,0.0
2017-01-10,69.58,69.98,69.18,69.49,2089923,1.0,0.0
2017-01-11,69.46,70.27,69.35,70.13,1731907,1.0,0.0
2017-01-12,69.96,70.11,69.39,69.89,1337763,1.0,0.0
2017-01-13,70.11,70.29,69.725,69.79,1611451,1.0,0.0
2017-01-17,69.54,69.72,69.38,69.48,1795012,1.0,0.0
2017-01-18,69.43,69.67,69.43,69.59,1423055,1.0,0.0
2017-01-19,69.37,69.69,69.25,69.57,1162073,1.0,0.0
2017-01-20,69.72,69.83,69.45,69.66,1331271,1.0,0.0
2017-01-23,69.69,69.87,69.23,69.34,1005048,1.0,0.0
2017-01-24,69.35,69.62,69.0,69.56,1090857,1.0,0.0
2017-01-25,69.56,69.98,69.56,69.67,1931793,1.0,0.0
2017-01-26,69.69,69.85,69.6,69.73,1137073,1.0,0.0
2017-01-27,69.85,69.85,69.54,69.64,1134667,1.0,0.0
2017-01-30,69.69,69.69,69.3701,69.6,1146193,1.0,0.0
2017-01-31,69.71,69.98,69.34,69.5,1374112,1.0,0.0
2017-02-01,69.32,69.61,69.0,69.18,1718970,1.0,0.0
2017-02-02,69.15,69.7,69.06,69.64,1613202,1.0,0.0
2017-02-03,69.78,69.99,69.58,69.65,1351963,1.0,0.0
2017-02-06,69.81,69.9299,69.31,69.42,1006173,1.0,0.0
2017-02-07,69.48,70.09,69.4605,69.9,1554793,1.0,0.0
2017-02-08,69.85,70.13,69.75,70.01,1604252,1.0,0.0
2017-02-09,69.89,70.305,69.74,70.25,1512116,1.0,0.0
2017-02-10,70.16,70.83,70.04,70.54,1617277,1.0,0.0
2017-02-13,70.59,70.99,70.51,70.84,1548833,1.0,0.0
2017-02-14,70.79,71.05,70.72,70.86,1230156,1.0,0.0
2017-02-15,70.64,71.44,70.5,71.35,1499012,1.0,0.0
2017-02-16,69.64,71.23,69.55,71.18,2252560,1.0,0.0
2017-02-17,71.17,72.47,71.15,72.45,2436652,1.0,0.0
2017-02-21,72.35,73.2,72.21,72.82,1717039,1.0,0.0
2017-02-22,72.85,73.21,72.57,73.01,1319229,1.0,0.0
2017-02-23,73.14,73.3,72.59,72.91,1490226,1.0,0.0
2017-02-24,72.98,73.15,72.76,73.15,1150636,1.0,0.0
2017-02-27,73.07,73.45,73.0,73.24,1144251,1.0,0.0
2017-02-28,73.21,73.53,73.1301,73.32,2115251,1.0,0.0
2017-03-01,73.35,73.65,72.85,73.37,1746832,1.0,0.0
2017-03-02,73.15,73.55,73.06,73.28,1108206,1.0,0.0
2017-03-03,73.27,73.294,72.68,72.83,2133808,1.0,0.0
2017-03-06,72.58,73.075,72.43,73.01,1994603,1.0,0.0
2017-03-07,72.85,73.26,72.68,72.7,1762511,1.0,0.0
2017-03-08,72.21,72.58,72.01,72.19,1517431,1.0,0.425
2017-03-09,72.21,72.405,71.94,72.3,1568252,1.0,0.0
2017-03-10,72.54,73.1,72.51,73.0,1638927,1.0,0.0
2017-03-13,72.87,73.15,72.668,73.1,1359607,1.0,0.0
2017-03-14,73.09,73.22,72.72,72.98,1070110,1.0,0.0
2017-03-15,73.03,73.865,72.86,73.78,1575566,1.0,0.0
2017-03-16,73.65,73.9,72.94,73.11,1462395,1.0,0.0
2017-03-17,73.36,73.79,73.17,73.54,3203339,1.0,0.0
2017-03-20,73.58,73.61,73.065,73.11,1444768,1.0,0.0
2017-03-21,73.35,73.37,72.41,72.52,2194418,1.0,0.0
2017-03-22,72.78,72.95,72.54,72.65,1399219,1.0,0.0
2017-03-23,72.56,72.89,72.465,72.56,1213824,1.0,0.0
2017-03-24,72.6,72.87,72.15,72.32,1577953,1.0,0.0
2017-03-27,72.18,72.18,71.56,71.88,1624514,1.0,0.0
2017-03-28,71.62,72.46,71.53,72.34,1619779,1.0,0.0
2017-03-29,71.85,72.43,71.82,72.15,1768501,1.0,0.0
2017-03-30,72.19,72.94,72.15,72.93,1352056,1.0,0.0
2017-03-31,72.72,73.14,72.68,72.92,1330977,1.0,0.0
2017-04-03,73.08,73.09,72.5,72.59,1528701,1.0,0.0
2017-04-04,72.67,72.92,72.43,72.53,2316324,1.0,0.0
2017-04-05,72.78,73.73,72.78,73.27,1559183,1.0,0.0
2017-04-06,73.15,73.26,72.74,73.09,1257094,1.0,0.0
2017-04-07,73.19,73.516,73.05,73.21,1175032,1.0,0.0
2017-04-10,73.11,73.24,72.76,72.89,1226932,1.0,0.0
2017-04-11,72.88,72.97,72.51,72.87,1212117,1.0,0.0
2017-04-12,72.71,72.82,72.1499,72.3,1551509,1.0,0.0
2017-04-13,72.12,72.385,71.91,72.02,1927456,1.0,0.0
2017-04-17,72.22,72.71,72.22,72.5,1241108,1.0,0.0
2017-04-18,72.4,72.55,72.2313,72.45,1322130,1.0,0.0
2017-04-19,72.61,72.85,72.4946,72.71,1430411,1.0,0.0
2017-04-20,72.87,72.97,72.7,72.84,1138327,1.0,0.0
2017-04-21,72.9,73.57,72.85,73.38,1356143,1.0,0.0
2017-04-24,73.82,74.2,73.72,74.1,1407814,1.0,0.0
2017-04-25,74.2,74.58,74.125,74.23,1498091,1.0,0.0
2017-04-26,74.08,74.27,72.16,72.3,2905155,1.0,0.0
2017-04-27,72.84,73.62,72.61,72.84,1661640,1.0,0.0
2017-04-28,72.78,73.1,72.56,72.78,1490130,1.0,0.0
2017-05-01,73.08,73.11,72.265,73.01,1720995,1.0,0.0
2017-05-02,73.21,73.29,72.56,72.86,1254992,1.0,0.0
2017-05-03,72.83,72.95,72.5,72.88,1351564,1.0,0.0
2017-05-04,73.05,73.13,72.63,72.95,1321997,1.0,0.0
2017-05-05,73.03,73.43,72.93,73.39,898335,1.0,0.0
2017-05-08,73.44,73.62,73.11,73.26,1210405,1.0,0.0
2017-05-09,73.11,73.44,72.53,72.76,1315496,1.0,0.0
2017-05-10,72.63,73.24,72.53,73.09,1457823,1.0,0.0
2017-05-11,72.85,72.91,72.4057,72.55,1423710,1.0,0.0
2017-05-12,72.77,72.77,71.87,71.96,1209622,1.0,0.0
2017-05-15,71.85,72.27,71.58,72.17,1292472,1.0,0.0
2017-05-16,72.18,72.3,71.16,71.25,1897042,1.0,0.0
2017-05-17,71.0,71.23,70.68,70.73,1641649,1.0,0.0
2017-05-18,70.66,71.19,70.25,70.96,2234528,1.0,0.0
2017-05-19,70.88,70.9899,70.085,70.5,3015345,1.0,0.0
2017-05-22,70.68,71.1,70.615,70.97,2345472,1.0,0.0
2017-05-23,71.13,71.5,70.72,71.02,1603231,1.0,0.0
2017-05-24,71.3,71.47,71.1,71.38,1521527,1.0,0.0
2017-05-25,71.49,71.74,71.34,71.57,1291925,1.0,0.0
2017-05-26,71.37,71.925,71.28,71.84,1076279,1.0,0.0
2017-05-30,71.78,72.25,71.62,72.14,1365822,1.0,0.0
2017-05-31,72.15,72.99,72.11,72.91,2200888,1.0,0.0
2017-06-01,72.96,73.5,72.72,73.46,1626380,1.0,0.0
2017-06-02,73.71,74.42,73.59,74.25,1856784,1.0,0.0
2017-06-05,74.03,74.4957,73.731,73.91,1523915,1.0,0.0
2017-06-06,73.96,74.09,73.25,73.41,1772751,1.0,0.0
2017-06-07,73.2,73.5,73.115,73.33,1633766,1.0,0.425
2017-06-08,73.31,73.52,72.31,72.54,2226111,1.0,0.0
2017-06-09,72.47,72.77,72.24,72.65,2025007,1.0,0.0
2017-06-12,72.65,73.0,72.5,72.88,1961484,1.0,0.0
2017-06-13,72.88,73.62,72.76,73.37,1431779,1.0,0.0
2017-06-14,73.63,73.88,73.27,73.42,1491181,1.0,0.0
2017-06-15,73.15,74.17,73.15,74.05,2520974,1.0,0.0
2017-06-16,74.2,74.48,73.94,74.14,2596666,1.0,0.0
2017-06-19,74.19,74.52,73.91,74.18,2239632,1.0,0.0
2017-06-20,74.07,74.44,73.765,73.77,1273503,1.0,0.0
2017-06-21,73.77,74.03,73.12,73.4,2552665,1.0,0.0
2017-06-22,73.34,73.56,73.02,73.36,1062767,1.0,0.0
2017-06-23,73.27,73.59,73.2001,73.43,1394347,1.0,0.0
2017-06-26,73.6,73.8,73.33,73.46,1139038,1.0,0.0
2017-06-27,73.23,73.54,73.11,73.11,1033784,1.0,0.0
2017-06-28,73.53,74.15,73.45,73.52,1289851,1.0,0.0
2017-06-29,73.49,73.7,72.58,73.02,2279118,1.0,0.0
2017-06-30,73.38,73.65,73.22,73.35,1396903,1.0,0.0
2017-07-03,73.44,73.84,73.3181,73.4,758209,1.0,0.0
2017-07-05,73.8,73.85,73.4,73.72,1410693,1.0,0.0
2017-07-06,73.41,73.58,73.18,73.39,1549802,1.0,0.0
2017-07-07,73.55,74.19,73.49,73.99,1416747,1.0,0.0
2017-07-10,73.97,74.29,73.76,73.98,1399310,1.0,0.0
2017-07-11,73.98,74.2,73.74,73.86,1106195,1.0,0.0
2017-07-12,74.22,74.53,74.155,74.17,1165890,1.0,0.0
2017-07-13,74.17,74.22,73.73,73.99,1012660,1.0,0.0
2017-07-14,74.09,74.3,74.01,74.27,754270,1.0,0.0
2017-07-17,74.21,74.62,74.0347,74.5,1162020,1.0,0.0
2017-07-18,74.6,74.97,74.4,74.79,1373691,1.0,0.0
2017-07-19,74.82,75.065,74.72,74.92,2022658,1.0,0.0
2017-07-20,74.81,75.28,74.65,75.0,2086311,1.0,0.0
2017-07-21,74.89,75.42,74.865,75.37,1375967,1.0,0.0
2017-07-24,75.3,75.46,75.03,75.09,1516891,1.0,0.0
2017-07-25,75.27,75.97,75.12,75.64,2195637,1.0,0.0
2017-07-26,76.0,76.0,73.48,74.66,3670442,1.0,0.0
2017-07-27,74.95,75.49,74.49,75.45,1881953,1.0,0.0
2017-07-28,75.46,75.64,74.61,74.8,1492726,1.0,0.0
2017-07-31,74.94,75.34,74.805,75.15,1362552,1.0,0.0
2017-08-01,75.33,75.5,75.15,75.22,1461322,1.0,0.0
2017-08-02,74.99,75.4168,74.82,75.25,1311694,1.0,0.0
2017-08-03,75.38,75.73,75.24,75.62,1889655,1.0,0.0
2017-08-04,75.66,75.95,75.38,75.52,1350227,1.0,0.0
2017-08-07,75.52,75.68,75.27,75.39,868214,1.0,0.0
2017-08-08,75.27,75.54,75.17,75.34,1325299,1.0,0.0
2017-08-09,75.24,75.46,75.13,75.23,1415579,1.0,0.0
2017-08-10,75.06,75.42,74.76,74.81,1623342,1.0,0.0
2017-08-11,74.96,75.22,74.61,74.61,958391,1.0,0.0
2017-08-14,75.13,75.67,75.09,75.55,1089211,1.0,0.0
2017-08-15,75.55,75.87,75.47,75.7,1156460,1.0,0.0
2017-08-16,75.85,76.25,75.73,76.0,1655183,1.0,0.0
2017-08-17,76.0,76.33,75.49,75.53,1444763,1.0,0.0
2017-08-18,75.43,75.655,75.2,75.25,1549607,1.0,0.0
2017-08-21,75.29,75.88,75.28,75.54,1809921,1.0,0.0
2017-08-22,75.72,76.2,75.72,76.2,1524163,1.0,0.0
2017-08-23,75.88,76.16,75.81,76.03,1061859,1.0,0.0
2017-08-24,76.17,76.25,75.6,75.65,859369,1.0,0.0
2017-08-25,75.95,76.32,75.88,75.89,960829,1.0,0.0
2017-08-28,76.01,76.36,75.78,76.26,1979160,1.0,0.0
2017-08-29,76.12,76.85,76.0,76.75,1407533,1.0,0.0
2017-08-30,76.72,76.96,76.37,76.95,1847262,1.0,0.0
2017-08-31,77.03,77.175,76.7514,77.11,2113603,1.0,0.0
2017-09-01,77.24,77.52,77.13,77.19,1782382,1.0,0.0
2017-09-05,77.18,77.19,75.83,75.94,2654551,1.0,0.0
2017-09-06,76.03,76.2939,75.96,76.13,1847643,1.0,0.0
2017-09-07,75.94,76.11,75.715,76.08,1826757,1.0,0.425
2017-09-08,75.99,77.252,75.77,77.12,2237865,1.0,0.0
2017-09-11,77.6,77.81,77.29,77.72,2317670,1.0,0.0
2017-09-12,77.59,78.38,77.5,78.32,1469998,1.0,0.0
2017-09-13,78.31,78.39,77.7,77.81,1694462,1.0,0.0
2017-09-14,77.74,77.9955,77.62,77.84,1630257,1.0,0.0
2017-09-15,77.81,78.04,77.35,78.0,2312502,1.0,0.0
2017-09-18,78.1,78.345,77.975,78.18,1233590,1.0,0.0
2017-09-19,78.21,78.33,77.92,78.26,1035573,1.0,0.0
2017-09-20,78.37,78.705,78.27,78.39,1610839,1.0,0.0
2017-09-21,78.48,78.56,77.78,78.28,1737854,1.0,0.0
2017-09-22,78.24,78.55,78.19,78.2,999292,1.0,0.0
2017-09-25,78.44,78.6,78.25,78.6,1453887,1.0,0.0
2017-09-26,78.62,78.79,78.395,78.62,1266163,1.0,0.0
2017-09-27,78.64,78.819,78.19,78.32,1796959,1.0,0.0
2017-09-28,78.1,78.47,77.79,78.41,2376837,1.0,0.0
2017-09-29,78.36,78.53,78.06,78.27,1912924,1.0,0.0
2017-10-02,78.5,78.77,78.3,78.77,1773837,1.0,0.0
2017-10-03,78.76,79.28,78.44,79.28,1621690,1.0,0.0
2017-10-04,77.88,77.99,75.86,76.33,5727700,1.0,0.0
2017-10-05,76.26,76.9,76.13,76.67,2499249,1.0,0.0
2017-10-06,76.41,76.55,75.97,76.28,2530641,1.0,0.0
2017-10-09,76.44,76.88,76.39,76.79,1123997,1.0,0.0
2017-10-10,77.06,77.18,76.63,76.74,1870404,1.0,0.0
2017-10-11,76.99,77.3,76.8,77.08,2225546,1.0,0.0
2017-10-12,77.0,77.21,76.86,76.92,2591405,1.0,0.0
2017-10-13,77.17,77.5,76.93,77.02,2086783,1.0,0.0
2017-10-16,77.0,77.2,76.615,76.69,1547195,1.0,0.0
2017-10-17,76.6,77.0058,76.545,76.84,1774975,1.0,0.0
2017-10-18,77.0,77.15,76.85,76.94,1444526,1.0,0.0
2017-10-19,76.85,77.49,76.84,77.37,1285869,1.0,0.0
2017-10-20,77.65,77.875,77.55,77.73,1354491,1.0,0.0
2017-10-23,77.26,77.94,77.14,77.72,1605613,1.0,0.0
2017-10-24,77.95,78.15,77.84,77.95,1312556,1.0,0.0
2017-10-25,77.93,77.93,77.38,77.51,1622753,1.0,0.0
2017-10-26,78.58,81.43,78.0,81.31,3795126,1.0,0.0
2017-10-27,81.67,82.695,81.37,82.31,2767383,1.0,0.0
2017-10-30,82.31,82.87,81.59,81.87,1764655,1.0,0.0
2017-10-31,81.75,82.28,81.6098,82.17,1994345,1.0,0.0
2017-11-01,82.21,82.45,80.86,81.1,2754741,1.0,0.0
2017-11-02,81.25,82.04,81.25,81.65,2626647,1.0,0.0
2017-11-03,81.87,82.63,81.7,81.7,1920360,1.0,0.0
2017-11-06,81.63,81.71,81.24,81.24,1243255,1.0,0.0
2017-11-07,81.28,81.71,81.21,81.63,1978504,1.0,0.0
2017-11-08,81.54,82.21,81.53,81.84,1301572,1.0,0.0
2017-11-09,81.55,81.76,81.01,81.4,912921,1.0,0.0
2017-11-10,81.21,81.53,81.07,81.32,1802331,1.0,0.0
2017-11-13,81.32,82.19,81.27,82.14,1494440,1.0,0.0
2017-11-14,81.71,82.5,81.53,82.38,1439377,1.0,0.0
2017-11-15,82.2,82.25,78.33,81.73,1123229,1.0,0.0
2017-11-16,81.85,82.25,81.53,81.7,1816235,1.0,0.0
2017-11-17,81.61,81.72,80.54,80.65,2155363,1.0,0.0
2017-11-20,80.88,81.31,80.69,80.92,1370082,1.0,0.0
2017-11-21,81.02,81.165,80.65,80.87,1370612,1.0,0.0
2017-11-22,80.87,80.88,80.24,80.26,2363666,1.0,0.0
2017-11-24,80.33,80.5,79.76,80.38,540674,1.0,0.0
2017-11-27,80.5,81.05,80.36,80.85,991671,1.0,0.0
2017-11-28,81.04,81.65,80.855,81.61,876264,1.0,0.0
2017-11-29,81.49,82.97,81.34,82.62,1931173,1.0,0.0
2017-11-30,82.44,82.88,81.99,82.25,3620232,1.0,0.425
2017-12-01,82.39,82.65,80.82,81.81,2383835,1.0,0.0
2017-12-04,82.38,83.93,82.29,83.15,2140384,1.0,0.0
2017-12-05,83.4,83.9,83.0735,83.32,2378090,1.0,0.0
2017-12-06,83.43,83.69,83.12,83.5,1431046,1.0,0.0
2017-12-07,83.52,83.95,83.29,83.91,1170287,1.0,0.0
2017-12-08,84.0,84.57,83.68,84.57,1660408,1.0,0.0
2017-12-11,85.87,85.87,84.99,85.37,2224498,1.0,0.0
2017-12-12,85.13,85.49,84.53,84.64,2223731,1.0,0.0
2017-12-13,84.58,85.51,84.15,85.34,2062632,1.0,0.0
2017-12-14,85.51,85.57,84.66,84.66,1505842,1.0,0.0
2017-12-15,86.05,86.82,85.44,85.87,4060199,1.0,0.0
2017-12-18,86.15,86.52,85.82,86.12,2252267,1.0,0.0
2017-12-19,86.44,86.5,85.45,85.65,1811260,1.0,0.0
2017-12-20,85.75,86.44,85.71,85.79,1299026,1.0,0.0
2017-12-21,86.04,86.16,85.57,85.79,1717533,1.0,0.0
2017-12-22,85.96,86.25,85.72,85.91,790079,1.0,0.0
2017-12-26,85.92,86.34,85.66,85.88,529121,1.0,0.0
2017-12-27,85.98,86.15,85.72,86.11,662053,1.0,0.0
2017-12-28,86.2,86.31,85.7,86.29,745832,1.0,0.0
2017-12-29,86.57,86.89,86.3,86.3,1128764,1.0,0.0
2018-01-02,86.15,86.49,85.55,86.1,1874992,1.0,0.0
2018-01-03,87.51,87.54,86.67,87.35,2099231,1.0,0.0
2018-01-04,87.69,88.41,87.58,88.1,2537907,1.0,0.0
2018-01-05,88.31,88.35,87.45,87.99,1594065,1.0,0.0
2018-01-08,87.7,88.15,87.55,88.05,1529153,1.0,0.0
2018-01-09,88.15,88.31,87.63,87.69,1258965,1.0,0.0
2018-01-10,87.5,87.6,87.12,87.27,1079294,1.0,0.0
2018-01-11,87.27,88.21,87.24,88.18,1600439,1.0,0.0
2018-01-12,88.2,88.66,87.65,88.27,1984369,1.0,0.0
2018-01-16,88.44,88.73,88.14,88.16,1558345,1.0,0.0
2018-01-17,88.1,88.65,87.9,88.53,1497221,1.0,0.0
2018-01-18,88.4,88.42,87.89,87.96,1530235,1.0,0.0
2018-01-19,88.26,88.42,87.66,88.06,2069005,1.0,0.0
2018-01-22,88.23,88.72,88.09,88.66,1534134,1.0,0.0
2018-01-23,88.47,88.73,88.01,88.6,1186425,1.0,0.0
2018-01-24,88.85,89.13,88.22,88.5,1021656,1.0,0.0
2018-01-25,88.66,88.78,88.11,88.56,1335731,1.0,0.0
2018-01-26,88.83,89.73,88.57,89.71,2089195,1.0,0.0
2018-01-29,89.27,89.38,88.22,88.22,1481709,1.0,0.0
2018-01-30,87.76,88.55,87.66,87.95,1468953,1.0,0.0
2018-01-31,88.05,88.9,87.88,88.43,1499916,1.0,0.0
2018-02-01,88.47,88.64,87.42,87.85,1628419,1.0,0.0
2018-02-02,87.26,88.04,86.49,86.53,2039675,1.0,0.0
2018-02-05,86.1,86.21,81.49,81.75,4278188,1.0,0.0
2018-02-06,80.91,82.97,78.87,81.8,5856708,1.0,0.0
2018-02-07,81.88,83.47,81.63,81.73,2734106,1.0,0.0
2018-02-08,81.88,82.23,79.07,79.12,3947167,1.0,0.0
2018-02-09,79.91,80.5,78.39,80.1,4937557,1.0,0.0
2018-02-12,80.8,81.23,79.86,80.57,3759839,1.0,0.0
2018-02-13,80.13,81.07,80.0,80.79,2688362,1.0,0.0
2018-02-14,80.49,82.6,80.3,82.6,3158298,1.0,0.0
2018-02-15,87.13,88.0,82.78,84.02,6367384,1.0,0.0
2018-02-16,84.13,85.75,83.7,85.15,3360371,1.0,0.0
2018-02-20,84.63,86.17,84.51,84.87,2535414,1.0,0.0
2018-02-21,84.93,85.55,84.06,84.09,2045314,1.0,0.0
2018-02-22,84.37,85.3,84.14,84.5,2468468,1.0,0.0
2018-02-23,84.91,85.49,84.33,85.49,1522253,1.0,0.0
2018-02-26,85.72,86.63,85.61,86.59,2184093,1.0,0.0
2018-02-27,86.66,87.62,86.66,86.95,3116069,1.0,0.0
2018-02-28,87.38,88.26,86.26,86.32,3683147,1.0,0.0
2018-03-01,86.49,87.19,85.07,85.35,3090797,1.0,0.0
2018-03-02,84.77,85.74,84.5,85.52,2396811,1.0,0.0
2018-03-05,85.37,85.9,84.71,85.69,2516215,1.0,0.0
2018-03-06,85.9,85.9,85.28,85.82,1983383,1.0,0.0
2018-03-07,85.26,85.68,84.95,85.3,2268524,1.0,0.0
2018-03-08,85.12,85.69,84.93,85.24,3376393,1.0,0.465
2018-03-09,85.75,87.26,85.7,87.21,3000715,1.0,0.0
2018-03-12,87.38,87.38,86.33,86.67,1885396,1.0,0.0
2018-03-13,86.89,87.34,86.47,86.66,1472382,1.0,0.0
2018-03-14,87.2,87.37,86.26,86.41,2197119,1.0,0.0
2018-03-15,86.46,86.64,85.42,86.25,1458882,1.0,0.0
2018-03-16,86.32,86.86,85.86,86.39,3560686,1.0,0.0
2018-03-19,86.28,86.84,85.68,85.8,2179661,1.0,0.0
2018-03-20,85.92,86.51,85.82,86.27,1505710,1.0,0.0
2018-03-21,86.41,86.71,85.87,85.92,1449892,1.0,0.0
2018-03-22,85.3,85.86,84.09,84.24,2055067,1.0,0.0
2018-03-23,84.57,85.09,82.89,82.9,2911461,1.0,0.0
2018-03-26,83.83,84.48,83.12,84.13,2075422,1.0,0.0
2018-03-27,84.47,84.68,82.72,83.29,2145948,1.0,0.0
2018-03-28,83.41,84.1,82.92,83.18,1958809,1.0,0.0
2018-03-29,83.62,84.66,83.48,84.12,1676224,1.0,0.0
2018-04-02,84.0,84.7,82.71,83.58,2054639,1.0,0.0
2018-04-03,83.84,84.99,83.78,84.92,1784381,1.0,0.0
2018-04-04,84.15,85.59,83.83,85.48,2770009,1.0,0.0
2018-04-05,85.8,86.33,85.48,86.02,2401160,1.0,0.0
2018-04-06,85.13,85.66,83.74,84.21,2135481,1.0,0.0
2018-04-09,84.74,84.96,83.47,83.59,1993326,1.0,0.0
2018-04-10,84.72,84.83,83.88,84.25,2106670,1.0,0.0
2018-04-11,83.72,83.86,82.54,82.69,2549842,1.0,0.0
2018-04-12,82.99,83.69,82.93,83.02,2662522,1.0,0.0
2018-04-13,83.31,83.43,82.6,83.07,2495918,1.0,0.0
2018-04-16,83.5,83.58,82.83,83.38,2365420,1.0,0.0
2018-04-17,83.84,83.95,83.13,83.52,2379486,1.0,0.0
2018-04-18,83.5,83.86,83.2,83.65,2068367,1.0,0.0
2018-04-19,83.52,83.66,82.55,82.62,3652779,1.0,0.0
2018-04-20,83.58,84.1,82.07,82.48,3184102,1.0,0.0
2018-04-23,82.52,83.63,82.46,82.5,2317513,1.0,0.0
2018-04-24,82.88,82.88,81.06,81.4,2889105,1.0,0.0
2018-04-25,81.19,81.74,80.91,81.25,2143174,1.0,0.0
2018-04-26,81.42,82.32,81.08,81.75,2519256,1.0,0.0
2018-04-27,81.77,82.65,81.77,82.3,1897143,1.0,0.0
2018-04-30,82.38,82.7,81.26,81.29,3228958,1.0,0.0
2018-05-01,81.35,81.63,80.67,81.25,2211539,1.0,0.0
2018-05-02,81.34,81.5,80.72,80.84,2240180,1.0,0.0
2018-05-03,80.89,83.09,80.89,82.94,2773588,1.0,0.0
2018-05-04,82.55,84.24,82.53,84.05,1494371,1.0,0.0
2018-05-07,83.83,84.0,83.03,83.22,2313501,1.0,0.0
2018-05-08,82.96,83.46,82.74,83.07,1486416,1.0,0.0
2018-05-09,83.13,83.3,82.69,83.01,1320313,1.0,0.0
2018-05-10,83.33,83.58,83.13,83.32,1097644,1.0,0.0
2018-05-11,83.55,83.7,82.83,82.97,2145469,1.0,0.0
2018-05-14,83.0,83.21,82.46,82.63,1839223,1.0,0.0
2018-05-15,82.06,82.47,81.81,82.18,2501399,1.0,0.0
2018-05-16,82.18,82.52,81.51,81.62,1369189,1.0,0.0
2018-05-17,81.63,81.96,81.25,81.48,1370776,1.0,0.0
2018-05-18,81.5,81.82,81.42,81.48,1710032,1.0,0.0
2018-05-21,81.67,82.44,81.49,82.34,1623648,1.0,0.0
2018-05-22,82.22,82.76,81.72,81.79,2266214,1.0,0.0
2018-05-23,81.6,82.94,81.6,82.83,2363722,1.0,0.0
2018-05-24,82.78,83.11,82.43,82.93,1376535,1.0,0.0
2018-05-25,82.8,83.3,82.75,82.96,1545692,1.0,0.0
2018-05-29,82.42,82.82,82.06,82.65,3621726,1.0,0.0
2018-05-30,82.8,84.02,82.7,83.85,1867121,1.0,0.0
2018-05-31,83.91,84.4,82.71,82.71,3413906,1.0,0.0
2018-06-01,83.18,83.68,82.92,83.63,1541467,1.0,0.0
2018-06-04,83.82,84.05,83.62,83.67,1949484,1.0,0.0
2018-06-05,83.72,84.11,83.38,83.49,1706592,1.0,0.0
2018-06-06,83.34,83.92,83.34,83.78,1559299,1.0,0.0
2018-06-07,83.62,83.78,83.14,83.32,1490934,1.0,0.465
2018-06-08,83.33,83.91,83.3,83.59,1775586,1.0,0.0
2018-06-11,83.74,83.87,83.07,83.56,2196028,1.0,0.0
2018-06-12,83.79,84.04,83.35,83.9,1912198,1.0,0.0
2018-06-13,84.0,84.14,83.03,83.12,2323620,1.0,0.0
2018-06-14,83.14,83.62,82.56,83.57,1682660,1.0,0.0
2018-06-15,83.41,84.43,83.12,84.33,3064176,1.0,0.0
2018-06-18,83.72,83.78,83.16,83.27,1496005,1.0,0.0
2018-06-19,82.96,83.29,82.16,82.68,2359043,1.0,0.0
2018-06-20,82.69,82.75,81.89,81.92,1918722,1.0,0.0
2018-06-21,81.92,82.04,81.12,81.27,3166040,1.0,0.0
2018-06-22,81.55,82.2,81.42,81.88,2607304,1.0,0.0
2018-06-25,81.72,81.87,81.29,81.7,2799562,1.0,0.0
2018-06-26,81.79,82.13,81.32,81.59,2593399,1.0,0.0
2018-06-27,81.57,81.92,79.96,80.0,2870308,1.0,0.0
2018-06-28,80.14,81.01,79.97,80.77,2398341,1.0,0.0
2018-06-29,80.91,81.73,80.73,81.34,2484438,1.0,0.0
2018-07-02,80.91,81.92,80.88,81.86,1270623,1.0,0.0
2018-07-03,82.03,82.19,81.38,81.59,658093,1.0,0.0
2018-07-05,82.0,82.31,81.77,82.29,1582316,1.0,0.0
2018-07-06,82.0,82.64,81.8,82.29,1568972,1.0,0.0
2018-07-09,82.45,82.88,82.27,82.45,1329468,1.0,0.0
2018-07-10,82.89,83.5,82.68,83.41,1693508,1.0,0.0
2018-07-11,83.09,84.08,83.08,83.71,2384764,1.0,0.0
2018-07-12,84.06,84.55,83.88,84.25,1819734,1.0,0.0
2018-07-13,84.29,84.66,84.16,84.37,1119994,1.0,0.0
2018-07-16,84.38,84.38,83.62,83.77,1398980,1.0,0.0
2018-07-17,83.82,84.08,83.47,83.7,1635477,1.0,0.0
2018-07-18,83.67,83.7,82.59,82.66,1512004,1.0,0.0
2018-07-19,82.57,82.94,82.54,82.65,1139960,1.0,0.0
2018-07-20,82.39,82.86,82.3,82.69,1114201,1.0,0.0
2018-07-23,82.48,82.62,81.65,82.24,1511341,1.0,0.0
2018-07-24,82.2,82.35,81.01,81.49,2733673,1.0,0.0
2018-07-25,82.67,88.11,82.55,87.84,4864254,1.0,0.0
2018-07-26,88.21,89.14,88.07,88.52,3170283,1.0,0.0
2018-07-27,88.54,89.79,88.54,89.65,2524130,1.0,0.0
2018-07-30,89.6,89.87,88.79,88.87,2039246,1.0,0.0
2018-07-31,89.17,90.1,88.82,90.0,2171509,1.0,0.0
2018-08-01,90.16,90.71,89.73,89.87,2279187,1.0,0.0
2018-08-02,90.07,90.38,89.61,90.11,2159139,1.0,0.0
2018-08-03,90.0,90.0,88.54,89.56,1885444,1.0,0.0
2018-08-06,89.4,89.91,89.23,89.82,1779138,1.0,0.0
2018-08-07,90.13,90.3,89.67,89.91,1708161,1.0,0.0
2018-08-08,90.24,90.62,89.77,90.03,936474,1.0,0.0
2018-08-09,90.16,90.27,89.79,90.14,1139546,1.0,0.0
2018-08-10,90.15,90.45,89.69,89.94,2084527,1.0,0.0
2018-08-13,89.96,90.53,89.65,90.01,2755551,1.0,0.0
2018-08-14,90.17,90.74,89.86,90.15,2062215,1.0,0.0
2018-08-15,89.94,90.79,89.51,90.66,1597879,1.0,0.0
2018-08-16,90.96,91.15,90.32,90.85,1294743,1.0,0.0
2018-08-17,90.95,91.48,90.71,91.34,1654915,1.0,0.0
2018-08-20,91.59,91.64,91.14,91.17,1803115,1.0,0.0
2018-08-21,91.33,91.52,90.53,90.88,1526956,1.0,0.0
2018-08-22,90.94,90.94,90.53,90.6,1283908,1.0,0.0
2018-08-23,90.5,90.9,90.31,90.63,956506,1.0,0.0
2018-08-24,90.72,91.0,90.36,90.7,1151086,1.0,0.0
2018-08-27,90.98,91.1,90.47,90.67,1463627,1.0,0.0
2018-08-28,90.72,90.83,90.17,90.44,1263512,1.0,0.0
2018-08-29,90.61,90.8,90.2,90.63,1072390,1.0,0.0
2018-08-30,90.52,90.82,90.3,90.76,1309213,1.0,0.0
2018-08-31,90.8,91.0,90.51,90.9,1528924,1.0,0.0
2018-09-04,90.8,91.17,90.64,91.12,1359585,1.0,0.0
2018-09-05,91.02,91.63,90.66,91.54,1805323,1.0,0.0
2018-09-06,91.06,91.92,91.06,91.88,1736606,1.0,0.465
2018-09-07,91.81,92.36,91.6,91.81,2015528,1.0,0.0
2018-09-10,92.02,92.27,91.86,91.94,2633405,1.0,0.0
2018-09-11,91.74,92.67,91.74,92.34,1699051,1.0,0.0
2018-09-12,92.36,92.41,91.68,91.75,2235217,1.0,0.0
2018-09-13,92.01,92.11,91.47,92.03,1065441,1.0,0.0
2018-09-14,91.96,92.15,91.49,92.03,1106278,1.0,0.0
2018-09-17,92.13,92.32,91.62,92.11,789651,1.0,0.0
2018-09-18,92.32,92.85,92.11,92.51,1697902,1.0,0.0
2018-09-19,92.12,92.24,91.06,91.21,1511931,1.0,0.0
2018-09-20,91.47,91.96,91.28,91.72,1163427,1.0,0.0
2018-09-21,92.04,92.04,91.4,91.42,2244876,1.0,0.0
2018-09-24,91.42,91.47,90.33,90.51,1204685,1.0,0.0
2018-09-25,90.76,90.91,90.22,90.38,1448664,1.0,0.0
2018-09-26,90.35,90.49,89.66,89.77,1600979,1.0,0.0
2018-09-27,89.89,90.56,89.65,89.85,1446139,1.0,0.0
2018-09-28,89.8,90.44,89.73,90.36,2213591,1.0,0.0
2018-10-01,90.77,90.82,90.08,90.17,910790,1.0,0.0
2018-10-02,90.19,90.36,89.74,89.93,1101203,1.0,0.0
2018-10-03,90.12,90.41,89.24,89.51,1167777,1.0,0.0
2018-10-04,89.2,89.45,88.47,89.03,1235483,1.0,0.0
2018-10-05,89.32,90.29,89.1,89.96,1833857,1.0,0.0
2018-10-08,89.9,91.05,89.87,90.88,2166920,1.0,0.0
2018-10-09,90.82,91.66,90.49,91.27,2248774,1.0,0.0
2018-10-10,90.8,91.41,90.18,90.3,4325183,1.0,0.0
2018-10-11,90.29,90.73,88.01,88.04,2726551,1.0,0.0
2018-10-12,88.82,89.0,87.79,88.55,2728167,1.0,0.0
2018-10-15,88.38,89.12,88.31,88.43,2259045,1.0,0.0
2018-10-16,88.79,90.32,88.61,90.25,1195947,1.0,0.0
2018-10-17,90.25,90.69,89.3,90.14,1160538,1.0,0.0
2018-10-18,90.35,90.71,89.67,90.11,1482115,1.0,0.0
2018-10-19,90.06,90.79,90.06,90.44,1376074,1.0,0.0
2018-10-22,90.84,90.87,89.64,89.92,2180819,1.0,0.0
2018-10-23,89.02,89.29,87.58,88.38,1785342,1.0,0.0
2018-10-24,88.05,88.31,86.94,87.22,2050482,1.0,0.0
2018-10-25,87.2,87.92,83.22,84.84,2942404,1.0,0.0
2018-10-26,84.24,85.35,83.28,84.93,3062739,1.0,0.0
2018-10-29,85.8,87.37,85.58,86.41,3035161,1.0,0.0
2018-10-30,86.75,88.96,86.57,88.82,2636575,1.0,0.0
2018-10-31,89.11,90.13,88.27,89.47,2025007,1.0,0.0
2018-11-01,89.66,89.93,88.07,88.09,2732417,1.0,0.0
2018-11-02,88.26,88.26,86.37,87.0,2377774,1.0,0.0
2018-11-05,87.33,88.36,87.2,87.78,2522605,1.0,0.0
2018-11-06,87.94,88.19,86.61,87.83,2049808,1.0,0.0
2018-11-07,88.3,89.45,87.85,89.43,2581717,1.0,0.0
2018-11-08,89.49,90.29,89.23,89.89,2532096,1.0,0.0
2018-11-09,89.73,90.72,89.73,90.46,1709502,1.0,0.0
2018-11-12,90.6,91.82,90.46,90.86,1858572,1.0,0.0
2018-11-13,91.09,91.49,90.28,90.78,1612592,1.0,0.0
2018-11-14,90.91,91.64,90.44,91.01,2470515,1.0,0.0
2018-11-15,90.42,92.06,89.7,91.98,1994789,1.0,0.0
2018-11-16,91.77,92.78,91.73,92.62,2351844,1.0,0.0
2018-11-19,92.62,93.29,92.2,92.65,1930304,1.0,0.0
2018-11-20,92.43,92.81,91.33,91.45,1788355,1.0,0.0
2018-11-21,91.63,91.63,90.86,91.11,2296623,1.0,0.0
2018-11-23,90.94,91.5009,90.26,90.84,431241,1.0,0.0
2018-11-26,91.31,91.87,90.79,91.44,1093901,1.0,0.0
2018-11-27,91.25,91.55,90.62,91.41,1600050,1.0,0.0
2018-11-28,91.66,92.96,91.41,92.81,1584677,1.0,0.0
2018-11-29,92.4,93.16,92.12,92.72,1118644,1.0,0.465
2018-11-30,93.09,94.08,92.89,93.75,2504995,1.0,0.0
2018-12-03,94.4,94.5,92.29,93.08,3700441,1.0,0.0
2018-12-04,94.25,95.49,92.45,92.62,4166747,1.0,0.0
2018-12-06,92.22,92.86,90.37,92.86,2898799,1.0,0.0
2018-12-07,92.71,93.53,90.89,91.21,1824556,1.0,0.0
2018-12-10,91.44,91.49,90.02,91.27,1721819,1.0,0.0
2018-12-11,92.19,92.48,91.16,91.47,1710477,1.0,0.0
2018-12-12,92.07,92.6,90.81,90.89,2229636,1.0,0.0
2018-12-13,90.82,91.57,90.59,91.38,1644310,1.0,0.0
2018-12-14,90.86,91.73,90.69,91.14,1823070,1.0,0.0
2018-12-17,91.15,91.22,88.62,89.05,3171769,1.0,0.0
2018-12-18,89.64,90.03,88.7,89.19,2340739,1.0,0.0
2018-12-19,88.98,89.63,87.35,87.92,2733663,1.0,0.0
2018-12-20,87.78,88.33,86.69,87.95,2974977,1.0,0.0
2018-12-21,87.99,89.13,87.55,88.01,4579956,1.0,0.0
2018-12-24,87.59,87.59,83.68,83.7,1441454,1.0,0.0
2018-12-26,84.0,86.94,83.49,86.94,1480383,1.0,0.0
2018-12-27,86.3,88.13,85.3,88.1,2007268,1.0,0.0
2018-12-28,88.5,89.37,87.5,87.95,1642607,1.0,0.0
2018-12-31,88.32,89.01,88.03,88.99,1281060,1.0,0.0
2019-01-02,88.1,88.76,87.43,88.72,1919118,1.0,0.0
2019-01-03,88.24,88.84,87.32,88.48,3343686,1.0,0.0
2019-01-04,89.0,90.86,89.0,90.83,2433746,1.0,0.0
2019-01-07,90.61,91.76,90.45,91.05,2859395,1.0,0.0
2019-01-08,91.44,92.47,90.98,92.34,2164000,1.0,0.0
2019-01-09,92.16,92.46,91.19,91.87,1938854,1.0,0.0
2019-01-10,92.55,93.25,91.7,93.19,1771546,1.0,0.0
2019-01-11,93.26,93.66,92.88,93.65,1785102,1.0,0.0
2019-01-14,93.08,93.71,92.57,93.11,1771239,1.0,0.0
2019-01-15,93.23,93.88,93.18,93.78,1087446,1.0,0.0
2019-01-16,93.83,93.85,92.48,92.7,1950563,1.0,0.0
2019-01-17,92.5,93.33,92.49,93.32,1741414,1.0,0.0
2019-01-18,93.57,94.78,93.08,94.47,2284289,1.0,0.0
2019-01-22,94.32,95.2,93.84,94.88,2202655,1.0,0.0
2019-01-23,94.97,95.15,94.47,94.91,1297450,1.0,0.0
2019-01-24,94.9,95.08,94.21,94.41,1649230,1.0,0.0
2019-01-25,94.87,95.5,94.54,94.9,1878882,1.0,0.0
2019-01-28,94.43,94.89,93.85,94.5,1332319,1.0,0.0
2019-01-29,94.56,95.65,94.34,94.76,1527337,1.0,0.0
2019-01-30,95.08,95.23,93.98,94.94,2596648,1.0,0.0
2019-01-31,95.1,96.15,94.48,95.67,3409705,1.0,0.0
2019-02-01,96.0,96.25,95.09,95.47,1937348,1.0,0.0
2019-02-04,95.35,96.0,94.88,96.0,1508482,1.0,0.0
2019-02-05,96.27,97.22,96.22,97.21,2099404,1.0,0.0
2019-02-06,97.04,97.04,96.23,96.66,1624701,1.0,0.0
2019-02-07,96.02,96.92,95.99,96.89,1433628,1.0,0.0
2019-02-08,96.49,97.42,95.93,97.42,1862569,1.0,0.0
2019-02-11,97.67,98.54,97.08,97.37,1722231,1.0,0.0
2019-02-12,97.68,98.69,97.48,98.65,1515370,1.0,0.0
2019-02-13,98.64,98.99,97.98,98.56,1968214,1.0,0.0
2019-02-14,97.5,100.0,97.22,98.84,2284951,1.0,0.0
2019-02-15,99.9,100.16,98.62,99.06,2412119,1.0,0.0
2019-02-19,99.0,99.215,98.58,99.08,2185108,1.0,0.0
2019-02-20,99.23,99.25,98.73,99.18,1793828,1.0,0.0
2019-02-21,99.24,99.5,98.77,99.32,1634976,1.0,0.0
2019-02-22,99.32,99.82,99.03,99.73,1212148,1.0,0.0
2019-02-25,100.0,100.14,99.24,99.3,1295339,1.0,0.0
2019-02-26,99.52,99.94,99.24,99.43,1316868,1.0,0.0
2019-02-27,99.21,100.35,99.21,100.24,1284419,1.0,0.0
2019-02-28,100.29,101.35,100.21,101.25,2129764,1.0,0.0
2019-03-01,101.52,101.78,100.55,101.0,1610266,1.0,0.0
2019-03-04,101.51,101.65,99.69,100.24,1641641,1.0,0.0
2019-03-05,100.2,100.62,99.71,99.71,1561726,1.0,0.0
2019-03-06,99.8,100.4,99.7,99.81,1539789,1.0,0.0
2019-03-07,99.27,99.83,98.9,99.7,1946767,1.0,0.5125
2019-03-08,99.11,99.45,98.19,98.95,1306027,1.0,0.0
2019-03-11,98.92,99.88,98.9,99.85,1784730,1.0,0.0
2019-03-12,100.0,100.65,99.56,100.51,1693359,1.0,0.0
2019-03-13,100.87,101.1,100.47,101.08,1255204,1.0,0.0
2019-03-14,101.1,101.22,100.5,101.16,1196904,1.0,0.0
2019-03-15,101.03,101.4,100.34,100.97,5058714,1.0,0.0
2019-03-18,100.86,101.45,100.57,101.4,1623341,1.0,0.0
2019-03-19,101.47,101.95,100.82,101.26,1176632,1.0,0.0
2019-03-20,101.3,101.55,100.67,100.8,1522823,1.0,0.0
2019-03-21,100.76,102.1,100.6,101.95,964657,1.0,0.0
2019-03-22,101.73,102.64,101.41,101.9,1531615,1.0,0.0
2019-03-25,102.13,103.14,101.91,102.18,1459325,1.0,0.0
2019-03-26,102.7,103.53,102.47,103.49,1490445,1.0,0.0
2019-03-27,103.41,103.94,102.61,102.95,1371247,1.0,0.0
2019-03-28,103.13,103.67,102.98,103.43,968614,1.0,0.0
2019-03-29,103.89,104.0,103.33,103.91,1977014,1.0,0.0
2019-04-01,104.58,104.8,103.01,104.02,1419089,1.0,0.0
2019-04-02,104.03,104.34,103.48,104.0,1150690,1.0,0.0
2019-04-03,104.07,104.51,103.41,104.02,1986637,1.0,0.0
2019-04-04,102.97,103.55,101.94,102.0,1670033,1.0,0.0
2019-04-05,102.15,102.41,101.94,102.2,2490083,1.0,0.0
2019-04-08,102.19,102.24,100.93,102.09,2834801,1.0,0.0
2019-04-09,101.96,102.13,101.34,101.64,1345835,1.0,0.0
2019-04-10,102.38,103.1,101.75,102.93,1882309,1.0,0.0
2019-04-11,100.16,100.81,97.55,100.57,3433521,1.0,0.0
2019-04-12,101.04,101.82,100.47,101.79,1232852,1.0,0.0
2019-04-15,105.29,105.68,103.14,104.26,2907629,1.0,0.0
2019-04-16,104.68,104.87,103.97,104.44,1373357,1.0,0.0
2019-04-17,104.91,105.61,104.5,105.15,1717925,1.0,0.0
2019-04-18,105.26,106.01,104.82,105.78,2195357,1.0,0.0
2019-04-22,105.49,106.05,105.15,105.75,1292329,1.0,0.0
2019-04-23,105.67,106.27,105.07,106.22,1560474,1.0,0.0
2019-04-24,106.18,106.79,105.79,106.11,1703667,1.0,0.0
2019-04-25,107.0,107.25,105.36,105.52,1600391,1.0,0.0
2019-04-26,105.77,106.37,105.42,105.82,1067356,1.0,0.0
2019-04-29,105.9,106.71,105.9,106.45,1294711,1.0,0.0
2019-04-30,106.76,107.45,106.04,107.34,1409972,1.0,0.0
2019-05-01,107.25,107.26,105.97,106.05,964195,1.0,0.0
2019-05-02,105.9,106.34,105.33,106.17,1323643,1.0,0.0
2019-05-03,106.47,106.62,105.82,106.4,1677352,1.0,0.0
2019-05-06,105.33,106.07,105.14,105.89,1377681,1.0,0.0
2019-05-07,105.28,105.56,104.05,104.72,1329998,1.0,0.0
2019-05-08,104.59,105.45,104.3,104.82,1079794,1.0,0.0
2019-05-09,104.4,105.24,103.84,105.22,1011102,1.0,0.0
2019-05-10,105.08,107.23,104.6,106.99,1565531,1.0,0.0
2019-05-13,105.76,106.7,105.28,106.5,1543482,1.0,0.0
2019-05-14,106.89,107.48,106.22,106.26,1586445,1.0,0.0
2019-05-15,106.22,107.54,105.75,107.29,1277639,1.0,0.0
2019-05-16,107.73,108.75,107.32,108.0,1210097,1.0,0.0
2019-05-17,107.37,108.91,107.34,108.13,1362360,1.0,0.0
2019-05-20,107.88,108.92,107.7,108.4,1372618,1.0,0.0
2019-05-21,109.1,109.6,108.83,109.29,1338142,1.0,0.0
2019-05-22,109.26,109.66,108.84,109.43,1447892,1.0,0.0
2019-05-23,109.1,109.64,108.72,109.59,1412098,1.0,0.0
2019-05-24,109.72,109.99,108.34,108.43,1200077,1.0,0.0
2019-05-28,108.82,109.0,107.75,108.17,3224339,1.0,0.0
2019-05-29,107.71,107.95,106.69,107.24,2009641,1.0,0.0
2019-05-30,107.25,108.71,107.0,108.41,2161882,1.0,0.0
2019-05-31,107.91,109.53,107.8,109.35,2413128,1.0,0.0
2019-06-03,110.63,111.83,110.25,111.37,2752127,1.0,0.0
2019-06-04,111.55,111.88,110.37,111.45,2366259,1.0,0.0
2019-06-05,111.41,113.5,111.33,113.44,2219991,1.0,0.0
2019-06-06,113.14,113.84,112.62,113.57,1974198,1.0,0.5125
2019-06-07,114.24,115.42,114.05,114.36,1566487,1.0,0.0
2019-06-10,114.39,114.78,113.515,113.82,1458711,1.0,0.0
2019-06-11,114.23,114.48,112.56,113.14,1398133,1.0,0.0
2019-06-12,113.24,114.38,113.15,114.16,1259783,1.0,0.0
2019-06-13,114.41,114.6,113.27,113.65,1309526,1.0,0.0
2019-06-14,113.77,114.81,113.11,114.58,1345640,1.0,0.0
2019-06-17,114.91,114.99,113.94,113.97,978706,1.0,0.0
2019-06-18,114.19,114.67,113.88,113.9,1286261,1.0,0.0
2019-06-19,113.9,114.7303,113.53,114.42,1413561,1.0,0.0
2019-06-20,114.82,116.29,114.72,116.06,2457314,1.0,0.0
2019-06-21,116.44,116.81,115.74,115.84,2675701,1.0,0.0
2019-06-24,116.2,117.14,115.92,116.97,1520414,1.0,0.0
2019-06-25,117.27,117.34,116.41,116.42,1447908,1.0,0.0
2019-06-26,116.09,116.45,114.31,114.59,1949812,1.0,0.0
2019-06-27,114.77,116.01,114.63,115.84,1055289,1.0,0.0
2019-06-28,115.88,116.33,115.35,115.37,2462648,1.0,0.0
2019-07-01,116.1,116.31,114.44,115.29,1941393,1.0,0.0
2019-07-02,115.66,116.11,115.29,115.89,1906873,1.0,0.0
2019-07-03,116.43,117.27,116.28,117.21,1311127,1.0,0.0
2019-07-05,117.01,117.21,116.01,116.48,1088837,1.0,0.0
2019-07-08,116.6,116.99,116.12,116.89,2160092,1.0,0.0
2019-07-09,116.85,117.2,116.41,117.01,1432368,1.0,0.0
2019-07-10,117.01,118.11,116.99,117.79,1616384,1.0,0.0
2019-07-11,117.61,118.02,116.95,117.25,1997671,1.0,0.0
2019-07-12,117.78,118.09,116.79,117.91,1323648,1.0,0.0
2019-07-15,117.96,118.15,117.48,118.03,1236000,1.0,0.0
2019-07-16,118.0,118.71,117.77,118.17,1433815,1.0,0.0
2019-07-17,118.5,118.89,118.19,118.19,1291444,1.0,0.0
2019-07-18,117.18,117.99,116.45,117.97,1548968,1.0,0.0
2019-07-19,117.98,118.03,116.66,116.79,1214721,1.0,0.0
2019-07-22,116.9,117.41,116.37,117.13,1183297,1.0,0.0
2019-07-23,117.79,117.97,116.57,117.19,1473868,1.0,0.0
2019-07-24,116.84,117.0,115.24,115.8,2279483,1.0,0.0
2019-07-25,115.8,117.74,115.5,116.72,2341883,1.0,0.0
2019-07-26,116.8,118.71,116.48,118.5,1845586,1.0,0.0
2019-07-29,118.4,118.64,117.48,117.96,1308515,1.0,0.0
2019-07-30,117.72,118.67,117.57,118.01,1244061,1.0,0.0
2019-07-31,118.06,118.45,115.94,117.0,1438327,1.0,0.0
2019-08-01,116.99,118.13,116.1,116.25,1716971,1.0,0.0
2019-08-02,116.4,117.61,115.98,116.73,1612622,1.0,0.0
2019-08-05,115.66,116.38,112.87,113.77,2909589,1.0,0.0
2019-08-06,114.0,116.22,113.51,116.1,1868847,1.0,0.0
2019-08-07,115.09,117.46,114.37,116.85,1523389,1.0,0.0
2019-08-08,117.08,118.67,116.57,118.47,1459077,1.0,0.0
2019-08-09,118.74,119.56,118.03,119.06,2242428,1.0,0.0
2019-08-12,119.06,119.21,117.28,117.73,1183658,1.0,0.0
2019-08-13,117.24,119.45,117.24,119.02,1997375,1.0,0.0
2019-08-14,118.53,118.81,115.96,116.0,3009474,1.0,0.0
2019-08-15,116.3,118.54,116.05,118.2,2133865,1.0,0.0
2019-08-16,118.67,119.51,118.45,119.12,1613419,1.0,0.0
2019-08-19,119.54,120.58,119.25,120.02,2770573,1.0,0.0
2019-08-20,119.68,119.99,118.04,118.11,1566394,1.0,0.0
2019-08-21,118.64,119.24,118.28,118.71,1479802,1.0,0.0
2019-08-22,118.64,119.01,117.8,118.07,1358410,1.0,0.0
2019-08-23,117.86,118.44,115.36,115.93,1987908,1.0,0.0
2019-08-26,116.4,117.09,115.81,117.05,1587724,1.0,0.0
2019-08-27,117.81,118.6,117.41,117.75,1148279,1.0,0.0
2019-08-28,117.51,118.48,116.8,118.25,1109122,1.0,0.0
2019-08-29,119.0,119.44,118.07,119.32,1132273,1.0,0.0
2019-08-30,120.09,120.49,118.96,119.35,1149613,1.0,0.0
2019-09-03,119.61,120.24,119.1,119.53,1204303,1.0,0.0
2019-09-04,120.0,120.74,119.67,120.65,1213829,1.0,0.0
2019-09-05,121.24,121.77,118.9,119.09,1671062,1.0,0.5125
2019-09-06,119.08,119.68,118.84,119.33,941464,1.0,0.0
2019-09-09,119.34,119.5,117.38,117.62,1427895,1.0,0.0
2019-09-10,116.86,117.04,112.16,113.68,3654114,1.0,0.0
2019-09-11,113.81,114.38,111.13,112.22,2829337,1.0,0.0
2019-09-12,112.69,113.88,112.51,113.07,1726555,1.0,0.0
2019-09-13,113.48,114.35,111.79,111.95,1661220,1.0,0.0
2019-09-16,111.56,112.01,111.1,111.9,2075839,1.0,0.0
2019-09-17,112.44,114.18,112.2,113.86,2550870,1.0,0.0
2019-09-18,114.03,114.38,113.09,114.33,1031391,1.0,0.0
2019-09-19,114.94,115.8,114.49,114.73,1327997,1.0,0.0
2019-09-20,115.17,115.61,114.78,115.28,1995088,1.0,0.0
2019-09-23,115.35,115.87,114.68,114.95,1111748,1.0,0.0
2019-09-24,115.07,116.16,114.5,115.12,1650411,1.0,0.0
2019-09-25,115.16,115.46,113.83,113.92,1474311,1.0,0.0
2019-09-26,114.18,115.69,113.71,115.09,2404833,1.0,0.0
2019-09-27,115.43,115.72,112.68,113.59,1693055,1.0,0.0
2019-09-30,113.59,115.21,113.53,115.0,1789607,1.0,0.0
2019-10-01,115.15,115.97,114.5,114.87,2576543,1.0,0.0
2019-10-02,114.14,115.07,113.51,114.77,2892933,1.0,0.0
2019-10-03,114.58,115.53,114.03,114.99,2642075,1.0,0.0
2019-10-04,115.53,117.04,115.41,116.61,2892172,1.0,0.0
2019-10-07,116.37,116.46,115.5,115.71,1312942,1.0,0.0
2019-10-08,115.0,115.94,114.3,114.77,1502822,1.0,0.0
2019-10-09,115.1,115.95,114.57,115.6,1359671,1.0,0.0
2019-10-10,115.5,117.79,115.46,117.44,1940778,1.0,0.0
2019-10-11,118.02,118.3,116.26,116.34,1538534,1.0,0.0
2019-10-14,116.61,117.66,115.97,116.15,973601,1.0,0.0
2019-10-15,116.58,117.04,115.52,115.65,1853772,1.0,0.0
2019-10-16,115.34,115.39,113.4,114.9,2126882,1.0,0.0
2019-10-17,115.23,116.53,115.1,116.28,1681738,1.0,0.0
2019-10-18,115.04,117.28,114.61,117.05,2615034,1.0,0.0
2019-10-21,117.54,117.69,116.11,117.27,1954579,1.0,0.0
2019-10-22,117.3,118.28,116.66,116.92,1823105,1.0,0.0
2019-10-23,116.63,117.69,113.17,113.37,3152487,1.0,0.0
2019-10-24,113.51,113.66,111.11,113.17,2535151,1.0,0.0
2019-10-25,113.15,113.5,110.84,111.35,2379546,1.0,0.0
2019-10-28,111.24,111.62,110.85,111.28,1519592,1.0,0.0
2019-10-29,111.07,112.93,110.86,112.03,1702192,1.0,0.0
2019-10-30,112.56,113.24,111.75,112.67,1161763,1.0,0.0
2019-10-31,112.6,113.39,111.69,112.21,1663789,1.0,0.0
2019-11-01,112.52,112.69,110.82,111.23,1864720,1.0,0.0
2019-11-04,111.21,111.47,110.28,110.82,2179753,1.0,0.0
2019-11-05,110.62,110.81,107.87,108.31,3573546,1.0,0.0
2019-11-06,107.91,109.93,107.77,109.93,1884176,1.0,0.0
2019-11-07,110.1,110.55,109.34,110.35,2329215,1.0,0.0
2019-11-08,110.07,111.14,110.06,111.03,1222030,1.0,0.0
2019-11-11,110.94,111.29,110.03,110.47,1094264,1.0,0.0
2019-11-12,110.5,110.82,109.68,110.0,1603023,1.0,0.0
2019-11-13,110.06,111.34,109.69,110.94,1465316,1.0,0.0
2019-11-14,110.97,112.22,110.86,112.05,1378680,1.0,0.0
2019-11-15,112.3,112.5,111.62,112.16,2030846,1.0,0.0
2019-11-18,112.15,112.95,111.93,112.4,1926975,1.0,0.0
2019-11-19,112.41,112.93,111.86,112.53,1996465,1.0,0.0
2019-11-20,112.59,113.71,111.87,112.57,1876564,1.0,0.0
2019-11-21,112.6,112.85,111.03,111.21,1836879,1.0,0.0
2019-11-22,110.82,111.42,109.67,110.77,2007922,1.0,0.0
2019-11-25,110.86,111.81,110.27,110.31,1929497,1.0,0.0
2019-11-26,110.36,113.02,110.28,112.88,3508003,1.0,0.0
2019-11-27,113.11,113.38,112.7,112.94,1589234,1.0,0.0
2019-11-29,113.01,113.46,112.61,112.91,706862,1.0,0.0
2019-12-02,112.72,113.11,111.62,111.65,1495417,1.0,0.0
2019-12-03,111.49,112.84,111.21,112.03,1815760,1.0,0.0
2019-12-04,111.95,113.58,111.95,112.86,1845482,1.0,0.0
2019-12-05,112.52,112.75,111.13,111.47,2525576,1.0,0.5125
2019-12-06,112.14,112.49,111.39,111.62,1212339,1.0,0.0
2019-12-09,111.59,111.86,111.25,111.77,2105564,1.0,0.0
2019-12-10,111.83,112.23,111.19,111.26,1419156,1.0,0.0
2019-12-11,111.35,111.91,110.86,111.4,1399315,1.0,0.0
2019-12-12,111.25,111.57,110.11,110.66,1826189,1.0,0.0
2019-12-13,110.44,112.05,110.16,112.02,1846089,1.0,0.0
2019-12-16,112.58,112.7,111.5,112.03,1537604,1.0,0.0
2019-12-17,112.94,113.69,112.62,112.96,1766457,1.0,0.0
2019-12-18,113.02,113.39,111.95,112.58,1833422,1.0,0.0
2019-12-19,112.64,113.15,112.36,112.48,1677194,1.0,0.0
2019-12-20,113.46,113.56,112.26,113.16,2840716,1.0,0.0
2019-12-23,113.17,113.49,112.72,112.91,921226,1.0,0.0
2019-12-24,112.8,112.87,112.06,112.6,498770,1.0,0.0
2019-12-26,112.72,113.19,112.53,113.18,798185,1.0,0.0
2019-12-27,113.09,113.93,112.81,113.89,804624,1.0,0.0
2019-12-30,113.5,113.85,113.1,113.77,1058485,1.0,0.0
2019-12-31,113.69,114.15,113.18,113.96,1248587,1.0,0.0
2020-01-02,114.09,114.22,112.5,114.22,2071652,1.0,0.0
2020-01-03,113.15,115.47,113.1,115.33,1424891,1.0,0.0
2020-01-06,114.6,115.95,114.51,115.93,1839692,1.0,0.0
2020-01-07,115.53,116.2,114.88,116.01,2325524,1.0,0.0
2020-01-08,116.1,116.48,115.68,116.08,1824576,1.0,0.0
2020-01-09,116.18,117.12,116.04,116.13,1634190,1.0,0.0
2020-01-10,116.3,116.56,115.8,116.2,1289559,1.0,0.0
2020-01-13,116.46,118.0,116.35,117.66,1340941,1.0,0.0
2020-01-14,117.68,118.32,117.36,118.07,1622407,1.0,0.0
2020-01-15,118.21,119.16,117.85,118.22,1273009,1.0,0.0
2020-01-16,118.71,119.76,118.53,119.49,1725760,1.0,0.0
2020-01-17,119.72,120.21,119.42,119.65,1988012,1.0,0.0
2020-01-21,119.36,120.53,119.27,120.41,1642197,1.0,0.0
2020-01-22,120.8,121.3,120.24,120.32,1376241,1.0,0.0
2020-01-23,120.22,121.15,119.58,121.14,1740624,1.0,0.0
2020-01-24,121.32,121.93,120.48,121.0,1052942,1.0,0.0
2020-01-27,120.27,121.31,119.83,121.19,1191135,1.0,0.0
2020-01-28,121.26,121.87,120.54,121.05,1395797,1.0,0.0
2020-01-29,121.3,121.86,120.81,121.47,1641409,1.0,0.0
2020-01-30,121.05,122.84,120.58,122.76,1155609,1.0,0.0
2020-01-31,122.46,123.2,121.09,121.7,1657541,1.0,0.0
2020-02-03,122.16,123.23,122.09,122.69,1246261,1.0,0.0
2020-02-04,123.31,123.77,122.79,122.86,1145299,1.0,0.0
2020-02-05,122.88,123.74,122.46,123.61,1601294,1.0,0.0
2020-02-06,123.33,124.14,123.21,123.74,1171670,1.0,0.0
2020-02-07,124.13,124.37,123.63,123.91,1292369,1.0,0.0
2020-02-10,124.24,125.29,124.11,125.04,1233944,1.0,0.0
2020-02-11,125.39,125.47,124.75,124.98,1504626,1.0,0.0
2020-02-12,124.55,125.64,123.28,125.61,2027269,1.0,0.0
2020-02-13,125.0,125.21,122.91,124.23,2106981,1.0,0.0
2020-02-14,124.6,125.75,124.01,125.75,1299944,1.0,0.0
2020-02-18,125.74,126.46,125.27,126.22,2094258,1.0,0.0
2020-02-19,126.25,126.79,125.22,125.23,1431512,1.0,0.0
2020-02-20,124.74,125.28,123.19,124.05,2352743,1.0,0.0
2020-02-21,123.96,124.85,123.67,124.56,2057994,1.0,0.0
2020-02-24,121.92,124.58,121.66,123.99,2324905,1.0,0.0
2020-02-25,124.38,125.76,121.8,121.95,3079751,1.0,0.0
2020-02-26,121.61,123.35,120.91,120.93,2694662,1.0,0.0
2020-02-27,120.21,121.26,113.52,113.62,4279408,1.0,0.0
2020-02-28,111.13,111.98,106.61,110.81,6444453,1.0,0.0
2020-03-02,111.84,117.2,111.82,117.03,4005821,1.0,0.0
2020-03-03,117.58,119.01,112.34,112.71,4321545,1.0,0.0
2020-03-04,116.98,120.55,116.12,120.29,3474762,1.0,0.0
2020-03-05,117.96,120.1,116.81,117.71,3226143,1.0,0.545
2020-03-06,114.43,117.61,114.03,117.13,2701830,1.0,0.0
2020-03-09,110.16,115.29,109.27,112.07,3516169,1.0,0.0
2020-03-10,114.43,115.17,109.37,113.46,4783225,1.0,0.0
2020-03-11,110.54,113.7,108.74,109.97,2668343,1.0,0.0
2020-03-12,102.95,104.4,97.64,97.74,5104575,1.0,0.0
2020-03-13,101.11,105.32,97.36,105.32,5970911,1.0,0.0
2020-03-16,90.0,105.69,85.5,99.89,5165049,1.0,0.0
2020-03-17,100.72,110.85,100.72,108.93,5103952,1.0,0.0
2020-03-18,102.65,105.99,98.86,102.46,4558650,1.0,0.0
2020-03-19,101.86,102.64,97.92,99.85,4052006,1.0,0.0
2020-03-20,100.1,100.55,96.61,98.31,6879740,1.0,0.0
2020-03-23,98.69,99.5,87.08,87.87,6775583,1.0,0.0
2020-03-24,91.19,93.57,90.0,92.07,4781849,1.0,0.0
2020-03-25,91.86,93.7,85.34,90.94,6434345,1.0,0.0
2020-03-26,90.9,98.22,90.75,97.68,5056489,1.0,0.0
2020-03-27,95.3,98.35,93.57,95.3,4126148,1.0,0.0
2020-03-30,96.14,97.67,92.6,94.6,3811979,1.0,0.0
2020-03-31,93.58,93.74,90.82,92.56,4798555,1.0,0.0
2020-04-01,90.15,90.3,86.9,88.43,3437098,1.0,0.0
2020-04-02,87.6,91.88,87.35,91.14,3859552,1.0,0.0
2020-04-03,90.61,91.56,87.96,89.02,2702636,1.0,0.0
2020-04-06,92.01,92.45,90.54,91.29,5679900,1.0,0.0
2020-04-07,95.51,95.51,91.17,91.43,5158473,1.0,0.0
2020-04-08,92.22,96.19,90.91,95.62,3764658,1.0,0.0
2020-04-09,96.55,101.96,96.53,99.85,3557907,1.0,0.0
2020-04-13,99.64,100.64,96.08,96.75,1977888,1.0,0.0
2020-04-14,98.8,99.93,96.91,99.63,3052374,1.0,0.0
2020-04-15,97.4,97.93,95.81,96.63,2212921,1.0,0.0
2020-04-16,96.92,97.7,95.44,97.55,2080286,1.0,0.0
2020-04-17,99.96,100.68,98.42,100.27,2917202,1.0,0.0
2020-04-20,98.87,100.04,98.14,98.2,1427061,1.0,0.0
2020-04-21,96.16,98.16,95.71,96.73,2412047,1.0,0.0
2020-04-22,98.03,99.29,97.38,98.76,2369445,1.0,0.0
2020-04-23,98.51,99.84,97.67,97.79,1954636,1.0,0.0
2020-04-24,98.08,99.03,96.81,98.48,1559855,1.0,0.0
2020-04-27,99.24,101.73,99.04,101.13,1639981,1.0,0.0
2020-04-28,102.89,103.19,100.07,101.66,2446049,1.0,0.0
2020-04-29,102.91,103.04,100.51,100.94,2321573,1.0,0.0
2020-04-30,100.0,100.35,98.12,100.02,1823576,1.0,0.0
2020-05-01,98.66,98.66,97.08,98.21,1600858,1.0,0.0
2020-05-04,97.81,99.84,97.27,99.56,1680250,1.0,0.0
2020-05-05,99.93,100.45,98.61,99.02,3044923,1.0,0.0
2020-05-06,100.5,100.61,95.73,96.8,4557018,1.0,0.0
2020-05-07,98.45,102.35,98.1,101.45,2503958,1.0,0.0
2020-05-08,101.96,102.94,100.33,100.97,1761572,1.0,0.0
2020-05-11,100.01,101.23,99.26,100.5,1487388,1.0,0.0
2020-05-12,100.99,100.99,98.19,98.31,2140123,1.0,0.0
2020-05-13,98.25,98.8,96.08,96.52,2246507,1.0,0.0
2020-05-14,95.81,97.34,94.13,97.18,2324185,1.0,0.0
2020-05-15,96.36,97.32,95.11,95.93,3174007,1.0,0.0
2020-05-18,98.71,100.53,98.18,99.66,2943746,1.0,0.0
2020-05-19,99.35,100.04,98.3,98.33,1772295,1.0,0.0
2020-05-20,99.08,100.56,98.09,99.45,1601798,1.0,0.0
2020-05-21,99.04,100.11,98.63,98.93,1361811,1.0,0.0
2020-05-22,98.88,99.0,98.13,98.92,1079028,1.0,0.0
2020-05-26,100.57,102.53,100.51,101.6,2088036,1.0,0.0
2020-05-27,102.69,104.5,102.43,104.3,2840154,1.0,0.0
2020-05-28,105.35,107.27,105.09,106.5,2680811,1.0,0.0
2020-05-29,107.15,107.45,106.15,106.75,3078835,1.0,0.0
2020-06-01,107.0,107.11,105.95,106.01,1629011,1.0,0.0
2020-06-02,106.02,108.03,105.55,107.43,1773317,1.0,0.0
2020-06-03,108.35,110.68,107.75,110.21,2335367,1.0,0.0
2020-06-04,109.0,109.63,107.11,107.99,1728013,1.0,0.545
2020-06-05,109.93,112.8,108.74,112.2,2931676,1.0,0.0
2020-06-08,111.86,113.57,111.46,113.53,2421152,1.0,0.0
2020-06-09,112.05,112.4,110.25,111.25,2819306,1.0,0.0
2020-06-10,111.69,111.84,108.96,109.33,2105441,1.0,0.0
2020-06-11,107.16,107.66,103.12,103.2,2824967,1.0,0.0
2020-06-12,105.42,106.22,101.86,103.89,2579484,1.0,0.0
2020-06-15,101.64,105.48,101.55,104.49,2064190,1.0,0.0
2020-06-16,107.0,107.57,104.33,105.7,2093907,1.0,0.0
2020-06-17,106.6,106.64,105.25,105.7,1254668,1.0,0.0
2020-06-18,105.28,105.7,104.12,104.64,1199910,1.0,0.0
2020-06-19,106.27,106.73,101.73,101.77,3413104,1.0,0.0
2020-06-22,101.94,103.79,101.08,103.7,2161029,1.0,0.0
2020-06-23,104.55,104.94,102.99,103.86,1953082,1.0,0.0
2020-06-24,103.42,103.55,101.27,101.37,2892325,1.0,0.0
2020-06-25,101.0,103.05,100.45,102.39,3195717,1.0,0.0
2020-06-26,102.46,103.46,102.1,102.81,5907675,1.0,0.0
2020-06-29,103.59,103.87,102.37,103.56,1952380,1.0,0.0
2020-06-30,103.53,106.3,103.36,105.91,1929286,1.0,0.0
2020-07-01,105.91,106.37,104.72,105.09,1255739,1.0,0.0
2020-07-02,105.67,106.16,104.75,104.97,1438589,1.0,0.0
2020-07-06,105.79,106.09,104.42,105.21,1867487,1.0,0.0
2020-07-07,104.72,105.26,104.32,104.62,1585024,1.0,0.0
2020-07-08,104.05,104.51,102.48,103.12,1728424,1.0,0.0
2020-07-09,102.88,103.0,100.95,102.08,2029330,1.0,0.0
2020-07-10,102.02,103.86,102.02,103.82,1189170,1.0,0.0
2020-07-13,104.33,105.45,103.72,104.33,2438944,1.0,0.0
2020-07-14,104.5,106.23,104.46,106.2,1810584,1.0,0.0
2020-07-15,106.92,107.39,106.27,106.79,2015556,1.0,0.0
2020-07-16,106.59,108.15,106.52,107.46,1637230,1.0,0.0
2020-07-17,107.92,109.39,107.39,108.7,3224623,1.0,0.0
2020-07-20,108.26,108.39,106.29,106.57,1407615,1.0,0.0
2020-07-21,106.93,108.34,106.77,107.52,1266654,1.0,0.0
2020-07-22,107.04,108.48,106.59,108.21,1239657,1.0,0.0
2020-07-23,108.39,109.06,107.5,108.03,1497534,1.0,0.0
2020-07-24,108.68,108.96,107.05,107.28,1224125,1.0,0.0
2020-07-27,107.5,107.57,106.59,107.07,1214050,1.0,0.0
2020-07-28,106.77,108.02,106.77,107.52,1402042,1.0,0.0
2020-07-29,108.16,110.125,107.91,109.65,1466051,1.0,0.0
2020-07-30,108.54,109.66,107.3,109.38,1873429,1.0,0.0
2020-07-31,108.81,109.62,108.26,109.6,1468028,1.0,0.0
2020-08-03,109.96,109.96,108.65,108.98,1486242,1.0,0.0
2020-08-04,108.39,108.97,108.01,108.82,1276153,1.0,0.0
2020-08-05,109.28,109.93,108.71,109.18,1523859,1.0,0.0
2020-08-06,109.16,110.41,109.16,110.37,1437066,1.0,0.0
2020-08-07,110.09,113.23,110.09,112.72,1867434,1.0,0.0
2020-08-10,112.29,112.7,110.97,111.61,1770937,1.0,0.0
2020-08-11,112.1,112.39,110.86,111.59,1563514,1.0,0.0
2020-08-12,112.03,112.73,111.59,112.25,1506382,1.0,0.0
2020-08-13,111.35,111.72,110.52,111.34,891400,1.0,0.0
2020-08-14,111.18,112.05,110.645,111.47,1057670,1.0,0.0
2020-08-17,111.48,112.17,110.56,110.87,1467590,1.0,0.0
2020-08-18,110.91,111.57,110.63,111.01,1193469,1.0,0.0
2020-08-19,111.65,111.8446,110.23,110.56,935652,1.0,0.0
2020-08-20,110.13,110.65,109.78,110.15,1119022,1.0,0.0
2020-08-21,110.37,111.47,109.86,111.16,1495306,1.0,0.0
2020-08-24,111.49,112.57,111.15,112.51,1332195,1.0,0.0
2020-08-25,113.0,113.37,112.7247,113.19,2106152,1.0,0.0
2020-08-26,113.25,115.0,112.745,113.9,2122351,1.0,0.0
2020-08-27,114.0,115.02,113.82,114.27,1289675,1.0,0.0
2020-08-28,114.23,114.3,113.21,114.01,1242518,1.0,0.0
2020-08-31,113.64,114.47,113.58,114.0,1504787,1.0,0.0
2020-09-01,113.31,113.82,112.82,113.64,1290093,1.0,0.0
2020-09-02,113.64,115.06,113.37,114.15,2806611,1.0,0.0
2020-09-03,113.5,114.12,110.57,111.22,2324609,1.0,0.545
2020-09-04,111.78,112.28,109.06,111.21,2224214,1.0,0.0
2020-09-08,111.18,111.68,110.11,110.46,1490210,1.0,0.0
2020-09-09,110.74,113.41,110.565,112.56,1738141,1.0,0.0
2020-09-10,112.82,112.93,111.35,111.68,1123676,1.0,0.0
2020-09-11,111.91,113.61,111.59,113.15,1505886,1.0,0.0
2020-09-14,113.83,116.59,113.65,116.36,2111252,1.0,0.0
2020-09-15,116.5,117.79,116.16,117.07,1709139,1.0,0.0
2020-09-16,117.53,118.915,116.68,116.85,2050715,1.0,0.0
2020-09-17,116.15,117.45,115.25,115.56,2097426,1.0,0.0
2020-09-18,115.24,116.56,114.86,115.27,3063297,1.0,0.0
2020-09-21,114.25,114.42,113.265,114.3,2109467,1.0,0.0
2020-09-22,114.08,115.48,113.95,114.97,1088658,1.0,0.0
2020-09-23,113.21,113.875,111.7,111.73,1580494,1.0,0.0
2020-09-24,111.82,112.45,110.25,111.3,1818591,1.0,0.0
2020-09-25,111.0,113.85,110.85,113.63,1175109,1.0,0.0
2020-09-28,114.6,115.21,113.88,114.04,1265582,1.0,0.0
2020-09-29,114.18,114.6532,113.33,113.41,1042629,1.0,0.0
2020-09-30,113.8,114.32,112.54,113.17,2130597,1.0,0.0
2020-10-01,113.96,113.99,112.0258,112.89,1510718,1.0,0.0
2020-10-02,111.66,114.56,111.58,113.89,1089792,1.0,0.0
2020-10-05,114.83,115.06,113.84,114.24,1242579,1.0,0.0
2020-10-06,114.81,115.05,112.9,113.25,1404794,1.0,0.0
2020-10-07,113.85,114.4,113.33,113.88,1086048,1.0,0.0
2020-10-08,114.33,114.89,113.91,114.7,910493,1.0,0.0
2020-10-09,115.13,115.7,114.68,115.35,1097264,1.0,0.0
2020-10-12,115.83,117.19,115.68,116.82,1217370,1.0,0.0
2020-10-13,117.14,117.6,115.08,115.5,1614356,1.0,0.0
2020-10-14,115.19,115.815,114.28,114.58,1020678,1.0,0.0
2020-10-15,114.32,115.49,114.0,115.27,884066,1.0,0.0
2020-10-16,115.58,116.46,115.49,115.87,1910147,1.0,0.0
2020-10-19,116.0,116.21,113.54,113.7,1456678,1.0,0.0
2020-10-20,114.75,115.59,114.06,114.31,832832,1.0,0.0
2020-10-21,113.9,115.15,113.62,114.17,1007989,1.0,0.0
2020-10-22,114.28,116.04,114.06,115.77,1324399,1.0,0.0
2020-10-23,116.25,116.825,115.5,116.7,1593979,1.0,0.0
2020-10-26,115.79,116.02,112.81,113.4,1392649,1.0,0.0
2020-10-27,112.02,112.61,110.35,110.63,2481073,1.0,0.0
2020-10-28,109.22,109.82,106.75,106.96,1884076,1.0,0.0
2020-10-29,107.38,108.61,106.11,107.55,2082880,1.0,0.0
2020-10-30,107.36,108.33,106.22,107.91,1930795,1.0,0.0
2020-11-02,109.08,111.9,108.9,110.67,2064423,1.0,0.0
2020-11-03,112.2,115.13,112.2,114.71,2357327,1.0,0.0
2020-11-04,114.16,118.1746,114.16,116.05,1989233,1.0,0.0
2020-11-05,117.99,120.6,117.06,119.69,2682509,1.0,0.0
2020-11-06,120.0,120.36,118.91,119.28,1311798,1.0,0.0
2020-11-09,123.49,125.56,120.7501,120.96,2398650,1.0,0.0
2020-11-10,120.9,123.74,120.1629,123.38,1963381,1.0,0.0
2020-11-11,123.42,123.74,122.26,122.8,1025751,1.0,0.0
2020-11-12,122.45,122.84,120.69,121.09,1216847,1.0,0.0
2020-11-13,122.01,122.6,121.3,121.92,865132,1.0,0.0
2020-11-16,122.47,123.19,121.035,121.99,1678050,1.0,0.0
2020-11-17,121.37,121.6673,120.61,121.3,1634281,1.0,0.0
2020-11-18,122.14,122.75,120.47,120.53,1204533,1.0,0.0
2020-11-19,120.15,121.09,118.88,120.58,1172678,1.0,0.0
2020-11-20,121.03,121.21,119.99,120.35,950926,1.0,0.0
2020-11-23,120.84,121.01,119.58,120.11,936253,1.0,0.0
2020-11-24,120.76,121.54,120.05,120.43,1416017,1.0,0.0
2020-11-25,120.0,120.0977,118.6735,119.64,1400801,1.0,0.0
2020-11-27,119.83,119.98,118.87,119.19,616089,1.0,0.0
2020-11-30,118.65,119.8821,118.29,119.13,1566622,1.0,0.0
2020-12-01,120.17,120.6,119.27,119.64,1419712,1.0,0.0
2020-12-02,119.34,119.745,116.62,117.13,1621659,1.0,0.0
2020-12-03,116.6,117.93,116.2,117.14,1619462,1.0,0.545
2020-12-04,116.8,117.67,116.8,117.54,1638514,1.0,0.0
2020-12-07,117.54,117.91,116.46,116.77,1173476,1.0,0.0
2020-12-08,115.92,117.27,115.78,116.75,1234666,1.0,0.0
2020-12-09,117.28,117.28,115.6,116.58,1611862,1.0,0.0
2020-12-10,116.14,116.65,114.71,114.94,1672870,1.0,0.0
2020-12-11,114.83,116.16,114.16,115.41,1426129,1.0,0.0
2020-12-14,115.97,116.84,114.73,114.78,1227839,1.0,0.0
2020-12-15,116.03,116.82,115.56,116.78,1479680,1.0,0.0
2020-12-16,116.65,117.1259,115.875,116.08,997240,1.0,0.0
2020-12-17,116.54,118.345,116.36,117.51,1890657,1.0,0.0
2020-12-18,117.84,118.63,116.92,117.41,3232877,1.0,0.0
2020-12-21,116.49,116.705,114.17,116.51,1392321,1.0,0.0
2020-12-22,116.79,118.02,115.97,117.92,1695311,1.0,0.0
2020-12-23,117.81,118.31,116.2299,116.25,957075,1.0,0.0
2020-12-24,116.46,117.02,116.21,117.0,466056,1.0,0.0
2020-12-28,117.5,118.29,116.7,118.09,1151465,1.0,0.0
2020-12-29,118.5,118.9,116.53,116.82,863873,1.0,0.0
2020-12-30,116.87,117.46,116.46,116.93,735925,1.0,0.0
2020-12-31,116.57,118.06,116.48,117.93,898548,1.0,0.0
2021-01-04,118.0,118.07,114.2562,114.83,1731113,1.0,0.0
2021-01-05,114.51,115.42,114.05,115.21,1336135,1.0,0.0
2021-01-06,115.8,118.44,115.21,117.76,1617851,1.0,0.0
2021-01-07,117.5,118.3899,116.875,118.05,1827580,1.0,0.0
2021-01-08,118.39,118.9488,117.23,118.6,1372742,1.0,0.0
2021-01-11,117.6,118.12,116.6608,117.04,1541741,1.0,0.0
2021-01-12,117.2,117.64,115.524,116.4,1477106,1.0,0.0
2021-01-13,116.13,116.84,115.61,116.21,1444831,1.0,0.0
2021-01-14,116.63,116.76,114.43,114.64,1605682,1.0,0.0
2021-01-15,114.25,115.5,114.1,114.72,3799177,1.0,0.0
2021-01-19,115.56,116.3252,114.78,115.01,1636884,1.0,0.0
2021-01-20,115.07,115.85,114.83,115.05,1916328,1.0,0.0
2021-01-21,114.92,115.2,112.97,114.58,2268444,1.0,0.0
2021-01-22,114.44,115.8,113.82,115.36,1978234,1.0,0.0
2021-01-25,115.36,116.02,113.95,114.19,1542526,1.0,0.0
2021-01-26,114.51,114.535,113.6565,113.95,1709466,1.0,0.0
2021-01-27,113.0,113.23,110.15,110.96,2505098,1.0,0.0
2021-01-28,111.5,114.46,111.3,112.11,1952863,1.0,0.0
2021-01-29,111.71,112.64,110.45,111.32,1891855,1.0,0.0
2021-02-01,111.89,112.59,111.155,112.09,1229643,1.0,0.0
2021-02-02,112.91,113.91,112.59,113.0,1579062,1.0,0.0
2021-02-03,112.89,113.29,112.05,112.22,1343157,1.0,0.0
2021-02-04,112.18,113.5,111.88,113.08,1206562,1.0,0.0
2021-02-05,113.59,114.6,113.32,113.73,1423234,1.0,0.0
2021-02-08,114.08,114.75,113.65,114.38,1618331,1.0,0.0
2021-02-09,114.38,114.77,113.46,113.55,1154706,1.0,0.0
2021-02-10,114.25,114.4156,112.44,113.69,1732954,1.0,0.0
2021-02-11,114.0,114.15,112.89,113.22,1289834,1.0,0.0
2021-02-12,112.84,113.34,112.37,113.25,1123226,1.0,0.0
2021-02-16,112.23,113.79,112.12,112.6,2077987,1.0,0.0
2021-02-17,112.16,112.82,111.93,112.21,2082256,1.0,0.0
2021-02-18,111.12,113.64,111.09,113.43,3645603,1.0,0.0
2021-02-19,113.55,113.55,110.86,111.63,2934536,1.0,0.0
2021-02-22,111.15,111.24,109.24,110.56,3115131,1.0,0.0
2021-02-23,110.35,112.51,109.11,109.92,2892483,1.0,0.0
2021-02-24,110.33,111.97,110.0,111.87,3076452,1.0,0.0
2021-02-25,111.6,113.49,111.6,112.27,2564497,1.0,0.0
2021-02-26,112.7,113.73,110.71,110.89,2594693,1.0,0.0
2021-03-01,111.67,113.168,111.67,112.48,1937139,1.0,0.0
2021-03-02,112.34,114.5,111.83,114.33,3245087,1.0,0.0
2021-03-03,114.33,114.8,113.34,113.97,2824186,1.0,0.0
2021-03-04,114.3,116.76,114.05,115.52,3803547,1.0,0.0
2021-03-05,115.59,119.03,115.59,118.68,3281257,1.0,0.0
2021-03-08,118.95,122.97,118.715,121.73,3122066,1.0,0.0
2021-03-09,121.18,122.25,119.6,119.6,2268688,1.0,0.0
2021-03-10,119.85,122.27,118.93,121.69,2625121,1.0,0.0
2021-03-11,121.06,121.06,119.2839,120.0,1956464,1.0,0.575
2021-03-12,120.5,121.93,120.16,121.79,1768941,1.0,0.0
2021-03-15,121.11,122.63,120.64,122.62,1598230,1.0,0.0
2021-03-16,122.71,123.1399,122.2,122.91,1544353,1.0,0.0
2021-03-17,123.33,123.33,118.47,118.99,3825690,1.0,0.0
2021-03-18,119.18,122.02,118.94,121.9,2105817,1.0,0.0
2021-03-19,122.2,122.735,120.82,121.57,3643809,1.0,0.0
2021-03-22,121.86,123.53,121.14,123.37,2098832,1.0,0.0
2021-03-23,123.26,124.81,122.76,124.1,1961525,1.0,0.0
2021-03-24,123.79,125.91,123.37,124.82,2078956,1.0,0.0
2021-03-25,125.43,127.56,124.425,127.43,2953290,1.0,0.0
2021-03-26,127.34,129.97,127.11,129.8,2239035,1.0,0.0
2021-03-29,128.99,131.38,128.95,130.34,2394484,1.0,0.0
2021-03-30,129.8,130.46,128.84,129.28,2069507,1.0,0.0
2021-03-31,128.79,129.935,128.75,129.02,1814670,1.0,0.0
2021-04-01,129.25,130.08,127.94,129.28,1308177,1.0,0.0
2021-04-05,129.81,131.17,129.7,130.99,1593619,1.0,0.0
2021-04-06,131.38,132.54,130.73,131.6,1806774,1.0,0.0
2021-04-07,132.81,133.2267,132.03,132.41,1698399,1.0,0.0
2021-04-08,132.31,133.05,132.1,132.84,1544006,1.0,0.0
2021-04-09,133.07,134.69,132.87,134.68,1599294,1.0,0.0
2021-04-12,134.858,135.46,134.065,134.47,1795368,1.0,0.0
2021-04-13,133.4,134.9,133.15,134.46,1387810,1.0,0.0
2021-04-14,134.35,134.49,133.73,133.88,1193663,1.0,0.0
2021-04-15,134.04,134.9,134.04,134.52,1296444,1.0,0.0
2021-04-16,135.22,135.59,134.53,135.05,1349879,1.0,0.0
2021-04-19,134.55,134.9509,133.805,134.43,1507268,1.0,0.0
2021-04-20,134.29,135.355,133.96,134.87,1392706,1.0,0.0
2021-04-21,134.99,136.35,134.85,135.56,1181052,1.0,0.0
2021-04-22,135.57,135.97,134.485,134.75,1612898,1.0,0.0
2021-04-23,134.84,135.86,134.41,135.5,1089607,1.0,0.0
2021-04-26,135.0,135.83,133.89,133.93,1483670,1.0,0.0
2021-04-27,134.46,136.0,133.845,135.06,1744409,1.0,0.0
2021-04-28,135.59,136.57,135.03,136.23,1383698,1.0,0.0
2021-04-29,136.87,137.83,136.8,137.18,1705749,1.0,0.0
2021-04-30,136.98,138.56,136.79,137.97,1725287,1.0,0.0
2021-05-03,138.72,140.68,138.455,140.34,1410726,1.0,0.0
2021-05-04,140.21,141.31,140.0,140.88,1558556,1.0,0.0
2021-05-05,141.09,141.9,140.3,141.64,1149296,1.0,0.0
2021-05-06,141.87,142.3999,141.21,141.48,1437507,1.0,0.0
2021-05-07,141.22,142.15,140.76,141.38,1584110,1.0,0.0
2021-05-10,142.06,144.535,142.05,143.26,1807620,1.0,0.0
2021-05-11,142.89,143.46,140.66,141.2,1789980,1.0,0.0
2021-05-12,140.92,141.01,138.12,138.18,1447608,1.0,0.0
2021-05-13,138.7,141.96,138.36,141.42,1272294,1.0,0.0
2021-05-14,141.85,142.91,141.53,141.94,976983,1.0,0.0
2021-05-17,141.75,142.61,140.6,141.51,1482184,1.0,0.0
2021-05-18,141.03,141.91,140.44,140.47,1672822,1.0,0.0
2021-05-19,139.95,139.95,137.62,139.15,1311412,1.0,0.0
2021-05-20,139.37,141.04,139.01,140.43,1029538,1.0,0.0
2021-05-21,141.17,141.83,140.1606,140.97,1573506,1.0,0.0
2021-05-24,141.62,142.0,141.02,141.11,1137418,1.0,0.0
2021-05-25,140.94,141.3009,140.45,140.69,1560997,1.0,0.0
2021-05-26,140.18,140.76,139.515,139.77,1259180,1.0,0.0
2021-05-27,140.29,140.83,139.205,140.55,2207166,1.0,0.0
2021-05-28,141.29,141.55,140.64,140.68,925616,1.0,0.0
2021-06-01,141.42,141.48,139.95,140.07,1117897,1.0,0.0
2021-06-02,140.31,141.24,139.8,141.12,1354742,1.0,0.0
2021-06-03,140.49,141.2,139.97,140.58,890563,1.0,0.575
2021-06-04,140.97,141.22,140.0241,140.75,641876,1.0,0.0
2021-06-07,140.7,140.99,139.37,139.57,1087197,1.0,0.0
2021-06-08,139.79,140.005,138.86,139.34,1112348,1.0,0.0
2021-06-09,139.18,139.8695,139.01,139.58,890349,1.0,0.0
2021-06-10,139.96,140.2,139.55,139.93,941561,1.0,0.0
2021-06-11,140.31,140.42,139.19,139.91,1262729,1.0,0.0
2021-06-14,139.91,140.27,139.27,140.25,813721,1.0,0.0
2021-06-15,140.18,141.11,139.42,140.86,934142,1.0,0.0
2021-06-16,141.5,141.5,139.41,139.82,1356842,1.0,0.0
2021-06-17,139.63,139.88,138.33,139.3,1215290,1.0,0.0
2021-06-18,138.07,138.59,136.97,137.07,2710843,1.0,0.0
2021-06-21,137.8,139.4,137.63,139.36,1461393,1.0,0.0
2021-06-22,139.29,140.04,139.11,139.67,1047516,1.0,0.0
2021-06-23,139.53,139.53,138.5,138.52,937889,1.0,0.0
2021-06-24,138.99,139.21,138.08,138.54,1072370,1.0,0.0
2021-06-25,138.28,139.48,138.28,139.11,1540604,1.0,0.0
2021-06-28,139.06,139.48,138.44,139.18,1014592,1.0,0.0
2021-06-29,139.17,139.77,138.874,139.46,1146478,1.0,0.0
2021-06-30,139.41,140.34,139.16,140.11,1206284,1.0,0.0
2021-07-01,141.7,141.7,140.64,141.17,1291977,1.0,0.0
2021-07-02,141.15,142.665,140.88,141.97,1470165,1.0,0.0
2021-07-06,142.38,142.8599,141.07,142.77,1198576,1.0,0.0
2021-07-07,142.77,144.74,142.3801,144.04,1630907,1.0,0.0
2021-07-08,142.99,143.27,141.82,142.17,1317352,1.0,0.0
2021-07-09,142.94,143.37,142.17,143.04,894800,1.0,0.0
2021-07-12,142.98,143.675,142.57,143.11,1087884,1.0,0.0
2021-07-13,143.5,143.72,142.215,142.52,1197412,1.0,0.0
2021-07-14,142.85,144.09,142.61,143.99,848192,1.0,0.0
2021-07-15,143.46,145.51,143.45,145.36,1217485,1.0,0.0
2021-07-16,145.9,146.92,145.72,145.8,1125680,1.0,0.0
2021-07-19,144.99,145.51,142.24,143.63,1951789,1.0,0.0
2021-07-20,143.95,146.39,143.91,145.17,1669465,1.0,0.0
2021-07-21,145.56,145.96,144.59,144.85,976279,1.0,0.0
2021-07-22,145.1,145.29,144.24,144.98,1065871,1.0,0.0
2021-07-23,145.03,146.85,145.03,146.39,908221,1.0,0.0
2021-07-26,146.2,147.02,145.73,146.69,1249221,1.0,0.0
2021-07-27,148.21,149.95,146.76,146.96,1876280,1.0,0.0
2021-07-28,147.26,147.26,145.36,145.67,1224207,1.0,0.0
2021-07-29,146.65,147.26,146.135,146.21,942136,1.0,0.0
2021-07-30,146.13,148.64,146.13,148.26,1388409,1.0,0.0
2021-08-02,148.7,149.15,146.61,147.27,928519,1.0,0.0
2021-08-03,147.44,149.47,147.283,149.41,1344660,1.0,0.0
2021-08-04,149.16,150.83,148.73,148.86,1553765,1.0,0.0
2021-08-05,149.17,149.7563,147.74,148.33,1135911,1.0,0.0
2021-08-06,148.33,149.4,147.51,147.84,1201707,1.0,0.0
2021-08-09,147.81,148.305,146.93,147.23,1055660,1.0,0.0
2021-08-10,147.0,148.0,146.735,146.98,1273687,1.0,0.0
2021-08-11,147.73,149.1997,147.63,149.13,1224183,1.0,0.0
2021-08-12,149.0,150.3,148.85,150.08,1356881,1.0,0.0
2021-08-13,150.47,151.149,149.89,150.61,905775,1.0,0.0
2021-08-16,150.67,152.0,150.2,151.93,1141349,1.0,0.0
2021-08-17,151.97,152.4074,150.86,151.7,1295226,1.0,0.0
2021-08-18,151.26,151.69,149.44,149.56,1366236,1.0,0.0
2021-08-19,148.37,151.961,148.37,151.62,1345656,1.0,0.0
2021-08-20,151.65,153.29,151.26,152.94,1404550,1.0,0.0
2021-08-23,153.26,153.41,151.71,151.76,1337573,1.0,0.0
2021-08-24,151.76,152.555,151.27,152.39,1249727,1.0,0.0
2021-08-25,152.46,153.2,151.9201,152.83,1080330,1.0,0.0
2021-08-26,153.0,153.9,152.6,153.6,888877,1.0,0.0
2021-08-27,154.21,154.65,153.67,154.15,1061169,1.0,0.0
2021-08-30,154.16,155.4,154.09,155.13,658547,1.0,0.0
2021-08-31,155.34,155.62,154.32,155.11,1732596,1.0,0.0
2021-09-01,154.55,156.32,154.19,155.85,1533162,1.0,0.0
2021-09-02,155.9,156.6,155.23,155.81,1711002,1.0,0.575
2021-09-03,156.0,156.19,155.32,155.4,1419350,1.0,0.0
2021-09-07,155.08,155.35,153.085,153.26,1565147,1.0,0.0
2021-09-08,153.0,154.9,152.73,154.24,1811643,1.0,0.0
2021-09-09,154.38,154.555,153.55,153.8,1383715,1.0,0.0
2021-09-10,154.15,154.9,153.58,154.45,1249947,1.0,0.0
2021-09-13,155.49,156.739,154.19,155.13,1971028,1.0,0.0
2021-09-14,155.52,156.12,154.2481,154.58,1051493,1.0,0.0
2021-09-15,154.55,156.34,154.17,155.63,1054514,1.0,0.0
2021-09-16,155.89,156.09,153.82,153.89,850026,1.0,0.0
2021-09-17,153.11,153.6,152.24,152.68,3109493,1.0,0.0
2021-09-20,150.99,152.98,150.5104,152.73,1453039,1.0,0.0
2021-09-21,153.05,154.255,152.63,152.75,1127302,1.0,0.0
2021-09-22,153.66,154.17,152.67,153.42,1194251,1.0,0.0
2021-09-23,154.33,155.03,153.25,153.5,1110518,1.0,0.0
2021-09-24,153.15,154.21,153.15,154.19,1240192,1.0,0.0
2021-09-27,153.81,154.145,151.58,152.05,2123883,1.0,0.0
2021-09-28,151.57,151.83,149.28,149.92,1795121,1.0,0.0
2021-09-29,150.5,151.975,149.95,151.6,1557418,1.0,0.0
2021-09-30,152.03,152.45,149.31,149.36,1587124,1.0,0.0
2021-10-01,149.72,150.66,147.525,149.84,1241897,1.0,0.0
2021-10-04,149.39,150.72,147.9,148.83,1413571,1.0,0.0
2021-10-05,149.08,150.45,148.25,149.85,1123182,1.0,0.0
2021-10-06,149.0,151.46,148.66,151.28,1493232,1.0,0.0
2021-10-07,152.24,154.15,152.24,153.99,1649570,1.0,0.0
2021-10-08,153.9,155.18,153.251,154.72,1563389,1.0,0.0
2021-10-11,154.69,155.74,154.07,154.08,1034975,1.0,0.0
2021-10-12,154.71,155.8871,154.035,154.46,1603726,1.0,0.0
2021-10-13,154.66,155.65,152.0,154.97,1317048,1.0,0.0
2021-10-14,156.19,158.065,156.0354,157.96,1346558,1.0,0.0
2021-10-15,159.0,159.53,158.08,158.17,1162503,1.0,0.0
2021-10-18,157.83,158.16,156.63,157.16,1554869,1.0,0.0
2021-10-19,157.7,158.9,157.16,158.84,1960344,1.0,0.0
2021-10-20,158.6,160.57,158.6,160.5,1446882,1.0,0.0
2021-10-21,162.08,162.33,160.45,161.88,1489507,1.0,0.0
2021-10-22,162.23,164.585,162.08,164.42,1249035,1.0,0.0
2021-10-25,163.93,164.815,160.55,161.15,2778993,1.0,0.0
2021-10-26,157.8,160.23,154.01,159.28,3007520,1.0,0.0
2021-10-27,158.81,159.94,154.7,155.15,2572440,1.0,0.0
2021-10-28,156.02,157.7,155.4,157.5,1845206,1.0,0.0
2021-10-29,157.5,160.615,157.27,160.23,1609044,1.0,0.0
2021-11-01,160.92,161.55,158.54,159.28,1015902,1.0,0.0
2021-11-02,159.42,161.815,159.0627,161.23,1151000,1.0,0.0
2021-11-03,161.03,161.81,158.56,159.72,1107962,1.0,0.0
2021-11-04,159.608,161.505,159.608,160.71,1064616,1.0,0.0
2021-11-05,161.1,161.68,159.27,159.89,1136275,1.0,0.0
2021-11-08,160.68,161.855,159.5,160.05,1304002,1.0,0.0
2021-11-09,159.61,160.29,159.1,159.58,1170931,1.0,0.0
2021-11-10,158.94,162.47,158.65,162.08,1777582,1.0,0.0
2021-11-11,161.8,162.29,160.66,161.24,972112,1.0,0.0
2021-11-12,162.03,163.45,161.3983,162.98,2190503,1.0,0.0
2021-11-15,163.0,164.0088,162.44,163.0,1240437,1.0,0.0
2021-11-16,163.35,164.705,163.23,164.63,1450345,1.0,0.0
2021-11-17,165.0,165.91,164.2,165.41,1739023,1.0,0.0
2021-11-18,165.41,166.35,164.28,164.49,1684776,1.0,0.0
2021-11-19,164.83,165.52,162.59,163.39,1881534,1.0,0.0
2021-11-22,163.54,164.25,162.71,163.02,1794554,1.0,0.0
2021-11-23,162.82,165.0,162.29,164.84,1067587,1.0,0.0
2021-11-24,164.4,165.92,163.82,165.72,1194257,1.0,0.0
2021-11-26,164.105,165.775,163.09,163.47,1120759,1.0,0.0
2021-11-29,164.84,168.039,164.2197,166.83,2030141,1.0,0.0
2021-11-30,165.5,166.55,160.28,160.67,4340728,1.0,0.0
2021-12-01,161.98,164.61,160.37,160.51,1652316,1.0,0.0
2021-12-02,160.98,164.77,160.535,163.74,1331980,1.0,0.575
2021-12-03,164.3,164.87,161.68,163.22,1204011,1.0,0.0
2021-12-06,164.795,165.74,163.2206,163.48,2162054,1.0,0.0
2021-12-07,165.1,166.76,163.5,164.25,1407264,1.0,0.0
2021-12-08,164.25,164.48,162.18,163.53,1248284,1.0,0.0
2021-12-09,162.62,163.7097,162.21,162.79,1598117,1.0,0.0
2021-12-10,164.13,165.66,163.33,164.72,1490640,1.0,0.0
2021-12-13,164.72,165.68,163.84,164.23,2328391,1.0,0.0
2021-12-14,163.6,164.19,161.14,162.58,1971224,1.0,0.0
2021-12-15,163.0,163.6,161.21,162.53,3044854,1.0,0.0
2021-12-16,163.61,166.5,163.21,166.04,2269044,1.0,0.0
2021-12-17,165.87,166.1874,161.17,161.31,2604135,1.0,0.0
2021-12-20,160.02,160.94,157.61,160.59,1397721,1.0,0.0
2021-12-21,161.62,162.49,158.995,160.03,1186920,1.0,0.0
2021-12-22,160.19,161.01,159.53,160.66,1495614,1.0,0.0
2021-12-23,160.71,162.61,160.67,161.94,1778817,1.0,0.0
2021-12-27,162.49,163.89,162.06,163.79,1295327,1.0,0.0
2021-12-28,164.05,165.27,163.84,165.14,1004050,1.0,0.0
2021-12-29,165.61,166.86,164.94,166.38,773146,1.0,0.0
2021-12-30,167.0,167.4346,165.44,165.73,822285,1.0,0.0
2021-12-31,165.29,167.61,165.29,166.9,800014,1.0,0.0
2022-01-03,166.47,166.63,161.0,162.74,2704767,1.0,0.0
2022-01-04,163.0,166.04,162.97,164.3,2111467,1.0,0.0
2022-01-05,164.35,165.03,161.4778,161.84,1761253,1.0,0.0
2022-01-06,161.36,164.01,161.0,162.85,1171821,1.0,0.0
2022-01-07,162.65,163.88,160.69,161.76,1560354,1.0,0.0
2022-01-10,160.0,160.753,158.3,159.41,2299885,1.0,0.0
2022-01-11,159.8,159.94,157.83,159.46,2145359,1.0,0.0
2022-01-12,159.99,160.9223,158.63,159.43,1569332,1.0,0.0
2022-01-13,159.86,160.16,157.15,157.45,1392752,1.0,0.0
2022-01-14,155.7,157.4194,155.1175,156.65,2086302,1.0,0.0
2022-01-18,155.41,156.19,153.76,155.35,1933813,1.0,0.0
2022-01-19,155.51,157.285,154.92,155.08,1489104,1.0,0.0
2022-01-20,155.76,156.97,152.85,153.23,2424774,1.0,0.0
2022-01-21,152.92,154.15,151.15,151.4,2526542,1.0,0.0
2022-01-24,149.72,150.51,146.94,149.79,4117177,1.0,0.0
2022-01-25,148.745,149.1,145.52,148.01,3642863,1.0,0.0
2022-01-26,148.1,150.76,146.6,147.96,2401073,1.0,0.0
2022-01-27,148.25,150.08,145.28,146.25,2856790,1.0,0.0
2022-01-28,146.36,147.93,144.05,147.9,3214462,1.0,0.0
2022-01-31,147.51,150.64,147.3801,150.44,2040163,1.0,0.0
2022-02-01,150.5,151.25,147.91,149.76,3067356,1.0,0.0
2022-02-02,142.98,148.569,142.98,148.12,4096895,1.0,0.0
2022-02-03,146.77,148.37,146.26,146.43,2224747,1.0,0.0
2022-02-04,145.0,146.71,144.25,145.03,1627823,1.0,0.0
2022-02-07,145.68,146.51,144.78,145.09,1670897,1.0,0.0
2022-02-08,145.2,145.83,144.31,145.15,1762552,1.0,0.0
2022-02-09,145.78,147.49,145.71,146.64,1559669,1.0,0.0
2022-02-10,145.27,146.6,143.28,143.82,1924309,1.0,0.0
2022-02-11,143.9,144.555,141.48,142.64,2289251,1.0,0.0
2022-02-14,142.5,143.1523,140.57,141.77,2143335,1.0,0.0
2022-02-15,143.01,143.385,141.8464,142.68,2092466,1.0,0.0
2022-02-16,142.22,143.15,141.31,142.57,2023497,1.0,0.0
2022-02-17,141.91,143.5273,141.52,143.06,1915335,1.0,0.0
2022-02-18,142.77,143.99,142.07,142.33,1746167,1.0,0.0
2022-02-22,142.25,142.53,140.78,141.53,2407714,1.0,0.0
2022-02-23,141.96,142.53,140.53,140.6,2201191,1.0,0.0
2022-02-24,139.2,142.42,138.58,141.91,3067666,1.0,0.0
2022-02-25,142.21,145.53,142.0,145.16,1605461,1.0,0.0
2022-02-28,143.87,145.36,143.16,144.4,2230103,1.0,0.0
2022-03-01,144.31,147.28,144.06,146.58,3224972,1.0,0.0
2022-03-02,147.33,151.0,147.06,150.16,2150612,1.0,0.0
2022-03-03,151.25,154.43,151.15,152.81,2215779,1.0,0.0
2022-03-04,151.75,158.0,151.13,157.82,2631583,1.0,0.0
2022-03-07,157.21,158.44,155.44,155.85,2972714,1.0,0.0
2022-03-08,155.0,156.27,147.86,147.96,3030998,1.0,0.0
2022-03-09,149.86,151.08,148.26,149.98,1959755,1.0,0.0
2022-03-10,148.93,151.82,148.93,151.45,1920525,1.0,0.0
2022-03-11,152.2,153.58,151.39,151.47,1415544,1.0,0.0
2022-03-14,152.22,154.65,151.13,154.45,1839049,1.0,0.0
2022-03-15,155.59,156.04,153.85,155.17,1965343,1.0,0.0
2022-03-16,154.92,155.67,152.2,154.5,2051589,1.0,0.65
2022-03-17,154.5,155.72,154.22,155.63,1339926,1.0,0.0
2022-03-18,155.66,156.45,154.11,155.67,2743475,1.0,0.0
2022-03-21,156.04,157.3339,155.48,156.03,1494918,1.0,0.0
2022-03-22,156.25,157.06,154.22,154.83,1304403,1.0,0.0
2022-03-23,154.7,154.99,153.42,153.55,1318252,1.0,0.0
2022-03-24,153.96,155.09,153.34,155.04,1322065,1.0,0.0
2022-03-25,155.35,156.35,154.73,156.28,1073378,1.0,0.0
2022-03-28,156.57,158.17,156.3,158.16,1439159,1.0,0.0
2022-03-29,159.04,159.22,156.01,157.75,1278939,1.0,0.0
2022-03-30,158.13,159.48,157.8,159.45,1166080,1.0,0.0
2022-03-31,159.8,161.18,158.5,158.5,1625878,1.0,0.0
2022-04-01,158.43,160.0,157.8,159.81,1605606,1.0,0.0
2022-04-04,159.65,160.0,158.21,159.39,962884,1.0,0.0
2022-04-05,159.32,162.28,159.245,160.59,1291160,1.0,0.0
2022-04-06,160.13,162.17,159.78,161.1,1800046,1.0,0.0
2022-04-07,161.41,164.51,160.61,163.78,1968477,1.0,0.0
2022-04-08,164.11,165.79,163.295,165.15,1536099,1.0,0.0
2022-04-11,165.0,165.85,163.66,164.16,1381186,1.0,0.0
2022-04-12,163.29,164.55,161.57,161.85,1666832,1.0,0.0
2022-04-13,161.65,162.4,158.39,159.74,1801954,1.0,0.0
2022-04-14,160.09,161.15,159.045,159.16,1282704,1.0,0.0
2022-04-18,158.64,160.03,157.08,158.01,1098545,1.0,0.0
2022-04-19,158.36,159.74,158.31,159.08,1343151,1.0,0.0
2022-04-20,159.7,161.23,159.47,160.59,1479389,1.0,0.0
2022-04-21,161.5,162.66,160.74,161.16,1352151,1.0,0.0
2022-04-22,161.21,161.51,157.31,157.51,1599934,1.0,0.0
2022-04-25,157.44,157.64,153.1543,155.96,2538420,1.0,0.0
2022-04-26,165.65,167.75,162.04,164.15,3336114,1.0,0.0
2022-04-27,165.0,168.38,164.55,167.45,3318400,1.0,0.0
2022-04-28,166.97,170.18,165.405,169.65,2163129,1.0,0.0
2022-04-29,168.99,169.62,164.11,164.44,2238227,1.0,0.0
2022-05-02,163.6,164.9,157.05,159.04,2388560,1.0,0.0
2022-05-03,159.16,162.22,158.47,159.33,1706558,1.0,0.0
2022-05-04,159.02,162.55,158.41,162.33,1694347,1.0,0.0
2022-05-05,161.78,162.03,157.4,158.64,1938524,1.0,0.0
2022-05-06,157.87,162.34,156.79,161.78,1933845,1.0,0.0
2022-05-09,160.75,160.98,158.53,159.24,2040754,1.0,0.0
2022-05-10,160.31,160.88,155.1,156.95,2149490,1.0,0.0
2022-05-11,157.1,159.37,157.0481,157.78,1423703,1.0,0.0
2022-05-12,158.21,159.47,154.035,155.48,2337155,1.0,0.0
2022-05-13,157.49,158.7,156.121,157.9,2052558,1.0,0.0
2022-05-16,158.05,158.84,156.64,157.43,1810167,1.0,0.0
2022-05-17,158.95,158.95,155.16,157.23,1796667,1.0,0.0
2022-05-18,157.0,157.43,152.65,153.06,1954695,1.0,0.0
2022-05-19,151.85,154.1,150.29,152.77,1850217,1.0,0.0
2022-05-20,153.14,154.93,151.28,154.5,2705988,1.0,0.0
2022-05-23,155.05,156.4,153.36,156.08,1781691,1.0,0.0
2022-05-24,156.28,158.17,154.72,157.6,1660986,1.0,0.0
2022-05-25,157.76,158.29,155.62,156.01,1604685,1.0,0.0
2022-05-26,157.33,158.599,156.72,157.99,1585040,1.0,0.0
2022-05-27,158.27,161.01,158.27,161.0,1518492,1.0,0.0
2022-05-31,159.82,160.0,157.845,158.51,4298075,1.0,0.0
2022-06-01,159.07,159.47,157.7994,158.53,1302366,1.0,0.0
2022-06-02,158.35,159.5535,156.4,159.38,1064665,1.0,0.65
2022-06-03,158.4,159.47,157.64,159.12,1007816,1.0,0.0
2022-06-06,160.0,160.19,157.77,157.94,1230699,1.0,0.0
2022-06-07,157.3,159.84,156.8928,159.8,1287483,1.0,0.0
2022-06-08,158.73,159.46,156.91,157.06,1075445,1.0,0.0
2022-06-09,156.72,157.29,153.28,153.35,1046807,1.0,0.0
2022-06-10,151.85,153.055,150.44,151.41,1373695,1.0,0.0
2022-06-13,149.0,150.4,147.1,147.86,1683873,1.0,0.0
2022-06-14,147.26,148.66,145.18,145.62,1394574,1.0,0.0
2022-06-15,146.48,147.54,143.2254,145.41,1291864,1.0,0.0
2022-06-16,143.75,144.42,141.62,142.34,1834382,1.0,0.0
2022-06-17,141.44,141.96,138.89,140.65,3307674,1.0,0.0
2022-06-21,141.99,144.57,141.17,143.99,1528979,1.0,0.0
2022-06-22,143.21,146.24,142.59,144.91,1400448,1.0,0.0
2022-06-23,145.58,147.5401,145.09,147.19,1357790,1.0,0.0
2022-06-24,148.13,150.62,147.55,150.31,4927179,1.0,0.0
2022-06-27,149.81,150.57,149.1004,149.53,1096015,1.0,0.0
2022-06-28,150.09,150.87,148.56,148.88,1153789,1.0,0.0
2022-06-29,149.79,151.67,148.58,151.25,1282011,1.0,0.0
2022-06-30,150.11,153.44,150.04,152.98,1841380,1.0,0.0
2022-07-01,152.94,156.01,152.81,155.65,1519288,1.0,0.0
2022-07-05,154.5,154.92,150.35,151.7,1435279,1.0,0.0
2022-07-06,151.76,155.4303,151.28,154.56,1608091,1.0,0.0
2022-07-07,154.39,155.19,153.2,153.56,1124016,1.0,0.0
2022-07-08,153.35,153.77,152.35,152.76,881096,1.0,0.0
2022-07-11,152.44,153.66,152.1,152.58,1120964,1.0,0.0
2022-07-12,152.16,153.6,150.6,151.03,1667941,1.0,0.0
2022-07-13,149.62,151.19,149.01,150.43,1170244,1.0,0.0
2022-07-14,149.02,151.28,148.71,151.07,1286388,1.0,0.0
2022-07-15,152.73,152.73,150.835,152.01,1075431,1.0,0.0
2022-07-18,152.19,152.45,148.8,149.27,1252416,1.0,0.0
2022-07-19,150.23,152.34,149.7069,152.14,1438420,1.0,0.0
2022-07-20,152.62,153.26,151.85,152.75,1057516,1.0,0.0
2022-07-21,153.27,155.69,152.42,155.25,1371201,1.0,0.0
2022-07-22,155.71,156.53,154.31,154.93,1145188,1.0,0.0
2022-07-25,154.91,156.57,154.38,155.9,988093,1.0,0.0
2022-07-26,155.8,156.41,154.77,155.01,1764386,1.0,0.0
2022-07-27,157.5,159.84,157.01,159.3,2064364,1.0,0.0
2022-07-28,160.09,164.99,159.855,164.57,1563651,1.0,0.0
2022-07-29,165.0,166.9,164.24,164.56,2070096,1.0,0.0
2022-08-01,163.91,164.67,162.51,163.36,2016341,1.0,0.0
2022-08-02,163.47,164.375,162.15,163.33,1585559,1.0,0.0
2022-08-03,164.06,166.65,163.73,166.18,1400285,1.0,0.0
2022-08-04,165.68,169.29,165.67,169.13,2039024,1.0,0.0
2022-08-05,168.0,169.68,166.22,168.83,1468903,1.0,0.0
2022-08-08,169.49,171.172,169.02,169.5,1483030,1.0,0.0
2022-08-09,169.99,170.94,169.38,169.9,1171838,1.0,0.0
2022-08-10,171.46,172.44,169.1,170.07,1351921,1.0,0.0
2022-08-11,170.0,170.86,169.38,169.74,1238996,1.0,0.0
2022-08-12,170.35,171.79,170.01,171.74,1397087,1.0,0.0
2022-08-15,170.86,172.885,170.1,172.7,1522210,1.0,0.0
2022-08-16,172.25,175.51,171.9936,174.81,1554625,1.0,0.0
2022-08-17,174.29,175.57,174.03,175.29,942953,1.0,0.0
2022-08-18,175.82,175.98,174.21,174.99,795552,1.0,0.0
2022-08-19,175.5,175.532,174.1,174.32,1207230,1.0,0.0
2022-08-22,173.18,175.26,172.62,174.24,1391783,1.0,0.0
2022-08-23,173.39,174.12,172.69,173.43,1549585,1.0,0.0
2022-08-24,173.79,174.275,172.78,173.48,1689679,1.0,0.0
2022-08-25,173.44,174.74,172.71,174.63,1234970,1.0,0.0
2022-08-26,175.0,175.23,171.47,171.51,1235925,1.0,0.0
2022-08-29,170.7,172.88,170.32,171.73,923981,1.0,0.0
2022-08-30,171.48,172.4,170.2814,170.73,1672310,1.0,0.0
2022-08-31,171.27,171.94,169.0,169.03,2098750,1.0,0.0
2022-09-01,169.21,170.29,168.79,170.04,1461765,1.0,0.0
2022-09-02,170.7,171.19,167.81,168.45,1803818,1.0,0.0
2022-09-06,169.0,170.28,168.16,169.16,1562834,1.0,0.0
2022-09-07,169.47,174.2,169.47,173.73,2146142,1.0,0.0
2022-09-08,172.52,174.36,172.11,173.58,1503538,1.0,0.65
2022-09-09,174.19,174.57,172.59,173.4,2308263,1.0,0.0
2022-09-12,173.39,174.735,173.06,173.71,1577574,1.0,0.0
2022-09-13,172.32,173.5,170.76,171.21,1815367,1.0,0.0
2022-09-14,171.65,173.73,170.88,171.73,1706237,1.0,0.0
2022-09-15,171.37,172.5294,170.43,171.03,1764675,1.0,0.0
2022-09-16,169.76,170.3,168.66,169.34,3437030,1.0,0.0
2022-09-19,168.41,171.22,168.12,170.91,2175913,1.0,0.0
2022-09-20,169.95,170.04,167.92,169.7,1782304,1.0,0.0
2022-09-21,170.84,173.13,168.89,168.89,1534648,1.0,0.0
2022-09-22,168.94,169.06,166.57,166.87,1322419,1.0,0.0
2022-09-23,165.7,166.35,164.13,165.74,1750572,1.0,0.0
2022-09-26,165.5,166.61,164.415,165.22,1880732,1.0,0.0
2022-09-27,165.69,165.73,162.1,163.22,2513338,1.0,0.0
2022-09-28,163.97,165.79,162.165,164.67,2612084,1.0,0.0
2022-09-29,164.58,164.79,160.79,161.91,1845076,1.0,0.0
2022-09-30,162.38,162.83,160.09,160.21,1993168,1.0,0.0
2022-10-03,161.62,165.52,161.35,165.09,1615144,1.0,0.0
2022-10-04,166.65,169.26,166.36,168.18,1637525,1.0,0.0
2022-10-05,167.0,168.19,166.43,166.63,1190560,1.0,0.0
2022-10-06,165.13,165.75,158.88,159.4,3011004,1.0,0.0
2022-10-07,158.0,158.785,154.73,155.24,1963114,1.0,0.0
2022-10-10,155.93,156.52,154.12,155.5,1415124,1.0,0.0
2022-10-11,155.13,157.38,154.88,156.27,1641085,1.0,0.0
2022-10-12,157.1,157.32,154.31,154.35,1353400,1.0,0.0
2022-10-13,151.49,157.81,151.22,157.38,1826181,1.0,0.0
2022-10-14,158.89,159.32,154.12,154.73,1413584,1.0,0.0
2022-10-17,156.64,158.61,156.42,157.82,1374094,1.0,0.0
2022-10-18,160.34,161.63,159.26,161.12,1335759,1.0,0.0
2022-10-19,160.0,161.63,159.57,161.5,1205895,1.0,0.0
2022-10-20,162.44,162.5499,158.63,159.28,1302480,1.0,0.0
2022-10-21,158.57,160.68,157.245,159.83,1486224,1.0,0.0
2022-10-24,162.16,164.17,161.6837,162.69,2086575,1.0,0.0
2022-10-25,163.54,165.23,163.0984,165.05,2076516,1.0,0.0
2022-10-26,166.79,167.53,159.69,159.97,2923996,1.0,0.0
2022-10-27,160.19,161.95,157.71,158.3,2399679,1.0,0.0
2022-10-28,157.5,158.0,156.3,157.91,2376232,1.0,0.0
2022-10-31,157.76,160.52,157.01,158.37,2788625,1.0,0.0
2022-11-01,159.05,160.05,155.65,156.52,2240385,1.0,0.0
2022-11-02,156.18,159.58,155.22,155.22,1721805,1.0,0.0
2022-11-03,154.5,158.8479,153.87,157.13,1693007,1.0,0.0
2022-11-04,158.06,158.79,153.94,155.77,1663242,1.0,0.0
2022-11-07,156.54,157.81,155.88,157.35,1195622,1.0,0.0
2022-11-08,156.95,160.13,156.31,159.64,1360093,1.0,0.0
2022-11-09,159.81,160.92,158.07,158.2,1386117,1.0,0.0
2022-11-10,161.3,161.69,157.75,161.22,1785495,1.0,0.0
2022-11-11,161.33,161.7,156.065,158.16,2357970,1.0,0.0
2022-11-14,158.69,160.4,157.58,157.59,1781513,1.0,0.0
2022-11-15,158.85,159.51,154.565,157.09,2021901,1.0,0.0
2022-11-16,157.56,160.2654,157.2116,158.08,1960816,1.0,0.0
2022-11-17,157.77,159.81,156.7,159.09,1229056,1.0,0.0
2022-11-18,160.55,161.6,159.84,161.18,1497030,1.0,0.0
2022-11-21,162.07,164.05,161.535,162.8,1452941,1.0,0.0
2022-11-22,163.27,164.225,162.31,163.24,1002357,1.0,0.0
2022-11-23,163.25,164.43,162.87,164.01,1718227,1.0,0.0
2022-11-25,164.76,165.28,163.79,164.46,911134,1.0,0.0
2022-11-28,163.51,165.155,163.51,164.59,2245553,1.0,0.0
2022-11-29,164.0,165.16,163.46,165.08,2091728,1.0,0.0
2022-11-30,164.68,167.72,164.2,167.72,3260457,1.0,0.0
2022-12-01,168.65,170.7,167.7,167.82,1801219,1.0,0.65
2022-12-02,166.6,169.9,166.32,169.81,1374018,1.0,0.0
2022-12-05,168.27,168.9312,167.0902,167.79,1738218,1.0,0.0
2022-12-06,167.49,167.7,164.785,165.56,1917750,1.0,0.0
2022-12-07,165.46,166.83,164.83,165.21,1258990,1.0,0.0
2022-12-08,165.15,166.85,165.1,166.01,1162641,1.0,0.0
2022-12-09,167.06,168.44,166.3,166.83,1609762,1.0,0.0
2022-12-12,168.33,168.96,165.54,166.79,1435609,1.0,0.0
2022-12-13,168.06,168.86,165.84,166.75,1421313,1.0,0.0
2022-12-14,166.78,169.45,165.87,166.54,1615755,1.0,0.0
2022-12-15,165.41,165.5475,162.9,163.37,1873086,1.0,0.0
2022-12-16,161.83,162.4,159.465,161.79,2909270,1.0,0.0
2022-12-19,160.12,160.47,154.43,157.59,2411840,1.0,0.0
2022-12-20,156.85,158.605,156.14,157.79,1346729,1.0,0.0
2022-12-21,158.84,159.87,158.02,159.27,1382340,1.0,0.0
2022-12-22,158.6,159.17,156.15,157.73,1483116,1.0,0.0
2022-12-23,157.43,159.4,156.985,159.21,632885,1.0,0.0
2022-12-27,159.65,159.9,158.28,159.5,1288484,1.0,0.0
2022-12-28,159.3,159.96,157.235,157.37,806402,1.0,0.0
2022-12-29,158.23,159.29,157.53,158.87,1350209,1.0,0.0
2022-12-30,158.5,158.5801,155.55,156.88,946283,1.0,0.0
2023-01-03,157.41,157.51,155.35,157.03,1119267,1.0,0.0
2023-01-04,157.17,157.6,155.855,156.91,1274171,1.0,0.0
2023-01-05,156.07,156.48,153.56,153.88,1474973,1.0,0.0
2023-01-06,155.58,159.8673,155.3,159.49,1745632,1.0,0.0
2023-01-09,161.12,161.72,157.98,158.24,1744251,1.0,0.0
2023-01-10,155.11,155.8,151.74,154.91,2415876,1.0,0.0
2023-01-11,156.74,157.74,155.278,156.99,1652446,1.0,0.0
2023-01-12,156.98,157.415,152.13,152.68,2173686,1.0,0.0
2023-01-13,152.19,154.31,151.8,154.19,2657885,1.0,0.0
2023-01-17,154.76,155.49,154.15,154.37,2036815,1.0,0.0
2023-01-18,154.36,155.15,150.56,150.9,1577849,1.0,0.0
2023-01-19,151.0,151.77,150.25,150.49,1638907,1.0,0.0
2023-01-20,150.73,152.36,149.12,152.06,1459497,1.0,0.0
2023-01-23,152.8,153.17,151.125,152.67,1290997,1.0,0.0
2023-01-24,152.83,153.04,151.01,152.27,1252000,1.0,0.0
2023-01-25,151.62,153.25,151.14,153.11,1816803,1.0,0.0
2023-01-26,153.43,153.56,152.24,152.5,953749,1.0,0.0
2023-01-27,152.01,153.03,151.26,152.61,1369284,1.0,0.0
2023-01-30,152.7,155.0,152.7,153.1,1742271,1.0,0.0
2023-01-31,153.34,154.73,152.56,154.73,1632301,1.0,0.0
2023-02-01,150.1,155.66,148.55,154.41,3565192,1.0,0.0
2023-02-02,153.29,153.31,149.0,150.34,3548003,1.0,0.0
2023-02-03,150.97,152.09,149.68,151.06,1880600,1.0,0.0
2023-02-06,150.51,152.21,150.11,151.82,1406914,1.0,0.0
2023-02-07,151.19,151.8,149.5,151.33,1929998,1.0,0.0
2023-02-08,150.95,151.8599,150.55,150.86,1414442,1.0,0.0
2023-02-09,151.97,152.81,150.95,152.28,1945599,1.0,0.0
2023-02-10,152.53,154.385,152.05,154.07,1721869,1.0,0.0
2023-02-13,154.52,155.02,152.015,152.78,2136557,1.0,0.0
2023-02-14,152.54,152.54,150.6836,151.34,1540552,1.0,0.0
2023-02-15,150.87,152.46,150.87,152.14,1607200,1.0,0.0
2023-02-16,151.61,153.735,150.59,152.27,1552394,1.0,0.0
2023-02-17,152.51,155.17,152.085,154.92,1960290,1.0,0.0
2023-02-21,154.69,155.49,152.125,152.54,1640683,1.0,0.0
2023-02-22,153.23,153.59,151.8,152.15,1336313,1.0,0.0
2023-02-23,152.17,152.35,149.98,150.98,1602435,1.0,0.0
2023-02-24,150.19,151.64,150.04,151.31,1215449,1.0,0.0
2023-02-27,152.06,152.96,150.51,151.07,1547607,1.0,0.0
2023-02-28,150.73,151.0469,149.5,149.76,2610046,1.0,0.0
2023-03-01,149.44,150.49,148.31,148.83,1654598,1.0,0.0
2023-03-02,148.96,150.31,148.825,150.0,1420246,1.0,0.0
2023-03-03,150.86,150.86,148.79,150.08,1518813,1.0,0.0
2023-03-06,149.96,151.01,149.52,150.77,1897408,1.0,0.0
2023-03-07,151.38,151.75,148.48,149.4,1404850,1.0,0.0
2023-03-08,149.29,149.98,148.5,149.9,1491441,1.0,0.0
2023-03-09,150.0,152.98,150.0,150.62,2173186,1.0,0.7
2023-03-10,150.91,152.54,148.83,149.33,2411954,1.0,0.0
2023-03-13,148.89,153.71,148.6432,151.24,2377771,1.0,0.0
2023-03-14,151.2,154.98,151.13,154.36,2210279,1.0,0.0
2023-03-15,153.63,155.19,152.42,155.06,2914099,1.0,0.0
2023-03-16,155.06,156.62,154.78,155.61,2005042,1.0,0.0
2023-03-17,156.05,156.29,152.7,153.15,2902332,1.0,0.0
2023-03-20,153.69,156.115,153.69,154.87,1645158,1.0,0.0
2023-03-21,155.71,155.87,153.91,154.51,1845446,1.0,0.0
2023-03-22,154.45,154.93,152.04,152.09,1428654,1.0,0.0
2023-03-23,152.06,152.93,150.51,150.7,1809494,1.0,0.0
2023-03-24,151.15,154.83,150.6,154.46,2018645,1.0,0.0
2023-03-27,155.5,156.43,153.48,153.58,1530950,1.0,0.0
2023-03-28,153.55,155.41,153.48,154.82,1308389,1.0,0.0
2023-03-29,155.6,157.12,155.595,157.04,1514499,1.0,0.0
2023-03-30,158.03,162.06,158.03,161.53,3074757,1.0,0.0
2023-03-31,162.39,163.43,162.19,163.17,3115601,1.0,0.0
2023-04-03,162.81,164.93,162.48,163.87,2043748,1.0,0.0
2023-04-04,163.99,164.835,162.38,163.53,2514708,1.0,0.0
2023-04-05,164.28,165.32,162.34,162.82,1650898,1.0,0.0
2023-04-06,163.08,164.76,162.56,163.66,3290538,1.0,0.0
2023-04-10,163.0,163.2942,162.02,162.28,1363530,1.0,0.0
2023-04-11,162.16,163.66,161.525,163.14,1539877,1.0,0.0
2023-04-12,163.25,165.97,163.05,165.5,2022452,1.0,0.0
2023-04-13,165.72,167.46,164.87,166.85,2178552,1.0,0.0
2023-04-14,165.44,166.02,164.96,165.3,1229293,1.0,0.0
2023-04-17,166.06,166.36,164.9138,165.4,1199241,1.0,0.0
2023-04-18,166.07,166.86,164.63,165.38,1709167,1.0,0.0
2023-04-19,165.65,166.11,164.82,165.1,895522,1.0,0.0
2023-04-20,165.24,166.04,164.8575,165.7,1255167,1.0,0.0
2023-04-21,166.18,166.52,164.9824,165.15,1721681,1.0,0.0
2023-04-24,164.98,165.89,164.845,165.67,1476488,1.0,0.0
2023-04-25,165.99,166.89,165.1,165.57,1276993,1.0,0.0
2023-04-26,164.4,165.06,163.0,163.61,1549370,1.0,0.0
2023-04-27,162.06,163.05,157.9,161.63,2750490,1.0,0.0
2023-04-28,162.85,166.175,162.535,166.05,2227191,1.0,0.0
2023-05-01,165.81,167.57,165.81,166.79,1458275,1.0,0.0
2023-05-02,166.98,167.66,165.0,166.71,1431024,1.0,0.0
2023-05-03,167.28,169.15,166.56,167.32,1515101,1.0,0.0
2023-05-04,167.6,168.66,166.86,167.81,1189069,1.0,0.0
2023-05-05,167.64,169.25,167.43,168.43,1095944,1.0,0.0
2023-05-08,168.43,170.12,168.1,169.03,889572,1.0,0.0
2023-05-09,169.99,170.67,169.24,169.46,1511454,1.0,0.0
2023-05-10,170.2,170.94,169.1401,170.55,1240014,1.0,0.0
2023-05-11,170.9,170.9,169.3,170.19,1532790,1.0,0.0
2023-05-12,170.26,171.1,168.76,169.24,1174104,1.0,0.0
2023-05-15,169.09,169.46,167.84,168.58,1146569,1.0,0.0
2023-05-16,168.46,168.55,167.36,167.73,927281,1.0,0.0
2023-05-17,167.98,168.01,165.45,166.72,1877894,1.0,0.0
2023-05-18,165.95,166.11,163.52,165.0,1899400,1.0,0.0
2023-05-19,165.38,166.38,165.06,165.36,1454865,1.0,0.0
2023-05-22,165.38,165.9,163.44,164.3,1019860,1.0,0.0
2023-05-23,163.73,163.93,162.59,162.78,1236898,1.0,0.0
2023-05-24,163.35,164.43,162.45,162.62,1106629,1.0,0.0
2023-05-25,162.22,162.61,160.71,161.88,1132756,1.0,0.0
2023-05-26,162.04,162.7,160.88,161.28,1041904,1.0,0.0
2023-05-30,161.11,162.42,160.22,162.16,1061812,1.0,0.0
2023-05-31,162.7,163.14,161.48,161.92,2836016,1.0,0.0
2023-06-01,161.81,162.82,161.015,162.8,1595708,1.0,0.7
2023-06-02,162.93,165.1,162.8,164.96,1722439,1.0,0.0
2023-06-05,165.12,166.7,164.67,164.74,1457354,1.0,0.0
2023-06-06,165.0,165.76,162.07,162.68,1336087,1.0,0.0
2023-06-07,161.64,162.71,160.26,161.55,1934732,1.0,0.0
2023-06-08,161.09,162.97,160.71,162.58,1231127,1.0,0.0
2023-06-09,162.16,162.93,161.15,162.68,1096710,1.0,0.0
2023-06-12,163.2,163.35,161.81,162.91,944026,1.0,0.0
2023-06-13,162.7,163.01,161.81,162.1,1402410,1.0,0.0
2023-06-14,162.09,163.64,161.11,162.42,1290438,1.0,0.0
2023-06-15,162.58,164.77,162.4,164.2,1331084,1.0,0.0
2023-06-16,165.1,166.28,164.651,165.03,2418925,1.0,0.0
2023-06-20,164.85,165.99,164.37,164.86,1435768,1.0,0.0
2023-06-21,164.76,165.63,163.31,165.48,1231605,1.0,0.0
2023-06-22,165.78,166.94,165.27,166.91,1311920,1.0,0.0
2023-06-23,166.88,167.72,165.15,165.59,1600095,1.0,0.0
2023-06-26,165.6,166.805,164.4,166.74,990937,1.0,0.0
2023-06-27,167.31,168.94,166.51,168.78,955268,1.0,0.0
2023-06-28,168.99,168.99,166.7,167.47,890095,1.0,0.0
2023-06-29,167.15,169.77,166.62,169.61,1003308,1.0,0.0
2023-06-30,169.99,173.71,169.5493,173.42,1989029,1.0,0.0
2023-07-03,172.23,172.31,170.55,171.4,693268,1.0,0.0
2023-07-05,170.99,171.37,170.03,171.05,1081998,1.0,0.0
2023-07-06,170.1,172.04,169.65,171.36,1137921,1.0,0.0
2023-07-07,169.96,171.44,169.85,170.01,1167474,1.0,0.0
2023-07-10,170.0,171.64,169.99,171.13,1079501,1.0,0.0
2023-07-11,170.92,171.53,167.91,170.22,1596884,1.0,0.0
2023-07-12,170.97,171.31,168.3106,169.18,1547532,1.0,0.0
2023-07-13,168.88,169.49,168.03,168.34,2109181,1.0,0.0
2023-07-14,167.8,168.705,167.1,168.56,1553962,1.0,0.0
2023-07-17,168.4,169.02,167.7,167.76,1147267,1.0,0.0
2023-07-18,167.29,168.43,165.97,166.61,1417385,1.0,0.0
2023-07-19,166.84,167.98,165.99,166.7,1483383,1.0,0.0
2023-07-20,166.53,172.0,166.34,171.9,1589185,1.0,0.0
2023-07-21,172.06,173.2,171.81,172.41,1601726,1.0,0.0
2023-07-24,172.7,172.7899,171.29,171.8,1065665,1.0,0.0
2023-07-25,171.65,172.45,170.45,171.75,1524427,1.0,0.0
2023-07-26,166.8,167.67,163.93,164.94,3338986,1.0,0.0
2023-07-27,164.84,165.99,161.74,163.97,2456202,1.0,0.0
2023-07-28,164.91,165.005,162.43,162.94,1826351,1.0,0.0
2023-07-31,163.0,164.265,162.51,163.79,1854166,1.0,0.0
2023-08-01,164.24,166.34,161.95,162.51,2072115,1.0,0.0
2023-08-02,162.51,164.87,162.39,163.42,1419928,1.0,0.0
2023-08-03,163.0,163.535,160.79,160.94,1412475,1.0,0.0
2023-08-04,160.99,161.85,160.21,160.43,1137184,1.0,0.0
2023-08-07,160.44,161.56,160.26,161.25,1054610,1.0,0.0
2023-08-08,161.69,161.915,159.1,159.8,1043943,1.0,0.0
2023-08-09,159.905,162.26,159.67,161.5,1140316,1.0,0.0
2023-08-10,161.01,162.13,159.29,159.83,1427500,1.0,0.0
2023-08-11,159.71,161.116,159.71,160.94,932249,1.0,0.0
2023-08-14,161.02,161.88,160.5084,160.73,1024346,1.0,0.0
2023-08-15,160.0,160.91,158.91,158.97,1173725,1.0,0.0
2023-08-16,159.13,161.1,158.6347,160.02,1118830,1.0,0.0
2023-08-17,159.65,160.55,158.43,158.49,1229681,1.0,0.0
2023-08-18,158.76,159.61,158.55,158.87,1209413,1.0,0.0
2023-08-21,158.69,159.72,158.15,158.87,950611,1.0,0.0
2023-08-22,158.37,159.2,158.0,158.13,857817,1.0,0.0
2023-08-23,158.79,158.98,157.6,158.38,1245055,1.0,0.0
2023-08-24,158.25,159.115,157.22,157.28,994615,1.0,0.0
2023-08-25,158.0,159.0,157.8,158.33,1796797,1.0,0.0
2023-08-28,158.36,159.17,157.7,157.94,975443,1.0,0.0
2023-08-29,157.57,158.2,156.38,158.13,1218341,1.0,0.0
2023-08-30,159.03,159.79,158.1873,158.62,1219000,1.0,0.0
2023-08-31,158.8,159.16,156.67,156.78,1839220,1.0,0.0
2023-09-01,157.42,157.89,156.5,157.01,1217817,1.0,0.0
2023-09-05,156.9,157.8,155.13,157.03,1553709,1.0,0.0
2023-09-06,156.6,156.94,155.36,155.97,1380219,1.0,0.0
2023-09-07,155.5,157.11,155.29,156.9,1008152,1.0,0.7
2023-09-08,157.44,157.885,156.25,156.45,928747,1.0,0.0
2023-09-11,156.43,157.5,156.16,157.48,1310259,1.0,0.0
2023-09-12,157.82,158.87,157.6,158.58,1118387,1.0,0.0
2023-09-13,158.98,160.65,158.42,160.4,1367326,1.0,0.0
2023-09-14,161.04,161.355,159.2814,160.35,1592879,1.0,0.0
2023-09-15,160.5,161.95,160.37,160.48,3162784,1.0,0.0
2023-09-18,160.88,160.955,158.56,159.83,1317195,1.0,0.0
2023-09-19,159.73,160.33,159.01,159.67,1040103,1.0,0.0
2023-09-20,159.88,161.12,158.78,160.05,1074148,1.0,0.0
2023-09-21,159.94,160.3,157.46,157.49,1669656,1.0,0.0
2023-09-22,157.0,158.08,156.43,156.47,1192093,1.0,0.0
2023-09-25,156.24,157.5,156.18,157.16,1298457,1.0,0.0
2023-09-26,156.61,156.94,155.4703,155.68,1393377,1.0,0.0
2023-09-27,155.69,155.98,153.48,154.42,1894174,1.0,0.0
2023-09-28,154.9,155.245,153.96,154.44,1469047,1.0,0.0
2023-09-29,155.0,155.04,152.11,152.44,1387309,1.0,0.0
2023-10-02,152.82,152.95,150.3051,151.21,1337509,1.0,0.0
2023-10-03,150.76,152.71,149.71,152.56,1519410,1.0,0.0
2023-10-04,152.96,154.26,152.09,153.96,1277732,1.0,0.0
2023-10-05,153.96,154.95,153.95,154.72,1103495,1.0,0.0
2023-10-06,154.29,155.99,152.9,155.44,1252833,1.0,0.0
2023-10-09,154.84,157.56,154.6001,157.48,1016612,1.0,0.0
2023-10-10,157.34,157.865,155.45,156.85,1337323,1.0,0.0
2023-10-11,157.1,157.4,154.98,156.68,1189038,1.0,0.0
2023-10-12,156.84,157.695,154.18,155.05,1149064,1.0,0.0
2023-10-13,155.77,159.02,155.155,158.81,2693428,1.0,0.0
2023-10-16,159.08,160.7,158.54,159.84,1708105,1.0,0.0
2023-10-17,159.55,160.845,159.2,160.06,1177353,1.0,0.0
2023-10-18,160.49,161.0,158.51,159.05,1134989,1.0,0.0
2023-10-19,158.31,159.62,156.8,157.07,1168340,1.0,0.0
2023-10-20,157.25,158.51,156.3343,156.58,1425278,1.0,0.0
2023-10-23,158.21,159.11,155.88,155.96,1998705,1.0,0.0
2023-10-24,155.71,157.715,153.95,154.63,2533275,1.0,0.0
2023-10-25,157.05,165.02,156.36,164.07,4085387,1.0,0.0
2023-10-26,164.12,164.84,162.58,162.82,2002230,1.0,0.0
2023-10-27,162.85,164.4,160.895,161.38,1586511,1.0,0.0
2023-10-30,161.9,163.55,161.6,162.75,1855258,1.0,0.0
2023-10-31,163.12,164.69,162.03,164.33,1540071,1.0,0.0
2023-11-01,164.07,164.77,163.03,164.04,1383346,1.0,0.0
2023-11-02,162.34,167.54,162.34,166.85,1695141,1.0,0.0
2023-11-03,168.07,169.118,167.31,168.12,1533310,1.0,0.0
2023-11-06,168.12,169.33,167.78,169.22,1412919,1.0,0.0
2023-11-07,169.58,169.9,168.74,169.36,1299183,1.0,0.0
2023-11-08,169.68,170.33,168.95,170.27,1168328,1.0,0.0
2023-11-09,170.13,170.36,169.43,170.06,1360644,1.0,0.0
2023-11-10,170.52,172.0,169.8,171.77,1622984,1.0,0.0
2023-11-13,171.77,172.57,171.21,171.69,1276378,1.0,0.0
2023-11-14,171.4,172.51,170.59,172.14,1821182,1.0,0.0
2023-11-15,172.0,172.7474,170.69,171.17,1655309,1.0,0.0
2023-11-16,171.82,171.97,170.71,171.44,1843696,1.0,0.0
2023-11-17,171.79,171.79,170.15,170.55,1966539,1.0,0.0
2023-11-20,169.62,171.93,168.8826,171.18,1411169,1.0,0.0
2023-11-21,171.0,171.73,170.05,171.69,1050551,1.0,0.0
2023-11-22,171.69,172.11,171.04,171.77,1124887,1.0,0.0
2023-11-24,172.82,172.82,171.12,172.01,550614,1.0,0.0
2023-11-27,171.32,171.75,170.42,171.48,1344452,1.0,0.0
2023-11-28,171.35,171.4,169.48,169.68,1783468,1.0,0.0
2023-11-29,169.66,170.0,168.85,169.74,1305838,1.0,0.0
2023-11-30,169.52,171.19,168.73,170.99,2514339,1.0,0.7
2023-12-01,171.24,173.925,170.79,173.8,1654183,1.0,0.0
2023-12-04,172.86,174.47,172.76,174.39,1701887,1.0,0.0
2023-12-05,174.46,174.8,172.82,173.07,1469350,1.0,0.0
2023-12-06,172.6,174.0,172.22,173.95,1434310,1.0,0.0
2023-12-07,173.71,173.72,171.47,172.84,1369246,1.0,0.0
2023-12-08,172.38,173.24,171.15,172.5,1638504,1.0,0.0
2023-12-11,172.66,174.01,172.305,173.38,1118415,1.0,0.0
2023-12-12,174.82,176.78,173.51,176.59,1756214,1.0,0.0
2023-12-13,176.61,179.075,176.24,179.06,2047016,1.0,0.0
2023-12-14,179.13,179.5,175.33,176.67,2357497,1.0,0.0
2023-12-15,173.1,175.51,173.01,174.55,3676742,1.0,0.0
2023-12-18,175.47,178.06,175.01,177.63,1807797,1.0,0.0
2023-12-19,177.94,178.05,176.28,176.78,1321348,1.0,0.0
2023-12-20,176.77,177.63,175.63,175.76,1049722,1.0,0.0
2023-12-21,175.71,177.36,175.62,176.81,1061388,1.0,0.0
2023-12-22,177.44,177.74,176.69,176.95,1291147,1.0,0.0
2023-12-26,176.32,177.81,175.745,177.52,631257,1.0,0.0
2023-12-27,177.11,178.15,176.8334,177.75,763243,1.0,0.0
2023-12-28,178.38,178.57,177.78,178.14,774333,1.0,0.0
2023-12-29,178.29,179.8,178.0,179.1,1256428,1.0,0.0
2024-01-02,177.72,180.71,177.67,179.61,1299038,1.0,0.0
2024-01-03,180.0,181.48,178.17,178.53,1826283,1.0,0.0
2024-01-04,179.25,180.66,178.77,178.79,1376369,1.0,0.0
2024-01-05,178.92,179.135,177.23,177.77,1346576,1.0,0.0
2024-01-08,178.16,178.35,176.68,178.24,1536444,1.0,0.0
2024-01-09,178.03,178.87,177.38,178.23,1325147,1.0,0.0
2024-01-10,177.89,179.25,177.66,179.18,1196289,1.0,0.0
2024-01-11,179.52,179.69,177.83,179.22,1176509,1.0,0.0
2024-01-12,180.0,181.58,179.0,181.4,1035722,1.0,0.0
2024-01-16,181.0,181.5589,180.17,180.77,1456101,1.0,0.0
2024-01-17,180.62,184.13,180.25,181.47,1751493,1.0,0.0
2024-01-18,182.0,183.64,181.56,183.51,1732162,1.0,0.0
2024-01-19,184.06,184.93,183.17,184.45,1571596,1.0,0.0
2024-01-22,184.49,185.12,182.93,184.91,1651639,1.0,0.0
2024-01-23,184.89,185.75,184.1,185.54,1355870,1.0,0.0
2024-01-24,185.98,186.3999,183.68,183.8,1274276,1.0,0.0
2024-01-25,183.69,185.21,183.0,185.1,1427385,1.0,0.0
2024-01-26,185.45,186.12,185.2,185.81,1231166,1.0,0.0
2024-01-29,185.61,186.335,185.2,185.35,1400012,1.0,0.0
2024-01-30,185.85,187.22,185.17,187.11,1309619,1.0,0.0
2024-01-31,187.71,188.0,184.72,185.63,3423623,1.0,0.0
2024-02-01,185.52,188.44,184.8501,188.42,1434797,1.0,0.0
2024-02-02,188.42,188.93,186.91,188.21,1696582,1.0,0.0
2024-02-05,187.94,188.87,187.2,188.2,1524708,1.0,0.0
2024-02-06,188.5,189.66,187.7,189.21,2009518,1.0,0.0
2024-02-07,189.84,190.36,189.06,189.98,1691896,1.0,0.0
2024-02-08,190.18,190.44,188.52,189.49,1154438,1.0,0.0
2024-02-09,189.5,189.78,187.56,188.86,1678092,1.0,0.0
2024-02-12,188.07,189.09,187.48,188.26,2022501,1.0,0.0
2024-02-13,196.7,199.49,194.2,199.49,3263017,1.0,0.0
2024-02-14,199.07,199.92,195.97,199.16,3308730,1.0,0.0
2024-02-15,198.51,199.47,197.01,199.11,2449003,1.0,0.0
2024-02-16,199.99,202.69,199.0,201.54,2588036,1.0,0.0
2024-02-20,202.0,204.56,201.52,201.79,2548368,1.0,0.0
2024-02-21,202.41,204.37,202.04,204.23,1850135,1.0,0.0
2024-02-22,204.03,208.18,203.82,207.24,2267775,1.0,0.0
2024-02-23,207.6,208.63,206.89,208.05,1687146,1.0,0.0
2024-02-26,208.87,209.22,207.35,207.46,1664297,1.0,0.0
2024-02-27,206.48,207.94,205.59,207.78,1208145,1.0,0.0
2024-02-28,208.73,209.78,206.855,207.26,1705745,1.0,0.0
2024-02-29,207.05,207.55,204.5,205.65,3030014,1.0,0.0
2024-03-01,204.53,205.897,203.62,205.79,1329819,1.0,0.0
2024-03-04,205.99,207.72,205.875,206.8,1865388,1.0,0.0
2024-03-05,207.0,207.8,205.93,206.87,1208663,1.0,0.0
2024-03-06,206.29,208.099,206.19,207.92,1362971,1.0,0.0
2024-03-07,208.56,209.12,206.43,207.26,1661889,1.0,0.0
2024-03-08,206.84,208.84,206.03,207.75,1338344,1.0,0.0
2024-03-11,207.55,209.38,206.67,209.28,1218617,1.0,0.0
2024-03-12,208.61,210.61,208.42,209.79,1035893,1.0,0.0
2024-03-13,210.47,211.05,209.25,211.0,1121116,1.0,0.0
2024-03-14,210.72,210.94,208.75,210.31,1028127,1.0,0.75
2024-03-15,208.98,210.92,208.95,210.53,2096005,1.0,0.0
2024-03-18,210.59,212.25,210.37,211.67,1273522,1.0,0.0
2024-03-19,212.79,213.0,211.32,212.08,1267893,1.0,0.0
2024-03-20,212.4,212.73,211.44,211.86,1040697,1.0,0.0
2024-03-21,211.87,212.7173,210.775,212.43,1918105,1.0,0.0
2024-03-22,212.45,212.595,210.96,211.78,1453736,1.0,0.0
2024-03-25,211.56,212.24,211.07,211.77,1306854,1.0,0.0
2024-03-26,211.58,212.69,211.3801,211.77,1577781,1.0,0.0
2024-03-27,212.8,214.02,212.54,213.97,1392574,1.0,0.0
2024-03-28,214.29,214.54,211.975,213.15,2699109,1.0,0.0
2024-04-01,212.61,213.52,211.86,212.91,1177379,1.0,0.0
2024-04-02,212.24,213.36,210.53,211.11,1525577,1.0,0.0
2024-04-03,210.97,211.34,209.93,210.42,1698911,1.0,0.0
2024-04-04,211.35,211.52,206.58,207.09,2104806,1.0,0.0
2024-04-05,207.71,207.86,206.26,206.93,2760957,1.0,0.0
2024-04-08,206.76,207.39,206.01,206.7,2586272,1.0,0.0
2024-04-09,207.0,207.33,205.37,206.48,1780678,1.0,0.0
2024-04-10,206.16,208.42,205.52,208.2,1804134,1.0,0.0
2024-04-11,207.31,208.06,205.59,205.94,1749234,1.0,0.0
2024-04-12,205.84,206.83,204.7,205.37,1167072,1.0,0.0
2024-04-15,207.36,208.0,204.88,205.36,1401662,1.0,0.0
2024-04-16,206.52,207.665,204.94,204.98,1457303,1.0,0.0
2024-04-17,206.165,206.305,204.37,206.15,1193346,1.0,0.0
2024-04-18,205.59,206.05,204.52,205.07,983092,1.0,0.0
2024-04-19,206.45,207.33,205.795,207.07,1354304,1.0,0.0
2024-04-22,207.69,209.0,207.3095,207.53,1420849,1.0,0.0
2024-04-23,207.25,210.14,207.24,208.78,1596510,1.0,0.0
2024-04-24,208.17,210.71,207.59,210.43,1875875,1.0,0.0
2024-04-25,209.7,214.01,208.21,212.7,2097419,1.0,0.0
2024-04-26,213.16,213.25,209.41,210.1,1650808,1.0,0.0
2024-04-29,210.76,212.6264,210.43,212.15,2048491,1.0,0.0
2024-04-30,212.36,212.36,207.61,208.02,2244331,1.0,0.0
2024-05-01,207.63,208.975,205.65,206.76,1366425,1.0,0.0
2024-05-02,207.14,208.65,206.28,207.16,1497314,1.0,0.0
2024-05-03,207.16,208.6,204.91,207.88,2237956,1.0,0.0
2024-05-06,208.53,210.57,208.23,210.56,1592832,1.0,0.0
2024-05-07,211.66,212.29,210.11,210.5,1300188,1.0,0.0
2024-05-08,210.94,211.55,209.9,210.0,1151549,1.0,0.0
2024-05-09,210.27,210.97,209.585,210.5,1325723,1.0,0.0
2024-05-10,211.4,212.28,210.72,211.49,1082181,1.0,0.0
2024-05-13,211.12,212.28,210.2,210.82,1283897,1.0,0.0
2024-05-14,210.5,210.9,208.6936,209.86,2091240,1.0,0.0
2024-05-15,209.87,210.48,208.47,209.0,1808274,1.0,0.0
2024-05-16,209.57,212.68,208.22,212.2,1859958,1.0,0.0
2024-05-17,212.49,212.54,209.12,210.44,2054796,1.0,0.0
2024-05-20,210.19,210.24,208.3,208.47,1795515,1.0,0.0
2024-05-21,209.13,209.49,207.79,208.33,1472845,1.0,0.0
2024-05-22,208.64,210.4,208.03,209.92,1516174,1.0,0.0
2024-05-23,209.98,210.43,209.11,209.49,919217,1.0,0.0
2024-05-24,209.88,209.905,207.68,208.81,1270886,1.0,0.0
2024-05-28,208.0,208.25,205.43,206.46,1659615,1.0,0.0
2024-05-29,205.85,205.915,204.02,204.16,1372213,1.0,0.0
2024-05-30,204.05,206.34,203.59,206.25,1983152,1.0,0.0
2024-05-31,206.2,211.23,205.985,210.73,5501307,1.0,0.0
2024-06-03,207.0,208.74,199.62,201.3,3913413,1.0,0.0
2024-06-04,202.06,203.825,201.0,203.63,2274720,1.0,0.0
2024-06-05,203.47,203.93,201.37,203.9,2069291,1.0,0.0
2024-06-06,204.07,204.57,201.37,202.5,1843214,1.0,0.0
2024-06-07,202.41,204.37,200.06,200.55,3232430,1.0,0.75
2024-06-10,200.74,202.54,200.42,201.71,1715680,1.0,0.0
2024-06-11,201.54,202.45,200.14,202.13,1313201,1.0,0.0
2024-06-12,202.25,202.43,200.08,200.87,1311481,1.0,0.0
2024-06-13,200.94,201.33,198.88,201.22,1184744,1.0,0.0
2024-06-14,200.53,204.08,199.85,203.64,1412722,1.0,0.0
2024-06-17,202.79,206.44,202.08,206.38,1753528,1.0,0.0
2024-06-18,206.44,207.99,205.41,207.89,1511206,1.0,0.0
2024-06-20,207.45,208.96,206.89,208.77,1343669,1.0,0.0
2024-06-21,209.08,209.81,208.19,208.99,2248132,1.0,0.0
2024-06-24,210.0,212.705,209.2,212.44,1473713,1.0,0.0
2024-06-25,212.65,213.85,211.81,212.06,1714359,1.0,0.0
2024-06-26,211.33,213.16,211.2,212.67,1869001,1.0,0.0
2024-06-27,213.57,213.77,212.3,212.67,1762421,1.0,0.0
2024-06-28,212.58,214.4,212.14,213.34,2908229,1.0,0.0
2024-07-01,214.47,214.5,207.9001,209.36,1931521,1.0,0.0
2024-07-02,209.28,210.3,207.7,209.47,1445599,1.0,0.0
2024-07-03,209.01,210.87,208.26,210.2,720755,1.0,0.0
2024-07-05,210.75,210.75,208.58,210.33,1647629,1.0,0.0
2024-07-08,210.35,211.45,209.82,210.62,1275531,1.0,0.0
2024-07-09,209.48,210.89,209.05,210.02,1100785,1.0,0.0
2024-07-10,209.64,211.94,209.3,211.18,1453060,1.0,0.0
2024-07-11,211.03,212.75,210.23,211.77,1161363,1.0,0.0
2024-07-12,212.5,214.3723,211.735,213.75,1182062,1.0,0.0
2024-07-15,213.76,216.6,213.53,216.0,1508846,1.0,0.0
2024-07-16,217.05,220.96,216.8184,220.89,1948223,1.0,0.0
2024-07-17,221.43,224.22,221.21,223.32,1557784,1.0,0.0
2024-07-18,222.65,224.85,221.66,223.1,1284102,1.0,0.0
2024-07-19,224.5,225.0,222.1327,222.8,1221059,1.0,0.0
2024-07-22,221.7,223.53,221.31,223.45,1134969,1.0,0.0
2024-07-23,223.41,223.52,218.09,218.73,1533793,1.0,0.0
2024-07-24,218.44,219.58,216.98,217.38,1361113,1.0,0.0
2024-07-25,202.88,210.0,199.51,199.92,3348575,1.0,0.0
2024-07-26,200.07,200.79,196.5901,196.96,2500282,1.0,0.0
2024-07-29,198.28,200.91,197.43,200.54,1911530,1.0,0.0
2024-07-30,200.66,202.61,200.64,201.1,1883641,1.0,0.0
2024-07-31,201.79,203.32,201.38,202.66,1698637,1.0,0.0
2024-08-01,203.22,206.172,202.58,206.07,1637868,1.0,0.0
2024-08-02,206.43,208.91,204.415,207.76,1793144,1.0,0.0
2024-08-05,207.1,208.53,200.25,201.54,2033093,1.0,0.0
2024-08-06,202.56,206.94,202.22,203.14,1988403,1.0,0.0
2024-08-07,203.93,207.66,203.2,204.85,1963608,1.0,0.0
2024-08-08,205.0,206.81,204.5,205.9,1259936,1.0,0.0
2024-08-09,205.84,206.61,203.04,205.26,1002048,1.0,0.0
2024-08-12,205.74,206.03,202.665,203.11,2433948,1.0,0.0
2024-08-13,203.02,204.52,203.02,203.92,2330025,1.0,0.0
2024-08-14,203.35,207.33,203.11,206.35,1538318,1.0,0.0
2024-08-15,206.91,207.25,205.65,206.91,1093523,1.0,0.0
2024-08-16,207.29,207.86,205.365,205.4,1536923,1.0,0.0
2024-08-19,205.7,206.85,205.48,206.59,1886760,1.0,0.0
2024-08-20,206.75,208.18,206.73,208.1,1121611,1.0,0.0
2024-08-21,208.07,209.47,208.07,209.38,916856,1.0,0.0
2024-08-22,210.3,210.83,208.82,210.12,975951,1.0,0.0
2024-08-23,210.41,210.7,208.5,209.98,810828,1.0,0.0
2024-08-26,211.03,211.3099,208.5,208.82,813391,1.0,0.0
2024-08-27,210.14,210.625,208.635,209.2,760017,1.0,0.0
2024-08-28,209.88,210.37,208.35,209.31,866277,1.0,0.0
2024-08-29,209.73,210.945,208.27,209.88,826548,1.0,0.0
2024-08-30,209.55,212.09,208.67,212.04,1786797,1.0,0.0
2024-09-03,212.08,212.52,208.22,209.4,2197759,1.0,0.0
2024-09-04,209.47,210.72,207.9613,209.32,1096812,1.0,0.0
2024-09-05,209.7,210.42,207.17,208.4,1507886,1.0,0.0
2024-09-06,208.48,209.6,204.63,204.73,2349656,1.0,0.0
2024-09-09,205.68,209.1319,205.04,208.46,2290034,1.0,0.0
2024-09-10,208.95,209.99,206.71,208.25,2150598,1.0,0.0
2024-09-11,207.61,208.35,204.11,207.64,1372694,1.0,0.0
2024-09-12,207.24,208.29,205.13,207.86,1583017,1.0,0.0
2024-09-13,207.36,208.69,206.6,208.05,1397128,1.0,0.75
2024-09-16,208.56,211.04,208.14,208.32,946570,1.0,0.0
2024-09-17,207.79,208.26,203.04,203.12,1936046,1.0,0.0
2024-09-18,204.0,204.28,200.29,201.88,1507584,1.0,0.0
2024-09-19,203.12,204.775,201.7701,204.64,1300587,1.0,0.0
2024-09-20,203.44,204.97,202.435,204.1,2240898,1.0,0.0
2024-09-23,204.41,207.2299,203.8841,207.1,1482581,1.0,0.0
2024-09-24,206.51,208.17,206.1201,207.52,1269695,1.0,0.0
2024-09-25,208.05,208.63,206.88,207.69,1272336,1.0,0.0
2024-09-26,207.03,209.0,205.205,205.34,1628961,1.0,0.0
2024-09-27,205.0,207.0999,205.0,205.51,1489906,1.0,0.0
2024-09-30,205.32,207.81,205.32,207.6,1530589,1.0,0.0
2024-10-01,207.46,208.06,205.8416,207.93,951934,1.0,0.0
2024-10-02,208.5,208.96,206.17,207.32,909371,1.0,0.0
2024-10-03,207.39,209.24,206.2129,209.09,1019976,1.0,0.0
2024-10-04,208.19,209.15,207.04,208.09,985160,1.0,0.0
2024-10-07,205.56,206.73,204.53,205.41,2007467,1.0,0.0
2024-10-08,206.7,208.97,206.1601,208.68,1172959,1.0,0.0
2024-10-09,209.02,212.56,208.31,212.23,1263677,1.0,0.0
2024-10-10,212.6,213.57,210.9101,211.24,893519,1.0,0.0
2024-10-11,211.91,212.345,210.77,211.81,956431,1.0,0.0
2024-10-14,212.35,214.25,211.8,213.5,982148,1.0,0.0
2024-10-15,214.54,216.01,213.43,213.79,1180409,1.0,0.0
2024-10-16,213.22,214.2024,212.515,213.14,718619,1.0,0.0
2024-10-17,214.13,214.49,212.14,213.08,847090,1.0,0.0
2024-10-18,213.39,213.5,212.0,212.75,816092,1.0,0.0
2024-10-21,212.56,212.93,210.37,211.82,1033029,1.0,0.0
2024-10-22,210.59,211.65,209.49,211.05,896280,1.0,0.0
2024-10-23,210.29,212.38,209.81,211.8,1240014,1.0,0.0
2024-10-24,210.94,210.94,208.45,208.91,1113060,1.0,0.0
2024-10-25,209.22,209.78,206.46,206.8,1069935,1.0,0.0
2024-10-28,208.0,208.869,207.0,208.26,2127223,1.0,0.0
2024-10-29,213.38,219.88,212.16,219.11,3231346,1.0,0.0
2024-10-30,217.51,218.86,214.5,214.82,1720757,1.0,0.0
2024-10-31,214.32,216.695,214.2,215.85,1785587,1.0,0.0
2024-11-01,216.91,217.325,213.78,213.99,1267741,1.0,0.0
2024-11-04,215.68,216.735,212.48,214.24,1112902,1.0,0.0
2024-11-05,214.45,216.28,213.345,215.88,950372,1.0,0.0
2024-11-06,219.91,220.3,216.42,218.48,2905730,1.0,0.0
2024-11-07,219.01,220.8867,217.47,220.44,1370153,1.0,0.0
2024-11-08,221.89,226.36,220.44,224.12,1854171,1.0,0.0
2024-11-11,225.62,226.5,223.38,223.62,1084784,1.0,0.0
2024-11-12,225.0,226.4281,223.81,224.78,2002438,1.0,0.0
2024-11-13,225.08,226.84,224.24,225.68,1087208,1.0,0.0
2024-11-14,224.66,225.55,221.57,221.72,1215866,1.0,0.0
2024-11-15,219.51,221.525,217.25,217.9,1796714,1.0,0.0
2024-11-18,217.31,219.47,217.08,218.31,986756,1.0,0.0
2024-11-19,217.0,219.71,216.0,219.05,1370699,1.0,0.0
2024-11-20,220.05,220.38,216.98,218.78,1059020,1.0,0.0
2024-11-21,218.9,222.27,217.4,221.53,1651793,1.0,0.0
2024-11-22,222.77,224.675,221.82,224.41,1624734,1.0,0.0
2024-11-25,224.82,226.96,224.5,225.65,2930516,1.0,0.0
2024-11-26,226.97,228.525,225.88,227.45,1211006,1.0,0.0
2024-11-27,229.15,230.39,228.32,228.46,1366211,1.0,0.0
2024-11-29,229.2,230.27,228.05,228.22,1254644,1.0,0.0
2024-12-02,228.35,228.4,224.735,225.12,1397468,1.0,0.0
2024-12-03,225.26,226.01,224.5,225.01,1944961,1.0,0.0
2024-12-04,224.4,225.83,224.2,225.29,1848971,1.0,0.0
2024-12-05,224.25,224.47,223.1789,224.05,1185037,1.0,0.0
2024-12-06,224.33,225.17,221.85,222.19,1787864,1.0,0.75
2024-12-09,221.15,222.8366,216.82,217.47,1652621,1.0,0.0
2024-12-10,218.45,218.45,215.88,216.08,2098397,1.0,0.0
2024-12-11,216.6,216.94,213.5,214.52,1676605,1.0,0.0
2024-12-12,215.07,216.07,214.0,214.45,1425915,1.0,0.0
2024-12-13,214.35,214.74,212.21,213.2,1344390,1.0,0.0
2024-12-16,213.86,214.805,211.47,211.64,1480851,1.0,0.0
2024-12-17,211.3,211.93,208.07,209.0,3161695,1.0,0.0
2024-12-18,209.0,209.35,205.14,205.43,1945753,1.0,0.0
2024-12-19,205.01,207.8849,204.55,205.53,2454308,1.0,0.0
2024-12-20,206.39,207.3037,204.45,205.83,3685714,1.0,0.0
2024-12-23,205.2,205.7399,202.0,203.8,1710211,1.0,0.0
2024-12-24,203.27,205.45,202.43,205.38,711469,1.0,0.0
2024-12-26,204.25,205.9728,204.099,205.02,736761,1.0,0.0
2024-12-27,203.99,205.795,203.01,204.02,878694,1.0,0.0
2024-12-30,202.21,203.08,201.27,202.27,1209690,1.0,0.0
2024-12-31,202.47,202.53,200.8601,201.79,1549027,1.0,0.0
2025-01-02,202.87,203.02,199.69,200.54,1818342,1.0,0.0
2025-01-03,200.5,202.51,200.3454,201.65,1123493,1.0,0.0
2025-01-06,201.02,202.02,200.18,201.76,1335896,1.0,0.0
2025-01-07,202.2,203.83,202.03,203.39,2016883,1.0,0.0
2025-01-08,204.16,206.94,203.74,206.58,2005215,1.0,0.0
2025-01-10,207.0,209.6762,206.25,207.25,2564695,1.0,0.0
2025-01-13,206.66,207.56,205.0,207.53,1459335,1.0,0.0
2025-01-14,206.81,207.72,205.1,207.17,1350075,1.0,0.0
2025-01-15,208.57,208.9799,206.57,208.0,1655482,1.0,0.0
2025-01-16,207.81,211.36,207.705,211.01,1589365,1.0,0.0
2025-01-17,211.81,213.25,210.8101,211.71,1663813,1.0,0.0
2025-01-21,212.85,213.68,211.51,212.93,1864413,1.0,0.0
2025-01-22,212.43,212.86,209.73,211.44,2149278,1.0,0.0
2025-01-23,211.67,212.2,209.57,210.1,1296193,1.0,0.0
2025-01-24,210.16,210.52,208.93,209.43,1185154,1.0,0.0
2025-01-27,211.53,213.98,210.54,213.63,1593441,1.0,0.0
2025-01-28,213.96,214.23,212.56,213.65,2430855,1.0,0.0
2025-01-29,212.95,213.905,209.43,209.55,2159008,1.0,0.0
2025-01-30,215.485,222.73,214.7184,222.43,3163251,1.0,0.0
2025-01-31,221.6,222.45,219.67,220.26,1947694,1.0,0.0
2025-02-03,218.91,225.89,218.51,223.72,2118063,1.0,0.0
2025-02-04,222.12,224.1,221.69,222.14,2213831,1.0,0.0
2025-02-05,223.6,225.1339,223.0,224.77,1394793,1.0,0.0
2025-02-06,224.63,225.66,223.52,224.92,1151275,1.0,0.0
2025-02-07,224.88,226.1876,223.9,224.91,1308459,1.0,0.0
2025-02-10,224.76,226.16,223.575,226.09,1077921,1.0,0.0
2025-02-11,226.085,226.89,225.0702,226.75,1297821,1.0,0.0
2025-02-12,225.73,228.41,225.5,227.4,1503556,1.0,0.0
2025-02-13,227.32,228.4599,225.21,227.6,1146756,1.0,0.0
2025-02-14,228.13,230.38,227.58,227.73,1206935,1.0,0.0
2025-02-18,223.98,229.6,223.98,228.35,1693001,1.0,0.0
2025-02-19,229.0,229.21,227.16,228.52,1256228,1.0,0.0
2025-02-20,228.25,229.53,226.34,229.12,1189759,1.0,0.0
2025-02-21,228.49,228.49,226.5,228.03,1709198,1.0,0.0
2025-02-24,226.63,230.63,226.45,229.68,1670362,1.0,0.0
2025-02-25,230.465,232.44,229.95,230.75,1931642,1.0,0.0
2025-02-26,228.96,230.9546,227.74,228.69,1065511,1.0,0.0
2025-02-27,228.11,230.9119,227.52,229.61,1209840,1.0,0.0
2025-02-28,230.0,233.04,229.7,232.78,2399770,1.0,0.0
2025-03-03,233.59,235.81,232.26,233.78,1920228,1.0,0.0
2025-03-04,234.31,235.37,229.53,229.96,2205403,1.0,0.0
2025-03-05,228.11,231.06,227.69,230.39,1620797,1.0,0.0
2025-03-06,229.03,229.95,223.9477,225.96,1800813,1.0,0.0
2025-03-07,224.17,229.9,224.14,229.55,1906125,1.0,0.0
2025-03-10,227.95,232.24,226.29,227.77,2269115,1.0,0.0
2025-03-11,228.0,228.21,223.63,224.21,1797926,1.0,0.0
2025-03-12,225.0,225.37,222.68,222.86,1264203,1.0,0.0
2025-03-13,222.21,224.07,221.17,223.2,1612712,1.0,0.0
2025-03-14,222.39,225.12,221.1,224.86,1219431,1.0,0.825
2025-03-17,224.88,228.71,224.25,228.19,1915938,1.0,0.0
2025-03-18,227.34,228.3499,224.84,225.87,1306151,1.0,0.0
2025-03-19,225.87,228.015,225.0,227.36,1238686,1.0,0.0
2025-03-20,227.08,228.47,225.17,226.9,1009083,1.0,0.0
2025-03-21,226.15,226.4,223.87,224.91,2536527,1.0,0.0
2025-03-24,225.94,227.29,224.66,226.24,1519097,1.0,0.0
2025-03-25,226.88,227.57,225.09,227.07,1622583,1.0,0.0
2025-03-26,228.63,229.5399,227.6,228.93,1268317,1.0,0.0
2025-03-27,229.97,231.4699,227.7853,229.02,1354093,1.0,0.0
2025-03-28,228.65,230.31,227.69,227.92,1265696,1.0,0.0
2025-03-31,228.56,232.48,228.395,231.51,1914386,1.0,0.0
2025-04-01,231.19,234.06,230.68,233.79,1669921,1.0,0.0
2025-04-02,232.93,234.88,230.48,234.56,1411264,1.0,0.0
2025-04-03,233.96,239.32,233.1,236.83,2216126,1.0,0.0
2025-04-04,235.08,236.4651,225.06,225.2,4183358,1.0,0.0
2025-04-07,219.14,226.75,215.01,220.56,2931145,1.0,0.0
2025-04-08,225.79,225.79,213.655,216.47,2324952,1.0,0.0
2025-04-09,214.0,226.3144,213.5,224.42,3277849,1.0,0.0
2025-04-10,222.61,228.32,220.725,226.45,2377308,1.0,0.0
2025-04-11,224.19,230.4,223.645,229.38,1920893,1.0,0.0
2025-04-14,231.27,233.15,229.955,232.3,1316995,1.0,0.0
2025-04-15,233.38,233.89,231.1,231.48,1323973,1.0,0.0
2025-04-16,232.62,233.13,228.4623,229.57,1795157,1.0,0.0
2025-04-17,229.86,232.56,229.29,230.91,1372335,1.0,0.0
2025-04-21,230.78,231.23,224.29,227.57,1447615,1.0,0.0
2025-04-22,228.25,231.9,227.59,229.96,1868869,1.0,0.0
2025-04-23,230.45,231.0,226.5,228.63,1797177,1.0,0.0
2025-04-24,229.65,229.65,225.325,227.47,1870014,1.0,0.0
2025-04-25,229.47,229.67,225.0,228.31,2116018,1.0,0.0
2025-04-28,229.22,229.4073,226.465,229.08,2356998,1.0,0.0
2025-04-29,224.0,229.93,220.7,228.8,2250444,1.0,0.0
2025-04-30,229.0,233.86,226.8572,233.36,1955244,1.0,0.0
2025-05-01,232.005,234.6,229.66,233.4,1546679,1.0,0.0
2025-05-02,235.83,235.99,232.5,233.94,1228012,1.0,0.0
2025-05-05,233.84,235.6377,232.05,234.79,1031635,1.0,0.0
2025-05-06,232.67,235.74,232.67,234.07,1231663,1.0,0.0
2025-05-07,233.65,236.3,233.625,235.51,1663828,1.0,0.0
2025-05-08,236.38,237.38,232.84,233.13,1845800,1.0,0.0
2025-05-09,232.51,233.97,231.24,232.75,1484184,1.0,0.0
2025-05-12,232.01,232.09,222.02,225.57,2976315,1.0,0.0
2025-05-13,225.0,225.42,221.66,222.38,2787613,1.0,0.0
2025-05-14,223.19,223.19,219.76,222.47,2176186,1.0,0.0
2025-05-15,224.22,228.1611,223.7201,228.02,1762710,1.0,0.0
2025-05-16,228.03,229.91,227.36,229.87,1639351,1.0,0.0
2025-05-19,229.41,232.22,229.41,231.95,1203933,1.0,0.0
2025-05-20,232.21,234.31,232.21,233.89,1901974,1.0,0.0
2025-05-21,234.09,235.46,233.3604,234.11,1864435,1.0,0.0
2025-05-22,233.5,234.83,231.71,233.32,1755186,1.0,0.0
2025-05-23,236.0,237.34,233.01,236.81,1503198,1.0,0.0
2025-05-27,236.81,238.19,236.5,238.03,1791456,1.0,0.0
2025-05-28,237.89,238.3499,236.8,237.15,1855825,1.0,0.0
2025-05-29,235.9,237.99,235.214,237.76,1257459,1.0,0.0
2025-05-30,238.36,241.68,237.56,240.97,2440119,1.0,0.0
2025-06-02,239.08,242.1,238.5,242.1,1774975,1.0,0.0
2025-06-03,241.14,242.58,238.92,240.19,1764444,1.0,0.0
2025-06-04,240.0,240.445,238.6,238.89,1193607,1.0,0.0
2025-06-05,238.89,239.32,237.47,238.64,1040738,1.0,0.0
2025-06-06,237.99,239.11,236.07,236.33,1181944,1.0,0.825
2025-06-09,236.03,236.03,230.5,233.99,1306805,1.0,0.0
2025-06-10,234.07,235.03,232.7,233.99,1321770,1.0,0.0
2025-06-11,233.96,234.9018,231.34,234.29,1408632,1.0,0.0
2025-06-12,234.82,237.15,234.36,237.15,1086411,1.0,0.0
2025-06-13,236.95,239.6,235.88,236.5,1414106,1.0,0.0
2025-06-16,236.78,237.92,234.28,234.66,1024450,1.0,0.0
2025-06-17,234.3,235.265,232.865,234.3,872613,1.0,0.0
2025-06-18,235.0,235.0,232.585,233.22,1076431,1.0,0.0
2025-06-20,233.5,234.91,231.14,231.94,2583514,1.0,0.0
2025-06-23,231.9,234.84,231.73,234.71,1605716,1.0,0.0
2025-06-24,235.01,235.69,232.229,234.14,1576743,1.0,0.0
2025-06-25,234.0,234.275,227.71,228.58,2167307,1.0,0.0
2025-06-26,229.87,229.87,226.04,226.72,2111228,1.0,0.0
2025-06-27,227.02,229.48,226.445,228.26,2895965,1.0,0.0
2025-06-30,228.36,229.2845,226.96,228.82,1752496,1.0,0.0
2025-07-01,228.52,230.21,226.91,228.8,1573810,1.0,0.0
2025-07-02,227.58,228.75,222.15,223.39,2283313,1.0,0.0
2025-07-03,224.51,227.31,223.07,227.1,1525978,1.0,0.0
2025-07-07,227.05,227.79,225.32,226.92,1516644,1.0,0.0
2025-07-08,225.8,226.83,224.43,224.87,2119941,1.0,0.0
2025-07-09,224.55,226.66,223.2101,225.75,1860969,1.0,0.0
2025-07-10,225.82,227.08,224.15,225.65,1596497,1.0,0.0
2025-07-11,225.44,226.5,223.95,226.01,1697227,1.0,0.0
2025-07-14,225.32,229.5,225.32,229.3,1796638,1.0,0.0
2025-07-15,229.0,229.13,225.76,225.84,1189127,1.0,0.0
2025-07-16,225.31,225.91,223.385,225.86,1276586,1.0,0.0
2025-07-17,225.56,226.16,223.4,225.7,1403492,1.0,0.0
2025-07-18,225.82,228.3499,225.82,227.32,1996461,1.0,0.0
2025-07-21,226.24,227.67,225.195,225.3,1177090,1.0,0.0
2025-07-22,225.68,228.2,225.06,227.09,1130362,1.0,0.0
2025-07-23,226.72,228.42,225.8,228.12,1278411,1.0,0.0
2025-07-24,227.175,230.68,227.175,230.61,1559032,1.0,0.0
2025-07-25,230.82,231.68,228.9401,229.67,1126424,1.0,0.0
2025-07-28,229.0,229.96,227.2,227.9,1722847,1.0,0.0
2025-07-29,229.52,240.39,229.52,235.56,3653592,1.0,0.0
2025-07-30,235.0,237.0,232.295,232.51,2138744,1.0,0.0
2025-07-31,232.47,233.2,228.59,229.16,1798548,1.0,0.0
2025-08-01,230.86,231.96,227.8,228.88,1389518,1.0,0.0
2025-08-04,228.0,230.85,228.0,230.54,1408885,1.0,0.0
2025-08-05,229.8,231.51,229.47,229.78,1383340,1.0,0.0
2025-08-06,230.24,232.7025,228.97,231.6,1069270,1.0,0.0
2025-08-07,231.64,233.29,231.195,233.22,1045658,1.0,0.0
2025-08-08,233.37,235.45,232.775,235.09,1088720,1.0,0.0
2025-08-11,236.01,237.27,235.14,237.1,1705320,1.0,0.0
2025-08-12,237.23,237.23,232.32,232.98,1137851,1.0,0.0
2025-08-13,232.75,233.74,229.03,229.9,2095930,1.0,0.0
2025-08-14,230.07,230.08,222.455,226.15,3253334,1.0,0.0
2025-08-15,225.81,227.59,225.19,226.81,3371632,1.0,0.0
2025-08-18,227.43,227.65,223.87,224.2,3444115,1.0,0.0
2025-08-19,224.46,229.22,224.46,228.49,1530382,1.0,0.0
2025-08-20,230.25,232.58,229.58,230.03,1868319,1.0,0.0
2025-08-21,230.27,230.27,228.76,229.61,958996,1.0,0.0
2025-08-22,229.67,231.4,226.78,227.02,1331787,1.0,0.0
2025-08-25,227.39,227.98,223.545,224.04,1101857,1.0,0.0
2025-08-26,224.48,225.58,223.6675,225.25,1466979,1.0,0.0
2025-08-27,225.15,226.16,224.88,225.83,1026297,1.0,0.0
2025-08-28,225.7,225.7,223.3234,224.58,1001008,1.0,0.0
2025-08-29,224.65,226.82,224.65,226.39,1527715,1.0,0.0
2025-09-02,226.415,226.85,223.7327,225.73,2548920,1.0,0.0
2025-09-03,224.99,226.27,222.935,224.41,1634443,1.0,0.0
2025-09-04,224.58,226.24,224.1069,224.95,1517477,1.0,0.0
2025-09-05,224.54,224.85,218.66,220.06,2113290,1.0,0.0
2025-09-08,220.01,220.605,217.87,219.05,1509537,1.0,0.0
2025-09-09,218.74,219.37,217.1,219.16,1520602,1.0,0.0
2025-09-10,218.36,219.3502,216.825,217.69,1183600,1.0,0.0
2025-09-11,217.58,220.79,215.45,220.5,1841281,1.0,0.0
2025-09-12,219.76,220.67,217.56,218.16,1087268,1.0,0.825
2025-09-15,218.61,219.08,216.01,216.13,1299667,1.0,0.0
2025-09-16,216.14,216.525,213.71,213.88,2126489,1.0,0.0
2025-09-17,214.495,217.15,214.0,215.66,1375800,1.0,0.0
2025-09-18,214.86,216.96,214.26,215.92,1142805,1.0,0.0
2025-09-19,216.95,217.665,216.0,216.4,2837696,1.0,0.0
2025-09-22,216.53,217.5,215.67,216.99,1424301,1.0,0.0
2025-09-23,216.42,218.36,215.2029,218.23,1480584,1.0,0.0
2025-09-24,217.92,220.37,216.9,219.42,1558006,1.0,0.0
2025-09-25,220.46,221.62,217.14,217.16,1901100,1.0,0.0
2025-09-26,218.15,220.69,217.56,218.69,1413826,1.0,0.0
2025-09-29,218.86,219.8066,217.59,219.43,1073260,1.0,0.0
2025-09-30,218.85,221.58,218.795,220.83,1814793,1.0,0.0
2025-10-01,220.38,221.25,218.175,219.87,1583106,1.0,0.0
2025-10-02,218.975,219.05,216.58,216.91,1810350,1.0,0.0
2025-10-03,216.5,221.01,216.04,219.76,1176815,1.0,0.0
2025-10-06,219.27,220.0,217.015,217.69,1116838,1.0,0.0
2025-10-07,217.64,218.26,216.1501,217.56,1062209,1.0,0.0
2025-10-08,217.58,220.57,217.08,219.98,1269284,1.0,0.0
2025-10-09,219.42,219.9632,216.4451,217.53,1318824,1.0,0.0
2025-10-10,217.845,220.24,216.44,219.25,1566584,1.0,0.0
2025-10-13,217.47,218.79,216.52,217.09,1177976,1.0,0.0
2025-10-14,217.455,219.195,216.8,218.11,1379545,1.0,0.0
2025-10-15,217.595,217.77,213.0,213.69,1709556,1.0,0.0
2025-10-16,213.5,214.14,211.71,213.29,1195556,1.0,0.0
2025-10-17,214.13,216.12,213.64,215.48,1152685,1.0,0.0
2025-10-20,215.85,216.29,214.21,215.4,941293,1.0,0.0
2025-10-21,215.15,216.42,214.6001,214.89,1036282,1.0,0.0
2025-10-22,215.45,219.09,214.675,216.46,1469929,1.0,0.0
2025-10-23,217.88,217.88,214.01,216.11,1498126,1.0,0.0
2025-10-24,217.05,217.25,214.27,214.66,1850395,1.0,0.0
2025-10-27,215.28,215.28,212.97,213.77,2752967,1.0,0.0
2025-10-28,198.98,208.8,197.25,204.23,3979366,1.0,0.0
2025-10-29,203.79,203.79,197.0201,197.53,3665265,1.0,0.0
2025-10-30,197.995,201.42,197.44,200.57,2693147,1.0,0.0
2025-10-31,200.1,200.9999,198.75,199.77,2421149,1.0,0.0
2025-11-03,199.0,199.35,194.11,196.77,2259724,1.0,0.0
2025-11-04,198.91,200.8,197.46,200.68,2506761,1.0,0.0
2025-11-05,200.32,202.2,200.2701,200.54,2051880,1.0,0.0
2025-11-06,200.17,201.67,198.62,199.62,1811123,1.0,0.0
2025-11-07,200.8,202.3,199.86,201.92,1668563,1.0,0.0
2025-11-10,200.55,201.16,197.47,200.47,2175459,1.0,0.0
2025-11-11,201.64,203.707,201.02,203.27,1510467,1.0,0.0
2025-11-12,203.96,205.92,203.35,203.8,1666544,1.0,0.0
2025-11-13,204.0,207.44,203.56,204.51,2631728,1.0,0.0
2025-11-14,206.11,210.92,204.91,209.17,3446515,1.0,0.0
2025-11-17,209.07,209.638,207.49,207.97,1877071,1.0,0.0
2025-11-18,208.76,211.62,207.5,211.3,2459577,1.0,0.0
2025-11-19,211.88,217.07,211.595,215.66,4459025,1.0,0.0
2025-11-20,214.0,217.67,214.0,216.8,2880303,1.0,0.0
2025-11-21,216.88,218.385,214.62,216.62,2475123,1.0,0.0
2025-11-24,216.2,216.2,211.71,211.84,2599238,1.0,0.0
2025-11-25,213.5,216.65,212.485,216.23,1632121,1.0,0.0
2025-11-26,216.81,218.13,215.8325,217.35,1811415,1.0,0.0
2025-11-28,216.645,218.32,216.0,217.87,779656,1.0,0.0
2025-12-01,217.935,219.48,215.43,215.93,2809947,1.0,0.0
2025-12-02,216.15,216.77,213.51,214.54,1886628,1.0,0.0
2025-12-03,214.96,217.52,214.62,216.15,1615520,1.0,0.0
2025-12-04,216.3,216.72,213.26,214.19,2403172,1.0,0.0
2025-12-05,213.07,215.39,212.91,213.58,1277409,1.0,0.825
2025-12-08,212.82,213.25,210.0,210.23,1705071,1.0,0.0
2025-12-09,210.81,212.25,209.06,209.31,1806893,1.0,0.0
2025-12-10,208.48,209.97,207.74,209.15,2474879,1.0,0.0
2025-12-11,210.27,213.2699,209.91,212.05,2512380,1.0,0.0
2025-12-12,213.47,216.785,212.66,215.61,2572714,1.0,0.0
2025-12-15,215.215,218.61,214.54,218.32,2013327,1.0,0.0
2025-12-16,219.94,220.59,218.4,218.9,1591751,1.0,0.0
2025-12-17,218.0,220.57,217.8234,219.77,1628990,1.0,0.0
2025-12-18,218.55,220.53,217.92,218.32,1476821,1.0,0.0
2025-12-19,218.31,218.43,216.28,216.34,4210006,1.0,0.0
2025-12-22,215.46,219.8,214.0,219.66,1575742,1.0,0.0
2025-12-23,219.62,220.54,219.0501,220.34,915562,1.0,0.0
2025-12-24,221.11,221.82,220.635,221.36,460861,1.0,0.0
2025-12-26,221.29,222.17,220.115,221.1,503594,1.0,0.0
2025-12-29,221.39,223.0,221.28,222.29,1187552,1.0,0.0
2025-12-30,221.43,222.8,221.09,222.12,995247,1.0,0.0
2025-12-31,222.08,222.5,219.56,219.71,1035638,1.0,0.0
2026-01-02,219.34,219.38,217.07,218.4,1827782,1.0,0.0
2026-01-05,217.81,219.686,215.07,219.44,2180457,1.0,0.0
2026-01-06,218.58,220.9,216.5101,219.08,1818854,1.0,0.0
2026-01-07,219.95,220.33,215.9,215.97,1804143,1.0,0.0
2026-01-08,215.095,219.17,215.095,217.86,1800474,1.0,0.0
2026-01-09,219.6,222.27,218.93,220.91,1992350,1.0,0.0
2026-01-12,221.44,221.44,218.305,218.57,2019183,1.0,0.0
2026-01-13,218.33,218.78,214.84,216.18,1765132,1.0,0.0
2026-01-14,215.45,218.8,215.45,218.79,1839539,1.0,0.0
2026-01-15,218.46,219.94,216.04,219.86,1650383,1.0,0.0
2026-01-16,219.0,221.42,218.74,221.23,1885531,1.0,0.0
2026-01-20,221.18,222.395,218.45,221.3,1883543,1.0,0.0
2026-01-21,221.495,226.57,221.06,226.49,3847512,1.0,0.0
2026-01-22,226.48,229.61,226.42,229.0,2766026,1.0,0.0
2026-01-23,229.09,229.87,227.49,229.23,1659320,1.0,0.0
2026-01-26,229.45,231.1562,228.1484,230.25,2106125,1.0,0.0
2026-01-27,229.28,231.45,228.04,231.34,2299973,1.0,0.0
2026-01-28,229.88,232.72,228.5,231.6,3086724,1.0,0.0
2026-01-29,228.62,231.98,220.84,223.13,4107100,1.0,0.0
2026-01-30,222.7,222.87,218.125,222.24,2878158,1.0,0.0
2026-02-02,222.78,223.28,220.66,223.16,2157750,1.0,0.0
2026-02-03,221.67,227.07,221.23,225.09,2679886,1.0,0.0
2026-02-04,225.5,229.77,223.5831,226.43,2357529,1.0,0.0
2026-02-05,228.27,229.76,225.59,226.6,2178880,1.0,0.0
2026-02-06,227.14,230.12,225.575,226.79,2239544,1.0,0.0
2026-02-09,226.0,230.69,225.36,230.5,2276698,1.0,0.0
2026-02-10,229.44,233.5,229.0,231.72,2042284,1.0,0.0
2026-02-11,231.42,236.1,231.215,234.66,1947096,1.0,0.0
2026-02-12,234.98,236.45,230.29,231.01,2803911,1.0,0.0
2026-02-13,231.03,236.505,230.11,234.52,3085205,1.0,0.0
2026-02-17,233.48,238.56,232.93,235.22,3053518,1.0,0.0
2026-02-18,235.22,235.24,231.13,234.06,1694384,1.0,0.0
2026-02-19,235.5,238.46,233.02,233.42,2343414,1.0,0.0
2026-02-20,233.68,234.05,229.72,230.31,2388962,1.0,0.0
2026-02-23,229.53,231.83,229.4,230.56,2157228,1.0,0.0
2026-02-24,230.73,234.232,229.36,229.58,2641678,1.0,0.0
2026-02-25,229.22,229.89,227.07,228.1,2230029,1.0,0.0
2026-02-26,229.67,233.98,227.55,233.9,2455420,1.0,0.0
2026-02-27,235.89,241.23,235.19,240.84,2612816,1.0,0.0
2026-03-02,241.83,244.611,240.33,243.07,2501564,1.0,0.0
2026-03-03,242.52,244.88,238.215,243.44,2151863,1.0,0.0
2026-03-04,241.76,244.51,240.5,243.95,2413104,1.0,0.0
2026-03-05,242.63,246.45,240.55,246.09,3801071,1.0,0.0
2026-03-06,245.07,248.13,244.49,246.05,3528206,1.0,0.0
2026-03-09,243.37,247.98,242.74,246.51,3293112,1.0,0.0
2026-03-10,244.62,244.64,234.71,235.54,2660067,1.0,0.0
2026-03-11,235.17,237.4,234.05,236.5,1631537,1.0,0.0
2026-03-12,236.18,242.24,235.25,238.61,2579908,1.0,0.0
2026-03-13,238.66,240.67,237.0596,238.53,2240826,1.0,0.945
2026-03-16,238.82,239.625,236.0,236.96,2160579,1.0,0.0
2026-03-17,238.64,239.44,235.72,236.05,1438718,1.0,0.0
2026-03-18,235.08,237.33,233.74,233.79,1226168,1.0,0.0
2026-03-19,234.66,237.0,233.62,233.83,1771141,1.0,0.0
2026-03-20,234.19,234.99,230.08,231.24,2526826,1.0,0.0
2026-03-23,232.0,232.18,227.47,227.53,2043838,1.0,0.0
2026-03-24,226.28,229.32,224.16,224.94,1776096,1.0,0.0
2026-03-25,224.72,225.58,219.1,224.85,1919556,1.0,0.0
2026-03-26,224.39,227.97,223.71,226.51,1702084,1.0,0.0
2026-03-27,227.41,228.69,225.0,225.06,1786561,1.0,0.0
2026-03-30,226.36,232.19,225.0,229.96,1514562,1.0,0.0
2026-03-31,230.06,230.6,227.39,229.79,1769604,1.0,0.0
2026-04-01,230.29,232.49,228.73,231.0,2034888,1.0,0.0
2026-04-02,232.47,236.115,231.755,235.42,1335318,1.0,0.0
2026-04-06,234.38,235.2299,232.88,233.8,1066935,1.0,0.0
2026-04-07,234.23,235.73,232.5,233.31,1380744,1.0,0.0
2026-04-08,230.5,231.62,225.0,231.43,2494557,1.0,0.0
2026-04-09,231.78,234.4,230.87,233.1,1605719,1.0,0.0
2026-04-10,231.88,233.31,228.11,229.45,1375651,1.0,0.0
2026-04-13,230.23,231.02,228.175,231.0,2313788,1.0,0.0
2026-04-14,230.72,231.7399,225.5,227.09,2446305,1.0,0.0
2026-04-15,226.5,227.57,223.91,224.93,2269378,1.0,0.0
2026-04-16,226.5,228.1757,223.32,224.08,2130250,1.0,0.0
2026-04-17,223.76,224.2,221.51,223.95,2389840,1.0,0.0
2026-04-20,223.56,225.605,223.16,224.18,1581922,1.0,0.0
2026-04-21,224.0,224.425,222.51,223.42,1938796,1.0,0.0
2026-04-22,223.65,225.63,222.86,223.93,1760938,1.0,0.0
2026-04-23,225.9,233.47,225.41,232.8,2506558,1.0,0.0
2026-04-24,232.82,234.5,228.795,229.53,1491674,1.0,0.0
2026-04-27,228.97,230.37,225.71,226.2,1749051,1.0,0.0
2026-04-28,228.87,229.51,226.205,227.35,2361791,1.0,0.0
2026-04-29,225.98,230.93,223.17,230.31,2645066,1.0,0.0
2026-04-30,230.91,234.96,230.745,232.55,3191256,1.0,0.0
2026-05-01,234.55,235.62,228.285,228.77,1347010,1.0,0.0
2026-05-04,227.1,229.82,225.62,227.85,1404788,1.0,0.0
2026-05-05,227.11,227.44,223.76,224.49,1670241,1.0,0.0
2026-05-06,223.09,223.74,220.01,220.52,1723311,1.0,0.0
2026-05-07,220.0,222.35,219.19,221.45,1616848,1.0,0.0
2026-05-08,220.87,221.68,214.97,215.37,2630665,1.0,0.0
2026-05-11,215.45,215.79,212.15,214.11,2122565,1.0,0.0
2026-05-12,215.99,219.95,214.885,217.65,1848880,1.0,0.0
2026-05-13,215.0,216.75,213.29,216.44,2172953,1.0,0.0
2026-05-14,217.68,219.35,217.0,218.82,3436212,1.0,0.0
2026-05-15,221.43,222.13,219.29,219.82,2192808,1.0,0.0
2026-05-18,219.2,223.77,219.07,222.73,2696961,1.0,0.0
2026-05-19,224.15,227.69,221.86,222.34,2550505,1.0,0.0
2026-05-20,220.46,221.87,219.11,219.59,1828032,1.0,0.0
2026-05-21,219.01,219.36,216.02,217.75,1698126,1.0,0.0
2026-05-22,217.55,218.505,215.9,217.9,1908941,1.0,0.0
2026-05-26,216.8,218.25,215.3,215.48,2047393,1.0,0.0
2026-05-27,214.9,217.0,213.6,215.59,2266696,1.0,0.0
2026-05-28,216.01,218.39,214.11,214.4,2139620,1.0,0.0
2026-05-29,213.68,214.6,211.26,211.46,3934012,1.0,0.0
2026-06-01,211.39,214.67,211.37,212.51,1743300,1.0,0.0
2026-06-02,211.8,213.09,210.12,211.93,1529533,1.0,0.0
2026-06-03,211.48,218.1,211.2,218.0,2387137,1.0,0.0
2026-06-04,221.13,221.5,217.5,219.01,2733974,1.0,0.0
2026-06-05,219.34,222.42,219.34,220.4,2239232,1.0,0.945
2026-06-08,218.9,220.9,215.865,216.14,1694734,1.0,0.0
2026-06-09,216.05,222.2,215.51,221.3,2025342,1.0,0.0
2026-06-10,222.95,225.195,220.23,224.28,2325114,1.0,0.0
2026-06-11,224.99,225.8099,218.68,218.79,1782623,1.0,0.0
2026-06-12,218.75,220.5199,218.03,219.45,3062217,1.0,0.0
2026-06-15,216.03,218.16,215.56,216.94,2571158,1.0,0.0
2026-06-16,216.92,219.52,216.02,218.59,2547331,1.0,0.0
2026-06-17,216.64,218.75,214.86,215.85,1775089,1.0,0.0
2026-06-18,216.32,216.94,212.22,214.6,3620738,1.0,0.0
