ticker,exchange,assetType,priceCurrency,startDate,endDate
-P-HIZ,NASDAQ,Stock,USD,2023-08-30,2025-09-29
A,NYSE,Stock,USD,1999-11-18,2026-06-17
AA,NYSE,Stock,USD,2016-10-18,2026-06-17
AA-W,NYSE,Stock,USD,2016-10-18,2016-11-08
AAAC,NYSE,Stock,USD,2025-12-11,2026-06-17
AAAP,NASDAQ,Stock,USD,2015-11-11,2018-02-20
AABA,NASDAQ,Stock,USD,1996-04-12,2019-11-06
AAC,NYSE,Stock,USD,2021-03-25,2023-11-06
AAC,NYSE,Stock,USD,2014-10-02,2019-11-04
AAC-U,NYSE,Stock,USD,2021-02-02,2023-11-06
AAC-WS,NYSE,Stock,USD,2021-03-25,2023-11-06
AACB,NASDAQ,Stock,USD,2025-04-07,2026-06-17
AACBR,NASDAQ,Stock,USD,2025-04-07,2026-06-17
AACBU,NASDAQ,Stock,USD,2025-02-13,2026-06-17
AACC,NASDAQ,Stock,USD,2004-02-05,2013-10-17
AACG,NASDAQ,Stock,USD,2008-01-29,2026-06-17
AACI,NASDAQ,Stock,USD,2021-11-10,2026-06-17
AACIU,NASDAQ,Stock,USD,2021-08-13,2024-08-15
AACIU,NASDAQ,Stock,USD,2026-02-18,2026-06-17
AACIW,NASDAQ,Stock,USD,2021-11-11,2026-06-17
AACO,NASDAQ,Stock,USD,2026-04-13,2026-06-17
AACOU,NASDAQ,Stock,USD,2026-02-19,2026-06-17
AACOW,NASDAQ,Stock,USD,2026-04-15,2026-06-17
AACP,NASDAQ,Stock,USD,2026-05-28,2026-06-17
AACPR,NASDAQ,Stock,USD,2026-05-28,2026-06-17
AACPU,NASDAQ,Stock,USD,2026-04-07,2026-06-17
AACPW,NASDAQ,Stock,USD,2026-05-28,2026-06-17
AACQU,NASDAQ,Stock,USD,2020-07-14,2021-06-24
AACT,NYSE,Stock,USD,2023-06-12,2026-06-17
AACT-U,NYSE,Stock,USD,2023-04-21,2025-09-24
AACTWS,NASDAQ,Stock,USD,2026-02-06,2026-06-17
AADX,NYSE,Stock,USD,2026-06-03,2026-06-17
AAGR,NASDAQ,Stock,USD,2023-12-07,2024-10-24
AAGR,NASDAQ,Stock,USD,2024-10-25,2026-05-28
AAGRW,NASDAQ,Stock,USD,2023-12-07,2026-05-28
AAI,NYSE,Stock,USD,2001-09-17,2011-11-30
AAIC,NYSE,Stock,USD,1997-12-23,2023-12-14
AAIC-P-B,NYSE,Stock,USD,2017-05-16,2023-12-14
AAIC-P-C,NYSE,Stock,USD,2019-03-06,2023-12-14
AAIN,NYSE,Stock,USD,2021-07-19,2024-01-30
AAL,NASDAQ,Stock,USD,2005-09-27,2026-06-17
AAM,NYSE,Stock,USD,2024-09-16,2026-02-02
AAM-P-A,NYSE,Stock,USD,2017-03-09,2021-12-31
AAM-P-A,NYSE,Stock,USD,2022-01-03,2023-09-21
AAM-P-B,NYSE,Stock,USD,2022-01-03,2023-09-21
AAM-P-B,NYSE,Stock,USD,2018-03-12,2021-12-31
AAM-U,NYSE,Stock,USD,2024-08-01,2026-02-02
AAM-WS,NYSE,Stock,USD,2024-09-16,2026-02-02
AAME,NASDAQ,Stock,USD,1984-09-07,2026-06-17
AAMI,NYSE,Stock,USD,2018-03-26,2026-06-17
AAMRQ,NYSE,Stock,USD,2001-01-02,2013-12-17
AAN,NYSE,Stock,USD,2020-11-25,2024-10-03
AAN-W,NYSE,Stock,USD,2020-11-25,2020-11-30
AAOI,NASDAQ,Stock,USD,2013-09-26,2026-06-17
AAON,NASDAQ,Stock,USD,1992-12-16,2026-06-17
AAP,NYSE,Stock,USD,2001-11-29,2026-06-17
AAPC,NASDAQ,Stock,USD,2015-04-29,2017-10-04
AAPG,NASDAQ,Stock,USD,2025-01-24,2026-06-17
AAPGV,NASDAQ,Stock,USD,2025-01-24,2026-06-17
AAPL,NASDAQ,Stock,USD,2026-06-17,2026-06-17
AAQC,NYSE,Stock,USD,2021-05-10,2022-12-15
AAQC-U,NYSE,Stock,USD,2021-03-18,2022-12-15
AARD,NASDAQ,Stock,USD,2025-02-13,2026-06-17
AAT,NYSE,Stock,USD,2011-01-13,2026-06-17
AATI,NASDAQ,Stock,USD,2005-08-04,2012-01-27
AAUC,NYSE,Stock,USD,2025-06-09,2026-06-17
AAV,NYSE,Stock,USD,2004-03-31,2018-12-14
AAWW,NASDAQ,Stock,USD,2005-11-09,2023-04-03
AB,NYSE,Stock,USD,1988-04-15,2026-06-17
ABAT,NASDAQ,Stock,USD,2023-09-21,2026-06-17
ABAX,NASDAQ,Stock,USD,1992-01-23,2018-08-01
ABBC,NASDAQ,Stock,USD,2004-12-17,2011-10-10
ABBV,NYSE,Stock,USD,2013-01-02,2026-06-17
ABCB,NYSE,Stock,USD,1994-05-19,2026-06-17
ABCD,NASDAQ,Stock,USD,2009-12-09,2018-12-18
ABCL,NASDAQ,Stock,USD,2020-12-11,2026-06-17
ABCM,NASDAQ,Stock,USD,2010-12-03,2026-06-17
ABCO,NASDAQ,Stock,USD,2001-11-13,2017-11-17
ABCW,NASDAQ,Stock,USD,2016-01-04,2016-05-09
ABDC,NASDAQ,Stock,USD,2014-05-09,2020-01-31
ABEO,NASDAQ,Stock,USD,1980-09-19,2026-06-17
ABEOW,NASDAQ,Stock,USD,2015-06-22,2019-12-20
ABEV,NYSE,Stock,USD,1997-03-05,2026-06-17
ABFS,NASDAQ,Stock,USD,1992-05-13,2014-05-13
ABG,NYSE,Stock,USD,2002-03-21,2026-06-17
ABGB,NASDAQ,Stock,USD,2016-01-04,2016-05-05
ABGBY,NASDAQ,Stock,USD,2016-05-02,2016-05-13
ABGI,NASDAQ,Stock,USD,2021-02-17,2023-02-27
ABI,NASDAQ,Stock,USD,2009-05-11,2026-06-17
ABII,NASDAQ,Stock,USD,2007-11-15,2010-10-25
ABILW,NASDAQ,Stock,USD,2016-01-04,2016-04-07
ABL,NYSE,Stock,USD,2026-05-28,2026-06-17
ABLLW,NASDAQ,Stock,USD,2020-09-14,2025-08-14
ABLLW,NASDAQ,Stock,USD,2023-07-05,2026-06-17
ABLV,NASDAQ,Stock,USD,2022-09-12,2026-06-17
ABLVW,NASDAQ,Stock,USD,2023-08-18,2026-06-17
ABLX,NASDAQ,Stock,USD,2017-10-20,2018-06-22
ABM,NYSE,Stock,USD,1984-07-19,2026-06-17
ABMD,NASDAQ,Stock,USD,1987-07-30,2023-01-03
ABNB,NASDAQ,Stock,USD,2020-12-10,2026-06-17
ABOS,NASDAQ,Stock,USD,2021-07-01,2026-06-17
ABR,NYSE,Stock,USD,2004-04-07,2026-06-17
ABR-P-A,NYSE,Stock,USD,2014-09-22,2021-06-23
ABR-P-B,NYSE,Stock,USD,2014-09-22,2021-06-23
ABR-P-C,NYSE,Stock,USD,2014-02-24,2021-06-23
ABR-P-D,NYSE,Stock,USD,2021-05-26,2026-06-17
ABR-P-E,NYSE,Stock,USD,2021-08-05,2026-06-17
ABR-P-F,NYSE,Stock,USD,2021-10-05,2026-06-17
ABRN,NYSE,Stock,USD,2014-05-15,2018-04-26
ABSI,NASDAQ,Stock,USD,2021-07-22,2026-06-17
ABST,NASDAQ,Stock,USD,2020-10-28,2023-07-27
ABST,NASDAQ,Stock,USD,2007-07-13,2020-10-28
ABT,NYSE,Stock,USD,1983-04-06,2026-06-17
ABTC,NASDAQ,Stock,USD,2025-09-02,2026-06-17
ABTL,NASDAQ,Stock,USD,1999-03-26,2017-10-06
ABTS,NASDAQ,Stock,USD,2014-04-10,2026-06-17
ABTX,NASDAQ,Stock,USD,2015-10-08,2022-09-30
ABUS,NASDAQ,Stock,USD,2015-08-03,2026-06-17
ABVA,NASDAQ,Stock,USD,2001-12-05,2013-01-07
ABVC,NASDAQ,Stock,USD,2011-04-05,2026-06-17
ABVT,NYSE,Stock,USD,2010-12-02,2013-07-10
ABVX,NASDAQ,Stock,USD,2023-10-20,2026-06-17
ABX,NYSE,Stock,USD,2020-09-14,2026-06-17
ABXL,NYSE,Stock,USD,2023-11-24,2026-06-17
ABY,NASDAQ,Stock,USD,2014-06-13,2017-11-13
ACA,NYSE,Stock,USD,2018-10-30,2026-06-17
ACAA,NASDAQ,Stock,USD,2026-04-10,2026-06-17
ACAAU,NASDAQ,Stock,USD,2026-02-19,2026-06-17
ACAAW,NASDAQ,Stock,USD,2026-04-14,2026-06-17
ACAB,NASDAQ,Stock,USD,2022-03-09,2024-11-12
ACABU,NASDAQ,Stock,USD,2022-01-14,2024-11-12
ACAC,NASDAQ,Stock,USD,2022-08-08,2024-09-26
ACACU,NASDAQ,Stock,USD,2020-10-23,2021-06-21
ACACU,NASDAQ,Stock,USD,2022-06-10,2024-09-26
ACACW,NASDAQ,Stock,USD,2020-12-15,2024-10-04
ACAD,NASDAQ,Stock,USD,2004-05-27,2026-06-17
ACAH,NASDAQ,Stock,USD,2021-04-28,2024-03-05
ACAHU,NASDAQ,Stock,USD,2021-03-04,2024-03-05
ACAHW,NASDAQ,Stock,USD,2021-04-29,2024-02-23
ACAMU,NASDAQ,Stock,USD,2019-02-22,2021-01-21
ACAP,NASDAQ,Stock,USD,2001-01-02,2010-11-01
ACAQ,NYSE,Stock,USD,2021-12-13,2023-10-19
ACAQ-U,NYSE,Stock,USD,2021-10-20,2023-10-19
ACAQ-WS,NYSE,Stock,USD,2021-12-10,2023-10-19
ACAS,NASDAQ,Stock,USD,1997-09-02,2017-01-11
ACAT,NASDAQ,Stock,USD,2001-01-02,2017-03-07
ACAX,NASDAQ,Stock,USD,2022-03-24,2024-01-08
ACAXR,NASDAQ,Stock,USD,2022-03-24,2024-01-08
ACAXU,NASDAQ,Stock,USD,2022-02-01,2024-01-08
ACAXW,NASDAQ,Stock,USD,2022-03-24,2024-01-08
ACB,NASDAQ,Stock,USD,2007-03-07,2018-10-22
ACB,NASDAQ,Stock,USD,2014-07-11,2026-06-17
ACBA,NASDAQ,Stock,USD,2021-05-26,2024-05-30
ACBAU,NASDAQ,Stock,USD,2021-04-06,2024-05-30
ACBAW,NASDAQ,Stock,USD,2021-05-21,2024-05-23
ACBI,NASDAQ,Stock,USD,2015-11-02,2022-02-28
ACC,NYSE,Stock,USD,2004-08-12,2022-08-09
ACCD,NASDAQ,Stock,USD,2020-07-02,2025-04-08
ACCL,NASDAQ,Stock,USD,2025-10-17,2026-06-17
ACCL,NASDAQ,Stock,USD,1995-12-06,2014-05-06
ACCO,NYSE,Stock,USD,2005-08-17,2026-06-17
ACCS,AMEX,Stock,USD,2005-02-14,2026-06-17
ACDC,NASDAQ,Stock,USD,2022-05-13,2026-06-17
ACDCW,NASDAQ,Stock,USD,2022-11-02,2023-11-07
ACDI,NYSE,Stock,USD,2021-12-31,2023-02-15
ACDI-U,NYSE,Stock,USD,2021-11-10,2023-02-15
ACEI,NYSE,Stock,USD,2025-09-25,2026-06-17
ACEL,NYSE,Stock,USD,2019-11-21,2026-06-17
ACEL-WS,NYSE,Stock,USD,2019-11-21,2020-07-15
ACER,NASDAQ,Stock,USD,2017-09-22,2023-11-20
ACERW,NASDAQ,Stock,USD,2015-04-14,2018-04-05
ACET,NASDAQ,Stock,USD,2018-01-26,2026-06-17
ACETQ,NASDAQ,Stock,USD,1990-03-26,2019-10-01
ACEVU,NASDAQ,Stock,USD,2020-07-28,2022-11-22
ACF,NYSE,Stock,USD,2010-09-30,2011-10-10
ACFC,NASDAQ,Stock,USD,2004-10-05,2018-05-29
ACFN,NASDAQ,Stock,USD,2025-07-24,2026-06-17
ACGC,NASDAQ,Stock,USD,2026-05-28,2026-06-17
ACGCU,NASDAQ,Stock,USD,2026-04-07,2026-06-17
ACGCW,NASDAQ,Stock,USD,2026-05-28,2026-06-17
ACGL,NASDAQ,Stock,USD,1995-09-14,2026-06-17
ACGLN,NASDAQ,Stock,USD,2021-06-03,2026-06-17
ACGLO,NASDAQ,Stock,USD,2017-08-15,2026-06-17
ACGLP,NASDAQ,Stock,USD,2016-09-23,2021-09-29
ACGN,NASDAQ,Stock,USD,1996-01-25,2023-09-01
ACH,NYSE,Stock,USD,1988-12-16,2026-06-17
ACHC,NASDAQ,Stock,USD,1994-03-04,2026-06-17
ACHL,NASDAQ,Stock,USD,2021-03-31,2026-06-17
ACHN,NASDAQ,Stock,USD,2006-11-09,2020-01-28
ACHR,NYSE,Stock,USD,2020-12-18,2026-06-17
ACHR-WS,NYSE,Stock,USD,2020-12-18,2022-12-23
ACHR-WS,NYSE,Stock,USD,2021-09-17,2026-06-17
ACHV,NASDAQ,Stock,USD,1995-10-13,2026-06-17
ACI,NYSE,Stock,USD,2020-06-26,2026-06-17
ACI,NYSE,Stock,USD,1988-08-12,2016-01-11
ACIA,NASDAQ,Stock,USD,2016-05-13,2021-03-01
ACIC,NASDAQ,Stock,USD,2007-11-07,2026-06-17
ACIC-U,NYSE,Stock,USD,2020-10-28,2021-09-16
ACII,NYSE,Stock,USD,2021-03-29,2026-06-17
ACII-U,NYSE,Stock,USD,2021-02-04,2022-12-01
ACIU,NASDAQ,Stock,USD,2016-09-23,2026-06-17
ACIW,NASDAQ,Stock,USD,1995-02-27,2026-06-17
ACKIT,NASDAQ,Stock,USD,2021-02-04,2022-08-31
ACKIU,NASDAQ,Stock,USD,2020-12-21,2022-08-31
ACKIW,NASDAQ,Stock,USD,2021-02-04,2022-08-31
ACLI,NASDAQ,Stock,USD,2006-12-28,2010-12-31
ACLO,NYSE,Stock,USD,2024-11-18,2026-06-17
ACLS,NASDAQ,Stock,USD,2000-07-11,2026-06-17
ACLX,NASDAQ,Stock,USD,2022-02-04,2026-04-28
ACM,NYSE,Stock,USD,2007-05-10,2026-06-17
ACME,NASDAQ,Stock,USD,2016-01-08,2017-01-11
ACMP,NASDAQ,Stock,USD,2010-07-29,2015-02-02
ACMR,NASDAQ,Stock,USD,2017-11-03,2026-06-17
ACN,NYSE,Stock,USD,2001-07-19,2026-06-17
ACNB,NASDAQ,Stock,USD,1996-01-02,2026-06-17
ACND-U,NYSE,Stock,USD,2020-07-24,2021-07-21
ACND-WS,NYSE,Stock,USD,2020-09-14,2021-07-21
ACNDWS,NYSE,Stock,USD,2021-07-22,2022-09-29
ACNT,NASDAQ,Stock,USD,1991-12-03,2026-06-17
ACO,NYSE,Stock,USD,1987-08-13,2014-05-12
ACOG,NASDAQ,Stock,USD,2024-11-12,2026-06-17
ACOM,NASDAQ,Stock,USD,2009-11-05,2013-01-14
ACON,NASDAQ,Stock,USD,2022-04-22,2026-06-17
ACONW,NASDAQ,Stock,USD,2022-04-22,2026-06-17
ACP-P-A,NYSE,Stock,USD,2021-05-04,2026-06-17
ACP-R,NYSE,Stock,USD,2019-10-14,2021-06-15
ACP-R-W,NYSE,Stock,USD,2021-05-18,2021-05-20
ACQR,NASDAQ,Stock,USD,2021-05-19,2023-03-10
ACQRU,NASDAQ,Stock,USD,2021-03-09,2023-03-10
ACQRW,NASDAQ,Stock,USD,2021-05-17,2023-03-10
ACR,NYSE,Stock,USD,2006-02-07,2026-06-17
ACR-P-C,NYSE,Stock,USD,2014-06-06,2026-06-17
ACR-P-D,NYSE,Stock,USD,2021-05-17,2026-06-17
ACRE,NYSE,Stock,USD,2012-04-27,2026-06-17
ACRO,NYSE,Stock,USD,2021-08-30,2023-12-18
ACRO-U,NYSE,Stock,USD,2021-07-09,2023-12-18
ACRO-WS,NYSE,Stock,USD,2021-08-30,2023-12-18
ACRS,NASDAQ,Stock,USD,2015-10-07,2026-06-17
ACRV,NASDAQ,Stock,USD,2022-11-15,2026-06-17
ACS,NYSE,Stock,USD,2010-02-05,2011-02-14
ACSF,NASDAQ,Stock,USD,2014-01-16,2018-09-19
ACST,NASDAQ,Stock,USD,2011-05-06,2024-10-07
ACT,NASDAQ,Stock,USD,2021-09-16,2026-06-17
ACTA,NASDAQ,Stock,USD,1999-08-05,2018-04-20
ACTC,NASDAQ,Stock,USD,2020-11-25,2021-06-14
ACTCU,NASDAQ,Stock,USD,2020-09-23,2021-06-14
ACTD,NASDAQ,Stock,USD,2021-05-24,2022-07-21
ACTDU,NASDAQ,Stock,USD,2021-03-23,2022-07-21
ACTDW,NASDAQ,Stock,USD,2021-05-21,2022-07-21
ACTG,NASDAQ,Stock,USD,2002-12-16,2026-06-17
ACTI,NASDAQ,Stock,USD,1995-10-26,2011-02-17
ACTS,NYSE,Stock,USD,2005-11-30,2026-06-17
ACTT,NASDAQ,Stock,USD,2019-05-14,2020-06-24
ACTTU,NASDAQ,Stock,USD,2019-04-26,2020-06-24
ACTTW,NASDAQ,Stock,USD,2019-05-14,2020-06-24
ACTU,NASDAQ,Stock,USD,2024-08-13,2026-06-17
ACU,AMEX,Stock,USD,1984-09-07,2026-06-17
ACV-A,NYSE,Stock,USD,2026-02-06,2026-06-17
ACVA,NYSE,Stock,USD,2021-03-24,2026-06-17
ACW,NYSE,Stock,USD,2010-03-03,2016-11-28
ACXM,NASDAQ,Stock,USD,1984-09-07,2018-10-01
ACXP,NASDAQ,Stock,USD,2021-06-25,2026-06-17
ACYN,NYSE,Stock,USD,2026-02-25,2026-06-17
ACYS,NYSE,Stock,USD,2026-04-23,2026-06-17
AD,NYSE,Stock,USD,1992-03-17,2026-06-17
ADAC,NASDAQ,Stock,USD,2017-09-22,2026-06-17
ADACU,NASDAQ,Stock,USD,2025-12-18,2026-06-17
ADACW,NASDAQ,Stock,USD,2026-02-09,2026-06-17
ADAG,NASDAQ,Stock,USD,2021-02-09,2026-06-17
ADAL,NASDAQ,Stock,USD,2021-12-29,2023-05-02
ADALU,NASDAQ,Stock,USD,2021-10-28,2023-05-02
ADALW,NASDAQ,Stock,USD,2021-12-27,2023-05-02
ADAM,NASDAQ,Stock,USD,2004-07-26,2026-06-17
ADAMG,NASDAQ,Stock,USD,2025-01-15,2026-06-17
ADAMG,NASDAQ,Stock,USD,2026-05-28,2026-05-28
ADAMH,NASDAQ,Stock,USD,2025-09-03,2026-06-17
ADAMI,NASDAQ,Stock,USD,2024-07-01,2026-06-17
ADAMI,NASDAQ,Stock,USD,2026-05-28,2026-05-28
ADAML,NASDAQ,Stock,USD,2021-06-30,2026-06-17
ADAML,NASDAQ,Stock,USD,2026-05-28,2026-05-28
ADAMM,NASDAQ,Stock,USD,2019-10-11,2026-06-17
ADAMM,NASDAQ,Stock,USD,2026-05-28,2026-05-28
ADAMN,NASDAQ,Stock,USD,2026-05-28,2026-05-28
ADAMN,NASDAQ,Stock,USD,2017-10-06,2026-06-17
ADAMO,NASDAQ,Stock,USD,2026-01-14,2026-06-17
ADAMZ,NASDAQ,Stock,USD,2021-11-18,2026-06-17
ADAMZ,NASDAQ,Stock,USD,2026-05-28,2026-05-28
ADBE,NASDAQ,Stock,USD,2026-06-17,2026-06-17
ADC,NYSE,Stock,USD,1994-04-15,2026-06-17
ADC-P-A,NYSE,Stock,USD,2021-09-09,2026-06-17
ADCC,NASDAQ,Stock,USD,2018-02-07,2018-12-12
ADCT,NYSE,Stock,USD,2020-05-15,2026-06-17
ADCT,NYSE,Stock,USD,2001-01-02,2010-12-20
ADEA,NASDAQ,Stock,USD,2003-11-20,2026-06-17
ADEP,NASDAQ,Stock,USD,1995-12-15,2015-10-26
ADER,NASDAQ,Stock,USD,2021-03-08,2023-09-25
ADERU,NASDAQ,Stock,USD,2021-01-15,2023-09-25
ADERW,NASDAQ,Stock,USD,2021-03-09,2023-09-25
ADEX,NASDAQ,Stock,USD,2024-01-04,2026-06-17
ADF-U,NYSE,Stock,USD,2021-04-09,2021-12-02
ADGE,NYSE,Stock,USD,2007-12-27,2017-07-14
ADGF,NASDAQ,Stock,USD,1998-07-10,2012-06-11
ADGM,NASDAQ,Stock,USD,2024-08-01,2026-06-17
ADHD,NYSE,Stock,USD,2013-05-22,2017-11-15
ADI,NASDAQ,Stock,USD,1984-07-19,2026-06-17
ADIL,NASDAQ,Stock,USD,2018-07-27,2026-06-17
ADILW,NASDAQ,Stock,USD,2018-07-27,2023-07-27
ADK,NYSE,Stock,USD,2006-12-21,2017-10-02
ADLR,NASDAQ,Stock,USD,2000-11-14,2011-12-22
ADM,NYSE,Stock,USD,1983-04-05,2026-06-17
ADMA,NASDAQ,Stock,USD,2013-10-17,2026-06-17
ADMS,NASDAQ,Stock,USD,2014-04-10,2021-11-24
ADNC,NASDAQ,Stock,USD,2012-05-11,2015-07-09
ADNT,NYSE,Stock,USD,2016-10-31,2026-06-17
ADNT-W,NYSE,Stock,USD,2016-10-17,2016-10-28
ADOC,NASDAQ,Stock,USD,2020-12-10,2024-03-21
ADOCR,NASDAQ,Stock,USD,2020-12-10,2024-03-21
ADOCU,NASDAQ,Stock,USD,2020-11-10,2020-12-09
ADP,NASDAQ,Stock,USD,2026-06-17,2026-06-17
ADPI,NASDAQ,Stock,USD,2012-02-09,2012-02-28
ADPT,NYSE,Stock,USD,2014-06-25,2017-04-20
ADPT,NASDAQ,Stock,USD,2019-06-27,2026-06-17
ADPTQ,NYSE,Stock,USD,2014-06-25,2017-11-01
ADS-W,NYSE,Stock,USD,2021-11-05,2021-11-05
ADSE,NASDAQ,Stock,USD,2021-03-10,2021-12-23
ADSE,NASDAQ,Stock,USD,2021-12-23,2026-06-17
ADSEW,NASDAQ,Stock,USD,2021-03-10,2026-06-17
ADSK,NASDAQ,Stock,USD,1985-07-01,2026-06-17
ADSW,NYSE,Stock,USD,2016-10-06,2021-11-05
ADT,NYSE,Stock,USD,2018-01-19,2026-06-17
ADT,NYSE,Stock,USD,2012-09-28,2017-12-29
ADTH,NASDAQ,Stock,USD,2021-12-23,2024-06-21
ADTHW,NASDAQ,Stock,USD,2021-04-20,2024-06-21
ADTN,NASDAQ,Stock,USD,1994-08-10,2026-06-17
ADTX,NASDAQ,Stock,USD,2020-06-30,2026-06-17
ADUR,NASDAQ,Stock,USD,2021-07-23,2026-06-17
ADUS,NASDAQ,Stock,USD,2009-10-28,2026-06-17
ADV,NASDAQ,Stock,USD,2016-09-15,2026-06-17
ADVB,NASDAQ,Stock,USD,2025-03-06,2026-06-17
ADVM,NASDAQ,Stock,USD,2016-01-04,2026-06-17
ADVNQ,NASDAQ,Stock,USD,1990-01-02,2012-03-14
ADVS,NASDAQ,Stock,USD,1995-11-16,2015-07-16
ADVWW,NASDAQ,Stock,USD,2026-05-28,2026-06-17
ADXN,NASDAQ,Stock,USD,2020-01-29,2026-06-17
ADXSW,NASDAQ,Stock,USD,2013-10-17,2018-10-18
ADY,NYSE,Stock,USD,2006-05-26,2013-10-17
AEA,NYSE,Stock,USD,2005-08-26,2013-05-01
AEAC,NASDAQ,Stock,USD,2021-03-08,2023-01-20
AEACU,NASDAQ,Stock,USD,2021-01-15,2023-01-20
AEACW,NASDAQ,Stock,USD,2021-03-08,2023-01-20
AEAE,NASDAQ,Stock,USD,2021-12-13,2026-05-28
AEAEU,NASDAQ,Stock,USD,2021-10-29,2026-05-28
AEAEW,NASDAQ,Stock,USD,2021-12-13,2026-05-28
AEAQ,NASDAQ,Stock,USD,2026-01-26,2026-06-17
AEAQU,NASDAQ,Stock,USD,2025-12-04,2026-06-17
AEAQW,NASDAQ,Stock,USD,2026-01-26,2026-06-17
AEB,NYSE,Stock,USD,2005-11-23,2021-09-14
AEBI,NASDAQ,Stock,USD,2025-07-01,2026-06-17
AEBIV,NASDAQ,Stock,USD,2025-07-01,2025-07-01
AEC,NASDAQ,Stock,USD,1993-11-11,2026-06-17
AED,NYSE,Stock,USD,2005-11-23,2019-06-14
AED-CL,NYSE,Stock,USD,2019-05-08,2019-06-14
AEE,NYSE,Stock,USD,1998-01-02,2026-06-17
AEFC,NYSE,Stock,USD,2019-10-24,2026-06-17
AEG,NYSE,Stock,USD,2026-06-17,2026-06-17
AEGN,NASDAQ,Stock,USD,1989-04-24,2021-05-17
AEGR,NASDAQ,Stock,USD,2010-10-21,2016-12-07
AEH,NYSE,Stock,USD,2005-06-15,2019-12-13
AEH-CL,NYSE,Stock,USD,2019-10-25,2019-12-13
AEHA,NASDAQ,Stock,USD,2021-11-08,2026-05-28
AEHAU,NASDAQ,Stock,USD,2021-09-15,2023-02-14
AEHL,NASDAQ,Stock,USD,2007-12-17,2026-06-17
AEHR,NASDAQ,Stock,USD,1997-08-15,2026-06-17
AEI,NASDAQ,Stock,USD,2020-11-24,2026-06-17
AEIS,NASDAQ,Stock,USD,1995-11-17,2026-06-17
AEK,NYSE,Stock,USD,2012-02-07,2018-05-14
AEL,NYSE,Stock,USD,2003-12-04,2024-05-02
AEM,NYSE,Stock,USD,1984-09-07,2026-06-17
AEMD,NASDAQ,Stock,USD,2001-01-02,2026-06-17
AENT,NASDAQ,Stock,USD,2021-03-24,2026-06-17
AENTW,NASDAQ,Stock,USD,2021-03-26,2026-06-17
AENZ,NYSE,Stock,USD,2013-07-24,2023-12-14
AEO,NYSE,Stock,USD,1994-04-14,2026-06-17
AEON,AMEX,Stock,USD,2021-04-12,2026-06-17
AEON-WS,AMEX,Stock,USD,2023-07-24,2023-07-31
AEP,NASDAQ,Stock,USD,2026-06-17,2026-06-17
AEP-P-C,NYSE,Stock,USD,2020-08-12,2020-09-30
AEPI,NASDAQ,Stock,USD,2001-01-02,2017-01-30
AEPPL,NASDAQ,Stock,USD,2019-03-15,2022-03-14
AEPPZ,NASDAQ,Stock,USD,2020-10-01,2023-08-24
AER,NYSE,Stock,USD,2006-11-21,2026-06-17
AERI,NASDAQ,Stock,USD,2013-10-25,2023-01-03
AERO,NASDAQ,Stock,USD,2007-01-08,2021-02-26
AERO,NYSE,Stock,USD,2025-11-06,2026-06-17
AERT,NASDAQ,Stock,USD,2021-12-17,2026-06-17
AERT,NASDAQ,Stock,USD,2001-01-02,2023-11-09
AERTW,NASDAQ,Stock,USD,2023-11-08,2026-06-17
AERTW,NASDAQ,Stock,USD,2021-12-21,2026-05-28
AES,NYSE,Stock,USD,1991-06-26,2026-06-17
AES-P-C,NYSE,Stock,USD,1991-06-26,2017-05-24
AES-P-C-CL,NYSE,Stock,USD,1991-06-26,2017-06-22
AESC,NYSE,Stock,USD,2021-03-05,2024-02-14
AESI,NYSE,Stock,USD,2023-03-09,2026-06-17
AESPU,NASDAQ,Stock,USD,2026-06-03,2026-06-17
AET,NYSE,Stock,USD,1977-01-03,2018-11-28
AEUA,NYSE,Stock,USD,2015-06-11,2018-06-07
AEVA,NASDAQ,Stock,USD,2020-02-27,2026-06-17
AEVAW,NASDAQ,Stock,USD,2020-02-27,2026-03-11
AEXA,NYSE,Stock,USD,2025-09-26,2026-06-17
AEYE,NASDAQ,Stock,USD,2013-04-26,2026-06-17
AEZ,NYSE,Stock,USD,2003-01-21,2010-12-30
AF,NYSE,Stock,USD,1993-11-18,2017-10-02
AF-P-C,NYSE,Stock,USD,1993-11-18,2017-09-29
AFA,NYSE,Stock,USD,2012-08-28,2017-08-24
AFAC,NASDAQ,Stock,USD,2022-01-04,2022-12-08
AFACU,NASDAQ,Stock,USD,2021-11-10,2022-12-08
AFACW,NASDAQ,Stock,USD,2022-01-03,2022-12-08
AFAM,NASDAQ,Stock,USD,1993-02-19,2018-04-02
AFAQ,NASDAQ,Stock,USD,2021-05-27,2022-12-29
AFAQU,NASDAQ,Stock,USD,2021-03-19,2022-12-22
AFAQW,NASDAQ,Stock,USD,2021-05-21,2022-12-22
AFAR,NASDAQ,Stock,USD,2022-06-03,2026-06-17
AFARU,NASDAQ,Stock,USD,2022-04-13,2026-06-17
AFARW,NASDAQ,Stock,USD,2022-06-03,2026-06-17
AFBI,NASDAQ,Stock,USD,2021-01-21,2026-06-17
AFC,NYSE,Stock,USD,2007-04-17,2021-03-24
AFCB,NASDAQ,Stock,USD,2010-01-07,2018-09-28
AFCG,NASDAQ,Stock,USD,2021-03-19,2026-06-17
AFCO,NYSE,Stock,USD,2015-10-20,2017-07-10
AFFMQ,NASDAQ,Stock,USD,2012-05-31,2018-07-30
AFFX,NASDAQ,Stock,USD,2016-01-04,2016-04-01
AFG,NYSE,Stock,USD,1983-04-06,2026-06-17
AFGB,NYSE,Stock,USD,2019-03-19,2026-06-17
AFGC,NYSE,Stock,USD,2019-12-04,2026-06-17
AFGC,NYSE,Stock,USD,2011-08-04,2019-08-29
AFGD,NYSE,Stock,USD,2020-06-03,2026-06-17
AFGE,NYSE,Stock,USD,2014-09-24,2026-06-17
AFGE-CL,NYSE,Stock,USD,2019-11-27,2019-12-20
AFGH,NYSE,Stock,USD,2015-11-18,2020-11-13
AFJK,NASDAQ,Stock,USD,2024-01-22,2026-06-17
AFJKR,NASDAQ,Stock,USD,2024-01-22,2026-06-17
AFJKU,NASDAQ,Stock,USD,2023-12-04,2026-06-17
AFL,NYSE,Stock,USD,1984-07-19,2026-06-17
AFM,NYSE,Stock,USD,2012-10-16,2015-10-29
AFOP,NASDAQ,Stock,USD,2000-11-30,2016-06-07
AFQ,NYSE,Stock,USD,2010-09-30,2015-10-07
AFRI,NASDAQ,Stock,USD,2022-06-10,2026-06-17
AFRIW,NASDAQ,Stock,USD,2022-06-10,2026-06-17
AFRM,NASDAQ,Stock,USD,2021-01-13,2026-06-17
AFSC,NASDAQ,Stock,USD,2025-02-18,2026-06-17
AFSD,NYSE,Stock,USD,2012-09-27,2018-01-10
AFSI,NASDAQ,Stock,USD,2006-11-13,2018-11-29
AFTR,NYSE,Stock,USD,2021-10-04,2023-08-15
AFTR-U,NYSE,Stock,USD,2021-08-12,2021-08-13
AFTR-U,NYSE,Stock,USD,2021-08-16,2023-08-15
AFTR-WS,NYSE,Stock,USD,2021-10-05,2023-08-15
AFW,NYSE,Stock,USD,2012-06-14,2017-06-23
AFW-CL,NYSE,Stock,USD,2017-05-30,2017-06-23
AFYA,NASDAQ,Stock,USD,2019-07-19,2026-06-17
AG,NYSE,Stock,USD,2006-11-28,2026-06-17
AGAC,NYSE,Stock,USD,2021-03-25,2023-09-14
AGAM,NASDAQ,Stock,USD,2009-10-21,2010-11-29
AGBAR,NASDAQ,Stock,USD,2019-07-18,2022-11-14
AGBAU,NASDAQ,Stock,USD,2019-05-14,2022-11-14
AGBK,NYSE,Stock,USD,2026-02-11,2026-06-17
AGCB,NYSE,Stock,USD,2021-01-07,2022-12-20
AGCC,NASDAQ,Stock,USD,2025-10-22,2026-06-17
AGCO,NYSE,Stock,USD,1992-04-20,2026-06-17
AGCUU,NASDAQ,Stock,USD,2020-10-01,2021-12-01
AGEN,NASDAQ,Stock,USD,2000-02-08,2026-06-17
AGFS,NASDAQ,Stock,USD,2015-08-03,2023-03-31
AGFSW,NASDAQ,Stock,USD,2015-08-03,2020-08-04
AGGR,NASDAQ,Stock,USD,2021-05-19,2023-03-10
AGGRU,NASDAQ,Stock,USD,2021-03-10,2023-03-10
AGGRW,NASDAQ,Stock,USD,2021-05-05,2023-03-10
AGI,NYSE,Stock,USD,2003-03-17,2026-06-17
AGIG,AMEX,Stock,USD,2002-01-22,2026-06-17
AGII,NASDAQ,Stock,USD,1986-11-14,2018-05-04
AGIIL,NASDAQ,Stock,USD,2012-09-25,2018-05-04
AGIO,NASDAQ,Stock,USD,2013-07-24,2026-06-17
AGIQ,NYSE,Stock,USD,2025-09-03,2026-06-17
AGIXQ,NASDAQ,Stock,USD,2000-08-09,2009-07-06
AGL,NYSE,Stock,USD,2021-04-15,2026-06-17
AGM,NYSE,Stock,USD,1995-08-18,2026-06-17
AGM-A,NYSE,Stock,USD,1996-05-30,2026-06-17
AGM-P-A,NYSE,Stock,USD,2013-01-23,2020-09-18
AGM-P-B,NYSE,Stock,USD,2014-09-22,2019-06-11
AGM-P-B-CL,NYSE,Stock,USD,2019-05-14,2019-06-11
AGM-P-C,NYSE,Stock,USD,2014-06-19,2024-07-17
AGM-P-D,NYSE,Stock,USD,2019-05-09,2026-06-17
AGM-P-E,NYSE,Stock,USD,2020-05-14,2026-06-17
AGM-P-F,NYSE,Stock,USD,2020-08-14,2026-06-17
AGM-P-G,NYSE,Stock,USD,2021-05-21,2026-06-17
AGM-P-H,NYSE,Stock,USD,2025-08-29,2026-06-17
AGM-P-I,NYSE,Stock,USD,2026-05-22,2026-06-17
AGMB,NASDAQ,Stock,USD,2026-02-06,2026-06-17
AGMH,NASDAQ,Stock,USD,2018-04-18,2026-06-17
AGN,NYSE,Stock,USD,1989-06-22,2020-05-08
AGN-P-A,NYSE,Stock,USD,2015-02-25,2018-02-28
AGNC,NASDAQ,Stock,USD,2008-05-15,2026-06-17
AGNCB,NASDAQ,Stock,USD,2014-05-09,2019-11-25
AGNCL,NASDAQ,Stock,USD,2022-09-08,2026-06-17
AGNCM,NASDAQ,Stock,USD,2019-02-28,2026-06-17
AGNCN,NASDAQ,Stock,USD,2017-08-16,2026-06-17
AGNCO,NASDAQ,Stock,USD,2019-09-27,2026-06-17
AGNCP,NASDAQ,Stock,USD,2012-04-02,2017-09-18
AGNCP,NASDAQ,Stock,USD,2020-02-05,2026-06-17
AGNCZ,NASDAQ,Stock,USD,2025-09-04,2026-06-17
AGNT,NASDAQ,Stock,USD,2014-02-19,2026-06-17
AGO,NYSE,Stock,USD,2004-04-23,2026-06-17
AGO-P-E,NYSE,Stock,USD,2010-04-01,2021-09-24
AGO-P-F,NYSE,Stock,USD,2014-09-22,2021-09-24
AGP,NYSE,Stock,USD,2006-12-28,2012-12-21
AGPU,NASDAQ,Stock,USD,2018-01-29,2026-06-17
AGR,NYSE,Stock,USD,2015-12-17,2026-06-17
AGRIW,NASDAQ,Stock,USD,2021-07-08,2026-06-17
AGRO,NYSE,Stock,USD,2011-01-28,2026-06-17
AGRZ,NASDAQ,Stock,USD,2025-10-01,2026-06-17
AGS,NYSE,Stock,USD,2018-01-26,2025-06-30
AGTC,NASDAQ,Stock,USD,2014-03-27,2022-12-01
AGTI,NYSE,Stock,USD,2024-05-07,2024-05-07
AGTI,NYSE,Stock,USD,2019-06-06,2024-05-06
AGU,NYSE,Stock,USD,1995-05-05,2017-12-29
AGX,NYSE,Stock,USD,2026-06-17,2026-06-17
AGYS,NASDAQ,Stock,USD,1990-03-26,2026-06-17
AHAC,NASDAQ,Stock,USD,2020-12-01,2021-08-26
AHACU,NASDAQ,Stock,USD,2020-09-18,2021-08-26
AHCO,NASDAQ,Stock,USD,2018-05-24,2026-06-17
AHD,NASDAQ,Stock,USD,2026-05-19,2026-06-17
AHG,NASDAQ,Stock,USD,2006-12-28,2026-06-17
AHGP,NASDAQ,Stock,USD,2006-05-10,2018-06-01
AHI,NASDAQ,Stock,USD,2026-02-06,2026-05-28
AHI,NASDAQ,Stock,USD,2021-11-19,2026-06-17
AHL,NYSE,Stock,USD,2003-12-05,2019-02-15
AHL,NYSE,Stock,USD,2025-05-08,2026-02-24
AHL-P-B,NYSE,Stock,USD,2003-12-05,2017-06-30
AHL-P-B-CL,NYSE,Stock,USD,2003-12-05,2017-06-30
AHL-P-C,NYSE,Stock,USD,2013-05-07,2024-12-31
AHL-P-D,NYSE,Stock,USD,2016-09-14,2026-06-17
AHL-P-E,NYSE,Stock,USD,2019-08-07,2026-06-17
AHL-P-F,NYSE,Stock,USD,2024-12-03,2026-06-17
AHMA,NASDAQ,Stock,USD,2025-10-21,2026-06-17
AHP,NYSE,Stock,USD,2013-11-06,2018-04-23
AHP-P-B,NYSE,Stock,USD,2016-05-02,2018-04-23
AHPA,NASDAQ,Stock,USD,2021-09-30,2022-11-01
AHPAU,NASDAQ,Stock,USD,2016-10-11,2018-10-30
AHPAU,NASDAQ,Stock,USD,2021-08-10,2022-11-01
AHR,NYSE,Stock,USD,2024-02-07,2026-06-17
AHRN,NASDAQ,Stock,USD,2022-02-08,2023-06-16
AHRNU,NASDAQ,Stock,USD,2021-12-15,2023-06-16
AHRNW,NASDAQ,Stock,USD,2022-02-04,2023-06-16
AHRT,NYSE,Stock,USD,2023-09-11,2026-06-17
AHRT,NYSE,Stock,USD,2013-05-08,2026-05-28
AHRT-P-A,NYSE,Stock,USD,2019-06-12,2026-06-17
AHS,NYSE,Stock,USD,2001-11-13,2016-10-26
AHT,NYSE,Stock,USD,2003-08-26,2026-06-17
AHT-P-A,NYSE,Stock,USD,2014-09-22,2017-09-15
AHT-P-D,NYSE,Stock,USD,2014-09-22,2026-06-17
AHT-P-F,NYSE,Stock,USD,2016-07-20,2026-06-17
AHT-P-G,NYSE,Stock,USD,2016-10-17,2026-06-17
AHT-P-H,NYSE,Stock,USD,2017-08-17,2026-06-17
AHT-P-I,NYSE,Stock,USD,2017-11-09,2026-06-17
AI,NYSE,Stock,USD,2020-12-09,2026-06-17
AIAI,NASDAQ,Stock,USD,2026-05-14,2026-06-17
AIB,NYSE,Stock,USD,2012-11-08,2026-03-20
AIB,AMEX,Stock,USD,2026-03-20,2026-06-17
AIBBR,NASDAQ,Stock,USD,2022-02-23,2024-05-08
AIBZ,NASDAQ,Stock,USD,2026-06-09,2026-06-09
AIBZ,NASDAQ,Stock,USD,2026-06-09,2026-06-17
AIC,NYSE,Stock,USD,2015-03-20,2024-01-30
AIDX,NASDAQ,Stock,USD,2026-02-19,2026-06-17
AIFA,NASDAQ,Stock,USD,2017-10-25,2026-06-17
AIFC,NASDAQ,Stock,USD,2026-04-28,2026-06-17
AIFC,NASDAQ,Stock,USD,1991-11-07,2026-05-28
AIFE,NASDAQ,Stock,USD,2025-03-12,2025-08-07
AIFER,NASDAQ,Stock,USD,2025-03-12,2026-06-17
AIFF,NASDAQ,Stock,USD,2011-02-23,2026-06-17
AIFU,NASDAQ,Stock,USD,2025-05-20,2026-06-17
AIFU,NASDAQ,Stock,USD,2007-11-01,2025-05-20
AIG,NYSE,Stock,USD,2026-06-17,2026-06-17
AIG-P-A,NYSE,Stock,USD,2019-03-08,2024-03-14
AIG-WS,NYSE,Stock,USD,1973-01-02,2021-01-13
AIHS,NASDAQ,Stock,USD,2018-03-16,2026-06-17
AII,NYSE,Stock,USD,2025-05-08,2026-06-17
AIIA,NYSE,Stock,USD,2025-11-24,2026-06-17
AIIA-R,NYSE,Stock,USD,2025-11-24,2026-06-17
AIIA-U,NYSE,Stock,USD,2025-10-03,2026-06-17
AIII,NYSE,Stock,USD,1997-12-10,2017-08-17
AIIO,NASDAQ,Stock,USD,2022-11-11,2026-06-17
AIIOW,NASDAQ,Stock,USD,2020-03-27,2026-06-17
AIIR,NASDAQ,Stock,USD,2026-05-18,2026-06-17
AILE,NASDAQ,Stock,USD,2021-04-26,2026-06-17
AILE,NASDAQ,Stock,USD,2024-04-17,2024-12-31
AILEW,NASDAQ,Stock,USD,2021-04-23,2026-06-17
AIM,AMEX,Stock,USD,2006-12-28,2026-06-17
AIMAU,NASDAQ,Stock,USD,2022-04-26,2026-06-17
AIMBU,NASDAQ,Stock,USD,2022-06-29,2026-06-17
AIMC,NASDAQ,Stock,USD,2006-12-15,2023-03-27
AIMCV,NASDAQ,Stock,USD,2006-12-15,2018-10-01
AIMD,NASDAQ,Stock,USD,2013-11-04,2026-06-17
AIMDW,NASDAQ,Stock,USD,2022-08-09,2026-06-17
AIMT,NASDAQ,Stock,USD,2015-08-06,2020-10-13
AIN,NYSE,Stock,USD,1987-09-30,2026-06-17
AIO,NYSE,Stock,USD,2019-10-29,2026-06-17
AIOS,NASDAQ,Stock,USD,2016-12-27,2026-06-17
AIOT,NASDAQ,Stock,USD,1999-06-30,2026-06-17
AIP,NASDAQ,Stock,USD,2021-10-27,2026-06-17
AIQ,NASDAQ,Stock,USD,2001-07-27,2017-08-31
AIR,NYSE,Stock,USD,1984-07-19,2026-06-17
AIRC,NYSE,Stock,USD,2020-12-15,2024-06-28
AIRE,NASDAQ,Stock,USD,2023-10-23,2026-06-17
AIRG,NASDAQ,Stock,USD,2016-08-12,2026-06-17
AIRI,AMEX,Stock,USD,2000-10-05,2026-06-17
AIRJ,NASDAQ,Stock,USD,2024-03-15,2026-06-17
AIRJW,NASDAQ,Stock,USD,2024-03-15,2026-06-17
AIRM,NASDAQ,Stock,USD,1987-08-31,2017-04-24
AIRO,NASDAQ,Stock,USD,2025-06-13,2026-06-17
AIRS,NASDAQ,Stock,USD,2021-10-29,2026-06-17
AIRT,NASDAQ,Stock,USD,1984-04-24,2026-06-17
AIRTP,NASDAQ,Stock,USD,2019-06-11,2026-06-17
AIRTW,NASDAQ,Stock,USD,2019-06-12,2021-08-30
AISP,NASDAQ,Stock,USD,2021-05-10,2026-06-17
AISPW,NASDAQ,Stock,USD,2021-05-10,2026-06-17
AIT,NYSE,Stock,USD,1984-09-07,2026-06-17
AITR,NASDAQ,Stock,USD,2024-01-02,2026-06-17
AITRR,NASDAQ,Stock,USD,2024-01-02,2026-06-17
AITRU,NASDAQ,Stock,USD,2023-11-09,2026-06-17
AIV,NYSE,Stock,USD,1994-07-22,2026-06-17
AIV-P-A,NYSE,Stock,USD,2014-09-22,2019-05-16
AIW,NYSE,Stock,USD,2013-05-06,2021-08-05
AIXC,NASDAQ,Stock,USD,2015-06-24,2026-06-17
AIXG,NASDAQ,Stock,USD,2005-03-11,2017-07-18
AIXI,NASDAQ,Stock,USD,2023-03-09,2026-06-17
AIY,NYSE,Stock,USD,2013-06-26,2019-08-19
AIZ,NYSE,Stock,USD,2004-02-05,2026-06-17
AIZN,NYSE,Stock,USD,2020-11-25,2026-06-17
AIZP,NYSE,Stock,USD,2018-03-08,2021-03-12
AJAX-WS,NYSE,Stock,USD,2020-12-18,2021-08-26
AJAXU,NYSE,Stock,USD,2020-10-28,2021-08-26
AJG,NYSE,Stock,USD,1984-09-07,2026-06-17
AJRD,NYSE,Stock,USD,1981-02-02,2023-07-27
AJXA,NYSE,Stock,USD,2017-04-28,2024-04-29
AKA,NYSE,Stock,USD,2021-09-22,2026-06-17
AKAM,NASDAQ,Stock,USD,1999-10-29,2026-06-17
AKAN,NASDAQ,Stock,USD,2022-03-15,2026-06-17
AKBA,NASDAQ,Stock,USD,2014-03-20,2026-06-17
AKCA,NASDAQ,Stock,USD,2017-07-14,2020-10-12
AKIC,NASDAQ,Stock,USD,2021-02-26,2022-12-29
AKICU,NASDAQ,Stock,USD,2021-01-06,2022-12-28
AKICW,NASDAQ,Stock,USD,2021-02-26,2022-12-28
AKLI,NASDAQ,Stock,USD,2022-08-19,2026-06-17
AKO-A,NYSE,Stock,USD,1994-07-07,2026-06-17
AKO-B,NYSE,Stock,USD,1997-04-07,2026-06-17
AKR,NYSE,Stock,USD,1993-05-27,2026-06-17
AKRO,NASDAQ,Stock,USD,2019-06-20,2025-12-09
AKS,NYSE,Stock,USD,1994-03-30,2020-03-13
AKTS,NASDAQ,Stock,USD,2026-01-09,2026-06-17
AKTX,NASDAQ,Stock,USD,2015-09-21,2026-06-17
AKUS,NASDAQ,Stock,USD,2020-06-26,2023-01-03
AKYA,NASDAQ,Stock,USD,2021-04-16,2025-07-08
AL,NYSE,Stock,USD,2011-04-19,2026-06-17
AL-P-A,NYSE,Stock,USD,2019-02-27,2024-10-16
ALAB,NASDAQ,Stock,USD,2024-03-20,2026-06-17
ALAC,NASDAQ,Stock,USD,2018-11-21,2022-05-25
ALACR,NASDAQ,Stock,USD,2018-11-21,2022-04-26
ALACU,NASDAQ,Stock,USD,2018-10-24,2022-05-05
ALACW,NASDAQ,Stock,USD,2018-11-21,2022-04-26
ALAR,NASDAQ,Stock,USD,2018-08-07,2026-06-17
ALB,NYSE,Stock,USD,1994-02-22,2026-06-17
ALB-P-A,NYSE,Stock,USD,2024-03-06,2026-06-17
ALBO,NASDAQ,Stock,USD,2007-05-11,2023-03-02
ALBT,NASDAQ,Stock,USD,2016-12-06,2026-06-17
ALC,NYSE,Stock,USD,2006-11-10,2013-10-17
ALC,NYSE,Stock,USD,2019-04-09,2026-06-17
ALCO,NASDAQ,Stock,USD,1973-05-03,2026-06-17
ALDF,NASDAQ,Stock,USD,2024-12-13,2026-06-17
ALDFU,NASDAQ,Stock,USD,2024-10-22,2026-06-17
ALDFW,NASDAQ,Stock,USD,2024-12-13,2026-06-17
ALDR,NASDAQ,Stock,USD,2014-05-08,2019-10-22
ALDW,NYSE,Stock,USD,2012-11-20,2018-02-08
ALDX,NASDAQ,Stock,USD,2014-05-02,2026-06-17
ALE,NYSE,Stock,USD,1973-05-03,2026-06-17
ALEC,NASDAQ,Stock,USD,2019-02-07,2026-06-17
ALEX,NYSE,Stock,USD,2012-06-14,2026-03-12
ALF,NASDAQ,Stock,USD,2024-08-01,2026-06-17
ALFUU,NASDAQ,Stock,USD,2024-06-11,2026-06-17
ALFUW,NASDAQ,Stock,USD,2024-08-01,2026-06-17
ALG,NYSE,Stock,USD,1993-03-19,2026-06-17
ALGI,NASDAQ,Stock,USD,2016-01-06,2019-06-26
ALGM,NASDAQ,Stock,USD,2020-10-29,2026-06-17
ALGN,NASDAQ,Stock,USD,2001-01-30,2026-06-17
ALGR,NASDAQ,Stock,USD,2018-08-13,2020-04-20
ALGRR,NASDAQ,Stock,USD,2018-08-13,2020-04-20
ALGRU,NASDAQ,Stock,USD,2018-07-03,2020-04-20
ALGRW,NASDAQ,Stock,USD,2018-08-13,2020-04-20
ALGS,NASDAQ,Stock,USD,2020-10-16,2026-06-17
ALGT,NASDAQ,Stock,USD,2006-12-08,2026-06-17
ALH,NYSE,Stock,USD,2025-10-09,2026-06-17
ALHC,NASDAQ,Stock,USD,2021-03-26,2026-06-17
ALIM,NASDAQ,Stock,USD,2010-04-22,2026-06-17
ALIN-P-A,NYSE,Stock,USD,2014-09-22,2022-08-30
ALIN-P-B,NYSE,Stock,USD,2015-04-21,2022-08-30
ALIS,NASDAQ,Stock,USD,2025-11-19,2026-06-17
ALISR,NASDAQ,Stock,USD,2025-11-19,2026-06-17
ALISU,NASDAQ,Stock,USD,2025-10-22,2026-06-17
ALIT,NYSE,Stock,USD,2020-07-17,2026-06-17
ALIT-WS,NYSE,Stock,USD,2021-07-06,2021-07-06
ALIT-WS,NYSE,Stock,USD,2020-07-17,2021-12-23
ALJ,NYSE,Stock,USD,2005-07-28,2017-07-10
ALK,NYSE,Stock,USD,2026-06-17,2026-06-17
ALKS,NASDAQ,Stock,USD,1991-07-16,2026-06-17
ALKSV,NASDAQ,Stock,USD,2023-11-14,2023-11-15
ALKT,NASDAQ,Stock,USD,2021-04-14,2026-06-17
ALL,NYSE,Stock,USD,1993-06-03,2026-06-17
ALL-P-A,NYSE,Stock,USD,2014-09-22,2020-01-14
ALL-P-A-CL,NYSE,Stock,USD,2019-12-10,2020-01-14
ALL-P-B,NYSE,Stock,USD,2014-09-22,2026-06-17
ALL-P-C,NYSE,Stock,USD,2014-09-22,2018-10-12
ALL-P-D,NYSE,Stock,USD,2014-09-22,2019-10-14
ALL-P-D-CL,NYSE,Stock,USD,2019-09-04,2019-10-14
ALL-P-E,NYSE,Stock,USD,2014-09-22,2019-10-14
ALL-P-E-CL,NYSE,Stock,USD,2019-09-04,2019-10-14
ALL-P-F,NYSE,Stock,USD,2014-09-22,2019-10-14
ALL-P-F-CL,NYSE,Stock,USD,2019-09-04,2019-10-14
ALL-P-G,NYSE,Stock,USD,2018-03-27,2023-04-14
ALL-P-H,NYSE,Stock,USD,2019-08-02,2026-06-17
ALL-P-I,NYSE,Stock,USD,2019-11-05,2026-06-17
ALL-P-J,NYSE,Stock,USD,2023-05-16,2026-06-17
ALLE,NYSE,Stock,USD,2013-11-18,2026-06-17
ALLG-WS,NYSE,Stock,USD,2022-03-24,2023-09-22
ALLG-WS,NYSE,Stock,USD,2023-09-25,2023-10-17
ALLK,NASDAQ,Stock,USD,2018-07-19,2025-05-15
ALLO,NASDAQ,Stock,USD,2018-10-11,2026-06-17
ALLPDCL,NYSE,Stock,USD,2014-02-18,2019-09-27
ALLPFCL,NYSE,Stock,USD,2014-06-11,2019-09-27
ALLR,NASDAQ,Stock,USD,2021-12-21,2026-06-17
ALLT,NASDAQ,Stock,USD,2006-11-16,2026-06-17
ALLY,NYSE,Stock,USD,2014-04-10,2026-06-17
ALLYPRA,NYSE,Stock,USD,2014-09-22,2021-10-14
ALM,NASDAQ,Stock,USD,2025-07-14,2026-06-17
ALMR,NASDAQ,Stock,USD,2026-04-17,2026-06-17
ALMS,NASDAQ,Stock,USD,2024-06-28,2026-06-17
ALMU,NASDAQ,Stock,USD,2022-11-16,2026-06-17
ALN,NYSE,Stock,USD,2009-09-14,2018-09-28
ALNC,NASDAQ,Stock,USD,2006-12-28,2013-03-08
ALNT,NASDAQ,Stock,USD,1992-02-25,2026-06-17
ALNY,NASDAQ,Stock,USD,2004-06-01,2026-06-17
ALO,NYSE,Stock,USD,2006-11-24,2020-07-01
ALOG,NASDAQ,Stock,USD,1984-09-07,2018-06-22
ALOR,NASDAQ,Stock,USD,2022-01-13,2023-11-14
ALORU,NASDAQ,Stock,USD,2021-11-19,2023-11-14
ALORW,NASDAQ,Stock,USD,2022-01-11,2023-11-14
ALOT,NASDAQ,Stock,USD,1984-09-07,2026-06-17
ALOV,NASDAQ,Stock,USD,2026-03-16,2026-06-17
ALOVU,NASDAQ,Stock,USD,2026-01-21,2026-06-17
ALOVW,NASDAQ,Stock,USD,2026-03-18,2026-06-17
ALOY,NASDAQ,Stock,USD,2016-01-21,2026-06-17
ALP,NASDAQ,Stock,USD,2020-06-05,2026-06-17
ALP-P-O,NYSE,Stock,USD,2014-09-22,2017-10-10
ALP-P-Q,NYSE,Stock,USD,2017-09-05,2022-10-13
ALPAU,NASDAQ,Stock,USD,2021-07-27,2023-07-14
ALPN,NASDAQ,Stock,USD,2015-06-17,2026-06-17
ALPS,NASDAQ,Stock,USD,2022-09-28,2026-06-17
ALR,NYSE,Stock,USD,1996-08-06,2017-10-19
ALR-P-B,NYSE,Stock,USD,1996-08-06,2017-11-03
ALRM,NASDAQ,Stock,USD,2015-06-26,2026-06-17
ALRS,NASDAQ,Stock,USD,2001-01-02,2026-06-17
ALSK,NASDAQ,Stock,USD,1999-11-18,2021-07-22
ALSN,NYSE,Stock,USD,2012-03-15,2026-06-17
ALT,NASDAQ,Stock,USD,2005-10-06,2026-06-17
ALTA,NASDAQ,Stock,USD,2015-06-11,2021-09-30
ALTG,NYSE,Stock,USD,2019-04-25,2026-06-17
ALTG-P-A,NYSE,Stock,USD,2020-12-31,2026-06-17
ALTG-WS,NYSE,Stock,USD,2019-04-26,2021-04-09
ALTI,NASDAQ,Stock,USD,1999-07-06,2016-11-17
ALTI,NASDAQ,Stock,USD,2023-01-03,2026-06-17
ALTIW,NASDAQ,Stock,USD,2023-01-04,2023-06-23
ALTM,NYSE,Stock,USD,2024-01-03,2025-03-05
ALTMW,NASDAQ,Stock,USD,2017-05-01,2023-11-07
ALTO,NASDAQ,Stock,USD,2005-03-24,2026-06-17
ALTR,NASDAQ,Stock,USD,2017-11-01,2025-03-26
ALTR,NASDAQ,Stock,USD,1988-04-04,2017-10-31
ALTU,NASDAQ,Stock,USD,2021-01-29,2024-03-20
ALTUQ,NASDAQ,Stock,USD,2010-01-04,2013-08-30
ALTUU,NASDAQ,Stock,USD,2020-12-09,2024-03-20
ALTUW,NASDAQ,Stock,USD,2021-01-29,2024-03-20
ALTV,NYSE,Stock,USD,1998-04-28,2015-12-21
ALU,NYSE,Stock,USD,2006-11-30,2016-03-03
ALUB,NYSE,Stock,USD,2026-01-06,2026-06-17
ALUB-U,NYSE,Stock,USD,2025-11-13,2026-06-17
ALUB-WS,NYSE,Stock,USD,2026-01-06,2026-06-17
ALUS,NYSE,Stock,USD,2010-01-04,2021-07-07
ALUS-U,NYSE,Stock,USD,2019-11-26,2021-07-07
ALUS-WS,NYSE,Stock,USD,2020-01-10,2021-07-07
ALV,NYSE,Stock,USD,2026-06-17,2026-06-17
ALVO,NASDAQ,Stock,USD,2022-06-16,2026-06-17
ALVOW,NASDAQ,Stock,USD,2022-06-16,2026-06-17
ALX,NYSE,Stock,USD,1984-07-19,2026-06-17
ALXA,NASDAQ,Stock,USD,2016-01-04,2016-06-21
ALXN,NASDAQ,Stock,USD,1996-02-28,2021-07-28
ALXO,NASDAQ,Stock,USD,2020-07-17,2026-06-17
ALY,NYSE,Stock,USD,2007-03-22,2011-02-23
ALZN,NASDAQ,Stock,USD,2021-06-15,2026-06-17
AM,NYSE,Stock,USD,2014-11-05,2026-06-17
AMAG,NASDAQ,Stock,USD,1986-06-12,2020-11-16
AMAL,NASDAQ,Stock,USD,2018-08-07,2026-06-17
AMAM,NASDAQ,Stock,USD,2021-06-18,2024-03-07
AMAN,NASDAQ,Stock,USD,2026-05-19,2026-06-17
AMAO,NASDAQ,Stock,USD,2021-05-05,2023-11-03
AMAOU,NASDAQ,Stock,USD,2021-03-18,2023-11-03
AMAOW,NASDAQ,Stock,USD,2021-04-30,2023-11-03
AMAT,NASDAQ,Stock,USD,1984-09-07,2026-06-17
AMBA,NASDAQ,Stock,USD,2012-10-10,2026-06-17
AMBC-WS,NYSE,Stock,USD,2013-08-22,2023-04-25
AMBO,AMEX,Stock,USD,2018-06-01,2026-06-17
AMBP,NYSE,Stock,USD,2021-08-05,2026-06-17
AMBP-WS,NYSE,Stock,USD,2021-08-05,2025-11-28
AMBQ,NYSE,Stock,USD,2025-07-30,2026-06-17
AMBR,NASDAQ,Stock,USD,2014-03-21,2026-06-17
AMBTQ,NASDAQ,Stock,USD,2016-01-12,2018-06-18
AMC,NYSE,Stock,USD,2026-06-17,2026-06-17
AMCC,NASDAQ,Stock,USD,2001-01-02,2017-02-03
AMCI,NASDAQ,Stock,USD,2023-01-25,2026-06-17
AMCIU,NASDAQ,Stock,USD,2018-11-16,2023-02-09
AMCR,NYSE,Stock,USD,2019-06-11,2026-06-17
AMCX,NASDAQ,Stock,USD,2011-06-16,2026-06-17
AMD,NASDAQ,Stock,USD,2026-06-17,2026-06-17
AME,NYSE,Stock,USD,1984-07-19,2026-06-17
AMED,NASDAQ,Stock,USD,1994-08-18,2025-08-14
AMEH,NASDAQ,Stock,USD,2024-02-26,2024-02-26
AMFW,NYSE,Stock,USD,2014-11-13,2017-10-09
AMG,NYSE,Stock,USD,1997-11-21,2026-06-17
AMGN,NASDAQ,Stock,USD,2026-06-17,2026-06-17
AMGP,NYSE,Stock,USD,2017-05-04,2019-03-12
AMH,NYSE,Stock,USD,2013-08-01,2026-06-17
AMH-P-A,NYSE,Stock,USD,2014-09-22,2017-10-02
AMH-P-B,NYSE,Stock,USD,2014-09-22,2017-10-02
AMH-P-C,NYSE,Stock,USD,2014-09-22,2018-04-04
AMH-P-D,NYSE,Stock,USD,2016-05-25,2021-06-04
AMH-P-E,NYSE,Stock,USD,2016-06-22,2021-06-29
AMH-P-F,NYSE,Stock,USD,2017-04-20,2022-05-04
AMH-P-G,NYSE,Stock,USD,2017-07-11,2026-06-17
AMH-P-H,NYSE,Stock,USD,2018-09-13,2026-06-17
AMHC,NASDAQ,Stock,USD,2020-01-10,2021-09-24
AMHCU,NASDAQ,Stock,USD,2019-11-20,2021-09-24
AMIC,NASDAQ,Stock,USD,2016-01-04,2016-09-01
AMID,NYSE,Stock,USD,2011-07-27,2019-07-22
AMIEQ,NASDAQ,Stock,USD,2011-04-13,2016-04-01
AMIX,NASDAQ,Stock,USD,2024-01-29,2026-06-17
AMJB,NYSE,Stock,USD,2024-01-26,2026-06-17
AMK,NYSE,Stock,USD,2019-07-18,2024-09-05
AMKR,NASDAQ,Stock,USD,1998-05-01,2026-06-17
AMLX,NASDAQ,Stock,USD,2022-01-07,2026-06-17
AMN,NYSE,Stock,USD,2001-11-13,2026-06-17
AMNB,NASDAQ,Stock,USD,1999-04-13,2024-04-01
AMOD,NASDAQ,Stock,USD,2021-10-26,2026-06-17
AMODW,NASDAQ,Stock,USD,2021-10-25,2026-06-17
AMOV,NYSE,Stock,USD,2001-02-07,2023-03-15
AMP,NYSE,Stock,USD,2005-09-15,2026-06-17
AMPG,NASDAQ,Stock,USD,1995-03-20,2026-06-17
AMPGR,NASDAQ,Stock,USD,2026-02-03,2026-06-17
AMPGW,NASDAQ,Stock,USD,2021-02-17,2026-02-18
AMPGZ,NASDAQ,Stock,USD,2026-02-03,2026-06-17
AMPH,NASDAQ,Stock,USD,2014-06-25,2026-06-17
AMPI,NYSE,Stock,USD,2021-04-22,2022-12-14
AMPI-U,NYSE,Stock,USD,2021-03-02,2022-12-14
AMPIW,NYSE,Stock,USD,2021-04-23,2022-11-03
AMPL,NASDAQ,Stock,USD,2021-09-28,2026-06-17
AMPS,NYSE,Stock,USD,2021-02-01,2025-04-15
AMPS-WS,NYSE,Stock,USD,2021-02-01,2022-10-14
AMPS-WS,NYSE,Stock,USD,2021-12-10,2021-12-10
AMPX,NYSE,Stock,USD,2022-09-15,2026-06-17
AMPX-WS,NYSE,Stock,USD,2023-02-21,2026-06-17
AMPY,NYSE,Stock,USD,2012-04-20,2026-06-17
AMR,NYSE,Stock,USD,2016-08-18,2026-06-17
AMR1,NASDAQ,Stock,USD,2006-12-28,2012-01-04
AMRB,NASDAQ,Stock,USD,1999-01-04,2021-09-15
AMRC,NYSE,Stock,USD,2010-07-22,2026-06-17
AMRE,NYSE,Stock,USD,2012-07-27,2015-02-18
AMRHW,NASDAQ,Stock,USD,2017-11-17,2020-12-30
AMRI,NASDAQ,Stock,USD,1999-02-04,2017-09-01
AMRK,NASDAQ,Stock,USD,2014-03-17,2025-12-01
AMRN,NASDAQ,Stock,USD,1993-04-05,2026-06-17
AMRS,NASDAQ,Stock,USD,2023-08-18,2023-08-18
AMRX,NASDAQ,Stock,USD,2009-01-15,2026-06-17
AMRZ,NYSE,Stock,USD,2025-06-23,2026-06-17
AMS,AMEX,Stock,USD,1984-09-07,2026-06-17
AMSC,NASDAQ,Stock,USD,1991-12-12,2026-06-17
AMSF,NASDAQ,Stock,USD,2005-11-18,2026-06-17
AMSG,NASDAQ,Stock,USD,2016-01-04,2016-12-09
AMSGP,NASDAQ,Stock,USD,2016-01-04,2016-12-09
AMSS,NASDAQ,Stock,USD,2026-05-20,2026-06-17
AMST,NASDAQ,Stock,USD,2020-09-25,2026-06-17
AMT,NYSE,Stock,USD,1998-02-27,2026-06-17
AMT-P-A,NYSE,Stock,USD,1998-02-27,2017-05-12
AMT-P-B,NYSE,Stock,USD,2015-02-26,2018-02-15
AMTB,NYSE,Stock,USD,2018-08-29,2026-06-17
AMTBB,NASDAQ,Stock,USD,2018-08-29,2021-11-22
AMTD,NYSE,Stock,USD,2019-08-05,2026-06-17
AMTD,NASDAQ,Stock,USD,1997-03-04,2020-10-07
AMTG,NYSE,Stock,USD,2011-07-21,2016-09-08
AMTI,NASDAQ,Stock,USD,2020-06-05,2023-12-28
AMTM,NYSE,Stock,USD,2024-09-24,2026-06-17
AMTM-W,NYSE,Stock,USD,2024-09-24,2024-09-27
AMTX,NASDAQ,Stock,USD,2014-05-15,2026-06-17
AMWD,NASDAQ,Stock,USD,1986-07-21,2026-05-28
AMWL,NYSE,Stock,USD,2020-09-17,2026-06-17
AMX,NYSE,Stock,USD,2026-06-17,2026-06-17
AMYT,NASDAQ,Stock,USD,2019-12-31,2023-04-12
AMZE,AMEX,Stock,USD,2021-12-14,2026-06-17
AMZN,NASDAQ,Stock,USD,1997-05-15,2026-06-17
AN,NYSE,Stock,USD,1992-03-03,2026-06-17
ANAB,NASDAQ,Stock,USD,2017-01-26,2026-06-17
ANABV,NASDAQ,Stock,USD,2026-04-06,2026-06-17
ANAC,NASDAQ,Stock,USD,2016-01-04,2016-06-27
ANAC,NYSE,Stock,USD,2021-04-16,2023-02-24
ANAC-U,NYSE,Stock,USD,2021-02-23,2023-02-24
ANAC-WS,NYSE,Stock,USD,2021-04-15,2023-02-24
ANAD,NASDAQ,Stock,USD,2016-01-04,2016-03-16
ANAT,NASDAQ,Stock,USD,1984-09-07,2022-09-08
ANCB,NASDAQ,Stock,USD,2011-01-26,2018-11-15
ANCI,NASDAQ,Stock,USD,2005-12-21,2015-09-17
ANCX,NASDAQ,Stock,USD,2004-07-19,2019-01-31
ANDAR,NASDAQ,Stock,USD,2019-03-06,2021-07-20
ANDAR,NASDAQ,Stock,USD,2015-12-07,2018-03-15
ANDAU,NASDAQ,Stock,USD,2019-01-29,2021-07-20
ANDAU,NASDAQ,Stock,USD,2015-11-25,2018-01-29
ANDE,NASDAQ,Stock,USD,1996-02-20,2026-06-17
ANDG,NYSE,Stock,USD,2025-12-17,2026-06-17
ANDV,NYSE,Stock,USD,1983-04-06,2018-09-28
ANDX,NYSE,Stock,USD,2011-04-20,2019-08-07
ANET,NYSE,Stock,USD,2014-06-06,2026-06-17
ANF,NYSE,Stock,USD,1996-09-26,2026-06-17
ANG-P-A,NYSE,Stock,USD,2019-11-15,2025-02-21
ANG-P-B,NYSE,Stock,USD,2020-06-10,2025-10-03
ANG-P-D,NYSE,Stock,USD,2025-01-10,2026-06-17
ANGH,NASDAQ,Stock,USD,2022-02-03,2026-06-17
ANGHW,NASDAQ,Stock,USD,2020-08-21,2026-06-17
ANGI,NASDAQ,Stock,USD,2011-11-17,2026-06-17
ANGIV,NASDAQ,Stock,USD,2025-03-25,2026-06-17
ANGO,NASDAQ,Stock,USD,2004-06-01,2026-06-17
ANGX,NYSE,Stock,USD,2022-01-31,2026-06-17
ANH,NYSE,Stock,USD,1998-03-12,2021-03-19
ANH-P-B,NYSE,Stock,USD,2014-09-22,2021-03-19
ANH-P-C,NYSE,Stock,USD,2015-01-28,2021-03-19
ANIK,NASDAQ,Stock,USD,1993-05-04,2026-06-17
ANIP,NASDAQ,Stock,USD,2000-05-05,2026-06-17
ANIX,NASDAQ,Stock,USD,2001-01-02,2026-06-17
ANL,NASDAQ,Stock,USD,2023-09-29,2026-06-17
ANN,NYSE,Stock,USD,1991-05-17,2015-08-31
ANNA,NASDAQ,Stock,USD,2022-02-22,2026-06-17
ANNAW,NASDAQ,Stock,USD,2022-02-14,2026-06-17
ANNB,NASDAQ,Stock,USD,2006-12-22,2013-04-05
ANNX,NASDAQ,Stock,USD,2020-07-24,2026-06-17
ANPA,NASDAQ,Stock,USD,2025-07-08,2026-06-17
ANR,NYSE,Stock,USD,2005-02-15,2015-07-16
ANRO,NYSE,Stock,USD,2024-02-02,2026-06-17
ANRZQ,NYSE,Stock,USD,2005-02-15,2016-07-27
ANSC,NASDAQ,Stock,USD,2024-01-03,2026-06-17
ANSCU,NASDAQ,Stock,USD,2023-11-09,2026-06-17
ANSCW,NASDAQ,Stock,USD,2024-01-03,2026-06-17
ANSS,NASDAQ,Stock,USD,1996-06-21,2026-06-17
ANTA,NASDAQ,Stock,USD,2025-05-13,2026-06-17
ANTE,NASDAQ,Stock,USD,2007-11-07,2025-09-18
ANTX,NASDAQ,Stock,USD,2022-03-25,2026-06-17
ANTX,NYSE,Stock,USD,2015-05-14,2018-04-30
ANV,NASDAQ,Stock,USD,2007-05-10,2026-06-17
ANVGQ,NYSE,Stock,USD,2015-03-10,2016-10-25
ANVS,NYSE,Stock,USD,2020-01-29,2026-06-17
ANY,NASDAQ,Stock,USD,2008-06-24,2026-06-17
ANZUU,NASDAQ,Stock,USD,2021-03-02,2023-09-29
AOGSQ,NYSE,Stock,USD,2009-05-11,2009-12-30
AOL,NYSE,Stock,USD,2009-11-24,2015-06-22
AOMD,NYSE,Stock,USD,2025-05-27,2026-06-17
AOMN,NYSE,Stock,USD,2024-08-01,2026-06-17
AOMR,NYSE,Stock,USD,2021-06-17,2026-06-17
AON,NYSE,Stock,USD,1984-09-07,2026-06-17
AONE-U,NYSE,Stock,USD,2020-08-18,2021-07-14
AORT,NYSE,Stock,USD,1993-02-12,2026-06-17
AOS,NYSE,Stock,USD,1984-09-07,2026-06-17
AOSL,NASDAQ,Stock,USD,2010-04-29,2026-06-17
AOUT,NASDAQ,Stock,USD,2020-08-21,2026-06-17
AOUTV,NASDAQ,Stock,USD,2020-08-21,2020-08-24
AP,NYSE,Stock,USD,1984-07-19,2026-06-17
APA,NASDAQ,Stock,USD,1979-05-15,2026-06-17
APAC,NASDAQ,Stock,USD,2021-09-14,2024-04-02
APAC,NASDAQ,Stock,USD,2025-11-21,2026-06-17
APACR,NASDAQ,Stock,USD,2025-11-21,2026-06-17
APACU,NASDAQ,Stock,USD,2025-09-30,2026-06-17
APACU,NASDAQ,Stock,USD,2021-07-16,2024-04-02
APAD,NYSE,Stock,USD,2025-08-27,2026-06-17
APADR,NASDAQ,Stock,USD,2025-08-27,2026-06-17
APADU,NASDAQ,Stock,USD,2025-07-30,2026-06-17
APAGF,NASDAQ,Stock,USD,1981-07-21,2015-01-28
APAM,NYSE,Stock,USD,2013-03-07,2026-06-17
APC,NYSE,Stock,USD,1986-09-09,2019-08-08
APC,NASDAQ,Stock,USD,2026-02-12,2026-06-17
APCA,NYSE,Stock,USD,2022-02-07,2024-06-21
APCA-U,NYSE,Stock,USD,2021-12-17,2024-06-21
APCA-WS,NYSE,Stock,USD,2022-02-07,2024-06-21
APD,NYSE,Stock,USD,1983-04-06,2026-06-17
APD-W,NYSE,Stock,USD,2016-09-23,2016-09-30
APDNW,NASDAQ,Stock,USD,2014-11-17,2019-11-18
APE,NYSE,Stock,USD,2022-08-22,2023-08-24
APEI,NASDAQ,Stock,USD,2007-11-09,2026-06-17
APFH,NYSE,Stock,USD,2016-07-15,2017-06-08
APG,NYSE,Stock,USD,2020-04-29,2026-06-17
APGB,NYSE,Stock,USD,2021-04-05,2023-11-27
APGB-U,NYSE,Stock,USD,2021-02-10,2023-11-27
APGB-WS,NYSE,Stock,USD,2021-04-06,2023-11-27
APGE,NASDAQ,Stock,USD,2023-07-14,2026-06-17
APGN,NASDAQ,Stock,USD,2021-02-22,2023-09-01
APGNW,NASDAQ,Stock,USD,2021-06-17,2023-08-23
APH,NYSE,Stock,USD,1991-11-08,2026-06-17
APHA,NYSE,Stock,USD,2015-03-18,2021-05-07
API,NASDAQ,Stock,USD,1991-02-12,2015-05-08
API,NASDAQ,Stock,USD,2020-06-26,2026-06-17
APIC,NASDAQ,Stock,USD,2016-01-04,2016-11-11
APL,NYSE,Stock,USD,2000-01-28,2015-02-27
APLD,NASDAQ,Stock,USD,2008-10-22,2026-06-17
APLE,NYSE,Stock,USD,2015-05-18,2026-06-17
APLM,NASDAQ,Stock,USD,2021-11-26,2026-06-17
APLMW,NASDAQ,Stock,USD,2021-11-26,2026-06-17
APLP,NASDAQ,Stock,USD,2015-11-04,2018-05-07
APLS,NASDAQ,Stock,USD,2017-11-09,2026-05-14
APLT,NASDAQ,Stock,USD,2019-05-14,2026-06-17
APM,NASDAQ,Stock,USD,2018-12-18,2026-06-17
APMCU,NASDAQ,Stock,USD,2026-06-03,2026-06-17
APMI,NASDAQ,Stock,USD,2021-10-06,2023-08-25
APMIU,NASDAQ,Stock,USD,2021-08-13,2023-08-14
APMIW,NASDAQ,Stock,USD,2021-10-12,2023-08-17
APO,NYSE,Stock,USD,2011-03-30,2026-06-17
APO-P-A,NYSE,Stock,USD,2023-08-16,2026-06-17
APOG,NASDAQ,Stock,USD,1973-05-03,2026-06-17
APOL,NASDAQ,Stock,USD,2016-01-04,2017-02-09
APOP,NASDAQ,Stock,USD,2021-10-28,2021-10-28
APOPW,NASDAQ,Stock,USD,2016-07-29,2021-08-03
APOS,NYSE,Stock,USD,2023-08-29,2026-06-17
APP,NASDAQ,Stock,USD,2021-04-15,2026-06-17
APPF,NASDAQ,Stock,USD,2015-06-26,2026-06-17
APPN,NASDAQ,Stock,USD,2017-05-25,2026-06-17
APPS,NASDAQ,Stock,USD,2006-06-30,2026-06-17
APR,NASDAQ,Stock,USD,2021-02-11,2022-03-29
APRE,NASDAQ,Stock,USD,2019-10-03,2026-06-17
APRN,NASDAQ,Stock,USD,2017-06-29,2023-11-13
APSG-U,NYSE,Stock,USD,2020-10-02,2022-05-27
APT,AMEX,Stock,USD,1999-02-16,2026-06-17
APTI,NASDAQ,Stock,USD,2016-09-23,2019-01-10
APTM,NASDAQ,Stock,USD,2023-12-28,2024-02-09
APTV,NYSE,Stock,USD,2011-11-17,2026-06-17
APTV-P-A,NYSE,Stock,USD,2020-06-10,2023-06-14
APTV-W,NYSE,Stock,USD,2026-03-27,2026-04-01
APU,NYSE,Stock,USD,1995-04-12,2019-08-21
APUR,NASDAQ,Stock,USD,2026-06-10,2026-06-17
APURR,NASDAQ,Stock,USD,2026-06-10,2026-06-17
APURU,NASDAQ,Stock,USD,2026-05-21,2026-06-10
APUS,AMEX,Stock,USD,2025-05-09,2026-06-17
APVO,NASDAQ,Stock,USD,2016-07-20,2026-06-17
APWC,NASDAQ,Stock,USD,2003-07-15,2026-06-17
APXIU,NASDAQ,Stock,USD,2021-12-07,2026-06-17
APXIW,NASDAQ,Stock,USD,2022-01-28,2026-06-17
APXT,NASDAQ,Stock,USD,2025-11-17,2026-06-17
APXTU,NASDAQ,Stock,USD,2025-10-28,2026-06-17
APXTU,NASDAQ,Stock,USD,2019-09-17,2021-07-01
APXTW,NASDAQ,Stock,USD,2025-11-17,2026-06-17
APYX,NASDAQ,Stock,USD,2019-01-02,2026-06-17
AQ,NYSE,Stock,USD,2017-11-03,2019-10-14
AQB,NASDAQ,Stock,USD,2017-01-11,2026-06-17
AQLG,NASDAQ,Stock,USD,2026-06-08,2026-06-17
AQMS,NASDAQ,Stock,USD,2015-07-31,2026-06-17
AQN,NYSE,Stock,USD,2009-11-10,2026-06-17
AQNA,NYSE,Stock,USD,2018-10-23,2023-11-03
AQNB,NYSE,Stock,USD,2019-05-28,2026-06-17
AQNU,NYSE,Stock,USD,2021-06-18,2024-06-14
AQST,NASDAQ,Stock,USD,2018-07-25,2026-06-17
AQUA,NYSE,Stock,USD,2017-11-02,2023-05-24
AR,NYSE,Stock,USD,2013-10-10,2026-06-17
ARA,NYSE,Stock,USD,2016-04-21,2021-01-25
ARAI,NASDAQ,Stock,USD,2025-05-15,2026-06-17
ARAV,NASDAQ,Stock,USD,2014-03-21,2026-06-17
ARAY,NASDAQ,Stock,USD,2007-02-08,2026-06-17
ARBB,NASDAQ,Stock,USD,2023-04-05,2026-06-17
ARBE,NASDAQ,Stock,USD,2021-10-08,2026-06-17
ARBEW,NASDAQ,Stock,USD,2021-10-08,2026-06-17
ARBG,NASDAQ,Stock,USD,2021-01-11,2023-08-11
ARBGU,NASDAQ,Stock,USD,2020-11-20,2023-08-03
ARBGW,NASDAQ,Stock,USD,2021-01-11,2023-08-03
ARBK,NASDAQ,Stock,USD,2021-09-23,2026-06-17
ARBKL,NASDAQ,Stock,USD,2021-11-18,2026-06-17
ARC,NYSE,Stock,USD,2005-02-04,2024-11-22
ARCB,NASDAQ,Stock,USD,1992-05-13,2026-06-17
ARCC,NASDAQ,Stock,USD,2004-10-05,2026-06-17
ARCE,NASDAQ,Stock,USD,2018-09-26,2023-12-07
ARCH,NYSE,Stock,USD,2016-10-05,2025-01-14
ARCI,NASDAQ,Stock,USD,2026-05-28,2026-06-17
ARCIU,NASDAQ,Stock,USD,2026-01-23,2026-06-17
ARCIW,NASDAQ,Stock,USD,2026-03-16,2026-06-17
ARCK,NASDAQ,Stock,USD,2021-12-20,2023-02-02
ARCKU,NASDAQ,Stock,USD,2021-10-29,2023-01-23
ARCKW,NASDAQ,Stock,USD,2021-12-20,2023-01-23
ARCL,NASDAQ,Stock,USD,2026-05-29,2026-06-17
ARCLR,NASDAQ,Stock,USD,2026-05-29,2026-06-17
ARCLU,NASDAQ,Stock,USD,2026-04-30,2026-06-17
ARCLW,NASDAQ,Stock,USD,2026-05-29,2026-06-17
ARCO,NYSE,Stock,USD,2011-04-14,2026-06-17
ARCP,NASDAQ,Stock,USD,2011-09-09,2015-07-30
ARCPP,NASDAQ,Stock,USD,2014-01-06,2015-07-30
ARCT,NASDAQ,Stock,USD,2013-05-22,2026-06-17
ARD,NYSE,Stock,USD,2017-03-15,2026-06-17
ARDT,NYSE,Stock,USD,2024-07-18,2026-06-17
ARDX,NASDAQ,Stock,USD,2014-06-19,2026-06-17
ARE,NYSE,Stock,USD,1997-05-28,2026-06-17
ARE-P-D,NYSE,Stock,USD,2015-12-18,2019-10-04
ARE-P-E-CL,NYSE,Stock,USD,2017-03-14,2017-04-13
AREC,NASDAQ,Stock,USD,2017-12-29,2026-06-17
AREN,AMEX,Stock,USD,2007-07-13,2026-06-17
ARES,NYSE,Stock,USD,2014-05-02,2026-06-17
ARES-P-A,NYSE,Stock,USD,2016-06-14,2021-06-29
ARES-P-B,NYSE,Stock,USD,2024-10-09,2026-06-17
ARG,NYSE,Stock,USD,1986-12-22,2016-05-31
ARGD,NYSE,Stock,USD,2002-12-10,2004-01-02
ARGD-1,NYSE,Stock,USD,2002-12-10,2018-05-04
ARGO,NYSE,Stock,USD,2007-08-07,2023-11-16
ARGO-P-A,NYSE,Stock,USD,2020-07-08,2025-09-12
ARGSQ,NASDAQ,Stock,USD,2014-02-07,2019-10-10
ARGU,NASDAQ,Stock,USD,2021-11-15,2022-12-20
ARGUU,NASDAQ,Stock,USD,2021-09-22,2022-12-20
ARGUW,NASDAQ,Stock,USD,2021-11-12,2022-12-20
ARGX,NASDAQ,Stock,USD,2017-05-18,2026-06-17
ARH-P-C,NYSE,Stock,USD,2014-09-22,2017-12-29
ARHS,NASDAQ,Stock,USD,2021-11-04,2026-06-17
ARI,NYSE,Stock,USD,2009-09-24,2026-06-17
ARI-P-A,NYSE,Stock,USD,2009-09-24,2017-08-01
ARI-P-C,NYSE,Stock,USD,2016-09-02,2019-06-06
ARI-P-C-CL,NYSE,Stock,USD,2019-05-13,2019-06-07
ARIA,NASDAQ,Stock,USD,2001-01-02,2017-02-17
ARII,NASDAQ,Stock,USD,2006-01-23,2018-12-04
ARIS,NASDAQ,Stock,USD,1991-11-15,2026-04-06
ARIS,NYSE,Stock,USD,2021-10-22,2025-10-15
ARIS,NYSE,Stock,USD,2007-08-10,2026-06-17
ARIZ,NASDAQ,Stock,USD,2021-12-09,2024-02-29
ARIZR,NASDAQ,Stock,USD,2021-12-09,2024-02-29
ARIZU,NASDAQ,Stock,USD,2021-11-18,2024-02-29
ARIZW,NASDAQ,Stock,USD,2021-12-09,2024-02-29
ARKO,NASDAQ,Stock,USD,2017-11-17,2026-06-17
ARKR,NASDAQ,Stock,USD,1985-12-13,2026-06-17
ARL,NYSE,Stock,USD,1984-09-07,2026-06-17
ARLO,NYSE,Stock,USD,2018-08-03,2026-06-17
ARLP,NASDAQ,Stock,USD,1999-08-17,2026-06-17
ARLZ,NASDAQ,Stock,USD,2016-02-08,2018-08-21
ARM,NASDAQ,Stock,USD,2023-09-14,2026-06-17
ARMK,NYSE,Stock,USD,2013-12-12,2026-06-17
ARMK-W,NYSE,Stock,USD,2023-09-27,2023-09-29
ARMO,NASDAQ,Stock,USD,2018-01-26,2018-06-22
ARMP,AMEX,Stock,USD,2011-03-09,2026-06-17
ARNA,NASDAQ,Stock,USD,2000-07-28,2022-03-15
ARNC,NYSE,Stock,USD,2020-04-01,2023-08-17
ARNC-P-B,NYSE,Stock,USD,2016-01-04,2017-09-29
ARO,NYSE,Stock,USD,2002-05-16,2016-04-21
AROC,NYSE,Stock,USD,2015-11-04,2026-06-17
AROW,NASDAQ,Stock,USD,1984-09-07,2026-06-17
ARPI,NYSE,Stock,USD,2013-05-08,2016-03-08
ARQ,NASDAQ,Stock,USD,2026-06-17,2026-06-17
ARQL,NASDAQ,Stock,USD,1996-10-16,2020-01-16
ARQQ,NASDAQ,Stock,USD,2021-09-07,2026-06-17
ARQQW,NASDAQ,Stock,USD,2021-04-06,2026-06-17
ARQT,NASDAQ,Stock,USD,2020-01-31,2026-06-17
ARR,NYSE,Stock,USD,2007-12-03,2026-06-17
ARR-P-A,NYSE,Stock,USD,2012-06-07,2019-07-25
ARR-P-A-CL,NYSE,Stock,USD,2019-06-25,2019-07-25
ARR-P-B,NYSE,Stock,USD,2013-02-11,2020-02-26
ARR-P-B-CL,NYSE,Stock,USD,2020-02-07,2020-02-26
ARR-P-C,NYSE,Stock,USD,2020-01-24,2026-06-17
ARRS,NASDAQ,Stock,USD,1993-09-17,2019-04-04
ARRWU,NASDAQ,Stock,USD,2021-03-02,2024-04-16
ARRY,NASDAQ,Stock,USD,2000-11-30,2019-07-30
ARRY,NASDAQ,Stock,USD,2020-10-15,2026-06-17
ARS,NASDAQ,Stock,USD,2006-12-19,2006-12-29
ARSD,NYSE,Stock,USD,2006-07-31,2014-06-17
ART,NYSE,Stock,USD,2009-09-24,2013-10-17
ARTA,NASDAQ,Stock,USD,2021-07-16,2022-05-24
ARTAU,NASDAQ,Stock,USD,2021-05-14,2022-05-17
ARTAW,NASDAQ,Stock,USD,2021-07-19,2022-05-17
ARTC,NASDAQ,Stock,USD,1996-02-05,2026-06-17
ARTCU,NASDAQ,Stock,USD,2026-01-06,2026-06-17
ARTCW,NASDAQ,Stock,USD,2026-02-27,2026-06-17
ARTE,NASDAQ,Stock,USD,2021-11-23,2023-11-03
ARTEU,NASDAQ,Stock,USD,2021-09-30,2023-11-03
ARTEW,NASDAQ,Stock,USD,2021-11-22,2023-11-03
ARTL,NASDAQ,Stock,USD,2017-11-14,2026-06-17
ARTLW,NASDAQ,Stock,USD,2019-06-21,2024-06-17
ARTNA,NASDAQ,Stock,USD,1996-05-24,2026-06-17
ARTV,NASDAQ,Stock,USD,2024-07-19,2026-06-17
ARTW,NASDAQ,Stock,USD,1984-09-07,2026-06-17
ARTX,NASDAQ,Stock,USD,1994-02-24,2019-12-19
ARU,NYSE,Stock,USD,2012-10-08,2017-06-21
ARU-CL,NYSE,Stock,USD,2017-05-23,2017-06-20
ARUN,NASDAQ,Stock,USD,2007-03-27,2015-05-18
ARVLW,NASDAQ,Stock,USD,2021-03-25,2021-07-16
ARVN,NASDAQ,Stock,USD,2018-09-27,2026-06-17
ARW,NYSE,Stock,USD,1984-07-19,2026-06-17
ARWA,NASDAQ,Stock,USD,2015-05-27,2017-01-05
ARWAR,NASDAQ,Stock,USD,2015-05-18,2017-01-05
ARWAU,NASDAQ,Stock,USD,2015-05-01,2017-01-05
ARWAW,NASDAQ,Stock,USD,2015-05-18,2017-01-05
ARWR,NASDAQ,Stock,USD,1997-01-06,2026-06-17
ARX,NYSE,Stock,USD,2010-11-19,2014-09-12
ARX,NYSE,Stock,USD,2025-07-24,2026-06-17
ARXS,NASDAQ,Stock,USD,2026-04-16,2026-06-17
ARY,NYSE,Stock,USD,2010-11-15,2015-09-28
ARYA,NASDAQ,Stock,USD,2018-12-12,2021-06-09
ARYAU,NASDAQ,Stock,USD,2018-10-05,2020-07-01
ARYAW,NASDAQ,Stock,USD,2018-12-12,2020-07-01
ARYB,NASDAQ,Stock,USD,2020-07-30,2020-10-27
ARYBU,NASDAQ,Stock,USD,2020-06-05,2020-10-27
ARYBW,NASDAQ,Stock,USD,2020-07-30,2020-10-27
ARYD,NASDAQ,Stock,USD,2021-02-26,2024-07-31
ARYE,NASDAQ,Stock,USD,2021-07-12,2023-07-14
AS,NYSE,Stock,USD,2024-02-01,2026-06-17
ASAI-W,NYSE,Stock,USD,2021-03-02,2021-03-03
ASAN,NYSE,Stock,USD,2020-09-30,2026-06-17
ASAQ,NYSE,Stock,USD,2020-10-15,2022-10-05
ASAQ-U,NYSE,Stock,USD,2020-10-02,2022-10-05
ASAQ-WS,NYSE,Stock,USD,2020-10-15,2022-10-05
ASAX,NASDAQ,Stock,USD,2021-03-15,2022-12-29
ASAXU,NASDAQ,Stock,USD,2021-02-04,2022-12-29
ASAXW,NASDAQ,Stock,USD,2021-03-15,2022-12-29
ASB,NYSE,Stock,USD,1984-09-07,2026-06-17
ASB-P-D,NYSE,Stock,USD,2016-09-07,2021-09-14
ASB-P-E,NYSE,Stock,USD,2018-09-20,2026-06-17
ASB-P-F,NYSE,Stock,USD,2020-06-10,2026-06-17
ASBA,NYSE,Stock,USD,2023-03-03,2026-06-17
ASBB,NASDAQ,Stock,USD,2011-10-12,2017-09-29
ASBC,NASDAQ,Stock,USD,1984-09-07,2014-12-22
ASBI,NASDAQ,Stock,USD,1987-02-26,2015-12-31
ASBP,NASDAQ,Stock,USD,2022-04-11,2026-06-17
ASBPW,NASDAQ,Stock,USD,2022-04-11,2026-06-17
ASC,NYSE,Stock,USD,2013-08-01,2026-06-17
ASCA,NASDAQ,Stock,USD,2022-03-18,2024-04-03
ASCAR,NASDAQ,Stock,USD,2022-03-18,2024-04-03
ASCAU,NASDAQ,Stock,USD,2022-02-15,2024-04-03
ASCAW,NASDAQ,Stock,USD,2022-03-17,2024-04-03
ASCMA,NASDAQ,Stock,USD,2008-09-18,2019-08-30
ASEC,NASDAQ,Stock,USD,2026-05-28,2026-06-17
ASEI,NASDAQ,Stock,USD,1984-09-06,2016-09-12
ASFI,NASDAQ,Stock,USD,1995-11-14,2020-09-29
ASFN,NASDAQ,Stock,USD,2011-01-31,2013-10-17
ASGI,NYSE,Stock,USD,2020-07-29,2026-06-17
ASH,NYSE,Stock,USD,1983-04-06,2026-06-17
ASH-W,NYSE,Stock,USD,1983-04-06,2017-05-12
ASI,NYSE,Stock,USD,2006-12-28,2013-10-01
ASIC,NYSE,Stock,USD,2025-06-11,2026-06-17
ASIX,NYSE,Stock,USD,2016-10-03,2026-06-17
ASIX-W,NYSE,Stock,USD,2016-09-15,2016-09-30
ASLE,NASDAQ,Stock,USD,2019-02-28,2026-06-17
ASLEW,NASDAQ,Stock,USD,2019-02-28,2021-12-29
ASLN,NASDAQ,Stock,USD,2018-05-04,2026-06-17
ASM,AMEX,Stock,USD,2005-11-21,2026-06-17
ASMB,NASDAQ,Stock,USD,2010-12-17,2026-06-17
ASMI,NASDAQ,Stock,USD,1984-09-07,2015-08-20
ASML,NASDAQ,Stock,USD,2026-06-17,2026-06-17
ASND,NASDAQ,Stock,USD,2015-01-28,2026-06-17
ASNS,NASDAQ,Stock,USD,2017-11-16,2019-03-13
ASO,NASDAQ,Stock,USD,2020-10-02,2026-06-17
ASPAU,NASDAQ,Stock,USD,2021-08-10,2023-11-02
ASPAW,NASDAQ,Stock,USD,2021-09-03,2023-11-06
ASPC,NASDAQ,Stock,USD,2025-01-03,2026-06-17
ASPC,NASDAQ,Stock,USD,2021-04-14,2022-08-03
ASPCR,NASDAQ,Stock,USD,2025-01-03,2026-06-17
ASPCU,NASDAQ,Stock,USD,2024-11-08,2026-06-17
ASPCU,NASDAQ,Stock,USD,2021-02-19,2022-08-03
ASPCW,NASDAQ,Stock,USD,2021-04-16,2022-08-03
ASPI,NASDAQ,Stock,USD,2022-11-10,2026-06-17
ASPL-U,NYSE,Stock,USD,2020-09-23,2021-07-13
ASPN,NYSE,Stock,USD,2014-06-13,2026-06-17
ASPS,NASDAQ,Stock,USD,2009-08-06,2026-06-17
ASPSW,NASDAQ,Stock,USD,2025-05-07,2026-06-17
ASPSZ,NASDAQ,Stock,USD,2025-05-07,2026-06-17
ASPX,NASDAQ,Stock,USD,2014-02-05,2015-05-04
ASR,NYSE,Stock,USD,2000-09-28,2026-06-17
ASRT,NASDAQ,Stock,USD,2003-12-17,2026-06-17
ASRV,NASDAQ,Stock,USD,1990-03-27,2026-06-17
ASRV 8.45 06-30-28,NASDAQ,Stock,USD,1998-06-03,2021-05-28
ASRVP,NASDAQ,Stock,USD,2021-06-01,2021-10-01
ASST,NASDAQ,Stock,USD,2023-02-03,2026-06-17
AST,NYSE,Stock,USD,2014-07-21,2019-04-02
ASTC,NASDAQ,Stock,USD,1995-12-21,2026-06-17
ASTE,NASDAQ,Stock,USD,1986-06-19,2026-06-17
ASTH,NASDAQ,Stock,USD,2011-02-23,2026-06-17
ASTI,NASDAQ,Stock,USD,2006-07-25,2026-06-17
ASTL,NASDAQ,Stock,USD,2021-10-20,2026-06-17
ASTLW,NASDAQ,Stock,USD,2021-10-20,2026-06-17
ASTR,NASDAQ,Stock,USD,2020-10-06,2026-06-17
ASTRW,NASDAQ,Stock,USD,2020-10-05,2021-12-27
ASTS,NASDAQ,Stock,USD,2019-11-01,2026-06-17
ASTSW,NASDAQ,Stock,USD,2019-11-01,2026-06-17
ASUR,NASDAQ,Stock,USD,1992-04-07,2026-06-17
ASV,NASDAQ,Stock,USD,2017-05-12,2019-09-11
ASX,NYSE,Stock,USD,2000-10-02,2026-06-17
ASYS,NASDAQ,Stock,USD,1984-09-07,2026-06-17
ASZ,NYSE,Stock,USD,2021-04-19,2022-11-22
ASZ-U,NYSE,Stock,USD,2021-02-26,2022-11-22
AT,NYSE,Stock,USD,2009-12-03,2021-05-14
ATA,NYSE,Stock,USD,2021-01-28,2022-12-16
ATA-U,NYSE,Stock,USD,2020-12-15,2022-12-16
ATA-WS,NYSE,Stock,USD,2021-01-28,2022-12-16
ATAC,NASDAQ,Stock,USD,2017-09-07,2018-08-22
ATAC-U,NYSE,Stock,USD,2020-10-23,2021-05-19
ATAC-WS,NYSE,Stock,USD,2020-12-14,2021-05-19
ATACR,NASDAQ,Stock,USD,2017-09-07,2018-08-22
ATACU,NASDAQ,Stock,USD,2017-09-20,2018-08-22
ATAI,NASDAQ,Stock,USD,2021-06-18,2026-06-17
ATAKR,NASDAQ,Stock,USD,2022-03-21,2024-01-18
ATAKU,NASDAQ,Stock,USD,2022-02-07,2024-01-26
ATAQ,NYSE,Stock,USD,2021-04-26,2023-09-08
ATAQ-U,NYSE,Stock,USD,2021-03-04,2023-09-08
ATAQ-WS,NYSE,Stock,USD,2021-04-26,2021-05-07
ATAT,NASDAQ,Stock,USD,2022-11-11,2026-06-17
ATB,NYSE,Stock,USD,1995-09-12,2009-12-24
ATC,NASDAQ,Stock,USD,2021-02-04,2026-06-17
ATCH,AMEX,Stock,USD,2021-03-10,2026-06-17
ATCL,NYSE,Stock,USD,2026-02-18,2026-06-17
ATCO,NYSE,Stock,USD,2020-02-28,2023-03-28
ATCO-P-D,NYSE,Stock,USD,2020-02-28,2025-07-09
ATCO-P-E,NYSE,Stock,USD,2020-02-28,2021-06-30
ATCO-P-G,NYSE,Stock,USD,2020-02-28,2021-06-30
ATCO-P-H,NYSE,Stock,USD,2020-02-28,2025-10-29
ATCO-P-I,NYSE,Stock,USD,2020-02-28,2023-10-27
ATCOL,NASDAQ,Stock,USD,2021-05-18,2026-06-17
ATCX,NASDAQ,Stock,USD,2019-01-23,2026-06-17
ATCXW,NASDAQ,Stock,USD,2019-02-13,2020-12-02
ATEC,NASDAQ,Stock,USD,2006-06-02,2026-06-17
ATEN,NYSE,Stock,USD,2014-03-21,2026-06-17
ATER,NASDAQ,Stock,USD,2019-06-12,2026-06-17
ATEST,AMEX,Stock,USD,2016-09-26,2026-06-17
ATEST-Z,AMEX,Stock,USD,2020-08-11,2020-08-11
ATEX,NASDAQ,Stock,USD,2015-02-03,2026-06-17
ATGI,NASDAQ,Stock,USD,2017-11-24,2018-05-02
ATGL,NASDAQ,Stock,USD,2023-10-31,2026-06-17
ATH,NYSE,Stock,USD,2016-12-09,2021-12-31
ATH-P-A,NYSE,Stock,USD,2019-06-06,2026-06-17
ATH-P-B,NYSE,Stock,USD,2026-05-28,2026-06-17
ATH-P-C,NYSE,Stock,USD,2020-06-05,2025-06-27
ATH-P-D,NYSE,Stock,USD,2020-12-17,2026-06-17
ATH-P-E,NYSE,Stock,USD,2022-12-06,2026-06-17
ATHE,NASDAQ,Stock,USD,2002-09-05,2026-06-17
ATHL,NYSE,Stock,USD,2013-08-02,2014-11-13
ATHM,NYSE,Stock,USD,2013-12-11,2026-06-17
ATHN,NASDAQ,Stock,USD,2007-09-20,2019-02-11
ATHN-U,NYSE,Stock,USD,2021-03-17,2021-12-30
ATHN-WS,NYSE,Stock,USD,2021-05-07,2021-05-14
ATHR,NASDAQ,Stock,USD,2025-04-10,2026-06-17
ATHS,NYSE,Stock,USD,2024-03-15,2026-06-17
ATI,NYSE,Stock,USD,1999-11-29,2026-06-17
ATII,NASDAQ,Stock,USD,2025-04-03,2026-06-17
ATIIU,NASDAQ,Stock,USD,2025-02-11,2026-06-17
ATIIW,NASDAQ,Stock,USD,2025-04-03,2026-06-17
ATIP-WS,NYSE,Stock,USD,2021-06-17,2023-06-09
ATISW,NASDAQ,Stock,USD,2017-01-25,2020-03-06
ATK,NYSE,Stock,USD,1990-10-03,2015-02-09
ATKR,NYSE,Stock,USD,2016-06-10,2026-06-17
ATLC,NASDAQ,Stock,USD,1999-04-23,2026-06-17
ATLCL,NASDAQ,Stock,USD,2021-11-23,2026-06-17
ATLCP,NASDAQ,Stock,USD,2021-06-14,2026-06-17
ATLCZ,NASDAQ,Stock,USD,2024-01-31,2026-06-17
ATLN,NASDAQ,Stock,USD,2021-08-27,2026-06-17
ATLO,NASDAQ,Stock,USD,2000-02-15,2026-06-17
ATLX,NASDAQ,Stock,USD,2013-02-28,2026-06-17
ATMC,NASDAQ,Stock,USD,2023-01-19,2026-06-17
ATMCR,NASDAQ,Stock,USD,2023-01-19,2026-06-17
ATMCU,NASDAQ,Stock,USD,2022-12-30,2026-06-17
ATMCW,NASDAQ,Stock,USD,2023-01-19,2026-06-17
ATML,NASDAQ,Stock,USD,2016-01-04,2016-04-12
ATMR-U,NYSE,Stock,USD,2021-02-05,2021-12-23
ATMU,NYSE,Stock,USD,2023-05-26,2026-06-17
ATMV,NASDAQ,Stock,USD,2026-05-28,2026-06-17
ATMVR,NASDAQ,Stock,USD,2023-01-25,2025-12-09
ATMVU,NASDAQ,Stock,USD,2022-12-19,2025-12-09
ATN,NYSE,Stock,USD,1993-04-27,2010-10-07
ATNI,NASDAQ,Stock,USD,1991-11-14,2026-06-17
ATNM,AMEX,Stock,USD,2012-12-27,2026-06-17
ATNY,NASDAQ,Stock,USD,2016-01-04,2016-04-25
ATO,NYSE,Stock,USD,1983-12-28,2026-06-17
ATOM,NASDAQ,Stock,USD,2016-08-05,2026-06-17
ATOS,NASDAQ,Stock,USD,2012-11-08,2026-06-17
ATPC,NASDAQ,Stock,USD,2018-10-05,2026-06-17
ATR,NYSE,Stock,USD,1993-04-23,2026-06-17
ATRA,NASDAQ,Stock,USD,2014-10-16,2026-06-17
ATRC,NASDAQ,Stock,USD,2005-08-05,2026-06-17
ATRI,NASDAQ,Stock,USD,1984-09-07,2024-08-21
ATRO,NASDAQ,Stock,USD,1984-09-07,2026-06-17
ATRS,NASDAQ,Stock,USD,1996-10-03,2022-05-24
ATRS,NASDAQ,Stock,USD,2022-06-06,2022-09-07
ATS,NYSE,Stock,USD,2016-01-04,2026-06-17
ATSG,NASDAQ,Stock,USD,2003-07-23,2025-04-11
ATSPT,NASDAQ,Stock,USD,2021-04-23,2022-04-27
ATSPU,NASDAQ,Stock,USD,2021-03-11,2022-04-27
ATTU,NASDAQ,Stock,USD,1993-01-26,2019-05-06
ATTY,NASDAQ,Stock,USD,2016-06-22,2017-07-03
ATV,NYSE,Stock,USD,2007-05-03,2021-01-29
ATVI,NASDAQ,Stock,USD,1993-10-25,2023-10-13
ATW,NYSE,Stock,USD,1984-09-07,2017-10-19
ATX,NASDAQ,Stock,USD,2006-12-28,2014-01-31
ATXG,NASDAQ,Stock,USD,2016-12-12,2026-06-17
ATXS,NASDAQ,Stock,USD,2015-06-25,2026-01-23
ATYR,NASDAQ,Stock,USD,2015-05-07,2026-06-17
AU,NYSE,Stock,USD,1998-08-05,2026-06-17
AUB,NYSE,Stock,USD,1995-08-18,2026-06-17
AUB-P-A,NYSE,Stock,USD,2020-06-03,2026-06-17
AUBN,NASDAQ,Stock,USD,1995-09-11,2026-06-17
AUC,NASDAQ,Stock,USD,2019-05-03,2026-06-17
AUDC,NASDAQ,Stock,USD,1999-05-28,2026-06-17
AUGO,NASDAQ,Stock,USD,2025-07-16,2026-06-17
AUGX,NASDAQ,Stock,USD,2021-03-31,2024-10-02
AUID,NASDAQ,Stock,USD,2017-11-17,2026-06-17
AUNA,NYSE,Stock,USD,2024-03-22,2026-06-17
AUPH,NASDAQ,Stock,USD,2014-09-03,2026-06-17
AUQ,NYSE,Stock,USD,2003-09-04,2015-07-02
AUR,NASDAQ,Stock,USD,2021-05-10,2026-06-17
AURA,NASDAQ,Stock,USD,2021-10-29,2026-06-17
AURC,NASDAQ,Stock,USD,2021-04-30,2023-08-23
AURCU,NASDAQ,Stock,USD,2021-03-04,2023-08-24
AURE,NASDAQ,Stock,USD,2024-02-01,2026-06-17
AUROW,NASDAQ,Stock,USD,2021-05-10,2026-06-17
AUS,NYSE,Stock,USD,2021-04-19,2022-11-22
AUS-U,NYSE,Stock,USD,2021-02-26,2022-11-22
AUST,AMEX,Stock,USD,2022-05-04,2026-06-17
AUTL,NASDAQ,Stock,USD,2018-06-22,2026-06-17
AUTO,NASDAQ,Stock,USD,2001-01-02,2022-08-31
AUUD,NASDAQ,Stock,USD,2021-02-17,2026-06-17
AUUDW,NASDAQ,Stock,USD,2021-02-17,2026-02-18
AUXL,NASDAQ,Stock,USD,2004-07-26,2015-01-29
AUXO,NYSE,Stock,USD,2012-07-24,2017-09-07
AUY,NYSE,Stock,USD,2004-01-12,2023-03-31
AVA,NYSE,Stock,USD,1987-11-16,2026-06-17
AVAC,NASDAQ,Stock,USD,2021-12-03,2023-06-07
AVACU,NASDAQ,Stock,USD,2021-10-06,2023-06-07
AVACW,NASDAQ,Stock,USD,2021-12-03,2023-06-07
AVAH,NASDAQ,Stock,USD,2021-04-28,2026-06-17
AVAL,NYSE,Stock,USD,2014-09-23,2026-06-17
AVAN,NYSE,Stock,USD,2020-11-23,2022-10-19
AVAN-U,NYSE,Stock,USD,2020-10-02,2026-06-17
AVAN-WS,NYSE,Stock,USD,2020-11-23,2022-10-06
AVAT,NASDAQ,Stock,USD,2026-06-10,2026-06-17
AVAV,NASDAQ,Stock,USD,2007-01-23,2026-06-17
AVB,NYSE,Stock,USD,1994-03-11,2026-06-17
AVBC,NYSE,Stock,USD,2025-08-01,2026-06-17
AVBH,NASDAQ,Stock,USD,2012-07-23,2026-06-17
AVBP,NASDAQ,Stock,USD,2024-01-26,2026-06-17
AVCT,NASDAQ,Stock,USD,2017-08-08,2023-05-31
AVCTW,NASDAQ,Stock,USD,2017-08-08,2023-05-30
AVD,NYSE,Stock,USD,1988-06-22,2026-06-17
AVDL,NASDAQ,Stock,USD,1996-06-07,2026-02-12
AVDR,NASDAQ,Stock,USD,2019-02-14,2019-11-21
AVDX,NASDAQ,Stock,USD,2021-10-13,2025-10-15
AVEO,NASDAQ,Stock,USD,2010-03-12,2023-01-19
AVEX,NYSE,Stock,USD,2026-04-17,2026-06-17
AVGO,NASDAQ,Stock,USD,2026-06-17,2026-06-17
AVGR,NASDAQ,Stock,USD,2015-01-30,2026-06-17
AVH,NYSE,Stock,USD,2013-11-06,2020-06-10
AVHI,NASDAQ,Stock,USD,2003-05-23,2026-05-28
AVID,NASDAQ,Stock,USD,1993-03-12,2023-11-07
AVIR,NASDAQ,Stock,USD,2016-01-04,2018-02-13
AVIR,NASDAQ,Stock,USD,2020-10-30,2026-06-17
AVIV,NYSE,Stock,USD,2013-03-21,2015-04-01
AVK-R,NYSE,Stock,USD,2024-09-23,2024-10-16
AVK-R-W,NYSE,Stock,USD,2024-09-19,2024-09-20
AVL,NASDAQ,Stock,USD,2009-01-08,2015-12-17
AVLN,NASDAQ,Stock,USD,2026-04-30,2026-06-17
AVLR,NYSE,Stock,USD,2018-06-15,2022-10-28
AVNR,NASDAQ,Stock,USD,1990-05-08,2015-01-12
AVNS,NYSE,Stock,USD,2014-10-21,2026-06-17
AVNT,NYSE,Stock,USD,1999-09-13,2026-06-17
AVNU,NASDAQ,Stock,USD,2016-01-04,2016-07-08
AVNW,NASDAQ,Stock,USD,1991-02-07,2026-06-17
AVO,NASDAQ,Stock,USD,2020-10-01,2026-06-17
AVOL,NYSE,Stock,USD,2014-12-12,2016-01-19
AVP,NYSE,Stock,USD,1972-06-01,2020-01-03
AVPT,NASDAQ,Stock,USD,2019-11-05,2026-06-17
AVPTW,NASDAQ,Stock,USD,2019-11-05,2026-06-17
AVR,NASDAQ,Stock,USD,2024-12-13,2026-06-17
AVRO,NASDAQ,Stock,USD,2024-06-21,2024-06-21
AVT,NASDAQ,Stock,USD,1973-05-03,2026-06-17
AVTA,NASDAQ,Stock,USD,1998-12-15,2023-11-27
AVTR,NYSE,Stock,USD,2019-05-17,2026-06-17
AVTX,NASDAQ,Stock,USD,2015-11-13,2026-06-17
AVV,NYSE,Stock,USD,2011-11-25,2016-11-08
AVV-CL,NYSE,Stock,USD,2016-11-01,2016-12-07
AVX,NYSE,Stock,USD,1995-08-15,2020-03-27
AVX,NASDAQ,Stock,USD,2021-07-08,2026-06-17
AVXL,NASDAQ,Stock,USD,2006-08-02,2026-06-17
AVXS,NASDAQ,Stock,USD,2016-02-11,2018-05-15
AVY,NYSE,Stock,USD,1983-12-29,2026-06-17
AVYA,NYSE,Stock,USD,2017-12-19,2023-05-01
AVZAQ,NASDAQ,Stock,USD,2005-12-02,2013-10-17
AWBCQ,NASDAQ,Stock,USD,2010-03-15,2013-10-08
AWH,NYSE,Stock,USD,2006-07-12,2017-08-28
AWI,NYSE,Stock,USD,2006-10-18,2026-06-17
AWI-W,NYSE,Stock,USD,2016-03-17,2016-04-01
AWK,NYSE,Stock,USD,2008-04-23,2026-06-17
AWR,NYSE,Stock,USD,1990-03-26,2026-06-17
AWRE,NASDAQ,Stock,USD,1996-11-19,2026-06-17
AWX,AMEX,Stock,USD,1998-06-23,2026-06-17
AX,NYSE,Stock,USD,2018-10-01,2026-06-17
AXAC-R,NYSE,Stock,USD,2022-03-25,2023-05-19
AXAC-U,NYSE,Stock,USD,2022-02-16,2022-03-24
AXAC-WS,NYSE,Stock,USD,2022-03-25,2023-05-19
AXAR,NASDAQ,Stock,USD,2014-10-31,2017-10-06
AXARU,NASDAQ,Stock,USD,2014-10-02,2017-09-27
AXARW,NASDAQ,Stock,USD,2014-10-29,2017-09-27
AXE,NYSE,Stock,USD,1984-07-19,2020-06-19
AXG,NASDAQ,Stock,USD,2025-10-09,2026-06-17
AXGN,NASDAQ,Stock,USD,1990-03-27,2026-06-17
AXIA,NYSE,Stock,USD,2008-11-19,2026-06-17
AXIA-P,NYSE,Stock,USD,2025-11-10,2026-06-17
AXIA-P-C,NYSE,Stock,USD,2025-12-30,2026-06-17
AXIL,AMEX,Stock,USD,2018-12-03,2026-06-17
AXIN,NASDAQ,Stock,USD,2025-08-05,2026-06-17
AXIN,NASDAQ,Stock,USD,2025-08-01,2025-08-05
AXINR,NASDAQ,Stock,USD,2025-08-05,2026-06-17
AXINR,NASDAQ,Stock,USD,2025-08-01,2025-08-05
AXINU,NASDAQ,Stock,USD,2025-06-18,2026-06-17
AXLA,NASDAQ,Stock,USD,2019-05-09,2026-06-17
AXLL,NYSE,Stock,USD,2013-01-25,2016-09-08
AXN,NYSE,Stock,USD,2006-08-23,2017-10-16
AXNX,NASDAQ,Stock,USD,2018-10-31,2024-11-15
AXO,NYSE,Stock,USD,2018-10-01,2021-03-30
AXON,NASDAQ,Stock,USD,2001-06-07,2026-06-17
AXP,NYSE,Stock,USD,2026-06-17,2026-06-17
AXR,NYSE,Stock,USD,1973-05-03,2026-06-17
AXS,NYSE,Stock,USD,2003-07-01,2026-06-17
AXS-P-C-CL,NYSE,Stock,USD,2017-03-03,2017-04-13
AXS-P-D,NYSE,Stock,USD,2013-05-15,2020-01-16
AXS-P-D-CL,NYSE,Stock,USD,2019-12-18,2020-01-16
AXS-P-E,NYSE,Stock,USD,2016-11-22,2026-06-17
AXSM,NASDAQ,Stock,USD,2015-11-19,2026-06-17
AXTA,NYSE,Stock,USD,2014-11-12,2026-06-17
AXTI,NASDAQ,Stock,USD,1998-05-21,2026-06-17
AY,NASDAQ,Stock,USD,2014-06-13,2024-12-12
AYA,NASDAQ,Stock,USD,2010-10-15,2017-09-18
AYA,NASDAQ,Stock,AUD,2026-05-04,2026-06-17
AYE,NYSE,Stock,USD,2006-12-28,2011-11-30
AYI,NYSE,Stock,USD,2001-12-03,2026-06-17
AYLA,NASDAQ,Stock,USD,2020-05-08,2023-01-19
AYN,NYSE,Stock,USD,2002-01-29,2015-08-05
AYR,NYSE,Stock,USD,2006-08-08,2020-03-27
AYTU,NASDAQ,Stock,USD,2017-02-01,2026-06-17
AYX,NYSE,Stock,USD,2017-03-24,2024-03-18
AZ,NASDAQ,Stock,USD,2020-05-12,2026-06-17
AZ,NYSE,Stock,USD,2022-01-05,2022-01-05
AZEK,NYSE,Stock,USD,2020-06-12,2025-07-01
AZI,NASDAQ,Stock,USD,2024-08-28,2026-06-17
AZN,NYSE,Stock,USD,1993-05-17,2026-06-17
AZO,NYSE,Stock,USD,2026-06-17,2026-06-17
AZPN,NASDAQ,Stock,USD,1994-10-26,2025-03-12
AZTA,NASDAQ,Stock,USD,1995-02-02,2026-06-17
AZTR,AMEX,Stock,USD,2023-06-16,2026-06-17
AZUL,AMEX,Stock,USD,2026-05-12,2026-06-17
AZZ,NYSE,Stock,USD,1984-09-07,2026-06-17
B,NYSE,Stock,USD,1984-09-07,2025-01-27
B,NYSE,Stock,USD,2026-06-17,2026-06-17
BA,NYSE,Stock,USD,2026-06-17,2026-06-17
BA-P-A,NYSE,Stock,USD,2024-11-06,2026-06-17
BAA,NYSE,Stock,USD,2005-03-28,2018-02-02
BABA,NYSE,Stock,USD,2014-09-19,2026-06-17
BAC,NYSE,Stock,USD,2026-06-17,2026-06-17
BAC-P-A,NYSE,Stock,USD,2016-04-27,2021-04-23
BAC-P-B,NYSE,Stock,USD,2018-05-17,2026-06-17
BAC-P-C,NYSE,Stock,USD,2016-02-01,2021-01-28
BAC-P-D,NYSE,Stock,USD,2014-09-22,2018-09-13
BAC-P-E,NYSE,Stock,USD,2006-12-28,2026-06-17
BAC-P-I,NYSE,Stock,USD,2014-09-22,2018-06-29
BAC-P-K,NYSE,Stock,USD,2018-07-18,2026-06-17
BAC-P-L,NYSE,Stock,USD,2014-09-22,2026-06-17
BAC-P-M,NYSE,Stock,USD,2019-06-18,2026-06-17
BAC-P-N,NYSE,Stock,USD,2019-09-11,2026-06-17
BAC-P-O,NYSE,Stock,USD,2020-10-28,2026-06-17
BAC-P-P,NYSE,Stock,USD,2021-01-22,2026-06-17
BAC-P-Q,NYSE,Stock,USD,2021-10-20,2026-06-17
BAC-P-S,NYSE,Stock,USD,2022-01-28,2026-06-17
BAC-P-W,NYSE,Stock,USD,2014-09-04,2019-09-06
BAC-P-W-CL,NYSE,Stock,USD,2014-09-04,2019-09-06
BAC-P-W-CL,NYSE,Stock,USD,2014-09-04,2019-07-11
BAC-P-Y,NYSE,Stock,USD,2015-01-28,2020-02-03
BAC-P-Y-CL,NYSE,Stock,USD,2012-10-05,2020-01-24
BAC-WS-A,NYSE,Stock,USD,1998-01-02,2019-01-11
BAC-WS-B,NYSE,Stock,USD,1998-01-02,2018-10-24
BACA,AMEX,Stock,USD,2021-11-18,2026-06-17
BACA-U,NYSE,Stock,USD,2021-09-28,2023-03-10
BACC,NASDAQ,Stock,USD,2025-08-05,2026-06-17
BACC,NASDAQ,Stock,USD,2025-08-04,2025-08-05
BACCR,NASDAQ,Stock,USD,2025-08-05,2026-06-17
BACCR,NASDAQ,Stock,USD,2025-08-04,2025-08-05
BACCU,NASDAQ,Stock,USD,2025-06-13,2026-06-17
BACQ,NASDAQ,Stock,USD,2024-12-02,2026-03-16
BACQR,NASDAQ,Stock,USD,2024-12-02,2026-03-17
BACQU,NASDAQ,Stock,USD,2024-11-01,2026-06-17
BAER,NASDAQ,Stock,USD,2021-03-17,2026-06-17
BAERW,NASDAQ,Stock,USD,2021-03-15,2026-06-17
BAFN,NASDAQ,Stock,USD,2019-11-20,2026-06-17
BAGL,NASDAQ,Stock,USD,2007-06-08,2014-11-06
BAGR,NASDAQ,Stock,USD,2008-11-19,2015-11-06
BAH,NYSE,Stock,USD,2010-11-18,2026-06-17
BAK,NYSE,Stock,USD,1999-01-13,2026-06-17
BALL,NYSE,Stock,USD,1984-09-07,2026-06-17
BALT,NYSE,Stock,USD,2010-03-10,2015-07-17
BALY,NYSE,Stock,USD,2019-03-29,2026-06-17
BALY-T,NYSE,Stock,USD,2024-11-21,2025-02-07
BAM,NYSE,Stock,USD,2022-12-16,2022-12-16
BAM,NYSE,Stock,USD,2022-12-01,2026-06-17
BAM-W,NYSE,Stock,USD,2016-06-01,2022-12-09
BAMM,NASDAQ,Stock,USD,1992-11-04,2015-12-09
BANC,NYSE,Stock,USD,2002-10-01,2026-06-17
BANC-P-C,NYSE,Stock,USD,2014-09-22,2018-09-14
BANC-P-E,NYSE,Stock,USD,2016-02-09,2022-03-14
BANC-P-F,NYSE,Stock,USD,2023-12-01,2026-06-17
BAND,NASDAQ,Stock,USD,2017-11-10,2026-06-17
BANF,NASDAQ,Stock,USD,1990-03-26,2026-06-17
BANFP,NASDAQ,Stock,USD,2004-03-16,2026-06-17
BANL,NASDAQ,Stock,USD,2023-03-23,2026-06-17
BANR,NASDAQ,Stock,USD,1995-11-01,2026-06-17
BANX,NASDAQ,Stock,USD,2013-11-07,2026-06-17
BANXR,NASDAQ,Stock,USD,2026-01-28,2026-02-19
BAOS,NASDAQ,Stock,USD,2021-02-08,2026-06-17
BAP,NYSE,Stock,USD,1995-10-25,2026-06-17
BARK,NYSE,Stock,USD,2020-12-18,2026-06-17
BARK-WS,NYSE,Stock,USD,2021-06-02,2025-12-15
BASE,NASDAQ,Stock,USD,2021-07-22,2025-09-24
BATL,AMEX,Stock,USD,2019-12-24,2026-06-17
BATRA,NASDAQ,Stock,USD,2016-04-18,2026-06-17
BATRK,NASDAQ,Stock,USD,2016-04-18,2026-06-17
BATRR,NASDAQ,Stock,USD,2016-05-18,2016-06-17
BAX,NYSE,Stock,USD,1981-10-27,2026-06-17
BAYA,NASDAQ,Stock,USD,2023-12-29,2026-06-17
BAYAR,NASDAQ,Stock,USD,2023-12-29,2026-06-17
BAYAU,NASDAQ,Stock,USD,2023-12-15,2026-06-17
BAYN,NASDAQ,Stock,USD,2000-06-15,2021-07-21
BB,NYSE,Stock,USD,2026-06-17,2026-06-17
BBAI,NYSE,Stock,USD,2021-04-05,2021-12-16
BBAI,NYSE,Stock,USD,2021-12-17,2026-06-17
BBAI-WS,NASDAQ,Stock,USD,2021-04-01,2021-12-16
BBAI-WS,NYSE,Stock,USD,2021-12-08,2026-06-17
BBAR,NYSE,Stock,USD,1993-11-24,2026-06-17
BBBY,NYSE,Stock,USD,2002-05-30,2026-06-17
BBBY-WS,NYSE,Stock,USD,2025-10-13,2026-06-17
BBCP,NASDAQ,Stock,USD,2017-08-21,2026-06-17
BBCQ,NASDAQ,Stock,USD,2026-01-28,2026-06-17
BBCQU,NASDAQ,Stock,USD,2026-01-08,2026-06-17
BBCQW,NASDAQ,Stock,USD,2026-01-28,2026-06-17
BBD,NYSE,Stock,USD,2001-11-23,2026-06-17
BBDC,NYSE,Stock,USD,2018-08-03,2026-06-17
BBDO,NYSE,Stock,USD,2012-03-13,2026-06-17
BBEPP,NASDAQ,Stock,USD,2014-05-15,2016-06-01
BBG,NYSE,Stock,USD,2004-12-10,2018-03-19
BBGI,NASDAQ,Stock,USD,2000-02-11,2026-06-17
BBHL,NYSE,Stock,USD,2025-11-17,2026-06-17
BBHM,NYSE,Stock,USD,2025-11-17,2026-06-17
BBIGV,NASDAQ,Stock,USD,2022-05-17,2022-06-29
BBIO,NASDAQ,Stock,USD,2019-06-27,2026-06-17
BBL,NYSE,Stock,USD,2003-06-25,2022-01-28
BBLG,NASDAQ,Stock,USD,2016-03-31,2026-06-17
BBLGW,NASDAQ,Stock,USD,2021-10-13,2026-06-17
BBLN,NYSE,Stock,USD,2021-04-01,2023-06-29
BBLN-WS,NYSE,Stock,USD,2021-10-22,2022-06-21
BBLUQ,NASDAQ,Stock,USD,2016-01-04,2016-08-02
BBNK,NASDAQ,Stock,USD,2003-01-27,2015-06-30
BBNX,NASDAQ,Stock,USD,2025-01-30,2026-06-17
BBOT,NASDAQ,Stock,USD,2025-08-12,2026-06-17
BBOX,NASDAQ,Stock,USD,1992-12-17,2019-01-07
BBQ,NASDAQ,Stock,USD,1996-11-04,2022-09-27
BBRG,NASDAQ,Stock,USD,2010-10-21,2018-05-25
BBSI,NASDAQ,Stock,USD,1993-06-14,2026-06-17
BBT,NYSE,Stock,USD,2000-06-28,2026-06-17
BBT-P-D,NYSE,Stock,USD,2012-04-27,2019-08-30
BBT-P-D-CL,NYSE,Stock,USD,2019-08-02,2019-08-30
BBT-P-E,NYSE,Stock,USD,2012-07-26,2019-08-30
BBT-P-E-CL,NYSE,Stock,USD,2019-08-02,2019-08-30
BBU,NYSE,Stock,USD,2016-06-17,2026-03-31
BBU-W,NYSE,Stock,USD,2022-03-04,2022-03-07
BBUC,NYSE,Stock,USD,2022-03-07,2026-06-17
BBUC-W,NYSE,Stock,USD,2022-03-04,2022-03-09
BBVA,NYSE,Stock,USD,1988-12-15,2026-06-17
BBW,NYSE,Stock,USD,2004-10-28,2026-06-17
BBWI,NYSE,Stock,USD,1985-07-01,2026-06-17
BBWI-W,NYSE,Stock,USD,2021-07-21,2021-08-02
BBY,NYSE,Stock,USD,1985-04-19,2026-06-17
BC,NYSE,Stock,USD,1981-12-31,2026-06-17
BC-P-A,NYSE,Stock,USD,2026-02-06,2026-06-17
BC-P-B,NYSE,Stock,USD,2026-05-28,2026-06-17
BC-P-C,NYSE,Stock,USD,2026-05-28,2026-06-17
BC/PA,NYSE,Stock,USD,2018-10-08,2025-11-28
BC/PB,NYSE,Stock,USD,2018-12-06,2026-05-28
BC/PC,NYSE,Stock,USD,2019-03-08,2026-05-28
BCAB,NASDAQ,Stock,USD,2020-12-16,2026-06-17
BCACR,NASDAQ,Stock,USD,2017-07-18,2019-05-14
BCACU,NASDAQ,Stock,USD,2021-01-29,2022-07-29
BCACU,NASDAQ,Stock,USD,2017-06-20,2019-05-14
BCAL,NASDAQ,Stock,USD,2015-12-22,2026-06-17
BCAR,NASDAQ,Stock,USD,2012-03-07,2026-06-17
BCARU,NASDAQ,Stock,USD,2025-07-31,2026-06-17
BCARW,NASDAQ,Stock,USD,2025-08-20,2026-06-17
BCAT,NYSE,Stock,USD,2020-09-25,2026-06-17
BCAX,NASDAQ,Stock,USD,2024-09-13,2026-06-17
BCBP,NASDAQ,Stock,USD,2003-10-15,2026-06-17
BCC,NYSE,Stock,USD,2013-02-06,2026-06-17
BCDA,NASDAQ,Stock,USD,2008-03-14,2026-06-17
BCDAW,NASDAQ,Stock,USD,2019-08-02,2024-08-02
BCE,NYSE,Stock,USD,2026-06-17,2026-06-17
BCEM,NYSE,Stock,USD,2026-04-09,2026-06-17
BCF,NYSE,Stock,USD,2006-09-27,2014-12-10
BCG,NASDAQ,Stock,USD,2024-03-27,2026-06-17
BCGD,NYSE,Stock,USD,2025-12-15,2026-06-17
BCGWW,NASDAQ,Stock,USD,2024-03-28,2026-06-17
BCH,NYSE,Stock,USD,2002-01-08,2026-06-17
BCHT,AMEX,Stock,USD,2026-06-17,2026-06-17
BCIC,NASDAQ,Stock,USD,2006-12-12,2026-06-17
BCML,NASDAQ,Stock,USD,2004-08-09,2026-06-17
BCO,NYSE,Stock,USD,1996-01-03,2026-06-17
BCONQ,NASDAQ,Stock,USD,2011-11-10,2016-07-19
BCOR,NYSE,Stock,USD,2025-04-30,2026-06-17
BCOV,NASDAQ,Stock,USD,2012-02-17,2025-02-04
BCPC,NASDAQ,Stock,USD,1986-06-03,2026-06-17
BCPL,NYSE,Stock,USD,2026-01-12,2026-06-17
BCR,NYSE,Stock,USD,1983-04-06,2017-12-29
BCRH,NYSE,Stock,USD,2013-11-06,2020-03-30
BCRX,NASDAQ,Stock,USD,1994-03-04,2026-06-17
BCS,NYSE,Stock,USD,1986-09-10,2026-06-17
BCS-P-D,NYSE,Stock,USD,2014-09-22,2018-12-14
BCS-P-D-CL,NYSE,Stock,USD,2018-10-24,2018-12-14
BCSA,NASDAQ,Stock,USD,2021-12-31,2026-06-17
BCSAU,NASDAQ,Stock,USD,2021-11-10,2026-06-17
BCSAW,NASDAQ,Stock,USD,2021-12-31,2024-11-12
BCSB,NASDAQ,Stock,USD,2008-05-14,2014-02-11
BCSF,NYSE,Stock,USD,2018-11-15,2026-06-17
BCSF-R,NYSE,Stock,USD,2020-05-11,2020-06-04
BCSM,NYSE,Stock,USD,2025-12-15,2026-06-17
BCSS,NYSE,Stock,USD,2025-11-20,2026-06-17
BCSS-U,NYSE,Stock,USD,2025-09-30,2026-06-17
BCSS-WS,NYSE,Stock,USD,2025-11-21,2026-06-17
BCTX,NASDAQ,Stock,USD,2010-10-28,2026-06-17
BCTX,NASDAQ,Stock,USD,2021-02-24,2021-02-24
BCTXL,NASDAQ,Stock,USD,2026-01-14,2026-06-17
BCTXW,NASDAQ,Stock,USD,2021-02-24,2026-02-27
BCTXZ,NASDAQ,Stock,USD,2025-04-25,2026-06-17
BCV-P-A,AMEX,Stock,USD,2016-08-05,2026-06-17
BCYC,NASDAQ,Stock,USD,2019-05-23,2026-06-17
BCYPU,NASDAQ,Stock,USD,2021-01-12,2021-10-22
BDBD,NASDAQ,Stock,USD,2007-05-01,2016-01-19
BDC,NYSE,Stock,USD,1993-11-24,2026-06-17
BDC-P-B,NYSE,Stock,USD,2016-07-21,2019-07-12
BDCI,NASDAQ,Stock,USD,2025-10-16,2026-06-17
BDCIU,NASDAQ,Stock,USD,2025-09-30,2026-06-17
BDCIW,NASDAQ,Stock,USD,2025-10-16,2026-06-17
BDCX,NYSE,Stock,USD,2020-06-03,2026-06-17
BDE,NASDAQ,Stock,USD,1998-05-27,2017-08-11
BDL,AMEX,Stock,USD,1984-09-07,2026-06-17
BDMD,NASDAQ,Stock,USD,2024-10-01,2026-06-17
BDMDW,NASDAQ,Stock,USD,2024-10-02,2026-06-17
BDN,NYSE,Stock,USD,1986-07-24,2026-06-17
BDN-P-E-CL,NYSE,Stock,USD,2017-03-13,2017-04-10
BDRX,NASDAQ,Stock,USD,2015-12-07,2026-06-17
BDSI,NASDAQ,Stock,USD,2002-07-25,2022-03-22
BDSX,NASDAQ,Stock,USD,2020-10-28,2026-06-17
BDTX,NASDAQ,Stock,USD,2020-01-30,2026-06-17
BDX,NYSE,Stock,USD,1983-04-06,2026-06-17
BDXA,NYSE,Stock,USD,2017-05-11,2020-04-30
BDXB,NYSE,Stock,USD,2020-05-21,2023-05-31
BE,NYSE,Stock,USD,2018-07-25,2026-06-17
BEAG,NASDAQ,Stock,USD,2024-12-16,2026-06-17
BEAGR,NASDAQ,Stock,USD,2024-12-16,2026-06-17
BEAGU,NASDAQ,Stock,USD,2024-10-24,2026-06-17
BEAM,NASDAQ,Stock,USD,1977-01-03,2014-04-30
BEAM,NASDAQ,Stock,USD,2020-02-06,2026-06-17
BEAT,NASDAQ,Stock,USD,2021-11-11,2026-06-17
BEAT,NASDAQ,Stock,USD,2008-03-19,2021-02-09
BEATW,NASDAQ,Stock,USD,2021-11-11,2026-06-17
BEAV,NASDAQ,Stock,USD,1990-04-25,2017-04-21
BEBE,NYSE,Stock,USD,2026-02-06,2026-06-17
BEBE-U,NYSE,Stock,USD,2025-12-19,2026-06-17
BEBE-WS,NYSE,Stock,USD,2026-02-06,2026-06-17
BECN,NASDAQ,Stock,USD,2004-09-23,2025-04-29
BEDU,NYSE,Stock,USD,2017-05-18,2025-12-15
BEE,NYSE,Stock,USD,2015-12-11,2015-12-11
BEEM,NASDAQ,Stock,USD,2010-04-30,2026-06-17
BEEMW,NASDAQ,Stock,USD,2019-04-16,2024-04-17
BEEP,NASDAQ,Stock,USD,2021-05-24,2026-06-17
BEKE,NYSE,Stock,USD,2020-08-13,2026-06-17
BEL,NYSE,Stock,USD,2000-08-03,2019-04-17
BELFA,NASDAQ,Stock,USD,1984-09-07,2026-06-17
BELFB,NASDAQ,Stock,USD,1998-07-10,2026-06-17
BEN,NYSE,Stock,USD,1984-09-07,2026-06-17
BENE,NASDAQ,Stock,USD,2021-01-28,2022-10-31
BENER,NASDAQ,Stock,USD,2021-01-28,2022-10-31
BENEU,NASDAQ,Stock,USD,2021-01-05,2022-10-31
BENEW,NASDAQ,Stock,USD,2021-01-28,2022-10-31
BENF,NASDAQ,Stock,USD,2023-06-07,2026-06-17
BENFW,NASDAQ,Stock,USD,2023-06-08,2026-06-17
BEP,NYSE,Stock,USD,2005-11-15,2026-06-17
BEP-P-A,NYSE,Stock,USD,2020-02-20,2026-06-17
BEP-W,NYSE,Stock,USD,2020-07-24,2020-07-29
BEPC,NYSE,Stock,USD,2020-07-24,2024-12-23
BEPC,NYSE,Stock,USD,2026-06-17,2026-06-17
BEPCW,NYSE,Stock,USD,2020-07-24,2020-07-29
BEPH,NYSE,Stock,USD,2021-04-16,2026-06-17
BEPI,NYSE,Stock,USD,2021-12-14,2026-06-17
BEPJ,NYSE,Stock,USD,2024-03-27,2026-06-17
BEPW,NYSE,Stock,USD,2020-07-24,2020-07-29
BERY,NYSE,Stock,USD,2012-10-04,2025-04-29
BERZ,NYSE,Stock,USD,2021-08-18,2026-06-17
BESS,AMEX,Stock,USD,2011-02-22,2026-06-17
BESS-WS,AMEX,Stock,USD,2026-02-20,2026-06-17
BEST,NYSE,Stock,USD,2008-10-22,2026-06-17
BEST,NYSE,Stock,USD,2017-09-20,2025-03-07
BETA,NYSE,Stock,USD,2025-11-04,2026-06-17
BETR,NASDAQ,Stock,USD,2023-08-24,2026-06-17
BETR,NYSE,Stock,USD,2015-08-05,2023-08-29
BETRW,NASDAQ,Stock,USD,2021-05-11,2026-06-17
BF-A,NYSE,Stock,USD,1973-05-03,2026-06-17
BF-B,NYSE,Stock,USD,1984-09-07,2026-06-17
BFA,NYSE,Stock,USD,2017-09-08,2018-10-29
BFAC,NYSE,Stock,USD,2022-02-04,2024-12-16
BFAC-U,NYSE,Stock,USD,2021-12-15,2024-12-16
BFAC-WS,NYSE,Stock,USD,2022-02-04,2024-12-16
BFAM,NYSE,Stock,USD,2013-01-25,2026-06-17
BFC,NASDAQ,Stock,USD,2002-01-29,2026-06-17
BFH,NYSE,Stock,USD,2001-06-15,2026-06-17
BFH-P-A,NYSE,Stock,USD,2025-12-01,2026-06-17
BFH-P-B,NYSE,Stock,USD,2026-05-15,2026-06-17
BFIIW,NASDAQ,Stock,USD,2026-02-06,2026-06-17
BFIN,NASDAQ,Stock,USD,2005-06-28,2026-01-02
BFLX,NASDAQ,Stock,USD,2026-05-20,2026-06-17
BFLY,NYSE,Stock,USD,2020-07-13,2026-06-17
BFLY-WS,NYSE,Stock,USD,2021-02-16,2026-01-13
BFRA,NASDAQ,Stock,USD,2018-02-14,2022-03-15
BFRG,NASDAQ,Stock,USD,2023-02-13,2026-06-17
BFRGW,NASDAQ,Stock,USD,2023-02-14,2026-06-17
BFRI,NASDAQ,Stock,USD,2021-10-29,2026-06-17
BFRIW,NASDAQ,Stock,USD,2021-10-29,2026-06-17
BFS,NYSE,Stock,USD,1993-08-19,2026-06-17
BFS-P-C,NYSE,Stock,USD,2014-09-22,2019-10-16
BFS-P-C-CL,NYSE,Stock,USD,2019-09-18,2019-10-16
BFS-P-D,NYSE,Stock,USD,2018-01-18,2026-06-17
BFS-P-E,NYSE,Stock,USD,2019-09-11,2026-06-17
BFST,NASDAQ,Stock,USD,2018-04-11,2026-06-17
BFT-U,NYSE,Stock,USD,2020-08-19,2020-10-08
BFT-U,NYSE,Stock,USD,2020-10-09,2021-03-30
BFT-WS,NYSE,Stock,USD,2020-10-09,2021-03-30
BFX,NYSE,Stock,USD,2023-11-01,2024-03-05
BFYT,NASDAQ,Stock,USD,2013-02-08,2020-08-21
BG,NYSE,Stock,USD,2001-08-02,2026-06-17
BGC,NYSE,Stock,USD,1997-05-16,2018-06-06
BGC,NASDAQ,Stock,USD,1999-12-10,2026-06-17
BGCA,NYSE,Stock,USD,2012-07-03,2018-09-04
BGCP,NASDAQ,Stock,USD,1999-12-10,2023-06-30
BGCPV,NASDAQ,Stock,USD,2018-11-20,2018-11-30
BGDE,NASDAQ,Stock,USD,2017-11-20,2026-06-17
BGE-P-B,NYSE,Stock,USD,2014-09-22,2017-08-25
BGFV,NASDAQ,Stock,USD,2002-09-17,2026-06-17
BGG,NYSE,Stock,USD,1984-09-07,2020-07-20
BGI,AMEX,Stock,USD,2005-11-15,2026-06-17
BGIN,NASDAQ,Stock,USD,2025-10-21,2026-06-17
BGL,NASDAQ,Stock,USD,2026-05-26,2026-06-17
BGLC,NASDAQ,Stock,USD,2020-09-16,2026-06-17
BGLWW,NASDAQ,Stock,USD,2025-06-26,2026-06-17
BGM,NASDAQ,Stock,USD,2024-08-12,2026-06-17
BGMS,NASDAQ,Stock,USD,2004-05-05,2026-06-17
BGRY,NASDAQ,Stock,USD,2021-02-11,2023-08-14
BGRYW,NASDAQ,Stock,USD,2021-02-12,2023-07-20
BGS,NYSE,Stock,USD,2007-05-23,2026-06-17
BGSF,NYSE,Stock,USD,2014-04-29,2026-06-17
BGSI,NYSE,Stock,USD,2025-10-31,2026-06-17
BGSX,NYSE,Stock,USD,2021-05-07,2023-03-16
BGSX-U,NYSE,Stock,USD,2021-03-17,2023-03-16
BH,NYSE,Stock,USD,1992-02-25,2026-06-17
BH-A,NYSE,Stock,USD,2018-05-01,2026-06-17
BHAC,NASDAQ,Stock,USD,2015-03-17,2026-05-28
BHACR,NASDAQ,Stock,USD,2015-03-06,2018-10-31
BHAV,NASDAQ,Stock,USD,2026-04-16,2026-06-17
BHAVR,NASDAQ,Stock,USD,2026-04-16,2026-06-17
BHAVU,NASDAQ,Stock,USD,2026-03-19,2026-06-17
BHB,AMEX,Stock,USD,1997-09-23,2026-06-17
BHBK,NASDAQ,Stock,USD,2014-07-22,2019-03-29
BHC,NYSE,Stock,USD,2001-01-02,2026-06-17
BHE,NYSE,Stock,USD,1990-06-28,2026-06-17
BHF,NASDAQ,Stock,USD,2017-07-17,2026-06-17
BHF1,NASDAQ,Stock,USD,2007-09-11,2015-12-29
BHFAL,NASDAQ,Stock,USD,2018-09-14,2026-06-17
BHFAM,NASDAQ,Stock,USD,2021-11-11,2026-06-17
BHFAN,NASDAQ,Stock,USD,2020-11-11,2026-06-17
BHFAO,NASDAQ,Stock,USD,2020-05-18,2026-06-17
BHFAP,NASDAQ,Stock,USD,2019-03-18,2026-06-17
BHI,NYSE,Stock,USD,1987-04-06,2017-07-05
BHIL-WS,NYSE,Stock,USD,2021-09-30,2023-12-19
BHK-R,NYSE,Stock,USD,2025-05-30,2025-06-17
BHK-R-W,NYSE,Stock,USD,2025-05-23,2025-05-29
BHM,AMEX,Stock,USD,2022-09-28,2026-06-17
BHM-W,AMEX,Stock,USD,2022-09-28,2022-10-05
BHP,NYSE,Stock,USD,1987-05-29,2026-06-17
BHR,NYSE,Stock,USD,2013-11-06,2026-06-17
BHR-P-B,NYSE,Stock,USD,2016-05-02,2026-06-17
BHR-P-D,NYSE,Stock,USD,2018-11-14,2026-06-17
BHRB,NASDAQ,Stock,USD,2001-03-15,2026-06-17
BHS,NYSE,Stock,USD,2003-01-07,2011-11-30
BHSE,NASDAQ,Stock,USD,2022-10-28,2022-10-28
BHSEU,NASDAQ,Stock,USD,2020-10-30,2022-10-28
BHST,NASDAQ,Stock,USD,2019-03-08,2026-06-17
BHVN,NYSE,Stock,USD,2022-09-23,2026-06-17
BHVN,NYSE,Stock,USD,2017-05-04,2022-10-03
BHVN-W,NYSE,Stock,USD,2022-09-23,2022-10-03
BIAF,NASDAQ,Stock,USD,2022-09-01,2026-06-17
BIAFW,NASDAQ,Stock,USD,2022-09-01,2026-06-17
BID,NYSE,Stock,USD,1988-05-13,2019-10-14
BIDU,NASDAQ,Stock,USD,2005-08-05,2026-06-17
BIDWU,NASDAQ,Stock,USD,2026-05-29,2026-06-17
BIDZ,NASDAQ,Stock,USD,2012-11-13,2012-11-26
BIIB,NASDAQ,Stock,USD,1991-09-17,2026-06-17
BIIBV,NASDAQ,Stock,USD,2017-01-23,2017-02-09
BIII,NYSE,Stock,USD,2026-01-29,2026-06-17
BIII-U,NYSE,Stock,USD,2026-01-06,2026-06-17
BIII-WS,NYSE,Stock,USD,2026-01-29,2026-06-17
BILI,NASDAQ,Stock,USD,2018-03-28,2026-06-17
BILL,NYSE,Stock,USD,2019-12-12,2026-06-17
BINDQ,NASDAQ,Stock,USD,2016-01-04,2016-10-11
BIO,NYSE,Stock,USD,1980-02-27,2026-06-17
BIO-B,NYSE,Stock,USD,1999-09-21,2026-06-17
BIOA,NYSE,Stock,USD,2013-05-10,2018-05-07
BIOA,NASDAQ,Stock,USD,2024-09-26,2026-06-17
BIOA-WS,NYSE,Stock,USD,2013-05-10,2017-05-12
BIOP,NASDAQ,Stock,USD,2003-01-24,2017-10-18
BIOR,NASDAQ,Stock,USD,2026-02-06,2026-06-17
BIOS,NASDAQ,Stock,USD,2022-01-28,2023-10-06
BIOSU,NASDAQ,Stock,USD,2021-12-03,2023-10-06
BIOSW,NASDAQ,Stock,USD,2022-01-25,2023-10-06
BIOT,NASDAQ,Stock,USD,2021-03-22,2023-02-02
BIOTU,NASDAQ,Stock,USD,2021-01-26,2023-02-02
BIOTW,NASDAQ,Stock,USD,2021-03-18,2023-02-02
BIOX,NASDAQ,Stock,USD,2018-03-22,2026-06-17
BIP,NYSE,Stock,USD,2008-01-10,2026-06-17
BIP-P-A,NYSE,Stock,USD,2020-09-15,2026-06-17
BIP-P-B,NYSE,Stock,USD,2021-01-14,2026-06-17
BIP-W,NYSE,Stock,USD,2020-03-30,2020-03-30
BIPC,NYSE,Stock,USD,2024-12-27,2026-06-17
BIPC,NYSE,Stock,USD,2020-03-31,2024-12-26
BIPH,NYSE,Stock,USD,2021-05-26,2026-06-17
BIPI,NYSE,Stock,USD,2022-01-26,2026-06-17
BIPJ,NYSE,Stock,USD,2024-05-30,2026-06-17
BIQI,NASDAQ,Stock,USD,2010-07-20,2019-08-08
BIRD,NASDAQ,Stock,USD,2021-11-03,2026-06-17
BIRK,NYSE,Stock,USD,2023-10-11,2026-06-17
BIRT,NASDAQ,Stock,USD,1998-07-17,2015-01-16
BIT-R,NYSE,Stock,USD,2025-08-25,2025-09-08
BIT-R-W,NYSE,Stock,USD,2025-08-19,2025-08-22
BITA,NYSE,Stock,USD,2010-11-18,2020-11-06
BITI,NASDAQ,Stock,USD,2016-01-04,2016-06-13
BITW,NYSE,Stock,USD,2020-10-15,2026-06-17
BIVI,NASDAQ,Stock,USD,2014-05-05,2026-06-17
BIVIW,NASDAQ,Stock,USD,2025-08-08,2026-06-17
BIVV,NASDAQ,Stock,USD,2017-01-12,2018-03-19
BIXI,NASDAQ,Stock,USD,2025-12-17,2026-06-17
BIXIU,NASDAQ,Stock,USD,2025-12-02,2026-06-17
BIXIW,NASDAQ,Stock,USD,2025-12-17,2026-06-17
BIYA,NASDAQ,Stock,USD,2025-03-21,2026-06-17
BJ,NYSE,Stock,USD,2018-06-28,2026-06-17
BJDX,NASDAQ,Stock,USD,2021-11-10,2026-06-17
BJRI,NASDAQ,Stock,USD,1996-10-10,2026-06-17
BJS,NYSE,Stock,USD,2006-12-28,2011-05-09
BK-P-C,NYSE,Stock,USD,2014-09-22,2020-12-18
BKCC,NASDAQ,Stock,USD,2007-06-27,2024-03-18
BKD,NYSE,Stock,USD,2005-11-22,2026-06-17
BKDT,NYSE,Stock,USD,2022-11-17,2025-03-28
BKE,NYSE,Stock,USD,1992-05-11,2026-06-17
BKEPP,NASDAQ,Stock,USD,2012-03-05,2022-09-07
BKFI,NYSE,Stock,USD,2026-01-12,2026-06-17
BKFS,NYSE,Stock,USD,2015-05-20,2017-09-29
BKH,NYSE,Stock,USD,1984-09-07,2026-06-17
BKHA,NASDAQ,Stock,USD,2024-05-13,2026-06-17
BKHAR,NASDAQ,Stock,USD,2024-05-13,2026-06-17
BKHAU,NASDAQ,Stock,USD,2024-03-21,2026-06-17
BKHU,NYSE,Stock,USD,2015-11-30,2018-10-31
BKI,NYSE,Stock,USD,2001-01-02,2013-08-23
BKI,NYSE,Stock,USD,2015-05-20,2023-09-05
BKJ,NYSE,Stock,USD,2008-06-03,2019-12-31
BKKT,NYSE,Stock,USD,2020-11-19,2026-06-17
BKKT-WS,NYSE,Stock,USD,2020-11-20,2022-12-23
BKKT-WS,NYSE,Stock,USD,2021-10-18,2026-06-17
BKMU,NASDAQ,Stock,USD,2001-01-02,2018-02-01
BKNG,NASDAQ,Stock,USD,1999-03-31,2026-06-17
BKR,NASDAQ,Stock,USD,2017-07-05,2026-06-17
BKS,NYSE,Stock,USD,2019-08-19,2019-08-19
BKSY,NYSE,Stock,USD,2019-12-20,2026-06-17
BKSY-WS,NYSE,Stock,USD,2021-09-10,2026-06-17
BKSY-WS,NYSE,Stock,USD,2019-12-20,2022-12-23
BKT-R,NYSE,Stock,USD,2025-10-01,2026-06-17
BKT-R-W,NYSE,Stock,USD,2025-09-30,2025-09-30
BKTI,AMEX,Stock,USD,1990-06-25,2026-06-17
BKU,NYSE,Stock,USD,2011-01-28,2026-06-17
BKV,NYSE,Stock,USD,2024-09-26,2026-06-17
BKW,NYSE,Stock,USD,2012-06-20,2014-12-12
BKYF,NASDAQ,Stock,USD,1999-02-25,2015-06-19
BL,NASDAQ,Stock,USD,2016-10-28,2026-06-17
BLAC,NASDAQ,Stock,USD,2026-05-28,2026-06-17
BLACR,NASDAQ,Stock,USD,2023-03-17,2026-06-17
BLACU,NASDAQ,Stock,USD,2023-02-10,2026-06-17
BLACW,NASDAQ,Stock,USD,2026-05-28,2026-06-17
BLBD,NASDAQ,Stock,USD,2014-03-20,2026-06-17
BLC,NYSE,Stock,USD,2006-12-28,2013-12-23
BLCO,NYSE,Stock,USD,2022-05-06,2026-06-17
BLCT,NASDAQ,Stock,USD,2020-07-08,2022-09-08
BLD,NYSE,Stock,USD,2015-07-01,2026-06-17
BLDE,NASDAQ,Stock,USD,2019-11-05,2025-08-28
BLDEW,NASDAQ,Stock,USD,2020-01-03,2025-08-28
BLDP,NASDAQ,Stock,USD,1995-11-08,2026-06-17
BLDR,NYSE,Stock,USD,2005-06-28,2026-06-17
BLDX,NYSE,Stock,USD,2026-02-02,2026-06-17
BLEU,NASDAQ,Stock,USD,2022-01-10,2026-06-17
BLEUR,NASDAQ,Stock,USD,2022-01-10,2026-06-17
BLEUU,NASDAQ,Stock,USD,2021-11-18,2026-06-17
BLEUW,NASDAQ,Stock,USD,2022-01-10,2026-06-17
BLFS,NASDAQ,Stock,USD,1992-05-26,2026-06-17
BLFY,NASDAQ,Stock,USD,2021-07-16,2026-06-17
BLIN,NASDAQ,Stock,USD,2007-06-29,2026-06-17
BLIV,NASDAQ,Stock,USD,2025-04-04,2026-06-17
BLK,NYSE,Stock,USD,2026-06-17,2026-06-17
BLKB,NASDAQ,Stock,USD,2004-07-26,2026-06-17
BLLN,NASDAQ,Stock,USD,2025-11-06,2026-06-17
BLMN,NASDAQ,Stock,USD,2012-08-08,2026-06-17
BLMT,NASDAQ,Stock,USD,2011-10-05,2019-03-29
BLND,NYSE,Stock,USD,2021-07-16,2026-06-17
BLNE,NASDAQ,Stock,USD,2018-01-04,2026-06-17
BLNG,NASDAQ,Stock,USD,2021-09-20,2023-07-26
BLNGU,NASDAQ,Stock,USD,2021-07-23,2023-07-26
BLNGW,NASDAQ,Stock,USD,2021-09-17,2023-07-26
BLNK,NASDAQ,Stock,USD,2018-02-13,2026-06-17
BLNKW,NASDAQ,Stock,USD,2018-02-14,2023-02-16
BLOX,NYSE,Stock,USD,2012-04-19,2016-11-07
BLRK,NASDAQ,Stock,USD,2026-02-02,2026-06-17
BLRKU,NASDAQ,Stock,USD,2025-12-11,2026-06-17
BLRKW,NASDAQ,Stock,USD,2026-02-03,2026-06-17
BLRX,NASDAQ,Stock,USD,2011-07-27,2026-06-17
BLSA,NASDAQ,Stock,USD,2020-10-22,2022-10-26
BLSH,NYSE,Stock,USD,2025-08-13,2026-06-17
BLT,NYSE,Stock,USD,1999-08-19,2016-04-20
BLTE,NASDAQ,Stock,USD,2022-04-29,2026-06-17
BLTS,NASDAQ,Stock,USD,2021-03-01,2022-12-20
BLTSU,NASDAQ,Stock,USD,2021-01-07,2022-12-12
BLTSW,NASDAQ,Stock,USD,2021-03-01,2022-12-12
BLU,NASDAQ,Stock,USD,2008-12-29,2023-06-28
BLUD,NASDAQ,Stock,USD,2001-01-02,2011-08-18
BLUE,NASDAQ,Stock,USD,2013-06-19,2025-06-02
BLUW,NASDAQ,Stock,USD,2021-02-09,2026-06-17
BLUWU,NASDAQ,Stock,USD,2025-06-10,2026-06-17
BLUWU,NASDAQ,Stock,USD,2020-12-15,2021-09-09
BLUWW,NASDAQ,Stock,USD,2026-05-28,2026-06-17
BLVD,NASDAQ,Stock,USD,2014-09-25,2017-12-21
BLVDU,NASDAQ,Stock,USD,2014-02-13,2017-12-21
BLVDW,NASDAQ,Stock,USD,2014-09-24,2017-12-21
BLX,NYSE,Stock,USD,2026-06-17,2026-06-17
BLZE,NASDAQ,Stock,USD,2021-11-11,2026-06-17
BLZR,NASDAQ,Stock,USD,2025-10-31,2026-06-17
BLZRU,NASDAQ,Stock,USD,2025-09-09,2026-06-17
BLZRW,NASDAQ,Stock,USD,2025-10-31,2026-06-17
BMA,NYSE,Stock,USD,2006-03-27,2026-06-17
BMAC,NYSE,Stock,USD,2021-11-12,2026-06-17
BMAC-U,NYSE,Stock,USD,2021-10-14,2026-06-17
BMAC-WS,NYSE,Stock,USD,2021-11-12,2026-06-17
BMAQ,NASDAQ,Stock,USD,2021-11-04,2023-04-24
BMAQR,NASDAQ,Stock,USD,2021-11-04,2023-04-24
BMAQU,NASDAQ,Stock,USD,2021-10-19,2023-04-24
BMAQW,NASDAQ,Stock,USD,2021-11-04,2023-04-24
BMBL,NASDAQ,Stock,USD,2021-02-11,2026-06-17
BMCH,NASDAQ,Stock,USD,2016-01-04,2021-01-04
BMEA,NASDAQ,Stock,USD,2021-04-16,2026-06-17
BMEZ,NYSE,Stock,USD,2020-01-29,2026-06-17
BMGL,NASDAQ,Stock,USD,2025-02-25,2026-06-17
BMHL,NASDAQ,Stock,USD,2025-07-11,2026-06-17
BMI,NYSE,Stock,USD,1984-09-07,2026-06-17
BML-P-G,NYSE,Stock,USD,2014-09-22,2026-06-17
BML-P-H,NYSE,Stock,USD,2014-09-22,2026-06-17
BML-P-I,NYSE,Stock,USD,2014-09-22,2018-08-27
BML-P-J,NYSE,Stock,USD,2014-09-22,2026-06-17
BML-P-L,NYSE,Stock,USD,2014-09-22,2026-06-17
BMLP,NASDAQ,Stock,USD,2016-12-21,2021-03-24
BMM,NASDAQ,Stock,USD,2026-01-26,2026-06-17
BMN,NYSE,Stock,USD,2022-10-27,2026-06-17
BMNR,NYSE,Stock,USD,2025-06-05,2026-06-17
BMNZ,NYSE,Stock,USD,2025-11-13,2026-06-17
BMO,NYSE,Stock,USD,2026-06-17,2026-06-17
BMR,NASDAQ,Stock,USD,2023-02-28,2026-06-17
BMR,NYSE,Stock,USD,2004-08-06,2016-02-04
BMRA,NASDAQ,Stock,USD,2005-01-03,2026-06-17
BMRC,NASDAQ,Stock,USD,1999-12-23,2026-06-17
BMRG-U,NYSE,Stock,USD,2020-05-20,2020-11-16
BMRN,NASDAQ,Stock,USD,1999-07-26,2026-06-17
BMS,NYSE,Stock,USD,1984-09-07,2019-06-28
BMTC,NASDAQ,Stock,USD,1985-08-08,2021-12-31
BMTX,AMEX,Stock,USD,2018-09-21,2026-06-17
BMTX-WS,AMEX,Stock,USD,2021-01-06,2025-01-31
BMY,NYSE,Stock,USD,1972-06-01,2026-06-17
BMYR,NYSE,Stock,USD,2019-11-21,2020-06-30
BMYRT,NYSE,Stock,USD,2019-11-21,2021-01-04
BN,NYSE,Stock,USD,1983-12-30,2026-06-17
BN-W,NYSE,Stock,USD,2022-12-01,2022-12-09
BNAI,NASDAQ,Stock,USD,2024-03-14,2026-06-17
BNAIW,NASDAQ,Stock,USD,2021-04-23,2026-06-17
BNBX,NASDAQ,Stock,USD,2003-07-15,2026-06-17
BNC,NASDAQ,Stock,USD,2013-11-08,2026-06-17
BNCL,NASDAQ,Stock,USD,2007-07-16,2019-02-28
BNCWW,NASDAQ,Stock,USD,2022-02-11,2026-06-17
BNCWZ,NASDAQ,Stock,USD,2026-04-15,2026-06-17
BNED,NYSE,Stock,USD,2015-08-03,2026-06-17
BNFT,NASDAQ,Stock,USD,2013-09-18,2023-01-24
BNGO,NASDAQ,Stock,USD,2018-09-21,2026-06-17
BNGOU,NASDAQ,Stock,USD,2018-08-21,2018-09-20
BNGOW,NASDAQ,Stock,USD,2018-09-21,2023-08-17
BNH,NYSE,Stock,USD,2020-10-21,2026-05-28
BNH,NYSE,Stock,USD,2022-12-12,2026-06-17
BNIXR,NASDAQ,Stock,USD,2021-10-28,2025-07-14
BNIXU,NASDAQ,Stock,USD,2021-09-10,2021-11-01
BNJ,NYSE,Stock,USD,2020-11-27,2026-06-17
BNK,NYSE,Stock,USD,2014-08-13,2016-07-29
BNKK,NASDAQ,Stock,USD,2020-10-30,2026-06-17
BNKKW,NASDAQ,Stock,USD,2020-10-30,2025-11-03
BNL,NYSE,Stock,USD,2021-03-22,2026-06-17
BNL,NYSE,Stock,USD,2020-09-17,2021-03-19
BNNR,NASDAQ,Stock,USD,2021-10-29,2023-05-12
BNNRU,NASDAQ,Stock,USD,2021-09-08,2023-05-12
BNNRW,NASDAQ,Stock,USD,2021-11-01,2023-05-12
BNNX,NYSE,Stock,USD,2007-11-27,2013-07-15
BNNY,NYSE,Stock,USD,2012-03-28,2014-10-20
BNOX,NASDAQ,Stock,USD,2021-12-16,2026-06-17
BNR,NASDAQ,Stock,USD,2020-06-12,2026-06-17
BNRE-A,NYSE,Stock,USD,2023-11-20,2024-08-29
BNRG,NASDAQ,Stock,USD,2022-05-25,2026-06-17
BNS,NYSE,Stock,USD,2026-06-17,2026-06-17
BNT,NYSE,Stock,USD,2021-06-28,2026-06-17
BNTC,NASDAQ,Stock,USD,2015-08-18,2026-06-17
BNTCW,NASDAQ,Stock,USD,2015-08-18,2020-04-14
BNTX,NASDAQ,Stock,USD,2019-10-10,2026-06-17
BNV,NYSE,Stock,USD,2001-01-02,2009-11-19
BNY,NYSE,Stock,USD,1973-05-03,2026-06-17
BNY-P-K,NYSE,Stock,USD,2025-03-21,2026-06-17
BNZI,NASDAQ,Stock,USD,2021-02-12,2026-06-17
BNZIW,NASDAQ,Stock,USD,2021-02-12,2026-06-17
BOAC,NYSE,Stock,USD,2020-12-18,2023-10-30
BOAC-U,NYSE,Stock,USD,2020-10-28,2023-10-30
BOAC-WS,NYSE,Stock,USD,2020-12-18,2023-10-30
BOAS,NYSE,Stock,USD,2021-04-06,2022-10-28
BOAS-U,NYSE,Stock,USD,2021-02-24,2022-10-26
BOBE,NASDAQ,Stock,USD,1984-09-05,2018-01-16
BOBS,NYSE,Stock,USD,2026-02-05,2026-06-17
BOC,NYSE,Stock,USD,2017-06-16,2026-06-17
BOCA,NYSE,Stock,USD,2016-01-04,2016-03-21
BOCA-CL,NYSE,Stock,USD,2016-03-14,2016-04-14
BOCH,NASDAQ,Stock,USD,1999-11-03,2021-09-30
BOCN,NASDAQ,Stock,USD,2022-02-22,2026-06-17
BOCNU,NASDAQ,Stock,USD,2021-12-03,2026-06-17
BOCNW,NASDAQ,Stock,USD,2022-01-31,2026-06-17
BODI,NASDAQ,Stock,USD,2024-03-04,2026-06-17
BODI,NYSE,Stock,USD,2021-01-15,2024-03-01
BODY,NASDAQ,Stock,USD,2010-10-15,2016-09-22
BODY-WS,NYSE,Stock,USD,2021-06-28,2023-10-27
BOF,NASDAQ,Stock,USD,2023-06-16,2026-06-17
BOFI,NASDAQ,Stock,USD,2005-03-15,2018-09-28
BOFIL,NASDAQ,Stock,USD,2016-03-04,2018-09-28
BOH,NYSE,Stock,USD,1984-09-07,2026-06-17
BOH-P-A,NYSE,Stock,USD,2021-06-09,2026-06-17
BOH-P-B,NYSE,Stock,USD,2024-06-26,2026-06-17
BOJA,NASDAQ,Stock,USD,2015-05-08,2019-01-28
BOKF,NASDAQ,Stock,USD,1991-09-05,2026-06-17
BOKFL,NASDAQ,Stock,USD,2016-06-28,2021-08-20
BOLD,NASDAQ,Stock,USD,2024-03-28,2026-06-17
BOLD,NASDAQ,Stock,USD,2016-07-20,2020-01-15
BOLT,NASDAQ,Stock,USD,2021-02-05,2026-06-17
BOLT,NASDAQ,Stock,USD,1995-02-01,2014-11-18
BON,NASDAQ,Stock,USD,2021-06-24,2025-02-26
BON,NASDAQ,Stock,USD,2025-02-27,2026-06-17
BONA,NASDAQ,Stock,USD,2010-12-08,2016-04-11
BOOM,NASDAQ,Stock,USD,1989-01-05,2026-06-17
BOOT,NYSE,Stock,USD,2014-10-30,2026-06-17
BORL,NASDAQ,Stock,USD,1990-01-02,2009-08-12
BORR,NYSE,Stock,USD,2018-05-22,2026-06-17
BOSC,NASDAQ,Stock,USD,1996-04-02,2026-06-17
BOT,NASDAQ,Stock,USD,2026-05-11,2026-06-17
BOTJ,NASDAQ,Stock,USD,2000-08-10,2026-06-17
BOW,NYSE,Stock,USD,2024-05-23,2026-06-17
BOWL-WS,NYSE,Stock,USD,2021-05-03,2022-05-13
BOWN,NASDAQ,Stock,USD,2023-08-17,2026-06-17
BOWNR,NASDAQ,Stock,USD,2023-08-17,2026-06-17
BOWNU,NASDAQ,Stock,USD,2023-07-12,2026-06-17
BOWXU,NASDAQ,Stock,USD,2020-08-05,2021-10-20
BOX,NYSE,Stock,USD,2015-01-23,2026-06-17
BOXC,NYSE,Stock,USD,2012-01-09,2017-06-30
BOXD-WS,NYSE,Stock,USD,2021-12-09,2023-03-17
BP,NYSE,Stock,USD,1977-01-03,2026-06-17
BPAC,NASDAQ,Stock,USD,2022-01-25,2026-06-17
BPACR,NASDAQ,Stock,USD,2026-01-06,2026-06-17
BPACU,NASDAQ,Stock,USD,2025-11-12,2026-06-17
BPACU,NASDAQ,Stock,USD,2021-12-03,2023-06-05
BPACW,NASDAQ,Stock,USD,2022-01-24,2023-06-05
BPFH,NASDAQ,Stock,USD,1994-02-14,2021-06-30
BPFHP,NASDAQ,Stock,USD,2013-04-19,2018-06-14
BPFHW,NASDAQ,Stock,USD,2011-02-02,2018-11-19
BPL,NYSE,Stock,USD,1986-12-17,2019-11-27
BPMC,NASDAQ,Stock,USD,2015-04-30,2025-07-18
BPMP,NYSE,Stock,USD,2017-10-26,2022-04-05
BPOP,NASDAQ,Stock,USD,1990-03-26,2026-06-17
BPOPM,NASDAQ,Stock,USD,2008-11-19,2026-06-17
BPOPN,NASDAQ,Stock,USD,2004-05-05,2021-10-29
BPRE,NYSE,Stock,USD,2025-12-16,2026-06-17
BPRN,NASDAQ,Stock,USD,2016-07-12,2026-06-17
BPRO,NYSE,Stock,USD,2026-01-22,2026-06-17
BPY,NASDAQ,Stock,USD,2013-03-22,2021-11-22
BPYPM,NASDAQ,Stock,USD,2021-07-27,2026-06-17
BPYPN,NASDAQ,Stock,USD,2020-02-11,2026-06-17
BPYPO,NASDAQ,Stock,USD,2019-08-14,2026-06-17
BPYPP,NASDAQ,Stock,USD,2019-03-14,2026-06-17
BPYU,NASDAQ,Stock,USD,2018-08-28,2021-07-26
BPYUP,NASDAQ,Stock,USD,2018-08-29,2021-08-18
BPZ,NYSE,Stock,USD,2003-10-07,2015-03-02
BPZRQ,NYSE,Stock,USD,2016-01-04,2016-03-03
BQ,AMEX,Stock,USD,2020-09-30,2026-06-17
BR,NYSE,Stock,USD,2007-04-02,2026-06-17
BRAC,NASDAQ,Stock,USD,2022-02-23,2026-06-17
BRACR,NASDAQ,Stock,USD,2022-02-23,2026-06-17
BRACR,NASDAQ,Stock,USD,2017-10-25,2019-08-09
BRACU,NASDAQ,Stock,USD,2017-10-05,2019-08-09
BRACU,NASDAQ,Stock,USD,2022-01-11,2026-06-17
BRAG,NASDAQ,Stock,USD,2021-08-27,2026-06-17
BRAG,NASDAQ,Stock,USD,2017-04-24,2021-08-27
BRAI,NASDAQ,Stock,USD,2026-02-12,2026-06-17
BRBI,NASDAQ,Stock,USD,2025-09-19,2026-06-17
BRBR,NYSE,Stock,USD,2019-10-17,2026-06-17
BRBR-W,NYSE,Stock,USD,2022-02-25,2022-03-10
BRBS,AMEX,Stock,USD,2007-08-10,2026-06-17
BRC,NYSE,Stock,USD,1984-09-07,2026-06-17
BRCB,NASDAQ,Stock,USD,2025-09-12,2026-06-17
BRCC,NYSE,Stock,USD,2021-05-03,2026-06-17
BRCC-WS,NYSE,Stock,USD,2021-04-26,2022-05-03
BRCD,NASDAQ,Stock,USD,1999-05-25,2017-11-20
BRCE,NYSE,Stock,USD,2025-10-22,2026-06-17
BRCM,NASDAQ,Stock,USD,2016-01-04,2016-02-09
BRD,NYSE,Stock,USD,2022-01-14,2023-12-11
BRD-U,NYSE,Stock,USD,2021-11-24,2023-12-11
BRD-WS,NYSE,Stock,USD,2022-01-14,2023-12-11
BRDG,NYSE,Stock,USD,2021-07-16,2025-08-29
BRDR,NASDAQ,Stock,USD,2014-03-21,2015-06-09
BRDS-WS,NYSE,Stock,USD,2021-11-04,2023-09-22
BREW,NASDAQ,Stock,USD,1995-08-18,2026-06-17
BREZ,NASDAQ,Stock,USD,2026-06-11,2026-06-17
BREZR,NASDAQ,Stock,USD,2026-06-11,2026-06-17
BREZU,NASDAQ,Stock,USD,2026-05-13,2026-06-11
BREZU,NASDAQ,Stock,USD,2020-11-23,2020-12-22
BRFH,NASDAQ,Stock,USD,2012-03-30,2026-06-17
BRFS,NYSE,Stock,USD,2001-01-02,2025-09-22
BRIA,AMEX,Stock,USD,2024-11-27,2026-06-17
BRIB,NYSE,Stock,USD,2026-03-19,2026-06-17
BRID,NASDAQ,Stock,USD,1984-09-07,2026-06-17
BRIE,NYSE,Stock,USD,2025-10-22,2026-06-17
BRIV,NASDAQ,Stock,USD,2021-07-06,2023-05-04
BRIVU,NASDAQ,Stock,USD,2021-05-07,2023-05-04
BRIVW,NASDAQ,Stock,USD,2021-06-29,2023-05-04
BRK-A,NYSE,Stock,USD,1980-03-17,2026-06-17
BRK-B,NYSE,Stock,USD,1996-05-09,2026-06-17
BRKB,NYSE,Stock,USD,2017-09-08,2017-09-27
BRKH,NASDAQ,Stock,USD,2026-05-28,2026-06-17
BRKHU,NASDAQ,Stock,USD,2026-05-21,2026-06-17
BRKHU,NASDAQ,Stock,USD,2021-12-13,2026-05-20
BRKHW,NASDAQ,Stock,USD,2026-05-28,2026-06-17
BRKL,NASDAQ,Stock,USD,1998-03-25,2025-09-02
BRKR,NASDAQ,Stock,USD,2000-08-04,2026-06-17
BRKRP,NASDAQ,Stock,USD,2025-09-09,2026-06-17
BRL,NYSE,Stock,USD,2006-12-28,2008-12-22
BRLI,NASDAQ,Stock,USD,1993-11-22,2015-08-20
BRLI,NASDAQ,Stock,USD,2020-07-22,2023-12-22
BRLIR,NASDAQ,Stock,USD,2020-07-22,2023-12-22
BRLIU,NASDAQ,Stock,USD,2020-06-24,2023-12-22
BRLIW,NASDAQ,Stock,USD,2020-07-22,2023-12-22
BRLS,NASDAQ,Stock,USD,2021-10-06,2026-06-17
BRLSW,NASDAQ,Stock,USD,2021-10-06,2026-06-17
BRLT,NASDAQ,Stock,USD,2021-09-23,2026-06-17
BRMK,NYSE,Stock,USD,2019-11-15,2023-05-31
BRN,AMEX,Stock,USD,1984-09-07,2026-06-17
BRNC,NASDAQ,Stock,USD,2005-08-16,2011-06-23
BRNS,NASDAQ,Stock,USD,2021-04-30,2026-06-17
BRO,NYSE,Stock,USD,1992-03-03,2026-06-17
BROGR,NASDAQ,Stock,USD,2018-07-13,2019-12-20
BROGU,NASDAQ,Stock,USD,2018-06-20,2019-12-20
BROGW,NASDAQ,Stock,USD,2018-07-13,2024-12-19
BROS,NYSE,Stock,USD,2021-09-15,2026-06-17
BRPAR,NASDAQ,Stock,USD,2017-12-01,2021-05-24
BRPAU,NASDAQ,Stock,USD,2017-11-20,2021-05-24
BRPM-U,NYSE,Stock,USD,2019-04-09,2020-02-13
BRPMU,NASDAQ,Stock,USD,2021-02-19,2022-07-19
BRQSW,NASDAQ,Stock,USD,2015-10-30,2022-08-18
BRR,NASDAQ,Stock,USD,2025-07-30,2025-12-05
BRR,NASDAQ,Stock,USD,2025-12-05,2026-06-17
BRRWU,NASDAQ,Stock,USD,2025-07-31,2026-06-17
BRRWW,NASDAQ,Stock,USD,2025-07-31,2026-06-17
BRSL,NYSE,Stock,USD,1990-03-26,2026-06-17
BRSP,NYSE,Stock,USD,2018-02-01,2026-06-17
BRSS,NYSE,Stock,USD,2013-05-23,2019-08-07
BRSWQ,NYSE,Stock,USD,1990-03-26,2019-10-31
BRT,NYSE,Stock,USD,1973-05-03,2026-06-17
BRTX,NASDAQ,Stock,USD,2013-05-14,2026-06-17
BRUN,NASDAQ,Stock,USD,2026-05-08,2026-06-17
BRUNW,NASDAQ,Stock,USD,2026-05-11,2026-06-17
BRW,NYSE,Stock,USD,2021-05-05,2026-06-17
BRW-R,NYSE,Stock,USD,2025-10-08,2025-10-27
BRW-R-W,NYSE,Stock,USD,2025-10-07,2025-10-07
BRX,NYSE,Stock,USD,2013-10-30,2026-06-17
BRY,NYSE,Stock,USD,2006-12-28,2013-12-16
BRY,NASDAQ,Stock,USD,2018-07-18,2025-12-18
BRZE,NASDAQ,Stock,USD,2021-11-17,2026-06-17
BSA,NYSE,Stock,USD,2018-03-26,2022-01-14
BSAA,NASDAQ,Stock,USD,2025-08-07,2026-06-17
BSAAR,NASDAQ,Stock,USD,2025-08-07,2026-06-17
BSAAU,NASDAQ,Stock,USD,2025-06-13,2026-06-17
BSAC,NYSE,Stock,USD,1994-10-31,2026-06-17
BSAQ,NYSE,Stock,USD,2021-09-07,2023-08-14
BSAQ-U,NYSE,Stock,USD,2021-07-16,2023-08-14
BSAQ-WS,NYSE,Stock,USD,2021-09-07,2023-08-14
BSBK,NASDAQ,Stock,USD,2020-01-16,2026-06-17
BSBR,NYSE,Stock,USD,2009-10-07,2026-06-17
BSET,NASDAQ,Stock,USD,1984-09-07,2026-06-17
BSF,NASDAQ,Stock,USD,1996-05-06,2018-04-23
BSFT,NASDAQ,Stock,USD,2010-06-16,2018-02-02
BSGAR,NASDAQ,Stock,USD,2021-07-28,2023-04-13
BSGAU,NASDAQ,Stock,USD,2021-06-10,2023-04-13
BSII,NASDAQ,Stock,USD,2024-10-07,2026-06-17
BSIIU,NASDAQ,Stock,USD,2024-08-28,2026-06-17
BSIIW,NASDAQ,Stock,USD,2024-10-08,2026-06-17
BSIN,NASDAQ,Stock,USD,1990-03-26,2026-06-17
BSKY,NASDAQ,Stock,USD,2021-07-01,2022-12-12
BSKYU,NASDAQ,Stock,USD,2021-04-28,2022-12-12
BSKYW,NASDAQ,Stock,USD,2021-06-21,2022-12-12
BSM,NYSE,Stock,USD,2015-05-01,2026-06-17
BSMX,NYSE,Stock,USD,2012-09-26,2023-07-26
BSN-U,NYSE,Stock,USD,2020-09-11,2021-12-15
BSPE,NASDAQ,Stock,USD,2021-02-08,2021-06-07
BSPE,NASDAQ,Stock,USD,2005-09-07,2017-12-26
BSQR,NASDAQ,Stock,USD,1999-10-21,2023-12-07
BSRR,NASDAQ,Stock,USD,1996-05-30,2026-06-17
BST-R,NYSE,Stock,USD,2021-06-22,2021-07-13
BST-R-W,NYSE,Stock,USD,2021-06-16,2021-06-21
BSTZ,NYSE,Stock,USD,2019-06-26,2026-06-17
BSVN,NASDAQ,Stock,USD,2018-09-20,2026-06-17
BSX,NYSE,Stock,USD,1992-05-19,2026-06-17
BSX-P-A,NYSE,Stock,USD,2020-05-22,2023-05-31
BSY,NASDAQ,Stock,USD,2020-09-23,2026-06-17
BTAI,NASDAQ,Stock,USD,2018-03-08,2026-06-17
BTAQ,NASDAQ,Stock,USD,2020-10-08,2022-03-01
BTAQU,NASDAQ,Stock,USD,2020-08-27,2022-03-01
BTAQW,NASDAQ,Stock,USD,2020-10-08,2022-03-01
BTBD,NASDAQ,Stock,USD,2021-11-12,2026-06-17
BTBDW,NASDAQ,Stock,USD,2021-11-12,2026-06-17
BTBT,NASDAQ,Stock,USD,2018-03-20,2026-06-17
BTCS,NASDAQ,Stock,USD,2014-03-05,2026-06-17
BTCT,NASDAQ,Stock,USD,2020-03-31,2026-06-17
BTCTW,NASDAQ,Stock,USD,2020-04-15,2025-03-28
BTDR,NASDAQ,Stock,USD,2021-07-28,2023-04-13
BTDR,NASDAQ,Stock,USD,2023-04-13,2026-06-17
BTE,NYSE,Stock,USD,2006-04-03,2026-06-17
BTEK,NASDAQ,Stock,USD,2024-08-14,2024-08-15
BTFG,NASDAQ,Stock,USD,2002-05-15,2013-03-08
BTFL,NYSE,Stock,USD,2025-12-30,2026-04-24
BTG,AMEX,Stock,USD,2008-06-24,2026-06-17
BTGO,NYSE,Stock,USD,2026-01-22,2026-06-17
BTH,NYSE,Stock,USD,1994-05-18,2015-10-28
BTI,NYSE,Stock,USD,1980-04-14,2026-06-17
BTMD,NASDAQ,Stock,USD,2021-04-28,2026-06-17
BTMDW,NASDAQ,Stock,USD,2017-11-17,2025-12-19
BTNB,NASDAQ,Stock,USD,2021-01-26,2022-03-17
BTOC,NASDAQ,Stock,USD,2024-05-14,2026-06-17
BTOG,NASDAQ,Stock,USD,2019-08-14,2026-06-17
BTOT,NYSE,Stock,USD,2025-12-11,2026-06-17
BTQ,NASDAQ,Stock,USD,2006-12-18,2026-06-17
BTRS,NASDAQ,Stock,USD,2019-08-06,2023-01-03
BTRSW,NASDAQ,Stock,USD,2019-07-29,2021-12-30
BTSG,NASDAQ,Stock,USD,2024-01-26,2026-06-17
BTSGU,NASDAQ,Stock,USD,2024-01-26,2026-06-17
BTTC,NASDAQ,Stock,USD,2025-10-02,2026-06-17
BTTGY,NYSE,Stock,USD,1984-12-03,2019-09-23
BTU,NYSE,Stock,USD,2001-05-22,2017-03-31
BTU,NYSE,Stock,USD,2017-04-03,2026-06-17
BTU-W,NYSE,Stock,USD,2017-04-03,2017-04-10
BTUI,NASDAQ,Stock,USD,1989-02-08,2015-02-09
BTWN,NASDAQ,Stock,USD,2020-12-07,2023-10-12
BTWNU,NASDAQ,Stock,USD,2020-10-16,2023-10-12
BTWNW,NASDAQ,Stock,USD,2020-12-07,2023-10-12
BTX,NYSE,Stock,USD,2021-03-26,2026-06-17
BUCY,NASDAQ,Stock,USD,2004-07-23,2011-07-18
BUD,NYSE,Stock,USD,2009-07-01,2026-06-17
BUDA,AMEX,Stock,USD,2026-01-08,2026-06-17
BUFF,NASDAQ,Stock,USD,2015-07-22,2018-05-04
BUI-R,NYSE,Stock,USD,2026-03-16,2026-04-02
BUI-R-W,NYSE,Stock,USD,2026-03-06,2026-03-12
BUJA,NASDAQ,Stock,USD,2023-08-21,2025-05-08
BUJAR,NASDAQ,Stock,USD,2023-08-21,2025-05-08
BUJAU,NASDAQ,Stock,USD,2023-06-28,2025-05-15
BUJAW,NASDAQ,Stock,USD,2023-08-21,2026-06-17
BULL,NASDAQ,Stock,USD,2025-04-10,2026-06-17
BULLW,NASDAQ,Stock,USD,2025-04-10,2026-06-17
BULLZ,NASDAQ,Stock,USD,2025-04-11,2026-06-17
BULZ,NYSE,Stock,USD,2021-08-18,2026-06-17
BUR,NYSE,Stock,USD,2015-04-01,2026-06-17
BUR,NYSE,Stock,USD,2010-04-05,2018-04-26
BURL,NYSE,Stock,USD,2013-10-02,2026-06-17
BURU,AMEX,Stock,USD,2024-06-26,2026-06-17
BUSE,NASDAQ,Stock,USD,1998-10-06,2026-06-17
BUSEP,NASDAQ,Stock,USD,2025-06-04,2026-06-17
BUUU,NASDAQ,Stock,USD,2025-08-14,2026-06-17
BV,NYSE,Stock,USD,2018-06-28,2026-06-17
BV,NYSE,Stock,USD,2012-02-24,2018-02-01
BVA,NASDAQ,Stock,USD,2016-01-04,2016-09-01
BVC,NASDAQ,Stock,USD,2025-12-23,2026-06-17
BVFL,NASDAQ,Stock,USD,2016-01-13,2026-06-17
BVH,NYSE,Stock,USD,2016-01-04,2024-01-16
BVN,NYSE,Stock,USD,1996-05-15,2026-06-17
BVS,NASDAQ,Stock,USD,2021-02-11,2026-06-17
BVSN,NASDAQ,Stock,USD,1996-06-21,2020-05-18
BVX,NYSE,Stock,USD,1999-02-22,2018-12-31
BVXVW,NASDAQ,Stock,USD,2015-05-12,2020-05-13
BW,NYSE,Stock,USD,2015-07-01,2026-06-17
BW-P-A,NYSE,Stock,USD,2021-05-05,2026-06-17
BWA,NYSE,Stock,USD,1993-08-13,2026-06-17
BWA-W,NYSE,Stock,USD,2023-06-28,2023-06-29
BWAC,NASDAQ,Stock,USD,2020-12-28,2023-07-31
BWACU,NASDAQ,Stock,USD,2020-11-13,2023-07-28
BWACW,NASDAQ,Stock,USD,2020-12-28,2023-07-28
BWAQ,NASDAQ,Stock,USD,2022-03-16,2024-07-01
BWAQR,NASDAQ,Stock,USD,2022-03-16,2024-07-01
BWAQU,NASDAQ,Stock,USD,2022-01-31,2024-07-01
BWAQW,NASDAQ,Stock,USD,2022-03-16,2026-06-17
BWAY,NASDAQ,Stock,USD,2019-04-17,2026-06-17
BWB,NASDAQ,Stock,USD,2018-03-14,2026-06-17
BWBBP,NASDAQ,Stock,USD,2021-08-18,2026-06-17
BWC,NASDAQ,Stock,USD,2021-10-11,2023-08-11
BWC,NYSE,Stock,USD,2010-08-02,2015-06-30
BWCAU,NASDAQ,Stock,USD,2021-08-04,2023-08-04
BWCAW,NASDAQ,Stock,USD,2021-10-15,2023-08-04
BWEN,NASDAQ,Stock,USD,2004-03-29,2026-06-17
BWFG,NASDAQ,Stock,USD,2010-04-05,2026-06-17
BWIN,NASDAQ,Stock,USD,2019-10-24,2026-06-17
BWINA,NASDAQ,Stock,USD,1986-06-12,2018-07-31
BWINB,NASDAQ,Stock,USD,1986-05-14,2018-07-31
BWIV,NYSE,Stock,USD,2026-05-11,2026-06-17
BWIV-U,NYSE,Stock,USD,2026-03-23,2026-06-17
BWIV-WS,NYSE,Stock,USD,2026-05-11,2026-06-17
BWLA,NYSE,Stock,USD,2009-09-08,2018-10-29
BWLD,NASDAQ,Stock,USD,2003-11-21,2018-02-05
BWLP,NYSE,Stock,USD,2014-01-28,2026-06-17
BWMCU,NASDAQ,Stock,USD,2018-11-16,2020-02-14
BWMN,NASDAQ,Stock,USD,2021-05-07,2026-06-17
BWMX,NYSE,Stock,USD,2020-03-16,2026-06-17
BWNB,NYSE,Stock,USD,2021-12-17,2026-06-17
BWOW,NYSE,Stock,USD,2025-11-26,2026-06-17
BWP,NYSE,Stock,USD,2005-11-10,2018-07-18
BWS,NYSE,Stock,USD,1984-09-07,2015-05-28
BWSN,NYSE,Stock,USD,2021-02-17,2025-12-05
BWXT,NYSE,Stock,USD,2010-08-02,2026-06-17
BWY,NYSE,Stock,USD,2007-06-13,2011-06-24
BX,NYSE,Stock,USD,2007-06-22,2026-06-17
BXC,NYSE,Stock,USD,2004-12-14,2026-06-17
BXDC,NYSE,Stock,USD,2026-05-14,2026-06-17
BXE,NYSE,Stock,USD,2005-11-07,2020-08-20
BXG,NYSE,Stock,USD,2017-11-17,2021-05-05
BXG1,NYSE,Stock,USD,2001-01-02,2013-04-02
BXLT,NYSE,Stock,USD,2015-06-30,2016-06-16
BXMT,NYSE,Stock,USD,1987-11-05,2026-06-17
BXP,NYSE,Stock,USD,1997-06-18,2026-06-17
BXP-P-B,NYSE,Stock,USD,2014-09-22,2021-03-31
BXRX,NASDAQ,Stock,USD,2024-02-26,2024-02-29
BXRX,NASDAQ,Stock,USD,2019-11-14,2019-11-21
BXS-P-A,NYSE,Stock,USD,2019-11-14,2021-10-28
BXSL,NYSE,Stock,USD,2021-10-28,2026-06-17
BY,NYSE,Stock,USD,2017-06-30,2026-06-17
BYAH,NASDAQ,Stock,USD,2024-12-27,2026-06-17
BYBK,NASDAQ,Stock,USD,1994-05-31,2018-04-16
BYD,NYSE,Stock,USD,1993-10-18,2026-06-17
BYFC,NASDAQ,Stock,USD,1996-01-09,2026-06-17
BYI,NYSE,Stock,USD,1982-01-12,2014-12-01
BYLK,NASDAQ,Stock,USD,2016-01-04,2016-05-10
BYN-U,NYSE,Stock,USD,2022-01-20,2023-12-29
BYND,NASDAQ,Stock,USD,2019-05-02,2026-06-17
BYRN,NASDAQ,Stock,USD,2011-02-23,2026-06-17
BYSI,NASDAQ,Stock,USD,2017-03-09,2026-06-17
BYTSU,NASDAQ,Stock,USD,2021-03-19,2023-12-21
BYU,NASDAQ,Stock,USD,2018-07-11,2026-06-17
BZ,NASDAQ,Stock,USD,2021-06-11,2026-06-17
BZAI,NASDAQ,Stock,USD,2022-01-31,2026-06-17
BZAIW,NASDAQ,Stock,USD,2022-02-01,2026-06-17
BZC,NYSE,Stock,USD,2005-01-21,2015-12-31
BZFD,NASDAQ,Stock,USD,2021-03-05,2026-06-17
BZFDW,NASDAQ,Stock,USD,2021-03-05,2026-06-17
BZH,NYSE,Stock,USD,1994-02-23,2026-06-17
BZT,NYSE,Stock,USD,2012-07-11,2015-07-14
BZUN,NASDAQ,Stock,USD,2015-05-21,2026-06-17
C,NYSE,Stock,USD,1977-01-03,2026-06-17
C-P-C,NYSE,Stock,USD,2014-09-22,2018-10-19
C-P-J,NYSE,Stock,USD,2014-09-22,2024-03-28
C-P-K,NYSE,Stock,USD,2014-09-22,2023-11-14
C-P-L,NYSE,Stock,USD,2014-09-22,2019-02-11
C-P-L-CL,NYSE,Stock,USD,2019-01-11,2019-02-11
C-P-N,NYSE,Stock,USD,2010-10-04,2026-06-17
C-P-P,NYSE,Stock,USD,2014-09-22,2018-02-14
C-P-R,NYSE,Stock,USD,2026-02-05,2026-06-17
C-P-S,NYSE,Stock,USD,2016-02-09,2021-02-11
C-WS-A,NYSE,Stock,USD,1977-01-03,2018-11-26
CA,NASDAQ,Stock,USD,1984-09-07,2018-11-06
CAA,NYSE,Stock,USD,1987-12-30,2018-02-13
CAAP,NYSE,Stock,USD,2018-02-01,2026-06-17
CAAS,NASDAQ,Stock,USD,2003-10-07,2026-06-17
CAB,NYSE,Stock,USD,2004-07-06,2017-09-28
CABA,NASDAQ,Stock,USD,2019-10-25,2026-06-17
CABO,NYSE,Stock,USD,2015-07-01,2026-06-17
CABR,NASDAQ,Stock,USD,2025-11-13,2026-06-17
CAC,NASDAQ,Stock,USD,1997-10-08,2026-06-17
CACB,NASDAQ,Stock,USD,1994-01-21,2017-06-07
CACC,NASDAQ,Stock,USD,1992-06-05,2026-06-17
CACI,NYSE,Stock,USD,1984-09-07,2026-06-17
CACQ,NASDAQ,Stock,USD,2013-11-19,2017-10-06
CADE,NYSE,Stock,USD,1985-10-16,2026-01-30
CADE,NYSE,Stock,USD,2017-04-13,2021-10-28
CADE-P-A,NYSE,Stock,USD,2021-10-29,2026-01-30
CADL,NASDAQ,Stock,USD,2021-07-27,2026-06-17
CADTR,NASDAQ,Stock,USD,2016-01-11,2016-07-07
CADTU,NASDAQ,Stock,USD,2016-01-08,2016-07-07
CAE,NYSE,Stock,USD,1996-01-10,2026-06-17
CAEP,NASDAQ,Stock,USD,2025-06-26,2026-05-15
CAES,NASDAQ,Stock,USD,2026-06-17,2026-06-17
CAFD,NASDAQ,Stock,USD,2015-06-19,2018-06-20
CAG,NYSE,Stock,USD,1984-09-07,2026-06-17
CAG-W,NYSE,Stock,USD,2016-11-04,2016-11-16
CAGC,NASDAQ,Stock,USD,2009-09-03,2013-10-17
CAGE,NYSE,Stock,USD,2026-04-16,2026-06-17
CAH,NYSE,Stock,USD,1987-12-31,2026-06-17
CAHC,NASDAQ,Stock,USD,2021-03-19,2021-09-28
CAHCU,NASDAQ,Stock,USD,2021-01-27,2021-09-28
CAI,NYSE,Stock,USD,2015-08-14,2021-11-22
CAI,NASDAQ,Stock,USD,2025-06-18,2026-06-17
CAI-P-A,NYSE,Stock,USD,2018-03-23,2021-11-22
CAIIP,NYSE,Stock,USD,2018-08-07,2021-11-22
CAIIU,NASDAQ,Stock,USD,2026-04-29,2026-06-17
CAKE,NASDAQ,Stock,USD,1992-09-18,2026-06-17
CAL,NYSE,Stock,USD,1984-09-07,2026-06-17
CALB,NASDAQ,Stock,USD,2017-09-25,2024-08-01
CALC,NASDAQ,Stock,USD,2020-09-25,2026-06-17
CALCQ,NASDAQ,Stock,USD,1992-03-17,2012-03-09
CALD,NASDAQ,Stock,USD,2003-11-20,2018-04-16
CALL,NASDAQ,Stock,USD,1996-02-07,2018-11-14
CALM,NASDAQ,Stock,USD,1996-12-12,2026-06-17
CALT,NASDAQ,Stock,USD,2020-06-05,2026-06-17
CALX,NYSE,Stock,USD,2010-03-24,2026-06-17
CALY,NYSE,Stock,USD,1992-02-28,2026-06-17
CAM,NYSE,Stock,USD,1995-07-05,2026-06-17
CAMBW,NASDAQ,Stock,USD,2014-09-24,2015-12-23
CAMP,NASDAQ,Stock,USD,2024-10-11,2026-06-17
CAMT,NASDAQ,Stock,USD,2000-07-28,2026-06-17
CAN,NASDAQ,Stock,USD,2019-11-20,2026-06-17
CANF,AMEX,Stock,USD,2012-11-06,2026-06-17
CANG,NYSE,Stock,USD,2018-07-26,2026-06-17
CANO-WS,NYSE,Stock,USD,2021-06-04,2023-11-13
CANOQ,NYSE,Stock,USD,2012-03-12,2026-05-28
CAP,NYSE,Stock,USD,2021-01-22,2021-07-29
CAP,NYSE,Stock,USD,2007-05-16,2015-08-13
CAP-U,NYSE,Stock,USD,2020-12-02,2021-07-28
CAPAU,NASDAQ,Stock,USD,2020-09-04,2021-06-10
CAPEQ,NASDAQ,Stock,USD,2006-10-02,2010-12-30
CAPL,NYSE,Stock,USD,2012-10-25,2026-06-17
CAPN,NASDAQ,Stock,USD,2014-11-13,2017-05-11
CAPN,NASDAQ,Stock,USD,2024-10-24,2026-06-17
CAPNR,NASDAQ,Stock,USD,2024-10-24,2026-06-17
CAPNU,NASDAQ,Stock,USD,2024-09-20,2026-06-17
CAPNW,NASDAQ,Stock,USD,2014-11-13,2017-05-11
CAPR,NASDAQ,Stock,USD,2007-02-13,2026-06-17
CAPS,NASDAQ,Stock,USD,2011-07-21,2026-06-17
CAQ,NASDAQ,Stock,USD,2026-05-26,2026-06-17
CAQUU,NASDAQ,Stock,USD,2026-02-06,2026-06-17
CAQUW,NASDAQ,Stock,USD,2026-04-01,2026-06-17
CAR,NASDAQ,Stock,USD,1990-01-12,2026-06-17
CARB,NASDAQ,Stock,USD,2011-08-11,2020-01-10
CARD,NYSE,Stock,USD,2023-06-28,2026-06-17
CARE,NASDAQ,Stock,USD,2012-08-27,2026-06-17
CARG,NASDAQ,Stock,USD,2017-10-12,2026-06-17
CARL,NASDAQ,Stock,USD,2025-07-23,2026-06-17
CARO,NASDAQ,Stock,USD,2013-10-22,2020-05-01
CARR,NYSE,Stock,USD,2020-03-19,2026-06-17
CARS,NYSE,Stock,USD,2017-06-01,2026-06-17
CARS-W,NYSE,Stock,USD,2017-05-18,2017-05-31
CART,NASDAQ,Stock,USD,2023-09-19,2026-06-17
CART,NASDAQ,Stock,USD,2004-12-21,2019-12-31
CARU,NYSE,Stock,USD,2023-06-28,2026-06-17
CAS,NYSE,Stock,USD,2021-01-15,2026-06-17
CAS,NYSE,Stock,USD,1980-03-17,2026-05-28
CAS-U,NYSE,Stock,USD,2020-11-20,2022-06-07
CAS-WS,NYSE,Stock,USD,2021-01-15,2022-06-07
CASA1,NASDAQ,Stock,USD,2010-11-16,2014-05-06
CASC,NASDAQ,Stock,USD,1991-11-19,2018-03-19
CASH,NASDAQ,Stock,USD,1993-09-21,2026-06-17
CASL,NASDAQ,Stock,USD,2017-07-25,2017-07-25
CASM,NASDAQ,Stock,USD,1999-12-22,2019-04-18
CASS,NASDAQ,Stock,USD,1996-01-02,2026-06-17
CAST,NASDAQ,Stock,USD,2026-03-10,2026-06-17
CASY,NASDAQ,Stock,USD,1983-10-20,2026-06-17
CAT,NYSE,Stock,USD,1962-01-02,2026-06-17
CATC,NASDAQ,Stock,USD,2017-02-01,2024-07-15
CATM,NASDAQ,Stock,USD,2007-12-13,2021-06-21
CATO,NYSE,Stock,USD,1987-04-23,2026-06-17
CATS,NASDAQ,Stock,USD,2006-12-28,2020-07-02
CATX,AMEX,Stock,USD,2005-11-10,2026-06-17
CATY,NASDAQ,Stock,USD,1990-12-17,2026-06-17
CATYW,NASDAQ,Stock,USD,2014-10-10,2018-11-13
CAVA,NYSE,Stock,USD,2023-06-15,2026-06-17
CAVM,NASDAQ,Stock,USD,2007-05-02,2018-07-09
CAW,NYSE,Stock,USD,1984-09-07,2019-04-12
CB,NYSE,Stock,USD,1984-09-07,2026-06-17
CBAH-U,NYSE,Stock,USD,2020-12-11,2021-12-09
CBAN,NYSE,Stock,USD,1998-04-02,2026-06-17
CBAT,NASDAQ,Stock,USD,2002-09-25,2026-06-17
CBAY,NASDAQ,Stock,USD,2014-02-03,2024-04-01
CBB-P-B,NYSE,Stock,USD,2014-09-22,2021-09-21
CBC,NASDAQ,Stock,USD,2025-11-20,2026-06-17
CBCRQ,NYSE,Stock,USD,2011-01-27,2014-02-05
CBCY,NASDAQ,Stock,USD,2018-06-27,2026-06-17
CBD-W,NYSE,Stock,USD,2021-03-02,2021-03-04
CBDE,NASDAQ,Stock,USD,2015-12-03,2022-08-18
CBEY,NASDAQ,Stock,USD,2005-11-10,2014-07-18
CBF,NASDAQ,Stock,USD,2012-09-20,2017-12-01
CBFV,NASDAQ,Stock,USD,2001-06-06,2026-06-17
CBG,NYSE,Stock,USD,2004-06-10,2018-03-19
CBI,NYSE,Stock,USD,1997-03-27,2018-05-11
CBIO,NASDAQ,Stock,USD,2025-06-13,2026-06-17
CBIO,NASDAQ,Stock,USD,2014-01-10,2025-06-13
CBK,NASDAQ,Stock,USD,2025-10-02,2026-06-17
CBL,NYSE,Stock,USD,2021-11-02,2026-06-17
CBL-P-D,NYSE,Stock,USD,2014-09-22,2021-11-01
CBL-P-E,NYSE,Stock,USD,2014-09-22,2021-11-01
CBLK,NASDAQ,Stock,USD,2018-05-04,2019-10-08
CBLL,NASDAQ,Stock,USD,2024-10-11,2026-06-17
CBM,NYSE,Stock,USD,1987-09-23,2019-12-05
CBMX,NASDAQ,Stock,USD,2002-12-16,2017-11-16
CBMXW,NASDAQ,Stock,USD,2016-03-21,2017-11-14
CBNA,NYSE,Stock,USD,2024-10-04,2026-06-17
CBNJ,NASDAQ,Stock,USD,2016-01-04,2016-05-10
CBNK,NASDAQ,Stock,USD,2018-09-26,2026-06-17
CBNR,NYSE,Stock,USD,2010-01-04,2015-12-14
CBO,NYSE,Stock,USD,2013-02-04,2026-06-17
CBO-P-A,NYSE,Stock,USD,2019-07-30,2026-06-17
CBPO,NASDAQ,Stock,USD,2008-01-29,2021-04-20
CBPX,NYSE,Stock,USD,2014-02-05,2020-02-05
CBR,NYSE,Stock,USD,1994-03-17,2017-04-10
CBRE,NYSE,Stock,USD,2004-06-10,2026-06-17
CBRGU,NASDAQ,Stock,USD,2021-11-10,2026-06-17
CBRL,NASDAQ,Stock,USD,1984-09-07,2026-06-17
CBRS,NASDAQ,Stock,USD,2026-05-14,2026-06-17
CBSH,NASDAQ,Stock,USD,1984-09-07,2026-06-17
CBSHP,NASDAQ,Stock,USD,2014-06-16,2020-08-31
CBST,NASDAQ,Stock,USD,1996-10-25,2015-01-21
CBT,NYSE,Stock,USD,1980-11-05,2026-06-17
CBU,NYSE,Stock,USD,1985-11-27,2026-06-17
CBUS,NASDAQ,Stock,USD,2023-06-01,2026-06-17
CBX,NYSE,Stock,USD,2011-05-09,2026-06-17
CBZ,NYSE,Stock,USD,1995-04-27,2026-06-17
CC,NYSE,Stock,USD,2015-07-01,2026-06-17
CCAC,NYSE,Stock,USD,2020-04-23,2022-02-09
CCAC-U,NYSE,Stock,USD,2020-02-11,2022-02-08
CCAI,NASDAQ,Stock,USD,2021-10-22,2023-08-31
CCAIU,NASDAQ,Stock,USD,2021-08-26,2023-08-31
CCAIW,NASDAQ,Stock,USD,2021-10-28,2023-08-31
CCAP,NASDAQ,Stock,USD,2020-02-03,2026-06-17
CCAQ,NASDAQ,Stock,USD,2025-06-12,2026-06-17
CCAQU,NASDAQ,Stock,USD,2025-05-07,2026-06-17
CCAQW,NASDAQ,Stock,USD,2025-06-12,2026-06-17
CCB,NASDAQ,Stock,USD,2018-07-18,2026-06-17
CCBG,NASDAQ,Stock,USD,1997-02-03,2026-06-17
CCC,NASDAQ,Stock,USD,2021-08-02,2026-06-17
CCC,NYSE,Stock,USD,1987-06-03,2018-03-09
CCC-U,NYSE,Stock,USD,2018-09-07,2019-05-10
CCC-WS,NYSE,Stock,USD,2018-10-29,2020-03-20
CCCC,NASDAQ,Stock,USD,2020-10-02,2026-06-17
CCCM,NASDAQ,Stock,USD,2025-06-09,2025-07-30
CCCMU,NASDAQ,Stock,USD,2025-05-16,2025-07-30
CCCMW,NASDAQ,Stock,USD,2025-06-09,2025-07-30
CCCR,NASDAQ,Stock,USD,2013-08-13,2018-07-12
CCCS-WS,NYSE,Stock,USD,2021-08-02,2021-08-20
CCCS-WS,NYSE,Stock,USD,2020-10-05,2021-12-28
CCCX,NYSE,Stock,USD,2025-07-07,2026-06-17
CCCXU,NASDAQ,Stock,USD,2025-05-13,2026-02-13
CCCXW,NYSE,Stock,USD,2025-07-07,2026-06-17
CCEC,NASDAQ,Stock,USD,2024-08-26,2026-06-17
CCEL,AMEX,Stock,USD,2011-02-23,2026-06-17
CCEP,NASDAQ,Stock,USD,1986-11-24,2026-06-17
CCG,NYSE,Stock,USD,2010-10-13,2016-03-02
CCG,NASDAQ,Stock,USD,2023-09-18,2026-06-17
CCGWW,NASDAQ,Stock,USD,2023-09-18,2026-06-17
CCH-U,NYSE,Stock,USD,2018-10-05,2020-08-28
CCHH,NASDAQ,Stock,USD,2025-10-03,2026-06-17
CCI,NYSE,Stock,USD,1998-08-18,2026-06-17
CCI-P-A,NYSE,Stock,USD,2017-07-21,2020-07-31
CCIA,NYSE,Stock,USD,2023-10-27,2025-10-31
CCID,NYSE,Stock,USD,2025-11-04,2026-06-17
CCII,NASDAQ,Stock,USD,2025-08-22,2026-06-17
CCIIU,NASDAQ,Stock,USD,2025-07-01,2026-06-17
CCIIW,NASDAQ,Stock,USD,2025-08-22,2026-06-17
CCIR,NASDAQ,Stock,USD,2024-12-03,2025-08-14
CCIRU,NASDAQ,Stock,USD,2024-10-11,2025-08-14
CCIRW,NASDAQ,Stock,USD,2024-12-02,2025-08-14
CCIV-U,NYSE,Stock,USD,2020-07-30,2021-07-23
CCIX,NASDAQ,Stock,USD,2024-06-21,2026-06-17
CCIXU,NASDAQ,Stock,USD,2024-05-02,2026-06-17
CCIXW,NASDAQ,Stock,USD,2024-06-21,2026-06-17
CCJ,NYSE,Stock,USD,1996-03-14,2026-06-17
CCK,NYSE,Stock,USD,1984-12-18,2026-06-17
CCL,NYSE,Stock,USD,1989-01-05,2026-06-17
CCLD,NASDAQ,Stock,USD,2014-07-23,2026-06-17
CCLDO,NASDAQ,Stock,USD,2022-02-03,2026-06-17
CCLDP,NASDAQ,Stock,USD,2015-11-04,2026-06-17
CCLP,NASDAQ,Stock,USD,2011-06-15,2024-04-01
CCM,NYSE,Stock,USD,2009-12-11,2026-06-17
CCMP,NASDAQ,Stock,USD,2000-04-05,2022-09-08
CCN,NASDAQ,Stock,USD,2015-04-27,2017-07-17
CCNE,NASDAQ,Stock,USD,1996-05-30,2026-06-17
CCNEP,NASDAQ,Stock,USD,2020-08-21,2026-06-17
CCNWW,NASDAQ,Stock,USD,2015-04-14,2017-07-19
CCO,NYSE,Stock,USD,2005-11-14,2026-06-17
CCOI,NASDAQ,Stock,USD,2002-02-05,2026-06-17
CCOM,NYSE,Stock,USD,2011-02-28,2026-06-17
CCP,NYSE,Stock,USD,2015-08-18,2017-08-28
CCR,NYSE,Stock,USD,2017-11-29,2020-12-31
CCRC,NASDAQ,Stock,USD,2015-12-21,2021-07-06
CCRD,NASDAQ,Stock,USD,2025-10-30,2025-10-30
CCRD,NYSE,Stock,USD,1995-08-18,2025-10-30
CCRN,NASDAQ,Stock,USD,2001-10-25,2026-06-17
CCRP,NYSE,Stock,USD,2025-12-11,2026-06-17
CCS,NYSE,Stock,USD,2014-06-18,2026-06-17
CCSC,NYSE,Stock,USD,2016-01-04,2016-04-20
CCSI,NASDAQ,Stock,USD,2021-10-08,2021-10-08
CCSI,NASDAQ,Stock,USD,2021-10-08,2026-06-17
CCSIV,NASDAQ,Stock,USD,2021-09-30,2021-10-07
CCT,NYSE,Stock,USD,2011-06-28,2018-12-19
CCTG,NASDAQ,Stock,USD,2024-01-18,2024-09-17
CCTG,NASDAQ,Stock,USD,2024-09-17,2026-06-17
CCTS,NASDAQ,Stock,USD,2022-01-03,2026-06-17
CCU,NYSE,Stock,USD,2001-01-02,2026-06-17
CCV,NYSE,Stock,USD,2021-02-05,2023-10-16
CCV,NYSE,Stock,USD,2012-12-10,2017-12-14
CCV-U,NYSE,Stock,USD,2020-12-16,2023-10-16
CCV-WS,NYSE,Stock,USD,2021-02-05,2023-10-16
CCVI,NYSE,Stock,USD,2021-04-05,2023-12-01
CCVI-U,NYSE,Stock,USD,2021-02-12,2023-12-01
CCVI-WS,NYSE,Stock,USD,2021-04-05,2023-12-01
CCX-U,NYSE,Stock,USD,2019-06-27,2021-06-11
CCXI,NASDAQ,Stock,USD,2012-02-08,2026-06-17
CCXIU,NASDAQ,Stock,USD,2025-12-17,2026-06-17
CCXIW,NASDAQ,Stock,USD,2026-02-09,2026-06-17
CCXX-U,NYSE,Stock,USD,2020-02-14,2020-10-08
CCZ,NYSE,Stock,USD,1999-11-24,2026-06-17
CD,NASDAQ,Stock,USD,2020-09-30,2023-12-19
CD,NASDAQ,Stock,USD,2015-04-08,2026-06-17
CDAQ,NASDAQ,Stock,USD,2021-12-06,2026-06-17
CDE,NYSE,Stock,USD,1990-04-12,2026-06-17
CDEVW,NASDAQ,Stock,USD,2016-04-15,2017-04-10
CDI,NYSE,Stock,USD,1989-06-29,2017-09-28
CDII,NASDAQ,Stock,USD,2004-11-02,2017-12-14
CDIO,NASDAQ,Stock,USD,2022-01-14,2026-06-17
CDIOW,NASDAQ,Stock,USD,2022-01-14,2026-06-17
CDK,NASDAQ,Stock,USD,2014-09-24,2022-09-08
CDLA,NASDAQ,Stock,USD,2017-10-02,2021-11-02
CDLR,NYSE,Stock,USD,2023-12-19,2026-06-17
CDLR-W,NYSE,Stock,USD,2023-12-19,2023-12-19
CDLX,NASDAQ,Stock,USD,2018-02-09,2026-06-17
CDMO,NASDAQ,Stock,USD,2018-01-08,2025-02-05
CDMOP,NASDAQ,Stock,USD,2018-01-08,2021-04-13
CDNA,NASDAQ,Stock,USD,2014-07-17,2026-06-17
CDNL,NASDAQ,Stock,USD,2025-12-10,2026-06-17
CDNS,NASDAQ,Stock,USD,1990-03-26,2026-06-17
CDORO,NASDAQ,Stock,USD,2016-01-04,2016-04-22
CDORP,NASDAQ,Stock,USD,2016-01-06,2016-04-22
CDP,NYSE,Stock,USD,1991-12-31,2026-06-17
CDR,NYSE,Stock,USD,1993-02-19,2022-08-22
CDR-P-B,NYSE,Stock,USD,2012-05-24,2026-06-17
CDR-P-C,NYSE,Stock,USD,2017-08-18,2026-06-17
CDRE,NYSE,Stock,USD,2021-11-04,2026-06-17
CDRO,NASDAQ,Stock,USD,2021-12-01,2026-06-17
CDROW,NASDAQ,Stock,USD,2021-01-27,2026-06-17
CDT,NASDAQ,Stock,USD,2023-09-25,2026-06-17
CDTG,NASDAQ,Stock,USD,2024-04-18,2026-06-17
CDTTW,NASDAQ,Stock,USD,2023-09-25,2026-06-17
CDTX,NASDAQ,Stock,USD,2015-04-15,2026-01-07
CDW,NASDAQ,Stock,USD,2013-06-27,2026-06-17
CDXS,NASDAQ,Stock,USD,2010-04-22,2026-06-17
CDZI,NASDAQ,Stock,USD,1990-03-26,2026-06-17
CDZIP,NASDAQ,Stock,USD,2021-06-30,2026-06-17
CE,NYSE,Stock,USD,2005-01-21,2026-06-17
CEADW,NASDAQ,Stock,USD,2026-05-28,2026-06-17
CEAI,NYSE,Stock,USD,2017-09-20,2018-05-30
CEB,NYSE,Stock,USD,1999-02-23,2017-07-14
CECO,NASDAQ,Stock,USD,1992-09-29,2026-06-17
CEFD,NYSE,Stock,USD,2020-06-03,2026-06-17
CEG,NYSE,Stock,USD,2006-12-28,2013-03-20
CEG,NASDAQ,Stock,USD,2022-02-02,2026-06-17
CEGVV,NASDAQ,Stock,USD,2022-01-19,2022-02-01
CELC,NASDAQ,Stock,USD,2017-09-20,2026-06-17
CELG,NASDAQ,Stock,USD,1990-03-26,2019-11-22
CELG-R,NYSE,Stock,USD,2019-12-02,2026-06-17
CELGR,NYSE,Stock,USD,2019-12-02,2026-06-17
CELGZ,NASDAQ,Stock,USD,2010-10-06,2019-11-29
CELH,NASDAQ,Stock,USD,2016-01-04,2026-06-17
CELL,NASDAQ,Stock,USD,2020-07-17,2023-10-02
CELU,NASDAQ,Stock,USD,2019-08-08,2026-06-17
CELUW,NASDAQ,Stock,USD,2019-07-19,2026-06-17
CELZ,NASDAQ,Stock,USD,2015-11-06,2026-06-17
CEMI,NASDAQ,Stock,USD,2004-05-05,2023-04-27
CEMP,NASDAQ,Stock,USD,2012-02-06,2017-11-03
CENH,NASDAQ,Stock,USD,2021-04-01,2021-09-03
CENHU,NASDAQ,Stock,USD,2021-02-04,2021-09-03
CENN,NASDAQ,Stock,USD,2024-02-27,2026-06-17
CENN,NASDAQ,Stock,USD,2009-12-16,2024-02-26
CENQU,NASDAQ,Stock,USD,2021-08-13,2023-02-15
CENT,NASDAQ,Stock,USD,1993-07-15,2026-06-17
CENTA,NASDAQ,Stock,USD,2007-02-06,2026-06-17
CENX,NASDAQ,Stock,USD,1996-03-29,2026-06-17
CEO,NYSE,Stock,USD,2001-02-27,2026-06-17
CEP,NASDAQ,Stock,USD,2024-08-13,2026-06-17
CEP,NYSE,Stock,USD,2026-02-06,2026-05-28
CEPF,NASDAQ,Stock,USD,2025-08-21,2026-06-17
CEPO,NASDAQ,Stock,USD,2025-01-07,2026-06-17
CEPS,NASDAQ,Stock,USD,2026-02-05,2026-06-17
CEPT,NASDAQ,Stock,USD,2025-05-02,2026-06-17
CEPU,NYSE,Stock,USD,2018-02-02,2026-06-17
CEPV,NASDAQ,Stock,USD,2025-11-04,2026-06-17
CEQP,NYSE,Stock,USD,2001-07-26,2023-11-03
CEQP-P,NYSE,Stock,USD,2018-06-15,2023-11-17
CERCU,NASDAQ,Stock,USD,2015-10-15,2015-11-12
CERCW,NASDAQ,Stock,USD,2015-11-16,2018-10-17
CERCZ,NASDAQ,Stock,USD,2015-11-16,2017-04-20
CERE,NASDAQ,Stock,USD,2012-02-22,2016-08-02
CERE,NASDAQ,Stock,USD,2020-10-28,2024-08-01
CEREW,NASDAQ,Stock,USD,2020-10-28,2021-08-30
CERN,NASDAQ,Stock,USD,1990-03-26,2022-09-08
CERS,NASDAQ,Stock,USD,1997-01-31,2026-06-17
CERT,NASDAQ,Stock,USD,2020-12-11,2026-06-17
CERU,NASDAQ,Stock,USD,2014-04-10,2017-07-20
CETC,NASDAQ,Stock,USD,2001-01-02,2017-10-16
CETU,NASDAQ,Stock,USD,2023-03-24,2024-07-31
CETUR,NASDAQ,Stock,USD,2023-03-24,2024-07-31
CETUU,NASDAQ,Stock,USD,2023-01-31,2024-08-01
CETUW,NASDAQ,Stock,USD,2023-03-24,2024-07-31
CETV,NASDAQ,Stock,USD,1994-10-14,2020-10-13
CETX,NASDAQ,Stock,USD,2015-06-25,2026-06-17
CETXW,NASDAQ,Stock,USD,2017-02-17,2022-01-27
CETY,NASDAQ,Stock,USD,2013-02-07,2026-06-17
CEVA,NASDAQ,Stock,USD,2002-11-01,2026-06-17
CF,NYSE,Stock,USD,2005-08-11,2026-06-17
CFACU,NASDAQ,Stock,USD,2020-11-13,2021-08-17
CFB,NASDAQ,Stock,USD,2019-08-15,2026-06-17
CFBI,NASDAQ,Stock,USD,2017-04-28,2021-01-20
CFBK,NASDAQ,Stock,USD,1998-12-30,2026-06-17
CFC-P-B,NYSE,Stock,USD,2014-09-22,2018-06-05
CFCB,NASDAQ,Stock,USD,2015-10-30,2017-06-19
CFCO,NASDAQ,Stock,USD,2013-09-17,2017-11-30
CFCOU,NASDAQ,Stock,USD,2016-05-20,2017-11-30
CFCOW,NASDAQ,Stock,USD,2016-07-20,2017-11-30
CFFA,NASDAQ,Stock,USD,2019-02-05,2020-11-17
CFFAU,NASDAQ,Stock,USD,2018-12-13,2020-11-17
CFFAW,NASDAQ,Stock,USD,2019-01-31,2020-11-17
CFFE,NASDAQ,Stock,USD,2021-05-05,2023-11-29
CFFEU,NASDAQ,Stock,USD,2021-03-12,2023-11-29
CFFI,NASDAQ,Stock,USD,1998-05-07,2026-06-17
CFFN,NASDAQ,Stock,USD,1999-04-01,2026-06-17
CFFS,NASDAQ,Stock,USD,2022-02-11,2026-06-17
CFFSU,NASDAQ,Stock,USD,2021-12-16,2026-06-17
CFFSW,NASDAQ,Stock,USD,2022-02-11,2026-06-17
CFFVU,NASDAQ,Stock,USD,2021-01-29,2022-01-25
CFG,NYSE,Stock,USD,2014-09-24,2026-06-17
CFG-P-D,NYSE,Stock,USD,2019-01-23,2024-07-05
CFG-P-E,NYSE,Stock,USD,2019-10-22,2026-06-17
CFG-P-H,NYSE,Stock,USD,2024-05-29,2026-06-17
CFG-P-I,NYSE,Stock,USD,2025-08-05,2026-06-17
CFG-P-I,NYSE,Stock,USD,2025-08-01,2025-08-05
CFI,NYSE,Stock,USD,1990-03-26,2017-07-12
CFIIU,NASDAQ,Stock,USD,2020-08-27,2021-03-08
CFIV,NASDAQ,Stock,USD,2021-02-16,2023-12-07
CFIVU,NASDAQ,Stock,USD,2020-12-23,2023-12-07
CFIVW,NASDAQ,Stock,USD,2021-02-16,2023-12-07
CFL,NYSE,Stock,USD,2008-11-03,2010-05-12
CFLT,NASDAQ,Stock,USD,2021-06-24,2026-03-17
CFMS,NASDAQ,Stock,USD,2015-07-01,2023-09-05
CFN,NYSE,Stock,USD,2009-08-21,2015-03-17
CFND,NYSE,Stock,USD,2025-08-07,2026-06-17
CFNL,NASDAQ,Stock,USD,1998-07-17,2017-05-01
CFR,NYSE,Stock,USD,1990-03-26,2026-06-17
CFR-P-A,NYSE,Stock,USD,2014-09-22,2020-03-13
CFR-P-A-CL,NYSE,Stock,USD,2020-02-18,2020-03-13
CFR-P-B,NYSE,Stock,USD,2020-11-13,2026-06-17
CFRXW,NASDAQ,Stock,USD,2016-01-04,2017-01-31
CFRXZ,NASDAQ,Stock,USD,2014-09-24,2015-10-28
CFSB,NASDAQ,Stock,USD,2022-01-13,2025-11-03
CFSG,NASDAQ,Stock,USD,2006-09-15,2011-11-21
CFTR-P-A,NYSE,Stock,USD,2026-04-09,2026-06-17
CFVIU,NASDAQ,Stock,USD,2021-02-19,2022-09-16
CFX 5.75,NYSE,Stock,USD,2019-01-09,2022-01-14
CG,NASDAQ,Stock,USD,2012-05-03,2026-06-17
CGABL,NASDAQ,Stock,USD,2021-05-19,2026-06-17
CGAU,NYSE,Stock,USD,2016-01-04,2026-06-17
CGBD,NASDAQ,Stock,USD,2017-06-14,2026-06-17
CGBDL,NASDAQ,Stock,USD,2023-11-22,2026-06-17
CGC,NASDAQ,Stock,USD,2014-04-07,2026-06-17
CGCTU,NASDAQ,Stock,USD,2025-05-02,2026-06-08
CGEM,NASDAQ,Stock,USD,2021-01-08,2026-06-17
CGEN,NASDAQ,Stock,USD,2000-08-11,2026-06-17
CGG,NYSE,Stock,USD,1997-05-07,2018-10-01
CGI,NYSE,Stock,USD,1994-01-21,2018-04-03
CGNT,NASDAQ,Stock,USD,1992-12-15,2018-04-23
CGNT,NASDAQ,Stock,USD,2021-02-02,2026-06-17
CGNX,NASDAQ,Stock,USD,1989-10-09,2026-06-17
CGON,NASDAQ,Stock,USD,2024-01-25,2026-06-17
CGRB,NASDAQ,Stock,USD,2007-02-08,2009-07-24
CGROU,NASDAQ,Stock,USD,2020-05-01,2021-04-05
CGROW,NASDAQ,Stock,USD,2020-06-26,2021-04-05
CGTL,NASDAQ,Stock,USD,2024-11-26,2026-06-17
CGTX,NASDAQ,Stock,USD,2021-10-08,2026-06-17
CGX,NYSE,Stock,USD,2006-12-28,2014-01-31
CHA,NASDAQ,Stock,USD,2025-04-17,2026-06-17
CHA,NYSE,Stock,USD,2002-11-14,2021-01-15
CHAA,AMEX,Stock,USD,2021-04-05,2026-06-17
CHAA-U,NYSE,Stock,USD,2021-02-12,2023-03-27
CHAC,NASDAQ,Stock,USD,2025-05-19,2026-03-27
CHACR,NASDAQ,Stock,USD,2025-05-19,2026-03-27
CHACU,NASDAQ,Stock,USD,2025-04-25,2026-03-27
CHAI,NASDAQ,Stock,USD,2017-09-22,2026-06-17
CHAP,NYSE,Stock,USD,2017-05-19,2020-10-14
CHAR,NASDAQ,Stock,USD,2024-11-26,2026-06-17
CHARR,NASDAQ,Stock,USD,2024-11-26,2026-06-17
CHARU,NASDAQ,Stock,USD,2024-10-24,2026-06-17
CHBT,NASDAQ,Stock,USD,2011-07-05,2013-11-12
CHC,NYSE,Stock,USD,2010-01-25,2014-07-09
CHCI,NASDAQ,Stock,USD,2004-12-14,2026-06-17
CHCO,NASDAQ,Stock,USD,1993-02-19,2026-06-17
CHCT,NYSE,Stock,USD,2015-05-21,2026-06-17
CHD,NYSE,Stock,USD,1986-03-06,2026-06-17
CHDN,NASDAQ,Stock,USD,1993-03-29,2026-06-17
CHDX,NASDAQ,Stock,USD,1994-08-19,2014-10-07
CHE,NYSE,Stock,USD,1973-05-03,2026-06-17
CHEA,NASDAQ,Stock,USD,2022-06-27,2024-02-15
CHEAU,NASDAQ,Stock,USD,2022-04-28,2024-02-15
CHEAW,NASDAQ,Stock,USD,2022-06-24,2023-10-19
CHEB-U,AMEX,Stock,USD,2024-06-07,2025-08-07
CHEC,NASDAQ,Stock,USD,2025-11-11,2026-06-17
CHECU,NASDAQ,Stock,USD,2025-09-16,2026-06-17
CHECW,NASDAQ,Stock,USD,2025-11-11,2026-06-17
CHEF,NASDAQ,Stock,USD,2011-07-28,2026-06-17
CHEK,NASDAQ,Stock,USD,2015-03-04,2025-11-26
CHEKW,NASDAQ,Stock,USD,2015-03-20,2020-02-20
CHEKZ,NASDAQ,Stock,USD,2018-05-04,2023-05-01
CHEV,NASDAQ,Stock,USD,2016-01-04,2016-05-31
CHFN,NASDAQ,Stock,USD,2002-08-02,2018-08-31
CHFW-WS,AMEX,Stock,USD,2021-01-11,2021-08-11
CHG,NYSE,Stock,USD,2011-07-07,2022-11-04
CHGG,NYSE,Stock,USD,2013-11-13,2026-06-17
CHH,NYSE,Stock,USD,1996-10-16,2026-06-17
CHIC,NASDAQ,Stock,USD,1999-10-20,2024-02-23
CHK,NASDAQ,Stock,USD,1993-02-16,2024-10-04
CHK-P-D,NYSE,Stock,USD,2014-09-22,2021-02-09
CHKAQ,NYSE,Stock,USD,2021-03-17,2021-05-17
CHKP,NASDAQ,Stock,USD,1996-06-28,2026-06-17
CHL,NYSE,Stock,USD,1997-10-22,2026-06-17
CHLN,NASDAQ,Stock,USD,2005-11-17,2016-02-26
CHMA,NASDAQ,Stock,USD,2015-07-16,2021-09-15
CHMG,NASDAQ,Stock,USD,1999-01-04,2026-06-17
CHMI,NYSE,Stock,USD,2013-10-04,2026-06-17
CHMI-P-A,NYSE,Stock,USD,2017-08-11,2026-06-17
CHMI-P-B,NYSE,Stock,USD,2019-02-05,2026-06-17
CHMT,NYSE,Stock,USD,2010-10-25,2017-07-17
CHNG,NASDAQ,Stock,USD,2019-06-27,2022-10-03
CHNG 6,NASDAQ,Stock,USD,2019-06-27,2022-06-29
CHNGV,NASDAQ,Stock,USD,2020-03-06,2020-03-12
CHNR,NASDAQ,Stock,USD,1995-08-07,2026-06-17
CHOP,NASDAQ,Stock,USD,2007-04-17,2015-11-24
CHOW,AMEX,Stock,USD,2025-09-16,2026-06-17
CHPG,NASDAQ,Stock,USD,2025-06-20,2026-06-17
CHPGR,NASDAQ,Stock,USD,2025-06-20,2026-06-17
CHPGU,NASDAQ,Stock,USD,2025-05-28,2026-06-17
CHPM,NASDAQ,Stock,USD,2020-01-10,2022-05-25
CHPMU,NASDAQ,Stock,USD,2019-11-22,2022-04-22
CHPMW,NASDAQ,Stock,USD,2020-01-10,2022-04-22
CHPT,NYSE,Stock,USD,2019-09-16,2026-06-17
CHPT-WS,NYSE,Stock,USD,2019-09-16,2021-07-02
CHQGF,NYSE,Stock,USD,2009-03-17,2009-10-06
CHR,NASDAQ,Stock,USD,2024-09-10,2026-06-17
CHR,NASDAQ,Stock,USD,2018-09-12,2024-09-09
CHRD,NASDAQ,Stock,USD,2001-01-02,2010-05-10
CHRD,NASDAQ,Stock,USD,2020-11-20,2026-06-17
CHRM,NASDAQ,Stock,USD,2010-05-05,2014-10-02
CHRN,NASDAQ,Stock,USD,2014-01-16,2026-06-17
CHRS,NASDAQ,Stock,USD,2014-11-06,2026-06-17
CHRW,NASDAQ,Stock,USD,1997-10-16,2026-06-17
CHS,NYSE,Stock,USD,1993-03-24,2024-01-05
CHSCL,NASDAQ,Stock,USD,2015-01-15,2026-06-17
CHSCM,NASDAQ,Stock,USD,2014-09-16,2026-06-17
CHSCN,NASDAQ,Stock,USD,2014-03-06,2026-06-17
CHSCO,NASDAQ,Stock,USD,2013-09-23,2026-06-17
CHSCP,NASDAQ,Stock,USD,2003-03-24,2026-06-17
CHSI,NASDAQ,Stock,USD,2008-10-03,2012-07-19
CHSN,NASDAQ,Stock,USD,2023-03-30,2026-06-17
CHSP,NYSE,Stock,USD,2010-01-26,2019-09-26
CHSP-P-A,NYSE,Stock,USD,2010-01-26,2017-07-14
CHSP-P-A-CL,NYSE,Stock,USD,2010-01-26,2017-07-14
CHT,NYSE,Stock,USD,2003-10-09,2026-06-17
CHTP,NASDAQ,Stock,USD,2005-11-10,2014-07-01
CHTR,NASDAQ,Stock,USD,2010-01-05,2026-06-17
CHTT,NASDAQ,Stock,USD,1992-11-06,2010-03-29
CHU,NYSE,Stock,USD,2000-06-21,2026-06-17
CHUBA,NASDAQ,Stock,USD,2016-07-22,2018-05-21
CHUBK,NASDAQ,Stock,USD,2016-07-22,2018-05-21
CHUX,NASDAQ,Stock,USD,2008-09-10,2013-05-17
CHUY,NASDAQ,Stock,USD,2012-07-24,2024-10-11
CHWA,NASDAQ,Stock,USD,2021-09-27,2022-08-09
CHWAU,NASDAQ,Stock,USD,2021-08-30,2022-08-09
CHWAW,NASDAQ,Stock,USD,2021-09-24,2022-08-09
CHWY,NYSE,Stock,USD,2019-06-14,2026-06-17
CHX,NYSE,Stock,USD,2018-04-27,2020-06-03
CHX,NASDAQ,Stock,USD,2018-04-27,2025-07-16
CHX-W,NYSE,Stock,USD,2020-05-29,2020-06-05
CHYM,NASDAQ,Stock,USD,2025-06-12,2026-06-17
CHYR,NASDAQ,Stock,USD,2001-05-25,2015-03-17
CI,NYSE,Stock,USD,1982-03-31,2026-06-17
CIA,NYSE,Stock,USD,1988-12-05,2026-06-17
CIB,NYSE,Stock,USD,1995-07-26,2026-06-17
CIC-U,NYSE,Stock,USD,2017-08-16,2019-07-31
CIC-WS,NYSE,Stock,USD,2017-10-06,2019-07-31
CICB,NYSE,Stock,USD,2024-10-09,2026-06-17
CICC,NYSE,Stock,USD,2026-02-12,2026-06-17
CIE,NYSE,Stock,USD,2009-12-16,2017-12-14
CIEN,NYSE,Stock,USD,1997-02-07,2026-06-17
CIFC,NASDAQ,Stock,USD,2016-01-04,2016-11-22
CIFR,NASDAQ,Stock,USD,2020-12-07,2026-06-17
CIFRW,NASDAQ,Stock,USD,2020-12-07,2026-06-17
CIG,NYSE,Stock,USD,1996-11-18,2026-06-17
CIG-C,NYSE,Stock,USD,2014-09-22,2026-06-17
CIGI,NASDAQ,Stock,USD,1995-01-20,2026-06-17
CIH,NASDAQ,Stock,USD,2019-06-12,2023-04-17
CIIC,NASDAQ,Stock,USD,2020-02-03,2021-03-24
CIICU,NASDAQ,Stock,USD,2019-12-13,2021-03-24
CIICW,NASDAQ,Stock,USD,2020-02-13,2021-03-24
CIIG,NASDAQ,Stock,USD,2021-11-05,2023-04-28
CIIGU,NASDAQ,Stock,USD,2021-09-15,2023-04-28
CIIT,NASDAQ,Stock,USD,2001-01-02,2026-06-17
CIM,NYSE,Stock,USD,2007-11-16,2026-06-17
CIM-P-A,NYSE,Stock,USD,2016-10-18,2026-06-17
CIM-P-B,NYSE,Stock,USD,2017-03-01,2026-06-17
CIM-P-C,NYSE,Stock,USD,2018-09-14,2026-06-17
CIM-P-D,NYSE,Stock,USD,2019-01-16,2026-06-17
CIMN,NYSE,Stock,USD,2024-05-28,2026-06-17
CIMO,NYSE,Stock,USD,2024-08-22,2026-06-17
CIMP,NYSE,Stock,USD,2025-09-18,2026-06-17
CINC,NASDAQ,Stock,USD,2022-01-07,2023-02-24
CINF,NASDAQ,Stock,USD,1990-03-26,2026-06-17
CING,NASDAQ,Stock,USD,2021-12-08,2026-06-17
CINGW,NASDAQ,Stock,USD,2021-12-08,2026-06-17
CINT,NYSE,Stock,USD,2021-11-10,2026-06-17
CIO,NYSE,Stock,USD,2014-04-15,2026-01-08
CIO-P-A,NYSE,Stock,USD,2016-10-06,2026-01-12
CION,NYSE,Stock,USD,2021-10-05,2026-06-17
CIR,NYSE,Stock,USD,1999-10-18,2023-10-18
CIS,NYSE,Stock,USD,2010-07-21,2014-03-28
CISN,NYSE,Stock,USD,2017-05-22,2020-02-03
CISO,NASDAQ,Stock,USD,2020-06-26,2026-06-17
CISS,NASDAQ,Stock,USD,2023-06-22,2026-06-17
CISSV,NASDAQ,Stock,USD,2023-06-14,2023-06-21
CIT,NYSE,Stock,USD,2009-12-10,2022-01-03
CITE,NASDAQ,Stock,USD,2022-02-25,2026-06-17
CITEU,NASDAQ,Stock,USD,2022-01-05,2026-06-17
CITEW,NASDAQ,Stock,USD,2022-02-25,2026-06-17
CITP,NASDAQ,Stock,USD,2004-10-05,2010-04-22
CITR,AMEX,Stock,USD,2025-12-04,2026-06-17
CIVB,NASDAQ,Stock,USD,2001-01-02,2026-06-17
CIVBP,NASDAQ,Stock,USD,2014-02-03,2019-12-19
CIVI,NYSE,Stock,USD,2011-12-15,2026-01-29
CIVI,NYSE,Stock,USD,2014-09-17,2019-04-02
CIX,AMEX,Stock,USD,1998-03-06,2026-06-17
CIXX,NYSE,Stock,USD,2020-11-02,2020-11-17
CJ,NYSE,Stock,USD,2017-01-12,2019-10-30
CJES,NYSE,Stock,USD,2011-07-29,2016-07-20
CJMB,NASDAQ,Stock,USD,2025-02-05,2026-06-17
CKEC,NASDAQ,Stock,USD,2016-01-04,2016-12-29
CKH,NYSE,Stock,USD,2018-01-29,2021-04-15
CKNN,NYSE,Stock,USD,1996-04-01,2009-09-28
CKP,NYSE,Stock,USD,1986-11-12,2016-05-23
CKPT,NASDAQ,Stock,USD,2016-12-19,2025-05-30
CKR,NYSE,Stock,USD,2001-01-02,2011-07-20
CKSW,NASDAQ,Stock,USD,2000-06-22,2015-07-21
CKX,AMEX,Stock,USD,1999-07-13,2026-06-17
CKXE,NASDAQ,Stock,USD,2011-06-21,2011-07-08
CL,NYSE,Stock,USD,1977-01-03,2026-06-17
CLA,NYSE,Stock,USD,2014-06-18,2017-06-23
CLA-CL,NYSE,Stock,USD,2017-05-30,2017-06-23
CLA-U,NYSE,Stock,USD,2020-10-09,2021-03-11
CLA-U,NYSE,Stock,USD,2020-08-21,2020-10-08
CLAA,NYSE,Stock,USD,2021-04-30,2023-03-10
CLAA-U,NYSE,Stock,USD,2021-03-10,2023-03-10
CLAA-WS,NYSE,Stock,USD,2021-04-30,2023-03-10
CLAC,NASDAQ,Stock,USD,2013-07-03,2017-07-11
CLACU,NASDAQ,Stock,USD,2013-05-10,2017-07-11
CLACW,NASDAQ,Stock,USD,2014-10-08,2017-07-11
CLAQR,NASDAQ,Stock,USD,2021-08-04,2022-09-12
CLAQU,NASDAQ,Stock,USD,2021-07-15,2022-09-12
CLAR,NASDAQ,Stock,USD,1998-05-27,2026-06-17
CLAS,NYSE,Stock,USD,2021-03-08,2022-12-29
CLAS-U,NYSE,Stock,USD,2021-01-15,2022-12-29
CLAS-WS,NYSE,Stock,USD,2021-03-08,2022-12-29
CLAY,NASDAQ,Stock,USD,2021-08-13,2023-12-21
CLAY,NASDAQ,Stock,USD,2006-03-24,2009-09-28
CLAYU,NASDAQ,Stock,USD,2021-07-20,2023-12-21
CLB,NYSE,Stock,USD,1995-09-21,2026-06-17
CLBH,NASDAQ,Stock,USD,2001-01-02,2017-03-13
CLBK,NASDAQ,Stock,USD,2018-04-20,2026-06-17
CLBR,NYSE,Stock,USD,2024-01-11,2026-06-17
CLBR-U,NYSE,Stock,USD,2021-06-10,2022-12-23
CLBR-U,NYSE,Stock,USD,2021-06-09,2026-06-17
CLBR-WS,NYSE,Stock,USD,2024-01-11,2026-06-17
CLBT,NASDAQ,Stock,USD,2021-08-31,2026-06-17
CLBTW,NASDAQ,Stock,USD,2020-11-03,2026-06-17
CLC,NYSE,Stock,USD,1990-03-26,2017-07-10
CLCD,NASDAQ,Stock,USD,2015-05-06,2017-03-02
CLCO,NYSE,Stock,USD,2023-03-17,2026-01-12
CLCT,NASDAQ,Stock,USD,1999-11-05,2021-02-08
CLDA,NASDAQ,Stock,USD,2001-01-02,2011-05-02
CLDB,NASDAQ,Stock,USD,2001-01-02,2021-11-01
CLDCW,NASDAQ,Stock,USD,2014-10-22,2017-08-17
CLDI,AMEX,Stock,USD,2021-11-01,2026-06-17
CLDI-WS,AMEX,Stock,USD,2023-09-13,2023-09-15
CLDR,NYSE,Stock,USD,2017-04-28,2021-10-11
CLDT,NYSE,Stock,USD,2010-04-16,2026-06-17
CLDT-P-A,NYSE,Stock,USD,2021-06-25,2026-06-17
CLDX,NASDAQ,Stock,USD,1990-03-26,2026-06-17
CLF,NYSE,Stock,USD,1987-11-05,2026-06-17
CLFC,NASDAQ,Stock,USD,2001-01-02,2011-12-12
CLFD,NASDAQ,Stock,USD,1986-08-07,2026-06-17
CLGN,NASDAQ,Stock,USD,2018-01-30,2026-06-17
CLGX,NYSE,Stock,USD,1990-03-23,2021-06-08
CLH,NYSE,Stock,USD,1990-03-26,2026-06-17
CLII-U,NYSE,Stock,USD,2020-09-30,2021-07-01
CLIK,NASDAQ,Stock,USD,2024-10-09,2026-06-17
CLIM-U,NYSE,Stock,USD,2021-01-27,2022-12-08
CLINR,NASDAQ,Stock,USD,2022-04-18,2023-12-22
CLINU,NASDAQ,Stock,USD,2022-02-24,2023-12-22
CLINW,NASDAQ,Stock,USD,2022-04-18,2023-12-22
CLIR,NASDAQ,Stock,USD,2012-04-25,2026-06-17
CLIRW,NASDAQ,Stock,USD,2017-01-27,2019-01-25
CLLS,NASDAQ,Stock,USD,2015-03-25,2026-06-17
CLMB,NASDAQ,Stock,USD,1995-07-18,2026-06-17
CLMS,NASDAQ,Stock,USD,2004-10-28,2017-02-22
CLMT,NASDAQ,Stock,USD,2006-01-26,2024-07-10
CLMT,NASDAQ,Stock,USD,2024-07-11,2026-06-17
CLNE,NASDAQ,Stock,USD,2007-05-25,2026-06-17
CLNN,NASDAQ,Stock,USD,2020-12-31,2026-06-17
CLNNW,NASDAQ,Stock,USD,2020-12-31,2026-06-17
CLNS,NYSE,Stock,USD,2014-06-27,2018-06-22
CLNS-P-A,NYSE,Stock,USD,2017-01-12,2017-05-24
CLNS-P-A-CL,NYSE,Stock,USD,2017-05-25,2017-06-22
CLNS-P-B,NYSE,Stock,USD,2017-01-11,2018-06-22
CLNS-P-C,NYSE,Stock,USD,2017-01-11,2017-10-12
CLNS-P-D,NYSE,Stock,USD,2017-01-11,2018-06-29
CLNS-P-E,NYSE,Stock,USD,2017-01-11,2018-06-22
CLNS-P-F,NYSE,Stock,USD,2017-01-11,2017-05-24
CLNS-P-F-CL,NYSE,Stock,USD,2017-05-25,2017-06-22
CLNS-P-G,NYSE,Stock,USD,2017-01-12,2018-06-22
CLNS-P-H,NYSE,Stock,USD,2017-01-11,2018-06-22
CLNT,NASDAQ,Stock,USD,2007-12-27,2018-01-05
CLNY-P-B,NYSE,Stock,USD,2017-01-11,2020-01-09
CLNY-P-B-CL,NYSE,Stock,USD,2019-12-12,2020-01-09
CLNY-P-E,NYSE,Stock,USD,2017-01-11,2020-01-09
CLNY-P-E-CL,NYSE,Stock,USD,2019-12-12,2020-01-09
CLNY1,NYSE,Stock,USD,2009-09-24,2017-01-18
CLOER,NASDAQ,Stock,USD,2021-09-10,2025-01-14
CLOV,NASDAQ,Stock,USD,2020-06-12,2026-06-17
CLOVW,NASDAQ,Stock,USD,2021-01-11,2021-08-23
CLP,NYSE,Stock,USD,1994-02-02,2013-10-17
CLPR,NYSE,Stock,USD,2017-02-10,2026-06-17
CLPS,NASDAQ,Stock,USD,2018-05-24,2026-06-17
CLPT,NASDAQ,Stock,USD,2016-08-08,2026-06-17
CLPT,NYSE,Stock,USD,2012-05-22,2020-02-11
CLRB,NASDAQ,Stock,USD,2005-11-10,2026-06-17
CLRBW,NASDAQ,Stock,USD,2014-08-15,2019-08-20
CLRBZ,NASDAQ,Stock,USD,2016-04-20,2021-04-16
CLRCU,NASDAQ,Stock,USD,2022-04-28,2026-06-17
CLRM,NASDAQ,Stock,USD,2021-03-23,2022-12-29
CLRMU,NASDAQ,Stock,USD,2021-01-29,2022-12-07
CLRMW,NASDAQ,Stock,USD,2021-03-23,2022-12-07
CLRO,NASDAQ,Stock,USD,1995-08-18,2026-06-17
CLS,NYSE,Stock,USD,1998-06-30,2026-06-17
CLSK,NASDAQ,Stock,USD,2016-01-29,2026-06-17
CLSKW,NASDAQ,Stock,USD,2024-11-04,2026-06-17
CLSP,NYSE,Stock,USD,2008-10-22,2013-10-17
CLST,NASDAQ,Stock,USD,2021-10-13,2026-06-17
CLTX,NASDAQ,Stock,USD,2014-01-07,2015-09-18
CLUB,NYSE,Stock,USD,2006-06-02,2026-06-17
CLV,NYSE,Stock,USD,2013-02-19,2016-02-08
CLVS,NASDAQ,Stock,USD,2023-01-03,2023-01-03
CLVT,NYSE,Stock,USD,2018-10-29,2026-06-17
CLVT-P-A,NYSE,Stock,USD,2021-06-10,2024-05-31
CLW,NYSE,Stock,USD,2008-12-05,2026-06-17
CLWR,NASDAQ,Stock,USD,2007-03-08,2013-10-17
CLWT,NASDAQ,Stock,USD,1997-03-14,2026-06-17
CLX,NYSE,Stock,USD,1983-03-21,2026-06-17
CLXT,NASDAQ,Stock,USD,2017-07-20,2023-05-31
CLYM,NASDAQ,Stock,USD,2021-08-10,2026-06-17
CLZR,NASDAQ,Stock,USD,2001-01-02,2010-01-22
CM,NYSE,Stock,USD,1997-11-13,2026-06-17
CMA,NYSE,Stock,USD,1990-03-26,2026-01-30
CMA-P-B,NYSE,Stock,USD,2025-08-15,2026-01-30
CMA-WS,NYSE,Stock,USD,1980-03-17,2018-11-09
CMAX,NASDAQ,Stock,USD,2020-09-21,2024-11-27
CMAXW,NASDAQ,Stock,USD,2020-09-28,2024-11-27
CMBT,NYSE,Stock,USD,2015-01-23,2026-06-17
CMC,NYSE,Stock,USD,1987-11-05,2026-06-17
CMCL,AMEX,Stock,USD,2017-06-29,2026-06-17
CMCM,NYSE,Stock,USD,2014-05-08,2026-06-17
CMCO,NASDAQ,Stock,USD,1996-02-28,2026-06-17
CMCSA,NASDAQ,Stock,USD,1988-07-07,2026-06-17
CMCSK,NASDAQ,Stock,USD,1990-03-26,2015-12-21
CMCSV,NASDAQ,Stock,USD,2025-12-15,2026-06-17
CMCT,NASDAQ,Stock,USD,1995-08-18,2026-06-17
CMCTP,NASDAQ,Stock,USD,2018-09-18,2023-01-27
CMD,NYSE,Stock,USD,1993-02-19,2021-06-02
CMDB,NYSE,Stock,USD,2025-05-07,2026-06-17
CMDB-W,NYSE,Stock,USD,2025-05-01,2025-05-06
CME,NASDAQ,Stock,USD,2002-12-06,2026-06-17
CMFNL,NASDAQ,Stock,USD,2018-07-13,2021-04-23
CMG,NYSE,Stock,USD,2006-01-26,2026-06-17
CMGE,NASDAQ,Stock,USD,2012-09-26,2015-08-18
CMI,NYSE,Stock,USD,1984-12-18,2026-06-17
CMII,NASDAQ,Stock,USD,2026-05-28,2026-06-17
CMIIU,NASDAQ,Stock,USD,2026-02-11,2026-06-17
CMIIU,NASDAQ,Stock,USD,2021-02-23,2021-09-01
CMIIW,NASDAQ,Stock,USD,2026-05-28,2026-06-17
CML,NYSE,Stock,USD,2011-02-10,2011-11-30
CMLFU,NASDAQ,Stock,USD,2020-09-02,2021-07-22
CMLP,NYSE,Stock,USD,2011-12-16,2015-10-08
CMLSQ,NASDAQ,Stock,USD,2017-12-01,2026-03-20
CMLT,NASDAQ,Stock,USD,2021-06-03,2021-12-17
CMLTU,NASDAQ,Stock,USD,2021-04-07,2021-12-17
CMMB,NASDAQ,Stock,USD,2019-02-12,2026-06-17
CMND,NASDAQ,Stock,USD,2021-08-16,2026-06-17
CMO,NYSE,Stock,USD,1987-11-05,2021-10-18
CMO-P-E,NYSE,Stock,USD,2014-09-22,2021-10-18
CMOS,NASDAQ,Stock,USD,1993-10-28,2009-09-29
CMP,NYSE,Stock,USD,2003-12-12,2026-06-17
CMPI,NASDAQ,Stock,USD,2020-08-07,2022-05-31
CMPOV,NASDAQ,Stock,USD,2025-02-20,2026-06-17
CMPOW,NASDAQ,Stock,USD,2020-11-19,2026-06-17
CMPR,NASDAQ,Stock,USD,2005-09-30,2026-06-17
CMPS,NASDAQ,Stock,USD,2020-09-18,2026-06-17
CMPX,NASDAQ,Stock,USD,2021-04-05,2026-06-17
CMRC,NASDAQ,Stock,USD,2020-08-05,2026-05-28
CMRC,NASDAQ,Stock,USD,2025-08-01,2026-06-17
CMRE,NYSE,Stock,USD,2010-11-04,2026-06-17
CMRE-P-B,NYSE,Stock,USD,2014-09-22,2026-06-17
CMRE-P-C,NYSE,Stock,USD,2014-09-22,2026-06-17
CMRE-P-D,NYSE,Stock,USD,2015-05-15,2026-06-17
CMRE-P-E,NYSE,Stock,USD,2018-01-26,2024-07-12
CMRE-W,NYSE,Stock,USD,2025-05-01,2025-05-06
CMRO,NASDAQ,Stock,USD,1976-10-15,2019-08-22
CMRX,NASDAQ,Stock,USD,2013-04-11,2026-06-17
CMS,NYSE,Stock,USD,1984-12-31,2026-06-17
CMS-P-B,NYSE,Stock,USD,2014-09-22,2026-06-17
CMS-P-C,NYSE,Stock,USD,2021-06-25,2026-06-17
CMSA,NYSE,Stock,USD,2018-03-12,2026-06-17
CMSB,NASDAQ,Stock,USD,2007-04-04,2015-05-06
CMSC,NYSE,Stock,USD,2018-10-01,2026-06-17
CMSD,NYSE,Stock,USD,2019-02-21,2026-06-17
CMSSR,NASDAQ,Stock,USD,2017-11-06,2019-05-01
CMSSU,NASDAQ,Stock,USD,2017-10-26,2019-05-01
CMT,AMEX,Stock,USD,1988-09-16,2026-06-17
CMTA,NASDAQ,Stock,USD,2017-08-02,2019-04-17
CMTG,NYSE,Stock,USD,2021-11-03,2026-06-17
CMTL,NASDAQ,Stock,USD,1992-02-18,2026-06-17
CMTV,NASDAQ,Stock,USD,2001-01-02,2026-06-17
CMVT,NASDAQ,Stock,USD,2013-02-04,2013-02-21
CNA,NYSE,Stock,USD,1985-07-11,2026-06-17
CNACR,NASDAQ,Stock,USD,2017-08-10,2019-08-29
CNACU,NASDAQ,Stock,USD,2017-06-20,2019-08-26
CNBC,NASDAQ,Stock,USD,1996-05-30,2014-07-08
CNBKA,NASDAQ,Stock,USD,1990-03-27,2021-11-12
CNC,NYSE,Stock,USD,2001-12-13,2026-06-17
CNCE,NASDAQ,Stock,USD,2014-02-13,2023-03-06
CNCK,NASDAQ,Stock,USD,2024-12-10,2026-06-17
CNCKW,NASDAQ,Stock,USD,2024-12-11,2026-06-17
CNCO,NYSE,Stock,USD,2010-04-05,2017-06-16
CND,NYSE,Stock,USD,2021-01-28,2022-12-19
CND-U,NYSE,Stock,USD,2020-12-08,2022-12-12
CNDB-U,NYSE,Stock,USD,2021-11-04,2024-03-26
CNDO,NASDAQ,Stock,USD,2011-11-17,2015-04-27
CNDT,NASDAQ,Stock,USD,2017-01-03,2026-06-17
CNDT-W,NYSE,Stock,USD,2016-12-13,2016-12-30
CNDWS,NYSE,Stock,USD,2021-01-28,2023-02-16
CNEP,NYSE,Stock,USD,2012-06-21,2013-10-17
CNET,NASDAQ,Stock,USD,2009-08-14,2026-06-17
CNEY,NASDAQ,Stock,USD,2021-02-05,2026-06-17
CNF,NYSE,Stock,USD,2018-11-13,2026-06-17
CNFRL,NASDAQ,Stock,USD,2018-10-31,2023-09-29
CNGL,NYSE,Stock,USD,2024-07-30,2026-05-28
CNH,NYSE,Stock,USD,2013-09-30,2026-06-17
CNH,NYSE,Stock,USD,2001-01-02,2013-10-17
CNI,NYSE,Stock,USD,1996-11-26,2026-06-17
CNIT,NASDAQ,Stock,USD,2006-09-12,2018-06-04
CNK,NYSE,Stock,USD,2007-04-24,2026-06-17
CNL,NYSE,Stock,USD,2016-01-04,2026-05-28
CNL,AMEX,Stock,USD,2021-07-15,2026-06-17
CNM,NYSE,Stock,USD,2021-07-22,2026-06-17
CNMD,NYSE,Stock,USD,1990-03-26,2026-06-17
CNNB,NASDAQ,Stock,USD,2017-06-13,2023-11-01
CNNE,NYSE,Stock,USD,2017-11-20,2026-06-17
CNNX,NYSE,Stock,USD,2014-09-25,2018-01-03
CNO,NYSE,Stock,USD,2003-09-10,2026-06-17
CNO-P-A,NYSE,Stock,USD,2020-11-30,2026-06-17
CNOB,NASDAQ,Stock,USD,1996-05-30,2026-06-17
CNOBP,NASDAQ,Stock,USD,2021-08-13,2026-06-17
CNP,NYSE,Stock,USD,1970-01-02,2026-06-17
CNP-P-B,NYSE,Stock,USD,2018-09-26,2021-08-31
CNQ,NYSE,Stock,USD,2000-07-31,2026-06-17
CNQR,NASDAQ,Stock,USD,1998-12-16,2014-12-04
CNR,NYSE,Stock,USD,2017-11-14,2026-06-17
CNR,NYSE,Stock,USD,1992-04-06,2022-07-22
CNS,NYSE,Stock,USD,2004-08-16,2026-06-17
CNSI,NASDAQ,Stock,USD,2012-10-24,2015-09-08
CNSL,NASDAQ,Stock,USD,2005-07-22,2024-12-27
CNSP,NASDAQ,Stock,USD,2019-11-08,2026-06-17
CNST,NASDAQ,Stock,USD,2018-07-19,2021-07-15
CNTA,NASDAQ,Stock,USD,2021-05-28,2026-06-17
CNTB,NASDAQ,Stock,USD,2021-03-19,2025-09-02
CNTB,NASDAQ,Stock,USD,2025-09-03,2026-06-17
CNTF,NASDAQ,Stock,USD,2005-05-06,2019-09-18
CNTF,NASDAQ,Stock,USD,2005-05-06,2023-11-01
CNTN,NASDAQ,Stock,USD,2022-01-12,2026-06-17
CNTQ,NASDAQ,Stock,USD,2021-08-24,2022-10-10
CNTQU,NASDAQ,Stock,USD,2021-08-11,2022-10-07
CNTX,NASDAQ,Stock,USD,2021-10-20,2026-06-17
CNTY,NASDAQ,Stock,USD,1993-11-10,2026-06-17
CNU,NYSE,Stock,USD,2010-11-01,2011-10-04
CNV,NASDAQ,Stock,USD,2014-11-20,2017-07-10
CNVR,NASDAQ,Stock,USD,2000-03-31,2014-12-10
CNVS,NASDAQ,Stock,USD,2003-11-10,2026-06-17
CNVY,NYSE,Stock,USD,2021-06-16,2022-10-28
CNW,NYSE,Stock,USD,1980-01-02,2015-10-30
CNX,NYSE,Stock,USD,1999-04-30,2026-06-17
CNXC,NASDAQ,Stock,USD,2020-11-24,2026-06-17
CNXC,NYSE,Stock,USD,2015-07-01,2017-11-28
CNXCV,NASDAQ,Stock,USD,2020-11-24,2020-11-30
CNXM,NYSE,Stock,USD,2018-01-04,2020-09-29
CNXN,NASDAQ,Stock,USD,1998-03-03,2026-06-17
CNXR,NASDAQ,Stock,USD,2014-12-12,2018-04-27
CNXU,NASDAQ,Stock,USD,2026-05-21,2026-06-17
CNYD,NASDAQ,Stock,USD,2016-01-04,2016-07-11
COAG,NASDAQ,Stock,USD,2026-05-01,2026-06-17
COB,NASDAQ,Stock,USD,2016-01-04,2016-11-02
COBK,NASDAQ,Stock,USD,2005-06-30,2015-03-31
COBR,NASDAQ,Stock,USD,1975-06-30,2014-10-08
COBZ,NASDAQ,Stock,USD,1998-06-18,2018-09-28
COCH,NASDAQ,Stock,USD,2021-04-29,2026-06-17
COCHW,NASDAQ,Stock,USD,2021-04-23,2026-06-17
COCO,NASDAQ,Stock,USD,2021-10-21,2026-06-17
COCO,NASDAQ,Stock,USD,1999-02-05,2015-02-13
COCP,NASDAQ,Stock,USD,2011-05-19,2026-06-17
CODA,NASDAQ,Stock,USD,2003-10-17,2026-06-17
CODE,NYSE,Stock,USD,2010-05-18,2015-03-12
CODI,NYSE,Stock,USD,2006-05-18,2026-06-17
CODI-P-A,NYSE,Stock,USD,2017-06-20,2026-06-17
CODI-P-B,NYSE,Stock,USD,2018-03-06,2026-06-17
CODI-P-C,NYSE,Stock,USD,2019-11-14,2026-06-17
CODX,NASDAQ,Stock,USD,2017-07-12,2026-06-17
COE,AMEX,Stock,USD,2016-06-10,2026-06-17
COEPW,NASDAQ,Stock,USD,2020-12-17,2026-04-27
COF,NYSE,Stock,USD,1994-11-16,2026-06-17
COF-P-C,NYSE,Stock,USD,2014-06-11,2019-11-29
COF-P-C-CL,NYSE,Stock,USD,2019-10-22,2019-11-29
COF-P-D,NYSE,Stock,USD,2014-10-30,2019-11-29
COF-P-D-CL,NYSE,Stock,USD,2019-10-22,2019-11-29
COF-P-I,NYSE,Stock,USD,2019-09-05,2026-06-17
COF-P-J,NYSE,Stock,USD,2020-01-29,2026-06-17
COF-P-K,NYSE,Stock,USD,2020-09-11,2026-06-17
COF-P-L,NYSE,Stock,USD,2021-04-30,2026-06-17
COF-P-N,NYSE,Stock,USD,2021-07-27,2026-06-17
COF-P-P,NYSE,Stock,USD,2012-08-23,2020-02-28
COF-P-P-CL,NYSE,Stock,USD,2020-02-03,2020-02-28
COF-WS,NYSE,Stock,USD,1994-11-16,2018-11-09
COFS,NASDAQ,Stock,USD,2001-12-31,2026-06-17
COGT,NASDAQ,Stock,USD,2007-12-27,2018-04-13
COGT,NASDAQ,Stock,USD,2018-03-29,2026-06-17
COH,NYSE,Stock,USD,2000-10-06,2017-10-30
COHN,AMEX,Stock,USD,2004-05-06,2026-06-17
COHR,NYSE,Stock,USD,1990-03-26,2026-06-17
COHR,NASDAQ,Stock,USD,1990-03-26,2022-07-01
COHU,NASDAQ,Stock,USD,1986-11-12,2026-06-17
COIA,NYSE,Stock,USD,2025-09-10,2026-06-17
COIN,NASDAQ,Stock,USD,2021-04-14,2026-06-17
COKE,NASDAQ,Stock,USD,1990-03-26,2026-06-17
COL,NYSE,Stock,USD,2001-06-15,2018-11-26
COLA,NASDAQ,Stock,USD,2025-03-17,2026-06-17
COLAR,NASDAQ,Stock,USD,2025-03-17,2026-06-17
COLAU,NASDAQ,Stock,USD,2025-01-23,2026-06-17
COLB,NASDAQ,Stock,USD,1992-06-16,2026-06-17
COLD,NYSE,Stock,USD,2018-01-19,2026-06-17
COLE,NYSE,Stock,USD,2013-06-20,2014-02-07
COLI,NASDAQ,Stock,USD,2021-04-16,2022-12-20
COLIU,NASDAQ,Stock,USD,2021-02-24,2022-12-20
COLIW,NASDAQ,Stock,USD,2021-04-16,2022-12-20
COLL,NASDAQ,Stock,USD,2015-05-07,2026-06-17
COLM,NASDAQ,Stock,USD,1998-03-27,2026-06-17
COMP,NYSE,Stock,USD,2021-04-01,2026-06-17
CON,NYSE,Stock,USD,2024-07-25,2026-06-17
CON-W,NYSE,Stock,USD,2024-11-20,2026-06-17
CONE,NASDAQ,Stock,USD,2013-01-18,2022-03-25
CONN,NASDAQ,Stock,USD,2026-02-06,2026-06-17
CONXU,NASDAQ,Stock,USD,2020-10-30,2024-07-25
COO,NASDAQ,Stock,USD,1983-12-30,2026-06-17
COOK,NYSE,Stock,USD,2021-07-29,2026-06-17
COOL,NASDAQ,Stock,USD,2021-02-19,2026-06-17
COOL,NASDAQ,Stock,USD,1999-08-17,2026-05-28
COOLU,NASDAQ,Stock,USD,2020-12-17,2026-06-17
COOLW,NASDAQ,Stock,USD,2021-02-19,2026-06-17
COOP,NASDAQ,Stock,USD,2012-03-28,2025-10-01
COOT,NASDAQ,Stock,USD,2024-03-21,2026-06-17
COOTW,NASDAQ,Stock,USD,2020-12-10,2026-06-17
COP,NYSE,Stock,USD,1981-12-31,2026-06-17
COPL-U,NYSE,Stock,USD,2025-05-01,2026-06-17
COPL-WS,NYSE,Stock,USD,2025-06-02,2026-06-17
COR,NYSE,Stock,USD,2010-09-23,2021-12-28
COR,NYSE,Stock,USD,1995-04-04,2026-06-17
COR-P-A,NYSE,Stock,USD,2010-09-23,2017-12-11
CORE,NASDAQ,Stock,USD,2005-04-13,2021-09-01
CORI,NASDAQ,Stock,USD,2014-04-03,2018-11-27
CORS,NYSE,Stock,USD,2021-08-24,2023-07-06
CORS-U,NYSE,Stock,USD,2021-07-01,2023-07-06
CORS-WS,NYSE,Stock,USD,2021-08-24,2023-07-06
CORSQ,NASDAQ,Stock,USD,1991-05-07,2012-11-05
CORT,NASDAQ,Stock,USD,2004-04-14,2026-06-17
CORV,NASDAQ,Stock,USD,2003-07-17,2020-05-27
CORZ,NASDAQ,Stock,USD,2024-01-24,2026-06-17
CORZW,NASDAQ,Stock,USD,2024-01-24,2026-06-17
CORZW,NASDAQ,Stock,USD,2021-04-08,2022-12-30
CORZZ,NASDAQ,Stock,USD,2024-01-24,2026-06-17
COSI,NASDAQ,Stock,USD,2002-11-22,2016-10-07
COSM,NASDAQ,Stock,USD,2012-10-11,2026-06-17
COSO,NYSE,Stock,USD,2017-09-07,2026-06-17
COST,NASDAQ,Stock,USD,1986-07-09,2026-06-17
COTV,NYSE,Stock,USD,2016-05-26,2018-08-27
COTY,NYSE,Stock,USD,2013-06-13,2026-06-17
COTY-W,NYSE,Stock,USD,2016-09-21,2016-10-04
COUP,NASDAQ,Stock,USD,2016-10-06,2023-02-28
COUP,NASDAQ,Stock,USD,2014-03-07,2015-10-20
COUR,NYSE,Stock,USD,2021-03-31,2026-06-17
COV,NYSE,Stock,USD,2007-06-14,2015-02-03
COVA,NASDAQ,Stock,USD,2021-03-31,2022-12-20
COVAU,NASDAQ,Stock,USD,2021-02-05,2022-12-20
COVAW,NASDAQ,Stock,USD,2021-04-01,2022-12-20
COVS,NASDAQ,Stock,USD,2013-09-26,2017-07-27
COWN,NASDAQ,Stock,USD,2006-07-13,2023-03-01
COWNL,NASDAQ,Stock,USD,2018-06-13,2023-03-01
COWNL,NASDAQ,Stock,USD,2014-10-30,2018-01-05
COWNZ,NASDAQ,Stock,USD,2017-12-15,2021-04-22
COYA,NASDAQ,Stock,USD,2022-12-29,2026-06-17
COYNW,NASDAQ,Stock,USD,2015-11-13,2017-09-18
CP,NYSE,Stock,USD,1983-12-30,2026-06-17
CPA,NYSE,Stock,USD,2005-12-15,2026-06-17
CPAA,NASDAQ,Stock,USD,2021-09-30,2023-08-11
CPAAU,NASDAQ,Stock,USD,2021-08-10,2023-08-11
CPAAU,NASDAQ,Stock,USD,2016-07-15,2020-10-28
CPAAW,NASDAQ,Stock,USD,2016-09-15,2026-05-28
CPAC,NYSE,Stock,USD,2012-02-22,2026-06-17
CPAH,NASDAQ,Stock,USD,2004-04-07,2021-02-26
CPAQ,NASDAQ,Stock,USD,2022-04-05,2023-02-24
CPAQU,NASDAQ,Stock,USD,2022-02-09,2023-02-24
CPAQW,NASDAQ,Stock,USD,2022-04-01,2023-02-24
CPAR,NASDAQ,Stock,USD,2021-07-15,2023-01-31
CPARU,NASDAQ,Stock,USD,2021-05-18,2023-01-31
CPARW,NASDAQ,Stock,USD,2021-07-14,2023-01-31
CPAY,NYSE,Stock,USD,2010-12-15,2026-06-17
CPB,NASDAQ,Stock,USD,1985-07-01,2026-06-17
CPBI,NASDAQ,Stock,USD,2023-10-20,2026-06-17
CPE,NYSE,Stock,USD,1990-03-26,2024-04-11
CPE-P-A,NYSE,Stock,USD,2014-09-22,2019-07-17
CPE-P-A-CL,NYSE,Stock,USD,2019-06-19,2019-07-17
CPF,NYSE,Stock,USD,1990-03-26,2026-06-17
CPGI,NASDAQ,Stock,USD,2010-12-10,2015-09-15
CPGX,NYSE,Stock,USD,2015-07-01,2016-07-01
CPHC,NASDAQ,Stock,USD,2008-09-08,2026-06-17
CPHD,NASDAQ,Stock,USD,2000-06-22,2016-11-08
CPHI,AMEX,Stock,USD,2002-04-17,2026-06-17
CPHR,NASDAQ,Stock,USD,2006-02-02,2017-08-28
CPIX,NASDAQ,Stock,USD,2009-08-11,2026-06-17
CPK,NYSE,Stock,USD,1990-03-26,2026-06-17
CPL,NYSE,Stock,USD,2004-09-29,2020-02-05
CPLA,NASDAQ,Stock,USD,2006-11-10,2018-08-01
CPLG,NYSE,Stock,USD,2018-05-31,2022-03-03
CPLP,NASDAQ,Stock,USD,2007-03-30,2024-08-23
CPN,NYSE,Stock,USD,2008-01-10,2026-06-17
CPNG,NYSE,Stock,USD,2021-03-11,2026-06-17
CPOP,NASDAQ,Stock,USD,2021-06-30,2026-06-17
CPPL,NYSE,Stock,USD,2015-02-06,2017-07-10
CPRI,NYSE,Stock,USD,2011-12-15,2026-06-17
CPRT,NASDAQ,Stock,USD,1994-03-17,2026-06-17
CPRX,NASDAQ,Stock,USD,2006-11-08,2026-06-17
CPRY,NYSE,Stock,USD,2025-01-02,2026-06-17
CPS,NYSE,Stock,USD,2010-05-27,2026-06-17
CPSH,NASDAQ,Stock,USD,1997-05-09,2026-06-17
CPSL,NASDAQ,Stock,USD,2014-05-27,2018-05-15
CPSR,NYSE,Stock,USD,2020-08-24,2026-06-17
CPSR-U,NYSE,Stock,USD,2020-07-02,2022-01-13
CPSS,NASDAQ,Stock,USD,1993-02-22,2026-06-17
CPT,NYSE,Stock,USD,1993-07-22,2026-06-17
CPTAG,NASDAQ,Stock,USD,2017-06-02,2022-06-21
CPTAL,NASDAQ,Stock,USD,2017-05-23,2022-06-21
CPTK,NYSE,Stock,USD,2021-04-01,2024-02-20
CPTK-U,NYSE,Stock,USD,2021-02-09,2024-02-15
CPTN,NASDAQ,Stock,USD,2022-02-11,2025-01-07
CPTNW,NASDAQ,Stock,USD,2021-03-23,2025-01-07
CPUH,NYSE,Stock,USD,2021-03-29,2023-08-01
CPUH-U,NYSE,Stock,USD,2021-02-05,2023-08-01
CPUH-WS,NYSE,Stock,USD,2021-03-29,2023-08-01
CPV,NYSE,Stock,USD,2001-01-02,2013-03-04
CPXX,NASDAQ,Stock,USD,2016-01-04,2016-07-13
CPZ,NASDAQ,Stock,USD,2019-11-26,2026-06-17
CQB,NYSE,Stock,USD,1986-08-01,2015-01-13
CQH,NYSE,Stock,USD,2013-12-13,2018-12-18
CQP,NYSE,Stock,USD,2007-03-21,2026-06-17
CR,NYSE,Stock,USD,2023-03-29,2026-06-17
CR-W,NYSE,Stock,USD,2023-03-29,2023-04-03
CRA,NASDAQ,Stock,USD,1993-07-01,2011-05-27
CRAC,NASDAQ,Stock,USD,2025-12-09,2026-06-17
CRACR,NASDAQ,Stock,USD,2025-12-09,2026-06-17
CRACU,NASDAQ,Stock,USD,2025-11-07,2026-06-17
CRACU,NASDAQ,Stock,USD,2025-05-23,2026-05-28
CRACW,NASDAQ,Stock,USD,2025-12-09,2026-06-17
CRAI,NASDAQ,Stock,USD,1998-04-24,2026-06-17
CRAN,NASDAQ,Stock,USD,2026-01-12,2026-06-17
CRANR,NASDAQ,Stock,USD,2026-01-12,2026-06-17
CRANU,NASDAQ,Stock,USD,2025-12-16,2026-06-17
CRAQ,NASDAQ,Stock,USD,2025-06-23,2026-06-17
CRAQR,NASDAQ,Stock,USD,2025-06-23,2026-06-17
CRAY,NASDAQ,Stock,USD,1995-09-27,2019-09-25
CRBC,NASDAQ,Stock,USD,2006-12-28,2013-04-12
CRBD,NYSE,Stock,USD,2024-12-06,2026-06-17
CRBG,NYSE,Stock,USD,2022-09-15,2026-06-17
CRBP,NASDAQ,Stock,USD,2014-11-11,2026-06-17
CRBU,NASDAQ,Stock,USD,2021-07-23,2026-06-17
CRC,NYSE,Stock,USD,2014-11-13,2020-07-16
CRC,NYSE,Stock,USD,2020-10-28,2026-06-17
CRCA,NYSE,Stock,USD,2025-08-07,2026-06-17
CRCL,NYSE,Stock,USD,2025-06-04,2026-06-17
CRCM,NYSE,Stock,USD,2014-01-24,2020-02-10
CRCO,NYSE,Stock,USD,2017-10-02,2026-06-17
CRCT,NASDAQ,Stock,USD,2021-03-25,2026-06-17
CRD-A,NYSE,Stock,USD,1992-03-19,2026-06-17
CRD-B,NYSE,Stock,USD,1990-01-12,2026-06-17
CRDA,NYSE,Stock,USD,2001-08-16,2018-11-05
CRDF,NASDAQ,Stock,USD,2004-07-27,2026-06-17
CRDL,NASDAQ,Stock,USD,2019-01-15,2026-06-17
CRDO,NASDAQ,Stock,USD,2022-01-27,2026-06-17
CRDS,NASDAQ,Stock,USD,1999-10-21,2017-08-28
CRE,NASDAQ,Stock,USD,2025-07-23,2026-06-17
CREG,NASDAQ,Stock,USD,2004-11-24,2026-06-17
CRESW,NASDAQ,Stock,USD,2021-06-25,2026-03-10
CRESY,NASDAQ,Stock,USD,1997-03-19,2026-06-17
CREV,NASDAQ,Stock,USD,2023-11-03,2026-06-17
CREVW,NASDAQ,Stock,USD,2023-11-03,2026-06-17
CREX,NASDAQ,Stock,USD,2013-05-31,2026-06-17
CREXW,NASDAQ,Stock,USD,2018-11-15,2023-11-17
CRGEQ,NASDAQ,Stock,USD,2017-10-05,2024-05-06
CRGO,NASDAQ,Stock,USD,2021-11-17,2026-06-17
CRGOW,NASDAQ,Stock,USD,2021-11-11,2026-06-17
CRGX,NASDAQ,Stock,USD,2023-11-10,2025-08-19
CRGY,NYSE,Stock,USD,2021-12-08,2026-06-17
CRH,NYSE,Stock,USD,1993-02-19,2026-06-17
CRHC-U,NYSE,Stock,USD,2020-09-09,2022-11-10
CRHCF,NYSE,Stock,USD,2007-07-17,2023-09-22
CRI,NYSE,Stock,USD,2003-10-24,2026-06-17
CRIS,NASDAQ,Stock,USD,2000-08-01,2026-06-17
CRK,NYSE,Stock,USD,1990-03-26,2026-06-17
CRL,NYSE,Stock,USD,2000-06-23,2026-06-17
CRM,NYSE,Stock,USD,2004-06-23,2026-06-17
CRMD,NASDAQ,Stock,USD,2010-05-13,2026-06-17
CRME,NASDAQ,Stock,USD,2003-07-15,2018-05-16
CRML,NASDAQ,Stock,USD,2024-02-27,2026-06-17
CRMLW,NASDAQ,Stock,USD,2024-02-28,2026-06-17
CRMT,NASDAQ,Stock,USD,1993-11-09,2026-06-17
CRN,NYSE,Stock,USD,1990-01-02,2011-08-22
CRNC,NASDAQ,Stock,USD,2019-09-16,2026-06-17
CRNT,NASDAQ,Stock,USD,2000-08-04,2026-06-17
CRNX,NASDAQ,Stock,USD,2018-07-18,2026-06-17
CRON,NASDAQ,Stock,USD,2016-07-12,2026-06-17
CROX,NASDAQ,Stock,USD,2006-02-08,2026-06-17
CRR,NYSE,Stock,USD,1996-04-23,2019-12-20
CRRC,NASDAQ,Stock,USD,1990-03-27,2015-06-05
CRRS,NASDAQ,Stock,USD,2016-01-04,2021-02-24
CRS,NYSE,Stock,USD,1987-11-05,2026-06-17
CRSP,NASDAQ,Stock,USD,2016-10-19,2026-06-17
CRSR,NASDAQ,Stock,USD,2020-09-23,2026-06-17
CRT,NYSE,Stock,USD,1992-02-28,2026-06-17
CRTO,NASDAQ,Stock,USD,2013-10-30,2026-06-17
CRU,NYSE,Stock,USD,2021-02-25,2022-11-30
CRU-U,NYSE,Stock,USD,2021-01-05,2022-11-30
CRUS,NASDAQ,Stock,USD,1990-03-26,2026-06-17
CRUX,NYSE,Stock,USD,2026-03-16,2026-06-17
CRV,NYSE,Stock,USD,1992-03-17,2015-08-19
CRVL,NASDAQ,Stock,USD,1991-06-28,2026-06-17
CRVO,NASDAQ,Stock,USD,2016-01-04,2026-06-17
CRVP,NYSE,Stock,USD,1994-01-14,2018-03-26
CRVS,NASDAQ,Stock,USD,2016-03-23,2026-06-17
CRWD,NASDAQ,Stock,USD,2019-06-12,2026-06-17
CRWN,NASDAQ,Stock,USD,2000-05-05,2016-05-03
CRWS,NASDAQ,Stock,USD,2003-10-07,2026-06-17
CRWV,NASDAQ,Stock,USD,2025-03-28,2026-06-17
CRXP,NYSE,Stock,USD,2025-12-11,2026-06-17
CRY,NASDAQ,Stock,USD,2026-04-28,2026-06-17
CRZN,NASDAQ,Stock,USD,2021-06-10,2023-03-24
CRZNU,NASDAQ,Stock,USD,2021-03-24,2023-03-24
CRZNW,NASDAQ,Stock,USD,2021-05-17,2023-03-24
CRZO,NASDAQ,Stock,USD,1997-08-06,2019-12-20
CS,NYSE,Stock,USD,1995-05-16,2023-06-13
CSAI,NASDAQ,Stock,USD,2025-01-30,2026-06-17
CSAN,NYSE,Stock,USD,2021-03-08,2026-06-17
CSAN-W,NYSE,Stock,USD,2021-03-08,2021-03-10
CSBK,NASDAQ,Stock,USD,2004-05-11,2018-04-02
CSBR,NASDAQ,Stock,USD,2007-02-02,2026-06-17
CSC,NYSE,Stock,USD,2001-01-02,2017-04-10
CSCD,NASDAQ,Stock,USD,2016-01-04,2016-07-05
CSCI,NASDAQ,Stock,USD,2000-05-10,2026-06-17
CSCO,NASDAQ,Stock,USD,1990-03-26,2026-06-17
CSE,NYSE,Stock,USD,2003-08-07,2014-04-07
CSFL,NASDAQ,Stock,USD,2001-01-30,2020-06-05
CSGP,NASDAQ,Stock,USD,1998-07-01,2026-06-17
CSGS,NASDAQ,Stock,USD,1996-02-28,2026-05-14
CSH,NYSE,Stock,USD,2016-01-04,2016-09-09
CSHR,NASDAQ,Stock,USD,2026-04-01,2026-06-17
CSHRW,NASDAQ,Stock,USD,2026-04-01,2026-06-17
CSII,NASDAQ,Stock,USD,2006-06-28,2023-05-11
CSIO,NYSE,Stock,USD,2025-12-10,2026-06-17
CSIQ,NASDAQ,Stock,USD,2006-11-09,2026-06-17
CSKI,NASDAQ,Stock,USD,2012-03-08,2014-08-12
CSL,NYSE,Stock,USD,1987-11-05,2026-06-17
CSLM,NASDAQ,Stock,USD,2022-03-07,2026-06-17
CSLMF,NASDAQ,Stock,USD,2025-01-21,2025-10-22
CSLMU,NASDAQ,Stock,USD,2022-01-13,2026-06-17
CSLMW,NASDAQ,Stock,USD,2022-03-07,2026-06-17
CSLT,NYSE,Stock,USD,2014-03-14,2022-02-17
CSNR,NYSE,Stock,USD,2025-02-05,2026-06-17
CSOD,NASDAQ,Stock,USD,2011-03-17,2021-10-15
CSPI,NASDAQ,Stock,USD,1990-03-27,2026-06-17
CSPR,NYSE,Stock,USD,2020-02-06,2022-01-24
CSR,NYSE,Stock,USD,1997-10-17,2026-06-17
CSR,NYSE,Stock,USD,2007-10-29,2011-09-15
CSR-P-C,NYSE,Stock,USD,2017-09-26,2024-09-27
CSRA,NYSE,Stock,USD,2015-11-30,2018-04-04
CSRE,NYSE,Stock,USD,2011-09-12,2026-06-17
CSS,NYSE,Stock,USD,1992-03-17,2020-03-03
CSSD,NYSE,Stock,USD,2025-12-10,2026-06-17
CST,NYSE,Stock,USD,2013-04-17,2017-06-28
CSTA,NYSE,Stock,USD,2024-01-12,2024-01-12
CSTA-U,NYSE,Stock,USD,2024-01-12,2024-01-12
CSTA-WS,NYSE,Stock,USD,2024-01-12,2024-01-12
CSTE,NASDAQ,Stock,USD,2012-03-22,2026-06-17
CSTL,NASDAQ,Stock,USD,2019-07-25,2026-06-17
CSTM,NYSE,Stock,USD,2013-05-23,2026-06-17
CSTR,NASDAQ,Stock,USD,2016-09-22,2024-04-12
CSV,NYSE,Stock,USD,1996-08-09,2026-06-17
CSW,NYSE,Stock,USD,2015-10-01,2026-06-17
CSWC,NASDAQ,Stock,USD,1990-03-27,2026-06-17
CSWCL,NASDAQ,Stock,USD,2017-12-18,2021-01-20
CSWI,NYSE,Stock,USD,2026-02-06,2026-06-17
CSX,NASDAQ,Stock,USD,1980-11-03,2026-06-17
CTA-P-A,NYSE,Stock,USD,2002-07-01,2026-06-17
CTA-P-B,NYSE,Stock,USD,1998-01-02,2026-06-17
CTAA,NASDAQ,Stock,USD,2016-02-01,2026-06-17
CTAAR,NASDAQ,Stock,USD,2026-04-16,2026-06-17
CTAAU,NASDAQ,Stock,USD,2026-02-24,2026-06-17
CTAC,NYSE,Stock,USD,2020-12-11,2021-09-30
CTAC-U,NYSE,Stock,USD,2020-10-22,2021-09-30
CTAC-WS,NYSE,Stock,USD,2020-12-14,2021-09-30
CTACU,NASDAQ,Stock,USD,2018-10-05,2020-03-05
CTAQ,NASDAQ,Stock,USD,2021-02-01,2023-02-14
CTAQU,NASDAQ,Stock,USD,2020-12-10,2023-02-14
CTAQW,NASDAQ,Stock,USD,2021-02-01,2023-02-14
CTAS,NASDAQ,Stock,USD,1990-03-26,2026-06-17
CTBI,NASDAQ,Stock,USD,1993-05-17,2026-06-17
CTCM,NASDAQ,Stock,USD,2006-05-31,2016-05-26
CTCT,NASDAQ,Stock,USD,2007-10-11,2016-02-10
CTCXW,NASDAQ,Stock,USD,2023-07-17,2023-07-28
CTEST,NYSE,Stock,USD,2019-07-25,2026-06-17
CTEST-A,NYSE,Stock,USD,2019-07-25,2026-06-17
CTEST-B,NYSE,Stock,USD,2019-07-25,2019-08-07
CTEST-C,NYSE,Stock,USD,2019-07-25,2019-08-07
CTEST-D,NYSE,Stock,USD,2019-07-25,2019-08-07
CTEST-E,NYSE,Stock,USD,2019-07-25,2019-08-07
CTEST-F,NYSE,Stock,USD,2019-07-25,2019-08-07
CTEST-G,NYSE,Stock,USD,2019-07-25,2019-08-07
CTEST-H,NYSE,Stock,USD,2019-07-25,2019-08-07
CTEST-I,NYSE,Stock,USD,2019-07-25,2019-08-07
CTEST-J,NYSE,Stock,USD,2019-07-25,2019-08-07
CTEST-K,NYSE,Stock,USD,2019-07-25,2019-08-07
CTEST-L,NYSE,Stock,USD,2019-07-25,2019-08-07
CTEST-M,NYSE,Stock,USD,2019-07-25,2019-08-07
CTEST-N,NYSE,Stock,USD,2019-07-25,2019-08-07
CTEST-O,NYSE,Stock,USD,2019-07-25,2019-08-07
CTEST-P,NYSE,Stock,USD,2019-07-25,2019-08-30
CTEST-Q,NYSE,Stock,USD,2019-07-25,2019-08-07
CTEST-R,NYSE,Stock,USD,2019-07-25,2019-08-07
CTEST-S,NYSE,Stock,USD,2019-07-25,2019-08-07
CTEST-T,NYSE,Stock,USD,2019-07-25,2019-08-07
CTEST-U,NYSE,Stock,USD,2019-07-25,2019-08-07
CTEST-V,NYSE,Stock,USD,2019-07-25,2019-08-07
CTEST-W,NYSE,Stock,USD,2019-07-25,2019-08-30
CTEST-WD,NYSE,Stock,USD,2019-07-25,2019-08-07
CTEST-WS,NYSE,Stock,USD,2019-07-25,2019-08-07
CTEST-X,NYSE,Stock,USD,2019-07-25,2019-08-07
CTEST-Y,NYSE,Stock,USD,2019-07-25,2019-08-07
CTEST-Z,NYSE,Stock,USD,2019-07-25,2019-08-07
CTEV,NYSE,Stock,USD,2020-04-03,2026-06-17
CTG,NASDAQ,Stock,USD,1988-01-05,2023-12-13
CTGG,NYSE,Stock,USD,2026-06-17,2026-06-17
CTGO,AMEX,Stock,USD,2011-01-10,2026-06-17
CTHH,NYSE,Stock,USD,2026-06-17,2026-06-17
CTIC,NASDAQ,Stock,USD,1997-03-21,2023-06-26
CTKB,NASDAQ,Stock,USD,2021-07-23,2026-06-17
CTLP,NASDAQ,Stock,USD,1999-06-07,2026-05-08
CTLT,NYSE,Stock,USD,2014-07-31,2024-12-18
CTM,AMEX,Stock,USD,2017-09-22,2026-06-17
CTMX,NASDAQ,Stock,USD,2015-10-08,2026-06-17
CTNM,NASDAQ,Stock,USD,2024-04-05,2026-06-17
CTNT,NASDAQ,Stock,USD,2023-08-01,2026-06-17
CTO,NYSE,Stock,USD,1992-09-08,2026-06-17
CTO-P-A,NYSE,Stock,USD,2021-06-29,2026-06-17
CTOR,NASDAQ,Stock,USD,2022-12-08,2026-06-17
CTOS,NYSE,Stock,USD,2024-03-20,2026-06-17
CTP,NYSE,Stock,USD,2010-12-08,2015-06-23
CTQ,NYSE,Stock,USD,2011-06-07,2016-09-06
CTQ-CL,NYSE,Stock,USD,2016-08-19,2016-08-26
CTRA,NYSE,Stock,USD,1990-02-08,2026-05-06
CTRE,NYSE,Stock,USD,2014-05-29,2026-06-17
CTRI,NYSE,Stock,USD,2024-04-18,2026-06-17
CTRL,NASDAQ,Stock,USD,2013-08-02,2019-08-01
CTRM,NASDAQ,Stock,USD,2019-02-11,2026-06-17
CTRMV,NASDAQ,Stock,USD,2023-03-03,2023-03-07
CTRN,NASDAQ,Stock,USD,2005-05-18,2026-06-17
CTRX,NASDAQ,Stock,USD,2006-06-13,2015-07-23
CTS,NYSE,Stock,USD,1987-11-05,2026-06-17
CTSH,NASDAQ,Stock,USD,1998-06-19,2026-06-17
CTSO,NASDAQ,Stock,USD,2013-01-02,2026-06-17
CTST,NASDAQ,Stock,USD,2017-08-24,2020-04-14
CTT,NYSE,Stock,USD,2013-12-12,2022-09-14
CTU,NYSE,Stock,USD,2012-08-03,2018-08-31
CTV,NYSE,Stock,USD,2021-12-01,2025-02-12
CTV,NYSE,Stock,USD,2014-09-30,2020-08-06
CTV-WS,NYSE,Stock,USD,2021-04-05,2025-02-21
CTVA,NYSE,Stock,USD,2019-05-24,2026-06-17
CTW,NYSE,Stock,USD,2012-05-10,2018-08-31
CTW,NASDAQ,Stock,USD,2025-08-06,2026-06-17
CTWO,NYSE,Stock,USD,2025-06-20,2026-06-17
CTWS,NASDAQ,Stock,USD,1992-02-25,2019-10-09
CTX,NYSE,Stock,USD,2012-04-03,2018-08-20
CTXR,NASDAQ,Stock,USD,2017-07-06,2026-06-17
CTXRW,NASDAQ,Stock,USD,2017-08-03,2022-08-08
CTXS,NASDAQ,Stock,USD,1995-12-08,2022-11-02
CTY,NYSE,Stock,USD,2013-05-24,2020-12-11
CTZ,NYSE,Stock,USD,2015-09-22,2020-10-23
CUB,NASDAQ,Stock,USD,2024-08-09,2026-06-17
CUB,NYSE,Stock,USD,1989-02-21,2021-05-25
CUBB,NYSE,Stock,USD,2019-12-23,2026-06-17
CUBE,NYSE,Stock,USD,2004-10-22,2026-06-17
CUBI,NYSE,Stock,USD,2012-02-21,2026-06-17
CUBI-P-C,NYSE,Stock,USD,2015-05-19,2021-09-14
CUBI-P-D,NYSE,Stock,USD,2016-02-02,2021-09-14
CUBI-P-E,NYSE,Stock,USD,2016-05-02,2025-06-13
CUBI-P-F,NYSE,Stock,USD,2016-09-12,2025-12-12
CUBN,NASDAQ,Stock,USD,2006-11-16,2017-12-29
CUBS,NASDAQ,Stock,USD,2013-08-02,2018-07-30
CUBWU,NASDAQ,Stock,USD,2024-06-18,2026-06-17
CUBWW,NASDAQ,Stock,USD,2024-08-09,2026-06-17
CUDA,NYSE,Stock,USD,2013-11-06,2018-02-12
CUE,NASDAQ,Stock,USD,2018-01-02,2026-06-17
CUK,NYSE,Stock,USD,2000-10-23,2026-05-07
CUL,NYSE,Stock,USD,2008-12-08,2011-06-06
CULP,NASDAQ,Stock,USD,1990-03-26,2026-06-17
CUNB,NASDAQ,Stock,USD,2005-11-10,2017-11-02
CUO,NYSE,Stock,USD,1992-03-17,2020-05-19
CUPR,NASDAQ,Stock,USD,2025-04-10,2026-06-17
CURB,NYSE,Stock,USD,2024-09-26,2026-06-17
CURB-W,NYSE,Stock,USD,2024-09-26,2024-09-30
CURI,NASDAQ,Stock,USD,2020-01-08,2026-06-17
CURIW,NASDAQ,Stock,USD,2020-01-07,2025-10-15
CURR,NASDAQ,Stock,USD,2024-09-03,2026-06-17
CURV,NYSE,Stock,USD,2021-07-01,2026-06-17
CURX,NASDAQ,Stock,USD,2025-08-26,2026-06-17
CUZ,NYSE,Stock,USD,1990-03-26,2026-06-17
CUZ-W,NYSE,Stock,USD,2016-10-05,2016-10-06
CV,NASDAQ,Stock,USD,2025-07-02,2026-06-17
CVA,NYSE,Stock,USD,1992-03-17,2021-11-30
CVAC,NASDAQ,Stock,USD,2020-08-14,2026-06-17
CVB,NYSE,Stock,USD,2016-01-13,2017-02-10
CVB-CL,NYSE,Stock,USD,2017-01-30,2017-02-01
CVBF,NASDAQ,Stock,USD,1992-03-17,2026-06-17
CVC,NYSE,Stock,USD,2016-01-04,2016-06-21
CVCO,NASDAQ,Stock,USD,2003-07-01,2026-06-17
CVD,NYSE,Stock,USD,1996-12-17,2015-02-18
CVE,NYSE,Stock,USD,2009-11-17,2026-06-17
CVE-WS,NYSE,Stock,USD,2021-01-06,2026-01-05
CVEO,NYSE,Stock,USD,2014-05-19,2026-06-17
CVET,NASDAQ,Stock,USD,2019-02-05,2022-11-02
CVG,NYSE,Stock,USD,1998-08-13,2018-12-14
CVGI,NASDAQ,Stock,USD,2004-08-09,2026-06-17
CVGW,NASDAQ,Stock,USD,2002-07-22,2026-05-28
CVH,NYSE,Stock,USD,2006-12-28,2013-10-17
CVI,NYSE,Stock,USD,2007-10-23,2026-06-17
CVIA,NYSE,Stock,USD,2018-06-01,2020-06-30
CVII,NASDAQ,Stock,USD,2021-04-05,2026-06-17
CVIIU,NASDAQ,Stock,USD,2021-02-12,2024-08-19
CVIIW,NASDAQ,Stock,USD,2021-04-05,2024-08-19
CVKD,NASDAQ,Stock,USD,2023-01-20,2026-06-17
CVLG,NYSE,Stock,USD,1994-10-28,2026-06-17
CVLT,NASDAQ,Stock,USD,2006-09-22,2026-06-17
CVLY,NASDAQ,Stock,USD,1997-04-25,2024-07-01
CVM,AMEX,Stock,USD,1991-10-10,2026-06-17
CVNA,NYSE,Stock,USD,2017-04-28,2026-06-17
CVNSQ,NASDAQ,Stock,USD,2010-10-27,2015-10-01
CVO,NYSE,Stock,USD,1995-09-22,2018-02-12
CVON,NASDAQ,Stock,USD,2018-02-21,2019-01-04
CVP,AMEX,Stock,USD,2003-12-05,2010-02-04
CVR,AMEX,Stock,USD,1992-02-28,2026-06-17
CVRR,NYSE,Stock,USD,2013-01-17,2019-01-30
CVRS,NYSE,Stock,USD,2014-09-12,2019-11-27
CVRX,NASDAQ,Stock,USD,2021-06-30,2026-06-17
CVS,NYSE,Stock,USD,1984-12-17,2026-06-17
CVSA,NYSE,Stock,USD,1991-06-28,2026-06-17
CVT,NASDAQ,Stock,USD,2021-12-09,2023-06-15
CVT,NYSE,Stock,USD,2013-08-08,2016-12-07
CVU,AMEX,Stock,USD,1993-02-19,2026-06-17
CVV,NASDAQ,Stock,USD,1999-03-01,2026-06-17
CVX,NYSE,Stock,USD,1970-01-02,2026-06-17
CW,NYSE,Stock,USD,1987-11-05,2026-06-17
CWAN,NYSE,Stock,USD,2021-09-24,2026-06-17
CWAY,NASDAQ,Stock,USD,2014-01-15,2018-10-05
CWBC,NASDAQ,Stock,USD,1999-03-08,2026-06-17
CWBC,NASDAQ,Stock,USD,1996-11-19,2024-03-28
CWCO,NASDAQ,Stock,USD,1995-06-01,2026-06-17
CWD,NASDAQ,Stock,USD,2023-05-17,2026-06-17
CWEI,NYSE,Stock,USD,1993-05-24,2017-04-25
CWEN,NYSE,Stock,USD,2013-07-17,2026-06-17
CWEN-A,NYSE,Stock,USD,2015-05-15,2026-05-01
CWENA,NYSE,Stock,USD,2015-05-15,2020-08-31
CWH,NYSE,Stock,USD,2016-10-07,2026-06-17
CWK,NYSE,Stock,USD,2018-08-02,2026-06-17
CWST,NASDAQ,Stock,USD,1997-10-29,2026-06-17
CWT,NYSE,Stock,USD,1990-03-26,2026-06-17
CX,NYSE,Stock,USD,1999-09-15,2026-06-17
CXAC,NYSE,Stock,USD,2022-02-28,2023-10-23
CXAC-U,NYSE,Stock,USD,2022-01-07,2023-10-23
CXAC-WS,NYSE,Stock,USD,2022-02-28,2023-10-23
CXAI,NASDAQ,Stock,USD,2021-02-04,2026-06-17
CXAIW,NASDAQ,Stock,USD,2021-02-04,2026-06-17
CXDO,NASDAQ,Stock,USD,2016-01-04,2026-06-17
CXG,NYSE,Stock,USD,2006-01-19,2011-06-06
CXII,NASDAQ,Stock,USD,2026-06-17,2026-06-17
CXIIU,NASDAQ,Stock,USD,2026-04-28,2026-06-17
CXIIW,NASDAQ,Stock,USD,2026-06-17,2026-06-17
CXM,NYSE,Stock,USD,2021-06-23,2026-06-17
CXO,NYSE,Stock,USD,2007-08-03,2021-01-15
CXP,NYSE,Stock,USD,2013-10-10,2021-12-07
CXR,NYSE,Stock,USD,2006-12-28,2009-05-29
CXRX,NASDAQ,Stock,USD,2015-06-29,2018-06-07
CXS,NYSE,Stock,USD,2009-09-17,2013-10-17
CXT,NYSE,Stock,USD,1984-11-01,2026-06-17
CXT-W,NYSE,Stock,USD,2023-03-29,2023-04-03
CXW,NYSE,Stock,USD,1997-07-15,2026-06-17
CY,NASDAQ,Stock,USD,1989-04-05,2020-04-16
CYAB,NASDAQ,Stock,USD,2026-03-27,2026-06-17
CYBE,NASDAQ,Stock,USD,1991-11-19,2022-11-03
CYBR,NASDAQ,Stock,USD,2014-09-24,2026-02-11
CYBX,NASDAQ,Stock,USD,1993-02-11,2015-10-16
CYCC,NASDAQ,Stock,USD,2026-02-06,2026-06-17
CYCCP,NASDAQ,Stock,USD,2026-02-06,2026-06-17
CYCN,NASDAQ,Stock,USD,2019-04-02,2026-06-17
CYCNV,NASDAQ,Stock,USD,2019-03-18,2019-04-01
CYCU,NASDAQ,Stock,USD,2025-02-18,2026-06-17
CYCUW,NASDAQ,Stock,USD,2025-02-18,2026-06-17
CYD,NYSE,Stock,USD,1994-12-19,2026-06-17
CYDEQ,NASDAQ,Stock,USD,2012-03-05,2013-03-05
CYH,NYSE,Stock,USD,2000-06-09,2026-06-17
CYH-W,NYSE,Stock,USD,2016-04-21,2016-04-29
CYHHZ,NASDAQ,Stock,USD,2014-09-24,2019-01-11
CYN,NYSE,Stock,USD,1990-03-26,2015-11-02
CYN,NASDAQ,Stock,USD,2021-10-20,2026-06-17
CYNA,NASDAQ,Stock,USD,2015-05-20,2016-10-21
CYNI,NYSE,Stock,USD,2013-05-09,2015-08-03
CYNO,NASDAQ,Stock,USD,2016-01-04,2017-03-23
CYOU,NASDAQ,Stock,USD,2009-04-02,2020-04-17
CYPH,NASDAQ,Stock,USD,2017-01-25,2026-06-17
CYPS,NASDAQ,Stock,USD,2007-07-16,2022-09-01
CYRV,NYSE,Stock,USD,2008-12-02,2011-08-08
CYRX,NASDAQ,Stock,USD,2009-01-02,2026-06-17
CYRXW,NASDAQ,Stock,USD,2015-07-24,2020-07-29
CYS,NYSE,Stock,USD,2009-06-16,2018-08-01
CYS-P-A,NYSE,Stock,USD,2014-09-22,2018-07-31
CYS-P-B,NYSE,Stock,USD,2014-09-22,2018-07-31
CYT,NYSE,Stock,USD,1993-12-22,2015-12-16
CYTH,NASDAQ,Stock,USD,2011-02-23,2025-03-26
CYTHW,NASDAQ,Stock,USD,2020-12-09,2026-06-17
CYTK,NASDAQ,Stock,USD,2004-04-29,2026-06-17
CYTT,NASDAQ,Stock,USD,2021-06-18,2024-03-18
CYTXW,NASDAQ,Stock,USD,2016-06-15,2018-12-14
CYXTW,NASDAQ,Stock,USD,2020-11-05,2022-02-28
CZFC,NASDAQ,Stock,USD,1999-03-30,2019-07-01
CZFS,NASDAQ,Stock,USD,2001-01-02,2026-06-17
CZNC,NASDAQ,Stock,USD,1996-05-30,2026-06-17
CZOO-WS,NYSE,Stock,USD,2021-08-27,2023-01-03
CZOOF,NYSE,Stock,USD,2020-12-18,2024-05-21
CZR,NASDAQ,Stock,USD,2014-09-22,2026-06-17
CZR,NASDAQ,Stock,USD,2012-02-08,2020-07-20
CZWI,NASDAQ,Stock,USD,2004-03-30,2026-06-17
CZZ,NYSE,Stock,USD,2007-09-04,2021-03-05
D,NYSE,Stock,USD,1984-10-03,2026-06-17
DAAQ,NASDAQ,Stock,USD,2025-06-02,2026-06-17
DAAQU,NASDAQ,Stock,USD,2025-04-29,2026-06-17
DAAQW,NASDAQ,Stock,USD,2025-06-02,2026-06-17
DAC,NYSE,Stock,USD,2006-10-16,2026-06-17
DADA,NASDAQ,Stock,USD,2020-06-05,2025-06-16
DAEG,NASDAQ,Stock,USD,1996-06-14,2015-11-20
DAIC,NASDAQ,Stock,USD,2025-06-23,2026-06-17
DAICW,NASDAQ,Stock,USD,2025-06-23,2026-06-17
DAIO,NASDAQ,Stock,USD,1990-03-26,2026-06-17
DAKT,NASDAQ,Stock,USD,1994-02-10,2026-06-17
DAL,NYSE,Stock,USD,2007-05-03,2026-06-17
DALN,NASDAQ,Stock,USD,2008-02-11,2025-09-24
DALS,NASDAQ,Stock,USD,2021-07-28,2023-07-28
DAN,NYSE,Stock,USD,2008-01-02,2026-06-17
DANG,NYSE,Stock,USD,2010-12-07,2016-09-28
DAO,NYSE,Stock,USD,2019-10-25,2026-06-17
DAOO,NASDAQ,Stock,USD,2022-01-12,2022-12-21
DAOOU,NASDAQ,Stock,USD,2021-12-07,2022-12-21
DAOOW,NASDAQ,Stock,USD,2022-01-12,2022-12-21
DAR,NYSE,Stock,USD,1994-09-09,2026-06-17
DARA,NASDAQ,Stock,USD,1994-04-07,2015-12-04
DARE,NASDAQ,Stock,USD,2014-04-10,2026-06-17
DASH,NASDAQ,Stock,USD,2020-12-09,2026-06-17
DATA,NYSE,Stock,USD,2013-05-17,2019-08-19
DATE,NASDAQ,Stock,USD,2011-05-10,2016-05-16
DAVA,NYSE,Stock,USD,2018-07-27,2026-06-17
DAVE,NASDAQ,Stock,USD,2021-04-26,2026-06-17
DAVEW,NASDAQ,Stock,USD,2021-04-28,2026-06-17
DAWN,NASDAQ,Stock,USD,2021-05-27,2026-04-23
DAY,NYSE,Stock,USD,2018-04-26,2026-02-03
DB,NYSE,Stock,USD,1996-11-18,2026-06-17
DB-R-W,NYSE,Stock,USD,2017-03-20,2017-03-27
DBCA,NASDAQ,Stock,USD,2026-02-25,2026-06-17
DBCAU,NASDAQ,Stock,USD,2026-02-11,2026-06-17
DBCAW,NASDAQ,Stock,USD,2026-02-25,2026-06-17
DBD,NYSE,Stock,USD,2023-08-15,2026-06-17
DBDRU,NASDAQ,Stock,USD,2020-11-05,2021-12-27
DBGI,NASDAQ,Stock,USD,2021-05-14,2026-06-17
DBGIW,NASDAQ,Stock,USD,2021-05-14,2026-06-17
DBI,NYSE,Stock,USD,2005-06-29,2026-06-17
DBRG,NYSE,Stock,USD,2014-06-27,2026-06-17
DBRG-P-G,NYSE,Stock,USD,2017-01-12,2021-06-22
DBRG-P-G,NYSE,Stock,USD,2021-06-22,2021-08-13
DBRG-P-H,NYSE,Stock,USD,2021-06-22,2026-06-17
DBRG-P-H,NYSE,Stock,USD,2017-01-11,2021-06-22
DBRG-P-I,NYSE,Stock,USD,2017-05-25,2022-12-23
DBRG-P-I,NYSE,Stock,USD,2021-06-22,2026-06-17
DBRG-P-J,NYSE,Stock,USD,2021-06-22,2026-06-17
DBRG-P-J,NYSE,Stock,USD,2017-09-14,2021-06-22
DBTX,NASDAQ,Stock,USD,2021-02-12,2023-09-25
DBVT,NASDAQ,Stock,USD,2014-10-22,2026-06-17
DBX,NASDAQ,Stock,USD,2018-03-23,2026-06-17
DC,AMEX,Stock,USD,2022-04-05,2026-06-17
DCBG,NYSE,Stock,USD,2026-04-07,2026-06-17
DCBO,NASDAQ,Stock,USD,2020-04-16,2026-06-17
DCGO,NASDAQ,Stock,USD,2021-11-05,2026-06-17
DCGOW,NASDAQ,Stock,USD,2020-12-17,2022-09-16
DCGOW,NASDAQ,Stock,USD,2021-11-08,2021-11-08
DCH,NYSE,Stock,USD,1999-01-29,2026-06-17
DCI,NYSE,Stock,USD,1987-06-18,2026-06-17
DCM,NYSE,Stock,USD,1999-06-30,2018-04-12
DCM,NYSE,Stock,USD,2002-03-01,2021-03-11
DCO,NYSE,Stock,USD,1973-05-03,2026-06-17
DCOM,NASDAQ,Stock,USD,1996-06-26,2021-01-29
DCOM,NYSE,Stock,USD,1999-01-12,2026-06-17
DCOM-P,NYSE,Stock,USD,2026-04-07,2026-06-17
DCOMG,NYSE,Stock,USD,2024-07-02,2026-06-17
DCOMP,NYSE,Stock,USD,2020-01-30,2026-06-17
DCOY,NASDAQ,Stock,USD,2026-01-07,2026-06-17
DCP,NYSE,Stock,USD,2005-12-06,2023-06-20
DCP-P-B,NYSE,Stock,USD,2018-05-17,2023-06-14
DCP-P-C,NYSE,Stock,USD,2018-10-03,2023-10-13
DCPH,NASDAQ,Stock,USD,2017-09-28,2026-06-17
DCRBU,NASDAQ,Stock,USD,2020-10-20,2021-07-16
DCRCU,NASDAQ,Stock,USD,2021-03-24,2021-12-08
DCRDU,NASDAQ,Stock,USD,2021-08-11,2023-02-24
DCRN,NASDAQ,Stock,USD,2022-02-15,2022-02-28
DCRN,NASDAQ,Stock,USD,2021-04-01,2022-01-13
DCRNU,NASDAQ,Stock,USD,2021-02-04,2022-01-13
DCT,NASDAQ,Stock,USD,2006-12-13,2018-08-22
DCT,NASDAQ,Stock,USD,2020-08-14,2023-03-30
DCTH,NASDAQ,Stock,USD,2002-05-02,2026-06-17
DCUA,NYSE,Stock,USD,2016-01-04,2016-04-01
DCUB,NYSE,Stock,USD,2016-01-04,2016-07-01
DCUC,NYSE,Stock,USD,2014-07-11,2017-07-03
DCUD,NYSE,Stock,USD,2016-08-10,2019-08-14
DCX,NASDAQ,Stock,USD,2023-06-01,2026-06-17
DD,NYSE,Stock,USD,1962-01-02,2026-06-17
DD,NYSE,Stock,USD,2017-08-03,2019-05-31
DD-WD,NYSE,Stock,USD,2021-02-02,2021-02-03
DDC,AMEX,Stock,USD,1992-06-22,2026-06-17
DDD,NYSE,Stock,USD,1990-11-05,2026-06-17
DDE,NYSE,Stock,USD,2002-03-19,2019-03-28
DDI,NASDAQ,Stock,USD,2021-08-31,2026-06-17
DDL,NYSE,Stock,USD,2021-06-29,2026-06-17
DDMGQ,NYSE,Stock,USD,2012-09-11,2015-09-23
DDMX,NASDAQ,Stock,USD,2021-01-27,2021-11-30
DDMX,NASDAQ,Stock,USD,2019-01-02,2020-03-16
DDMXU,NASDAQ,Stock,USD,2020-12-08,2021-11-30
DDMXU,NASDAQ,Stock,USD,2018-10-12,2020-03-13
DDMXW,NASDAQ,Stock,USD,2018-10-23,2020-03-12
DDOG,NASDAQ,Stock,USD,2019-09-19,2026-06-17
DDR,NYSE,Stock,USD,1993-02-02,2018-10-11
DDR-P-J,NYSE,Stock,USD,2014-09-22,2018-10-11
DDR-P-K,NYSE,Stock,USD,2006-07-25,2018-10-11
DDRX,NASDAQ,Stock,USD,2001-05-11,2010-05-28
DDS,NYSE,Stock,USD,1989-06-30,2026-06-17
DDSSF,NASDAQ,Stock,USD,2006-04-28,2012-10-19
DDT,NYSE,Stock,USD,1998-10-14,2026-06-17
DE,NYSE,Stock,USD,1972-06-01,2026-06-17
DEA,NYSE,Stock,USD,2015-02-06,2026-06-17
DEACU,NASDAQ,Stock,USD,2019-05-10,2020-04-23
DEC,NYSE,Stock,USD,2023-12-18,2026-06-17
DECAU,NASDAQ,Stock,USD,2022-04-07,2026-06-17
DECK,NYSE,Stock,USD,1993-10-15,2026-06-17
DEFT,NASDAQ,Stock,USD,2025-05-12,2026-06-17
DEG,NYSE,Stock,USD,2016-01-04,2016-08-02
DEH-U,NYSE,Stock,USD,2020-07-15,2021-09-17
DEI,NYSE,Stock,USD,2006-10-25,2026-06-17
DEL,NYSE,Stock,USD,1996-12-12,2018-02-21
DELL,NYSE,Stock,USD,2018-12-21,2026-06-17
DELL,NASDAQ,Stock,USD,1988-08-17,2015-03-04
DELTW,NASDAQ,Stock,USD,2015-06-01,2017-12-14
DEN,NYSE,Stock,USD,2020-09-21,2023-11-02
DENN,NASDAQ,Stock,USD,1998-01-08,2026-06-17
DEO,NYSE,Stock,USD,1996-05-13,2026-06-17
DEP,NYSE,Stock,USD,2007-01-31,2011-11-30
DEPO,NASDAQ,Stock,USD,1997-12-03,2018-08-14
DERM,NASDAQ,Stock,USD,2021-11-12,2026-06-17
DERM,NASDAQ,Stock,USD,2014-10-03,2020-02-20
DESP,NYSE,Stock,USD,2017-09-20,2025-05-15
DEST,NASDAQ,Stock,USD,1993-03-16,2023-02-07
DETX,NASDAQ,Stock,USD,2026-03-13,2026-06-17
DEVS,NASDAQ,Stock,USD,2024-11-07,2026-06-17
DFBHU,NASDAQ,Stock,USD,2018-02-16,2019-11-08
DFDV,NASDAQ,Stock,USD,2023-07-25,2026-06-17
DFDVW,NASDAQ,Stock,USD,2025-11-06,2026-06-17
DFFN,NASDAQ,Stock,USD,2023-08-17,2023-08-17
DFH,NYSE,Stock,USD,2021-01-21,2026-06-17
DFHTU,NASDAQ,Stock,USD,2020-07-17,2021-06-08
DFIN,NYSE,Stock,USD,2016-10-03,2026-06-17
DFIN-W,NYSE,Stock,USD,2016-09-26,2016-09-30
DFLI,NASDAQ,Stock,USD,2022-10-07,2026-06-17
DFLIW,NASDAQ,Stock,USD,2021-08-24,2026-06-17
DFNS,NYSE,Stock,USD,2020-03-23,2026-02-06
DFNS,NASDAQ,Stock,USD,2023-12-26,2026-06-17
DFNSU,NYSE,Stock,USD,2019-11-07,2021-08-26
DFNSW,NASDAQ,Stock,USD,2023-12-26,2026-06-17
DFPHU,NASDAQ,Stock,USD,2020-03-11,2021-11-12
DFRG,NASDAQ,Stock,USD,2012-07-27,2019-09-25
DFS,NYSE,Stock,USD,2007-06-14,2025-05-16
DFS-P-B,NYSE,Stock,USD,2007-06-14,2017-11-28
DFSC,NASDAQ,Stock,USD,2025-06-27,2026-06-17
DFSCW,NASDAQ,Stock,USD,2025-06-30,2026-06-17
DFT,NYSE,Stock,USD,2007-10-19,2017-09-28
DFT-P-C,NYSE,Stock,USD,2007-10-19,2017-09-28
DFTX,NASDAQ,Stock,USD,2022-07-11,2026-06-17
DFZ,NASDAQ,Stock,USD,1992-03-16,2014-09-04
DG,NYSE,Stock,USD,2009-11-13,2026-06-17
DGAC-U,NYSE,Stock,USD,2026-05-27,2026-06-17
DGAC-UN,NYSE,Stock,USD,2026-05-27,2026-06-17
DGAS,NASDAQ,Stock,USD,1990-03-26,2017-09-29
DGHI,NASDAQ,Stock,USD,2021-11-15,2025-03-17
DGI,NYSE,Stock,USD,2009-05-14,2017-10-19
DGICA,NASDAQ,Stock,USD,2001-04-24,2026-06-17
DGICB,NASDAQ,Stock,USD,1990-03-26,2026-06-17
DGII,NASDAQ,Stock,USD,1990-03-26,2026-06-17
DGLD,NASDAQ,Stock,USD,2020-06-30,2020-07-02
DGLT,NASDAQ,Stock,USD,2016-01-04,2022-04-29
DGLY,NASDAQ,Stock,USD,2007-05-16,2026-01-07
DGNR,NYSE,Stock,USD,2020-10-05,2021-07-30
DGNR-U,NYSE,Stock,USD,2020-08-14,2021-07-30
DGNS,NASDAQ,Stock,USD,2020-11-16,2021-12-08
DGNU,NASDAQ,Stock,USD,2021-03-23,2023-03-23
DGNX,NASDAQ,Stock,USD,2025-01-22,2026-06-17
DGX,NYSE,Stock,USD,1996-12-26,2026-06-17
DGXX,NASDAQ,Stock,USD,2017-12-20,2026-06-17
DH,NASDAQ,Stock,USD,2021-09-15,2026-06-17
DHACU,NASDAQ,Stock,USD,2021-11-04,2024-06-24
DHBC,NASDAQ,Stock,USD,2021-04-23,2022-12-09
DHBCU,NASDAQ,Stock,USD,2021-03-02,2022-12-09
DHBCW,NASDAQ,Stock,USD,2021-04-23,2022-12-09
DHC,NASDAQ,Stock,USD,2000-02-23,2026-06-17
DHCA,NASDAQ,Stock,USD,2021-04-28,2024-03-14
DHCAU,NASDAQ,Stock,USD,2021-03-02,2024-03-14
DHCNI,NASDAQ,Stock,USD,2012-07-23,2026-06-17
DHCNL,NASDAQ,Stock,USD,2016-02-22,2026-06-17
DHCPQ,NYSE,Stock,USD,2018-02-06,2019-10-14
DHHCU,NASDAQ,Stock,USD,2021-01-26,2023-03-30
DHI,NYSE,Stock,USD,1992-06-05,2026-06-17
DHIL,NASDAQ,Stock,USD,1997-05-09,2026-04-22
DHR,NYSE,Stock,USD,1987-11-05,2026-06-17
DHR-P-A,NYSE,Stock,USD,2019-02-27,2022-04-14
DHR-P-B,NYSE,Stock,USD,2020-05-08,2023-04-14
DHR-W,NYSE,Stock,USD,2016-06-17,2023-09-29
DHR-WD,NYSE,Stock,USD,2019-12-16,2019-12-18
DHT,NYSE,Stock,USD,2005-10-13,2026-06-17
DHX,NYSE,Stock,USD,2007-07-26,2026-06-17
DHXM,NASDAQ,Stock,USD,2014-10-23,2019-12-23
DHY-R,AMEX,Stock,USD,2026-04-23,2026-05-13
DHY-R-W,AMEX,Stock,USD,2026-04-22,2026-04-22
DIAL,NASDAQ,Stock,USD,2012-11-26,2013-12-13
DIBS,NASDAQ,Stock,USD,2021-06-10,2026-06-17
DICE,NASDAQ,Stock,USD,2021-09-15,2023-08-14
DIGX,NASDAQ,Stock,USD,2017-09-19,2018-08-28
DILA,NASDAQ,Stock,USD,2021-08-05,2022-12-22
DILAU,NASDAQ,Stock,USD,2021-06-15,2022-12-22
DILAW,NASDAQ,Stock,USD,2021-08-04,2022-12-22
DIN,NYSE,Stock,USD,1991-07-12,2026-06-17
DINE,NASDAQ,Stock,USD,2001-01-02,2026-06-17
DINO,NYSE,Stock,USD,1992-03-17,2026-06-17
DIOD,NASDAQ,Stock,USD,1992-03-17,2026-06-17
DIS,NYSE,Stock,USD,1962-01-02,2026-06-17
DISA,NASDAQ,Stock,USD,2021-05-21,2024-01-02
DISAU,NASDAQ,Stock,USD,2021-03-24,2024-01-02
DISAW,NASDAQ,Stock,USD,2021-05-17,2023-12-22
DISCA,NASDAQ,Stock,USD,2022-04-06,2022-09-16
DISCB,NASDAQ,Stock,USD,2005-11-10,2022-04-08
DISCK,NASDAQ,Stock,USD,2008-09-18,2022-09-16
DISH,NASDAQ,Stock,USD,1995-06-21,2024-01-09
DISHR,NASDAQ,Stock,USD,2019-11-25,2019-12-16
DIST,NASDAQ,Stock,USD,2023-03-30,2025-07-09
DISTR,NASDAQ,Stock,USD,2023-03-30,2026-06-17
DISTU,NASDAQ,Stock,USD,2023-02-15,2023-03-29
DISTW,NASDAQ,Stock,USD,2023-03-30,2025-07-09
DIT,AMEX,Stock,USD,1995-08-04,2026-06-17
DITC,NASDAQ,Stock,USD,2006-12-28,2012-12-04
DIVE,NYSE,Stock,USD,2025-09-16,2026-06-17
DJCO,NASDAQ,Stock,USD,1992-02-25,2026-06-17
DJT,NASDAQ,Stock,USD,2021-09-30,2026-06-17
DJTWW,NASDAQ,Stock,USD,2024-03-26,2026-06-17
DK,NYSE,Stock,USD,2006-05-04,2026-06-17
DKDCU,NASDAQ,Stock,USD,2021-05-07,2023-11-07
DKI,NASDAQ,Stock,USD,2025-08-08,2026-06-17
DKL,NYSE,Stock,USD,2012-11-02,2026-06-17
DKNG,NASDAQ,Stock,USD,2019-07-25,2026-06-17
DKNGZ,NASDAQ,Stock,USD,2019-07-19,2020-07-08
DKS,NYSE,Stock,USD,2002-10-16,2026-06-17
DKT,NYSE,Stock,USD,2008-05-05,2019-12-27
DKTCL,NYSE,Stock,USD,2008-05-05,2019-12-26
DLB,NYSE,Stock,USD,2005-02-17,2026-06-17
DLCA,NASDAQ,Stock,USD,2021-03-05,2023-01-13
DLCAU,NASDAQ,Stock,USD,2021-01-13,2023-01-13
DLCAW,NASDAQ,Stock,USD,2021-03-05,2023-01-13
DLGC,NASDAQ,Stock,USD,2013-04-17,2014-12-02
DLHC,NASDAQ,Stock,USD,1995-08-18,2026-06-17
DLLR,NASDAQ,Stock,USD,2005-01-28,2014-06-13
DLNG,NYSE,Stock,USD,2013-11-13,2026-06-17
DLNG-P-A,NYSE,Stock,USD,2015-07-27,2026-06-17
DLNG-P-B,NYSE,Stock,USD,2018-10-17,2025-07-24
DLO,NASDAQ,Stock,USD,2021-06-03,2026-06-17
DLPH,NYSE,Stock,USD,2017-12-05,2020-10-02
DLPN,NASDAQ,Stock,USD,2017-12-21,2026-06-17
DLPNW,NASDAQ,Stock,USD,2017-12-21,2020-12-24
DLR,NYSE,Stock,USD,2004-10-29,2026-06-17
DLR-P-C,NYSE,Stock,USD,2017-09-14,2021-05-14
DLR-P-F-CL,NYSE,Stock,USD,2017-03-07,2017-04-04
DLR-P-G,NYSE,Stock,USD,2014-09-22,2020-10-14
DLR-P-H-CL,NYSE,Stock,USD,2014-09-22,2019-03-29
DLR-P-I,NYSE,Stock,USD,2015-08-28,2020-09-04
DLR-P-J,NYSE,Stock,USD,2017-08-02,2026-06-17
DLR-P-K,NYSE,Stock,USD,2019-03-05,2026-06-17
DLR-P-L,NYSE,Stock,USD,2019-10-01,2026-06-17
DLTH,NASDAQ,Stock,USD,2015-11-20,2026-06-17
DLTR,NASDAQ,Stock,USD,1995-03-09,2026-06-17
DLUX,NYSE,Stock,USD,2026-04-01,2026-06-17
DLX,NYSE,Stock,USD,1987-07-23,2026-06-17
DLXY,NASDAQ,Stock,USD,2025-07-09,2026-06-17
DLY,NYSE,Stock,USD,2020-02-26,2026-06-17
DM,NYSE,Stock,USD,2014-10-15,2019-01-25
DM,NYSE,Stock,USD,2019-05-03,2025-04-02
DM-WS,NYSE,Stock,USD,2020-12-10,2020-12-10
DM-WS,NYSE,Stock,USD,2019-05-03,2021-03-26
DMA,NYSE,Stock,USD,2022-01-13,2026-06-17
DMAA,NASDAQ,Stock,USD,2025-02-25,2026-06-17
DMAAR,NASDAQ,Stock,USD,2025-02-25,2026-06-17
DMAAU,NASDAQ,Stock,USD,2025-01-28,2026-06-17
DMAC,NASDAQ,Stock,USD,2008-01-04,2026-06-17
DMAQR,NASDAQ,Stock,USD,2021-12-02,2024-01-31
DMAQU,NASDAQ,Stock,USD,2021-10-27,2021-12-01
DMII,NASDAQ,Stock,USD,2025-12-03,2026-06-17
DMIIR,NASDAQ,Stock,USD,2025-12-03,2026-06-17
DMIIU,NASDAQ,Stock,USD,2025-09-25,2026-06-17
DMLP,NASDAQ,Stock,USD,2003-02-03,2026-06-17
DMN,NASDAQ,Stock,USD,2026-05-28,2026-06-17
DMND,NASDAQ,Stock,USD,2005-07-20,2016-03-08
DMRA,NASDAQ,Stock,USD,2020-10-29,2026-06-17
DMRC,NASDAQ,Stock,USD,1999-12-02,2026-06-17
DMTX,NASDAQ,Stock,USD,2015-10-22,2017-11-07
DMYD,NYSE,Stock,USD,2020-10-05,2021-04-20
DMYD-U,NYSE,Stock,USD,2020-12-29,2021-04-20
DMYD-U,NYSE,Stock,USD,2020-08-14,2020-12-28
DMYD-WS,NYSE,Stock,USD,2020-10-05,2021-04-20
DMYI-U,NYSE,Stock,USD,2020-11-13,2021-09-30
DMYQ-U,NYSE,Stock,USD,2021-03-05,2021-12-07
DMYS,NYSE,Stock,USD,2021-11-22,2023-04-05
DMYS-U,NYSE,Stock,USD,2021-10-01,2023-04-05
DMYS-WS,NYSE,Stock,USD,2021-11-22,2023-04-05
DMYT-U,NYSE,Stock,USD,2020-02-21,2020-12-29
DNA,NYSE,Stock,USD,2001-01-02,2010-04-05
DNA,NYSE,Stock,USD,2021-04-19,2026-06-17
DNAA,NASDAQ,Stock,USD,2021-06-30,2022-08-19
DNAB,NASDAQ,Stock,USD,2021-06-30,2023-06-30
DNAC,NASDAQ,Stock,USD,2021-06-30,2022-07-11
DNAD,NASDAQ,Stock,USD,2021-06-30,2023-06-30
DNB,NYSE,Stock,USD,1983-06-10,2019-02-15
DNB,NYSE,Stock,USD,2020-07-01,2025-08-25
DNBF,NASDAQ,Stock,USD,1999-01-12,2019-11-29
DNDN,NASDAQ,Stock,USD,2000-06-19,2014-11-18
DNK,NYSE,Stock,USD,2020-01-17,2021-09-13
DNKN,NASDAQ,Stock,USD,2011-07-27,2020-12-15
DNLI,NASDAQ,Stock,USD,2017-12-08,2026-06-17
DNMR-WS,NYSE,Stock,USD,2020-05-28,2021-06-15
DNMX,NASDAQ,Stock,USD,2025-11-19,2026-06-17
DNMXU,NASDAQ,Stock,USD,2025-10-30,2026-06-17
DNMXW,NASDAQ,Stock,USD,2025-11-19,2026-06-17
DNN,AMEX,Stock,USD,2005-02-09,2026-06-17
DNOW,NYSE,Stock,USD,2014-05-20,2026-06-17
DNR,NYSE,Stock,USD,1995-09-06,2020-07-30
DNTH,NASDAQ,Stock,USD,2023-09-12,2026-06-17
DNUT,NASDAQ,Stock,USD,2021-07-01,2026-06-17
DNZ,NYSE,Stock,USD,2021-03-23,2023-01-27
DNZ-U,NYSE,Stock,USD,2021-01-26,2023-01-27
DNZ-WS,NYSE,Stock,USD,2021-03-18,2023-01-27
DO,NYSE,Stock,USD,1995-10-11,2022-02-03
DO,NYSE,Stock,USD,2022-03-30,2024-09-04
DOC,NYSE,Stock,USD,2013-07-19,2024-03-01
DOC,NYSE,Stock,USD,1987-11-05,2026-06-17
DOCN,NYSE,Stock,USD,2021-03-24,2026-06-17
DOCS,NYSE,Stock,USD,2021-06-24,2026-06-17
DOCU,NASDAQ,Stock,USD,2018-04-27,2026-06-17
DOGZ,NASDAQ,Stock,USD,2017-12-19,2026-06-17
DOLE,NYSE,Stock,USD,2021-07-30,2026-06-17
DOLE,NYSE,Stock,USD,2009-10-23,2013-11-01
DOLNQ,NYSE,Stock,USD,2014-03-25,2014-06-13
DOMA,NYSE,Stock,USD,2021-07-29,2024-09-27
DOMA-WS,NYSE,Stock,USD,2021-07-29,2023-07-11
DOMH,NASDAQ,Stock,USD,1984-09-07,2026-06-17
DOMO,NASDAQ,Stock,USD,2018-06-29,2026-06-17
DOO,NASDAQ,Stock,USD,2013-07-16,2026-06-17
DOOR,NYSE,Stock,USD,2009-07-24,2024-05-15
DORM,NASDAQ,Stock,USD,1991-03-12,2026-06-17
DOTA,NASDAQ,Stock,USD,2017-10-12,2018-12-19
DOTAR,NASDAQ,Stock,USD,2017-10-12,2018-12-19
DOTAU,NASDAQ,Stock,USD,2017-09-15,2018-12-11
DOTAW,NASDAQ,Stock,USD,2017-10-12,2018-12-19
DOUG,NYSE,Stock,USD,2021-12-30,2026-06-17
DOV,NYSE,Stock,USD,1985-07-01,2026-06-17
DOVA,NASDAQ,Stock,USD,2017-06-29,2019-11-12
DOVR,NASDAQ,Stock,USD,2005-11-18,2015-07-01
DOW,NYSE,Stock,USD,2019-03-20,2026-06-17
DOW,NYSE,Stock,USD,1972-06-01,2017-08-31
DOX,NASDAQ,Stock,USD,1998-06-19,2026-06-17
DOYU,NASDAQ,Stock,USD,2019-07-17,2026-06-17
DPCS,NASDAQ,Stock,USD,2022-01-03,2026-06-17
DPCSU,NASDAQ,Stock,USD,2021-11-09,2026-06-17
DPCSW,NASDAQ,Stock,USD,2021-12-31,2026-06-17
DPHCU,NASDAQ,Stock,USD,2019-02-28,2020-10-23
DPL,NYSE,Stock,USD,2001-01-02,2012-12-03
DPLO,NYSE,Stock,USD,2014-10-10,2020-02-07
DPRE,NYSE,Stock,USD,2026-04-15,2026-06-17
DPRO,NASDAQ,Stock,USD,2019-12-04,2026-06-17
DPRX,NASDAQ,Stock,USD,2014-03-13,2017-04-27
DPS,NYSE,Stock,USD,2008-05-07,2018-07-09
DPZ,NASDAQ,Stock,USD,2004-07-13,2026-06-17
DQ,NYSE,Stock,USD,2010-10-07,2026-06-17
DRAM,NASDAQ,Stock,USD,1992-03-17,2017-07-03
DRAYU,NASDAQ,Stock,USD,2021-07-01,2023-01-06
DRAYW,NASDAQ,Stock,USD,2021-08-23,2023-01-06
DRC,NYSE,Stock,USD,2005-08-05,2015-06-30
DRCT,NASDAQ,Stock,USD,2022-02-11,2026-06-17
DRCTW,NASDAQ,Stock,USD,2022-02-11,2023-10-30
DRD,NYSE,Stock,USD,1996-09-30,2026-06-17
DRDB,NASDAQ,Stock,USD,2025-02-03,2026-06-17
DRDBU,NASDAQ,Stock,USD,2024-12-13,2026-06-17
DRDBW,NASDAQ,Stock,USD,2025-02-03,2026-06-17
DRE,NYSE,Stock,USD,1987-11-05,2022-10-03
DRH,NASDAQ,Stock,USD,2005-05-26,2026-06-17
DRH-P-A,NYSE,Stock,USD,2020-08-21,2025-12-30
DRI,NYSE,Stock,USD,1995-05-09,2026-06-17
DRII,NYSE,Stock,USD,2016-01-04,2016-09-02
DRIO,NASDAQ,Stock,USD,2014-10-06,2026-06-17
DRIOW,NASDAQ,Stock,USD,2016-03-04,2021-03-04
DRJ,NYSE,Stock,USD,1997-02-26,2012-06-18
DRL,NYSE,Stock,USD,1992-02-25,2015-03-02
DRMA,NASDAQ,Stock,USD,2021-08-13,2026-06-17
DRMAW,NASDAQ,Stock,USD,2021-08-13,2026-06-17
DRNA,NASDAQ,Stock,USD,2014-01-30,2021-12-28
DRRX,NASDAQ,Stock,USD,2000-09-28,2025-09-11
DRS,NYSE,Stock,USD,1996-04-02,2009-10-30
DRS,NASDAQ,Stock,USD,2022-11-29,2026-06-17
DRTS,NASDAQ,Stock,USD,2021-03-08,2026-06-17
DRTSW,NASDAQ,Stock,USD,2021-03-08,2026-06-17
DRTX,NASDAQ,Stock,USD,2012-07-19,2014-11-17
DRUA,NYSE,Stock,USD,2016-07-25,2021-08-30
DRUG,NASDAQ,Stock,USD,2021-03-22,2026-06-17
DRVN,NASDAQ,Stock,USD,2021-01-15,2026-06-17
DRWI,NASDAQ,Stock,USD,2008-06-24,2017-08-03
DRWIW,NASDAQ,Stock,USD,2016-01-04,2016-08-02
DRYS,NASDAQ,Stock,USD,2005-02-03,2019-10-11
DSAC,NASDAQ,Stock,USD,2026-01-29,2026-06-17
DSACU,NASDAQ,Stock,USD,2025-12-09,2026-06-17
DSACU,NASDAQ,Stock,USD,2020-10-29,2022-07-29
DSACW,NASDAQ,Stock,USD,2026-01-29,2026-06-17
DSAQ-U,NYSE,Stock,USD,2021-09-24,2024-04-29
DSCI,NASDAQ,Stock,USD,2001-01-02,2017-02-27
DSCM,NASDAQ,Stock,USD,1999-07-28,2011-06-13
DSEY,NASDAQ,Stock,USD,2021-03-24,2023-07-05
DSGN,NASDAQ,Stock,USD,2021-03-26,2026-06-17
DSGR,NASDAQ,Stock,USD,1990-03-26,2026-06-17
DSGX,NASDAQ,Stock,USD,1999-01-27,2026-06-17
DSKE,NASDAQ,Stock,USD,2015-10-12,2024-04-01
DSKEW,NASDAQ,Stock,USD,2015-09-14,2022-02-23
DSKX,NASDAQ,Stock,USD,2010-05-20,2019-06-12
DSKY,NASDAQ,Stock,USD,2016-01-04,2016-09-08
DSLV,NASDAQ,Stock,USD,2020-06-30,2020-07-02
DSP,NASDAQ,Stock,USD,2021-02-10,2026-06-17
DSPG,NASDAQ,Stock,USD,1994-02-14,2021-12-02
DSS,AMEX,Stock,USD,1997-01-03,2026-06-17
DSSI,NYSE,Stock,USD,2019-03-28,2021-07-19
DST,NYSE,Stock,USD,1995-11-01,2018-04-17
DSWL,NASDAQ,Stock,USD,1995-07-19,2026-06-17
DSX,NYSE,Stock,USD,2005-03-23,2026-06-17
DSX-P-B,NYSE,Stock,USD,2014-09-22,2026-06-17
DSX-WS,NYSE,Stock,USD,2023-12-14,2026-06-17
DSXN,NYSE,Stock,USD,2015-05-29,2018-10-26
DSXN-CL,NYSE,Stock,USD,2018-10-01,2018-10-26
DSY,NASDAQ,Stock,USD,2026-02-20,2026-06-17
DSY,NASDAQ,Stock,USD,2024-06-06,2026-02-20
DSYWW,NASDAQ,Stock,USD,2024-06-07,2026-06-17
DT,NYSE,Stock,USD,2019-08-01,2026-06-17
DTB,NYSE,Stock,USD,2020-10-07,2026-06-17
DTCK,NASDAQ,Stock,USD,2023-09-19,2026-03-25
DTCX,NASDAQ,Stock,USD,2022-03-21,2026-06-17
DTE,NYSE,Stock,USD,1970-01-02,2026-06-17
DTE 6.25,NYSE,Stock,USD,2019-10-30,2022-10-31
DTE-W,NYSE,Stock,USD,2021-06-18,2021-06-30
DTG,NYSE,Stock,USD,2021-11-29,2026-06-17
DTI,NASDAQ,Stock,USD,2023-06-21,2026-06-17
DTIL,NASDAQ,Stock,USD,2019-03-28,2026-06-17
DTJ,NYSE,Stock,USD,2016-06-01,2021-06-29
DTK,NYSE,Stock,USD,2008-02-14,2018-02-16
DTK,NYSE,Stock,USD,2025-09-22,2026-06-17
DTLK,NASDAQ,Stock,USD,2001-01-02,2017-01-09
DTM,NYSE,Stock,USD,2021-07-01,2026-06-17
DTM-W,NYSE,Stock,USD,2021-06-18,2021-06-30
DTOCU,NASDAQ,Stock,USD,2021-03-10,2023-09-20
DTPI,NASDAQ,Stock,USD,2001-01-02,2010-11-12
DTQ,NYSE,Stock,USD,2012-10-03,2020-10-21
DTRM,NASDAQ,Stock,USD,2015-10-19,2019-06-14
DTRT,NASDAQ,Stock,USD,2021-10-26,2023-02-01
DTRTU,NASDAQ,Stock,USD,2021-09-02,2023-02-01
DTRTW,NASDAQ,Stock,USD,2021-10-25,2023-02-01
DTSI,NASDAQ,Stock,USD,2003-07-10,2016-12-02
DTSQ,NASDAQ,Stock,USD,2024-09-16,2026-06-17
DTSQR,NASDAQ,Stock,USD,2024-09-16,2026-06-17
DTSQU,NASDAQ,Stock,USD,2024-07-25,2026-06-17
DTSS,NASDAQ,Stock,USD,2016-04-06,2026-06-17
DTST,NASDAQ,Stock,USD,2010-09-20,2026-06-17
DTSTW,NASDAQ,Stock,USD,2021-05-14,2026-05-19
DTV,NYSE,Stock,USD,2016-09-30,2019-09-30
DTW,NYSE,Stock,USD,2017-11-22,2026-06-17
DTY,NYSE,Stock,USD,2016-12-08,2021-12-15
DTZ,NYSE,Stock,USD,2011-12-07,2016-12-06
DTZ-CL,NYSE,Stock,USD,2016-12-01,2016-12-27
DUA,NYSE,Stock,USD,2006-11-01,2015-03-25
DUET,NASDAQ,Stock,USD,2022-03-17,2026-06-17
DUETU,NASDAQ,Stock,USD,2022-01-20,2026-06-17
DUETW,NASDAQ,Stock,USD,2022-03-14,2026-06-17
DUF,NYSE,Stock,USD,2007-09-28,2013-10-17
DUK,NYSE,Stock,USD,1983-04-06,2026-06-17
DUK-P-A,NYSE,Stock,USD,2019-03-26,2026-06-17
DUKB,NYSE,Stock,USD,2018-09-20,2026-06-17
DUKH,NYSE,Stock,USD,2013-01-16,2021-10-06
DUKR,NASDAQ,Stock,USD,2017-06-26,2026-06-17
DUKRW,NASDAQ,Stock,USD,2026-05-15,2026-06-17
DUNEU,NASDAQ,Stock,USD,2020-12-18,2023-12-21
DUO,NASDAQ,Stock,USD,2024-09-27,2026-06-17
DUO,NASDAQ,Stock,USD,2019-11-01,2024-09-27
DUOL,NASDAQ,Stock,USD,2021-07-28,2026-06-17
DUOT,NASDAQ,Stock,USD,2015-04-10,2026-06-17
DUSG,NASDAQ,Stock,USD,2026-05-06,2026-06-17
DV,NYSE,Stock,USD,2021-04-21,2026-06-17
DVA,NYSE,Stock,USD,1995-10-31,2026-06-17
DVAX,NASDAQ,Stock,USD,2004-02-19,2026-02-11
DVCR,NASDAQ,Stock,USD,1999-11-16,2021-11-22
DVD,NYSE,Stock,USD,1996-10-04,2021-12-22
DVINQ,NASDAQ,Stock,USD,2003-02-28,2010-10-01
DVLT,NASDAQ,Stock,USD,2018-07-27,2026-06-17
DVMT,NYSE,Stock,USD,2016-08-17,2018-12-27
DVN,NYSE,Stock,USD,1992-03-17,2026-06-17
DVR,NYSE,Stock,USD,2006-12-14,2014-10-29
DVS,AMEX,Stock,USD,2025-04-21,2026-03-26
DVXE,NASDAQ,Stock,USD,2025-07-23,2026-06-17
DWA,NASDAQ,Stock,USD,2004-10-27,2016-08-23
DWAC,NASDAQ,Stock,USD,2021-09-30,2024-03-25
DWACU,NASDAQ,Stock,USD,2021-09-03,2024-03-25
DWACW,NASDAQ,Stock,USD,2021-09-30,2024-03-25
DWCH,NASDAQ,Stock,USD,1992-05-29,2018-12-13
DWDP-W,NYSE,Stock,USD,2019-03-20,2019-04-01
DWIN-U,NYSE,Stock,USD,2020-12-11,2022-09-15
DWRE,NYSE,Stock,USD,2016-01-04,2016-07-11
DWSN,NASDAQ,Stock,USD,1990-03-26,2026-06-17
DWTX,NASDAQ,Stock,USD,2020-12-17,2026-06-17
DX,NYSE,Stock,USD,1989-06-30,2026-06-17
DX-P-A,NYSE,Stock,USD,2014-09-22,2020-03-13
DX-P-A-CL,NYSE,Stock,USD,2020-02-14,2020-03-13
DX-P-B,NYSE,Stock,USD,2014-09-22,2021-02-12
DX-P-C,NYSE,Stock,USD,2020-02-14,2026-06-17
DXB,NYSE,Stock,USD,2007-05-21,2020-05-22
DXB-CL,NYSE,Stock,USD,2020-04-08,2020-05-22
DXBCL,NYSE,Stock,USD,2007-06-21,2020-05-21
DXC,NYSE,Stock,USD,2017-02-01,2026-06-17
DXC-W,NYSE,Stock,USD,2018-05-25,2018-05-31
DXCM,NASDAQ,Stock,USD,2005-04-14,2026-06-17
DXF,AMEX,Stock,USD,2025-01-24,2026-06-17
DXLG,NASDAQ,Stock,USD,1992-02-25,2026-06-17
DXPE,NASDAQ,Stock,USD,1998-05-07,2026-06-17
DXR,NASDAQ,Stock,USD,1992-03-17,2026-06-17
DXST,NASDAQ,Stock,USD,2025-01-22,2026-06-17
DXTR,NASDAQ,Stock,USD,2006-02-03,2018-05-07
DXYZ,NYSE,Stock,USD,2024-03-26,2026-06-17
DY,NYSE,Stock,USD,1990-09-24,2026-06-17
DYAI,NASDAQ,Stock,USD,2016-01-04,2026-06-17
DYAX,NASDAQ,Stock,USD,2000-08-15,2016-01-25
DYCQ,NASDAQ,Stock,USD,2024-04-12,2026-06-17
DYCQR,NASDAQ,Stock,USD,2024-04-12,2026-06-17
DYCQU,NASDAQ,Stock,USD,2024-02-21,2026-06-17
DYFN,NYSE,Stock,USD,2020-06-26,2022-07-29
DYN,NYSE,Stock,USD,2012-10-03,2018-04-09
DYN,NASDAQ,Stock,USD,2020-09-17,2026-06-17
DYN-P-A,NYSE,Stock,USD,2012-10-03,2017-10-31
DYN-WS,NYSE,Stock,USD,2012-10-03,2017-09-27
DYN-WS-A,NYSE,Stock,USD,2012-10-03,2018-04-06
DYNC,NASDAQ,Stock,USD,2016-06-17,2026-06-17
DYNCU,NASDAQ,Stock,USD,2024-11-21,2026-06-17
DYNCW,NASDAQ,Stock,USD,2026-05-01,2026-06-17
DYNIQ,NYSE,Stock,USD,2012-07-06,2012-10-01
DYNX,NASDAQ,Stock,USD,2024-12-09,2025-08-26
DYNXW,NASDAQ,Stock,USD,2024-12-09,2025-08-26
DYOR,NASDAQ,Stock,USD,2025-11-18,2026-06-17
DYORU,NASDAQ,Stock,USD,2025-10-29,2026-06-17
DYORW,NASDAQ,Stock,USD,2025-11-18,2026-06-17
E,NYSE,Stock,USD,1995-11-28,2026-06-17
EA,NASDAQ,Stock,USD,1990-03-26,2026-06-17
EAA,NYSE,Stock,USD,2016-01-04,2016-08-24
EAA-CL,NYSE,Stock,USD,2016-08-16,2016-09-14
EAB,NYSE,Stock,USD,2012-12-18,2020-10-13
EAC,NASDAQ,Stock,USD,2012-04-11,2016-11-18
EAC,NASDAQ,Stock,USD,2021-03-01,2024-03-11
EACPU,NASDAQ,Stock,USD,2021-01-15,2024-03-11
EACPW,NASDAQ,Stock,USD,2021-03-02,2024-03-11
EACQ,NASDAQ,Stock,USD,2015-10-02,2018-11-05
EACQU,NASDAQ,Stock,USD,2015-07-30,2018-10-23
EACQW,NASDAQ,Stock,USD,2015-10-21,2018-11-05
EAE,NYSE,Stock,USD,2013-06-06,2020-10-13
EAF,NYSE,Stock,USD,2018-04-19,2026-06-17
EAGLU,NASDAQ,Stock,USD,2013-07-25,2019-03-15
EAGLW1,NASDAQ,Stock,USD,2014-10-07,2017-11-29
EAI,NYSE,Stock,USD,2016-08-17,2026-06-17
EAR,NASDAQ,Stock,USD,2020-10-16,2024-02-26
EARN,NYSE,Stock,USD,2013-05-01,2026-06-17
EASTW,NASDAQ,Stock,USD,2017-08-10,2018-09-20
EASY,NASDAQ,Stock,USD,2025-09-30,2026-06-17
EAT,NYSE,Stock,USD,1989-07-28,2026-06-17
EB,NYSE,Stock,USD,2018-09-20,2026-03-10
EBAC,NASDAQ,Stock,USD,2021-05-18,2023-03-02
EBACU,NASDAQ,Stock,USD,2021-03-16,2023-03-02
EBACW,NASDAQ,Stock,USD,2021-05-13,2023-03-02
EBAY,NASDAQ,Stock,USD,1998-09-24,2026-06-17
EBAYL,NASDAQ,Stock,USD,2016-03-10,2021-02-26
EBAYV,NASDAQ,Stock,USD,2015-07-06,2015-07-17
EBC,NASDAQ,Stock,USD,2020-10-15,2026-06-17
EBF,NYSE,Stock,USD,1987-09-24,2026-06-17
EBMT,NASDAQ,Stock,USD,2000-04-06,2026-06-17
EBON,NASDAQ,Stock,USD,2020-06-26,2026-06-17
EBR-B,NYSE,Stock,USD,2014-09-22,2026-06-17
EBRB,NYSE,Stock,USD,2018-10-29,2018-10-29
EBS,NYSE,Stock,USD,2006-11-15,2026-06-17
EBS-W,NYSE,Stock,USD,2016-07-21,2016-07-29
EBSB,NASDAQ,Stock,USD,2008-01-23,2022-02-28
EBTC,NASDAQ,Stock,USD,2005-02-14,2026-06-17
EC,NYSE,Stock,USD,2008-09-18,2026-06-17
ECAC,NASDAQ,Stock,USD,2015-11-25,2017-08-17
ECACR,NASDAQ,Stock,USD,2015-11-24,2017-02-21
ECACU,NASDAQ,Stock,USD,2015-08-13,2017-08-28
ECAT,NYSE,Stock,USD,2021-09-28,2026-06-17
ECBK,NASDAQ,Stock,USD,2022-07-28,2026-06-17
ECC-P-D,NYSE,Stock,USD,2021-11-22,2026-06-17
ECCA,NYSE,Stock,USD,2015-05-15,2020-01-29
ECCA-CL,NYSE,Stock,USD,2019-12-20,2020-01-30
ECCACL,NYSE,Stock,USD,2015-05-15,2020-01-31
ECCC,NYSE,Stock,USD,2021-06-11,2026-06-17
ECCF,NYSE,Stock,USD,2024-01-29,2026-01-29
ECCU,NYSE,Stock,USD,2024-12-19,2026-06-17
ECCV,NYSE,Stock,USD,2022-01-26,2026-06-17
ECCW,NYSE,Stock,USD,2021-03-29,2026-05-19
ECCX,NYSE,Stock,USD,2018-04-30,2026-05-19
ECCY,NYSE,Stock,USD,2017-08-09,2022-02-11
ECCZ,NYSE,Stock,USD,2015-12-09,2018-06-05
ECG,NYSE,Stock,USD,2024-10-28,2026-06-17
ECG-W,NYSE,Stock,USD,2024-10-28,2024-10-31
ECHO,NASDAQ,Stock,USD,2009-10-02,2021-11-23
ECL,NYSE,Stock,USD,1988-01-05,2026-06-17
ECL-WD,NYSE,Stock,USD,2020-06-03,2020-06-05
ECO,NYSE,Stock,USD,2023-08-14,2026-06-17
ECOL,NASDAQ,Stock,USD,1990-03-26,2022-09-16
ECOLW,NASDAQ,Stock,USD,2019-11-01,2022-05-02
ECOM,NYSE,Stock,USD,2013-05-23,2022-11-15
ECOR,NASDAQ,Stock,USD,2018-06-22,2026-06-17
ECPG,NASDAQ,Stock,USD,1999-07-09,2026-06-17
ECT,NYSE,Stock,USD,2010-07-01,2020-07-30
ECTYQ,NASDAQ,Stock,USD,2013-09-27,2015-04-15
ECVT,NYSE,Stock,USD,2021-08-03,2026-06-17
ECVT,NYSE,Stock,USD,2017-09-29,2021-08-02
ECX,NASDAQ,Stock,USD,2022-12-20,2026-06-17
ECXWW,NASDAQ,Stock,USD,2022-12-21,2026-06-17
ECYT,NASDAQ,Stock,USD,2011-02-04,2018-12-21
ED,NYSE,Stock,USD,1970-01-02,2026-06-17
EDAC,NASDAQ,Stock,USD,2007-05-31,2013-05-07
EDBL,NASDAQ,Stock,USD,2022-05-05,2026-06-17
EDBLW,NASDAQ,Stock,USD,2022-05-05,2026-06-17
EDE,NYSE,Stock,USD,2016-01-04,2017-01-09
EDGW,NASDAQ,Stock,USD,1996-11-15,2018-11-01
EDHL,NASDAQ,Stock,USD,2025-04-17,2026-06-17
EDIT,NASDAQ,Stock,USD,2016-02-03,2026-06-17
EDN,NYSE,Stock,USD,2007-04-26,2026-06-17
EDNC,NASDAQ,Stock,USD,2021-11-08,2022-10-27
EDNCU,NASDAQ,Stock,USD,2021-09-15,2022-10-27
EDNCW,NASDAQ,Stock,USD,2021-11-08,2022-10-27
EDR,NYSE,Stock,USD,2005-01-26,2026-05-28
EDR,NYSE,Stock,USD,2021-04-28,2026-06-17
EDRY,NASDAQ,Stock,USD,2018-05-31,2026-06-17
EDS,NASDAQ,Stock,USD,2007-12-03,2015-04-29
EDSA,NASDAQ,Stock,USD,2015-11-05,2026-06-17
EDTK,NASDAQ,Stock,USD,2020-07-23,2026-06-17
EDTX,NASDAQ,Stock,USD,2018-10-17,2020-03-30
EDTX,NASDAQ,Stock,USD,2021-01-04,2023-08-31
EDTXU,NASDAQ,Stock,USD,2020-12-11,2023-08-31
EDTXU,NASDAQ,Stock,USD,2018-10-05,2020-04-08
EDTXW,NASDAQ,Stock,USD,2021-02-12,2023-08-31
EDTXW,NASDAQ,Stock,USD,2018-10-24,2020-03-30
EDU,NYSE,Stock,USD,2006-09-07,2026-06-17
EDUC,NASDAQ,Stock,USD,1993-03-04,2026-06-17
EE,NYSE,Stock,USD,1989-07-07,2020-07-29
EE,NYSE,Stock,USD,2022-04-13,2026-06-17
EEFT,NASDAQ,Stock,USD,1997-03-07,2026-06-17
EEI,NASDAQ,Stock,USD,1992-03-17,2019-12-31
EEIQ,NASDAQ,Stock,USD,2021-03-24,2026-06-17
EEP,NYSE,Stock,USD,1991-12-20,2018-12-20
EEQ,NYSE,Stock,USD,2002-10-11,2018-12-20
EEX,NYSE,Stock,USD,2017-04-28,2026-06-17
EFC,NYSE,Stock,USD,2010-10-08,2026-06-17
EFC-P-A,NYSE,Stock,USD,2019-10-17,2026-02-27
EFC-P-B,NYSE,Stock,USD,2021-12-14,2026-06-17
EFC-P-C,NYSE,Stock,USD,2023-02-03,2026-06-17
EFC-P-D,NYSE,Stock,USD,2023-12-14,2026-06-17
EFC-P-E,NYSE,Stock,USD,2023-12-14,2024-12-12
EFD,NYSE,Stock,USD,2006-12-28,2007-11-13
EFHTR,NASDAQ,Stock,USD,2022-12-08,2023-12-12
EFHTU,NASDAQ,Stock,USD,2022-09-09,2022-12-07
EFII,NASDAQ,Stock,USD,1992-10-02,2019-07-23
EFM,NYSE,Stock,USD,2016-01-04,2016-09-23
EFM-CL,NYSE,Stock,USD,2016-09-16,2016-10-12
EFOI,NASDAQ,Stock,USD,2014-07-21,2026-06-17
EFOR,NYSE,Stock,USD,1992-09-23,2026-06-17
EFS,NYSE,Stock,USD,2017-01-25,2017-02-01
EFSC,NASDAQ,Stock,USD,2003-07-15,2026-06-17
EFSCP,NASDAQ,Stock,USD,2021-11-11,2026-06-17
EFSI,NASDAQ,Stock,USD,2016-01-04,2026-06-17
EFTY,NASDAQ,Stock,USD,2025-08-08,2026-06-17
EFX,NYSE,Stock,USD,1986-03-27,2026-06-17
EFXT,NYSE,Stock,USD,2011-06-13,2026-06-17
EG,NYSE,Stock,USD,1995-10-03,2026-06-17
EGAN,NASDAQ,Stock,USD,1999-09-23,2026-06-17
EGAS,NYSE,Stock,USD,1990-03-26,2017-08-17
EGBN,NASDAQ,Stock,USD,1999-07-14,2026-06-17
EGC,NASDAQ,Stock,USD,2017-01-09,2018-10-19
EGG,AMEX,Stock,USD,2025-06-18,2026-06-17
EGGF-U,NYSE,Stock,USD,2021-05-26,2023-12-27
EGHA,NASDAQ,Stock,USD,2025-06-30,2026-06-17
EGHAR,NASDAQ,Stock,USD,2025-06-30,2026-06-17
EGHAU,NASDAQ,Stock,USD,2025-05-09,2026-06-17
EGHT,NASDAQ,Stock,USD,1997-07-02,2026-06-17
EGL,NYSE,Stock,USD,2012-07-18,2019-01-11
EGLTQ,NASDAQ,Stock,USD,2014-02-06,2019-03-01
EGN,NYSE,Stock,USD,1984-07-19,2018-11-29
EGO,NYSE,Stock,USD,2003-01-23,2026-06-17
EGOV,NASDAQ,Stock,USD,1999-07-15,2021-04-21
EGP,NYSE,Stock,USD,1992-03-17,2026-06-17
EGT,NASDAQ,Stock,USD,2003-10-15,2017-06-22
EGY,NYSE,Stock,USD,1993-01-29,2026-06-17
EH,NASDAQ,Stock,USD,2019-12-12,2026-06-17
EHAB,NYSE,Stock,USD,2022-07-01,2026-05-14
EHAB-W,NYSE,Stock,USD,2022-06-23,2022-06-30
EHC,NYSE,Stock,USD,2017-12-29,2026-06-17
EHC-W,NYSE,Stock,USD,2022-06-23,2022-06-30
EHGO,NASDAQ,Stock,USD,2024-07-02,2026-06-17
EHI-R,NYSE,Stock,USD,2024-09-12,2024-10-07
EHI-R-W,NYSE,Stock,USD,2024-09-06,2024-09-11
EHIC,NYSE,Stock,USD,2014-11-18,2019-04-09
EHLD,NASDAQ,Stock,USD,2025-03-18,2026-06-17
EHLDV,NASDAQ,Stock,USD,2025-03-07,2025-03-17
EHTH,NASDAQ,Stock,USD,2006-10-20,2026-06-17
EIC,NYSE,Stock,USD,2019-07-24,2026-06-17
EICA,NYSE,Stock,USD,2021-10-19,2026-06-17
EICB,NYSE,Stock,USD,2023-07-31,2025-12-26
EICC,NYSE,Stock,USD,2024-04-11,2026-04-02
EIDX,NASDAQ,Stock,USD,2018-06-20,2021-01-26
EIG,NYSE,Stock,USD,2007-01-31,2026-06-17
EIGI,NASDAQ,Stock,USD,2013-10-25,2021-02-10
EIHI,NASDAQ,Stock,USD,2006-12-28,2013-12-31
EIIA,NYSE,Stock,USD,2024-10-16,2026-06-17
EIKN,NASDAQ,Stock,USD,2026-02-05,2026-06-17
EIX,NYSE,Stock,USD,1980-01-02,2026-06-17
EJ,NYSE,Stock,USD,2016-01-04,2016-08-22
EJFA,NASDAQ,Stock,USD,2021-04-21,2022-08-26
EJFAU,NASDAQ,Stock,USD,2021-02-25,2022-06-22
EJFAW,NASDAQ,Stock,USD,2021-04-22,2022-06-22
EJH,NASDAQ,Stock,USD,2021-05-14,2026-06-17
EL,NYSE,Stock,USD,1995-11-17,2026-06-17
ELA,NYSE,Stock,USD,2016-01-04,2016-08-25
ELA,AMEX,Stock,USD,1992-03-19,2026-06-17
ELA-CL,NYSE,Stock,USD,2016-08-17,2016-09-15
ELAB,NASDAQ,Stock,USD,2023-11-21,2026-06-17
ELAN,NYSE,Stock,USD,2018-09-20,2026-06-17
ELAN-W,NYSE,Stock,USD,2019-03-01,2019-03-13
ELAT,NYSE,Stock,USD,2020-01-23,2023-01-31
ELB,NYSE,Stock,USD,2016-01-04,2016-08-25
ELB-CL,NYSE,Stock,USD,2016-08-17,2016-09-15
ELBM,NASDAQ,Stock,USD,2017-03-14,2026-06-17
ELC,NYSE,Stock,USD,2016-08-18,2026-06-17
ELDN,NASDAQ,Stock,USD,2014-09-17,2026-06-17
ELE,NASDAQ,Stock,USD,2026-05-26,2026-06-17
ELEC,NASDAQ,Stock,USD,2015-09-24,2018-06-06
ELECU,NASDAQ,Stock,USD,2015-06-11,2018-05-31
ELECW,NASDAQ,Stock,USD,2015-08-20,2018-06-06
ELEV,NASDAQ,Stock,USD,2021-06-25,2025-07-23
ELF,NYSE,Stock,USD,2016-09-22,2026-06-17
ELGX,NASDAQ,Stock,USD,1996-06-21,2020-08-20
ELIQ-WS,AMEX,Stock,USD,2023-08-01,2023-08-01
ELJ,NYSE,Stock,USD,2012-07-06,2020-12-18
ELLA,NYSE,Stock,USD,2026-04-07,2026-06-17
ELLI,NYSE,Stock,USD,2011-04-15,2019-04-17
ELLO,AMEX,Stock,USD,1995-10-09,2026-06-17
ELMD,AMEX,Stock,USD,2010-08-13,2026-06-17
ELME,NYSE,Stock,USD,1992-03-17,2026-06-17
ELMT,NASDAQ,Stock,USD,2026-04-23,2026-06-17
ELNK,NASDAQ,Stock,USD,2001-01-02,2017-03-08
ELOG,NASDAQ,Stock,USD,2025-08-28,2026-06-17
ELOS,NASDAQ,Stock,USD,2004-08-09,2017-07-18
ELOX,NASDAQ,Stock,USD,2026-06-09,2026-06-17
ELP,NYSE,Stock,USD,1998-06-03,2025-12-24
ELPC,NYSE,Stock,USD,2023-12-29,2026-06-17
ELPW,NASDAQ,Stock,USD,2024-11-22,2026-06-17
ELRC,NASDAQ,Stock,USD,2016-01-04,2016-08-11
ELS,NYSE,Stock,USD,1993-02-25,2026-06-17
ELS-P-C,NYSE,Stock,USD,1993-02-25,2017-09-22
ELSE,NASDAQ,Stock,USD,1990-04-02,2026-06-17
ELTK,NASDAQ,Stock,USD,1997-01-23,2026-06-17
ELTX,NASDAQ,Stock,USD,2021-02-05,2026-06-17
ELU,NYSE,Stock,USD,2013-05-23,2020-12-18
ELUT,NASDAQ,Stock,USD,2020-10-08,2026-06-17
ELV,NYSE,Stock,USD,2001-10-30,2026-06-17
ELVA,NASDAQ,Stock,USD,2016-01-08,2026-06-17
ELVN,NASDAQ,Stock,USD,2020-03-12,2026-06-17
ELVR,NASDAQ,Stock,USD,2025-09-02,2026-06-17
ELVT,NYSE,Stock,USD,2017-04-06,2023-02-27
ELWT,NASDAQ,Stock,USD,2025-11-05,2026-06-17
ELX,NYSE,Stock,USD,1990-03-26,2015-05-05
ELXS,NASDAQ,Stock,USD,1983-11-10,2018-06-08
EM,NASDAQ,Stock,USD,2021-04-01,2026-04-30
EM,NYSE,Stock,USD,2009-08-12,2012-11-09
EMA,NYSE,Stock,USD,2025-05-28,2026-06-17
EMAT,NASDAQ,Stock,USD,2022-01-25,2026-06-17
EMBC,NASDAQ,Stock,USD,2022-04-01,2026-06-17
EMBCV,NASDAQ,Stock,USD,2022-03-22,2022-03-31
EMBJ,NYSE,Stock,USD,2000-07-21,2026-06-17
EMBK,NASDAQ,Stock,USD,2021-03-05,2023-08-29
EMBKW,NASDAQ,Stock,USD,2021-03-05,2021-11-10
EMBKW,NASDAQ,Stock,USD,2021-11-11,2023-08-02
EMCF,NASDAQ,Stock,USD,1999-03-08,2022-12-30
EMCGU,NASDAQ,Stock,USD,2022-08-10,2026-06-17
EMCI,NASDAQ,Stock,USD,1990-03-26,2019-09-19
EME,NYSE,Stock,USD,1995-12-28,2026-06-17
EMFI,NYSE,Stock,USD,2026-04-23,2026-06-17
EMIS,NASDAQ,Stock,USD,2025-10-22,2026-06-17
EMISR,NASDAQ,Stock,USD,2025-10-23,2026-06-17
EMISU,NASDAQ,Stock,USD,2025-09-25,2025-10-21
EMKR,NASDAQ,Stock,USD,1997-03-07,2025-02-28
EML,NASDAQ,Stock,USD,1992-03-17,2026-06-17
EMMSP,NASDAQ,Stock,USD,2016-01-04,2016-04-11
EMN,NYSE,Stock,USD,1993-12-14,2026-06-17
EMO-R,NYSE,Stock,USD,2025-09-17,2025-10-09
EMO-R-W,NYSE,Stock,USD,2025-09-12,2025-09-16
EMON,NASDAQ,Stock,USD,2015-04-27,2018-10-25
EMP,NYSE,Stock,USD,2016-09-16,2026-06-17
EMPD,NASDAQ,Stock,USD,2025-07-31,2026-06-17
EMPG,NASDAQ,Stock,USD,2025-07-02,2026-06-17
EMPW-U,NYSE,Stock,USD,2020-10-07,2021-07-16
EMQ,NYSE,Stock,USD,2016-01-04,2016-05-23
EMQ-CL,NYSE,Stock,USD,2016-05-13,2016-06-10
EMR,NYSE,Stock,USD,1972-06-01,2026-06-17
EMS,NYSE,Stock,USD,2017-01-25,2017-02-01
EMUS,NASDAQ,Stock,USD,2026-03-24,2026-03-27
EMXX,NYSE,Stock,USD,2026-06-03,2026-06-17
EMZ,NYSE,Stock,USD,2016-01-04,2016-09-23
EMZ-CL,NYSE,Stock,USD,2016-09-16,2016-10-12
ENA,NYSE,Stock,USD,2012-10-31,2013-10-17
ENB,NYSE,Stock,USD,1990-03-27,2026-06-17
ENBA,NYSE,Stock,USD,2018-04-25,2023-04-14
ENBL,NYSE,Stock,USD,2014-04-11,2021-12-02
ENCPU,NASDAQ,Stock,USD,2021-11-16,2024-03-14
ENCPW,NASDAQ,Stock,USD,2022-01-10,2024-03-14
ENDRQ,NYSE,Stock,USD,2016-01-04,2016-10-25
ENER,NASDAQ,Stock,USD,2021-12-01,2023-12-26
ENERQ,NASDAQ,Stock,USD,2012-02-24,2016-10-25
ENERR,NASDAQ,Stock,USD,2021-12-01,2023-12-26
ENERU,NASDAQ,Stock,USD,2021-10-21,2023-12-26
ENERW,NASDAQ,Stock,USD,2021-12-01,2023-12-26
ENFAU,NASDAQ,Stock,USD,2021-01-12,2021-12-03
ENFC,NASDAQ,Stock,USD,2014-10-01,2019-12-31
ENFN,NYSE,Stock,USD,2021-10-21,2026-06-17
ENGN,NASDAQ,Stock,USD,2023-11-01,2026-06-17
ENGNW,NASDAQ,Stock,USD,2023-11-01,2026-06-17
ENGS,NASDAQ,Stock,USD,2025-04-01,2026-06-17
ENH,NYSE,Stock,USD,2003-02-28,2017-04-05
ENH-P-C,NYSE,Stock,USD,2003-02-28,2017-10-20
ENHA,NYSE,Stock,USD,2026-05-08,2026-06-17
ENIA,NYSE,Stock,USD,2022-06-17,2022-06-17
ENIA-R,NYSE,Stock,USD,2019-07-08,2019-08-20
ENIA-W,NYSE,Stock,USD,2016-12-01,2016-12-29
ENIC,NYSE,Stock,USD,2016-04-27,2026-06-17
ENJ,NYSE,Stock,USD,2012-12-05,2026-06-17
ENL,NYSE,Stock,USD,1994-10-07,2015-07-01
ENLC,NYSE,Stock,USD,2004-01-13,2025-01-31
ENLK,NYSE,Stock,USD,2003-02-25,2019-01-25
ENLT,NASDAQ,Stock,USD,2023-02-10,2026-06-17
ENLV,NASDAQ,Stock,USD,2014-07-31,2026-06-17
ENNVU,NASDAQ,Stock,USD,2021-02-09,2022-02-04
ENO,NYSE,Stock,USD,2016-03-24,2026-06-17
ENOC,NASDAQ,Stock,USD,2007-05-18,2017-08-08
ENOV,NYSE,Stock,USD,2008-05-08,2026-06-17
ENP,NYSE,Stock,USD,2007-09-12,2012-12-10
ENPC-U,NYSE,Stock,USD,2020-09-16,2022-10-24
ENPH,NASDAQ,Stock,USD,2012-03-30,2026-06-17
ENR,NYSE,Stock,USD,2000-03-27,2026-06-17
ENRD,NASDAQ,Stock,USD,2026-06-10,2026-06-17
ENRDW,NASDAQ,Stock,USD,2026-06-10,2026-06-17
ENRJ,NYSE,Stock,USD,2007-03-23,2018-03-26
ENS,NYSE,Stock,USD,2004-08-02,2026-06-17
ENSC,NASDAQ,Stock,USD,2018-02-26,2026-06-17
ENSCW,NASDAQ,Stock,USD,2018-01-05,2021-08-24
ENSG,NASDAQ,Stock,USD,2007-11-09,2026-06-17
ENTA,NASDAQ,Stock,USD,2013-03-21,2026-06-17
ENTF,NASDAQ,Stock,USD,2021-12-14,2023-07-21
ENTFU,NASDAQ,Stock,USD,2021-10-19,2023-07-21
ENTFW,NASDAQ,Stock,USD,2021-12-09,2023-07-21
ENTG,NASDAQ,Stock,USD,2000-07-11,2026-06-17
ENTL,NASDAQ,Stock,USD,2015-01-29,2018-02-28
ENTU,NASDAQ,Stock,USD,1998-08-18,2009-08-13
ENTX,NASDAQ,Stock,USD,2018-06-28,2026-06-17
ENTXW,NASDAQ,Stock,USD,2018-06-28,2023-06-28
ENV,NYSE,Stock,USD,2010-07-29,2024-11-25
ENVA,NYSE,Stock,USD,2014-11-13,2026-06-17
ENVB,NASDAQ,Stock,USD,2015-06-24,2026-06-17
ENVE,NASDAQ,Stock,USD,1995-03-29,2017-09-18
ENVIU,NASDAQ,Stock,USD,2021-01-14,2022-02-02
ENVX,NASDAQ,Stock,USD,2021-01-05,2026-06-17
ENVXW,NASDAQ,Stock,USD,2021-01-05,2022-01-07
ENVXW,NASDAQ,Stock,USD,2025-07-22,2025-08-29
ENZY,NASDAQ,Stock,USD,2013-09-27,2018-01-11
EOCA,NYSE,Stock,USD,2016-04-26,2016-12-08
EOCC-W,NYSE,Stock,USD,2016-04-21,2016-04-26
EOCW,NYSE,Stock,USD,2021-08-19,2023-06-30
EOCW-U,NYSE,Stock,USD,2021-06-29,2023-06-30
EOG,NYSE,Stock,USD,1989-10-04,2026-06-17
EOLS,NASDAQ,Stock,USD,2018-02-08,2026-06-17
EONR,AMEX,Stock,USD,2022-04-06,2026-06-17
EONR-WS,AMEX,Stock,USD,2024-09-18,2026-06-17
EOPN,NASDAQ,Stock,USD,2012-07-26,2015-03-25
EOSE,NASDAQ,Stock,USD,2020-06-03,2026-06-17
EOSEW,NASDAQ,Stock,USD,2020-06-03,2025-11-17
EP,AMEX,Stock,USD,2011-02-23,2026-06-17
EP-P-C,NYSE,Stock,USD,2014-09-22,2026-06-17
EPAC,NYSE,Stock,USD,2000-07-24,2026-06-17
EPAM,NYSE,Stock,USD,2012-02-08,2026-06-17
EPAY,NASDAQ,Stock,USD,1999-02-12,2022-09-16
EPB,NYSE,Stock,USD,2007-11-29,2014-12-04
EPC,NYSE,Stock,USD,2000-03-27,2026-06-17
EPD,NYSE,Stock,USD,1998-07-28,2026-06-17
EPHC,NASDAQ,Stock,USD,2006-12-28,2013-03-27
EPHY,NASDAQ,Stock,USD,2021-03-01,2023-01-12
EPHYU,NASDAQ,Stock,USD,2021-01-08,2023-01-12
EPHYW,NASDAQ,Stock,USD,2021-03-01,2023-01-12
EPIQ,NASDAQ,Stock,USD,2016-01-04,2016-10-10
EPIX,NASDAQ,Stock,USD,2015-07-09,2025-10-13
EPL,NYSE,Stock,USD,2009-09-23,2014-06-03
EPM,AMEX,Stock,USD,1997-01-13,2026-06-17
EPOW,NASDAQ,Stock,USD,2024-02-22,2026-06-17
EPOW,NASDAQ,Stock,USD,2021-02-09,2024-02-21
EPR,NYSE,Stock,USD,1997-11-18,2026-06-17
EPR-P-C,NYSE,Stock,USD,2014-09-22,2026-06-17
EPR-P-E,NYSE,Stock,USD,2014-09-22,2026-06-17
EPR-P-F,NYSE,Stock,USD,1997-11-18,2017-12-20
EPR-P-G,NYSE,Stock,USD,2017-11-20,2026-06-17
EPRE,NASDAQ,Stock,USD,2022-10-28,2022-10-28
EPRS,NASDAQ,Stock,USD,2016-01-04,2016-08-11
EPRT,NYSE,Stock,USD,2018-06-21,2026-06-17
EPRX,NASDAQ,Stock,USD,2021-08-03,2026-06-17
EPSM,NASDAQ,Stock,USD,2025-03-26,2026-06-17
EPSN,NASDAQ,Stock,USD,2016-01-04,2026-06-17
EPWK,NASDAQ,Stock,USD,2025-02-06,2026-06-17
EPWR,NYSE,Stock,USD,2021-03-01,2022-12-13
EPWR-U,NYSE,Stock,USD,2021-01-08,2022-12-13
EPZM,NASDAQ,Stock,USD,2013-05-31,2022-09-08
EQ,NASDAQ,Stock,USD,2018-10-12,2026-06-17
EQBK,NYSE,Stock,USD,2015-11-11,2026-06-17
EQC,NYSE,Stock,USD,1988-01-05,2026-06-17
EQC-P-D,NYSE,Stock,USD,2014-09-22,2024-12-02
EQCO,NYSE,Stock,USD,2012-07-30,2018-06-05
EQD,NYSE,Stock,USD,2020-11-06,2022-09-16
EQD-U,NYSE,Stock,USD,2020-09-16,2022-09-16
EQD-WS,NYSE,Stock,USD,2020-11-06,2022-08-10
EQGP,NYSE,Stock,USD,2015-05-12,2019-01-18
EQH,NYSE,Stock,USD,2018-05-10,2026-06-17
EQH-P-A,NYSE,Stock,USD,2019-11-21,2026-06-17
EQH-P-C,NYSE,Stock,USD,2021-01-06,2026-06-17
EQHA,NYSE,Stock,USD,2021-03-22,2022-12-21
EQHA-U,NYSE,Stock,USD,2021-01-29,2022-12-21
EQIX,NASDAQ,Stock,USD,2000-08-11,2026-06-17
EQM,NYSE,Stock,USD,2012-06-27,2020-06-16
EQNR,NYSE,Stock,USD,2018-05-16,2026-06-17
EQOSW,NASDAQ,Stock,USD,2019-05-16,2021-03-26
EQPT,NASDAQ,Stock,USD,2026-01-23,2026-06-17
EQR,NYSE,Stock,USD,1993-08-12,2026-06-17
EQRX,NASDAQ,Stock,USD,2021-12-20,2023-11-09
EQRXW,NASDAQ,Stock,USD,2021-06-03,2023-11-09
EQS,NYSE,Stock,USD,1992-09-11,2026-06-17
EQT,NYSE,Stock,USD,1987-11-05,2026-06-17
EQT-W,NYSE,Stock,USD,2018-10-31,2018-11-12
EQU,NYSE,Stock,USD,2000-04-25,2014-07-30
EQX,AMEX,Stock,USD,2018-08-03,2026-06-17
EQY,NYSE,Stock,USD,2016-01-04,2017-03-09
ERAS,NASDAQ,Stock,USD,2021-07-16,2026-06-17
ERB,NYSE,Stock,USD,2016-01-04,2016-10-10
ERESU,NASDAQ,Stock,USD,2020-07-23,2023-07-03
ERF,NYSE,Stock,USD,2000-11-17,2024-05-31
ERIC,NASDAQ,Stock,USD,1989-09-28,2026-06-17
ERIE,NASDAQ,Stock,USD,1995-10-02,2026-06-17
ERII,NASDAQ,Stock,USD,2008-07-02,2026-06-17
ERN,NYSE,Stock,USD,2007-06-28,2018-04-26
ERNA,NASDAQ,Stock,USD,1992-10-19,2026-06-17
ERNAW,NASDAQ,Stock,USD,2026-02-06,2026-06-17
ERO,NYSE,Stock,USD,2017-10-23,2026-06-17
EROC,NYSE,Stock,USD,2026-06-10,2026-06-17
EROC,NASDAQ,Stock,USD,2006-10-25,2015-10-08
EROK,NYSE,Stock,USD,2026-05-14,2026-06-17
ERS,NASDAQ,Stock,USD,2003-01-02,2017-05-09
ES,NYSE,Stock,USD,1984-08-29,2026-06-17
ESAB,NYSE,Stock,USD,2022-03-29,2026-06-17
ESAB-W,NYSE,Stock,USD,2022-03-29,2022-03-29
ESACU,NASDAQ,Stock,USD,2021-10-20,2024-03-13
ESBA,NYSE,Stock,USD,2013-10-02,2026-06-17
ESBF,NASDAQ,Stock,USD,1995-08-18,2015-02-10
ESBK,NASDAQ,Stock,USD,1993-03-04,2022-05-13
ESC,NYSE,Stock,USD,1995-11-20,2014-07-30
ESCA,NASDAQ,Stock,USD,1992-02-25,2026-06-17
ESCRP,NASDAQ,Stock,USD,2007-07-23,2015-11-10
ESCRQ,NASDAQ,Stock,USD,1995-03-27,2019-04-04
ESDI,NASDAQ,Stock,USD,2016-10-18,2018-01-03
ESDIW,NASDAQ,Stock,USD,2017-08-10,2018-01-02
ESE,NYSE,Stock,USD,1990-10-01,2026-06-17
ESEA,NASDAQ,Stock,USD,2006-05-05,2026-06-17
ESEAV,NASDAQ,Stock,USD,2025-03-10,2026-06-17
ESGR,NASDAQ,Stock,USD,1997-05-09,2025-07-02
ESHA,NASDAQ,Stock,USD,2023-07-21,2026-06-17
ESHAR,NASDAQ,Stock,USD,2023-07-21,2026-06-17
ESHAU,NASDAQ,Stock,USD,2023-06-14,2023-07-20
ESI,NYSE,Stock,USD,2013-10-22,2026-06-17
ESI,NYSE,Stock,USD,2019-01-31,2019-01-31
ESIO,NASDAQ,Stock,USD,1990-03-26,2019-02-01
ESL,NYSE,Stock,USD,1973-05-03,2019-03-14
ESLA,NASDAQ,Stock,USD,2021-09-14,2026-06-17
ESLAW,NASDAQ,Stock,USD,2021-09-14,2026-06-17
ESLRQ,NASDAQ,Stock,USD,2000-11-02,2013-07-29
ESLT,NASDAQ,Stock,USD,1996-11-27,2026-06-17
ESM,NYSE,Stock,USD,2021-04-30,2023-03-09
ESM-U,NYSE,Stock,USD,2021-03-10,2023-03-09
ESM-WS,NYSE,Stock,USD,2021-04-30,2023-03-09
ESMT,NYSE,Stock,USD,2021-09-23,2024-01-25
ESND,NASDAQ,Stock,USD,1990-03-26,2019-01-31
ESNT,NYSE,Stock,USD,2013-10-31,2026-06-17
ESOA,NASDAQ,Stock,USD,2012-11-16,2026-06-17
ESP,AMEX,Stock,USD,1992-03-17,2026-06-17
ESPR,NASDAQ,Stock,USD,2013-06-26,2026-06-17
ESQ,NASDAQ,Stock,USD,2017-06-27,2026-06-17
ESRT,NYSE,Stock,USD,2013-10-02,2026-06-17
ESRX,NASDAQ,Stock,USD,1992-06-09,2018-12-20
ESS,NYSE,Stock,USD,1994-06-07,2026-06-17
ESSA,NASDAQ,Stock,USD,2007-04-04,2025-07-24
ESSCR,NASDAQ,Stock,USD,2020-03-27,2022-11-11
ESSCU,NASDAQ,Stock,USD,2020-02-20,2022-11-11
ESSX,NASDAQ,Stock,USD,2007-03-27,2017-09-11
ESTA,NASDAQ,Stock,USD,2018-07-19,2026-06-17
ESTC,NYSE,Stock,USD,2018-10-05,2026-06-17
ESTE,NYSE,Stock,USD,1997-01-06,2023-11-01
ESXB,NASDAQ,Stock,USD,2006-09-06,2021-12-10
ESYS,NASDAQ,Stock,USD,1993-12-01,2015-01-22
ET,NYSE,Stock,USD,2006-02-03,2026-06-17
ET-P-C,NYSE,Stock,USD,2021-04-05,2024-02-08
ET-P-D,NYSE,Stock,USD,2021-04-05,2024-02-08
ET-P-E,NYSE,Stock,USD,2021-04-05,2024-05-14
ET-P-I,NYSE,Stock,USD,2023-11-02,2026-06-17
ET1,NYSE,Stock,USD,2012-03-22,2013-07-11
ETAC,NASDAQ,Stock,USD,2020-09-18,2022-09-02
ETACU,NASDAQ,Stock,USD,2020-07-31,2022-09-02
ETACW,NASDAQ,Stock,USD,2020-09-18,2022-09-02
ETC-W,NYSE,Stock,USD,2016-06-27,2016-06-28
ETCO,NYSE,Stock,USD,2025-09-04,2026-06-17
ETD,NYSE,Stock,USD,1993-03-16,2026-06-17
ETE,NYSE,Stock,USD,2006-02-03,2018-10-18
ETFC,NASDAQ,Stock,USD,1996-08-16,2020-10-02
ETH,NYSE,Stock,USD,2024-07-23,2026-06-17
ETHE,NYSE,Stock,USD,2019-06-14,2026-06-17
ETHM,NASDAQ,Stock,USD,2025-08-26,2026-04-30
ETHMW,NASDAQ,Stock,USD,2025-08-27,2026-04-30
ETHZW,NASDAQ,Stock,USD,2017-06-27,2025-11-05
ETI-P,NYSE,Stock,USD,2019-09-04,2026-06-17
ETN,NYSE,Stock,USD,1972-06-01,2026-06-17
ETNB,NASDAQ,Stock,USD,2019-11-11,2025-10-30
ETON,NASDAQ,Stock,USD,2018-11-13,2026-06-17
ETOR,NASDAQ,Stock,USD,2025-05-13,2026-06-17
ETP,NYSE,Stock,USD,2002-02-05,2018-10-19
ETP-,NYSE,Stock,USD,1996-06-25,2017-04-28
ETP-P-C,NYSE,Stock,USD,2018-04-18,2021-04-01
ETR,NYSE,Stock,USD,1972-06-01,2026-06-17
ETRM,NASDAQ,Stock,USD,2007-11-15,2017-10-20
ETRN,NYSE,Stock,USD,2018-10-31,2024-07-22
ETS,NASDAQ,Stock,USD,2025-08-21,2026-06-17
ETSS,NYSE,Stock,USD,2026-06-04,2026-06-17
ETSS-U,NYSE,Stock,USD,2026-05-15,2026-06-17
ETSS-WS,NYSE,Stock,USD,2026-06-04,2026-06-17
ETSY,NYSE,Stock,USD,2015-04-16,2026-06-17
ETTX,NASDAQ,Stock,USD,2018-09-26,2022-08-05
ETWO,NYSE,Stock,USD,2020-06-15,2026-06-17
ETWO-WS,NYSE,Stock,USD,2020-06-15,2025-03-24
EU,NASDAQ,Stock,USD,2014-08-18,2026-06-17
EUCR,NASDAQ,Stock,USD,2020-12-29,2023-04-26
EUCRU,NASDAQ,Stock,USD,2020-10-23,2023-04-26
EUCRW,NASDAQ,Stock,USD,2021-01-07,2023-04-26
EUDA,NASDAQ,Stock,USD,2021-12-14,2026-06-17
EUDAW,NASDAQ,Stock,USD,2021-12-14,2026-06-17
EURK,NASDAQ,Stock,USD,2024-09-12,2026-06-17
EURKR,NASDAQ,Stock,USD,2024-09-12,2026-06-17
EURKU,NASDAQ,Stock,USD,2024-07-02,2026-06-17
EUSGU,NASDAQ,Stock,USD,2021-01-22,2021-12-22
EV,NYSE,Stock,USD,1990-03-27,2021-03-01
EVA,NYSE,Stock,USD,2015-04-29,2021-12-31
EVAC,NYSE,Stock,USD,2025-08-22,2026-06-17
EVAC-U,NYSE,Stock,USD,2025-07-02,2026-06-17
EVAC-WS,NYSE,Stock,USD,2025-08-25,2026-06-17
EVAR,NASDAQ,Stock,USD,2014-04-25,2017-11-08
EVAX,NASDAQ,Stock,USD,2021-02-05,2026-06-17
EVBG,NASDAQ,Stock,USD,2016-09-16,2026-06-17
EVBS,NASDAQ,Stock,USD,1998-01-02,2017-07-03
EVC,NYSE,Stock,USD,2000-08-02,2026-06-17
EVCM,NASDAQ,Stock,USD,2021-07-01,2026-06-17
EVDY,NYSE,Stock,USD,2016-01-04,2016-12-05
EVEP,NASDAQ,Stock,USD,2006-09-27,2018-05-10
EVER,NASDAQ,Stock,USD,2012-05-03,2017-07-19
EVER,NASDAQ,Stock,USD,2018-06-28,2026-06-17
EVER-P-A,NYSE,Stock,USD,2012-05-03,2017-08-17
EVEX,NYSE,Stock,USD,2021-01-07,2026-06-17
EVEX-WS,NYSE,Stock,USD,2022-05-10,2026-06-17
EVEX-WS,NYSE,Stock,USD,2021-01-07,2022-12-23
EVFTC,NASDAQ,Stock,USD,2017-11-30,2019-07-25
EVGN,NASDAQ,Stock,USD,2008-03-05,2026-06-17
EVGO,NASDAQ,Stock,USD,2020-11-20,2026-06-17
EVGOW,NASDAQ,Stock,USD,2020-11-20,2026-06-17
EVGR,NASDAQ,Stock,USD,2022-04-05,2026-06-17
EVGRU,NASDAQ,Stock,USD,2022-02-09,2026-06-17
EVH,NYSE,Stock,USD,2015-06-05,2026-06-17
EVHC,NYSE,Stock,USD,2013-08-14,2018-12-14
EVHC-P,NYSE,Stock,USD,2013-08-14,2017-06-30
EVI,AMEX,Stock,USD,1990-03-27,2026-06-17
EVLV,NASDAQ,Stock,USD,2020-09-22,2026-06-17
EVLVU,NASDAQ,Stock,USD,2020-07-31,2021-09-09
EVLVW,NASDAQ,Stock,USD,2023-05-05,2026-06-17
EVMN,NYSE,Stock,USD,2025-11-06,2026-06-17
EVO,NASDAQ,Stock,USD,2009-12-04,2026-06-17
EVOJ,NASDAQ,Stock,USD,2021-04-07,2023-05-08
EVOJU,NASDAQ,Stock,USD,2021-02-09,2023-05-08
EVOJW,NASDAQ,Stock,USD,2021-04-08,2023-05-08
EVOK,NASDAQ,Stock,USD,2013-09-25,2025-12-17
EVOP,NASDAQ,Stock,USD,2018-05-23,2023-03-24
EVOQ,NASDAQ,Stock,USD,2009-04-07,2014-10-16
EVOX,NASDAQ,Stock,USD,2025-12-03,2026-06-17
EVOXU,NASDAQ,Stock,USD,2025-11-11,2026-06-17
EVOXW,NASDAQ,Stock,USD,2025-12-03,2026-06-17
EVR,NYSE,Stock,USD,2006-08-14,2026-06-17
EVRG,NASDAQ,Stock,USD,2018-06-04,2026-06-17
EVRI,NYSE,Stock,USD,2015-08-24,2025-07-01
EVRYQ,NASDAQ,Stock,USD,2015-04-20,2015-06-02
EVSNF,NASDAQ,Stock,USD,2013-12-06,2018-04-26
EVTC,NYSE,Stock,USD,2013-04-12,2026-06-17
EVTL,NYSE,Stock,USD,2020-11-02,2021-12-15
EVTL,NYSE,Stock,USD,2021-12-15,2026-06-17
EVTL-WS,NYSE,Stock,USD,2021-12-16,2024-11-15
EVTL-WS,NYSE,Stock,USD,2020-11-02,2022-12-23
EVTV,NASDAQ,Stock,USD,2017-06-15,2026-06-17
EVVV,NASDAQ,Stock,USD,2005-06-16,2010-07-29
EW,NYSE,Stock,USD,2000-03-27,2026-06-17
EWBC,NASDAQ,Stock,USD,1999-02-03,2026-06-17
EWCZ,NASDAQ,Stock,USD,2021-08-05,2026-05-08
EWTX,NASDAQ,Stock,USD,2021-03-26,2026-06-17
EXA,NASDAQ,Stock,USD,2012-06-28,2017-11-17
EXAC,NASDAQ,Stock,USD,1996-05-30,2018-02-14
EXAI,NASDAQ,Stock,USD,2021-10-01,2024-11-20
EXAM,NYSE,Stock,USD,2010-10-28,2016-07-27
EXAR,NYSE,Stock,USD,1990-03-26,2017-07-14
EXAS,NASDAQ,Stock,USD,2001-02-01,2026-03-24
EXC,NASDAQ,Stock,USD,1980-01-02,2026-06-17
EXCU,NYSE,Stock,USD,2014-07-03,2017-06-01
EXCVV,NASDAQ,Stock,USD,2022-01-19,2022-02-01
EXE,NASDAQ,Stock,USD,2021-02-10,2026-06-17
EXEEL,NASDAQ,Stock,USD,2021-02-10,2026-02-06
EXEEW,NASDAQ,Stock,USD,2021-02-10,2026-02-06
EXEEZ,NASDAQ,Stock,USD,2021-02-10,2026-02-06
EXEL,NASDAQ,Stock,USD,2000-04-17,2026-06-17
EXEQ,NYSE,Stock,USD,2026-02-13,2026-06-17
EXFO,NASDAQ,Stock,USD,2000-06-30,2021-08-27
EXFY,NASDAQ,Stock,USD,2021-11-10,2026-06-17
EXH,NYSE,Stock,USD,2007-08-21,2015-11-03
EXK,NYSE,Stock,USD,2006-04-26,2026-06-17
EXL,NYSE,Stock,USD,2010-04-23,2015-07-31
EXLP,NASDAQ,Stock,USD,2006-10-17,2015-11-03
EXLS,NASDAQ,Stock,USD,2006-10-20,2026-06-17
EXOD,AMEX,Stock,USD,2021-09-16,2026-06-17
EXOZ,NASDAQ,Stock,USD,2024-11-13,2026-06-17
EXP,NYSE,Stock,USD,1994-04-12,2026-06-17
EXPCU,NASDAQ,Stock,USD,2019-09-13,2021-05-14
EXPD,NYSE,Stock,USD,1990-03-26,2026-06-17
EXPE,NASDAQ,Stock,USD,2005-07-21,2026-06-17
EXPO,NASDAQ,Stock,USD,1990-08-17,2026-06-17
EXR,NYSE,Stock,USD,2004-08-16,2026-06-17
EXTN,NYSE,Stock,USD,2015-11-04,2022-10-28
EXTO-W,NYSE,Stock,USD,2023-08-23,2023-08-28
EXTR,NASDAQ,Stock,USD,1999-04-09,2026-06-17
EXXI,NASDAQ,Stock,USD,2007-06-01,2018-03-20
EXYN,NASDAQ,Stock,USD,2026-05-15,2026-06-17
EXYNW,NASDAQ,Stock,USD,2026-05-15,2026-06-17
EYE,NASDAQ,Stock,USD,2017-10-26,2026-06-17
EYEGW,NASDAQ,Stock,USD,2015-07-31,2020-08-05
EYPT,NASDAQ,Stock,USD,2005-01-27,2026-06-17
EZCH,NASDAQ,Stock,USD,1999-12-31,2016-02-23
EZFL,NASDAQ,Stock,USD,2026-05-28,2026-06-17
EZGO,NASDAQ,Stock,USD,2021-01-26,2026-06-17
EZPW,NASDAQ,Stock,USD,1991-08-27,2026-06-17
EZRA,NASDAQ,Stock,USD,2026-01-23,2026-06-17
EZRAW,NASDAQ,Stock,USD,2026-01-26,2026-02-10
EZT,NYSE,Stock,USD,2014-09-22,2020-10-30
F,NYSE,Stock,USD,1972-06-01,2026-06-17
F-P-B,NYSE,Stock,USD,2019-06-18,2026-06-17
F-P-C,NYSE,Stock,USD,2019-12-23,2026-06-17
F-P-D,NYSE,Stock,USD,2022-08-26,2026-06-17
FA,NASDAQ,Stock,USD,2021-06-23,2026-06-17
FABC,NASDAQ,Stock,USD,2018-01-30,2026-06-17
FAC,NASDAQ,Stock,USD,2025-06-24,2026-06-17
FAC,NYSE,Stock,USD,1972-06-01,2018-04-06
FACA,NYSE,Stock,USD,2021-04-13,2022-12-29
FACA-U,NYSE,Stock,USD,2021-02-19,2022-12-29
FACAWS,NYSE,Stock,USD,2021-04-13,2022-12-29
FACT,NASDAQ,Stock,USD,2024-12-20,2026-06-17
FACT-U,NYSE,Stock,USD,2021-02-26,2023-07-17
FACTU,NASDAQ,Stock,USD,2024-11-26,2026-06-17
FACTW,NASDAQ,Stock,USD,2024-12-20,2026-06-17
FACWW,NASDAQ,Stock,USD,2025-06-24,2026-06-17
FAF,NYSE,Stock,USD,2010-05-28,2026-06-17
FAII-U,NYSE,Stock,USD,2020-08-12,2021-06-16
FAMI,NASDAQ,Stock,USD,2018-02-16,2026-06-17
FANG,NASDAQ,Stock,USD,2012-10-12,2026-06-17
FARM,NASDAQ,Stock,USD,1990-03-26,2026-05-05
FARO,NASDAQ,Stock,USD,1997-09-18,2025-07-21
FAST,NASDAQ,Stock,USD,1990-03-26,2026-06-17
FATAV,NASDAQ,Stock,USD,2025-01-28,2026-06-17
FATBV,NASDAQ,Stock,USD,2025-01-28,2026-06-17
FATBW,NASDAQ,Stock,USD,2020-07-14,2025-07-16
FATE,NASDAQ,Stock,USD,2013-10-01,2026-06-17
FATH,NYSE,Stock,USD,2021-03-29,2024-05-28
FATN,NASDAQ,Stock,USD,2025-04-08,2026-06-17
FATP,NASDAQ,Stock,USD,2021-12-03,2023-12-12
FATPU,NASDAQ,Stock,USD,2021-10-13,2023-12-12
FATPW,NASDAQ,Stock,USD,2021-12-03,2023-12-04
FAZE,NASDAQ,Stock,USD,2021-04-13,2024-03-08
FAZEW,NASDAQ,Stock,USD,2021-04-13,2024-03-08
FBC,NYSE,Stock,USD,1997-04-30,2022-11-30
FBCI,NASDAQ,Stock,USD,2017-10-11,2019-04-03
FBCP,NASDAQ,Stock,USD,2005-05-16,2017-07-14
FBDC,NYSE,Stock,USD,2025-06-30,2026-06-17
FBGL,NASDAQ,Stock,USD,2025-02-06,2026-06-17
FBIN,NYSE,Stock,USD,2011-09-16,2026-06-17
FBIO,NASDAQ,Stock,USD,2011-11-17,2026-06-17
FBIOP,NASDAQ,Stock,USD,2017-11-14,2026-06-17
FBIZ,NASDAQ,Stock,USD,2005-10-07,2026-06-17
FBK,NYSE,Stock,USD,2016-09-16,2026-06-17
FBLA,NASDAQ,Stock,USD,2024-10-23,2026-06-17
FBLG,NASDAQ,Stock,USD,2024-01-31,2026-06-17
FBM,NYSE,Stock,USD,2017-02-10,2021-01-28
FBMS,NYSE,Stock,USD,2003-01-02,2025-03-31
FBN,NASDAQ,Stock,USD,2006-12-28,2013-08-27
FBNC,NASDAQ,Stock,USD,1992-12-09,2026-06-17
FBNK,NASDAQ,Stock,USD,2011-06-30,2018-10-01
FBP,NYSE,Stock,USD,1992-02-25,2026-06-17
FBR,NYSE,Stock,USD,2000-04-14,2019-01-03
FBRC,NASDAQ,Stock,USD,2007-06-08,2017-06-12
FBRT,NYSE,Stock,USD,2021-03-24,2021-10-19
FBRT,NYSE,Stock,USD,2021-10-19,2026-06-17
FBRT-P-E,NYSE,Stock,USD,2021-10-19,2026-06-17
FBRX,NASDAQ,Stock,USD,2017-04-13,2026-06-17
FBTXQ,NYSE,Stock,USD,2010-01-04,2015-01-06
FBYD,NASDAQ,Stock,USD,2023-10-06,2026-06-17
FBYDP,NASDAQ,Stock,USD,2023-10-09,2023-11-06
FBYDW,NASDAQ,Stock,USD,2023-10-06,2026-06-17
FC,NYSE,Stock,USD,1992-06-03,2026-06-17
FCACU,NASDAQ,Stock,USD,2020-09-22,2021-07-01
FCAM,NYSE,Stock,USD,2014-12-11,2016-12-22
FCAP,NASDAQ,Stock,USD,1999-01-04,2026-06-17
FCAX,NYSE,Stock,USD,2021-03-05,2023-01-13
FCAX-U,NYSE,Stock,USD,2021-01-13,2023-01-13
FCAX-WS,NYSE,Stock,USD,2021-03-05,2022-12-12
FCB,NYSE,Stock,USD,2014-08-01,2018-12-31
FCBC,NASDAQ,Stock,USD,1997-05-09,2026-06-17
FCBP,NASDAQ,Stock,USD,2018-01-05,2021-07-21
FCCO,NASDAQ,Stock,USD,1999-03-09,2026-06-17
FCCY,NASDAQ,Stock,USD,1999-03-15,2022-01-06
FCE-A,NYSE,Stock,USD,1983-10-25,2018-12-10
FCE-B,NYSE,Stock,USD,1992-03-17,2017-06-12
FCEA,NYSE,Stock,USD,2017-07-13,2018-10-30
FCEL,NASDAQ,Stock,USD,1997-02-27,2026-06-17
FCF,NYSE,Stock,USD,1992-06-10,2026-06-17
FCFC,NASDAQ,Stock,USD,1995-08-02,2013-06-04
FCFP,NASDAQ,Stock,USD,2015-07-16,2017-07-11
FCFS,NASDAQ,Stock,USD,1992-08-17,2026-06-17
FCH,NYSE,Stock,USD,1994-07-22,2017-09-01
FCH-P-A,NYSE,Stock,USD,1994-07-22,2017-08-31
FCHL,NASDAQ,Stock,USD,2025-09-04,2026-06-17
FCKEE,NASDAQ,Stock,USD,1997-04-01,1997-04-01
FCLF,NASDAQ,Stock,USD,2016-01-04,2016-09-16
FCMCQ,NYSE,Stock,USD,2010-01-04,2013-08-19
FCN,NYSE,Stock,USD,1996-05-09,2026-06-17
FCNCA,NASDAQ,Stock,USD,1992-02-25,2026-06-17
FCNCN,NASDAQ,Stock,USD,2026-02-09,2026-06-17
FCNCO,NASDAQ,Stock,USD,2022-01-05,2026-06-17
FCNCP,NASDAQ,Stock,USD,2020-03-06,2026-06-17
FCPT,NYSE,Stock,USD,2015-11-10,2026-06-17
FCRD,NASDAQ,Stock,USD,2010-04-22,2023-03-09
FCRS,NYSE,Stock,USD,2025-11-17,2026-06-17
FCRS-U,NYSE,Stock,USD,2025-09-26,2026-06-17
FCRS-WS,NYSE,Stock,USD,2025-11-17,2026-06-17
FCRW,NYSE,Stock,USD,2018-10-09,2021-12-21
FCRX,NYSE,Stock,USD,2021-05-27,2026-06-12
FCRZ,NYSE,Stock,USD,2015-12-16,2021-06-18
FCS,NASDAQ,Stock,USD,2016-01-04,2016-09-20
FCSC,NASDAQ,Stock,USD,2009-10-21,2019-12-13
FCTY,NASDAQ,Stock,USD,2016-01-04,2016-07-05
FCUV,NASDAQ,Stock,USD,2017-09-27,2026-06-17
FCVA,NASDAQ,Stock,USD,1999-03-15,2015-12-31
FCX,NYSE,Stock,USD,1995-07-10,2026-06-17
FDBC,NASDAQ,Stock,USD,2001-01-02,2026-06-17
FDC,NYSE,Stock,USD,2015-10-15,2019-08-05
FDML,NASDAQ,Stock,USD,2008-01-02,2017-07-10
FDMT,NASDAQ,Stock,USD,2020-12-11,2026-06-17
FDNHQ,NASDAQ,Stock,USD,2017-09-22,2017-11-01
FDO,NYSE,Stock,USD,1985-02-25,2015-07-13
FDP,NYSE,Stock,USD,1997-10-24,2026-06-17
FDS,NYSE,Stock,USD,1996-06-28,2026-06-17
FDSB,NASDAQ,Stock,USD,2024-08-01,2026-06-17
FDUS,NASDAQ,Stock,USD,2011-06-21,2026-06-17
FDUSG,NASDAQ,Stock,USD,2019-10-17,2021-11-01
FDUSL,NASDAQ,Stock,USD,2018-02-05,2021-01-20
FDUSZ,NASDAQ,Stock,USD,2019-02-11,2021-11-01
FDV,NYSE,Stock,AUD,2026-05-22,2026-06-17
FDX,NYSE,Stock,USD,1978-04-12,2026-06-17
FDX-W,NYSE,Stock,USD,2026-05-27,2026-05-29
FDXF,NYSE,Stock,USD,2026-05-27,2026-06-17
FDXF-W,NYSE,Stock,USD,2026-05-27,2026-05-29
FE,NYSE,Stock,USD,1997-11-10,2026-06-17
FEAC-U,NYSE,Stock,USD,2020-03-06,2020-12-16
FEAM,NASDAQ,Stock,USD,2022-03-15,2026-06-17
FEBO,NASDAQ,Stock,USD,2023-11-30,2026-06-17
FEDU,NYSE,Stock,USD,2017-11-07,2026-06-17
FEED,NASDAQ,Stock,USD,2017-06-13,2026-06-17
FEIC,NASDAQ,Stock,USD,1995-05-31,2016-09-21
FEIM,NASDAQ,Stock,USD,1983-09-01,2026-06-17
FELE,NASDAQ,Stock,USD,1990-03-26,2026-06-17
FELP,NYSE,Stock,USD,2014-06-18,2019-11-15
FEMD,NYSE,Stock,USD,2026-01-27,2026-06-17
FEMY,NASDAQ,Stock,USD,2021-06-18,2026-06-17
FENC,NASDAQ,Stock,USD,2014-09-09,2026-06-17
FENG,NYSE,Stock,USD,2011-05-16,2026-06-17
FER,NASDAQ,Stock,USD,2023-06-29,2026-06-17
FERA,NASDAQ,Stock,USD,2025-04-21,2026-06-17
FERAR,NASDAQ,Stock,USD,2025-04-21,2026-06-17
FERAU,NASDAQ,Stock,USD,2025-02-28,2026-06-17
FERG,NYSE,Stock,USD,2010-01-05,2026-06-17
FET,NYSE,Stock,USD,2012-04-12,2026-06-17
FEXD,NASDAQ,Stock,USD,2022-01-13,2026-06-17
FEXDR,NASDAQ,Stock,USD,2022-01-13,2024-08-19
FEXDU,NASDAQ,Stock,USD,2021-10-19,2026-06-17
FEXDW,NASDAQ,Stock,USD,2022-01-13,2026-06-17
FF,NYSE,Stock,USD,2011-03-23,2026-06-17
FFAI,NASDAQ,Stock,USD,2020-09-02,2026-06-17
FFAIW,NASDAQ,Stock,USD,2020-08-28,2026-06-17
FFBC,NASDAQ,Stock,USD,1990-03-26,2026-06-17
FFBCW,NASDAQ,Stock,USD,2010-06-03,2018-12-24
FFBH,NASDAQ,Stock,USD,1996-05-06,2014-06-02
FFCO,NASDAQ,Stock,USD,2005-04-07,2014-10-31
FFEDQ,NYSE,Stock,USD,2010-01-11,2012-12-28
FFEX,NASDAQ,Stock,USD,2001-01-02,2013-10-17
FFG,NYSE,Stock,USD,2001-01-02,2018-11-12
FFG,NYSE,Stock,USD,1996-07-19,2021-05-25
FFHL,NASDAQ,Stock,USD,2006-12-19,2022-12-29
FFIC,NASDAQ,Stock,USD,1995-11-21,2026-06-01
FFIN,NASDAQ,Stock,USD,1993-11-01,2026-06-17
FFIV,NASDAQ,Stock,USD,1999-06-04,2026-06-17
FFKT,NASDAQ,Stock,USD,1993-03-04,2018-08-20
FFKY,NASDAQ,Stock,USD,1990-07-17,2014-12-31
FFNM,NASDAQ,Stock,USD,2005-04-04,2018-05-23
FFNW,NASDAQ,Stock,USD,2007-10-10,2026-06-17
FFWM,NYSE,Stock,USD,2014-11-03,2026-04-01
FG,NYSE,Stock,USD,2022-11-22,2026-06-17
FG,NYSE,Stock,USD,2017-11-30,2020-06-01
FG-W,NYSE,Stock,USD,2022-11-22,2022-11-30
FG-WS,NYSE,Stock,USD,2017-12-01,2020-06-01
FGBI,NASDAQ,Stock,USD,2001-01-02,2026-06-17
FGBIP,NASDAQ,Stock,USD,2021-04-23,2026-06-17
FGI,NASDAQ,Stock,USD,2022-01-25,2026-06-17
FGII,NASDAQ,Stock,USD,2026-03-10,2026-06-17
FGIIU,NASDAQ,Stock,USD,2026-01-16,2026-06-17
FGIIW,NASDAQ,Stock,USD,2026-03-10,2026-06-17
FGIWW,NASDAQ,Stock,USD,2022-01-25,2026-06-17
FGL,NYSE,Stock,USD,2013-12-13,2017-12-01
FGL,NASDAQ,Stock,USD,2024-10-23,2026-06-17
FGMC,NASDAQ,Stock,USD,2025-02-11,2026-06-17
FGMCR,NASDAQ,Stock,USD,2025-02-11,2026-06-17
FGMCU,NASDAQ,Stock,USD,2025-01-29,2026-06-17
FGMCU,NASDAQ,Stock,USD,2022-02-25,2023-08-25
FGMCW,NASDAQ,Stock,USD,2022-04-21,2023-08-25
FGN,NYSE,Stock,USD,2023-12-12,2026-06-17
FGNA-U,NYSE,Stock,USD,2020-09-30,2021-07-20
FGNX,NASDAQ,Stock,USD,2014-04-01,2026-06-17
FGNXP,NASDAQ,Stock,USD,2018-02-28,2026-06-17
FGP,NYSE,Stock,USD,1994-06-28,2021-03-30
FGSN,NYSE,Stock,USD,2025-01-21,2026-06-17
FGXI,NASDAQ,Stock,USD,2007-10-25,2010-03-29
FH,NASDAQ,Stock,USD,2016-01-04,2018-01-05
FHB,NASDAQ,Stock,USD,2016-08-04,2026-06-17
FHCO,NASDAQ,Stock,USD,1999-02-11,2017-08-04
FHI,NYSE,Stock,USD,1998-05-14,2026-06-17
FHLT,NASDAQ,Stock,USD,2021-12-08,2024-05-28
FHLTU,NASDAQ,Stock,USD,2021-09-10,2024-05-28
FHLTW,NASDAQ,Stock,USD,2021-12-09,2024-05-20
FHN,NYSE,Stock,USD,1990-03-26,2026-06-17
FHN-P-A,NYSE,Stock,USD,2014-09-22,2021-07-09
FHN-P-B,NYSE,Stock,USD,2020-07-07,2025-07-31
FHN-P-C,NYSE,Stock,USD,2020-07-02,2026-05-01
FHN-P-D,NYSE,Stock,USD,2020-07-06,2024-04-30
FHN-P-E,NYSE,Stock,USD,2020-05-21,2026-06-17
FHN-P-F,NYSE,Stock,USD,2021-04-29,2026-06-17
FHN-P-H,NYSE,Stock,USD,2026-03-17,2026-06-17
FHTX,NASDAQ,Stock,USD,2020-10-23,2026-06-17
FIACU,NASDAQ,Stock,USD,2021-10-28,2026-06-17
FIACW,NASDAQ,Stock,USD,2021-12-20,2026-06-17
FIBK,NASDAQ,Stock,USD,2010-03-24,2026-06-17
FICO,NYSE,Stock,USD,1992-02-25,2026-06-17
FICV,NASDAQ,Stock,USD,2021-08-30,2024-02-22
FICVU,NASDAQ,Stock,USD,2021-07-01,2024-02-22
FICVW,NASDAQ,Stock,USD,2021-09-10,2024-02-22
FIG,NYSE,Stock,USD,2025-07-31,2026-06-17
FIG,NYSE,Stock,USD,2007-02-09,2017-12-28
FIGR,NASDAQ,Stock,USD,2025-09-11,2026-06-17
FIGS,NYSE,Stock,USD,2021-05-27,2026-06-17
FIGX,NASDAQ,Stock,USD,2025-08-18,2026-06-17
FIGXU,NASDAQ,Stock,USD,2025-06-26,2026-06-17
FIGXW,NASDAQ,Stock,USD,2025-08-18,2026-06-17
FIIIU,NASDAQ,Stock,USD,2020-08-19,2021-06-25
FILM,NASDAQ,Stock,USD,2014-02-14,2017-10-02
FINL,NASDAQ,Stock,USD,1992-06-09,2018-06-18
FINM,NASDAQ,Stock,USD,2021-03-09,2023-01-13
FINMU,NASDAQ,Stock,USD,2021-01-13,2023-01-13
FINMW,NASDAQ,Stock,USD,2021-03-08,2023-01-13
FINS,NYSE,Stock,USD,2019-05-29,2026-06-17
FINS-R,NYSE,Stock,USD,2021-09-21,2025-05-13
FINS-R-W,NYSE,Stock,USD,2021-09-16,2025-04-22
FINV,NYSE,Stock,USD,2017-11-10,2026-06-17
FINW,NASDAQ,Stock,USD,2021-11-19,2026-06-17
FIO,NYSE,Stock,USD,2011-06-09,2014-07-23
FIP,NASDAQ,Stock,USD,2022-07-21,2026-06-17
FIPWV,NASDAQ,Stock,USD,2022-07-20,2022-08-01
FIRE,NASDAQ,Stock,USD,2013-10-07,2013-10-17
FIS,NYSE,Stock,USD,2001-06-20,2026-06-17
FISI,NASDAQ,Stock,USD,1999-06-25,2026-06-17
FISK,NYSE,Stock,USD,2013-10-08,2026-06-17
FISV,NASDAQ,Stock,USD,1990-03-26,2026-06-17
FIT,NYSE,Stock,USD,2015-06-18,2021-01-14
FITB,NASDAQ,Stock,USD,1990-03-26,2026-06-17
FITB-P-A,NASDAQ,Stock,USD,2019-08-28,2026-06-17
FITB-P-I,NASDAQ,Stock,USD,2013-12-06,2026-06-17
FITB-P-K,NASDAQ,Stock,USD,2019-09-13,2026-06-17
FITB-P-M,NASDAQ,Stock,USD,2026-06-12,2026-06-17
FITBI,NYSE,Stock,USD,2026-06-12,2026-06-17
FITBM,NASDAQ,Stock,USD,2026-02-02,2026-06-17
FITBO,NASDAQ,Stock,USD,2026-06-12,2026-06-17
FITBP,NYSE,Stock,USD,2026-06-12,2026-06-17
FIVE,NASDAQ,Stock,USD,2012-07-19,2026-06-17
FIVN,NASDAQ,Stock,USD,2014-04-04,2026-06-17
FIX,NYSE,Stock,USD,1997-06-27,2026-06-17
FIZZ,NASDAQ,Stock,USD,1991-09-16,2026-06-17
FJET,AMEX,Stock,USD,2025-12-18,2026-06-17
FKWL,NASDAQ,Stock,USD,2002-08-27,2026-06-17
FL,NYSE,Stock,USD,1970-01-02,2026-06-17
FLAC,NASDAQ,Stock,USD,2021-02-08,2022-11-22
FLACU,NASDAQ,Stock,USD,2020-12-09,2022-11-22
FLACW,NASDAQ,Stock,USD,2021-02-08,2022-11-22
FLAG-U,NYSE,Stock,USD,2021-09-10,2023-09-12
FLAG-WS,NYSE,Stock,USD,2021-11-01,2022-11-16
FLD,NASDAQ,Stock,USD,2025-02-19,2026-06-17
FLDDU,NASDAQ,Stock,USD,2021-12-16,2025-02-19
FLDDW,NASDAQ,Stock,USD,2025-02-19,2026-06-17
FLEX,NASDAQ,Stock,USD,1994-03-18,2026-06-17
FLFV,NASDAQ,Stock,USD,2022-08-08,2024-06-21
FLFVR,NASDAQ,Stock,USD,2022-08-08,2024-06-21
FLFVU,NASDAQ,Stock,USD,2022-06-16,2024-06-21
FLFVW,NASDAQ,Stock,USD,2022-08-08,2024-06-21
FLG,NYSE,Stock,USD,1993-11-23,2026-06-17
FLG-P-A,NYSE,Stock,USD,2017-03-23,2026-06-17
FLG-P-U,NYSE,Stock,USD,2024-10-28,2026-06-17
FLGT,NASDAQ,Stock,USD,2016-09-29,2026-06-17
FLIC,NASDAQ,Stock,USD,1995-08-18,2026-06-17
FLIR,NASDAQ,Stock,USD,1993-06-22,2021-05-14
FLJ,NASDAQ,Stock,USD,2019-11-05,2022-09-23
FLJ,NASDAQ,Stock,USD,2022-09-26,2024-05-29
FLL,NASDAQ,Stock,USD,1993-08-17,2026-06-17
FLLC,NASDAQ,Stock,USD,2019-10-31,2020-03-06
FLLCR,NASDAQ,Stock,USD,2019-10-31,2020-03-04
FLLCU,NASDAQ,Stock,USD,2019-07-25,2020-03-04
FLLCW,NASDAQ,Stock,USD,2019-10-31,2020-03-04
FLME,NYSE,Stock,USD,2021-04-19,2024-02-14
FLME-U,NYSE,Stock,USD,2021-02-25,2024-02-14
FLML,NASDAQ,Stock,USD,2001-01-02,2017-01-09
FLNA,NASDAQ,Stock,USD,2000-07-14,2026-05-28
FLNA,NASDAQ,Stock,USD,2017-10-13,2026-06-17
FLNC,NASDAQ,Stock,USD,2021-10-28,2026-06-17
FLNG,NYSE,Stock,USD,2019-06-17,2026-06-17
FLNT,NASDAQ,Stock,USD,2007-12-27,2026-06-17
FLO,NYSE,Stock,USD,1987-11-05,2026-06-17
FLOC,NYSE,Stock,USD,2025-01-16,2026-06-17
FLR,NYSE,Stock,USD,2000-12-01,2026-06-17
FLS,NYSE,Stock,USD,1990-03-26,2026-06-17
FLTX,NYSE,Stock,USD,2012-10-08,2016-11-15
FLUT,NYSE,Stock,USD,2017-10-05,2026-06-17
FLUX,NASDAQ,Stock,USD,2002-12-09,2026-06-17
FLWS,NASDAQ,Stock,USD,1999-08-03,2026-06-17
FLX,NASDAQ,Stock,USD,2024-10-04,2026-06-17
FLXS,NASDAQ,Stock,USD,1992-02-25,2026-06-17
FLY,NYSE,Stock,USD,2007-09-28,2021-08-02
FLY,NASDAQ,Stock,USD,2025-08-07,2026-06-17
FLYA,NYSE,Stock,USD,2021-11-08,2022-12-20
FLYA-U,NYSE,Stock,USD,2021-09-16,2022-12-20
FLYA-WS,NYSE,Stock,USD,2021-11-08,2022-12-20
FLYD,NYSE,Stock,USD,2022-06-22,2026-06-17
FLYE,NASDAQ,Stock,USD,2024-06-06,2026-06-17
FLYU,NYSE,Stock,USD,2022-06-22,2026-06-17
FLYW,NASDAQ,Stock,USD,2021-05-26,2026-06-17
FLYX,AMEX,Stock,USD,2021-07-19,2026-06-17
FLYX-WS,AMEX,Stock,USD,2023-12-28,2026-06-17
FLZH,NASDAQ,Stock,USD,2019-11-14,2026-06-17
FMAC,NASDAQ,Stock,USD,2026-05-18,2026-06-17
FMAC-U,NYSE,Stock,USD,2020-10-06,2022-03-28
FMACR,NASDAQ,Stock,USD,2026-05-18,2026-06-17
FMACU,NASDAQ,Stock,USD,2026-03-27,2026-06-17
FMAO,NASDAQ,Stock,USD,2004-11-23,2026-06-17
FMBH,NASDAQ,Stock,USD,1999-03-16,2026-06-17
FMBI,NASDAQ,Stock,USD,1990-03-26,2022-03-11
FMC,NYSE,Stock,USD,1985-07-01,2026-06-17
FMCI,NASDAQ,Stock,USD,2017-05-02,2018-02-22
FMCIR,NASDAQ,Stock,USD,2017-05-02,2018-02-22
FMCIU,NASDAQ,Stock,USD,2017-04-07,2020-10-15
FMD,NYSE,Stock,USD,2003-10-31,2016-08-30
FMER,NASDAQ,Stock,USD,2016-01-04,2016-08-24
FMFC,NASDAQ,Stock,USD,2001-01-02,2013-10-17
FMFC,NASDAQ,Stock,USD,2025-06-25,2026-06-17
FMI,NASDAQ,Stock,USD,2013-09-25,2018-08-10
FMIV,NASDAQ,Stock,USD,2021-06-07,2023-07-14
FMIVU,NASDAQ,Stock,USD,2021-03-18,2023-07-14
FMIVW,NASDAQ,Stock,USD,2021-05-26,2023-07-14
FMKT,NYSE,Stock,USD,2025-06-10,2026-06-17
FMNB,NASDAQ,Stock,USD,1999-01-04,2026-06-17
FMR,NYSE,Stock,USD,2006-10-18,2011-11-30
FMS,NYSE,Stock,USD,1996-09-17,2026-06-17
FMSA,NYSE,Stock,USD,2014-10-03,2018-06-01
FMST,NASDAQ,Stock,USD,2023-07-05,2025-01-30
FMST,NASDAQ,Stock,USD,2025-01-31,2026-06-17
FMSTW,NASDAQ,Stock,USD,2023-08-22,2026-06-17
FMTX,NASDAQ,Stock,USD,2020-06-19,2022-11-02
FMX,NYSE,Stock,USD,1998-05-11,2026-06-17
FN,NYSE,Stock,USD,2010-06-25,2026-06-17
FNA,NYSE,Stock,USD,2021-10-15,2026-06-17
FNB,NYSE,Stock,USD,1993-03-04,2026-06-17
FNB-P-E,NYSE,Stock,USD,2013-11-11,2024-02-14
FNBC,NASDAQ,Stock,USD,2013-05-10,2017-05-09
FNBG,NASDAQ,Stock,USD,2002-02-21,2018-07-06
FNCB,NASDAQ,Stock,USD,2001-01-02,2024-07-01
FNCX,NASDAQ,Stock,USD,1990-03-26,2018-11-21
FND,NYSE,Stock,USD,2017-04-27,2026-06-17
FNF,NYSE,Stock,USD,2005-10-14,2026-06-17
FNFG,NASDAQ,Stock,USD,2001-01-02,2016-08-08
FNFV,NYSE,Stock,USD,2014-06-23,2017-11-20
FNGN,NASDAQ,Stock,USD,2010-03-16,2018-07-20
FNGR,NASDAQ,Stock,USD,2015-01-28,2026-06-17
FNGS,NYSE,Stock,USD,2019-11-13,2026-06-17
FNGU,NYSE,Stock,USD,2025-02-20,2026-06-17
FNJN,NASDAQ,Stock,USD,2007-03-16,2020-07-24
FNKO,NASDAQ,Stock,USD,2017-11-02,2026-06-17
FNKO2,NASDAQ,Stock,USD,2005-01-28,2018-01-12
FNLC,NASDAQ,Stock,USD,1999-07-14,2026-06-17
FNRN,NASDAQ,Stock,USD,2001-01-02,2026-06-17
FNSR,NASDAQ,Stock,USD,1999-11-12,2019-09-24
FNTC,NASDAQ,Stock,USD,2023-02-22,2023-02-24
FNTCU,NASDAQ,Stock,USD,2015-02-13,2016-08-01
FNTE,NASDAQ,Stock,USD,2017-03-27,2018-07-26
FNTEU,NASDAQ,Stock,USD,2017-01-20,2018-07-26
FNTEW,NASDAQ,Stock,USD,2017-03-22,2018-07-26
FNUC,NASDAQ,Stock,USD,2021-11-19,2026-06-17
FNV,NYSE,Stock,USD,2007-12-07,2026-06-17
FNVT,NASDAQ,Stock,USD,2021-12-09,2026-06-17
FNVTW,NASDAQ,Stock,USD,2021-12-08,2026-06-17
FNWB,NASDAQ,Stock,USD,2015-01-30,2026-06-17
FNWD,NASDAQ,Stock,USD,1998-03-17,2026-06-17
FOA,NYSE,Stock,USD,2019-04-18,2026-06-17
FOCL,NASDAQ,Stock,USD,1997-08-01,2026-06-17
FOCS,NASDAQ,Stock,USD,2018-07-26,2023-08-31
FOE,NYSE,Stock,USD,1987-11-05,2022-04-21
FOFO,NASDAQ,Stock,USD,2025-09-12,2026-06-17
FOGO,NASDAQ,Stock,USD,2015-06-19,2018-04-16
FOLD,NASDAQ,Stock,USD,2007-05-31,2026-04-27
FOMX,NASDAQ,Stock,USD,2014-09-18,2020-03-09
FONR,NASDAQ,Stock,USD,1993-10-27,2026-06-05
FOR,NYSE,Stock,USD,2007-12-13,2026-06-17
FORA,NASDAQ,Stock,USD,2021-03-03,2026-05-15
FOREU,NASDAQ,Stock,USD,2021-02-10,2021-12-03
FORG,NYSE,Stock,USD,2021-09-16,2023-08-24
FORK,NASDAQ,Stock,USD,2015-11-04,2020-11-23
FORM,NASDAQ,Stock,USD,2003-06-12,2026-06-17
FORR,NASDAQ,Stock,USD,1996-11-27,2026-06-17
FORTY,NASDAQ,Stock,USD,1997-10-20,2026-06-17
FOSL,NASDAQ,Stock,USD,1993-04-08,2026-06-17
FOSLL,NASDAQ,Stock,USD,2021-11-09,2026-06-17
FOTO,NASDAQ,Stock,USD,2026-05-29,2026-06-17
FOUNU,NASDAQ,Stock,USD,2021-10-15,2022-08-15
FOUR,NYSE,Stock,USD,2020-06-05,2026-06-17
FOUR-P-A,NYSE,Stock,USD,2025-05-08,2026-06-17
FOX,NASDAQ,Stock,USD,2019-03-13,2026-06-17
FOXA,NASDAQ,Stock,USD,2019-03-12,2026-06-17
FOXF,NASDAQ,Stock,USD,2013-08-08,2026-06-17
FOXW,NASDAQ,Stock,USD,2021-02-25,2023-01-27
FOXWU,NASDAQ,Stock,USD,2021-01-20,2023-01-27
FOXWW,NASDAQ,Stock,USD,2021-02-25,2023-01-27
FOXX,NASDAQ,Stock,USD,2024-09-27,2026-06-17
FOXXW,NASDAQ,Stock,USD,2024-09-27,2026-06-17
FOXY,NYSE,Stock,USD,2025-02-04,2026-06-17
FPAC,NYSE,Stock,USD,2018-06-27,2020-08-31
FPAC,NYSE,Stock,USD,2021-01-19,2023-03-10
FPAC-U,NYSE,Stock,USD,2023-01-18,2023-03-07
FPAC-U,NYSE,Stock,USD,2018-06-12,2023-01-17
FPAC-WS,NYSE,Stock,USD,2018-06-27,2020-08-31
FPACWS,NYSE,Stock,USD,2021-01-19,2023-03-10
FPAMQ,NASDAQ,Stock,USD,2001-01-02,2011-11-07
FPAYW,NASDAQ,Stock,USD,2018-09-26,2020-02-19
FPB,NYSE,Stock,USD,2026-06-10,2026-06-17
FPC,NYSE,Stock,USD,2026-06-10,2026-06-17
FPD,NYSE,Stock,USD,2026-06-10,2026-06-17
FPFCQ,NASDAQ,Stock,USD,2014-09-22,2014-10-08
FPH,NYSE,Stock,USD,2017-05-10,2026-06-17
FPI,NYSE,Stock,USD,2014-04-11,2026-06-17
FPI-P-B,NYSE,Stock,USD,2017-08-11,2021-10-01
FPIC,NASDAQ,Stock,USD,2001-01-02,2011-11-07
FPO,NYSE,Stock,USD,2003-10-23,2017-10-19
FPP,NYSE,Stock,USD,2005-09-20,2017-11-27
FPRX,NASDAQ,Stock,USD,2013-09-18,2021-04-16
FPS,NYSE,Stock,USD,2026-02-05,2026-06-17
FPU,NASDAQ,Stock,USD,1990-09-18,2009-11-16
FPWBQ,NYSE,Stock,USD,1992-03-18,2011-03-10
FPWR,NYSE,Stock,USD,2026-05-28,2026-05-28
FR,NYSE,Stock,USD,1994-06-24,2026-06-17
FRAF,NASDAQ,Stock,USD,2001-01-02,2026-06-17
FRANQ,NASDAQ,Stock,USD,2011-07-22,2021-05-05
FRBA,NASDAQ,Stock,USD,2007-03-28,2026-06-17
FRBN,NASDAQ,Stock,USD,2022-02-01,2026-06-17
FRBNU,NASDAQ,Stock,USD,2021-12-10,2023-10-31
FRBNW,NASDAQ,Stock,USD,2022-02-01,2023-10-31
FRBT,NASDAQ,Stock,USD,2026-06-11,2026-06-17
FRC-P-B,NYSE,Stock,USD,2010-12-09,2017-05-17
FRC-P-B-CL,NYSE,Stock,USD,2010-12-09,2017-06-15
FRC-P-C,NYSE,Stock,USD,2014-09-22,2017-12-29
FRC-P-D,NYSE,Stock,USD,2014-09-22,2019-10-17
FRC-P-D-CL,NYSE,Stock,USD,2019-09-19,2019-10-17
FRC-P-E,NYSE,Stock,USD,2014-09-22,2018-12-27
FRC-P-E-CL,NYSE,Stock,USD,2018-10-31,2018-12-27
FRC-P-F,NYSE,Stock,USD,2015-05-28,2020-10-08
FRC-P-G,NYSE,Stock,USD,2016-02-11,2021-03-29
FRC-P-N,NYSE,Stock,USD,2021-11-30,2023-05-02
FRD,NASDAQ,Stock,USD,1992-03-17,2026-06-17
FREE,NASDAQ,Stock,USD,2020-06-24,2026-06-17
FREEW,NASDAQ,Stock,USD,2005-12-16,2024-08-05
FREQ,NASDAQ,Stock,USD,2019-10-03,2023-11-03
FRES,NASDAQ,Stock,USD,2023-05-22,2026-06-17
FREY-WS,NYSE,Stock,USD,2021-07-08,2025-02-28
FRF,NYSE,Stock,USD,2010-12-17,2014-12-10
FRG,NASDAQ,Stock,USD,2012-07-02,2023-08-25
FRGAP,NASDAQ,Stock,USD,2020-09-21,2023-08-30
FRGBQ,NASDAQ,Stock,USD,1995-08-22,2014-11-06
FRGE,NYSE,Stock,USD,2021-02-01,2026-06-17
FRGE-WS,NYSE,Stock,USD,2021-02-01,2022-07-08
FRGI,NASDAQ,Stock,USD,2012-04-26,2023-10-30
FRGT,NASDAQ,Stock,USD,2017-08-08,2026-06-17
FRHC,NASDAQ,Stock,USD,2017-10-03,2026-06-17
FRIZ,NYSE,Stock,USD,2025-08-29,2026-06-17
FRLAW,NASDAQ,Stock,USD,2021-12-27,2025-01-27
FRLN,NASDAQ,Stock,USD,2020-08-07,2026-06-17
FRM,NYSE,Stock,USD,2001-07-02,2016-03-08
FRME,NASDAQ,Stock,USD,1992-02-25,2026-06-17
FRMEP,NASDAQ,Stock,USD,2022-04-01,2026-06-17
FRMI,NASDAQ,Stock,USD,2025-10-01,2026-06-17
FRMM,NASDAQ,Stock,USD,2017-06-27,2026-06-17
FRNK,NASDAQ,Stock,USD,2011-04-28,2015-01-12
FRO,NYSE,Stock,USD,2001-08-06,2026-06-17
FROG,NASDAQ,Stock,USD,2020-09-16,2026-06-17
FRON,NASDAQ,Stock,USD,2021-05-03,2023-03-15
FRONU,NASDAQ,Stock,USD,2021-03-11,2023-03-15
FRONW,NASDAQ,Stock,USD,2021-05-03,2023-03-15
FRP,NASDAQ,Stock,USD,2011-01-25,2017-07-11
FRPH,NASDAQ,Stock,USD,1990-03-26,2026-06-17
FRPT,NASDAQ,Stock,USD,2014-11-07,2026-06-17
FRRSF,NASDAQ,Stock,USD,2016-12-09,2023-08-21
FRS,AMEX,Stock,USD,1992-03-17,2015-09-01
FRSG,NASDAQ,Stock,USD,2021-04-29,2023-03-07
FRSGU,NASDAQ,Stock,USD,2021-03-05,2023-03-07
FRSGW,NASDAQ,Stock,USD,2021-04-29,2023-03-07
FRSH,NASDAQ,Stock,USD,2014-05-02,2019-05-23
FRSH,NASDAQ,Stock,USD,2021-09-22,2026-06-17
FRST,NASDAQ,Stock,USD,2006-11-01,2026-06-17
FRSX,NASDAQ,Stock,USD,2017-06-15,2026-06-17
FRT,NYSE,Stock,USD,1973-05-03,2026-06-17
FRT-P-C,NYSE,Stock,USD,2017-09-26,2026-06-17
FRTA,NASDAQ,Stock,USD,2016-10-20,2022-03-18
FRTT,NASDAQ,Stock,USD,2026-06-08,2026-06-17
FRVO,NASDAQ,Stock,USD,2026-05-13,2026-06-17
FRW,NASDAQ,Stock,USD,2021-05-06,2022-11-28
FRWAU,NASDAQ,Stock,USD,2021-03-10,2022-11-28
FRWAW,NASDAQ,Stock,USD,2021-05-06,2022-11-28
FRX,NYSE,Stock,USD,1988-04-19,2014-07-01
FRX-U,NYSE,Stock,USD,2020-11-25,2021-06-25
FRXB,NYSE,Stock,USD,2021-05-03,2023-12-12
FRXB-U,NYSE,Stock,USD,2021-03-10,2023-12-12
FRXB-WS,NYSE,Stock,USD,2021-05-03,2023-12-12
FRXB-WS,NYSE,Stock,USD,2021-05-10,2022-12-23
FSAC,NASDAQ,Stock,USD,2017-09-08,2019-01-04
FSACU,NASDAQ,Stock,USD,2017-08-30,2018-12-31
FSACW,NASDAQ,Stock,USD,2017-09-08,2019-01-04
FSB,NYSE,Stock,USD,2015-03-26,2020-08-14
FSBC,NASDAQ,Stock,USD,2021-05-04,2026-06-17
FSBC,NASDAQ,Stock,USD,2007-08-31,2020-05-01
FSBK,NASDAQ,Stock,USD,1997-04-08,2017-11-10
FSBS,NASDAQ,Stock,USD,2000-02-11,2019-04-30
FSBW,NASDAQ,Stock,USD,2012-07-10,2026-06-17
FSC,NASDAQ,Stock,USD,2008-06-12,2017-10-17
FSCE,NYSE,Stock,USD,2012-11-01,2017-11-03
FSCFL,NASDAQ,Stock,USD,2013-04-05,2017-10-17
FSCI,NASDAQ,Stock,USD,2012-10-22,2013-10-17
FSCO,NYSE,Stock,USD,2022-11-14,2026-06-17
FSCT,NASDAQ,Stock,USD,2017-10-27,2020-08-17
FSEA,NASDAQ,Stock,USD,2019-07-17,2026-06-17
FSFF,NASDAQ,Stock,USD,2016-03-16,2018-12-04
FSFG,NASDAQ,Stock,USD,2008-10-08,2026-02-02
FSFR,NASDAQ,Stock,USD,2013-07-12,2017-10-17
FSGI,NASDAQ,Stock,USD,2005-08-10,2015-11-02
FSHP,NASDAQ,Stock,USD,2024-08-15,2026-06-17
FSHPR,NASDAQ,Stock,USD,2024-08-15,2026-06-17
FSHPU,NASDAQ,Stock,USD,2024-06-18,2026-06-17
FSI,AMEX,Stock,USD,1999-10-12,2026-06-17
FSII,NASDAQ,Stock,USD,2012-10-11,2012-10-31
FSII,NASDAQ,Stock,USD,2021-02-17,2021-12-23
FSIN,NASDAQ,Stock,USD,2005-09-29,2013-01-14
FSK,NYSE,Stock,USD,2014-04-16,2026-06-17
FSKR,NYSE,Stock,USD,2020-06-17,2021-06-16
FSL,NYSE,Stock,USD,2011-05-26,2015-12-15
FSLR,NASDAQ,Stock,USD,2006-11-17,2026-06-17
FSLY,NASDAQ,Stock,USD,2019-05-17,2026-06-17
FSM,NYSE,Stock,USD,2007-01-08,2026-06-17
FSML,NYSE,Stock,USD,2025-12-11,2026-06-17
FSNB,NYSE,Stock,USD,2021-04-19,2026-06-17
FSNB-U,NYSE,Stock,USD,2021-02-26,2026-06-17
FSNMQ,NASDAQ,Stock,USD,2010-07-28,2014-03-27
FSOL,NYSE,Stock,USD,2025-11-18,2026-06-17
FSP,AMEX,Stock,USD,2005-06-02,2026-06-17
FSR,NYSE,Stock,USD,2012-08-29,2018-04-11
FSRV,NASDAQ,Stock,USD,1995-01-20,2015-06-01
FSRVU,NASDAQ,Stock,USD,2019-11-01,2021-06-09
FSRX,NASDAQ,Stock,USD,2021-04-21,2023-12-07
FSRXU,NASDAQ,Stock,USD,2021-02-18,2023-12-07
FSRXW,NASDAQ,Stock,USD,2021-04-22,2023-12-07
FSS,NYSE,Stock,USD,1982-03-01,2026-06-17
FSSI,NASDAQ,Stock,USD,2021-03-22,2022-12-07
FSSIU,NASDAQ,Stock,USD,2021-01-27,2022-12-07
FSSIW,NASDAQ,Stock,USD,2021-03-19,2022-12-07
FSSL,NYSE,Stock,USD,2025-11-13,2026-06-17
FST,NYSE,Stock,USD,2020-10-12,2022-08-25
FST-U,NYSE,Stock,USD,2020-08-21,2022-08-25
FST-WS,NYSE,Stock,USD,2020-10-12,2022-08-25
FSTR,NASDAQ,Stock,USD,1990-03-26,2026-06-17
FSTX,NASDAQ,Stock,USD,2016-05-06,2023-03-09
FSUN,NASDAQ,Stock,USD,2022-08-03,2026-06-17
FSV,NASDAQ,Stock,USD,2015-06-02,2026-06-17
FSYS,NASDAQ,Stock,USD,2001-01-02,2016-06-09
FTAA,NASDAQ,Stock,USD,2021-04-28,2023-02-23
FTAAU,NASDAQ,Stock,USD,2021-02-23,2023-02-23
FTAAW,NASDAQ,Stock,USD,2021-04-23,2023-02-23
FTAC,NASDAQ,Stock,USD,2019-01-18,2020-10-16
FTACU,NASDAQ,Stock,USD,2018-11-16,2020-10-16
FTACW,NASDAQ,Stock,USD,2019-01-11,2020-10-16
FTAI,NASDAQ,Stock,USD,2015-05-15,2026-06-17
FTAIM,NASDAQ,Stock,USD,2023-03-16,2026-06-17
FTAIN,NASDAQ,Stock,USD,2021-03-18,2026-06-17
FTAIO,NASDAQ,Stock,USD,2019-11-25,2026-06-17
FTAIP,NASDAQ,Stock,USD,2019-09-06,2026-06-17
FTAIV,NASDAQ,Stock,USD,2022-07-25,2022-08-01
FTCI,NASDAQ,Stock,USD,2021-04-28,2026-06-17
FTCV,NASDAQ,Stock,USD,2021-01-25,2022-12-29
FTCVU,NASDAQ,Stock,USD,2020-12-04,2022-12-08
FTCVW,NASDAQ,Stock,USD,2021-01-25,2022-12-08
FTDR,NASDAQ,Stock,USD,2018-10-01,2026-06-17
FTDRV,NASDAQ,Stock,USD,2018-09-13,2018-09-28
FTEK,NASDAQ,Stock,USD,1993-09-07,2026-06-17
FTEL,NASDAQ,Stock,USD,2023-08-08,2026-03-11
FTEO,NASDAQ,Stock,USD,2013-05-16,2020-02-12
FTEV,NYSE,Stock,USD,2021-04-22,2023-03-03
FTEV-U,NYSE,Stock,USD,2021-03-02,2023-03-03
FTEVWS,NYSE,Stock,USD,2021-05-03,2023-03-22
FTF-R,AMEX,Stock,USD,2022-02-14,2022-02-16
FTFT,NASDAQ,Stock,USD,2005-03-15,2026-06-17
FTGX,NASDAQ,Stock,USD,2001-01-02,2009-09-28
FTH,NASDAQ,Stock,USD,2021-02-04,2026-06-17
FTHAU,NASDAQ,Stock,USD,2026-04-30,2026-06-17
FTHB,NYSE,Stock,USD,2026-03-19,2026-06-17
FTHM,NASDAQ,Stock,USD,2020-07-31,2026-06-17
FTHY,NYSE,Stock,USD,2020-06-26,2026-06-17
FTI,NYSE,Stock,USD,2001-06-14,2026-06-17
FTIVU,NASDAQ,Stock,USD,2020-09-25,2021-06-24
FTK,NYSE,Stock,USD,2005-07-27,2026-06-17
FTLF,NASDAQ,Stock,USD,2007-11-02,2026-06-17
FTLK,NASDAQ,Stock,USD,2009-12-15,2011-09-13
FTNT,NASDAQ,Stock,USD,2009-11-18,2026-06-17
FTNW,NYSE,Stock,USD,2016-05-26,2022-01-07
FTO,NYSE,Stock,USD,2001-01-02,2011-11-30
FTOC,NASDAQ,Stock,USD,2020-10-16,2021-06-25
FTOCU,NASDAQ,Stock,USD,2020-08-26,2021-06-25
FTOCW,NASDAQ,Stock,USD,2020-10-16,2021-06-25
FTPA,NYSE,Stock,USD,2021-05-07,2026-06-17
FTPAU,NASDAQ,Stock,USD,2021-03-12,2023-03-15
FTPAW,NASDAQ,Stock,USD,2021-05-07,2023-03-16
FTR,NASDAQ,Stock,USD,1990-03-26,2020-04-23
FTR,NYSE,Stock,USD,2020-04-23,2021-06-01
FTRA-U,NYSE,Stock,USD,2026-06-05,2026-06-17
FTRE,NASDAQ,Stock,USD,2023-07-03,2023-07-06
FTRE,NASDAQ,Stock,USD,2023-07-07,2026-06-17
FTRK,NASDAQ,Stock,USD,2025-05-23,2026-06-17
FTRPR,NASDAQ,Stock,USD,2015-06-10,2018-07-02
FTS,NYSE,Stock,USD,2016-01-04,2026-06-17
FTSV,NASDAQ,Stock,USD,2018-06-28,2020-04-07
FTV,NYSE,Stock,USD,2016-07-01,2026-06-17
FTV-W,NYSE,Stock,USD,2016-06-13,2025-06-27
FTVI,NASDAQ,Stock,USD,2021-08-19,2022-12-28
FTVIU,NASDAQ,Stock,USD,2021-06-24,2022-12-28
FTVIW,NASDAQ,Stock,USD,2021-08-19,2022-12-27
FTW,NYSE,Stock,USD,2024-09-27,2026-03-20
FTW,NYSE,Stock,USD,2026-03-23,2026-06-17
FTW-U,NYSE,Stock,USD,2025-11-06,2026-03-05
FTW-WS,NYSE,Stock,USD,2025-11-03,2026-06-17
FTWU,NYSE,Stock,USD,2024-08-07,2025-10-31
FTWWS,NYSE,Stock,USD,2024-09-27,2025-10-31
FUBC,NASDAQ,Stock,USD,2008-04-10,2014-10-31
FUBO,NYSE,Stock,USD,2017-11-30,2026-06-17
FUEL,NASDAQ,Stock,USD,2013-09-20,2017-09-11
FUFU,NASDAQ,Stock,USD,2024-02-29,2026-06-17
FUFUW,NASDAQ,Stock,USD,2024-03-01,2026-06-17
FUL,NYSE,Stock,USD,1990-03-26,2026-06-17
FULC,NASDAQ,Stock,USD,2019-07-18,2026-06-17
FULL,NASDAQ,Stock,USD,2010-09-01,2016-11-11
FULLL,NASDAQ,Stock,USD,2013-06-28,2017-10-20
FULT,NASDAQ,Stock,USD,1990-03-26,2026-06-17
FULTP,NASDAQ,Stock,USD,2020-10-23,2026-06-17
FUN,NYSE,Stock,USD,1987-04-23,2024-07-01
FUN,NYSE,Stock,USD,1987-04-23,2026-06-17
FUNC,NASDAQ,Stock,USD,1992-09-08,2026-06-17
FUND,NASDAQ,Stock,USD,1992-02-25,2026-06-17
FUR,NYSE,Stock,USD,2001-01-02,2016-08-09
FURY,AMEX,Stock,USD,2011-03-11,2026-06-17
FUSB,NASDAQ,Stock,USD,1999-01-11,2026-06-17
FUSE,NASDAQ,Stock,USD,2025-10-23,2026-06-17
FUSE-U,NYSE,Stock,USD,2020-06-26,2021-09-22
FUSEW,NASDAQ,Stock,USD,2025-10-23,2026-06-17
FUSN,NASDAQ,Stock,USD,2020-06-26,2024-06-04
FUTU,NASDAQ,Stock,USD,2019-03-08,2026-06-17
FVAC-U,NYSE,Stock,USD,2020-07-22,2020-11-17
FVAM,NASDAQ,Stock,USD,2020-10-14,2022-10-17
FVAV,NASDAQ,Stock,USD,2026-02-26,2026-06-17
FVCB,NASDAQ,Stock,USD,2013-11-07,2026-06-17
FVE,NYSE,Stock,USD,2001-12-17,2023-03-20
FVIV,NYSE,Stock,USD,2021-05-07,2022-11-22
FVIV-U,NYSE,Stock,USD,2021-03-16,2022-11-22
FVIV-WS,NYSE,Stock,USD,2021-05-17,2022-10-13
FVN,NASDAQ,Stock,USD,2024-11-04,2026-06-17
FVNNR,NASDAQ,Stock,USD,2024-11-04,2026-06-17
FVNNU,NASDAQ,Stock,USD,2024-09-12,2026-06-17
FVR,NYSE,Stock,USD,2024-10-02,2026-06-17
FVRR,NYSE,Stock,USD,2019-06-13,2026-06-17
FVT,NYSE,Stock,USD,2021-02-25,2022-11-22
FVT-U,NYSE,Stock,USD,2021-01-05,2022-11-22
FWDI,NASDAQ,Stock,USD,1995-06-15,2026-06-17
FWLT,NASDAQ,Stock,USD,1972-06-01,2014-12-03
FWONA,NASDAQ,Stock,USD,2013-01-10,2026-06-17
FWONK,NASDAQ,Stock,USD,2014-07-08,2026-06-17
FWP,NASDAQ,Stock,USD,2022-12-27,2022-12-28
FWRD,NASDAQ,Stock,USD,1993-11-16,2026-06-17
FWRG,NASDAQ,Stock,USD,2021-10-01,2026-06-17
FWV,NYSE,Stock,USD,1995-06-26,2015-11-13
FXACU,NASDAQ,Stock,USD,2026-05-22,2026-06-17
FXCB,NASDAQ,Stock,USD,2010-06-28,2016-07-08
FXCO,NASDAQ,Stock,USD,2022-01-10,2024-06-28
FXCOR,NASDAQ,Stock,USD,2022-01-12,2024-06-17
FXCOU,NASDAQ,Stock,USD,2021-12-10,2022-01-07
FXCOW,NASDAQ,Stock,USD,2022-01-10,2024-06-17
FXEN,NASDAQ,Stock,USD,1996-06-11,2015-12-31
FXENP,NASDAQ,Stock,USD,2016-01-04,2016-01-14
FXNC,NASDAQ,Stock,USD,2001-01-02,2026-06-17
FYBR,NASDAQ,Stock,USD,2021-05-04,2026-01-20
FZT,NYSE,Stock,USD,2021-05-06,2023-10-05
FZT-U,NYSE,Stock,USD,2021-03-16,2023-10-05
FZT-WS,NYSE,Stock,USD,2021-05-17,2022-12-23
FZT-WS,NYSE,Stock,USD,2021-05-06,2023-10-05
G,NYSE,Stock,USD,2007-08-02,2026-06-17
GA,NYSE,Stock,USD,2011-08-29,2014-07-28
GAB-P-D,NYSE,Stock,USD,2014-09-22,2019-12-24
GAB-P-D-CL,NYSE,Stock,USD,2019-11-19,2019-12-23
GAB-P-G,NYSE,Stock,USD,2014-09-22,2026-06-17
GAB-P-H,NYSE,Stock,USD,2014-09-22,2026-06-17
GAB-P-J,NYSE,Stock,USD,2016-04-04,2022-01-28
GAB-P-K,NYSE,Stock,USD,2019-12-11,2026-06-17
GAB-R,NYSE,Stock,USD,2021-06-07,2026-04-21
GAB-R-W,NYSE,Stock,USD,2026-02-27,2026-03-04
GABC,NASDAQ,Stock,USD,1993-05-21,2026-06-17
GAC,AMEX,Stock,USD,2007-03-21,2010-02-19
GACQ,NASDAQ,Stock,USD,2021-08-02,2022-12-28
GACQU,NASDAQ,Stock,USD,2021-06-09,2022-12-28
GACQW,NASDAQ,Stock,USD,2021-07-30,2022-12-27
GAI,NASDAQ,Stock,USD,2016-01-04,2016-03-22
GAIA,NASDAQ,Stock,USD,1999-10-29,2026-06-17
GAIN,NASDAQ,Stock,USD,2005-06-23,2026-06-17
GAING,NASDAQ,Stock,USD,2026-02-19,2026-06-17
GAINI,NASDAQ,Stock,USD,2024-12-18,2026-06-17
GAINL,NASDAQ,Stock,USD,2023-06-02,2026-06-17
GAINM,NASDAQ,Stock,USD,2016-09-21,2021-03-02
GAINN,NASDAQ,Stock,USD,2015-05-13,2018-08-30
GAINN,NASDAQ,Stock,USD,2021-03-04,2026-05-04
GAINO,NASDAQ,Stock,USD,2014-11-13,2018-08-30
GAINP,NASDAQ,Stock,USD,2016-01-04,2016-10-07
GAINZ,NASDAQ,Stock,USD,2021-08-19,2026-06-17
GALE,NASDAQ,Stock,USD,2008-03-12,2017-12-29
GALT,NASDAQ,Stock,USD,2002-09-09,2026-06-17
GALTU,NASDAQ,Stock,USD,2012-03-23,2017-03-31
GALTW,NASDAQ,Stock,USD,2012-03-28,2017-03-24
GAM-P-B,NYSE,Stock,USD,2003-10-06,2026-06-17
GAMB,NASDAQ,Stock,USD,2021-07-23,2026-06-17
GAMCU,NASDAQ,Stock,USD,2021-03-17,2024-08-13
GAME,NASDAQ,Stock,USD,2009-09-25,2015-11-18
GAME,NASDAQ,Stock,USD,2018-01-26,2026-06-17
GAN,NASDAQ,Stock,USD,2026-02-06,2026-06-17
GAN,NASDAQ,Stock,USD,2020-05-05,2025-05-27
GANX,NASDAQ,Stock,USD,2021-03-18,2026-06-17
GAP,NYSE,Stock,USD,1987-07-23,2026-06-17
GAQ,NASDAQ,Stock,USD,2022-03-14,2026-06-17
GARS,NASDAQ,Stock,USD,2013-03-27,2020-10-29
GAS,NYSE,Stock,USD,1973-05-03,2016-07-01
GASS,NASDAQ,Stock,USD,2005-10-06,2026-06-17
GATEU,NASDAQ,Stock,USD,2021-10-01,2026-06-17
GATEW,NASDAQ,Stock,USD,2021-11-22,2026-06-17
GATO,NYSE,Stock,USD,2020-10-28,2025-01-16
GATX,NYSE,Stock,USD,1987-11-05,2026-06-17
GAU,AMEX,Stock,USD,2008-01-02,2026-06-17
GAUZ,NASDAQ,Stock,USD,2024-06-06,2026-06-17
GB,NYSE,Stock,USD,2000-09-29,2016-06-30
GB,NYSE,Stock,USD,2020-08-31,2025-08-15
GBBK,NASDAQ,Stock,USD,2022-06-17,2026-06-17
GBBKR,NASDAQ,Stock,USD,2022-06-17,2025-04-14
GBBKU,NASDAQ,Stock,USD,2022-05-10,2022-06-15
GBBKW,NASDAQ,Stock,USD,2022-06-16,2026-06-17
GBCI,NYSE,Stock,USD,1992-01-27,2026-06-17
GBDC,NASDAQ,Stock,USD,2010-04-15,2026-06-17
GBDCR,NASDAQ,Stock,USD,2020-04-09,2020-05-06
GBFH,NASDAQ,Stock,USD,2021-02-18,2026-06-17
GBIO,NASDAQ,Stock,USD,2020-06-12,2026-02-09
GBLI,NASDAQ,Stock,USD,2003-12-16,2026-06-17
GBLIZ,NASDAQ,Stock,USD,2015-08-28,2020-08-14
GBLL,NYSE,Stock,USD,2012-04-24,2022-04-14
GBLL,NYSE,Stock,USD,2017-04-10,2022-01-24
GBND,NYSE,Stock,USD,2025-06-26,2026-06-17
GBNK,NASDAQ,Stock,USD,2005-10-03,2018-12-31
GBR,AMEX,Stock,USD,1993-03-26,2026-06-17
GBRG,NASDAQ,Stock,USD,2021-04-16,2023-05-17
GBRGR,NASDAQ,Stock,USD,2021-04-16,2023-05-17
GBRGU,NASDAQ,Stock,USD,2021-03-02,2023-05-17
GBSN,NASDAQ,Stock,USD,2014-10-09,2018-03-06
GBSNU,NASDAQ,Stock,USD,2015-03-03,2015-08-24
GBT,NASDAQ,Stock,USD,2015-08-12,2022-11-02
GBTG,NYSE,Stock,USD,2020-11-23,2026-06-17
GBTG-WS,NYSE,Stock,USD,2022-05-31,2022-06-17
GBTG-WS,NYSE,Stock,USD,2020-11-23,2022-10-26
GBX,NYSE,Stock,USD,1994-07-14,2026-06-17
GCA,NYSE,Stock,USD,2005-09-23,2015-08-21
GCAC,NASDAQ,Stock,USD,2021-03-25,2022-02-10
GCACU,NASDAQ,Stock,USD,2021-01-29,2022-02-10
GCAP,NYSE,Stock,USD,2010-12-15,2020-07-31
GCBC,NASDAQ,Stock,USD,1999-06-30,2026-06-17
GCDT,AMEX,Stock,USD,2026-01-13,2026-06-17
GCGRU,NASDAQ,Stock,USD,2026-04-30,2026-06-17
GCI,NYSE,Stock,USD,1985-07-01,2019-11-19
GCL,NASDAQ,Stock,USD,2025-02-13,2026-06-17
GCLWW,NASDAQ,Stock,USD,2025-02-14,2026-06-17
GCMG,NASDAQ,Stock,USD,2020-11-18,2026-06-17
GCMGW,NASDAQ,Stock,USD,2020-11-18,2025-11-18
GCO,NYSE,Stock,USD,1985-07-01,2026-06-17
GCP,NYSE,Stock,USD,2016-01-26,2022-10-06
GCT,NASDAQ,Stock,USD,2022-08-18,2026-06-17
GCTK,NASDAQ,Stock,USD,2013-04-25,2026-06-17
GCTS,NYSE,Stock,USD,2024-03-27,2026-06-17
GCTS,NYSE,Stock,USD,2021-12-27,2024-03-26
GCTS-WS,NYSE,Stock,USD,2024-03-27,2026-06-17
GCTSW,NYSE,Stock,USD,2021-12-27,2024-03-26
GCV-P-B,NYSE,Stock,USD,2014-09-22,2019-11-15
GCV-P-B-CL,NYSE,Stock,USD,2019-10-18,2019-11-15
GCVRZ,NASDAQ,Stock,USD,2011-03-31,2020-03-04
GD,NYSE,Stock,USD,1977-01-03,2026-06-17
GDC,NASDAQ,Stock,USD,2015-12-29,2026-06-17
GDDY,NYSE,Stock,USD,2015-04-01,2026-06-17
GDEN,NASDAQ,Stock,USD,2015-08-04,2026-05-01
GDEV,NASDAQ,Stock,USD,2020-10-05,2026-06-17
GDEVW,NASDAQ,Stock,USD,2020-10-02,2026-06-17
GDHG,NASDAQ,Stock,USD,2023-04-12,2026-06-17
GDL-P-B,NYSE,Stock,USD,2014-09-22,2018-05-29
GDL-P-C,NYSE,Stock,USD,2018-03-27,2025-03-25
GDNR,NASDAQ,Stock,USD,2022-01-13,2023-12-27
GDNRU,NASDAQ,Stock,USD,2021-12-22,2023-12-15
GDNRW,NASDAQ,Stock,USD,2022-01-13,2023-12-15
GDOT,NYSE,Stock,USD,2010-07-22,2026-06-17
GDRX,NASDAQ,Stock,USD,2020-09-23,2026-06-17
GDS,NASDAQ,Stock,USD,2016-11-02,2026-06-17
GDTC,NASDAQ,Stock,USD,2023-04-14,2026-06-17
GDV-P-A,NYSE,Stock,USD,2014-09-22,2020-09-24
GDV-P-D,NYSE,Stock,USD,2014-09-22,2019-12-24
GDV-P-D-CL,NYSE,Stock,USD,2019-11-19,2019-12-24
GDV-P-G,NYSE,Stock,USD,2016-06-29,2022-01-28
GDV-P-H,NYSE,Stock,USD,2019-06-05,2026-06-17
GDV-P-K,NYSE,Stock,USD,2021-10-05,2026-06-17
GDV-R,NYSE,Stock,USD,2019-10-04,2019-11-14
GDXD,NYSE,Stock,USD,2020-12-03,2026-06-17
GDXU,NYSE,Stock,USD,2020-12-03,2026-06-17
GDYN,NASDAQ,Stock,USD,2018-10-30,2026-06-17
GDYNW,NASDAQ,Stock,USD,2018-10-31,2021-08-30
GE,NYSE,Stock,USD,1962-01-02,2026-06-17
GE-W,NYSE,Stock,USD,2019-02-14,2024-04-01
GEAR,NYSE,Stock,USD,2024-11-27,2025-01-03
GEB,NYSE,Stock,USD,2012-10-12,2018-02-28
GEC,NASDAQ,Stock,USD,1999-06-11,2020-12-28
GECC,NASDAQ,Stock,USD,2016-11-04,2026-06-17
GECCG,NASDAQ,Stock,USD,2025-09-12,2026-06-17
GECCH,NASDAQ,Stock,USD,2024-09-26,2026-06-17
GECCI,NASDAQ,Stock,USD,2024-04-18,2026-06-17
GECCL,NASDAQ,Stock,USD,2017-09-25,2021-07-22
GECCM,NASDAQ,Stock,USD,2018-01-26,2026-06-17
GECCN,NASDAQ,Stock,USD,2019-06-21,2023-09-06
GECCO,NASDAQ,Stock,USD,2021-06-24,2026-06-17
GECXU,NASDAQ,Stock,USD,2016-12-01,2017-01-03
GEENQ,NASDAQ,Stock,USD,2011-06-17,2020-08-20
GEEX,NASDAQ,Stock,USD,2022-01-25,2023-04-12
GEEXU,NASDAQ,Stock,USD,2021-12-02,2023-04-12
GEEXW,NASDAQ,Stock,USD,2022-01-25,2023-04-12
GEF,NYSE,Stock,USD,1996-02-28,2026-06-17
GEF-B,NYSE,Stock,USD,2003-10-07,2026-06-17
GEG,NASDAQ,Stock,USD,2020-12-29,2026-06-17
GEGGL,NASDAQ,Stock,USD,2022-06-21,2026-06-17
GEH,NYSE,Stock,USD,2013-02-01,2018-02-28
GEHC,NASDAQ,Stock,USD,2023-01-04,2026-06-17
GEHCV,NASDAQ,Stock,USD,2022-12-15,2023-01-03
GEK,NYSE,Stock,USD,2013-05-21,2018-05-29
GEL,NYSE,Stock,USD,1996-11-27,2026-06-17
GELS,NASDAQ,Stock,USD,2024-10-29,2026-06-17
GEMI,NASDAQ,Stock,USD,2025-09-12,2026-06-17
GEN,NASDAQ,Stock,USD,1990-03-26,2026-06-17
GENB,NASDAQ,Stock,USD,2026-02-27,2026-06-17
GENC,AMEX,Stock,USD,2003-07-15,2026-06-17
GENE,NASDAQ,Stock,USD,2005-09-02,2026-06-17
GENI,NYSE,Stock,USD,2021-04-21,2026-06-17
GENI-WS,NYSE,Stock,USD,2021-04-21,2023-01-20
GENK,NASDAQ,Stock,USD,2023-06-28,2026-06-17
GENQ,NASDAQ,Stock,USD,2022-04-07,2023-08-03
GENQU,NASDAQ,Stock,USD,2022-02-15,2023-08-10
GENQW,NASDAQ,Stock,USD,2022-04-07,2023-08-03
GENVR,NASDAQ,Stock,USD,2025-04-21,2026-06-17
GEO,NYSE,Stock,USD,1994-07-28,2026-06-17
GEOKQ,NYSE,Stock,USD,2012-12-27,2013-05-10
GEOS,NASDAQ,Stock,USD,1997-11-21,2026-06-17
GEOW,NASDAQ,Stock,USD,2010-08-12,2011-08-29
GEOY,NASDAQ,Stock,USD,2006-12-28,2013-02-12
GERN,NASDAQ,Stock,USD,1996-07-31,2026-06-17
GES,NYSE,Stock,USD,1996-08-08,2026-01-22
GET,NASDAQ,Stock,USD,2021-10-22,2023-03-06
GETR-WS,NYSE,Stock,USD,2022-12-09,2023-11-28
GETVV,NASDAQ,Stock,USD,2021-10-18,2021-10-21
GETY,NYSE,Stock,USD,2020-09-21,2026-06-17
GETY-WS,NYSE,Stock,USD,2022-07-25,2022-10-18
GEV,NYSE,Stock,USD,2024-03-27,2026-06-17
GEV-W,NYSE,Stock,USD,2024-03-27,2024-04-01
GEVA,NASDAQ,Stock,USD,2006-12-28,2015-06-22
GEVO,NASDAQ,Stock,USD,2011-02-09,2026-06-17
GFAI,NASDAQ,Stock,USD,2021-01-08,2026-06-17
GFAIW,NASDAQ,Stock,USD,2021-09-29,2026-06-17
GFED,NASDAQ,Stock,USD,1995-04-10,2022-03-31
GFF,NYSE,Stock,USD,1973-05-03,2026-06-17
GFGD,NASDAQ,Stock,USD,2022-02-04,2023-09-25
GFGDR,NASDAQ,Stock,USD,2022-01-31,2023-09-25
GFGDU,NASDAQ,Stock,USD,2021-12-10,2023-09-25
GFGDW,NASDAQ,Stock,USD,2022-01-31,2023-09-25
GFI,NYSE,Stock,USD,1991-05-01,2026-06-17
GFIG,NYSE,Stock,USD,2016-01-04,2016-03-03
GFL,NYSE,Stock,USD,2020-03-03,2026-06-17
GFLU,NYSE,Stock,USD,2020-03-03,2023-03-14
GFN,NASDAQ,Stock,USD,2006-07-06,2021-05-25
GFNCP,NASDAQ,Stock,USD,2013-05-20,2021-06-23
GFNSL,NASDAQ,Stock,USD,2014-09-24,2021-01-14
GFNSZ,NASDAQ,Stock,USD,2020-11-02,2021-06-23
GFOR-U,NYSE,Stock,USD,2021-05-21,2023-09-29
GFR,NYSE,Stock,USD,2023-09-21,2026-06-17
GFR-R,NYSE,Stock,USD,2025-11-25,2025-12-15
GFR-R-W,NYSE,Stock,USD,2025-11-17,2025-11-24
GFS,NASDAQ,Stock,USD,2021-10-28,2026-06-17
GFX,NYSE,Stock,USD,2021-02-08,2023-08-24
GFX-U,NYSE,Stock,USD,2020-12-18,2023-08-24
GFX-WS,NYSE,Stock,USD,2021-02-08,2023-08-24
GG,NYSE,Stock,USD,1995-08-18,2019-04-17
GGA,AMEX,Stock,USD,2007-07-09,2009-07-10
GGAC,NASDAQ,Stock,USD,2016-01-04,2016-08-01
GGACR,NASDAQ,Stock,USD,2016-01-04,2016-08-01
GGACU,NASDAQ,Stock,USD,2014-06-26,2017-09-11
GGACW,NASDAQ,Stock,USD,2014-09-25,2017-08-28
GGAL,NASDAQ,Stock,USD,2000-07-25,2026-06-17
GGB,NYSE,Stock,USD,1999-03-10,2026-06-17
GGG,NYSE,Stock,USD,1986-07-09,2026-06-17
GGGV,NASDAQ,Stock,USD,2021-08-17,2022-07-06
GGGVR,NASDAQ,Stock,USD,2021-08-17,2022-07-06
GGGVU,NASDAQ,Stock,USD,2021-07-01,2022-07-06
GGLR,NYSE,Stock,USD,1998-12-31,2019-04-10
GGMC,NASDAQ,Stock,USD,2021-05-27,2022-12-29
GGMCU,NASDAQ,Stock,USD,2021-03-19,2022-12-16
GGMCW,NASDAQ,Stock,USD,2021-05-18,2022-12-16
GGN-P-B,AMEX,Stock,USD,2014-09-22,2026-06-17
GGP,NYSE,Stock,USD,1993-04-08,2018-08-28
GGP-P-A,NYSE,Stock,USD,2005-09-12,2018-08-28
GGPI,NASDAQ,Stock,USD,2021-05-18,2022-08-09
GGPIU,NASDAQ,Stock,USD,2021-03-23,2022-06-23
GGPIW,NASDAQ,Stock,USD,2021-05-17,2022-06-23
GGR,NASDAQ,Stock,USD,2021-03-01,2026-06-17
GGROW,NASDAQ,Stock,USD,2021-03-01,2026-06-17
GGRP,NASDAQ,Stock,USD,2021-07-01,2026-06-17
GGT-P-B,NYSE,Stock,USD,2014-09-22,2019-12-24
GGT-P-B-CL,NYSE,Stock,USD,2019-11-19,2019-12-24
GGT-P-E,NYSE,Stock,USD,2017-09-22,2026-06-17
GGT-P-G,NYSE,Stock,USD,2019-12-18,2026-06-17
GGT-R,NYSE,Stock,USD,2021-07-16,2024-07-19
GGT-R-W,NYSE,Stock,USD,2024-07-02,2024-07-03
GGZ-P-A,NYSE,Stock,USD,2016-05-12,2022-02-25
GH,NASDAQ,Stock,USD,2018-10-04,2026-06-17
GHAC,NASDAQ,Stock,USD,2021-03-29,2022-12-15
GHACU,NASDAQ,Stock,USD,2021-02-03,2022-12-15
GHACW,NASDAQ,Stock,USD,2021-03-26,2022-12-15
GHC,NYSE,Stock,USD,1990-01-24,2026-06-17
GHDX,NASDAQ,Stock,USD,2005-09-29,2019-11-08
GHG,NYSE,Stock,USD,2018-03-27,2026-06-17
GHI,NYSE,Stock,USD,1986-04-02,2026-06-17
GHIVU,NASDAQ,Stock,USD,2020-01-24,2021-01-21
GHIX,NASDAQ,Stock,USD,2022-03-22,2026-06-17
GHIXU,NASDAQ,Stock,USD,2022-01-12,2026-06-17
GHIXW,NASDAQ,Stock,USD,2022-03-11,2024-12-05
GHL,NYSE,Stock,USD,2004-05-06,2023-11-30
GHLD,NYSE,Stock,USD,2020-10-22,2026-06-17
GHM,NYSE,Stock,USD,1992-03-17,2026-06-17
GHRS,NASDAQ,Stock,USD,2021-06-25,2026-06-17
GHSI,NASDAQ,Stock,USD,2019-04-05,2026-06-17
GHVIU,NASDAQ,Stock,USD,2020-12-11,2021-07-22
GI,NYSE,Stock,USD,2015-06-04,2016-11-22
GIACU,NASDAQ,Stock,USD,2021-10-12,2023-01-25
GIB,NYSE,Stock,USD,1998-10-07,2026-06-17
GIBO,NASDAQ,Stock,USD,2025-05-08,2026-06-17
GIBOW,NASDAQ,Stock,USD,2025-05-09,2026-06-17
GIC,NYSE,Stock,USD,1995-06-27,2026-06-17
GIEQ,NASDAQ,Stock,USD,2026-05-21,2026-06-17
GIFI,NASDAQ,Stock,USD,1997-04-04,2026-06-17
GIFT,NASDAQ,Stock,USD,2011-06-08,2026-06-17
GIG,NASDAQ,Stock,USD,2024-09-11,2026-05-22
GIG-R,NYSE,Stock,USD,2018-01-17,2019-11-25
GIG-U,NYSE,Stock,USD,2017-12-08,2019-11-25
GIGGU,NASDAQ,Stock,USD,2024-08-29,2026-06-17
GIGGU,NASDAQ,Stock,USD,2021-02-09,2021-12-07
GIGGW,NASDAQ,Stock,USD,2024-09-11,2026-05-22
GIGL,NYSE,Stock,USD,2012-11-27,2026-06-17
GIGM,NASDAQ,Stock,USD,2000-02-18,2026-06-17
GIII,NASDAQ,Stock,USD,1990-03-26,2026-06-17
GIIX,NASDAQ,Stock,USD,2021-04-26,2022-12-29
GIIXU,NASDAQ,Stock,USD,2021-02-25,2022-12-29
GIIXW,NASDAQ,Stock,USD,2021-04-23,2022-12-29
GIK-U,NYSE,Stock,USD,2020-05-14,2021-05-06
GIL,NYSE,Stock,USD,1998-06-19,2026-06-17
GILD,NASDAQ,Stock,USD,1992-01-22,2026-06-17
GILT,NASDAQ,Stock,USD,1993-03-26,2026-06-17
GIMO,NYSE,Stock,USD,2013-06-12,2017-12-27
GIPR,NASDAQ,Stock,USD,2021-10-05,2026-06-17
GIPRU,NASDAQ,Stock,USD,2021-09-03,2021-10-04
GIPRW,NASDAQ,Stock,USD,2021-10-05,2026-06-17
GIS,NYSE,Stock,USD,1983-06-10,2026-06-17
GITS,NASDAQ,Stock,USD,2024-12-17,2026-06-17
GIVN,NASDAQ,Stock,USD,2009-02-20,2014-03-07
GIW,NASDAQ,Stock,USD,2021-07-12,2026-06-17
GIW,NYSE,Stock,USD,2002-08-06,2011-05-02
GIWWR,NASDAQ,Stock,USD,2025-10-27,2026-06-17
GIWWU,NASDAQ,Stock,USD,2025-10-06,2026-06-17
GIWWU,NASDAQ,Stock,USD,2021-05-19,2022-12-23
GIWWW,NASDAQ,Stock,USD,2021-07-12,2022-12-23
GIX,NASDAQ,Stock,USD,2026-03-19,2026-06-17
GIX-U,NYSE,Stock,USD,2019-06-06,2021-06-09
GIXR,NYSE,Stock,USD,2019-07-01,2020-06-30
GIXRT,NYSE,Stock,USD,2019-07-01,2021-06-09
GIXXR,NASDAQ,Stock,USD,2026-03-19,2026-06-17
GIXXU,NASDAQ,Stock,USD,2026-01-27,2026-06-17
GJH,NYSE,Stock,USD,2004-05-05,2026-06-17
GJO,NYSE,Stock,USD,2005-11-21,2026-06-17
GJP,NYSE,Stock,USD,2007-12-27,2026-06-17
GJR,NYSE,Stock,USD,2007-12-27,2026-06-17
GJS,NYSE,Stock,USD,2006-04-28,2026-06-17
GJT,NYSE,Stock,USD,2007-08-01,2026-06-17
GJV,NYSE,Stock,USD,2007-08-01,2019-12-04
GJV-CL,NYSE,Stock,USD,2019-12-02,2019-12-04
GK,NASDAQ,Stock,USD,1990-03-26,2017-07-10
GKNT,NASDAQ,Stock,USD,2001-01-02,2015-07-27
GKOS,NYSE,Stock,USD,2015-06-25,2026-06-17
GL,NYSE,Stock,USD,1987-12-30,2026-06-17
GL-P-C,NYSE,Stock,USD,2016-04-06,2021-07-19
GL-P-D,NYSE,Stock,USD,2021-06-21,2026-06-17
GLA,NYSE,Stock,USD,1996-06-26,2017-08-01
GLACR,NASDAQ,Stock,USD,2018-08-08,2026-05-28
GLACU,NASDAQ,Stock,USD,2023-11-14,2026-06-17
GLACU,NASDAQ,Stock,USD,2018-07-25,2026-05-28
GLAD,NASDAQ,Stock,USD,2002-08-02,2026-06-17
GLADD,NASDAQ,Stock,USD,2018-11-13,2021-01-06
GLADL,NASDAQ,Stock,USD,2019-10-15,2021-10-29
GLADN,NASDAQ,Stock,USD,2017-09-28,2019-10-01
GLADO,NASDAQ,Stock,USD,2014-05-16,2017-11-01
GLADZ,NASDAQ,Stock,USD,2023-08-18,2026-06-17
GLAQ,NASDAQ,Stock,USD,2021-02-05,2022-06-09
GLAQU,NASDAQ,Stock,USD,2020-12-11,2022-06-09
GLAQW,NASDAQ,Stock,USD,2021-02-05,2022-06-09
GLBAV,NASDAQ,Stock,USD,2025-07-11,2026-06-17
GLBC,NASDAQ,Stock,USD,2004-01-22,2011-10-14
GLBE,NASDAQ,Stock,USD,2021-05-12,2026-06-17
GLBKV,NASDAQ,Stock,USD,2025-07-11,2025-07-14
GLBL,NASDAQ,Stock,USD,2015-07-31,2017-12-29
GLBLU,NASDAQ,Stock,USD,2021-02-24,2023-01-03
GLBLW,NASDAQ,Stock,USD,2021-04-28,2023-01-03
GLBS,NASDAQ,Stock,USD,2008-03-11,2026-06-17
GLDD,NASDAQ,Stock,USD,2006-12-27,2026-06-17
GLDG,AMEX,Stock,USD,2011-07-05,2026-06-17
GLE,NASDAQ,Stock,USD,2024-09-20,2026-06-17
GLED,NYSE,Stock,USD,2026-04-14,2026-06-17
GLED-R,NYSE,Stock,USD,2026-04-14,2026-06-17
GLED-U,NYSE,Stock,USD,2026-03-04,2026-06-17
GLEO-U,NYSE,Stock,USD,2019-10-18,2021-09-29
GLF,NYSE,Stock,USD,1997-05-01,2018-11-15
GLF-WS,AMEX,Stock,USD,2017-11-16,2018-11-15
GLFMQ,NYSE,Stock,USD,2016-01-04,2017-11-15
GLHA,NASDAQ,Stock,USD,2021-05-18,2022-12-29
GLHAU,NASDAQ,Stock,USD,2021-03-23,2022-12-16
GLHAW,NASDAQ,Stock,USD,2021-05-19,2022-12-16
GLIBA,NASDAQ,Stock,USD,2018-03-12,2026-06-17
GLIBK,NASDAQ,Stock,USD,2025-07-15,2026-06-17
GLIBP,NASDAQ,Stock,USD,2018-03-12,2020-12-30
GLIBR,NASDAQ,Stock,USD,2025-11-26,2026-06-17
GLMD,NASDAQ,Stock,USD,2014-03-13,2026-06-17
GLND,NASDAQ,Stock,USD,2026-01-02,2026-06-17
GLNDW,NASDAQ,Stock,USD,2026-04-28,2026-06-17
GLNG,NASDAQ,Stock,USD,2003-07-15,2026-06-17
GLNK,NYSE,Stock,USD,2022-05-19,2026-06-17
GLO-R,AMEX,Stock,USD,2021-05-28,2021-06-21
GLO-R-W,AMEX,Stock,USD,2021-05-26,2021-05-27
GLOB,NYSE,Stock,USD,2014-07-18,2026-06-17
GLOG,NYSE,Stock,USD,2012-03-30,2021-06-14
GLOG-P-A,NYSE,Stock,USD,2015-04-08,2024-05-24
GLOO,NASDAQ,Stock,USD,2025-11-18,2026-06-17
GLOP,NYSE,Stock,USD,2014-05-07,2023-07-12
GLOP-P-A,NYSE,Stock,USD,2017-05-09,2026-06-17
GLOP-P-B,NYSE,Stock,USD,2018-01-10,2026-06-17
GLOP-P-C,NYSE,Stock,USD,2018-11-08,2026-06-17
GLP,NYSE,Stock,USD,2005-09-29,2026-06-17
GLP-P-A,NYSE,Stock,USD,2018-08-01,2024-04-12
GLP-P-B,NYSE,Stock,USD,2021-03-18,2026-06-17
GLPI,NASDAQ,Stock,USD,2013-10-14,2026-06-17
GLQ-R,AMEX,Stock,USD,2019-07-18,2021-06-21
GLQ-R-W,AMEX,Stock,USD,2021-05-26,2021-05-27
GLRE,NASDAQ,Stock,USD,2007-05-24,2026-06-17
GLS-WS,NYSE,Stock,USD,2022-01-14,2023-01-04
GLSI,NASDAQ,Stock,USD,2020-09-25,2026-06-17
GLSPT,NASDAQ,Stock,USD,2021-05-10,2022-07-13
GLSPU,NASDAQ,Stock,USD,2021-04-08,2022-07-13
GLSPW,NASDAQ,Stock,USD,2021-05-10,2022-07-13
GLT,NYSE,Stock,USD,2026-02-06,2026-06-17
GLU-P-A,AMEX,Stock,USD,2014-09-22,2026-06-17
GLU-P-B,AMEX,Stock,USD,2018-12-20,2026-06-17
GLU-R,AMEX,Stock,USD,2018-11-13,2022-06-28
GLUE,NASDAQ,Stock,USD,2021-06-24,2026-06-17
GLUU,NASDAQ,Stock,USD,2007-03-22,2021-04-29
GLV-R,AMEX,Stock,USD,2019-07-16,2021-06-21
GLV-R-W,AMEX,Stock,USD,2021-05-26,2021-05-27
GLW,NYSE,Stock,USD,1981-12-31,2026-06-17
GLXG,NASDAQ,Stock,USD,2024-09-12,2026-06-17
GLXY,NASDAQ,Stock,USD,2025-05-16,2026-06-17
GLYC,NASDAQ,Stock,USD,2026-02-06,2026-06-17
GM,NYSE,Stock,USD,2010-11-18,2026-06-17
GM-WS-A,NYSE,Stock,USD,2016-01-04,2016-07-01
GM-WS-B,NYSE,Stock,USD,2010-11-18,2019-07-05
GMAB,NASDAQ,Stock,USD,2009-06-01,2026-06-17
GMBT,NASDAQ,Stock,USD,2021-03-15,2022-03-31
GMBTU,NASDAQ,Stock,USD,2021-01-20,2022-03-31
GMBTW,NASDAQ,Stock,USD,2021-03-15,2022-03-31
GMCR,NASDAQ,Stock,USD,2001-01-12,2016-03-04
GME,NYSE,Stock,USD,2002-02-13,2026-06-17
GME-WS,NYSE,Stock,USD,2025-10-08,2026-06-17
GMED,NYSE,Stock,USD,2012-08-03,2026-06-17
GMET,NASDAQ,Stock,USD,2016-01-05,2018-12-21
GMEX,NASDAQ,Stock,USD,2026-03-11,2026-06-17
GMFI,NASDAQ,Stock,USD,2022-03-03,2024-07-01
GMFIU,NASDAQ,Stock,USD,2021-12-30,2024-07-01
GMFIW,NASDAQ,Stock,USD,2022-02-22,2024-06-20
GMHIU,NASDAQ,Stock,USD,2019-02-01,2020-12-02
GMHS,NASDAQ,Stock,USD,2025-01-24,2026-06-17
GMIIU,NASDAQ,Stock,USD,2021-01-20,2022-01-18
GMK,NYSE,Stock,USD,1998-11-06,2015-09-04
GMLP,NASDAQ,Stock,USD,2011-04-08,2021-04-15
GMLPF,NASDAQ,Stock,USD,2017-10-25,2021-05-21
GMM,NASDAQ,Stock,USD,2024-09-09,2026-06-17
GMM,NASDAQ,Stock,USD,2023-10-09,2024-09-09
GMRS,NYSE,Stock,USD,2026-05-13,2026-06-17
GMS,NYSE,Stock,USD,2016-05-26,2025-09-04
GMTA,NYSE,Stock,USD,2016-05-18,2021-05-28
GMTL,AMEX,Stock,USD,2026-03-23,2026-06-17
GMXRQ,NYSE,Stock,USD,2013-04-01,2014-02-03
GNA,NYSE,Stock,USD,2001-01-02,2011-09-07
GNAC,NASDAQ,Stock,USD,2021-03-09,2022-12-29
GNACU,NASDAQ,Stock,USD,2021-01-15,2022-12-21
GNACW,NASDAQ,Stock,USD,2021-03-09,2022-12-21
GNBC,NASDAQ,Stock,USD,2014-08-08,2018-12-31
GNC,NYSE,Stock,USD,2011-04-01,2020-06-30
GNCMA,NASDAQ,Stock,USD,1992-10-14,2018-03-19
GNE,NYSE,Stock,USD,2011-10-26,2026-06-17
GNE-P-A,NYSE,Stock,USD,2014-09-22,2023-06-15
GNI,NYSE,Stock,USD,1987-11-05,2015-04-14
GNK,NYSE,Stock,USD,2014-08-18,2026-06-17
GNL,NYSE,Stock,USD,2015-06-02,2026-06-17
GNL-P-A,NYSE,Stock,USD,2017-09-07,2026-06-17
GNL-P-B,NYSE,Stock,USD,2019-11-21,2026-06-17
GNL-P-D,NYSE,Stock,USD,2023-09-12,2026-06-17
GNL-P-E,NYSE,Stock,USD,2023-09-13,2026-06-17
GNLN,NASDAQ,Stock,USD,2019-04-18,2026-06-17
GNLX,NASDAQ,Stock,USD,2023-01-26,2026-06-17
GNMK,NASDAQ,Stock,USD,2010-05-28,2021-04-22
GNMX,NASDAQ,Stock,USD,2011-04-08,2026-06-17
GNOG,NASDAQ,Stock,USD,2019-06-06,2022-05-25
GNOGW,NASDAQ,Stock,USD,2019-06-06,2021-03-09
GNPK,NYSE,Stock,USD,2021-01-14,2021-09-02
GNPK-U,NYSE,Stock,USD,2020-11-24,2021-09-02
GNPK-WS,NYSE,Stock,USD,2021-01-14,2021-09-02
GNPX,NASDAQ,Stock,USD,2018-03-29,2026-06-17
GNRC,NYSE,Stock,USD,2010-02-11,2026-06-17
GNRT,NASDAQ,Stock,USD,2015-06-25,2018-06-12
GNS,AMEX,Stock,USD,2022-04-12,2026-06-17
GNS-R,AMEX,Stock,USD,2025-01-27,2025-02-12
GNS-R-W,AMEX,Stock,USD,2025-01-24,2025-01-24
GNSM,NASDAQ,Stock,USD,2007-07-13,2007-10-25
GNSS,NASDAQ,Stock,USD,1997-05-09,2026-06-17
GNT-P-A,NYSE,Stock,USD,2017-10-24,2026-06-17
GNTA,NASDAQ,Stock,USD,2021-12-15,2026-06-17
GNTX,NASDAQ,Stock,USD,1990-03-26,2026-06-17
GNTY,NYSE,Stock,USD,2017-05-09,2025-09-30
GNVC,NASDAQ,Stock,USD,2000-12-12,2017-06-26
GNW,NYSE,Stock,USD,2004-05-25,2026-06-17
GO,NASDAQ,Stock,USD,2019-06-20,2026-06-17
GOAC,NYSE,Stock,USD,2020-09-25,2022-09-07
GOAC-U,NYSE,Stock,USD,2020-08-05,2022-08-16
GOAI,NASDAQ,Stock,USD,2009-01-22,2026-06-17
GOBI,NASDAQ,Stock,USD,2021-06-29,2022-07-29
GOCOQ,NASDAQ,Stock,USD,2020-07-15,2026-06-17
GODN,NASDAQ,Stock,USD,2023-06-28,2025-01-24
GODNR,NASDAQ,Stock,USD,2023-06-28,2025-01-24
GODNU,NASDAQ,Stock,USD,2023-05-02,2025-01-24
GOEV,NASDAQ,Stock,USD,2017-08-01,2026-06-17
GOEVW,NASDAQ,Stock,USD,2019-04-16,2026-06-17
GOGL,NASDAQ,Stock,USD,1997-02-07,2026-06-17
GOGN,NYSE,Stock,USD,2021-12-13,2023-07-05
GOGN-U,NYSE,Stock,USD,2021-10-21,2023-07-05
GOGN-WS,NYSE,Stock,USD,2021-12-13,2023-07-05
GOGO,NASDAQ,Stock,USD,2013-06-21,2026-06-17
GOLD,NYSE,Stock,USD,2025-12-02,2026-06-17
GOLD,NASDAQ,Stock,USD,2002-07-30,2018-12-31
GOLF,NYSE,Stock,USD,2016-10-28,2026-06-17
GOMO,NASDAQ,Stock,USD,2013-11-22,2015-11-17
GOOD,NASDAQ,Stock,USD,2003-08-14,2026-06-17
GOODM,NASDAQ,Stock,USD,2016-06-06,2021-06-29
GOODN,NASDAQ,Stock,USD,2016-01-04,2016-08-29
GOODN,NASDAQ,Stock,USD,2019-09-26,2026-06-17
GOODO,NASDAQ,Stock,USD,2021-06-22,2026-06-17
GOODO,NASDAQ,Stock,USD,2006-10-25,2019-10-25
GOODP,NASDAQ,Stock,USD,2006-09-07,2019-10-25
GOOG,NASDAQ,Stock,USD,2014-03-27,2026-06-17
GOOGL,NASDAQ,Stock,USD,2004-08-19,2026-06-17
GOOS,NYSE,Stock,USD,2017-03-16,2026-06-17
GORO,AMEX,Stock,USD,2006-09-14,2026-06-17
GORV,NASDAQ,Stock,USD,2018-03-16,2026-06-17
GOSS,NASDAQ,Stock,USD,2019-02-08,2026-06-17
GOTU,NYSE,Stock,USD,2019-06-06,2026-06-17
GOVN,NYSE,Stock,USD,2016-05-31,2021-06-11
GOVX,NASDAQ,Stock,USD,2012-07-23,2026-06-17
GOVXW,NASDAQ,Stock,USD,2020-09-25,2026-06-17
GP,NASDAQ,Stock,USD,2015-02-10,2026-06-17
GPAC,NASDAQ,Stock,USD,2015-10-29,2026-05-28
GPAC,NASDAQ,Stock,USD,2021-03-05,2026-06-17
GPACU,NASDAQ,Stock,USD,2025-12-03,2026-06-17
GPACU,NASDAQ,Stock,USD,2015-07-30,2018-02-01
GPACU,NASDAQ,Stock,USD,2021-01-12,2024-07-08
GPACW,NASDAQ,Stock,USD,2015-08-25,2026-06-17
GPAQ,NASDAQ,Stock,USD,2018-03-12,2020-07-01
GPAQU,NASDAQ,Stock,USD,2018-01-25,2020-07-01
GPAQW,NASDAQ,Stock,USD,2018-03-12,2020-07-01
GPAT,NASDAQ,Stock,USD,2024-07-01,2026-06-17
GPATU,NASDAQ,Stock,USD,2024-05-09,2026-06-17
GPATW,NASDAQ,Stock,USD,2024-07-01,2026-06-17
GPC,NYSE,Stock,USD,1983-04-06,2026-06-17
GPCOR,NASDAQ,Stock,USD,2021-08-05,2022-09-16
GPCOU,NASDAQ,Stock,USD,2021-06-22,2022-09-16
GPCR,NASDAQ,Stock,USD,2023-02-03,2026-06-17
GPE-P-A,NYSE,Stock,USD,2014-09-22,2017-10-23
GPGI,NYSE,Stock,USD,2020-11-19,2026-06-17
GPI,NYSE,Stock,USD,1997-10-30,2026-06-17
GPIA,NASDAQ,Stock,USD,2015-08-28,2017-10-10
GPIAU,NASDAQ,Stock,USD,2015-05-20,2017-10-10
GPIAW,NASDAQ,Stock,USD,2015-07-27,2017-10-10
GPIC,NASDAQ,Stock,USD,1994-03-29,2019-05-01
GPJA,NYSE,Stock,USD,2017-09-25,2026-06-17
GPK,NYSE,Stock,USD,1992-12-10,2026-06-17
GPMT,NYSE,Stock,USD,2017-06-23,2026-06-17
GPMT-P-A,NYSE,Stock,USD,2021-11-23,2026-06-17
GPN,NYSE,Stock,USD,2001-01-16,2026-06-17
GPOR,NASDAQ,Stock,USD,1999-03-03,2021-05-18
GPOR,NYSE,Stock,USD,2021-05-19,2026-06-17
GPP,NASDAQ,Stock,USD,2015-06-26,2024-01-09
GPRE,NASDAQ,Stock,USD,2006-03-15,2026-06-17
GPRK,NYSE,Stock,USD,2010-10-15,2026-06-17
GPRO,NASDAQ,Stock,USD,2014-06-26,2026-06-17
GPT,NYSE,Stock,USD,2004-08-02,2018-10-15
GPT-P-A,NYSE,Stock,USD,2015-12-18,2018-12-14
GPUS,AMEX,Stock,USD,2024-09-09,2026-06-17
GPUS-P-D,AMEX,Stock,USD,2024-09-10,2026-06-17
GPX,NYSE,Stock,USD,1992-03-17,2021-10-14
GQGU,NYSE,Stock,USD,2025-07-14,2026-06-17
GRA,NYSE,Stock,USD,1982-01-04,2021-09-22
GRA-W,NYSE,Stock,USD,2016-01-26,2016-02-03
GRAB,NASDAQ,Stock,USD,2020-12-01,2026-06-17
GRABW,NASDAQ,Stock,USD,2020-12-07,2026-06-17
GRAF,NYSE,Stock,USD,2018-10-26,2023-02-13
GRAF,AMEX,Stock,USD,2024-08-16,2026-06-17
GRAF-U,AMEX,Stock,USD,2024-06-26,2026-06-17
GRAF-U,NYSE,Stock,USD,2018-10-16,2020-09-29
GRAF-WS,AMEX,Stock,USD,2024-08-16,2026-06-17
GRAFWS,NYSE,Stock,USD,2018-10-26,2020-09-30
GRAL,NASDAQ,Stock,USD,2024-06-25,2026-06-17
GRALV,NASDAQ,Stock,USD,2024-06-12,2024-06-24
GRAN,NASDAQ,Stock,USD,2025-07-01,2026-06-17
GRB,NYSE,Stock,USD,1990-01-02,2011-11-30
GRBEQ,NYSE,Stock,USD,2012-01-06,2013-04-15
GRBIC,NASDAQ,Stock,USD,2018-02-21,2019-03-07
GRBK,NYSE,Stock,USD,2007-06-14,2026-06-17
GRBK-P-A,NYSE,Stock,USD,2021-12-21,2026-06-17
GRC,NYSE,Stock,USD,1992-03-17,2026-06-17
GRCE,NASDAQ,Stock,USD,2024-10-08,2026-06-17
GRCL,NASDAQ,Stock,USD,2021-01-08,2026-06-17
GRDI,NASDAQ,Stock,USD,2021-03-03,2024-10-31
GRDIW,NASDAQ,Stock,USD,2021-03-03,2026-06-17
GRDN,NYSE,Stock,USD,2024-09-26,2026-06-17
GRDX,NASDAQ,Stock,USD,2016-10-11,2026-06-17
GREE,NASDAQ,Stock,USD,2021-09-14,2026-06-17
GREEL,NASDAQ,Stock,USD,2021-10-14,2026-06-17
GRFS,NASDAQ,Stock,USD,2011-06-02,2026-06-17
GRHHQ,NYSE,Stock,USD,2016-01-04,2017-10-09
GRI,NASDAQ,Stock,USD,2021-02-10,2026-06-17
GRIN,NASDAQ,Stock,USD,2018-06-18,2024-09-09
GRM,NYSE,Stock,USD,2010-02-11,2011-11-30
GRML,NASDAQ,Stock,USD,2022-04-29,2026-06-17
GRMLW,NASDAQ,Stock,USD,2022-04-29,2026-06-17
GRMN,NYSE,Stock,USD,2000-12-08,2026-06-17
GRNA,NASDAQ,Stock,USD,2012-04-25,2015-10-26
GRNA,NASDAQ,Stock,USD,2021-03-08,2022-02-02
GRNA,NASDAQ,Stock,USD,2022-02-03,2023-08-14
GRNAW,NASDAQ,Stock,USD,2021-03-08,2023-07-24
GRND,NYSE,Stock,USD,2021-01-14,2026-06-17
GRND-WS,NYSE,Stock,USD,2022-11-18,2023-01-20
GRND-WS,NYSE,Stock,USD,2021-01-14,2025-02-21
GRNQ,NASDAQ,Stock,USD,2015-07-09,2026-06-17
GRNT,NYSE,Stock,USD,2020-11-06,2026-06-17
GRNT-WS,NYSE,Stock,USD,2020-11-06,2022-10-24
GRNT-WS,NYSE,Stock,USD,2023-03-01,2026-06-17
GRNVR,NASDAQ,Stock,USD,2019-12-09,2021-08-13
GRNVU,NASDAQ,Stock,USD,2019-11-19,2021-08-13
GRO,NYSE,Stock,USD,2007-11-06,2016-11-11
GRO,AMEX,Stock,USD,2024-11-27,2026-06-17
GROM,NASDAQ,Stock,USD,2017-07-20,2026-06-17
GROV,NYSE,Stock,USD,2021-05-13,2026-06-17
GROV-WS,NYSE,Stock,USD,2022-06-17,2023-06-09
GROW,NASDAQ,Stock,USD,1996-06-03,2026-06-17
GROY,AMEX,Stock,USD,2021-03-09,2026-06-17
GROY-WS,AMEX,Stock,USD,2021-03-09,2026-06-17
GRP-U,NYSE,Stock,USD,2014-09-22,2026-06-17
GRPN,NASDAQ,Stock,USD,2011-11-04,2026-06-17
GRRR,NASDAQ,Stock,USD,2022-07-14,2026-06-17
GRRRW,NASDAQ,Stock,USD,2022-07-14,2026-06-17
GRSHU,NASDAQ,Stock,USD,2016-01-04,2020-02-10
GRSV,NASDAQ,Stock,USD,2020-09-29,2021-09-15
GRSVU,NASDAQ,Stock,USD,2020-08-06,2021-08-04
GRT,NYSE,Stock,USD,1994-01-20,2015-01-15
GRTS,NASDAQ,Stock,USD,2026-02-06,2026-06-17
GRUB,NYSE,Stock,USD,2014-04-04,2021-06-11
GRVY,NASDAQ,Stock,USD,2005-02-08,2026-06-17
GRWG,NASDAQ,Stock,USD,2016-11-11,2026-06-17
GRX-P-A,NYSE,Stock,USD,2014-09-22,2020-04-08
GRX-P-A-CL,NYSE,Stock,USD,2020-03-12,2020-04-08
GRX-P-B,NYSE,Stock,USD,2014-09-26,2020-12-24
GRYP,NASDAQ,Stock,USD,2018-02-26,2025-09-02
GS,NYSE,Stock,USD,1999-05-04,2026-06-17
GS-P-A,NYSE,Stock,USD,2005-04-25,2026-06-17
GS-P-B,NYSE,Stock,USD,2005-11-04,2019-08-09
GS-P-B-CL,NYSE,Stock,USD,2019-06-17,2019-08-09
GS-P-C,NYSE,Stock,USD,2014-09-22,2026-06-17
GS-P-D,NYSE,Stock,USD,2014-09-22,2026-06-17
GS-P-I,NYSE,Stock,USD,1999-05-04,2017-11-15
GS-P-J,NYSE,Stock,USD,2013-04-22,2023-09-13
GS-P-K,NYSE,Stock,USD,2014-04-23,2024-05-16
GS-P-N,NYSE,Stock,USD,2016-02-25,2021-05-18
GSAH,NYSE,Stock,USD,2021-10-19,2021-10-20
GSAH-U,NYSE,Stock,USD,2018-06-08,2021-10-20
GSAQ,NASDAQ,Stock,USD,2021-03-01,2022-07-26
GSAQU,NASDAQ,Stock,USD,2021-01-08,2022-07-26
GSAQW,NASDAQ,Stock,USD,2021-03-01,2022-07-26
GSAT,NASDAQ,Stock,USD,2006-11-02,2026-06-17
GSBC,NASDAQ,Stock,USD,1990-03-26,2026-06-17
GSBD,NYSE,Stock,USD,2015-03-18,2026-06-17
GSDWW,NASDAQ,Stock,USD,2022-10-17,2024-04-12
GSEV,NASDAQ,Stock,USD,2021-04-15,2022-12-15
GSEVU,NASDAQ,Stock,USD,2021-02-23,2022-12-15
GSEVW,NASDAQ,Stock,USD,2021-04-15,2022-12-15
GSF,NYSE,Stock,USD,2011-03-29,2015-10-22
GSHD,NASDAQ,Stock,USD,2018-04-27,2026-06-17
GSHR,NASDAQ,Stock,USD,2025-05-12,2026-06-17
GSHRU,NASDAQ,Stock,USD,2025-03-21,2026-06-17
GSHRW,NASDAQ,Stock,USD,2025-05-12,2026-06-17
GSHT,NASDAQ,Stock,USD,2017-03-24,2018-10-17
GSHTU,NASDAQ,Stock,USD,2017-01-13,2018-10-17
GSHTW,NASDAQ,Stock,USD,2017-03-06,2018-10-17
GSIT,NASDAQ,Stock,USD,2007-03-29,2026-06-17
GSIW,NASDAQ,Stock,USD,2023-12-01,2026-06-17
GSJ,NYSE,Stock,USD,2012-05-09,2016-10-31
GSJ-CL,NYSE,Stock,USD,2016-10-17,2016-10-28
GSK,NYSE,Stock,USD,1986-07-09,2026-06-17
GSK-W,NYSE,Stock,USD,2022-07-19,2022-07-21
GSKNF,NYSE,Stock,USD,2014-04-22,2014-07-29
GSKY,NASDAQ,Stock,USD,2018-05-24,2022-03-29
GSL,NYSE,Stock,USD,2008-08-15,2026-06-17
GSL-P-B,NYSE,Stock,USD,2014-09-22,2026-06-17
GSLD,NYSE,Stock,USD,2019-11-22,2022-07-15
GSM,NASDAQ,Stock,USD,2009-07-30,2026-06-17
GSMGW,NASDAQ,Stock,USD,2018-09-12,2025-02-13
GSQB,NYSE,Stock,USD,2021-08-05,2023-06-15
GSQB-U,NYSE,Stock,USD,2021-06-15,2023-06-15
GSQB-WS,NYSE,Stock,USD,2021-08-06,2023-06-15
GSQD,NYSE,Stock,USD,2021-03-26,2023-02-08
GSQD-U,NYSE,Stock,USD,2021-02-05,2023-02-08
GSRF,NASDAQ,Stock,USD,2025-10-20,2026-06-17
GSRFR,NASDAQ,Stock,USD,2025-10-20,2026-06-17
GSRFU,NASDAQ,Stock,USD,2025-09-04,2026-06-17
GSRMR,NASDAQ,Stock,USD,2022-04-18,2023-06-30
GSRMU,NASDAQ,Stock,USD,2022-02-25,2023-06-30
GSRT,NASDAQ,Stock,USD,2024-12-19,2025-10-09
GSRTR,NASDAQ,Stock,USD,2024-12-19,2025-10-09
GSRTU,NASDAQ,Stock,USD,2024-11-07,2025-10-09
GSRVU,NASDAQ,Stock,USD,2026-05-14,2026-06-17
GST,NYSE,Stock,USD,2006-01-05,2018-09-06
GSUI,NYSE,Stock,USD,2025-11-24,2026-06-17
GSUM,NASDAQ,Stock,USD,2016-09-23,2021-03-25
GSUN,NASDAQ,Stock,USD,2022-06-22,2026-06-17
GT,NASDAQ,Stock,USD,1970-01-02,2026-06-17
GTAC,NASDAQ,Stock,USD,2021-12-27,2026-06-17
GTACU,NASDAQ,Stock,USD,2021-10-21,2026-06-17
GTACW,NASDAQ,Stock,USD,2021-12-17,2024-10-17
GTAT,NASDAQ,Stock,USD,2008-07-25,2021-11-02
GTBP,NASDAQ,Stock,USD,2017-09-22,2026-06-17
GTE,AMEX,Stock,USD,2005-12-21,2026-06-17
GTEC,NASDAQ,Stock,USD,2018-08-08,2026-06-17
GTEN,NASDAQ,Stock,USD,2025-06-23,2026-06-17
GTENU,NASDAQ,Stock,USD,2025-05-02,2026-06-17
GTENW,NASDAQ,Stock,USD,2025-06-23,2026-06-17
GTERA,NASDAQ,Stock,USD,2025-07-25,2026-06-17
GTERR,NASDAQ,Stock,USD,2025-07-25,2026-06-17
GTERU,NASDAQ,Stock,USD,2025-07-09,2026-06-17
GTERW,NASDAQ,Stock,USD,2025-07-25,2026-06-17
GTES,NYSE,Stock,USD,2018-01-25,2026-06-17
GTH,NASDAQ,Stock,USD,2020-06-15,2024-03-28
GTHX,NASDAQ,Stock,USD,2017-05-17,2024-09-18
GTIM,NASDAQ,Stock,USD,1995-08-18,2026-06-17
GTIV,NASDAQ,Stock,USD,2000-02-10,2015-02-02
GTLB,NASDAQ,Stock,USD,2021-10-14,2026-06-17
GTLS,NYSE,Stock,USD,2006-07-26,2026-06-17
GTLS-P-B,NYSE,Stock,USD,2022-12-12,2025-12-12
GTM,NASDAQ,Stock,USD,2020-06-04,2026-06-17
GTN,NYSE,Stock,USD,2002-08-30,2026-06-17
GTN-A,NYSE,Stock,USD,1993-03-17,2026-06-17
GTPA,NASDAQ,Stock,USD,2021-05-06,2022-12-15
GTPAU,NASDAQ,Stock,USD,2021-03-12,2022-12-15
GTPAW,NASDAQ,Stock,USD,2021-05-06,2022-12-15
GTPB,NASDAQ,Stock,USD,2021-05-05,2022-12-15
GTPBU,NASDAQ,Stock,USD,2021-03-12,2022-12-15
GTPBW,NASDAQ,Stock,USD,2021-05-06,2022-12-15
GTS,NYSE,Stock,USD,2007-12-07,2022-01-31
GTWN,NASDAQ,Stock,USD,2005-01-06,2017-05-24
GTX,NASDAQ,Stock,USD,2018-09-17,2026-06-17
GTXAP,NASDAQ,Stock,USD,2021-05-28,2023-06-12
GTY,NYSE,Stock,USD,1973-05-03,2026-06-17
GTYH,NASDAQ,Stock,USD,2016-11-18,2022-09-07
GTYHU,NASDAQ,Stock,USD,2016-10-27,2019-02-19
GUA,NYSE,Stock,USD,2016-01-04,2016-04-26
GUA-CL,NYSE,Stock,USD,2016-04-18,2016-05-17
GUACU,NASDAQ,Stock,USD,2026-05-15,2026-06-17
GUG,NYSE,Stock,USD,2021-11-24,2026-06-17
GUID,NASDAQ,Stock,USD,2006-12-13,2017-09-14
GURE,NASDAQ,Stock,USD,2006-08-14,2026-06-17
GUT-P-A,NYSE,Stock,USD,2014-09-22,2022-01-28
GUT-P-C,NYSE,Stock,USD,2016-06-02,2026-06-17
GUT-R,NYSE,Stock,USD,2021-03-16,2024-10-18
GUT-R-W,NYSE,Stock,USD,2021-03-09,2024-09-11
GUTS,NASDAQ,Stock,USD,2024-02-02,2026-06-17
GV,NASDAQ,Stock,USD,2022-05-17,2026-06-17
GVA,NYSE,Stock,USD,1992-02-25,2026-06-17
GVCI,NASDAQ,Stock,USD,2022-01-03,2023-05-09
GVCIU,NASDAQ,Stock,USD,2021-11-09,2023-05-09
GVCIW,NASDAQ,Stock,USD,2021-12-31,2023-05-09
GVH,NASDAQ,Stock,USD,2023-11-08,2026-06-17
GVP,NASDAQ,Stock,USD,1995-07-27,2024-11-01
GWACU,NASDAQ,Stock,USD,2020-10-20,2020-12-04
GWAV,NASDAQ,Stock,USD,2016-01-04,2026-06-17
GWB,NYSE,Stock,USD,2014-10-15,2022-02-02
GWGHQ,NASDAQ,Stock,USD,2014-09-25,2022-04-28
GWH,NYSE,Stock,USD,2021-01-04,2026-06-17
GWH-WS,NYSE,Stock,USD,2021-10-11,2026-06-17
GWH-WS,NYSE,Stock,USD,2020-11-13,2022-12-23
GWII,NASDAQ,Stock,USD,2021-08-24,2023-03-15
GWIIU,NASDAQ,Stock,USD,2021-07-12,2021-08-20
GWIIW,NASDAQ,Stock,USD,2021-08-23,2023-03-15
GWPH,NASDAQ,Stock,USD,2013-05-01,2021-05-05
GWR,NYSE,Stock,USD,1996-06-25,2020-01-02
GWRE,NYSE,Stock,USD,2012-01-25,2026-06-17
GWRS,NASDAQ,Stock,USD,2016-04-28,2026-06-17
GWRU,NYSE,Stock,USD,2012-09-17,2015-09-30
GWW,NYSE,Stock,USD,1984-12-17,2026-06-17
GXAI,NASDAQ,Stock,USD,2023-02-15,2026-06-17
GXGXU,NASDAQ,Stock,USD,2019-05-21,2021-07-16
GXII,NASDAQ,Stock,USD,2021-05-10,2023-03-20
GXIIU,NASDAQ,Stock,USD,2021-03-18,2023-03-17
GXIIW,NASDAQ,Stock,USD,2021-05-13,2023-03-17
GXO,NYSE,Stock,USD,2021-07-22,2026-06-17
GXO-W,NYSE,Stock,USD,2021-07-22,2021-07-30
GXP,NYSE,Stock,USD,1987-11-05,2018-06-05
GXP-P-B,NYSE,Stock,USD,1987-11-05,2017-08-16
GXRP,NYSE,Stock,USD,2025-11-24,2026-06-17
GY,NASDAQ,Stock,USD,1981-02-02,2015-04-24
GYB,NYSE,Stock,USD,2004-06-04,2019-12-06
GYB-CL,NYSE,Stock,USD,2019-11-27,2019-12-05
GYC,NYSE,Stock,USD,2005-11-21,2021-02-16
GYRE,NASDAQ,Stock,USD,2006-04-12,2026-06-17
GYRO,NASDAQ,Stock,USD,1995-08-18,2026-06-17
H,NYSE,Stock,USD,2009-11-05,2026-06-17
HA,NASDAQ,Stock,USD,1995-06-21,2024-09-18
HAAC,NASDAQ,Stock,USD,2021-01-14,2022-11-03
HAACU,NASDAQ,Stock,USD,2020-11-13,2022-11-03
HAACW,NASDAQ,Stock,USD,2021-01-14,2022-11-03
HABT,NASDAQ,Stock,USD,2014-11-20,2020-04-02
HACQ,NASDAQ,Stock,USD,2026-04-06,2026-06-17
HACQU,NASDAQ,Stock,USD,2026-02-12,2026-06-17
HACQW,NASDAQ,Stock,USD,2026-04-06,2026-06-17
HAE,NYSE,Stock,USD,1991-05-10,2026-06-17
HAFC,NASDAQ,Stock,USD,1997-05-09,2026-06-17
HAFN,NYSE,Stock,USD,2020-06-18,2026-06-17
HAIA,NASDAQ,Stock,USD,2022-02-01,2026-06-17
HAIAU,NASDAQ,Stock,USD,2021-12-10,2026-06-17
HAIN,NASDAQ,Stock,USD,1994-01-20,2026-06-17
HAL,NYSE,Stock,USD,1972-06-01,2026-06-17
HALO,NASDAQ,Stock,USD,2004-03-16,2026-06-17
HALX,NYSE,Stock,USD,2026-05-19,2026-06-17
HAMPQ,NASDAQ,Stock,USD,2001-01-02,2017-10-09
HAO,NASDAQ,Stock,USD,2024-01-26,2026-06-17
HAR,NYSE,Stock,USD,2016-01-04,2017-03-10
HARP,NASDAQ,Stock,USD,2019-02-08,2024-03-11
HART,NASDAQ,Stock,USD,2013-10-21,2016-03-31
HAS,NASDAQ,Stock,USD,1984-12-18,2026-06-17
HASI,NYSE,Stock,USD,2013-04-18,2026-06-17
HAST,NASDAQ,Stock,USD,2006-12-28,2014-07-15
HAVA,NASDAQ,Stock,USD,2025-12-15,2026-06-17
HAVAR,NASDAQ,Stock,USD,2025-12-15,2026-06-17
HAVAU,NASDAQ,Stock,USD,2025-10-23,2026-06-17
HAWK,NYSE,Stock,USD,2026-05-07,2026-06-17
HAWK,NASDAQ,Stock,USD,2013-04-19,2018-06-25
HAWKQ,NASDAQ,Stock,USD,2009-08-14,2012-10-15
HAYN,NASDAQ,Stock,USD,2007-03-21,2024-11-21
HAYW,NYSE,Stock,USD,2021-03-12,2026-06-17
HBAN,NASDAQ,Stock,USD,1990-03-26,2026-06-17
HBANL,NASDAQ,Stock,USD,2023-03-06,2026-06-17
HBANM,NASDAQ,Stock,USD,2021-06-10,2026-06-17
HBANN,NASDAQ,Stock,USD,2016-08-19,2021-10-15
HBANO,NASDAQ,Stock,USD,2016-03-28,2021-07-15
HBANP,NASDAQ,Stock,USD,2021-02-02,2026-06-17
HBANP,NASDAQ,Stock,USD,2008-04-17,2018-02-22
HBANZ,NASDAQ,Stock,USD,2026-02-02,2026-06-17
HBB,NYSE,Stock,USD,2017-09-26,2026-06-17
HBCP,NASDAQ,Stock,USD,2008-10-08,2026-06-17
HBE,NASDAQ,Stock,USD,2001-11-16,2011-01-03
HBHC,NASDAQ,Stock,USD,1991-06-04,2018-05-24
HBHCL,NASDAQ,Stock,USD,2015-04-01,2018-05-24
HBI,NYSE,Stock,USD,2006-09-06,2026-06-17
HBIO,NASDAQ,Stock,USD,2001-03-19,2026-06-17
HBK,NASDAQ,Stock,USD,2012-10-10,2019-04-30
HBM,NYSE,Stock,USD,2009-02-13,2026-06-17
HBM-WS,NYSE,Stock,USD,2009-02-13,2018-07-17
HBMD,NASDAQ,Stock,USD,2007-10-09,2022-02-24
HBNB,NASDAQ,Stock,USD,2025-06-03,2026-06-17
HBNC,NASDAQ,Stock,USD,2001-12-17,2026-06-17
HBNK,NASDAQ,Stock,USD,2007-01-17,2015-04-17
HBOS,NASDAQ,Stock,USD,2005-06-30,2015-06-30
HBP,NASDAQ,Stock,USD,2009-01-05,2022-05-25
HBR,NASDAQ,Stock,USD,2025-10-28,2026-06-17
HBRD,NYSE,Stock,USD,2026-02-25,2026-06-17
HBT,NASDAQ,Stock,USD,2019-10-11,2026-06-17
HCA,NYSE,Stock,USD,2011-03-10,2026-06-17
HCAC,NASDAQ,Stock,USD,2026-01-27,2026-06-17
HCACR,NASDAQ,Stock,USD,2026-01-27,2026-06-17
HCACU,NASDAQ,Stock,USD,2019-03-01,2020-12-21
HCACU,NASDAQ,Stock,USD,2025-11-21,2026-06-17
HCAI,NASDAQ,Stock,USD,2025-02-05,2026-06-17
HCAP,NASDAQ,Stock,USD,2013-05-03,2021-06-09
HCAPL,NASDAQ,Stock,USD,2015-01-23,2017-09-22
HCAPZ,NASDAQ,Stock,USD,2017-08-31,2021-07-23
HCAR,NASDAQ,Stock,USD,2021-01-05,2022-12-22
HCARU,NASDAQ,Stock,USD,2020-12-23,2022-12-22
HCARW,NASDAQ,Stock,USD,2021-01-05,2022-12-22
HCAT,NASDAQ,Stock,USD,2019-07-25,2026-06-17
HCBK,NASDAQ,Stock,USD,1999-07-13,2015-10-30
HCC,NYSE,Stock,USD,2017-04-10,2026-06-17
HCC,NYSE,Stock,USD,1992-10-28,2015-10-26
HCCCU,NASDAQ,Stock,USD,2021-01-15,2022-03-07
HCCH,NASDAQ,Stock,USD,2018-07-18,2020-12-10
HCCHR,NASDAQ,Stock,USD,2018-07-18,2020-12-10
HCCHU,NASDAQ,Stock,USD,2018-06-28,2020-12-10
HCCHW,NASDAQ,Stock,USD,2018-07-18,2020-12-10
HCCI,NASDAQ,Stock,USD,2008-03-12,2023-10-17
HCCOU,NASDAQ,Stock,USD,2019-12-13,2020-10-30
HCFT-P-A-CL,NYSE,Stock,USD,2014-01-06,2019-02-14
HCHL,NASDAQ,Stock,USD,2025-06-24,2026-06-17
HCI,NYSE,Stock,USD,2008-09-15,2026-06-17
HCIC,NASDAQ,Stock,USD,2021-03-08,2026-06-17
HCICR,NASDAQ,Stock,USD,2026-03-31,2026-06-17
HCICU,NASDAQ,Stock,USD,2026-02-05,2026-06-17
HCICU,NASDAQ,Stock,USD,2021-01-15,2022-12-21
HCICW,NASDAQ,Stock,USD,2021-03-08,2022-12-21
HCII,NASDAQ,Stock,USD,2021-03-30,2022-12-21
HCIIU,NASDAQ,Stock,USD,2021-01-26,2022-12-21
HCIIW,NASDAQ,Stock,USD,2021-03-22,2022-12-21
HCJ,NYSE,Stock,USD,2016-01-04,2017-03-22
HCKT,NASDAQ,Stock,USD,1998-05-28,2026-06-17
HCLP,NYSE,Stock,USD,2012-08-16,2019-05-31
HCM,NASDAQ,Stock,USD,2016-03-17,2026-06-17
HCMA,NASDAQ,Stock,USD,2026-05-28,2026-06-17
HCMAU,NASDAQ,Stock,USD,2022-01-21,2025-08-05
HCMAU,NASDAQ,Stock,USD,2025-08-04,2026-06-17
HCMAW,NASDAQ,Stock,USD,2026-05-28,2026-06-17
HCN,NYSE,Stock,USD,1992-03-17,2018-02-27
HCN-P-I,NYSE,Stock,USD,2014-09-22,2018-02-27
HCNE,NASDAQ,Stock,USD,2021-08-05,2023-06-16
HCNEU,NASDAQ,Stock,USD,2021-06-11,2023-06-16
HCNEW,NASDAQ,Stock,USD,2021-08-05,2023-06-16
HCP,NASDAQ,Stock,USD,2021-12-09,2025-02-27
HCP-W,NYSE,Stock,USD,2016-10-20,2016-10-28
HCR,NYSE,Stock,USD,2019-06-03,2020-07-13
HCSG,NASDAQ,Stock,USD,1990-03-26,2026-06-17
HCT,NASDAQ,Stock,USD,2014-04-07,2015-01-16
HCTI,NASDAQ,Stock,USD,2021-10-13,2026-06-17
HCWB,NASDAQ,Stock,USD,2021-07-20,2026-06-17
HCWC,AMEX,Stock,USD,2024-09-16,2026-06-17
HCXY,NYSE,Stock,USD,2018-09-27,2026-06-17
HCXZ,NYSE,Stock,USD,2018-05-03,2021-06-30
HD,NYSE,Stock,USD,1981-09-22,2026-06-17
HDB,NYSE,Stock,USD,2001-07-20,2026-06-17
HDL,NASDAQ,Stock,USD,2024-05-17,2026-06-17
HDNG,NASDAQ,Stock,USD,1995-05-25,2018-05-29
HDP,NASDAQ,Stock,USD,2014-12-12,2019-01-03
HDRA,NASDAQ,Stock,USD,2016-01-08,2017-01-04
HDRAR,NASDAQ,Stock,USD,2016-01-12,2017-01-04
HDRAU,NASDAQ,Stock,USD,2016-01-12,2017-01-04
HDRAW,NASDAQ,Stock,USD,2016-01-05,2017-01-04
HDRN,NASDAQ,Stock,USD,2026-05-26,2026-06-17
HDRNW,NASDAQ,Stock,USD,2026-05-26,2026-06-17
HDS,NASDAQ,Stock,USD,2013-06-27,2020-12-24
HDSN,NASDAQ,Stock,USD,1994-11-02,2026-06-17
HE,NYSE,Stock,USD,1987-11-05,2026-06-17
HE-P-U,NYSE,Stock,USD,2014-09-22,2019-05-14
HE-P-U-CL,NYSE,Stock,USD,2019-04-15,2019-05-14
HECCU,NASDAQ,Stock,USD,2020-06-09,2021-06-22
HEES,NASDAQ,Stock,USD,2006-01-31,2025-06-02
HEFT,NYSE,Stock,USD,2025-11-21,2026-06-17
HEI,NYSE,Stock,USD,1992-03-17,2026-06-17
HEI-A,NYSE,Stock,USD,2016-01-04,2026-06-17
HELE,NASDAQ,Stock,USD,1990-03-26,2026-06-17
HELP,NASDAQ,Stock,USD,2019-09-13,2026-06-17
HELS,NYSE,Stock,USD,2025-12-11,2026-06-17
HEOP,NASDAQ,Stock,USD,2001-01-02,2017-04-10
HEP,NYSE,Stock,USD,2004-07-08,2023-12-01
HEPS,NASDAQ,Stock,USD,2021-07-01,2026-06-17
HERA,NASDAQ,Stock,USD,2021-04-26,2023-03-07
HERAU,NASDAQ,Stock,USD,2021-03-04,2023-03-07
HERAW,NASDAQ,Stock,USD,2021-04-28,2023-03-07
HERE,NASDAQ,Stock,USD,2023-01-25,2026-06-17
HEROQ,NASDAQ,Stock,USD,2016-01-04,2016-12-12
HERZ,NASDAQ,Stock,USD,2025-07-07,2026-06-17
HES,NYSE,Stock,USD,1983-04-06,2025-07-18
HES-P-A,NYSE,Stock,USD,2016-02-17,2019-01-30
HESM,NYSE,Stock,USD,2017-04-05,2026-06-17
HEXO,NASDAQ,Stock,USD,2017-03-23,2023-06-22
HF,NYSE,Stock,USD,2007-01-31,2019-07-01
HFBC,NASDAQ,Stock,USD,1998-02-09,2019-07-26
HFBL,NASDAQ,Stock,USD,2007-06-20,2026-06-17
HFFC,NASDAQ,Stock,USD,2016-01-04,2016-05-24
HFFG,NASDAQ,Stock,USD,2017-09-07,2026-06-17
HFGIC,NASDAQ,Stock,USD,2017-12-07,2019-04-22
HFRO-P-A,NYSE,Stock,USD,2019-07-30,2026-06-17
HFRO-P-B,NYSE,Stock,USD,2025-03-13,2026-06-17
HFWA,NASDAQ,Stock,USD,1998-05-07,2026-06-17
HG,NYSE,Stock,USD,2023-11-10,2026-06-17
HGBL,NASDAQ,Stock,USD,2016-01-05,2026-06-17
HGG,NYSE,Stock,USD,2017-01-03,2017-02-27
HGH,NYSE,Stock,USD,2012-04-25,2022-05-13
HGLB,NYSE,Stock,USD,2019-02-19,2026-06-17
HGR,NYSE,Stock,USD,1992-03-17,2016-02-26
HGT,NYSE,Stock,USD,1999-04-09,2018-08-24
HGTY,NYSE,Stock,USD,2021-06-01,2026-06-17
HGTY-WS,NYSE,Stock,USD,2021-06-01,2022-12-23
HGTY-WS,NYSE,Stock,USD,2021-12-03,2024-07-19
HGV,NYSE,Stock,USD,2017-01-04,2026-06-17
HGV-W,NYSE,Stock,USD,2016-12-14,2017-01-03
HH,NYSE,Stock,USD,1987-06-22,2017-05-01
HHGC,NASDAQ,Stock,USD,2021-11-11,2026-06-17
HHGCR,NASDAQ,Stock,USD,2021-11-11,2026-06-17
HHGCU,NASDAQ,Stock,USD,2021-09-21,2026-06-17
HHGCW,NASDAQ,Stock,USD,2021-11-11,2026-06-17
HHH,NYSE,Stock,USD,2010-11-05,2026-06-17
HHH-W,NYSE,Stock,USD,2024-07-31,2024-07-31
HHHHR,NASDAQ,Stock,USD,2019-03-07,2020-05-08
HHHHU,NASDAQ,Stock,USD,2019-02-06,2020-04-29
HHLA,NYSE,Stock,USD,2021-03-29,2024-02-09
HHLA-U,NYSE,Stock,USD,2021-02-05,2024-02-09
HHLA-WS,NYSE,Stock,USD,2021-03-30,2024-02-09
HHR,NASDAQ,Stock,USD,2019-05-09,2023-06-20
HHRS,NASDAQ,Stock,USD,2021-10-05,2023-12-21
HHRSW,NASDAQ,Stock,USD,2021-10-01,2023-09-15
HHS,NASDAQ,Stock,USD,1993-11-04,2026-06-17
HI,NYSE,Stock,USD,2008-03-28,2026-02-10
HIBB,NASDAQ,Stock,USD,1996-10-11,2024-07-25
HIFR,NYSE,Stock,USD,2015-01-30,2019-05-16
HIFS,NASDAQ,Stock,USD,1992-02-25,2026-06-17
HIG,NYSE,Stock,USD,1995-12-15,2026-06-17
HIG-P-G,NYSE,Stock,USD,2018-10-30,2026-06-17
HIG-WS,NYSE,Stock,USD,1995-12-15,2019-06-21
HIGA,NYSE,Stock,USD,2020-12-11,2022-10-21
HIGA-U,NYSE,Stock,USD,2020-10-21,2022-10-21
HIHO,NASDAQ,Stock,USD,1996-12-11,2026-06-17
HII,NYSE,Stock,USD,2011-03-22,2026-06-17
HIII,NASDAQ,Stock,USD,2021-04-20,2022-12-21
HIIIU,NASDAQ,Stock,USD,2021-02-24,2022-12-21
HIIIW,NASDAQ,Stock,USD,2021-04-20,2022-12-21
HIL,NYSE,Stock,USD,2004-08-12,2023-01-17
HILL,NASDAQ,Stock,USD,1997-09-17,2015-10-05
HIMS,NYSE,Stock,USD,2019-09-13,2026-06-17
HIMS-WS,NYSE,Stock,USD,2019-09-10,2021-08-06
HIMX,NASDAQ,Stock,USD,2006-03-31,2026-06-17
HIND,NASDAQ,Stock,USD,2016-10-06,2026-06-17
HIPO,NYSE,Stock,USD,2021-08-03,2026-06-17
HIPO-WS,NYSE,Stock,USD,2021-01-11,2024-09-09
HIRE,NASDAQ,Stock,USD,2001-06-18,2009-08-28
HIT,NASDAQ,Stock,USD,2024-12-23,2026-06-17
HITI,NASDAQ,Stock,USD,2019-01-28,2026-06-17
HITK,NASDAQ,Stock,USD,1992-08-04,2014-04-17
HITT,NASDAQ,Stock,USD,2005-07-22,2014-07-22
HIVE,NASDAQ,Stock,USD,2018-01-12,2026-06-17
HIVE,NYSE,Stock,USD,2014-03-28,2019-08-20
HIW,NYSE,Stock,USD,1994-06-08,2026-06-17
HIX-R,NYSE,Stock,USD,2022-04-11,2024-02-23
HIX-R-W,NYSE,Stock,USD,2022-04-07,2024-01-31
HJV,NYSE,Stock,USD,2007-03-27,2020-06-01
HKD,NYSE,Stock,USD,2022-07-15,2026-06-17
HKFI,NYSE,Stock,USD,2010-01-04,2016-02-02
HKIT,NASDAQ,Stock,USD,2023-03-31,2024-02-29
HKIT,NASDAQ,Stock,USD,2024-02-29,2026-06-17
HKPD,NASDAQ,Stock,USD,2025-01-15,2026-06-17
HKRSQ,NYSE,Stock,USD,2004-05-25,2019-10-08
HL,NYSE,Stock,USD,1985-02-14,2026-06-17
HL-P-B,NYSE,Stock,USD,2014-09-24,2026-06-17
HLAH,NASDAQ,Stock,USD,2021-03-18,2022-12-14
HLAHU,NASDAQ,Stock,USD,2021-01-13,2022-12-14
HLAHW,NASDAQ,Stock,USD,2021-03-15,2022-12-14
HLF,NYSE,Stock,USD,2004-12-16,2026-06-17
HLG,NASDAQ,Stock,USD,2015-07-07,2022-09-15
HLGN-WS,NYSE,Stock,USD,2021-12-31,2023-11-07
HLI,NYSE,Stock,USD,2015-08-13,2026-06-17
HLIO,NYSE,Stock,USD,1997-01-09,2026-06-17
HLIT,NASDAQ,Stock,USD,1995-05-24,2026-06-17
HLLY,NYSE,Stock,USD,2022-09-08,2026-06-17
HLLY-WS,NYSE,Stock,USD,2020-11-27,2022-12-23
HLLY-WS,NYSE,Stock,USD,2021-07-19,2026-06-17
HLMN,NASDAQ,Stock,USD,2020-12-03,2026-06-17
HLMNW,NASDAQ,Stock,USD,2020-11-27,2021-12-22
HLN,NYSE,Stock,USD,2022-07-22,2026-06-17
HLN-W,NYSE,Stock,USD,2022-07-18,2022-07-21
HLNE,NASDAQ,Stock,USD,2017-03-01,2026-06-17
HLP,NASDAQ,Stock,USD,2023-03-29,2026-06-17
HLS,NYSE,Stock,USD,1989-09-13,2017-12-29
HLS-WS,NYSE,Stock,USD,2016-01-19,2017-01-10
HLSS,NASDAQ,Stock,USD,2012-02-29,2015-04-28
HLT,NYSE,Stock,USD,2013-12-12,2026-06-17
HLT-W,NYSE,Stock,USD,2016-12-13,2017-01-03
HLTH,NYSE,Stock,USD,2009-02-13,2019-09-10
HLVX,NASDAQ,Stock,USD,2022-04-29,2025-09-17
HLX,NYSE,Stock,USD,1997-07-01,2026-06-17
HLXB,NASDAQ,Stock,USD,2024-02-09,2025-08-11
HLXC,NASDAQ,Stock,USD,2026-01-23,2026-06-17
HMA,NYSE,Stock,USD,2006-12-28,2014-01-24
HMA,NYSE,Stock,USD,2022-03-14,2023-07-25
HMA-U,NYSE,Stock,USD,2022-01-21,2023-07-25
HMA-WS,NYSE,Stock,USD,2022-03-14,2023-07-25
HMAC,NASDAQ,Stock,USD,2022-09-12,2023-08-18
HMACR,NASDAQ,Stock,USD,2022-09-12,2023-08-17
HMACU,NASDAQ,Stock,USD,2022-08-11,2023-08-17
HMACW,NASDAQ,Stock,USD,2022-09-12,2023-08-17
HMC,NYSE,Stock,USD,1980-03-17,2026-06-17
HMCO,NASDAQ,Stock,USD,2021-01-29,2022-12-01
HMCOU,NASDAQ,Stock,USD,2020-12-09,2022-12-01
HMCOW,NASDAQ,Stock,USD,2021-02-01,2022-12-01
HME,NYSE,Stock,USD,1994-08-01,2015-10-07
HMH,NASDAQ,Stock,USD,2026-04-01,2026-06-17
HMHC,NASDAQ,Stock,USD,2013-11-14,2022-09-08
HMIN,NASDAQ,Stock,USD,2006-10-26,2016-04-04
HMLP,NYSE,Stock,USD,2014-08-07,2023-01-30
HMN,NYSE,Stock,USD,1991-11-15,2026-06-17
HMNF,NASDAQ,Stock,USD,1994-06-30,2026-06-17
HMPR,NASDAQ,Stock,USD,2016-01-04,2016-08-08
HMPT,NASDAQ,Stock,USD,2021-01-29,2023-08-01
HMR,NASDAQ,Stock,USD,2008-02-05,2026-06-17
HMST,NASDAQ,Stock,USD,2012-02-10,2025-08-29
HMSY,NASDAQ,Stock,USD,1992-12-18,2021-04-01
HMTA,NASDAQ,Stock,USD,2007-09-26,2019-03-29
HMTV,NASDAQ,Stock,USD,2013-04-05,2022-09-13
HMY,NYSE,Stock,USD,1996-09-30,2026-06-17
HNBC,NASDAQ,Stock,USD,2017-07-13,2017-09-18
HNGE,NYSE,Stock,USD,2025-05-22,2026-06-17
HNH,NASDAQ,Stock,USD,2005-08-22,2017-10-23
HNI,NYSE,Stock,USD,1990-03-26,2026-06-17
HNIN,NASDAQ,Stock,USD,2016-01-04,2017-10-03
HNNA,NASDAQ,Stock,USD,2002-10-15,2026-06-17
HNNAZ,NASDAQ,Stock,USD,2021-10-25,2026-06-17
HNR,NYSE,Stock,USD,1989-11-07,2017-05-19
HNRG,NASDAQ,Stock,USD,1997-01-20,2026-06-17
HNSN,NASDAQ,Stock,USD,2006-11-15,2016-07-28
HNST,NASDAQ,Stock,USD,2021-05-04,2026-06-17
HNT,NYSE,Stock,USD,1991-11-06,2016-04-01
HNVR,NASDAQ,Stock,USD,2022-05-11,2026-06-17
HNZ,NYSE,Stock,USD,2001-01-02,2013-10-17
HOFT,NASDAQ,Stock,USD,2001-01-02,2026-06-17
HOG,NYSE,Stock,USD,1987-11-05,2026-06-17
HOGS,NASDAQ,Stock,USD,2007-12-27,2013-06-26
HOLA,NYSE,Stock,USD,2025-07-14,2026-06-17
HOLI,NASDAQ,Stock,USD,2008-10-22,2026-06-17
HOLL,NASDAQ,Stock,USD,2014-02-18,2018-09-25
HOLO,NASDAQ,Stock,USD,2022-09-19,2026-06-17
HOLO,NASDAQ,Stock,USD,2021-08-06,2022-12-23
HOLOW,NASDAQ,Stock,USD,2021-08-05,2026-06-17
HOLUU,NASDAQ,Stock,USD,2020-08-05,2021-06-30
HOLX,NASDAQ,Stock,USD,1990-03-26,2026-04-07
HOMB,NYSE,Stock,USD,2006-06-23,2026-06-17
HOME,NYSE,Stock,USD,2016-08-04,2021-07-27
HON,NASDAQ,Stock,USD,1970-01-02,2026-06-17
HONAV,NASDAQ,Stock,USD,2026-06-15,2026-06-17
HONDU,NASDAQ,Stock,USD,2024-08-16,2026-06-17
HONDW,NASDAQ,Stock,USD,2026-05-28,2026-06-17
HONE,NASDAQ,Stock,USD,2016-06-30,2026-06-17
HONIV,NASDAQ,Stock,USD,2025-10-21,2026-06-17
HOOD,NASDAQ,Stock,USD,2021-07-29,2026-06-17
HOOZ,NYSE,Stock,USD,2025-11-13,2026-06-17
HOPE,NASDAQ,Stock,USD,1998-01-29,2026-06-17
HORI,NASDAQ,Stock,USD,2022-02-07,2023-03-10
HORIU,NASDAQ,Stock,USD,2021-12-09,2023-03-10
HORIW,NASDAQ,Stock,USD,2022-01-31,2023-03-10
HOS,NYSE,Stock,USD,2004-03-26,2019-12-20
HOT-W,NYSE,Stock,USD,2016-04-11,2016-05-12
HOTR,NASDAQ,Stock,USD,2006-10-31,2017-11-13
HOTRW,NASDAQ,Stock,USD,2012-08-03,2017-06-19
HOTT,NASDAQ,Stock,USD,2006-12-28,2013-06-12
HOUR,NASDAQ,Stock,USD,2022-01-07,2026-06-17
HOUS,NYSE,Stock,USD,2012-10-11,2026-01-08
HOV,NYSE,Stock,USD,1992-03-17,2026-06-17
HOVNP,NASDAQ,Stock,USD,2005-11-30,2026-06-17
HOVR,NASDAQ,Stock,USD,2024-01-16,2026-06-17
HOVRW,NASDAQ,Stock,USD,2024-01-16,2026-06-17
HOWL,NASDAQ,Stock,USD,2021-04-30,2026-06-17
HP,NYSE,Stock,USD,1980-10-15,2026-06-17
HPAI,NASDAQ,Stock,USD,2024-08-05,2026-06-17
HPAIW,NASDAQ,Stock,USD,2024-08-05,2026-06-17
HPC,NYSE,Stock,USD,2006-12-28,2008-11-24
HPE,NYSE,Stock,USD,2015-10-19,2026-06-17
HPE-P-C,NYSE,Stock,USD,2024-09-11,2026-06-17
HPE-W,NYSE,Stock,USD,2017-08-17,2017-08-31
HPHW,NYSE,Stock,USD,2016-01-04,2018-08-28
HPJ,NASDAQ,Stock,USD,2008-06-19,2019-10-31
HPK,NASDAQ,Stock,USD,2020-08-24,2026-06-17
HPKEW,NASDAQ,Stock,USD,2020-08-24,2025-08-21
HPLT,NASDAQ,Stock,USD,2021-11-29,2023-10-18
HPLTU,NASDAQ,Stock,USD,2021-09-30,2023-10-18
HPLTW,NASDAQ,Stock,USD,2021-11-29,2023-10-18
HPP,NYSE,Stock,USD,2010-06-24,2026-06-17
HPP-P-C,NYSE,Stock,USD,2021-11-12,2026-06-17
HPQ,NYSE,Stock,USD,1962-01-02,2026-06-17
HPR,NYSE,Stock,USD,2018-03-19,2021-04-01
HPTRP,NASDAQ,Stock,USD,2016-01-04,2017-02-17
HPTX,NASDAQ,Stock,USD,2012-07-26,2015-05-07
HPWR,NASDAQ,Stock,USD,2001-01-02,2010-06-03
HPX,NYSE,Stock,USD,2020-09-09,2023-03-03
HPX-U,NYSE,Stock,USD,2020-07-16,2023-03-03
HPX-WS,NYSE,Stock,USD,2020-09-08,2023-03-03
HPY,NYSE,Stock,USD,2005-08-15,2016-05-02
HQ,NASDAQ,Stock,USD,2026-03-20,2026-06-17
HQCL,NASDAQ,Stock,USD,2006-12-20,2019-01-16
HQI,NASDAQ,Stock,USD,2002-06-06,2026-06-17
HQWWW,NASDAQ,Stock,USD,2026-03-23,2026-06-17
HQY,NASDAQ,Stock,USD,2014-07-31,2026-06-17
HR,NYSE,Stock,USD,1993-05-27,2026-06-17
HR,NYSE,Stock,USD,2012-06-06,2022-12-23
HRB,NYSE,Stock,USD,1986-11-12,2026-06-17
HRC,NYSE,Stock,USD,1987-03-02,2021-12-13
HRG,NYSE,Stock,USD,1983-04-06,2018-07-13
HRI,NYSE,Stock,USD,2006-11-16,2026-06-17
HRI-W,NYSE,Stock,USD,2016-06-20,2016-06-30
HRL,NYSE,Stock,USD,1990-01-02,2026-06-17
HRMN,NASDAQ,Stock,USD,2015-06-04,2017-07-24
HRMNU,NASDAQ,Stock,USD,2015-03-24,2017-08-01
HRMNW,NASDAQ,Stock,USD,2015-04-16,2017-07-24
HRMY,NASDAQ,Stock,USD,2020-08-19,2026-06-17
HROW,NASDAQ,Stock,USD,2007-09-28,2026-06-17
HRT,NYSE,Stock,USD,2021-10-29,2024-06-28
HRTG,NYSE,Stock,USD,2014-05-23,2026-06-17
HRTX,NASDAQ,Stock,USD,1987-08-27,2026-06-17
HRYU,NASDAQ,Stock,USD,2023-08-01,2026-06-17
HRZB,NASDAQ,Stock,USD,2010-01-21,2014-01-28
HRZN,NASDAQ,Stock,USD,2010-10-29,2026-06-17
HS,NYSE,Stock,USD,2006-02-03,2013-02-06
HSAC,NASDAQ,Stock,USD,2019-06-21,2019-12-18
HSACW,NASDAQ,Stock,USD,2019-06-26,2019-12-18
HSAI,NASDAQ,Stock,USD,2023-02-09,2026-06-17
HSBC,NYSE,Stock,USD,1999-07-16,2026-06-17
HSCS,NASDAQ,Stock,USD,2022-06-15,2026-06-17
HSCSW,NASDAQ,Stock,USD,2022-06-15,2026-06-17
HSDT,NASDAQ,Stock,USD,2014-06-27,2026-06-17
HSEA,NYSE,Stock,USD,2008-04-03,2018-06-01
HSEB,NYSE,Stock,USD,2010-06-21,2018-06-01
HSH,NYSE,Stock,USD,1986-05-05,2014-08-29
HSHP,NYSE,Stock,USD,2022-10-25,2026-06-17
HSIC,NASDAQ,Stock,USD,1995-11-03,2026-06-17
HSICV,NASDAQ,Stock,USD,2019-02-06,2019-02-07
HSII,NASDAQ,Stock,USD,1999-04-27,2026-06-17
HSKA,NASDAQ,Stock,USD,1997-07-01,2023-06-13
HSLV,AMEX,Stock,USD,2026-03-11,2026-06-17
HSNI,NASDAQ,Stock,USD,2008-08-12,2018-01-02
HSON,NASDAQ,Stock,USD,2025-09-05,2025-09-09
HSP,NYSE,Stock,USD,2004-05-03,2015-09-02
HSPT,NASDAQ,Stock,USD,2025-02-05,2026-06-15
HSPTR,NASDAQ,Stock,USD,2025-02-05,2026-06-15
HSPTU,NASDAQ,Stock,USD,2024-11-15,2026-06-15
HST,NASDAQ,Stock,USD,1983-04-06,2026-06-17
HSTM,NASDAQ,Stock,USD,2000-04-11,2026-06-17
HSY,NYSE,Stock,USD,1985-07-01,2026-06-17
HT,NYSE,Stock,USD,1999-01-21,2023-11-28
HT-P-C,NYSE,Stock,USD,2014-09-22,2023-12-12
HT-P-D,NYSE,Stock,USD,2016-06-02,2023-12-12
HT-P-E,NYSE,Stock,USD,2016-11-09,2023-12-12
HTAQ,NYSE,Stock,USD,2021-12-30,2022-10-31
HTAQ-U,NYSE,Stock,USD,2021-11-09,2022-10-31
HTB,NYSE,Stock,USD,2012-07-11,2026-06-17
HTBK,NASDAQ,Stock,USD,1998-07-20,2026-06-17
HTCH,NASDAQ,Stock,USD,2016-01-04,2016-10-06
HTCO,NASDAQ,Stock,USD,2022-12-16,2026-06-17
HTCR,NASDAQ,Stock,USD,2022-02-10,2026-06-17
HTF,NYSE,Stock,USD,2012-03-27,2017-10-27
HTFA,NYSE,Stock,USD,2017-10-04,2021-04-23
HTFC,NYSE,Stock,USD,2022-06-27,2026-06-17
HTFL,NASDAQ,Stock,USD,2025-08-08,2026-06-17
HTGC,NYSE,Stock,USD,2005-06-09,2026-06-17
HTGX,NYSE,Stock,USD,2014-07-17,2019-02-01
HTGX-CL,NYSE,Stock,USD,2018-12-12,2019-02-01
HTGY,NYSE,Stock,USD,2016-01-04,2017-02-02
HTGY-CL,NYSE,Stock,USD,2017-01-26,2017-02-01
HTGZ,NYSE,Stock,USD,2016-01-04,2017-02-02
HTGZ-CL,NYSE,Stock,USD,2017-01-26,2017-02-01
HTH,NYSE,Stock,USD,2004-02-19,2026-06-17
HTHT,NASDAQ,Stock,USD,2010-03-26,2026-06-17
HTLD,NASDAQ,Stock,USD,1990-03-26,2026-06-17
HTLF,NASDAQ,Stock,USD,1999-01-04,2026-06-17
HTLFP,NASDAQ,Stock,USD,2020-06-22,2026-06-17
HTLM,NASDAQ,Stock,USD,2024-10-01,2026-06-17
HTM,NYSE,Stock,USD,2005-05-20,2018-07-09
HTO,NASDAQ,Stock,USD,1972-06-01,2026-06-17
HTOO,NASDAQ,Stock,USD,2020-12-10,2026-06-17
HTOOW,NASDAQ,Stock,USD,2020-12-10,2025-12-10
HTPA,NYSE,Stock,USD,2021-01-25,2022-12-07
HTPA-U,NYSE,Stock,USD,2020-12-03,2022-12-07
HTS,NYSE,Stock,USD,2008-04-29,2016-07-20
HTT,NYSE,Stock,USD,2017-10-18,2026-06-17
HTV,NYSE,Stock,USD,2006-12-28,2009-06-04
HTWR,NASDAQ,Stock,USD,2016-01-04,2016-08-24
HTZ,NASDAQ,Stock,USD,2021-07-01,2026-06-17
HTZ-R,NYSE,Stock,USD,2019-06-20,2019-07-11
HTZ-W,NYSE,Stock,USD,2016-06-20,2016-06-30
HTZWW,NASDAQ,Stock,USD,2021-07-01,2026-06-17
HUBB,NYSE,Stock,USD,2015-12-24,2026-06-17
HUBC,NASDAQ,Stock,USD,2023-02-28,2026-06-17
HUBCW,NASDAQ,Stock,USD,2023-03-01,2026-06-17
HUBCZ,NASDAQ,Stock,USD,2023-03-03,2026-06-17
HUBG,NASDAQ,Stock,USD,1996-03-13,2026-06-17
HUBS,NYSE,Stock,USD,2014-10-09,2026-06-17
HUD,NYSE,Stock,USD,2018-02-01,2020-12-02
HUDA,NASDAQ,Stock,USD,2022-12-27,2026-06-17
HUDAR,NASDAQ,Stock,USD,2022-12-23,2026-06-17
HUDAU,NASDAQ,Stock,USD,2022-10-14,2026-06-17
HUDI,NASDAQ,Stock,USD,2021-01-22,2026-06-17
HUGS,NYSE,Stock,USD,2021-04-19,2022-12-28
HUGS-U,NYSE,Stock,USD,2021-02-25,2022-12-27
HUHU,NASDAQ,Stock,USD,2024-10-22,2026-06-17
HUIZ,NASDAQ,Stock,USD,2020-02-12,2026-06-17
HUM,NYSE,Stock,USD,1981-12-31,2026-06-17
HUMA,NASDAQ,Stock,USD,2021-08-26,2026-06-17
HUMAW,NASDAQ,Stock,USD,2020-11-24,2026-06-17
HUN,NYSE,Stock,USD,2005-02-14,2026-06-17
HURA,NASDAQ,Stock,USD,2013-02-22,2026-06-17
HURC,NASDAQ,Stock,USD,1989-09-05,2026-06-17
HURN,NASDAQ,Stock,USD,2004-10-13,2026-06-17
HUT,NASDAQ,Stock,USD,2018-03-08,2026-06-17
HUT,NASDAQ,Stock,USD,2018-03-08,2023-12-01
HUYA,NYSE,Stock,USD,2018-05-11,2026-06-17
HVB,NYSE,Stock,USD,1999-12-13,2015-06-30
HVBC,NASDAQ,Stock,USD,2017-01-12,2023-06-16
HVII,NASDAQ,Stock,USD,2025-02-10,2026-06-17
HVIIR,NASDAQ,Stock,USD,2025-02-06,2026-06-17
HVIIU,NASDAQ,Stock,USD,2025-01-17,2026-06-17
HVMC,NASDAQ,Stock,USD,2025-10-02,2026-06-17
HVMCU,NASDAQ,Stock,USD,2025-08-12,2026-06-17
HVMCW,NASDAQ,Stock,USD,2025-10-02,2026-06-17
HVT,NYSE,Stock,USD,1992-02-25,2026-06-17
HVT-A,NYSE,Stock,USD,1992-02-25,2026-06-17
HW,NYSE,Stock,USD,1995-06-15,2017-07-14
HWBK,NASDAQ,Stock,USD,1999-07-20,2026-06-17
HWC,NASDAQ,Stock,USD,2001-01-02,2026-06-17
HWCC,NASDAQ,Stock,USD,2006-06-15,2021-06-15
HWCPL,NASDAQ,Stock,USD,2018-05-25,2021-06-14
HWCPZ,NASDAQ,Stock,USD,2020-06-17,2026-06-17
HWEL,NASDAQ,Stock,USD,2021-09-30,2023-12-04
HWELU,NASDAQ,Stock,USD,2021-08-03,2023-12-04
HWELW,NASDAQ,Stock,USD,2021-09-23,2026-06-17
HWG,NYSE,Stock,USD,2006-12-28,2014-05-15
HWH,NASDAQ,Stock,USD,2024-01-08,2026-06-17
HWKN,NASDAQ,Stock,USD,1993-10-27,2026-06-17
HWKZ,NYSE,Stock,USD,2021-11-29,2023-07-11
HWKZ-U,NYSE,Stock,USD,2021-10-08,2023-07-11
HWM,NYSE,Stock,USD,1962-01-02,2026-06-17
HWM-P,AMEX,Stock,USD,2014-09-22,2026-06-17
HXHX,NASDAQ,Stock,USD,2025-04-15,2026-06-17
HXL,NYSE,Stock,USD,1987-11-05,2026-06-17
HY,NYSE,Stock,USD,2012-10-01,2026-06-17
HYAC,NYSE,Stock,USD,2023-09-15,2026-04-08
HYAC-U,NYSE,Stock,USD,2023-07-26,2026-04-09
HYAC-WS,NYSE,Stock,USD,2023-09-15,2026-04-09
HYAC-WS,NYSE,Stock,USD,2023-09-18,2026-04-08
HYACU,NASDAQ,Stock,USD,2021-03-02,2023-05-12
HYACU,NASDAQ,Stock,USD,2017-10-25,2020-12-22
HYC,NYSE,Stock,USD,2006-12-28,2011-11-30
HYFM,NASDAQ,Stock,USD,2020-12-10,2026-06-17
HYFT,NASDAQ,Stock,USD,2017-01-03,2026-06-17
HYGS,NASDAQ,Stock,USD,2000-11-01,2019-09-09
HYH,NYSE,Stock,USD,2014-10-21,2018-06-29
HYLN,AMEX,Stock,USD,2019-04-22,2026-06-17
HYLN-WS,NYSE,Stock,USD,2020-10-02,2020-10-02
HYLN-WS,NYSE,Stock,USD,2019-04-24,2020-12-29
HYMC,NASDAQ,Stock,USD,2018-03-12,2026-06-17
HYMCL,NASDAQ,Stock,USD,2020-10-06,2021-01-25
HYMCL,NASDAQ,Stock,USD,2021-01-26,2025-10-03
HYMCZ,NASDAQ,Stock,USD,2017-02-17,2022-10-21
HYNE,NASDAQ,Stock,USD,2025-12-04,2026-06-17
HYPD,NASDAQ,Stock,USD,2018-01-25,2026-06-17
HYPR,NASDAQ,Stock,USD,2021-01-27,2026-06-17
HYT-R,NYSE,Stock,USD,2022-09-22,2026-06-17
HYT-R-W,NYSE,Stock,USD,2022-09-19,2026-06-17
HYZN,NASDAQ,Stock,USD,2020-12-14,2026-06-17
HYZNW,NASDAQ,Stock,USD,2020-12-14,2026-06-17
HZAC-U,NYSE,Stock,USD,2020-08-21,2020-12-29
HZAC-U,NYSE,Stock,USD,2020-12-30,2021-10-18
HZN,NYSE,Stock,USD,2015-07-01,2023-02-07
HZNP,NASDAQ,Stock,USD,2011-07-28,2023-10-06
HZO,NYSE,Stock,USD,1998-06-03,2026-06-17
HZON,NYSE,Stock,USD,2020-12-10,2023-04-25
HZON-U,NYSE,Stock,USD,2020-10-20,2023-04-25
HZON-WS,NYSE,Stock,USD,2022-11-29,2023-04-25
HZON-WS,NYSE,Stock,USD,2020-12-10,2022-11-28
I,NYSE,Stock,USD,2013-04-18,2020-05-18
I,NYSE,Stock,USD,2020-05-19,2022-02-23
IAA,NYSE,Stock,USD,2019-06-17,2023-03-20
IAA-WI,NYSE,Stock,USD,2019-06-17,2019-06-27
IACA,NYSE,Stock,USD,2020-10-27,2021-06-29
IACA-U,NYSE,Stock,USD,2020-10-02,2021-06-29
IACB,NYSE,Stock,USD,2021-04-05,2021-12-01
IACB-U,NYSE,Stock,USD,2021-02-11,2021-11-30
IACC,NYSE,Stock,USD,2021-04-30,2022-11-17
IACI,NASDAQ,Stock,USD,1993-01-19,2016-01-20
IACO,NASDAQ,Stock,USD,2026-04-06,2026-06-17
IACOU,NASDAQ,Stock,USD,2026-02-11,2026-06-17
IACOW,NASDAQ,Stock,USD,2026-04-06,2026-06-17
IACQU,NASDAQ,Stock,USD,2026-04-28,2026-06-17
IACVV,NASDAQ,Stock,USD,2025-03-26,2026-06-17
IAG,NYSE,Stock,USD,2003-07-15,2026-06-17
IAMXR,NASDAQ,Stock,USD,2017-10-09,2018-11-21
IAMXU,NASDAQ,Stock,USD,2017-08-17,2017-10-16
IART,NASDAQ,Stock,USD,1995-08-16,2026-06-17
IARTV,NASDAQ,Stock,USD,2015-06-17,2015-07-01
IAS,NASDAQ,Stock,USD,2021-06-30,2025-12-23
IAUX,AMEX,Stock,USD,2021-04-22,2026-06-17
IAUX-WS,AMEX,Stock,USD,2025-07-28,2026-06-17
IBAC,NASDAQ,Stock,USD,2024-05-01,2026-06-17
IBACR,NASDAQ,Stock,USD,2024-05-01,2026-06-17
IBACU,NASDAQ,Stock,USD,2024-03-26,2024-04-30
IBCP,NASDAQ,Stock,USD,2001-01-02,2026-06-17
IBER,NYSE,Stock,USD,2021-04-20,2023-03-01
IBER-U,NYSE,Stock,USD,2021-02-26,2023-03-01
IBER-WS,NYSE,Stock,USD,2021-04-20,2023-03-01
IBEX,NASDAQ,Stock,USD,2020-08-07,2026-06-17
IBFR,NYSE,Stock,USD,2026-02-24,2026-06-17
IBG,NASDAQ,Stock,USD,2024-09-26,2026-06-17
IBIM,NYSE,Stock,USD,2026-03-26,2026-06-17
IBIO,NASDAQ,Stock,USD,2008-08-19,2026-06-17
IBKC,NASDAQ,Stock,USD,1995-04-10,2020-07-01
IBKCN,NASDAQ,Stock,USD,2019-03-29,2020-07-01
IBKCO,NASDAQ,Stock,USD,2016-05-23,2020-07-01
IBKCP,NASDAQ,Stock,USD,2015-08-31,2020-07-01
IBKR,NASDAQ,Stock,USD,2007-05-04,2026-06-17
IBM,NYSE,Stock,USD,1962-01-02,2026-06-17
IBM-W,NYSE,Stock,USD,2021-10-26,2021-11-02
IBN,NYSE,Stock,USD,2000-03-28,2026-06-17
IBO,AMEX,Stock,USD,2024-09-16,2026-06-17
IBO,AMEX,Stock,USD,2017-10-17,2023-05-12
IBOC,NASDAQ,Stock,USD,1996-05-30,2026-06-17
IBP,NYSE,Stock,USD,2014-02-13,2026-06-17
IBRX,NASDAQ,Stock,USD,2015-07-28,2026-06-17
IBTA,NYSE,Stock,USD,2024-04-18,2026-06-17
IBTX,NASDAQ,Stock,USD,2013-04-04,2026-06-17
ICA,NYSE,Stock,USD,1992-04-09,2016-07-11
ICAD,NASDAQ,Stock,USD,1992-03-17,2025-07-17
ICBK,NASDAQ,Stock,USD,2015-01-16,2021-12-10
ICCC,NASDAQ,Stock,USD,1995-07-10,2026-06-17
ICCH,NASDAQ,Stock,USD,2017-03-28,2026-06-17
ICCM,NASDAQ,Stock,USD,2013-11-07,2026-06-17
ICE,NYSE,Stock,USD,2005-11-16,2026-06-17
ICEL,NASDAQ,Stock,USD,2013-07-25,2015-05-01
ICFI,NASDAQ,Stock,USD,2006-09-28,2026-06-17
ICG,NASDAQ,Stock,USD,2023-03-16,2026-06-17
ICGE,NASDAQ,Stock,USD,1999-08-05,2014-09-02
ICHR,NASDAQ,Stock,USD,2016-12-09,2026-06-17
ICL,NYSE,Stock,USD,2014-09-24,2026-06-17
ICLK,NASDAQ,Stock,USD,2017-12-21,2025-03-12
ICLR,NASDAQ,Stock,USD,1998-05-15,2026-06-17
ICMB,NASDAQ,Stock,USD,2014-02-06,2026-06-17
ICNC,NYSE,Stock,USD,2021-12-13,2023-09-26
ICNC-U,NYSE,Stock,USD,2021-10-22,2023-09-26
ICNC-WS,NYSE,Stock,USD,2021-12-13,2023-09-26
ICON,NASDAQ,Stock,USD,1990-03-06,2021-08-04
ICON,NASDAQ,Stock,USD,2024-07-12,2026-06-17
ICPT,NASDAQ,Stock,USD,2012-10-11,2026-06-17
ICR-P-A,NYSE,Stock,USD,2021-09-23,2026-06-17
ICU,NASDAQ,Stock,USD,2022-10-28,2026-06-17
ICUCW,NASDAQ,Stock,USD,2021-03-18,2026-06-17
ICUI,NASDAQ,Stock,USD,1992-03-31,2026-06-17
ICVX,NASDAQ,Stock,USD,2021-07-29,2024-02-20
IDA,NYSE,Stock,USD,1986-10-17,2026-06-17
IDACU,NASDAQ,Stock,USD,2026-05-15,2026-06-17
IDAI,NASDAQ,Stock,USD,2021-02-24,2026-06-17
IDC,NYSE,Stock,USD,2006-12-28,2011-08-08
IDCC,NASDAQ,Stock,USD,1990-03-26,2026-06-17
IDIX,NASDAQ,Stock,USD,2004-07-22,2014-08-05
IDN,NASDAQ,Stock,USD,1999-11-19,2026-06-17
IDR,AMEX,Stock,USD,2011-02-23,2026-06-17
IDSA,NASDAQ,Stock,USD,1996-05-30,2019-12-30
IDT,NYSE,Stock,USD,2001-05-16,2026-06-17
IDT-W,NYSE,Stock,USD,2016-05-26,2016-06-01
IDTI,NASDAQ,Stock,USD,1990-03-26,2019-03-29
IDXX,NASDAQ,Stock,USD,1991-06-24,2026-06-17
IDYA,NASDAQ,Stock,USD,2019-05-23,2026-06-17
IDYN,NYSE,Stock,USD,2025-08-07,2026-06-17
IE,AMEX,Stock,USD,2022-06-28,2026-06-17
IEA,NASDAQ,Stock,USD,2018-03-26,2022-10-07
IEAG,NASDAQ,Stock,USD,2026-03-10,2026-06-17
IEAGR,NASDAQ,Stock,USD,2026-03-10,2026-06-17
IEAGU,NASDAQ,Stock,USD,2026-01-16,2026-06-17
IEAWW,NASDAQ,Stock,USD,2018-03-28,2022-10-07
IEH,NYSE,Stock,USD,2013-08-19,2015-10-08
IEP,NASDAQ,Stock,USD,1987-07-24,2026-06-17
IEPRR,NASDAQ,Stock,USD,2017-02-10,2017-03-02
IESC,NASDAQ,Stock,USD,1998-01-28,2026-06-17
IEX,NYSE,Stock,USD,1989-06-30,2026-06-17
IFBD,NASDAQ,Stock,USD,2021-04-20,2026-06-17
IFED,NYSE,Stock,USD,2021-09-15,2026-06-17
IFF,NYSE,Stock,USD,1981-12-31,2026-06-17
IFF 6,NYSE,Stock,USD,2018-09-13,2021-09-14
IFF-W,NYSE,Stock,USD,2021-01-25,2021-02-03
IFIN,NYSE,Stock,USD,2022-01-10,2024-08-21
IFIN-U,NYSE,Stock,USD,2021-11-19,2024-08-30
IFIN-WS,NYSE,Stock,USD,2022-01-10,2026-06-17
IFLO,NASDAQ,Stock,USD,2025-06-26,2026-06-17
IFN-R,NYSE,Stock,USD,2024-04-22,2024-05-13
IFN-R-W,NYSE,Stock,USD,2024-04-17,2024-04-19
IFON,NASDAQ,Stock,USD,2004-06-17,2018-07-10
IFRX,NASDAQ,Stock,USD,2017-11-07,2026-06-17
IFS,NYSE,Stock,USD,2018-01-18,2019-08-07
IFS,NYSE,Stock,USD,2019-08-08,2026-06-17
IFT,NYSE,Stock,USD,2011-02-08,2015-08-31
IGAC,NASDAQ,Stock,USD,2025-12-22,2026-06-17
IGAC,NASDAQ,Stock,USD,2020-12-01,2023-01-11
IGACR,NASDAQ,Stock,USD,2025-12-22,2026-06-17
IGACU,NASDAQ,Stock,USD,2020-10-01,2023-01-11
IGACU,NASDAQ,Stock,USD,2025-11-25,2026-06-17
IGACW,NASDAQ,Stock,USD,2020-11-23,2023-01-11
IGATY,NYSE,Stock,USD,2005-12-08,2013-10-17
IGC,AMEX,Stock,USD,2006-04-13,2026-06-17
IGIC,NASDAQ,Stock,USD,2020-03-18,2026-06-17
IGICW,NASDAQ,Stock,USD,2020-03-19,2023-10-04
IGLD,NASDAQ,Stock,USD,1999-08-06,2019-11-29
IGMS,NASDAQ,Stock,USD,2019-09-18,2025-08-14
IGNYU,NASDAQ,Stock,USD,2021-01-28,2022-11-01
IGOI,NASDAQ,Stock,USD,2000-06-30,2022-01-18
IGR-R,NYSE,Stock,USD,2023-03-14,2023-04-05
IGR-R-W,NYSE,Stock,USD,2023-03-09,2023-03-13
IGTE,NASDAQ,Stock,USD,1996-12-17,2015-07-01
IH,NYSE,Stock,USD,2020-10-09,2026-06-17
IHC,NYSE,Stock,USD,1990-03-26,2022-02-15
IHG,NYSE,Stock,USD,2003-04-10,2026-06-17
IHR,NYSE,Stock,USD,2006-12-28,2010-03-17
IHRT,NASDAQ,Stock,USD,2019-05-07,2026-06-17
IHS,NYSE,Stock,USD,2005-11-11,2016-07-20
IHS,NYSE,Stock,USD,2021-10-14,2026-06-17
IHT,AMEX,Stock,USD,1987-12-30,2026-06-17
IIAC,NYSE,Stock,USD,2021-01-11,2021-12-17
IIAC-U,NYSE,Stock,USD,2020-11-19,2021-12-17
IIAC-WS,NYSE,Stock,USD,2021-01-11,2021-12-17
III,NASDAQ,Stock,USD,2007-02-12,2026-06-17
IIII,NASDAQ,Stock,USD,2021-02-08,2022-12-21
IIIIU,NASDAQ,Stock,USD,2020-12-18,2022-12-21
IIIIW,NASDAQ,Stock,USD,2021-02-08,2022-12-21
IIIN,NYSE,Stock,USD,1992-03-17,2026-06-17
IIIV,NASDAQ,Stock,USD,2018-06-21,2026-06-17
IILGV,NASDAQ,Stock,USD,2016-04-11,2016-05-20
IIN,NASDAQ,Stock,USD,1980-03-17,2022-05-24
IIPR,NYSE,Stock,USD,2016-12-01,2026-06-17
IIPR-P-A,NYSE,Stock,USD,2017-10-24,2026-06-17
IIVI,NASDAQ,Stock,USD,2020-07-02,2023-06-30
IKAN,NASDAQ,Stock,USD,2005-09-22,2015-09-28
IKGH,NASDAQ,Stock,USD,2008-10-17,2017-04-26
IKN,NYSE,Stock,USD,2006-12-28,2008-11-21
IKT,NASDAQ,Stock,USD,2020-12-23,2026-06-17
IL,NYSE,Stock,USD,2016-01-04,2017-01-19
ILAG,NASDAQ,Stock,USD,2022-07-13,2026-06-17
ILG,NASDAQ,Stock,USD,2008-08-12,2018-08-31
ILLR,NASDAQ,Stock,USD,2026-04-16,2026-06-17
ILLRW,NASDAQ,Stock,USD,2019-07-30,2026-06-17
ILLU,NASDAQ,Stock,USD,2026-04-20,2026-06-17
ILLUU,NASDAQ,Stock,USD,2026-02-27,2026-06-17
ILLUW,NASDAQ,Stock,USD,2026-04-21,2026-06-17
ILMN,NASDAQ,Stock,USD,2000-07-28,2026-06-17
ILMNV,NASDAQ,Stock,USD,2024-06-18,2026-06-17
ILPT,NASDAQ,Stock,USD,2018-01-12,2026-06-17
ILUM,NASDAQ,Stock,USD,2017-09-29,2017-10-19
IM,NYSE,Stock,USD,2016-01-04,2016-12-13
IMA,NASDAQ,Stock,USD,2021-03-26,2026-06-17
IMACW,NASDAQ,Stock,USD,2019-02-13,2024-02-09
IMAQU,NASDAQ,Stock,USD,2021-07-29,2026-06-17
IMAX,NYSE,Stock,USD,1994-06-10,2026-06-17
IMBIL,NASDAQ,Stock,USD,2021-09-29,2023-07-17
IMCC,NASDAQ,Stock,USD,2020-05-20,2026-06-17
IMCL,NASDAQ,Stock,USD,2016-01-19,2018-10-05
IMCR,NASDAQ,Stock,USD,2021-02-05,2026-06-17
IMDX,NASDAQ,Stock,USD,2016-01-04,2026-06-17
IMDZ,NASDAQ,Stock,USD,2014-07-24,2019-04-02
IMGN,NASDAQ,Stock,USD,1990-03-26,2026-06-17
IMGO,NASDAQ,Stock,USD,2021-07-16,2023-01-11
IMH-P--B,NYSE,Stock,USD,2008-11-24,2022-11-15
IMH-P--C,NYSE,Stock,USD,2008-11-21,2022-11-15
IMI,NASDAQ,Stock,USD,2011-11-18,2019-09-20
IMKTA,NASDAQ,Stock,USD,1990-03-26,2026-06-17
IMMP,NASDAQ,Stock,USD,2012-04-17,2026-06-17
IMMR,NASDAQ,Stock,USD,1999-11-12,2026-06-17
IMMU,NASDAQ,Stock,USD,1990-03-26,2020-10-23
IMMX,NASDAQ,Stock,USD,2021-12-16,2026-06-17
IMNM,NASDAQ,Stock,USD,2020-10-02,2026-06-17
IMNN,NASDAQ,Stock,USD,1999-03-01,2026-06-17
IMO,AMEX,Stock,USD,1986-07-16,2026-06-17
IMOS,NASDAQ,Stock,USD,2001-06-19,2026-06-17
IMPCQ,NYSE,Stock,USD,2010-01-04,2012-05-22
IMPP,NASDAQ,Stock,USD,2021-12-07,2026-06-17
IMPPP,NASDAQ,Stock,USD,2021-12-06,2026-06-17
IMPPV,NASDAQ,Stock,USD,2023-06-14,2023-06-21
IMPR,NYSE,Stock,USD,2014-06-24,2016-09-26
IMPV,NASDAQ,Stock,USD,2011-11-09,2019-01-10
IMPX,NYSE,Stock,USD,2020-11-23,2022-09-26
IMPX-U,NYSE,Stock,USD,2020-10-01,2022-09-26
IMPX-WS,NYSE,Stock,USD,2020-11-23,2022-09-26
IMRA,NYSE,Stock,USD,2025-04-03,2026-06-17
IMRN,NASDAQ,Stock,USD,2017-06-09,2026-06-17
IMRNW,NASDAQ,Stock,USD,2017-06-09,2022-06-10
IMRX,NASDAQ,Stock,USD,2021-07-30,2026-06-17
IMS,NYSE,Stock,USD,2014-04-03,2016-10-11
IMSCQ,NYSE,Stock,USD,2016-01-04,2017-08-28
IMSR,NASDAQ,Stock,USD,2025-10-28,2026-06-17
IMSR,NASDAQ,Stock,USD,2024-10-10,2025-10-28
IMSRW,NASDAQ,Stock,USD,2024-10-10,2026-06-17
IMTE,NASDAQ,Stock,USD,2017-08-11,2026-06-17
IMTX,NASDAQ,Stock,USD,2020-07-02,2026-06-17
IMTXW,NASDAQ,Stock,USD,2020-07-02,2025-06-30
IMUX,NASDAQ,Stock,USD,2014-04-17,2026-06-17
IMVT,NASDAQ,Stock,USD,2019-12-19,2026-06-17
IMVTU,NASDAQ,Stock,USD,2019-05-10,2020-06-15
IMVTW,NASDAQ,Stock,USD,2019-12-19,2020-06-15
IMXI,NASDAQ,Stock,USD,2017-03-27,2026-06-17
INAB,NASDAQ,Stock,USD,2021-07-30,2026-06-17
INAC,NASDAQ,Stock,USD,2025-07-30,2026-06-17
INACR,NASDAQ,Stock,USD,2025-07-30,2026-06-17
INACU,NASDAQ,Stock,USD,2025-07-01,2026-06-17
INAPQ,NASDAQ,Stock,USD,1999-09-29,2020-04-30
INAQU,NASDAQ,Stock,USD,2021-09-02,2026-06-17
INAQU,NASDAQ,Stock,USD,2020-09-03,2021-02-09
INBK,NASDAQ,Stock,USD,2004-12-28,2026-06-17
INBKL,NASDAQ,Stock,USD,2016-10-12,2021-10-01
INBKZ,NASDAQ,Stock,USD,2019-06-17,2026-06-17
INBS,NASDAQ,Stock,USD,2020-12-23,2026-06-17
INBX,NASDAQ,Stock,USD,2020-08-19,2024-05-30
INBX,NASDAQ,Stock,USD,2024-05-29,2026-06-17
INBXV,NASDAQ,Stock,USD,2024-05-28,2024-05-29
INCR,NASDAQ,Stock,USD,2019-01-28,2021-08-31
INCR,NASDAQ,Stock,USD,2014-11-07,2026-06-17
INCY,NASDAQ,Stock,USD,1993-11-04,2026-06-17
IND,NASDAQ,Stock,USD,2003-10-08,2026-06-17
IND-CL,NYSE,Stock,USD,2016-08-11,2016-09-14
INDB,NASDAQ,Stock,USD,1990-03-27,2026-06-17
INDI,NASDAQ,Stock,USD,2021-06-10,2026-06-17
INDIW,NASDAQ,Stock,USD,2021-06-11,2023-11-08
INDO,AMEX,Stock,USD,2019-12-20,2026-06-17
INDP,NASDAQ,Stock,USD,2015-08-04,2026-06-17
INDT,NASDAQ,Stock,USD,1997-06-18,2023-06-29
INDUU,NASDAQ,Stock,USD,2017-07-27,2018-12-03
INDUW,NASDAQ,Stock,USD,2017-08-21,2017-09-18
INDV,NASDAQ,Stock,USD,2014-12-29,2026-06-17
INEO,NASDAQ,Stock,USD,2024-10-23,2025-12-03
INEO,NASDAQ,Stock,USD,2025-12-04,2026-06-17
INFA,NYSE,Stock,USD,2021-10-27,2026-06-17
INFA,NASDAQ,Stock,USD,1999-04-29,2026-05-28
INFN,NASDAQ,Stock,USD,2007-06-07,2025-02-28
INFO1,NASDAQ,Stock,USD,1996-08-23,2014-06-18
INFQ,NYSE,Stock,USD,2026-02-17,2026-06-17
INFQ-WS,NYSE,Stock,USD,2026-02-17,2026-06-17
INFU,AMEX,Stock,USD,2007-12-27,2026-06-17
INFY,NYSE,Stock,USD,1999-03-11,2026-06-17
ING,NYSE,Stock,USD,1996-11-18,2026-06-17
INGM,NYSE,Stock,USD,2024-10-24,2026-06-17
INGN,NASDAQ,Stock,USD,2014-02-14,2026-06-17
INGR,NYSE,Stock,USD,1997-12-11,2026-06-17
INHD,NASDAQ,Stock,USD,2023-12-14,2026-06-17
ININ,NASDAQ,Stock,USD,2016-01-04,2016-12-02
INIO,NASDAQ,Stock,USD,2026-06-04,2026-06-17
INKA,NASDAQ,Stock,USD,2021-03-01,2023-03-23
INKAU,NASDAQ,Stock,USD,2021-01-07,2023-03-23
INKT,NASDAQ,Stock,USD,2021-10-15,2026-06-17
INLF,NASDAQ,Stock,USD,2025-01-02,2026-06-17
INLX,AMEX,Stock,USD,2015-03-10,2026-06-17
INM,NASDAQ,Stock,USD,2014-05-05,2026-06-17
INMB,NASDAQ,Stock,USD,2019-02-04,2026-06-17
INMD,NASDAQ,Stock,USD,2001-01-02,2012-09-20
INMD,NASDAQ,Stock,USD,2019-08-08,2026-06-17
INN,NYSE,Stock,USD,2011-02-09,2026-06-17
INN-P-B,NYSE,Stock,USD,2011-02-09,2017-12-08
INN-P-C,NYSE,Stock,USD,2013-03-21,2018-03-19
INN-P-D,NYSE,Stock,USD,2016-06-21,2021-09-03
INN-P-E,NYSE,Stock,USD,2017-11-03,2026-06-17
INN-P-F,NYSE,Stock,USD,2021-08-06,2026-06-17
INNL,NASDAQ,Stock,USD,2014-07-25,2017-08-03
INNTW,NASDAQ,Stock,USD,2016-07-08,2021-08-16
INNV,NASDAQ,Stock,USD,2021-03-04,2026-06-17
INO,NASDAQ,Stock,USD,1998-12-08,2026-06-17
INOD,NASDAQ,Stock,USD,1993-08-11,2026-06-17
INOV,NASDAQ,Stock,USD,2015-02-12,2021-11-24
INPHQ,NASDAQ,Stock,USD,2016-01-04,2018-07-06
INPX,NASDAQ,Stock,USD,2011-07-14,2024-03-12
INPXV,NASDAQ,Stock,USD,2023-03-06,2023-03-14
INR,NYSE,Stock,USD,2025-01-31,2026-06-17
INSE,NASDAQ,Stock,USD,2016-12-29,2026-06-17
INSEW,NASDAQ,Stock,USD,2016-12-28,2021-12-23
INSG,NASDAQ,Stock,USD,2000-11-21,2026-06-17
INSM,NASDAQ,Stock,USD,2000-06-01,2026-06-17
INSP,NYSE,Stock,USD,2018-05-03,2026-06-17
INST,NYSE,Stock,USD,2021-07-22,2024-11-13
INST,NYSE,Stock,USD,2015-11-13,2020-03-23
INSUU,NASDAQ,Stock,USD,2019-03-20,2020-10-14
INSV,NYSE,Stock,USD,2012-11-27,2015-11-02
INSW,NYSE,Stock,USD,2016-12-01,2026-06-17
INSW-P-A,NYSE,Stock,USD,2018-06-20,2022-08-04
INSW-W,NYSE,Stock,USD,2016-11-16,2016-12-07
INTA,NASDAQ,Stock,USD,2021-06-30,2026-06-17
INTC,NASDAQ,Stock,USD,1980-03-17,2026-06-17
INTG,NASDAQ,Stock,USD,1995-08-18,2026-06-17
INTJ,NASDAQ,Stock,USD,2024-03-20,2026-06-17
INTLL,NASDAQ,Stock,USD,2016-01-04,2016-10-19
INTR,NASDAQ,Stock,USD,2022-06-23,2026-06-17
INTS,NASDAQ,Stock,USD,2023-06-30,2026-06-17
INTT,AMEX,Stock,USD,1997-06-17,2026-06-17
INTU,NASDAQ,Stock,USD,1993-03-22,2026-06-17
INTX,NASDAQ,Stock,USD,2004-04-30,2019-01-11
INTZ,NASDAQ,Stock,USD,2012-07-26,2026-06-17
INUV,AMEX,Stock,USD,1998-08-04,2026-06-17
INV,NASDAQ,Stock,USD,2024-10-03,2026-06-17
INVA,NASDAQ,Stock,USD,2004-10-05,2026-06-17
INVC,NASDAQ,Stock,USD,2017-10-16,2019-01-22
INVE,NASDAQ,Stock,USD,1997-10-07,2026-06-17
INVH,NYSE,Stock,USD,2017-02-01,2026-06-17
INVN,NYSE,Stock,USD,2011-11-16,2026-06-17
INVX,NYSE,Stock,USD,1997-10-23,2026-06-17
INVZ,NASDAQ,Stock,USD,2021-04-05,2026-06-17
INVZW,NASDAQ,Stock,USD,2021-04-06,2026-04-07
INWK,NASDAQ,Stock,USD,2006-08-16,2020-10-02
INXBV,NASDAQ,Stock,USD,2024-05-29,2024-05-29
INXN,NYSE,Stock,USD,2011-01-28,2020-03-13
INZ,NYSE,Stock,USD,2002-12-17,2017-02-21
INZY,NASDAQ,Stock,USD,2020-07-24,2025-07-01
IOAC,NASDAQ,Stock,USD,2022-01-04,2023-12-28
IOACU,NASDAQ,Stock,USD,2021-10-27,2023-12-28
IOC,NYSE,Stock,USD,2004-09-08,2017-03-02
IONQ,NYSE,Stock,USD,2021-01-04,2026-06-17
IONQ-WS,NYSE,Stock,USD,2021-10-01,2026-06-17
IONQ-WS,NYSE,Stock,USD,2021-01-04,2022-12-23
IONR,NASDAQ,Stock,USD,2022-06-30,2026-06-17
IONS,NASDAQ,Stock,USD,1991-05-17,2026-06-17
IOR,AMEX,Stock,USD,1992-03-17,2026-06-17
IOSP,NASDAQ,Stock,USD,1998-05-13,2026-06-17
IOT,NYSE,Stock,USD,2021-12-15,2026-06-17
IOT,NYSE,Stock,USD,2003-01-02,2017-08-25
IOTR,NASDAQ,Stock,USD,2025-04-10,2026-06-17
IOTS,NASDAQ,Stock,USD,2015-10-27,2020-06-29
IOVA,NASDAQ,Stock,USD,2010-10-15,2026-06-17
IP,NYSE,Stock,USD,1970-01-02,2026-06-17
IPAR,NASDAQ,Stock,USD,1991-08-20,2026-06-17
IPAS,NASDAQ,Stock,USD,2003-09-29,2019-02-13
IPAXU,NASDAQ,Stock,USD,2021-09-22,2023-02-13
IPB,NYSE,Stock,USD,2004-01-20,2026-06-17
IPCC,NASDAQ,Stock,USD,2003-02-12,2018-07-05
IPCM,NASDAQ,Stock,USD,2008-01-25,2015-11-20
IPCX,NASDAQ,Stock,USD,2025-06-16,2026-06-17
IPCXR,NASDAQ,Stock,USD,2025-06-16,2026-06-17
IPCXU,NASDAQ,Stock,USD,2025-04-25,2026-06-17
IPDN,NASDAQ,Stock,USD,2013-03-05,2026-06-17
IPEX,NASDAQ,Stock,USD,2025-03-07,2026-06-17
IPEXR,NASDAQ,Stock,USD,2025-03-07,2026-06-17
IPEXU,NASDAQ,Stock,USD,2025-02-13,2026-06-17
IPFX,NASDAQ,Stock,USD,2026-05-18,2026-06-17
IPFXU,NASDAQ,Stock,USD,2026-03-27,2026-06-17
IPFXW,NASDAQ,Stock,USD,2026-05-18,2026-06-17
IPG,NYSE,Stock,USD,1987-11-05,2025-11-26
IPGP,NASDAQ,Stock,USD,2006-12-13,2026-06-17
IPHA,NASDAQ,Stock,USD,2019-10-17,2026-06-17
IPHI,NYSE,Stock,USD,2010-11-12,2021-04-20
IPHS,NASDAQ,Stock,USD,2006-11-02,2020-02-07
IPI,NYSE,Stock,USD,2008-04-22,2026-06-17
IPII,NASDAQ,Stock,USD,2010-01-27,2012-10-23
IPL-P-D,NYSE,Stock,USD,2014-09-22,2018-12-28
IPLDP,NASDAQ,Stock,USD,2018-12-31,2021-12-14
IPM,NASDAQ,Stock,USD,2018-03-12,2026-06-17
IPOA,NYSE,Stock,USD,2017-09-29,2019-10-25
IPOA-U,NYSE,Stock,USD,2017-09-14,2019-10-25
IPOA-WS,NYSE,Stock,USD,2017-09-29,2019-10-25
IPOB-U,NYSE,Stock,USD,2020-04-28,2020-12-18
IPOBWS,NYSE,Stock,USD,2020-06-18,2021-07-09
IPOC-U,NYSE,Stock,USD,2020-04-22,2021-01-07
IPOCWS,NYSE,Stock,USD,2020-06-12,2021-01-08
IPOD,NYSE,Stock,USD,2020-11-30,2022-10-14
IPOD-U,NYSE,Stock,USD,2020-10-09,2022-10-14
IPOE-U,NYSE,Stock,USD,2020-10-09,2021-05-28
IPOE-WS,NYSE,Stock,USD,2020-11-30,2021-05-28
IPOF,NYSE,Stock,USD,2020-11-30,2022-10-14
IPOF-U,NYSE,Stock,USD,2020-10-09,2022-10-14
IPOF-WS,NYSE,Stock,USD,2020-11-30,2022-09-20
IPSC,NASDAQ,Stock,USD,2021-06-18,2026-06-17
IPST,NASDAQ,Stock,USD,2024-11-22,2026-06-17
IPT,NASDAQ,Stock,USD,2006-12-28,2013-05-09
IPV-U,NYSE,Stock,USD,2020-02-04,2021-03-12
IPVA-U,NYSE,Stock,USD,2021-03-05,2022-12-08
IPVA-WS,NYSE,Stock,USD,2021-04-26,2021-05-07
IPVI,NASDAQ,Stock,USD,2021-04-30,2023-04-24
IPVIU,NASDAQ,Stock,USD,2021-03-05,2023-04-24
IPVIW,NASDAQ,Stock,USD,2021-04-30,2023-04-24
IPVVU,NASDAQ,Stock,USD,2026-06-04,2026-06-17
IPW,NASDAQ,Stock,USD,2021-05-12,2026-06-17
IPWR,NASDAQ,Stock,USD,2013-11-22,2026-06-17
IPX,NASDAQ,Stock,USD,2022-06-21,2026-06-17
IPXL,NASDAQ,Stock,USD,1995-12-19,2018-05-04
IPXXU,NASDAQ,Stock,USD,2023-05-25,2025-03-13
IQ,NASDAQ,Stock,USD,2018-03-29,2026-06-17
IQMD,NASDAQ,Stock,USD,2021-12-27,2023-05-04
IQMDU,NASDAQ,Stock,USD,2021-11-05,2023-04-26
IQMDW,NASDAQ,Stock,USD,2021-12-27,2023-05-04
IQMM,NYSE,Stock,USD,2026-02-19,2026-06-17
IQNT,NASDAQ,Stock,USD,2007-11-02,2017-07-10
IQST,NASDAQ,Stock,USD,2025-05-14,2026-06-17
IQV,NYSE,Stock,USD,2013-05-09,2026-06-17
IR,NYSE,Stock,USD,2017-05-12,2026-06-17
IRAB,NYSE,Stock,USD,2026-02-24,2026-06-17
IRAB-U,NYSE,Stock,USD,2026-02-03,2026-06-17
IRAB-WS,NYSE,Stock,USD,2026-02-24,2026-06-17
IRC,NYSE,Stock,USD,2004-06-08,2016-04-08
IRCP,NASDAQ,Stock,USD,2003-11-05,2022-06-21
IRD,NASDAQ,Stock,USD,2005-05-23,2026-06-17
IRDM,NASDAQ,Stock,USD,2008-03-20,2026-06-17
IRDMB,NASDAQ,Stock,USD,2014-05-16,2019-05-14
IRE,NYSE,Stock,USD,1996-09-27,2015-02-13
IREN,NASDAQ,Stock,USD,2021-11-17,2026-06-17
IRET-P-B,NYSE,Stock,USD,1997-10-17,2017-10-27
IRF,NYSE,Stock,USD,1987-11-05,2015-01-13
IRHO,NASDAQ,Stock,USD,2026-02-06,2026-06-17
IRHOR,NASDAQ,Stock,USD,2026-02-06,2026-06-17
IRHOU,NASDAQ,Stock,USD,2025-12-17,2026-06-17
IRIS,NASDAQ,Stock,USD,1994-12-28,2017-08-09
IRIX,NASDAQ,Stock,USD,1996-02-16,2026-06-17
IRM,NYSE,Stock,USD,1996-02-01,2026-06-17
IRMD,NASDAQ,Stock,USD,2014-07-16,2026-06-17
IRNT-WS,NYSE,Stock,USD,2021-08-27,2023-08-04
IROHR,NASDAQ,Stock,USD,2024-02-16,2025-09-30
IROHU,NASDAQ,Stock,USD,2023-12-27,2025-09-30
IRON,NASDAQ,Stock,USD,2020-08-12,2026-06-17
IROQ,NASDAQ,Stock,USD,2011-07-08,2026-03-16
IRS,NYSE,Stock,USD,1994-12-20,2026-06-17
IRS-WS,NYSE,Stock,USD,2021-06-03,2026-06-17
IRT,NYSE,Stock,USD,2013-08-13,2026-06-17
IRTC,NASDAQ,Stock,USD,2016-10-20,2026-06-17
IRWD,NASDAQ,Stock,USD,2010-02-03,2026-06-17
IS,NYSE,Stock,USD,2021-01-15,2022-11-04
ISAA,NASDAQ,Stock,USD,2021-06-09,2022-12-28
ISBA,NASDAQ,Stock,USD,2007-07-13,2026-06-17
ISBC,NASDAQ,Stock,USD,2005-10-12,2022-09-16
ISCA,NASDAQ,Stock,USD,1997-03-10,2019-10-18
ISEE,NASDAQ,Stock,USD,2013-09-25,2023-07-11
ISF,NYSE,Stock,USD,2007-06-13,2019-06-14
ISF-CL,NYSE,Stock,USD,2019-04-26,2019-06-14
ISG,NYSE,Stock,USD,2005-09-23,2023-05-12
ISG-CL,NYSE,Stock,USD,2020-03-17,2020-04-14
ISH,NYSE,Stock,USD,1991-10-24,2015-12-18
ISIL,NASDAQ,Stock,USD,2001-01-02,2017-02-27
ISIS,NASDAQ,Stock,USD,1991-05-17,2015-12-21
ISLE,NASDAQ,Stock,USD,2021-03-29,2022-08-26
ISLE,NASDAQ,Stock,USD,1992-10-06,2017-05-09
ISLEU,NASDAQ,Stock,USD,2021-02-25,2021-03-29
ISLEW,NASDAQ,Stock,USD,2021-03-30,2022-08-26
ISM,NASDAQ,Stock,USD,2006-02-16,2018-01-16
ISNRU,NASDAQ,Stock,USD,2026-06-09,2026-06-17
ISNS,NASDAQ,Stock,USD,1995-05-05,2021-07-20
ISO,NASDAQ,Stock,USD,2021-10-08,2023-03-21
ISOS-U,NYSE,Stock,USD,2021-03-03,2021-12-15
ISOS-WS,NYSE,Stock,USD,2021-04-23,2021-04-30
ISOU,AMEX,Stock,USD,2025-05-05,2026-06-17
ISP,NYSE,Stock,USD,2003-11-07,2017-10-13
ISPC,NASDAQ,Stock,USD,2021-06-17,2026-06-17
ISPO,NASDAQ,Stock,USD,2021-02-09,2026-06-17
ISPOW,NASDAQ,Stock,USD,2021-02-09,2026-06-17
ISPR,NASDAQ,Stock,USD,2023-04-04,2026-06-17
ISRG,NASDAQ,Stock,USD,2000-06-16,2026-06-17
ISRL,NASDAQ,Stock,USD,1995-08-18,2019-10-25
ISS,NYSE,Stock,USD,2010-12-14,2014-09-02
ISSC,NASDAQ,Stock,USD,2000-08-04,2026-06-17
ISSI,NASDAQ,Stock,USD,1995-02-03,2015-12-04
ISTR,NASDAQ,Stock,USD,2014-07-01,2026-06-17
IT,NYSE,Stock,USD,1993-10-05,2026-06-17
ITAC,NASDAQ,Stock,USD,2020-10-30,2021-10-07
ITACU,NASDAQ,Stock,USD,2020-09-09,2021-10-07
ITACW,NASDAQ,Stock,USD,2020-10-30,2021-10-08
ITAQ,NASDAQ,Stock,USD,2022-03-04,2023-11-02
ITAQU,NASDAQ,Stock,USD,2022-01-12,2023-11-02
ITAQW,NASDAQ,Stock,USD,2022-03-04,2023-11-02
ITC,NYSE,Stock,USD,2005-07-26,2016-10-24
ITCB-R,NYSE,Stock,USD,2021-10-08,2021-10-21
ITCI,NASDAQ,Stock,USD,2014-01-07,2025-04-02
ITEK,NASDAQ,Stock,USD,2015-02-18,2018-01-04
ITG,NYSE,Stock,USD,1994-05-04,2019-02-28
ITGR,NYSE,Stock,USD,2000-09-29,2026-06-17
ITHA,NASDAQ,Stock,USD,2026-01-20,2026-06-17
ITHAU,NASDAQ,Stock,USD,2025-12-12,2026-06-17
ITHAW,NASDAQ,Stock,USD,2026-01-20,2026-06-17
ITHX,NASDAQ,Stock,USD,2021-03-24,2022-07-19
ITHXU,NASDAQ,Stock,USD,2021-01-28,2022-07-18
ITHXW,NASDAQ,Stock,USD,2021-03-22,2022-07-18
ITI,NASDAQ,Stock,USD,1994-01-04,2024-11-01
ITIC,NASDAQ,Stock,USD,1990-03-27,2026-06-17
ITMN,NASDAQ,Stock,USD,2000-03-24,2014-09-29
ITMR,NASDAQ,Stock,USD,2019-03-07,2021-12-16
ITOC,NASDAQ,Stock,USD,2024-09-05,2026-06-17
ITOS,NASDAQ,Stock,USD,2020-07-24,2025-08-29
ITP,AMEX,Stock,USD,2007-10-01,2026-06-17
ITQ,NASDAQ,Stock,USD,2021-04-01,2023-02-14
ITQRU,NASDAQ,Stock,USD,2021-02-04,2023-02-14
ITQRW,NASDAQ,Stock,USD,2021-03-31,2023-02-14
ITRG,AMEX,Stock,USD,2020-07-09,2026-06-17
ITRI,NASDAQ,Stock,USD,1993-11-05,2026-06-17
ITRN,NASDAQ,Stock,USD,2005-09-28,2026-06-17
ITT,NYSE,Stock,USD,1995-12-18,2026-06-17
ITUB,NYSE,Stock,USD,2002-02-25,2026-06-17
ITUS,NASDAQ,Stock,USD,2015-07-10,2018-09-28
ITW,NYSE,Stock,USD,1987-11-05,2026-06-17
IVA,NASDAQ,Stock,USD,2020-07-10,2026-06-17
IVAC,NASDAQ,Stock,USD,1995-11-21,2025-03-31
IVAN-U,NYSE,Stock,USD,2021-01-07,2022-02-03
IVANF,NASDAQ,Stock,USD,2017-09-18,2019-04-09
IVCAU,NASDAQ,Stock,USD,2022-05-10,2026-06-17
IVCB,NASDAQ,Stock,USD,2022-02-04,2026-06-17
IVCBU,NASDAQ,Stock,USD,2021-12-15,2026-06-17
IVCBW,NASDAQ,Stock,USD,2022-02-04,2024-12-23
IVCPU,NASDAQ,Stock,USD,2021-12-15,2024-12-13
IVDA,NASDAQ,Stock,USD,2015-10-15,2026-06-17
IVDAW,NASDAQ,Stock,USD,2022-04-01,2026-06-17
IVEP,NYSE,Stock,USD,2026-04-08,2026-06-17
IVF,NASDAQ,Stock,USD,2012-05-21,2026-06-17
IVP,NASDAQ,Stock,USD,2023-08-30,2026-06-17
IVR,NYSE,Stock,USD,2009-07-01,2026-06-17
IVR-P-A,NYSE,Stock,USD,2014-09-22,2021-06-15
IVR-P-B,NYSE,Stock,USD,2014-09-22,2024-12-26
IVR-P-C,NYSE,Stock,USD,2017-08-10,2026-06-17
IVT,NYSE,Stock,USD,2014-02-24,2026-06-17
IVTY,NASDAQ,Stock,USD,2015-06-15,2018-10-23
IVVD,NASDAQ,Stock,USD,2021-08-06,2026-06-17
IVZ,NYSE,Stock,USD,1995-08-25,2026-06-17
IWA,NYSE,Stock,USD,2000-02-11,2011-06-06
IWFL,NYSE,Stock,USD,2021-02-05,2026-06-17
IWML,NYSE,Stock,USD,2021-02-05,2026-06-17
IX,NYSE,Stock,USD,1998-09-16,2026-06-17
IXHL,NASDAQ,Stock,USD,2023-11-30,2026-06-17
IXHL,NASDAQ,Stock,USD,2022-03-02,2023-11-29
IXYS,NASDAQ,Stock,USD,1998-09-24,2018-01-17
IZEA,NASDAQ,Stock,USD,2011-08-29,2026-06-17
IZM,NASDAQ,Stock,USD,2023-03-15,2026-06-17
J,NYSE,Stock,USD,1990-01-12,2026-06-17
J-W,NYSE,Stock,USD,2024-09-26,2024-09-27
JA,NYSE,Stock,USD,2026-02-19,2026-06-17
JABRU,NASDAQ,Stock,USD,2026-06-10,2026-06-17
JACK,NASDAQ,Stock,USD,1992-03-05,2026-06-17
JACS,NYSE,Stock,USD,2025-01-30,2026-06-17
JACS-R,NYSE,Stock,USD,2025-01-30,2026-06-17
JACS-U,NYSE,Stock,USD,2024-12-10,2026-06-17
JAG,NYSE,Stock,USD,2017-01-27,2020-01-14
JAGU,AMEX,Stock,USD,2026-02-09,2026-06-17
JAGX,NASDAQ,Stock,USD,2015-05-13,2026-06-17
JAH,NYSE,Stock,USD,2016-01-04,2016-04-25
JAKK,NASDAQ,Stock,USD,1996-05-02,2026-06-17
JAMF,NASDAQ,Stock,USD,2020-07-22,2026-01-30
JAN,NYSE,Stock,USD,2026-03-30,2026-06-17
JANX,NASDAQ,Stock,USD,2021-06-11,2026-06-17
JAQC,NASDAQ,Stock,USD,2021-10-01,2023-12-26
JAQCU,NASDAQ,Stock,USD,2021-08-13,2023-12-26
JAQCW,NASDAQ,Stock,USD,2021-10-04,2023-12-26
JAS,NYSE,Stock,USD,2006-12-28,2011-11-30
JASNW,NASDAQ,Stock,USD,2014-09-24,2019-06-28
JASO,NASDAQ,Stock,USD,2007-02-07,2018-07-17
JATT,NASDAQ,Stock,USD,2026-04-17,2026-06-17
JATT-U,NYSE,Stock,USD,2021-07-14,2023-03-20
JAX,NYSE,Stock,USD,2015-09-29,2021-09-30
JAXB,NASDAQ,Stock,USD,2016-01-04,2016-03-21
JAZZ,NASDAQ,Stock,USD,2007-06-01,2026-06-17
JBDI,NASDAQ,Stock,USD,2024-08-27,2026-06-17
JBGS,NYSE,Stock,USD,2017-07-18,2026-06-17
JBHT,NASDAQ,Stock,USD,1990-03-26,2026-06-17
JBI,NYSE,Stock,USD,2019-12-20,2026-06-17
JBI-WS,NYSE,Stock,USD,2019-12-20,2021-11-11
JBI-WS,NYSE,Stock,USD,2021-06-08,2021-07-07
JBIO,NASDAQ,Stock,USD,2021-06-30,2026-06-17
JBK,NYSE,Stock,USD,2004-04-05,2026-06-17
JBL,NYSE,Stock,USD,1993-05-03,2026-06-17
JBLU,NASDAQ,Stock,USD,2002-04-12,2026-06-17
JBN,NYSE,Stock,USD,2007-02-16,2020-06-01
JBR,NYSE,Stock,USD,2007-04-23,2020-06-01
JBS,NYSE,Stock,USD,2025-06-13,2026-06-17
JBSS,NASDAQ,Stock,USD,1991-12-04,2026-06-17
JBTM,NYSE,Stock,USD,2008-07-22,2026-06-17
JCAP,NASDAQ,Stock,USD,2025-06-26,2026-06-17
JCAP,NYSE,Stock,USD,2015-03-27,2020-11-09
JCAP-P-B,NYSE,Stock,USD,2018-01-22,2020-11-09
JCI,NYSE,Stock,USD,1985-03-27,2026-06-17
JCI-W,NYSE,Stock,USD,2016-10-17,2016-10-28
JCICU,NASDAQ,Stock,USD,2021-01-22,2023-01-24
JCLY,NYSE,Stock,USD,1972-06-01,2017-07-10
JCO,NYSE,Stock,USD,2017-03-29,2022-05-25
JCSE,NASDAQ,Stock,USD,2022-04-22,2026-06-17
JCTC,NASDAQ,Stock,USD,1996-04-12,2026-06-17
JD,NASDAQ,Stock,USD,2014-05-22,2026-06-17
JDAS,NASDAQ,Stock,USD,2006-12-28,2012-12-21
JDOGQ,NASDAQ,Stock,USD,2017-09-26,2018-12-04
JDSU,NASDAQ,Stock,USD,1993-11-17,2015-08-03
JDZG,NASDAQ,Stock,USD,2024-05-15,2026-06-17
JEF,NYSE,Stock,USD,1987-11-05,2026-06-17
JEF-1,NYSE,Stock,USD,2006-12-28,2013-10-17
JELD,NYSE,Stock,USD,2017-01-27,2026-06-17
JEM,NASDAQ,Stock,USD,2025-06-09,2026-06-17
JENA,NYSE,Stock,USD,2025-07-21,2026-06-17
JENA-R,NYSE,Stock,USD,2025-07-21,2026-06-17
JENA-U,NYSE,Stock,USD,2025-05-29,2026-06-17
JETD,NYSE,Stock,USD,2023-06-21,2026-06-17
JETU,NYSE,Stock,USD,2023-06-21,2026-06-17
JF,NASDAQ,Stock,USD,2018-10-25,2026-06-17
JFB,NASDAQ,Stock,USD,2025-03-06,2026-06-17
JFIN,NASDAQ,Stock,USD,2019-05-10,2026-06-17
JFKKR,NASDAQ,Stock,USD,2019-05-16,2020-09-30
JFKKU,NASDAQ,Stock,USD,2019-03-28,2020-09-30
JFR-R,NYSE,Stock,USD,2025-01-23,2025-02-18
JFR-R-W,NYSE,Stock,USD,2025-01-17,2026-06-17
JFU,NASDAQ,Stock,USD,2019-08-15,2026-06-17
JG,NASDAQ,Stock,USD,2018-07-26,2026-06-17
JGBO,NASDAQ,Stock,USD,2011-08-04,2013-07-01
JGGC,NASDAQ,Stock,USD,2022-04-04,2023-11-15
JGGCR,NASDAQ,Stock,USD,2022-04-04,2023-11-15
JGGCU,NASDAQ,Stock,USD,2022-02-11,2023-11-15
JGGCW,NASDAQ,Stock,USD,2022-04-04,2023-11-15
JGH-R,NYSE,Stock,USD,2025-10-23,2025-11-19
JGH-R-W,NYSE,Stock,USD,2025-10-20,2025-10-22
JGW,NYSE,Stock,USD,2013-11-08,2016-06-17
JHA,NYSE,Stock,USD,2015-11-13,2018-11-26
JHAA,NYSE,Stock,USD,2018-12-19,2023-11-27
JHG,NYSE,Stock,USD,2000-06-26,2026-06-17
JHX,NYSE,Stock,USD,2000-01-03,2026-06-17
JIDE,NYSE,Stock,USD,2026-01-28,2026-06-17
JIH-U,NYSE,Stock,USD,2019-11-08,2021-06-07
JILL,NYSE,Stock,USD,2017-03-09,2026-06-17
JJSF,NASDAQ,Stock,USD,1990-03-26,2026-06-17
JKHY,NASDAQ,Stock,USD,1990-03-26,2026-06-17
JKS,NYSE,Stock,USD,2010-05-14,2026-06-17
JL,NASDAQ,Stock,USD,2024-01-24,2026-06-17
JLHL,NASDAQ,Stock,USD,2025-06-26,2026-06-17
JLIC,NYSE,Stock,USD,2010-07-13,2013-10-28
JLL,NYSE,Stock,USD,1997-07-17,2026-06-17
JMACU,NASDAQ,Stock,USD,2021-10-08,2023-03-29
JMBA,NASDAQ,Stock,USD,2005-07-28,2018-09-13
JMEI,NYSE,Stock,USD,2014-05-16,2020-04-14
JMG,NYSE,Stock,USD,2015-03-20,2016-04-18
JMIA,NYSE,Stock,USD,2019-04-12,2026-06-17
JMMF,NYSE,Stock,USD,2025-12-11,2026-06-17
JMP,NYSE,Stock,USD,2007-05-11,2021-11-15
JMPB,NYSE,Stock,USD,2013-02-07,2019-10-25
JMPB-CL,NYSE,Stock,USD,2019-09-30,2019-10-25
JMPC,NYSE,Stock,USD,2014-02-13,2017-12-27
JMPNL,NASDAQ,Stock,USD,2017-11-30,2021-09-10
JMPNZ,NASDAQ,Stock,USD,2019-09-27,2021-12-14
JMSB,NASDAQ,Stock,USD,2013-11-21,2026-06-17
JMTG,NYSE,Stock,USD,2025-06-30,2026-06-17
JNCE,NASDAQ,Stock,USD,2017-01-27,2023-05-04
JNJ,NYSE,Stock,USD,1970-01-02,2026-06-17
JNJ-WD,NYSE,Stock,USD,2023-08-21,2023-08-23
JNP,NASDAQ,Stock,USD,1991-08-07,2018-08-13
JNPR,NYSE,Stock,USD,1999-06-25,2025-07-02
JNS,NYSE,Stock,USD,2000-06-26,2017-05-30
JNY,NYSE,Stock,USD,1991-05-16,2014-04-09
JOANQ,NASDAQ,Stock,USD,2021-03-12,2024-04-30
JOB,AMEX,Stock,USD,1992-03-17,2026-06-17
JOBS,NASDAQ,Stock,USD,2004-09-29,2022-09-08
JOBY,NYSE,Stock,USD,2020-11-09,2026-06-17
JOBY-WS,NYSE,Stock,USD,2021-08-11,2026-06-17
JOBY-WS,NYSE,Stock,USD,2020-11-09,2022-12-23
JOE,NYSE,Stock,USD,1992-03-10,2026-06-17
JOFF,NASDAQ,Stock,USD,2021-03-30,2022-12-14
JOFFU,NASDAQ,Stock,USD,2021-02-05,2022-12-14
JOFFW,NASDAQ,Stock,USD,2021-03-29,2022-12-14
JOR,NYSE,Stock,USD,2005-04-15,2010-05-17
JOSB,NASDAQ,Stock,USD,2001-01-02,2014-06-26
JOUT,NASDAQ,Stock,USD,1990-03-26,2026-06-17
JOY,NYSE,Stock,USD,2001-05-25,2017-04-13
JOYY,NASDAQ,Stock,USD,2012-11-21,2026-06-17
JPEP,NYSE,Stock,USD,2014-10-01,2017-07-10
JPM,NYSE,Stock,USD,1983-12-30,2026-06-17
JPM-P-A,NYSE,Stock,USD,2013-01-31,2019-11-29
JPM-P-A-CL,NYSE,Stock,USD,2019-11-04,2019-11-29
JPM-P-B-CL,NYSE,Stock,USD,1998-01-02,2019-02-28
JPM-P-C,NYSE,Stock,USD,2019-01-17,2026-06-17
JPM-P-D,NYSE,Stock,USD,2014-09-22,2026-06-17
JPM-P-E,NYSE,Stock,USD,2014-09-22,2019-08-30
JPM-P-E-CL,NYSE,Stock,USD,2010-07-19,2019-08-30
JPM-P-F,NYSE,Stock,USD,2015-02-06,2020-02-28
JPM-P-F-CL,NYSE,Stock,USD,2010-07-19,2020-02-28
JPM-P-G,NYSE,Stock,USD,2015-06-15,2021-05-28
JPM-P-J,NYSE,Stock,USD,2019-10-31,2026-06-17
JPM-P-K,NYSE,Stock,USD,2021-03-11,2026-06-17
JPM-P-L,NYSE,Stock,USD,2021-05-13,2026-06-17
JPM-P-M,NYSE,Stock,USD,2021-08-04,2026-06-17
JPM-P-M,NYSE,Stock,USD,2021-07-23,2021-08-03
JPM-WS,NYSE,Stock,USD,2001-04-03,2018-10-23
JPMPRD,NYSE,Stock,USD,2018-10-29,2018-10-29
JQC-R,NYSE,Stock,USD,2025-04-02,2025-04-04
JQC-R-W,NYSE,Stock,USD,2025-03-28,2025-04-01
JRCCQ,NASDAQ,Stock,USD,2016-01-04,2016-03-23
JRI-R,NYSE,Stock,USD,2026-02-10,2026-06-17
JRI-R-W,NYSE,Stock,USD,2026-02-05,2026-02-09
JRJR,NYSE,Stock,USD,2016-01-04,2018-07-03
JRN,NYSE,Stock,USD,2003-09-24,2015-04-08
JRSH,NASDAQ,Stock,USD,2018-05-04,2026-06-17
JRVR,NASDAQ,Stock,USD,2014-12-12,2026-06-17
JSM,NASDAQ,Stock,USD,2003-12-30,2026-06-17
JSPR,NASDAQ,Stock,USD,2021-09-24,2026-06-17
JSPRW,NASDAQ,Stock,USD,2020-01-10,2026-06-17
JST,NASDAQ,Stock,USD,2016-01-04,2016-04-19
JSYNR,NASDAQ,Stock,USD,2016-04-26,2019-06-19
JSYNU,NASDAQ,Stock,USD,2016-03-03,2019-06-19
JTAI,NASDAQ,Stock,USD,2023-08-10,2026-06-17
JTAIW,NASDAQ,Stock,USD,2021-10-01,2026-06-17
JTAIZ,NASDAQ,Stock,USD,2023-08-21,2026-06-17
JTPY,NASDAQ,Stock,USD,2012-05-11,2018-12-06
JUGG,NASDAQ,Stock,USD,2021-08-11,2023-06-22
JUGGU,NASDAQ,Stock,USD,2021-06-18,2023-06-22
JUGGW,NASDAQ,Stock,USD,2021-08-11,2023-06-22
JUN,NYSE,Stock,USD,2021-12-23,2023-10-09
JUN-U,NYSE,Stock,USD,2021-11-04,2023-10-09
JUN-WS,NYSE,Stock,USD,2021-12-23,2023-10-09
JUNO,NASDAQ,Stock,USD,2014-12-19,2018-03-06
JUNS,NASDAQ,Stock,USD,2024-12-03,2026-06-17
JUPGF,NASDAQ,Stock,USD,2018-11-05,2026-06-17
JVA,NASDAQ,Stock,USD,2005-05-03,2026-06-17
JVSA,NASDAQ,Stock,USD,2024-03-11,2025-06-30
JVSAR,NASDAQ,Stock,USD,2024-03-11,2025-07-08
JVSAU,NASDAQ,Stock,USD,2024-01-19,2025-07-08
JW,NASDAQ,Stock,USD,2024-09-26,2024-09-27
JWA,NYSE,Stock,USD,2001-08-16,2018-09-07
JWAC,NASDAQ,Stock,USD,2022-01-07,2023-06-01
JWACR,NASDAQ,Stock,USD,2022-01-07,2023-06-01
JWACU,NASDAQ,Stock,USD,2021-12-07,2022-01-06
JWEL,NASDAQ,Stock,USD,2021-03-17,2026-06-17
JWN,NYSE,Stock,USD,1986-07-09,2025-05-20
JWS-U,NYSE,Stock,USD,2020-05-14,2021-06-03
JXG,NASDAQ,Stock,USD,2013-03-07,2026-06-17
JXN,NYSE,Stock,USD,2021-09-01,2026-06-17
JXN-P-A,NYSE,Stock,USD,2023-03-22,2026-06-17
JXN-W,NYSE,Stock,USD,2021-09-01,2021-09-17
JXSB,NASDAQ,Stock,USD,1995-04-24,2018-06-14
JYAC,NASDAQ,Stock,USD,2020-11-19,2022-11-23
JYD,NASDAQ,Stock,USD,2023-04-21,2026-06-17
JYNT,NASDAQ,Stock,USD,2014-11-11,2026-06-17
JZ,NASDAQ,Stock,USD,2022-08-26,2026-06-17
JZXN,NASDAQ,Stock,USD,2021-05-18,2026-06-17
K,NYSE,Stock,USD,1984-12-17,2025-12-11
K-W,NYSE,Stock,USD,2023-09-27,2023-09-28
KAACU,NASDAQ,Stock,USD,2017-03-30,2018-11-09
KACL,NASDAQ,Stock,USD,2022-01-21,2026-06-17
KACLR,NASDAQ,Stock,USD,2022-01-25,2026-06-17
KACLU,NASDAQ,Stock,USD,2021-12-14,2026-06-17
KACLW,NASDAQ,Stock,USD,2022-01-24,2026-06-17
KADR,NYSE,Stock,USD,2002-09-30,2014-12-18
KAHC,NYSE,Stock,USD,2021-05-07,2023-01-13
KAHC-WS,NYSE,Stock,USD,2021-05-07,2022-12-08
KAHCU,NYSE,Stock,USD,2021-03-17,2022-12-23
KAI,NYSE,Stock,USD,1992-11-03,2026-06-17
KAIR,NASDAQ,Stock,USD,2021-02-26,2022-12-30
KAIRU,NASDAQ,Stock,USD,2021-01-06,2022-12-30
KAIRW,NASDAQ,Stock,USD,2021-02-26,2022-12-30
KALA,NASDAQ,Stock,USD,2017-07-20,2026-06-17
KALU,NASDAQ,Stock,USD,2006-07-07,2026-06-17
KALV,NASDAQ,Stock,USD,2015-04-09,2026-06-12
KAMN,NYSE,Stock,USD,1990-03-26,2024-04-19
KANG,NASDAQ,Stock,USD,2014-04-09,2019-01-18
KAP,NYSE,Stock,USD,2012-10-17,2018-11-21
KAP-CL,NYSE,Stock,USD,2018-10-26,2018-11-20
KAPA,AMEX,Stock,USD,2024-09-16,2026-06-17
KAR-W,NYSE,Stock,USD,2019-06-17,2019-06-27
KARO,NASDAQ,Stock,USD,2021-04-01,2026-06-17
KATE,NYSE,Stock,USD,1981-06-09,2017-07-12
KAZR,NASDAQ,Stock,USD,2025-01-23,2026-06-17
KB,NYSE,Stock,USD,2001-11-12,2026-06-17
KBAL,NASDAQ,Stock,USD,1990-03-26,2023-06-01
KBALB,NASDAQ,Stock,USD,1990-03-26,2014-10-31
KBDC,NYSE,Stock,USD,2024-05-22,2026-06-17
KBFR,NYSE,Stock,USD,2026-02-24,2026-06-17
KBH,NYSE,Stock,USD,1987-11-05,2026-06-17
KBLMR,NASDAQ,Stock,USD,2017-06-27,2020-11-06
KBLMU,NASDAQ,Stock,USD,2017-06-02,2020-11-06
KBON,NASDAQ,Stock,USD,2026-01-27,2026-06-17
KBONU,NASDAQ,Stock,USD,2025-12-11,2026-06-17
KBONW,NASDAQ,Stock,USD,2026-01-27,2026-06-17
KBR,NYSE,Stock,USD,2006-11-16,2026-06-17
KBSX,NASDAQ,Stock,USD,2025-01-16,2026-06-17
KBW,NYSE,Stock,USD,2010-12-15,2013-10-17
KC,NASDAQ,Stock,USD,2020-05-08,2026-06-17
KCA-U,NYSE,Stock,USD,2022-04-26,2026-06-17
KCAC,NYSE,Stock,USD,2021-04-19,2021-10-04
KCAC-U,NYSE,Stock,USD,2026-03-04,2026-06-17
KCAC-U,NYSE,Stock,USD,2020-06-26,2020-11-25
KCAC-U,NYSE,Stock,USD,2021-02-26,2022-09-14
KCAC-WS,NYSE,Stock,USD,2020-08-17,2026-06-17
KCAC-WS-A,NYSE,Stock,USD,2022-04-25,2022-05-04
KCAPL,NASDAQ,Stock,USD,2017-08-28,2021-05-28
KCC,NYSE,Stock,USD,2016-01-04,2017-02-09
KCG,NYSE,Stock,USD,2013-06-28,2017-08-17
KCGI,NYSE,Stock,USD,2021-10-04,2024-08-16
KCGI-U,NYSE,Stock,USD,2021-08-19,2024-08-16
KCGI-U,NYSE,Stock,USD,2021-08-13,2021-08-18
KCGI-WS,NYSE,Stock,USD,2021-10-04,2024-08-16
KCHV,NASDAQ,Stock,USD,2025-07-21,2026-06-17
KCHVR,NASDAQ,Stock,USD,2025-07-21,2026-06-17
KCHVU,NASDAQ,Stock,USD,2025-05-28,2026-06-17
KCI,NYSE,Stock,USD,2004-02-25,2012-11-12
KCP,NYSE,Stock,USD,2003-08-26,2013-10-03
KD,NYSE,Stock,USD,2021-10-22,2026-06-17
KD-W,NYSE,Stock,USD,2021-10-22,2021-11-03
KDK,NASDAQ,Stock,USD,2025-09-25,2026-06-17
KDKRW,NASDAQ,Stock,USD,2023-06-12,2026-06-17
KDLYW,NASDAQ,Stock,USD,2026-05-28,2026-06-17
KDMN,NASDAQ,Stock,USD,2016-07-27,2021-11-09
KDN,NYSE,Stock,USD,2001-01-02,2013-10-16
KDNY,NASDAQ,Stock,USD,2015-04-15,2023-08-11
KDP,NASDAQ,Stock,USD,2008-04-28,2026-06-17
KE,NASDAQ,Stock,USD,2014-11-03,2026-06-17
KEEL,NASDAQ,Stock,USD,2018-08-28,2026-06-17
KEGX,NYSE,Stock,USD,1992-03-17,2019-11-27
KEI,NYSE,Stock,USD,2001-01-02,2011-11-30
KELYA,NASDAQ,Stock,USD,1990-03-26,2026-06-17
KELYB,NASDAQ,Stock,USD,1995-08-18,2026-06-17
KEM,NYSE,Stock,USD,1992-10-26,2020-06-12
KEN,NYSE,Stock,USD,2015-01-14,2026-06-17
KEP,NYSE,Stock,USD,1994-10-27,2026-06-17
KEQU,NASDAQ,Stock,USD,1992-02-25,2026-06-17
KERNW,NASDAQ,Stock,USD,2024-03-26,2024-06-14
KERX,NASDAQ,Stock,USD,2000-07-28,2018-12-12
KEX,NYSE,Stock,USD,1991-08-21,2026-06-17
KEY,NYSE,Stock,USD,1987-11-05,2026-06-17
KEY-P-I,NYSE,Stock,USD,2016-12-15,2026-06-17
KEY-P-J,NYSE,Stock,USD,2018-07-24,2026-06-17
KEY-P-K,NYSE,Stock,USD,2019-04-23,2026-06-17
KEY-P-L,NYSE,Stock,USD,2022-08-18,2026-06-17
KEYN,NASDAQ,Stock,USD,2010-08-30,2013-10-17
KEYS,NYSE,Stock,USD,2014-10-20,2026-06-17
KEYW,NASDAQ,Stock,USD,2010-10-01,2019-06-12
KEYYU,NASDAQ,Stock,USD,2026-06-03,2026-06-17
KFFB,NASDAQ,Stock,USD,2005-03-03,2026-06-17
KFFG,NASDAQ,Stock,USD,2012-11-12,2012-11-20
KFH,NYSE,Stock,USD,2011-11-17,2016-11-02
KFH-CL,NYSE,Stock,USD,2016-10-26,2016-10-28
KFI,NYSE,Stock,USD,2012-03-26,2017-04-17
KFI-CL,NYSE,Stock,USD,2017-04-07,2017-04-21
KFII,NASDAQ,Stock,USD,2025-03-13,2026-06-17
KFIIR,NASDAQ,Stock,USD,2025-03-13,2026-06-17
KFIIU,NASDAQ,Stock,USD,2025-02-05,2026-06-17
KFN,NYSE,Stock,USD,2010-02-16,2014-05-01
KFN-P,NYSE,Stock,USD,2014-09-22,2017-12-13
KFRC,NYSE,Stock,USD,1995-08-15,2026-06-17
KFX,NASDAQ,Stock,USD,2013-12-05,2015-05-29
KFY,NYSE,Stock,USD,1999-02-11,2026-06-17
KG,NASDAQ,Stock,USD,2011-02-28,2026-06-17
KGC,NYSE,Stock,USD,1994-10-19,2026-06-17
KGEI,NASDAQ,Stock,USD,2008-10-27,2026-06-17
KGS,NYSE,Stock,USD,2023-06-29,2026-06-17
KH,NYSE,Stock,USD,2010-08-11,2013-10-17
KHA,AMEX,Stock,USD,2007-08-01,2009-08-12
KHC,NASDAQ,Stock,USD,2015-07-06,2026-06-17
KIDS,NASDAQ,Stock,USD,2017-10-12,2026-06-17
KIDZ,NASDAQ,Stock,USD,2025-04-07,2026-06-17
KIDZW,NASDAQ,Stock,USD,2025-04-07,2026-06-17
KIIIW,NASDAQ,Stock,USD,2021-04-26,2023-02-23
KIM,NYSE,Stock,USD,1991-11-22,2026-06-17
KIM-P-I,NYSE,Stock,USD,2014-09-22,2019-09-13
KIM-P-I-CL,NYSE,Stock,USD,2019-08-16,2019-09-13
KIM-P-J,NYSE,Stock,USD,2007-02-12,2019-12-30
KIM-P-J-CL,NYSE,Stock,USD,2019-12-02,2019-12-30
KIM-P-K,NYSE,Stock,USD,2014-09-22,2019-09-13
KIM-P-K-CL,NYSE,Stock,USD,2019-08-16,2019-09-13
KIM-P-L,NYSE,Stock,USD,2017-08-08,2026-06-17
KIM-P-M,NYSE,Stock,USD,2017-12-12,2026-06-17
KIM-P-N,NYSE,Stock,USD,2024-01-02,2026-06-17
KIN,NASDAQ,Stock,USD,2013-12-12,2021-08-27
KING,NYSE,Stock,USD,2014-03-25,2016-03-02
KINS,NASDAQ,Stock,USD,1999-10-26,2026-06-17
KINZU,NASDAQ,Stock,USD,2020-12-15,2023-03-14
KIO-R,NYSE,Stock,USD,2023-01-24,2023-02-15
KIO-R-W,NYSE,Stock,USD,2023-01-20,2023-01-23
KIRK,NASDAQ,Stock,USD,2002-07-30,2025-07-28
KITDQ,NASDAQ,Stock,USD,2013-08-16,2013-08-19
KITE,NASDAQ,Stock,USD,2014-06-20,2017-10-19
KITT,NASDAQ,Stock,USD,2021-08-04,2026-06-17
KITTW,NASDAQ,Stock,USD,2021-08-04,2026-06-17
KKD,NYSE,Stock,USD,2000-04-05,2016-08-04
KKR,NYSE,Stock,USD,2010-07-15,2026-06-17
KKR-P-A,NYSE,Stock,USD,2016-03-28,2021-06-14
KKR-P-B,NYSE,Stock,USD,2016-06-27,2021-09-14
KKR-P-C,NYSE,Stock,USD,2020-08-12,2023-09-14
KKR-P-D,NYSE,Stock,USD,2025-03-05,2026-06-17
KKRS,NYSE,Stock,USD,2021-04-21,2026-06-17
KKRT,NYSE,Stock,USD,2025-05-30,2026-06-17
KL,NYSE,Stock,USD,2016-12-06,2022-02-08
KLAC,NASDAQ,Stock,USD,1990-03-26,2026-06-17
KLAQ,NASDAQ,Stock,USD,2021-03-01,2022-12-16
KLAQU,NASDAQ,Stock,USD,2021-01-08,2022-12-16
KLAQW,NASDAQ,Stock,USD,2021-03-01,2022-12-16
KLAR,NYSE,Stock,USD,2025-09-10,2026-06-17
KLC,NYSE,Stock,USD,2024-10-09,2026-06-17
KLDX,NYSE,Stock,USD,2015-10-07,2018-07-20
KLG,NYSE,Stock,USD,2023-09-27,2023-10-02
KLG,NYSE,Stock,USD,2023-09-27,2025-09-25
KLG-W,NYSE,Stock,USD,2023-09-27,2023-09-29
KLIC,NASDAQ,Stock,USD,1990-03-26,2026-06-17
KLMN,NYSE,Stock,USD,2024-12-11,2026-06-17
KLR,NYSE,Stock,USD,2004-07-26,2017-07-14
KLR,NYSE,Stock,USD,2018-01-17,2023-10-05
KLR-WS,NYSE,Stock,USD,2018-01-17,2023-10-12
KLRA,NASDAQ,Stock,USD,2026-04-17,2026-06-17
KLRE,NASDAQ,Stock,USD,2016-03-31,2017-04-27
KLREU,NASDAQ,Stock,USD,2016-03-11,2017-04-25
KLREW,NASDAQ,Stock,USD,2016-03-29,2017-04-27
KLRS,NASDAQ,Stock,USD,2020-07-30,2026-06-17
KLTO,NASDAQ,Stock,USD,2024-09-17,2026-06-17
KLTOW,NASDAQ,Stock,USD,2024-09-17,2026-03-11
KLTR,NASDAQ,Stock,USD,2021-07-21,2026-06-17
KLXE,NASDAQ,Stock,USD,2018-09-17,2026-06-17
KLXEV,NASDAQ,Stock,USD,2018-08-29,2018-09-14
KLXI,NASDAQ,Stock,USD,2014-12-03,2018-10-09
KLXIV,NASDAQ,Stock,USD,2018-08-29,2018-09-14
KMB,NASDAQ,Stock,USD,1984-12-17,2026-06-17
KMCA,NYSE,Stock,USD,2026-05-07,2026-06-17
KMDA,NASDAQ,Stock,USD,2013-05-31,2026-06-17
KMG,NYSE,Stock,USD,1997-01-28,2018-12-14
KMI,NYSE,Stock,USD,2011-02-11,2026-06-17
KMI-P-A,NYSE,Stock,USD,2015-11-04,2018-10-26
KMI-WS,NYSE,Stock,USD,2011-02-11,2017-05-19
KMP,NYSE,Stock,USD,1992-07-30,2014-12-04
KMPA,NYSE,Stock,USD,2014-09-22,2019-08-19
KMPB,NYSE,Stock,USD,2022-03-14,2026-06-17
KMPR,NYSE,Stock,USD,1991-09-18,2026-06-17
KMR,NYSE,Stock,USD,2001-05-16,2014-12-04
KMRK,NASDAQ,Stock,USD,2025-07-16,2026-06-17
KMT,NYSE,Stock,USD,1987-11-05,2026-06-17
KMTS,NASDAQ,Stock,USD,2025-03-06,2026-06-17
KMX,NYSE,Stock,USD,1997-02-04,2026-06-17
KN,NYSE,Stock,USD,2014-02-14,2026-06-17
KNBE,NASDAQ,Stock,USD,2021-04-22,2023-02-01
KND,NYSE,Stock,USD,2001-05-01,2018-07-02
KNDI,NASDAQ,Stock,USD,2007-09-04,2026-06-17
KNDL,NASDAQ,Stock,USD,1997-08-22,2011-07-22
KNF,NYSE,Stock,USD,2023-06-01,2026-06-17
KNF-W,NYSE,Stock,USD,2023-05-25,2023-05-31
KNL,NYSE,Stock,USD,2004-12-14,2026-06-17
KNM,NYSE,Stock,USD,2002-10-01,2015-04-23
KNOL,NASDAQ,Stock,USD,2003-12-18,2012-08-03
KNOP,NYSE,Stock,USD,2013-04-10,2026-06-17
KNRX,AMEX,Stock,USD,2025-09-29,2026-06-17
KNSA,NASDAQ,Stock,USD,2018-05-24,2026-06-17
KNSL,NYSE,Stock,USD,2016-07-28,2026-06-17
KNSW,NYSE,Stock,USD,2022-03-14,2023-12-05
KNSW-U,NYSE,Stock,USD,2022-01-21,2023-12-05
KNSW-WS,NYSE,Stock,USD,2022-03-14,2023-12-05
KNSY,NASDAQ,Stock,USD,2012-04-26,2012-07-09
KNTE,NASDAQ,Stock,USD,2020-12-03,2024-04-03
KNTK,NYSE,Stock,USD,2017-05-02,2026-06-17
KNWND,AMEX,Stock,USD,2026-05-28,2026-06-17
KNX,NYSE,Stock,USD,1994-10-25,2026-06-17
KNXA,NYSE,Stock,USD,2005-06-24,2013-10-17
KO,NYSE,Stock,USD,1962-01-02,2026-06-17
KOD,NASDAQ,Stock,USD,2018-10-04,2026-06-17
KODK,NYSE,Stock,USD,2013-09-23,2026-06-17
KODK-WS,NYSE,Stock,USD,2013-09-23,2018-08-28
KODK-WS-A,NYSE,Stock,USD,2013-09-23,2018-08-28
KOF,NYSE,Stock,USD,1993-09-14,2026-06-17
KOG,NYSE,Stock,USD,2004-09-01,2014-12-09
KONE,NASDAQ,Stock,USD,2010-05-14,2018-09-12
KOP,NYSE,Stock,USD,2006-02-01,2026-06-17
KOPN,NASDAQ,Stock,USD,1992-04-15,2026-06-17
KOR,NASDAQ,Stock,USD,2016-01-04,2022-01-18
KORE,NYSE,Stock,USD,2021-10-01,2026-06-17
KOS,NYSE,Stock,USD,2011-05-11,2026-06-17
KOSN,NASDAQ,Stock,USD,2000-10-05,2009-07-06
KOSS,NASDAQ,Stock,USD,1992-02-25,2026-06-17
KOYN,NASDAQ,Stock,USD,2025-09-19,2026-06-17
KOYNU,NASDAQ,Stock,USD,2025-08-27,2026-06-17
KOYNW,NASDAQ,Stock,USD,2025-09-19,2026-06-17
KPET,NYSE,Stock,USD,2026-05-21,2026-06-17
KPET-U,NYSE,Stock,USD,2026-03-31,2026-06-17
KPET-WS,NYSE,Stock,USD,2026-05-21,2026-06-17
KPFS,NASDAQ,Stock,USD,2018-10-04,2019-07-08
KPHO,NYSE,Stock,USD,2025-12-04,2026-06-17
KPLT,NASDAQ,Stock,USD,2019-12-30,2026-06-17
KPLTW,NASDAQ,Stock,USD,2019-12-27,2026-06-09
KPRX,NASDAQ,Stock,USD,2015-07-31,2026-06-17
KPTI,NASDAQ,Stock,USD,2013-11-06,2026-06-17
KR,NYSE,Stock,USD,1977-01-03,2026-06-17
KRA,NYSE,Stock,USD,2009-12-17,2022-03-18
KRAQ,NASDAQ,Stock,USD,2026-03-20,2026-06-17
KRAQU,NASDAQ,Stock,USD,2026-01-28,2026-06-17
KRAQW,NASDAQ,Stock,USD,2026-03-23,2026-06-17
KRC,NYSE,Stock,USD,1997-01-30,2026-06-17
KRC-P-H,NYSE,Stock,USD,1997-01-29,2017-08-14
KREF,NYSE,Stock,USD,2017-05-05,2026-06-17
KREF-P-A,NYSE,Stock,USD,2021-04-26,2026-06-17
KREF-P-A,NYSE,Stock,USD,2021-04-12,2021-04-23
KRFT,NASDAQ,Stock,USD,2012-09-17,2015-07-10
KRG,NYSE,Stock,USD,2004-08-11,2026-06-17
KRKR,NASDAQ,Stock,USD,2019-11-08,2026-06-17
KRMD,NASDAQ,Stock,USD,1996-03-20,2026-06-17
KRMN,NYSE,Stock,USD,2025-02-13,2026-06-17
KRNL,NASDAQ,Stock,USD,2021-04-01,2026-06-17
KRNLU,NASDAQ,Stock,USD,2021-02-03,2026-06-17
KRNLW,NASDAQ,Stock,USD,2021-03-26,2026-06-17
KRNT,NASDAQ,Stock,USD,2015-04-02,2026-06-17
KRNY,NASDAQ,Stock,USD,2005-02-24,2026-06-17
KRO,NYSE,Stock,USD,2003-12-09,2026-06-17
KRON,NASDAQ,Stock,USD,2020-10-09,2025-06-20
KROS,NASDAQ,Stock,USD,2020-04-08,2026-06-17
KRP,NYSE,Stock,USD,2017-02-03,2026-06-17
KRRO,NASDAQ,Stock,USD,2023-11-06,2026-06-17
KRSL,NASDAQ,Stock,USD,1982-09-02,2017-07-14
KRSP,NYSE,Stock,USD,2025-11-21,2026-06-17
KRSP-U,NYSE,Stock,USD,2025-10-01,2026-06-17
KRSP-WS,NYSE,Stock,USD,2025-11-24,2026-06-17
KRT,NASDAQ,Stock,USD,2021-04-15,2026-06-17
KRTX,NASDAQ,Stock,USD,2019-06-28,2026-06-17
KRUS,NASDAQ,Stock,USD,2019-08-01,2026-06-17
KRYP,NYSE,Stock,USD,2026-02-04,2026-06-17
KRYS,NASDAQ,Stock,USD,2017-09-20,2026-06-17
KS,NYSE,Stock,USD,2005-09-14,2018-12-14
KSCP,NASDAQ,Stock,USD,2022-01-27,2026-06-17
KSI,NASDAQ,Stock,USD,2021-05-18,2023-03-16
KSICU,NASDAQ,Stock,USD,2021-03-17,2023-03-16
KSICW,NASDAQ,Stock,USD,2021-05-17,2023-03-16
KSMTU,NASDAQ,Stock,USD,2020-08-06,2021-08-26
KSP,NYSE,Stock,USD,2004-01-09,2011-11-30
KSPI,NASDAQ,Stock,USD,2024-01-19,2026-06-17
KSS,NYSE,Stock,USD,1992-05-19,2026-06-17
KSU,NYSE,Stock,USD,1987-11-05,2021-12-13
KSU-P,NYSE,Stock,USD,2014-09-22,2021-12-14
KSW,NASDAQ,Stock,USD,1997-02-18,2012-11-21
KSWS,NASDAQ,Stock,USD,2001-01-02,2013-05-17
KT,NYSE,Stock,USD,1999-05-26,2026-06-17
KTB,NYSE,Stock,USD,2019-05-09,2026-06-17
KTCC,NASDAQ,Stock,USD,1990-03-26,2026-06-17
KTEC,NASDAQ,Stock,USD,1993-12-17,2018-03-21
KTH,NYSE,Stock,USD,2001-02-12,2026-06-17
KTII,NASDAQ,Stock,USD,2010-04-01,2010-04-19
KTN,NYSE,Stock,USD,2003-12-04,2026-06-17
KTOS,NASDAQ,Stock,USD,1999-11-05,2026-06-17
KTOVW,NASDAQ,Stock,USD,2015-11-20,2020-11-23
KTP,NYSE,Stock,USD,1999-07-06,2020-06-01
KTTA,NASDAQ,Stock,USD,2021-09-15,2026-06-17
KTTAW,NASDAQ,Stock,USD,2021-09-15,2026-06-17
KTWO,NASDAQ,Stock,USD,2014-05-08,2018-11-09
KTWO,NASDAQ,Stock,USD,2026-02-25,2026-06-17
KTWOR,NASDAQ,Stock,USD,2026-02-25,2026-06-17
KTWOU,NASDAQ,Stock,USD,2026-01-29,2026-06-17
KULR,AMEX,Stock,USD,2018-07-18,2026-06-17
KURA,NASDAQ,Stock,USD,2015-11-05,2026-06-17
KURI,NASDAQ,Stock,USD,2021-04-01,2021-10-21
KURIU,NASDAQ,Stock,USD,2021-02-05,2021-10-21
KURIW,NASDAQ,Stock,USD,2021-04-05,2021-10-21
KUST,NASDAQ,Stock,USD,2026-01-07,2026-06-17
KUTV,NASDAQ,Stock,USD,2005-02-03,2016-07-13
KVAC,NASDAQ,Stock,USD,2023-09-15,2026-06-17
KVACU,NASDAQ,Stock,USD,2023-07-25,2026-06-17
KVACW,NASDAQ,Stock,USD,2023-09-15,2026-06-17
KVHI,NASDAQ,Stock,USD,1996-04-02,2026-06-17
KVSA,NASDAQ,Stock,USD,2021-03-04,2023-12-11
KVSC,NASDAQ,Stock,USD,2021-03-24,2023-04-10
KVUE,NYSE,Stock,USD,2023-05-04,2026-06-17
KVUE-W,NYSE,Stock,USD,2023-08-15,2023-08-23
KVYO,NYSE,Stock,USD,2023-09-20,2026-06-17
KW,NYSE,Stock,USD,2007-12-03,2026-06-16
KWE,NASDAQ,Stock,USD,2020-12-15,2025-06-27
KWESW,NASDAQ,Stock,USD,2022-12-07,2025-06-27
KWKAQ,NYSE,Stock,USD,2016-01-04,2016-09-01
KWM,NASDAQ,Stock,USD,2025-05-14,2026-06-17
KWMWW,NASDAQ,Stock,USD,2025-05-14,2026-06-17
KWN,NYSE,Stock,USD,2012-12-10,2017-11-28
KWR,NYSE,Stock,USD,1990-03-26,2026-06-17
KWY,NYSE,Stock,USD,1998-05-06,2026-06-17
KXIN,NASDAQ,Stock,USD,2017-11-06,2026-06-17
KYAK,NASDAQ,Stock,USD,2012-07-20,2013-06-07
KYCH,NASDAQ,Stock,USD,2022-03-04,2024-04-04
KYCHR,NASDAQ,Stock,USD,2022-03-03,2024-04-04
KYCHU,NASDAQ,Stock,USD,2022-01-25,2024-04-04
KYCHW,NASDAQ,Stock,USD,2022-03-03,2024-04-04
KYIV,NASDAQ,Stock,USD,2025-08-14,2026-06-17
KYIVW,NASDAQ,Stock,USD,2025-08-15,2026-06-17
KYMR,NASDAQ,Stock,USD,2020-08-21,2026-06-17
KYN-P-F,NYSE,Stock,USD,2014-09-22,2020-02-12
KYN-P-F-CL,NYSE,Stock,USD,2020-01-15,2020-02-12
KYNB,NASDAQ,Stock,USD,2014-11-14,2026-06-17
KYO,NYSE,Stock,USD,1987-11-05,2018-06-25
KYTH,NASDAQ,Stock,USD,2012-10-16,2015-10-02
KYTX,NASDAQ,Stock,USD,2024-02-08,2026-06-17
KZ,NASDAQ,Stock,USD,2004-07-09,2017-04-17
KZIA,NASDAQ,Stock,USD,2017-11-24,2026-06-17
KZR,NASDAQ,Stock,USD,2018-06-21,2026-05-11
L,NYSE,Stock,USD,1987-07-10,2026-06-17
LAAAU,NASDAQ,Stock,USD,2021-06-11,2022-12-06
LAAC-W,NYSE,Stock,USD,2023-10-02,2023-10-03
LAB,NASDAQ,Stock,USD,2011-02-10,2022-04-05
LAB,NASDAQ,Stock,USD,2003-07-29,2026-06-17
LABC,NASDAQ,Stock,USD,2007-07-10,2015-09-23
LABL,NASDAQ,Stock,USD,1990-03-26,2019-07-01
LABP,NASDAQ,Stock,USD,2021-02-04,2024-05-23
LABT,NASDAQ,Stock,USD,2026-04-23,2026-06-17
LAC,NYSE,Stock,USD,2023-10-02,2026-06-17
LAC,NYSE,Stock,USD,2018-01-25,2023-10-03
LAC-W,NYSE,Stock,USD,2023-10-02,2023-10-03
LACO,NASDAQ,Stock,USD,1999-01-04,2015-08-03
LAD,NYSE,Stock,USD,1996-12-18,2026-06-17
LADR,NYSE,Stock,USD,2014-02-06,2026-06-17
LAES,NASDAQ,Stock,USD,2023-05-24,2026-06-17
LAESV,NASDAQ,Stock,USD,2023-05-22,2023-05-23
LAFA,NASDAQ,Stock,USD,2025-11-26,2026-06-17
LAFAR,NASDAQ,Stock,USD,2025-11-26,2026-06-17
LAFAU,NASDAQ,Stock,USD,2025-10-24,2026-06-17
LAKE,NASDAQ,Stock,USD,1990-03-26,2026-06-17
LAMR,NASDAQ,Stock,USD,1996-08-02,2026-06-17
LAND,NASDAQ,Stock,USD,2013-01-29,2026-06-17
LANDM,NASDAQ,Stock,USD,2021-01-13,2026-06-17
LANDO,NASDAQ,Stock,USD,2020-10-19,2026-06-17
LANDP,NASDAQ,Stock,USD,2023-06-08,2026-06-17
LANDP,NASDAQ,Stock,USD,2016-08-12,2021-02-11
LANV,NYSE,Stock,USD,2021-03-15,2026-06-17
LANV-WS,NYSE,Stock,USD,2021-03-15,2026-05-28
LANV-WS,NYSE,Stock,USD,2022-12-15,2026-06-17
LAR,NYSE,Stock,USD,2023-10-04,2026-06-17
LARK,NASDAQ,Stock,USD,1994-03-28,2026-06-17
LASE,NASDAQ,Stock,USD,2022-09-30,2026-06-17
LASR,NASDAQ,Stock,USD,2018-04-26,2026-06-17
LATA,NASDAQ,Stock,USD,2025-11-10,2026-06-17
LATAU,NASDAQ,Stock,USD,2025-09-19,2026-06-17
LATAW,NASDAQ,Stock,USD,2025-11-10,2026-06-17
LATG,NASDAQ,Stock,USD,2022-03-18,2026-06-17
LATGU,NASDAQ,Stock,USD,2022-01-25,2025-01-15
LATN,NASDAQ,Stock,USD,2019-12-09,2021-09-29
LATNU,NASDAQ,Stock,USD,2019-10-18,2021-09-29
LATNW,NASDAQ,Stock,USD,2019-12-09,2021-09-29
LAUR,NASDAQ,Stock,USD,2017-02-01,2026-06-17
LAVA,NASDAQ,Stock,USD,2001-11-20,2012-03-05
LAW,NYSE,Stock,USD,2021-07-21,2026-06-17
LAWEQ,NYSE,Stock,USD,2010-01-04,2013-10-17
LAWR,NASDAQ,Stock,USD,2025-07-17,2026-06-17
LAXXR,NASDAQ,Stock,USD,2021-12-14,2022-11-17
LAXXU,NASDAQ,Stock,USD,2021-11-22,2022-11-17
LAYN,NASDAQ,Stock,USD,1992-08-20,2018-06-15
LAZ,NYSE,Stock,USD,2005-05-05,2026-06-17
LAZRW,NASDAQ,Stock,USD,2019-03-25,2021-03-09
LB,NYSE,Stock,USD,2024-06-28,2026-06-17
LBAI,NASDAQ,Stock,USD,1999-01-04,2024-05-15
LBBB,NASDAQ,Stock,USD,2022-04-14,2024-03-11
LBBBR,NASDAQ,Stock,USD,2022-04-14,2024-03-11
LBBBU,NASDAQ,Stock,USD,2022-03-09,2024-03-11
LBBBW,NASDAQ,Stock,USD,2022-04-14,2024-03-11
LBC,NASDAQ,Stock,USD,2001-01-02,2024-02-29
LBCC,NASDAQ,Stock,USD,2009-10-30,2021-02-22
LBDAV,NASDAQ,Stock,USD,2025-07-14,2026-06-17
LBDKV,NASDAQ,Stock,USD,2025-07-11,2026-06-17
LBGJ,NASDAQ,Stock,USD,2024-10-23,2026-06-17
LBIO,NASDAQ,Stock,USD,2010-10-15,2017-06-27
LBIX,NASDAQ,Stock,USD,1993-08-02,2018-08-10
LBMH,NYSE,Stock,USD,2016-01-04,2016-01-29
LBPH,NASDAQ,Stock,USD,2021-03-12,2024-12-02
LBPS,NASDAQ,Stock,USD,2021-03-22,2022-07-07
LBRDA,NASDAQ,Stock,USD,2014-11-04,2026-06-17
LBRDK,NASDAQ,Stock,USD,2014-11-04,2026-06-17
LBRDP,NASDAQ,Stock,USD,2020-12-22,2026-06-17
LBRT,NYSE,Stock,USD,2018-01-11,2026-06-17
LBRX,NASDAQ,Stock,USD,2025-09-11,2026-06-17
LBTYA,NASDAQ,Stock,USD,2004-06-03,2026-06-17
LBTYB,NASDAQ,Stock,USD,2004-06-09,2026-06-17
LBTYK,NASDAQ,Stock,USD,2005-09-08,2026-06-17
LBY,NYSE,Stock,USD,1993-06-18,2020-06-01
LBYAV,NASDAQ,Stock,USD,2024-11-04,2026-06-17
LBYKV,NASDAQ,Stock,USD,2024-11-04,2026-06-17
LC,NYSE,Stock,USD,2014-12-11,2026-06-17
LCA,NASDAQ,Stock,USD,2021-05-18,2024-02-27
LCAA,NASDAQ,Stock,USD,2021-05-06,2024-02-22
LCAAU,NASDAQ,Stock,USD,2021-03-11,2024-02-22
LCAAW,NASDAQ,Stock,USD,2021-05-11,2024-02-22
LCAHU,NASDAQ,Stock,USD,2016-05-26,2024-02-27
LCAHW,NASDAQ,Stock,USD,2021-05-18,2024-02-27
LCAPU,NASDAQ,Stock,USD,2020-08-14,2022-05-23
LCC,NYSE,Stock,USD,2006-12-28,2013-12-06
LCCC,NASDAQ,Stock,USD,2025-06-23,2026-06-17
LCCCR,NASDAQ,Stock,USD,2025-06-23,2026-06-17
LCCCU,NASDAQ,Stock,USD,2025-04-30,2026-06-17
LCFY,NASDAQ,Stock,USD,2022-03-25,2026-06-17
LCFYW,NASDAQ,Stock,USD,2022-03-25,2026-06-17
LCID,NASDAQ,Stock,USD,2020-09-18,2026-06-17
LCIDW,NASDAQ,Stock,USD,2020-09-18,2021-10-12
LCII,NYSE,Stock,USD,1989-05-03,2026-06-17
LCLN,NYSE,Stock,USD,2026-05-20,2026-06-17
LCNB,NASDAQ,Stock,USD,1999-10-26,2026-06-17
LCTX,AMEX,Stock,USD,1992-03-06,2026-06-17
LCUT,NASDAQ,Stock,USD,1991-06-05,2026-06-17
LCW,NASDAQ,Stock,USD,2021-11-29,2026-06-17
LCW-U,NYSE,Stock,USD,2021-10-11,2022-12-23
LCW-U,NYSE,Stock,USD,2021-10-08,2024-08-30
LCYAU,NASDAQ,Stock,USD,2020-10-09,2021-07-14
LDHA,NASDAQ,Stock,USD,2021-05-13,2023-03-23
LDHAU,NASDAQ,Stock,USD,2021-03-19,2023-03-23
LDHAW,NASDAQ,Stock,USD,2021-05-17,2023-03-23
LDI,NYSE,Stock,USD,2021-02-11,2026-06-17
LDIS,NASDAQ,Stock,USD,2004-06-16,2017-12-29
LDL,NYSE,Stock,USD,1990-01-12,2021-10-04
LDOS,NYSE,Stock,USD,2006-10-13,2026-06-17
LDOS-W,NYSE,Stock,USD,2016-08-09,2016-08-18
LDR,NYSE,Stock,USD,1992-03-17,2017-11-01
LE,NASDAQ,Stock,USD,2014-03-20,2026-06-17
LEA,NYSE,Stock,USD,2009-11-09,2026-06-17
LEAF,NYSE,Stock,USD,2011-01-27,2021-06-14
LEAP,NYSE,Stock,USD,2020-11-02,2022-08-16
LEAP-U,NYSE,Stock,USD,2020-09-11,2022-08-12
LEAP-WS,NYSE,Stock,USD,2020-11-02,2022-08-03
LECO,NASDAQ,Stock,USD,1995-06-13,2026-06-17
LEDS,NASDAQ,Stock,USD,2010-12-09,2026-06-17
LEE,NASDAQ,Stock,USD,1987-11-05,2026-06-17
LEG,NYSE,Stock,USD,1987-11-05,2026-06-17
LEGA,NASDAQ,Stock,USD,2021-05-26,2023-03-14
LEGAU,NASDAQ,Stock,USD,2021-03-23,2023-03-14
LEGAW,NASDAQ,Stock,USD,2021-05-17,2023-03-14
LEGH,NASDAQ,Stock,USD,2018-12-14,2026-06-17
LEGN,NASDAQ,Stock,USD,2020-06-05,2026-06-17
LEGO,AMEX,Stock,USD,2021-03-04,2026-06-17
LEGO-U,AMEX,Stock,USD,2026-01-23,2026-06-17
LEGO-WS,AMEX,Stock,USD,2026-03-16,2026-06-17
LEGOU,NASDAQ,Stock,USD,2021-01-20,2021-10-19
LEGOW,NASDAQ,Stock,USD,2021-03-04,2021-10-19
LEN,NYSE,Stock,USD,1987-11-05,2026-06-17
LEN-B,NYSE,Stock,USD,2003-04-23,2026-06-17
LENZ,NASDAQ,Stock,USD,2021-06-25,2026-06-17
LESL,NASDAQ,Stock,USD,2020-10-29,2026-06-17
LEU,NYSE,Stock,USD,1998-07-23,2026-06-17
LEVB,NYSE,Stock,USD,2017-11-17,2019-04-30
LEVI,NYSE,Stock,USD,2019-03-21,2026-06-17
LEVL,NASDAQ,Stock,USD,2018-04-20,2022-03-31
LEVLP,NASDAQ,Stock,USD,2020-08-18,2022-03-31
LEXEA,NASDAQ,Stock,USD,2016-11-04,2019-07-26
LEXEB,NASDAQ,Stock,USD,2016-12-07,2019-07-26
LEXX,NASDAQ,Stock,USD,2016-05-12,2026-06-17
LEXXW,NASDAQ,Stock,USD,2021-01-12,2026-01-13
LF,NYSE,Stock,USD,2014-09-19,2016-04-13
LFAC,NASDAQ,Stock,USD,2026-01-26,2026-06-17
LFAC,NASDAQ,Stock,USD,2022-01-20,2023-10-02
LFACU,NASDAQ,Stock,USD,2025-12-05,2026-06-17
LFACU,NASDAQ,Stock,USD,2018-06-20,2021-01-07
LFACU,NASDAQ,Stock,USD,2021-11-17,2023-10-02
LFACW,NASDAQ,Stock,USD,2022-01-10,2023-10-02
LFACW,NASDAQ,Stock,USD,2026-01-26,2026-06-17
LFACW,NASDAQ,Stock,USD,2018-06-29,2023-10-11
LFC,NYSE,Stock,USD,2003-12-17,2023-03-02
LFCR,NASDAQ,Stock,USD,1996-02-15,2026-06-17
LFG,NYSE,Stock,USD,2006-12-28,2008-11-28
LFG,NYSE,Stock,USD,2020-12-14,2022-12-28
LFG-WS,NYSE,Stock,USD,2021-09-16,2021-10-15
LFG-WS,NYSE,Stock,USD,2020-12-14,2021-12-03
LFGR,NYSE,Stock,USD,2011-01-26,2018-08-10
LFL,NYSE,Stock,USD,1997-11-07,2017-05-12
LFMD,NASDAQ,Stock,USD,2001-01-02,2026-06-17
LFMDP,NASDAQ,Stock,USD,2021-10-05,2026-06-17
LFS,NASDAQ,Stock,USD,2025-10-09,2026-06-17
LFST,NASDAQ,Stock,USD,2021-06-10,2026-06-17
LFT,NYSE,Stock,USD,2013-03-22,2026-06-17
LFT-P-A,NYSE,Stock,USD,2021-05-06,2026-06-17
LFT-R,NYSE,Stock,USD,2022-01-19,2022-02-14
LFT-R-W,NYSE,Stock,USD,2022-01-14,2022-01-18
LFTO,NASDAQ,Stock,USD,2026-06-04,2026-06-17
LFTR,NASDAQ,Stock,USD,2020-12-18,2022-10-24
LFTRU,NASDAQ,Stock,USD,2020-10-21,2022-10-24
LFTRW,NASDAQ,Stock,USD,2020-12-16,2022-10-24
LFUS,NASDAQ,Stock,USD,1992-09-23,2026-06-17
LFVN,NASDAQ,Stock,USD,2004-10-05,2026-06-17
LFWD,NASDAQ,Stock,USD,2014-09-12,2026-06-17
LGAC,NASDAQ,Stock,USD,2021-04-06,2023-02-21
LGACU,NASDAQ,Stock,USD,2021-02-10,2023-02-21
LGACW,NASDAQ,Stock,USD,2021-04-06,2023-02-21
LGC-U,NYSE,Stock,USD,2017-11-17,2020-11-20
LGC-WS,NYSE,Stock,USD,2017-11-30,2020-11-20
LGCB,NASDAQ,Stock,USD,2023-12-19,2026-05-15
LGCL,NASDAQ,Stock,USD,2024-03-05,2026-06-17
LGCY,AMEX,Stock,USD,2024-09-26,2026-06-17
LGCY,NASDAQ,Stock,USD,2007-01-12,2019-06-28
LGCYO,NASDAQ,Stock,USD,2014-06-12,2018-09-20
LGCYP,NASDAQ,Stock,USD,2014-04-14,2018-09-20
LGCYQ,NASDAQ,Stock,USD,2019-06-28,2019-12-12
LGF,NYSE,Stock,USD,2016-01-04,2016-12-16
LGF-A,NYSE,Stock,USD,2016-12-09,2025-05-06
LGF-B,NYSE,Stock,USD,2016-12-09,2025-05-06
LGFB,NYSE,Stock,USD,2016-12-09,2018-08-09
LGHL,NASDAQ,Stock,USD,2020-06-16,2026-06-17
LGHLW,NASDAQ,Stock,USD,2020-06-17,2025-06-16
LGIH,NASDAQ,Stock,USD,2013-11-07,2026-06-17
LGL,AMEX,Stock,USD,1992-03-17,2026-06-17
LGL-R,AMEX,Stock,USD,2026-06-08,2026-06-17
LGL-R-W,AMEX,Stock,USD,2026-06-04,2026-06-05
LGN,NASDAQ,Stock,USD,2025-09-12,2026-06-17
LGND,NASDAQ,Stock,USD,1992-11-18,2026-06-17
LGO,NASDAQ,Stock,USD,2007-07-13,2026-06-17
LGPS,AMEX,Stock,USD,2025-03-25,2026-06-17
LGST,NASDAQ,Stock,USD,2022-01-05,2024-02-14
LGSTU,NASDAQ,Stock,USD,2021-11-04,2024-02-14
LGTOU,NASDAQ,Stock,USD,2021-11-22,2023-02-15
LGTY,NASDAQ,Stock,USD,1984-09-07,2025-04-04
LGV,NYSE,Stock,USD,2021-05-10,2026-06-17
LGV-U,NYSE,Stock,USD,2021-03-19,2022-12-15
LGV-WS,NYSE,Stock,USD,2021-05-24,2022-12-14
LGV-WS,NYSE,Stock,USD,2021-05-10,2022-12-15
LGVC,NASDAQ,Stock,USD,2022-01-03,2024-05-01
LGVCU,NASDAQ,Stock,USD,2021-11-11,2024-05-01
LGVCW,NASDAQ,Stock,USD,2022-01-03,2024-05-01
LGVN,NASDAQ,Stock,USD,2021-02-12,2026-06-17
LGVNR,NASDAQ,Stock,USD,2023-08-22,2023-09-21
LGVNV,NASDAQ,Stock,USD,2023-08-17,2023-08-21
LGVW-U,NYSE,Stock,USD,2020-07-22,2021-02-12
LH,NYSE,Stock,USD,1990-03-29,2026-06-17
LH-W,NYSE,Stock,USD,2023-06-21,2023-06-30
LHAA,NASDAQ,Stock,USD,2021-03-05,2022-12-13
LHAI,NASDAQ,Stock,USD,2025-07-24,2026-06-17
LHC,NYSE,Stock,USD,2018-04-16,2023-11-17
LHC-U,NYSE,Stock,USD,2018-02-13,2020-07-15
LHC-U,NYSE,Stock,USD,2021-01-08,2023-11-17
LHCG,NASDAQ,Stock,USD,2005-06-09,2023-02-22
LHO,NYSE,Stock,USD,1998-04-24,2018-11-30
LHO-P-H-CL,NYSE,Stock,USD,1998-04-24,2017-05-12
LHO-P-I,NYSE,Stock,USD,2014-09-22,2018-11-30
LHO-P-J,NYSE,Stock,USD,2016-05-25,2018-11-30
LHSW,NASDAQ,Stock,USD,2025-04-03,2026-06-17
LHX,NYSE,Stock,USD,1981-12-31,2026-06-17
LI,NASDAQ,Stock,USD,2020-07-30,2026-06-17
LIBY,NASDAQ,Stock,USD,2021-12-27,2024-04-03
LIBYU,NASDAQ,Stock,USD,2021-11-04,2024-03-26
LIBYW,NASDAQ,Stock,USD,2021-12-27,2024-04-03
LICN,NASDAQ,Stock,USD,2023-02-06,2026-06-17
LICY-WS,NYSE,Stock,USD,2021-08-11,2022-01-25
LIDR,NASDAQ,Stock,USD,2021-01-11,2026-06-17
LIDRW,NASDAQ,Stock,USD,2021-01-06,2026-06-17
LIEN,NASDAQ,Stock,USD,2022-02-04,2026-06-17
LIF,NASDAQ,Stock,USD,2024-06-06,2026-06-17
LIFE,NASDAQ,Stock,USD,2026-01-29,2026-06-17
LII,NYSE,Stock,USD,1999-07-29,2026-06-17
LIII-U,NYSE,Stock,USD,2021-02-26,2021-11-19
LILA,NASDAQ,Stock,USD,2015-07-02,2026-06-17
LILAK,NASDAQ,Stock,USD,2015-07-02,2026-06-17
LILAP,NASDAQ,Stock,USD,2026-06-17,2026-06-17
LILAR,NASDAQ,Stock,USD,2020-09-11,2020-11-16
LILAV,NASDAQ,Stock,USD,2015-06-22,2026-06-17
LILKV,NASDAQ,Stock,USD,2015-06-23,2026-06-17
LILM,NASDAQ,Stock,USD,2021-09-14,2026-06-17
LILMW,NASDAQ,Stock,USD,2021-09-15,2026-06-17
LILPV,NASDAQ,Stock,USD,2026-06-01,2026-06-16
LILRV,NASDAQ,Stock,USD,2020-09-10,2020-09-10
LIME,NASDAQ,Stock,USD,2000-01-31,2018-11-12
LIMN,NASDAQ,Stock,USD,2025-05-01,2026-06-17
LIMNW,NASDAQ,Stock,USD,2025-05-01,2026-06-17
LIN,NASDAQ,Stock,USD,2018-10-01,2026-06-17
LINC,NASDAQ,Stock,USD,2005-06-23,2026-06-17
LIND,NASDAQ,Stock,USD,2015-07-09,2026-06-17
LINDW,NASDAQ,Stock,USD,2015-07-09,2019-08-01
LINE,NASDAQ,Stock,USD,2024-07-25,2026-06-17
LINK,NASDAQ,Stock,USD,2012-02-24,2026-06-17
LINU,NASDAQ,Stock,USD,2008-09-09,2018-05-11
LINX,NYSE,Stock,USD,2019-06-26,2021-06-25
LION,NYSE,Stock,USD,2025-05-05,2026-06-17
LION,NASDAQ,Stock,USD,1994-10-31,2019-06-28
LION,NASDAQ,Stock,USD,2024-05-14,2025-05-02
LIONU,NASDAQ,Stock,USD,2021-11-04,2023-03-15
LIOX,NASDAQ,Stock,USD,2016-01-04,2017-03-01
LIPO,NASDAQ,Stock,USD,2025-10-17,2026-05-28
LIQT,NASDAQ,Stock,USD,2011-08-31,2026-06-17
LITB,NYSE,Stock,USD,2013-06-06,2026-06-17
LITE,NASDAQ,Stock,USD,2015-08-04,2026-06-17
LITEV,NASDAQ,Stock,USD,2015-07-23,2015-08-03
LITS,NASDAQ,Stock,USD,2003-12-18,2026-06-17
LITT,NASDAQ,Stock,USD,2021-08-12,2023-06-15
LITTU,NASDAQ,Stock,USD,2021-06-11,2023-06-15
LITTW,NASDAQ,Stock,USD,2021-08-11,2023-06-15
LIVB,NASDAQ,Stock,USD,2022-03-15,2023-12-07
LIVBU,NASDAQ,Stock,USD,2022-02-08,2023-12-07
LIVBW,NASDAQ,Stock,USD,2022-03-11,2023-12-07
LIVE,NASDAQ,Stock,USD,2001-01-02,2026-06-17
LIVKU,NASDAQ,Stock,USD,2019-12-11,2021-08-23
LIVN,NASDAQ,Stock,USD,2015-10-19,2026-06-17
LIWA,NASDAQ,Stock,USD,2017-09-21,2019-02-28
LIXT,NASDAQ,Stock,USD,2010-04-08,2026-06-17
LIXTW,NASDAQ,Stock,USD,2020-11-25,2025-11-28
LJAQ,NASDAQ,Stock,USD,2021-03-02,2022-12-30
LJAQU,NASDAQ,Stock,USD,2021-01-08,2022-12-30
LJAQW,NASDAQ,Stock,USD,2021-03-02,2022-12-30
LKFN,NASDAQ,Stock,USD,1997-08-14,2026-06-17
LKFT,NASDAQ,Stock,USD,2015-05-14,2026-06-17
LKM,NYSE,Stock,USD,2011-05-05,2019-02-06
LKQ,NASDAQ,Stock,USD,2003-10-03,2026-06-17
LKSD-W,NYSE,Stock,USD,2016-09-28,2016-10-07
LKSP,NASDAQ,Stock,USD,2025-11-06,2026-06-17
LKSPR,NASDAQ,Stock,USD,2025-11-06,2026-06-17
LKSPU,NASDAQ,Stock,USD,2025-10-07,2026-06-17
LLAP,NYSE,Stock,USD,2021-04-26,2024-10-30
LLEN,NASDAQ,Stock,USD,2009-01-05,2019-03-01
LLEXQ,AMEX,Stock,USD,2020-12-07,2020-12-17
LLTC,NASDAQ,Stock,USD,2016-01-04,2017-03-20
LLY,NYSE,Stock,USD,1972-06-01,2026-06-17
LLY-WD,NYSE,Stock,USD,2001-01-02,2019-03-13
LLYVA,NASDAQ,Stock,USD,2023-08-04,2025-12-15
LLYVA,NASDAQ,Stock,USD,2025-12-16,2026-06-17
LLYVK,NASDAQ,Stock,USD,2025-12-16,2026-06-17
LLYVK,NASDAQ,Stock,USD,2023-08-04,2025-12-15
LM,NYSE,Stock,USD,1987-11-05,2020-07-31
LMACA,NASDAQ,Stock,USD,2021-03-16,2022-11-30
LMACU,NASDAQ,Stock,USD,2021-01-22,2022-11-30
LMACW,NASDAQ,Stock,USD,2021-03-15,2022-11-30
LMAO,NASDAQ,Stock,USD,2021-03-18,2022-10-28
LMAOU,NASDAQ,Stock,USD,2021-01-26,2022-10-28
LMAT,NASDAQ,Stock,USD,2006-10-19,2026-06-17
LMB,NASDAQ,Stock,USD,2016-01-21,2026-06-17
LMCA,NASDAQ,Stock,USD,2013-01-10,2017-01-24
LMFA,NASDAQ,Stock,USD,2015-12-08,2026-06-17
LMFAU,NASDAQ,Stock,USD,2015-10-23,2015-12-07
LMFAW,NASDAQ,Stock,USD,2015-12-10,2020-10-28
LMIA,NASDAQ,Stock,USD,1998-06-30,2017-06-28
LMIBL,NYSE,Stock,USD,2016-08-16,2020-08-21
LMICL,NYSE,Stock,USD,2016-03-24,2020-08-21
LMMKP,NASDAQ,Stock,USD,2018-04-20,2021-12-22
LMND,NYSE,Stock,USD,2020-07-02,2026-06-17
LMNL,NASDAQ,Stock,USD,2019-11-18,2023-09-26
LMNR,NASDAQ,Stock,USD,2001-11-08,2026-06-17
LMNS,NASDAQ,Stock,USD,2014-02-27,2015-10-09
LMNX,NASDAQ,Stock,USD,2000-04-06,2026-06-17
LMOS,NASDAQ,Stock,USD,2011-10-31,2017-11-17
LMRI,NASDAQ,Stock,USD,2025-12-11,2026-06-17
LMRK,NASDAQ,Stock,USD,2014-11-14,2021-12-22
LMRKO,NASDAQ,Stock,USD,2016-08-04,2021-12-22
LMRKP,NASDAQ,Stock,USD,2016-04-01,2021-12-22
LMST,NASDAQ,Stock,USD,2006-09-22,2023-05-01
LMT,NYSE,Stock,USD,1977-01-03,2026-06-17
LMT-WD,NYSE,Stock,USD,2016-08-16,2016-08-19
LN,NYSE,Stock,USD,2016-07-14,2026-06-17
LNAI,NASDAQ,Stock,USD,2015-02-02,2026-06-17
LNBB,NASDAQ,Stock,USD,1997-05-09,2015-08-24
LNC,NYSE,Stock,USD,1984-10-05,2026-06-17
LNC-P-D,NYSE,Stock,USD,2022-11-17,2026-06-17
LNC-P-D,NYSE,Stock,USD,2022-11-16,2026-05-28
LNC-WS,NYSE,Stock,USD,1984-10-05,2019-07-05
LNCE,NASDAQ,Stock,USD,1990-03-26,2018-03-27
LND,NYSE,Stock,USD,2012-05-15,2026-06-17
LNG,NYSE,Stock,USD,1994-04-04,2026-06-17
LNKB,NASDAQ,Stock,USD,2020-06-01,2026-05-01
LNKD,NYSE,Stock,USD,2011-05-19,2016-12-16
LNKS,NASDAQ,Stock,USD,2024-12-05,2026-06-17
LNN,NYSE,Stock,USD,1990-03-26,2026-06-17
LNSR,NASDAQ,Stock,USD,2020-10-02,2026-06-17
LNT,NASDAQ,Stock,USD,1988-01-05,2026-06-17
LNTH,NASDAQ,Stock,USD,2015-06-25,2026-06-17
LNZA,NASDAQ,Stock,USD,2021-09-24,2026-06-17
LNZAW,NASDAQ,Stock,USD,2023-02-10,2026-06-17
LO,NYSE,Stock,USD,2002-02-01,2015-06-22
LOAC,NASDAQ,Stock,USD,2018-10-16,2021-03-19
LOACR,NASDAQ,Stock,USD,2018-10-15,2021-03-19
LOACU,NASDAQ,Stock,USD,2018-08-29,2021-03-19
LOACW,NASDAQ,Stock,USD,2018-10-15,2021-03-19
LOAK-U,NYSE,Stock,USD,2020-05-06,2020-12-29
LOAN,NASDAQ,Stock,USD,1999-05-13,2026-06-17
LOAR,NYSE,Stock,USD,2024-04-25,2026-06-17
LOB,NYSE,Stock,USD,2015-07-23,2026-06-17
LOB-P-A,NYSE,Stock,USD,2025-08-06,2026-06-17
LOBO,NASDAQ,Stock,USD,2024-03-21,2026-06-17
LOCC,NYSE,Stock,USD,2021-11-15,2023-11-29
LOCC-U,NYSE,Stock,USD,2021-09-23,2023-11-29
LOCC-WS,NYSE,Stock,USD,2021-11-15,2023-11-29
LOCK,NYSE,Stock,USD,2016-01-04,2017-02-16
LOCL,NYSE,Stock,USD,2021-04-19,2026-06-17
LOCO,NASDAQ,Stock,USD,2014-07-25,2026-06-17
LODE,AMEX,Stock,USD,2003-03-18,2026-06-17
LODG,NASDAQ,Stock,USD,1992-02-12,2017-09-18
LOGC,NASDAQ,Stock,USD,2018-10-19,2022-11-16
LOGI,NASDAQ,Stock,USD,1997-03-31,2026-06-17
LOGM,NASDAQ,Stock,USD,2009-07-01,2020-08-31
LOGMV,NASDAQ,Stock,USD,2017-01-26,2017-02-08
LOJN,NASDAQ,Stock,USD,1993-03-24,2016-03-21
LOKB-U,NYSE,Stock,USD,2020-12-03,2021-10-19
LOKM,NYSE,Stock,USD,2021-04-22,2023-03-06
LOKM-U,NYSE,Stock,USD,2021-03-02,2023-03-06
LOKM-WS,NYSE,Stock,USD,2021-05-03,2022-12-23
LOKM-WS,NYSE,Stock,USD,2021-04-22,2023-03-06
LOKV,NASDAQ,Stock,USD,2025-04-21,2026-06-17
LOKVU,NASDAQ,Stock,USD,2025-02-28,2026-06-17
LOKVW,NASDAQ,Stock,USD,2025-04-21,2026-06-17
LOLI,NASDAQ,Stock,USD,2017-07-13,2017-08-11
LOMA,NYSE,Stock,USD,2017-11-01,2026-06-17
LONA,NASDAQ,Stock,USD,2020-09-18,2026-06-17
LONE,NASDAQ,Stock,USD,2016-01-04,2020-11-05
LONG,NASDAQ,Stock,USD,2004-10-27,2016-06-01
LOOK,NASDAQ,Stock,USD,1999-08-20,2015-10-27
LOOP,NASDAQ,Stock,USD,2017-11-20,2026-06-17
LOPE,NASDAQ,Stock,USD,2008-11-20,2026-06-17
LORL,NASDAQ,Stock,USD,2005-07-27,2022-02-28
LOT,NASDAQ,Stock,USD,2024-02-22,2026-06-17
LOTWW,NASDAQ,Stock,USD,2024-02-23,2026-06-17
LOTZ,NASDAQ,Stock,USD,2019-05-09,2023-01-03
LOTZW,NASDAQ,Stock,USD,2019-04-15,2022-12-09
LOVE,NASDAQ,Stock,USD,2018-06-27,2026-06-17
LOW,NYSE,Stock,USD,1985-07-01,2026-06-17
LOXO,NASDAQ,Stock,USD,2014-08-01,2019-02-15
LPA,AMEX,Stock,USD,2024-03-28,2026-06-17
LPAA,NASDAQ,Stock,USD,2024-09-03,2026-06-17
LPAAU,NASDAQ,Stock,USD,2024-07-12,2026-06-17
LPAAW,NASDAQ,Stock,USD,2024-09-03,2026-06-17
LPBB,NASDAQ,Stock,USD,2024-11-29,2026-06-17
LPBBU,NASDAQ,Stock,USD,2024-10-08,2026-06-17
LPBBW,NASDAQ,Stock,USD,2024-11-29,2026-06-17
LPCN,NASDAQ,Stock,USD,2013-10-22,2026-06-17
LPCV,NASDAQ,Stock,USD,2026-02-09,2026-06-17
LPCVU,NASDAQ,Stock,USD,2025-12-18,2026-06-17
LPCVW,NASDAQ,Stock,USD,2026-02-09,2026-06-17
LPDX,NASDAQ,Stock,USD,2013-01-25,2014-11-20
LPG,NYSE,Stock,USD,2014-05-08,2026-06-17
LPHI,NASDAQ,Stock,USD,2000-02-09,2015-03-26
LPHIQ,NASDAQ,Stock,USD,2016-01-04,2016-12-19
LPL,NYSE,Stock,USD,2004-07-22,2026-06-17
LPLA,NASDAQ,Stock,USD,2010-11-18,2026-06-17
LPNT,NASDAQ,Stock,USD,1999-05-12,2018-11-16
LPRIQ,NYSE,Stock,USD,2013-09-16,2014-01-31
LPRO,NASDAQ,Stock,USD,2018-03-06,2026-06-17
LPSB,NASDAQ,Stock,USD,2016-01-04,2016-07-25
LPSN,NASDAQ,Stock,USD,2000-04-07,2026-06-17
LPT,NYSE,Stock,USD,1994-06-17,2020-02-03
LPTH,NASDAQ,Stock,USD,1996-02-28,2026-06-17
LPX,NYSE,Stock,USD,1982-01-04,2026-06-17
LQ,NASDAQ,Stock,USD,2014-04-09,2026-06-17
LQDA,NASDAQ,Stock,USD,2018-07-26,2026-06-17
LQDT,NASDAQ,Stock,USD,2006-02-27,2026-06-17
LRCX,NASDAQ,Stock,USD,1990-03-26,2026-06-17
LRE,NYSE,Stock,USD,2011-11-11,2015-10-05
LRE,NASDAQ,Stock,USD,2023-09-27,2026-06-17
LRFC,NASDAQ,Stock,USD,2013-09-25,2025-07-15
LRHC,NASDAQ,Stock,USD,2023-10-09,2026-06-17
LRMR,NASDAQ,Stock,USD,2014-06-19,2026-06-17
LRN,NYSE,Stock,USD,2007-12-13,2026-06-17
LSAK,NASDAQ,Stock,USD,1999-04-19,2026-06-17
LSBG,NASDAQ,Stock,USD,2016-01-04,2017-01-23
LSBI,NASDAQ,Stock,USD,1995-02-07,2014-10-31
LSBK,NASDAQ,Stock,USD,2006-04-05,2025-07-18
LSBK,NASDAQ,Stock,USD,2025-07-21,2026-06-17
LSCC,NASDAQ,Stock,USD,1990-03-26,2026-06-17
LSE,NYSE,Stock,USD,2004-03-19,2013-11-06
LSE,NASDAQ,Stock,USD,2024-12-19,2026-06-17
LSEA,NASDAQ,Stock,USD,2018-06-29,2025-06-25
LSEAW,NASDAQ,Stock,USD,2023-10-12,2026-06-17
LSF,AMEX,Stock,USD,2020-09-23,2026-06-17
LSG,NYSE,Stock,USD,2016-01-04,2016-04-11
LSH,NASDAQ,Stock,USD,2024-06-28,2026-06-17
LSI,NYSE,Stock,USD,1995-06-21,2023-07-19
LSPD,NYSE,Stock,USD,2019-08-13,2026-06-17
LSPD,NYSE,Stock,USD,2008-01-23,2019-08-12
LSPR,NASDAQ,Stock,USD,2022-02-10,2022-12-12
LSPRU,NASDAQ,Stock,USD,2021-12-21,2022-12-12
LSTA,NASDAQ,Stock,USD,1999-03-01,2026-06-17
LSTR,NASDAQ,Stock,USD,1993-03-05,2026-06-17
LSXMA,NASDAQ,Stock,USD,2016-04-18,2026-06-17
LSXMB,NASDAQ,Stock,USD,2016-04-21,2026-06-17
LSXMK,NASDAQ,Stock,USD,2016-04-18,2026-06-17
LSXMR,NASDAQ,Stock,USD,2020-05-15,2020-06-05
LTBR,NASDAQ,Stock,USD,2000-11-13,2026-06-17
LTC,NYSE,Stock,USD,1992-08-25,2026-06-17
LTCC,NASDAQ,Stock,USD,2025-10-28,2026-06-17
LTCH,NASDAQ,Stock,USD,2024-04-02,2026-05-28
LTEA,NASDAQ,Stock,USD,2015-03-10,2018-01-04
LTGRU,NASDAQ,Stock,USD,2026-06-04,2026-06-17
LTH,NYSE,Stock,USD,2021-10-07,2026-06-17
LTHM,NYSE,Stock,USD,2018-10-11,2024-01-04
LTHM,NYSE,Stock,USD,2018-10-11,2019-03-01
LTM,NYSE,Stock,USD,1997-11-07,2026-06-17
LTM1,NYSE,Stock,USD,2004-07-26,2015-06-10
LTMAY,NYSE,Stock,USD,2020-06-10,2024-07-23
LTN-R,NYSE,Stock,USD,2018-03-22,2019-03-14
LTN-U,NYSE,Stock,USD,2018-02-28,2019-03-14
LTRN,NASDAQ,Stock,USD,2020-06-11,2026-06-17
LTRX,NASDAQ,Stock,USD,2000-08-04,2026-06-17
LTRY,NASDAQ,Stock,USD,2018-06-13,2025-07-07
LTRY,NASDAQ,Stock,USD,2021-10-29,2021-11-03
LTRYW,NASDAQ,Stock,USD,2018-06-13,2026-06-17
LTS,NYSE,Stock,USD,1999-08-25,2020-02-14
LTXB,NASDAQ,Stock,USD,2006-10-03,2019-10-31
LTXC,NASDAQ,Stock,USD,1990-03-26,2014-05-21
LU,NYSE,Stock,USD,2020-10-30,2026-06-17
LUB,NYSE,Stock,USD,1985-07-01,2022-06-21
LUCD,NASDAQ,Stock,USD,2021-10-14,2026-06-17
LUCK,NYSE,Stock,USD,2021-04-23,2026-06-17
LUCY,NASDAQ,Stock,USD,2022-08-15,2026-06-17
LUCYW,NASDAQ,Stock,USD,2022-08-15,2026-06-17
LUD,AMEX,Stock,USD,2025-02-27,2026-06-17
LUK,NYSE,Stock,USD,1987-11-05,2018-05-23
LULU,NASDAQ,Stock,USD,2007-07-27,2026-06-17
LUMCQ,NYSE,Stock,USD,2008-09-24,2009-07-22
LUMN,NYSE,Stock,USD,1987-11-05,2026-06-17
LUMO,NASDAQ,Stock,USD,2011-11-11,2024-12-12
LUNG,NASDAQ,Stock,USD,2020-10-01,2026-06-17
LUNR,NASDAQ,Stock,USD,2021-11-17,2026-06-17
LUNRW,NASDAQ,Stock,USD,2021-11-16,2026-06-17
LUV,NYSE,Stock,USD,1980-01-02,2026-06-17
LUX,NYSE,Stock,USD,1990-01-24,2025-08-06
LUXA,NASDAQ,Stock,USD,2020-12-18,2022-11-01
LUXAU,NASDAQ,Stock,USD,2020-10-27,2022-10-28
LUXAW,NASDAQ,Stock,USD,2020-12-22,2022-10-28
LUXE,NYSE,Stock,USD,2021-01-21,2026-06-17
LVAC,NASDAQ,Stock,USD,2021-12-22,2023-05-12
LVACU,NASDAQ,Stock,USD,2021-10-27,2023-05-12
LVACW,NASDAQ,Stock,USD,2021-12-17,2023-05-12
LVB,NYSE,Stock,USD,2006-12-28,2013-09-18
LVGO,NASDAQ,Stock,USD,2019-07-25,2020-10-30
LVLT,NYSE,Stock,USD,1998-03-31,2017-11-01
LVLU,NASDAQ,Stock,USD,2021-11-11,2026-06-17
LVNTA,NASDAQ,Stock,USD,2012-08-10,2018-03-12
LVNTB,NASDAQ,Stock,USD,2012-08-15,2018-03-12
LVO,NASDAQ,Stock,USD,2017-08-18,2026-06-17
LVOX,NASDAQ,Stock,USD,2019-04-18,2023-12-22
LVOXU,NASDAQ,Stock,USD,2019-03-08,2023-12-22
LVOXW,NASDAQ,Stock,USD,2019-04-17,2023-12-22
LVRA,NASDAQ,Stock,USD,2021-05-14,2023-03-23
LVRAU,NASDAQ,Stock,USD,2021-03-19,2023-03-23
LVRAW,NASDAQ,Stock,USD,2021-05-14,2023-03-23
LVS,NYSE,Stock,USD,2004-12-15,2026-06-17
LVTX,NASDAQ,Stock,USD,2021-03-25,2025-12-05
LVWR,NYSE,Stock,USD,2022-09-26,2026-06-17
LVWR-WS,NYSE,Stock,USD,2022-09-27,2026-06-17
LW,NYSE,Stock,USD,2016-11-10,2026-06-17
LW-W,NYSE,Stock,USD,2016-11-01,2016-11-16
LWAC,NASDAQ,Stock,USD,2025-08-15,2026-06-17
LWACU,NASDAQ,Stock,USD,2025-06-25,2026-06-17
LWACU,NASDAQ,Stock,USD,2021-01-08,2021-08-25
LWACW,NASDAQ,Stock,USD,2025-08-15,2026-06-17
LWAY,NASDAQ,Stock,USD,1995-08-18,2026-06-17
LWLG,NASDAQ,Stock,USD,2007-07-13,2026-06-17
LX,NASDAQ,Stock,USD,2017-12-21,2026-06-17
LXEH,NASDAQ,Stock,USD,2020-10-01,2026-06-17
LXEO,NASDAQ,Stock,USD,2023-11-03,2026-06-17
LXFR,NYSE,Stock,USD,2012-10-03,2026-06-17
LXFT,NYSE,Stock,USD,2013-06-26,2019-06-28
LXK,NYSE,Stock,USD,2016-01-04,2016-11-29
LXP,NYSE,Stock,USD,1993-10-22,2026-06-17
LXP-P-C,NYSE,Stock,USD,2014-09-22,2026-06-17
LXRX,NASDAQ,Stock,USD,2000-04-07,2026-06-17
LXU,NYSE,Stock,USD,1980-01-02,2026-06-17
LYB,NYSE,Stock,USD,2010-04-28,2026-06-17
LYEL,NASDAQ,Stock,USD,2021-06-17,2026-06-17
LYFT,NASDAQ,Stock,USD,2019-03-29,2026-06-17
LYG,NYSE,Stock,USD,2001-11-27,2026-06-17
LYLTV,NASDAQ,Stock,USD,2021-11-02,2021-11-05
LYTS,NASDAQ,Stock,USD,1990-03-26,2026-06-17
LYV,NYSE,Stock,USD,2005-12-21,2026-06-17
LZ,NASDAQ,Stock,USD,2021-06-30,2026-06-17
LZ,NYSE,Stock,USD,2001-01-02,2011-11-30
LZB,NYSE,Stock,USD,1988-01-05,2026-06-17
LZM,NYSE,Stock,USD,2023-07-05,2026-06-17
LZM-WS,NYSE,Stock,USD,2023-07-06,2026-06-17
LZMH,NASDAQ,Stock,USD,2025-02-27,2026-06-17
M,NYSE,Stock,USD,1992-02-05,2026-06-17
MA,NYSE,Stock,USD,2006-05-25,2026-06-17
MAA,NYSE,Stock,USD,1994-01-28,2026-06-17
MAA-P-I,NYSE,Stock,USD,2016-12-05,2026-06-17
MAAC,NASDAQ,Stock,USD,2020-12-08,2021-09-30
MAACU,NASDAQ,Stock,USD,2020-10-07,2021-09-30
MAACW,NASDAQ,Stock,USD,2020-12-09,2021-09-30
MAAQR,NASDAQ,Stock,USD,2022-01-14,2022-10-25
MAAQU,NASDAQ,Stock,USD,2021-11-23,2022-10-25
MAAS,NASDAQ,Stock,USD,2019-03-29,2026-06-17
MAC,NYSE,Stock,USD,1994-03-10,2026-06-17
MACA,NASDAQ,Stock,USD,2021-04-07,2024-08-15
MACAU,NASDAQ,Stock,USD,2021-02-17,2024-08-15
MACAW,NASDAQ,Stock,USD,2021-04-09,2024-08-15
MACC,NYSE,Stock,USD,2021-04-26,2022-12-07
MACC-U,NYSE,Stock,USD,2021-03-03,2022-12-07
MACC-WS,NYSE,Stock,USD,2021-04-23,2021-04-30
MACI,NASDAQ,Stock,USD,2024-07-17,2026-06-17
MACIU,NASDAQ,Stock,USD,2024-06-18,2026-06-17
MACIW,NASDAQ,Stock,USD,2024-07-17,2026-06-17
MACK,NASDAQ,Stock,USD,2012-03-29,2024-05-28
MACQ,NASDAQ,Stock,USD,2021-04-20,2021-12-22
MACQ,NASDAQ,Stock,USD,2016-12-06,2018-07-26
MACQU,NASDAQ,Stock,USD,2016-09-14,2018-07-26
MACQU,NASDAQ,Stock,USD,2021-02-26,2021-12-22
MACQW,NASDAQ,Stock,USD,2016-11-14,2018-07-24
MACU,NASDAQ,Stock,USD,2020-12-11,2022-05-24
MACUU,NASDAQ,Stock,USD,2020-10-27,2022-04-29
MACUW,NASDAQ,Stock,USD,2020-11-30,2022-04-29
MAGH,NASDAQ,Stock,USD,2025-08-12,2026-06-17
MAGN,NYSE,Stock,USD,1984-05-16,2026-06-17
MAIA,AMEX,Stock,USD,2022-07-28,2026-06-17
MAIN,NYSE,Stock,USD,2007-10-09,2026-06-17
MAIR,NYSE,Stock,USD,2026-04-16,2026-06-17
MAKO,NASDAQ,Stock,USD,2026-03-30,2026-06-17
MAMA,NASDAQ,Stock,USD,2014-07-17,2026-06-17
MAMK,NASDAQ,Stock,USD,2025-07-07,2026-06-17
MAMO,NASDAQ,Stock,USD,2024-04-02,2026-06-17
MAMS,NASDAQ,Stock,USD,1999-10-05,2019-10-21
MAN,NYSE,Stock,USD,1988-10-05,2026-06-17
MANA,NASDAQ,Stock,USD,2022-05-16,2022-05-16
MANE,NYSE,Stock,USD,2026-02-04,2026-06-17
MANH,NASDAQ,Stock,USD,1998-04-23,2026-06-17
MANT,NASDAQ,Stock,USD,2002-02-07,2022-09-16
MANU,NYSE,Stock,USD,2012-08-10,2026-06-17
MAPS,NASDAQ,Stock,USD,2026-04-28,2026-05-28
MAR,NASDAQ,Stock,USD,1993-10-13,2026-06-17
MARA,NASDAQ,Stock,USD,2012-05-04,2026-06-17
MARPS,NASDAQ,Stock,USD,1995-08-18,2026-06-17
MARX,NASDAQ,Stock,USD,2023-03-14,2025-01-02
MARXR,NASDAQ,Stock,USD,2023-03-14,2025-01-02
MARXU,NASDAQ,Stock,USD,2023-02-13,2025-01-02
MAS,NYSE,Stock,USD,1983-06-10,2026-06-17
MASI,NASDAQ,Stock,USD,2007-08-08,2026-06-10
MASK,NASDAQ,Stock,USD,2025-01-08,2026-06-17
MASS,NASDAQ,Stock,USD,2020-12-18,2026-06-17
MAT,NASDAQ,Stock,USD,1982-01-04,2026-06-17
MATH,NASDAQ,Stock,USD,2017-10-20,2026-06-17
MATR,NASDAQ,Stock,USD,2000-02-10,2018-08-20
MATV,NYSE,Stock,USD,1995-11-09,2026-06-17
MATW,NASDAQ,Stock,USD,1994-08-10,2026-06-17
MATX,NYSE,Stock,USD,1973-05-03,2026-06-17
MAX,NYSE,Stock,USD,2020-10-28,2026-06-17
MAXR,NYSE,Stock,USD,2009-02-13,2023-05-08
MAXW,NASDAQ,Stock,USD,2017-11-06,2018-05-30
MAYA,NASDAQ,Stock,USD,2026-05-28,2026-06-17
MAYAR,NASDAQ,Stock,USD,2026-05-28,2026-06-17
MAYS,NASDAQ,Stock,USD,1992-02-26,2026-06-17
MAZE,NASDAQ,Stock,USD,2025-01-31,2026-06-17
MB,NASDAQ,Stock,USD,2015-06-19,2019-02-15
MB,NASDAQ,Stock,USD,2025-04-10,2026-06-17
MBAC,NYSE,Stock,USD,2021-04-26,2023-12-08
MBAC-U,NYSE,Stock,USD,2021-03-04,2023-12-08
MBAC-WS,NYSE,Stock,USD,2021-04-26,2023-12-08
MBAI,NASDAQ,Stock,USD,2025-11-28,2026-06-17
MBAV,NASDAQ,Stock,USD,2024-09-23,2026-06-17
MBAVU,NASDAQ,Stock,USD,2024-08-01,2026-06-17
MBAVW,NASDAQ,Stock,USD,2024-09-23,2026-06-17
MBBC,NASDAQ,Stock,USD,2021-04-19,2026-06-17
MBC,NYSE,Stock,USD,2022-12-09,2026-06-17
MBC-W,NYSE,Stock,USD,2022-12-09,2022-12-14
MBCN,NASDAQ,Stock,USD,2002-06-05,2026-03-03
MBFI,NASDAQ,Stock,USD,1995-04-07,2019-03-21
MBFIO,NASDAQ,Stock,USD,2017-11-16,2019-03-22
MBFIP,NASDAQ,Stock,USD,2014-09-24,2018-02-14
MBI,NYSE,Stock,USD,1987-07-02,2026-06-17
MBIEL,NASDAQ,Stock,USD,2024-11-22,2026-06-17
MBII,NASDAQ,Stock,USD,2013-08-02,2022-09-07
MBIN,NASDAQ,Stock,USD,2017-10-27,2026-06-17
MBINL,NASDAQ,Stock,USD,2024-11-25,2026-06-17
MBINM,NASDAQ,Stock,USD,2022-09-23,2026-06-17
MBINN,NASDAQ,Stock,USD,2021-03-16,2021-03-23
MBINN,NASDAQ,Stock,USD,2021-03-17,2026-06-17
MBINO,NASDAQ,Stock,USD,2019-08-13,2026-06-17
MBINP,NASDAQ,Stock,USD,2019-03-26,2024-04-01
MBIO,NASDAQ,Stock,USD,2017-08-22,2026-06-17
MBLY,NYSE,Stock,USD,2014-08-01,2017-09-14
MBLY,NASDAQ,Stock,USD,2022-10-26,2026-06-17
MBNAA,NASDAQ,Stock,USD,2018-08-29,2018-10-23
MBNAB,NASDAQ,Stock,USD,2018-08-29,2018-10-23
MBND,NASDAQ,Stock,USD,2006-12-28,2013-08-30
MBNKO,NASDAQ,Stock,USD,2025-05-21,2026-06-17
MBNKP,NASDAQ,Stock,USD,2019-12-17,2026-06-17
MBOT,NASDAQ,Stock,USD,1992-03-25,2026-06-17
MBRG,NASDAQ,Stock,USD,2016-01-04,2017-04-10
MBRX,NASDAQ,Stock,USD,2016-06-02,2026-06-17
MBSC,NYSE,Stock,USD,2021-12-13,2023-09-20
MBSC-U,NYSE,Stock,USD,2021-10-22,2023-09-20
MBSC-WS,NYSE,Stock,USD,2021-12-13,2023-09-20
MBT,NYSE,Stock,USD,2000-06-30,2026-06-17
MBTC,NASDAQ,Stock,USD,2021-05-05,2024-04-10
MBTCR,NASDAQ,Stock,USD,2021-05-03,2024-04-03
MBTCU,NASDAQ,Stock,USD,2021-03-31,2024-04-10
MBTF,NASDAQ,Stock,USD,1999-01-04,2019-09-03
MBUU,NASDAQ,Stock,USD,2014-01-31,2026-06-17
MBVI,NASDAQ,Stock,USD,2025-10-17,2026-06-17
MBVIU,NASDAQ,Stock,USD,2025-08-27,2026-06-17
MBVIW,NASDAQ,Stock,USD,2025-10-17,2026-06-17
MBVT,NASDAQ,Stock,USD,1993-03-25,2017-05-22
MBWM,NASDAQ,Stock,USD,1999-07-20,2026-06-17
MBX,NASDAQ,Stock,USD,2024-09-13,2026-06-17
MC,NYSE,Stock,USD,2014-04-16,2026-06-17
MCAA,NASDAQ,Stock,USD,2021-12-29,2026-06-17
MCAAU,NASDAQ,Stock,USD,2021-11-05,2026-06-17
MCAAW,NASDAQ,Stock,USD,2021-12-29,2026-06-17
MCACR,NASDAQ,Stock,USD,2020-08-27,2021-02-10
MCACR,NASDAQ,Stock,USD,2022-07-01,2026-06-17
MCACU,NASDAQ,Stock,USD,2022-05-11,2026-06-17
MCACU,NASDAQ,Stock,USD,2020-06-05,2021-02-10
MCACW,NASDAQ,Stock,USD,2022-07-05,2026-06-17
MCADR,NASDAQ,Stock,USD,2021-03-24,2021-10-28
MCADU,NASDAQ,Stock,USD,2021-01-08,2021-10-28
MCAER,NASDAQ,Stock,USD,2021-06-21,2023-02-17
MCAEU,NASDAQ,Stock,USD,2021-05-18,2023-02-17
MCAF,NASDAQ,Stock,USD,2021-07-30,2024-04-01
MCAFR,NASDAQ,Stock,USD,2021-07-29,2024-04-01
MCAFU,NASDAQ,Stock,USD,2021-06-30,2024-04-01
MCAGR,NASDAQ,Stock,USD,2021-12-06,2026-06-17
MCAHU,NASDAQ,Stock,USD,2026-04-30,2026-06-17
MCB,NYSE,Stock,USD,2017-11-08,2026-06-17
MCBC,NASDAQ,Stock,USD,1998-05-20,2024-08-01
MCBS,NASDAQ,Stock,USD,2017-01-19,2026-06-17
MCD,NYSE,Stock,USD,1970-01-02,2026-06-17
MCEP,NASDAQ,Stock,USD,2011-12-15,2021-01-21
MCFE,NASDAQ,Stock,USD,2020-10-22,2022-09-16
MCFT,NASDAQ,Stock,USD,2015-07-17,2026-06-17
MCGA,NASDAQ,Stock,USD,2025-07-25,2026-06-17
MCGAU,NASDAQ,Stock,USD,2025-06-26,2026-06-17
MCGAW,NASDAQ,Stock,USD,2025-07-25,2026-06-17
MCGC,NASDAQ,Stock,USD,2001-11-30,2015-08-17
MCHB,NASDAQ,Stock,USD,2012-07-25,2026-06-17
MCHP,NASDAQ,Stock,USD,1993-03-19,2026-06-17
MCHPP,NASDAQ,Stock,USD,2025-03-26,2026-06-17
MCHX,NASDAQ,Stock,USD,2004-03-31,2026-06-17
MCK,NYSE,Stock,USD,1994-11-15,2026-06-17
MCK-WD,NYSE,Stock,USD,2020-03-11,2020-03-12
MCMJU,NASDAQ,Stock,USD,2019-11-05,2019-12-11
MCO,NYSE,Stock,USD,1994-10-31,2026-06-17
MCOX,NASDAQ,Stock,USD,2016-01-04,2016-04-15
MCP,NASDAQ,Stock,USD,2010-07-29,2015-06-24
MCQ,NYSE,Stock,USD,2016-01-04,2017-02-15
MCRB,NASDAQ,Stock,USD,2015-06-26,2026-06-17
MCRI,NASDAQ,Stock,USD,1993-08-10,2026-06-17
MCRL,NASDAQ,Stock,USD,1994-12-09,2015-08-03
MCRN,NYSE,Stock,USD,2015-06-25,2019-11-22
MCRP,AMEX,Stock,USD,2025-03-07,2026-06-17
MCRS,NASDAQ,Stock,USD,1990-03-26,2014-09-08
MCS,NYSE,Stock,USD,1990-03-29,2026-06-17
MCTA,NASDAQ,Stock,USD,2025-10-21,2026-06-17
MCUR,NASDAQ,Stock,USD,2016-01-04,2017-01-31
MCVT,NYSE,Stock,USD,2022-08-10,2026-06-17
MCW,NASDAQ,Stock,USD,2021-06-25,2026-05-19
MCX,NYSE,Stock,USD,2015-12-23,2020-11-19
MCY,NYSE,Stock,USD,1990-03-26,2026-06-17
MD,NYSE,Stock,USD,1995-09-20,2026-06-17
MDA,NYSE,Stock,USD,2017-10-05,2026-06-17
MDAI,NASDAQ,Stock,USD,2021-04-06,2026-06-17
MDAIW,NASDAQ,Stock,USD,2021-04-05,2026-06-17
MDAS,NASDAQ,Stock,USD,2007-12-12,2016-01-28
MDB,NASDAQ,Stock,USD,2017-10-19,2026-06-17
MDBH,NASDAQ,Stock,USD,2023-09-21,2026-06-17
MDC,NYSE,Stock,USD,1980-03-11,2024-04-19
MDCA,NASDAQ,Stock,USD,1995-04-17,2021-08-02
MDCI,NASDAQ,Stock,USD,1986-07-22,2014-09-30
MDCO,NASDAQ,Stock,USD,2000-08-08,2020-01-06
MDCX,NASDAQ,Stock,USD,2016-02-03,2026-06-17
MDCXW,NASDAQ,Stock,USD,2024-11-14,2026-06-17
MDGL,NASDAQ,Stock,USD,2007-02-06,2026-06-17
MDGSW,NASDAQ,Stock,USD,2018-07-23,2023-07-19
MDH,NYSE,Stock,USD,2021-03-26,2022-12-29
MDH-U,NYSE,Stock,USD,2021-02-02,2022-12-29
MDHWS,NYSE,Stock,USD,2021-03-26,2022-12-29
MDIA,NASDAQ,Stock,USD,2020-01-06,2026-06-17
MDLA,NYSE,Stock,USD,2019-07-19,2021-10-29
MDLG,NYSE,Stock,USD,2001-01-02,2016-04-15
MDLN,NASDAQ,Stock,USD,2025-12-17,2026-06-17
MDLZ,NASDAQ,Stock,USD,2001-06-13,2026-06-17
MDR,NYSE,Stock,USD,1982-12-31,2020-01-22
MDRR,NASDAQ,Stock,USD,2018-11-28,2026-06-17
MDRRP,NASDAQ,Stock,USD,2020-02-13,2026-06-17
MDSO,NASDAQ,Stock,USD,2009-06-25,2019-10-28
MDSY,NASDAQ,Stock,USD,1997-01-31,2017-05-02
MDT,NYSE,Stock,USD,1981-12-31,2026-06-17
MDTL,NASDAQ,Stock,USD,2010-01-04,2013-02-25
MDU,NYSE,Stock,USD,1987-11-05,2026-06-17
MDU-W,NYSE,Stock,USD,2023-05-25,2024-10-31
MDV,NYSE,Stock,USD,2022-02-11,2026-06-17
MDV-P-A,NYSE,Stock,USD,2021-09-15,2026-06-17
MDVN,NASDAQ,Stock,USD,2016-01-04,2016-09-29
MDWD,NASDAQ,Stock,USD,2014-03-20,2026-06-17
MDWT,NASDAQ,Stock,USD,2017-09-29,2023-12-21
MDXG,NASDAQ,Stock,USD,2007-08-22,2026-06-17
MDXH,NASDAQ,Stock,USD,2009-04-16,2023-11-24
MDXH,NASDAQ,Stock,USD,2021-11-04,2026-06-17
ME,NYSE,Stock,USD,2026-02-06,2026-05-28
MEA,AMEX,Stock,USD,2005-08-17,2015-09-11
MEAS,NASDAQ,Stock,USD,1993-04-26,2014-10-09
MEC,NYSE,Stock,USD,2019-05-09,2026-06-17
MECK,NASDAQ,Stock,USD,1996-02-02,2018-04-10
MED,NYSE,Stock,USD,1993-12-31,2026-06-17
MEDP,NASDAQ,Stock,USD,2016-08-11,2026-06-17
MEET,NASDAQ,Stock,USD,2003-09-04,2020-09-04
MEG,NYSE,Stock,USD,2016-01-04,2017-01-25
MEGI,NYSE,Stock,USD,2021-10-27,2026-06-17
MEGL,NASDAQ,Stock,USD,2022-08-05,2026-06-17
MEHA,NASDAQ,Stock,USD,2025-11-05,2026-06-17
MEI,NYSE,Stock,USD,1990-03-23,2026-06-17
MEKA,NASDAQ,Stock,USD,2021-09-29,2023-06-15
MELA,NASDAQ,Stock,USD,2005-11-03,2016-01-04
MELI,NASDAQ,Stock,USD,2007-08-10,2026-06-17
MEMP,NASDAQ,Stock,USD,2011-12-09,2017-08-28
MEMS,NASDAQ,Stock,USD,2007-12-14,2013-09-17
MENS,NASDAQ,Stock,USD,2025-06-17,2026-06-17
MENT,NASDAQ,Stock,USD,2016-01-04,2017-03-31
MEOA,NASDAQ,Stock,USD,2021-10-18,2023-07-12
MEOAU,NASDAQ,Stock,USD,2021-08-26,2023-07-12
MEOAW,NASDAQ,Stock,USD,2021-10-18,2023-07-12
MEOH,NASDAQ,Stock,USD,1992-05-19,2026-06-17
MEP,NYSE,Stock,USD,2013-11-07,2017-08-28
MER,NYSE,Stock,USD,2006-12-28,2008-12-31
MER-P-K,NYSE,Stock,USD,2014-09-22,2026-06-17
MER-P-P,NYSE,Stock,USD,2014-09-22,2018-06-05
MERC,NASDAQ,Stock,USD,1990-03-26,2026-06-17
MERU,NASDAQ,Stock,USD,2010-03-31,2015-07-07
MESA,NASDAQ,Stock,USD,2026-02-06,2026-06-17
MESG,NASDAQ,Stock,USD,2015-09-08,2018-05-25
MESH,NASDAQ,Stock,USD,2026-01-30,2026-06-17
MESHU,NASDAQ,Stock,USD,2025-12-10,2026-06-17
MESHW,NASDAQ,Stock,USD,2026-01-30,2026-06-17
MESO,NASDAQ,Stock,USD,2015-11-13,2026-06-17
MET,NYSE,Stock,USD,2000-04-05,2026-06-17
MET-P-A,NYSE,Stock,USD,2014-09-22,2026-06-17
MET-P-E,NYSE,Stock,USD,2018-05-31,2026-06-17
MET-P-F,NYSE,Stock,USD,2020-01-08,2026-06-17
META,NASDAQ,Stock,USD,2012-05-18,2026-06-17
METBV,NASDAQ,Stock,USD,2023-06-16,2023-06-21
METC,NASDAQ,Stock,USD,2017-02-03,2026-06-17
METCB,NASDAQ,Stock,USD,2023-06-16,2026-06-17
METCI,NASDAQ,Stock,USD,2025-08-05,2026-06-17
METCI,NASDAQ,Stock,USD,2025-08-01,2025-08-05
METCL,NASDAQ,Stock,USD,2021-07-14,2026-06-17
METCV,NASDAQ,Stock,USD,2023-06-16,2023-06-21
METCZ,NASDAQ,Stock,USD,2024-12-03,2026-06-17
METR,NASDAQ,Stock,USD,2016-01-04,2016-02-22
MEUSW,NASDAQ,Stock,USD,2020-11-23,2021-12-22
MEVO,NASDAQ,Stock,USD,2026-02-19,2026-06-17
MEVOU,NASDAQ,Stock,USD,2026-01-30,2026-06-17
MEVOW,NASDAQ,Stock,USD,2026-02-19,2026-06-17
MFA,NYSE,Stock,USD,1998-04-13,2026-06-17
MFA-P-B,NYSE,Stock,USD,2014-09-22,2026-06-17
MFA-P-C,NYSE,Stock,USD,2020-02-25,2026-06-17
MFAC-U,NYSE,Stock,USD,2018-08-24,2021-01-05
MFAN,NYSE,Stock,USD,2024-01-24,2026-06-17
MFAO,NYSE,Stock,USD,2024-04-24,2026-06-17
MFB,NYSE,Stock,USD,2006-12-28,2013-10-04
MFC,NYSE,Stock,USD,1999-09-24,2026-06-17
MFE,NYSE,Stock,USD,2006-12-28,2011-03-01
MFG,NYSE,Stock,USD,2006-11-08,2026-06-17
MFGP,NYSE,Stock,USD,2017-08-17,2023-02-21
MFI,NASDAQ,Stock,USD,2024-04-22,2026-06-17
MFI,NASDAQ,Stock,USD,1999-02-05,2015-01-23
MFI,NASDAQ,Stock,USD,2024-10-02,2024-10-02
MFIC,NASDAQ,Stock,USD,2004-05-05,2026-06-17
MFICL,NASDAQ,Stock,USD,2023-12-19,2026-06-17
MFIN,NASDAQ,Stock,USD,1996-05-23,2026-06-17
MFINL,NASDAQ,Stock,USD,2016-05-02,2021-04-14
MFLR,NASDAQ,Stock,USD,2006-12-28,2013-11-15
MFNC,NASDAQ,Stock,USD,2000-03-17,2021-09-03
MFO,NYSE,Stock,USD,2012-04-17,2021-01-05
MFRM,NASDAQ,Stock,USD,2011-11-17,2016-09-19
MFSF,NASDAQ,Stock,USD,1999-12-30,2020-04-24
MG,NYSE,Stock,USD,2009-10-08,2026-06-17
MGA,NYSE,Stock,USD,1990-03-26,2026-06-17
MGAM,NASDAQ,Stock,USD,1995-02-01,2026-05-28
MGCD,NASDAQ,Stock,USD,2003-07-15,2018-01-08
MGEE,NASDAQ,Stock,USD,1990-03-26,2026-06-17
MGI,NASDAQ,Stock,USD,2004-07-01,2023-06-01
MGIC,NASDAQ,Stock,USD,1991-08-30,2026-06-17
MGIH,NASDAQ,Stock,USD,2023-04-04,2026-06-17
MGLD,AMEX,Stock,USD,2002-02-21,2026-06-17
MGLN,NASDAQ,Stock,USD,2004-02-25,2022-01-04
MGM,NYSE,Stock,USD,1990-01-12,2026-06-17
MGN,NYSE,Stock,USD,2004-03-23,2016-09-21
MGN,NASDAQ,Stock,USD,2025-09-26,2026-06-17
MGNI,NASDAQ,Stock,USD,2014-04-02,2026-06-17
MGNX,NASDAQ,Stock,USD,2013-10-10,2026-06-17
MGOL,NASDAQ,Stock,USD,2023-01-13,2025-02-19
MGP,NYSE,Stock,USD,2016-04-20,2022-05-19
MGPI,NASDAQ,Stock,USD,1990-03-26,2026-06-17
MGR,NYSE,Stock,USD,2019-03-29,2026-06-17
MGRB,NYSE,Stock,USD,2020-09-29,2026-06-17
MGRC,NASDAQ,Stock,USD,1990-03-26,2026-06-17
MGRD,NYSE,Stock,USD,2021-07-23,2026-06-17
MGRE,NYSE,Stock,USD,2024-03-27,2026-06-17
MGRM,NASDAQ,Stock,USD,2023-05-18,2025-10-07
MGRP,NASDAQ,Stock,USD,2010-06-08,2012-06-26
MGRT,NASDAQ,Stock,USD,2025-07-16,2026-06-17
MGRX,NASDAQ,Stock,USD,2023-03-21,2026-06-17
MGTA,NASDAQ,Stock,USD,2018-06-21,2023-09-11
MGTX,NASDAQ,Stock,USD,2018-06-08,2026-06-17
MGX,NASDAQ,Stock,USD,2024-02-09,2026-06-17
MGY,NYSE,Stock,USD,2017-06-29,2026-06-17
MGY-WS,NYSE,Stock,USD,2017-06-26,2019-07-24
MGYR,NASDAQ,Stock,USD,2006-01-24,2026-06-17
MH,NYSE,Stock,USD,2025-07-24,2026-06-17
MH-P-A,NYSE,Stock,USD,2014-09-22,2022-12-23
MH-P-C,NYSE,Stock,USD,2015-11-27,2022-12-23
MH-P-D,NYSE,Stock,USD,2017-06-09,2022-12-23
MHGC,NASDAQ,Stock,USD,2006-02-13,2016-12-02
MHH,AMEX,Stock,USD,2008-09-19,2026-06-17
MHIG,NYSE,Stock,USD,2026-04-21,2026-06-17
MHIP,NYSE,Stock,USD,2026-04-21,2026-06-17
MHK,NYSE,Stock,USD,1992-04-01,2026-06-17
MHLA,NYSE,Stock,USD,2016-06-15,2026-06-17
MHLD,NASDAQ,Stock,USD,2008-05-06,2025-05-27
MHLDO,NASDAQ,Stock,USD,2016-01-04,2016-09-22
MHNA,NYSE,Stock,USD,2016-01-04,2016-05-23
MHNA-CL,NYSE,Stock,USD,2016-05-13,2016-06-14
MHNB,NYSE,Stock,USD,2012-03-29,2017-09-28
MHNB-CL,NYSE,Stock,USD,2017-05-24,2017-06-26
MHNC,NYSE,Stock,USD,2013-11-27,2026-06-17
MHO,NYSE,Stock,USD,1993-11-03,2026-06-17
MHO-P-A,NYSE,Stock,USD,1993-11-03,2017-10-13
MHR,NASDAQ,Stock,USD,2003-10-07,2015-11-10
MHS,NYSE,Stock,USD,2006-12-28,2013-04-10
MI,AMEX,Stock,USD,2023-09-18,2026-06-17
MIAX,NYSE,Stock,USD,2025-08-14,2026-06-17
MIC,NYSE,Stock,USD,2004-12-16,2022-07-21
MICC,NYSE,Stock,USD,2025-12-08,2026-06-17
MICTW,NASDAQ,Stock,USD,2014-10-08,2018-07-09
MIDD,NASDAQ,Stock,USD,1992-03-17,2026-06-17
MIFI,NASDAQ,Stock,USD,2001-01-02,2016-11-16
MIII,NASDAQ,Stock,USD,2016-10-06,2018-03-27
MIIIU,NASDAQ,Stock,USD,2016-07-07,2018-03-27
MIIIW,NASDAQ,Stock,USD,2016-08-30,2018-03-27
MIK,NASDAQ,Stock,USD,2014-06-27,2021-04-15
MIL,NYSE,Stock,USD,1996-05-08,2016-02-12
MILE,NASDAQ,Stock,USD,2020-11-09,2022-09-07
MILEW,NASDAQ,Stock,USD,2020-11-20,2022-07-28
MILL,NYSE,Stock,USD,1998-12-30,2015-07-30
MIME,NASDAQ,Stock,USD,2015-11-19,2022-09-16
MIMI,NASDAQ,Stock,USD,2025-01-10,2026-06-17
MIMO-WS,AMEX,Stock,USD,2021-08-16,2023-05-11
MIMO-WS-A,AMEX,Stock,USD,2021-08-20,2023-08-10
MIMO-WS-B,AMEX,Stock,USD,2021-08-20,2023-08-10
MIMO-WS-C,AMEX,Stock,USD,2021-08-20,2023-01-06
MIND,NASDAQ,Stock,USD,1994-12-28,2026-06-17
MINDP,NASDAQ,Stock,USD,2016-06-14,2026-06-17
MINE,AMEX,Stock,USD,2010-03-03,2026-06-17
MINI,NASDAQ,Stock,USD,1994-02-17,2020-07-01
MINM,NASDAQ,Stock,USD,2012-07-23,2025-07-09
MIO,NYSE,Stock,USD,2021-08-06,2025-08-22
MIR,NYSE,Stock,USD,2006-12-28,2010-12-03
MIR,NYSE,Stock,USD,2020-08-20,2026-06-17
MIR-WS,NYSE,Stock,USD,2018-07-30,2024-05-17
MIRA,NASDAQ,Stock,USD,2023-08-03,2026-06-17
MIRM,NASDAQ,Stock,USD,2019-07-18,2026-06-17
MIRO,NASDAQ,Stock,USD,2021-06-24,2023-12-13
MIST,NASDAQ,Stock,USD,2019-05-09,2026-06-17
MIT,NYSE,Stock,USD,2021-03-22,2023-02-02
MIT-U,NYSE,Stock,USD,2021-01-29,2023-02-02
MITA,NASDAQ,Stock,USD,2021-08-17,2025-06-26
MITAU,NASDAQ,Stock,USD,2021-06-23,2026-06-17
MITAW,NASDAQ,Stock,USD,2021-08-17,2025-06-26
MITK,NASDAQ,Stock,USD,1995-05-26,2026-06-17
MITL,NASDAQ,Stock,USD,2010-04-22,2018-11-30
MITN,NYSE,Stock,USD,2024-02-06,2026-06-17
MITO,NASDAQ,Stock,USD,2019-02-15,2022-11-16
MITP,NYSE,Stock,USD,2024-05-20,2026-06-17
MITQ,AMEX,Stock,USD,2021-07-08,2026-06-17
MITT,NYSE,Stock,USD,2011-06-30,2026-06-17
MITT-P-A,NYSE,Stock,USD,2014-09-22,2026-06-17
MITT-P-B,NYSE,Stock,USD,2014-09-22,2026-06-17
MITT-P-C,NYSE,Stock,USD,2019-09-13,2026-06-17
MITWS,NYSE,Stock,USD,2021-03-22,2023-02-14
MIXT,NYSE,Stock,USD,2013-08-09,2026-06-17
MJCO,NASDAQ,Stock,USD,2015-06-29,2020-09-21
MJN,NYSE,Stock,USD,2009-02-11,2017-07-14
MJRC,NASDAQ,Stock,USD,2006-03-24,2012-02-27
MKC,NYSE,Stock,USD,1990-03-26,2026-06-17
MKC-V,NYSE,Stock,USD,2003-10-07,2026-06-17
MKDW,NASDAQ,Stock,USD,2024-07-31,2026-06-17
MKDWW,NASDAQ,Stock,USD,2024-08-01,2026-06-17
MKFG,NYSE,Stock,USD,2020-10-08,2025-04-25
MKFG-WS,NYSE,Stock,USD,2021-07-15,2024-09-26
MKL,NYSE,Stock,USD,1990-01-02,2026-06-17
MKLY,NASDAQ,Stock,USD,2025-10-02,2026-06-17
MKLYR,NASDAQ,Stock,USD,2025-10-02,2026-06-17
MKLYU,NASDAQ,Stock,USD,2025-08-12,2026-06-17
MKSI,NASDAQ,Stock,USD,1999-03-30,2026-06-17
MKTO,NASDAQ,Stock,USD,2013-05-16,2016-08-17
MKTW,NASDAQ,Stock,USD,2020-09-14,2026-06-17
MKTX,NASDAQ,Stock,USD,2004-11-05,2026-06-17
MKZR,NASDAQ,Stock,USD,2024-05-14,2026-06-17
ML,NYSE,Stock,USD,2020-08-14,2025-04-17
ML-WS,NYSE,Stock,USD,2021-09-23,2025-04-25
ML-WS,NYSE,Stock,USD,2020-08-14,2022-12-23
MLAA,NASDAQ,Stock,USD,2026-03-19,2026-06-17
MLAAU,NASDAQ,Stock,USD,2026-01-27,2026-06-17
MLAAW,NASDAQ,Stock,USD,2026-03-19,2026-06-17
MLAB,NASDAQ,Stock,USD,1995-01-25,2026-06-17
MLAC,NASDAQ,Stock,USD,2025-02-03,2026-06-11
MLAC,NASDAQ,Stock,USD,2020-08-14,2023-06-16
MLACR,NASDAQ,Stock,USD,2025-02-03,2026-06-11
MLACU,NASDAQ,Stock,USD,2020-07-15,2023-06-16
MLACU,NASDAQ,Stock,USD,2024-12-13,2026-06-11
MLACW,NASDAQ,Stock,USD,2020-08-06,2023-06-16
MLAI,NASDAQ,Stock,USD,2021-12-23,2023-03-03
MLAIU,NASDAQ,Stock,USD,2021-11-03,2023-03-03
MLAIW,NASDAQ,Stock,USD,2021-12-23,2023-03-03
MLCI,NASDAQ,Stock,USD,2025-09-12,2026-06-17
MLCIL,NASDAQ,Stock,USD,2026-02-02,2026-06-17
MLCO,NASDAQ,Stock,USD,2006-12-19,2026-06-17
MLEC,NASDAQ,Stock,USD,2023-01-03,2026-06-17
MLECW,NASDAQ,Stock,USD,2023-01-03,2026-06-17
MLGO,NASDAQ,Stock,USD,2021-04-13,2026-06-17
MLI,NYSE,Stock,USD,1991-02-25,2026-06-17
MLKN,NASDAQ,Stock,USD,1990-03-26,2026-06-17
MLM,NYSE,Stock,USD,1994-02-17,2026-06-17
MLNK,NYSE,Stock,USD,2021-07-27,2025-10-23
MLNK,NASDAQ,Stock,USD,1994-01-31,2018-02-26
MLNX,NASDAQ,Stock,USD,2007-02-08,2020-04-27
MLP,NYSE,Stock,USD,1996-01-02,2026-06-17
MLPR,NYSE,Stock,USD,2020-06-03,2026-06-17
MLR,NYSE,Stock,USD,1994-08-02,2026-06-17
MLSS,AMEX,Stock,USD,1995-11-03,2026-06-17
MLTX,NASDAQ,Stock,USD,2020-10-20,2026-06-17
MLTX,NASDAQ,Stock,USD,2022-04-05,2022-04-08
MLVF,NASDAQ,Stock,USD,2008-05-21,2023-07-17
MLYS,NASDAQ,Stock,USD,2023-02-10,2026-06-17
MM,NYSE,Stock,USD,2012-03-29,2015-10-22
MMA,AMEX,Stock,USD,2024-03-28,2026-06-17
MMAC,NASDAQ,Stock,USD,1996-08-30,2021-09-15
MMDM,NASDAQ,Stock,USD,2017-06-07,2019-09-11
MMDMR,NASDAQ,Stock,USD,2017-06-07,2019-09-10
MMDMU,NASDAQ,Stock,USD,2017-05-12,2019-09-10
MMDMW,NASDAQ,Stock,USD,2017-06-07,2019-09-09
MMED,NASDAQ,Stock,USD,2026-03-06,2026-06-17
MMI,NYSE,Stock,USD,2013-10-31,2026-06-17
MMID,NYSE,Stock,USD,2025-09-24,2026-06-17
MMK,NYSE,Stock,USD,2026-02-12,2026-06-17
MMLP,NASDAQ,Stock,USD,2002-11-01,2026-06-17
MMM,NYSE,Stock,USD,1970-01-02,2026-06-17
MMM-W,NYSE,Stock,USD,2024-03-26,2024-03-28
MMM-WD,NYSE,Stock,USD,2022-09-07,2022-09-08
MMP,NYSE,Stock,USD,2001-03-19,2023-09-25
MMS,NYSE,Stock,USD,1997-06-13,2026-06-17
MMSI,NASDAQ,Stock,USD,1992-02-26,2026-06-17
MMSY,NASDAQ,Stock,USD,2001-01-02,2014-03-25
MMTX,NASDAQ,Stock,USD,2025-12-15,2026-06-17
MMTXU,NASDAQ,Stock,USD,2025-10-23,2026-06-17
MMTXW,NASDAQ,Stock,USD,2025-12-15,2026-06-17
MMV,NASDAQ,Stock,USD,2021-06-08,2026-06-17
MMVWW,NASDAQ,Stock,USD,2023-01-05,2026-06-17
MMYT,NASDAQ,Stock,USD,2010-08-12,2026-06-17
MN,NYSE,Stock,USD,2011-11-18,2022-10-28
MNC,NYSE,Stock,USD,2006-12-28,2009-02-27
MNCLU,NASDAQ,Stock,USD,2019-02-07,2020-12-22
MNDO,NASDAQ,Stock,USD,2000-08-08,2026-06-17
MNDR,NASDAQ,Stock,USD,2024-04-10,2026-06-17
MNDT,NASDAQ,Stock,USD,2013-09-20,2022-09-16
MNDY,NASDAQ,Stock,USD,2021-06-10,2026-06-17
MNEL,NASDAQ,Stock,USD,2007-07-24,2021-05-17
MNI,NYSE,Stock,USD,1989-06-30,2020-02-13
MNKD,NASDAQ,Stock,USD,2004-07-28,2026-06-17
MNMD,NASDAQ,Stock,USD,2020-03-03,2022-07-05
MNMD,NASDAQ,Stock,USD,2022-07-06,2022-07-08
MNOV,NASDAQ,Stock,USD,2006-12-08,2026-06-17
MNPR,NASDAQ,Stock,USD,2019-12-19,2026-06-17
MNR,NYSE,Stock,USD,2023-10-25,2026-06-17
MNR,NYSE,Stock,USD,1990-03-26,2022-02-25
MNR-P-B,NYSE,Stock,USD,1990-03-26,2017-06-02
MNRK,NASDAQ,Stock,USD,2016-01-04,2016-07-05
MNRL,NYSE,Stock,USD,2019-04-18,2022-12-28
MNRO,NASDAQ,Stock,USD,1991-07-30,2026-06-17
MNSB,NASDAQ,Stock,USD,2016-01-04,2026-06-17
MNSBP,NASDAQ,Stock,USD,2020-09-16,2026-06-17
MNSO,NYSE,Stock,USD,2020-10-15,2026-06-17
MNST,NASDAQ,Stock,USD,1995-08-18,2026-06-17
MNTA,NASDAQ,Stock,USD,2004-06-22,2020-10-02
MNTK,NASDAQ,Stock,USD,2021-01-22,2026-06-17
MNTN,NYSE,Stock,USD,2025-05-22,2026-06-17
MNTS,NASDAQ,Stock,USD,2020-01-02,2026-06-17
MNTSW,NASDAQ,Stock,USD,2019-12-30,2026-06-17
MNTV,NASDAQ,Stock,USD,2018-09-26,2023-05-31
MNTX,NASDAQ,Stock,USD,2005-02-15,2025-01-02
MNY,NASDAQ,Stock,USD,2023-10-13,2026-06-17
MNYWW,NASDAQ,Stock,USD,2023-10-13,2026-06-17
MO,NYSE,Stock,USD,1970-01-02,2026-06-17
MOB,NASDAQ,Stock,USD,2025-12-08,2026-06-17
MOB,NASDAQ,Stock,USD,2022-08-25,2025-12-05
MOBBW,NASDAQ,Stock,USD,2022-08-25,2026-06-17
MOBI,NASDAQ,Stock,USD,2026-05-08,2026-06-17
MOBI,NASDAQ,Stock,USD,2010-12-09,2016-11-17
MOBL,NASDAQ,Stock,USD,2014-06-12,2020-12-01
MOBV,NASDAQ,Stock,USD,2022-09-26,2023-12-08
MOBVU,NASDAQ,Stock,USD,2022-08-04,2023-12-08
MOBVW,NASDAQ,Stock,USD,2022-09-26,2023-12-08
MOBX,NASDAQ,Stock,USD,2023-12-21,2026-06-17
MOBXW,NASDAQ,Stock,USD,2021-08-13,2026-06-17
MOC,NYSE,Stock,USD,1992-10-26,2019-02-21
MOCO,NASDAQ,Stock,USD,1989-04-05,2017-07-03
MOD,NYSE,Stock,USD,1990-03-26,2026-06-17
MODD,NASDAQ,Stock,USD,2007-01-25,2026-06-17
MODN,NYSE,Stock,USD,2013-03-20,2024-06-27
MODV,NASDAQ,Stock,USD,2003-08-20,2026-06-17
MOFG,NASDAQ,Stock,USD,2008-01-29,2026-06-17
MOG-A,NYSE,Stock,USD,1992-02-21,2026-06-17
MOG-B,NYSE,Stock,USD,1995-08-18,2026-06-17
MOGA,NYSE,Stock,USD,2009-11-24,2018-07-27
MOGU,NYSE,Stock,USD,2018-12-06,2026-06-17
MOH,NYSE,Stock,USD,2003-07-02,2026-06-17
MOKO,NASDAQ,Stock,USD,2010-08-11,2017-08-28
MOLN,NASDAQ,Stock,USD,2021-06-16,2026-06-17
MOMO,NASDAQ,Stock,USD,2014-12-15,2026-06-17
MON,NYSE,Stock,USD,2000-10-18,2018-06-08
MON,NASDAQ,Stock,USD,2021-03-16,2022-12-23
MONCU,NASDAQ,Stock,USD,2021-01-14,2022-12-23
MONCW,NASDAQ,Stock,USD,2021-03-16,2022-12-23
MONDW,NASDAQ,Stock,USD,2022-07-19,2022-11-03
MOR,NASDAQ,Stock,USD,2018-04-19,2026-06-17
MORF,NASDAQ,Stock,USD,2019-06-27,2024-08-16
MORN,NASDAQ,Stock,USD,2005-05-03,2026-06-17
MOS,NYSE,Stock,USD,1988-01-26,2026-06-17
MOSC,NYSE,Stock,USD,2017-12-11,2020-01-17
MOSC-U,NYSE,Stock,USD,2017-10-19,2020-01-17
MOSC-WS,NYSE,Stock,USD,2017-12-08,2020-01-17
MOTN,NASDAQ,Stock,USD,2020-12-17,2021-11-05
MOTNU,NASDAQ,Stock,USD,2020-10-15,2021-11-17
MOTV-U,NYSE,Stock,USD,2020-12-14,2022-03-21
MOV,NYSE,Stock,USD,1993-09-30,2026-06-17
MOVE,NASDAQ,Stock,USD,1999-08-05,2014-11-13
MOVE,NASDAQ,Stock,USD,2021-03-23,2026-06-17
MP,NYSE,Stock,USD,2020-06-22,2026-06-17
MP-P-D,NYSE,Stock,USD,2014-09-22,2018-10-22
MP-WS,NYSE,Stock,USD,2020-06-22,2021-06-04
MPAA,NASDAQ,Stock,USD,1994-03-23,2026-06-17
MPACR,NASDAQ,Stock,USD,2021-06-11,2023-01-04
MPACU,NASDAQ,Stock,USD,2017-03-10,2018-10-26
MPACU,NASDAQ,Stock,USD,2021-04-08,2023-01-04
MPACW,NASDAQ,Stock,USD,2022-11-14,2023-01-04
MPB,NASDAQ,Stock,USD,1997-12-04,2026-06-17
MPC,NYSE,Stock,USD,2011-06-23,2026-06-17
MPG,NYSE,Stock,USD,2014-12-12,2017-08-17
MPLN-WS,NYSE,Stock,USD,2020-10-09,2024-01-03
MPLT,NASDAQ,Stock,USD,2025-10-27,2026-06-17
MPLX,NYSE,Stock,USD,2012-10-26,2026-06-17
MPR,NYSE,Stock,USD,2006-12-28,2013-08-27
MPRA,NASDAQ,Stock,USD,2021-12-29,2023-09-29
MPRAU,NASDAQ,Stock,USD,2021-11-04,2023-10-10
MPRAW,NASDAQ,Stock,USD,2021-12-29,2023-09-29
MPSX,NYSE,Stock,USD,2015-10-22,2017-06-07
MPT,NYSE,Stock,USD,2005-07-08,2026-06-17
MPTI,AMEX,Stock,USD,2022-10-03,2026-06-17
MPTI-R,AMEX,Stock,USD,2026-03-31,2026-04-27
MPTI-R-W,AMEX,Stock,USD,2026-03-27,2026-03-30
MPTI-W,AMEX,Stock,USD,2022-10-03,2022-10-06
MPTI-WS,AMEX,Stock,USD,2025-04-30,2026-06-17
MPU,AMEX,Stock,USD,2024-10-09,2026-06-17
MPVD,NASDAQ,Stock,USD,1996-05-01,2020-02-10
MPWR,NASDAQ,Stock,USD,2004-11-19,2026-06-17
MPX,NYSE,Stock,USD,2001-02-28,2026-05-14
MQ,NASDAQ,Stock,USD,2021-06-09,2026-06-17
MR,NYSE,Stock,USD,2006-09-25,2020-11-13
MR,NYSE,Stock,USD,2014-06-20,2020-11-12
MRAC,NASDAQ,Stock,USD,2021-02-04,2021-10-15
MRACU,NASDAQ,Stock,USD,2020-12-15,2021-10-15
MRAM,NASDAQ,Stock,USD,2016-10-07,2026-06-17
MRBK,NASDAQ,Stock,USD,2017-11-07,2026-06-17
MRC,NYSE,Stock,USD,2012-04-12,2025-11-05
MRCC,NASDAQ,Stock,USD,2012-10-25,2026-04-21
MRCCL,NASDAQ,Stock,USD,2018-09-18,2021-02-17
MRCY,NASDAQ,Stock,USD,1998-01-30,2026-06-17
MRD,NASDAQ,Stock,USD,2014-06-12,2016-09-26
MRDB,NYSE,Stock,USD,2021-07-09,2024-09-04
MRDB-WS,NYSE,Stock,USD,2021-07-09,2024-08-23
MRDB-WS,NYSE,Stock,USD,2022-12-19,2024-08-27
MRDG,NASDAQ,Stock,USD,2001-01-02,2010-07-15
MRDN,NASDAQ,Stock,USD,2009-10-30,2026-06-17
MRDN,NASDAQ,Stock,USD,2011-03-01,2018-04-30
MRDNW,NASDAQ,Stock,USD,2017-01-25,2018-04-25
MREO,NASDAQ,Stock,USD,2019-04-24,2026-06-17
MRH,NYSE,Stock,USD,2002-10-10,2015-07-31
MRK,NYSE,Stock,USD,1970-01-02,2026-06-17
MRK-W,NYSE,Stock,USD,2021-05-27,2021-06-02
MRKR,NASDAQ,Stock,USD,2014-03-25,2026-06-17
MRLN,NASDAQ,Stock,USD,2003-11-12,2026-06-17
MRM,NASDAQ,Stock,USD,2020-12-29,2026-06-17
MRNA,NASDAQ,Stock,USD,1993-12-07,2018-10-08
MRNA,NASDAQ,Stock,USD,2018-12-07,2026-06-17
MRNO,NASDAQ,Stock,USD,2022-03-16,2026-06-17
MRNOW,NASDAQ,Stock,USD,2022-03-14,2026-06-17
MRNS,NASDAQ,Stock,USD,2014-07-31,2025-02-11
MRO,NYSE,Stock,USD,1970-01-02,2024-11-22
MRP,NYSE,Stock,USD,2025-02-07,2026-06-17
MRP-W,NYSE,Stock,USD,2025-02-05,2026-06-17
MRSH,NYSE,Stock,USD,1987-12-30,2026-06-17
MRSN,NASDAQ,Stock,USD,2017-06-28,2026-01-06
MRT,AMEX,Stock,USD,2016-09-29,2026-06-17
MRT-WS,AMEX,Stock,USD,2023-07-11,2024-01-03
MRTN,NASDAQ,Stock,USD,1992-02-26,2026-06-17
MRTX,NASDAQ,Stock,USD,2013-07-15,2026-06-17
MRUS,NASDAQ,Stock,USD,2016-05-19,2025-12-30
MRVI,NASDAQ,Stock,USD,2020-11-20,2026-06-17
MRVL,NASDAQ,Stock,USD,2000-06-30,2026-06-17
MRX,NYSE,Stock,USD,2001-01-02,2013-10-17
MRX,NASDAQ,Stock,USD,2024-04-25,2026-06-17
MS,NYSE,Stock,USD,1993-02-23,2026-06-17
MS-P-A,NYSE,Stock,USD,2014-09-22,2026-06-17
MS-P-E,NYSE,Stock,USD,2014-09-22,2026-06-17
MS-P-F,NYSE,Stock,USD,2014-09-22,2026-06-17
MS-P-G,NYSE,Stock,USD,2014-09-22,2020-01-14
MS-P-G-CL,NYSE,Stock,USD,2019-11-26,2020-01-14
MS-P-I,NYSE,Stock,USD,2014-09-24,2026-06-17
MS-P-K,NYSE,Stock,USD,2017-01-25,2026-06-17
MS-P-L,NYSE,Stock,USD,2019-11-18,2026-06-17
MS-P-O,NYSE,Stock,USD,2021-10-19,2021-10-28
MS-P-O,NYSE,Stock,USD,2021-10-29,2026-06-17
MS-P-P,NYSE,Stock,USD,2022-07-28,2026-06-17
MS-P-Q,NYSE,Stock,USD,2024-08-01,2026-06-17
MSA,NYSE,Stock,USD,1990-03-26,2026-06-17
MSAC,NASDAQ,Stock,USD,2021-04-07,2023-02-17
MSACU,NASDAQ,Stock,USD,2021-02-16,2021-04-06
MSACW,NASDAQ,Stock,USD,2021-04-08,2023-02-17
MSAI,NASDAQ,Stock,USD,2021-11-16,2026-06-17
MSAIW,NASDAQ,Stock,USD,2021-11-16,2026-06-17
MSB,NYSE,Stock,USD,1987-12-30,2026-06-17
MSBF,NASDAQ,Stock,USD,2007-06-20,2020-07-10
MSBI,NASDAQ,Stock,USD,2016-05-24,2026-06-17
MSBIP,NASDAQ,Stock,USD,2022-08-18,2026-06-17
MSBT,NYSE,Stock,USD,2026-04-08,2026-06-17
MSC,NYSE,Stock,USD,2018-10-18,2026-06-17
MSCA,NYSE,Stock,USD,2013-04-08,2018-03-29
MSCC,NASDAQ,Stock,USD,1990-03-26,2018-05-29
MSCI,NYSE,Stock,USD,2007-11-15,2026-06-17
MSDA,NASDAQ,Stock,USD,2021-05-25,2023-03-29
MSDAU,NASDAQ,Stock,USD,2021-03-24,2023-03-29
MSDAW,NASDAQ,Stock,USD,2021-05-27,2023-03-29
MSDI,NASDAQ,Stock,USD,2016-07-08,2018-01-31
MSDIW,NASDAQ,Stock,USD,2016-07-08,2018-01-31
MSDL,NYSE,Stock,USD,2024-01-24,2026-06-17
MSEX,NASDAQ,Stock,USD,1990-03-26,2026-06-17
MSFG,NASDAQ,Stock,USD,1992-01-03,2018-04-02
MSFT,NASDAQ,Stock,USD,1986-03-13,2026-06-17
MSGE,NYSE,Stock,USD,2023-04-17,2026-06-17
MSGI,NASDAQ,Stock,USD,2010-11-16,2016-03-03
MSGM,NASDAQ,Stock,USD,2021-01-13,2026-06-17
MSGN,NYSE,Stock,USD,2010-01-25,2021-07-09
MSGS,NYSE,Stock,USD,2015-10-01,2026-06-17
MSGS-W,NYSE,Stock,USD,2020-04-09,2020-04-17
MSGY,NASDAQ,Stock,USD,2025-07-08,2026-06-17
MSI,NYSE,Stock,USD,1977-01-03,2026-06-17
MSIF,NYSE,Stock,USD,2025-01-29,2026-06-17
MSK,NYSE,Stock,USD,2007-05-15,2016-07-27
MSK-CL,NYSE,Stock,USD,2016-07-19,2016-08-02
MSL,NYSE,Stock,USD,1993-04-26,2019-09-20
MSLE,NASDAQ,Stock,USD,2026-02-06,2026-06-17
MSLI,NASDAQ,Stock,USD,2000-06-06,2017-07-20
MSM,NYSE,Stock,USD,1995-12-15,2026-06-17
MSN,AMEX,Stock,USD,1994-12-28,2026-06-17
MSO,NYSE,Stock,USD,1999-10-19,2015-12-04
MSON,NASDAQ,Stock,USD,1993-03-25,2021-11-22
MSP,NYSE,Stock,USD,2020-10-21,2022-06-23
MSPD,NASDAQ,Stock,USD,2006-12-28,2013-12-17
MSPRV,NASDAQ,Stock,USD,2022-05-24,2022-05-31
MSR,NASDAQ,Stock,USD,2026-05-12,2026-06-17
MSS,NASDAQ,Stock,USD,2023-10-05,2026-06-17
MSSAU,NASDAQ,Stock,USD,2022-04-01,2026-06-17
MSTR,NASDAQ,Stock,USD,1998-06-11,2026-06-17
MSW,NASDAQ,Stock,USD,2024-11-22,2026-06-17
MSZ,NYSE,Stock,USD,2006-11-09,2015-04-27
MT,NYSE,Stock,USD,1997-08-07,2026-06-17
MT-WS,NYSE,Stock,USD,2016-03-16,2016-03-23
MT-WS-W,NYSE,Stock,USD,2016-03-11,2016-03-15
MTA,AMEX,Stock,USD,2017-09-22,2026-06-17
MTAC,NASDAQ,Stock,USD,2021-02-08,2023-08-10
MTACU,NASDAQ,Stock,USD,2020-12-18,2023-08-10
MTAL,NYSE,Stock,USD,2021-09-20,2026-06-17
MTAL-U,NYSE,Stock,USD,2021-07-29,2026-06-17
MTAL-WS,NYSE,Stock,USD,2021-09-21,2026-06-17
MTB,NYSE,Stock,USD,1991-10-04,2026-06-17
MTB-P,NYSE,Stock,USD,2014-09-24,2019-07-31
MTB-P-C,NYSE,Stock,USD,2012-08-29,2019-08-29
MTB-P-C-CL,NYSE,Stock,USD,2019-08-01,2019-08-29
MTB-P-CL,NYSE,Stock,USD,2019-08-01,2019-08-29
MTB-P-H,NYSE,Stock,USD,2022-04-04,2026-06-17
MTB-P-J,NYSE,Stock,USD,2024-05-07,2026-06-17
MTB-P-K,NYSE,Stock,USD,2025-11-06,2026-06-17
MTB-WS,NYSE,Stock,USD,1991-10-04,2018-12-19
MTC,NASDAQ,Stock,USD,2019-01-08,2026-06-17
MTCH,NASDAQ,Stock,USD,2015-11-19,2026-06-17
MTCH-1,NASDAQ,Stock,USD,2006-11-07,2014-06-23
MTCN,NYSE,Stock,USD,2020-05-28,2023-05-17
MTCR,NASDAQ,Stock,USD,2020-09-16,2023-06-20
MTD,NYSE,Stock,USD,1997-11-14,2026-06-17
MTDR,NYSE,Stock,USD,2012-02-02,2026-06-17
MTE,NYSE,Stock,USD,2016-01-04,2022-09-29
MTECU,NASDAQ,Stock,USD,2018-01-30,2019-06-17
MTEK,NASDAQ,Stock,USD,2022-02-02,2026-06-17
MTEKW,NASDAQ,Stock,USD,2022-02-02,2026-06-17
MTEN,NASDAQ,Stock,USD,2024-04-18,2026-06-17
MTEST,NYSE,Stock,USD,2019-10-09,2026-06-17
MTEST-A,NYSE,Stock,USD,2025-08-15,2026-06-17
MTEX,NASDAQ,Stock,USD,1999-02-16,2026-06-17
MTFB,NASDAQ,Stock,USD,2016-11-18,2019-12-16
MTFBW,NASDAQ,Stock,USD,2016-11-18,2019-12-16
MTG,NYSE,Stock,USD,1991-08-07,2026-06-17
MTGE,NASDAQ,Stock,USD,2011-08-04,2018-09-07
MTGEP,NASDAQ,Stock,USD,2014-05-19,2018-09-07
MTH,NYSE,Stock,USD,1988-12-16,2026-06-17
MTL,NYSE,Stock,USD,2004-10-29,2022-12-15
MTL-P,NYSE,Stock,USD,2014-09-22,2022-12-06
MTLS,NASDAQ,Stock,USD,2014-06-25,2026-06-17
MTN,NYSE,Stock,USD,1997-02-04,2026-06-17
MTNB,AMEX,Stock,USD,2014-08-18,2026-06-17
MTNE-U,NYSE,Stock,USD,2026-05-01,2026-06-17
MTOR,NYSE,Stock,USD,2000-07-10,2022-08-03
MTR,NYSE,Stock,USD,1987-12-30,2026-06-17
MTRN,NYSE,Stock,USD,1984-09-07,2026-06-17
MTRX,NASDAQ,Stock,USD,1992-02-26,2026-06-17
MTRY,NASDAQ,Stock,USD,2021-11-22,2023-11-20
MTRYU,NASDAQ,Stock,USD,2021-10-01,2023-11-20
MTRYW,NASDAQ,Stock,USD,2021-11-22,2023-11-20
MTSC,NASDAQ,Stock,USD,1990-03-26,2021-04-07
MTSI,NASDAQ,Stock,USD,2012-03-15,2026-06-17
MTSN,NASDAQ,Stock,USD,1994-09-28,2016-05-12
MTSR,NASDAQ,Stock,USD,2025-01-31,2025-11-13
MTTR,NASDAQ,Stock,USD,2021-02-02,2025-02-28
MTTRW,NASDAQ,Stock,USD,2021-02-02,2022-01-14
MTU,NYSE,Stock,USD,2001-04-02,2018-03-29
MTUL,NYSE,Stock,USD,2021-02-05,2026-06-17
MTUS,NYSE,Stock,USD,2014-06-19,2026-06-17
MTVA,NASDAQ,Stock,USD,2016-08-05,2026-06-17
MTVC,NYSE,Stock,USD,2022-01-27,2023-06-08
MTVC-U,NYSE,Stock,USD,2021-12-07,2023-06-08
MTVC-WS,NYSE,Stock,USD,2022-01-27,2023-06-08
MTW,NYSE,Stock,USD,1990-03-26,2026-06-17
MTW-W,NYSE,Stock,USD,2016-02-18,2016-03-03
MTX,NYSE,Stock,USD,1992-10-26,2026-06-17
MTZ,NYSE,Stock,USD,1990-03-26,2026-06-17
MU,NASDAQ,Stock,USD,1989-05-16,2026-06-17
MUDS,NASDAQ,Stock,USD,2021-01-29,2022-09-15
MUDSU,NASDAQ,Stock,USD,2018-02-08,2022-09-12
MUDSW,NASDAQ,Stock,USD,2018-03-12,2022-09-21
MUFG,NYSE,Stock,USD,2001-04-02,2026-06-17
MULE,NYSE,Stock,USD,2017-03-17,2018-05-03
MUR,NYSE,Stock,USD,1983-04-06,2026-06-17
MURA,NASDAQ,Stock,USD,2023-11-16,2026-06-17
MURF,NASDAQ,Stock,USD,2022-03-28,2023-09-22
MURFU,NASDAQ,Stock,USD,2022-02-03,2023-09-22
MURFW,NASDAQ,Stock,USD,2022-03-31,2023-09-22
MUSA,NYSE,Stock,USD,2013-08-19,2026-06-17
MUSE,NYSE,Stock,USD,2024-11-18,2026-06-17
MUX,NYSE,Stock,USD,1980-05-07,2026-06-17
MUZE,NASDAQ,Stock,USD,2026-03-23,2026-06-17
MUZEU,NASDAQ,Stock,USD,2026-01-30,2026-06-17
MUZEW,NASDAQ,Stock,USD,2026-03-23,2026-06-17
MVBF,NASDAQ,Stock,USD,2008-08-22,2026-06-17
MVC,NYSE,Stock,USD,2000-06-26,2020-12-24
MVCB,NYSE,Stock,USD,2013-03-01,2017-12-20
MVCD,NYSE,Stock,USD,2017-11-20,2020-12-24
MVIS,NASDAQ,Stock,USD,1996-08-27,2026-06-17
MVL,NYSE,Stock,USD,2006-12-28,2009-12-31
MVNR,NYSE,Stock,USD,2013-11-07,2015-04-28
MVO,NYSE,Stock,USD,2007-01-19,2026-06-17
MVRK,NASDAQ,Stock,USD,2012-09-05,2026-05-28
MVRL,NYSE,Stock,USD,2020-06-03,2026-06-17
MVST,NASDAQ,Stock,USD,2019-03-27,2026-06-17
MVSTW,NASDAQ,Stock,USD,2019-03-27,2026-06-17
MWA,NYSE,Stock,USD,2006-05-26,2026-06-17
MWC,NASDAQ,Stock,USD,2026-05-14,2026-06-17
MWE,NYSE,Stock,USD,2002-05-21,2015-12-03
MWG,AMEX,Stock,USD,2023-04-03,2026-06-17
MWG,NYSE,Stock,USD,2003-05-06,2016-07-27
MWG-CL,NYSE,Stock,USD,2016-07-19,2016-08-17
MWH,NASDAQ,Stock,USD,2026-02-11,2026-06-17
MWIV,NASDAQ,Stock,USD,2005-08-03,2015-02-24
MWO,NYSE,Stock,USD,2003-07-14,2016-07-27
MWO-CL,NYSE,Stock,USD,2016-07-19,2016-08-17
MWR,NYSE,Stock,USD,2003-03-25,2016-07-27
MWR-CL,NYSE,Stock,USD,2016-07-19,2016-08-17
MWRX,NASDAQ,Stock,USD,2013-06-27,2014-12-30
MWV,NYSE,Stock,USD,1985-07-01,2015-07-01
MWW,NYSE,Stock,USD,2008-11-11,2016-11-09
MWYN,NASDAQ,Stock,USD,2025-03-13,2026-06-17
MX,NYSE,Stock,USD,2011-03-11,2026-06-17
MXC,AMEX,Stock,USD,1997-03-05,2026-06-17
MXCT,NASDAQ,Stock,USD,2019-12-05,2026-06-17
MXIM,NASDAQ,Stock,USD,1990-03-26,2021-09-01
MXL,NASDAQ,Stock,USD,2010-03-24,2026-06-17
MXPT,NYSE,Stock,USD,2015-03-06,2017-10-19
MXWL,NASDAQ,Stock,USD,1990-03-26,2019-05-16
MY,NYSE,Stock,USD,2010-10-01,2016-06-22
MYCC,NYSE,Stock,USD,2013-09-20,2017-09-25
MYCO,NASDAQ,Stock,USD,2025-09-17,2026-06-17
MYE,NYSE,Stock,USD,1987-09-08,2026-06-17
MYFW,NASDAQ,Stock,USD,2018-07-19,2026-06-17
MYGN,NASDAQ,Stock,USD,1995-10-06,2026-06-17
MYHA,NASDAQ,Stock,USD,2017-09-26,2026-06-17
MYL,NASDAQ,Stock,USD,1987-12-18,2020-11-19
MYNA,NASDAQ,Stock,USD,2021-11-12,2026-06-17
MYND,AMEX,Stock,USD,2017-09-27,2026-06-17
MYO,AMEX,Stock,USD,2017-06-12,2026-06-17
MYOK,NASDAQ,Stock,USD,2015-10-29,2020-11-17
MYOV,NYSE,Stock,USD,2016-10-27,2023-03-09
MYPS,NASDAQ,Stock,USD,2020-12-21,2026-06-17
MYPSW,NASDAQ,Stock,USD,2024-10-07,2026-06-17
MYRG,NASDAQ,Stock,USD,2008-08-13,2026-06-17
MYSE,NASDAQ,Stock,USD,2021-08-13,2026-06-17
MYSEW,NASDAQ,Stock,USD,2021-08-13,2026-06-17
MYSZ,NASDAQ,Stock,USD,2016-07-25,2026-06-17
MYX,NASDAQ,Stock,USD,2026-05-26,2026-06-17
MYXXR,NASDAQ,Stock,USD,2026-05-15,2026-06-17
MYXXU,NASDAQ,Stock,USD,2026-04-14,2026-06-17
MYXXW,NASDAQ,Stock,USD,2026-05-15,2026-06-17
MZOR,NASDAQ,Stock,USD,2013-05-28,2018-12-19
MZTH,NYSE,Stock,USD,2010-01-04,2012-05-10
MZTI,NASDAQ,Stock,USD,1990-03-26,2026-06-17
MZYX,NYSE,Stock,USD,2026-04-20,2026-06-17
MZYX-U,NYSE,Stock,USD,2026-02-25,2026-06-17
MZYX-WS,NYSE,Stock,USD,2026-04-20,2026-06-17
,NASDAQ,Stock,USD,2022-07-12,2026-06-17
NAAC,NASDAQ,Stock,USD,2021-03-18,2023-01-26
NAACU,NASDAQ,Stock,USD,2021-01-22,2023-01-26
NAACW,NASDAQ,Stock,USD,2021-03-16,2023-02-14
NAAS,NASDAQ,Stock,USD,2017-10-20,2026-06-17
NABL,NYSE,Stock,USD,2021-07-19,2026-06-17
NABL-W,NYSE,Stock,USD,2021-07-19,2021-07-19
NADL,NYSE,Stock,USD,2014-01-29,2017-09-18
NAGE,NASDAQ,Stock,USD,2008-07-15,2026-06-17
NAII,NASDAQ,Stock,USD,1993-10-28,2026-06-17
NAK,AMEX,Stock,USD,2003-10-09,2026-06-17
NAKA,NASDAQ,Stock,USD,2024-05-31,2026-06-17
NAME,NASDAQ,Stock,USD,2014-07-23,2017-08-24
NAMI,NASDAQ,Stock,USD,2024-12-06,2026-06-17
NAMM,NASDAQ,Stock,USD,2025-06-06,2026-06-17
NAMMW,NASDAQ,Stock,USD,2025-06-06,2026-06-17
NAMS,NASDAQ,Stock,USD,2022-11-23,2026-06-17
NAMSW,NASDAQ,Stock,USD,2022-11-23,2026-06-17
NAP,NYSE,Stock,USD,2014-11-13,2018-12-13
NAPA,NYSE,Stock,USD,2021-03-18,2024-12-24
NARI,NASDAQ,Stock,USD,2020-05-22,2025-02-19
NAT,NYSE,Stock,USD,1997-09-30,2026-06-17
NATH,NASDAQ,Stock,USD,1993-02-26,2026-06-17
NATI,NASDAQ,Stock,USD,1995-03-14,2023-10-11
NATL,NASDAQ,Stock,USD,2005-01-27,2016-11-11
NATL,NASDAQ,Stock,USD,2023-10-11,2026-06-17
NATL-W,NYSE,Stock,USD,2023-10-11,2023-10-16
NATR,NASDAQ,Stock,USD,2009-06-25,2026-06-17
NAUT,NASDAQ,Stock,USD,2021-06-10,2026-06-17
NAV,NYSE,Stock,USD,1970-01-02,2021-06-30
NAV-P-D,NYSE,Stock,USD,1970-01-02,2021-07-02
NAVG,NASDAQ,Stock,USD,1990-03-26,2019-05-23
NAVI,NASDAQ,Stock,USD,2014-04-17,2026-06-17
NAVN,NASDAQ,Stock,USD,2025-10-30,2026-06-17
NB,NASDAQ,Stock,USD,2016-01-04,2026-06-17
NBAC,NASDAQ,Stock,USD,2020-05-01,2021-03-22
NBACR,NASDAQ,Stock,USD,2020-04-30,2021-03-22
NBACU,NASDAQ,Stock,USD,2020-02-14,2021-03-22
NBACW,NASDAQ,Stock,USD,2020-04-30,2021-03-22
NBBC,NASDAQ,Stock,USD,2016-01-04,2016-03-09
NBBK,NASDAQ,Stock,USD,2023-12-28,2026-06-17
NBCB,NASDAQ,Stock,USD,2013-05-10,2014-12-31
NBFR,NYSE,Stock,USD,2026-02-24,2026-06-17
NBG,NASDAQ,Stock,USD,1999-10-18,2015-12-02
NBHC,NYSE,Stock,USD,2012-09-20,2026-06-17
NBIE,NYSE,Stock,USD,2026-03-09,2026-06-17
NBIS,NASDAQ,Stock,USD,2011-05-24,2026-06-17
NBIX,NASDAQ,Stock,USD,1996-05-23,2026-06-17
NBL,NYSE,Stock,USD,1982-01-04,2020-10-06
NBLX,NASDAQ,Stock,USD,2016-09-15,2021-05-11
NBN,NASDAQ,Stock,USD,1987-08-20,2026-06-17
NBP,NASDAQ,Stock,USD,2020-01-17,2026-06-17
NBR,NYSE,Stock,USD,1991-02-28,2026-06-17
NBRG,NASDAQ,Stock,USD,2026-03-23,2026-06-17
NBRGR,NASDAQ,Stock,USD,2026-03-24,2026-06-17
NBRGU,NASDAQ,Stock,USD,2026-01-30,2026-06-17
NBSE,NASDAQ,Stock,USD,2007-05-01,2024-09-20
NBTB,NASDAQ,Stock,USD,1992-03-17,2026-06-17
NBTF,NASDAQ,Stock,USD,1999-01-25,2015-03-06
NBTX,NASDAQ,Stock,USD,2020-12-11,2026-06-17
NBXG,NYSE,Stock,USD,2021-05-26,2026-06-17
NC,NYSE,Stock,USD,1977-06-17,2026-06-17
NCAC,NASDAQ,Stock,USD,2021-12-10,2024-01-25
NCACU,NASDAQ,Stock,USD,2021-10-20,2024-01-25
NCACW,NASDAQ,Stock,USD,2021-12-10,2024-01-25
NCBS,NASDAQ,Stock,USD,2022-05-10,2022-05-23
NCDL,NYSE,Stock,USD,2024-01-25,2026-06-17
NCEL,NASDAQ,Stock,USD,2021-01-29,2026-06-17
NCEW,NASDAQ,Stock,USD,2024-12-18,2026-06-17
NCFT,NYSE,Stock,USD,2013-11-07,2015-05-20
NCI,NYSE,Stock,USD,1996-10-04,2019-10-14
NCI,NASDAQ,Stock,USD,2024-04-23,2026-06-17
NCIT,NASDAQ,Stock,USD,2005-10-24,2017-08-16
NCL,AMEX,Stock,USD,2023-10-19,2026-06-17
NCLH,NYSE,Stock,USD,2013-01-18,2026-06-17
NCMI,NASDAQ,Stock,USD,2007-02-08,2026-06-17
NCNA,NASDAQ,Stock,USD,2017-09-28,2026-06-17
NCNC,NASDAQ,Stock,USD,2023-08-25,2026-06-17
NCNCW,NASDAQ,Stock,USD,2022-07-06,2026-06-17
NCNO,NASDAQ,Stock,USD,2020-07-14,2026-06-17
NCOM,NASDAQ,Stock,USD,2015-03-19,2019-03-29
NCPL,NASDAQ,Stock,USD,2017-09-22,2026-06-17
NCPLW,NASDAQ,Stock,USD,2022-07-13,2026-06-17
NCRA,NASDAQ,Stock,USD,2017-11-08,2026-06-17
NCRA,NASDAQ,Stock,USD,2016-02-02,2022-08-10
NCSM,NASDAQ,Stock,USD,2017-04-28,2026-06-17
NCT,NYSE,Stock,USD,2016-01-04,2017-01-05
NCT,NASDAQ,Stock,USD,2025-03-28,2026-06-17
NCTY,NASDAQ,Stock,USD,2004-12-15,2026-06-17
NCV-P-A,NYSE,Stock,USD,2018-09-17,2026-06-17
NCZ-P-A,NYSE,Stock,USD,2018-09-05,2026-06-17
NDAC,NASDAQ,Stock,USD,2021-04-23,2022-12-02
NDACU,NASDAQ,Stock,USD,2021-03-02,2022-12-02
NDACW,NASDAQ,Stock,USD,2021-04-22,2022-12-02
NDAQ,NASDAQ,Stock,USD,2002-07-01,2026-06-17
NDLS,NASDAQ,Stock,USD,2013-06-28,2026-06-17
NDMO,NYSE,Stock,USD,2020-08-27,2026-06-17
NDN,NYSE,Stock,USD,2006-12-28,2013-01-22
NDRA,NASDAQ,Stock,USD,2017-06-30,2026-06-17
NDRAU,NASDAQ,Stock,USD,2017-05-09,2017-08-28
NDRAW,NASDAQ,Stock,USD,2017-06-28,2022-05-12
NDRE,NYSE,Stock,USD,2001-01-02,2014-03-25
NDRM,NASDAQ,Stock,USD,2014-11-14,2017-10-18
NDRO,NYSE,Stock,USD,2011-11-03,2018-09-13
NDSN,NASDAQ,Stock,USD,1990-03-26,2026-06-17
NE,NYSE,Stock,USD,2021-06-09,2026-06-17
NE-WS,NYSE,Stock,USD,2023-06-29,2026-06-17
NE-WS-A,NYSE,Stock,USD,2023-06-29,2026-06-17
NEBCU,NASDAQ,Stock,USD,2020-12-09,2021-07-30
NEBUU,NASDAQ,Stock,USD,2018-01-09,2020-06-10
NEBUW,NASDAQ,Stock,USD,2018-03-22,2020-06-10
NECB,NASDAQ,Stock,USD,2006-07-06,2026-06-17
NEE,NYSE,Stock,USD,1983-06-10,2026-06-17
NEE 6.219,NYSE,Stock,USD,2020-09-16,2020-09-22
NEE-P-C,NYSE,Stock,USD,1980-03-17,2017-11-08
NEE-P-G,NYSE,Stock,USD,1980-03-17,2017-10-20
NEE-P-H,NYSE,Stock,USD,1980-03-17,2017-10-20
NEE-P-I,NYSE,Stock,USD,2012-11-26,2020-10-23
NEE-P-J,NYSE,Stock,USD,2014-09-22,2020-10-23
NEE-P-N,NYSE,Stock,USD,2026-05-28,2026-06-17
NEE-P-Q,NYSE,Stock,USD,2015-09-18,2023-08-31
NEE-P-R,NYSE,Stock,USD,2016-08-03,2026-06-17
NEE-P-S,NYSE,Stock,USD,2024-06-26,2026-06-17
NEE-P-T,NYSE,Stock,USD,2024-11-04,2026-06-17
NEE-P-U,NYSE,Stock,USD,2025-05-20,2026-06-17
NEE-P-V,NYSE,Stock,USD,2026-03-05,2026-06-17
NEE-P-W,NYSE,Stock,USD,2026-03-18,2026-06-17
NEEPK,NYSE,Stock,USD,2016-06-09,2021-12-21
NEEPN,NYSE,Stock,USD,2019-03-18,2026-06-17
NEEPR,NYSE,Stock,USD,2009-10-22,2024-11-01
NEEPU,NYSE,Stock,USD,2026-06-10,2026-06-17
NEFF,NYSE,Stock,USD,2014-11-21,2017-11-03
NEGG,NASDAQ,Stock,USD,2010-04-22,2026-06-17
NEHCW,NASDAQ,Stock,USD,2024-12-09,2026-06-17
NEM,NYSE,Stock,USD,1983-04-06,2026-06-17
NEMD,NYSE,Stock,USD,2016-01-25,2026-06-17
NEN,AMEX,Stock,USD,1995-08-18,2026-06-17
NEO,NASDAQ,Stock,USD,2004-03-16,2026-06-17
NEOG,NASDAQ,Stock,USD,1994-02-10,2026-06-17
NEOGV,NASDAQ,Stock,USD,2022-09-01,2022-09-08
NEON,NASDAQ,Stock,USD,1992-03-03,2026-06-17
NEOS,NASDAQ,Stock,USD,2015-07-23,2021-03-19
NEOT,NASDAQ,Stock,USD,2014-11-20,2018-01-17
NEOV,NASDAQ,Stock,USD,2020-05-20,2026-06-17
NEOVW,NASDAQ,Stock,USD,2022-07-28,2026-06-17
NEPH,NASDAQ,Stock,USD,2009-01-22,2026-06-17
NERV,NASDAQ,Stock,USD,2014-07-01,2026-06-17
NESR,NASDAQ,Stock,USD,2017-06-05,2026-06-17
NESRU,NASDAQ,Stock,USD,2017-05-12,2017-06-05
NESRW,NASDAQ,Stock,USD,2017-06-05,2026-06-17
NET,NYSE,Stock,USD,2019-09-13,2026-06-17
NETC,NYSE,Stock,USD,2022-01-10,2023-12-18
NETC-U,NYSE,Stock,USD,2021-11-17,2023-12-18
NETC-WS,NYSE,Stock,USD,2022-01-07,2023-12-18
NETD,NASDAQ,Stock,USD,2023-09-05,2025-12-09
NETDU,NASDAQ,Stock,USD,2023-07-14,2026-06-17
NETDW,NASDAQ,Stock,USD,2023-09-05,2026-06-17
NETG,NASDAQ,Stock,USD,2025-11-17,2026-06-17
NETI,NYSE,Stock,USD,2013-12-12,2023-12-29
NETS,NYSE,Stock,USD,2017-04-12,2019-06-14
NEU,NYSE,Stock,USD,1985-08-06,2026-06-17
NEUE,NYSE,Stock,USD,2021-06-24,2025-10-14
NEUP,NASDAQ,Stock,USD,2024-12-23,2026-06-17
NEWA,NASDAQ,Stock,USD,2017-07-28,2021-07-13
NEWP,AMEX,Stock,USD,2017-10-30,2026-06-17
NEWR,NYSE,Stock,USD,2014-12-12,2023-11-07
NEWS,NASDAQ,Stock,USD,2006-12-14,2017-12-26
NEWT,NASDAQ,Stock,USD,2000-09-27,2026-06-17
NEWTG,NASDAQ,Stock,USD,2024-05-31,2026-06-17
NEWTH,NASDAQ,Stock,USD,2024-09-17,2026-06-17
NEWTI,NASDAQ,Stock,USD,2023-09-01,2026-06-17
NEWTI,NASDAQ,Stock,USD,2018-02-22,2021-02-19
NEWTL,NASDAQ,Stock,USD,2016-04-25,2018-03-22
NEWTL,NASDAQ,Stock,USD,2019-07-31,2024-08-01
NEWTO,NASDAQ,Stock,USD,2026-02-05,2026-06-17
NEWTP,NASDAQ,Stock,USD,2025-08-27,2026-06-17
NEWTZ,NASDAQ,Stock,USD,2015-09-28,2019-08-28
NEWTZ,NASDAQ,Stock,USD,2021-01-25,2026-01-29
NEX,NYSE,Stock,USD,2017-01-20,2023-08-31
NEXA,NYSE,Stock,USD,2017-10-27,2026-06-17
NEXM,NASDAQ,Stock,USD,2025-07-16,2026-06-17
NEXN,NASDAQ,Stock,USD,2021-06-18,2026-06-17
NEXR,NASDAQ,Stock,USD,2022-08-26,2026-06-17
NEXRW,NASDAQ,Stock,USD,2022-08-26,2026-06-17
NEXT,NASDAQ,Stock,USD,2015-06-04,2026-06-17
NEXTW,NASDAQ,Stock,USD,2015-04-16,2022-07-22
NFBK,NASDAQ,Stock,USD,2007-11-08,2026-06-17
NFC,NASDAQ,Stock,USD,2018-07-27,2019-12-18
NFC-U,NYSE,Stock,USD,2018-06-28,2019-12-18
NFC-WS,NYSE,Stock,USD,2018-07-27,2019-12-18
NFE,NASDAQ,Stock,USD,2019-01-31,2026-06-17
NFG,NYSE,Stock,USD,1987-09-01,2026-06-17
NFGC,AMEX,Stock,USD,2020-09-15,2026-06-17
NFH,NYSE,Stock,USD,2018-07-27,2022-01-26
NFH-WS,NYSE,Stock,USD,2019-12-20,2022-01-26
NFLX,NASDAQ,Stock,USD,2002-05-23,2026-06-17
NFNT,NYSE,Stock,USD,2022-01-10,2023-10-24
NFNT-U,NYSE,Stock,USD,2021-11-19,2023-10-24
NFNT-U,NYSE,Stock,USD,2021-11-22,2022-12-23
NFNT-WS,NYSE,Stock,USD,2022-01-10,2023-10-24
NFP,NYSE,Stock,USD,2003-09-18,2013-10-17
NFSB,NASDAQ,Stock,USD,2006-07-07,2013-10-17
NFX,NYSE,Stock,USD,1993-11-12,2019-02-14
NFYS-U,NYSE,Stock,USD,2021-10-06,2024-07-24
NG,AMEX,Stock,USD,2003-12-04,2026-06-17
NGA,NYSE,Stock,USD,2020-10-08,2021-05-06
NGA-U,NYSE,Stock,USD,2020-08-18,2021-05-06
NGA-WS,NYSE,Stock,USD,2020-10-08,2021-05-06
NGAB-U,NYSE,Stock,USD,2021-01-13,2021-11-10
NGAC,NASDAQ,Stock,USD,2020-12-08,2021-08-20
NGACU,NASDAQ,Stock,USD,2020-10-07,2021-08-19
NGAS,NASDAQ,Stock,USD,1990-01-02,2011-05-02
NGC,NYSE,Stock,USD,2021-05-18,2023-03-24
NGC-U,NYSE,Stock,USD,2021-03-24,2023-03-24
NGC-WS,NYSE,Stock,USD,2021-05-17,2023-03-24
NGCA,NASDAQ,Stock,USD,2021-05-19,2021-12-29
NGCAU,NASDAQ,Stock,USD,2021-03-23,2021-12-29
NGEN,NASDAQ,Stock,USD,2026-01-08,2026-06-17
NGG,NYSE,Stock,USD,2001-01-02,2026-06-17
NGHC,NASDAQ,Stock,USD,2014-02-20,2021-01-04
NGHCP,NASDAQ,Stock,USD,2014-06-20,2021-02-02
NGHCZ,NASDAQ,Stock,USD,2015-08-19,2021-02-02
NGHT,NASDAQ,Stock,USD,2017-09-25,2026-06-17
NGIO,NASDAQ,Stock,USD,2021-03-15,2023-05-23
NGL,NYSE,Stock,USD,2011-05-16,2026-06-17
NGL-P-B,NYSE,Stock,USD,2017-06-07,2026-06-17
NGL-P-C,NYSE,Stock,USD,2019-03-27,2026-06-17
NGLS,NYSE,Stock,USD,2007-02-08,2016-02-25
NGLS-P-A,NYSE,Stock,USD,2015-10-20,2020-12-18
NGM,NASDAQ,Stock,USD,2019-04-04,2024-04-05
NGMS,NASDAQ,Stock,USD,2020-11-19,2024-04-25
NGNE,NASDAQ,Stock,USD,2014-03-07,2026-06-17
NGS,NYSE,Stock,USD,2002-10-22,2026-06-17
NGVC,NYSE,Stock,USD,2012-07-25,2026-06-17
NGVT,NYSE,Stock,USD,2016-05-02,2026-06-17
NHC,AMEX,Stock,USD,1987-01-20,2026-06-17
NHF-P-A,NYSE,Stock,USD,2021-01-08,2022-03-02
NHI,NYSE,Stock,USD,1991-10-09,2026-06-17
NHIC,NASDAQ,Stock,USD,2021-01-06,2023-04-25
NHIC,NASDAQ,Stock,USD,2025-04-17,2026-06-17
NHICU,NASDAQ,Stock,USD,2021-10-21,2023-04-25
NHICU,NASDAQ,Stock,USD,2025-02-28,2026-06-17
NHICW,NASDAQ,Stock,USD,2025-04-17,2026-06-17
NHICW,NASDAQ,Stock,USD,2020-09-22,2023-05-04
NHIV,NASDAQ,Stock,USD,2026-06-08,2026-06-17
NHIVU,NASDAQ,Stock,USD,2026-04-15,2026-06-17
NHIVW,NASDAQ,Stock,USD,2026-06-08,2026-06-17
NHLDW,NASDAQ,Stock,USD,2017-01-23,2021-02-25
NHP,NASDAQ,Stock,USD,1990-01-02,2026-06-17
NHPAP,NASDAQ,Stock,USD,2019-12-09,2026-06-17
NHPBP,NASDAQ,Stock,USD,2021-10-04,2026-06-17
NHS-R,AMEX,Stock,USD,2022-04-21,2026-04-14
NHS-R-W,AMEX,Stock,USD,2022-04-19,2026-03-25
NHTC,NASDAQ,Stock,USD,1995-06-22,2026-06-17
NHWK,NASDAQ,Stock,USD,2010-12-22,2011-01-03
NI,NYSE,Stock,USD,1984-10-19,2026-06-17
NI-P-B,NYSE,Stock,USD,2018-11-29,2024-03-14
NIC,NYSE,Stock,USD,2016-01-04,2026-06-17
NICE,NASDAQ,Stock,USD,1996-01-25,2026-06-17
NICM,NASDAQ,Stock,USD,2026-04-14,2026-06-17
NIHD,NASDAQ,Stock,USD,2015-07-06,2020-08-03
NIHD1,NASDAQ,Stock,USD,2002-11-21,2014-09-24
NILE,NASDAQ,Stock,USD,2016-01-04,2017-02-21
NIMC,NYSE,Stock,USD,2021-04-14,2023-11-30
NINE,AMEX,Stock,USD,2018-01-19,2026-06-17
NIO,NYSE,Stock,USD,2018-09-12,2026-06-17
NIOBW,NASDAQ,Stock,USD,2023-03-21,2026-06-17
NIPG,NASDAQ,Stock,USD,2024-07-26,2026-06-17
NIQ,NYSE,Stock,USD,2025-07-23,2026-06-17
NITE,NASDAQ,Stock,USD,2017-09-28,2019-06-07
NIU,NASDAQ,Stock,USD,2018-10-19,2026-06-17
NIVF,NASDAQ,Stock,USD,2024-04-03,2026-06-17
NIVFW,NASDAQ,Stock,USD,2024-04-04,2026-06-17
NIVS,NYSE,Stock,USD,2011-06-23,2013-09-12
NIXX,NASDAQ,Stock,USD,2008-11-20,2026-06-17
NIXXW,NASDAQ,Stock,USD,2021-06-30,2026-06-17
NJR,NYSE,Stock,USD,1987-12-30,2026-06-17
NKA,NYSE,Stock,USD,2010-05-11,2016-07-27
NKE,NYSE,Stock,USD,1980-12-02,2026-06-17
NKLA,NASDAQ,Stock,USD,2018-06-11,2026-06-17
NKLAW,NASDAQ,Stock,USD,2018-06-11,2020-08-21
NKLR,NASDAQ,Stock,USD,2025-01-02,2026-06-17
NKSH,NASDAQ,Stock,USD,1999-12-01,2026-06-17
NKTR,NASDAQ,Stock,USD,1994-05-03,2026-06-17
NKTX,NASDAQ,Stock,USD,2020-07-10,2026-06-17
NL,NYSE,Stock,USD,1983-04-06,2026-06-17
NLC,NYSE,Stock,USD,2011-09-13,2012-12-10
NLCI,NASDAQ,Stock,USD,2011-08-09,2011-08-29
NLITU,NASDAQ,Stock,USD,2021-06-24,2022-09-28
NLOP,NYSE,Stock,USD,2023-10-27,2026-06-17
NLOP-W,NYSE,Stock,USD,2023-10-27,2023-11-01
NLP,NYSE,Stock,USD,2005-02-03,2014-06-23
NLSN,NYSE,Stock,USD,2011-01-27,2022-10-11
NLSPW,NASDAQ,Stock,USD,2021-01-29,2025-10-30
NLX,AMEX,Stock,USD,1997-01-02,2010-02-19
NLY,NYSE,Stock,USD,1997-10-08,2026-06-17
NLY-P-A,NYSE,Stock,USD,1997-10-08,2017-08-24
NLY-P-C,NYSE,Stock,USD,2014-09-22,2019-07-19
NLY-P-C-CL,NYSE,Stock,USD,2019-06-24,2019-07-19
NLY-P-D,NYSE,Stock,USD,2014-09-22,2020-12-22
NLY-P-E,NYSE,Stock,USD,2016-07-12,2018-02-07
NLY-P-F,NYSE,Stock,USD,2017-07-26,2026-06-17
NLY-P-G,NYSE,Stock,USD,2018-01-09,2026-06-17
NLY-P-H,NYSE,Stock,USD,2018-09-07,2019-05-30
NLY-P-H-CL,NYSE,Stock,USD,2019-05-02,2019-05-30
NLY-P-I,NYSE,Stock,USD,2019-06-21,2026-06-17
NM,NYSE,Stock,USD,2005-01-06,2023-12-14
NMAI,NYSE,Stock,USD,2021-11-22,2026-06-17
NMAX,NYSE,Stock,USD,2025-03-31,2026-06-17
NMBL,NYSE,Stock,USD,2013-12-13,2026-06-17
NMCI,NASDAQ,Stock,USD,2018-12-10,2021-03-31
NMCO,NYSE,Stock,USD,2019-09-17,2026-06-17
NMFC,NASDAQ,Stock,USD,2011-05-20,2026-06-17
NMFCL,NASDAQ,Stock,USD,2018-09-28,2021-03-08
NMFCZ,NASDAQ,Stock,USD,2023-11-27,2026-06-17
NMFS,NASDAQ,Stock,USD,2001-01-02,2016-04-11
NMG,NYSE,Stock,USD,2021-05-24,2021-05-24
NMG,NYSE,Stock,USD,2017-09-28,2026-06-17
NMIH,NASDAQ,Stock,USD,2024-05-13,2024-05-13
NMIH,NASDAQ,Stock,USD,2013-11-08,2026-06-17
NMM,NYSE,Stock,USD,2007-11-13,2026-06-17
NMMC,NASDAQ,Stock,USD,2020-11-18,2022-09-30
NMMCU,NASDAQ,Stock,USD,2020-09-18,2022-09-30
NMMCW,NASDAQ,Stock,USD,2020-11-13,2022-09-30
NMP,NASDAQ,Stock,USD,2025-09-03,2026-06-17
NMPAR,NASDAQ,Stock,USD,2025-09-03,2026-06-17
NMPAU,NASDAQ,Stock,USD,2025-07-01,2026-06-17
NMR,NYSE,Stock,USD,1995-05-16,2026-06-17
NMRA,NASDAQ,Stock,USD,2023-09-14,2026-06-17
NMRK,NASDAQ,Stock,USD,2017-12-15,2026-06-17
NMRX,NASDAQ,Stock,USD,1994-03-04,2017-12-07
NMTC,NASDAQ,Stock,USD,2017-09-18,2026-06-17
NMX,NYSE,Stock,USD,2006-11-17,2009-08-28
NN,NASDAQ,Stock,USD,2021-10-28,2026-06-17
NNA,NYSE,Stock,USD,2008-07-07,2021-10-18
NNAG,NASDAQ,Stock,USD,2023-10-09,2026-06-17
NNAGR,NASDAQ,Stock,USD,2023-10-09,2024-09-12
NNAGU,NASDAQ,Stock,USD,2023-08-18,2026-06-17
NNAGW,NASDAQ,Stock,USD,2023-10-09,2024-09-12
NNAVW,NASDAQ,Stock,USD,2021-10-29,2026-06-17
NNBR,NASDAQ,Stock,USD,1994-03-15,2026-06-17
NNDM,NASDAQ,Stock,USD,2016-01-07,2026-06-17
NNE,NASDAQ,Stock,USD,2024-05-08,2026-06-17
NNI,NYSE,Stock,USD,2003-12-12,2026-06-17
NNN,NYSE,Stock,USD,1990-03-26,2026-06-17
NNN-P-E,NYSE,Stock,USD,2014-09-22,2019-10-04
NNN-P-E-CL,NYSE,Stock,USD,2019-09-06,2019-10-04
NNN-P-F,NYSE,Stock,USD,2016-10-05,2021-10-15
NNNN,NASDAQ,Stock,USD,2025-02-19,2026-06-17
NNOX,NASDAQ,Stock,USD,2020-08-21,2026-06-17
NNP,NYSE,Stock,USD,1990-01-11,2015-06-05
NNVC,AMEX,Stock,USD,2005-10-26,2026-06-17
NOA,NYSE,Stock,USD,2006-11-22,2026-06-17
NOAC,NASDAQ,Stock,USD,2021-01-29,2022-11-10
NOACU,NASDAQ,Stock,USD,2020-11-11,2022-11-10
NOACW,NASDAQ,Stock,USD,2021-01-29,2022-11-10
NOAH,NYSE,Stock,USD,2010-11-10,2026-06-17
NOC,NYSE,Stock,USD,1981-12-31,2026-06-17
NODK,NASDAQ,Stock,USD,2017-03-16,2026-06-17
NOEM,NASDAQ,Stock,USD,2025-01-16,2026-06-17
NOEMR,NASDAQ,Stock,USD,2025-01-16,2026-06-17
NOEMU,NASDAQ,Stock,USD,2024-11-21,2026-06-17
NOEMW,NASDAQ,Stock,USD,2025-01-16,2026-06-17
NOEQ,NYSE,Stock,USD,2026-03-23,2026-06-17
NOG,NYSE,Stock,USD,2007-04-13,2026-06-17
NOK,NYSE,Stock,USD,1994-01-03,2026-06-17
NOMA,NASDAQ,Stock,USD,2025-10-31,2026-06-17
NOMD,NYSE,Stock,USD,2016-01-04,2026-06-17
NOR,NASDAQ,Stock,USD,2010-05-14,2015-11-25
NORD,NYSE,Stock,USD,2014-03-26,2023-05-19
NOTE-WS,NYSE,Stock,USD,2022-08-01,2026-03-26
NOTVQ,NASDAQ,Stock,USD,1997-11-25,2026-06-17
NOV,NYSE,Stock,USD,1996-10-29,2026-06-17
NOVA,NYSE,Stock,USD,2019-07-25,2025-06-09
NOVSU,NASDAQ,Stock,USD,2020-05-15,2021-01-29
NOVT,NASDAQ,Stock,USD,2016-01-04,2026-06-17
NOVTU,NASDAQ,Stock,USD,2025-11-12,2026-06-17
NOVV,NASDAQ,Stock,USD,2021-10-01,2026-06-17
NOVVR,NASDAQ,Stock,USD,2021-09-30,2024-11-19
NOVVU,NASDAQ,Stock,USD,2021-08-06,2024-11-19
NOVVW,NASDAQ,Stock,USD,2021-10-01,2024-11-19
NOW,NYSE,Stock,USD,2012-06-29,2026-06-17
NP,NYSE,Stock,USD,2025-10-01,2026-06-17
NP,NYSE,Stock,USD,2004-11-17,2022-07-05
NPAB,NASDAQ,Stock,USD,2021-12-30,2026-06-17
NPABU,NASDAQ,Stock,USD,2021-11-05,2026-06-17
NPABW,NASDAQ,Stock,USD,2021-12-30,2026-06-17
NPAC,NASDAQ,Stock,USD,2025-06-16,2026-06-17
NPACU,NASDAQ,Stock,USD,2025-04-24,2026-06-17
NPACW,NASDAQ,Stock,USD,2025-06-17,2026-06-17
NPAUU,NASDAQ,Stock,USD,2019-09-11,2021-04-06
NPB,NYSE,Stock,USD,2025-02-14,2026-06-17
NPBC,NASDAQ,Stock,USD,2016-01-04,2016-04-12
NPCE,NASDAQ,Stock,USD,2021-04-22,2026-06-17
NPCT,NYSE,Stock,USD,2021-04-28,2026-06-17
NPD,NYSE,Stock,USD,2007-11-08,2016-08-11
NPFD,NYSE,Stock,USD,2021-12-16,2026-06-17
NPK,NYSE,Stock,USD,1987-12-30,2026-06-17
NPKI,NYSE,Stock,USD,1991-09-26,2026-06-17
NPO,NYSE,Stock,USD,2002-05-24,2026-06-17
NPSP,NASDAQ,Stock,USD,1994-05-26,2015-02-20
NPT,NASDAQ,Stock,USD,2025-10-22,2026-06-17
NPTN,NYSE,Stock,USD,2011-02-02,2022-08-03
NPWR,NYSE,Stock,USD,2021-08-06,2026-06-17
NPWR-WS,NYSE,Stock,USD,2023-06-09,2026-06-17
NPWR-WS,NYSE,Stock,USD,2021-08-06,2026-05-28
NQ,NYSE,Stock,USD,2011-05-05,2018-03-13
NRAC,NASDAQ,Stock,USD,2021-04-01,2024-02-21
NRACU,NASDAQ,Stock,USD,2021-02-02,2024-02-21
NRACW,NASDAQ,Stock,USD,2021-03-26,2024-02-14
NRC,NASDAQ,Stock,USD,2013-05-23,2026-06-17
NRCG,NYSE,Stock,USD,2017-08-01,2019-10-31
NRCG-WS,AMEX,Stock,USD,2017-08-01,2019-10-31
NRCI,NASDAQ,Stock,USD,2013-05-21,2013-05-30
NRCIA,NASDAQ,Stock,USD,2013-05-23,2018-04-17
NRCIB,NASDAQ,Stock,USD,1997-10-13,2018-04-17
NRDS,NASDAQ,Stock,USD,2021-11-04,2026-06-17
NRDY,NYSE,Stock,USD,2020-11-27,2026-06-17
NRDY-WS,NYSE,Stock,USD,2021-09-21,2023-09-27
NRDY-WS,NYSE,Stock,USD,2020-11-27,2022-12-23
NRE,NYSE,Stock,USD,2015-11-02,2019-10-07
NREF,NYSE,Stock,USD,2020-02-07,2026-06-17
NREF-P-A,NYSE,Stock,USD,2026-05-28,2026-05-28
NREF-P-A,NYSE,Stock,USD,2020-07-20,2026-06-17
NRF,NYSE,Stock,USD,2016-01-04,2017-01-18
NRG,NYSE,Stock,USD,2003-12-02,2026-06-17
NRGV,NYSE,Stock,USD,2022-02-14,2026-06-17
NRGV-WS,NYSE,Stock,USD,2022-02-14,2022-02-18
NRGV-WS,NYSE,Stock,USD,2021-03-30,2022-08-02
NRIM,NASDAQ,Stock,USD,1993-10-25,2026-06-17
NRIX,NASDAQ,Stock,USD,2020-07-24,2026-06-17
NRO-R,AMEX,Stock,USD,2025-01-24,2025-02-18
NRO-R-W,AMEX,Stock,USD,2025-01-23,2025-01-23
NRP,NYSE,Stock,USD,2002-10-11,2026-06-17
NRSN,NASDAQ,Stock,USD,2021-12-09,2026-06-17
NRSNW,NASDAQ,Stock,USD,2021-12-09,2026-06-17
NRT,NYSE,Stock,USD,1987-12-30,2026-06-17
NRTLQ,NYSE,Stock,USD,2010-01-04,2015-10-13
NRUC,NYSE,Stock,USD,2019-05-08,2026-06-17
NRXP,NASDAQ,Stock,USD,2017-12-04,2026-06-17
NRXPW,NASDAQ,Stock,USD,2017-12-01,2026-05-22
NRXS,AMEX,Stock,USD,2023-08-09,2026-06-17
NS,NYSE,Stock,USD,2001-04-10,2024-05-03
NS-P-A,NYSE,Stock,USD,2016-11-30,2024-05-31
NS-P-B,NYSE,Stock,USD,2017-04-26,2024-05-31
NS-P-C,NYSE,Stock,USD,2017-11-28,2024-05-31
NSA,NYSE,Stock,USD,2015-04-23,2026-06-17
NSA-P-A,NYSE,Stock,USD,2018-10-22,2026-06-17
NSA-P-B,NYSE,Stock,USD,2024-07-31,2026-06-17
NSAT,NYSE,Stock,USD,1995-08-18,2017-07-20
NSC,NYSE,Stock,USD,1982-06-02,2026-06-17
NSEC,NASDAQ,Stock,USD,1990-03-30,2022-06-30
NSH,NYSE,Stock,USD,2006-07-14,2018-07-23
NSH-U,NYSE,Stock,USD,2020-09-10,2021-08-16
NSIT,NASDAQ,Stock,USD,1995-01-25,2026-06-17
NSM,NYSE,Stock,USD,2012-03-08,2018-07-31
NSP,NYSE,Stock,USD,1997-01-29,2026-06-17
NSPH,NASDAQ,Stock,USD,2007-11-01,2016-07-01
NSPR,NASDAQ,Stock,USD,2011-04-12,2026-06-17
NSPR-WS,NASDAQ,Stock,USD,2016-08-01,2021-07-07
NSPR-WSB,NASDAQ,Stock,USD,2017-04-10,2022-03-15
NSR,NYSE,Stock,USD,2021-06-03,2022-08-15
NSR,NYSE,Stock,USD,2005-06-29,2017-08-17
NSRX,AMEX,Stock,USD,2025-08-13,2026-06-17
NSS,NYSE,Stock,USD,2013-01-29,2024-05-31
NSSC,NASDAQ,Stock,USD,1990-03-26,2026-06-17
NSTS,NASDAQ,Stock,USD,2022-01-19,2026-06-17
NSU,AMEX,Stock,USD,2002-12-19,2019-03-07
NSYS,NASDAQ,Stock,USD,1993-06-24,2026-06-17
NTAP,NASDAQ,Stock,USD,1995-11-21,2026-06-17
NTB,NYSE,Stock,USD,2016-09-16,2026-06-17
NTBL,NASDAQ,Stock,USD,2023-10-17,2026-06-17
NTCL,NASDAQ,Stock,USD,2024-12-13,2026-06-17
NTCT,NASDAQ,Stock,USD,1999-08-12,2026-06-17
NTES,NASDAQ,Stock,USD,2000-06-30,2026-06-17
NTEST,NYSE,Stock,USD,2016-09-19,2026-06-17
NTEST-A,NYSE,Stock,USD,2016-09-19,2019-08-07
NTEST-B,NYSE,Stock,USD,2016-09-21,2019-08-07
NTEST-C,NYSE,Stock,USD,2016-09-27,2019-08-07
NTEST-D,NYSE,Stock,USD,2019-02-11,2019-08-07
NTEST-E,NYSE,Stock,USD,2019-07-25,2019-08-07
NTEST-F,NYSE,Stock,USD,2019-07-25,2019-08-07
NTEST-G,NYSE,Stock,USD,2019-07-17,2026-06-17
NTEST-H,NYSE,Stock,USD,2019-07-12,2026-06-17
NTEST-I,NYSE,Stock,USD,2019-07-12,2026-06-17
NTEST-J,NYSE,Stock,USD,2019-07-12,2026-06-17
NTEST-K,NYSE,Stock,USD,2019-07-12,2026-06-17
NTEST-L,NYSE,Stock,USD,2019-07-17,2026-06-17
NTEST-M,NYSE,Stock,USD,2019-07-15,2026-06-17
NTEST-N,NYSE,Stock,USD,2019-07-16,2026-06-17
NTEST-O,NYSE,Stock,USD,2019-07-17,2026-06-17
NTEST-P,NYSE,Stock,USD,2019-06-24,2026-06-17
NTEST-Q,NYSE,Stock,USD,2019-07-17,2026-06-17
NTEST-R,NYSE,Stock,USD,2019-07-03,2019-08-30
NTEST-S,NYSE,Stock,USD,2019-07-03,2019-08-07
NTEST-T,NYSE,Stock,USD,2019-07-03,2019-08-07
NTEST-U,NYSE,Stock,USD,2019-07-05,2019-08-07
NTEST-V,NYSE,Stock,USD,2019-07-08,2019-07-23
NTEST-W,NYSE,Stock,USD,2019-07-03,2019-08-07
NTEST-WD,NYSE,Stock,USD,2019-06-24,2019-08-07
NTEST-WS,NYSE,Stock,USD,2019-07-05,2019-08-07
NTEST-X,NYSE,Stock,USD,2019-06-28,2019-08-01
NTEST-Y,NYSE,Stock,USD,2019-07-30,2026-06-17
NTEST-Z,NYSE,Stock,USD,2019-07-30,2026-06-17
NTGN,NASDAQ,Stock,USD,2018-06-27,2020-05-06
NTGR,NASDAQ,Stock,USD,2003-07-31,2026-06-17
NTHI,NASDAQ,Stock,USD,2025-03-26,2026-06-17
NTI,NYSE,Stock,USD,2012-07-25,2016-07-01
NTIC,NASDAQ,Stock,USD,1993-09-13,2026-06-17
NTIP,AMEX,Stock,USD,2013-10-25,2026-06-17
NTK,NASDAQ,Stock,USD,2016-01-04,2016-09-01
NTL,NYSE,Stock,USD,1997-06-17,2017-12-15
NTLA,NASDAQ,Stock,USD,2016-05-06,2026-06-17
NTLS,NASDAQ,Stock,USD,2006-02-09,2016-05-09
NTNX,NASDAQ,Stock,USD,2016-09-30,2026-06-17
NTR,NYSE,Stock,USD,2018-01-02,2026-06-17
NTRA,NASDAQ,Stock,USD,2015-07-02,2026-06-17
NTRB,NASDAQ,Stock,USD,2017-11-30,2026-06-17
NTRBW,NASDAQ,Stock,USD,2021-10-01,2026-06-17
NTRI,NASDAQ,Stock,USD,2000-03-30,2019-03-08
NTRP,NASDAQ,Stock,USD,2013-10-02,2026-06-17
NTRS,NASDAQ,Stock,USD,1990-03-26,2026-06-17
NTRSO,NASDAQ,Stock,USD,2019-10-30,2026-06-17
NTRSP,NASDAQ,Stock,USD,2014-07-31,2019-12-31
NTSK,NASDAQ,Stock,USD,2025-09-18,2026-06-17
NTST,NYSE,Stock,USD,2020-08-13,2026-06-17
NTTNP,NASDAQ,Stock,USD,2016-06-30,2021-03-04
NTUS,NASDAQ,Stock,USD,2001-07-31,2022-09-08
NTWK,NASDAQ,Stock,USD,1998-09-25,2026-06-17
NTWO,NASDAQ,Stock,USD,2024-12-27,2026-06-17
NTWOU,NASDAQ,Stock,USD,2024-11-01,2026-06-17
NTWOW,NASDAQ,Stock,USD,2024-12-30,2026-06-17
NTY,NYSE,Stock,USD,2006-12-28,2010-09-30
NTZ,NYSE,Stock,USD,1993-05-13,2026-06-17
NU,NYSE,Stock,USD,1984-08-29,2015-02-18
NU,NYSE,Stock,USD,2021-12-09,2026-06-17
NUAI,NASDAQ,Stock,USD,2024-12-09,2026-06-17
NUAIW,NASDAQ,Stock,USD,2025-08-13,2026-06-17
NUAN,NASDAQ,Stock,USD,1995-12-11,2022-03-04
NUANV,NASDAQ,Stock,USD,2019-09-24,2019-10-01
NUBI,NASDAQ,Stock,USD,2022-05-02,2024-02-02
NUBIU,NASDAQ,Stock,USD,2022-03-11,2024-02-02
NUBIW,NASDAQ,Stock,USD,2022-05-02,2024-02-02
NUCL,NASDAQ,Stock,USD,2026-02-25,2026-06-17
NUCLW,NASDAQ,Stock,USD,2026-02-25,2026-06-17
NUE,NYSE,Stock,USD,1983-09-01,2026-06-17
NUOTQ,NYSE,Stock,USD,2016-01-04,2016-05-11
NURO,NASDAQ,Stock,USD,2001-01-02,2026-06-17
NUROW,NASDAQ,Stock,USD,2015-05-27,2020-05-27
NUS,NYSE,Stock,USD,1996-11-22,2026-06-17
NUTR,NASDAQ,Stock,USD,2025-08-15,2026-06-17
NUTR,NASDAQ,Stock,USD,1998-02-20,2017-08-24
NUTX,NASDAQ,Stock,USD,2013-04-08,2026-06-17
NUVA,NASDAQ,Stock,USD,2004-05-13,2023-09-11
NUVB,NYSE,Stock,USD,2020-08-24,2026-06-17
NUVB-WS,NYSE,Stock,USD,2020-08-21,2022-12-23
NUVB-WS,NYSE,Stock,USD,2021-02-11,2026-02-12
NUVL,NASDAQ,Stock,USD,2021-07-29,2026-06-17
NUWE,NASDAQ,Stock,USD,2012-02-16,2026-06-17
NVA,NASDAQ,Stock,USD,2024-07-24,2026-06-16
NVACU,NASDAQ,Stock,USD,2021-12-20,2022-01-21
NVAWW,NASDAQ,Stock,USD,2024-07-24,2026-06-17
NVAX,NASDAQ,Stock,USD,1995-12-13,2026-06-17
NVCN,NASDAQ,Stock,USD,2007-02-05,2023-04-11
NVCR,NASDAQ,Stock,USD,2015-10-02,2026-06-17
NVCT,NASDAQ,Stock,USD,2022-02-04,2026-06-17
NVDA,NASDAQ,Stock,USD,1999-01-22,2026-06-17
NVDQ,NASDAQ,Stock,USD,2008-06-25,2017-09-11
NVEC,NASDAQ,Stock,USD,1996-09-11,2026-06-17
NVEE,NASDAQ,Stock,USD,2013-09-30,2025-08-04
NVEI,NASDAQ,Stock,USD,2020-10-28,2024-11-15
NVET,NASDAQ,Stock,USD,2015-02-05,2017-08-10
NVGN,NASDAQ,Stock,USD,1999-01-06,2017-11-22
NVGS,NYSE,Stock,USD,2007-01-09,2026-06-17
NVLNF,NASDAQ,Stock,USD,1990-03-26,2020-01-16
NVMI,NASDAQ,Stock,USD,2000-04-11,2026-06-17
NVNI,NASDAQ,Stock,USD,2023-09-29,2026-06-17
NVNIW,NASDAQ,Stock,USD,2023-10-02,2026-06-17
NVNO,NASDAQ,Stock,USD,2018-05-31,2026-06-17
NVNOW,NASDAQ,Stock,USD,2018-05-31,2023-05-26
NVO,NYSE,Stock,USD,1982-01-04,2026-06-17
NVR,NYSE,Stock,USD,1985-07-22,2026-06-17
NVRI,NYSE,Stock,USD,2026-05-27,2026-06-17
NVRI,NYSE,Stock,USD,1987-11-05,2026-05-29
NVRI,NYSE,Stock,USD,2023-06-16,2023-06-16
NVRI-W,NYSE,Stock,USD,2026-05-27,2026-06-01
NVRO,NYSE,Stock,USD,2014-11-06,2025-04-02
NVS,NYSE,Stock,USD,1996-11-07,2026-06-17
NVSA,NASDAQ,Stock,USD,2021-04-12,2023-02-21
NVSAU,NASDAQ,Stock,USD,2021-02-17,2023-02-21
NVSAW,NASDAQ,Stock,USD,2021-04-12,2023-02-21
NVSL,NASDAQ,Stock,USD,2016-01-04,2016-01-19
NVST,NYSE,Stock,USD,2019-09-18,2026-06-17
NVT,NYSE,Stock,USD,2018-04-30,2026-06-17
NVTS,NASDAQ,Stock,USD,2021-01-25,2026-06-17
NVTSW,NASDAQ,Stock,USD,2021-01-25,2022-03-07
NVVE,NASDAQ,Stock,USD,2021-03-22,2026-06-17
NVVEW,NASDAQ,Stock,USD,2021-03-23,2026-03-19
NVX,NASDAQ,Stock,USD,2022-02-02,2026-06-17
NW-P-C,NYSE,Stock,USD,2014-09-22,2017-10-13
NWAX,NYSE,Stock,USD,2026-01-26,2026-06-17
NWAX-U,NYSE,Stock,USD,2025-12-04,2026-06-17
NWAX-WS,NYSE,Stock,USD,2026-01-26,2026-06-17
NWBI,NASDAQ,Stock,USD,1994-11-08,2026-06-17
NWE,NASDAQ,Stock,USD,2007-12-28,2026-06-17
NWFL,NASDAQ,Stock,USD,1998-03-04,2026-06-17
NWG,NYSE,Stock,USD,2007-10-18,2026-06-17
NWG-W,NYSE,Stock,USD,2022-08-30,2022-08-31
NWGL,NASDAQ,Stock,USD,2023-09-12,2026-06-17
NWHM,NYSE,Stock,USD,2014-01-31,2021-09-09
NWK,NASDAQ,Stock,USD,1990-01-02,2012-09-11
NWL,NASDAQ,Stock,USD,1984-07-19,2026-06-17
NWLI,NASDAQ,Stock,USD,1990-03-26,2026-06-17
NWN,NYSE,Stock,USD,1990-03-26,2026-06-17
NWPX,NASDAQ,Stock,USD,1995-11-30,2026-06-17
NWS,NASDAQ,Stock,USD,2013-06-19,2026-06-17
NWSA,NASDAQ,Stock,USD,2013-06-19,2026-06-17
NWTG,NASDAQ,Stock,USD,2023-08-15,2026-06-17
NX,NYSE,Stock,USD,1987-12-30,2026-06-17
NXDR,NYSE,Stock,USD,2021-03-24,2026-06-17
NXDT,NYSE,Stock,USD,2021-11-08,2026-06-17
NXDT-P-A,NYSE,Stock,USD,2021-11-08,2026-06-17
NXE,NYSE,Stock,USD,2016-01-04,2026-06-17
NXEO,NASDAQ,Stock,USD,2014-09-24,2019-02-28
NXEOU,NASDAQ,Stock,USD,2014-06-06,2019-02-28
NXG-R,NYSE,Stock,USD,2024-06-24,2026-04-30
NXG-R-W,NYSE,Stock,USD,2025-07-18,2026-04-06
NXGL,NASDAQ,Stock,USD,2021-12-22,2026-06-17
NXGLW,NASDAQ,Stock,USD,2021-12-22,2026-06-17
NXGN,NASDAQ,Stock,USD,2001-01-02,2023-11-09
NXL,NASDAQ,Stock,USD,2022-09-16,2026-06-17
NXLIW,NASDAQ,Stock,USD,2022-09-16,2025-09-19
NXPI,NASDAQ,Stock,USD,2010-08-06,2026-06-17
NXPL,NASDAQ,Stock,USD,2014-05-20,2026-06-17
NXPLW,NASDAQ,Stock,USD,2021-05-28,2026-06-03
NXRT,NYSE,Stock,USD,2015-03-19,2026-06-17
NXST,NASDAQ,Stock,USD,2003-11-25,2026-06-17
NXT,NASDAQ,Stock,USD,2023-02-09,2026-06-17
NXT(EXP20091224),NASDAQ,Stock,USD,2023-02-09,2023-02-09
NXTC,NASDAQ,Stock,USD,2019-05-09,2026-06-17
NXTDW,NASDAQ,Stock,USD,2014-09-24,2019-09-11
NXTM,NASDAQ,Stock,USD,2005-10-27,2019-02-21
NXTS,NASDAQ,Stock,USD,2017-10-18,2026-06-17
NXTT,NASDAQ,Stock,USD,2020-07-23,2026-06-17
NXTV,NASDAQ,Stock,USD,2026-02-06,2026-05-28
NXU-U,NYSE,Stock,USD,2021-02-04,2022-02-11
NXXT,NASDAQ,Stock,USD,2021-09-15,2026-06-17
NYAX,NASDAQ,Stock,USD,2022-06-03,2026-06-17
NYC,NYSE,Stock,USD,2020-08-18,2026-06-17
NYCB- PR-U,NYSE,Stock,USD,2026-02-06,2026-05-19
NYCB-P-U,NYSE,Stock,USD,2003-05-02,2026-05-19
NYLD,NYSE,Stock,USD,2015-05-15,2018-09-14
NYLD-A,NYSE,Stock,USD,2015-05-14,2018-09-14
NYM,NYSE,Stock,AUD,2025-11-10,2026-06-17
NYMT,NASDAQ,Stock,USD,2026-02-06,2026-06-17
NYMTH,NASDAQ,Stock,USD,2025-07-09,2025-09-02
NYMTO,NASDAQ,Stock,USD,2015-05-04,2021-07-29
NYMTP,NASDAQ,Stock,USD,2013-06-04,2021-12-17
NYMTZ,NASDAQ,Stock,USD,2021-11-18,2021-11-23
NYNY,NASDAQ,Stock,USD,1993-11-05,2026-06-17
NYNYR,NASDAQ,Stock,USD,2016-01-11,2016-02-08
NYRT,NYSE,Stock,USD,2014-04-15,2018-11-06
NYT,NYSE,Stock,USD,1973-05-03,2026-06-17
NYX,NYSE,Stock,USD,2007-06-04,2013-11-12
NYXH,NASDAQ,Stock,USD,2021-04-28,2021-07-01
NYXH,NASDAQ,Stock,USD,2021-04-28,2026-06-17
NZ,NYSE,Stock,USD,2009-04-09,2010-11-10
O,NYSE,Stock,USD,1994-10-18,2026-06-17
O-P,NYSE,Stock,USD,2024-01-23,2024-09-27
O-P-F-CL,NYSE,Stock,USD,2017-03-08,2017-04-05
OA,NYSE,Stock,USD,1990-10-03,2018-06-06
OABC,NASDAQ,Stock,USD,2010-01-21,2014-12-17
OABI,NASDAQ,Stock,USD,2022-11-02,2026-06-17
OABIW,NASDAQ,Stock,USD,2021-09-30,2026-06-17
OAC-U,NYSE,Stock,USD,2019-07-18,2021-01-20
OACB,NYSE,Stock,USD,2020-11-09,2022-06-15
OACB-U,NYSE,Stock,USD,2020-09-17,2022-06-15
OACB-WS,NYSE,Stock,USD,2020-11-09,2022-06-15
OACC,NASDAQ,Stock,USD,2024-12-16,2026-06-17
OACCU,NASDAQ,Stock,USD,2024-10-24,2026-06-17
OACCW,NASDAQ,Stock,USD,2024-12-16,2026-06-17
OACQ,NASDAQ,Stock,USD,2015-01-08,2018-02-21
OACQR,NASDAQ,Stock,USD,2015-01-07,2018-02-21
OACQU,NASDAQ,Stock,USD,2014-12-12,2018-02-21
OACQW,NASDAQ,Stock,USD,2015-01-07,2018-02-21
OAK,NYSE,Stock,USD,2012-04-12,2019-10-08
OAK-P-A,NYSE,Stock,USD,2018-05-11,2026-06-17
OAK-P-B,NYSE,Stock,USD,2018-08-03,2026-06-17
OAKS,NYSE,Stock,USD,2013-03-22,2018-05-25
OAKS-P-A,NYSE,Stock,USD,2014-09-22,2018-05-29
OAKU,NASDAQ,Stock,USD,2023-05-19,2026-06-17
OAKUR,NASDAQ,Stock,USD,2023-05-19,2026-06-17
OAKUU,NASDAQ,Stock,USD,2023-03-24,2026-06-17
OAKUW,NASDAQ,Stock,USD,2023-05-19,2026-06-17
OAS,NASDAQ,Stock,USD,2010-06-17,2020-11-20
OB,NYSE,Stock,USD,2006-11-09,2017-10-19
OBA,NASDAQ,Stock,USD,2025-08-15,2026-06-17
OBAI,NASDAQ,Stock,USD,2026-02-04,2026-06-17
OBAS,NASDAQ,Stock,USD,1999-04-07,2022-03-23
OBAWU,NASDAQ,Stock,USD,2025-06-25,2026-06-17
OBAWW,NASDAQ,Stock,USD,2025-08-15,2026-06-17
OBCI,NASDAQ,Stock,USD,1995-07-13,2022-08-09
OBDC,NYSE,Stock,USD,2019-07-18,2026-06-17
OBDE,NYSE,Stock,USD,2024-01-25,2025-01-24
OBE,AMEX,Stock,USD,2020-04-02,2026-06-17
OBE,NYSE,Stock,USD,2005-11-15,2020-04-01
OBIO,NASDAQ,Stock,USD,2020-08-04,2026-06-17
OBK,NYSE,Stock,USD,2018-05-08,2026-06-17
OBT,NASDAQ,Stock,USD,2007-10-04,2026-06-17
OBTC,NASDAQ,Stock,USD,2021-02-12,2026-06-17
OC,NYSE,Stock,USD,2006-11-01,2026-06-17
OCA,NYSE,Stock,USD,2021-01-12,2022-05-31
OCA-U,NYSE,Stock,USD,2020-11-20,2022-05-31
OCA-WS,NYSE,Stock,USD,2021-01-12,2022-05-31
OCAC-U,NYSE,Stock,USD,2026-06-09,2026-06-17
OCAT,NASDAQ,Stock,USD,2014-08-27,2016-02-11
OCC,NASDAQ,Stock,USD,1996-04-02,2026-06-17
OCCI,NASDAQ,Stock,USD,2018-10-05,2026-06-17
OCCIM,NASDAQ,Stock,USD,2024-10-03,2026-06-17
OCCIN,NASDAQ,Stock,USD,2021-12-06,2026-06-17
OCCIO,NASDAQ,Stock,USD,2021-04-23,2026-04-29
OCDX,NASDAQ,Stock,USD,2021-01-28,2022-09-08
OCFC,NASDAQ,Stock,USD,1996-07-03,2026-06-17
OCFCP,NASDAQ,Stock,USD,2020-05-05,2026-06-17
OCFT,NYSE,Stock,USD,2019-12-13,2025-12-10
OCG,NASDAQ,Stock,USD,2020-12-15,2026-06-17
OCGN,NASDAQ,Stock,USD,2014-12-03,2026-06-17
OCIP,NYSE,Stock,USD,2013-10-04,2018-07-16
OCIR,NYSE,Stock,USD,2013-09-13,2015-11-05
OCLR,NASDAQ,Stock,USD,2000-04-11,2018-12-10
OCR,NYSE,Stock,USD,1987-12-30,2015-08-17
OCRX,NASDAQ,Stock,USD,2011-04-04,2017-12-11
OCS,NASDAQ,Stock,USD,2023-03-02,2026-06-17
OCSAW,NASDAQ,Stock,USD,2023-03-03,2026-06-17
OCSI,NASDAQ,Stock,USD,2013-07-12,2021-03-19
OCSL,NASDAQ,Stock,USD,2008-06-12,2026-06-17
OCSLL,NASDAQ,Stock,USD,2013-04-05,2020-03-13
OCTV,NASDAQ,Stock,USD,2026-05-28,2026-06-17
OCTVV,NASDAQ,Stock,USD,2026-05-21,2026-05-27
OCUL,NASDAQ,Stock,USD,2014-07-25,2026-06-17
ODC,NYSE,Stock,USD,1990-03-26,2026-06-17
ODD,NASDAQ,Stock,USD,2023-07-19,2026-06-17
ODFL,NASDAQ,Stock,USD,1991-10-24,2026-06-17
ODP,NASDAQ,Stock,USD,1990-03-26,2026-06-17
ODSY,NASDAQ,Stock,USD,2001-10-31,2010-09-03
ODTX,NASDAQ,Stock,USD,2026-05-08,2026-06-17
ODV,NYSE,Stock,USD,2017-10-17,2026-06-17
ODV,NYSE,Stock,USD,2022-05-27,2022-05-27
ODVWW,NASDAQ,Stock,USD,2023-07-06,2023-11-28
ODVWZ,NASDAQ,Stock,USD,2023-11-17,2026-06-17
ODYS,NASDAQ,Stock,USD,2020-04-28,2026-06-17
OEC,NYSE,Stock,USD,2014-07-25,2026-06-17
OEPW,NASDAQ,Stock,USD,2021-03-18,2022-12-08
OEPWU,NASDAQ,Stock,USD,2021-01-22,2022-12-08
OEPWW,NASDAQ,Stock,USD,2021-03-15,2022-12-08
OESX,NASDAQ,Stock,USD,2007-12-19,2026-06-17
OFAL,NASDAQ,Stock,USD,2025-05-21,2026-06-17
OFC-P-L,NYSE,Stock,USD,1991-12-31,2017-09-14
OFC-P-L-CL,NYSE,Stock,USD,1991-12-31,2017-06-26
OFG,NYSE,Stock,USD,1990-03-28,2026-06-17
OFG-P-A,NYSE,Stock,USD,2014-09-22,2021-04-29
OFG-P-B,NYSE,Stock,USD,2014-09-22,2021-04-29
OFG-P-D,NYSE,Stock,USD,2014-09-22,2021-07-14
OFIX,NASDAQ,Stock,USD,1992-04-24,2026-06-17
OFLX,NASDAQ,Stock,USD,2005-08-01,2026-06-17
OFRM,NYSE,Stock,USD,2026-02-06,2026-06-17
OFS,NASDAQ,Stock,USD,2012-11-08,2026-06-17
OFSSG,NASDAQ,Stock,USD,2020-09-21,2021-10-29
OFSSH,NASDAQ,Stock,USD,2021-10-28,2026-06-17
OFSSI,NASDAQ,Stock,USD,2019-10-16,2021-11-22
OFSSL,NASDAQ,Stock,USD,2018-04-20,2021-03-11
OFSSO,NASDAQ,Stock,USD,2025-07-24,2026-06-17
OFSSZ,NASDAQ,Stock,USD,2018-10-25,2021-03-11
OGC,NYSE,Stock,USD,2026-05-26,2026-06-17
OGCP,NYSE,Stock,USD,2013-10-08,2026-06-17
OGE,NYSE,Stock,USD,1987-12-30,2026-06-17
OGEN,AMEX,Stock,USD,2004-02-25,2026-06-17
OGI,NASDAQ,Stock,USD,2014-08-27,2026-06-17
OGN,NYSE,Stock,USD,2021-05-14,2026-06-17
OGN-W,NYSE,Stock,USD,2021-05-14,2021-06-02
OGS,NYSE,Stock,USD,2014-01-16,2026-06-17
OGXI,NASDAQ,Stock,USD,1995-10-13,2017-08-02
OHAA,NASDAQ,Stock,USD,2021-12-23,2023-12-27
OHAAU,NASDAQ,Stock,USD,2021-10-27,2023-12-27
OHAAW,NASDAQ,Stock,USD,2021-12-20,2023-12-27
OHAC,NASDAQ,Stock,USD,2026-06-05,2026-06-17
OHACR,NASDAQ,Stock,USD,2026-06-05,2026-06-17
OHACU,NASDAQ,Stock,USD,2026-05-21,2026-06-17
OHAI,NASDAQ,Stock,USD,2004-11-10,2019-12-18
OHI,NYSE,Stock,USD,1992-08-07,2026-06-17
OHPA,NASDAQ,Stock,USD,2021-04-26,2022-12-01
OHPAU,NASDAQ,Stock,USD,2021-03-02,2022-12-01
OHPAW,NASDAQ,Stock,USD,2021-04-23,2022-12-01
OI,NYSE,Stock,USD,1991-12-11,2026-06-17
OIBR-R,NYSE,Stock,USD,2018-11-20,2018-12-19
OII,NYSE,Stock,USD,1990-03-26,2026-06-17
OIIM,NASDAQ,Stock,USD,2000-08-31,2023-03-03
OILT,NYSE,Stock,USD,2011-07-14,2015-02-23
OIM,NASDAQ,Stock,USD,2026-03-09,2026-06-17
OIMAU,NASDAQ,Stock,USD,2026-01-14,2026-06-17
OIMAW,NASDAQ,Stock,USD,2026-03-09,2026-06-17
OIOWW,NASDAQ,Stock,USD,2023-08-04,2026-06-17
OIS,NYSE,Stock,USD,2001-02-09,2026-06-17
OKDCC,NASDAQ,Stock,USD,2017-11-29,2019-08-26
OKE,NYSE,Stock,USD,1985-07-01,2026-06-17
OKLO,NYSE,Stock,USD,2021-07-08,2026-06-17
OKS,NYSE,Stock,USD,1993-09-24,2017-07-03
OKSB,NASDAQ,Stock,USD,1993-12-17,2017-10-27
OKTA,NASDAQ,Stock,USD,2017-04-07,2026-06-17
OKUR,NASDAQ,Stock,USD,2024-10-07,2026-06-17
OKYO,NASDAQ,Stock,USD,2022-05-17,2026-06-17
OLB,NASDAQ,Stock,USD,2007-07-13,2026-06-17
OLBK,NASDAQ,Stock,USD,2003-09-17,2019-11-22
OLED,NASDAQ,Stock,USD,1996-04-12,2026-06-17
OLITU,NASDAQ,Stock,USD,2021-11-09,2023-11-07
OLK,NASDAQ,Stock,USD,2021-03-25,2026-06-17
OLLI,NASDAQ,Stock,USD,2015-07-16,2026-06-17
OLMA,NASDAQ,Stock,USD,2020-11-19,2026-06-17
OLN,NYSE,Stock,USD,1987-12-30,2026-06-17
OLO,NYSE,Stock,USD,2021-03-17,2025-09-12
OLOX,NASDAQ,Stock,USD,2017-06-22,2026-06-17
OLP,NYSE,Stock,USD,1992-03-17,2026-06-17
OLPX,NASDAQ,Stock,USD,2021-09-30,2026-06-17
OM,NASDAQ,Stock,USD,2020-09-15,2026-06-17
OMAA,NYSE,Stock,USD,2016-08-19,2018-07-03
OMAB,NASDAQ,Stock,USD,2006-11-29,2026-06-17
OMAD,NYSE,Stock,USD,2018-03-05,2019-05-31
OMAD-U,NYSE,Stock,USD,2018-01-18,2019-05-31
OMAD-WS,NYSE,Stock,USD,2018-02-26,2019-05-31
OMAM,NYSE,Stock,USD,2014-10-09,2018-03-26
OMC,NYSE,Stock,USD,1990-03-26,2026-06-17
OMCL,NASDAQ,Stock,USD,2001-08-09,2026-06-17
OMDA,NASDAQ,Stock,USD,2025-06-06,2026-06-17
OME,NYSE,Stock,USD,1998-04-03,2017-12-19
OMED,NASDAQ,Stock,USD,2013-07-18,2019-04-23
OMEG,NASDAQ,Stock,USD,2021-01-07,2022-12-28
OMER,NASDAQ,Stock,USD,2009-10-08,2026-06-17
OMEX,NASDAQ,Stock,USD,1999-10-26,2026-06-17
OMF,NYSE,Stock,USD,2015-11-27,2026-06-17
OMG,NYSE,Stock,USD,1993-10-14,2015-11-05
OMGA,NASDAQ,Stock,USD,2021-07-30,2026-06-17
OMH,NASDAQ,Stock,USD,2023-03-21,2026-06-17
OMIC,NASDAQ,Stock,USD,2021-05-27,2025-02-21
OMN,NYSE,Stock,USD,1999-09-27,2020-04-01
OMNT,NASDAQ,Stock,USD,2015-12-03,2019-05-24
OMP,NASDAQ,Stock,USD,2017-09-21,2022-02-01
OMPI,NASDAQ,Stock,USD,2006-12-28,2013-04-25
OMSE,NASDAQ,Stock,USD,2025-05-13,2026-06-17
OMTL,NASDAQ,Stock,USD,1997-08-08,2017-07-14
OMX,NYSE,Stock,USD,2006-12-28,2013-11-05
ON,NASDAQ,Stock,USD,2000-05-02,2026-06-17
ONB,NASDAQ,Stock,USD,1990-03-26,2026-06-17
ONBPO,NASDAQ,Stock,USD,2022-02-16,2026-06-17
ONBPP,NASDAQ,Stock,USD,2022-02-16,2026-06-17
ONC,NASDAQ,Stock,USD,2016-02-03,2026-06-17
ONCE,NASDAQ,Stock,USD,2015-01-30,2023-12-26
ONCH,NASDAQ,Stock,USD,2025-09-12,2026-06-17
ONCHU,NASDAQ,Stock,USD,2025-07-02,2026-06-17
ONCHW,NASDAQ,Stock,USD,2025-09-12,2026-06-17
ONCO,NASDAQ,Stock,USD,2022-02-18,2026-06-17
ONCT,NASDAQ,Stock,USD,2004-02-03,2026-06-17
ONCY,NASDAQ,Stock,USD,2018-05-31,2026-06-17
ONCYF,NASDAQ,Stock,USD,2016-01-04,2018-05-24
ONDK,NYSE,Stock,USD,2014-12-17,2020-10-15
ONDS,NASDAQ,Stock,USD,2018-10-25,2026-06-17
ONE,NYSE,Stock,USD,2010-06-16,2016-08-04
ONEG,NASDAQ,Stock,USD,2024-12-31,2026-06-17
ONEM,NASDAQ,Stock,USD,2020-01-31,2023-02-22
ONEW,NASDAQ,Stock,USD,2020-02-07,2026-06-17
ONFC,NASDAQ,Stock,USD,1998-12-30,2015-12-04
ONFO,NASDAQ,Stock,USD,2022-08-26,2026-06-17
ONFOW,NASDAQ,Stock,USD,2022-08-26,2026-06-17
ONIT,NYSE,Stock,USD,1996-09-25,2026-06-17
ONL,NYSE,Stock,USD,2021-11-15,2026-06-17
ONL-W,NYSE,Stock,USD,2021-11-01,2021-11-12
ONMD,NASDAQ,Stock,USD,2021-06-24,2026-06-17
ONMDW,NASDAQ,Stock,USD,2021-06-24,2026-06-17
ONNN,NASDAQ,Stock,USD,2000-05-02,2015-04-02
ONON,NYSE,Stock,USD,2021-09-15,2026-06-17
ONP,NYSE,Stock,USD,2007-10-01,2018-07-31
ONSIU,NASDAQ,Stock,USD,2016-05-12,2016-06-20
ONSIZ,NASDAQ,Stock,USD,2016-06-20,2018-05-16
ONSM,NASDAQ,Stock,USD,1997-07-30,2019-02-07
ONT,NYSE,Stock,USD,2020-07-23,2026-06-17
ONTF,NYSE,Stock,USD,2021-02-03,2026-04-01
ONTO,NYSE,Stock,USD,1992-02-26,2026-06-17
ONTXW,NASDAQ,Stock,USD,2016-08-03,2021-07-23
ONVI,NASDAQ,Stock,USD,2000-03-02,2017-11-17
ONXX,NASDAQ,Stock,USD,1996-05-09,2013-10-17
ONYX,NASDAQ,Stock,USD,2021-12-10,2026-06-17
ONYXU,NASDAQ,Stock,USD,2021-11-03,2026-06-17
ONYXW,NASDAQ,Stock,USD,2021-12-10,2026-06-17
OOMA,NYSE,Stock,USD,2015-07-17,2026-06-17
OPA,NYSE,Stock,USD,2021-05-18,2024-01-25
OPA-U,NYSE,Stock,USD,2021-03-23,2024-01-25
OPA-WS,NYSE,Stock,USD,2021-05-18,2024-01-25
OPAD,NYSE,Stock,USD,2020-12-11,2026-06-17
OPAD-WS,NYSE,Stock,USD,2021-09-02,2023-11-16
OPAL,NASDAQ,Stock,USD,2022-07-22,2026-06-17
OPALW,NASDAQ,Stock,USD,2022-07-22,2022-12-21
OPB,NASDAQ,Stock,USD,2014-04-16,2020-06-01
OPBK,NASDAQ,Stock,USD,2005-07-22,2026-06-17
OPCH,NASDAQ,Stock,USD,1996-08-15,2026-06-17
OPEN,NASDAQ,Stock,USD,2009-05-21,2014-08-01
OPEN,NASDAQ,Stock,USD,2020-06-18,2026-06-17
OPENL,NASDAQ,Stock,USD,2025-11-24,2026-06-17
OPENW,NASDAQ,Stock,USD,2025-11-24,2026-06-17
OPENZ,NASDAQ,Stock,USD,2025-11-24,2026-06-17
OPESU,NASDAQ,Stock,USD,2018-03-14,2020-12-16
OPFI,NYSE,Stock,USD,2020-11-20,2026-06-17
OPFI-WS,NYSE,Stock,USD,2021-07-21,2026-06-17
OPFI-WS,NYSE,Stock,USD,2020-11-20,2022-12-23
OPGNW,NASDAQ,Stock,USD,2015-05-05,2020-05-06
OPHC,AMEX,Stock,USD,2003-06-23,2026-06-17
OPK,NASDAQ,Stock,USD,1995-11-02,2026-06-17
OPLK,NASDAQ,Stock,USD,2000-10-04,2014-12-31
OPLN,NYSE,Stock,USD,2009-12-11,2026-06-17
OPOF,NASDAQ,Stock,USD,1999-01-11,2025-09-02
OPP-P-A,NYSE,Stock,USD,2020-10-19,2026-06-17
OPP-P-B,NYSE,Stock,USD,2021-11-16,2026-06-17
OPP-P-C,AMEX,Stock,USD,2024-12-05,2026-06-17
OPP-R,NYSE,Stock,USD,2019-11-11,2025-11-17
OPP-R-W,NYSE,Stock,USD,2020-09-01,2025-10-29
OPRA,NASDAQ,Stock,USD,2018-07-27,2026-06-17
OPRT,NASDAQ,Stock,USD,2019-09-26,2026-06-17
OPRX,NASDAQ,Stock,USD,2007-07-13,2026-06-17
OPTH,NASDAQ,Stock,USD,2026-05-20,2026-06-17
OPTM,NASDAQ,Stock,USD,2006-10-27,2009-09-29
OPTN,NASDAQ,Stock,USD,2017-10-13,2025-05-21
OPTR,NASDAQ,Stock,USD,2007-02-09,2013-11-01
OPTT,AMEX,Stock,USD,2007-04-25,2026-06-17
OPTU,NYSE,Stock,USD,2017-06-22,2026-06-17
OPTV,NASDAQ,Stock,USD,1999-11-23,2011-04-04
OPTX,NASDAQ,Stock,USD,2022-01-26,2026-06-17
OPTX,NASDAQ,Stock,USD,2023-11-08,2023-11-09
OPTXW,NASDAQ,Stock,USD,2022-01-25,2026-05-28
OPTXW,NASDAQ,Stock,USD,2023-11-08,2026-06-17
OPWR,NYSE,Stock,USD,2014-04-03,2016-06-14
OPXA,NASDAQ,Stock,USD,2004-04-14,2017-09-20
OPXAW,NASDAQ,Stock,USD,2015-04-14,2017-09-20
OPXS,NASDAQ,Stock,USD,2009-05-04,2026-06-17
OPXT,NASDAQ,Stock,USD,2012-07-23,2012-08-10
OPY,NYSE,Stock,USD,1993-08-16,2026-06-17
OR,NYSE,Stock,USD,2016-01-04,2026-06-17
ORA,NYSE,Stock,USD,2004-11-11,2026-06-17
ORB,NYSE,Stock,USD,1990-04-24,2015-02-17
ORBC,NASDAQ,Stock,USD,2006-11-06,2021-09-01
ORBK,NASDAQ,Stock,USD,1990-03-26,2019-02-20
ORBS,NASDAQ,Stock,USD,2022-06-30,2026-06-17
ORC,NYSE,Stock,USD,2013-02-14,2026-06-17
ORCC,NASDAQ,Stock,USD,1999-06-04,2013-03-28
ORCG,NASDAQ,Stock,USD,2002-06-17,2009-12-24
ORCL,NYSE,Stock,USD,1986-03-12,2026-06-17
ORCL-P-D,NYSE,Stock,USD,2026-02-03,2026-06-17
OREX,NASDAQ,Stock,USD,2007-04-26,2018-04-03
ORGN,NASDAQ,Stock,USD,2020-09-04,2026-06-17
ORGNW,NASDAQ,Stock,USD,2020-09-04,2026-06-17
ORGO,NASDAQ,Stock,USD,2017-01-05,2026-06-17
ORGOW,NASDAQ,Stock,USD,2017-01-05,2019-08-29
ORH,NYSE,Stock,USD,2008-06-11,2010-11-05
ORI,NYSE,Stock,USD,1990-03-26,2026-06-17
ORIA,NASDAQ,Stock,USD,2021-07-13,2023-05-17
ORIAU,NASDAQ,Stock,USD,2021-05-12,2023-05-17
ORIAW,NASDAQ,Stock,USD,2021-07-07,2023-05-17
ORIC,NASDAQ,Stock,USD,2020-04-24,2026-06-17
ORIG,NASDAQ,Stock,USD,2011-09-19,2018-12-04
ORIO,NASDAQ,Stock,USD,2017-03-02,2026-06-17
ORIQ,NASDAQ,Stock,USD,2025-09-09,2026-06-17
ORIQU,NASDAQ,Stock,USD,2025-07-02,2026-06-17
ORIQW,NASDAQ,Stock,USD,2025-09-09,2026-06-17
ORIS,NASDAQ,Stock,USD,2024-10-17,2026-06-17
ORIT,NASDAQ,Stock,USD,2007-01-24,2019-12-02
ORKA,NASDAQ,Stock,USD,1997-08-08,2026-06-17
ORKT,NASDAQ,Stock,USD,2024-07-25,2026-06-17
ORLA,AMEX,Stock,USD,2017-10-03,2026-06-17
ORLY,NASDAQ,Stock,USD,1993-04-23,2026-06-17
ORM,NYSE,Stock,USD,2013-07-01,2019-04-23
ORMP,NASDAQ,Stock,USD,2006-04-21,2026-06-17
ORN,NYSE,Stock,USD,2007-12-20,2026-06-17
ORRF,NASDAQ,Stock,USD,1999-05-13,2026-06-17
ORSN,NASDAQ,Stock,USD,2019-11-07,2020-11-17
ORSNR,NASDAQ,Stock,USD,2019-11-07,2020-11-17
ORSNU,NASDAQ,Stock,USD,2019-08-02,2020-11-17
ORSNW,NASDAQ,Stock,USD,2019-11-07,2020-11-17
ORTX,NASDAQ,Stock,USD,2018-10-31,2024-01-24
OS,NASDAQ,Stock,USD,2024-07-24,2026-06-17
OSB,NYSE,Stock,USD,2016-01-04,2021-02-03
OSBC,NASDAQ,Stock,USD,1995-08-18,2026-06-17
OSBCP,NASDAQ,Stock,USD,2003-06-30,2020-02-28
OSCR,NYSE,Stock,USD,2021-03-03,2026-06-17
OSG,NYSE,Stock,USD,2015-12-01,2026-06-17
OSG,NYSE,Stock,USD,2013-05-01,2025-11-19
OSH,NYSE,Stock,USD,2020-08-06,2023-05-02
OSHC,NASDAQ,Stock,USD,2016-01-04,2016-12-08
OSHWQ,NASDAQ,Stock,USD,2012-01-03,2014-03-04
OSI,NYSE,Stock,USD,2021-07-06,2024-05-17
OSI-U,NYSE,Stock,USD,2021-05-14,2024-05-17
OSI-WS,NYSE,Stock,USD,2021-07-06,2024-05-17
OSIP,NASDAQ,Stock,USD,2010-06-08,2010-06-25
OSIR,NASDAQ,Stock,USD,2006-08-09,2019-04-17
OSIS,NASDAQ,Stock,USD,1997-10-02,2026-06-17
OSK,NYSE,Stock,USD,1990-03-26,2026-06-17
OSLE,NYSE,Stock,USD,2012-11-01,2020-01-31
OSLE-CL,NYSE,Stock,USD,2020-02-03,2020-02-28
OSM,NASDAQ,Stock,USD,2016-01-04,2017-03-22
OSN,NASDAQ,Stock,USD,2010-12-21,2021-09-10
OSP,NYSE,Stock,USD,2007-11-09,2010-12-27
OSPN,NASDAQ,Stock,USD,2001-01-02,2026-06-17
OSPR,NASDAQ,Stock,USD,2017-09-08,2018-08-23
OSPRU,NASDAQ,Stock,USD,2017-09-06,2018-08-23
OSPRW,NASDAQ,Stock,USD,2017-09-20,2018-08-23
OSRH,NASDAQ,Stock,USD,2023-03-17,2026-06-17
OSRHW,NASDAQ,Stock,USD,2023-03-17,2026-06-17
OSS,NASDAQ,Stock,USD,2018-02-01,2026-06-17
OST,NASDAQ,Stock,USD,2022-04-27,2024-07-26
OST,NASDAQ,Stock,USD,2024-07-29,2026-06-17
OSTE,NASDAQ,Stock,USD,2010-11-16,2010-12-03
OSTR,NASDAQ,Stock,USD,2021-03-12,2022-12-19
OSTRU,NASDAQ,Stock,USD,2021-01-20,2022-12-19
OSTRW,NASDAQ,Stock,USD,2021-03-12,2023-01-10
OSTX,AMEX,Stock,USD,2024-08-01,2026-06-17
OSUR,NASDAQ,Stock,USD,1992-03-17,2026-06-17
OSW,NASDAQ,Stock,USD,2019-03-20,2026-06-17
OTAI-U,NYSE,Stock,USD,2026-05-08,2026-06-17
OTEC,NASDAQ,Stock,USD,2021-07-21,2024-01-30
OTECU,NASDAQ,Stock,USD,2021-05-28,2024-01-30
OTECW,NASDAQ,Stock,USD,2021-07-19,2024-01-30
OTEL,NASDAQ,Stock,USD,2004-12-16,2021-03-31
OTEX,NASDAQ,Stock,USD,1996-01-24,2026-06-17
OTF,NYSE,Stock,USD,2025-06-12,2026-06-17
OTGA,NASDAQ,Stock,USD,2025-11-03,2026-06-17
OTGAU,NASDAQ,Stock,USD,2025-09-12,2026-06-17
OTGAW,NASDAQ,Stock,USD,2025-11-03,2026-06-17
OTIS,NYSE,Stock,USD,2020-03-19,2026-06-17
OTIV,NASDAQ,Stock,USD,2002-11-12,2022-06-21
OTIX,NASDAQ,Stock,USD,2001-01-02,2010-12-10
OTLK,NASDAQ,Stock,USD,2016-06-14,2026-06-17
OTLKW,NASDAQ,Stock,USD,2016-06-20,2022-02-16
OTLY,NASDAQ,Stock,USD,2021-05-20,2026-06-17
OTMO,NASDAQ,Stock,USD,2021-08-16,2023-10-19
OTMOW,NASDAQ,Stock,USD,2021-08-16,2023-09-26
OTRA,NASDAQ,Stock,USD,2020-12-21,2022-05-19
OTRAU,NASDAQ,Stock,USD,2020-11-16,2022-05-19
OTRAW,NASDAQ,Stock,USD,2020-12-16,2022-05-19
OTT,NASDAQ,Stock,USD,2005-03-11,2013-06-03
OTTR,NASDAQ,Stock,USD,1990-03-26,2026-06-17
OUST,NASDAQ,Stock,USD,2020-10-09,2026-06-17
OUST-WS,NYSE,Stock,USD,2021-03-12,2024-12-20
OUST-WS-A,AMEX,Stock,USD,2023-02-14,2024-12-20
OUSTW,NASDAQ,Stock,USD,2024-12-23,2025-09-30
OUSTZ,NASDAQ,Stock,USD,2020-10-09,2026-03-11
OUT,NYSE,Stock,USD,2014-03-28,2026-06-17
OUTD,NASDAQ,Stock,USD,2012-11-23,2013-06-04
OUTR,NASDAQ,Stock,USD,2013-07-01,2016-09-28
OVBC,NASDAQ,Stock,USD,1996-02-09,2026-06-17
OVEN,NYSE,Stock,USD,1995-08-18,2010-01-13
OVID,NASDAQ,Stock,USD,2017-05-05,2026-06-17
OVLY,NASDAQ,Stock,USD,2003-10-15,2026-06-17
OVRL,NASDAQ,Stock,USD,1997-02-21,2014-12-09
OVTI,NASDAQ,Stock,USD,2001-01-02,2016-01-29
OVV,NYSE,Stock,USD,2002-04-08,2026-06-17
OWL,NYSE,Stock,USD,2020-12-14,2026-06-17
OWL-WS,NYSE,Stock,USD,2021-05-21,2022-08-19
OWL-WS,NYSE,Stock,USD,2021-05-20,2026-06-17
OWLS,NASDAQ,Stock,USD,2025-10-16,2026-06-17
OWLT,NYSE,Stock,USD,2020-11-05,2026-06-17
OWLT-WS,NYSE,Stock,USD,2021-07-16,2023-06-16
OWW,NYSE,Stock,USD,2007-07-20,2015-09-25
OXAC,NASDAQ,Stock,USD,2021-10-01,2023-08-10
OXACU,NASDAQ,Stock,USD,2021-08-12,2023-08-10
OXBR,NASDAQ,Stock,USD,2014-03-27,2026-06-17
OXBRW,NASDAQ,Stock,USD,2014-09-24,2026-06-17
OXF,NYSE,Stock,USD,2010-07-14,2014-12-31
OXFD,NASDAQ,Stock,USD,2013-11-22,2021-03-08
OXLCG,NASDAQ,Stock,USD,2025-02-28,2026-06-17
OXLCI,NASDAQ,Stock,USD,2024-07-09,2026-06-17
OXLCL,NASDAQ,Stock,USD,2021-03-18,2026-06-17
OXLCM,NASDAQ,Stock,USD,2017-06-08,2026-06-17
OXLCN,NASDAQ,Stock,USD,2014-06-02,2026-06-17
OXLCN,NASDAQ,Stock,USD,2022-06-10,2022-06-17
OXLCO,NASDAQ,Stock,USD,2021-08-11,2026-06-17
OXLCO,NASDAQ,Stock,USD,2013-07-01,2021-04-14
OXLCP,NASDAQ,Stock,USD,2020-02-06,2026-06-17
OXLCP,NASDAQ,Stock,USD,2012-11-30,2015-07-31
OXLCZ,NASDAQ,Stock,USD,2022-01-14,2026-06-17
OXM,NYSE,Stock,USD,1987-12-30,2026-06-17
OXPS,NASDAQ,Stock,USD,2005-12-14,2011-08-31
OXSQ,NASDAQ,Stock,USD,2018-03-21,2026-06-17
OXSQG,NASDAQ,Stock,USD,2021-05-21,2026-06-17
OXSQH,NASDAQ,Stock,USD,2025-08-12,2026-06-17
OXSQL,NASDAQ,Stock,USD,2018-03-19,2023-12-21
OXSQR,NASDAQ,Stock,USD,2023-05-25,2023-06-15
OXSQZ,NASDAQ,Stock,USD,2019-04-04,2026-06-17
OXUSU,NASDAQ,Stock,USD,2021-09-03,2024-02-07
OXY,NYSE,Stock,USD,1981-12-31,2026-06-17
OXY-WS,NYSE,Stock,USD,2020-07-30,2026-06-17
OXY-WS-W,NYSE,Stock,USD,2020-07-30,2020-08-03
OXY-WSW,NYSE,Stock,USD,2020-07-30,2020-08-03
OYSE,NASDAQ,Stock,USD,2025-07-11,2026-06-17
OYSER,NASDAQ,Stock,USD,2025-07-11,2026-06-17
OYSEU,NASDAQ,Stock,USD,2025-05-22,2026-06-17
OYST,NASDAQ,Stock,USD,2019-10-31,2023-01-03
OZ,AMEX,Stock,USD,2019-11-27,2026-06-17
OZK,NASDAQ,Stock,USD,2001-01-02,2026-06-17
OZKAP,NASDAQ,Stock,USD,2021-10-29,2026-06-17
OZON,NASDAQ,Stock,USD,2020-11-24,2026-06-17
OZRK,NASDAQ,Stock,USD,1997-07-17,2018-07-13
P,NYSE,Stock,USD,2015-10-07,2026-06-17
P,NYSE,Stock,USD,2011-06-15,2019-02-26
PAA,NASDAQ,Stock,USD,1998-11-18,2026-06-17
PAAC,NASDAQ,Stock,USD,2015-11-05,2020-06-16
PAAC,NASDAQ,Stock,USD,2026-04-06,2026-06-17
PAACR,NASDAQ,Stock,USD,2015-10-30,2020-06-16
PAACU,NASDAQ,Stock,USD,2026-02-12,2026-06-17
PAACU,NASDAQ,Stock,USD,2015-10-15,2020-06-16
PAACW,NASDAQ,Stock,USD,2026-04-06,2026-06-17
PAACW,NASDAQ,Stock,USD,2015-10-30,2020-06-16
PAAS,NYSE,Stock,USD,1995-06-12,2026-06-17
PAC,NYSE,Stock,USD,2006-02-27,2026-06-17
PACB,NASDAQ,Stock,USD,2010-10-27,2026-06-17
PACDQ,NYSE,Stock,USD,2020-11-03,2020-11-03
PACE,NASDAQ,Stock,USD,1992-03-17,2017-03-20
PACE-U,NYSE,Stock,USD,2020-10-07,2021-09-20
PACEU,NASDAQ,Stock,USD,2015-09-11,2017-03-20
PACEW,NASDAQ,Stock,USD,2015-11-10,2017-03-20
PACH,NASDAQ,Stock,USD,2025-08-15,2026-06-17
PACHU,NASDAQ,Stock,USD,2025-06-18,2026-06-17
PACHW,NASDAQ,Stock,USD,2025-08-15,2026-06-17
PACI-U,NYSE,Stock,USD,2023-09-08,2023-12-01
PACI-U,NYSE,Stock,USD,2021-12-01,2023-09-07
PACI-WS,NYSE,Stock,USD,2022-01-21,2023-12-01
PACK,NYSE,Stock,USD,2019-06-03,2026-06-17
PACK-WS,NYSE,Stock,USD,2019-06-05,2020-09-04
PACQ,NASDAQ,Stock,USD,2011-06-08,2020-08-21
PACQU,NASDAQ,Stock,USD,2011-03-25,2020-08-21
PACQW,NASDAQ,Stock,USD,2018-05-29,2020-08-21
PACR,NASDAQ,Stock,USD,2002-06-13,2014-04-08
PACS,NYSE,Stock,USD,2024-04-11,2026-06-17
PACT,NASDAQ,Stock,USD,2010-06-30,2014-04-02
PACW,NASDAQ,Stock,USD,2000-06-05,2023-11-30
PACWP,NASDAQ,Stock,USD,2022-12-23,2023-11-30
PACWP,NASDAQ,Stock,USD,2022-06-03,2022-12-23
PACX,NASDAQ,Stock,USD,2021-03-01,2023-01-12
PACXU,NASDAQ,Stock,USD,2021-01-08,2023-01-12
PACXW,NASDAQ,Stock,USD,2021-03-01,2023-01-12
PAE,NASDAQ,Stock,USD,2018-10-31,2022-02-28
PAET,NASDAQ,Stock,USD,2007-03-01,2011-12-12
PAEWW,NASDAQ,Stock,USD,2018-11-05,2022-02-15
PAFO,NASDAQ,Stock,USD,2021-09-27,2022-12-16
PAFOR,NASDAQ,Stock,USD,2021-09-27,2022-12-16
PAFOU,NASDAQ,Stock,USD,2021-09-14,2022-12-16
PAG,NYSE,Stock,USD,1996-10-23,2026-06-17
PAGP,NASDAQ,Stock,USD,2013-10-16,2026-06-17
PAGS,NYSE,Stock,USD,2018-01-24,2026-06-17
PAHC,NASDAQ,Stock,USD,2014-04-11,2026-06-17
PAII,NYSE,Stock,USD,2025-09-10,2026-06-17
PAII-U,NYSE,Stock,USD,2025-07-17,2026-06-17
PAII-WS,NYSE,Stock,USD,2025-09-10,2026-06-17
PAL,AMEX,Stock,USD,2000-10-16,2015-04-15
PAL,NASDAQ,Stock,USD,2024-05-09,2026-06-17
PALDF,NYSE,Stock,USD,2015-04-17,2019-12-16
PALI,NASDAQ,Stock,USD,2006-12-20,2026-06-17
PALM,NASDAQ,Stock,USD,2007-10-25,2010-07-19
PALO,NASDAQ,Stock,USD,2026-04-13,2026-06-17
PALOU,NASDAQ,Stock,USD,2026-02-19,2026-06-17
PALOW,NASDAQ,Stock,USD,2026-04-15,2026-06-17
PAMT,NASDAQ,Stock,USD,1990-03-26,2026-06-17
PANA,NASDAQ,Stock,USD,2021-04-07,2023-04-18
PANA-U,NYSE,Stock,USD,2020-07-01,2021-02-10
PANL,NASDAQ,Stock,USD,2013-12-19,2026-06-17
PANW,NASDAQ,Stock,USD,2012-07-20,2026-06-17
PAPL,AMEX,Stock,USD,2023-11-01,2026-06-17
PAQC,NASDAQ,Stock,USD,2022-10-27,2022-10-28
PAQCU,NASDAQ,Stock,USD,2021-01-08,2022-10-28
PAR,NYSE,Stock,USD,1988-12-16,2026-06-17
PARA,NASDAQ,Stock,USD,2006-01-03,2025-08-07
PARAA,NASDAQ,Stock,USD,2006-01-03,2025-08-07
PARAP,NASDAQ,Stock,USD,2022-02-17,2024-03-28
PARK,NASDAQ,Stock,USD,2025-12-03,2026-06-17
PARL,NASDAQ,Stock,USD,2012-04-18,2012-05-07
PARN,NASDAQ,Stock,USD,2017-01-03,2017-01-11
PARR,NYSE,Stock,USD,2012-09-05,2026-06-17
PASG,NASDAQ,Stock,USD,2020-02-28,2026-06-17
PASW,NASDAQ,Stock,USD,2026-06-09,2026-06-17
PASW,NASDAQ,Stock,USD,2025-07-18,2026-06-09
PATH,NASDAQ,Stock,USD,2010-08-06,2014-03-03
PATH,NYSE,Stock,USD,2021-04-21,2026-06-17
PATI,NASDAQ,Stock,USD,2015-02-02,2023-12-21
PATK,NASDAQ,Stock,USD,1990-03-27,2026-06-17
PATR,NASDAQ,Stock,USD,1990-03-26,2014-12-12
PAVM,NASDAQ,Stock,USD,2016-07-28,2026-06-17
PAVMU,NASDAQ,Stock,USD,2016-04-28,2016-07-27
PAVMW,NASDAQ,Stock,USD,2016-08-01,2022-01-28
PAVMZ,NASDAQ,Stock,USD,2018-04-10,2025-04-30
PAVS,NASDAQ,Stock,USD,2019-10-25,2026-06-17
PAX,NASDAQ,Stock,USD,2021-01-22,2026-06-17
PAXS,NYSE,Stock,USD,2022-01-27,2026-06-17
PAY,NYSE,Stock,USD,2005-04-29,2018-08-17
PAY,NYSE,Stock,USD,2021-05-26,2026-06-17
PAYA,NASDAQ,Stock,USD,2020-10-19,2023-02-22
PAYAW,NASDAQ,Stock,USD,2020-10-19,2021-09-30
PAYC,NYSE,Stock,USD,2014-04-15,2026-06-17
PAYO,NASDAQ,Stock,USD,2021-06-25,2026-06-17
PAYOW,NASDAQ,Stock,USD,2021-06-28,2026-06-17
PAYP,NASDAQ,Stock,USD,2026-03-12,2026-06-17
PAYS,NASDAQ,Stock,USD,2007-10-10,2026-06-17
PAYX,NASDAQ,Stock,USD,1990-03-26,2026-06-17
PB,NYSE,Stock,USD,1998-11-12,2026-06-17
PBA,NYSE,Stock,USD,2010-10-06,2026-06-17
PBAX,NASDAQ,Stock,USD,2021-11-30,2024-02-14
PBAXU,NASDAQ,Stock,USD,2021-10-06,2024-02-14
PBB,NYSE,Stock,USD,2015-12-21,2021-02-12
PBBI,NASDAQ,Stock,USD,2016-01-08,2020-04-30
PBBK,NASDAQ,Stock,USD,2021-07-15,2026-01-05
PBC,NYSE,Stock,USD,2018-12-12,2021-12-29
PBCP,NASDAQ,Stock,USD,2011-12-30,2017-01-09
PBCT,NASDAQ,Stock,USD,1990-03-26,2022-04-04
PBF,NYSE,Stock,USD,2012-12-13,2026-06-17
PBFS,NASDAQ,Stock,USD,2019-07-18,2026-06-17
PBFX,NYSE,Stock,USD,2014-05-09,2022-11-30
PBG,NYSE,Stock,USD,2001-01-02,2011-03-07
PBH,NYSE,Stock,USD,2005-02-10,2026-06-17
PBHC,NASDAQ,Stock,USD,1996-05-30,2026-06-17
PBI,NYSE,Stock,USD,1972-06-01,2026-06-17
PBI-P-B,NYSE,Stock,USD,2014-09-22,2026-06-17
PBIB,NASDAQ,Stock,USD,2006-09-22,2018-06-18
PBIP,NASDAQ,Stock,USD,2005-03-30,2022-09-07
PBIX,NASDAQ,Stock,USD,2011-03-10,2018-04-16
PBK,NASDAQ,Stock,USD,2023-05-11,2026-06-17
PBLS,NASDAQ,Stock,USD,2026-06-10,2026-06-17
PBM,NASDAQ,Stock,USD,2024-01-25,2026-06-17
PBMD,NASDAQ,Stock,USD,2012-04-17,2017-11-30
PBMWW,NASDAQ,Stock,USD,2024-01-26,2026-06-17
PBPB,NASDAQ,Stock,USD,2013-10-04,2025-10-23
PBR,NYSE,Stock,USD,2000-08-10,2026-06-17
PBR-A,NYSE,Stock,USD,2003-10-07,2026-06-17
PBSK,NASDAQ,Stock,USD,2011-09-14,2018-12-10
PBT,NYSE,Stock,USD,1987-12-30,2026-06-17
PBTH,NYSE,Stock,USD,2009-06-15,2013-09-17
PBY,NYSE,Stock,USD,2018-06-18,2021-06-14
PBY,NYSE,Stock,USD,1987-12-30,2016-02-12
PBYI,NASDAQ,Stock,USD,2012-04-24,2026-06-17
PC,NASDAQ,Stock,USD,2024-09-25,2026-06-17
PCAP,NASDAQ,Stock,USD,2005-07-28,2026-06-17
PCAPU,NASDAQ,Stock,USD,2025-05-21,2026-06-17
PCAPW,NASDAQ,Stock,USD,2025-07-11,2026-06-17
PCAR,NASDAQ,Stock,USD,1986-07-09,2026-06-17
PCB,NASDAQ,Stock,USD,2014-06-04,2026-06-17
PCBC,NASDAQ,Stock,USD,2016-01-04,2018-08-01
PCBK,NASDAQ,Stock,USD,1999-04-26,2017-11-10
PCCT,NASDAQ,Stock,USD,2021-12-27,2023-10-19
PCCTU,NASDAQ,Stock,USD,2021-10-28,2023-10-19
PCEB,NYSE,Stock,USD,2026-05-06,2026-06-17
PCG,NYSE,Stock,USD,1972-06-01,2026-06-17
PCG-P-A,AMEX,Stock,USD,2014-09-22,2026-06-17
PCG-P-B,AMEX,Stock,USD,2014-09-22,2026-06-17
PCG-P-C,AMEX,Stock,USD,2014-09-22,2026-06-17
PCG-P-D,AMEX,Stock,USD,2014-09-22,2026-06-17
PCG-P-E,AMEX,Stock,USD,2014-09-24,2026-06-17
PCG-P-G,AMEX,Stock,USD,2014-09-22,2026-06-17
PCG-P-H,AMEX,Stock,USD,2014-09-22,2026-06-17
PCG-P-I,AMEX,Stock,USD,2014-09-22,2026-06-17
PCG-P-X,NYSE,Stock,USD,2024-12-09,2026-06-17
PCGU,NYSE,Stock,USD,2020-06-26,2023-08-15
PCH,NASDAQ,Stock,USD,1985-11-11,2026-02-02
PCHI,NYSE,Stock,USD,2025-03-25,2026-06-17
PCLA,NASDAQ,Stock,USD,2025-01-16,2026-06-17
PCLC,NYSE,Stock,USD,2026-05-18,2026-06-17
PCLN,NYSE,Stock,USD,1999-03-31,2026-06-17
PCMI,NASDAQ,Stock,USD,1995-04-04,2019-08-30
PCO,NASDAQ,Stock,USD,2004-05-12,2017-12-15
PCOM,NASDAQ,Stock,USD,2011-02-10,2022-06-30
PCOP,NASDAQ,Stock,USD,1995-12-06,2009-12-31
PCOR,NYSE,Stock,USD,2021-05-20,2026-06-17
PCP,NYSE,Stock,USD,2016-01-04,2016-02-08
PCPC,NYSE,Stock,USD,2021-02-02,2022-12-14
PCPC-U,NYSE,Stock,USD,2020-12-10,2022-12-14
PCPCW,NYSE,Stock,USD,2021-02-01,2022-11-30
PCPL-U,NYSE,Stock,USD,2020-04-24,2021-02-04
PCRX,NASDAQ,Stock,USD,2011-02-03,2026-06-17
PCSA,NASDAQ,Stock,USD,2017-10-10,2026-06-17
PCSB,NASDAQ,Stock,USD,2017-04-21,2022-12-30
PCSC,NASDAQ,Stock,USD,2024-06-12,2026-06-17
PCSG,NYSE,Stock,USD,2026-05-18,2026-06-17
PCT,NASDAQ,Stock,USD,2020-07-14,2026-06-17
PCTI,NASDAQ,Stock,USD,1999-08-10,2023-12-15
PCTTU,NASDAQ,Stock,USD,2020-05-05,2026-06-17
PCTTW,NASDAQ,Stock,USD,2020-07-13,2026-06-17
PCTY,NASDAQ,Stock,USD,2014-03-19,2026-06-17
PCVX,NASDAQ,Stock,USD,2020-06-12,2026-06-17
PCX,NASDAQ,Stock,USD,2021-12-14,2022-12-16
PCXCU,NASDAQ,Stock,USD,2021-10-06,2022-12-16
PCXCW,NASDAQ,Stock,USD,2021-12-14,2022-12-16
PCYC,NASDAQ,Stock,USD,1995-10-24,2015-06-03
PCYO,NASDAQ,Stock,USD,1997-01-02,2026-06-17
PD,NYSE,Stock,USD,2019-04-11,2026-06-17
PDAC-U,NYSE,Stock,USD,2020-09-24,2021-08-10
PDAC-WS,NYSE,Stock,USD,2020-11-16,2021-08-10
PDC,NASDAQ,Stock,USD,2023-07-25,2026-06-17
PDCC,NYSE,Stock,USD,2024-07-18,2026-06-17
PDCE,NASDAQ,Stock,USD,1990-03-26,2023-09-05
PDCO,NASDAQ,Stock,USD,1992-10-28,2025-04-17
PDD,NASDAQ,Stock,USD,2018-07-26,2026-06-17
PDD1,NASDAQ,Stock,USD,2005-02-24,2018-07-25
PDEX,NASDAQ,Stock,USD,1995-08-18,2026-06-17
PDFS,NASDAQ,Stock,USD,2001-07-31,2026-06-17
PDH,NYSE,Stock,USD,2012-05-04,2014-07-16
PDII,NASDAQ,Stock,USD,1998-05-20,2015-12-22
PDLB,NASDAQ,Stock,USD,2017-10-02,2026-06-17
PDLI,NASDAQ,Stock,USD,1992-01-29,2022-01-18
PDM,NYSE,Stock,USD,2010-02-10,2026-06-17
PDOT,NYSE,Stock,USD,2021-04-29,2023-03-10
PDOT-U,NYSE,Stock,USD,2021-03-09,2023-03-10
PDOT-WS,NYSE,Stock,USD,2021-04-29,2023-03-10
PDPA,NYSE,Stock,USD,2024-12-16,2026-06-17
PDS,NYSE,Stock,USD,1996-11-15,2026-06-17
PDSB,NASDAQ,Stock,USD,2015-10-01,2026-06-17
PDX,NYSE,Stock,USD,2019-01-30,2026-06-17
PDYN,NASDAQ,Stock,USD,2021-09-27,2026-06-17
PDYNW,NASDAQ,Stock,USD,2021-03-08,2026-06-17
PEAK,NASDAQ,Stock,USD,2023-02-10,2023-02-13
PEB,NYSE,Stock,USD,2009-12-09,2026-06-17
PEB-P-C,NYSE,Stock,USD,2014-09-22,2021-08-27
PEB-P-D,NYSE,Stock,USD,2016-06-13,2021-08-20
PEB-P-E,NYSE,Stock,USD,2018-12-04,2026-06-17
PEB-P-F,NYSE,Stock,USD,2018-12-03,2026-06-17
PEB-P-G,NYSE,Stock,USD,2021-05-07,2026-06-17
PEB-P-H,NYSE,Stock,USD,2021-07-23,2026-06-17
PEBK,NASDAQ,Stock,USD,1995-08-18,2026-06-17
PEBO,NASDAQ,Stock,USD,1993-02-11,2026-06-17
PECE,NASDAQ,Stock,USD,2026-06-04,2026-06-17
PECER,NASDAQ,Stock,USD,2026-06-04,2026-06-17
PECEU,NASDAQ,Stock,USD,2026-05-22,2026-06-17
PECEW,NASDAQ,Stock,USD,2026-06-04,2026-06-17
PECO,NASDAQ,Stock,USD,2021-07-15,2026-06-17
PED,AMEX,Stock,USD,2003-05-02,2026-06-17
PEDE,NASDAQ,Stock,USD,2017-09-05,2018-05-02
PEET,NASDAQ,Stock,USD,2006-12-28,2012-10-26
PEG,NYSE,Stock,USD,1980-01-02,2026-06-17
PEGA,NASDAQ,Stock,USD,1996-07-19,2026-06-17
PEGI,NASDAQ,Stock,USD,2013-09-27,2020-03-16
PEGR,NASDAQ,Stock,USD,2021-12-27,2024-07-29
PEGRU,NASDAQ,Stock,USD,2021-10-29,2024-07-29
PEGRW,NASDAQ,Stock,USD,2021-12-20,2024-07-29
PEI-P-A,NYSE,Stock,USD,1973-05-03,2017-10-11
PELI,NASDAQ,Stock,USD,2025-06-12,2026-03-26
PELIR,NASDAQ,Stock,USD,2025-06-12,2026-06-17
PELIU,NASDAQ,Stock,USD,2025-05-23,2026-03-26
PEN,NYSE,Stock,USD,2015-09-18,2026-06-17
PENG,NASDAQ,Stock,USD,2017-05-24,2026-06-17
PENN,NASDAQ,Stock,USD,1994-05-26,2026-06-17
PEOP,NASDAQ,Stock,USD,2010-07-06,2015-02-20
PEP,NASDAQ,Stock,USD,1972-06-01,2026-06-17
PEPG,NASDAQ,Stock,USD,2022-05-06,2026-06-17
PEPL,NASDAQ,Stock,USD,2021-12-09,2024-03-21
PEPLU,NASDAQ,Stock,USD,2021-10-15,2024-03-21
PEPLW,NASDAQ,Stock,USD,2021-12-09,2024-03-21
PERF,NYSE,Stock,USD,2021-03-01,2026-06-17
PERF,NASDAQ,Stock,USD,1991-12-19,2017-09-27
PERF-WS,NYSE,Stock,USD,2022-10-31,2026-04-16
PERF-WS,NYSE,Stock,USD,2021-03-01,2022-10-28
PERI,NASDAQ,Stock,USD,2006-01-31,2026-06-17
PERY,NASDAQ,Stock,USD,1993-05-28,2018-10-22
PESI,NASDAQ,Stock,USD,1995-08-18,2026-06-17
PET,NASDAQ,Stock,USD,2022-08-09,2026-06-17
PETM,NASDAQ,Stock,USD,1993-07-23,2015-03-11
PETQ,NASDAQ,Stock,USD,2017-07-21,2024-10-25
PETS,NASDAQ,Stock,USD,1999-04-26,2026-06-17
PETWW,NASDAQ,Stock,USD,2022-08-10,2026-06-17
PETX,NASDAQ,Stock,USD,2013-06-27,2019-07-18
PETZ,NASDAQ,Stock,USD,2017-09-21,2026-06-17
PEW,NYSE,Stock,USD,2025-07-15,2026-06-17
PEW-WS,NYSE,Stock,USD,2025-07-16,2026-06-17
PF,NYSE,Stock,USD,2013-03-28,2018-10-26
PFAI,NASDAQ,Stock,USD,2025-04-21,2026-06-17
PFBC,NASDAQ,Stock,USD,1999-08-19,2026-06-17
PFBI,NASDAQ,Stock,USD,1996-05-17,2021-09-24
PFC,NASDAQ,Stock,USD,1993-07-21,2025-03-03
PFDRU,NASDAQ,Stock,USD,2021-02-17,2023-02-10
PFE,NYSE,Stock,USD,1972-06-01,2026-06-17
PFE-W,NYSE,Stock,USD,2020-11-13,2020-11-16
PFED,NASDAQ,Stock,USD,1996-08-12,2017-07-14
PFFBQ,NYSE,Stock,USD,2010-01-04,2013-08-30
PFG,NASDAQ,Stock,USD,2001-10-23,2026-06-17
PFGC,NYSE,Stock,USD,2015-10-01,2026-06-17
PFH,NYSE,Stock,USD,2020-09-02,2026-06-17
PFH,NYSE,Stock,USD,1999-04-05,2020-06-01
PFHD,NASDAQ,Stock,USD,2017-03-15,2023-01-31
PFIE,NASDAQ,Stock,USD,2010-03-10,2025-01-03
PFIN,NASDAQ,Stock,USD,1992-03-03,2023-12-20
PFIS,NASDAQ,Stock,USD,2002-06-05,2026-06-17
PFK,NYSE,Stock,USD,2006-05-02,2018-04-09
PFLA,NYSE,Stock,USD,2026-06-03,2026-06-17
PFLT,NYSE,Stock,USD,2011-04-08,2026-06-17
PFPT,NASDAQ,Stock,USD,2012-04-20,2021-08-31
PFS,NYSE,Stock,USD,2003-01-16,2026-06-17
PFSA,NASDAQ,Stock,USD,2025-07-11,2026-06-17
PFSI,NYSE,Stock,USD,2013-05-09,2026-06-17
PFSW,NASDAQ,Stock,USD,1999-12-02,2023-10-23
PFTA,NASDAQ,Stock,USD,2021-09-27,2026-06-17
PFTAU,NASDAQ,Stock,USD,2021-07-21,2026-06-17
PFTAW,NASDAQ,Stock,USD,2021-10-01,2026-06-17
PFX,NYSE,Stock,USD,2002-01-02,2016-06-27
PFXNL,NASDAQ,Stock,USD,2013-03-22,2023-01-13
PFXNZ,NASDAQ,Stock,USD,2021-11-16,2026-06-17
PG,NYSE,Stock,USD,1970-01-02,2026-06-17
PG-WD,NYSE,Stock,USD,2016-09-30,2016-10-04
PGAC,NASDAQ,Stock,USD,2025-08-08,2026-06-17
PGACR,NASDAQ,Stock,USD,2025-08-12,2026-06-17
PGACU,NASDAQ,Stock,USD,2024-12-05,2026-06-17
PGC,NASDAQ,Stock,USD,1999-04-27,2026-06-17
PGEM,NYSE,Stock,USD,2013-05-23,2018-04-12
PGEN,NASDAQ,Stock,USD,2013-08-08,2026-06-17
PGH,NYSE,Stock,USD,2002-04-10,2018-06-01
PGI,NYSE,Stock,USD,1996-03-05,2015-12-08
PGICQ,NASDAQ,Stock,USD,2010-01-04,2016-04-01
PGLC,NASDAQ,Stock,USD,2010-11-15,2019-04-03
PGND,NYSE,Stock,USD,2015-05-20,2016-10-31
PGNX,NASDAQ,Stock,USD,1997-11-19,2020-06-19
PGNY,NASDAQ,Stock,USD,2019-10-25,2026-06-17
PGR,NYSE,Stock,USD,1986-07-09,2026-06-17
PGRE,NYSE,Stock,USD,2014-11-19,2025-12-18
PGRU,NYSE,Stock,USD,2022-03-18,2024-12-13
PGRW,NASDAQ,Stock,USD,2021-03-16,2023-05-09
PGRWU,NASDAQ,Stock,USD,2021-02-09,2023-05-09
PGRWW,NASDAQ,Stock,USD,2021-03-18,2023-05-09
PGSS,NYSE,Stock,USD,2021-12-13,2024-04-30
PGSS-U,NYSE,Stock,USD,2021-10-22,2024-04-30
PGSS-WS,NYSE,Stock,USD,2021-12-13,2024-04-30
PGTI,NYSE,Stock,USD,2006-06-28,2024-03-28
PGY,NASDAQ,Stock,USD,2022-06-23,2026-06-17
PGYWW,NASDAQ,Stock,USD,2022-06-23,2026-06-17
PH,NYSE,Stock,USD,1985-07-01,2026-06-17
PHAR,NASDAQ,Stock,USD,2020-12-23,2026-06-17
PHAT,NASDAQ,Stock,USD,2019-10-25,2026-06-17
PHG,NYSE,Stock,USD,1987-12-30,2026-06-17
PHGE,AMEX,Stock,USD,2019-03-13,2026-06-17
PHH,NYSE,Stock,USD,2005-01-19,2018-12-14
PHI,NYSE,Stock,USD,1973-05-03,2026-06-17
PHIC,NASDAQ,Stock,USD,2021-01-12,2022-11-29
PHICU,NASDAQ,Stock,USD,2020-11-18,2022-11-29
PHICW,NASDAQ,Stock,USD,2021-01-12,2022-11-29
PHIN,NYSE,Stock,USD,2023-06-28,2026-06-17
PHIN-W,NYSE,Stock,USD,2023-06-28,2023-07-03
PHIO,NASDAQ,Stock,USD,2012-05-10,2026-06-17
PHIOW,NASDAQ,Stock,USD,2016-12-21,2021-12-21
PHLT,NASDAQ,Stock,USD,2012-08-10,2025-10-21
PHM,NYSE,Stock,USD,1985-07-01,2026-06-17
PHMD,NASDAQ,Stock,USD,1996-02-21,2017-10-31
PHOE,NASDAQ,Stock,USD,2025-04-25,2026-06-17
PHR,NYSE,Stock,USD,2019-07-18,2026-06-17
PHUN,NASDAQ,Stock,USD,2016-10-28,2026-06-17
PHUNW,NASDAQ,Stock,USD,2016-10-13,2023-12-21
PHVS,NASDAQ,Stock,USD,2021-02-05,2026-06-17
PHX,NYSE,Stock,USD,1995-08-18,2025-06-23
PHXE-P,AMEX,Stock,USD,2025-09-30,2026-06-17
PHXM,NASDAQ,Stock,USD,2023-06-29,2026-06-17
PHXM,NASDAQ,Stock,USD,2016-07-05,2026-05-28
PHYT-WS,NYSE,Stock,USD,2021-12-17,2024-10-29
PI,NASDAQ,Stock,USD,2016-07-21,2026-06-17
PIAI,NYSE,Stock,USD,2020-11-02,2023-09-14
PIAI-WS,NYSE,Stock,USD,2020-11-02,2023-09-14
PIC-U,NYSE,Stock,USD,2019-07-12,2020-12-21
PICS,NASDAQ,Stock,USD,2026-01-29,2026-06-17
PII,NYSE,Stock,USD,1987-09-16,2026-06-17
PIII,NASDAQ,Stock,USD,2021-04-06,2026-06-17
PIIIW,NASDAQ,Stock,USD,2021-04-07,2026-06-17
PIK,NASDAQ,Stock,USD,2021-11-11,2026-06-17
PIKE,NYSE,Stock,USD,2005-07-27,2014-12-22
PINC,NASDAQ,Stock,USD,2013-09-26,2025-11-25
PINE,NYSE,Stock,USD,2019-11-22,2026-06-17
PINE-P-A,NYSE,Stock,USD,2025-11-17,2026-06-17
PING,NYSE,Stock,USD,2019-09-19,2022-10-17
PINS,NYSE,Stock,USD,2019-04-18,2026-06-17
PIPP,NYSE,Stock,USD,2021-01-07,2022-10-27
PIPP-U,NYSE,Stock,USD,2020-11-17,2022-10-27
PIPP-WS,NYSE,Stock,USD,2021-01-07,2022-10-14
PIPR,NYSE,Stock,USD,2004-01-02,2026-06-17
PIR,NYSE,Stock,USD,1987-12-30,2020-10-15
PIRS,NASDAQ,Stock,USD,2015-04-13,2024-12-13
PITA,NASDAQ,Stock,USD,2024-07-29,2026-06-17
PITAW,NASDAQ,Stock,USD,2024-07-30,2026-06-17
PIXY,NASDAQ,Stock,USD,2017-06-30,2026-06-17
PIY,NYSE,Stock,USD,2003-10-09,2020-05-14
PJC,NYSE,Stock,USD,2004-01-02,2018-03-27
PJH,NYSE,Stock,USD,2012-12-12,2020-09-22
PJS,NYSE,Stock,USD,2016-01-04,2016-09-12
PJS-CL,NYSE,Stock,USD,2016-09-02,2016-09-26
PJT,NYSE,Stock,USD,2015-10-01,2026-06-17
PK,NYSE,Stock,USD,2017-01-04,2026-06-17
PK-W,NYSE,Stock,USD,2016-12-13,2017-01-03
PKBK,NASDAQ,Stock,USD,2001-09-05,2026-06-17
PKD,NYSE,Stock,USD,1983-04-06,2020-02-10
PKDC,NYSE,Stock,USD,2019-04-03,2020-02-07
PKE,NYSE,Stock,USD,1987-12-30,2026-06-17
PKG,NYSE,Stock,USD,2000-01-28,2026-06-17
PKOH,NASDAQ,Stock,USD,1990-03-26,2026-06-17
PKST,NYSE,Stock,USD,2021-02-12,2026-05-06
PKT,NASDAQ,Stock,USD,2003-06-26,2015-06-04
PKX,NYSE,Stock,USD,1994-10-14,2026-06-17
PKY,NYSE,Stock,USD,1973-05-03,2017-11-01
PKY-W,NYSE,Stock,USD,2016-10-04,2016-10-06
PL,NYSE,Stock,USD,1990-03-26,2015-01-30
PL,NYSE,Stock,USD,2021-04-26,2026-06-17
PL-P-C,NYSE,Stock,USD,1990-03-26,2017-09-28
PL-P-E,NYSE,Stock,USD,1990-03-26,2017-09-28
PL-WS,NYSE,Stock,USD,2021-04-26,2022-12-23
PL-WS,NYSE,Stock,USD,2021-12-08,2026-04-28
PLA,NASDAQ,Stock,USD,2026-05-19,2026-06-17
PLAB,NASDAQ,Stock,USD,1990-03-26,2026-06-17
PLAG,AMEX,Stock,USD,2008-04-29,2026-06-17
PLAN,NYSE,Stock,USD,2018-10-12,2022-06-22
PLAOU,NASDAQ,Stock,USD,2022-03-10,2026-06-17
PLAOW,NASDAQ,Stock,USD,2022-05-04,2026-06-17
PLAY,NASDAQ,Stock,USD,2014-10-10,2026-06-17
PLBC,NASDAQ,Stock,USD,2002-06-26,2026-06-17
PLBL,NASDAQ,Stock,USD,2025-08-08,2026-06-17
PLBY,NASDAQ,Stock,USD,2020-08-31,2026-06-17
PLCE,NASDAQ,Stock,USD,1997-09-19,2026-06-17
PLCM,NASDAQ,Stock,USD,2001-01-02,2016-09-28
PLD,NYSE,Stock,USD,1997-11-21,2026-06-17
PLFE,NASDAQ,Stock,USD,2006-12-28,2012-12-28
PLG,AMEX,Stock,USD,2002-04-26,2026-06-17
PLGO,NYSE,Stock,USD,2023-06-29,2026-06-17
PLKI,NASDAQ,Stock,USD,2016-01-04,2017-03-28
PLL,NYSE,Stock,USD,1991-08-21,2015-09-04
PLL,NASDAQ,Stock,USD,2018-01-02,2025-08-29
PLLL,NASDAQ,Stock,USD,2017-11-07,2020-09-25
PLM-R,AMEX,Stock,USD,2013-05-31,2023-04-03
PLM-R-W,AMEX,Stock,USD,2023-03-13,2023-03-14
PLMI,NASDAQ,Stock,USD,2021-05-06,2024-09-16
PLMIU,NASDAQ,Stock,USD,2021-03-16,2024-09-16
PLMIW,NASDAQ,Stock,USD,2021-05-06,2024-09-16
PLMK,NASDAQ,Stock,USD,2025-01-31,2026-06-17
PLMKU,NASDAQ,Stock,USD,2025-01-15,2026-06-17
PLMKW,NASDAQ,Stock,USD,2025-01-31,2026-06-17
PLMR,NASDAQ,Stock,USD,2019-04-17,2026-06-17
PLMT,NASDAQ,Stock,USD,2011-08-08,2015-08-31
PLNR,NASDAQ,Stock,USD,1993-12-16,2015-11-27
PLNT,NYSE,Stock,USD,2015-08-06,2026-06-17
PLOW,NYSE,Stock,USD,2010-05-05,2026-06-17
PLPC,NASDAQ,Stock,USD,1999-04-28,2026-06-17
PLPM,NASDAQ,Stock,USD,2008-11-20,2017-12-20
PLRX,NASDAQ,Stock,USD,2020-06-03,2026-06-17
PLRZ,NASDAQ,Stock,USD,2024-10-29,2026-06-17
PLSE,NASDAQ,Stock,USD,2016-05-18,2026-06-17
PLSM,NASDAQ,Stock,USD,2026-01-21,2026-06-17
PLT,NASDAQ,Stock,USD,2025-08-19,2026-06-17
PLTA,NYSE,Stock,USD,2025-09-10,2026-06-17
PLTK,NASDAQ,Stock,USD,2021-01-15,2026-06-17
PLTN,NASDAQ,Stock,USD,2023-01-11,2024-06-06
PLTNR,NASDAQ,Stock,USD,2023-01-11,2024-06-06
PLTNU,NASDAQ,Stock,USD,2022-11-10,2024-06-06
PLTNW,NASDAQ,Stock,USD,2023-01-11,2024-06-06
PLTR,NASDAQ,Stock,USD,2020-09-30,2026-06-17
PLTS,NASDAQ,Stock,USD,2025-09-19,2026-06-17
PLUG,NASDAQ,Stock,USD,1999-10-29,2026-06-17
PLUN-U,NYSE,Stock,USD,2026-04-28,2026-06-17
PLUR,NASDAQ,Stock,USD,2003-06-30,2026-06-17
PLUS,NASDAQ,Stock,USD,1996-11-15,2026-06-17
PLUT,NASDAQ,Stock,USD,2025-02-05,2026-06-17
PLX,AMEX,Stock,USD,1998-05-15,2026-06-17
PLXS,NASDAQ,Stock,USD,1990-03-26,2026-06-17
PLYA,NASDAQ,Stock,USD,2017-02-01,2026-06-17
PLYAW,NASDAQ,Stock,USD,2017-03-13,2017-07-24
PLYM,NYSE,Stock,USD,2017-06-09,2026-01-27
PLYX,NASDAQ,Stock,USD,2026-02-02,2026-06-17
PM,NYSE,Stock,USD,2008-03-17,2026-06-17
PMAX,NASDAQ,Stock,USD,2024-09-05,2026-06-17
PMB,NASDAQ,Stock,USD,2024-01-26,2024-01-29
PMBC,NASDAQ,Stock,USD,2000-01-26,2021-10-18
PMC,NYSE,Stock,USD,2007-08-01,2017-12-08
PMCB,NASDAQ,Stock,USD,2010-09-17,2026-06-17
PMCS,NASDAQ,Stock,USD,2016-01-04,2016-01-25
PME,NASDAQ,Stock,USD,2011-08-02,2023-03-14
PMEC,NASDAQ,Stock,USD,2023-10-09,2026-06-17
PMFG,NASDAQ,Stock,USD,1990-03-26,2015-09-03
PMGM,NASDAQ,Stock,USD,2021-03-01,2024-05-17
PMGMU,NASDAQ,Stock,USD,2021-01-08,2024-05-17
PMGMU,NASDAQ,Stock,USD,2021-02-09,2023-07-21
PMGMW,NASDAQ,Stock,USD,2021-03-01,2024-05-14
PMI,AMEX,Stock,USD,2025-08-29,2026-06-17
PMII,NASDAQ,Stock,USD,2009-09-10,2009-10-15
PMN,NASDAQ,Stock,USD,2007-07-17,2026-06-17
PMNT,AMEX,Stock,USD,2024-02-08,2026-06-17
PMT,NYSE,Stock,USD,2009-07-30,2026-06-17
PMT-P-A,NYSE,Stock,USD,2017-03-13,2026-06-17
PMT-P-B,NYSE,Stock,USD,2017-06-28,2026-06-17
PMT-P-C,NYSE,Stock,USD,2021-08-17,2026-06-17
PMTI,NASDAQ,Stock,USD,2006-12-28,2013-06-24
PMTR,NASDAQ,Stock,USD,2025-06-20,2026-06-17
PMTRU,NASDAQ,Stock,USD,2025-05-13,2026-06-17
PMTRW,NASDAQ,Stock,USD,2025-06-20,2026-06-17
PMTS,NASDAQ,Stock,USD,2015-10-09,2026-06-17
PMTU,NYSE,Stock,USD,2023-09-28,2026-06-17
PMTV,NYSE,Stock,USD,2025-02-14,2026-06-17
PMTW,NYSE,Stock,USD,2025-06-12,2026-06-17
PMVP,NASDAQ,Stock,USD,2020-09-25,2026-06-17
PN,NYSE,Stock,USD,2015-01-16,2017-11-28
PN,NASDAQ,Stock,USD,2025-03-04,2026-06-17
PNAC,NASDAQ,Stock,USD,2022-07-06,2023-08-25
PNACR,NASDAQ,Stock,USD,2022-07-06,2023-08-25
PNACU,NASDAQ,Stock,USD,2022-05-13,2023-08-25
PNBK,NASDAQ,Stock,USD,1994-09-01,2026-06-17
PNC,NYSE,Stock,USD,1988-09-07,2026-06-17
PNC-P-P,NYSE,Stock,USD,2012-04-23,2022-10-31
PNC-P-Q,NYSE,Stock,USD,2014-09-22,2020-08-31
PNC-WS,NYSE,Stock,USD,1988-09-07,2018-12-26
PNFP,NYSE,Stock,USD,2026-01-02,2026-06-17
PNFP,NASDAQ,Stock,USD,2000-08-22,2025-12-31
PNFP-P-A,NYSE,Stock,USD,2026-01-02,2026-06-17
PNFP-P-B,NYSE,Stock,USD,2026-01-02,2026-06-17
PNFP-P-C,NYSE,Stock,USD,2026-01-02,2026-06-17
PNFPP,NASDAQ,Stock,USD,2020-05-28,2025-12-31
PNG,NYSE,Stock,USD,2010-04-30,2014-01-08
PNK,NASDAQ,Stock,USD,1990-03-26,2018-10-15
PNNT,NYSE,Stock,USD,2007-04-19,2026-06-17
PNNTG,NASDAQ,Stock,USD,2019-09-30,2021-11-12
PNR,NYSE,Stock,USD,1973-05-03,2026-06-17
PNRA,NASDAQ,Stock,USD,1991-06-10,2017-07-19
PNRG,NASDAQ,Stock,USD,1995-08-18,2026-06-17
PNRL,NASDAQ,Stock,USD,2018-10-04,2020-03-04
PNST-WS,NYSE,Stock,USD,2024-01-02,2024-12-17
PNT,NASDAQ,Stock,USD,2020-07-08,2023-12-27
PNTA,NYSE,Stock,USD,2013-02-04,2017-06-28
PNTA-CL,NYSE,Stock,USD,2017-05-26,2017-06-28
PNTG,NASDAQ,Stock,USD,2019-10-01,2026-06-17
PNTM,NYSE,Stock,USD,2021-03-05,2023-05-26
PNTM-U,NYSE,Stock,USD,2021-01-13,2023-05-26
PNTM-WS,NYSE,Stock,USD,2021-03-05,2023-05-26
PNTR,NASDAQ,Stock,USD,1994-06-17,2019-10-03
PNW,NYSE,Stock,USD,1984-07-19,2026-06-17
PNX,NYSE,Stock,USD,2001-06-20,2016-06-28
PNY,NYSE,Stock,USD,2001-01-02,2016-10-11
POAS,AMEX,Stock,USD,2025-11-13,2026-06-17
POCI,NASDAQ,Stock,USD,1995-08-18,2026-06-17
PODC,NASDAQ,Stock,USD,2023-09-08,2026-06-17
PODD,NASDAQ,Stock,USD,2007-05-15,2026-06-17
POET,NASDAQ,Stock,USD,2014-02-18,2026-06-17
POL-WS,AMEX,Stock,USD,2022-07-22,2023-08-15
POLA,NASDAQ,Stock,USD,2016-12-07,2026-06-17
POLE,NASDAQ,Stock,USD,2024-10-28,2026-06-17
POLEU,NASDAQ,Stock,USD,2024-09-06,2026-06-17
POLEW,NASDAQ,Stock,USD,2024-10-28,2026-06-17
POLY,NYSE,Stock,USD,1994-01-20,2022-08-29
POM,NASDAQ,Stock,USD,2025-10-08,2026-06-17
POM,NYSE,Stock,USD,1987-01-02,2016-04-01
POND-U,NYSE,Stock,USD,2021-05-18,2022-12-16
PONO,NASDAQ,Stock,USD,2026-05-05,2026-06-17
PONOR,NASDAQ,Stock,USD,2026-05-05,2026-06-17
PONOU,NASDAQ,Stock,USD,2021-08-11,2026-06-17
PONY,NASDAQ,Stock,USD,2024-11-27,2026-06-17
POOL,NASDAQ,Stock,USD,1995-10-13,2026-06-17
POPE,NASDAQ,Stock,USD,1991-07-25,2020-05-08
POR,NYSE,Stock,USD,2006-03-31,2026-06-17
PORT,NYSE,Stock,USD,2024-03-25,2025-09-10
PORT-WS,NYSE,Stock,USD,2022-01-31,2024-03-21
POSH,NASDAQ,Stock,USD,2021-01-14,2023-01-05
POST,NYSE,Stock,USD,2012-01-27,2026-06-17
POST-W,NYSE,Stock,USD,2022-02-25,2022-03-08
POT,NYSE,Stock,USD,1990-01-12,2018-01-02
POWI,NASDAQ,Stock,USD,1997-12-12,2026-06-17
POWL,NASDAQ,Stock,USD,1990-03-26,2026-06-17
POWR,NYSE,Stock,USD,2008-01-14,2016-05-17
POWRU,NASDAQ,Stock,USD,2021-01-08,2023-01-12
POWRW,NASDAQ,Stock,USD,2021-03-03,2023-01-12
POWW,NASDAQ,Stock,USD,2016-01-07,2026-06-17
POWWP,NASDAQ,Stock,USD,2021-05-21,2026-06-17
POZN,NASDAQ,Stock,USD,2016-01-04,2016-02-16
PPBI,NASDAQ,Stock,USD,1997-06-25,2025-09-02
PPBT,NASDAQ,Stock,USD,2015-11-20,2026-06-17
PPC,NASDAQ,Stock,USD,1987-12-30,2026-06-17
PPCB,NASDAQ,Stock,USD,2012-11-12,2026-06-17
PPD,NASDAQ,Stock,USD,2020-02-06,2021-12-08
PPG,NYSE,Stock,USD,1983-04-06,2026-06-17
PPGHU,NASDAQ,Stock,USD,2021-01-06,2022-04-04
PPHC,NASDAQ,Stock,USD,2026-01-28,2026-06-17
PPHM,NASDAQ,Stock,USD,1996-04-01,2018-01-05
PPHMP,NASDAQ,Stock,USD,2014-02-27,2018-01-08
PPHP,NASDAQ,Stock,USD,2021-10-04,2026-06-17
PPHPR,NASDAQ,Stock,USD,2021-10-04,2026-06-17
PPHPU,NASDAQ,Stock,USD,2021-08-12,2026-06-17
PPHPW,NASDAQ,Stock,USD,2021-10-04,2026-06-17
PPIH,NASDAQ,Stock,USD,2016-01-04,2026-06-17
PPL,NYSE,Stock,USD,1985-04-08,2026-06-17
PPLI,NASDAQ,Stock,USD,1993-01-19,2026-06-17
PPO,NYSE,Stock,USD,2007-07-26,2015-08-26
PPP,NYSE,Stock,USD,2009-12-14,2017-08-14
PPS,NYSE,Stock,USD,1993-07-15,2016-12-08
PPSI,NASDAQ,Stock,USD,2013-05-03,2026-06-17
PPTA,NASDAQ,Stock,USD,2016-01-04,2021-02-17
PPTA,NASDAQ,Stock,USD,2021-02-18,2026-06-17
PPX,NYSE,Stock,USD,2013-03-18,2021-07-19
PQ,NYSE,Stock,USD,1992-10-26,2018-05-04
PQUEQ,NYSE,Stock,USD,2001-01-02,2019-03-05
PR,NYSE,Stock,USD,2016-04-15,2026-06-17
PRA,NYSE,Stock,USD,1991-09-04,2026-06-17
PRAA,NASDAQ,Stock,USD,2002-11-08,2026-06-17
PRAB,NYSE,Stock,USD,2026-03-11,2026-06-17
PRAH,NASDAQ,Stock,USD,2014-11-13,2021-07-01
PRAX,NASDAQ,Stock,USD,2020-10-16,2026-06-17
PRBMWS,NYSE,Stock,USD,2021-10-26,2023-03-24
PRCH,NASDAQ,Stock,USD,2020-01-13,2026-06-17
PRCHW,NASDAQ,Stock,USD,2020-01-13,2021-04-16
PRCP,NASDAQ,Stock,USD,1992-08-21,2020-12-21
PRCT,NASDAQ,Stock,USD,2021-09-15,2026-06-17
PRDO,NASDAQ,Stock,USD,1998-01-29,2026-06-17
PRDS,NASDAQ,Stock,USD,2021-12-27,2023-09-12
PRE,NYSE,Stock,USD,1996-11-14,2016-03-28
PRE,NASDAQ,Stock,USD,2022-05-18,2026-06-17
PRE-P-F,NYSE,Stock,USD,2006-12-01,2020-10-21
PRE-P-G,NYSE,Stock,USD,2016-05-06,2021-04-30
PRE-P-H,NYSE,Stock,USD,2016-05-06,2021-04-30
PRE-P-I,NYSE,Stock,USD,2016-05-06,2021-04-30
PRE-P-J,NYSE,Stock,USD,2021-03-19,2024-07-19
PRENW,NASDAQ,Stock,USD,2022-05-18,2026-06-17
PRFT,NASDAQ,Stock,USD,1999-07-29,2024-10-10
PRFX,NASDAQ,Stock,USD,2020-09-01,2026-06-17
PRG,NYSE,Stock,USD,1984-09-07,2026-06-17
PRG-W,NYSE,Stock,USD,2020-11-25,2020-11-30
PRGNL,NASDAQ,Stock,USD,2016-01-06,2016-06-16
PRGO,NYSE,Stock,USD,1991-12-17,2026-06-17
PRGS,NASDAQ,Stock,USD,1991-08-05,2026-06-17
PRGX,NYSE,Stock,USD,1996-03-27,2021-03-03
PRH,NYSE,Stock,USD,2013-03-27,2026-06-17
PRHI,NASDAQ,Stock,USD,2015-08-13,2026-06-17
PRHIZ,NASDAQ,Stock,USD,2025-09-30,2026-06-17
PRI,NYSE,Stock,USD,2010-04-01,2026-06-17
PRIF-P-A,NYSE,Stock,USD,2018-06-28,2021-08-10
PRIF-P-B,NYSE,Stock,USD,2018-10-26,2021-05-06
PRIF-P-C,NYSE,Stock,USD,2019-02-22,2021-06-17
PRIF-P-D,NYSE,Stock,USD,2019-06-21,2026-06-17
PRIF-P-F,NYSE,Stock,USD,2020-02-21,2025-06-10
PRIF-P-G,NYSE,Stock,USD,2021-03-24,2024-12-20
PRIF-P-H,NYSE,Stock,USD,2021-05-07,2025-04-08
PRIF-P-I,NYSE,Stock,USD,2021-06-17,2025-07-11
PRIF-P-J,NYSE,Stock,USD,2021-08-09,2026-04-24
PRIF-P-K,NYSE,Stock,USD,2021-10-05,2026-06-17
PRIF-P-L,NYSE,Stock,USD,2022-02-24,2026-06-17
PRIM,NYSE,Stock,USD,2008-08-06,2026-06-17
PRK,AMEX,Stock,USD,1991-05-08,2026-06-17
PRKS,NYSE,Stock,USD,2013-04-19,2026-06-17
PRLB,NYSE,Stock,USD,2012-02-24,2026-06-17
PRLD,NASDAQ,Stock,USD,2020-09-25,2026-06-17
PRLH,NASDAQ,Stock,USD,2022-02-09,2026-06-17
PRLHU,NASDAQ,Stock,USD,2021-12-15,2026-06-17
PRLHW,NASDAQ,Stock,USD,2022-02-04,2026-06-17
PRLS,NASDAQ,Stock,USD,1996-09-25,2015-02-12
PRM,NYSE,Stock,USD,2001-01-02,2011-11-29
PRM,NYSE,Stock,USD,2021-11-09,2026-06-17
PRMB,NYSE,Stock,USD,2024-11-11,2026-06-17
PRME,NASDAQ,Stock,USD,2022-10-20,2026-06-17
PRMW,NYSE,Stock,USD,1992-06-16,2024-11-08
PRNB,NASDAQ,Stock,USD,2018-09-14,2020-09-28
PRO,NYSE,Stock,USD,2007-07-26,2025-12-08
PROC,NASDAQ,Stock,USD,2021-09-30,2026-06-17
PROCW,NASDAQ,Stock,USD,2021-09-30,2026-06-17
PROF,NASDAQ,Stock,USD,2016-06-09,2026-06-17
PROK,NASDAQ,Stock,USD,2022-07-12,2026-06-17
PROP,NASDAQ,Stock,USD,2010-06-28,2026-06-17
PROS,NYSE,Stock,USD,2019-07-25,2021-09-17
PROV,NASDAQ,Stock,USD,1996-06-28,2026-06-17
PRPB-U,NYSE,Stock,USD,2020-07-31,2022-07-22
PRPB-WS,NYSE,Stock,USD,2020-09-21,2022-07-22
PRPC,NYSE,Stock,USD,2021-03-30,2023-11-07
PRPC-U,NYSE,Stock,USD,2021-02-03,2023-11-07
PRPC-WS,NYSE,Stock,USD,2021-03-29,2023-11-07
PRPL,NASDAQ,Stock,USD,2018-02-05,2026-06-17
PRPLW,NASDAQ,Stock,USD,2015-08-25,2020-12-02
PRPO,NASDAQ,Stock,USD,2000-07-18,2026-06-17
PRQR,NASDAQ,Stock,USD,2014-09-18,2026-06-17
PRS,NYSE,Stock,USD,2018-08-22,2026-06-17
PRSD,NYSE,Stock,USD,2025-09-10,2026-06-17
PRSO,NASDAQ,Stock,USD,2001-06-28,2026-06-17
PRSP,NYSE,Stock,USD,2018-06-01,2021-05-06
PRSR,NASDAQ,Stock,USD,2021-03-01,2023-12-21
PRSRU,NASDAQ,Stock,USD,2021-01-08,2023-12-21
PRSS,NASDAQ,Stock,USD,2012-03-29,2018-11-09
PRST,NASDAQ,Stock,USD,2024-09-17,2026-05-28
PRSU,NYSE,Stock,USD,2004-08-12,2026-06-17
PRT,NYSE,Stock,USD,2018-05-02,2026-06-17
PRTA,NASDAQ,Stock,USD,2012-12-21,2026-06-17
PRTH,NASDAQ,Stock,USD,2016-12-06,2026-06-17
PRTHW,NASDAQ,Stock,USD,2016-11-14,2023-08-24
PRTK,NASDAQ,Stock,USD,2006-05-11,2023-09-21
PRTS,NASDAQ,Stock,USD,2007-02-09,2026-06-17
PRU,NYSE,Stock,USD,2001-12-13,2026-06-17
PRVA,NASDAQ,Stock,USD,2021-04-28,2026-06-17
PRVB,NASDAQ,Stock,USD,2018-07-24,2023-04-27
PRVL,NASDAQ,Stock,USD,2019-06-20,2021-01-22
PRWT,NASDAQ,Stock,USD,2006-12-28,2013-04-09
PRX,NYSE,Stock,USD,2006-12-28,2013-10-07
PRXL,NASDAQ,Stock,USD,1995-11-22,2017-10-09
PRZO,NASDAQ,Stock,USD,2023-07-27,2026-06-17
PS,NYSE,Stock,USD,2018-05-17,2026-06-17
PSA,NYSE,Stock,USD,1980-11-18,2026-06-17
PSA-P-A,NYSE,Stock,USD,2014-12-03,2019-12-27
PSA-P-A-CL,NYSE,Stock,USD,2012-11-12,2019-12-27
PSA-P-B,NYSE,Stock,USD,2016-01-21,2021-01-19
PSA-P-C,NYSE,Stock,USD,2016-05-18,2021-06-29
PSA-P-D,NYSE,Stock,USD,2001-04-03,2021-07-19
PSA-P-E,NYSE,Stock,USD,2016-10-07,2021-12-29
PSA-P-F,NYSE,Stock,USD,2017-05-23,2026-06-17
PSA-P-G,NYSE,Stock,USD,2017-08-01,2026-06-17
PSA-P-H,NYSE,Stock,USD,2019-03-01,2026-06-17
PSA-P-I,NYSE,Stock,USD,2019-09-06,2026-06-17
PSA-P-J,NYSE,Stock,USD,2019-11-06,2026-06-17
PSA-P-K,NYSE,Stock,USD,2019-12-11,2026-06-17
PSA-P-L,NYSE,Stock,USD,2020-06-09,2026-06-17
PSA-P-M,NYSE,Stock,USD,2020-08-20,2026-06-17
PSA-P-N,NYSE,Stock,USD,2020-09-30,2026-06-17
PSA-P-O,NYSE,Stock,USD,2020-11-11,2026-06-17
PSA-P-P,NYSE,Stock,USD,2021-06-07,2026-06-17
PSA-P-Q,NYSE,Stock,USD,2021-08-11,2021-08-18
PSA-P-Q,NYSE,Stock,USD,2021-08-19,2026-06-17
PSA-P-R,NYSE,Stock,USD,2021-11-10,2026-06-17
PSA-P-S,NYSE,Stock,USD,1980-11-18,2017-07-25
PSA-P-S,NYSE,Stock,USD,2022-01-05,2026-06-17
PSA-P-T,NYSE,Stock,USD,1980-11-18,2017-09-27
PSA-P-U,NYSE,Stock,USD,2014-09-22,2019-10-11
PSA-P-U-CL,NYSE,Stock,USD,2019-09-12,2019-10-11
PSA-P-V,NYSE,Stock,USD,2014-09-22,2020-07-09
PSA-P-V-CL,NYSE,Stock,USD,2010-04-16,2011-05-25
PSA-P-W,NYSE,Stock,USD,2014-09-22,2020-09-29
PSA-P-X,NYSE,Stock,USD,2014-09-22,2020-09-29
PSA-P-Y,NYSE,Stock,USD,2014-09-22,2019-03-27
PSA-P-Y-CL,NYSE,Stock,USD,2019-02-25,2019-03-27
PSA-P-Z,NYSE,Stock,USD,2014-09-22,2019-06-26
PSA-P-Z-CL,NYSE,Stock,USD,2014-05-30,2019-06-26
PSACU,NASDAQ,Stock,USD,2020-07-22,2021-07-21
PSAG,NASDAQ,Stock,USD,2021-04-14,2022-12-22
PSAGU,NASDAQ,Stock,USD,2021-03-04,2022-12-22
PSAGW,NASDAQ,Stock,USD,2021-04-09,2022-12-22
PSB,NYSE,Stock,USD,1991-03-27,2022-07-20
PSB-P-T,NYSE,Stock,USD,2014-09-22,2018-01-03
PSB-P-U,NYSE,Stock,USD,2014-09-22,2019-12-27
PSB-P-U-CL,NYSE,Stock,USD,2019-11-04,2019-12-27
PSB-P-V,NYSE,Stock,USD,2014-09-22,2019-12-27
PSB-P-V-CL,NYSE,Stock,USD,2019-11-04,2019-12-27
PSB-P-W,NYSE,Stock,USD,2016-10-17,2021-11-02
PSBD,NYSE,Stock,USD,2024-01-18,2026-06-17
PSBH,NASDAQ,Stock,USD,2016-01-04,2016-01-15
PSDO,NASDAQ,Stock,USD,2017-03-10,2019-12-19
PSDV,NASDAQ,Stock,USD,2005-01-27,2018-03-29
PSEC,NASDAQ,Stock,USD,2004-07-27,2026-06-17
PSEC-P-A,NYSE,Stock,USD,2021-07-13,2026-06-17
PSEM,NASDAQ,Stock,USD,1997-10-31,2015-11-24
PSFE,NYSE,Stock,USD,2020-10-09,2026-06-17
PSG,NYSE,Stock,USD,2006-05-15,2010-11-08
PSHG,NASDAQ,Stock,USD,2011-01-03,2026-06-17
PSIG,NASDAQ,Stock,USD,2024-07-19,2026-06-17
PSIX,NASDAQ,Stock,USD,2012-04-17,2026-06-17
PSKY,NASDAQ,Stock,USD,2025-08-06,2026-06-17
PSMI,NASDAQ,Stock,USD,2012-08-08,2014-12-12
PSMT,NASDAQ,Stock,USD,1997-09-02,2026-06-17
PSN,NYSE,Stock,USD,2019-05-08,2026-06-17
PSNL,NASDAQ,Stock,USD,2019-06-20,2026-06-17
PSNY,NASDAQ,Stock,USD,2022-06-24,2026-06-17
PSNYW,NASDAQ,Stock,USD,2022-06-24,2026-06-17
PSO,NYSE,Stock,USD,1996-11-18,2026-06-17
PSPC,NYSE,Stock,USD,2021-07-16,2023-05-26
PSPC-U,NYSE,Stock,USD,2021-05-26,2023-05-26
PSPC-WS,NYSE,Stock,USD,2021-07-16,2023-05-26
PSQH,NYSE,Stock,USD,2021-07-07,2026-06-17
PSQH-WS,NYSE,Stock,USD,2021-07-07,2026-05-28
PSQH-WS,NYSE,Stock,USD,2023-07-20,2026-06-17
PSTB,NASDAQ,Stock,USD,2007-02-01,2017-11-30
PSTH,NYSE,Stock,USD,2020-09-11,2022-07-26
PSTH-U,NYSE,Stock,USD,2020-07-22,2020-09-10
PSTH-WS,NYSE,Stock,USD,2020-09-11,2022-07-25
PSTL,NYSE,Stock,USD,2019-05-15,2026-06-17
PSTV,NASDAQ,Stock,USD,2000-11-16,2026-06-17
PSTVZ,NASDAQ,Stock,USD,2018-05-25,2020-05-26
PSTX,NASDAQ,Stock,USD,2020-07-10,2025-01-08
PSUS,NYSE,Stock,USD,2026-04-29,2026-06-17
PSX,NYSE,Stock,USD,2012-04-12,2026-06-17
PSXP,NYSE,Stock,USD,2013-07-23,2022-03-08
PTA,NYSE,Stock,USD,2020-10-28,2026-06-17
PTACU,NASDAQ,Stock,USD,2026-05-15,2026-06-17
PTACU,NASDAQ,Stock,USD,2019-11-22,2020-12-24
PTC,NASDAQ,Stock,USD,1990-03-26,2026-06-17
PTCT,NASDAQ,Stock,USD,2013-06-20,2026-06-17
PTEK,NASDAQ,Stock,USD,2005-10-14,2014-10-01
PTEN,NASDAQ,Stock,USD,1993-11-02,2026-06-17
PTEST,NYSE,Stock,USD,2017-03-17,2026-06-17
PTEST-A,NYSE,Stock,USD,2021-09-13,2026-06-17
PTEST-W,NYSE,Stock,USD,2018-10-29,2026-06-17
PTEST-X,NYSE,Stock,USD,2019-08-30,2026-06-17
PTEST-Y,NYSE,Stock,USD,2019-08-30,2026-06-17
PTEST-Z,NYSE,Stock,USD,2017-03-20,2026-06-17
PTGX,NASDAQ,Stock,USD,2016-08-11,2026-06-17
PTHN,NYSE,Stock,USD,2016-07-21,2017-11-03
PTHR,NASDAQ,Stock,USD,2023-04-03,2024-01-12
PTHRU,NASDAQ,Stock,USD,2023-02-10,2024-01-12
PTHRW,NASDAQ,Stock,USD,2023-04-03,2024-01-12
PTHS,AMEX,Stock,USD,2024-02-16,2026-06-17
PTICU,NASDAQ,Stock,USD,2020-12-04,2022-11-29
PTLA,NASDAQ,Stock,USD,2013-05-22,2020-07-02
PTLE,NASDAQ,Stock,USD,2024-10-16,2026-06-17
PTLO,NASDAQ,Stock,USD,2021-10-21,2026-06-17
PTN,NASDAQ,Stock,USD,2025-11-12,2026-06-17
PTNM,NASDAQ,Stock,USD,2025-05-30,2026-06-17
PTOC,NASDAQ,Stock,USD,2021-05-06,2023-03-10
PTOCU,NASDAQ,Stock,USD,2021-03-11,2023-03-10
PTOCW,NASDAQ,Stock,USD,2021-05-13,2023-03-10
PTON,NASDAQ,Stock,USD,2019-09-26,2026-06-17
PTOR,NASDAQ,Stock,USD,2026-03-16,2026-06-17
PTORU,NASDAQ,Stock,USD,2026-01-23,2026-06-17
PTORW,NASDAQ,Stock,USD,2026-03-17,2026-06-17
PTP,NYSE,Stock,USD,2002-10-29,2015-03-02
PTRAW,NASDAQ,Stock,USD,2020-11-24,2021-10-29
PTRN,NASDAQ,Stock,USD,2025-09-19,2026-06-17
PTRS,NASDAQ,Stock,USD,2013-04-02,2023-11-30
PTRY,NASDAQ,Stock,USD,1999-06-10,2015-03-16
PTSX,NASDAQ,Stock,USD,2016-01-04,2017-10-12
PTVCA,NASDAQ,Stock,USD,2001-01-02,2021-06-01
PTVCB,NASDAQ,Stock,USD,2001-01-02,2021-06-01
PTVE,NASDAQ,Stock,USD,2020-09-17,2025-04-01
PTWO,NASDAQ,Stock,USD,2022-09-26,2024-09-17
PTWOU,NASDAQ,Stock,USD,2022-08-05,2024-09-17
PTXP,NASDAQ,Stock,USD,2015-06-04,2017-07-03
PUBM,NASDAQ,Stock,USD,2020-12-09,2026-06-17
PUK,NYSE,Stock,USD,2000-06-29,2026-06-17
PUK-P,NYSE,Stock,USD,2016-01-04,2021-12-27
PUK-W,NYSE,Stock,USD,2021-09-01,2021-09-17
PUKPRA,NYSE,Stock,USD,2014-09-22,2021-12-27
PULB,NASDAQ,Stock,USD,2016-01-04,2016-05-09
PULM,NASDAQ,Stock,USD,2014-03-21,2026-06-17
PULS,NYSE,Stock,USD,1972-06-01,2015-04-13
PUMP,NYSE,Stock,USD,2017-03-17,2026-06-17
PURR,NASDAQ,Stock,USD,2025-12-03,2026-06-17
PUSA,NASDAQ,Stock,USD,2025-02-12,2026-06-17
PV-U,NYSE,Stock,USD,2021-01-22,2022-12-14
PVBC,NASDAQ,Stock,USD,2015-07-16,2026-06-17
PVFC,NASDAQ,Stock,USD,2006-12-28,2013-10-11
PVG,NYSE,Stock,USD,2011-03-03,2026-06-17
PVH,NYSE,Stock,USD,1987-07-10,2026-06-17
PVL,NYSE,Stock,USD,2011-11-03,2026-06-17
PVLA,NASDAQ,Stock,USD,2024-12-16,2026-06-17
PVT,NYSE,Stock,USD,2019-03-25,2020-02-11
PVT-U,NYSE,Stock,USD,2019-01-31,2019-12-18
PVT-WS,NYSE,Stock,USD,2019-03-25,2019-12-18
PVTB,NASDAQ,Stock,USD,1999-06-30,2017-06-30
PVTBP,NASDAQ,Stock,USD,2008-05-21,2017-08-28
PVTD,NYSE,Stock,USD,2012-10-26,2017-09-28
PVTL,NYSE,Stock,USD,2018-04-20,2020-01-03
PW-P-A,AMEX,Stock,USD,2014-09-24,2026-06-17
PWAVQ,NASDAQ,Stock,USD,2016-01-04,2016-04-11
PWE,NYSE,Stock,USD,2005-11-15,2017-06-28
PWM,NASDAQ,Stock,USD,2023-07-06,2024-01-31
PWOD,NASDAQ,Stock,USD,1996-05-30,2025-07-28
PWP,NASDAQ,Stock,USD,2020-11-20,2026-06-17
PWPPW,NASDAQ,Stock,USD,2020-11-20,2022-09-07
PWR,NYSE,Stock,USD,1998-02-12,2026-06-17
PWRD,NASDAQ,Stock,USD,2007-07-26,2026-06-17
PWRL,NASDAQ,Stock,USD,2026-05-27,2026-06-17
PWSC,NYSE,Stock,USD,2021-07-28,2024-10-01
PWUPU,NASDAQ,Stock,USD,2022-02-18,2025-02-19
PWX,NASDAQ,Stock,USD,1993-04-01,2016-11-02
PX,NYSE,Stock,USD,1992-06-17,2018-10-30
PXD,NYSE,Stock,USD,1997-08-08,2024-05-03
PXDT,NASDAQ,Stock,USD,2023-08-01,2026-06-17
PXED,NYSE,Stock,USD,2025-10-09,2026-06-17
PXLW,NASDAQ,Stock,USD,2000-05-19,2026-06-17
PXP,NYSE,Stock,USD,2006-12-28,2013-05-30
PXS,NASDAQ,Stock,USD,2015-11-03,2026-06-17
PXSAP,NASDAQ,Stock,USD,2020-10-08,2026-06-17
PXSAW,NASDAQ,Stock,USD,2020-10-08,2025-10-10
PYCR,NASDAQ,Stock,USD,2021-07-21,2025-04-14
PYPD,NASDAQ,Stock,USD,2020-06-26,2026-06-17
PYPL,NASDAQ,Stock,USD,2015-07-20,2026-06-17
PYPLV,NASDAQ,Stock,USD,2015-07-06,2015-07-17
PYR,NASDAQ,Stock,USD,2021-03-11,2023-11-15
PYS,NYSE,Stock,USD,2007-12-27,2022-11-14
PYT,NYSE,Stock,USD,2004-07-27,2026-06-17
PYX,NYSE,Stock,USD,1995-04-03,2020-06-16
PYXS,NASDAQ,Stock,USD,2021-10-08,2026-06-17
PZE,NYSE,Stock,USD,2000-01-26,2018-05-18
PZG,AMEX,Stock,USD,2006-05-08,2026-06-17
PZRX,NASDAQ,Stock,USD,2016-05-18,2018-02-02
PZZA,NASDAQ,Stock,USD,1993-06-08,2026-06-17
Q,NYSE,Stock,USD,2013-05-09,2017-11-14
Q,NYSE,Stock,USD,2025-11-03,2026-06-17
Q-W,NYSE,Stock,USD,2025-10-27,2025-10-31
QADA,NASDAQ,Stock,USD,2010-12-16,2021-11-05
QADB,NASDAQ,Stock,USD,1997-08-06,2021-11-05
QADR,NASDAQ,Stock,USD,2026-05-20,2026-06-17
QADRU,NASDAQ,Stock,USD,2026-03-27,2026-06-17
QADRW,NASDAQ,Stock,USD,2026-05-20,2026-06-17
QBTS,NYSE,Stock,USD,2022-08-08,2026-06-17
QBTS-WS,NYSE,Stock,USD,2022-08-08,2025-11-17
QCLS,NASDAQ,Stock,USD,2014-01-23,2026-06-17
QCOM,NASDAQ,Stock,USD,1991-12-16,2026-06-17
QCOR,NASDAQ,Stock,USD,1993-03-04,2014-08-14
QCP,NYSE,Stock,USD,2016-11-01,2018-07-27
QCP-W,NYSE,Stock,USD,2016-10-20,2016-10-28
QCRH,NASDAQ,Stock,USD,1993-10-06,2026-06-17
QDEL,NASDAQ,Stock,USD,1992-03-03,2026-06-17
QDRO,NASDAQ,Stock,USD,2021-04-14,2024-06-05
QDROU,NASDAQ,Stock,USD,2021-02-18,2024-06-05
QDROW,NASDAQ,Stock,USD,2021-04-15,2024-05-28
QELL,NASDAQ,Stock,USD,2020-11-23,2021-09-14
QELLU,NASDAQ,Stock,USD,2020-09-30,2021-09-14
QELLW,NASDAQ,Stock,USD,2020-11-23,2021-09-14
QEP,NYSE,Stock,USD,2010-06-16,2021-03-18
QEPM,NYSE,Stock,USD,2013-08-09,2015-07-22
QES,NYSE,Stock,USD,2018-02-09,2020-07-27
QETA,NASDAQ,Stock,USD,2023-11-30,2026-06-17
QETAR,NASDAQ,Stock,USD,2023-11-30,2026-06-17
QETAU,NASDAQ,Stock,USD,2023-10-06,2026-06-17
QFIN,NASDAQ,Stock,USD,2018-12-14,2026-06-17
QFTA-U,NYSE,Stock,USD,2021-02-05,2023-08-01
QGEN,NYSE,Stock,USD,1996-06-28,2026-06-17
QH,NASDAQ,Stock,USD,2026-05-29,2026-06-17
QHC,NYSE,Stock,USD,2016-05-02,2020-04-07
QHUOY,NASDAQ,Stock,USD,2020-07-10,2026-06-17
QIHU,NYSE,Stock,USD,2011-03-29,2016-07-25
QIPT,NASDAQ,Stock,USD,2010-08-10,2021-05-26
QIPT,NASDAQ,Stock,USD,2021-05-27,2026-03-17
QIWI,NASDAQ,Stock,USD,2013-05-03,2024-05-09
QLEP-U,NYSE,Stock,USD,2026-05-01,2026-06-17
QLGC,NASDAQ,Stock,USD,2016-01-04,2016-08-24
QLI,NASDAQ,Stock,USD,2021-01-12,2024-08-09
QLIK,NASDAQ,Stock,USD,2010-07-15,2016-08-23
QLTY,NASDAQ,Stock,USD,2003-11-07,2015-08-17
QLYS,NASDAQ,Stock,USD,2012-09-28,2026-06-17
QMCO,NASDAQ,Stock,USD,1999-08-02,2026-06-17
QMMM,NASDAQ,Stock,USD,2024-07-19,2026-06-17
QNC,AMEX,Stock,USD,2026-02-24,2026-06-17
QNCX,NASDAQ,Stock,USD,2019-05-09,2026-06-17
QNRX,NASDAQ,Stock,USD,2016-07-29,2026-06-17
QNST,NASDAQ,Stock,USD,2010-02-11,2026-06-17
QNT,NASDAQ,Stock,USD,2026-06-04,2026-06-17
QNTM,NASDAQ,Stock,USD,2018-06-08,2026-06-17
QOMO,NASDAQ,Stock,USD,2022-11-25,2026-06-17
QOMOR,NASDAQ,Stock,USD,2022-12-02,2024-11-21
QOMOU,NASDAQ,Stock,USD,2022-09-30,2026-06-17
QOMOW,NASDAQ,Stock,USD,2022-11-29,2026-06-17
QPAC,NASDAQ,Stock,USD,2013-10-18,2017-07-12
QPACU,NASDAQ,Stock,USD,2015-01-16,2017-06-22
QPACW,NASDAQ,Stock,USD,2015-03-27,2017-07-12
QQDN,NASDAQ,Stock,USD,2025-06-12,2026-06-17
QQUP,NASDAQ,Stock,USD,2025-06-12,2026-06-17
QQXL,NASDAQ,Stock,USD,2025-08-15,2026-06-17
QRE,NYSE,Stock,USD,2010-12-17,2014-11-19
QRED,NYSE,Stock,USD,2026-05-07,2026-06-17
QRED-R,NYSE,Stock,USD,2026-05-07,2026-06-17
QRED-U,NYSE,Stock,USD,2026-04-15,2026-06-17
QRHC,NASDAQ,Stock,USD,2010-01-05,2026-06-17
QRTAV,NASDAQ,Stock,USD,2020-09-03,2020-09-14
QRTEA,NASDAQ,Stock,USD,2026-02-06,2026-06-17
QRTEB,NASDAQ,Stock,USD,2026-02-06,2026-06-17
QRTEP,NASDAQ,Stock,USD,2026-05-28,2026-06-17
QRTEV,NASDAQ,Stock,USD,2020-09-01,2020-09-14
QRVO,NASDAQ,Stock,USD,2015-01-02,2026-06-17
QS,NASDAQ,Stock,USD,2020-08-17,2026-06-17
QS-WS,NYSE,Stock,USD,2020-11-27,2021-08-23
QSEA,NASDAQ,Stock,USD,2025-05-12,2026-06-17
QSEAR,NASDAQ,Stock,USD,2025-05-12,2026-06-17
QSEAU,NASDAQ,Stock,USD,2025-03-18,2026-06-17
QSI,NASDAQ,Stock,USD,2020-11-13,2026-06-17
QSIAW,NASDAQ,Stock,USD,2020-11-04,2026-06-11
QSII,NASDAQ,Stock,USD,1995-08-18,2018-09-07
QSR,NYSE,Stock,USD,2014-12-15,2026-06-17
QTEX,NASDAQ,Stock,USD,2021-07-14,2026-06-17
QTEXW,NASDAQ,Stock,USD,2021-07-14,2026-06-17
QTI,NASDAQ,Stock,USD,2026-01-28,2026-06-17
QTNA,NASDAQ,Stock,USD,2016-10-28,2019-06-18
QTNT,NASDAQ,Stock,USD,2023-01-03,2023-01-03
QTNT,NASDAQ,Stock,USD,2014-04-25,2023-06-09
QTNTW,NASDAQ,Stock,USD,2014-09-25,2015-10-26
QTRX,NASDAQ,Stock,USD,2017-12-07,2026-06-17
QTS,NYSE,Stock,USD,2013-10-09,2021-08-31
QTS-P-A,NYSE,Stock,USD,2018-03-09,2021-08-31
QTTB,NASDAQ,Stock,USD,2018-03-28,2026-06-17
QTTTP,NYSE,Stock,USD,2018-06-21,2021-08-31
QTWO,NYSE,Stock,USD,2014-03-20,2026-06-17
QTWW,NASDAQ,Stock,USD,2012-02-21,2016-04-08
QUAD,NYSE,Stock,USD,1995-02-09,2026-06-17
QUBT,NASDAQ,Stock,USD,2018-08-01,2026-06-17
QUCY,NASDAQ,Stock,USD,2021-11-05,2026-06-17
QUIK,NASDAQ,Stock,USD,1999-10-18,2026-06-17
QUIZ,NYSE,Stock,USD,2025-08-19,2026-06-17
QULL,NYSE,Stock,USD,2021-02-05,2026-06-17
QUMS,NASDAQ,Stock,USD,2025-09-30,2026-06-17
QUMSR,NASDAQ,Stock,USD,2025-09-30,2026-06-17
QUMSU,NASDAQ,Stock,USD,2025-08-06,2026-06-17
QUMU,NASDAQ,Stock,USD,1995-08-18,2023-02-08
QUNR,NASDAQ,Stock,USD,2016-01-04,2017-03-01
QUOT,NYSE,Stock,USD,2014-03-07,2023-09-01
QURE,NASDAQ,Stock,USD,2014-02-05,2026-06-17
QUSA,NASDAQ,Stock,USD,1992-06-12,2017-07-14
QVCA,NASDAQ,Stock,USD,2006-05-10,2018-03-09
QVCB,NASDAQ,Stock,USD,2006-05-10,2018-03-09
QVCC,NYSE,Stock,USD,2019-11-29,2026-05-14
QXL,NASDAQ,Stock,USD,2018-03-05,2026-06-17
QXO,NYSE,Stock,USD,2012-03-15,2026-06-17
QXO-P-B,NYSE,Stock,USD,2025-05-30,2026-06-17
R,NYSE,Stock,USD,1980-01-02,2026-06-17
RAAA,NYSE,Stock,USD,2025-07-09,2026-06-17
RAACU,NASDAQ,Stock,USD,2020-12-08,2021-07-21
RAAQ,NASDAQ,Stock,USD,2025-06-02,2026-06-17
RAAQU,NASDAQ,Stock,USD,2025-04-29,2026-06-17
RAAQW,NASDAQ,Stock,USD,2025-06-02,2026-06-17
RAC,NYSE,Stock,USD,2025-04-21,2026-06-17
RAC-U,NYSE,Stock,USD,2025-02-27,2026-06-17
RAC-WS,NYSE,Stock,USD,2025-04-21,2026-06-17
RACB,NASDAQ,Stock,USD,2021-03-18,2022-12-06
RACC,NASDAQ,Stock,USD,2026-05-20,2026-06-17
RACE,NYSE,Stock,USD,2015-10-21,2026-06-17
RACY,NASDAQ,Stock,USD,2022-04-04,2024-05-08
RACYU,NASDAQ,Stock,USD,2022-02-11,2024-05-08
RACYW,NASDAQ,Stock,USD,2022-04-04,2023-05-12
RADA,NASDAQ,Stock,USD,1993-04-01,2022-11-28
RADI,NASDAQ,Stock,USD,2020-10-05,2023-09-21
RADX,NASDAQ,Stock,USD,2024-12-05,2026-06-17
RAH,NYSE,Stock,USD,2006-12-28,2013-01-29
RAI,NYSE,Stock,USD,1999-06-01,2017-08-17
RAIL,NASDAQ,Stock,USD,2005-04-06,2026-06-17
RAIN,NASDAQ,Stock,USD,2021-04-23,2026-06-17
RAIN,NASDAQ,Stock,USD,2025-01-02,2026-05-28
RAINW,NASDAQ,Stock,USD,2025-01-02,2026-06-17
RAL,NYSE,Stock,USD,2025-06-30,2026-06-17
RAL-W,NYSE,Stock,USD,2025-06-25,2025-06-27
RALY,NYSE,Stock,USD,2013-04-12,2015-07-07
RAM,NASDAQ,Stock,USD,2021-07-09,2023-03-31
RAMMU,NASDAQ,Stock,USD,2021-05-19,2023-03-31
RAMMW,NASDAQ,Stock,USD,2021-07-09,2023-03-31
RAMP,NYSE,Stock,USD,2018-08-01,2026-06-17
RAND,NASDAQ,Stock,USD,1995-08-18,2026-06-17
RANG,NASDAQ,Stock,USD,2025-01-13,2026-06-17
RANGR,NASDAQ,Stock,USD,2025-01-13,2026-06-17
RANGU,NASDAQ,Stock,USD,2024-12-20,2026-06-17
RANI,NASDAQ,Stock,USD,2021-07-30,2026-06-17
RAPP,NASDAQ,Stock,USD,2024-06-07,2026-06-17
RAPT,NASDAQ,Stock,USD,2019-10-31,2026-03-04
RARE,NASDAQ,Stock,USD,2014-01-31,2026-06-17
RARX,NASDAQ,Stock,USD,2016-10-26,2020-04-02
RAS,NYSE,Stock,USD,1998-01-09,2018-05-11
RAS-P-A,NYSE,Stock,USD,2014-09-22,2018-05-11
RAS-P-B,NYSE,Stock,USD,2014-09-22,2018-05-11
RAS-P-C,NYSE,Stock,USD,2014-09-22,2018-05-11
RATE,NYSE,Stock,USD,2011-06-17,2017-11-08
RAVE,NASDAQ,Stock,USD,1993-09-01,2026-06-17
RAVN,NASDAQ,Stock,USD,1980-03-17,2021-11-30
RAX,NYSE,Stock,USD,2008-08-07,2016-11-11
RAY,NASDAQ,Stock,USD,2024-05-15,2026-06-17
RAYA,NASDAQ,Stock,USD,2022-12-14,2026-06-17
RBA,NYSE,Stock,USD,1998-03-10,2026-06-17
RBAC,NYSE,Stock,USD,2020-10-05,2022-09-07
RBAC-U,NYSE,Stock,USD,2020-08-13,2022-08-16
RBAC-WS,NYSE,Stock,USD,2020-10-05,2022-08-16
RBB,NASDAQ,Stock,USD,2017-07-26,2026-06-17
RBBN,NASDAQ,Stock,USD,2017-11-29,2026-06-17
RBC,NYSE,Stock,USD,2005-08-10,2026-06-17
RBC-W,NYSE,Stock,USD,2021-09-28,2021-10-04
RBCAA,NASDAQ,Stock,USD,1998-07-22,2026-06-17
RBCP,NYSE,Stock,USD,2021-09-22,2022-09-23
RBCP,NYSE,Stock,USD,2022-09-26,2024-10-14
RBKB,NASDAQ,Stock,USD,2019-01-17,2026-06-17
RBLX,NYSE,Stock,USD,2021-03-10,2026-06-17
RBNC,NASDAQ,Stock,USD,2018-01-02,2021-12-31
RBNE,NASDAQ,Stock,USD,2025-04-15,2026-06-17
RBNEV,NASDAQ,Stock,USD,2025-04-11,2025-04-14
RBOT,NASDAQ,Stock,USD,2026-03-05,2026-05-28
RBOT-WS,NYSE,Stock,USD,2021-09-20,2025-12-16
RBPAA,NASDAQ,Stock,USD,1992-03-03,2017-12-14
RBRK,NYSE,Stock,USD,2024-04-25,2026-06-17
RBS,NYSE,Stock,USD,2020-07-22,2020-07-22
RBS-P-F,NYSE,Stock,USD,2014-09-22,2017-08-31
RBS-P-H,NYSE,Stock,USD,2014-09-22,2017-08-31
RBS-P-L,NYSE,Stock,USD,2014-09-22,2017-08-31
RBS-P-S,NYSE,Stock,USD,2014-09-22,2018-12-27
RBS-P-S-CL,NYSE,Stock,USD,2018-11-30,2018-12-28
RBT-WS,NYSE,Stock,USD,2022-08-16,2023-10-16
RBZ,NASDAQ,Stock,USD,2018-12-19,2020-04-29
RC,NYSE,Stock,USD,2013-02-08,2026-06-17
RC-P-B,NYSE,Stock,USD,2021-03-22,2021-07-14
RC-P-C,NYSE,Stock,USD,2021-03-22,2026-06-17
RC-P-D,NYSE,Stock,USD,2021-03-22,2021-07-14
RC-P-E,NYSE,Stock,USD,2021-06-04,2026-06-17
RCA,NYSE,Stock,USD,2018-10-01,2023-08-14
RCAC,NASDAQ,Stock,USD,2022-02-09,2024-04-04
RCACU,NASDAQ,Stock,USD,2021-12-17,2024-04-04
RCACW,NASDAQ,Stock,USD,2022-02-10,2024-04-04
RCAP,NYSE,Stock,USD,2013-06-05,2016-01-04
RCAT,NASDAQ,Stock,USD,2017-09-22,2026-06-17
RCB,NYSE,Stock,USD,2019-07-25,2026-05-01
RCD,NYSE,Stock,USD,2024-12-19,2026-06-17
RCEL,NASDAQ,Stock,USD,2019-10-01,2026-06-17
RCF-U,NYSE,Stock,USD,2021-11-10,2021-11-10
RCFA,NYSE,Stock,USD,2021-12-31,2026-06-17
RCFA-U,NYSE,Stock,USD,2021-11-11,2024-11-15
RCHG,NASDAQ,Stock,USD,2020-11-27,2022-10-05
RCHGU,NASDAQ,Stock,USD,2020-10-01,2022-10-05
RCHGW,NASDAQ,Stock,USD,2020-11-23,2022-10-05
RCI,NYSE,Stock,USD,1996-01-11,2026-06-17
RCKB,NASDAQ,Stock,USD,2005-08-17,2014-04-30
RCKT,NASDAQ,Stock,USD,2015-02-18,2026-06-17
RCKTW,NASDAQ,Stock,USD,2023-02-27,2026-06-17
RCKY,NASDAQ,Stock,USD,1993-02-03,2026-06-17
RCL,NYSE,Stock,USD,1993-04-28,2026-06-17
RCLFU,NASDAQ,Stock,USD,2021-02-12,2023-09-11
RCM,NASDAQ,Stock,USD,2016-01-04,2026-06-17
RCMT,NASDAQ,Stock,USD,1995-08-18,2026-06-17
RCON,NASDAQ,Stock,USD,2009-07-30,2026-06-17
RCOR-WS,AMEX,Stock,USD,2021-09-03,2022-12-05
RCP,NYSE,Stock,USD,2018-10-01,2021-03-25
RCPT,NASDAQ,Stock,USD,2013-05-09,2015-08-27
RCT,NASDAQ,Stock,USD,2025-03-21,2026-06-17
RCUS,NYSE,Stock,USD,2018-03-15,2026-06-17
RDA,NASDAQ,Stock,USD,2010-11-10,2014-07-18
RDAC,NASDAQ,Stock,USD,2024-12-02,2026-06-17
RDACR,NASDAQ,Stock,USD,2024-12-02,2026-06-17
RDACU,NASDAQ,Stock,USD,2024-10-11,2026-06-17
RDAG,NASDAQ,Stock,USD,2025-06-23,2026-06-17
RDAGU,NASDAQ,Stock,USD,2025-05-01,2026-06-17
RDAGW,NASDAQ,Stock,USD,2025-06-23,2026-06-17
RDBX,NASDAQ,Stock,USD,2020-12-10,2022-08-31
RDBXW,NASDAQ,Stock,USD,2020-12-09,2022-08-11
RDC,NYSE,Stock,USD,1983-04-06,2019-04-11
RDCM,NASDAQ,Stock,USD,1997-09-25,2026-06-17
RDDT,NYSE,Stock,USD,2024-03-21,2026-06-17
RDEN,NASDAQ,Stock,USD,1995-12-20,2016-09-08
RDFN,NASDAQ,Stock,USD,2017-07-28,2025-07-02
RDGT,NASDAQ,Stock,USD,2008-05-16,2026-06-17
RDHL,NASDAQ,Stock,USD,2013-01-07,2026-06-17
RDI,NASDAQ,Stock,USD,1992-03-17,2026-06-17
RDIB,NASDAQ,Stock,USD,2000-01-05,2026-06-17
RDN,NYSE,Stock,USD,1992-10-30,2026-06-17
RDNT,NASDAQ,Stock,USD,1997-01-03,2026-06-17
RDNW,NASDAQ,Stock,USD,2017-01-09,2026-06-17
RDS-A,NYSE,Stock,USD,2005-07-21,2022-01-31
RDS-B,NYSE,Stock,USD,1987-12-30,2022-01-28
RDUS,NASDAQ,Stock,USD,2014-06-06,2026-06-17
RDUS,NASDAQ,Stock,USD,1993-11-16,2025-07-10
RDVT,NASDAQ,Stock,USD,2018-03-26,2026-06-17
RDVTV,NASDAQ,Stock,USD,2018-03-26,2018-03-26
RDW,NYSE,Stock,USD,2021-09-02,2026-06-17
RDW-WS,NYSE,Stock,USD,2021-09-03,2025-03-21
RDW-WS,NYSE,Stock,USD,2021-09-03,2022-12-23
RDWR,NASDAQ,Stock,USD,1999-09-30,2026-06-17
RDY,NYSE,Stock,USD,2001-04-11,2026-06-17
RDZN,NASDAQ,Stock,USD,2023-09-21,2026-06-17
RDZNW,NASDAQ,Stock,USD,2022-01-13,2026-06-17
REA,AMEX,Stock,USD,2026-05-05,2026-06-17
REAL,NASDAQ,Stock,USD,2019-06-28,2026-06-17
REAX,NASDAQ,Stock,USD,2020-06-24,2026-06-17
REBN,NASDAQ,Stock,USD,2022-08-12,2026-06-17
RECT,NASDAQ,Stock,USD,2024-06-21,2026-06-17
REE,NASDAQ,Stock,USD,2021-07-23,2026-06-17
REEAW,NASDAQ,Stock,USD,2021-07-23,2022-10-07
REED,AMEX,Stock,USD,2007-05-01,2026-06-17
REEDD,AMEX,Stock,USD,2026-02-06,2026-06-17
REFI,NASDAQ,Stock,USD,2021-12-08,2026-06-17
REFR,NASDAQ,Stock,USD,1993-12-20,2026-06-17
REG,NASDAQ,Stock,USD,1993-10-29,2026-06-17
REG-P-G,NYSE,Stock,USD,1993-10-29,2017-08-22
REGCO,NASDAQ,Stock,USD,2023-08-22,2026-06-17
REGCP,NASDAQ,Stock,USD,2023-08-21,2026-06-17
REGI,NASDAQ,Stock,USD,2012-01-19,2022-09-08
REGN,NASDAQ,Stock,USD,1991-04-02,2026-06-17
REGS,NYSE,Stock,USD,2026-03-16,2026-06-17
REI,AMEX,Stock,USD,2007-04-10,2026-06-17
REIS,NASDAQ,Stock,USD,1995-08-18,2018-10-15
REKR,NASDAQ,Stock,USD,2017-08-29,2026-06-17
RELI,NASDAQ,Stock,USD,2016-02-02,2026-01-23
RELIW,NASDAQ,Stock,USD,2021-02-09,2026-01-23
RELL,NASDAQ,Stock,USD,1990-03-26,2026-06-17
RELX,NYSE,Stock,USD,1994-10-07,2026-06-17
RELY,NASDAQ,Stock,USD,2015-02-24,2017-11-27
RELY,NASDAQ,Stock,USD,2021-09-23,2026-06-17
REMC,NYSE,Stock,USD,2025-12-11,2026-06-17
REMY,NASDAQ,Stock,USD,2010-03-26,2015-11-11
REN,NYSE,Stock,USD,2007-10-08,2019-03-01
RENB,NASDAQ,Stock,USD,2025-09-29,2025-09-30
RENE,NASDAQ,Stock,USD,2022-07-08,2026-06-17
RENEU,NASDAQ,Stock,USD,2022-05-06,2026-06-17
RENT,NASDAQ,Stock,USD,1992-03-02,2016-02-08
RENT,NASDAQ,Stock,USD,2021-10-27,2026-06-17
RENX,NYSE,Stock,USD,1994-10-07,2018-09-07
RENX,NASDAQ,Stock,USD,2023-09-19,2026-06-17
REPHV,NASDAQ,Stock,USD,2019-11-14,2019-11-21
REPL,NASDAQ,Stock,USD,2018-07-20,2026-06-17
REPX,AMEX,Stock,USD,1998-12-28,2026-06-17
RERE,NYSE,Stock,USD,2021-06-18,2026-06-17
RES,NYSE,Stock,USD,1987-12-30,2026-06-17
RESI,NYSE,Stock,USD,2012-12-24,2021-01-11
RESM,NYSE,Stock,USD,2025-12-11,2026-06-17
RESN,NASDAQ,Stock,USD,2014-05-29,2022-03-28
REST,NASDAQ,Stock,USD,2006-05-17,2009-09-28
RETA,NASDAQ,Stock,USD,2016-05-26,2023-09-26
RETO,NASDAQ,Stock,USD,2024-08-12,2026-06-17
RETO,NASDAQ,Stock,USD,2017-11-29,2024-08-09
REUN,NASDAQ,Stock,USD,2021-07-29,2023-08-01
REUN,NASDAQ,Stock,USD,2020-10-07,2021-07-28
REVB,NASDAQ,Stock,USD,2020-11-17,2026-06-17
REVBU,NASDAQ,Stock,USD,2020-10-08,2023-01-13
REVBW,NASDAQ,Stock,USD,2020-11-16,2026-06-17
REVE,NASDAQ,Stock,USD,2021-10-22,2023-04-10
REVEU,NASDAQ,Stock,USD,2021-08-31,2023-04-10
REVEW,NASDAQ,Stock,USD,2021-10-22,2023-04-10
REVG,NYSE,Stock,USD,2017-01-27,2026-06-17
REVH,NASDAQ,Stock,USD,2021-05-12,2022-12-06
REVHU,NASDAQ,Stock,USD,2021-03-18,2022-12-06
REVHW,NASDAQ,Stock,USD,2021-05-11,2022-12-06
REX,NYSE,Stock,USD,1987-11-05,2026-06-17
REXI,NASDAQ,Stock,USD,2016-01-04,2016-09-09
REXR,NYSE,Stock,USD,2013-07-19,2026-06-17
REXR-P-A,NYSE,Stock,USD,2016-08-17,2021-08-13
REXR-P-B,NYSE,Stock,USD,2017-11-07,2026-06-17
REXR-P-C,NYSE,Stock,USD,2019-09-16,2026-06-17
REXX,NASDAQ,Stock,USD,2007-07-25,2018-05-21
REYN,NASDAQ,Stock,USD,2020-01-31,2026-06-17
REZI,NYSE,Stock,USD,2018-10-15,2026-06-17
RF,NYSE,Stock,USD,1990-03-26,2026-06-17
RF-P-A,NYSE,Stock,USD,2014-09-22,2021-06-14
RF-P-B,NYSE,Stock,USD,2014-09-22,2024-09-13
RF-P-C,NYSE,Stock,USD,2019-04-24,2026-06-17
RF-P-E,NYSE,Stock,USD,2021-04-27,2026-06-17
RF-P-F,NYSE,Stock,USD,2024-07-29,2026-06-17
RFAC,NASDAQ,Stock,USD,2022-04-20,2025-02-13
RFACR,NASDAQ,Stock,USD,2022-04-20,2025-02-13
RFACU,NASDAQ,Stock,USD,2022-03-24,2025-02-13
RFACW,NASDAQ,Stock,USD,2022-04-20,2025-02-13
RFAI,NASDAQ,Stock,USD,2024-07-05,2026-06-17
RFAIR,NASDAQ,Stock,USD,2024-07-05,2026-06-17
RFAIU,NASDAQ,Stock,USD,2024-05-17,2026-06-17
RFAM,NASDAQ,Stock,USD,2026-02-26,2026-06-17
RFAMR,NASDAQ,Stock,USD,2026-02-26,2026-06-17
RFAMU,NASDAQ,Stock,USD,2026-02-13,2026-06-17
RFIL,NASDAQ,Stock,USD,1997-05-28,2026-06-17
RFL,NYSE,Stock,USD,2018-03-26,2026-06-17
RFL-WS,NYSE,Stock,USD,2025-04-01,2025-12-09
RFM,NYSE,Stock,USD,2020-03-27,2026-06-17
RFMD,NASDAQ,Stock,USD,1997-06-03,2015-01-08
RFMZ,NYSE,Stock,USD,2021-02-24,2026-06-17
RFP,NYSE,Stock,USD,2010-12-10,2023-03-06
RFT,NYSE,Stock,USD,2014-04-17,2018-08-09
RGA,NYSE,Stock,USD,2008-09-12,2026-06-17
RGC,NYSE,Stock,USD,2002-05-09,2018-03-02
RGC,NASDAQ,Stock,USD,2021-07-16,2026-06-17
RGCO,NASDAQ,Stock,USD,1994-02-01,2026-06-17
RGDO,NASDAQ,Stock,USD,2013-08-22,2015-05-04
RGDX,NASDAQ,Stock,USD,2007-06-05,2015-07-02
RGEN,NASDAQ,Stock,USD,1990-03-26,2026-06-17
RGF,NASDAQ,Stock,USD,2021-11-05,2026-06-17
RGLD,NASDAQ,Stock,USD,1990-03-26,2026-06-17
RGLS,NASDAQ,Stock,USD,2012-10-09,2025-06-25
RGNT,AMEX,Stock,USD,2025-12-04,2026-06-17
RGNX,NASDAQ,Stock,USD,2015-09-17,2026-06-17
RGP,NASDAQ,Stock,USD,2000-12-15,2026-06-17
RGP,NYSE,Stock,USD,2006-01-31,2015-05-08
RGR,NYSE,Stock,USD,1990-03-26,2026-06-17
RGS,NASDAQ,Stock,USD,1991-06-21,2026-06-17
RGTI,NASDAQ,Stock,USD,2021-04-22,2026-06-17
RGTIW,NASDAQ,Stock,USD,2021-04-22,2026-06-17
RH,NYSE,Stock,USD,2012-11-02,2026-06-17
RHAYY,NYSE,Stock,USD,2007-09-28,2012-10-01
RHB,NYSE,Stock,USD,2011-05-31,2011-11-30
RHI,NYSE,Stock,USD,1992-03-10,2026-06-17
RHIEQ,NASDAQ,Stock,USD,2010-06-01,2011-04-04
RHLD,NYSE,Stock,USD,2025-02-28,2026-06-17
RHLDV,NASDAQ,Stock,USD,2025-02-20,2026-06-17
RHP,NYSE,Stock,USD,1991-10-24,2026-06-17
RHT,NYSE,Stock,USD,1999-08-11,2019-07-08
RIBB,NASDAQ,Stock,USD,2025-03-07,2026-06-17
RIBBR,NASDAQ,Stock,USD,2025-03-07,2026-06-17
RIBBU,NASDAQ,Stock,USD,2025-01-15,2026-06-17
RIBTW,NASDAQ,Stock,USD,2014-09-24,2018-12-11
RIC,NYSE,Stock,USD,1997-03-07,2017-11-22
RICE,NYSE,Stock,USD,2014-01-24,2017-11-14
RICE-U,NYSE,Stock,USD,2020-10-22,2021-09-15
RICK,NASDAQ,Stock,USD,1995-10-13,2026-06-17
RICO,NASDAQ,Stock,USD,2021-09-02,2022-06-28
RICOU,NASDAQ,Stock,USD,2021-07-08,2022-06-28
RICOW,NASDAQ,Stock,USD,2021-09-01,2022-06-28
RIDEW,NASDAQ,Stock,USD,2019-04-17,2021-01-15
RIG,NYSE,Stock,USD,1993-05-28,2026-06-17
RIGL,NASDAQ,Stock,USD,2000-11-29,2026-06-17
RIGP,NYSE,Stock,USD,2016-01-04,2016-12-19
RILY,NASDAQ,Stock,USD,2015-07-16,2026-06-17
RILYG,NASDAQ,Stock,USD,2021-12-06,2026-06-17
RILYG,NASDAQ,Stock,USD,2017-12-14,2021-07-23
RILYH,NASDAQ,Stock,USD,2018-05-18,2021-09-07
RILYI,NASDAQ,Stock,USD,2018-09-12,2021-10-21
RILYK,NASDAQ,Stock,USD,2021-03-30,2026-06-17
RILYL,NASDAQ,Stock,USD,2016-11-22,2026-06-17
RILYM,NASDAQ,Stock,USD,2020-02-13,2026-06-17
RILYN,NASDAQ,Stock,USD,2019-09-24,2026-06-17
RILYO,NASDAQ,Stock,USD,2019-05-08,2024-05-30
RILYP,NASDAQ,Stock,USD,2019-10-04,2026-06-17
RILYT,NASDAQ,Stock,USD,2021-01-26,2026-06-17
RILYZ,NASDAQ,Stock,USD,2021-08-09,2026-06-17
RILYZ,NASDAQ,Stock,USD,2017-06-01,2021-03-30
RIME,NASDAQ,Stock,USD,2016-01-06,2026-06-17
RIO,NYSE,Stock,USD,1990-06-28,2026-06-17
RIOT,NASDAQ,Stock,USD,2003-01-24,2026-06-17
RISE,NYSE,Stock,USD,2026-04-23,2026-06-17
RITM,NYSE,Stock,USD,2013-05-02,2026-06-17
RITM-P-A,NYSE,Stock,USD,2019-06-26,2026-06-17
RITM-P-B,NYSE,Stock,USD,2019-08-08,2026-06-17
RITM-P-C,NYSE,Stock,USD,2020-02-12,2026-06-17
RITM-P-D,NYSE,Stock,USD,2021-09-15,2026-06-17
RITM-P-E,NYSE,Stock,USD,2025-09-30,2026-06-17
RITM-P-F,NYSE,Stock,USD,2026-01-26,2026-06-17
RITR,NASDAQ,Stock,USD,2024-08-23,2026-06-17
RITTW,NASDAQ,Stock,USD,2016-01-04,2018-11-23
RIV-P-A,NYSE,Stock,USD,2022-05-04,2026-06-17
RIV-P-A,NYSE,Stock,USD,2022-04-18,2022-05-03
RIV-R,NYSE,Stock,USD,2018-10-03,2018-10-31
RIV-R,NYSE,Stock,USD,2019-09-30,2026-06-17
RIV-R-W,NYSE,Stock,USD,2021-09-30,2025-09-16
RIVE,NASDAQ,Stock,USD,2009-09-04,2021-11-30
RIVN,NASDAQ,Stock,USD,2021-11-10,2026-06-17
RIVR,NASDAQ,Stock,USD,2016-01-04,2016-03-08
RJAC,NYSE,Stock,USD,2022-01-31,2023-06-12
RJAC-U,NYSE,Stock,USD,2021-12-09,2023-06-12
RJD,NYSE,Stock,USD,2016-01-04,2017-02-14
RJET,NASDAQ,Stock,USD,2004-05-27,2016-03-07
RJET,NASDAQ,Stock,USD,2018-08-10,2026-06-17
RJF,NYSE,Stock,USD,1987-12-30,2026-06-17
RJF-P-A,NYSE,Stock,USD,2022-06-03,2023-03-31
RJF-P-B,NYSE,Stock,USD,2022-06-02,2025-12-31
RKDA,NASDAQ,Stock,USD,2015-05-15,2026-06-17
RKLB,NASDAQ,Stock,USD,2021-08-24,2026-06-17
RKLBW,NASDAQ,Stock,USD,2020-12-04,2022-02-28
RKLY,NYSE,Stock,USD,2021-08-12,2023-03-15
RKLY-WS,NYSE,Stock,USD,2021-08-12,2023-01-24
RKT,NYSE,Stock,USD,2020-08-06,2026-06-17
RKT,NYSE,Stock,USD,1994-03-03,2015-07-01
RKTA,NYSE,Stock,USD,2021-05-13,2023-03-24
RKTA-U,NYSE,Stock,USD,2021-03-23,2023-03-24
RKTO,NASDAQ,Stock,USD,2019-02-15,2026-06-17
RKUS,NYSE,Stock,USD,2012-11-15,2016-06-06
RL,NYSE,Stock,USD,1997-06-12,2026-06-17
RLAY,NASDAQ,Stock,USD,2020-07-16,2026-06-17
RLD,NYSE,Stock,USD,2010-07-15,2016-03-31
RLGT,AMEX,Stock,USD,2006-11-01,2026-06-17
RLGT-P-A-CL,AMEX,Stock,USD,2018-12-07,2018-12-07
RLGT-P-A-CL,AMEX,Stock,USD,2014-09-22,2018-12-20
RLH,NYSE,Stock,USD,1998-04-03,2021-03-17
RLI,NYSE,Stock,USD,1987-12-30,2026-06-17
RLJ,NYSE,Stock,USD,2011-05-11,2026-06-17
RLJ-P-A,NYSE,Stock,USD,2017-09-01,2026-06-17
RLJE,NASDAQ,Stock,USD,2011-04-08,2018-10-31
RLM,NASDAQ,Stock,USD,2018-09-05,2019-07-31
RLMD,NASDAQ,Stock,USD,2014-10-09,2026-06-17
RLOC,NASDAQ,Stock,USD,2010-05-19,2016-08-10
RLOG,NASDAQ,Stock,USD,2005-02-17,2018-01-30
RLOGQ,NASDAQ,Stock,USD,2004-11-17,2018-03-02
RLTY,NYSE,Stock,USD,2022-02-24,2026-06-17
RLX,NYSE,Stock,USD,2021-01-22,2026-06-17
RLYB,NASDAQ,Stock,USD,2021-07-29,2026-06-17
RLYP,NASDAQ,Stock,USD,2016-01-04,2016-09-02
RM,NYSE,Stock,USD,2012-03-28,2026-06-17
RMAX,NYSE,Stock,USD,2013-10-02,2026-06-17
RMBI,NASDAQ,Stock,USD,2019-07-02,2026-06-17
RMBS,NASDAQ,Stock,USD,1997-05-14,2026-06-17
RMCF,NASDAQ,Stock,USD,1993-11-09,2026-06-17
RMCO,NASDAQ,Stock,USD,2023-11-06,2026-06-17
RMCOW,NASDAQ,Stock,USD,2023-11-06,2026-06-17
RMD,NYSE,Stock,USD,1995-06-02,2026-06-17
RMG-U,NYSE,Stock,USD,2019-02-08,2020-12-29
RMGBU,NASDAQ,Stock,USD,2020-12-10,2021-08-23
RMGN,NASDAQ,Stock,USD,2011-06-17,2018-09-28
RMI,NYSE,Stock,USD,2018-10-26,2026-06-17
RMIX,NASDAQ,Stock,USD,2026-01-02,2026-06-17
RMM,NYSE,Stock,USD,2019-07-26,2026-06-17
RMMZ,NYSE,Stock,USD,2022-02-11,2026-06-17
RMNI,NASDAQ,Stock,USD,2015-08-28,2026-06-17
RMO,NYSE,Stock,USD,2019-04-01,2022-10-14
RMO-WS,NYSE,Stock,USD,2019-04-01,2021-04-01
RMO-WS,NYSE,Stock,USD,2020-12-30,2020-12-31
RMP,NYSE,Stock,USD,2014-12-17,2018-07-24
RMPL-P,NYSE,Stock,USD,2017-10-18,2024-10-30
RMR,NASDAQ,Stock,USD,2015-12-15,2026-06-17
RMSG,NASDAQ,Stock,USD,2024-11-20,2026-06-17
RMSGW,NASDAQ,Stock,USD,2024-11-20,2026-06-17
RMTI,NASDAQ,Stock,USD,1998-01-27,2026-06-17
RMTR,NASDAQ,Stock,USD,2006-12-28,2012-11-20
RNA,NASDAQ,Stock,USD,2026-02-27,2026-06-17
RNA,NASDAQ,Stock,USD,2020-06-12,2026-02-26
RNAC,NASDAQ,Stock,USD,2016-06-22,2026-06-17
RNAM,NASDAQ,Stock,USD,2013-06-28,2026-03-03
RNAZ,NASDAQ,Stock,USD,2021-07-08,2026-06-17
RNDB,NASDAQ,Stock,USD,2016-07-01,2022-10-07
RNDY,NYSE,Stock,USD,2012-02-08,2015-12-18
RNER,NASDAQ,Stock,USD,2022-01-03,2023-02-28
RNERU,NASDAQ,Stock,USD,2021-10-05,2023-02-28
RNERW,NASDAQ,Stock,USD,2022-01-03,2023-02-28
RNET,NASDAQ,Stock,USD,2010-12-15,2021-05-07
RNF,NYSE,Stock,USD,2011-11-03,2016-04-11
RNG,NYSE,Stock,USD,2013-09-27,2026-06-17
RNGR,NYSE,Stock,USD,2017-08-11,2026-06-17
RNGT,NASDAQ,Stock,USD,2025-11-24,2026-06-17
RNGTU,NASDAQ,Stock,USD,2025-10-03,2026-06-17
RNGTW,NASDAQ,Stock,USD,2025-11-24,2026-06-17
RNR,NYSE,Stock,USD,1995-07-27,2026-06-17
RNR-P-C,NYSE,Stock,USD,2014-09-22,2020-03-25
RNR-P-C-CL,NYSE,Stock,USD,2020-02-26,2020-03-25
RNR-P-E,NYSE,Stock,USD,2005-09-12,2021-08-10
RNR-P-F,NYSE,Stock,USD,2018-06-12,2026-06-17
RNR-P-G,NYSE,Stock,USD,2021-07-15,2026-06-17
RNR-P-G,NYSE,Stock,USD,2021-07-08,2021-07-14
RNST,NYSE,Stock,USD,1992-04-24,2026-06-17
RNTX,NASDAQ,Stock,USD,1986-03-12,2026-06-17
RNVAZ,NASDAQ,Stock,USD,2016-07-14,2017-10-24
RNW,NASDAQ,Stock,USD,2021-02-01,2026-06-17
RNWK,NASDAQ,Stock,USD,1997-11-21,2022-12-22
RNWWW,NASDAQ,Stock,USD,2021-02-01,2026-06-17
RNXT,NASDAQ,Stock,USD,2021-08-26,2026-06-17
ROAD,NASDAQ,Stock,USD,2018-05-04,2026-06-17
ROAN,NYSE,Stock,USD,2017-03-13,2019-12-06
ROC,NASDAQ,Stock,USD,2026-02-20,2026-06-17
ROC,NASDAQ,Stock,USD,2021-12-29,2023-06-20
ROC,NYSE,Stock,USD,2005-08-17,2015-01-12
ROCAR,NASDAQ,Stock,USD,2021-12-29,2023-06-20
ROCAU,NASDAQ,Stock,USD,2021-12-02,2023-06-20
ROCC,NASDAQ,Stock,USD,2016-11-15,2023-06-20
ROCCU,NASDAQ,Stock,USD,2020-12-11,2021-07-28
ROCGU,NASDAQ,Stock,USD,2021-08-06,2023-05-23
ROCK,NASDAQ,Stock,USD,1993-11-05,2026-06-17
ROCL,NASDAQ,Stock,USD,2022-01-06,2024-12-06
ROCLU,NASDAQ,Stock,USD,2021-12-01,2024-12-06
ROCLW,NASDAQ,Stock,USD,2022-01-05,2024-12-06
ROCR,NASDAQ,Stock,USD,2021-03-31,2022-02-14
ROCRU,NASDAQ,Stock,USD,2021-03-03,2022-02-14
ROG,NYSE,Stock,USD,1980-03-17,2026-06-17
ROH,NYSE,Stock,USD,2006-12-28,2009-04-01
ROI,NASDAQ,Stock,USD,2023-11-01,2024-02-27
ROIC,NASDAQ,Stock,USD,2009-11-03,2025-02-12
ROIQ,NASDAQ,Stock,USD,2014-02-04,2016-02-29
ROIQU,NASDAQ,Stock,USD,2013-09-17,2015-08-17
ROIQW,NASDAQ,Stock,USD,2012-05-29,2015-10-26
ROIV,NASDAQ,Stock,USD,2021-10-01,2026-06-17
ROIVW,NASDAQ,Stock,USD,2021-10-01,2023-09-01
ROK,NYSE,Stock,USD,1981-12-31,2026-06-17
ROKA,NASDAQ,Stock,USD,2014-07-17,2017-12-28
ROKU,NASDAQ,Stock,USD,2017-09-28,2026-06-17
ROL,NYSE,Stock,USD,1987-12-30,2026-06-17
ROLR,AMEX,Stock,USD,2024-10-23,2026-06-17
ROMA,NASDAQ,Stock,USD,2024-01-09,2026-06-17
ROMA,NASDAQ,Stock,USD,2006-12-28,2013-12-06
RONB,NYSE,Stock,USD,2025-12-15,2026-06-17
RONI-U,NYSE,Stock,USD,2021-06-16,2023-06-08
ROOT,NASDAQ,Stock,USD,2020-10-28,2026-06-17
ROP,NASDAQ,Stock,USD,1992-02-13,2026-06-17
ROSE,NASDAQ,Stock,USD,2021-12-06,2023-11-28
ROSEU,NASDAQ,Stock,USD,2021-10-14,2023-11-28
ROSEU,NASDAQ,Stock,USD,2016-03-11,2020-08-05
ROSEW,NASDAQ,Stock,USD,2016-03-29,2023-11-20
ROSG,NASDAQ,Stock,USD,2007-02-27,2018-05-21
ROSS,NYSE,Stock,USD,2021-05-03,2026-06-17
ROSS-U,NYSE,Stock,USD,2021-03-12,2026-06-17
ROSS-WS,NYSE,Stock,USD,2021-05-03,2026-06-17
ROST,NASDAQ,Stock,USD,1986-07-09,2026-06-17
ROT,NYSE,Stock,USD,2021-03-08,2021-09-24
ROT-U,NYSE,Stock,USD,2021-01-15,2021-09-24
ROVR,NASDAQ,Stock,USD,2021-02-01,2024-02-27
ROVRW,NASDAQ,Stock,USD,2021-02-04,2022-01-12
ROX,NYSE,Stock,USD,2006-04-07,2019-10-09
RP,NASDAQ,Stock,USD,2010-08-12,2021-04-22
RPAI,NYSE,Stock,USD,2012-04-09,2021-10-22
RPAI-P-A,NYSE,Stock,USD,2012-04-09,2017-12-19
RPAY,NASDAQ,Stock,USD,2018-07-17,2026-06-17
RPC,NYSE,Stock,USD,2021-10-21,2026-06-17
RPD,NASDAQ,Stock,USD,2015-07-17,2026-06-17
RPGL,NASDAQ,Stock,USD,2025-10-14,2026-06-17
RPHM,NASDAQ,Stock,USD,2021-04-08,2024-10-04
RPID,NASDAQ,Stock,USD,2021-07-15,2026-06-17
RPLA-U,NYSE,Stock,USD,2019-04-04,2021-04-01
RPM,NYSE,Stock,USD,1990-03-26,2026-06-17
RPRS,NASDAQ,Stock,USD,2001-01-02,2009-09-08
RPRX,NASDAQ,Stock,USD,1993-03-26,2018-01-31
RPRX,NASDAQ,Stock,USD,2020-06-16,2026-06-17
RPRXW,NASDAQ,Stock,USD,2016-01-08,2016-02-11
RPRXZ,NASDAQ,Stock,USD,2016-01-04,2016-02-04
RPT,NYSE,Stock,USD,2015-02-13,2026-06-17
RPT,NYSE,Stock,USD,1988-12-28,2024-01-02
RPT-P-C,NYSE,Stock,USD,2025-03-12,2026-06-17
RPT-P-D,NYSE,Stock,USD,2014-09-25,2024-01-02
RPTP,NASDAQ,Stock,USD,2006-10-03,2016-10-26
RPTX,NASDAQ,Stock,USD,2020-06-19,2026-01-28
RPXC,NASDAQ,Stock,USD,2011-05-04,2018-06-20
RQI-R,NYSE,Stock,USD,2020-01-16,2020-02-12
RR,NASDAQ,Stock,USD,2023-11-17,2026-06-17
RRBI,NASDAQ,Stock,USD,2019-05-03,2026-06-17
RRC,NYSE,Stock,USD,1992-12-28,2026-06-17
RRD,NASDAQ,Stock,USD,1985-07-01,2022-02-25
RRD-W,NYSE,Stock,USD,2016-09-29,2016-10-07
RREV,NASDAQ,Stock,USD,2026-05-20,2026-06-17
RREVU,NASDAQ,Stock,USD,2026-04-30,2026-06-17
RREVW,NASDAQ,Stock,USD,2026-05-20,2026-06-17
RRGB,NASDAQ,Stock,USD,2002-07-19,2026-06-17
RRM,NASDAQ,Stock,USD,2016-01-04,2016-07-07
RRMS,NYSE,Stock,USD,2011-12-08,2016-10-10
RRR,NASDAQ,Stock,USD,2016-04-27,2026-06-17
RRTS-R,NYSE,Stock,USD,2019-02-06,2019-02-15
RRX,NYSE,Stock,USD,1983-12-01,2026-06-17
RS,NYSE,Stock,USD,1994-09-16,2026-06-17
RSE,NYSE,Stock,USD,2011-12-27,2016-07-14
RSF-R,NYSE,Stock,USD,2023-01-12,2026-06-17
RSF-R-W,NYSE,Stock,USD,2023-01-05,2025-06-06
RSG,NYSE,Stock,USD,1998-07-01,2026-06-17
RSH,NYSE,Stock,USD,1982-01-04,2015-02-02
RSI,NYSE,Stock,USD,2020-04-23,2026-06-17
RSI-WS,NYSE,Stock,USD,2020-05-08,2021-03-23
RSKD,NYSE,Stock,USD,2021-07-29,2026-06-17
RSO,NYSE,Stock,USD,2006-02-07,2018-05-25
RSO-P-A,NYSE,Stock,USD,2014-09-22,2018-01-30
RSO-P-B,NYSE,Stock,USD,2014-09-22,2018-03-23
RSO-P-C,NYSE,Stock,USD,2014-09-22,2018-05-29
RSPP,NYSE,Stock,USD,2014-01-17,2018-07-19
RSSS,NASDAQ,Stock,USD,2013-09-18,2026-06-17
RST,NYSE,Stock,USD,2009-04-16,2020-10-26
RSTI,NASDAQ,Stock,USD,1996-09-26,2016-11-08
RSTN,NASDAQ,Stock,USD,2024-08-08,2024-09-03
RSVAU,NASDAQ,Stock,USD,2020-12-02,2021-07-14
RSVR,NASDAQ,Stock,USD,2021-01-05,2026-06-17
RSVRW,NASDAQ,Stock,USD,2021-01-07,2026-06-17
RSYS,NASDAQ,Stock,USD,1995-10-20,2018-12-11
RT,NYSE,Stock,USD,1990-03-26,2017-12-22
RTAC,NASDAQ,Stock,USD,2025-06-09,2026-06-17
RTACU,NASDAQ,Stock,USD,2025-05-15,2026-06-17
RTACW,NASDAQ,Stock,USD,2025-06-09,2026-06-17
RTB,NASDAQ,Stock,USD,2010-01-20,2026-06-17
RTCJF,NASDAQ,Stock,USD,2022-12-30,2025-08-15
RTEC,NYSE,Stock,USD,1999-11-12,2019-10-25
RTI,NYSE,Stock,USD,1990-04-12,2015-07-22
RTIX,NASDAQ,Stock,USD,2000-08-10,2020-07-22
RTK,NASDAQ,Stock,USD,1999-04-05,2017-10-13
RTKHQ,NASDAQ,Stock,USD,1993-07-20,2018-04-17
RTL,NASDAQ,Stock,USD,2018-07-19,2023-09-12
RTLPO,NASDAQ,Stock,USD,2020-12-15,2023-09-12
RTLPP,NASDAQ,Stock,USD,2019-03-22,2023-09-12
RTLR,NASDAQ,Stock,USD,2019-05-23,2022-09-08
RTLX,NASDAQ,Stock,USD,2006-12-28,2013-02-12
RTN,NYSE,Stock,USD,1981-12-31,2020-04-03
RTO,NYSE,Stock,USD,2007-07-13,2026-06-17
RTP-U,NYSE,Stock,USD,2020-09-17,2021-08-10
RTPYU,NASDAQ,Stock,USD,2021-03-16,2021-11-03
RTPZ,NYSE,Stock,USD,2021-01-11,2021-08-02
RTPZ-U,NYSE,Stock,USD,2020-11-19,2021-08-02
RTW,NYSE,Stock,USD,2004-10-07,2020-07-06
RTX,NYSE,Stock,USD,1970-01-02,2026-06-17
RUBI,NASDAQ,Stock,USD,2014-04-02,2025-08-05
RUBI,NASDAQ,Stock,USD,2025-08-04,2026-06-17
RUE,NASDAQ,Stock,USD,2009-11-13,2013-10-18
RUHN,NASDAQ,Stock,USD,2019-04-03,2021-04-20
RUK,NYSE,Stock,USD,1994-10-07,2015-07-01
RUM,AMEX,Stock,USD,2022-09-16,2022-12-23
RUM,NASDAQ,Stock,USD,2021-04-14,2026-06-17
RUMBW,NASDAQ,Stock,USD,2021-04-15,2022-12-23
RUMBW,NASDAQ,Stock,USD,2022-09-19,2026-06-17
RUN,NASDAQ,Stock,USD,2015-08-05,2026-06-17
RUSHA,NASDAQ,Stock,USD,2002-07-10,2026-06-17
RUSHB,NASDAQ,Stock,USD,1996-06-10,2026-06-17
RUTH,NASDAQ,Stock,USD,2005-08-09,2023-06-14
RVAC,NASDAQ,Stock,USD,2021-10-19,2022-08-26
RVACU,NASDAQ,Stock,USD,2021-08-06,2022-08-26
RVACW,NASDAQ,Stock,USD,2021-10-12,2022-08-26
RVBD,NASDAQ,Stock,USD,2006-09-21,2015-04-24
RVEN,NASDAQ,Stock,USD,2014-11-10,2019-11-04
RVI,NYSE,Stock,USD,2026-03-06,2026-06-17
RVI,NYSE,Stock,USD,2018-06-26,2023-04-04
RVLV,NYSE,Stock,USD,2019-06-07,2026-06-17
RVM,NYSE,Stock,USD,2006-11-24,2015-06-23
RVMD,NASDAQ,Stock,USD,2020-02-13,2026-06-17
RVMDW,NASDAQ,Stock,USD,2023-11-17,2026-06-17
RVNC,NASDAQ,Stock,USD,2014-02-06,2026-06-17
RVP,AMEX,Stock,USD,2001-05-04,2026-06-17
RVPHW,NASDAQ,Stock,USD,2018-10-18,2025-12-12
RVR,NYSE,Stock,USD,2007-01-19,2013-02-14
RVSB,NASDAQ,Stock,USD,1993-10-25,2026-06-17
RVSN,NASDAQ,Stock,USD,2022-03-31,2026-06-17
RVSNW,NASDAQ,Stock,USD,2022-03-31,2026-06-17
RVTY,NYSE,Stock,USD,1983-04-06,2026-06-17
RVYL,NASDAQ,Stock,USD,2022-10-24,2026-05-12
RWAY,NASDAQ,Stock,USD,2021-10-21,2026-06-17
RWAYI,NASDAQ,Stock,USD,2026-02-04,2026-06-17
RWAYL,NASDAQ,Stock,USD,2022-08-01,2026-06-17
RWAYZ,NASDAQ,Stock,USD,2022-12-08,2026-06-17
RWC,NYSE,Stock,USD,1984-09-07,2018-06-04
RWGE,NYSE,Stock,USD,2018-01-22,2019-12-13
RWGE-U,NYSE,Stock,USD,2017-12-01,2019-12-13
RWGE-WS,NYSE,Stock,USD,2018-01-22,2019-12-13
RWODR,NASDAQ,Stock,USD,2022-05-02,2024-06-21
RWODU,NASDAQ,Stock,USD,2022-03-31,2024-06-21
RWT,NYSE,Stock,USD,1995-08-04,2026-06-17
RWT-P-A,NYSE,Stock,USD,2023-01-11,2026-06-17
RWTN,NYSE,Stock,USD,2024-02-02,2026-06-17
RWTO,NYSE,Stock,USD,2024-06-25,2026-06-17
RWTP,NYSE,Stock,USD,2025-01-30,2026-06-17
RWTQ,NYSE,Stock,USD,2025-11-25,2026-06-17
RWTS,NYSE,Stock,USD,2026-05-29,2026-06-17
RXDX,NASDAQ,Stock,USD,2014-01-29,2018-02-08
RXDX,NASDAQ,Stock,USD,2021-03-12,2023-06-16
RXN-P-A,NYSE,Stock,USD,2016-12-02,2019-11-14
RXN-W,NYSE,Stock,USD,2021-09-30,2021-10-04
RXO,NYSE,Stock,USD,2022-10-27,2026-06-17
RXO-W,NYSE,Stock,USD,2022-10-27,2022-10-31
RXRA,NASDAQ,Stock,USD,2021-04-29,2022-12-20
RXRAU,NASDAQ,Stock,USD,2021-03-04,2022-12-20
RXRAW,NASDAQ,Stock,USD,2021-05-03,2022-12-20
RXRX,NASDAQ,Stock,USD,2021-04-16,2026-06-17
RXST,NASDAQ,Stock,USD,2021-07-30,2026-06-17
RXT,NASDAQ,Stock,USD,2020-08-05,2026-06-17
RY,NYSE,Stock,USD,1995-10-16,2026-06-17
RY-P-S,NYSE,Stock,USD,1995-10-16,2017-11-10
RY-P-T,NYSE,Stock,USD,2015-11-02,2023-11-06
RYAAY,NASDAQ,Stock,USD,1997-06-02,2026-06-17
RYAM,NYSE,Stock,USD,2014-06-16,2026-06-17
RYAM-P-A,NYSE,Stock,USD,2016-08-05,2019-08-14
RYAN,NYSE,Stock,USD,2021-07-22,2026-06-17
RYCE,NYSE,Stock,USD,2012-10-10,2020-08-18
RYDE,AMEX,Stock,USD,2024-03-06,2026-06-17
RYET,NASDAQ,Stock,USD,2025-04-08,2026-06-17
RYI,NYSE,Stock,USD,2014-08-08,2026-02-23
RYL,NYSE,Stock,USD,1987-12-30,2015-09-30
RYM,NASDAQ,Stock,USD,2021-01-28,2026-06-17
RYN,NYSE,Stock,USD,1994-02-17,2026-06-17
RYOJ,NASDAQ,Stock,USD,2025-08-14,2026-06-17
RYTM,NASDAQ,Stock,USD,2017-10-05,2026-06-17
RYZ,NYSE,Stock,USD,2026-02-24,2026-06-17
RYZB,NASDAQ,Stock,USD,2023-09-14,2026-06-17
RZA,NYSE,Stock,USD,2012-08-24,2023-01-09
RZB,NYSE,Stock,USD,2016-06-13,2026-06-17
RZC,NYSE,Stock,USD,2022-10-07,2026-06-17
RZLT,NASDAQ,Stock,USD,2014-05-01,2026-06-17
RZLV,NASDAQ,Stock,USD,2024-08-16,2026-06-17
RZLVW,NASDAQ,Stock,USD,2024-08-16,2026-06-17
S,NYSE,Stock,USD,1984-11-08,2020-04-01
S,NYSE,Stock,USD,2021-06-30,2026-06-17
SA,NYSE,Stock,USD,2004-04-20,2026-06-17
SAAQ,NASDAQ,Stock,USD,2026-03-23,2026-06-17
SAAQU,NASDAQ,Stock,USD,2026-01-28,2026-06-17
SAAQW,NASDAQ,Stock,USD,2026-03-23,2026-06-17
SAAS,NASDAQ,Stock,USD,2004-07-14,2016-11-15
SAB,NYSE,Stock,USD,2016-12-27,2020-02-10
SAB-CL,NYSE,Stock,USD,2020-01-09,2020-02-06
SABA,NASDAQ,Stock,USD,2013-04-09,2015-02-18
SABR,NASDAQ,Stock,USD,2014-04-17,2026-06-17
SABRP,NASDAQ,Stock,USD,2020-08-20,2023-08-31
SABS,NASDAQ,Stock,USD,2021-02-09,2026-06-17
SABSW,NASDAQ,Stock,USD,2021-02-09,2026-06-17
SAC,NYSE,Stock,USD,2026-01-26,2026-06-17
SAC-U,NYSE,Stock,USD,2025-12-04,2026-06-17
SAC-WS,NYSE,Stock,USD,2026-01-26,2026-06-17
SACC,AMEX,Stock,USD,2019-11-12,2026-06-17
SACH,AMEX,Stock,USD,2017-02-10,2026-06-17
SACH-P-A,AMEX,Stock,USD,2021-07-06,2026-06-17
SAF,NYSE,Stock,USD,2018-08-29,2021-08-30
SAFE,NYSE,Stock,USD,1989-11-16,2023-03-30
SAFE,NYSE,Stock,USD,2017-06-22,2026-06-17
SAFM,NASDAQ,Stock,USD,1989-12-20,2022-09-08
SAFT,NASDAQ,Stock,USD,2002-11-22,2026-06-17
SAFX,NASDAQ,Stock,USD,2025-01-02,2026-06-17
SAGA,NASDAQ,Stock,USD,2022-02-10,2024-03-14
SAGAR,NASDAQ,Stock,USD,2022-02-10,2024-03-08
SAGAU,NASDAQ,Stock,USD,2021-12-21,2024-03-14
SAGE,NASDAQ,Stock,USD,2014-07-18,2025-07-31
SAGT,NASDAQ,Stock,USD,2025-03-07,2026-06-17
SAGU,NYSE,Stock,USD,2026-05-22,2026-06-17
SAGU-R,NYSE,Stock,USD,2026-05-22,2026-06-17
SAGU-U,NYSE,Stock,USD,2026-05-07,2026-06-17
SAGU-WS,NYSE,Stock,USD,2026-05-22,2026-06-17
SAH,NYSE,Stock,USD,1997-11-12,2026-06-17
SAIA,NASDAQ,Stock,USD,2002-09-12,2026-06-17
SAIC,NASDAQ,Stock,USD,2013-09-16,2026-06-17
SAIH,NASDAQ,Stock,USD,2021-06-28,2026-06-17
SAIHW,NASDAQ,Stock,USD,2021-06-28,2026-06-17
SAII,NASDAQ,Stock,USD,2020-10-06,2021-08-18
SAIIU,NASDAQ,Stock,USD,2020-09-15,2021-08-13
SAIIW,NASDAQ,Stock,USD,2020-10-06,2021-08-13
SAIL,NASDAQ,Stock,USD,2025-02-13,2026-06-17
SAIL,NYSE,Stock,USD,2017-11-17,2022-08-16
SAJ,NYSE,Stock,USD,2022-11-03,2026-06-17
SAJA,NASDAQ,Stock,USD,2005-10-27,2017-07-27
SAK,NYSE,Stock,USD,2020-06-30,2022-07-13
SAL,NASDAQ,Stock,USD,1998-08-25,2023-08-24
SALE,NASDAQ,Stock,USD,2013-07-19,2017-05-24
SAM,NYSE,Stock,USD,1995-11-21,2026-06-17
SAMA,NASDAQ,Stock,USD,2019-01-09,2020-12-18
SAMA,NASDAQ,Stock,USD,2021-11-29,2023-10-11
SAMAU,NASDAQ,Stock,USD,2018-12-11,2020-12-18
SAMAU,NASDAQ,Stock,USD,2021-10-08,2023-10-11
SAMAW,NASDAQ,Stock,USD,2021-11-29,2023-10-11
SAMAW,NASDAQ,Stock,USD,2019-01-09,2020-12-18
SAMG,NASDAQ,Stock,USD,2013-06-27,2026-06-17
SAN,NYSE,Stock,USD,1988-01-05,2026-06-17
SAN-P-A,NYSE,Stock,USD,2014-09-22,2018-05-18
SAN-P-B,NYSE,Stock,USD,2014-09-22,2020-12-04
SAN-P-C,NYSE,Stock,USD,2014-09-22,2018-04-27
SAN-P-I,NYSE,Stock,USD,2014-09-22,2018-06-11
SANA,NASDAQ,Stock,USD,2021-02-04,2026-06-17
SANB,NASDAQ,Stock,USD,2021-11-09,2022-10-20
SANBU,NASDAQ,Stock,USD,2021-10-15,2022-10-20
SANBW,NASDAQ,Stock,USD,2021-11-09,2022-10-20
SAND,NYSE,Stock,USD,2009-05-29,2025-10-17
SANG,NASDAQ,Stock,USD,2007-07-13,2021-11-24
SANG,NASDAQ,Stock,USD,2021-11-08,2026-06-17
SANM,NASDAQ,Stock,USD,1993-06-22,2026-06-17
SAP,NYSE,Stock,USD,1995-09-18,2026-06-17
SAPE,NASDAQ,Stock,USD,1996-04-04,2015-02-05
SAQ,NYSE,Stock,USD,2016-01-04,2016-12-29
SAQ-CL,NYSE,Stock,USD,2016-12-22,2017-01-12
SAQNU,NASDAQ,Stock,USD,2019-11-20,2020-10-14
SAR,NYSE,Stock,USD,2007-03-27,2026-06-17
SARO,NYSE,Stock,USD,2024-10-02,2026-06-17
SASI,NASDAQ,Stock,USD,2010-09-20,2024-03-12
SASR,NASDAQ,Stock,USD,1996-04-17,2026-06-17
SAT,NYSE,Stock,USD,2022-05-03,2026-06-17
SATA,NASDAQ,Stock,USD,2025-11-10,2026-06-17
SATCQ,NASDAQ,Stock,USD,2016-01-04,2016-08-01
SATL,NASDAQ,Stock,USD,2021-03-26,2026-06-17
SATLW,NASDAQ,Stock,USD,2021-03-25,2026-06-17
SATS,NASDAQ,Stock,USD,2008-01-02,2026-06-17
SATX-WS-A,AMEX,Stock,USD,2022-10-28,2026-06-17
SAUC,NASDAQ,Stock,USD,2015-11-09,2020-02-25
SAV,NYSE,Stock,USD,2026-02-11,2026-06-17
SAVA,NASDAQ,Stock,USD,2026-05-28,2026-06-17
SAVAW,NASDAQ,Stock,USD,2024-01-04,2024-05-06
SAY,NYSE,Stock,USD,2022-12-16,2026-06-17
SAZ,NYSE,Stock,USD,2023-04-24,2026-06-17
SB,NYSE,Stock,USD,2008-05-30,2026-06-17
SB-P-B,NYSE,Stock,USD,2013-06-19,2018-02-16
SB-P-C,NYSE,Stock,USD,2014-09-22,2026-06-17
SB-P-D,NYSE,Stock,USD,2014-09-22,2026-06-17
SBAC,NASDAQ,Stock,USD,1999-06-16,2026-06-17
SBAR,NYSE,Stock,USD,2025-04-15,2026-06-17
SBBC,NYSE,Stock,USD,2017-04-11,2019-03-19
SBBP,NASDAQ,Stock,USD,2015-10-16,2021-10-05
SBBX,NASDAQ,Stock,USD,1998-02-20,2020-07-31
SBC,NASDAQ,Stock,USD,2024-09-18,2026-06-17
SBCF,NASDAQ,Stock,USD,1990-03-26,2026-06-17
SBCP,NASDAQ,Stock,USD,2014-07-15,2018-01-02
SBCWW,NASDAQ,Stock,USD,2022-09-26,2026-06-17
SBE-U,NYSE,Stock,USD,2019-07-26,2021-02-26
SBEAU,NASDAQ,Stock,USD,2021-02-26,2022-02-09
SBET,NASDAQ,Stock,USD,1997-05-21,2024-02-13
SBET,NASDAQ,Stock,USD,2024-02-13,2026-06-17
SBEV,AMEX,Stock,USD,2019-02-05,2026-06-17
SBFG,NASDAQ,Stock,USD,1999-01-04,2026-06-17
SBFGP,NASDAQ,Stock,USD,2015-02-02,2019-12-26
SBFM,NASDAQ,Stock,USD,2009-10-30,2026-06-17
SBFMW,NASDAQ,Stock,USD,2022-02-15,2026-06-17
SBG-U,NYSE,Stock,USD,2020-09-15,2021-07-15
SBG-WS,NYSE,Stock,USD,2020-11-05,2021-05-19
SBGI,NASDAQ,Stock,USD,1995-06-07,2026-06-17
SBGL-R,NYSE,Stock,USD,2017-05-25,2017-05-31
SBGL-R-W,NYSE,Stock,USD,2017-05-18,2017-05-24
SBH,NYSE,Stock,USD,2006-11-17,2026-06-17
SBII,NYSE,Stock,USD,2021-04-30,2022-11-29
SBII-U,NYSE,Stock,USD,2021-03-10,2022-11-29
SBKC,NASDAQ,Stock,USD,2006-12-28,2009-07-24
SBLK,NASDAQ,Stock,USD,2006-02-27,2026-06-17
SBLKL,NASDAQ,Stock,USD,2014-11-07,2018-01-25
SBLKZ,NASDAQ,Stock,USD,2017-11-13,2021-07-27
SBMT,AMEX,Stock,USD,2026-04-30,2026-06-17
SBNA,NYSE,Stock,USD,2014-05-20,2020-05-14
SBNB,NYSE,Stock,USD,2014-11-06,2017-10-16
SBNYW,NASDAQ,Stock,USD,2010-03-11,2018-12-12
SBOW,NYSE,Stock,USD,2016-05-03,2024-07-30
SBR,NYSE,Stock,USD,1987-12-30,2026-06-17
SBRA,NASDAQ,Stock,USD,2002-04-02,2026-06-17
SBRAP,NASDAQ,Stock,USD,2013-03-21,2018-05-31
SBS,NYSE,Stock,USD,2002-05-10,2026-06-17
SBSI,NYSE,Stock,USD,1998-05-13,2026-06-17
SBSW,NYSE,Stock,USD,2013-02-11,2026-06-17
SBT,NASDAQ,Stock,USD,2017-11-16,2026-06-17
SBUFQ,NASDAQ,Stock,USD,2001-01-02,2011-07-05
SBUX,NASDAQ,Stock,USD,1992-06-26,2026-06-17
SBX,NASDAQ,Stock,USD,2008-11-06,2013-02-07
SBXC,NYSE,Stock,USD,2023-05-01,2024-11-04
SBXC-U,NYSE,Stock,USD,2023-02-28,2024-11-04
SBXC-WS,NYSE,Stock,USD,2023-05-01,2024-11-04
SBXD,NYSE,Stock,USD,2024-10-07,2026-06-17
SBXD-U,NYSE,Stock,USD,2024-08-16,2026-06-17
SBXD-WS,NYSE,Stock,USD,2024-10-08,2026-06-17
SBXE,NYSE,Stock,USD,2026-01-23,2026-06-17
SBXE-U,NYSE,Stock,USD,2025-12-03,2026-06-17
SBXE-WS,NYSE,Stock,USD,2026-01-23,2026-06-17
SBY,NYSE,Stock,USD,2012-12-17,2017-08-17
SC,NYSE,Stock,USD,2014-01-23,2022-01-28
SCA,NASDAQ,Stock,USD,2017-08-25,2026-06-17
SCAC,NASDAQ,Stock,USD,2016-11-15,2019-03-29
SCACU,NASDAQ,Stock,USD,2016-09-16,2019-03-29
SCACW,NASDAQ,Stock,USD,2016-11-15,2019-03-29
SCAG,NASDAQ,Stock,USD,2025-06-27,2026-06-17
SCAGW,NASDAQ,Stock,USD,2025-06-30,2026-06-17
SCAI,NASDAQ,Stock,USD,2016-01-04,2017-04-03
SCAQ,NASDAQ,Stock,USD,2021-05-03,2023-07-13
SCAQU,NASDAQ,Stock,USD,2021-03-12,2023-07-13
SCAQW,NASDAQ,Stock,USD,2021-05-03,2023-07-13
SCBT,NASDAQ,Stock,USD,1997-01-28,2014-06-27
SCCC,NYSE,Stock,USD,2020-09-10,2026-06-17
SCCD,AMEX,Stock,USD,2021-12-22,2026-06-17
SCCE,AMEX,Stock,USD,2022-03-10,2026-06-17
SCCF,AMEX,Stock,USD,2022-05-12,2026-06-17
SCCO,NYSE,Stock,USD,1996-01-05,2026-06-17
SCD-R,NYSE,Stock,USD,2025-06-17,2025-07-10
SCD-R-W,NYSE,Stock,USD,2025-06-13,2025-06-16
SCDL,NYSE,Stock,USD,2021-02-05,2026-06-17
SCE--P-D,NYSE,Stock,USD,2014-09-22,2020-09-25
SCE-P-F,NYSE,Stock,USD,2014-09-22,2017-07-17
SCE-P-F-CL,NYSE,Stock,USD,2017-07-10,2017-07-18
SCE-P-G,NYSE,Stock,USD,2014-09-22,2026-06-17
SCE-P-H,NYSE,Stock,USD,2014-09-22,2024-11-27
SCE-P-J,NYSE,Stock,USD,2015-08-26,2025-12-17
SCE-P-K,NYSE,Stock,USD,2016-03-10,2026-03-17
SCE-P-L,NYSE,Stock,USD,2017-06-20,2026-06-17
SCE-P-M,NYSE,Stock,USD,2023-12-01,2026-06-17
SCE-P-N,NYSE,Stock,USD,2024-05-09,2026-06-17
SCG,NYSE,Stock,USD,1987-12-30,2018-12-31
SCHL,NASDAQ,Stock,USD,1992-02-25,2026-06-17
SCHW,NYSE,Stock,USD,1989-06-30,2026-06-17
SCHW-P-B,NYSE,Stock,USD,1987-09-22,2017-11-28
SCHW-P-D,NYSE,Stock,USD,2016-03-09,2026-06-17
SCHW-P-J,NYSE,Stock,USD,2021-03-24,2026-06-17
SCI,NYSE,Stock,USD,1987-07-23,2026-06-17
SCII,NASDAQ,Stock,USD,2026-01-20,2026-06-17
SCIIR,NASDAQ,Stock,USD,2026-01-20,2026-06-17
SCIIU,NASDAQ,Stock,USD,2025-11-26,2026-06-17
SCKT,NASDAQ,Stock,USD,1995-06-07,2026-06-17
SCL,NYSE,Stock,USD,1992-03-17,2026-06-17
SCLE,NASDAQ,Stock,USD,2021-04-06,2022-12-09
SCLEU,NASDAQ,Stock,USD,2021-02-12,2022-12-09
SCLEW,NASDAQ,Stock,USD,2021-04-08,2022-12-09
SCLN,NASDAQ,Stock,USD,1992-03-17,2017-10-20
SCLX,NASDAQ,Stock,USD,2021-03-05,2026-06-17
SCLXW,NASDAQ,Stock,USD,2021-03-08,2026-06-17
SCM,NYSE,Stock,USD,2012-11-08,2026-06-17
SCMA,NASDAQ,Stock,USD,2021-12-27,2023-02-02
SCMAU,NASDAQ,Stock,USD,2021-10-28,2023-02-02
SCMAW,NASDAQ,Stock,USD,2021-12-22,2023-02-02
SCMP,NASDAQ,Stock,USD,2007-08-02,2018-02-13
SCMR,NASDAQ,Stock,USD,2016-01-04,2016-11-30
SCNB,NASDAQ,Stock,USD,2016-01-04,2017-04-10
SCNI,NASDAQ,Stock,USD,2015-05-12,2026-06-17
SCNX,NASDAQ,Stock,USD,2010-04-27,2026-06-17
SCOA,NASDAQ,Stock,USD,2021-02-08,2022-12-21
SCOAU,NASDAQ,Stock,USD,2020-12-17,2022-12-21
SCOAW,NASDAQ,Stock,USD,2021-02-08,2022-12-21
SCOB,NASDAQ,Stock,USD,2021-04-06,2023-02-10
SCOBU,NASDAQ,Stock,USD,2021-02-10,2023-02-10
SCOBW,NASDAQ,Stock,USD,2021-04-08,2023-02-10
SCOP,NYSE,Stock,USD,2026-05-04,2026-06-17
SCOR,NASDAQ,Stock,USD,2007-06-27,2026-06-17
SCPE,NYSE,Stock,USD,2019-09-05,2021-08-11
SCPE-U,NYSE,Stock,USD,2019-07-12,2021-08-11
SCPE-WS,NYSE,Stock,USD,2019-09-05,2021-08-11
SCPH,NASDAQ,Stock,USD,2017-11-17,2025-10-07
SCPL,NASDAQ,Stock,USD,2019-05-03,2023-10-23
SCPQ,NASDAQ,Stock,USD,2026-02-12,2026-06-17
SCPQU,NASDAQ,Stock,USD,2025-12-23,2026-06-17
SCPQW,NASDAQ,Stock,USD,2026-02-12,2026-06-17
SCQ,NYSE,Stock,USD,2014-05-16,2017-09-19
SCR,NASDAQ,Stock,USD,2021-11-18,2021-11-22
SCRM,NASDAQ,Stock,USD,2022-03-01,2024-05-13
SCRMU,NASDAQ,Stock,USD,2022-01-06,2024-05-13
SCRMW,NASDAQ,Stock,USD,2022-02-28,2024-05-13
SCS,NYSE,Stock,USD,1998-02-18,2025-12-09
SCSC,NASDAQ,Stock,USD,1994-03-18,2026-06-17
SCTL,NASDAQ,Stock,USD,2014-03-07,2024-04-08
SCU,NYSE,Stock,USD,2009-12-01,2015-01-08
SCU,NYSE,Stock,USD,2007-11-14,2023-11-17
SCUA,NYSE,Stock,USD,2022-01-31,2023-06-08
SCUA-U,NYSE,Stock,USD,2021-12-09,2023-06-08
SCUA-WS,NYSE,Stock,USD,2022-01-31,2023-06-08
SCWO,NASDAQ,Stock,USD,2006-06-30,2026-06-17
SCWX,NASDAQ,Stock,USD,2016-04-22,2025-02-03
SCX,NYSE,Stock,USD,1987-12-30,2024-05-28
SCY,NYSE,Stock,USD,2024-12-03,2025-05-23
SCYX,NASDAQ,Stock,USD,2014-05-02,2026-06-17
SCZM,NASDAQ,Stock,USD,2026-01-21,2026-06-17
SD,NYSE,Stock,USD,2016-10-04,2026-06-17
SD1,NYSE,Stock,USD,2007-11-06,2016-01-06
SDA,NASDAQ,Stock,USD,2023-05-17,2026-06-17
SDAC,NASDAQ,Stock,USD,2021-03-30,2023-07-21
SDACU,NASDAQ,Stock,USD,2021-02-05,2023-07-21
SDACW,NASDAQ,Stock,USD,2021-03-30,2023-07-21
SDAWW,NASDAQ,Stock,USD,2021-04-16,2026-06-17
SDBT,NASDAQ,Stock,USD,2007-11-01,2013-07-03
SDEV,AMEX,Stock,USD,2007-10-26,2026-06-17
SDGR,NASDAQ,Stock,USD,2020-02-06,2026-06-17
SDHC,NYSE,Stock,USD,2024-01-11,2026-06-17
SDHI,NASDAQ,Stock,USD,2025-06-04,2026-06-17
SDHIR,NASDAQ,Stock,USD,2025-06-04,2026-06-17
SDHIU,NASDAQ,Stock,USD,2025-04-01,2026-06-17
SDHY,NYSE,Stock,USD,2020-11-25,2026-06-17
SDI,NYSE,Stock,USD,2001-01-02,2020-07-16
SDIG,NASDAQ,Stock,USD,2021-10-20,2026-06-17
SDLP,NYSE,Stock,USD,2012-10-19,2019-09-05
SDM,NASDAQ,Stock,USD,2025-05-02,2026-06-17
SDOCQ,NYSE,Stock,USD,2007-11-06,2016-10-12
SDOT,NASDAQ,Stock,USD,2020-02-13,2026-06-17
SDRL,NYSE,Stock,USD,2022-10-14,2026-06-17
SDRL,NYSE,Stock,USD,2005-12-28,2020-06-19
SDST,NASDAQ,Stock,USD,2024-07-08,2026-06-17
SDSTW,NASDAQ,Stock,USD,2021-03-08,2026-06-17
SDTHQ,NASDAQ,Stock,USD,2011-06-10,2012-10-17
SE,NYSE,Stock,USD,2017-10-20,2026-06-17
SE,NYSE,Stock,USD,2007-01-03,2017-07-10
SEAH,NYSE,Stock,USD,2020-11-23,2022-01-27
SEAH-U,NYSE,Stock,USD,2020-10-02,2022-01-27
SEAL-P-A,NYSE,Stock,USD,2016-09-30,2026-06-17
SEAL-P-B,NYSE,Stock,USD,2017-10-17,2026-06-17
SEAT,NASDAQ,Stock,USD,2020-10-12,2026-06-17
SEATW,NASDAQ,Stock,USD,2020-10-13,2026-06-17
SEB,AMEX,Stock,USD,1980-03-17,2026-06-17
SEDA,NYSE,Stock,USD,2021-12-28,2026-06-17
SEDA-U,NYSE,Stock,USD,2021-11-03,2022-12-23
SEDA-U,NYSE,Stock,USD,2021-10-29,2024-11-04
SEDA-WS,NYSE,Stock,USD,2021-12-28,2024-11-04
SEDG,NASDAQ,Stock,USD,2015-03-26,2026-06-17
SEE,NYSE,Stock,USD,1987-12-30,2026-04-09
SEED,NASDAQ,Stock,USD,2004-05-05,2026-06-17
SEER,NASDAQ,Stock,USD,2020-12-04,2026-06-17
SEG,NYSE,Stock,USD,2024-07-30,2026-06-17
SEG-R,AMEX,Stock,USD,2024-09-24,2024-10-11
SEG-R-W,AMEX,Stock,USD,2024-09-20,2024-09-23
SEG-W,AMEX,Stock,USD,2024-07-29,2024-07-31
SEGG,NASDAQ,Stock,USD,2025-07-07,2026-06-17
SEH,NYSE,Stock,USD,2006-12-28,2013-10-17
SEHI,NASDAQ,Stock,USD,2017-09-29,2019-09-24
SEI,NYSE,Stock,USD,2017-05-12,2026-06-17
SEIC,NASDAQ,Stock,USD,1990-03-26,2026-06-17
SELF,NASDAQ,Stock,USD,2008-06-24,2026-06-17
SELX,NASDAQ,Stock,USD,2024-02-16,2026-06-17
SEM,NYSE,Stock,USD,2009-09-25,2026-06-17
SEM-W,NYSE,Stock,USD,2024-11-20,2026-06-17
SEMR,NYSE,Stock,USD,2021-03-24,2026-04-28
SEND,NYSE,Stock,USD,2017-11-15,2019-02-26
SENEA,NASDAQ,Stock,USD,1998-06-03,2026-06-17
SENEB,NASDAQ,Stock,USD,1990-03-26,2026-06-17
SENS,NASDAQ,Stock,USD,2016-03-17,2026-06-17
SEP,NYSE,Stock,USD,2007-07-26,2018-12-14
SEPA,NASDAQ,Stock,USD,2021-09-17,2026-06-17
SEPAU,NASDAQ,Stock,USD,2021-07-28,2026-06-17
SEPAW,NASDAQ,Stock,USD,2021-09-20,2024-07-16
SEPN,NASDAQ,Stock,USD,2024-10-25,2026-06-17
SER,AMEX,Stock,USD,2018-11-29,2026-06-17
SERA,NASDAQ,Stock,USD,2021-07-15,2026-06-17
SERV,NASDAQ,Stock,USD,2024-03-07,2026-06-17
SES,NASDAQ,Stock,USD,2005-06-06,2020-05-15
SES,NYSE,Stock,USD,2021-03-01,2026-06-17
SES-WS,NYSE,Stock,USD,2021-03-01,2026-06-17
SEV,NASDAQ,Stock,USD,1992-03-19,2017-10-06
SEV,NASDAQ,Stock,USD,2025-10-16,2026-06-17
SEVCF,NASDAQ,Stock,USD,2021-11-17,2026-06-17
SEVN,NASDAQ,Stock,USD,2020-07-30,2026-06-17
SEVN,NASDAQ,Stock,USD,2021-12-23,2021-12-23
SEVNR,NASDAQ,Stock,USD,2025-11-10,2025-12-04
SEZL,NASDAQ,Stock,USD,2023-08-17,2026-06-17
SF,NYSE,Stock,USD,1983-07-19,2026-06-17
SF-P-A,NYSE,Stock,USD,2016-07-12,2021-08-19
SF-P-B,NYSE,Stock,USD,2019-02-22,2019-03-08
SF-P-B,NYSE,Stock,USD,2019-03-11,2026-06-17
SF-P-C,NYSE,Stock,USD,2020-05-13,2026-06-17
SF-P-D,NYSE,Stock,USD,2021-07-16,2022-12-23
SF-P-D,NYSE,Stock,USD,2021-07-28,2026-06-17
SFB,NYSE,Stock,USD,2017-10-17,2026-06-17
SFBC,NASDAQ,Stock,USD,2008-01-09,2026-06-17
SFBS,NYSE,Stock,USD,2014-05-14,2026-06-17
SFD,NASDAQ,Stock,USD,2025-01-28,2026-06-17
SFG,NYSE,Stock,USD,1999-04-16,2016-03-15
SFHG,NASDAQ,Stock,USD,2024-10-15,2026-06-17
SFIX,NASDAQ,Stock,USD,2017-11-17,2026-06-17
SFL,NYSE,Stock,USD,2004-06-17,2026-06-17
SFLY,NASDAQ,Stock,USD,2006-09-29,2019-09-25
SFM,NASDAQ,Stock,USD,2013-08-01,2026-06-17
SFN,NYSE,Stock,USD,2016-01-04,2016-08-03
SFN-CL,NYSE,Stock,USD,2016-07-26,2016-08-11
SFNC,NASDAQ,Stock,USD,1992-11-02,2026-06-17
SFR,NYSE,Stock,USD,2016-01-04,2017-11-17
SFS,NYSE,Stock,USD,2014-09-24,2019-06-28
SFST,NASDAQ,Stock,USD,1999-10-28,2026-06-17
SFTTW,NASDAQ,Stock,USD,2019-06-04,2021-01-14
SFTW-U,NYSE,Stock,USD,2019-11-01,2021-09-09
SFWL,NASDAQ,Stock,USD,2023-03-31,2026-06-17
SG,NYSE,Stock,USD,2021-11-18,2026-06-17
SG,NASDAQ,Stock,USD,2018-11-06,2021-02-26
SGA,NASDAQ,Stock,USD,1993-10-12,2026-06-17
SGAM,NASDAQ,Stock,USD,2021-11-22,2021-11-22
SGAMU,NASDAQ,Stock,USD,2020-11-30,2021-10-22
SGB,NYSE,Stock,USD,1996-08-30,2020-04-02
SGBK,NASDAQ,Stock,USD,2007-05-01,2017-09-26
SGBXV,NASDAQ,Stock,USD,2023-09-19,2023-09-27
SGC,NASDAQ,Stock,USD,1992-03-17,2026-06-17
SGDVV,NASDAQ,Stock,USD,2023-09-19,2023-09-27
SGEN,NASDAQ,Stock,USD,2001-03-09,2026-06-17
SGFY,NYSE,Stock,USD,2021-02-11,2023-04-03
SGHC,NYSE,Stock,USD,2022-01-28,2026-06-17
SGHC-WS,NYSE,Stock,USD,2020-11-23,2022-12-23
SGHC-WS,NYSE,Stock,USD,2022-01-28,2022-01-31
SGHL,NASDAQ,Stock,USD,2022-03-28,2023-05-26
SGHLU,NASDAQ,Stock,USD,2022-02-11,2023-05-26
SGHLW,NASDAQ,Stock,USD,2022-03-29,2023-05-26
SGHT,NASDAQ,Stock,USD,2021-07-15,2026-06-17
SGI,NYSE,Stock,USD,2003-12-18,2026-06-17
SGI,NASDAQ,Stock,USD,2009-05-19,2016-11-02
SGII,NASDAQ,Stock,USD,2021-12-02,2023-12-01
SGIIU,NASDAQ,Stock,USD,2021-11-17,2023-12-01
SGIIW,NASDAQ,Stock,USD,2021-12-02,2023-12-01
SGK,NYSE,Stock,USD,1987-11-05,2014-07-30
SGLBW,NASDAQ,Stock,USD,2017-02-15,2022-02-17
SGLY,NASDAQ,Stock,USD,2008-05-21,2026-06-17
SGM,NYSE,Stock,USD,2013-10-10,2017-06-01
SGMA,NASDAQ,Stock,USD,1994-02-09,2025-07-28
SGML,NASDAQ,Stock,USD,2018-11-05,2026-06-17
SGMT,NASDAQ,Stock,USD,2023-07-14,2026-06-17
SGNT,NASDAQ,Stock,USD,2011-04-19,2016-08-30
SGP,NASDAQ,Stock,USD,2026-02-06,2026-06-17
SGRP,NASDAQ,Stock,USD,1996-03-04,2026-06-17
SGRY,NASDAQ,Stock,USD,2015-10-01,2026-06-17
SGTX,NASDAQ,Stock,USD,2020-12-04,2023-08-11
SGU,NYSE,Stock,USD,1995-12-15,2026-06-17
SGY,NYSE,Stock,USD,1993-07-09,2018-05-10
SGYPU,NASDAQ,Stock,USD,2016-01-08,2016-12-12
SGYPW,NASDAQ,Stock,USD,2016-01-04,2016-12-07
SGZA,NYSE,Stock,USD,2013-02-22,2019-03-25
SGZA-CL,NYSE,Stock,USD,2019-03-04,2019-03-25
SHAC,NASDAQ,Stock,USD,2021-03-15,2022-12-09
SHACU,NASDAQ,Stock,USD,2021-01-22,2022-12-09
SHACW,NASDAQ,Stock,USD,2021-03-15,2022-12-09
SHAK,NYSE,Stock,USD,2015-01-30,2026-06-17
SHAP-U,NYSE,Stock,USD,2021-12-16,2026-06-17
SHAW,NYSE,Stock,USD,2006-12-28,2013-02-12
SHAZ,NASDAQ,Stock,USD,2021-12-27,2026-06-17
SHBI,NASDAQ,Stock,USD,2001-03-22,2026-06-17
SHC,NASDAQ,Stock,USD,2020-11-20,2026-06-17
SHCA,NASDAQ,Stock,USD,2021-12-29,2022-12-28
SHCAU,NASDAQ,Stock,USD,2021-11-04,2022-12-27
SHCAW,NASDAQ,Stock,USD,2021-12-27,2022-12-27
SHCO,NYSE,Stock,USD,2021-07-15,2026-01-28
SHCR,NASDAQ,Stock,USD,2020-11-23,2024-10-22
SHCRW,NASDAQ,Stock,USD,2020-11-25,2024-10-22
SHEL,NYSE,Stock,USD,1987-12-30,2026-06-17
SHEL-W,NYSE,Stock,USD,2022-01-31,2022-01-31
SHEN,NASDAQ,Stock,USD,1999-04-26,2026-06-17
SHF,NASDAQ,Stock,USD,2006-12-28,2012-12-14
SHFS,NASDAQ,Stock,USD,2021-08-20,2026-06-17
SHFSW,NASDAQ,Stock,USD,2021-08-20,2026-06-17
SHG,NYSE,Stock,USD,2003-09-16,2026-06-17
SHI,NYSE,Stock,USD,1993-07-26,2022-09-07
SHIM,NASDAQ,Stock,USD,2023-11-14,2026-06-17
SHIP,NASDAQ,Stock,USD,2007-10-26,2026-06-17
SHIPW,NASDAQ,Stock,USD,2016-12-08,2021-12-09
SHIPZ,NASDAQ,Stock,USD,2019-05-10,2022-05-11
SHLL-U,NYSE,Stock,USD,2019-02-28,2020-10-01
SHLM,NASDAQ,Stock,USD,1986-07-09,2018-08-22
SHLO,NASDAQ,Stock,USD,1993-06-29,2020-10-01
SHLS,NASDAQ,Stock,USD,2021-01-27,2026-06-17
SHLT,NASDAQ,Stock,USD,2023-04-03,2026-06-17
SHLX,NYSE,Stock,USD,2014-10-29,2022-10-28
SHMD,NASDAQ,Stock,USD,2024-05-01,2026-06-17
SHMDW,NASDAQ,Stock,USD,2024-05-01,2026-06-17
SHO,NYSE,Stock,USD,2004-10-21,2026-06-17
SHO-P-E,NYSE,Stock,USD,2016-03-14,2021-06-10
SHO-P-F,NYSE,Stock,USD,2016-05-19,2021-08-11
SHO-P-H,NYSE,Stock,USD,2021-05-12,2026-06-17
SHO-P-I,NYSE,Stock,USD,2021-07-20,2026-06-17
SHOE,NASDAQ,Stock,USD,1993-03-16,2026-06-17
SHOO,NASDAQ,Stock,USD,1993-12-13,2026-06-17
SHOP,NASDAQ,Stock,USD,2015-05-21,2026-06-17
SHOR,NASDAQ,Stock,USD,2007-07-03,2017-09-25
SHOS,NASDAQ,Stock,USD,2012-10-12,2019-10-23
SHOT,NASDAQ,Stock,USD,2023-09-15,2025-10-09
SHOTU,NASDAQ,Stock,USD,2026-06-10,2026-06-17
SHOTW,NASDAQ,Stock,USD,2023-09-15,2023-09-15
SHP,NYSE,Stock,USD,2010-10-19,2013-03-27
SHPG,NASDAQ,Stock,USD,1998-03-25,2019-01-08
SHPH,NASDAQ,Stock,USD,2022-08-31,2026-06-17
SHPW-WS,NYSE,Stock,USD,2021-09-30,2023-07-31
SHQA,NASDAQ,Stock,USD,2021-08-25,2022-12-21
SHQAU,NASDAQ,Stock,USD,2021-06-30,2022-12-21
SHQAW,NASDAQ,Stock,USD,2021-08-24,2022-12-21
SHS,NYSE,Stock,USD,2006-12-28,2013-04-12
SHSP,NASDAQ,Stock,USD,2015-12-02,2021-09-01
SHUA,NASDAQ,Stock,USD,2022-04-26,2023-11-16
SHUAU,NASDAQ,Stock,USD,2022-03-02,2023-11-16
SHUAW,NASDAQ,Stock,USD,2022-04-22,2023-11-16
SHW,NYSE,Stock,USD,1985-07-01,2026-06-17
SHYF,NASDAQ,Stock,USD,1990-03-26,2025-07-01
SI,NYSE,Stock,USD,2025-07-31,2026-06-17
SIAL,NASDAQ,Stock,USD,1990-03-26,2015-11-18
SIBC,NASDAQ,Stock,USD,2011-07-08,2015-11-30
SIBN,NASDAQ,Stock,USD,2018-10-17,2026-06-17
SIC,NASDAQ,Stock,USD,2018-08-16,2021-10-21
SID,NYSE,Stock,USD,1996-11-18,2026-06-17
SIDU,NASDAQ,Stock,USD,2021-12-14,2026-06-17
SIEB,NASDAQ,Stock,USD,1980-03-18,2026-06-17
SIER,NASDAQ,Stock,USD,2021-11-08,2022-12-16
SIERU,NASDAQ,Stock,USD,2021-09-15,2022-12-16
SIERW,NASDAQ,Stock,USD,2021-11-08,2022-12-16
SIF,AMEX,Stock,USD,1980-03-17,2026-06-17
SIFI,NASDAQ,Stock,USD,2004-10-01,2019-05-17
SIFY,NASDAQ,Stock,USD,1999-10-19,2026-06-17
SIFYR,NASDAQ,Stock,USD,2024-06-07,2024-06-24
SIG,NYSE,Stock,USD,1994-10-31,2026-06-17
SIGA,NASDAQ,Stock,USD,1997-09-10,2026-06-17
SIGI,NASDAQ,Stock,USD,1990-03-26,2026-06-17
SIGIP,NASDAQ,Stock,USD,2020-12-09,2026-06-17
SII,NYSE,Stock,USD,2020-06-29,2026-06-17
SILA,NYSE,Stock,USD,2021-02-05,2026-06-17
SILC,NASDAQ,Stock,USD,1994-02-18,2026-06-17
SILK,NASDAQ,Stock,USD,2019-04-04,2024-09-17
SILO,NASDAQ,Stock,USD,2014-05-13,2026-06-17
SIM,AMEX,Stock,USD,1995-08-18,2026-06-17
SIMA,NASDAQ,Stock,USD,2024-08-30,2026-06-17
SIMAU,NASDAQ,Stock,USD,2024-07-10,2026-06-17
SIMAW,NASDAQ,Stock,USD,2024-08-30,2026-06-17
SIMG,NASDAQ,Stock,USD,1999-10-06,2015-03-10
SIMO,NASDAQ,Stock,USD,2005-06-30,2026-06-17
SINA,NASDAQ,Stock,USD,2000-04-13,2021-03-22
SINT,NASDAQ,Stock,USD,2014-02-13,2026-06-17
SION,NASDAQ,Stock,USD,2025-02-07,2026-06-17
SIOO,NYSE,Stock,USD,2025-12-11,2026-06-17
SIR,NASDAQ,Stock,USD,2012-03-07,2018-12-31
SIRE,NYSE,Stock,USD,2015-11-06,2023-05-26
SIRI,NASDAQ,Stock,USD,1994-09-13,2026-06-17
SIRI,NASDAQ,Stock,USD,2024-09-09,2024-09-09
SIRO,NASDAQ,Stock,USD,2002-01-22,2016-03-08
SITC,NYSE,Stock,USD,2001-01-02,2026-06-17
SITC-P-A,NYSE,Stock,USD,2017-06-06,2024-11-25
SITC-P-J,NYSE,Stock,USD,2012-07-19,2019-11-22
SITC-P-J-CL,NYSE,Stock,USD,2019-10-28,2019-11-22
SITC-P-K,NYSE,Stock,USD,2013-03-27,2021-04-06
SITC-W,NYSE,Stock,USD,2024-09-26,2024-09-30
SITC-WI,NYSE,Stock,USD,2024-09-26,2024-09-30
SITE,NYSE,Stock,USD,2016-05-12,2026-06-17
SITM,NASDAQ,Stock,USD,2019-11-20,2026-06-17
SIVBO,NASDAQ,Stock,USD,2004-03-16,2017-12-28
SIX,NYSE,Stock,USD,2010-05-11,2024-07-01
SJ,NASDAQ,Stock,USD,2019-03-07,2026-06-17
SJI,NYSE,Stock,USD,1987-12-30,2023-01-31
SJI 7.25,NYSE,Stock,USD,2018-04-19,2021-04-14
SJIJ,NYSE,Stock,USD,2019-09-18,2023-03-02
SJM,NYSE,Stock,USD,1994-10-31,2026-06-17
SJR,NYSE,Stock,USD,1998-07-01,2023-04-03
SJT,NYSE,Stock,USD,1987-10-29,2026-06-17
SKBI,NASDAQ,Stock,USD,2006-02-16,2019-03-25
SKE,NYSE,Stock,USD,2017-09-22,2026-06-17
SKGR,NASDAQ,Stock,USD,2022-08-18,2025-04-10
SKGRU,NASDAQ,Stock,USD,2022-06-24,2025-04-10
SKGRW,NASDAQ,Stock,USD,2022-08-15,2025-04-10
SKH,NYSE,Stock,USD,2007-05-15,2015-02-02
SKIL,NYSE,Stock,USD,2019-07-26,2026-06-17
SKIL-WS,NYSE,Stock,USD,2021-06-14,2023-10-25
SKIN,NASDAQ,Stock,USD,2020-11-24,2026-06-17
SKINW,NASDAQ,Stock,USD,2020-11-30,2021-11-03
SKIS,NASDAQ,Stock,USD,2014-11-21,2019-09-24
SKK,NASDAQ,Stock,USD,2024-10-08,2026-06-17
SKLN,NASDAQ,Stock,USD,2014-10-31,2018-02-01
SKLNU,NASDAQ,Stock,USD,2016-01-04,2016-03-08
SKLZ,NYSE,Stock,USD,2020-04-27,2026-06-17
SKLZ-WS,NYSE,Stock,USD,2020-04-27,2021-08-13
SKM,NYSE,Stock,USD,1996-06-27,2026-06-17
SKP,NYSE,Stock,USD,2001-01-02,2010-12-13
SKS,NYSE,Stock,USD,2006-12-28,2013-11-12
SKT,NYSE,Stock,USD,1993-05-28,2026-06-17
SKUL,NASDAQ,Stock,USD,2011-07-19,2016-10-04
SKWD,NASDAQ,Stock,USD,2023-01-13,2026-06-17
SKX,NYSE,Stock,USD,1999-06-09,2025-09-12
SKY,NYSE,Stock,USD,1981-12-31,2026-06-17
SKYA,NASDAQ,Stock,USD,2022-04-14,2026-06-17
SKYAW,NASDAQ,Stock,USD,2022-04-14,2026-06-17
SKYE,NASDAQ,Stock,USD,2015-04-02,2026-06-17
SKYH,NYSE,Stock,USD,2020-12-08,2026-06-17
SKYH-WS,NYSE,Stock,USD,2022-01-26,2026-06-17
SKYHWS,NYSE,Stock,USD,2020-12-08,2022-01-12
SKYQ,NASDAQ,Stock,USD,2024-10-10,2026-06-17
SKYS,NASDAQ,Stock,USD,2014-11-13,2020-10-09
SKYT,NASDAQ,Stock,USD,2021-04-21,2026-06-17
SKYW,NASDAQ,Stock,USD,1990-03-26,2026-06-17
SKYX,NASDAQ,Stock,USD,2016-08-05,2026-06-17
SLAB,NASDAQ,Stock,USD,2000-03-24,2026-06-17
SLAC,NASDAQ,Stock,USD,2021-04-05,2024-02-26
SLACU,NASDAQ,Stock,USD,2021-02-12,2024-02-26
SLACW,NASDAQ,Stock,USD,2021-04-05,2024-02-26
SLAI,NYSE,Stock,USD,2013-11-22,2026-06-17
SLB,NYSE,Stock,USD,1981-12-31,2026-06-17
SLBT,NASDAQ,Stock,USD,2026-06-15,2026-06-17
SLCA,NYSE,Stock,USD,2012-02-01,2024-07-31
SLCR,NASDAQ,Stock,USD,2021-03-11,2022-10-06
SLCRU,NASDAQ,Stock,USD,2021-01-14,2022-09-28
SLCT,NASDAQ,Stock,USD,2003-12-16,2021-10-18
SLD,NYSE,Stock,USD,2013-02-08,2018-09-28
SLDA,NYSE,Stock,USD,2017-08-11,2018-09-27
SLDB,NASDAQ,Stock,USD,2018-01-26,2026-06-17
SLDD,NYSE,Stock,USD,2018-05-02,2018-09-28
SLDE,NASDAQ,Stock,USD,2025-06-18,2026-06-17
SLDP,NASDAQ,Stock,USD,2021-05-18,2026-06-17
SLDPW,NASDAQ,Stock,USD,2021-05-17,2026-06-17
SLE,NASDAQ,Stock,USD,2019-02-26,2026-06-17
SLF,NYSE,Stock,USD,2000-03-23,2026-06-17
SLG,NYSE,Stock,USD,1997-08-15,2026-06-17
SLG-P-I,NYSE,Stock,USD,2002-07-01,2026-06-17
SLGB,NASDAQ,Stock,USD,2025-10-15,2026-06-17
SLGC,NASDAQ,Stock,USD,2021-04-23,2026-05-28
SLGCW,NASDAQ,Stock,USD,2021-04-16,2026-05-28
SLGL,NASDAQ,Stock,USD,2018-02-01,2026-06-17
SLGN,NYSE,Stock,USD,1997-02-14,2026-06-17
SLH,NYSE,Stock,USD,2007-05-10,2016-03-11
SLI,AMEX,Stock,USD,2017-09-22,2026-06-17
SLI,NYSE,Stock,USD,2016-01-04,2016-06-01
SLM,NASDAQ,Stock,USD,1988-01-05,2026-06-17
SLMAP,NASDAQ,Stock,USD,2003-10-09,2017-07-14
SLMBP,NASDAQ,Stock,USD,2005-07-11,2026-06-17
SLMT,NASDAQ,Stock,USD,2023-01-27,2026-06-17
SLN,NASDAQ,Stock,USD,2020-09-08,2026-06-17
SLND,AMEX,Stock,USD,2021-12-23,2026-06-17
SLND-WS,AMEX,Stock,USD,2021-12-22,2026-06-17
SLNG,NASDAQ,Stock,USD,2006-12-28,2026-06-17
SLNH,NASDAQ,Stock,USD,2009-04-28,2026-06-17
SLNHP,NASDAQ,Stock,USD,2021-08-20,2026-06-17
SLNO,NASDAQ,Stock,USD,2014-11-13,2026-05-19
SLNOW,NASDAQ,Stock,USD,2014-11-13,2019-11-08
SLP,NASDAQ,Stock,USD,1997-06-19,2026-06-17
SLQT,NYSE,Stock,USD,2020-05-21,2026-06-17
SLRA,NYSE,Stock,USD,2012-12-12,2017-12-15
SLRC,NASDAQ,Stock,USD,2010-02-09,2026-06-17
SLRN,NASDAQ,Stock,USD,2023-05-04,2026-06-17
SLRX,NASDAQ,Stock,USD,2015-01-29,2026-01-07
SLS,NASDAQ,Stock,USD,2017-12-29,2026-06-17
SLSN,NASDAQ,Stock,USD,2012-03-20,2026-06-17
SLSR,AMEX,Stock,USD,2005-11-21,2026-06-17
SLTB,NYSE,Stock,USD,2014-09-29,2019-08-01
SLTB-CL,NYSE,Stock,USD,2019-07-08,2019-08-01
SLVM,NYSE,Stock,USD,2021-09-23,2026-06-17
SLVM-W,NYSE,Stock,USD,2021-09-23,2021-09-30
SLVO,NASDAQ,Stock,USD,2024-06-03,2026-06-17
SLVRU,NASDAQ,Stock,USD,2021-09-10,2023-09-27
SLVRW,NASDAQ,Stock,USD,2021-11-04,2023-09-27
SLW,NYSE,Stock,USD,2005-07-06,2017-05-15
SLXN,NASDAQ,Stock,USD,2024-08-16,2026-06-17
SLXNW,NASDAQ,Stock,USD,2024-08-16,2026-06-17
SLXP,NASDAQ,Stock,USD,2000-11-21,2015-04-01
SM,NYSE,Stock,USD,1992-12-21,2026-06-17
SMA,NYSE,Stock,USD,2004-12-09,2014-12-10
SMA,NYSE,Stock,USD,2025-04-02,2026-06-17
SMAC,NASDAQ,Stock,USD,2014-11-04,2015-11-04
SMACR,NASDAQ,Stock,USD,2014-11-19,2015-10-27
SMACU,NASDAQ,Stock,USD,2014-09-24,2015-10-14
SMAPU,NASDAQ,Stock,USD,2021-10-19,2023-12-19
SMAR,NYSE,Stock,USD,2018-04-27,2025-01-22
SMBC,NASDAQ,Stock,USD,1994-04-12,2026-06-17
SMBK,NYSE,Stock,USD,2001-01-02,2026-06-17
SMC,NYSE,Stock,USD,2024-08-01,2026-06-17
SMCC,NASDAQ,Stock,USD,2025-08-20,2026-06-17
SMCI,NASDAQ,Stock,USD,2007-03-29,2026-06-15
SMCIP,NASDAQ,Stock,USD,2026-06-16,2026-06-17
SMED,NASDAQ,Stock,USD,1999-05-24,2022-09-07
SMFG,NYSE,Stock,USD,2006-01-27,2026-06-17
SMG,NYSE,Stock,USD,1992-01-31,2026-06-17
SMHI,NYSE,Stock,USD,2017-06-02,2026-06-17
SMID,NASDAQ,Stock,USD,2016-01-04,2026-06-17
SMIH,NASDAQ,Stock,USD,2021-08-05,2023-03-16
SMIHU,NASDAQ,Stock,USD,2021-06-09,2023-03-16
SMJF,AMEX,Stock,USD,2025-12-04,2026-06-17
SMLP,NYSE,Stock,USD,2012-09-28,2024-07-31
SMLR,NASDAQ,Stock,USD,2014-02-21,2026-01-16
SMMCU,NASDAQ,Stock,USD,2019-06-20,2021-01-12
SMMF,NASDAQ,Stock,USD,2000-01-07,2024-05-03
SMMT,NASDAQ,Stock,USD,2015-03-05,2026-06-17
SMP,NYSE,Stock,USD,1987-12-30,2026-06-17
SMPL,NASDAQ,Stock,USD,2017-07-10,2026-06-17
SMPLW,NASDAQ,Stock,USD,2017-07-10,2018-11-05
SMR,NYSE,Stock,USD,2020-12-09,2026-06-17
SMR-WS,NYSE,Stock,USD,2022-05-03,2024-12-18
SMR-WS,NYSE,Stock,USD,2020-12-09,2022-12-23
SMRF,NYSE,Stock,USD,2026-02-19,2026-06-17
SMRT,NYSE,Stock,USD,2021-02-05,2026-06-17
SMRTQ,NASDAQ,Stock,USD,1992-04-27,2020-10-01
SMSI,NASDAQ,Stock,USD,1995-09-19,2026-06-17
SMT,NASDAQ,Stock,USD,2010-07-15,2016-09-19
SMTA,NYSE,Stock,USD,2018-06-01,2020-08-03
SMTC,NASDAQ,Stock,USD,1992-03-17,2026-06-17
SMTI,NASDAQ,Stock,USD,2011-02-22,2026-06-17
SMTK,NASDAQ,Stock,USD,2022-02-03,2026-06-17
SMTX,NASDAQ,Stock,USD,2000-07-21,2021-04-05
SMWB,NYSE,Stock,USD,2021-05-12,2026-06-17
SMX,NASDAQ,Stock,USD,2021-12-09,2026-06-17
SMXT,NASDAQ,Stock,USD,2024-02-27,2026-06-17
SMXWW,NASDAQ,Stock,USD,2021-12-07,2026-06-17
SN,NYSE,Stock,USD,2023-07-31,2026-06-17
SNA,NYSE,Stock,USD,1985-07-01,2026-06-17
SNAK,NASDAQ,Stock,USD,1996-12-06,2017-12-14
SNAL,NASDAQ,Stock,USD,2022-11-10,2026-06-17
SNAP,NYSE,Stock,USD,2017-03-02,2026-06-17
SNAX,NASDAQ,Stock,USD,2015-12-08,2025-07-18
SNBC,NASDAQ,Stock,USD,1996-08-29,2018-01-31
SNBR,NASDAQ,Stock,USD,1998-12-04,2026-06-17
SNC,NASDAQ,Stock,USD,2014-11-03,2017-11-17
SNCE,NASDAQ,Stock,USD,2020-11-20,2024-03-12
SNCR,NASDAQ,Stock,USD,2006-06-15,2026-06-17
SNCRL,NASDAQ,Stock,USD,2021-07-07,2026-06-17
SNCY,NASDAQ,Stock,USD,2021-03-17,2026-05-13
SND,NASDAQ,Stock,USD,2016-11-04,2026-06-17
SNDA,NYSE,Stock,USD,1997-10-31,2026-06-17
SNDEQ,NASDAQ,Stock,USD,2016-09-02,2021-03-26
SNDK,NASDAQ,Stock,USD,2025-02-24,2026-06-17
SNDK,NASDAQ,Stock,USD,1995-11-08,2016-05-20
SNDKV,NASDAQ,Stock,USD,2025-02-13,2025-02-21
SNDL,NASDAQ,Stock,USD,2019-08-01,2026-06-17
SNDR,NYSE,Stock,USD,2017-04-06,2026-06-17
SNDX,NASDAQ,Stock,USD,2016-03-03,2026-06-17
SNES,NASDAQ,Stock,USD,2016-12-08,2026-06-17
SNEX,NASDAQ,Stock,USD,1996-11-15,2026-06-17
SNFCA,NASDAQ,Stock,USD,2001-01-02,2026-06-17
SNGX,NASDAQ,Stock,USD,2012-03-08,2026-06-17
SNGXW,NASDAQ,Stock,USD,2016-12-13,2021-12-15
SNI,NYSE,Stock,USD,2008-06-12,2018-03-16
SNII-U,NYSE,Stock,USD,2021-03-02,2022-03-01
SNKTY,NASDAQ,Stock,USD,2016-01-05,2016-03-03
SNMX,NASDAQ,Stock,USD,2004-06-22,2018-11-05
SNN,NYSE,Stock,USD,1999-11-16,2026-06-17
SNNA,NASDAQ,Stock,USD,2017-07-27,2019-12-16
SNOA,NASDAQ,Stock,USD,2007-01-25,2026-06-17
SNOAW,NASDAQ,Stock,USD,2016-01-04,2020-01-22
SNOW,NYSE,Stock,USD,2020-09-16,2026-06-17
SNOW,NYSE,Stock,USD,2014-01-31,2017-08-01
SNPO,NASDAQ,Stock,USD,2021-07-28,2024-06-21
SNPR-U,NYSE,Stock,USD,2020-09-11,2021-08-26
SNPS,NASDAQ,Stock,USD,1992-02-26,2026-06-17
SNR,NYSE,Stock,USD,2014-10-27,2021-09-21
SNRE,NASDAQ,Stock,USD,2024-11-13,2025-08-15
SNREV,NASDAQ,Stock,USD,2024-11-04,2024-11-12
SNRH,NASDAQ,Stock,USD,2021-02-01,2023-06-09
SNRHU,NASDAQ,Stock,USD,2020-12-11,2023-06-09
SNRHW,NASDAQ,Stock,USD,2021-02-01,2023-06-09
SNT,NASDAQ,Stock,USD,1993-03-23,2026-06-17
SNTA,NASDAQ,Stock,USD,2007-02-06,2016-07-22
SNTG,NASDAQ,Stock,USD,2021-07-08,2026-06-17
SNTI,NASDAQ,Stock,USD,2021-05-26,2026-06-17
SNV,NYSE,Stock,USD,1990-01-12,2025-12-31
SNV-P-C,NYSE,Stock,USD,2014-09-22,2018-07-31
SNV-P-D,NYSE,Stock,USD,2018-06-12,2025-12-31
SNV-P-E,NYSE,Stock,USD,2019-06-25,2025-12-31
SNWV,NASDAQ,Stock,USD,2015-03-10,2026-06-17
SNX,NYSE,Stock,USD,2003-11-25,2026-06-17
SNY,NASDAQ,Stock,USD,2002-07-01,2026-06-17
SNYR,NASDAQ,Stock,USD,2016-01-04,2026-06-17
SO,NYSE,Stock,USD,1981-12-31,2026-06-17
SO 6.75 08-01-22,NYSE,Stock,USD,2019-08-14,2022-07-29
SOAC,NYSE,Stock,USD,2020-06-26,2021-09-09
SOAC-U,NYSE,Stock,USD,2020-05-06,2021-09-09
SOAR,AMEX,Stock,USD,2022-01-21,2026-06-17
SOAR-WS,AMEX,Stock,USD,2023-12-04,2024-09-09
SOBO,NYSE,Stock,USD,2024-10-03,2026-06-17
SOBR,NASDAQ,Stock,USD,2013-05-14,2026-06-17
SOC,NYSE,Stock,USD,2024-02-15,2026-06-17
SOC-WS,NYSE,Stock,USD,2024-02-15,2024-10-31
SOCA,NASDAQ,Stock,USD,2025-09-05,2026-06-17
SOCAU,NASDAQ,Stock,USD,2025-07-16,2026-06-17
SOCAW,NASDAQ,Stock,USD,2025-09-05,2026-06-17
SOCB,NASDAQ,Stock,USD,2016-01-04,2016-06-24
SOCWS,NYSE,Stock,USD,2021-04-19,2024-02-14
SODA,NASDAQ,Stock,USD,2010-11-03,2018-12-04
SOEZ,NYSE,Stock,USD,2025-12-03,2026-06-17
SOFI,NASDAQ,Stock,USD,2020-11-30,2026-06-17
SOFIW,NASDAQ,Stock,USD,2021-01-04,2021-12-06
SOFL,NYSE,Stock,USD,2025-07-02,2025-10-06
SOGCQ,NYSE,Stock,USD,2014-12-17,2016-08-12
SOGO,NYSE,Stock,USD,2017-11-09,2021-09-23
SOGP,NASDAQ,Stock,USD,2020-01-17,2026-06-17
SOHO,NASDAQ,Stock,USD,2004-12-17,2026-02-13
SOHOK,NASDAQ,Stock,USD,2018-02-16,2019-05-15
SOHOL,NASDAQ,Stock,USD,2016-01-04,2016-10-04
SOHOM,NASDAQ,Stock,USD,2014-12-02,2017-11-13
SOHU,NASDAQ,Stock,USD,2000-07-12,2026-06-17
SOJA,NYSE,Stock,USD,2015-10-09,2020-10-19
SOJB,NYSE,Stock,USD,2016-09-20,2021-10-15
SOJC,NYSE,Stock,USD,2017-11-28,2026-06-17
SOJD,NYSE,Stock,USD,2020-01-14,2026-06-17
SOJE,NYSE,Stock,USD,2020-09-23,2026-06-17
SOJF,NYSE,Stock,USD,2025-01-16,2026-06-17
SOL,NYSE,Stock,USD,2017-10-13,2026-06-17
SOL,NYSE,Stock,USD,2008-01-29,2025-12-12
SOLO,NASDAQ,Stock,USD,2018-08-07,2024-03-26
SOLOW,NASDAQ,Stock,USD,2018-08-09,2023-08-11
SOLS,NASDAQ,Stock,USD,2025-10-29,2026-06-17
SOLSV,NASDAQ,Stock,USD,2025-10-20,2025-10-29
SOLV,NYSE,Stock,USD,2024-03-26,2026-06-17
SOLV-W,NYSE,Stock,USD,2024-03-26,2024-03-28
SOLY,NASDAQ,Stock,USD,2019-02-19,2021-12-16
SOMN,NYSE,Stock,USD,2025-11-12,2026-06-17
SOMX,NASDAQ,Stock,USD,2006-12-28,2013-03-06
SON,NYSE,Stock,USD,1985-06-11,2026-06-17
SONC,NASDAQ,Stock,USD,1991-02-28,2018-12-10
SONG,NASDAQ,Stock,USD,2019-09-11,2022-11-25
SONGW,NASDAQ,Stock,USD,2019-09-11,2020-05-01
SONM,NASDAQ,Stock,USD,2019-05-10,2026-06-17
SONN,NASDAQ,Stock,USD,2006-10-31,2025-12-02
SONO,NASDAQ,Stock,USD,2018-08-02,2026-06-17
SONS,NASDAQ,Stock,USD,2000-05-25,2017-11-28
SONY,NYSE,Stock,USD,1974-07-26,2026-06-17
SOPH,NASDAQ,Stock,USD,2021-07-23,2026-06-17
SORA,NASDAQ,Stock,USD,2025-05-27,2026-06-17
SORL,NASDAQ,Stock,USD,2005-11-10,2020-05-15
SORN,NASDAQ,Stock,USD,2026-02-27,2026-06-17
SORNU,NASDAQ,Stock,USD,2026-01-06,2026-06-17
SORNW,NASDAQ,Stock,USD,2026-03-03,2026-06-17
SOS,NYSE,Stock,USD,2017-04-28,2025-09-05
SOS,NYSE,Stock,USD,2025-09-05,2026-06-17
SOTK,NASDAQ,Stock,USD,2016-01-04,2026-06-17
SOUL,NYSE,Stock,USD,2017-09-25,2026-06-17
SOUL-R,NYSE,Stock,USD,2025-05-23,2026-06-17
SOUL-U,NYSE,Stock,USD,2025-04-02,2026-06-17
SOUN,NASDAQ,Stock,USD,2022-04-28,2026-06-17
SOUNW,NASDAQ,Stock,USD,2021-04-26,2026-06-17
SOV,NYSE,Stock,USD,2006-12-28,2009-01-29
SOV-P-C,NYSE,Stock,USD,2014-09-22,2018-08-13
SOVO,NASDAQ,Stock,USD,2021-09-23,2026-06-17
SOWG,NASDAQ,Stock,USD,2016-01-04,2026-06-17
SP,NASDAQ,Stock,USD,2004-06-02,2026-06-17
SPA,NYSE,Stock,USD,1973-05-03,2019-03-04
SPAI,NASDAQ,Stock,USD,2024-08-28,2026-06-17
SPAN,NASDAQ,Stock,USD,1990-03-26,2017-06-26
SPAQ,NYSE,Stock,USD,2021-04-01,2022-03-16
SPAQ-U,NYSE,Stock,USD,2018-08-10,2020-10-29
SPAQ-U,NYSE,Stock,USD,2021-02-09,2022-03-16
SPAQ-WS,NYSE,Stock,USD,2018-10-01,2022-03-16
SPB,NYSE,Stock,USD,2009-09-02,2026-06-17
SPBC,NASDAQ,Stock,USD,2010-11-01,2014-10-15
SPCB,NASDAQ,Stock,USD,2005-02-17,2026-06-17
SPCE,NYSE,Stock,USD,2017-09-29,2026-06-17
SPCE-U,NYSE,Stock,USD,2019-10-28,2020-04-09
SPCE-WS,NYSE,Stock,USD,2019-10-28,2020-04-09
SPCM,NASDAQ,Stock,USD,2022-04-25,2023-06-02
SPCMU,NASDAQ,Stock,USD,2022-03-02,2023-06-02
SPCMW,NASDAQ,Stock,USD,2022-04-22,2023-06-02
SPCT,NASDAQ,Stock,USD,2025-09-30,2026-06-17
SPCX,NASDAQ,Stock,USD,2026-06-12,2026-06-17
SPE-P-B,NYSE,Stock,USD,2016-08-31,2021-07-06
SPE-P-C,NYSE,Stock,USD,2022-01-27,2026-06-17
SPE-R,NYSE,Stock,USD,2016-08-04,2022-01-18
SPE-R-W,NYSE,Stock,USD,2021-12-22,2021-12-22
SPEG,NASDAQ,Stock,USD,2025-09-09,2026-06-17
SPEGR,NASDAQ,Stock,USD,2025-09-08,2026-06-17
SPEGU,NASDAQ,Stock,USD,2025-07-15,2026-06-17
SPF,NYSE,Stock,USD,1987-12-30,2015-09-30
SPFI,NASDAQ,Stock,USD,2019-05-09,2026-06-17
SPFR,NYSE,Stock,USD,2021-01-25,2021-09-30
SPFR-U,NYSE,Stock,USD,2020-12-03,2021-09-29
SPG,NYSE,Stock,USD,1993-12-14,2026-06-17
SPG-P-J,NYSE,Stock,USD,2002-07-01,2026-06-17
SPGI,NYSE,Stock,USD,2001-01-02,2026-06-17
SPGS,NYSE,Stock,USD,2021-04-12,2022-12-15
SPGS-U,NYSE,Stock,USD,2021-02-19,2022-12-15
SPGS-WS,NYSE,Stock,USD,2021-04-12,2021-04-16
SPH,NYSE,Stock,USD,1996-02-29,2026-06-17
SPHA,NASDAQ,Stock,USD,2025-01-28,2025-03-11
SPHAR,NASDAQ,Stock,USD,2025-01-27,2025-03-11
SPHL,NASDAQ,Stock,USD,2024-10-17,2026-06-17
SPHR,NYSE,Stock,USD,2020-04-09,2026-06-17
SPHR-W,NYSE,Stock,USD,2023-04-17,2023-04-20
SPI,NASDAQ,Stock,USD,2026-05-28,2026-06-17
SPIL,NASDAQ,Stock,USD,2000-06-21,2018-04-17
SPIR,NYSE,Stock,USD,2020-11-03,2026-06-17
SPIR-WS,NYSE,Stock,USD,2021-08-17,2023-01-03
SPIR-WS,NYSE,Stock,USD,2020-11-03,2022-12-23
SPK,NASDAQ,Stock,USD,2021-08-04,2022-12-29
SPKAR,NASDAQ,Stock,USD,2021-07-26,2022-12-29
SPKAU,NASDAQ,Stock,USD,2021-06-08,2022-12-29
SPKB,NASDAQ,Stock,USD,2021-05-05,2023-03-24
SPKBU,NASDAQ,Stock,USD,2021-03-11,2023-03-24
SPKBW,NASDAQ,Stock,USD,2021-05-05,2023-03-24
SPKL,NASDAQ,Stock,USD,2023-11-27,2026-06-17
SPKLU,NASDAQ,Stock,USD,2023-10-06,2026-06-17
SPKLW,NASDAQ,Stock,USD,2023-11-27,2026-06-17
SPLK,NASDAQ,Stock,USD,2012-04-19,2026-06-17
SPLS,NASDAQ,Stock,USD,1990-03-26,2017-09-28
SPMA,NYSE,Stock,USD,2024-11-08,2026-06-17
SPMC,NYSE,Stock,USD,2024-06-14,2026-06-17
SPME,NYSE,Stock,USD,2025-07-15,2026-06-17
SPNC,NASDAQ,Stock,USD,1992-01-21,2017-08-10
SPNE,NASDAQ,Stock,USD,2015-06-17,2023-01-04
SPNS,NASDAQ,Stock,USD,1998-03-05,2025-12-17
SPNT,NYSE,Stock,USD,2013-08-15,2026-06-17
SPNT-P-B,NYSE,Stock,USD,2021-06-29,2026-02-26
SPNV-U,NYSE,Stock,USD,2020-10-21,2021-09-01
SPOK,NASDAQ,Stock,USD,2004-11-17,2026-06-17
SPOT,NYSE,Stock,USD,2018-04-03,2026-06-17
SPPI,NASDAQ,Stock,USD,1996-09-27,2023-08-01
SPPL,NASDAQ,Stock,USD,2023-09-13,2026-06-17
SPPR,NASDAQ,Stock,USD,1994-11-30,2015-07-20
SPPRO,NASDAQ,Stock,USD,2009-04-16,2015-07-15
SPPRP,NASDAQ,Stock,USD,2007-06-20,2015-07-20
SPR,NYSE,Stock,USD,2006-11-28,2025-12-05
SPRB,NASDAQ,Stock,USD,2020-10-09,2026-06-17
SPRC,NASDAQ,Stock,USD,2021-08-30,2026-06-17
SPRD,NASDAQ,Stock,USD,2007-06-27,2013-12-31
SPRO,NASDAQ,Stock,USD,2004-11-22,2026-06-17
SPRQ-U,NYSE,Stock,USD,2020-11-25,2021-07-09
SPRT,NASDAQ,Stock,USD,2000-07-19,2021-09-16
SPRU,NYSE,Stock,USD,2019-09-03,2026-06-17
SPRY,NASDAQ,Stock,USD,2020-12-04,2026-06-17
SPSC,NASDAQ,Stock,USD,2010-04-22,2026-06-17
SPSNQ,NASDAQ,Stock,USD,2009-05-07,2011-05-19
SPSX,NASDAQ,Stock,USD,2004-01-05,2009-09-28
SPT,NASDAQ,Stock,USD,2019-12-13,2026-06-17
SPTK,NASDAQ,Stock,USD,2021-04-09,2022-12-28
SPTKU,NASDAQ,Stock,USD,2021-02-17,2022-12-28
SPTKW,NASDAQ,Stock,USD,2021-04-09,2022-12-27
SPTN,NASDAQ,Stock,USD,2000-08-02,2025-09-22
SPTX,NASDAQ,Stock,USD,2026-05-01,2026-06-17
SPW,NASDAQ,Stock,USD,1985-07-01,2015-09-25
SPWH,NASDAQ,Stock,USD,2014-04-17,2026-06-17
SPWR,NASDAQ,Stock,USD,2024-08-21,2026-06-17
SPWR,NASDAQ,Stock,USD,2021-04-19,2026-05-28
SPWR-V,NASDAQ,Stock,USD,2020-08-18,2020-08-26
SPWRB,NASDAQ,Stock,USD,2008-09-22,2011-12-05
SPWRW,NASDAQ,Stock,USD,2021-04-19,2026-06-17
SPXC,NYSE,Stock,USD,1985-07-01,2026-06-17
SQBK,NASDAQ,Stock,USD,2014-03-27,2015-10-15
SQFT,NASDAQ,Stock,USD,2020-10-07,2026-06-17
SQFTP,NASDAQ,Stock,USD,2021-06-11,2026-06-17
SQFTW,NASDAQ,Stock,USD,2022-01-24,2026-06-17
SQI,NASDAQ,Stock,USD,2010-09-23,2016-07-29
SQM,NYSE,Stock,USD,1993-09-21,2026-06-17
SQM-R,NYSE,Stock,USD,2021-04-01,2021-04-14
SQM-R-W,NYSE,Stock,USD,2021-03-26,2021-03-31
SQNM,NASDAQ,Stock,USD,2000-02-01,2016-09-08
SQNS,NYSE,Stock,USD,2011-04-19,2026-06-17
SQSP,NYSE,Stock,USD,2021-05-19,2024-10-18
SR,NYSE,Stock,USD,1987-11-05,2026-06-17
SR-P-A,NYSE,Stock,USD,2019-05-15,2026-02-13
SRACU,NASDAQ,Stock,USD,2019-11-08,2021-08-12
SRAD,NASDAQ,Stock,USD,2021-09-14,2026-06-17
SRAQU,NASDAQ,Stock,USD,2016-02-23,2016-10-12
SRBK,NASDAQ,Stock,USD,2023-09-20,2026-06-17
SRC,NYSE,Stock,USD,2012-09-20,2024-01-22
SRC-P-A,NYSE,Stock,USD,2017-09-27,2024-02-06
SRCE,NASDAQ,Stock,USD,1996-09-03,2026-06-17
SRCI,NYSE,Stock,USD,2008-02-27,2020-01-14
SRCL,NASDAQ,Stock,USD,1996-08-23,2024-11-04
SRCLP,NASDAQ,Stock,USD,2015-09-16,2018-09-14
SRDX,NASDAQ,Stock,USD,1998-03-04,2025-11-19
SRE,NYSE,Stock,USD,1998-06-29,2026-06-17
SRE-P-A,NYSE,Stock,USD,2018-01-05,2021-01-14
SRE-P-B,NYSE,Stock,USD,2018-07-11,2021-07-14
SREA,NYSE,Stock,USD,2019-06-27,2026-06-17
SREA,NYSE,Stock,USD,2001-01-02,2019-06-26
SREV,NASDAQ,Stock,USD,2011-03-25,2022-08-09
SRFM,NYSE,Stock,USD,2023-07-27,2026-06-17
SRG,NYSE,Stock,USD,2015-07-06,2026-06-17
SRG-P-A,NYSE,Stock,USD,2017-12-11,2026-06-17
SRI,NYSE,Stock,USD,1997-10-10,2026-06-17
SRJN,NYSE,Stock,USD,2026-01-16,2026-06-17
SRL,NYSE,Stock,USD,2001-01-02,2026-06-17
SRLP,NYSE,Stock,USD,2013-10-25,2022-10-31
SRLS,NASDAQ,Stock,USD,2006-03-22,2012-05-07
SRM,NASDAQ,Stock,USD,2023-08-15,2025-07-16
SRNGU,NASDAQ,Stock,USD,2021-02-24,2021-09-16
SRPT,NASDAQ,Stock,USD,1997-06-04,2026-06-17
SRRA,NASDAQ,Stock,USD,2015-07-16,2022-07-01
SRRK,NASDAQ,Stock,USD,2018-05-24,2026-06-17
SRSA,NASDAQ,Stock,USD,2020-12-29,2022-10-28
SRSAU,NASDAQ,Stock,USD,2020-10-21,2022-10-28
SRSAW,NASDAQ,Stock,USD,2020-12-24,2022-10-28
SRSC,NASDAQ,Stock,USD,2010-06-09,2017-08-28
SRSL,NASDAQ,Stock,USD,1996-09-09,2012-07-30
SRT,NYSE,Stock,USD,1997-06-19,2024-01-05
SRTA,NASDAQ,Stock,USD,2025-08-28,2026-06-17
SRTAW,NASDAQ,Stock,USD,2025-08-29,2026-05-07
SRTS,NASDAQ,Stock,USD,2016-07-26,2026-06-17
SRTSU,NASDAQ,Stock,USD,2016-06-03,2016-07-25
SRTSW,NASDAQ,Stock,USD,2016-07-25,2020-06-04
SRUN,NASDAQ,Stock,USD,2017-04-28,2018-02-09
SRUNU,NASDAQ,Stock,USD,2017-03-24,2018-02-09
SRUNW,NASDAQ,Stock,USD,2017-04-28,2018-02-09
SRV-R,NYSE,Stock,USD,2023-11-22,2025-12-10
SRV-R-W,NYSE,Stock,USD,2023-11-17,2026-06-17
SRVY,NASDAQ,Stock,USD,2004-07-16,2009-10-23
SRX,NYSE,Stock,USD,2011-07-20,2011-11-30
SRXH,AMEX,Stock,USD,2017-09-22,2026-06-17
SRZ,NYSE,Stock,USD,2013-01-04,2013-10-17
SRZN,NASDAQ,Stock,USD,2021-01-11,2026-06-17
SRZNW,NASDAQ,Stock,USD,2021-08-12,2026-06-17
SSAA,NASDAQ,Stock,USD,2021-03-22,2022-12-12
SSAAU,NASDAQ,Stock,USD,2021-01-26,2022-12-12
SSAAW,NASDAQ,Stock,USD,2021-03-24,2022-12-12
SSAC,NASDAQ,Stock,USD,2026-02-27,2026-06-17
SSACR,NASDAQ,Stock,USD,2026-02-27,2026-06-17
SSACU,NASDAQ,Stock,USD,2026-02-06,2026-06-17
SSACW,NASDAQ,Stock,USD,2026-02-27,2026-06-17
SSB,NYSE,Stock,USD,1997-01-28,2026-06-17
SSBI,NASDAQ,Stock,USD,2006-07-14,2026-06-17
SSBK,NASDAQ,Stock,USD,2021-08-12,2025-07-01
SSCP,NYSE,Stock,USD,2026-05-12,2026-06-17
SSD,NYSE,Stock,USD,1994-05-26,2026-06-17
SSEA,NASDAQ,Stock,USD,2025-10-02,2026-06-17
SSEAR,NASDAQ,Stock,USD,2025-10-02,2026-06-17
SSEAU,NASDAQ,Stock,USD,2025-08-08,2026-06-17
SSFN,NASDAQ,Stock,USD,1999-05-25,2019-10-31
SSI,NYSE,Stock,USD,2001-08-30,2020-05-11
SSI,NYSE,Stock,USD,2020-05-12,2020-11-02
SSII,NASDAQ,Stock,USD,2018-10-17,2026-06-17
SSL,NYSE,Stock,USD,1982-04-26,2026-06-17
SSM,NASDAQ,Stock,USD,2025-09-05,2026-06-17
SSMG,NYSE,Stock,USD,2026-04-22,2026-06-17
SSMR,NYSE,Stock,USD,2026-06-04,2026-06-17
SSN,NYSE,Stock,USD,2008-01-07,2017-11-17
SSNC,NASDAQ,Stock,USD,2010-03-31,2026-06-17
SSNI,NYSE,Stock,USD,2013-03-13,2018-01-05
SSP,NASDAQ,Stock,USD,1990-03-26,2026-06-17
SSPKU,NASDAQ,Stock,USD,2019-08-08,2021-06-15
SSRG,NASDAQ,Stock,USD,2014-12-04,2016-07-05
SSRI,NASDAQ,Stock,USD,1996-08-01,2017-08-09
SSRM,NASDAQ,Stock,USD,1996-08-01,2026-06-17
SSRX,NASDAQ,Stock,USD,2007-02-07,2013-06-17
SSS,NASDAQ,Stock,USD,2026-01-30,2026-06-17
SSSS,NASDAQ,Stock,USD,2011-04-28,2026-06-17
SSSSL,NASDAQ,Stock,USD,2021-12-17,2026-06-17
SST,NYSE,Stock,USD,2020-08-07,2026-06-17
SST-WS,NYSE,Stock,USD,2022-01-28,2025-04-07
SSTI,NASDAQ,Stock,USD,2017-06-07,2026-06-17
SSTK,NYSE,Stock,USD,2012-10-11,2026-06-17
SSU-WS,NYSE,Stock,USD,2021-12-15,2023-10-11
SSW,NYSE,Stock,USD,2005-08-09,2020-02-27
SSW-P-D,NYSE,Stock,USD,2014-09-22,2020-02-27
SSW-P-E,NYSE,Stock,USD,2014-09-22,2020-02-27
SSW-P-G,NYSE,Stock,USD,2016-06-20,2020-02-27
SSW-P-H,NYSE,Stock,USD,2016-08-17,2020-02-27
SSW-P-I,NYSE,Stock,USD,2018-09-13,2020-02-27
SSWA,NYSE,Stock,USD,2017-10-24,2020-12-09
SSWN,NYSE,Stock,USD,2014-04-08,2019-04-29
SSYS,NASDAQ,Stock,USD,1994-10-21,2026-06-17
ST,NYSE,Stock,USD,2010-03-11,2026-06-17
STAA,NASDAQ,Stock,USD,1992-03-02,2026-06-17
STAF,NASDAQ,Stock,USD,2026-05-28,2026-06-17
STAG,NYSE,Stock,USD,2011-04-15,2026-06-17
STAG-P-B,NYSE,Stock,USD,2014-09-22,2018-07-10
STAG-P-C,NYSE,Stock,USD,2016-03-15,2021-03-30
STAK,NASDAQ,Stock,USD,2025-02-26,2026-06-17
STAQ,NYSE,Stock,USD,2009-08-10,2009-09-15
STAR-P-D,NYSE,Stock,USD,2014-09-22,2023-03-30
STAR-P-E,NYSE,Stock,USD,1989-11-16,2017-10-23
STAR-P-F,NYSE,Stock,USD,1989-11-16,2017-10-23
STAR-P-G,NYSE,Stock,USD,2014-09-22,2023-03-30
STAR-P-I,NYSE,Stock,USD,2014-09-22,2023-03-30
STAY,NASDAQ,Stock,USD,2013-11-13,2021-06-16
STB,NASDAQ,Stock,USD,2007-12-07,2018-04-27
STBA,NASDAQ,Stock,USD,1992-04-21,2026-06-17
STBC,NASDAQ,Stock,USD,2001-01-02,2012-01-09
STBX,NASDAQ,Stock,USD,2022-08-23,2026-06-17
STBZ,NASDAQ,Stock,USD,2009-12-23,2018-12-31
STC,NYSE,Stock,USD,1990-03-28,2026-06-17
STDY,NASDAQ,Stock,USD,2015-03-20,2018-08-30
STE,NYSE,Stock,USD,1992-06-01,2026-06-17
STEC,NASDAQ,Stock,USD,2021-03-26,2026-06-17
STEC,NASDAQ,Stock,USD,2000-09-29,2026-05-28
STEI,NASDAQ,Stock,USD,1995-07-12,2013-12-31
STEL,NYSE,Stock,USD,2017-11-08,2026-06-17
STEL,NASDAQ,Stock,USD,2002-01-22,2022-10-06
STEM,NYSE,Stock,USD,2020-10-08,2026-06-17
STEM-WS,NYSE,Stock,USD,2020-10-08,2021-09-17
STEM-WS,NYSE,Stock,USD,2021-04-29,2021-04-29
STEP,NASDAQ,Stock,USD,2020-09-16,2026-06-17
STER,NASDAQ,Stock,USD,2021-09-23,2024-10-31
STET,NYSE,Stock,USD,2022-01-24,2023-06-07
STET-U,NYSE,Stock,USD,2021-12-03,2023-06-07
STEW,NYSE,Stock,USD,2022-04-04,2026-06-17
STEX,NASDAQ,Stock,USD,2014-10-30,2026-06-17
STEX,NASDAQ,Stock,USD,2026-05-28,2026-05-28
STFC,NASDAQ,Stock,USD,1991-06-28,2022-03-01
STFS,NASDAQ,Stock,USD,2024-10-11,2026-06-17
STG,NYSE,Stock,USD,2018-03-23,2026-06-17
STGC,NASDAQ,Stock,USD,2020-10-30,2026-05-28
STGG,NASDAQ,Stock,USD,2015-12-17,2018-04-20
STGW,NASDAQ,Stock,USD,2021-08-03,2026-06-17
STHO,NASDAQ,Stock,USD,2023-03-31,2026-06-17
STHOV,NASDAQ,Stock,USD,2023-03-28,2023-03-30
STI,NASDAQ,Stock,USD,2024-02-02,2026-06-17
STI,NYSE,Stock,USD,1987-12-30,2019-12-06
STI-P-A,NYSE,Stock,USD,2014-09-22,2019-12-06
STI-P-E,NYSE,Stock,USD,2014-09-22,2018-03-14
STI-WS-A,NYSE,Stock,USD,1987-12-30,2018-12-26
STI-WS-B,NYSE,Stock,USD,1987-12-30,2018-11-09
STIC-U,NYSE,Stock,USD,2020-11-11,2021-06-01
STIM,NASDAQ,Stock,USD,2018-06-28,2026-06-17
STJ,NYSE,Stock,USD,1989-12-07,2017-01-18
STKE,NASDAQ,Stock,USD,2006-11-28,2026-06-17
STKH,NASDAQ,Stock,USD,2021-03-12,2026-06-17
STKL,NASDAQ,Stock,USD,1990-03-26,2026-05-01
STKS,NASDAQ,Stock,USD,2014-06-27,2026-06-17
STL,NYSE,Stock,USD,1999-01-08,2022-01-31
STL-P-A,NYSE,Stock,USD,2017-10-03,2022-01-31
STLA,NYSE,Stock,USD,2010-06-09,2026-06-17
STLD,NASDAQ,Stock,USD,1996-11-22,2026-06-17
STLE,NASDAQ,Stock,USD,2025-08-01,2025-08-05
STLRU,NASDAQ,Stock,USD,2016-08-19,2018-10-25
STM,NYSE,Stock,USD,1994-12-08,2026-06-17
STML,NASDAQ,Stock,USD,2013-01-29,2020-06-10
STMP,NASDAQ,Stock,USD,1999-06-25,2021-10-05
STN,NYSE,Stock,USD,2005-08-05,2026-06-17
STND,NASDAQ,Stock,USD,2010-10-07,2021-05-28
STNE,NASDAQ,Stock,USD,2018-10-25,2026-06-17
STNEV,NASDAQ,Stock,USD,2021-06-28,2021-06-30
STNG,NYSE,Stock,USD,2010-03-31,2026-06-17
STNL,NASDAQ,Stock,USD,2018-01-11,2019-11-07
STNLU,NASDAQ,Stock,USD,2017-11-03,2019-11-07
STNLW,NASDAQ,Stock,USD,2018-01-10,2019-11-07
STNR,NASDAQ,Stock,USD,1996-11-13,2015-12-10
STO,NYSE,Stock,USD,2001-06-18,2018-05-16
STOK,NASDAQ,Stock,USD,2019-06-19,2026-06-17
STON,NYSE,Stock,USD,2004-09-15,2022-11-03
STOR,NYSE,Stock,USD,2014-11-18,2023-02-03
STPC,NYSE,Stock,USD,2021-02-26,2021-09-29
STPC-U,NYSE,Stock,USD,2021-01-06,2021-09-29
STPK-U,NYSE,Stock,USD,2020-08-18,2021-04-28
STR,NYSE,Stock,USD,1987-12-29,2016-09-26
STR,NYSE,Stock,USD,2017-09-08,2025-08-18
STR-WS,AMEX,Stock,USD,2022-06-14,2022-12-28
STRA,NASDAQ,Stock,USD,1996-07-26,2026-06-17
STRC,NASDAQ,Stock,USD,2025-07-30,2026-06-17
STRD,NASDAQ,Stock,USD,2025-06-06,2026-06-17
STRD,NASDAQ,Stock,USD,2025-06-06,2026-05-28
STRDW,NASDAQ,Stock,USD,2022-06-06,2022-06-13
STRE,NYSE,Stock,USD,2021-05-14,2023-03-24
STRE-U,NYSE,Stock,USD,2021-03-23,2023-03-24
STRE-WS,NYSE,Stock,USD,2021-05-13,2023-03-24
STRF,NASDAQ,Stock,USD,2025-03-26,2026-06-17
STRK,NASDAQ,Stock,USD,2025-02-06,2026-06-17
STRL,NASDAQ,Stock,USD,1995-08-18,2026-06-17
STRM,NASDAQ,Stock,USD,1996-04-18,2026-06-17
STRO,NASDAQ,Stock,USD,2018-09-27,2026-06-17
STRP,NYSE,Stock,USD,2013-07-24,2018-03-01
STRR,NASDAQ,Stock,USD,2003-03-18,2026-06-17
STRR,NASDAQ,Stock,USD,2004-06-10,2025-08-21
STRRP,NASDAQ,Stock,USD,2025-08-22,2026-06-17
STRRP,NASDAQ,Stock,USD,2019-09-13,2025-08-21
STRS,NASDAQ,Stock,USD,1993-03-04,2026-06-17
STRT,NASDAQ,Stock,USD,1995-02-24,2026-06-17
STRW,AMEX,Stock,USD,2022-09-21,2026-06-17
STRZ,NASDAQ,Stock,USD,2025-05-07,2026-06-17
STRZA,NASDAQ,Stock,USD,2016-01-04,2016-12-16
STRZB,NASDAQ,Stock,USD,2006-05-15,2017-07-14
STS,NYSE,Stock,USD,1992-03-17,2017-09-28
STSA,NASDAQ,Stock,USD,1991-11-25,2014-04-23
STSA,NASDAQ,Stock,USD,2019-09-13,2023-06-08
STSI,NASDAQ,Stock,USD,1999-03-22,2014-06-03
STST,NYSE,Stock,USD,2002-04-09,2014-04-21
STT,NYSE,Stock,USD,1986-07-09,2026-06-17
STT-P-C,NYSE,Stock,USD,2014-09-22,2020-03-13
STT-P-C-CL,NYSE,Stock,USD,2020-02-13,2020-03-13
STT-P-D,NYSE,Stock,USD,2014-09-22,2024-03-14
STT-P-E,NYSE,Stock,USD,2014-12-01,2019-12-13
STT-P-E-CL,NYSE,Stock,USD,2019-11-07,2019-12-13
STT-P-G,NYSE,Stock,USD,2007-02-12,2026-06-17
STTK,NASDAQ,Stock,USD,2020-10-09,2026-06-17
STUB,NYSE,Stock,USD,2025-09-17,2026-06-17
STV,NYSE,Stock,USD,2007-10-05,2017-07-17
STVN,NYSE,Stock,USD,2021-07-16,2026-06-17
STWD,NYSE,Stock,USD,2009-08-12,2026-06-17
STWO,NASDAQ,Stock,USD,2020-11-30,2021-10-08
STWOU,NASDAQ,Stock,USD,2020-09-17,2021-10-08
STX,NASDAQ,Stock,USD,2002-12-11,2026-06-17
STXB,NASDAQ,Stock,USD,2018-05-04,2022-04-08
STXN,NASDAQ,Stock,USD,2007-03-29,2010-05-28
STXS,AMEX,Stock,USD,2004-08-12,2026-06-17
STXSW,NASDAQ,Stock,USD,2015-09-15,2015-10-12
STZ,NYSE,Stock,USD,1992-03-17,2026-06-17
STZ-B,NYSE,Stock,USD,2002-07-17,2022-11-10
SU,NYSE,Stock,USD,1993-12-01,2026-06-17
SUBK,NASDAQ,Stock,USD,1992-03-03,2015-12-17
SUG,NYSE,Stock,USD,2007-09-26,2013-04-03
SUGP,NASDAQ,Stock,USD,2025-08-22,2026-06-17
SUGP,NASDAQ,Stock,USD,2024-01-24,2025-08-22
SUI,NYSE,Stock,USD,1993-12-09,2026-06-17
SUI-P-A,NYSE,Stock,USD,1993-12-09,2017-11-13
SUIG,NASDAQ,Stock,USD,2016-03-21,2026-06-17
SUJA,NASDAQ,Stock,USD,2026-05-07,2026-06-17
SUM,NYSE,Stock,USD,2015-03-12,2025-02-10
SUMA,NASDAQ,Stock,USD,2026-04-20,2026-06-17
SUMAR,NASDAQ,Stock,USD,2026-04-20,2026-06-17
SUMAU,NASDAQ,Stock,USD,2026-03-11,2026-06-17
SUMO,NASDAQ,Stock,USD,2020-09-17,2023-06-01
SUMR,NASDAQ,Stock,USD,2007-03-07,2022-06-22
SUMT,NASDAQ,Stock,USD,1997-01-02,2009-08-06
SUN,NYSE,Stock,USD,2012-09-20,2026-06-17
SUNB,NYSE,Stock,USD,2026-03-02,2026-06-17
SUNC,NYSE,Stock,USD,2025-11-06,2026-06-17
SUNE,NASDAQ,Stock,USD,1990-03-26,2026-06-17
SUNE,NYSE,Stock,USD,1995-07-13,2016-04-21
SUNH,NASDAQ,Stock,USD,2010-11-08,2012-12-20
SUNL-WS,NYSE,Stock,USD,2021-07-12,2023-09-25
SUNS,NASDAQ,Stock,USD,2011-02-25,2026-06-17
SUNSV,NASDAQ,Stock,USD,2024-07-09,2024-07-09
SUPN,NASDAQ,Stock,USD,2012-05-01,2026-06-17
SUPV,NYSE,Stock,USD,2016-05-19,2026-06-17
SUPX,NASDAQ,Stock,USD,2024-04-17,2026-06-17
SUPX,NASDAQ,Stock,USD,1990-03-27,2014-04-09
SURF,NASDAQ,Stock,USD,2018-04-19,2023-09-08
SURG,NASDAQ,Stock,USD,2005-09-22,2026-06-17
SURGW,NASDAQ,Stock,USD,2021-11-02,2026-06-17
SURW,NASDAQ,Stock,USD,2008-05-13,2012-07-19
SUSQ,NASDAQ,Stock,USD,1990-03-26,2015-08-10
SUSS,NYSE,Stock,USD,2006-10-19,2014-08-29
SUZ,NYSE,Stock,USD,2007-08-16,2026-06-17
SVA,NASDAQ,Stock,USD,2003-11-03,2026-06-17
SVAC,NASDAQ,Stock,USD,2025-09-30,2026-06-17
SVACU,NASDAQ,Stock,USD,2020-09-10,2021-07-29
SVACU,NASDAQ,Stock,USD,2025-09-04,2026-06-17
SVACW,NASDAQ,Stock,USD,2025-09-30,2026-06-17
SVAQ,NASDAQ,Stock,USD,2026-02-12,2026-06-17
SVAQU,NASDAQ,Stock,USD,2025-12-23,2026-06-17
SVAQW,NASDAQ,Stock,USD,2026-02-12,2026-06-17
SVBI,NASDAQ,Stock,USD,2001-01-02,2021-11-22
SVC,NASDAQ,Stock,USD,1995-08-17,2026-06-17
SVCC,NASDAQ,Stock,USD,2025-03-24,2026-06-17
SVCCU,NASDAQ,Stock,USD,2025-01-30,2026-06-17
SVCCW,NASDAQ,Stock,USD,2025-03-24,2026-06-17
SVCO,NASDAQ,Stock,USD,2024-05-09,2026-06-17
SVFA,NASDAQ,Stock,USD,2021-01-27,2023-01-26
SVFAU,NASDAQ,Stock,USD,2021-01-08,2023-01-26
SVFAW,NASDAQ,Stock,USD,2021-01-27,2023-01-26
SVFB,NASDAQ,Stock,USD,2021-03-09,2023-03-09
SVIV,NASDAQ,Stock,USD,2026-03-02,2026-06-17
SVIVU,NASDAQ,Stock,USD,2026-02-10,2026-06-17
SVIVW,NASDAQ,Stock,USD,2026-03-02,2026-06-17
SVLC,NYSE,Stock,USD,2012-01-17,2015-10-12
SVLF,NASDAQ,Stock,USD,2008-01-15,2011-05-27
SVM,AMEX,Stock,USD,2005-05-02,2026-06-17
SVMH,NASDAQ,Stock,USD,2023-12-08,2026-06-17
SVMHW,NASDAQ,Stock,USD,2023-12-11,2026-06-17
SVN,NYSE,Stock,USD,2009-11-23,2013-10-17
SVNA,NASDAQ,Stock,USD,2021-12-27,2023-05-09
SVNAU,NASDAQ,Stock,USD,2021-11-05,2023-05-09
SVNAW,NASDAQ,Stock,USD,2021-12-23,2023-05-09
SVNTQ,NASDAQ,Stock,USD,2003-06-23,2014-06-02
SVOKU,NASDAQ,Stock,USD,2020-12-18,2021-12-08
SVR,NYSE,Stock,USD,2011-01-12,2011-11-30
SVRA,NASDAQ,Stock,USD,2004-04-29,2026-06-17
SVRE,NASDAQ,Stock,USD,2022-06-03,2026-06-17
SVREW,NASDAQ,Stock,USD,2022-06-03,2026-06-17
SVRN,NASDAQ,Stock,USD,2021-11-30,2026-06-17
SVSVU,NASDAQ,Stock,USD,2020-11-24,2022-05-02
SVU,NYSE,Stock,USD,1985-07-01,2018-12-14
SVV,NYSE,Stock,USD,2023-06-29,2026-06-17
SVVS,NASDAQ,Stock,USD,2001-01-02,2011-07-25
SW,NYSE,Stock,USD,2024-07-08,2026-06-17
SWAG,NASDAQ,Stock,USD,2021-11-09,2026-06-17
SWAGU,NASDAQ,Stock,USD,2021-07-29,2022-08-29
SWAGW,NASDAQ,Stock,USD,2021-11-09,2026-06-17
SWAV,NASDAQ,Stock,USD,2019-03-07,2024-05-31
SWAY,NYSE,Stock,USD,2014-01-22,2016-01-05
SWBI,NASDAQ,Stock,USD,1999-08-17,2026-06-17
SWBIV,NASDAQ,Stock,USD,2020-08-20,2020-08-24
SWBK-U,NYSE,Stock,USD,2021-01-08,2021-11-04
SWC,NYSE,Stock,USD,1994-12-19,2017-05-12
SWCH,NYSE,Stock,USD,2017-10-06,2022-12-05
SWET,NASDAQ,Stock,USD,2021-03-05,2022-12-29
SWETU,NASDAQ,Stock,USD,2021-01-12,2022-12-01
SWETW,NASDAQ,Stock,USD,2021-03-05,2022-12-01
SWFT,NYSE,Stock,USD,2010-12-16,2017-09-28
SWH,NYSE,Stock,USD,2016-01-04,2016-11-25
SWHC,NASDAQ,Stock,USD,1999-08-17,2016-12-30
SWI,NYSE,Stock,USD,2018-10-19,2025-04-16
SWI-W,NYSE,Stock,USD,2021-07-13,2021-07-13
SWIM,NASDAQ,Stock,USD,2021-04-23,2026-06-17
SWIM,NYSE,Stock,USD,2002-11-14,2009-06-26
SWIN,NASDAQ,Stock,USD,2023-09-07,2025-10-09
SWIR,NASDAQ,Stock,USD,2000-05-05,2023-01-12
SWJ-CL,NYSE,Stock,USD,2012-07-26,2020-01-15
SWK,NYSE,Stock,USD,1985-07-01,2026-06-17
SWKH,NASDAQ,Stock,USD,2009-06-01,2026-04-07
SWKHL,NASDAQ,Stock,USD,2023-10-04,2026-06-17
SWKS,NASDAQ,Stock,USD,1984-09-07,2026-06-17
SWMR,NASDAQ,Stock,USD,2026-03-17,2026-06-17
SWN,NYSE,Stock,USD,1987-12-30,2024-10-01
SWNC,NYSE,Stock,USD,2015-01-16,2018-01-16
SWP,NYSE,Stock,USD,2017-05-12,2020-05-14
SWS,NYSE,Stock,USD,1991-10-11,2015-01-08
SWSH,NASDAQ,Stock,USD,2016-01-04,2016-06-07
SWSI,NASDAQ,Stock,USD,1997-02-25,2011-09-19
SWT,NYSE,Stock,USD,2019-11-08,2022-11-14
SWTX,NASDAQ,Stock,USD,2019-09-13,2025-07-01
SWTX,NASDAQ,Stock,USD,2011-03-30,2011-12-16
SWU,NYSE,Stock,USD,2011-05-10,2015-11-24
SWVL,NASDAQ,Stock,USD,2022-03-31,2026-06-17
SWVLW,NASDAQ,Stock,USD,2022-04-01,2026-06-17
SWWC,NASDAQ,Stock,USD,2001-01-02,2010-09-30
SWX,NYSE,Stock,USD,1987-12-30,2026-06-17
SWY,NYSE,Stock,USD,1990-04-26,2015-02-09
SXC,NYSE,Stock,USD,2011-07-21,2026-06-17
SXCL,NASDAQ,Stock,USD,2006-12-28,2017-02-23
SXCP,NYSE,Stock,USD,2013-01-18,2019-06-27
SXI,NYSE,Stock,USD,1987-12-30,2026-06-17
SXT,NYSE,Stock,USD,1988-01-05,2026-06-17
SXTC,NASDAQ,Stock,USD,2019-01-04,2026-06-17
SXTP,NASDAQ,Stock,USD,2023-07-12,2026-06-17
SXTPW,NASDAQ,Stock,USD,2023-07-12,2026-06-17
SY,NASDAQ,Stock,USD,2019-05-02,2026-06-17
SYA,NYSE,Stock,USD,2010-01-22,2016-02-09
SYBT,NASDAQ,Stock,USD,1993-03-26,2026-06-17
SYF,NYSE,Stock,USD,2014-07-31,2026-06-17
SYF-P-A,NYSE,Stock,USD,2019-11-07,2026-06-17
SYF-P-B,NYSE,Stock,USD,2024-02-29,2026-06-17
SYK,NYSE,Stock,USD,1988-02-01,2026-06-17
SYKE,NASDAQ,Stock,USD,1996-04-30,2021-08-27
SYM,NASDAQ,Stock,USD,2021-03-09,2026-06-17
SYMX,NASDAQ,Stock,USD,2007-08-08,2017-12-01
SYNA,NASDAQ,Stock,USD,2002-01-29,2026-06-17
SYNC,NASDAQ,Stock,USD,2012-02-13,2021-04-01
SYNH,NASDAQ,Stock,USD,2014-11-07,2023-09-28
SYNM,NASDAQ,Stock,USD,2006-12-28,2014-06-09
SYNT,NASDAQ,Stock,USD,1997-08-12,2018-10-10
SYNX,AMEX,Stock,USD,2024-01-12,2026-06-17
SYPR,NASDAQ,Stock,USD,1994-05-19,2026-06-17
SYRE,NASDAQ,Stock,USD,2016-04-07,2026-06-17
SYT,NYSE,Stock,USD,2000-11-13,2018-01-22
SYTAW,NASDAQ,Stock,USD,2020-09-25,2026-06-17
SYUT,NASDAQ,Stock,USD,2004-12-21,2017-05-23
SYY,NYSE,Stock,USD,1973-05-08,2026-06-17
SZC-R,NYSE,Stock,USD,2018-02-15,2019-07-17
SZMK,NASDAQ,Stock,USD,2016-01-04,2016-09-28
SZYM,NASDAQ,Stock,USD,2011-05-27,2016-05-10
SZZL,NASDAQ,Stock,USD,2021-11-04,2024-02-27
SZZL,NASDAQ,Stock,USD,2025-05-23,2026-06-17
SZZLR,NASDAQ,Stock,USD,2025-05-23,2026-06-17
SZZLU,NASDAQ,Stock,USD,2025-04-02,2026-06-17
SZZLW,NASDAQ,Stock,USD,2022-02-02,2024-02-27
T,NYSE,Stock,USD,1984-07-19,2026-06-17
T-P-A,NYSE,Stock,USD,2019-12-06,2026-06-17
T-P-C,NYSE,Stock,USD,2020-02-13,2026-06-17
TA,NASDAQ,Stock,USD,2007-02-01,2023-05-15
TABD,NYSE,Stock,USD,2025-12-16,2026-06-17
TAC,NYSE,Stock,USD,2001-07-31,2026-06-17
TACA,NYSE,Stock,USD,2021-01-22,2022-06-09
TACA-U,NYSE,Stock,USD,2020-12-02,2022-06-09
TACA-WS,NYSE,Stock,USD,2021-01-22,2022-06-09
TACH,NASDAQ,Stock,USD,2025-06-02,2026-06-17
TACHU,NASDAQ,Stock,USD,2025-04-09,2026-06-17
TACHW,NASDAQ,Stock,USD,2025-06-02,2026-06-17
TACO,NASDAQ,Stock,USD,2014-01-08,2022-03-08
TACO,NASDAQ,Stock,USD,2025-06-05,2026-06-17
TACOU,NASDAQ,Stock,USD,2025-04-30,2026-06-17
TACOU,NASDAQ,Stock,USD,2013-11-14,2015-06-30
TACOW,NASDAQ,Stock,USD,2014-10-22,2020-06-26
TACOW,NASDAQ,Stock,USD,2025-06-05,2026-06-17
TACT,NASDAQ,Stock,USD,1996-08-22,2026-06-17
TAHO,NYSE,Stock,USD,2010-09-23,2019-03-18
TAK,NYSE,Stock,USD,2008-10-27,2026-06-17
TAL,NYSE,Stock,USD,2010-10-20,2026-06-17
TALK,NASDAQ,Stock,USD,2020-07-30,2026-06-17
TALKW,NASDAQ,Stock,USD,2020-07-30,2026-06-17
TALO,NYSE,Stock,USD,2018-05-10,2026-06-17
TALV,NYSE,Stock,USD,2025-12-16,2026-06-17
TAM,NYSE,Stock,USD,2000-01-03,2014-12-05
TANH,NASDAQ,Stock,USD,2015-03-24,2026-06-17
TANNI,NASDAQ,Stock,USD,2013-01-22,2023-06-06
TANNL,NASDAQ,Stock,USD,2014-12-19,2023-06-06
TANNZ,NASDAQ,Stock,USD,2015-10-09,2023-06-06
TAOM,NYSE,Stock,USD,2016-01-04,2016-06-22
TAOP,NASDAQ,Stock,USD,2006-09-12,2026-06-17
TAOX,NASDAQ,Stock,USD,2020-12-08,2026-06-17
TAP,NYSE,Stock,USD,1984-09-07,2026-06-17
TAP-A,NYSE,Stock,USD,2006-02-27,2026-06-17
TARA,NASDAQ,Stock,USD,2014-10-22,2026-06-17
TARO,NYSE,Stock,USD,1993-04-01,2024-06-24
TARS,NASDAQ,Stock,USD,2020-10-16,2026-06-17
TASIF,NYSE,Stock,USD,2016-01-04,2016-09-02
TASK,NASDAQ,Stock,USD,2021-06-11,2026-06-17
TAST,NASDAQ,Stock,USD,2006-12-15,2024-05-16
TATT,NASDAQ,Stock,USD,1993-03-11,2026-06-17
TAVI,NASDAQ,Stock,USD,2024-12-20,2026-06-17
TAVIR,NASDAQ,Stock,USD,2024-12-20,2026-06-17
TAVIU,NASDAQ,Stock,USD,2024-12-04,2026-06-17
TAYD,NASDAQ,Stock,USD,1995-08-18,2026-06-17
TBB,NYSE,Stock,USD,2017-11-06,2026-06-17
TBBB,NYSE,Stock,USD,2024-02-09,2026-06-17
TBBK,NASDAQ,Stock,USD,2004-02-03,2026-06-17
TBC,NYSE,Stock,USD,2018-08-08,2024-12-13
TBCH,NASDAQ,Stock,USD,2010-10-05,2026-06-17
TBCP,NASDAQ,Stock,USD,2021-04-01,2023-12-11
TBCPU,NASDAQ,Stock,USD,2021-02-05,2023-12-11
TBCPW,NASDAQ,Stock,USD,2021-03-31,2023-12-11
TBH,NASDAQ,Stock,USD,2025-03-06,2026-06-17
TBHC,NASDAQ,Stock,USD,2025-07-28,2026-06-17
TBI,NYSE,Stock,USD,1995-02-01,2026-06-17
TBIO,NASDAQ,Stock,USD,2018-06-28,2022-02-28
TBL,NYSE,Stock,USD,2006-12-28,2011-11-30
TBLA,NASDAQ,Stock,USD,2021-06-30,2026-06-17
TBLAW,NASDAQ,Stock,USD,2020-10-28,2026-06-17
TBLD,NASDAQ,Stock,USD,2021-07-28,2026-06-17
TBLTU,NASDAQ,Stock,USD,2018-11-13,2019-11-21
TBLTW,NASDAQ,Stock,USD,2018-12-03,2023-11-09
TBMC,NASDAQ,Stock,USD,2023-05-15,2026-06-17
TBMCR,NASDAQ,Stock,USD,2023-05-15,2026-06-17
TBMCU,NASDAQ,Stock,USD,2023-03-29,2023-05-12
TBN,NYSE,Stock,USD,2024-06-27,2026-06-17
TBNK,NASDAQ,Stock,USD,2009-07-13,2026-06-17
TBPH,NASDAQ,Stock,USD,2014-05-16,2026-06-17
TBRA,NASDAQ,Stock,USD,2016-01-04,2016-11-02
TBRG,NASDAQ,Stock,USD,2002-05-21,2026-06-17
TBRGU,NASDAQ,Stock,USD,2018-06-19,2019-07-11
TBSA,NASDAQ,Stock,USD,2021-06-09,2023-03-13
TBSAU,NASDAQ,Stock,USD,2021-03-23,2023-03-13
TBSAW,NASDAQ,Stock,USD,2021-05-18,2023-03-13
TC,NASDAQ,Stock,USD,2018-11-20,2026-06-17
TC,NASDAQ,Stock,USD,2006-06-08,2016-01-14
TCAC,NASDAQ,Stock,USD,2021-04-06,2022-06-14
TCACU,NASDAQ,Stock,USD,2021-02-12,2022-06-14
TCAP,NYSE,Stock,USD,2007-02-22,2018-08-02
TCB-P-B,NYSE,Stock,USD,1989-06-30,2017-05-05
TCB-P-C,NYSE,Stock,USD,1989-06-30,2017-05-05
TCB-WS,NYSE,Stock,USD,1989-06-30,2017-05-05
TCBI,NASDAQ,Stock,USD,2003-08-14,2026-06-17
TCBIL,NASDAQ,Stock,USD,2012-09-28,2021-06-21
TCBIO,NASDAQ,Stock,USD,2021-02-25,2026-06-17
TCBIP,NASDAQ,Stock,USD,2013-03-25,2021-06-14
TCBIW,NASDAQ,Stock,USD,2010-03-12,2019-01-16
TCBK,NASDAQ,Stock,USD,1993-04-20,2026-06-17
TCBS,NASDAQ,Stock,USD,2021-07-16,2026-06-17
TCBX,NYSE,Stock,USD,2021-11-09,2026-06-17
TCC,NYSE,Stock,USD,2012-03-05,2015-05-18
TCCA,NYSE,Stock,USD,2012-10-23,2018-08-30
TCCB,NYSE,Stock,USD,2015-02-10,2018-08-30
TCDA,NASDAQ,Stock,USD,2023-01-23,2023-01-23
TCF,NYSE,Stock,USD,1989-06-30,2019-07-31
TCF,NASDAQ,Stock,USD,1992-03-11,2021-06-09
TCF-P-B,NYSE,Stock,USD,2016-01-04,2017-10-13
TCF-P-C,NYSE,Stock,USD,2017-05-08,2018-02-28
TCF-P-D,NYSE,Stock,USD,2017-09-08,2019-07-31
TCF-WS,NYSE,Stock,USD,2017-05-08,2018-11-09
TCFCP,NASDAQ,Stock,USD,2019-08-02,2021-06-09
TCGP,NASDAQ,Stock,USD,2017-09-07,2019-10-04
TCI,NYSE,Stock,USD,1987-11-05,2026-06-17
TCMD,NASDAQ,Stock,USD,2016-07-28,2026-06-17
TCN,NYSE,Stock,USD,2017-10-02,2024-05-01
TCO,NYSE,Stock,USD,1992-11-20,2020-12-29
TCO-P-J,NYSE,Stock,USD,2014-09-22,2021-09-17
TCO-P-K,NYSE,Stock,USD,2014-09-22,2021-09-17
TCOM,NASDAQ,Stock,USD,2003-12-09,2026-06-17
TCP,NYSE,Stock,USD,1999-05-25,2021-03-16
TCPA,NYSE,Stock,USD,2025-10-15,2026-06-17
TCPC,NASDAQ,Stock,USD,2012-04-04,2026-06-17
TCPI,NYSE,Stock,USD,2016-01-04,2016-12-02
TCRR,NASDAQ,Stock,USD,2019-02-14,2023-06-01
TCRT,NASDAQ,Stock,USD,2005-08-24,2026-06-17
TCRX,NYSE,Stock,USD,2014-11-24,2018-11-02
TCRX,NASDAQ,Stock,USD,2021-07-16,2026-06-17
TCRX-CL,NYSE,Stock,USD,2018-10-08,2018-11-02
TCVA,NASDAQ,Stock,USD,2021-04-14,2023-04-13
TCX,NASDAQ,Stock,USD,1996-04-30,2026-06-17
TD,NYSE,Stock,USD,1996-08-30,2026-06-17
TDA,NYSE,Stock,USD,2012-12-04,2021-10-13
TDAC,NASDAQ,Stock,USD,2025-02-13,2026-06-17
TDACU,NASDAQ,Stock,USD,2024-12-23,2026-06-17
TDACU,NASDAQ,Stock,USD,2018-05-30,2021-10-29
TDACW,NASDAQ,Stock,USD,2026-05-28,2026-06-17
TDAY,NYSE,Stock,USD,2014-02-04,2026-06-17
TDBK,NASDAQ,Stock,USD,2005-12-07,2017-06-12
TDC,NYSE,Stock,USD,2007-10-01,2026-06-17
TDCX,NYSE,Stock,USD,2021-10-01,2024-06-18
TDE,NYSE,Stock,USD,2011-05-10,2021-05-11
TDG,NYSE,Stock,USD,2006-03-15,2026-06-17
TDI,NYSE,Stock,USD,2005-04-12,2021-08-31
TDIC,NASDAQ,Stock,USD,2025-07-23,2026-06-17
TDJ,NYSE,Stock,USD,2011-03-28,2021-05-11
TDOC,NYSE,Stock,USD,2015-07-01,2026-06-17
TDS,NYSE,Stock,USD,1991-09-18,2026-06-17
TDS-P-U,NYSE,Stock,USD,2021-02-24,2026-06-17
TDS-P-V,NYSE,Stock,USD,2021-08-10,2026-06-17
TDTH,NASDAQ,Stock,USD,2024-09-10,2026-06-17
TDUP,NASDAQ,Stock,USD,2021-03-26,2026-06-17
TDW,NYSE,Stock,USD,1987-12-30,2026-06-17
TDW-WS-A,NYSE,Stock,USD,2017-10-05,2023-07-26
TDW-WS-B,NYSE,Stock,USD,2017-10-05,2023-07-26
TDWD,NASDAQ,Stock,USD,2025-12-08,2026-06-17
TDWDR,NASDAQ,Stock,USD,2025-12-08,2026-06-17
TDWDU,NASDAQ,Stock,USD,2025-11-07,2026-06-17
TDY,NYSE,Stock,USD,1999-11-23,2026-06-17
TE,NYSE,Stock,USD,2021-07-08,2026-06-17
TE-WS,NYSE,Stock,USD,2025-03-03,2026-06-17
TE1,NYSE,Stock,USD,1993-08-31,2016-07-11
TEA,NYSE,Stock,USD,2011-07-28,2012-12-31
TEAD,NASDAQ,Stock,USD,2021-07-23,2026-06-17
TEAD,NASDAQ,Stock,USD,2026-05-28,2026-05-28
TEAF,NYSE,Stock,USD,2019-03-27,2025-11-07
TEAM,NASDAQ,Stock,USD,2015-12-10,2026-06-17
TECD,NASDAQ,Stock,USD,1990-03-26,2020-06-30
TECH,NASDAQ,Stock,USD,1992-12-09,2026-06-17
TECK,NYSE,Stock,USD,2002-07-18,2026-06-17
TECTP,NASDAQ,Stock,USD,2019-05-30,2026-06-17
TECU,NASDAQ,Stock,USD,1990-03-26,2015-09-21
TECUA,NASDAQ,Stock,USD,1995-08-18,2014-05-01
TECX,NASDAQ,Stock,USD,2018-06-21,2026-06-17
TEG,NYSE,Stock,USD,1988-01-05,2015-06-29
TEGP,NYSE,Stock,USD,2015-05-07,2018-06-29
TEKK,NASDAQ,Stock,USD,2020-12-29,2022-10-27
TEKKU,NASDAQ,Stock,USD,2020-10-22,2022-10-27
TEKKW,NASDAQ,Stock,USD,2020-12-29,2022-10-27
TEL,NYSE,Stock,USD,2007-06-14,2024-09-27
TEL,NYSE,Stock,USD,2007-06-14,2026-06-17
TELA,NASDAQ,Stock,USD,2019-11-08,2026-06-17
TELO,NASDAQ,Stock,USD,2024-02-09,2026-06-17
TEM,NASDAQ,Stock,USD,2024-06-14,2026-06-17
TEMD,NYSE,Stock,USD,2026-01-22,2026-06-17
TEN,NYSE,Stock,USD,1982-01-04,2022-11-16
TEN,NYSE,Stock,USD,2002-03-05,2026-06-17
TEN-P-E,NYSE,Stock,USD,2017-04-04,2026-06-17
TEN-P-F,NYSE,Stock,USD,2018-06-22,2026-06-17
TENB,NASDAQ,Stock,USD,2018-07-26,2026-06-17
TENKR,NASDAQ,Stock,USD,2022-12-08,2024-08-12
TENKU,NASDAQ,Stock,USD,2022-10-14,2024-08-12
TENX,NASDAQ,Stock,USD,1997-01-02,2026-06-17
TEO,NYSE,Stock,USD,1994-12-09,2026-06-17
TEOZF,NYSE,Stock,USD,2018-01-17,2022-08-16
TEP,NYSE,Stock,USD,2013-05-14,2018-07-02
TER,NASDAQ,Stock,USD,1987-03-11,2026-06-17
TERN,NASDAQ,Stock,USD,2021-02-05,2026-05-05
TERP,NASDAQ,Stock,USD,2014-07-18,2020-07-31
TESO,NASDAQ,Stock,USD,1996-12-02,2017-12-15
TESS,NASDAQ,Stock,USD,1994-09-29,2023-07-17
TETC,NASDAQ,Stock,USD,2021-05-20,2023-03-28
TETCU,NASDAQ,Stock,USD,2021-03-17,2023-03-28
TETCW,NASDAQ,Stock,USD,2021-05-14,2023-03-28
TETE,NASDAQ,Stock,USD,2022-03-09,2026-06-17
TETEU,NASDAQ,Stock,USD,2022-01-18,2026-06-17
TETEW,NASDAQ,Stock,USD,2022-03-14,2026-06-17
TEUM,NASDAQ,Stock,USD,2001-01-02,2022-10-21
TEVA,NYSE,Stock,USD,1990-03-26,2026-06-17
TEWS,NYSE,Stock,USD,2021-07-12,2022-12-23
TEX,NYSE,Stock,USD,1990-03-26,2026-06-17
TFC,NYSE,Stock,USD,1990-03-26,2026-06-17
TFC-P-F,NYSE,Stock,USD,2012-10-26,2021-02-26
TFC-P-G,NYSE,Stock,USD,2013-04-30,2021-02-26
TFC-P-H,NYSE,Stock,USD,2016-03-11,2021-05-28
TFC-P-I,NYSE,Stock,USD,2019-12-10,2026-06-17
TFC-P-O,NYSE,Stock,USD,2020-05-20,2026-06-17
TFC-P-R,NYSE,Stock,USD,2020-07-31,2026-06-17
TFCF,NASDAQ,Stock,USD,1987-12-30,2019-03-20
TFCFA,NASDAQ,Stock,USD,1996-03-11,2019-03-20
TFFP,NASDAQ,Stock,USD,2019-10-25,2026-06-17
TFG,NYSE,Stock,USD,2016-01-04,2016-10-11
TFII,NYSE,Stock,USD,2008-05-20,2026-06-17
TFIN,NYSE,Stock,USD,2014-11-07,2026-06-17
TFIN-P,NYSE,Stock,USD,2025-08-19,2026-06-17
TFINP,NYSE,Stock,USD,2020-06-18,2026-06-17
TFM,NASDAQ,Stock,USD,2010-11-04,2016-04-28
TFPM,NYSE,Stock,USD,2021-09-30,2026-06-17
TFSA,NYSE,Stock,USD,2021-02-11,2026-03-31
TFSCR,NASDAQ,Stock,USD,2016-01-05,2016-07-19
TFSCU,NASDAQ,Stock,USD,2016-01-05,2016-07-19
TFSCW,NASDAQ,Stock,USD,2014-08-07,2021-07-20
TFSL,NASDAQ,Stock,USD,2007-04-23,2026-06-17
TFX,NYSE,Stock,USD,1988-02-18,2026-06-17
TG,NYSE,Stock,USD,1990-01-12,2026-06-17
TGAN,NASDAQ,Stock,USD,2020-07-29,2024-06-28
TGB,AMEX,Stock,USD,1994-06-02,2026-06-17
TGD,NYSE,Stock,USD,2008-06-25,2017-05-15
TGE,NYSE,Stock,USD,1994-09-22,2019-01-09
TGE,NYSE,Stock,USD,2015-05-07,2020-04-16
TGE,NYSE,Stock,USD,2025-06-05,2026-06-17
TGE-WS,AMEX,Stock,USD,2025-06-05,2026-06-17
TGEN,AMEX,Stock,USD,2014-05-20,2026-06-17
TGH,NYSE,Stock,USD,2007-10-10,2024-03-14
TGH-P-A,NYSE,Stock,USD,2021-04-07,2024-04-12
TGH-P-B,NYSE,Stock,USD,2021-08-17,2024-04-12
TGHL,NASDAQ,Stock,USD,2025-08-28,2026-06-17
TGI,NYSE,Stock,USD,1996-10-25,2025-07-24
TGICQ,NASDAQ,Stock,USD,1993-10-22,2018-04-30
TGL,NASDAQ,Stock,USD,2022-08-11,2026-06-17
TGLS,NYSE,Stock,USD,2012-05-10,2026-06-17
TGNA,NYSE,Stock,USD,1985-07-01,2026-03-20
TGNA-W,NYSE,Stock,USD,2015-06-26,2017-05-31
TGP,NYSE,Stock,USD,2005-05-05,2022-01-12
TGR,NYSE,Stock,USD,2022-03-28,2023-05-08
TGR-U,NYSE,Stock,USD,2022-02-04,2023-05-08
TGR-WS,NYSE,Stock,USD,2022-03-28,2023-05-08
TGS,NYSE,Stock,USD,1994-11-17,2026-06-17
TGT,NYSE,Stock,USD,1983-04-06,2026-06-17
TGTX,NASDAQ,Stock,USD,2010-05-03,2026-06-17
TGVC,NASDAQ,Stock,USD,2021-11-22,2024-03-15
TGVCU,NASDAQ,Stock,USD,2021-11-03,2024-03-08
TGVCW,NASDAQ,Stock,USD,2021-11-22,2024-03-15
TGX,NYSE,Stock,USD,2006-12-28,2013-10-29
TH,NASDAQ,Stock,USD,2013-07-25,2026-06-17
THAC,NASDAQ,Stock,USD,2021-12-08,2023-01-25
THACU,NASDAQ,Stock,USD,2021-10-21,2023-01-25
THACW,NASDAQ,Stock,USD,2021-12-08,2023-01-25
THBR,NASDAQ,Stock,USD,2019-10-04,2021-06-10
THBRU,NASDAQ,Stock,USD,2019-08-09,2021-06-10
THBRW,NASDAQ,Stock,USD,2019-10-04,2021-06-10
THC,NYSE,Stock,USD,1982-01-04,2026-06-17
THCA,NASDAQ,Stock,USD,2019-07-30,2022-12-23
THCAU,NASDAQ,Stock,USD,2019-07-12,2022-12-23
THCAW,NASDAQ,Stock,USD,2019-08-13,2022-12-23
THCBU,NASDAQ,Stock,USD,2019-03-05,2021-07-23
THCH,NASDAQ,Stock,USD,2022-09-29,2026-06-17
THCHW,NASDAQ,Stock,USD,2021-03-09,2026-06-17
THCP,NASDAQ,Stock,USD,2021-09-09,2024-12-10
THCPU,NASDAQ,Stock,USD,2021-06-30,2024-12-10
THCPW,NASDAQ,Stock,USD,2021-09-01,2024-12-10
THFF,NASDAQ,Stock,USD,1992-03-03,2026-06-17
THG,NYSE,Stock,USD,1995-10-11,2026-06-17
THGA,NYSE,Stock,USD,2013-04-01,2020-09-22
THH,NASDAQ,Stock,USD,2025-08-28,2026-06-17
THI,NYSE,Stock,USD,2006-03-24,2014-12-22
THM,AMEX,Stock,USD,2007-05-01,2026-06-17
THMAU,NASDAQ,Stock,USD,2021-02-02,2021-12-03
THMD,NASDAQ,Stock,USD,2006-05-08,2010-12-13
THMR,NYSE,Stock,USD,2026-04-09,2026-06-17
THO,NYSE,Stock,USD,1987-12-30,2026-06-17
THOR,NASDAQ,Stock,USD,1996-01-02,2020-01-23
THR,NYSE,Stock,USD,2011-05-05,2026-06-17
THRD,NASDAQ,Stock,USD,2022-09-14,2026-06-17
THRD,NASDAQ,Stock,USD,1994-07-13,2014-11-03
THRM,NASDAQ,Stock,USD,1993-06-10,2026-06-17
THRN,NASDAQ,Stock,USD,2021-09-23,2023-10-16
THRX,NASDAQ,Stock,USD,2021-10-07,2024-02-14
THRX,NASDAQ,Stock,USD,2004-10-05,2016-01-08
THRY,NASDAQ,Stock,USD,2020-10-01,2026-06-17
THS,NYSE,Stock,USD,2005-06-28,2026-02-11
THTI,NASDAQ,Stock,USD,2009-12-16,2021-09-08
THTX,NASDAQ,Stock,USD,2016-01-04,2025-09-25
THWWW,NASDAQ,Stock,USD,2018-03-12,2024-03-13
TI,NYSE,Stock,USD,2003-10-09,2019-08-07
TI-A,NYSE,Stock,USD,2003-10-09,2019-08-07
TIBR,NASDAQ,Stock,USD,2018-04-10,2020-03-17
TIBRU,NASDAQ,Stock,USD,2018-03-16,2020-03-17
TIBRW,NASDAQ,Stock,USD,2018-04-10,2020-03-17
TIBX,NASDAQ,Stock,USD,1999-07-14,2014-12-30
TIC,NYSE,Stock,USD,2025-02-20,2026-06-17
TICC,NASDAQ,Stock,USD,2003-11-24,2018-03-22
TICCL,NASDAQ,Stock,USD,2017-04-17,2018-03-22
TIE,NYSE,Stock,USD,2006-12-28,2013-01-07
TIF,NYSE,Stock,USD,1987-12-30,2021-01-08
TIG,NASDAQ,Stock,USD,2020-07-16,2023-04-21
TIG,NASDAQ,Stock,USD,2016-12-15,2018-07-31
TIGO,NASDAQ,Stock,USD,2011-05-31,2026-06-17
TIGR,NASDAQ,Stock,USD,2019-03-20,2026-06-17
TIGR,NASDAQ,Stock,USD,1990-12-14,2017-08-04
TII,AMEX,Stock,USD,2018-08-20,2026-06-17
TIL,NASDAQ,Stock,USD,2014-05-20,2018-05-02
TIL,NASDAQ,Stock,USD,2021-03-19,2026-06-17
TILE,NASDAQ,Stock,USD,1990-03-26,2026-06-17
TIMB,NYSE,Stock,USD,2020-10-16,2026-06-17
TIMB-W,NYSE,Stock,USD,2020-10-13,2020-10-15
TIN,NYSE,Stock,USD,2017-01-25,2017-02-03
TINV-U,NYSE,Stock,USD,2020-11-24,2022-11-17
TINY,NASDAQ,Stock,USD,2016-01-04,2017-04-03
TIOA,NASDAQ,Stock,USD,2021-06-10,2023-04-21
TIOAU,NASDAQ,Stock,USD,2021-04-08,2023-04-21
TIOAW,NASDAQ,Stock,USD,2021-06-09,2023-04-21
TIPT,NASDAQ,Stock,USD,2010-10-15,2026-06-17
TIS,NYSE,Stock,USD,2005-07-15,2019-04-01
TISA,NASDAQ,Stock,USD,1996-11-25,2019-05-06
TISI,NYSE,Stock,USD,1992-03-17,2026-06-17
TITN,NASDAQ,Stock,USD,2007-12-13,2026-06-17
TIVO,NASDAQ,Stock,USD,1997-03-13,2020-06-01
TIXT,NYSE,Stock,USD,2021-02-03,2025-10-30
TJGC,NASDAQ,Stock,USD,2025-01-22,2026-06-17
TJX,NYSE,Stock,USD,1988-01-05,2026-06-17
TK,NYSE,Stock,USD,1995-07-20,2026-06-17
TKC,NYSE,Stock,USD,2000-07-11,2026-06-17
TKKSR,NASDAQ,Stock,USD,2018-09-12,2020-02-18
TKKSU,NASDAQ,Stock,USD,2018-08-16,2020-02-18
TKLF,NASDAQ,Stock,USD,2022-01-18,2026-06-17
TKMR,NASDAQ,Stock,USD,2007-07-26,2015-07-31
TKNO,NASDAQ,Stock,USD,2021-06-25,2026-06-17
TKO,NYSE,Stock,USD,2023-09-12,2026-06-17
TKPPY,NYSE,Stock,USD,2016-01-04,2017-01-24
TKR,NYSE,Stock,USD,1985-07-01,2026-06-17
TLC,NASDAQ,Stock,USD,2018-11-21,2021-09-28
TLCVF,NASDAQ,Stock,USD,1997-07-02,2019-07-26
TLF,NASDAQ,Stock,USD,1993-09-27,2026-06-17
TLG,NASDAQ,Stock,USD,2026-03-16,2026-06-17
TLGA-U,NYSE,Stock,USD,2021-01-28,2023-07-31
TLGY,NASDAQ,Stock,USD,2022-01-25,2024-12-06
TLGYU,NASDAQ,Stock,USD,2021-12-01,2024-12-06
TLGYW,NASDAQ,Stock,USD,2022-01-21,2024-12-06
TLIH,NASDAQ,Stock,USD,2025-07-08,2026-06-17
TLK,NYSE,Stock,USD,2001-01-02,2026-06-17
TLLP,NYSE,Stock,USD,2011-04-20,2017-07-31
TLM,NYSE,Stock,USD,1997-10-16,2015-05-18
TLMD,NASDAQ,Stock,USD,2020-01-28,2022-04-06
TLMDW,NASDAQ,Stock,USD,2020-01-28,2022-04-06
TLMR,NASDAQ,Stock,USD,2014-02-11,2016-09-08
TLN,NYSE,Stock,USD,2016-01-04,2016-12-14
TLN,NASDAQ,Stock,USD,2023-06-02,2026-06-17
TLNC,NASDAQ,Stock,USD,2025-10-08,2026-06-17
TLNCU,NASDAQ,Stock,USD,2025-09-09,2026-06-17
TLNCW,NASDAQ,Stock,USD,2025-10-08,2026-06-17
TLND,NASDAQ,Stock,USD,2016-07-29,2021-08-09
TLP,NYSE,Stock,USD,2005-05-25,2019-02-26
TLPH,NASDAQ,Stock,USD,2011-02-11,2026-06-17
TLRA,NYSE,Stock,USD,2013-06-27,2020-03-31
TLRY,NASDAQ,Stock,USD,2018-07-19,2026-06-17
TLS,NASDAQ,Stock,USD,2020-11-19,2026-06-17
TLSA,NASDAQ,Stock,USD,2018-11-20,2026-06-17
TLSI,NASDAQ,Stock,USD,2023-08-10,2026-06-17
TLSIW,NASDAQ,Stock,USD,2023-08-11,2026-06-17
TLSIW,NASDAQ,Stock,USD,2021-02-08,2026-05-28
TLX,NASDAQ,Stock,USD,2024-11-14,2026-06-17
TLYS,NYSE,Stock,USD,2012-05-04,2026-06-17
TM,NYSE,Stock,USD,1976-08-18,2026-06-17
TMAC,NYSE,Stock,USD,2021-03-26,2022-12-01
TMAC-U,NYSE,Stock,USD,2021-02-03,2022-12-01
TMAC-WS,NYSE,Stock,USD,2021-03-26,2022-10-24
TMC,NASDAQ,Stock,USD,2021-09-10,2026-06-17
TMCI,NASDAQ,Stock,USD,2021-04-23,2026-06-17
TMCR,NASDAQ,Stock,USD,2026-04-08,2026-06-17
TMCWW,NASDAQ,Stock,USD,2020-06-26,2026-06-17
TMCX,NASDAQ,Stock,USD,2018-05-31,2019-11-14
TMCXU,NASDAQ,Stock,USD,2018-05-15,2019-11-14
TMCXW,NASDAQ,Stock,USD,2018-05-31,2019-11-14
TMDE,AMEX,Stock,USD,2025-04-21,2026-06-17
TMDI,NASDAQ,Stock,USD,2023-03-09,2023-03-09
TMDX,NASDAQ,Stock,USD,2019-05-02,2026-06-17
TME,NYSE,Stock,USD,2018-12-12,2026-06-17
TMED,NASDAQ,Stock,USD,2015-01-16,2026-06-17
TMH,NYSE,Stock,USD,2016-01-04,2026-05-28
TMHC,NYSE,Stock,USD,2013-04-10,2026-06-17
TMK-P-B,NYSE,Stock,USD,2014-09-22,2017-12-21
TMO,NYSE,Stock,USD,1987-09-01,2026-06-17
TMP,AMEX,Stock,USD,1990-03-28,2026-06-17
TMPM,NASDAQ,Stock,USD,2020-12-29,2022-10-19
TMPMU,NASDAQ,Stock,USD,2020-10-16,2022-10-19
TMPMW,NASDAQ,Stock,USD,2020-12-24,2022-10-19
TMQ,AMEX,Stock,USD,2012-04-25,2026-06-17
TMTC,NASDAQ,Stock,USD,2023-05-01,2026-06-17
TMTCR,NASDAQ,Stock,USD,2023-05-01,2026-06-17
TMTCU,NASDAQ,Stock,USD,2023-03-28,2024-11-21
TMTS,NASDAQ,Stock,USD,2026-04-02,2026-06-17
TMTS,NASDAQ,Stock,USD,2020-11-02,2021-10-28
TMTSU,NASDAQ,Stock,USD,2026-02-11,2026-06-17
TMTSU,NASDAQ,Stock,USD,2020-10-15,2021-10-28
TMTSW,NASDAQ,Stock,USD,2020-11-04,2021-10-28
TMTSW,NASDAQ,Stock,USD,2026-04-02,2026-06-17
TMUS,NASDAQ,Stock,USD,2007-04-19,2026-06-17
TMUSI,NASDAQ,Stock,USD,2025-08-06,2026-06-17
TMUSL,NASDAQ,Stock,USD,2025-08-06,2026-06-17
TMUSP,NASDAQ,Stock,USD,2015-10-27,2017-12-15
TMUSR,NASDAQ,Stock,USD,2020-06-24,2020-07-28
TMUSZ,NASDAQ,Stock,USD,2025-08-06,2026-06-17
TMX,NYSE,Stock,USD,2014-06-26,2022-10-28
TNAV,NASDAQ,Stock,USD,2010-05-13,2021-02-17
TNC,NYSE,Stock,USD,1992-03-03,2026-06-17
TNDM,NASDAQ,Stock,USD,2013-11-14,2026-06-17
TNET,NYSE,Stock,USD,2014-03-27,2026-06-17
TNGO,NASDAQ,Stock,USD,2011-07-27,2017-07-21
TNGX,NASDAQ,Stock,USD,2020-09-03,2026-06-17
TNH,NYSE,Stock,USD,1992-03-10,2018-04-02
TNK,NYSE,Stock,USD,2007-12-13,2026-06-17
TNL,NYSE,Stock,USD,2006-07-19,2026-06-17
TNMG,NASDAQ,Stock,USD,2024-12-05,2026-06-17
TNON,NASDAQ,Stock,USD,2022-04-27,2026-06-17
TNONW,NASDAQ,Stock,USD,2023-06-15,2026-06-17
TNP-P-B,NYSE,Stock,USD,2009-09-01,2019-07-29
TNP-P-B-CL,NYSE,Stock,USD,2013-05-07,2019-07-26
TNP-P-C,NYSE,Stock,USD,2013-10-03,2020-10-29
TNP-P-D,NYSE,Stock,USD,2015-05-04,2023-07-06
TNS,NYSE,Stock,USD,2006-12-28,2013-02-15
TNTR,NASDAQ,Stock,USD,2017-06-30,2018-07-11
TNXP,NASDAQ,Stock,USD,2012-05-10,2026-06-17
TNYA,NASDAQ,Stock,USD,2021-07-30,2026-06-17
TOAC,NASDAQ,Stock,USD,2022-01-04,2023-06-16
TOACU,NASDAQ,Stock,USD,2021-11-04,2023-06-16
TOACW,NASDAQ,Stock,USD,2022-01-04,2023-06-16
TOI,NASDAQ,Stock,USD,2021-11-15,2026-06-17
TOIIW,NASDAQ,Stock,USD,2020-06-04,2026-06-17
TOL,NYSE,Stock,USD,1987-12-30,2026-06-17
TOMZ,NASDAQ,Stock,USD,2016-01-04,2026-06-17
TONX,NASDAQ,Stock,USD,2025-09-02,2026-06-17
TOO,NYSE,Stock,USD,2006-12-14,2020-01-22
TOON,AMEX,Stock,USD,2014-05-05,2026-06-17
TOP,NASDAQ,Stock,USD,2022-06-01,2024-10-21
TOP,NASDAQ,Stock,USD,2024-10-22,2026-06-17
TOPP,AMEX,Stock,USD,2025-01-22,2026-06-17
TOPS,AMEX,Stock,USD,2004-08-02,2026-06-17
TORO,NASDAQ,Stock,USD,2023-03-03,2026-06-17
TOROV,NASDAQ,Stock,USD,2023-03-03,2026-06-17
TOST,NYSE,Stock,USD,2021-09-22,2026-06-17
TOTA,NASDAQ,Stock,USD,2018-08-27,2020-12-31
TOTAR,NASDAQ,Stock,USD,2018-08-27,2020-12-30
TOTAU,NASDAQ,Stock,USD,2018-08-02,2021-01-04
TOTAW,NASDAQ,Stock,USD,2018-08-27,2020-12-30
TOUR,NASDAQ,Stock,USD,2014-05-09,2026-06-17
TOWN,NASDAQ,Stock,USD,1999-05-05,2026-06-17
TOWR,NYSE,Stock,USD,2010-10-15,2019-10-08
TOYO,NASDAQ,Stock,USD,2024-07-01,2026-06-17
TPB,NYSE,Stock,USD,2016-05-11,2026-06-17
TPBAU,NASDAQ,Stock,USD,2021-08-11,2023-02-28
TPC,NYSE,Stock,USD,1973-05-03,2026-06-17
TPCG,NASDAQ,Stock,USD,2010-05-04,2012-12-20
TPCO,NASDAQ,Stock,USD,2014-07-24,2021-08-23
TPCS,NASDAQ,Stock,USD,2013-09-18,2026-06-17
TPET,AMEX,Stock,USD,2023-04-18,2026-06-17
TPFC,NYSE,Stock,USD,2026-05-05,2026-06-17
TPFG,NYSE,Stock,USD,2026-05-05,2026-06-17
TPFI,NYSE,Stock,USD,2026-05-05,2026-06-17
TPG,NASDAQ,Stock,USD,2022-01-13,2026-06-17
TPGE,NYSE,Stock,USD,2017-09-05,2018-07-31
TPGE-U,NYSE,Stock,USD,2017-05-05,2018-07-31
TPGH,NYSE,Stock,USD,2017-08-24,2019-11-20
TPGH-U,NYSE,Stock,USD,2017-06-28,2019-11-20
TPGH-WS,NYSE,Stock,USD,2017-08-24,2019-11-20
TPGI,NYSE,Stock,USD,2013-05-08,2013-12-20
TPGXL,NASDAQ,Stock,USD,2024-03-05,2026-06-17
TPGY,NYSE,Stock,USD,2020-11-27,2022-10-10
TPGY-U,NYSE,Stock,USD,2020-10-07,2022-10-07
TPH,NYSE,Stock,USD,2013-01-31,2026-05-13
TPIV,NASDAQ,Stock,USD,2013-09-26,2018-10-17
TPL,NYSE,Stock,USD,1987-12-31,2026-06-17
TPR,NYSE,Stock,USD,2000-10-06,2026-06-17
TPRY,NYSE,Stock,USD,2026-02-26,2026-06-17
TPST,NASDAQ,Stock,USD,2012-11-12,2026-06-17
TPTA,NYSE,Stock,USD,2021-06-15,2026-06-17
TPTX,NASDAQ,Stock,USD,2019-04-17,2022-09-08
TPVG,NYSE,Stock,USD,2014-03-06,2026-06-17
TPVY,NYSE,Stock,USD,2017-07-19,2021-04-01
TPVZ,NYSE,Stock,USD,2015-08-07,2017-08-11
TQNT,NASDAQ,Stock,USD,1993-12-14,2014-12-31
TR,NYSE,Stock,USD,1987-12-30,2026-06-17
TRA,NYSE,Stock,USD,2001-01-02,2011-04-25
TRAD,NYSE,Stock,USD,2026-04-20,2026-06-17
TRAD-R,NYSE,Stock,USD,2026-04-20,2026-06-17
TRAD-U,NYSE,Stock,USD,2026-02-26,2026-06-17
TRAK,NYSE,Stock,USD,2005-12-13,2026-06-17
TRAK,NASDAQ,Stock,USD,1999-10-27,2024-10-07
TRAQ,NYSE,Stock,USD,2021-12-27,2023-05-01
TRAQ-U,NYSE,Stock,USD,2021-11-03,2023-05-01
TRAQ-WS,NYSE,Stock,USD,2021-12-27,2023-05-01
TRAW,NASDAQ,Stock,USD,2001-01-02,2026-06-17
TRAX,NASDAQ,Stock,USD,2026-04-20,2026-06-17
TRAXV,NASDAQ,Stock,USD,2026-04-06,2026-06-17
TRC,NYSE,Stock,USD,1992-03-17,2026-06-17
TRCA,NYSE,Stock,USD,2021-04-26,2023-11-02
TRCA-U,NYSE,Stock,USD,2021-03-04,2023-11-02
TRCA-WS,NYSE,Stock,USD,2021-04-26,2023-11-02
TRCA-WS,NYSE,Stock,USD,2021-05-10,2022-12-23
TRCB,NASDAQ,Stock,USD,2006-04-11,2020-01-02
TRCO,NYSE,Stock,USD,2013-01-07,2019-09-27
TRDA,NASDAQ,Stock,USD,2021-10-29,2026-06-17
TREB-U,NYSE,Stock,USD,2020-06-17,2022-01-27
TREC,NYSE,Stock,USD,2006-07-31,2022-06-27
TREE,NASDAQ,Stock,USD,2008-08-12,2026-06-17
TREX,NYSE,Stock,USD,1999-04-08,2026-06-17
TRGP,NYSE,Stock,USD,2010-12-07,2026-06-17
TRGS,NASDAQ,Stock,USD,2026-04-20,2026-06-17
TRGSR,NASDAQ,Stock,USD,2026-04-20,2026-06-17
TRGSU,NASDAQ,Stock,USD,2026-02-26,2026-06-17
TRGT,NASDAQ,Stock,USD,2006-04-12,2015-08-20
TRH,NYSE,Stock,USD,2006-12-28,2012-03-05
TRHC,NASDAQ,Stock,USD,2016-09-29,2023-11-03
TRI,NASDAQ,Stock,USD,2002-06-12,2026-06-17
TRIB,NASDAQ,Stock,USD,1995-08-18,2026-06-17
TRIL,NASDAQ,Stock,USD,2005-03-23,2026-06-17
TRIN,NASDAQ,Stock,USD,2021-01-29,2026-06-17
TRINI,NASDAQ,Stock,USD,2024-07-22,2026-06-17
TRINL,NASDAQ,Stock,USD,2022-07-29,2026-06-17
TRINZ,NASDAQ,Stock,USD,2024-03-27,2026-06-17
TRIP,NASDAQ,Stock,USD,2011-12-07,2026-06-17
TRIS,NYSE,Stock,USD,2021-12-06,2024-08-02
TRIS-U,NYSE,Stock,USD,2021-10-14,2024-08-02
TRIS-WS,NYSE,Stock,USD,2021-12-06,2024-08-02
TRIV,NASDAQ,Stock,USD,2014-04-15,2016-02-12
TRK,NYSE,Stock,USD,1995-02-24,2019-09-17
TRLA,NYSE,Stock,USD,2012-09-20,2017-09-28
TRLV,NYSE,Stock,USD,2026-06-10,2026-06-10
TRLV,NYSE,Stock,USD,2026-06-10,2026-06-10
TRLV,NYSE,Stock,USD,2026-06-10,2026-06-17
TRMB,NASDAQ,Stock,USD,1992-03-03,2026-06-17
TRMD,NASDAQ,Stock,USD,2018-02-23,2026-06-17
TRMK,NASDAQ,Stock,USD,1992-03-03,2026-06-17
TRML,NASDAQ,Stock,USD,2021-05-07,2026-06-17
TRMT,NASDAQ,Stock,USD,2017-09-14,2021-09-30
TRN,NYSE,Stock,USD,1987-12-30,2026-06-17
TRN-W,NYSE,Stock,USD,2018-10-30,2018-10-31
TRNC,NASDAQ,Stock,USD,2014-07-24,2018-10-09
TRNE-U,NYSE,Stock,USD,2019-03-15,2020-12-09
TRNO,NYSE,Stock,USD,2010-02-10,2026-06-17
TRNO-P-A,NYSE,Stock,USD,2010-02-10,2017-07-17
TRNR,NASDAQ,Stock,USD,2023-04-28,2026-06-17
TRNS,NASDAQ,Stock,USD,1990-03-27,2026-06-17
TRON,NASDAQ,Stock,USD,2021-08-11,2026-06-17
TRONU,NASDAQ,Stock,USD,2021-06-17,2026-06-17
TRONW,NASDAQ,Stock,USD,2021-08-11,2026-06-17
TROO,NASDAQ,Stock,USD,2008-04-09,2026-06-17
TROT,NYSE,Stock,USD,2026-02-25,2026-06-17
TROVU,NASDAQ,Stock,USD,2012-05-30,2017-05-31
TROVW,NASDAQ,Stock,USD,2013-02-12,2017-05-31
TROW,NASDAQ,Stock,USD,1989-09-13,2026-06-17
TROX,NYSE,Stock,USD,2010-12-01,2026-06-17
TRP,NYSE,Stock,USD,1987-12-30,2026-06-17
TRPX,NASDAQ,Stock,USD,2020-07-08,2020-10-01
TRQ,NYSE,Stock,USD,2003-11-18,2022-12-16
TRR,NYSE,Stock,USD,1991-12-16,2017-07-05
TRS,NASDAQ,Stock,USD,2007-05-18,2026-06-17
TRSG,NASDAQ,Stock,USD,2024-04-19,2026-06-17
TRST,NASDAQ,Stock,USD,1990-03-26,2026-06-17
TRT,AMEX,Stock,USD,1995-04-24,2026-06-17
TRTL-U,NYSE,Stock,USD,2021-07-20,2021-07-23
TRTLU,NASDAQ,Stock,USD,2014-07-17,2017-08-28
TRTLW,NASDAQ,Stock,USD,2016-01-04,2016-12-27
TRTN,NYSE,Stock,USD,2005-10-12,2023-09-27
TRTN-P-A,NYSE,Stock,USD,2019-03-13,2026-06-17
TRTN-P-B,NYSE,Stock,USD,2019-06-18,2026-06-17
TRTN-P-C,NYSE,Stock,USD,2019-11-01,2026-06-17
TRTN-P-D,NYSE,Stock,USD,2020-01-17,2026-06-17
TRTN-P-E,NYSE,Stock,USD,2021-08-12,2026-06-17
TRTN-P-F,NYSE,Stock,USD,2025-02-14,2026-06-17
TRTN-P-G,NYSE,Stock,USD,2026-01-16,2026-06-17
TRTX,NYSE,Stock,USD,2017-07-20,2026-06-17
TRTX-P-C,NYSE,Stock,USD,2021-06-08,2026-06-17
TRU,NYSE,Stock,USD,2015-06-25,2026-06-17
TRUE,NASDAQ,Stock,USD,2000-05-02,2026-06-17
TRUG,NASDAQ,Stock,USD,2021-12-02,2026-06-17
TRUP,NASDAQ,Stock,USD,2014-07-18,2026-06-17
TRV,NYSE,Stock,USD,1986-07-09,2026-06-17
TRVG,NASDAQ,Stock,USD,2016-12-16,2026-06-17
TRVI,NASDAQ,Stock,USD,2019-05-07,2026-06-17
TRW,NYSE,Stock,USD,2004-02-03,2015-05-26
TRX,AMEX,Stock,USD,2005-05-12,2026-06-17
TRXI,NASDAQ,Stock,USD,2010-03-30,2013-07-15
TS,NYSE,Stock,USD,2002-12-16,2026-06-17
TSAT,NASDAQ,Stock,USD,2021-11-19,2026-06-17
TSBK,NASDAQ,Stock,USD,1998-01-13,2026-06-17
TSBX,NASDAQ,Stock,USD,2023-07-21,2025-08-11
TSC,NASDAQ,Stock,USD,2013-05-09,2022-09-08
TSCAP,NASDAQ,Stock,USD,2018-03-16,2022-06-01
TSCO,NASDAQ,Stock,USD,1994-02-18,2026-06-17
TSEM,NASDAQ,Stock,USD,1994-10-26,2026-06-17
TSG,NASDAQ,Stock,USD,2010-10-15,2020-05-05
TSH,NYSE,Stock,USD,2006-12-28,2014-05-30
TSHA,NASDAQ,Stock,USD,2020-09-24,2026-06-17
TSI-R,NYSE,Stock,USD,2026-02-25,2026-03-18
TSI-R-W,NYSE,Stock,USD,2026-02-19,2026-06-17
TSIAU,NASDAQ,Stock,USD,2020-11-10,2021-06-04
TSIB,NASDAQ,Stock,USD,2021-04-05,2022-11-30
TSIBU,NASDAQ,Stock,USD,2021-02-12,2022-11-30
TSIBW,NASDAQ,Stock,USD,2021-04-06,2022-11-30
TSIC,NYSE,Stock,USD,2025-12-30,2026-06-17
TSL,NYSE,Stock,USD,2016-01-04,2017-03-21
TSLA,NASDAQ,Stock,USD,2010-06-29,2026-06-17
TSLX,NYSE,Stock,USD,2014-03-21,2026-06-17
TSM,NYSE,Stock,USD,1997-10-09,2026-06-17
TSN,NYSE,Stock,USD,1986-07-09,2026-06-17
TSNU,NYSE,Stock,USD,2014-07-31,2017-07-06
TSPQ,NYSE,Stock,USD,2021-04-22,2022-12-15
TSPQ-U,NYSE,Stock,USD,2021-03-02,2022-12-15
TSQ,NYSE,Stock,USD,2014-07-24,2026-06-17
TSRE,NASDAQ,Stock,USD,2006-12-28,2015-09-16
TSRI,NASDAQ,Stock,USD,1990-03-26,2026-06-17
TSRO,NASDAQ,Stock,USD,2012-06-28,2019-01-18
TSSI,NASDAQ,Stock,USD,2010-04-01,2026-06-17
TST,NASDAQ,Stock,USD,1999-05-11,2019-08-07
TSU,NYSE,Stock,USD,1998-11-16,2020-10-12
TSVT,NASDAQ,Stock,USD,2021-11-03,2025-05-13
TSVTV,NASDAQ,Stock,USD,2021-11-03,2021-11-04
TSYS,NASDAQ,Stock,USD,2000-08-08,2016-02-24
TT,NYSE,Stock,USD,1985-07-01,2026-06-17
TTAM,NYSE,Stock,USD,2025-02-07,2026-06-17
TTAN,NASDAQ,Stock,USD,2024-12-12,2026-06-17
TTC,NYSE,Stock,USD,1987-12-30,2026-06-17
TTCFW,NASDAQ,Stock,USD,2017-05-02,2021-02-16
TTD,NASDAQ,Stock,USD,2016-09-21,2026-06-17
TTE,NYSE,Stock,USD,1991-10-25,2025-12-05
TTE,NYSE,Stock,USD,2007-07-13,2026-06-17
TTEC,NASDAQ,Stock,USD,1996-08-01,2026-06-17
TTEK,NASDAQ,Stock,USD,1991-12-17,2026-06-17
TTGT,NASDAQ,Stock,USD,2007-05-17,2024-12-02
TTGT,NASDAQ,Stock,USD,2024-12-03,2026-06-17
TTHI,NASDAQ,Stock,USD,2016-01-04,2016-09-08
TTI,NYSE,Stock,USD,1990-04-03,2026-06-17
TTM,NYSE,Stock,USD,2004-09-27,2026-06-17
TTMI,NASDAQ,Stock,USD,2000-09-25,2026-06-17
TTNP,NASDAQ,Stock,USD,2006-12-28,2025-10-01
TTPH,NASDAQ,Stock,USD,2013-03-20,2020-07-28
TTRX,NASDAQ,Stock,USD,2025-10-08,2026-06-17
TTTM,NYSE,Stock,USD,2013-07-18,2019-07-01
TTWO,NASDAQ,Stock,USD,1997-04-15,2026-06-17
TU,NYSE,Stock,USD,1996-06-11,2026-06-17
TUBE,NASDAQ,Stock,USD,2016-01-04,2016-12-20
TUC,NYSE,Stock,USD,2006-12-28,2014-01-08
TUFN,NYSE,Stock,USD,2019-04-11,2022-09-07
TUGCU,NASDAQ,Stock,USD,2021-04-29,2022-04-29
TULP,NASDAQ,Stock,USD,1993-03-18,2026-06-17
TUMI,NYSE,Stock,USD,2012-04-18,2016-08-09
TURB,NASDAQ,Stock,USD,2023-09-22,2026-06-17
TURN,NASDAQ,Stock,USD,2017-02-01,2025-09-12
TUSK,NASDAQ,Stock,USD,2016-10-14,2026-06-17
TUYA,NYSE,Stock,USD,2021-03-18,2026-06-17
TV,NYSE,Stock,USD,1993-12-14,2026-06-17
TVA,NASDAQ,Stock,USD,2025-05-16,2026-06-17
TVACU,NASDAQ,Stock,USD,2020-12-11,2022-02-11
TVACU,NASDAQ,Stock,USD,2025-04-23,2026-06-17
TVACW,NASDAQ,Stock,USD,2025-05-16,2026-06-17
TVAI,NASDAQ,Stock,USD,2025-07-02,2026-06-17
TVAIR,NASDAQ,Stock,USD,2025-07-02,2026-06-17
TVAIU,NASDAQ,Stock,USD,2025-05-15,2026-06-17
TVC,NYSE,Stock,USD,1998-10-14,2026-06-17
TVE,NYSE,Stock,USD,1999-05-19,2026-06-17
TVGN,NASDAQ,Stock,USD,2024-02-15,2026-06-17
TVGNW,NASDAQ,Stock,USD,2022-01-03,2026-06-17
TVIA,NASDAQ,Stock,USD,2016-01-04,2017-08-10
TVL,NYSE,Stock,USD,2006-12-28,2013-07-30
TVPT,NYSE,Stock,USD,2014-09-25,2019-05-30
TVRD,NASDAQ,Stock,USD,2014-01-31,2026-06-17
TVTX,NASDAQ,Stock,USD,2012-11-08,2026-06-17
TVTY,NASDAQ,Stock,USD,1991-08-13,2022-09-08
TW,NASDAQ,Stock,USD,2019-04-04,2026-06-17
TW,NASDAQ,Stock,USD,2016-01-04,2016-01-12
TWAV,NASDAQ,Stock,USD,1995-06-19,2026-06-17
TWB,NYSE,Stock,USD,2006-12-28,2009-11-25
TWC,NYSE,Stock,USD,2007-03-01,2016-05-26
TWCB,NASDAQ,Stock,USD,2021-09-13,2023-07-25
TWCBU,NASDAQ,Stock,USD,2021-07-16,2023-07-25
TWCBW,NASDAQ,Stock,USD,2021-09-13,2023-07-25
TWCT,NASDAQ,Stock,USD,2020-11-06,2021-08-30
TWCTU,NASDAQ,Stock,USD,2020-09-11,2021-08-30
TWFG,NASDAQ,Stock,USD,2024-07-18,2026-06-17
TWG,NASDAQ,Stock,USD,2024-04-16,2026-06-17
TWGP,NASDAQ,Stock,USD,2004-10-21,2014-09-15
TWI,NYSE,Stock,USD,1993-05-20,2026-06-17
TWIN,NASDAQ,Stock,USD,1987-12-31,2026-06-17
TWKS,NASDAQ,Stock,USD,2021-09-15,2024-11-13
TWLO,NYSE,Stock,USD,2016-06-23,2026-06-17
TWLV,NASDAQ,Stock,USD,2021-04-29,2024-06-25
TWLV,NASDAQ,Stock,USD,2026-01-09,2026-06-17
TWLVR,NASDAQ,Stock,USD,2026-01-09,2026-06-17
TWLVU,NASDAQ,Stock,USD,2025-12-12,2026-06-17
TWLVU,NASDAQ,Stock,USD,2021-02-26,2024-06-25
TWLVW,NASDAQ,Stock,USD,2024-06-10,2024-06-18
TWND-U,NYSE,Stock,USD,2020-09-04,2023-01-31
TWND-WS,NYSE,Stock,USD,2020-10-23,2023-01-31
TWNI,NYSE,Stock,USD,2021-04-09,2023-05-05
TWNIU,NYSE,Stock,USD,2021-02-19,2023-05-04
TWNK,NASDAQ,Stock,USD,2015-11-30,2023-11-07
TWNKW,NASDAQ,Stock,USD,2015-11-25,2021-11-04
TWNP,NASDAQ,Stock,USD,2025-01-30,2026-06-17
TWNPV,NASDAQ,Stock,USD,2025-01-28,2025-01-29
TWNT-U,NYSE,Stock,USD,2021-03-05,2022-03-25
TWNT-WS,NYSE,Stock,USD,2021-04-26,2021-04-30
TWO,NYSE,Stock,USD,2009-10-30,2026-06-17
TWO-P-A,NYSE,Stock,USD,2017-03-17,2026-06-17
TWO-P-B,NYSE,Stock,USD,2017-07-13,2026-06-17
TWO-P-C,NYSE,Stock,USD,2017-11-17,2026-06-17
TWO-P-D,NYSE,Stock,USD,2018-08-02,2021-03-12
TWO-P-E,NYSE,Stock,USD,2018-08-01,2021-03-12
TWOA,NYSE,Stock,USD,2021-03-30,2024-03-27
TWOD,NYSE,Stock,USD,2025-05-16,2026-06-17
TWOU,NASDAQ,Stock,USD,2026-02-06,2026-06-17
TWST,NASDAQ,Stock,USD,2018-10-31,2026-06-17
TWTR,NYSE,Stock,USD,2013-11-07,2022-10-28
TWX,NYSE,Stock,USD,1992-03-19,2018-06-15
TX,NYSE,Stock,USD,2006-02-01,2026-06-17
TXCOQ,NASDAQ,Stock,USD,2010-01-04,2010-02-11
TXG,NASDAQ,Stock,USD,2019-09-12,2026-06-17
TXI,NYSE,Stock,USD,1978-05-01,2014-07-01
TXMD,NASDAQ,Stock,USD,2003-12-11,2026-06-17
TXN,NASDAQ,Stock,USD,1972-06-01,2026-06-17
TXNM,NYSE,Stock,USD,1984-08-10,2026-06-17
TXO,NYSE,Stock,USD,2023-01-27,2026-06-17
TXRH,NASDAQ,Stock,USD,2004-10-05,2026-06-17
TXT,NYSE,Stock,USD,1984-10-24,2026-06-17
TXTR,NYSE,Stock,USD,2013-06-06,2016-06-10
TY-P,NYSE,Stock,USD,2014-09-22,2026-06-17
TYDEV,NASDAQ,Stock,USD,2022-05-18,2022-06-29
TYG-R,NYSE,Stock,USD,2026-05-21,2026-06-17
TYG-R-W,NYSE,Stock,USD,2026-05-19,2026-05-20
TYGO,NASDAQ,Stock,USD,2021-09-03,2026-06-17
TYGOW,NASDAQ,Stock,USD,2021-09-07,2023-09-08
TYL,NYSE,Stock,USD,1987-12-30,2026-06-17
TYME,NASDAQ,Stock,USD,2015-03-12,2022-09-16
TYPE,NASDAQ,Stock,USD,2007-07-25,2019-10-11
TYRA,NASDAQ,Stock,USD,2021-09-15,2026-06-17
TZACU,NASDAQ,Stock,USD,2018-08-21,2020-12-14
TZF,NYSE,Stock,USD,2016-02-04,2016-03-09
TZF-CL,NYSE,Stock,USD,2016-03-01,2016-03-24
TZOO,NASDAQ,Stock,USD,2002-08-28,2026-06-17
TZPS,NASDAQ,Stock,USD,2021-03-15,2023-01-20
TZPSU,NASDAQ,Stock,USD,2021-01-20,2023-01-20
TZPSW,NASDAQ,Stock,USD,2021-03-12,2023-01-20
U,NYSE,Stock,USD,2020-09-18,2026-06-17
UA,NYSE,Stock,USD,2016-04-07,2026-06-17
UA-C,NYSE,Stock,USD,2016-04-08,2016-12-06
UA-C-W,NYSE,Stock,USD,2016-03-23,2016-04-07
UAA,NYSE,Stock,USD,2005-11-18,2026-06-17
UAC,AMEX,Stock,USD,2026-02-18,2026-06-17
UAC-U,AMEX,Stock,USD,2026-01-29,2026-06-17
UAC-WS,AMEX,Stock,USD,2026-02-18,2026-06-17
UACL,NASDAQ,Stock,USD,2005-02-10,2016-05-13
UAL,NASDAQ,Stock,USD,2006-02-06,2026-06-17
UAM,NYSE,Stock,USD,1990-03-26,2017-07-14
UAMY,NYSE,Stock,USD,2000-02-24,2026-06-17
UAN,NYSE,Stock,USD,2011-04-08,2026-06-17
UAVS,AMEX,Stock,USD,2018-03-26,2026-06-17
UBA,NYSE,Stock,USD,1998-08-17,2023-08-17
UBCP,NASDAQ,Stock,USD,1995-08-18,2026-06-17
UBER,NYSE,Stock,USD,2019-05-10,2026-06-17
UBFO,NASDAQ,Stock,USD,1999-03-03,2026-06-17
UBNK,NASDAQ,Stock,USD,2005-08-17,2019-10-31
UBP,NYSE,Stock,USD,1987-11-05,2023-08-28
UBP-P-F,NYSE,Stock,USD,2014-09-22,2017-10-23
UBP-P-G,NYSE,Stock,USD,2014-10-29,2019-10-31
UBP-P-G-CL,NYSE,Stock,USD,2019-10-03,2019-10-31
UBP-P-H,NYSE,Stock,USD,2017-09-14,2023-08-28
UBP-P-K,NYSE,Stock,USD,2019-09-27,2023-08-18
UBS,NYSE,Stock,USD,2014-11-21,2026-06-17
UBSI,NASDAQ,Stock,USD,1990-03-26,2026-06-17
UBXG,NASDAQ,Stock,USD,2024-03-28,2026-06-17
UCAP,NASDAQ,Stock,USD,2011-07-28,2015-10-01
UCAR,NASDAQ,Stock,USD,2024-08-30,2026-06-17
UCAR,NASDAQ,Stock,USD,2023-04-20,2024-08-29
UCB,NYSE,Stock,USD,2002-03-18,2026-06-17
UCB-P-I,NYSE,Stock,USD,2020-06-04,2025-09-12
UCBA,NASDAQ,Stock,USD,2006-03-31,2018-09-24
UCBI,NASDAQ,Stock,USD,2024-07-29,2024-08-05
UCFC,NASDAQ,Stock,USD,1998-07-09,2020-01-31
UCFI,NASDAQ,Stock,USD,2024-02-16,2026-06-17
UCFIW,NASDAQ,Stock,USD,2024-02-16,2026-06-17
UCIA,NASDAQ,Stock,USD,2001-01-02,2012-05-14
UCL,NASDAQ,Stock,USD,2020-06-10,2026-06-17
UCOP,NYSE,Stock,USD,2026-04-21,2026-06-17
UCP,NYSE,Stock,USD,2013-07-18,2017-08-24
UCTT,NASDAQ,Stock,USD,2004-03-25,2026-06-17
UDMY,NASDAQ,Stock,USD,2021-10-29,2026-05-11
UDR,NYSE,Stock,USD,1990-03-07,2026-06-17
UDRL,NASDAQ,Stock,USD,2006-12-28,2012-11-05
UDWKQ,NYSE,Stock,USD,2014-02-18,2017-12-13
UE,NYSE,Stock,USD,2015-01-16,2026-06-17
UEC,AMEX,Stock,USD,2007-04-05,2026-06-17
UEIC,NASDAQ,Stock,USD,1993-02-12,2026-06-17
UFCS,NASDAQ,Stock,USD,1990-03-26,2026-06-17
UFG,NASDAQ,Stock,USD,2025-01-14,2026-06-17
UFI,NYSE,Stock,USD,1990-03-26,2026-06-17
UFPI,NASDAQ,Stock,USD,1993-11-10,2026-06-17
UFPT,NASDAQ,Stock,USD,1993-12-17,2026-06-17
UFS,NYSE,Stock,USD,2001-01-02,2021-11-30
UG,NASDAQ,Stock,USD,1992-03-17,2026-06-17
UGI,NYSE,Stock,USD,1988-01-05,2026-06-17
UGIC,NYSE,Stock,USD,2021-05-18,2024-05-31
UGNEQ,NASDAQ,Stock,USD,2017-09-20,2019-06-25
UGP,NYSE,Stock,USD,1999-10-07,2026-06-17
UHAL,NYSE,Stock,USD,1994-11-04,2026-06-17
UHAL-B,NYSE,Stock,USD,2022-11-10,2022-12-16
UHAL-B,NYSE,Stock,USD,2022-11-10,2026-06-17
UHG,NASDAQ,Stock,USD,2021-03-29,2026-05-05
UHGWW,NASDAQ,Stock,USD,2021-03-24,2026-05-05
UHS,NYSE,Stock,USD,1990-03-26,2026-06-17
UHT,NYSE,Stock,USD,1987-11-05,2026-06-17
UI,NYSE,Stock,USD,2011-10-14,2026-06-17
UIL,NYSE,Stock,USD,1987-08-31,2015-12-16
UIS,NYSE,Stock,USD,1972-06-01,2026-06-17
UK,NASDAQ,Stock,USD,2020-11-18,2026-06-17
UKOMW,NASDAQ,Stock,USD,2020-11-18,2025-11-18
UL,NYSE,Stock,USD,1988-01-04,2026-06-17
ULBI,NASDAQ,Stock,USD,1992-12-23,2026-06-17
ULCC,NASDAQ,Stock,USD,2021-04-01,2026-06-17
ULH,NASDAQ,Stock,USD,2016-05-02,2026-06-17
ULS,NYSE,Stock,USD,2024-04-12,2026-06-17
ULTA,NASDAQ,Stock,USD,2007-10-25,2026-06-17
ULTI,NASDAQ,Stock,USD,1998-06-17,2019-05-03
UMAC,AMEX,Stock,USD,2024-02-14,2026-06-17
UMBF,NASDAQ,Stock,USD,1990-03-27,2026-06-17
UMBFO,NASDAQ,Stock,USD,2025-06-13,2026-06-17
UMBFP,NASDAQ,Stock,USD,2025-02-04,2026-06-17
UMC,NYSE,Stock,USD,2000-09-19,2026-06-17
UMH,NYSE,Stock,USD,1993-12-06,2026-06-17
UMH-P-A,NYSE,Stock,USD,1993-12-06,2017-08-30
UMH-P-B,NYSE,Stock,USD,2015-10-26,2020-10-19
UMH-P-C,NYSE,Stock,USD,2017-07-21,2022-07-25
UMH-P-D,NYSE,Stock,USD,2018-01-18,2026-06-17
UMPQ,NASDAQ,Stock,USD,1998-06-03,2023-03-01
UN,NYSE,Stock,USD,1985-05-17,2020-11-27
UNAMQ,NASDAQ,Stock,USD,1990-03-26,2026-05-28
UNB,NASDAQ,Stock,USD,1999-08-09,2026-06-17
UNCY,NASDAQ,Stock,USD,2021-07-12,2026-06-17
UNF,NYSE,Stock,USD,1988-01-05,2026-06-17
UNFI,NYSE,Stock,USD,1996-11-01,2026-06-17
UNH,NYSE,Stock,USD,1990-03-26,2026-06-17
UNIS,NASDAQ,Stock,USD,2010-02-16,2017-04-20
UNISQ,NASDAQ,Stock,USD,2016-01-04,2018-01-02
UNIT,NASDAQ,Stock,USD,2015-04-20,2026-06-17
UNM,NYSE,Stock,USD,1986-11-06,2026-06-17
UNMA,NYSE,Stock,USD,2018-06-19,2026-06-17
UNP,NYSE,Stock,USD,1980-01-02,2026-06-17
UNS,NYSE,Stock,USD,1985-08-30,2014-08-15
UNT,NYSE,Stock,USD,1988-01-05,2020-12-23
UNTD,NASDAQ,Stock,USD,2013-11-01,2016-07-05
UNTY,NASDAQ,Stock,USD,1997-01-14,2026-06-17
UNVR,NYSE,Stock,USD,2015-06-18,2023-07-31
UNXL,NASDAQ,Stock,USD,2006-03-07,2017-09-12
UONE,NASDAQ,Stock,USD,1999-05-06,2026-06-17
UONEK,NASDAQ,Stock,USD,2000-06-07,2026-06-17
UP,NYSE,Stock,USD,2020-11-13,2026-06-17
UP-WS,NYSE,Stock,USD,2021-07-14,2023-06-26
UPAL,NYSE,Stock,USD,2026-04-21,2026-06-17
UPB,NASDAQ,Stock,USD,2024-10-11,2026-06-17
UPBD,NASDAQ,Stock,USD,1995-01-25,2026-06-17
UPC,NASDAQ,Stock,USD,2021-03-23,2026-06-17
UPGI,NYSE,Stock,USD,2006-12-21,2018-06-15
UPH-WS,NYSE,Stock,USD,2021-06-10,2023-11-28
UPI,NASDAQ,Stock,USD,1999-05-03,2015-03-31
UPL1,NYSE,Stock,USD,1999-09-24,2017-04-12
UPLD,NASDAQ,Stock,USD,2014-11-06,2026-06-17
UPLM,NASDAQ,Stock,USD,2017-04-13,2019-08-07
UPLT,NYSE,Stock,USD,2026-04-21,2026-06-17
UPS,NYSE,Stock,USD,1999-11-10,2026-06-17
UPST,NASDAQ,Stock,USD,2020-12-16,2026-06-17
UPTDU,NASDAQ,Stock,USD,2021-04-28,2023-09-29
UPWK,NASDAQ,Stock,USD,2018-10-03,2026-06-17
UPXI,NASDAQ,Stock,USD,2021-06-24,2026-06-17
UQM,NYSE,Stock,USD,2000-10-02,2019-07-31
URBN,NASDAQ,Stock,USD,1993-11-09,2026-06-17
URG,AMEX,Stock,USD,2008-07-25,2026-06-17
URGN,NASDAQ,Stock,USD,2017-05-04,2026-06-17
URI,NYSE,Stock,USD,1997-12-18,2026-06-17
UROV,NASDAQ,Stock,USD,2018-09-27,2021-03-29
UROY,NASDAQ,Stock,USD,2020-01-14,2026-06-17
URRE,NASDAQ,Stock,USD,1998-01-12,2017-08-18
URS,NYSE,Stock,USD,1972-06-01,2014-10-17
URSP,NYSE,Stock,USD,2025-08-27,2026-06-17
URZ,NYSE,Stock,USD,2005-11-10,2015-06-18
USAB,NASDAQ,Stock,USD,2017-08-24,2017-12-29
USAC,NYSE,Stock,USD,2013-01-15,2026-06-17
USAK,NASDAQ,Stock,USD,1992-03-20,2022-09-15
USAP,NASDAQ,Stock,USD,1994-12-28,2025-01-23
USAR,NASDAQ,Stock,USD,2023-07-17,2026-06-17
USARW,NASDAQ,Stock,USD,2023-07-17,2026-06-17
USAS,AMEX,Stock,USD,2016-12-28,2026-06-17
USAU,NASDAQ,Stock,USD,1992-03-17,2026-06-17
USB,NYSE,Stock,USD,1987-11-05,2026-06-17
USB-P-A,NYSE,Stock,USD,2014-09-22,2026-06-17
USB-P-H,NYSE,Stock,USD,2014-09-22,2026-06-17
USB-P-M,NYSE,Stock,USD,2014-09-22,2022-01-14
USB-P-N-CL,NYSE,Stock,USD,2017-03-06,2017-04-13
USB-P-O,NYSE,Stock,USD,2014-09-22,2021-01-14
USB-P-P,NYSE,Stock,USD,2018-08-08,2026-06-17
USB-P-Q,NYSE,Stock,USD,2020-10-21,2026-06-17
USB-P-R,NYSE,Stock,USD,2021-01-27,2026-06-17
USB-P-S,NYSE,Stock,USD,2022-02-03,2026-06-17
USBC,AMEX,Stock,USD,2006-04-18,2026-06-17
USCB,NASDAQ,Stock,USD,2021-07-23,2026-06-17
USCR,NASDAQ,Stock,USD,2010-10-15,2021-08-26
USEA,NASDAQ,Stock,USD,2022-07-06,2026-06-17
USER,NYSE,Stock,USD,2021-11-17,2023-01-11
USFD,NYSE,Stock,USD,2016-05-26,2026-06-17
USG,NYSE,Stock,USD,1988-07-07,2019-05-20
USGO,NASDAQ,Stock,USD,2023-04-20,2026-06-17
USGOW,NASDAQ,Stock,USD,2023-04-20,2026-05-22
USIO,NASDAQ,Stock,USD,2001-01-02,2026-06-17
USLM,NASDAQ,Stock,USD,1990-03-26,2026-06-17
USMD,NYSE,Stock,USD,2016-01-04,2026-06-17
USNA,NYSE,Stock,USD,1995-02-01,2026-06-17
USOI,NASDAQ,Stock,USD,2024-06-03,2026-06-17
USPH,NYSE,Stock,USD,1992-05-29,2026-06-17
USTR,NASDAQ,Stock,USD,1990-03-26,2015-05-29
USU,NYSE,Stock,USD,1998-07-23,2014-09-29
USWS,NASDAQ,Stock,USD,2017-05-05,2022-11-01
USWSW,NASDAQ,Stock,USD,2017-05-05,2022-11-10
USX,NYSE,Stock,USD,2018-06-14,2026-06-17
UTAA,NASDAQ,Stock,USD,2022-01-25,2023-09-15
UTAAU,NASDAQ,Stock,USD,2021-12-02,2023-09-15
UTEK,NASDAQ,Stock,USD,1993-09-29,2017-06-05
UTF-R,NYSE,Stock,USD,2025-09-25,2025-10-15
UTF-R-W,NYSE,Stock,USD,2025-09-19,2025-09-24
UTHR,NASDAQ,Stock,USD,1999-06-17,2026-06-17
UTI,NYSE,Stock,USD,2003-12-18,2026-06-17
UTIW,NASDAQ,Stock,USD,2016-01-04,2016-02-01
UTL,NYSE,Stock,USD,1992-03-17,2026-06-17
UTMD,NASDAQ,Stock,USD,1999-03-08,2026-06-17
UTRA,NYSE,Stock,USD,2012-05-07,2013-09-26
UTSI,NASDAQ,Stock,USD,2000-03-03,2026-06-17
UTX-W,NYSE,Stock,USD,2020-03-25,2020-04-02
UTZ,NYSE,Stock,USD,2018-11-26,2026-06-17
UTZ-WS,NYSE,Stock,USD,2020-08-31,2020-09-18
UTZ-WS,NYSE,Stock,USD,2018-11-26,2021-01-13
UUU,AMEX,Stock,USD,1995-08-18,2026-06-17
UUUU,AMEX,Stock,USD,2006-11-24,2026-06-17
UVE,NYSE,Stock,USD,2003-06-06,2026-06-17
UVSP,NASDAQ,Stock,USD,1998-04-16,2026-06-17
UVV,NYSE,Stock,USD,1988-01-05,2026-06-17
UWMC,NYSE,Stock,USD,2021-03-04,2026-06-17
UWMC,NYSE,Stock,USD,2020-03-24,2021-03-04
UWMC-WS,NYSE,Stock,USD,2021-01-22,2025-12-19
UWN,NYSE,Stock,USD,1999-05-03,2019-06-14
UXIN,NASDAQ,Stock,USD,2018-06-27,2026-06-17
UYSC,NASDAQ,Stock,USD,2025-05-27,2026-06-17
UYSCR,NASDAQ,Stock,USD,2025-05-27,2026-06-17
UYSCU,NASDAQ,Stock,USD,2025-03-31,2026-06-17
UZA,NYSE,Stock,USD,2011-05-16,2021-08-31
UZB,NYSE,Stock,USD,2014-12-09,2021-05-11
UZC,NYSE,Stock,USD,2015-11-24,2021-06-15
UZD,NYSE,Stock,USD,2020-08-19,2026-06-17
UZE,NYSE,Stock,USD,2020-12-15,2026-06-17
UZF,NYSE,Stock,USD,2021-05-26,2026-06-17
UZG,NYSE,Stock,USD,2017-01-25,2017-02-14
UZX,NASDAQ,Stock,USD,2026-05-15,2026-06-17
V,NYSE,Stock,USD,2008-03-19,2026-06-17
VA,NASDAQ,Stock,USD,2016-01-04,2016-12-15
VABK,NASDAQ,Stock,USD,2001-06-04,2026-06-17
VAC,NYSE,Stock,USD,2011-11-08,2026-06-17
VACH,NASDAQ,Stock,USD,2024-09-30,2026-06-11
VACHU,NASDAQ,Stock,USD,2024-08-09,2026-06-11
VACHW,NASDAQ,Stock,USD,2024-09-30,2026-06-11
VACI,NYSE,Stock,USD,2025-11-20,2026-06-17
VACI-U,NYSE,Stock,USD,2025-10-31,2026-06-17
VACI-WS,NYSE,Stock,USD,2025-11-20,2026-06-17
VACQ,NASDAQ,Stock,USD,2020-11-24,2021-08-24
VACQU,NASDAQ,Stock,USD,2020-09-25,2021-08-24
VAIE,NYSE,Stock,USD,2026-05-12,2026-06-17
VAL,NYSE,Stock,USD,1992-03-17,2026-06-17
VAL-WS,NYSE,Stock,USD,2021-05-03,2026-06-17
VAL-WS,NYSE,Stock,USD,2021-05-17,2022-12-23
VALE,NYSE,Stock,USD,2002-03-21,2026-06-17
VALE-P,NYSE,Stock,USD,2016-01-04,2017-11-24
VALN,NASDAQ,Stock,USD,2021-05-05,2026-06-17
VALU,NASDAQ,Stock,USD,1995-08-18,2026-06-17
VAM,NYSE,Stock,USD,2018-05-10,2020-06-05
VANI,NASDAQ,Stock,USD,2014-11-19,2026-06-17
VAQC,NASDAQ,Stock,USD,2021-03-10,2024-03-04
VAR,NYSE,Stock,USD,1988-01-05,2021-04-16
VASC,NASDAQ,Stock,USD,2016-01-04,2017-02-21
VATE,NYSE,Stock,USD,2009-07-13,2026-06-17
VATE-R,NYSE,Stock,USD,2024-03-11,2024-04-22
VBFC,NASDAQ,Stock,USD,1996-04-01,2025-03-31
VBIO,NASDAQ,Stock,USD,2021-11-11,2026-06-17
VBIV,NASDAQ,Stock,USD,2026-02-06,2026-06-17
VBNK,NASDAQ,Stock,USD,2021-08-27,2026-06-17
VBOC,NASDAQ,Stock,USD,2022-03-01,2023-07-19
VBOCU,NASDAQ,Stock,USD,2022-01-07,2023-07-19
VBOCW,NASDAQ,Stock,USD,2022-03-01,2023-07-19
VBTX,NASDAQ,Stock,USD,2014-10-09,2026-06-17
VC,NASDAQ,Stock,USD,2010-10-05,2026-06-17
VCBI,NASDAQ,Stock,USD,2006-12-28,2014-01-31
VCEL,NASDAQ,Stock,USD,1997-02-04,2026-06-17
VCI,NYSE,Stock,USD,2006-12-28,2014-02-04
VCIC,NASDAQ,Stock,USD,2024-10-28,2026-06-17
VCICU,NASDAQ,Stock,USD,2024-09-06,2026-04-01
VCICW,NASDAQ,Stock,USD,2024-10-28,2026-04-01
VCIG,NASDAQ,Stock,USD,2023-04-13,2026-06-17
VCKAU,NASDAQ,Stock,USD,2021-01-07,2022-11-10
VCO,NYSE,Stock,USD,1994-10-17,2018-07-12
VCRA,NYSE,Stock,USD,2012-03-28,2022-02-23
VCSA,NASDAQ,Stock,USD,2021-04-08,2025-05-01
VCTR,NASDAQ,Stock,USD,2018-02-08,2026-06-17
VCVC,NASDAQ,Stock,USD,2021-01-13,2021-07-22
VCVCU,NASDAQ,Stock,USD,2020-11-24,2021-07-22
VCVCW,NASDAQ,Stock,USD,2021-01-12,2021-07-22
VCX,NYSE,Stock,USD,2026-05-26,2026-06-17
VCXA,NASDAQ,Stock,USD,2021-10-05,2023-12-06
VCXAU,NASDAQ,Stock,USD,2021-08-11,2023-12-06
VCXAW,NASDAQ,Stock,USD,2021-10-01,2023-12-06
VCYT,NASDAQ,Stock,USD,2013-10-30,2026-06-17
VDSI,NASDAQ,Stock,USD,1998-05-21,2018-06-05
VDTH,NASDAQ,Stock,USD,2015-04-01,2018-04-12
VEAC,NASDAQ,Stock,USD,2017-04-28,2019-04-15
VEACU,NASDAQ,Stock,USD,2017-04-11,2019-04-15
VEACW,NASDAQ,Stock,USD,2017-05-10,2019-04-15
VECA,NYSE,Stock,USD,2026-05-19,2026-06-17
VECA-R,NYSE,Stock,USD,2026-05-19,2026-06-17
VECA-U,NYSE,Stock,USD,2026-05-06,2026-06-17
VECO,NASDAQ,Stock,USD,1994-11-29,2026-06-17
VECT,NASDAQ,Stock,USD,2021-04-08,2026-06-17
VEDL,NYSE,Stock,USD,2007-06-20,2026-06-17
VEEA,NASDAQ,Stock,USD,2024-09-17,2026-06-17
VEEAW,NASDAQ,Stock,USD,2024-09-17,2026-06-17
VEEE,NASDAQ,Stock,USD,2021-07-21,2026-06-17
VEEV,NYSE,Stock,USD,2013-10-16,2026-06-17
VEI,NYSE,Stock,USD,2021-03-18,2021-11-01
VEL,NYSE,Stock,USD,2020-01-17,2026-06-17
VELO,NASDAQ,Stock,USD,2021-04-19,2026-06-17
VELOU,NASDAQ,Stock,USD,2021-02-23,2022-12-20
VELOW,NASDAQ,Stock,USD,2021-04-23,2022-12-20
VELTF,NASDAQ,Stock,USD,2016-01-04,2018-04-24
VEM,NYSE,Stock,USD,2026-02-04,2026-06-17
VENAR,NASDAQ,Stock,USD,2021-04-13,2022-12-12
VENAU,NASDAQ,Stock,USD,2021-02-09,2022-12-12
VENU,AMEX,Stock,USD,2024-11-27,2026-06-17
VEON,NASDAQ,Stock,USD,1996-11-15,2026-06-17
VER,NYSE,Stock,USD,2015-07-31,2021-10-29
VER-P-F,NYSE,Stock,USD,2015-07-31,2021-08-13
VERA,NASDAQ,Stock,USD,2021-05-14,2026-06-17
VERB,NASDAQ,Stock,USD,2015-02-02,2025-08-29
VERBW,NASDAQ,Stock,USD,2019-04-05,2024-04-05
VERI,NASDAQ,Stock,USD,2017-05-12,2026-06-17
VERT-U,NYSE,Stock,USD,2020-02-10,2021-01-15
VERU,NASDAQ,Stock,USD,1999-02-11,2026-06-17
VERV,NASDAQ,Stock,USD,2021-06-17,2025-07-25
VERX,NASDAQ,Stock,USD,2020-07-29,2026-06-17
VERY,NASDAQ,Stock,USD,2019-08-15,2024-07-01
VET,NYSE,Stock,USD,2010-09-14,2026-06-17
VFC,NYSE,Stock,USD,1985-07-01,2026-06-17
VFC-W,NYSE,Stock,USD,2019-05-21,2019-05-22
VFF,NASDAQ,Stock,USD,2010-03-25,2026-06-17
VFS,NASDAQ,Stock,USD,2021-09-07,2026-06-17
VFSWW,NASDAQ,Stock,USD,2023-08-15,2026-06-17
VG,NYSE,Stock,USD,2025-01-24,2026-06-17
VG,NASDAQ,Stock,USD,2006-05-24,2022-09-08
VGAC-U,NYSE,Stock,USD,2020-10-02,2021-06-16
VGAS,NASDAQ,Stock,USD,2021-10-04,2026-06-17
VGASW,NASDAQ,Stock,USD,2021-10-04,2026-06-17
VGFC,NASDAQ,Stock,USD,2020-07-31,2023-01-20
VGII-U,NYSE,Stock,USD,2021-03-23,2022-06-16
VGII-WS,NYSE,Stock,USD,2021-05-13,2021-05-21
VGNT,NYSE,Stock,USD,2026-04-01,2026-06-17
VGNT-W,NYSE,Stock,USD,2026-03-27,2026-03-31
VGR,NYSE,Stock,USD,1987-10-09,2024-10-07
VGVT,NYSE,Stock,USD,2025-07-09,2026-06-17
VGZ,AMEX,Stock,USD,1990-04-30,2026-06-17
VHAQ-R,AMEX,Stock,USD,2021-02-04,2024-03-01
VHC,NASDAQ,Stock,USD,1999-07-30,2026-06-17
VHCP,NASDAQ,Stock,USD,2026-02-09,2026-06-17
VHCPU,NASDAQ,Stock,USD,2025-12-18,2026-06-17
VHCPW,NASDAQ,Stock,USD,2026-02-09,2026-06-17
VHI,NYSE,Stock,USD,1986-06-04,2026-06-17
VHNA,NASDAQ,Stock,USD,2022-01-13,2023-09-20
VHNAU,NASDAQ,Stock,USD,2021-11-23,2023-09-20
VHS,NYSE,Stock,USD,2011-06-22,2013-09-30
VHUB,NASDAQ,Stock,USD,2026-01-30,2026-06-17
VIA,NASDAQ,Stock,USD,2005-12-05,2019-12-04
VIA,NASDAQ,Stock,USD,2014-07-29,2021-08-27
VIA,NASDAQ,Stock,USD,2014-07-29,2024-06-13
VIA,NYSE,Stock,USD,2025-09-12,2026-06-17
VIAB,NASDAQ,Stock,USD,2005-12-05,2019-12-04
VIAC,NYSE,Stock,USD,2005-12-05,2019-12-04
VIACP,NASDAQ,Stock,USD,2021-03-24,2022-02-16
VIAS,NASDAQ,Stock,USD,1994-05-27,2015-05-29
VIASP,NASDAQ,Stock,USD,2017-03-10,2026-06-17
VIAV,NASDAQ,Stock,USD,2015-08-04,2026-06-17
VIAVV,NASDAQ,Stock,USD,2015-07-23,2015-08-03
VICI,NYSE,Stock,USD,2017-10-17,2026-06-17
VICR,NASDAQ,Stock,USD,1991-11-27,2026-06-17
VIDA,AMEX,Stock,USD,2026-05-15,2026-06-17
VIE,NASDAQ,Stock,USD,2019-10-03,2021-03-15
VIGL,NASDAQ,Stock,USD,2022-01-07,2025-08-05
VIHAU,NASDAQ,Stock,USD,2020-09-23,2021-10-15
VII,NYSE,Stock,USD,1992-03-17,2018-07-11
VIIAU,NASDAQ,Stock,USD,2020-12-23,2023-12-14
VIK,NYSE,Stock,USD,2024-05-01,2026-06-17
VIMC,NASDAQ,Stock,USD,2005-11-15,2015-12-18
VINCU,NASDAQ,Stock,USD,2020-03-06,2021-04-12
VINCW,NASDAQ,Stock,USD,2020-05-21,2021-05-05
VINP,NASDAQ,Stock,USD,2021-01-28,2026-06-17
VIOT,NASDAQ,Stock,USD,2018-09-25,2026-06-17
VIPS,NYSE,Stock,USD,2012-03-23,2026-06-17
VIR,NASDAQ,Stock,USD,2019-10-11,2026-06-17
VIRC,NASDAQ,Stock,USD,1992-03-17,2026-06-17
VIRT,NYSE,Stock,USD,2015-04-16,2026-06-17
VISN,NASDAQ,Stock,USD,2013-10-25,2026-06-17
VISN,NASDAQ,Stock,USD,2016-01-04,2017-03-27
VISN,NASDAQ,Stock,USD,2026-01-13,2026-01-13
VIST,NYSE,Stock,USD,2019-07-26,2026-06-17
VITL,NASDAQ,Stock,USD,2020-07-31,2026-06-17
VIV,NYSE,Stock,USD,1998-11-16,2026-06-17
VIV-W,NYSE,Stock,USD,2020-11-24,2020-11-27
VIVK,NASDAQ,Stock,USD,2026-04-27,2026-06-17
VIVO,NASDAQ,Stock,USD,1992-02-26,2026-03-27
VIVO,NASDAQ,Stock,USD,2016-12-29,2026-06-17
VIVS,NASDAQ,Stock,USD,2012-02-14,2026-06-17
VKTX,NASDAQ,Stock,USD,2015-04-29,2026-06-17
VKTXW,NASDAQ,Stock,USD,2016-04-08,2021-04-08
VLAT,NASDAQ,Stock,USD,2021-06-24,2023-05-08
VLATU,NASDAQ,Stock,USD,2021-05-04,2023-05-04
VLATW,NASDAQ,Stock,USD,2021-06-24,2023-05-03
VLCN,NASDAQ,Stock,USD,2021-10-06,2026-06-17
VLD-WS,NYSE,Stock,USD,2021-09-30,2024-09-10
VLDRW,NASDAQ,Stock,USD,2020-10-01,2023-02-13
VLGEA,NASDAQ,Stock,USD,1990-03-27,2026-06-17
VLN,NYSE,Stock,USD,2021-10-01,2026-06-17
VLN,NYSE,Stock,USD,2020-09-23,2021-09-30
VLN-WS,NYSE,Stock,USD,2020-09-23,2021-09-29
VLN-WS,NYSE,Stock,USD,2021-09-30,2026-06-17
VLNS,NASDAQ,Stock,USD,2009-09-28,2023-01-17
VLO,NYSE,Stock,USD,1982-01-04,2026-06-17
VLP,NYSE,Stock,USD,2013-12-11,2019-02-04
VLRS,NYSE,Stock,USD,2013-09-18,2026-06-17
VLTA,NYSE,Stock,USD,2020-11-02,2023-04-04
VLTA-WS,NYSE,Stock,USD,2020-11-02,2023-04-03
VLTO,NYSE,Stock,USD,2026-05-28,2026-05-28
VLTO,NYSE,Stock,USD,2023-10-02,2026-06-17
VLTO-W,NYSE,Stock,USD,2023-09-27,2023-09-29
VLY,NASDAQ,Stock,USD,1990-03-23,2026-06-17
VLY-P-A,NYSE,Stock,USD,2015-07-06,2018-10-09
VLY-WS,NYSE,Stock,USD,2014-09-22,2018-10-08
VLYPN,NASDAQ,Stock,USD,2024-07-30,2026-06-17
VLYPO,NASDAQ,Stock,USD,2017-07-28,2026-06-17
VLYPP,NASDAQ,Stock,USD,2015-06-17,2026-06-17
VLYWW,NASDAQ,Stock,USD,2008-07-11,2018-11-09
VM,NYSE,Stock,USD,2007-10-11,2009-11-24
VMAC,NASDAQ,Stock,USD,2020-08-21,2022-02-08
VMACU,NASDAQ,Stock,USD,2020-08-07,2022-02-03
VMAR,NASDAQ,Stock,USD,2020-11-24,2026-06-17
VMC,NYSE,Stock,USD,1988-01-05,2026-06-17
VMCAU,NASDAQ,Stock,USD,2026-02-06,2026-06-17
VMD,NASDAQ,Stock,USD,2018-01-04,2026-06-17
VMED,NASDAQ,Stock,USD,2004-07-19,2013-06-24
VMEM,NYSE,Stock,USD,2013-09-27,2016-10-27
VMEMQ,NYSE,Stock,USD,2016-01-04,2017-08-28
VMEO,NASDAQ,Stock,USD,2021-05-25,2025-11-24
VMEOV,NASDAQ,Stock,USD,2021-05-19,2021-05-24
VMET,NASDAQ,Stock,USD,2025-08-28,2026-06-17
VMGA,NASDAQ,Stock,USD,2022-01-03,2023-05-15
VMGAU,NASDAQ,Stock,USD,2021-11-11,2023-05-15
VMGAW,NASDAQ,Stock,USD,2022-01-03,2023-05-15
VMI,NYSE,Stock,USD,1990-03-26,2026-06-17
VMW,NYSE,Stock,USD,2007-08-15,2023-11-22
VMW-W,NYSE,Stock,USD,2021-10-28,2021-11-01
VNCE,NASDAQ,Stock,USD,2013-11-22,2026-06-17
VNDA,NASDAQ,Stock,USD,2006-04-12,2026-06-17
VNE,NYSE,Stock,USD,2018-06-11,2022-04-01
VNET,NASDAQ,Stock,USD,2011-04-21,2026-06-17
VNLPY,NASDAQ,Stock,USD,2007-07-13,2018-11-07
VNME,NASDAQ,Stock,USD,2025-08-22,2026-06-17
VNMEU,NASDAQ,Stock,USD,2025-07-02,2026-06-17
VNMEW,NASDAQ,Stock,USD,2025-08-22,2026-06-17
VNO,NYSE,Stock,USD,1988-01-05,2026-06-17
VNO-P-G,NYSE,Stock,USD,2014-09-22,2018-01-03
VNO-P-I,NYSE,Stock,USD,2014-09-22,2018-01-10
VNO-P-K,NYSE,Stock,USD,2014-09-22,2021-10-12
VNO-P-L,NYSE,Stock,USD,2014-09-22,2026-06-17
VNO-P-M,NYSE,Stock,USD,2017-12-04,2026-06-17
VNO-P-N,NYSE,Stock,USD,2020-11-23,2026-06-17
VNO-P-O,NYSE,Stock,USD,2021-09-14,2021-09-17
VNO-P-O,NYSE,Stock,USD,2021-09-23,2026-06-17
VNOM,NASDAQ,Stock,USD,2014-06-18,2026-06-17
VNR,NASDAQ,Stock,USD,2017-01-03,2017-02-10
VNRX,AMEX,Stock,USD,2011-10-11,2026-06-17
VNT,NYSE,Stock,USD,2020-09-25,2026-06-17
VNT-W,NYSE,Stock,USD,2020-09-24,2020-10-08
VNTG,AMEX,Stock,USD,2025-06-11,2026-06-17
VNTV,NYSE,Stock,USD,2012-03-22,2018-01-12
VOC,NYSE,Stock,USD,2011-05-06,2026-06-17
VOCS,NASDAQ,Stock,USD,2005-12-07,2014-05-30
VOD,NASDAQ,Stock,USD,1988-12-16,2026-06-17
VOLC,NASDAQ,Stock,USD,2006-06-15,2015-02-25
VOLT,NASDAQ,Stock,USD,1990-03-26,2026-06-17
VOR,NASDAQ,Stock,USD,2021-02-05,2026-06-17
VOSO,NASDAQ,Stock,USD,2021-03-16,2021-11-22
VOSOU,NASDAQ,Stock,USD,2021-01-22,2021-11-18
VOXR,NASDAQ,Stock,USD,2020-07-28,2026-06-17
VOXR,NASDAQ,Stock,USD,2020-08-04,2022-10-07
VOXX,NASDAQ,Stock,USD,1992-03-16,2025-04-01
VOYA,NYSE,Stock,USD,2013-05-02,2026-06-17
VOYA-P-B,NYSE,Stock,USD,2019-06-12,2026-06-17
VOYG,NYSE,Stock,USD,2025-06-11,2026-06-17
VPCB,NASDAQ,Stock,USD,2021-05-05,2023-03-21
VPCBU,NASDAQ,Stock,USD,2021-03-05,2023-03-20
VPCBW,NASDAQ,Stock,USD,2021-05-06,2023-03-20
VPCC-U,NYSE,Stock,USD,2021-03-05,2022-01-05
VPCO,NASDAQ,Stock,USD,2010-02-10,2016-02-16
VPCOU,NASDAQ,Stock,USD,2015-07-30,2016-02-02
VPFG,NASDAQ,Stock,USD,2006-10-03,2014-12-31
VPG,NYSE,Stock,USD,2010-06-23,2026-06-17
VPRT,NASDAQ,Stock,USD,2005-09-30,2014-11-12
VQ,NYSE,Stock,USD,2006-12-28,2012-10-03
VR-P-A,NYSE,Stock,USD,2016-06-07,2018-12-14
VR-P-A-CL,NYSE,Stock,USD,2016-06-07,2018-10-29
VR-P-B,NYSE,Stock,USD,2017-06-13,2018-12-14
VR-P-B-CL,NYSE,Stock,USD,2017-06-13,2018-10-29
VRA,NASDAQ,Stock,USD,2010-10-21,2026-06-17
VRAX,NASDAQ,Stock,USD,2022-07-21,2026-06-17
VRCA,NASDAQ,Stock,USD,2018-06-15,2026-06-17
VRDN,NASDAQ,Stock,USD,2014-06-18,2026-06-17
VRE,NYSE,Stock,USD,1994-08-25,2026-05-26
VREX,NASDAQ,Stock,USD,2017-01-20,2026-06-17
VRM,NASDAQ,Stock,USD,2020-06-09,2026-06-17
VRME,NASDAQ,Stock,USD,2009-05-07,2026-06-17
VRMEW,NASDAQ,Stock,USD,2020-06-18,2025-06-23
VRN,NYSE,Stock,USD,2006-07-20,2025-05-15
VRNA,NASDAQ,Stock,USD,2017-04-27,2025-10-07
VRNS,NASDAQ,Stock,USD,2014-02-28,2026-06-17
VRNT,NASDAQ,Stock,USD,2002-05-16,2025-11-26
VRRM,NASDAQ,Stock,USD,2017-03-24,2026-06-17
VRS,NYSE,Stock,USD,2016-07-19,2022-04-01
VRS1,NYSE,Stock,USD,2008-06-09,2015-09-21
VRSK,NASDAQ,Stock,USD,2009-10-07,2026-06-17
VRSN,NASDAQ,Stock,USD,1998-01-30,2026-06-17
VRT,NYSE,Stock,USD,2018-07-30,2026-06-17
VRTS,NYSE,Stock,USD,2009-01-02,2026-06-17
VRTSP,NASDAQ,Stock,USD,2017-01-27,2020-02-03
VRTU,NASDAQ,Stock,USD,2007-08-03,2021-02-11
VRTV,NYSE,Stock,USD,2014-07-01,2023-11-30
VRTX,NASDAQ,Stock,USD,1991-07-24,2026-06-17
VRX,NYSE,Stock,USD,1994-03-30,2018-07-13
VRXA,NASDAQ,Stock,USD,2026-06-11,2026-06-17
VRXAW,NASDAQ,Stock,USD,2026-06-11,2026-06-17
VS,NASDAQ,Stock,USD,2016-02-03,2021-01-14
VS,NASDAQ,Stock,USD,2021-01-15,2026-06-17
VSA,NASDAQ,Stock,USD,2014-04-03,2026-06-17
VSAC,NASDAQ,Stock,USD,2021-12-23,2026-06-17
VSACU,NASDAQ,Stock,USD,2021-11-01,2026-06-17
VSACW,NASDAQ,Stock,USD,2021-12-23,2024-10-25
VSAR,NASDAQ,Stock,USD,2014-03-21,2018-10-15
VSAT,NASDAQ,Stock,USD,1996-12-03,2026-06-17
VSB,NYSE,Stock,USD,2013-07-22,2014-11-24
VSCO-W,NYSE,Stock,USD,2021-07-21,2021-08-02
VSCP,NASDAQ,Stock,USD,2016-01-04,2016-05-12
VSEC,NASDAQ,Stock,USD,1995-08-18,2026-06-17
VSECU,NASDAQ,Stock,USD,2026-02-05,2026-06-17
VSEE,NASDAQ,Stock,USD,2021-12-31,2026-06-17
VSEEW,NASDAQ,Stock,USD,2021-12-31,2026-06-17
VSH,NYSE,Stock,USD,1988-01-04,2026-06-17
VSI,NYSE,Stock,USD,2009-10-28,2019-12-16
VSLR,NYSE,Stock,USD,2014-10-01,2020-10-09
VSM,NYSE,Stock,USD,2016-10-03,2019-10-14
VSM-W,NYSE,Stock,USD,2016-09-19,2016-09-30
VSME,NASDAQ,Stock,USD,2023-09-27,2026-06-17
VSNT,NASDAQ,Stock,USD,2025-12-15,2026-06-17
VSNTV,NASDAQ,Stock,USD,2025-12-15,2026-06-17
VSPRU,NASDAQ,Stock,USD,2020-09-30,2021-05-05
VSR,NYSE,Stock,USD,1992-03-17,2017-09-26
VSSYW,NASDAQ,Stock,USD,2021-01-15,2026-01-16
VST,NYSE,Stock,USD,2016-10-04,2026-06-17
VST-WS-A,NYSE,Stock,USD,2018-04-10,2026-06-17
VSTA,NASDAQ,Stock,USD,2020-07-31,2026-06-17
VSTD,NASDAQ,Stock,USD,2022-09-09,2026-06-17
VSTD,NASDAQ,Stock,USD,2026-05-28,2026-05-28
VSTM,NASDAQ,Stock,USD,2012-01-27,2026-06-17
VSTO,NYSE,Stock,USD,2015-02-10,2024-11-27
VSTS,NYSE,Stock,USD,2023-09-27,2026-06-17
VSTS,NYSE,Stock,USD,2023-10-05,2026-05-28
VSTS-W,NYSE,Stock,USD,2023-09-27,2023-09-29
VSXY,NYSE,Stock,USD,2021-07-21,2026-06-17
VTAE,NASDAQ,Stock,USD,2014-09-23,2016-10-26
VTAK,AMEX,Stock,USD,2018-09-27,2026-06-17
VTAQR,NASDAQ,Stock,USD,2021-02-05,2022-09-21
VTAQU,NASDAQ,Stock,USD,2020-12-24,2022-09-21
VTEX,NYSE,Stock,USD,2021-07-21,2026-06-17
VTG,NYSE,Stock,USD,2007-06-08,2026-06-17
VTGN,NASDAQ,Stock,USD,2016-05-06,2026-06-17
VTIQ,NASDAQ,Stock,USD,2021-03-03,2022-12-09
VTIQU,NASDAQ,Stock,USD,2018-05-16,2020-06-03
VTIQU,NASDAQ,Stock,USD,2021-01-07,2022-12-09
VTIQW,NASDAQ,Stock,USD,2021-03-03,2022-12-09
VTIX,NASDAQ,Stock,USD,2026-01-27,2026-06-17
VTLE,NYSE,Stock,USD,2011-12-15,2025-12-12
VTMX,NYSE,Stock,USD,2023-06-30,2026-06-17
VTOL,NYSE,Stock,USD,2013-01-22,2026-06-17
VTP,NYSE,Stock,USD,2025-07-09,2026-06-17
VTR,NYSE,Stock,USD,1997-05-05,2026-06-17
VTRB,NYSE,Stock,USD,2013-03-11,2019-01-29
VTRS,NASDAQ,Stock,USD,2020-11-16,2026-06-17
VTRSV,NASDAQ,Stock,USD,2020-11-12,2020-11-17
VTRU,NASDAQ,Stock,USD,2020-09-18,2024-06-14
VTS,NYSE,Stock,USD,2023-01-10,2026-06-17
VTS-W,NYSE,Stock,USD,2023-01-10,2023-01-13
VTSI,NASDAQ,Stock,USD,2016-01-04,2026-06-17
VTSS,NASDAQ,Stock,USD,1991-12-11,2015-05-06
VTTI,NYSE,Stock,USD,2014-08-01,2017-09-28
VTVT,NASDAQ,Stock,USD,2015-07-30,2026-06-17
VTYX,NASDAQ,Stock,USD,2021-10-21,2026-03-04
VUZI,NASDAQ,Stock,USD,2010-04-05,2026-06-17
VVC,NYSE,Stock,USD,1987-11-05,2019-02-26
VVNT,NYSE,Stock,USD,2020-01-21,2023-03-09
VVNT-WS,NYSE,Stock,USD,2020-01-21,2021-01-06
VVOS,NASDAQ,Stock,USD,2020-12-11,2026-06-17
VVV,NYSE,Stock,USD,2016-09-23,2026-06-17
VVV-W,NYSE,Stock,USD,2017-05-03,2017-05-12
VVX,NYSE,Stock,USD,2014-09-16,2026-06-17
VWAV,NASDAQ,Stock,USD,2025-07-15,2026-06-17
VWAVW,NASDAQ,Stock,USD,2025-07-15,2026-06-17
VWR,NASDAQ,Stock,USD,2014-10-02,2017-11-21
VWTR,NASDAQ,Stock,USD,1991-03-21,2022-05-25
VYFC,NASDAQ,Stock,USD,1997-01-03,2015-06-30
VYGG,NYSE,Stock,USD,2020-11-20,2022-10-05
VYGG-U,NYSE,Stock,USD,2020-10-02,2022-10-05
VYGG-WS,NYSE,Stock,USD,2020-11-20,2022-09-27
VYGR,NASDAQ,Stock,USD,2015-11-11,2026-06-17
VYLD,NYSE,Stock,USD,2025-03-20,2026-06-17
VYNE,NASDAQ,Stock,USD,2018-01-25,2026-06-17
VYX,NYSE,Stock,USD,1996-12-11,2026-06-17
VYX-W,NYSE,Stock,USD,2023-10-11,2023-10-16
VZ,NYSE,Stock,USD,1983-11-21,2026-06-17
VZA,NYSE,Stock,USD,2014-02-26,2019-03-08
VZA-CL,NYSE,Stock,USD,2019-02-08,2019-03-08
VZIO,NYSE,Stock,USD,2021-03-25,2024-12-03
VZLA,AMEX,Stock,USD,2024-06-21,2026-06-17
W,NYSE,Stock,USD,2014-10-02,2026-06-17
WAAS,NYSE,Stock,USD,2016-10-06,2020-03-27
WAB,NYSE,Stock,USD,1995-06-16,2026-06-17
WABC,NASDAQ,Stock,USD,1992-03-17,2026-06-17
WAC,NYSE,Stock,USD,1998-03-24,2018-02-09
WAFD,NASDAQ,Stock,USD,1990-03-26,2026-06-17
WAFDP,NASDAQ,Stock,USD,2021-02-02,2026-06-17
WAFDW,NASDAQ,Stock,USD,2010-03-10,2018-11-14
WAFU,NASDAQ,Stock,USD,2019-04-30,2026-06-17
WAG,NYSE,Stock,USD,1985-07-01,2014-12-30
WAGE,NYSE,Stock,USD,2012-05-11,2019-08-30
WAI,NASDAQ,Stock,USD,2023-04-18,2026-06-17
WAIR,NYSE,Stock,USD,2011-07-28,2020-01-09
WAL,NYSE,Stock,USD,2005-07-01,2026-06-17
WAL-P-A,NYSE,Stock,USD,2021-09-16,2022-12-23
WAL-P-A,NYSE,Stock,USD,2021-09-20,2026-06-17
WALA,NYSE,Stock,USD,2016-06-21,2021-11-16
WALD,NASDAQ,Stock,USD,2021-05-12,2026-06-17
WALDU,NASDAQ,Stock,USD,2021-03-16,2022-07-27
WALDW,NASDAQ,Stock,USD,2021-05-11,2026-06-17
WARR,NASDAQ,Stock,USD,2022-09-08,2022-09-19
WARR,NYSE,Stock,USD,2021-04-19,2022-09-07
WARR-U,NYSE,Stock,USD,2021-02-26,2022-09-02
WARR-WS,NYSE,Stock,USD,2021-04-20,2022-09-02
WASH,NASDAQ,Stock,USD,1995-08-18,2026-06-17
WAT,NYSE,Stock,USD,1995-11-17,2026-06-17
WATG,NASDAQ,Stock,USD,2011-09-13,2012-11-15
WATT,NASDAQ,Stock,USD,2014-03-28,2026-06-17
WAVC,NYSE,Stock,USD,2021-10-12,2023-08-24
WAVC-U,NYSE,Stock,USD,2021-08-20,2023-08-24
WAVC-WS,NYSE,Stock,USD,2021-10-14,2023-08-24
WAVE,NASDAQ,Stock,USD,2021-07-01,2026-06-17
WAVE,NASDAQ,Stock,USD,2007-01-03,2013-10-17
WAVSU,NASDAQ,Stock,USD,2022-01-12,2025-02-18
WAY,NASDAQ,Stock,USD,2024-06-07,2026-06-17
WB,NASDAQ,Stock,USD,2014-04-17,2026-06-17
WBA,NASDAQ,Stock,USD,1985-07-01,2025-08-28
WBB,NASDAQ,Stock,USD,2013-04-11,2017-10-13
WBC,NYSE,Stock,USD,2007-08-01,2020-05-28
WBCO,NASDAQ,Stock,USD,1998-06-23,2014-04-30
WBD,NASDAQ,Stock,USD,2005-07-08,2026-06-17
WBDWV,NASDAQ,Stock,USD,2022-04-04,2022-04-08
WBI,NYSE,Stock,USD,2025-09-17,2026-06-17
WBK,NYSE,Stock,USD,1989-06-30,2022-03-22
WBKC,NASDAQ,Stock,USD,2011-01-20,2017-10-17
WBMD,NASDAQ,Stock,USD,2005-09-29,2017-09-18
WBS,NYSE,Stock,USD,1986-12-12,2026-06-17
WBS-P-E,NYSE,Stock,USD,1986-12-12,2017-12-14
WBS-P-F,NYSE,Stock,USD,2017-12-05,2026-06-17
WBS-P-G,NYSE,Stock,USD,2022-02-02,2026-06-17
WBSN,NASDAQ,Stock,USD,2006-12-28,2013-06-25
WBT,NYSE,Stock,USD,2016-02-18,2022-07-28
WBTN,NASDAQ,Stock,USD,2024-06-27,2026-06-17
WBUY,NASDAQ,Stock,USD,2023-10-19,2026-06-17
WBX,NYSE,Stock,USD,2021-10-04,2026-06-17
WCAP,NYSE,Stock,USD,2025-09-11,2026-06-17
WCC,NYSE,Stock,USD,1999-05-12,2026-06-17
WCC-P-A,NYSE,Stock,USD,2020-06-22,2025-06-20
WCG,NYSE,Stock,USD,2004-07-01,2020-01-23
WCIC,NYSE,Stock,USD,2013-07-25,2017-07-10
WCIMQ,NYSE,Stock,USD,2008-08-05,2009-09-03
WCMG,NYSE,Stock,USD,2026-04-22,2026-06-17
WCN,NYSE,Stock,USD,1998-05-22,2026-06-17
WCRX,NASDAQ,Stock,USD,2006-09-21,2013-10-17
WCST,NASDAQ,Stock,USD,2007-05-23,2017-07-14
WCT,NASDAQ,Stock,USD,2024-10-02,2026-06-17
WD,NYSE,Stock,USD,2010-12-15,2026-06-17
WDAF,NASDAQ,Stock,USD,2025-09-12,2026-06-17
WDAY,NASDAQ,Stock,USD,2012-10-12,2026-06-17
WDC,NASDAQ,Stock,USD,1987-01-02,2026-06-17
WDCVV,NASDAQ,Stock,USD,2025-02-13,2026-06-17
WDFC,NASDAQ,Stock,USD,1990-03-26,2026-06-17
WDGF,NASDAQ,Stock,USD,2025-09-12,2026-06-17
WDH,NYSE,Stock,USD,2021-05-07,2026-06-17
WDI,NYSE,Stock,USD,2021-06-25,2026-06-17
WDR,NYSE,Stock,USD,1998-03-05,2021-04-30
WDS,NYSE,Stock,USD,2007-07-13,2026-06-17
WE-WS,NYSE,Stock,USD,2021-10-21,2023-08-22
WEAV,NYSE,Stock,USD,2021-11-11,2026-06-17
WEB,NASDAQ,Stock,USD,2015-11-10,2018-10-11
WEBK,NASDAQ,Stock,USD,2012-01-26,2020-05-29
WEBR,NYSE,Stock,USD,2021-08-05,2023-02-17
WEBX,NASDAQ,Stock,USD,2026-06-03,2026-06-17
WEC,NYSE,Stock,USD,1984-10-26,2026-06-17
WELL,NYSE,Stock,USD,2001-01-02,2026-06-17
WELL-P-I,NYSE,Stock,USD,2011-03-02,2019-02-27
WEN,NASDAQ,Stock,USD,1992-03-17,2026-06-17
WENC,NYSE,Stock,USD,2026-05-13,2026-06-17
WENC-R,NYSE,Stock,USD,2026-05-13,2026-06-17
WENC-U,NYSE,Stock,USD,2026-04-30,2026-06-17
WENN,NASDAQ,Stock,USD,2025-07-07,2026-06-17
WENNU,NASDAQ,Stock,USD,2025-05-16,2026-06-17
WENNW,NASDAQ,Stock,USD,2025-07-07,2026-06-17
WERN,NASDAQ,Stock,USD,1990-03-26,2026-06-17
WES,NYSE,Stock,USD,2008-05-09,2019-02-28
WES,NYSE,Stock,USD,2012-12-10,2026-06-17
WEST,NASDAQ,Stock,USD,2022-08-26,2026-06-17
WEST,NASDAQ,Stock,USD,2010-03-30,2018-02-20
WESTW,NASDAQ,Stock,USD,2022-08-29,2026-06-17
WETF,NASDAQ,Stock,USD,2022-10-20,2022-11-04
WETH,NASDAQ,Stock,USD,2017-09-25,2026-06-17
WETO,NASDAQ,Stock,USD,2025-02-27,2026-06-17
WEX,NYSE,Stock,USD,2005-02-16,2026-06-17
WEYS,NASDAQ,Stock,USD,1990-03-26,2026-06-17
WF,NYSE,Stock,USD,2003-10-01,2026-06-17
WFBI,NASDAQ,Stock,USD,2004-07-28,2018-01-02
WFC,NYSE,Stock,USD,1972-06-01,2026-06-17
WFC-P-A,NYSE,Stock,USD,2020-10-23,2026-06-17
WFC-P-C,NYSE,Stock,USD,2021-01-26,2026-06-17
WFC-P-D,NYSE,Stock,USD,2021-07-21,2026-06-17
WFC-P-J,NYSE,Stock,USD,2014-09-22,2018-09-14
WFC-P-L,NYSE,Stock,USD,2014-09-22,2026-06-17
WFC-P-N,NYSE,Stock,USD,2014-09-22,2021-06-14
WFC-P-O,NYSE,Stock,USD,2014-09-22,2021-09-14
WFC-P-P,NYSE,Stock,USD,2014-09-22,2021-03-12
WFC-P-Q,NYSE,Stock,USD,2014-09-22,2023-09-14
WFC-P-R,NYSE,Stock,USD,2014-09-22,2024-03-14
WFC-P-T,NYSE,Stock,USD,2014-09-22,2020-12-14
WFC-P-Y,NYSE,Stock,USD,1998-01-02,2026-06-17
WFC-P-Z,NYSE,Stock,USD,2020-01-16,2026-06-17
WFC-WS,NYSE,Stock,USD,1972-06-01,2018-10-24
WFCF,NASDAQ,Stock,USD,2011-02-23,2026-06-17
WFD,NASDAQ,Stock,USD,2001-12-28,2016-10-31
WFE-P-A,NYSE,Stock,USD,2014-12-08,2019-12-10
WFE-P-A-CL,NYSE,Stock,USD,2019-11-04,2019-12-10
WFF,NASDAQ,Stock,USD,2025-03-27,2026-06-17
WFG,NYSE,Stock,USD,2007-07-13,2026-06-17
WFM,NASDAQ,Stock,USD,1992-01-23,2017-08-29
WFRD,NASDAQ,Stock,USD,2021-01-04,2026-06-17
WFTIQ,NYSE,Stock,USD,1973-05-03,2019-12-13
WG,NYSE,Stock,USD,1996-08-15,2018-03-27
WGBS,NASDAQ,Stock,USD,2016-01-04,2017-03-02
WGL,NYSE,Stock,USD,1987-06-22,2018-07-09
WGO,NYSE,Stock,USD,1984-11-01,2026-06-17
WGRX,NASDAQ,Stock,USD,2025-02-21,2026-06-17
WGS,NASDAQ,Stock,USD,2020-11-04,2026-06-17
WGSWW,NASDAQ,Stock,USD,2020-10-29,2026-06-17
WH,NYSE,Stock,USD,2018-05-21,2026-06-17
WHD,NYSE,Stock,USD,2018-02-08,2026-06-17
WHF,NASDAQ,Stock,USD,2012-12-06,2026-06-17
WHFBL,NASDAQ,Stock,USD,2013-07-22,2018-08-09
WHFBZ,NASDAQ,Stock,USD,2018-11-30,2021-12-16
WHFCL,NASDAQ,Stock,USD,2023-08-28,2026-06-17
WHG,NYSE,Stock,USD,2002-06-13,2026-06-17
WHK,NYSE,Stock,USD,2026-06-09,2026-06-17
WHLR,NASDAQ,Stock,USD,2012-11-19,2026-06-17
WHLRD,NASDAQ,Stock,USD,2016-09-21,2026-06-17
WHLRL,NASDAQ,Stock,USD,2021-09-03,2026-06-17
WHLRP,NASDAQ,Stock,USD,2014-09-24,2026-06-17
WHLRW,NASDAQ,Stock,USD,2014-09-24,2019-04-29
WHR,NYSE,Stock,USD,1983-06-10,2026-06-17
WHR-P-A,NYSE,Stock,USD,2026-03-03,2026-06-17
WHWK,NASDAQ,Stock,USD,2017-08-08,2026-06-17
WIBC,NASDAQ,Stock,USD,2016-01-04,2016-08-08
WIFI,NASDAQ,Stock,USD,2011-05-04,2021-06-02
WILC,NASDAQ,Stock,USD,1997-05-20,2026-06-17
WILN,NASDAQ,Stock,USD,2016-01-04,2017-09-18
WIMI,NASDAQ,Stock,USD,2020-04-01,2026-06-17
WINA,NASDAQ,Stock,USD,1993-08-25,2026-06-17
WING,NASDAQ,Stock,USD,2015-06-12,2026-06-17
WIRE,NASDAQ,Stock,USD,1992-07-20,2024-07-03
WIT,NYSE,Stock,USD,2000-10-19,2026-06-17
WIX,NASDAQ,Stock,USD,2013-11-06,2026-06-17
WK,NYSE,Stock,USD,2014-12-12,2026-06-17
WKC,NYSE,Stock,USD,1990-07-30,2026-06-17
WKEY,NASDAQ,Stock,USD,2019-01-11,2026-06-17
WKEYV,NASDAQ,Stock,USD,2023-05-22,2023-05-23
WKHS,NASDAQ,Stock,USD,2014-08-07,2026-06-17
WKME,NASDAQ,Stock,USD,2021-06-16,2026-06-17
WKSP,NASDAQ,Stock,USD,2003-07-15,2026-06-17
WKSPW,NASDAQ,Stock,USD,2021-08-04,2026-06-17
WLAC,NASDAQ,Stock,USD,2024-12-30,2026-05-08
WLACU,NASDAQ,Stock,USD,2024-11-08,2026-05-08
WLACW,NASDAQ,Stock,USD,2025-01-02,2026-05-08
WLB,NASDAQ,Stock,USD,1999-04-19,2018-04-24
WLBA,NASDAQ,Stock,USD,2001-01-02,2018-10-09
WLDN,NASDAQ,Stock,USD,2006-11-21,2026-06-17
WLDS,NASDAQ,Stock,USD,2022-09-13,2026-06-17
WLDSW,NASDAQ,Stock,USD,2022-09-13,2026-06-17
WLFC,NASDAQ,Stock,USD,1996-11-15,2026-06-17
WLH,NYSE,Stock,USD,2013-05-16,2020-02-05
WLII,NASDAQ,Stock,USD,2026-04-06,2026-06-17
WLIIU,NASDAQ,Stock,USD,2026-02-13,2026-06-17
WLIIW,NASDAQ,Stock,USD,2026-04-06,2026-06-17
WLK,NYSE,Stock,USD,2004-08-11,2026-06-17
WLKP,NYSE,Stock,USD,2014-07-30,2026-06-17
WLL,NYSE,Stock,USD,2003-11-20,2020-09-01
WLL,NYSE,Stock,USD,2020-09-02,2022-07-01
WLP,NYSE,Stock,USD,2014-09-22,2014-12-02
WLRHU,NASDAQ,Stock,USD,2016-01-04,2016-06-17
WLRHW,NASDAQ,Stock,USD,2016-01-04,2016-06-17
WLT,NASDAQ,Stock,USD,1995-10-10,2015-07-07
WLTH,NASDAQ,Stock,USD,2025-12-12,2026-06-17
WLY,NYSE,Stock,USD,1990-03-26,2026-06-17
WLYB,NYSE,Stock,USD,1995-10-19,2026-06-17
WM,NYSE,Stock,USD,1991-09-30,2026-06-17
WMAR,NASDAQ,Stock,USD,1993-11-19,2017-09-15
WMB,NYSE,Stock,USD,1981-12-31,2026-06-17
WMC,NYSE,Stock,USD,2012-05-11,2023-12-06
WMG,NASDAQ,Stock,USD,2020-06-03,2026-06-17
WMG,NASDAQ,Stock,USD,2006-12-28,2011-07-19
WMGI,NASDAQ,Stock,USD,2001-07-17,2020-11-11
WMGIZ,NASDAQ,Stock,USD,2013-03-05,2019-03-08
WMIH,NASDAQ,Stock,USD,2012-03-28,2018-10-10
WMK,NYSE,Stock,USD,1988-01-05,2026-06-17
WMLP,NYSE,Stock,USD,2010-07-14,2018-10-09
WMPN,NASDAQ,Stock,USD,2008-04-16,2025-04-30
WMS,NYSE,Stock,USD,2014-07-25,2026-06-17
WMT,NASDAQ,Stock,USD,1972-08-25,2026-06-17
WMZ,NYSE,Stock,USD,2008-01-18,2010-08-31
WNC,NYSE,Stock,USD,1991-11-08,2026-06-17
WNEB,NASDAQ,Stock,USD,2002-05-02,2026-06-17
WNNR,NYSE,Stock,USD,2022-03-07,2024-03-28
WNNR-U,NYSE,Stock,USD,2022-01-13,2024-03-28
WNR,NYSE,Stock,USD,2006-01-19,2017-06-02
WNR-W,NYSE,Stock,USD,2016-06-23,2016-06-27
WNRL,NYSE,Stock,USD,2013-10-10,2017-10-31
WNS,NYSE,Stock,USD,2024-03-28,2025-10-16
WNS,NYSE,Stock,USD,2006-07-26,2025-10-16
WNW,NASDAQ,Stock,USD,2020-12-15,2026-06-17
WOK,NASDAQ,Stock,USD,2024-08-23,2026-06-17
WOLF,NYSE,Stock,USD,2025-09-29,2026-06-17
WOLF,NASDAQ,Stock,USD,1993-02-09,2025-09-26
WOLF,NASDAQ,Stock,USD,2025-06-30,2025-06-30
WOOF,NASDAQ,Stock,USD,2001-11-21,2017-09-28
WOOF,NASDAQ,Stock,USD,2021-01-14,2026-06-17
WOR,NYSE,Stock,USD,1990-03-26,2026-06-17
WOR-W,NYSE,Stock,USD,2023-11-28,2023-11-30
WORK,NYSE,Stock,USD,2019-06-20,2021-07-21
WOW,NYSE,Stock,USD,2017-05-25,2025-12-30
WP,NYSE,Stock,USD,2018-01-12,2019-08-05
WPAC,NYSE,Stock,USD,2026-02-24,2026-06-17
WPAC-R,NYSE,Stock,USD,2026-02-24,2026-06-17
WPAC-U,NYSE,Stock,USD,2026-02-02,2026-06-17
WPC,NYSE,Stock,USD,1998-01-21,2026-06-17
WPC-W,NYSE,Stock,USD,2023-10-27,2023-10-27
WPCA,NYSE,Stock,USD,2021-04-26,2023-03-09
WPCA-U,NYSE,Stock,USD,2021-03-05,2023-03-09
WPCAWS,NYSE,Stock,USD,2021-04-27,2023-03-09
WPCB,NYSE,Stock,USD,2021-04-26,2023-03-09
WPCB-U,NYSE,Stock,USD,2021-03-05,2023-03-09
WPCB-WS,NYSE,Stock,USD,2021-04-28,2021-05-07
WPCS,NASDAQ,Stock,USD,2003-10-07,2018-01-30
WPF-U,NYSE,Stock,USD,2020-05-27,2021-07-02
WPM,NYSE,Stock,USD,2016-01-04,2026-06-17
WPP,NYSE,Stock,USD,1990-03-26,2026-06-17
WPPGY,NASDAQ,Stock,USD,1990-03-26,2017-11-27
WPRT,NASDAQ,Stock,USD,2008-08-15,2026-06-17
WPT,NYSE,Stock,USD,2013-08-09,2017-07-10
WPX,NYSE,Stock,USD,2011-12-12,2021-01-14
WPXP,NYSE,Stock,USD,2015-07-30,2018-07-27
WPZ,NYSE,Stock,USD,2005-08-18,2018-08-13
WQGA,NYSE,Stock,USD,2021-10-01,2023-02-13
WQGA-U,NYSE,Stock,USD,2021-08-23,2023-02-13
WQGA-U,NYSE,Stock,USD,2021-08-11,2021-08-20
WQGA-WS,NYSE,Stock,USD,2021-10-01,2023-02-13
WR,NYSE,Stock,USD,1987-08-25,2026-06-17
WRAP,NASDAQ,Stock,USD,2018-05-29,2026-06-17
WRB,NYSE,Stock,USD,1984-09-07,2026-06-17
WRB-P-B,NYSE,Stock,USD,2014-09-22,2020-10-20
WRB-P-C,NYSE,Stock,USD,2016-03-03,2021-03-16
WRB-P-D,NYSE,Stock,USD,2016-05-31,2021-06-02
WRB-P-E,NYSE,Stock,USD,2018-04-02,2026-06-17
WRB-P-F,NYSE,Stock,USD,2019-12-19,2026-06-17
WRB-P-G,NYSE,Stock,USD,2020-09-24,2026-06-17
WRB-P-H,NYSE,Stock,USD,2021-02-19,2026-06-17
WRBY,NYSE,Stock,USD,2021-09-29,2026-06-17
WRC,NYSE,Stock,USD,2008-06-24,2013-10-17
WRD,NYSE,Stock,USD,2016-12-14,2019-02-26
WRD,NASDAQ,Stock,USD,2024-10-25,2026-06-17
WRI,NYSE,Stock,USD,1988-01-05,2021-08-03
WRK,NYSE,Stock,USD,2015-06-24,2024-07-05
WRK-W,NYSE,Stock,USD,2016-05-02,2016-05-13
WRLD,NASDAQ,Stock,USD,1991-12-02,2026-06-17
WRLSR,NASDAQ,Stock,USD,2017-08-08,2020-04-08
WRLSU,NASDAQ,Stock,USD,2017-07-27,2020-04-07
WRN,AMEX,Stock,USD,2006-05-19,2026-06-17
WRNT,NASDAQ,Stock,USD,2023-07-25,2026-06-17
WRS,NYSE,Stock,USD,2006-12-20,2012-04-11
WRTH,NASDAQ,Stock,USD,2026-04-28,2026-06-17
WS,NYSE,Stock,USD,2023-11-28,2026-06-17
WS-W,NYSE,Stock,USD,2023-11-28,2023-11-30
WSBC,NASDAQ,Stock,USD,1995-08-18,2026-06-17
WSBCO,NASDAQ,Stock,USD,2025-10-06,2026-06-17
WSBCP,NASDAQ,Stock,USD,2020-08-05,2026-06-17
WSBF,NASDAQ,Stock,USD,2005-10-05,2026-06-17
WSBK,NASDAQ,Stock,USD,2025-05-02,2026-06-17
WSC,NASDAQ,Stock,USD,2017-11-30,2026-06-17
WSCI,NASDAQ,Stock,USD,1990-03-27,2018-11-07
WSDB,NYSE,Stock,USD,2026-04-01,2026-06-17
WSE,NASDAQ,Stock,USD,2026-05-11,2026-06-17
WSFS,NASDAQ,Stock,USD,1990-03-26,2026-06-17
WSFSL,NASDAQ,Stock,USD,2012-09-28,2017-09-28
WSG,NASDAQ,Stock,USD,2019-07-26,2021-02-05
WSH,NASDAQ,Stock,USD,2001-06-12,2016-01-04
WSHP,NASDAQ,Stock,USD,2025-11-14,2026-06-17
WSM,NYSE,Stock,USD,1990-03-26,2026-06-17
WSO,NYSE,Stock,USD,1984-06-07,2026-06-17
WSO-B,NYSE,Stock,USD,1992-03-17,2026-06-17
WSR,NYSE,Stock,USD,2010-08-26,2026-06-17
WST,NYSE,Stock,USD,1988-01-05,2026-06-17
WSTC,NASDAQ,Stock,USD,2013-03-22,2017-10-10
WSTE,NASDAQ,Stock,USD,2011-04-13,2013-02-25
WSTN,NASDAQ,Stock,USD,2025-12-31,2026-06-17
WSTNR,NASDAQ,Stock,USD,2025-12-31,2026-06-17
WSTNU,NASDAQ,Stock,USD,2025-11-04,2026-06-17
WT,NYSE,Stock,USD,1993-03-04,2026-06-17
WTBA,NASDAQ,Stock,USD,1999-05-03,2026-06-17
WTF,NASDAQ,Stock,USD,2025-04-01,2026-06-17
WTFC,NASDAQ,Stock,USD,1998-04-16,2026-06-17
WTFCM,NASDAQ,Stock,USD,2015-07-09,2026-06-17
WTFCN,NASDAQ,Stock,USD,2025-05-22,2026-06-17
WTFCP,NASDAQ,Stock,USD,2020-05-07,2026-06-17
WTFCW,NASDAQ,Stock,USD,2011-02-09,2018-12-14
WTG,NASDAQ,Stock,USD,2025-07-21,2026-06-17
WTGUR,NASDAQ,Stock,USD,2025-07-21,2026-06-17
WTGUU,NASDAQ,Stock,USD,2025-05-29,2026-06-17
WTI,NYSE,Stock,USD,2005-01-28,2026-06-17
WTIB,NYSE,Stock,USD,2025-12-10,2026-06-17
WTM,NYSE,Stock,USD,1986-05-09,2026-06-17
WTMA,NASDAQ,Stock,USD,2026-05-28,2026-06-17
WTO,NASDAQ,Stock,USD,2021-04-06,2026-06-17
WTRE,NASDAQ,Stock,USD,2019-03-28,2021-07-01
WTREP,NASDAQ,Stock,USD,2019-08-12,2021-07-12
WTRG,NYSE,Stock,USD,1987-12-30,2026-06-17
WTRHW,NASDAQ,Stock,USD,2016-09-07,2019-03-15
WTRU,NYSE,Stock,USD,2019-04-18,2022-04-29
WTS,NYSE,Stock,USD,1986-01-02,2026-06-17
WTTR,NYSE,Stock,USD,2017-04-21,2026-06-17
WTW,NASDAQ,Stock,USD,2016-01-05,2026-06-17
WU,NYSE,Stock,USD,2006-10-02,2026-06-17
WUBA,NYSE,Stock,USD,2013-10-31,2020-09-17
WULF,NASDAQ,Stock,USD,1996-05-30,2026-06-17
WVE,NASDAQ,Stock,USD,2015-11-11,2026-06-17
WVVI,NASDAQ,Stock,USD,1994-09-15,2026-06-17
WVVIP,NASDAQ,Stock,USD,2016-06-29,2026-06-17
WW,NASDAQ,Stock,USD,2001-11-15,2026-06-17
WWACU,NASDAQ,Stock,USD,2021-10-20,2023-11-07
WWAV,NYSE,Stock,USD,2012-10-26,2017-07-17
WWAY,NASDAQ,Stock,USD,2009-12-21,2013-02-12
WWD,NASDAQ,Stock,USD,1996-05-30,2026-06-17
WWE,NYSE,Stock,USD,1999-10-19,2023-09-11
WWR,AMEX,Stock,USD,2017-08-22,2026-06-17
WWW,NYSE,Stock,USD,1984-12-18,2026-06-17
WWWW,NASDAQ,Stock,USD,2005-11-03,2015-11-09
WX,NYSE,Stock,USD,2007-08-15,2026-06-17
WXM,NASDAQ,Stock,USD,2025-04-01,2026-06-17
WY,NYSE,Stock,USD,1973-05-03,2026-06-17
WYFI,NASDAQ,Stock,USD,2025-08-07,2026-06-17
WYHG,NASDAQ,Stock,USD,2024-11-26,2026-06-17
WYIG,NASDAQ,Stock,USD,2015-12-29,2018-02-06
WYIGU,NASDAQ,Stock,USD,2015-07-24,2018-02-06
WYIGW,NASDAQ,Stock,USD,2015-12-30,2018-02-06
WYN,NYSE,Stock,USD,2006-07-19,2018-05-31
WYNN,NASDAQ,Stock,USD,2002-10-25,2026-06-17
WYY,AMEX,Stock,USD,1998-05-19,2026-06-17
X,NYSE,Stock,USD,1991-04-12,2025-06-18
XAIR,NASDAQ,Stock,USD,2017-09-22,2026-06-17
XBFR,NYSE,Stock,USD,2026-02-24,2026-06-17
XBIO,NASDAQ,Stock,USD,2014-04-17,2026-06-17
XBIOW,NASDAQ,Stock,USD,2019-07-23,2024-07-18
XBIT,NASDAQ,Stock,USD,2015-04-15,2026-06-17
XBITV,NASDAQ,Stock,USD,2020-02-14,2020-02-19
XBKS,NASDAQ,Stock,USD,2004-07-09,2017-12-29
XBP,NASDAQ,Stock,USD,2023-11-29,2026-06-17
XBPEW,NASDAQ,Stock,USD,2021-05-07,2026-06-17
XCBE,NASDAQ,Stock,USD,2026-03-13,2026-06-17
XCBEU,NASDAQ,Stock,USD,2026-01-21,2026-06-17
XCBEW,NASDAQ,Stock,USD,2026-03-16,2026-06-17
XCH,NASDAQ,Stock,USD,2024-09-10,2026-06-17
XCO,NYSE,Stock,USD,2006-02-09,2017-12-26
XCRA,NASDAQ,Stock,USD,1990-03-26,2018-10-01
XCUR,NASDAQ,Stock,USD,2018-05-22,2026-06-17
XE,NASDAQ,Stock,USD,2026-04-24,2026-06-17
XEC,NYSE,Stock,USD,2002-09-25,2021-10-04
XEL,NASDAQ,Stock,USD,1985-09-24,2026-06-17
XELAU,NASDAQ,Stock,USD,2015-01-16,2022-07-12
XELAW,NASDAQ,Stock,USD,2015-03-27,2022-07-12
XELB,NASDAQ,Stock,USD,2001-06-14,2026-06-17
XELLL,NASDAQ,Stock,USD,2025-10-08,2026-06-17
XENE,NASDAQ,Stock,USD,2014-11-05,2026-06-17
XENT,NASDAQ,Stock,USD,2014-07-24,2022-09-16
XERS,NASDAQ,Stock,USD,2018-06-21,2026-06-17
XEY,NASDAQ,Stock,USD,2026-04-28,2026-06-17
XFIN,NASDAQ,Stock,USD,2021-12-16,2024-10-01
XFINU,NASDAQ,Stock,USD,2021-10-21,2024-10-01
XFINW,NASDAQ,Stock,USD,2021-12-13,2024-10-01
XFLH,NYSE,Stock,USD,2026-03-09,2026-06-17
XFLH-R,NYSE,Stock,USD,2026-03-09,2026-06-17
XFLH-U,NYSE,Stock,USD,2026-02-12,2026-06-17
XFLT-P-A,NYSE,Stock,USD,2021-04-05,2025-10-30
XFOR,NASDAQ,Stock,USD,2017-11-16,2026-06-17
XGN,NASDAQ,Stock,USD,2019-09-19,2026-06-17
XGTIW,NASDAQ,Stock,USD,2013-07-19,2018-07-20
XHG,NASDAQ,Stock,USD,2024-05-29,2026-06-17
XHLD,NASDAQ,Stock,USD,2025-02-13,2026-06-17
XHR,NYSE,Stock,USD,2015-02-04,2026-06-17
XIFR,NYSE,Stock,USD,2014-06-27,2026-06-17
XIN,NYSE,Stock,USD,2007-12-12,2025-09-17
XKE,NYSE,Stock,USD,2003-08-28,2017-11-03
XL,NYSE,Stock,USD,1991-07-19,2018-09-13
XL-WS,NYSE,Stock,USD,2019-09-03,2021-02-26
XL-WS,NYSE,Stock,USD,2020-12-22,2020-12-22
XLNX,NASDAQ,Stock,USD,1990-06-18,2022-02-14
XLO,NASDAQ,Stock,USD,2021-10-22,2026-06-17
XLRN,NASDAQ,Stock,USD,2013-09-19,2021-11-22
XLS,NYSE,Stock,USD,2011-10-13,2015-05-29
XLYO,NASDAQ,Stock,USD,2024-04-17,2024-04-18
XM,NASDAQ,Stock,USD,2021-01-28,2023-06-28
XMAX,NASDAQ,Stock,USD,2011-10-17,2026-06-17
XMTR,NASDAQ,Stock,USD,2021-06-30,2026-06-17
XNCR,NASDAQ,Stock,USD,2013-12-03,2026-06-17
XNDU,NASDAQ,Stock,USD,2026-01-02,2026-06-17
XNET,NASDAQ,Stock,USD,2014-06-24,2026-06-17
XNPT,NASDAQ,Stock,USD,2005-06-01,2016-07-06
XNY,NYSE,Stock,USD,2010-11-23,2018-03-02
XOEF,NYSE,Stock,USD,2025-07-09,2026-06-17
XOG,NASDAQ,Stock,USD,2021-01-21,2021-11-24
XOM,NYSE,Stock,USD,1970-01-02,2026-06-17
XOMA,NASDAQ,Stock,USD,1989-04-05,2026-06-17
XOMAO,NASDAQ,Stock,USD,2021-04-12,2026-06-17
XOMAP,NASDAQ,Stock,USD,2020-12-16,2026-06-17
XONE,NASDAQ,Stock,USD,2013-02-07,2021-11-24
XOOM,NASDAQ,Stock,USD,2013-02-15,2015-11-11
XOS,NASDAQ,Stock,USD,2021-08-20,2026-06-17
XOSWW,NASDAQ,Stock,USD,2020-12-07,2026-06-17
XOXO,NYSE,Stock,USD,1999-12-02,2018-12-21
XP,NASDAQ,Stock,USD,2019-12-11,2026-06-17
XPDB,NASDAQ,Stock,USD,2022-02-01,2024-03-14
XPDBU,NASDAQ,Stock,USD,2021-12-10,2024-03-14
XPDBW,NASDAQ,Stock,USD,2022-01-31,2024-03-14
XPDIU,NASDAQ,Stock,USD,2021-02-10,2022-01-19
XPEL,NASDAQ,Stock,USD,2007-07-18,2026-06-17
XPER,NYSE,Stock,USD,2022-09-20,2026-06-17
XPER-W,NYSE,Stock,USD,2022-09-20,2022-09-30
XPEV,NYSE,Stock,USD,2020-08-27,2026-06-17
XPL,AMEX,Stock,USD,2006-09-06,2026-06-17
XPLR,NASDAQ,Stock,USD,2008-03-07,2018-08-13
XPO,NYSE,Stock,USD,2003-10-07,2026-06-17
XPO-W,NYSE,Stock,USD,2021-07-23,2022-10-31
XPOA,NYSE,Stock,USD,2020-12-11,2022-08-05
XPOA-U,NYSE,Stock,USD,2020-10-21,2022-08-05
XPOA-WS,NYSE,Stock,USD,2020-12-14,2022-08-05
XPOF,NYSE,Stock,USD,2021-07-23,2026-06-17
XPON,NASDAQ,Stock,USD,2022-04-01,2026-06-17
XPRO,NYSE,Stock,USD,2013-08-09,2026-06-17
XPVVV,NASDAQ,Stock,USD,2021-10-04,2026-06-17
XRA,NYSE,Stock,USD,2006-05-09,2017-08-03
XRAY,NASDAQ,Stock,USD,1991-04-25,2026-06-17
XRDC,NASDAQ,Stock,USD,2015-12-03,2017-08-28
XRM,NYSE,Stock,USD,2005-05-16,2018-12-14
XRN,NYSE,Stock,USD,2016-06-29,2026-06-17
XRN-P-A,NYSE,Stock,USD,2017-09-14,2026-06-17
XRN-P-B,NYSE,Stock,USD,2025-11-24,2026-06-17
XRP,NYSE,Stock,USD,2025-11-20,2026-06-17
XRPN,NASDAQ,Stock,USD,2025-06-24,2026-06-17
XRPNU,NASDAQ,Stock,USD,2025-05-21,2026-06-17
XRPNW,NASDAQ,Stock,USD,2025-06-24,2026-06-17
XRPZ,NYSE,Stock,USD,2025-11-24,2026-06-17
XRSC,NASDAQ,Stock,USD,1995-02-01,2014-10-31
XRTX,NASDAQ,Stock,USD,2006-12-28,2014-03-31
XRTX,NASDAQ,Stock,USD,2018-11-28,2026-06-17
XRX,NASDAQ,Stock,USD,1977-01-03,2026-06-17
XRX-W,NYSE,Stock,USD,2016-12-13,2016-12-30
XRXDW,NASDAQ,Stock,USD,2026-02-13,2026-06-17
XSLL,NASDAQ,Stock,USD,2026-03-18,2026-06-17
XSLLU,NASDAQ,Stock,USD,2026-01-29,2026-06-17
XSLLW,NASDAQ,Stock,USD,2026-03-18,2026-06-17
XSPL,NASDAQ,Stock,USD,2018-05-03,2018-09-12
XTIA,NASDAQ,Stock,USD,2024-03-12,2026-06-17
XTKG,NASDAQ,Stock,USD,2019-04-02,2026-06-17
XTLB,NASDAQ,Stock,USD,2005-09-01,2026-06-17
XTLY,NYSE,Stock,USD,2015-06-26,2017-08-17
XTNT,AMEX,Stock,USD,2015-10-19,2026-06-17
XUE,NYSE,Stock,USD,2010-11-01,2016-06-13
XV,NYSE,Stock,USD,2025-04-15,2026-06-17
XWEL,NASDAQ,Stock,USD,2018-01-05,2026-06-17
XWES,NASDAQ,Stock,USD,2008-01-30,2015-01-05
XXI,NYSE,Stock,USD,2025-12-08,2026-06-17
XXIA,NASDAQ,Stock,USD,2000-10-24,2017-04-19
XXII,NASDAQ,Stock,USD,2011-01-26,2026-06-17
XYF,NYSE,Stock,USD,2018-09-19,2026-06-17
XYL,NYSE,Stock,USD,2011-10-13,2026-06-17
XYLO,NASDAQ,Stock,USD,2015-08-05,2025-08-22
XYN,NASDAQ,Stock,USD,2017-07-18,2019-07-16
XYZ,NYSE,Stock,USD,2015-11-19,2026-06-17
XZO,NYSE,Stock,USD,2025-11-05,2026-06-17
Y,NYSE,Stock,USD,1980-03-05,2022-10-28
YAAS,NASDAQ,Stock,USD,2024-12-20,2026-06-17
YAC-U,NYSE,Stock,USD,2020-08-04,2021-12-14
YALA,NYSE,Stock,USD,2020-09-30,2026-06-17
YB,NASDAQ,Stock,USD,2025-04-30,2026-06-17
YCB,NASDAQ,Stock,USD,2016-01-04,2016-09-19
YCBD,AMEX,Stock,USD,2019-04-29,2026-06-17
YCY,NYSE,Stock,USD,2025-10-29,2026-06-17
YCY-U,NYSE,Stock,USD,2025-10-01,2026-06-17
YCY-WS,NYSE,Stock,USD,2025-10-29,2026-06-17
YDDL,NASDAQ,Stock,USD,2025-10-09,2026-06-17
YDES,NASDAQ,Stock,USD,2025-08-18,2026-06-17
YDESW,NASDAQ,Stock,USD,2025-08-29,2026-06-17
YDKG,NASDAQ,Stock,USD,2025-09-18,2026-06-17
YDKN,NASDAQ,Stock,USD,2016-01-04,2017-03-20
YDLE,NASDAQ,Stock,USD,2014-10-03,2015-11-19
YDNT,NASDAQ,Stock,USD,2006-12-28,2013-02-12
YECO,NASDAQ,Stock,USD,2015-06-26,2018-12-13
YELP,NYSE,Stock,USD,2012-03-02,2026-06-17
YERR,NASDAQ,Stock,USD,2016-01-04,2018-02-13
YETI,NYSE,Stock,USD,2018-10-25,2026-06-17
YEXT,NYSE,Stock,USD,2017-04-13,2026-06-17
YGE,NYSE,Stock,USD,2007-06-08,2018-06-29
YGF,NASDAQ,Stock,USD,2023-03-28,2024-03-25
YHC,NASDAQ,Stock,USD,2023-08-10,2026-06-17
YHGJ,NASDAQ,Stock,USD,2003-05-29,2026-06-17
YHNA,NASDAQ,Stock,USD,2024-11-08,2026-06-17
YHNAR,NASDAQ,Stock,USD,2024-11-08,2026-06-17
YHNAU,NASDAQ,Stock,USD,2024-09-18,2026-06-17
YHOO,NASDAQ,Stock,USD,1996-04-12,2017-06-26
YI,NASDAQ,Stock,USD,2018-09-12,2026-06-17
YIBO,NASDAQ,Stock,USD,2024-01-25,2026-06-17
YICCU,NASDAQ,Stock,USD,2026-06-16,2026-06-17
YIN,NASDAQ,Stock,USD,2016-04-27,2020-11-18
YJ,NASDAQ,Stock,USD,2019-05-03,2026-06-17
YMAB,NASDAQ,Stock,USD,2018-09-21,2025-09-16
YMAT,NASDAQ,Stock,USD,2025-12-11,2026-06-17
YMAT,NASDAQ,Stock,USD,2025-07-30,2025-12-10
YMM,NYSE,Stock,USD,2021-06-22,2026-06-17
YMT,NASDAQ,Stock,USD,2025-08-19,2026-06-17
YOKU,NYSE,Stock,USD,2016-01-04,2016-04-13
YONG,NASDAQ,Stock,USD,2009-09-03,2014-07-03
YOOV,NASDAQ,Stock,USD,2025-04-21,2026-06-17
YORW,NASDAQ,Stock,USD,1999-05-03,2026-06-17
YOU,NYSE,Stock,USD,2021-06-30,2026-06-17
YOUL,NASDAQ,Stock,USD,2025-07-10,2026-06-17
YPF,NYSE,Stock,USD,1993-06-29,2026-06-17
YQ,NASDAQ,Stock,USD,2020-12-04,2026-06-17
YRD,NYSE,Stock,USD,2015-12-18,2026-06-17
YSAC-U,NYSE,Stock,USD,2022-01-04,2022-01-25
YSACU,NYSE,Stock,USD,2020-10-22,2022-01-04
YSG,NYSE,Stock,USD,2020-11-19,2026-06-17
YSS,NYSE,Stock,USD,2026-01-29,2026-06-17
YSWY,NASDAQ,Stock,USD,2026-04-22,2026-06-17
YSXT,NASDAQ,Stock,USD,2024-12-18,2026-06-17
YTPG,NYSE,Stock,USD,2021-04-14,2023-04-14
YTRA,NASDAQ,Stock,USD,2016-12-19,2026-06-17
YUM,NYSE,Stock,USD,1997-09-17,2026-06-17
YUM-W,NYSE,Stock,USD,2016-10-17,2016-10-28
YUMA,NYSE,Stock,USD,1997-01-02,2020-04-16
YUMC,NYSE,Stock,USD,2016-10-17,2026-06-17
YUME,NYSE,Stock,USD,2013-08-07,2018-02-02
YXT,NASDAQ,Stock,USD,2024-08-16,2026-06-17
YYAI,NASDAQ,Stock,USD,2019-05-24,2026-06-17
YYGH,NASDAQ,Stock,USD,2024-04-22,2026-06-17
YYYM,NYSE,Stock,USD,2026-03-10,2026-06-17
YZC,NYSE,Stock,USD,1998-04-01,2017-07-10
Z,NASDAQ,Stock,USD,2015-08-03,2026-06-17
ZAGG,NASDAQ,Stock,USD,2007-09-04,2021-02-22
ZAIS,NASDAQ,Stock,USD,2013-03-22,2018-05-18
ZAVVV,NASDAQ,Stock,USD,2015-08-03,2015-08-14
ZAYO,NYSE,Stock,USD,2014-10-17,2020-03-11
ZAZZT,NASDAQ,Stock,USD,2016-08-30,2026-06-17
ZB-P-F,NYSE,Stock,USD,2014-09-22,2017-04-27
ZB-P-F-CL,NYSE,Stock,USD,2017-04-28,2017-06-14
ZBAI,NASDAQ,Stock,USD,2024-12-17,2026-05-15
ZBAO,NASDAQ,Stock,USD,2024-04-02,2026-06-17
ZBB,AMEX,Stock,USD,2007-06-18,2015-08-14
ZBH,NYSE,Stock,USD,2001-07-25,2026-06-17
ZBIO,NASDAQ,Stock,USD,2024-09-13,2026-06-17
ZBRA,NASDAQ,Stock,USD,1991-08-15,2026-06-17
ZBZZT,NASDAQ,Stock,USD,2016-08-31,2026-06-17
ZCMD,NASDAQ,Stock,USD,2020-02-24,2026-06-17
ZCZZT,NASDAQ,Stock,USD,2016-08-26,2026-06-17
ZD,NASDAQ,Stock,USD,1999-07-23,2026-06-17
ZDAI,NASDAQ,Stock,USD,2024-07-23,2026-06-17
ZDGE,AMEX,Stock,USD,2016-05-26,2026-06-17
ZDVSV,NASDAQ,Stock,USD,2021-10-01,2021-10-07
ZEAL,NASDAQ,Stock,USD,2017-08-09,2022-10-07
ZEN,NYSE,Stock,USD,2014-05-15,2022-11-21
ZENA,NASDAQ,Stock,USD,2024-10-01,2026-06-17
ZEO,NASDAQ,Stock,USD,2021-12-16,2026-06-17
ZEOWW,NASDAQ,Stock,USD,2021-12-13,2026-06-17
ZEP,NYSE,Stock,USD,2007-11-01,2015-07-06
ZEPP,NYSE,Stock,USD,2018-02-08,2026-06-17
ZETA,NYSE,Stock,USD,2021-06-10,2026-06-17
ZEUS,NASDAQ,Stock,USD,1994-03-10,2026-06-17
ZEV-WS,NYSE,Stock,USD,2021-05-07,2023-09-18
ZFOX,NASDAQ,Stock,USD,2021-01-07,2024-05-13
ZFOXW,NASDAQ,Stock,USD,2021-01-07,2024-05-13
ZG,NASDAQ,Stock,USD,2011-07-20,2026-06-17
ZGM,NASDAQ,Stock,USD,2025-09-09,2026-04-13
ZGN,NYSE,Stock,USD,2021-12-20,2026-06-17
ZGN-WS,NYSE,Stock,USD,2021-12-20,2023-02-22
ZGNX,NASDAQ,Stock,USD,2010-11-23,2022-03-15
ZGYH,NASDAQ,Stock,USD,2020-04-20,2021-11-19
ZGYHR,NASDAQ,Stock,USD,2020-05-13,2021-11-19
ZGYHU,NASDAQ,Stock,USD,2020-02-13,2021-11-19
ZGYHW,NASDAQ,Stock,USD,2020-05-13,2021-11-19
ZH,NYSE,Stock,USD,2021-03-26,2026-06-17
ZIGO,NASDAQ,Stock,USD,1992-03-03,2014-06-20
ZIM,NYSE,Stock,USD,2021-01-28,2026-06-17
ZIMV,NASDAQ,Stock,USD,2022-03-01,2026-06-17
ZIMVV,NASDAQ,Stock,USD,2022-02-16,2022-02-28
ZINC,NASDAQ,Stock,USD,2026-06-02,2026-06-17
ZING,NASDAQ,Stock,USD,2022-01-12,2023-08-31
ZINGU,NASDAQ,Stock,USD,2021-11-19,2023-08-22
ZINGW,NASDAQ,Stock,USD,2022-01-10,2023-08-22
ZION,NASDAQ,Stock,USD,1990-03-26,2026-06-17
ZIONL,NASDAQ,Stock,USD,2013-09-19,2026-06-17
ZIONN,NASDAQ,Stock,USD,2014-09-22,2021-06-11
ZIONO,NASDAQ,Stock,USD,2014-09-22,2026-06-17
ZIONP,NASDAQ,Stock,USD,2014-09-22,2026-06-17
ZIONW,NASDAQ,Stock,USD,2010-05-20,2020-05-22
ZIONZ,NASDAQ,Stock,USD,2014-09-26,2018-11-14
ZIP,NYSE,Stock,USD,2021-05-26,2026-06-17
ZIXI,NASDAQ,Stock,USD,1989-11-10,2021-12-23
ZJK,NASDAQ,Stock,USD,2024-09-30,2026-06-17
ZJYL,NASDAQ,Stock,USD,2023-03-28,2026-06-17
ZJZZT,NASDAQ,Stock,USD,2014-09-24,2026-06-17
ZK,NYSE,Stock,USD,2024-05-10,2026-06-17
ZKH,NYSE,Stock,USD,2023-12-15,2026-06-17
ZKIN,NASDAQ,Stock,USD,2017-09-01,2026-06-17
ZKP,NASDAQ,Stock,USD,2026-02-04,2026-06-17
ZKPU,NASDAQ,Stock,USD,2026-01-09,2026-06-17
ZKPW,NASDAQ,Stock,USD,2026-02-04,2026-06-17
ZLAB,NASDAQ,Stock,USD,2017-09-20,2026-06-17
ZLC,NYSE,Stock,USD,1993-08-09,2014-05-30
ZLTQ,NASDAQ,Stock,USD,2011-10-19,2017-05-01
ZM,NASDAQ,Stock,USD,2019-04-18,2026-06-17
ZMH,NYSE,Stock,USD,2001-07-25,2015-06-26
ZNB,NASDAQ,Stock,USD,2008-09-11,2026-06-17
ZNGA,NASDAQ,Stock,USD,2011-12-16,2022-09-08
ZNH,NYSE,Stock,USD,1997-07-30,2023-03-06
ZNTEU,NASDAQ,Stock,USD,2020-11-16,2022-05-09
ZNTL,NASDAQ,Stock,USD,2020-04-03,2026-06-17
ZOES,NYSE,Stock,USD,2014-04-11,2018-11-21
ZONE,AMEX,Stock,USD,2024-04-26,2026-06-17
ZOOZ,NASDAQ,Stock,USD,2024-04-05,2026-06-17
ZOOZW,NASDAQ,Stock,USD,2024-04-05,2026-06-17
ZPIN,NYSE,Stock,USD,2014-06-12,2017-10-02
ZQK,NYSE,Stock,USD,1990-03-26,2015-09-09
ZS,NASDAQ,Stock,USD,2018-03-16,2026-06-17
ZSPH,NASDAQ,Stock,USD,2014-06-18,2015-12-16
ZSQR,NASDAQ,Stock,USD,2020-12-17,2026-06-17
ZSTK,NASDAQ,Stock,USD,2021-05-11,2026-06-17
ZT,NASDAQ,Stock,USD,2021-08-17,2023-06-15
ZTAQU,NASDAQ,Stock,USD,2021-06-16,2023-06-15
ZTAQW,NASDAQ,Stock,USD,2021-08-17,2023-06-15
ZTEK,NASDAQ,Stock,USD,2016-01-04,2026-06-17
ZTG,NASDAQ,Stock,USD,2026-04-14,2026-06-17
ZTO,NYSE,Stock,USD,2016-10-27,2026-06-17
ZTS,NYSE,Stock,USD,2013-02-01,2026-06-17
ZU,NASDAQ,Stock,USD,2013-11-15,2015-09-30
ZUMZ,NASDAQ,Stock,USD,2005-05-06,2026-06-17
ZUO,NYSE,Stock,USD,2018-04-11,2025-02-14
ZURA,NASDAQ,Stock,USD,2021-09-03,2026-06-17
ZURAW,NASDAQ,Stock,USD,2021-09-03,2026-06-17
ZVIA,NYSE,Stock,USD,2021-07-22,2026-06-17
ZVRA,NASDAQ,Stock,USD,2015-04-16,2026-06-17
ZVSAW,NASDAQ,Stock,USD,2022-02-11,2022-12-20
ZVV,NYSE,Stock,USD,2017-10-11,2026-06-17
ZVZZC,NASDAQ,Stock,USD,2016-01-29,2022-10-28
ZVZZT,NASDAQ,Stock,USD,2017-09-22,2026-06-17
ZWRK,NASDAQ,Stock,USD,2021-04-05,2022-12-08
ZWRKU,NASDAQ,Stock,USD,2021-01-29,2022-12-08
ZWRKW,NASDAQ,Stock,USD,2021-03-24,2022-12-08
ZWS,NYSE,Stock,USD,2012-03-29,2026-06-17
ZWZZT,NASDAQ,Stock,USD,2017-09-22,2026-06-17
ZX,NYSE,Stock,USD,2011-05-16,2018-06-14
ZXYZ-A,NASDAQ,Stock,USD,2016-01-19,2026-06-17
ZXZZT,NASDAQ,Stock,USD,2006-07-10,2026-06-17
ZY,NASDAQ,Stock,USD,2021-04-22,2022-11-02
ZYBT,NASDAQ,Stock,USD,2025-01-07,2026-06-17
ZYME,NASDAQ,Stock,USD,2017-04-28,2026-06-17
ZYNE,NASDAQ,Stock,USD,2015-08-05,2023-10-11
ZZK,NYSE,Stock,USD,2020-07-22,2026-06-17
